feature,coefficient,abs_coefficient
cnv_depth__IBNLCO_04534__Dibenzothiophene__CDS__promoter,0.020105941260163396,0.020105941260163396
cnv_depth__IBNLCO_02342__Ubiquinone__CDS__promoter,0.019583704786282442,0.019583704786282442
cnv_depth__IBNLCO_00951__CHASE2__CDS__promoter,0.01865893650643885,0.01865893650643885
cnv_depth__IBNLCO_05031__IBNLCO_05031__gene__promoter,0.017969799211123176,0.017969799211123176
cnv_depth__IBNLCO_01548__IBNLCO_01548__gene__promoter,0.017487901236861496,0.017487901236861496
cnv_depth__IBNLCO_00829__msrA__gene__promoter,0.0164753901228193,0.0164753901228193
cnv_depth__IBNLCO_02855__secF__gene__promoter,0.016419854295868393,0.016419854295868393
cnv_depth__IBNLCO_04459__IBNLCO_04459__gene__promoter,0.016106946803886045,0.016106946803886045
cnv_depth__IBNLCO_05067__Toxin__CDS__promoter,0.016086090232062072,0.016086090232062072
cnv_depth__IBNLCO_00792__bpeB__gene__promoter,0.015707454468771646,0.015707454468771646
cnv_depth__IBNLCO_03094__Protein__CDS__promoter,0.015652088571260908,0.015652088571260908
cnv_depth__IBNLCO_04313__uvrY__gene__promoter,0.015542571147230627,0.015542571147230627
cnv_depth__IBNLCO_02043__IBNLCO_02043__gene,0.015446169766467127,0.015446169766467127
cnv_depth__IBNLCO_05109__hrpB4__gene__promoter,0.015381748523820597,0.015381748523820597
cnv_depth__IBNLCO_05777__Ferredoxin--NAD(+)__CDS__promoter,0.015355463340958142,0.015355463340958142
cnv_depth__IBNLCO_05735__IBNLCO_05735__gene__promoter,0.015182794735543629,0.015182794735543629
cnv_depth__IBNLCO_04115__IBNLCO_04115__gene__promoter,0.015097238848667652,0.015097238848667652
cnv_depth__IBNLCO_02368__IBNLCO_02368__gene__promoter,0.015093711629755547,0.015093711629755547
cnv_depth__IBNLCO_04919__gnl|Bakta|IBNLCO_04919__CDS__promoter,0.015008153138606367,0.015008153138606367
cnv_depth__IBNLCO_01306__araC__gene__promoter,0.014918044643943685,0.014918044643943685
cnv_depth__IBNLCO_00981__HTH__CDS__promoter,-0.014800608489004118,0.014800608489004118
cnv_depth__IBNLCO_01305__attH__gene__promoter,0.014797059644871473,0.014797059644871473
cnv_depth__IBNLCO_02295__IBNLCO_02295__gene__promoter,0.014617281199122322,0.014617281199122322
cnv_depth__IBNLCO_04276__Diguanylate__CDS__promoter,0.014520363746112382,0.014520363746112382
cnv_depth__IBNLCO_04701__hypothetical__CDS,0.014516542773470973,0.014516542773470973
cnv_depth__IBNLCO_02529__xdhC__gene__promoter,0.014463199334784144,0.014463199334784144
cnv_depth__IBNLCO_00982__IBNLCO_00982__gene__promoter,-0.014294310694513106,0.014294310694513106
cnv_depth__IBNLCO_02421__IBNLCO_02421__gene,0.014276872766996653,0.014276872766996653
cnv_depth__IBNLCO_05684__IBNLCO_05684__gene__promoter,0.014265774111433514,0.014265774111433514
cnv_depth__IBNLCO_00235__response__CDS__promoter,0.014238563219467839,0.014238563219467839
cnv_depth__IBNLCO_04141__2Fe-2S__CDS__promoter,0.014225411995222374,0.014225411995222374
cnv_depth__IBNLCO_04685__Transmembrane__CDS__promoter,0.014149317679232675,0.014149317679232675
cnv_depth__unknown__unknown__regulatory.1,-0.014089235159670808,0.014089235159670808
cnv_depth__IBNLCO_03941__3-oxoacyl-ACP__CDS__promoter,0.01404643641788874,0.01404643641788874
cnv_depth__IBNLCO_02800__Phosphoribosylformylglycinamidine__CDS__promoter,0.014031478637331125,0.014031478637331125
cnv_depth__IBNLCO_03688__Glycine__CDS__promoter,0.014028476053530784,0.014028476053530784
cnv_depth__IBNLCO_03586__IBNLCO_03586__gene,0.013961625220466444,0.013961625220466444
cnv_depth__IBNLCO_05703__DUF3175__CDS__promoter,0.013957993042674454,0.013957993042674454
cnv_depth__IBNLCO_03896__IBNLCO_03896__gene__promoter,0.013951524453299223,0.013951524453299223
cnv_depth__IBNLCO_00892__IBNLCO_00892__gene__promoter,0.013882056254759459,0.013882056254759459
cnv_depth__IBNLCO_05694__hypothetical__CDS__promoter,0.013838473039686557,0.013838473039686557
cnv_depth__IBNLCO_02977__Glycine__CDS,0.01379397730138563,0.01379397730138563
cnv_depth__IBNLCO_01328__IBNLCO_01328__gene__promoter,0.013779830141016289,0.013779830141016289
cnv_depth__IBNLCO_05702__IBNLCO_05702__gene,0.013658852806561744,0.013658852806561744
cnv_depth__IBNLCO_01157__trnL__gene__promoter,0.0136562109935906,0.0136562109935906
cnv_depth__IBNLCO_03265__IBNLCO_03265__gene__promoter,0.013593605029615848,0.013593605029615848
cnv_depth__IBNLCO_05752__hypothetical__CDS__promoter,-0.013577970682066213,0.013577970682066213
cnv_depth__IBNLCO_00176__Peptidoglycan__CDS__promoter,0.013546193365431104,0.013546193365431104
cnv_depth__IBNLCO_04857__IBNLCO_04857__gene__promoter,0.013514011369749172,0.013514011369749172
cnv_depth__IBNLCO_04505__SDR__CDS__promoter,-0.013498872051855347,0.013498872051855347
cnv_depth__IBNLCO_02269__IBNLCO_02269__gene,0.013493151430155333,0.013493151430155333
cnv_depth__IBNLCO_04942__Tat__CDS__promoter,0.013483944352771107,0.013483944352771107
cnv_depth__IBNLCO_01448__Sulfurtransferase__CDS__promoter,0.013384792630670533,0.013384792630670533
cnv_depth__IBNLCO_04148__hypothetical__CDS__promoter,0.013376114694608397,0.013376114694608397
cnv_depth__IBNLCO_00491__IBNLCO_00491__gene,0.013342303693853214,0.013342303693853214
cnv_depth__IBNLCO_03923__IBNLCO_03923__gene__promoter,0.01328716032982631,0.01328716032982631
cnv_depth__IBNLCO_02607__IBNLCO_02607__gene__promoter,-0.01327681280699541,0.01327681280699541
cnv_depth__IBNLCO_03897__DSBA__CDS,0.0132427117004932,0.0132427117004932
cnv_depth__IBNLCO_05066__hipB__gene,0.013201774302441797,0.013201774302441797
cnv_depth__IBNLCO_02542__Thioredoxin__CDS__promoter,-0.01319402770719776,0.01319402770719776
cnv_depth__IBNLCO_03666__IBNLCO_03666__gene__promoter,0.013180837612567933,0.013180837612567933
cnv_depth__IBNLCO_01121__IBNLCO_01121__gene__promoter,0.013159571314287603,0.013159571314287603
cnv_depth__IBNLCO_04352__DUF3156__CDS,0.013108813484087559,0.013108813484087559
cnv_depth__IBNLCO_05127__HTH__CDS__promoter,-0.013108021880134907,0.013108021880134907
cnv_depth__IBNLCO_01929__IBNLCO_01929__gene__promoter,-0.013052915599983719,0.013052915599983719
cnv_depth__IBNLCO_04115__hypothetical__CDS,0.013023651093803329,0.013023651093803329
cnv_depth__IBNLCO_03842__IBNLCO_03842__gene__promoter,0.012909507257756544,0.012909507257756544
cnv_depth__IBNLCO_04517__IBNLCO_04517__gene__promoter,0.012897878196555261,0.012897878196555261
cnv_depth__IBNLCO_00312__IBNLCO_00312__gene__promoter,0.012794209159141085,0.012794209159141085
cnv_depth__IBNLCO_04184__yraA__gene__promoter,0.012776765170741953,0.012776765170741953
cnv_depth__IBNLCO_05592__IBNLCO_05592__gene,0.012770453241119589,0.012770453241119589
cnv_depth__IBNLCO_01019__hypothetical__CDS,-0.012748845816551885,0.012748845816551885
cnv_depth__IBNLCO_05753__IBNLCO_05753__gene,-0.012700579024609937,0.012700579024609937
cnv_depth__IBNLCO_04765__hypothetical__CDS__promoter,0.012636155257297117,0.012636155257297117
cnv_depth__IBNLCO_05717__mipA__gene__promoter,0.012630201086680806,0.012630201086680806
cnv_depth__IBNLCO_03071__IBNLCO_03071__gene,0.012535305094978666,0.012535305094978666
cnv_depth__IBNLCO_01963__IBNLCO_01963__gene__promoter,0.012523754817753282,0.012523754817753282
cnv_depth__IBNLCO_05223__IBNLCO_05223__gene__promoter,-0.0124336719711852,0.0124336719711852
cnv_depth__IBNLCO_04748__gnl|Bakta|IBNLCO_04748__CDS__promoter,-0.012395814543420652,0.012395814543420652
cnv_depth__IBNLCO_01112__IBNLCO_01112__gene__promoter,0.012341593971103343,0.012341593971103343
cnv_depth__IBNLCO_04463__mntH__gene__promoter,0.012303304222420522,0.012303304222420522
cnv_depth__IBNLCO_04222__IBNLCO_04222__gene__promoter,-0.0122854802968038,0.0122854802968038
cnv_depth__IBNLCO_04404__UspA__CDS__promoter,0.012265146030292046,0.012265146030292046
cnv_depth__IBNLCO_05826__IBNLCO_05826__gene__promoter,0.012263645204619977,0.012263645204619977
cnv_depth__IBNLCO_05736__IBNLCO_05736__gene__promoter,0.012186940591112926,0.012186940591112926
cnv_depth__IBNLCO_02801__dnaA__gene__promoter,0.012137641877947272,0.012137641877947272
cnv_depth__IBNLCO_02736__IBNLCO_02736__gene,-0.012132200424674453,0.012132200424674453
cnv_depth__IBNLCO_00394__IBNLCO_00394__gene__promoter,0.012024393590215192,0.012024393590215192
cnv_depth__IBNLCO_01079__tRNA__CDS__promoter,0.011995545138348652,0.011995545138348652
cnv_depth__IBNLCO_04972__N-acetylmuramoyl-L-alanine__CDS__promoter,-0.011966603054702582,0.011966603054702582
cnv_depth__IBNLCO_03791__N-acetylneuraminate__CDS__promoter,-0.011961301875484708,0.011961301875484708
cnv_depth__IBNLCO_02883__Holliday__CDS__promoter,-0.011847063056461165,0.011847063056461165
cnv_depth__IBNLCO_02233__IBNLCO_02233__gene__promoter,-0.01183556867747764,0.01183556867747764
cnv_depth__IBNLCO_04148__hypothetical__CDS,0.011832428742100652,0.011832428742100652
cnv_depth__IBNLCO_03072__Glutamyl-tRNA__CDS__promoter,0.011814395418491205,0.011814395418491205
cnv_depth__IBNLCO_02914__IBNLCO_02914__gene__promoter,0.011814348162187679,0.011814348162187679
cnv_depth__IBNLCO_00673__3-phosphoshikimate__CDS__promoter,-0.011802269728936906,0.011802269728936906
cnv_depth__IBNLCO_02668__Bis(5'-nucleosyl)-tetraphosphatase%2C__CDS,-0.011795389623486965,0.011795389623486965
cnv_depth__IBNLCO_04081__IBNLCO_04081__gene__promoter,0.011765345607536854,0.011765345607536854
cnv_depth__IBNLCO_04962__hypothetical__CDS,0.011719455382317072,0.011719455382317072
cnv_depth__IBNLCO_05088__phoB__gene__promoter,0.01171297067275472,0.01171297067275472
cnv_depth__IBNLCO_00883__Integral__CDS__promoter,0.011691164681843504,0.011691164681843504
cnv_depth__IBNLCO_04983__Type__CDS__promoter,-0.011648784108505124,0.011648784108505124
cnv_depth__IBNLCO_03751__nodT__gene__promoter,0.01164182293773291,0.01164182293773291
cnv_depth__IBNLCO_02692__IBNLCO_02692__gene,-0.011628576263917147,0.011628576263917147
cnv_depth__IBNLCO_05782__IBNLCO_05782__gene__promoter,0.011614398291477585,0.011614398291477585
cnv_depth__IBNLCO_02433__hypothetical__CDS__promoter,0.011585538802240588,0.011585538802240588
cnv_depth__IBNLCO_05751__Glycosyltransferase__CDS__promoter,-0.011569984831746104,0.011569984831746104
cnv_depth__IBNLCO_02150__ACB__CDS,0.011565036764933496,0.011565036764933496
cnv_depth__IBNLCO_05256__IBNLCO_05256__gene__promoter,-0.01153346226698507,0.01153346226698507
cnv_depth__IBNLCO_02571__hypothetical__CDS,-0.01150306198380912,0.01150306198380912
cnv_depth__IBNLCO_00828__Flavin__CDS__promoter,0.01150070275282849,0.01150070275282849
cnv_depth__IBNLCO_04703__IBNLCO_04703__gene__promoter,-0.011481106096814594,0.011481106096814594
cnv_depth__IBNLCO_01000__Solute-binding__CDS,-0.01143867518317358,0.01143867518317358
cnv_depth__IBNLCO_03792__4-hydroxyproline__CDS__promoter,-0.011422315210751988,0.011422315210751988
cnv_depth__IBNLCO_02171__yejB__gene__promoter,0.01142222883544185,0.01142222883544185
cnv_depth__IBNLCO_02632__Urea__CDS__promoter,0.011420999206589347,0.011420999206589347
cnv_depth__IBNLCO_03730__IBNLCO_03730__gene__promoter,-0.011411090516822734,0.011411090516822734
cnv_depth__IBNLCO_04565__Bifunctional__CDS__promoter,0.011393210924212346,0.011393210924212346
cnv_depth__IBNLCO_04026__3-dehydrocarnitine:acetyl-CoA__CDS__promoter,-0.011365822386614769,0.011365822386614769
cnv_depth__IBNLCO_05683__IBNLCO_05683__gene,0.011365687995912045,0.011365687995912045
cnv_depth__IBNLCO_03675__IBNLCO_03675__gene__promoter,0.011356090777578591,0.011356090777578591
cnv_depth__IBNLCO_04358__HTH__CDS,0.011337514889653986,0.011337514889653986
cnv_depth__IBNLCO_05682__SAF__CDS__promoter,0.011249944130324855,0.011249944130324855
cnv_depth__IBNLCO_04305__DUF4148__CDS__promoter,0.011240578306471651,0.011240578306471651
cnv_depth__IBNLCO_02590__Glucose-6-phosphate__CDS,-0.01118350005420507,0.01118350005420507
cnv_depth__IBNLCO_04222__IBNLCO_04222__gene,-0.01118191351243526,0.01118191351243526
cnv_depth__IBNLCO_04306__hypothetical__CDS,0.011134690066468141,0.011134690066468141
cnv_depth__IBNLCO_02126__Bifunctional__CDS__promoter,0.011130492393696597,0.011130492393696597
cnv_depth__IBNLCO_05363__Glycine__CDS,-0.011104790346577085,0.011104790346577085
cnv_depth__IBNLCO_04219__IBNLCO_04219__gene__promoter,-0.011104391473598055,0.011104391473598055
cnv_depth__IBNLCO_05758__IBNLCO_05758__gene__promoter,-0.011094110589187602,0.011094110589187602
cnv_depth__IBNLCO_04004__Formaldehyde__CDS__promoter,-0.011088694754690612,0.011088694754690612
cnv_depth__IBNLCO_05168__IBNLCO_05168__gene__promoter,0.011038006533981484,0.011038006533981484
cnv_depth__IBNLCO_02650__IBNLCO_02650__gene__promoter,-0.011019024411771263,0.011019024411771263
cnv_depth__IBNLCO_04948__IBNLCO_04948__gene__promoter,-0.010992890536259691,0.010992890536259691
cnv_depth__IBNLCO_02474__Cobalamin__CDS,0.010971911567736917,0.010971911567736917
cnv_depth__IBNLCO_02888__D-aminoacyl-tRNA__CDS__promoter,0.010933082542124332,0.010933082542124332
cnv_depth__IBNLCO_01312__CRM__CDS,0.010925708653374097,0.010925708653374097
cnv_depth__IBNLCO_02698__IBNLCO_02698__gene__promoter,0.010905500324434872,0.010905500324434872
cnv_depth__IBNLCO_00681__deoR__gene__promoter,-0.010874921869461795,0.010874921869461795
cnv_depth__IBNLCO_00786__IBNLCO_00786__gene,-0.010861563050158807,0.010861563050158807
cnv_depth__IBNLCO_03856__DNA__CDS,0.010859925730296273,0.010859925730296273
cnv_depth__IBNLCO_02584__IBNLCO_02584__gene,0.010859292273246968,0.010859292273246968
cnv_depth__IBNLCO_02173__Enoyl-[acyl-carrier-protein]__CDS__promoter,0.010840997064182156,0.010840997064182156
cnv_depth__IBNLCO_03970__Fe2OG__CDS__promoter,-0.010834363758243181,0.010834363758243181
cnv_depth__IBNLCO_00946__IBNLCO_00946__gene__promoter,0.01080232306749593,0.01080232306749593
cnv_depth__IBNLCO_00945__TonB-dependent__CDS__promoter,-0.01076042152293855,0.01076042152293855
cnv_depth__IBNLCO_05164__gnl|Bakta|IBNLCO_05164__CDS,0.010749145387094285,0.010749145387094285
cnv_depth__IBNLCO_02201__IBNLCO_02201__gene__promoter,0.010701672020947567,0.010701672020947567
cnv_depth__IBNLCO_03663__LysR__CDS__promoter,0.01066718335006755,0.01066718335006755
cnv_depth__IBNLCO_02915__MFS__CDS__promoter,0.01064870444097457,0.01064870444097457
cnv_depth__IBNLCO_05128__High-copy__CDS__promoter,-0.01063935554755086,0.01063935554755086
cnv_depth__IBNLCO_02614__IBNLCO_02614__gene__promoter,0.010636474530853089,0.010636474530853089
cnv_depth__IBNLCO_03355__Fusaric__CDS__promoter,0.010632661929981413,0.010632661929981413
cnv_depth__IBNLCO_02604__3%2C4-dihydroxy-2-butanone__CDS,-0.010601287102532218,0.010601287102532218
cnv_depth__IBNLCO_00236__IBNLCO_00236__gene,0.010590763513157013,0.010590763513157013
cnv_depth__IBNLCO_05064__IBNLCO_05064__gene__promoter,0.010547003888034274,0.010547003888034274
cnv_depth__IBNLCO_04197__Methyl-accepting__CDS__promoter,0.010544675505060757,0.010544675505060757
cnv_depth__IBNLCO_01694__IBNLCO_01694__gene,0.010539140757725787,0.010539140757725787
cnv_depth__IBNLCO_00838__tRNA__CDS__promoter,-0.010538634794851199,0.010538634794851199
cnv_depth__IBNLCO_04107__IBNLCO_04107__gene__promoter,0.010531840492569278,0.010531840492569278
cnv_depth__IBNLCO_04666__Beta-lactamase__CDS__promoter,-0.010508637493160578,0.010508637493160578
cnv_depth__IBNLCO_04088__IBNLCO_04088__gene__promoter,0.010504211828158852,0.010504211828158852
cnv_depth__IBNLCO_05426__IBNLCO_05426__gene__promoter,0.010494734161954185,0.010494734161954185
cnv_depth__IBNLCO_01899__IBNLCO_01899__gene__promoter,-0.010491618254349702,0.010491618254349702
cnv_depth__IBNLCO_05056__Cellulose__CDS__promoter,-0.010486993413366596,0.010486993413366596
cnv_depth__IBNLCO_02377__hpnL__gene__promoter,0.01047070195118626,0.01047070195118626
cnv_depth__IBNLCO_00320__IBNLCO_00320__gene,-0.010452495449046686,0.010452495449046686
cnv_depth__IBNLCO_04106__MurR/RpiR__CDS,-0.01043166625356039,0.01043166625356039
cnv_depth__IBNLCO_04143__IBNLCO_04143__gene__promoter,-0.01041142238382456,0.01041142238382456
cnv_depth__IBNLCO_01297__proP__gene__promoter,-0.010402446425400376,0.010402446425400376
cnv_depth__IBNLCO_05352__Phosphoglycerate__CDS,0.01039399890650728,0.01039399890650728
cnv_depth__IBNLCO_04097__hypothetical__CDS,-0.01038012835640359,0.01038012835640359
cnv_depth__IBNLCO_04237__gerE__gene__promoter,-0.010361952574214512,0.010361952574214512
cnv_depth__IBNLCO_04316__Universal__CDS__promoter,0.010359119869413748,0.010359119869413748
cnv_depth__IBNLCO_00328__IBNLCO_00328__gene,-0.010326099272627412,0.010326099272627412
cnv_depth__IBNLCO_05234__Enterobactin__CDS__promoter,-0.010309073834888407,0.010309073834888407
cnv_depth__IBNLCO_05125__LysR-family__CDS__promoter,0.010244072323231568,0.010244072323231568
cnv_depth__IBNLCO_00332__eamA__gene,-0.010223128394998305,0.010223128394998305
cnv_depth__IBNLCO_05626__IBNLCO_05626__gene__promoter,0.010222081121340033,0.010222081121340033
cnv_depth__IBNLCO_00406__VanZ__CDS__promoter,0.01022043419920273,0.01022043419920273
cnv_depth__IBNLCO_03095__hypothetical__CDS,0.010194652740409644,0.010194652740409644
cnv_depth__IBNLCO_04850__secD__gene__promoter,-0.010172065356032725,0.010172065356032725
cnv_depth__IBNLCO_02396__IBNLCO_02396__gene__promoter,-0.010164404088947806,0.010164404088947806
cnv_depth__IBNLCO_04378__IBNLCO_04378__gene__promoter,0.01014450039662126,0.01014450039662126
cnv_depth__IBNLCO_05255__GTP__CDS__promoter,-0.010143758998535406,0.010143758998535406
cnv_depth__IBNLCO_01697__hypothetical__CDS__promoter,-0.010125665056841263,0.010125665056841263
cnv_depth__IBNLCO_02833__IBNLCO_02833__gene__promoter,-0.010119103087868415,0.010119103087868415
cnv_depth__IBNLCO_02309__IBNLCO_02309__gene,0.010084274154371527,0.010084274154371527
cnv_depth__IBNLCO_03102__tssG__gene__promoter,-0.010083789246981336,0.010083789246981336
cnv_depth__IBNLCO_05198__LLM__CDS,-0.01005918708870484,0.01005918708870484
cnv_depth__IBNLCO_02570__gnl|Bakta|IBNLCO_02570__CDS__promoter,-0.010041044694518409,0.010041044694518409
cnv_depth__IBNLCO_00297__IBNLCO_00297__gene__promoter,-0.010040069873590558,0.010040069873590558
cnv_depth__IBNLCO_00321__IBNLCO_00321__gene__promoter,0.010039054537674525,0.010039054537674525
cnv_depth__IBNLCO_01544__Bacterial__CDS,-0.010015680368928179,0.010015680368928179
cnv_depth__IBNLCO_01140__Transmembrane__CDS,0.010012980926762498,0.010012980926762498
cnv_depth__IBNLCO_04927__IBNLCO_04927__gene,-0.009994953632102095,0.009994953632102095
cnv_depth__IBNLCO_03689__Hemin__CDS__promoter,-0.009993131429992095,0.009993131429992095
cnv_depth__IBNLCO_00653__lactoylglutathione__CDS__promoter,0.009983685197196302,0.009983685197196302
cnv_depth__IBNLCO_05163__IBNLCO_05163__gene,0.009970815184061989,0.009970815184061989
cnv_depth__IBNLCO_04779__Glutathione__CDS__promoter,-0.00993318412725843,0.00993318412725843
cnv_depth__IBNLCO_04273__IBNLCO_04273__gene__promoter,0.009928980821170401,0.009928980821170401
cnv_depth__IBNLCO_05705__DNA__CDS__promoter,0.00992121695288399,0.00992121695288399
cnv_depth__IBNLCO_01543__cpaE__gene__promoter,-0.009877257306780646,0.009877257306780646
cnv_depth__IBNLCO_02044__BTH_s19__gene,0.0098663780642537,0.0098663780642537
cnv_depth__IBNLCO_05022__bsaP__gene__promoter,-0.00985776378012779,0.00985776378012779
cnv_depth__IBNLCO_04982__Type__CDS,-0.00985271305202903,0.00985271305202903
cnv_depth__IBNLCO_05039__L-lactate__CDS__promoter,0.009826698323008766,0.009826698323008766
cnv_depth__IBNLCO_05778__traR__gene,0.009825690336681406,0.009825690336681406
cnv_depth__IBNLCO_00439__PTS__CDS,-0.009813634397018616,0.009813634397018616
cnv_depth__IBNLCO_02512__IBNLCO_02512__gene__promoter,0.009797417851320224,0.009797417851320224
cnv_depth__IBNLCO_02818__TIGR02099__CDS__promoter,0.009792951479372142,0.009792951479372142
cnv_depth__IBNLCO_02826__glcE__gene,0.009784292284833372,0.009784292284833372
cnv_depth__IBNLCO_00682__IBNLCO_00682__gene__promoter,-0.00978286541229497,0.00978286541229497
cnv_depth__IBNLCO_03709__dhaK__gene__promoter,-0.009775095937908974,0.009775095937908974
cnv_depth__IBNLCO_04350__IBNLCO_04350__gene__promoter,-0.009763179610265715,0.009763179610265715
cnv_depth__IBNLCO_02391__IBNLCO_02391__gene,-0.009741301831118732,0.009741301831118732
cnv_depth__IBNLCO_05149__L-seryl-tRNA(Sec)__CDS__promoter,-0.009739457719134332,0.009739457719134332
cnv_depth__IBNLCO_00230__IBNLCO_00230__gene,0.009737893803266473,0.009737893803266473
cnv_depth__IBNLCO_04283__IBNLCO_04283__gene,-0.009697033848838263,0.009697033848838263
cnv_depth__IBNLCO_00021__hypothetical__CDS,-0.009693804217383455,0.009693804217383455
cnv_depth__IBNLCO_00659__IBNLCO_00659__gene,0.009679510555267242,0.009679510555267242
cnv_depth__IBNLCO_01009__gnl|Bakta|IBNLCO_01009__CDS__promoter,0.009669749874341478,0.009669749874341478
cnv_depth__IBNLCO_00364__DUF3108__CDS,0.009666241091966682,0.009666241091966682
cnv_depth__IBNLCO_01364__hypothetical__CDS,-0.009659512593461225,0.009659512593461225
cnv_depth__IBNLCO_03567__IBNLCO_03567__gene,-0.00965655874710357,0.00965655874710357
cnv_depth__IBNLCO_00178__mreD__gene__promoter,0.00964854576607252,0.00964854576607252
cnv_depth__IBNLCO_04596__IBNLCO_04596__gene,-0.009642799317462192,0.009642799317462192
cnv_depth__IBNLCO_05150__IBNLCO_05150__gene__promoter,0.009627841833147022,0.009627841833147022
cnv_depth__IBNLCO_04240__marR__gene__promoter,-0.009625464254239659,0.009625464254239659
cnv_depth__IBNLCO_05781__IBNLCO_05781__gene__promoter,0.009584363338115399,0.009584363338115399
cnv_depth__IBNLCO_04741__yigZ__gene__promoter,-0.009579710079791012,0.009579710079791012
cnv_depth__IBNLCO_05367__Haloacid__CDS__promoter,0.009574301625721244,0.009574301625721244
cnv_depth__IBNLCO_03369__MFS__CDS__promoter,0.009557509313307146,0.009557509313307146
cnv_depth__IBNLCO_00743__IBNLCO_00743__gene__promoter,0.00955489644014444,0.00955489644014444
cnv_depth__IBNLCO_04926__Carboxyl__CDS,-0.009526624163931128,0.009526624163931128
cnv_depth__IBNLCO_02078__DUF1993__CDS__promoter,0.00951976088573191,0.00951976088573191
cnv_depth__IBNLCO_00713__IBNLCO_00713__gene,0.009496985490613674,0.009496985490613674
cnv_depth__IBNLCO_04357__IBNLCO_04357__gene__promoter,0.009490141919001912,0.009490141919001912
cnv_depth__IBNLCO_04747__P9__gene__promoter,-0.00947831846646496,0.00947831846646496
cnv_depth__IBNLCO_04160__4-hydroxy-2-oxo-heptane-1%2C7-dioate__CDS__promoter,-0.009467354507509653,0.009467354507509653
cnv_depth__IBNLCO_05334__Cysteine-rich__CDS__promoter,0.009465175830969536,0.009465175830969536
cnv_depth__IBNLCO_00581__IBNLCO_00581__gene__promoter,-0.00946180199935182,0.00946180199935182
cnv_depth__IBNLCO_04947__IBNLCO_04947__gene__promoter,-0.009449966094204836,0.009449966094204836
cnv_depth__IBNLCO_05089__IBNLCO_05089__gene__promoter,-0.009430299632353647,0.009430299632353647
cnv_depth__IBNLCO_00323__HTH__CDS__promoter,0.009425314624944104,0.009425314624944104
cnv_depth__IBNLCO_03776__metI__gene__promoter,0.009417648805106569,0.009417648805106569
cnv_depth__IBNLCO_00721__IBNLCO_00721__gene__promoter,0.00940303699591258,0.00940303699591258
cnv_depth__IBNLCO_01400__hypothetical__CDS__promoter,-0.0093951649004661,0.0093951649004661
cnv_depth__IBNLCO_04331__IBNLCO_04331__gene__promoter,-0.009393225260836984,0.009393225260836984
cnv_depth__IBNLCO_05327__Polysaccharide__CDS__promoter,-0.009364068488151944,0.009364068488151944
cnv_depth__IBNLCO_03972__Succinyl-CoA:coenzyme__CDS__promoter,0.00936219457789958,0.00936219457789958
cnv_depth__IBNLCO_02402__trnG__gene__promoter,0.009354838736748956,0.009354838736748956
cnv_depth__IBNLCO_00935__IBNLCO_00935__gene,0.009352051215505516,0.009352051215505516
cnv_depth__IBNLCO_02985__Signal__CDS__promoter,0.009346841255864703,0.009346841255864703
cnv_depth__IBNLCO_04709__GTP__CDS__promoter,-0.009339355988900504,0.009339355988900504
cnv_depth__IBNLCO_01907__IBNLCO_01907__gene__promoter,-0.009338629841540698,0.009338629841540698
cnv_depth__IBNLCO_03979__tssG__gene,-0.009320400504140975,0.009320400504140975
cnv_depth__IBNLCO_03022__Peptidoglycan__CDS__promoter,0.009310195161796096,0.009310195161796096
cnv_depth__IBNLCO_00491__IBNLCO_00491__gene__promoter,0.009290540819816577,0.009290540819816577
cnv_depth__IBNLCO_00646__IBNLCO_00646__gene,-0.009279558580588041,0.009279558580588041
cnv_depth__IBNLCO_01575__Dihydroorotate__CDS__promoter,-0.009264407608218653,0.009264407608218653
cnv_depth__IBNLCO_01057__IBNLCO_01057__gene,-0.009255651130850584,0.009255651130850584
cnv_depth__IBNLCO_04791__IBNLCO_04791__gene__promoter,0.009247257832680197,0.009247257832680197
cnv_depth__IBNLCO_04536__IBNLCO_04536__gene__promoter,-0.009245355020894184,0.009245355020894184
cnv_depth__IBNLCO_02714__araC__gene__promoter,0.009238047040030778,0.009238047040030778
cnv_depth__IBNLCO_02297__IBNLCO_02297__gene__promoter,-0.009225168921363054,0.009225168921363054
cnv_depth__IBNLCO_03795__FAD/NAD(P)-binding__CDS,0.009208360570902486,0.009208360570902486
cnv_depth__IBNLCO_01099__Phospholipase__CDS__promoter,-0.009206900321839667,0.009206900321839667
cnv_depth__IBNLCO_01406__IBNLCO_01406__gene__promoter,-0.009194486809081068,0.009194486809081068
cnv_depth__IBNLCO_05380__DUF445__CDS__promoter,0.009190395075760431,0.009190395075760431
cnv_depth__IBNLCO_00951__IBNLCO_00951__gene,0.00916308488442339,0.00916308488442339
cnv_depth__IBNLCO_01013__Glycine__CDS,-0.009161523310730902,0.009161523310730902
cnv_depth__IBNLCO_04102__DUF899__CDS,-0.009150925313794774,0.009150925313794774
cnv_depth__IBNLCO_01868__IBNLCO_01868__gene__promoter,-0.009144704043376426,0.009144704043376426
cnv_depth__IBNLCO_02219__tnp__gene__promoter,-0.009134654106535486,0.009134654106535486
cnv_depth__IBNLCO_05476__IBNLCO_05476__gene__promoter,-0.009129192231916843,0.009129192231916843
cnv_depth__IBNLCO_05177__IBNLCO_05177__gene,-0.009121508017017194,0.009121508017017194
cnv_depth__IBNLCO_03285__IBNLCO_03285__gene__promoter,0.009119910102411413,0.009119910102411413
cnv_depth__IBNLCO_02182__IBNLCO_02182__gene,-0.009119541795197954,0.009119541795197954
cnv_depth__IBNLCO_00326__IBNLCO_00326__gene,0.009115891922862338,0.009115891922862338
cnv_depth__IBNLCO_01058__IBNLCO_01058__gene,-0.009109757898601339,0.009109757898601339
cnv_depth__IBNLCO_05715__IBNLCO_05715__gene__promoter,0.00910080035668854,0.00910080035668854
cnv_depth__IBNLCO_01424__Ornithine__CDS,0.009097914379847047,0.009097914379847047
cnv_depth__IBNLCO_01372__DNA-binding__CDS__promoter,-0.009086016273848467,0.009086016273848467
cnv_depth__IBNLCO_03595__IBNLCO_03595__gene,0.009085088381074951,0.009085088381074951
cnv_depth__IBNLCO_01781__hypothetical__CDS__promoter,-0.009083802763172123,0.009083802763172123
cnv_depth__IBNLCO_04098__IBNLCO_04098__gene__promoter,-0.009074811845262935,0.009074811845262935
cnv_depth__IBNLCO_02220__ISL3-like__CDS__promoter,-0.009061146103713981,0.009061146103713981
cnv_depth__IBNLCO_02630__Aspartate__CDS,-0.009059280652697017,0.009059280652697017
cnv_depth__IBNLCO_02209__hypothetical__CDS__promoter,-0.00905757142877157,0.00905757142877157
cnv_depth__IBNLCO_03745__IBNLCO_03745__gene__promoter,0.00905723936590685,0.00905723936590685
cnv_depth__IBNLCO_05243__IBNLCO_05243__gene,-0.009054427009147279,0.009054427009147279
cnv_depth__IBNLCO_02453__RNA-binding__CDS,-0.009047575407704978,0.009047575407704978
cnv_depth__IBNLCO_05737__DUF2795__CDS__promoter,0.009001321578918241,0.009001321578918241
cnv_depth__IBNLCO_04238__hypothetical__CDS__promoter,-0.009001316608497335,0.009001316608497335
cnv_depth__IBNLCO_00024__lrgA__gene,0.009000389035422073,0.009000389035422073
cnv_depth__IBNLCO_01569__N-acetylmuramoyl-L-alanine__CDS,-0.008980553775763464,0.008980553775763464
cnv_depth__IBNLCO_03958__IBNLCO_03958__gene__promoter,-0.008969945760884236,0.008969945760884236
cnv_depth__IBNLCO_04275__Type__CDS,-0.008969035604036368,0.008969035604036368
cnv_depth__IBNLCO_01000__IBNLCO_01000__gene__promoter,-0.008962597898429831,0.008962597898429831
cnv_depth__IBNLCO_02290__Nicotinamide-nucleotide__CDS,-0.008955915747755458,0.008955915747755458
cnv_depth__IBNLCO_01735__Low-specificity__CDS__promoter,0.008954779067149678,0.008954779067149678
cnv_depth__IBNLCO_02850__recG__gene,0.008948267606153556,0.008948267606153556
cnv_depth__IBNLCO_03967__phosphoenolpyruvate__CDS__promoter,-0.00894095195231511,0.00894095195231511
cnv_depth__IBNLCO_01925__Transcription__CDS,-0.008935234576905104,0.008935234576905104
cnv_depth__IBNLCO_03675__IBNLCO_03675__gene,0.008926716597797014,0.008926716597797014
cnv_depth__IBNLCO_00054__Short-chain__CDS__promoter,0.008916092240477316,0.008916092240477316
cnv_depth__IBNLCO_04626__IBNLCO_04626__gene__promoter,0.008909807214421656,0.008909807214421656
cnv_depth__IBNLCO_04041__LasA__CDS__promoter,-0.008893763582000013,0.008893763582000013
cnv_depth__IBNLCO_05330__UDP-glucose:undecaprenyl-phosphate__CDS__promoter,0.008892026212852146,0.008892026212852146
cnv_depth__IBNLCO_02767__gnl|Bakta|IBNLCO_02767__CDS__promoter,0.008874238341743052,0.008874238341743052
cnv_depth__IBNLCO_00763__IBNLCO_00763__gene__promoter,0.00886126263791981,0.00886126263791981
cnv_depth__IBNLCO_02524__IBNLCO_02524__gene__promoter,-0.00885168586105865,0.00885168586105865
cnv_depth__IBNLCO_02475__Putative__CDS,-0.008842619799124478,0.008842619799124478
cnv_depth__IBNLCO_05447__IBNLCO_05447__gene,0.00884064469853488,0.00884064469853488
cnv_depth__IBNLCO_00393__IBNLCO_00393__gene,0.008839163658148061,0.008839163658148061
cnv_depth__IBNLCO_05164__IBNLCO_05164__gene__promoter,0.008837503766884332,0.008837503766884332
cnv_depth__IBNLCO_02497__IBNLCO_02497__gene,-0.008822537471508867,0.008822537471508867
cnv_depth__IBNLCO_01481__Glycoside__CDS__promoter,-0.008808958442257438,0.008808958442257438
cnv_depth__IBNLCO_01134__tetR__gene__promoter,0.008803666854091152,0.008803666854091152
cnv_depth__IBNLCO_04860__Cardiolipin__CDS__promoter,0.008800858085144157,0.008800858085144157
cnv_depth__IBNLCO_04663__IBNLCO_04663__gene__promoter,-0.008793469461777009,0.008793469461777009
cnv_depth__IBNLCO_05345__AI-2E__CDS__promoter,0.008786290294349734,0.008786290294349734
cnv_depth__IBNLCO_00487__IBNLCO_00487__gene__promoter,0.008775541850936803,0.008775541850936803
cnv_depth__IBNLCO_02137__IBNLCO_02137__gene,-0.008772508992904512,0.008772508992904512
cnv_depth__IBNLCO_02092__GMP__CDS__promoter,0.008769621125621574,0.008769621125621574
cnv_depth__IBNLCO_04713__IBNLCO_04713__gene__promoter,-0.008767891343932362,0.008767891343932362
cnv_depth__IBNLCO_03463__Amino__CDS,0.008746035849499107,0.008746035849499107
cnv_depth__IBNLCO_04213__IBNLCO_04213__gene,-0.00873765211634938,0.00873765211634938
cnv_depth__IBNLCO_01026__hypothetical__CDS,0.00872752875773442,0.00872752875773442
cnv_depth__IBNLCO_05026__type__CDS,-0.008722905386554966,0.008722905386554966
cnv_depth__IBNLCO_04492__Methyltransferase__CDS__promoter,0.008722651689099588,0.008722651689099588
cnv_depth__IBNLCO_01136__Glycosyltransferase__CDS,-0.00871691640960154,0.00871691640960154
cnv_depth__IBNLCO_04750__hypothetical__CDS__promoter,-0.008693239435653964,0.008693239435653964
cnv_depth__IBNLCO_01925__merR__gene__promoter,-0.008692899399548325,0.008692899399548325
cnv_depth__IBNLCO_04740__IBNLCO_04740__gene__promoter,-0.008685030805858508,0.008685030805858508
cnv_depth__IBNLCO_00971__sodC__gene,-0.008671160921915461,0.008671160921915461
cnv_depth__IBNLCO_00986__IBNLCO_00986__gene__promoter,-0.008669186770354234,0.008669186770354234
cnv_depth__IBNLCO_02956__L-arabinose-binding__CDS__promoter,-0.008658595920360375,0.008658595920360375
cnv_depth__IBNLCO_03246__paaK__gene__promoter,0.00864395892878053,0.00864395892878053
cnv_depth__IBNLCO_00633__IBNLCO_00633__gene__promoter,0.008629511993690567,0.008629511993690567
cnv_depth__IBNLCO_01115__Potassium-transporting__CDS__promoter,0.00861673721101896,0.00861673721101896
cnv_depth__IBNLCO_01300__IBNLCO_01300__gene__promoter,-0.008610191620295598,0.008610191620295598
cnv_depth__IBNLCO_00168__IBNLCO_00168__gene,0.008604126297165615,0.008604126297165615
cnv_depth__IBNLCO_01910__Modulator__CDS__promoter,0.008602352028003291,0.008602352028003291
cnv_depth__IBNLCO_02916__Adenylosuccinate__CDS__promoter,0.008599839752247306,0.008599839752247306
cnv_depth__IBNLCO_00117__IBNLCO_00117__gene__promoter,0.00857952374821773,0.00857952374821773
cnv_depth__IBNLCO_05194__IBNLCO_05194__gene__promoter,0.008574865327228638,0.008574865327228638
cnv_depth__IBNLCO_02187__IBNLCO_02187__gene__promoter,-0.008569628675231374,0.008569628675231374
cnv_depth__IBNLCO_02326__4'-phosphopantetheinyl__CDS__promoter,0.00855439349583313,0.00855439349583313
cnv_depth__IBNLCO_01579__trnfM__gene__promoter,-0.008550439398924263,0.008550439398924263
cnv_depth__IBNLCO_02846__hypothetical__CDS,0.008550166305098805,0.008550166305098805
cnv_depth__IBNLCO_01506__IBNLCO_01506__gene__promoter,0.008532209856922384,0.008532209856922384
cnv_depth__IBNLCO_04555__DUF2760__CDS,0.008506781581479952,0.008506781581479952
cnv_depth__IBNLCO_02406__Elongation__CDS__promoter,-0.00850469431550497,0.00850469431550497
cnv_depth__IBNLCO_03968__IBNLCO_03968__gene,-0.008500969656772472,0.008500969656772472
cnv_depth__IBNLCO_02317__Gamma-glutamylputrescine__CDS__promoter,-0.008497909811207746,0.008497909811207746
cnv_depth__IBNLCO_02238__Cell__CDS,-0.008484916422298714,0.008484916422298714
cnv_depth__IBNLCO_01180__IBNLCO_01180__gene__promoter,-0.008484263610163061,0.008484263610163061
cnv_depth__IBNLCO_00392__IBNLCO_00392__gene__promoter,0.008483876099460788,0.008483876099460788
cnv_depth__IBNLCO_04473__hypothetical__CDS__promoter,0.008482929907877019,0.008482929907877019
cnv_depth__IBNLCO_01580__UPF0303__CDS__promoter,-0.008481897205299887,0.008481897205299887
cnv_depth__IBNLCO_05108__IBNLCO_05108__gene__promoter,-0.008476022094868063,0.008476022094868063
cnv_depth__IBNLCO_03959__IBNLCO_03959__gene,0.008473703020966417,0.008473703020966417
cnv_depth__IBNLCO_05600__DUF3857__CDS,-0.008451288114254255,0.008451288114254255
cnv_depth__IBNLCO_00397__IBNLCO_00397__gene,0.008436737308284295,0.008436737308284295
cnv_depth__IBNLCO_03466__IBNLCO_03466__gene__promoter,-0.008434650967140328,0.008434650967140328
cnv_depth__IBNLCO_00360__EAL__CDS__promoter,0.008413463637482311,0.008413463637482311
cnv_depth__IBNLCO_01152__Small__CDS,-0.008404727164207822,0.008404727164207822
cnv_depth__IBNLCO_02203__Outer__CDS__promoter,-0.008388341724106551,0.008388341724106551
cnv_depth__IBNLCO_01334__Phosphohistidine__CDS,-0.008386281941639014,0.008386281941639014
cnv_depth__IBNLCO_02103__NfeD-like__CDS__promoter,-0.00838268080556086,0.00838268080556086
cnv_depth__IBNLCO_04914__IBNLCO_04914__gene__promoter,0.008380263390256753,0.008380263390256753
cnv_depth__IBNLCO_05756__Fusion__CDS__promoter,0.008373069874915743,0.008373069874915743
cnv_depth__IBNLCO_03798__Insertion__CDS__promoter,-0.008368331300384061,0.008368331300384061
cnv_depth__IBNLCO_02211__hypothetical__CDS,-0.008362913709144361,0.008362913709144361
cnv_depth__IBNLCO_00773__Phosphoglycerate__CDS__promoter,0.008353750010122729,0.008353750010122729
cnv_depth__IBNLCO_01267__IBNLCO_01267__gene__promoter,0.00834427350253373,0.00834427350253373
cnv_depth__IBNLCO_03485__IBNLCO_03485__gene,0.008344164198254697,0.008344164198254697
cnv_depth__IBNLCO_00166__hypothetical__CDS,0.008343763824622605,0.008343763824622605
cnv_depth__IBNLCO_03286__hypothetical__CDS__promoter,0.008336785338348574,0.008336785338348574
cnv_depth__IBNLCO_02769__gnl|Bakta|IBNLCO_02769__CDS__promoter,-0.008333932864362558,0.008333932864362558
cnv_depth__IBNLCO_05214__IBNLCO_05214__gene__promoter,0.008328119001024259,0.008328119001024259
cnv_depth__IBNLCO_02928__Biopolymer__CDS__promoter,0.008327531874118376,0.008327531874118376
cnv_depth__IBNLCO_04885__sctQ__gene__promoter,0.00832583301363962,0.00832583301363962
cnv_depth__IBNLCO_01104__Ribosomal__CDS__promoter,0.00831490805143666,0.00831490805143666
cnv_depth__IBNLCO_02193__IBNLCO_02193__gene__promoter,-0.008312744650311954,0.008312744650311954
cnv_depth__IBNLCO_00023__lysR__gene__promoter,0.00831111953016582,0.00831111953016582
cnv_depth__IBNLCO_02844__IBNLCO_02844__gene__promoter,-0.00829528635734101,0.00829528635734101
cnv_depth__IBNLCO_02390__IBNLCO_02390__gene,-0.00829170985460198,0.00829170985460198
cnv_depth__IBNLCO_00865__IBNLCO_00865__gene,-0.0082899598696664,0.0082899598696664
cnv_depth__IBNLCO_03763__fkbH__gene__promoter,-0.00828883063210351,0.00828883063210351
cnv_depth__IBNLCO_04473__hypothetical__CDS,-0.00828023117919927,0.00828023117919927
cnv_depth__IBNLCO_03620__IraD/Gp25-like__CDS__promoter,0.00827229967981572,0.00827229967981572
cnv_depth__IBNLCO_05597__IBNLCO_05597__gene,-0.008271197977083334,0.008271197977083334
cnv_depth__IBNLCO_05031__hypothetical__CDS,0.00826321912119209,0.00826321912119209
cnv_depth__IBNLCO_01027__Transcriptional__CDS__promoter,0.008255731815867855,0.008255731815867855
cnv_depth__IBNLCO_05519__N-acetylglucosamine-1-phosphate__CDS,0.008246425428495806,0.008246425428495806
cnv_depth__IBNLCO_00024__lrgA__gene__promoter,0.008240541448792245,0.008240541448792245
cnv_depth__IBNLCO_00846__UDP-N-acetylenolpyruvoylglucosamine__CDS,-0.008232887932670768,0.008232887932670768
cnv_depth__IBNLCO_00914__CopC__CDS__promoter,-0.008232362827894977,0.008232362827894977
cnv_depth__IBNLCO_02318__IBNLCO_02318__gene__promoter,-0.008231614283992448,0.008231614283992448
cnv_depth__IBNLCO_02736__IBNLCO_02736__gene__promoter,-0.008223689333814545,0.008223689333814545
cnv_depth__IBNLCO_01732__araC__gene,-0.008216633327287568,0.008216633327287568
cnv_depth__IBNLCO_02105__glutathione__CDS,-0.008213825307807369,0.008213825307807369
cnv_depth__IBNLCO_00540__lptC__gene__promoter,0.008213412727780848,0.008213412727780848
cnv_depth__IBNLCO_03372__IBNLCO_03372__gene__promoter,-0.008209121339206022,0.008209121339206022
cnv_depth__IBNLCO_00242__L-2-hydroxyglutarate__CDS__promoter,0.00820453488250858,0.00820453488250858
cnv_depth__IBNLCO_02761__IBNLCO_02761__gene__promoter,0.008187724682196253,0.008187724682196253
cnv_depth__IBNLCO_04977__response__CDS__promoter,-0.008187720554621896,0.008187720554621896
cnv_depth__IBNLCO_04710__hypothetical__CDS,-0.008181713391370155,0.008181713391370155
cnv_depth__IBNLCO_00646__IBNLCO_00646__gene__promoter,0.008171886595619857,0.008171886595619857
cnv_depth__IBNLCO_03685__Glycine__CDS,0.008162339309245238,0.008162339309245238
cnv_depth__IBNLCO_01303__IBNLCO_01303__gene__promoter,-0.008160068681416556,0.008160068681416556
cnv_depth__IBNLCO_05832__IBNLCO_05832__gene__promoter,0.00815395180081373,0.00815395180081373
cnv_depth__IBNLCO_04239__IBNLCO_04239__gene__promoter,0.00815201530980482,0.00815201530980482
cnv_depth__IBNLCO_05120__Diaminobutyrate--2-oxoglutarate__CDS__promoter,-0.008151024100170353,0.008151024100170353
cnv_depth__IBNLCO_00406__vanZ__gene,0.008145028480998719,0.008145028480998719
cnv_depth__IBNLCO_05054__Taurine__CDS__promoter,0.008143683184960455,0.008143683184960455
cnv_depth__IBNLCO_02024__IBNLCO_02024__gene__promoter,0.008143644218004543,0.008143644218004543
cnv_depth__IBNLCO_05792__IBNLCO_05792__gene__promoter,-0.008138367474782368,0.008138367474782368
cnv_depth__IBNLCO_05321__IBNLCO_05321__gene__promoter,-0.008137738738768477,0.008137738738768477
cnv_depth__IBNLCO_04017__IBNLCO_04017__gene__promoter,-0.008125625039537666,0.008125625039537666
cnv_depth__IBNLCO_00875__IBNLCO_00875__gene__promoter,0.008114337660845058,0.008114337660845058
cnv_depth__IBNLCO_00478__IBNLCO_00478__gene,0.00810377958776337,0.00810377958776337
cnv_depth__IBNLCO_04768__hypothetical__CDS,-0.008101428923305275,0.008101428923305275
cnv_depth__IBNLCO_01545__IBNLCO_01545__gene__promoter,-0.008088503924854896,0.008088503924854896
cnv_depth__IBNLCO_03606__asparagine__CDS,-0.008087918723480308,0.008087918723480308
cnv_depth__IBNLCO_00612__IBNLCO_00612__gene,-0.008087429719105867,0.008087429719105867
cnv_depth__IBNLCO_05114__hypothetical__CDS,-0.00808548580052692,0.00808548580052692
cnv_depth__IBNLCO_05368__Protein-glutamate__CDS,0.008079274484711005,0.008079274484711005
cnv_depth__IBNLCO_03586__IBNLCO_03586__gene__promoter,0.008074484234320022,0.008074484234320022
cnv_depth__IBNLCO_00972__dCTP__CDS__promoter,-0.00806597729004742,0.00806597729004742
cnv_depth__IBNLCO_04465__IBNLCO_04465__gene__promoter,-0.00806560288694103,0.00806560288694103
cnv_depth__IBNLCO_02771__UDP-3-O-[3-hydroxymyristoyl]__CDS__promoter,-0.008065359803318944,0.008065359803318944
cnv_depth__IBNLCO_01551__hypothetical__CDS__promoter,-0.008043458773316746,0.008043458773316746
cnv_depth__IBNLCO_01780__hypothetical__CDS,0.008039969798167413,0.008039969798167413
cnv_depth__IBNLCO_03052__FMN-dependent__CDS__promoter,0.008038039928521314,0.008038039928521314
cnv_depth__IBNLCO_02866__THUMP__CDS__promoter,0.00803141657765305,0.00803141657765305
cnv_depth__IBNLCO_02107__Peptidase__CDS__promoter,-0.008025762612472112,0.008025762612472112
cnv_depth__IBNLCO_01560__ParB-like__CDS__promoter,-0.008023293777873752,0.008023293777873752
cnv_depth__IBNLCO_03306__cheR__gene__promoter,0.008020388550825255,0.008020388550825255
cnv_depth__IBNLCO_01937__hypothetical__CDS,-0.008019962758547395,0.008019962758547395
cnv_depth__IBNLCO_01098__hypothetical__CDS__promoter,-0.00801235438814326,0.00801235438814326
cnv_depth__IBNLCO_00519__IBNLCO_00519__gene__promoter,-0.008006627093557222,0.008006627093557222
cnv_depth__IBNLCO_04614__hypothetical__CDS,-0.007991236853150138,0.007991236853150138
cnv_depth__IBNLCO_00465__IBNLCO_00465__gene__promoter,-0.007990873855531815,0.007990873855531815
cnv_depth__IBNLCO_01257__Putative__CDS,-0.007984998502257399,0.007984998502257399
cnv_depth__IBNLCO_02276__trnfM__gene,0.007980257516736547,0.007980257516736547
cnv_depth__IBNLCO_00435__IBNLCO_00435__gene,0.007967790500354744,0.007967790500354744
cnv_depth__IBNLCO_01698__hypothetical__CDS,-0.007962222099519049,0.007962222099519049
cnv_depth__IBNLCO_03464__HTH__CDS__promoter,0.007955428641310316,0.007955428641310316
cnv_depth__IBNLCO_02058__IBNLCO_02058__gene,0.007948036979172264,0.007948036979172264
cnv_depth__IBNLCO_03071__hypothetical__CDS__promoter,0.007938587357709009,0.007938587357709009
cnv_depth__IBNLCO_02175__IBNLCO_02175__gene,-0.007924237466014327,0.007924237466014327
cnv_depth__IBNLCO_05691__gspF__gene__promoter,-0.007923897536307374,0.007923897536307374
cnv_depth__IBNLCO_02250__Lysine--tRNA__CDS__promoter,0.007913995858319036,0.007913995858319036
cnv_depth__IBNLCO_02543__IBNLCO_02543__gene,-0.007905246423843312,0.007905246423843312
cnv_depth__IBNLCO_05057__bcsG__gene,-0.007903318179194325,0.007903318179194325
cnv_depth__IBNLCO_04943__NADPH--hemoprotein__CDS__promoter,-0.007892631178298555,0.007892631178298555
cnv_depth__IBNLCO_00762__xerC__gene,0.007866910421801196,0.007866910421801196
cnv_depth__IBNLCO_04159__IBNLCO_04159__gene__promoter,0.007859917986064705,0.007859917986064705
cnv_depth__IBNLCO_01445__SIS__CDS__promoter,0.007855209224719783,0.007855209224719783
cnv_depth__IBNLCO_04926__IBNLCO_04926__gene__promoter,-0.007839443239347538,0.007839443239347538
cnv_depth__IBNLCO_03916__IBNLCO_03916__gene__promoter,0.007836683485802015,0.007836683485802015
cnv_depth__IBNLCO_01107__IBNLCO_01107__gene__promoter,-0.007836513656665094,0.007836513656665094
cnv_depth__IBNLCO_05648__Succinyl-CoA--L-malate__CDS,-0.007836090728417755,0.007836090728417755
cnv_depth__IBNLCO_04495__IBNLCO_04495__gene__promoter,-0.007831802399057694,0.007831802399057694
cnv_depth__IBNLCO_03852__IBNLCO_03852__gene__promoter,0.007831554712610014,0.007831554712610014
cnv_depth__IBNLCO_05692__AsnC__CDS,0.007829763070841647,0.007829763070841647
cnv_depth__IBNLCO_02408__IBNLCO_02408__gene__promoter,-0.007818841720518702,0.007818841720518702
cnv_depth__IBNLCO_05393__Cytochrome__CDS__promoter,0.007818310655997146,0.007818310655997146
cnv_depth__IBNLCO_05220__IBNLCO_05220__gene,-0.00780331359156502,0.00780331359156502
cnv_depth__IBNLCO_00939__Phosphatidylglycerol--prolipoprotein__CDS__promoter,0.00779727245399625,0.00779727245399625
cnv_depth__IBNLCO_02465__IBNLCO_02465__gene,0.0077909258845270035,0.0077909258845270035
cnv_depth__IBNLCO_01909__Nucleoside__CDS__promoter,0.0077873462258348835,0.0077873462258348835
cnv_depth__IBNLCO_01262__DUF1326__CDS,-0.007782938324724648,0.007782938324724648
cnv_depth__IBNLCO_00854__IBNLCO_00854__gene__promoter,0.007782519249726353,0.007782519249726353
cnv_depth__IBNLCO_01947__Putative__CDS__promoter,-0.007770674997690007,0.007770674997690007
cnv_depth__IBNLCO_03026__IBNLCO_03026__gene__promoter,0.007768912893680002,0.007768912893680002
cnv_depth__IBNLCO_01547__hypothetical__CDS,0.007767593137146685,0.007767593137146685
cnv_depth__IBNLCO_02674__UPF0301__CDS__promoter,0.007767370264766572,0.007767370264766572
cnv_depth__IBNLCO_04213__hypothetical__CDS__promoter,-0.007766434359725226,0.007766434359725226
cnv_depth__IBNLCO_02501__IBNLCO_02501__gene__promoter,0.007759011550507496,0.007759011550507496
cnv_depth__IBNLCO_03764__IBNLCO_03764__gene,-0.007753414682371824,0.007753414682371824
cnv_depth__IBNLCO_00177__mrdA__gene__promoter,0.007747116204236982,0.007747116204236982
cnv_depth__IBNLCO_02706__cntO__gene__promoter,-0.007746709166194647,0.007746709166194647
cnv_depth__IBNLCO_00703__IBNLCO_00703__gene,-0.007744087498126442,0.007744087498126442
cnv_depth__IBNLCO_02149__tRNA__CDS,0.007737453309144839,0.007737453309144839
cnv_depth__IBNLCO_00178__mreD__gene,0.007734352780784944,0.007734352780784944
cnv_depth__IBNLCO_01919__Recombination__CDS,-0.007730128204892264,0.007730128204892264
cnv_depth__IBNLCO_03987__Type__CDS__promoter,0.007729090487523904,0.007729090487523904
cnv_depth__IBNLCO_04215__Amino__CDS,-0.007728604575767546,0.007728604575767546
cnv_depth__IBNLCO_03023__ftsL__gene,0.0077282896672198,0.0077282896672198
cnv_depth__IBNLCO_05559__IBNLCO_05559__gene__promoter,0.007725669525063375,0.007725669525063375
cnv_depth__IBNLCO_02117__Zinc__CDS__promoter,-0.00772552145585147,0.00772552145585147
cnv_depth__IBNLCO_03214__Large__CDS,0.00771214830861366,0.00771214830861366
cnv_depth__IBNLCO_02220__ISL3-like__CDS,-0.007710052737920551,0.007710052737920551
cnv_depth__IBNLCO_05741__IBNLCO_05741__gene__promoter,0.00770974995077684,0.00770974995077684
cnv_depth__IBNLCO_04073__IBNLCO_04073__gene__promoter,0.007706894710309382,0.007706894710309382
cnv_depth__IBNLCO_04236__Twin-arginine__CDS__promoter,0.007706775975367158,0.007706775975367158
cnv_depth__IBNLCO_01486__IBNLCO_01486__gene,0.007703761039377676,0.007703761039377676
cnv_depth__IBNLCO_00008__Type__CDS__promoter,0.007699410324517156,0.007699410324517156
cnv_depth__IBNLCO_03274__IBNLCO_03274__gene__promoter,0.007695105827036082,0.007695105827036082
cnv_depth__IBNLCO_00309__RND__CDS__promoter,0.007695079781603534,0.007695079781603534
cnv_depth__IBNLCO_00142__gnl|Bakta|IBNLCO_00142__CDS__promoter,0.007694881807246971,0.007694881807246971
cnv_depth__IBNLCO_01036__Copper__CDS,-0.0076891467006330915,0.0076891467006330915
cnv_depth__IBNLCO_05338__Polyketide__CDS,-0.007664379220018551,0.007664379220018551
cnv_depth__IBNLCO_04915__IBNLCO_04915__gene__promoter,-0.007661186507381684,0.007661186507381684
cnv_depth__IBNLCO_04514__LysR__CDS__promoter,-0.007659487154194799,0.007659487154194799
cnv_depth__IBNLCO_03992__hypothetical__CDS__promoter,0.007657217656249618,0.007657217656249618
cnv_depth__IBNLCO_04998__two-component__CDS,-0.007651812102518951,0.007651812102518951
cnv_depth__IBNLCO_00769__Zinc__CDS__promoter,-0.007650665317530585,0.007650665317530585
cnv_depth__IBNLCO_00489__IBNLCO_00489__gene__promoter,0.007648848026745411,0.007648848026745411
cnv_depth__IBNLCO_05465__IBNLCO_05465__gene__promoter,-0.007643621060201857,0.007643621060201857
cnv_depth__IBNLCO_05722__IBNLCO_05722__gene,-0.0076328896730327575,0.0076328896730327575
cnv_depth__IBNLCO_03924__Inner__CDS,0.007626364260173815,0.007626364260173815
cnv_depth__IBNLCO_00249__IBNLCO_00249__gene__promoter,-0.007625155338448827,0.007625155338448827
cnv_depth__IBNLCO_00891__kefA__gene__promoter,-0.007614534130429106,0.007614534130429106
cnv_depth__IBNLCO_00745__recA__gene__promoter,0.007613408718199451,0.007613408718199451
cnv_depth__IBNLCO_04422__IBNLCO_04422__gene__promoter,-0.0076126806939814644,0.0076126806939814644
cnv_depth__IBNLCO_00212__IBNLCO_00212__gene,-0.0076122514723514,0.0076122514723514
cnv_depth__IBNLCO_00986__Protoporphyrinogen__CDS,-0.007611360169708461,0.007611360169708461
cnv_depth__IBNLCO_03304__chemotaxis-specific__CDS__promoter,0.007597408207225181,0.007597408207225181
cnv_depth__IBNLCO_02546__gnl|Bakta|IBNLCO_02546__CDS,0.007595992816095713,0.007595992816095713
cnv_depth__IBNLCO_03667__hypothetical__CDS__promoter,0.007592320567366021,0.007592320567366021
cnv_depth__IBNLCO_04102__IBNLCO_04102__gene__promoter,-0.007592168863839359,0.007592168863839359
cnv_depth__IBNLCO_01948__Undecaprenyl-phosphate__CDS__promoter,-0.007591166913145842,0.007591166913145842
cnv_depth__IBNLCO_02394__hypothetical__CDS__promoter,0.0075829924911506655,0.0075829924911506655
cnv_depth__IBNLCO_05730__IBNLCO_05730__gene__promoter,0.007582860913396313,0.007582860913396313
cnv_depth__IBNLCO_01185__IBNLCO_01185__gene__promoter,-0.007579110228894173,0.007579110228894173
cnv_depth__IBNLCO_02232__Polymerase/histidinol__CDS,-0.0075787689755179,0.0075787689755179
cnv_depth__IBNLCO_01156__IBNLCO_01156__gene,0.007577600559831349,0.007577600559831349
cnv_depth__IBNLCO_03852__hypothetical__CDS,0.007574433790664254,0.007574433790664254
cnv_depth__IBNLCO_02605__IBNLCO_02605__gene__promoter,-0.007564099570224549,0.007564099570224549
cnv_depth__IBNLCO_03790__Amino__CDS__promoter,0.007561176215615258,0.007561176215615258
cnv_depth__IBNLCO_04354__IBNLCO_04354__gene__promoter,-0.0075573997178086175,0.0075573997178086175
cnv_depth__IBNLCO_05713__IBNLCO_05713__gene,-0.007554601565650406,0.007554601565650406
cnv_depth__IBNLCO_00084__IBNLCO_00084__gene,0.007554249263637339,0.007554249263637339
cnv_depth__IBNLCO_01255__IBNLCO_01255__gene__promoter,-0.00755273954919329,0.00755273954919329
cnv_depth__IBNLCO_01681__IBNLCO_01681__gene,0.007549563007858672,0.007549563007858672
cnv_depth__IBNLCO_00250__hypothetical__CDS,-0.007545785862183392,0.007545785862183392
cnv_depth__IBNLCO_01468__FAD-binding__CDS__promoter,-0.007544596198568195,0.007544596198568195
cnv_depth__IBNLCO_02865__hypothetical__CDS,0.007537936406557142,0.007537936406557142
cnv_depth__IBNLCO_02523__IBNLCO_02523__gene__promoter,-0.007536475310398963,0.007536475310398963
cnv_depth__IBNLCO_00628__IBNLCO_00628__gene__promoter,0.007515856533397158,0.007515856533397158
cnv_depth__IBNLCO_05158__moxC__gene,-0.0075157248966566045,0.0075157248966566045
cnv_depth__IBNLCO_02505__Cytidylate__CDS,-0.007514487264464963,0.007514487264464963
cnv_depth__IBNLCO_02972__Biotin__CDS__promoter,0.007512689119854431,0.007512689119854431
cnv_depth__IBNLCO_05435__TetR-family__CDS__promoter,-0.0075126377239605096,0.0075126377239605096
cnv_depth__IBNLCO_00496__IBNLCO_00496__gene__promoter,0.0075110279351023245,0.0075110279351023245
cnv_depth__IBNLCO_04795__Putative__CDS__promoter,-0.007504841687491419,0.007504841687491419
cnv_depth__IBNLCO_00996__IBNLCO_00996__gene__promoter,0.007499706637491078,0.007499706637491078
cnv_depth__IBNLCO_03607__NADPH2:quinone__CDS__promoter,-0.007498036463190793,0.007498036463190793
cnv_depth__IBNLCO_05034__IBNLCO_05034__gene,-0.0074972784271979225,0.0074972784271979225
cnv_depth__IBNLCO_03630__LysR__CDS,0.007496887027842847,0.007496887027842847
cnv_depth__IBNLCO_05560__cdiI__gene__promoter,0.00748572139677146,0.00748572139677146
cnv_depth__IBNLCO_02460__Thymidylate__CDS__promoter,-0.00748207600517379,0.00748207600517379
cnv_depth__IBNLCO_02196__IBNLCO_02196__gene__promoter,-0.007481102282559259,0.007481102282559259
cnv_depth__IBNLCO_02308__AAA+__CDS,0.007474601617005812,0.007474601617005812
cnv_depth__IBNLCO_04846__Sarcosine__CDS__promoter,-0.007474509104704582,0.007474509104704582
cnv_depth__IBNLCO_02986__IBNLCO_02986__gene__promoter,0.007474177884738107,0.007474177884738107
cnv_depth__IBNLCO_02463__IBNLCO_02463__gene__promoter,-0.007467253229611988,0.007467253229611988
cnv_depth__IBNLCO_05055__Taurine__CDS__promoter,0.007465367430803042,0.007465367430803042
cnv_depth__IBNLCO_04145__IBNLCO_04145__gene,-0.007452382255368028,0.007452382255368028
cnv_depth__IBNLCO_02591__IBNLCO_02591__gene__promoter,-0.007452166047806152,0.007452166047806152
cnv_depth__IBNLCO_01977__IBNLCO_01977__gene__promoter,-0.00745177347564742,0.00745177347564742
cnv_depth__IBNLCO_05749__IBNLCO_05749__gene__promoter,-0.007445996873377781,0.007445996873377781
cnv_depth__IBNLCO_00076__dnaA__gene,0.007444140081345205,0.007444140081345205
cnv_depth__IBNLCO_00442__IBNLCO_00442__gene__promoter,0.007428848976494789,0.007428848976494789
cnv_depth__IBNLCO_03370__Ethanolamine__CDS,0.007428023905128547,0.007428023905128547
cnv_depth__IBNLCO_03913__DUF2946__CDS__promoter,0.007422919396397396,0.007422919396397396
cnv_depth__IBNLCO_02054__Phenylserine__CDS__promoter,-0.007421262887854459,0.007421262887854459
cnv_depth__IBNLCO_04272__IBNLCO_04272__gene__promoter,-0.0074204926615234045,0.0074204926615234045
cnv_depth__IBNLCO_04344__IBNLCO_04344__gene__promoter,-0.0074204301608764255,0.0074204301608764255
cnv_depth__IBNLCO_02054__IBNLCO_02054__gene,-0.007420400452244322,0.007420400452244322
cnv_depth__IBNLCO_02627__IBNLCO_02627__gene,-0.007419036063880604,0.007419036063880604
cnv_depth__IBNLCO_02795__IBNLCO_02795__gene,-0.00741366002496748,0.00741366002496748
cnv_depth__IBNLCO_04704__IBNLCO_04704__gene,-0.007408811043199555,0.007408811043199555
cnv_depth__IBNLCO_00786__Carboxypeptidase__CDS__promoter,0.007397852819541011,0.007397852819541011
cnv_depth__IBNLCO_04831__IBNLCO_04831__gene__promoter,0.007392306016251187,0.007392306016251187
cnv_depth__IBNLCO_05800__IBNLCO_05800__gene,0.00738577589087559,0.00738577589087559
cnv_depth__IBNLCO_01380__Ricin-type__CDS__promoter,-0.007385407611983157,0.007385407611983157
cnv_depth__IBNLCO_05350__3-oxoacyl-[acyl-carrier__CDS__promoter,-0.007381648531841545,0.007381648531841545
cnv_depth__IBNLCO_01359__Glycogen__CDS,-0.0073746145446735075,0.0073746145446735075
cnv_depth__IBNLCO_04128__IBNLCO_04128__gene__promoter,0.007370908523412183,0.007370908523412183
cnv_depth__IBNLCO_03952__gnl|Bakta|IBNLCO_03952__CDS,-0.007368306005666654,0.007368306005666654
cnv_depth__IBNLCO_04589__IBNLCO_04589__gene,0.007360070298703952,0.007360070298703952
cnv_depth__IBNLCO_05072__DNA-binding__CDS,-0.00735581854075711,0.00735581854075711
cnv_depth__IBNLCO_01276__gntR__gene__promoter,-0.007351670572493627,0.007351670572493627
cnv_depth__IBNLCO_05213__IBNLCO_05213__gene__promoter,0.0073507378339012,0.0073507378339012
cnv_depth__IBNLCO_04052__Fe(3+)-pyochelin__CDS__promoter,-0.007348474524563769,0.007348474524563769
cnv_depth__IBNLCO_04653__IBNLCO_04653__gene,0.007342583579022208,0.007342583579022208
cnv_depth__IBNLCO_02852__IBNLCO_02852__gene__promoter,-0.007339148038670473,0.007339148038670473
cnv_depth__IBNLCO_01906__4-hydroxy-3-methylbut-2-en-1-yl__CDS__promoter,-0.007335753523356323,0.007335753523356323
cnv_depth__IBNLCO_00330__IBNLCO_00330__gene,-0.007328908447049561,0.007328908447049561
cnv_depth__IBNLCO_03642__5-oxoprolinase__CDS__promoter,0.00732451289952697,0.00732451289952697
cnv_depth__IBNLCO_00179__mreC__gene__promoter,0.00732074917477545,0.00732074917477545
cnv_depth__IBNLCO_00529__Formamidopyrimidine-DNA__CDS__promoter,0.007310132635275762,0.007310132635275762
cnv_depth__IBNLCO_03027__IBNLCO_03027__gene__promoter,0.007307754314801253,0.007307754314801253
cnv_depth__IBNLCO_05367__IBNLCO_05367__gene,0.007306506252459415,0.007306506252459415
cnv_depth__IBNLCO_01926__IBNLCO_01926__gene__promoter,-0.007298916536807091,0.007298916536807091
cnv_depth__IBNLCO_03212__IBNLCO_03212__gene__promoter,0.0072957102429649714,0.0072957102429649714
cnv_depth__IBNLCO_04165__ABC__CDS,-0.007293257311124201,0.007293257311124201
cnv_depth__IBNLCO_03912__DNA__CDS,-0.007292102920904796,0.007292102920904796
cnv_depth__IBNLCO_04684__Cytochrome__CDS,0.007290775456832203,0.007290775456832203
cnv_depth__IBNLCO_01555__IBNLCO_01555__gene,-0.007285101242806623,0.007285101242806623
cnv_depth__IBNLCO_01505__IBNLCO_01505__gene__promoter,-0.007277057612171275,0.007277057612171275
cnv_depth__IBNLCO_03318__IBNLCO_03318__gene__promoter,0.007272881171473425,0.007272881171473425
cnv_depth__IBNLCO_00358__IBNLCO_00358__gene__promoter,0.007262222462997379,0.007262222462997379
cnv_depth__IBNLCO_02992__IBNLCO_02992__gene__promoter,-0.00725388243081615,0.00725388243081615
cnv_depth__IBNLCO_02613__hypothetical__CDS,-0.0072535157792072685,0.0072535157792072685
cnv_depth__IBNLCO_03986__IBNLCO_03986__gene,0.007245843582431096,0.007245843582431096
cnv_depth__IBNLCO_03179__Protein-methionine-sulfoxide__CDS__promoter,0.007233945162648621,0.007233945162648621
cnv_depth__IBNLCO_02182__Cysteine__CDS__promoter,-0.007233143548050319,0.007233143548050319
cnv_depth__IBNLCO_03274__hypothetical__CDS,0.007229095800976326,0.007229095800976326
cnv_depth__IBNLCO_03336__phospholipase__CDS__promoter,0.00722847078534933,0.00722847078534933
cnv_depth__IBNLCO_05371__cheR__gene,0.00722337484241017,0.00722337484241017
cnv_depth__IBNLCO_05101__Hypersensitivity__CDS,-0.007220902322373076,0.007220902322373076
cnv_depth__IBNLCO_05334__Cysteine-rich__CDS,0.007214579091199227,0.007214579091199227
cnv_depth__IBNLCO_05738__SDR__CDS,0.007214088987549186,0.007214088987549186
cnv_depth__IBNLCO_02450__Protein__CDS,-0.007207281720707211,0.007207281720707211
cnv_depth__IBNLCO_01706__Arginine/ornithine__CDS,-0.007206912892672006,0.007206912892672006
cnv_depth__IBNLCO_01287__IBNLCO_01287__gene__promoter,-0.007205891412072046,0.007205891412072046
cnv_depth__IBNLCO_04112__M20/M25/M40__CDS,-0.007198476812244076,0.007198476812244076
cnv_depth__IBNLCO_05560__cdiI__gene,0.007190174621101587,0.007190174621101587
cnv_depth__IBNLCO_00731__ATP-grasp__CDS,0.00718168806662766,0.00718168806662766
cnv_depth__IBNLCO_03710__dhaL__gene,-0.007180485847268969,0.007180485847268969
cnv_depth__IBNLCO_04539__heavy__CDS__promoter,0.0071802156093621105,0.0071802156093621105
cnv_depth__IBNLCO_01352__SAM-dependent__CDS,-0.007178912940169976,0.007178912940169976
cnv_depth__IBNLCO_03689__IBNLCO_03689__gene,0.0071770546737785585,0.0071770546737785585
cnv_depth__IBNLCO_04953__IBNLCO_04953__gene,-0.007175394232498096,0.007175394232498096
cnv_depth__IBNLCO_05798__IBNLCO_05798__gene__promoter,0.007165422553284736,0.007165422553284736
cnv_depth__IBNLCO_04108__Immunity__CDS,-0.007161965757512673,0.007161965757512673
cnv_depth__IBNLCO_03374__Small-conductance__CDS__promoter,0.007157496997176491,0.007157496997176491
cnv_depth__IBNLCO_04246__hypothetical__CDS,-0.0071559245251628725,0.0071559245251628725
cnv_depth__IBNLCO_04496__pksF__gene,-0.007155179485540834,0.007155179485540834
cnv_depth__IBNLCO_05021__SctV__CDS,-0.007148286538734691,0.007148286538734691
cnv_depth__IBNLCO_04179__IBNLCO_04179__gene__promoter,0.007135678267089644,0.007135678267089644
cnv_depth__IBNLCO_01251__IBNLCO_01251__gene__promoter,-0.007132353539566877,0.007132353539566877
cnv_depth__IBNLCO_03728__IBNLCO_03728__gene__promoter,0.007131345738354946,0.007131345738354946
cnv_depth__IBNLCO_05316__DUF2384__CDS__promoter,0.007128602893991607,0.007128602893991607
cnv_depth__IBNLCO_00298__IBNLCO_00298__gene,-0.007120278498467307,0.007120278498467307
cnv_depth__IBNLCO_00372__NADPH-dependent__CDS,0.007115183456097721,0.007115183456097721
cnv_depth__IBNLCO_02689__MBL__CDS,-0.007112554909606341,0.007112554909606341
cnv_depth__IBNLCO_03912__IBNLCO_03912__gene__promoter,0.007110601126466937,0.007110601126466937
cnv_depth__IBNLCO_01220__ncS54__gene__promoter,0.007109909185356306,0.007109909185356306
cnv_depth__IBNLCO_04540__heavy__CDS__promoter,0.007108868425908207,0.007108868425908207
cnv_depth__IBNLCO_04657__Polyketide__CDS__promoter,0.0071052315444626426,0.0071052315444626426
cnv_depth__IBNLCO_04226__PucR__CDS,-0.007103035941181334,0.007103035941181334
cnv_depth__IBNLCO_03264__IBNLCO_03264__gene__promoter,0.0071027781775671005,0.0071027781775671005
cnv_depth__IBNLCO_03213__IBNLCO_03213__gene__promoter,0.007102100464897351,0.007102100464897351
cnv_depth__IBNLCO_04020__IBNLCO_04020__gene,0.007096949721508931,0.007096949721508931
cnv_depth__IBNLCO_02290__pncC__gene__promoter,-0.007095438146328313,0.007095438146328313
cnv_depth__IBNLCO_03996__Multidrug__CDS__promoter,0.007092783612998879,0.007092783612998879
cnv_depth__IBNLCO_01098__IBNLCO_01098__gene,-0.0070901138997559576,0.0070901138997559576
cnv_depth__IBNLCO_04729__IBNLCO_04729__gene,-0.007087902055915832,0.007087902055915832
cnv_depth__IBNLCO_02493__IBNLCO_02493__gene,-0.007086959951632786,0.007086959951632786
cnv_depth__IBNLCO_04957__D-mannonate__CDS__promoter,0.007085327847465408,0.007085327847465408
cnv_depth__IBNLCO_02515__hypothetical__CDS,-0.007078239121540195,0.007078239121540195
cnv_depth__IBNLCO_02127__hypothetical__CDS,0.007072283395784963,0.007072283395784963
cnv_depth__IBNLCO_01580__IBNLCO_01580__gene,-0.00707081275102214,0.00707081275102214
cnv_depth__IBNLCO_04208__IBNLCO_04208__gene__promoter,-0.0070521084374414915,0.0070521084374414915
cnv_depth__unknown__unknown__regulatory.5,-0.007048979298702118,0.007048979298702118
cnv_depth__IBNLCO_00250__hypothetical__CDS__promoter,-0.0070472987293536665,0.0070472987293536665
cnv_depth__IBNLCO_03827__4Fe-4S__CDS__promoter,-0.007031532108967101,0.007031532108967101
cnv_depth__IBNLCO_03305__chemoreceptor__CDS,0.007029831541256249,0.007029831541256249
cnv_depth__IBNLCO_04535__Metabolite__CDS__promoter,0.007029489100148425,0.007029489100148425
cnv_depth__IBNLCO_04725__IBNLCO_04725__gene__promoter,0.00702111149656682,0.00702111149656682
cnv_depth__IBNLCO_02986__IBNLCO_02986__gene,0.007020565567526559,0.007020565567526559
cnv_depth__IBNLCO_00649__surA__gene__promoter,0.00701981932516435,0.00701981932516435
cnv_depth__IBNLCO_01179__IBNLCO_01179__gene,-0.0070120705964400185,0.0070120705964400185
cnv_depth__IBNLCO_05289__IBNLCO_05289__gene__promoter,0.007011679271458348,0.007011679271458348
cnv_depth__IBNLCO_02429__yceD__gene__promoter,-0.0070052836540129915,0.0070052836540129915
cnv_depth__IBNLCO_05588__IBNLCO_05588__gene,-0.006996991332139783,0.006996991332139783
cnv_depth__IBNLCO_01559__gnl|Bakta|IBNLCO_01559__CDS,-0.006992142872582189,0.006992142872582189
cnv_depth__IBNLCO_00482__IBNLCO_00482__gene__promoter,0.006991329493088982,0.006991329493088982
cnv_depth__IBNLCO_01024__trnR__gene__promoter,0.006991231567532335,0.006991231567532335
cnv_depth__IBNLCO_04129__Winged__CDS,-0.006988157821619739,0.006988157821619739
cnv_depth__IBNLCO_04524__Lipoprotein__CDS,-0.006986992804225961,0.006986992804225961
cnv_depth__IBNLCO_04468__IBNLCO_04468__gene__promoter,-0.006986903937373412,0.006986903937373412
cnv_depth__IBNLCO_00577__IBNLCO_00577__gene,0.006979915625691539,0.006979915625691539
cnv_depth__IBNLCO_05658__IBNLCO_05658__gene__promoter,0.006972117316545804,0.006972117316545804
cnv_depth__IBNLCO_03383__betI__gene__promoter,0.006971163269043169,0.006971163269043169
cnv_depth__IBNLCO_04099__IBNLCO_04099__gene__promoter,0.006967380650161099,0.006967380650161099
cnv_depth__IBNLCO_00110__DNA-binding__CDS,-0.006966819607958574,0.006966819607958574
cnv_depth__IBNLCO_00517__IBNLCO_00517__gene__promoter,0.006963687252156928,0.006963687252156928
cnv_depth__IBNLCO_03062__IBNLCO_03062__gene__promoter,-0.006963220297209269,0.006963220297209269
cnv_depth__IBNLCO_04590__DUF2165__CDS__promoter,0.006957787173839959,0.006957787173839959
cnv_depth__IBNLCO_04908__IBNLCO_04908__gene__promoter,0.006956116190364603,0.006956116190364603
cnv_depth__IBNLCO_01733__Cysteine__CDS__promoter,-0.006954743209972892,0.006954743209972892
cnv_depth__IBNLCO_01091__IBNLCO_01091__gene,0.006941399735503869,0.006941399735503869
cnv_depth__IBNLCO_04395__IBNLCO_04395__gene__promoter,-0.006936901670347778,0.006936901670347778
cnv_depth__IBNLCO_00492__IBNLCO_00492__gene,0.0069310490717942735,0.0069310490717942735
cnv_depth__IBNLCO_01178__IBNLCO_01178__gene,-0.0069303928969976615,0.0069303928969976615
cnv_depth__IBNLCO_00551__IBNLCO_00551__gene,0.006922195696747071,0.006922195696747071
cnv_depth__IBNLCO_00464__IBNLCO_00464__gene,-0.006921946379852209,0.006921946379852209
cnv_depth__IBNLCO_02646__Lipopolysaccharide__CDS,-0.00691481594863353,0.00691481594863353
cnv_depth__IBNLCO_05100__IBNLCO_05100__gene__promoter,-0.006911211485851762,0.006911211485851762
cnv_depth__IBNLCO_02030__IBNLCO_02030__gene,-0.006908069888944408,0.006908069888944408
cnv_depth__IBNLCO_04884__hypothetical__CDS,0.006906901348564716,0.006906901348564716
cnv_depth__IBNLCO_00463__ctaB__gene,-0.006900330353951742,0.006900330353951742
cnv_depth__IBNLCO_04643__Linear__CDS,-0.006896038078129016,0.006896038078129016
cnv_depth__IBNLCO_05705__IBNLCO_05705__gene,0.006895925627323167,0.006895925627323167
cnv_depth__IBNLCO_00217__hypothetical__CDS__promoter,0.006894715985857174,0.006894715985857174
cnv_depth__IBNLCO_05520__Inner__CDS__promoter,-0.0068915873409029944,0.0068915873409029944
cnv_depth__unknown__unknown__regulatory.18,0.00687437129187264,0.00687437129187264
cnv_depth__IBNLCO_03389__IBNLCO_03389__gene,0.006865323689359755,0.006865323689359755
cnv_depth__IBNLCO_01040__Major__CDS__promoter,0.006855070061041606,0.006855070061041606
cnv_depth__IBNLCO_05331__mannose-1-phosphate__CDS__promoter,0.0068508485680880684,0.0068508485680880684
cnv_depth__IBNLCO_02031__IBNLCO_02031__gene__promoter,-0.006849295319526075,0.006849295319526075
cnv_depth__IBNLCO_05092__N-acetyltransferase__CDS,-0.006845500457945817,0.006845500457945817
cnv_depth__IBNLCO_04825__IBNLCO_04825__gene__promoter,0.006843808178552958,0.006843808178552958
cnv_depth__IBNLCO_04797__1-aminocyclopropane-1-carboxylate__CDS__promoter,0.006842952100329997,0.006842952100329997
cnv_depth__IBNLCO_05272__IBNLCO_05272__gene__promoter,-0.006836609011335566,0.006836609011335566
cnv_depth__IBNLCO_05310__IBNLCO_05310__gene__promoter,0.0068317081050017665,0.0068317081050017665
cnv_depth__IBNLCO_03247__IBNLCO_03247__gene,0.006830440888695102,0.006830440888695102
cnv_depth__IBNLCO_00278__flgL__gene__promoter,-0.006829974197251776,0.006829974197251776
cnv_depth__IBNLCO_05201__Pyruvate__CDS,-0.006821101227581501,0.006821101227581501
cnv_depth__IBNLCO_04896__HTH__CDS,-0.006819145412811038,0.006819145412811038
cnv_depth__IBNLCO_05167__IBNLCO_05167__gene__promoter,0.0068180502672548545,0.0068180502672548545
cnv_depth__IBNLCO_05423__IBNLCO_05423__gene__promoter,-0.006811753650375325,0.006811753650375325
cnv_depth__IBNLCO_03668__IBNLCO_03668__gene__promoter,0.0068009425633509335,0.0068009425633509335
cnv_depth__IBNLCO_05195__3-isopropylmalate__CDS,0.006797815649700609,0.006797815649700609
cnv_depth__IBNLCO_04332__rihB__gene,0.0067856180936107045,0.0067856180936107045
cnv_depth__IBNLCO_01871__AsmA__CDS__promoter,-0.0067830885799347995,0.0067830885799347995
cnv_depth__IBNLCO_04796__IBNLCO_04796__gene,-0.006783041935460857,0.006783041935460857
cnv_depth__IBNLCO_05042__gnl|Bakta|IBNLCO_05042__CDS,-0.006774940208376044,0.006774940208376044
cnv_depth__IBNLCO_00607__IBNLCO_00607__gene__promoter,0.006772101720010395,0.006772101720010395
cnv_depth__IBNLCO_03148__Outer__CDS__promoter,0.006767771731949786,0.006767771731949786
cnv_depth__IBNLCO_00060__IBNLCO_00060__gene,-0.006767540547932869,0.006767540547932869
cnv_depth__IBNLCO_01153__IBNLCO_01153__gene__promoter,-0.006765551290255709,0.006765551290255709
cnv_depth__IBNLCO_02061__2-hydroxy-3-oxopropionate__CDS__promoter,-0.006765252376145568,0.006765252376145568
cnv_depth__IBNLCO_02566__Major__CDS__promoter,-0.006762389493339753,0.006762389493339753
cnv_depth__IBNLCO_01578__IBNLCO_01578__gene__promoter,0.006758760074406979,0.006758760074406979
cnv_depth__IBNLCO_03245__paaD__gene,0.006758665431991688,0.006758665431991688
cnv_depth__IBNLCO_03435__xerC__gene__promoter,-0.006757852462094285,0.006757852462094285
cnv_depth__IBNLCO_00294__IBNLCO_00294__gene__promoter,-0.006755159144072875,0.006755159144072875
cnv_depth__IBNLCO_05692__asnC__gene__promoter,0.006754749167230948,0.006754749167230948
cnv_depth__IBNLCO_05531__IBNLCO_05531__gene__promoter,-0.006745297367116187,0.006745297367116187
cnv_depth__IBNLCO_00483__IBNLCO_00483__gene,0.006742090835810442,0.006742090835810442
cnv_depth__IBNLCO_00901__IBNLCO_00901__gene,-0.006741492686937347,0.006741492686937347
cnv_depth__IBNLCO_03441__IBNLCO_03441__gene__promoter,0.006739309899599211,0.006739309899599211
cnv_depth__IBNLCO_00989__Aldehyde__CDS__promoter,-0.006736575095153211,0.006736575095153211
cnv_depth__IBNLCO_00009__Type__CDS__promoter,0.006734238366675981,0.006734238366675981
cnv_depth__IBNLCO_04561__IBNLCO_04561__gene__promoter,0.00673376210757427,0.00673376210757427
cnv_depth__IBNLCO_00518__rsmD__gene__promoter,0.006728224114140453,0.006728224114140453
cnv_depth__IBNLCO_02108__IBNLCO_02108__gene,-0.006727573021202672,0.006727573021202672
cnv_depth__IBNLCO_03803__2-aminoethylphosphonate--pyruvate__CDS__promoter,-0.006725024394779419,0.006725024394779419
cnv_depth__IBNLCO_04972__IBNLCO_04972__gene,-0.006724195425265728,0.006724195425265728
cnv_depth__IBNLCO_04807__IBNLCO_04807__gene,-0.006722523779509937,0.006722523779509937
cnv_depth__IBNLCO_02676__IBNLCO_02676__gene__promoter,0.0067120763822892185,0.0067120763822892185
cnv_depth__IBNLCO_02735__IBNLCO_02735__gene__promoter,-0.006707424088424661,0.006707424088424661
cnv_depth__IBNLCO_02207__IBNLCO_02207__gene__promoter,-0.006706591791627469,0.006706591791627469
cnv_depth__IBNLCO_04513__HPP__CDS__promoter,-0.006704018242267175,0.006704018242267175
cnv_depth__IBNLCO_00010__Type__CDS__promoter,0.006703272162184963,0.006703272162184963
cnv_depth__IBNLCO_00527__Outer-membrane__CDS,0.006703153744117025,0.006703153744117025
cnv_depth__IBNLCO_04537__IBNLCO_04537__gene__promoter,-0.006701901231503735,0.006701901231503735
cnv_depth__IBNLCO_02366__IBNLCO_02366__gene__promoter,-0.006699390354381376,0.006699390354381376
cnv_depth__IBNLCO_02980__Ribonucleoside-diphosphate__CDS__promoter,0.006699372449620721,0.006699372449620721
cnv_depth__IBNLCO_02062__Dodecin__CDS,-0.006693289782628569,0.006693289782628569
cnv_depth__IBNLCO_00092__Methylated-DNA--protein-cysteine__CDS__promoter,0.006688109537585297,0.006688109537585297
cnv_depth__IBNLCO_00057__IBNLCO_00057__gene__promoter,-0.006687324438912796,0.006687324438912796
cnv_depth__IBNLCO_00708__IBNLCO_00708__gene__promoter,0.006684001376796376,0.006684001376796376
cnv_depth__IBNLCO_03843__eamA__gene__promoter,0.0066722241815416585,0.0066722241815416585
cnv_depth__IBNLCO_02245__Lipoprotein-releasing__CDS,-0.006661735120265342,0.006661735120265342
cnv_depth__IBNLCO_05202__DUF1479__CDS,-0.00665741993628825,0.00665741993628825
cnv_depth__IBNLCO_00876__IBNLCO_00876__gene__promoter,0.006655983790275869,0.006655983790275869
cnv_depth__IBNLCO_04740__hypothetical__CDS,-0.006655677502387904,0.006655677502387904
cnv_depth__IBNLCO_04299__Taurine__CDS,-0.0066453485525698,0.0066453485525698
cnv_depth__IBNLCO_05394__IBNLCO_05394__gene,0.006642866852554219,0.006642866852554219
cnv_depth__IBNLCO_04606__IBNLCO_04606__gene,-0.006638484970958863,0.006638484970958863
cnv_depth__IBNLCO_05133__rpoS__gene,-0.006637670604881154,0.006637670604881154
cnv_depth__IBNLCO_04397__IBNLCO_04397__gene,-0.006632895038829607,0.006632895038829607
cnv_depth__IBNLCO_03059__IBNLCO_03059__gene,-0.006631459155661026,0.006631459155661026
cnv_depth__IBNLCO_02503__IBNLCO_02503__gene__promoter,0.006631174879207771,0.006631174879207771
cnv_depth__IBNLCO_00768__lipopolysaccharide__CDS__promoter,0.006627699444435299,0.006627699444435299
cnv_depth__IBNLCO_02714__araC__gene,-0.006626048618023418,0.006626048618023418
cnv_depth__IBNLCO_02512__Ubiquinone__CDS,0.006623203968344193,0.006623203968344193
cnv_depth__IBNLCO_01656__Putative__CDS,-0.006620067339062544,0.006620067339062544
cnv_depth__IBNLCO_02494__IBNLCO_02494__gene,-0.006619674758960372,0.006619674758960372
cnv_depth__IBNLCO_01266__asnC__gene__promoter,0.006616577196713887,0.006616577196713887
cnv_depth__IBNLCO_05523__IBNLCO_05523__gene,-0.006612567736156738,0.006612567736156738
cnv_depth__IBNLCO_02567__Cation:proton__CDS,-0.006607798596080722,0.006607798596080722
cnv_depth__IBNLCO_05419__IBNLCO_05419__gene__promoter,0.006607099792494841,0.006607099792494841
cnv_depth__IBNLCO_04550__IBNLCO_04550__gene,-0.006605680292882983,0.006605680292882983
cnv_depth__IBNLCO_03757__IBNLCO_03757__gene__promoter,-0.006598351224199979,0.006598351224199979
cnv_depth__IBNLCO_02671__IBNLCO_02671__gene,-0.006595134095035094,0.006595134095035094
cnv_depth__IBNLCO_05174__NHL__CDS,-0.00658908846682387,0.00658908846682387
cnv_depth__IBNLCO_02834__phnL__gene,-0.006588562887658477,0.006588562887658477
cnv_depth__IBNLCO_03727__IBNLCO_03727__gene__promoter,-0.006586815494195374,0.006586815494195374
cnv_depth__IBNLCO_04104__IBNLCO_04104__gene__promoter,-0.006585809356647939,0.006585809356647939
cnv_depth__IBNLCO_05085__pilL__gene,0.006579895778040427,0.006579895778040427
cnv_depth__IBNLCO_05441__IBNLCO_05441__gene__promoter,0.006578793629792314,0.006578793629792314
cnv_depth__IBNLCO_04859__IBNLCO_04859__gene__promoter,-0.006572527932082891,0.006572527932082891
cnv_depth__IBNLCO_02987__IBNLCO_02987__gene__promoter,0.006571779393946324,0.006571779393946324
cnv_depth__IBNLCO_02584__Smr__CDS__promoter,-0.006564082038469041,0.006564082038469041
cnv_depth__IBNLCO_04964__IBNLCO_04964__gene,-0.006563570734639146,0.006563570734639146
cnv_depth__IBNLCO_03010__IBNLCO_03010__gene,0.006561670262263041,0.006561670262263041
cnv_depth__IBNLCO_03699__ABC__CDS__promoter,-0.006559816361870431,0.006559816361870431
cnv_depth__IBNLCO_03179__msrQ__gene,0.0065572172482798695,0.0065572172482798695
cnv_depth__IBNLCO_04003__HTH-type__CDS__promoter,-0.006554251323746741,0.006554251323746741
cnv_depth__IBNLCO_01032__DUF4399__CDS,0.006551476654876919,0.006551476654876919
cnv_depth__IBNLCO_01327__IBNLCO_01327__gene__promoter,-0.006551231862482541,0.006551231862482541
cnv_depth__IBNLCO_04143__IBNLCO_04143__gene,-0.0065467241386472225,0.0065467241386472225
cnv_depth__IBNLCO_04919__gnl|Bakta|IBNLCO_04919__CDS,0.006542370983518509,0.006542370983518509
cnv_depth__IBNLCO_01913__putative__CDS,0.006537330687049751,0.006537330687049751
cnv_depth__IBNLCO_05642__Succinyl-CoA--L-malate__CDS__promoter,0.006534613897481925,0.006534613897481925
cnv_depth__IBNLCO_02734__IBNLCO_02734__gene,0.006533890277254165,0.006533890277254165
cnv_depth__IBNLCO_02172__IBNLCO_02172__gene,0.0065324498766639125,0.0065324498766639125
cnv_depth__IBNLCO_04594__IBNLCO_04594__gene__promoter,-0.006523028190344877,0.006523028190344877
cnv_depth__IBNLCO_02331__Alkane__CDS__promoter,0.006522654266754204,0.006522654266754204
cnv_depth__IBNLCO_01055__hypothetical__CDS__promoter,-0.006517011448116683,0.006517011448116683
cnv_depth__IBNLCO_00456__DUF2970__CDS__promoter,-0.006516985151657602,0.006516985151657602
cnv_depth__IBNLCO_00494__IBNLCO_00494__gene__promoter,-0.0065131408505445685,0.0065131408505445685
cnv_depth__IBNLCO_05210__IBNLCO_05210__gene__promoter,0.006506976583138416,0.006506976583138416
cnv_depth__IBNLCO_01701__IBNLCO_01701__gene__promoter,-0.006498399649044347,0.006498399649044347
cnv_depth__IBNLCO_04594__2%2C4-dienoyl-CoA__CDS,-0.006497784085885222,0.006497784085885222
cnv_depth__IBNLCO_01981__IBNLCO_01981__gene__promoter,-0.006492133696894974,0.006492133696894974
cnv_depth__IBNLCO_00548__IBNLCO_00548__gene,-0.006490143056240034,0.006490143056240034
cnv_depth__IBNLCO_00801__Hemin__CDS,-0.006488674473483089,0.006488674473483089
cnv_depth__IBNLCO_02279__Nitrate__CDS__promoter,-0.006487413780358329,0.006487413780358329
cnv_depth__IBNLCO_01505__gnl|Bakta|IBNLCO_01505__CDS,-0.006485244770744583,0.006485244770744583
cnv_depth__IBNLCO_01149__Carbonic__CDS__promoter,0.006481632296748182,0.006481632296748182
cnv_depth__IBNLCO_04599__Formylmethanofuran__CDS__promoter,-0.006478076066083266,0.006478076066083266
cnv_depth__IBNLCO_01353__Transcriptional__CDS,-0.006475362905571468,0.006475362905571468
cnv_depth__IBNLCO_03202__IBNLCO_03202__gene__promoter,0.006468642376143599,0.006468642376143599
cnv_depth__IBNLCO_04206__Beta-alanine--pyruvate__CDS__promoter,0.006464701759792835,0.006464701759792835
cnv_depth__IBNLCO_04387__IBNLCO_04387__gene__promoter,0.006463388343136373,0.006463388343136373
cnv_depth__IBNLCO_01310__Transcription__CDS,-0.006463166021365592,0.006463166021365592
cnv_depth__IBNLCO_04767__diguanylate__CDS__promoter,-0.006458093103734027,0.006458093103734027
cnv_depth__IBNLCO_01301__IBNLCO_01301__gene__promoter,-0.006451776315729851,0.006451776315729851
cnv_depth__IBNLCO_05703__IBNLCO_05703__gene,0.006444529942512094,0.006444529942512094
cnv_depth__IBNLCO_02004__IBNLCO_02004__gene,0.006433355674679993,0.006433355674679993
cnv_depth__IBNLCO_01480__hypothetical__CDS__promoter,0.006424323736610461,0.006424323736610461
cnv_depth__IBNLCO_03692__Heme__CDS,0.0064209213658093355,0.0064209213658093355
cnv_depth__IBNLCO_02927__Biopolymer__CDS,0.00642052149846142,0.00642052149846142
cnv_depth__IBNLCO_02120__Isoprenyl__CDS,-0.006420400493319524,0.006420400493319524
cnv_depth__IBNLCO_01351__IBNLCO_01351__gene__promoter,-0.006416199871565373,0.006416199871565373
cnv_depth__IBNLCO_05221__IBNLCO_05221__gene,-0.006415390757679773,0.006415390757679773
cnv_depth__IBNLCO_04514__LysR__CDS,-0.0064144972232943525,0.0064144972232943525
cnv_depth__IBNLCO_01295__IBNLCO_01295__gene__promoter,-0.006411178238695806,0.006411178238695806
cnv_depth__IBNLCO_05342__gnl|Bakta|IBNLCO_05342__CDS,0.0064066271901831225,0.0064066271901831225
cnv_depth__IBNLCO_04612__PABS__CDS,-0.0064016284368499455,0.0064016284368499455
cnv_depth__IBNLCO_01417__IBNLCO_01417__gene__promoter,0.006399624785726783,0.006399624785726783
cnv_depth__IBNLCO_00051__Phenylacetaldehyde__CDS__promoter,0.0063935613371700825,0.0063935613371700825
cnv_depth__IBNLCO_00317__IBNLCO_00317__gene__promoter,-0.00639067520780793,0.00639067520780793
cnv_depth__IBNLCO_04752__Lipid__CDS__promoter,-0.006388661291831103,0.006388661291831103
cnv_depth__IBNLCO_02254__IBNLCO_02254__gene,-0.00637695608131264,0.00637695608131264
cnv_depth__IBNLCO_05066__hipB__gene__promoter,0.00637423844406382,0.00637423844406382
cnv_depth__IBNLCO_03859__IBNLCO_03859__gene__promoter,0.006371441812874049,0.006371441812874049
cnv_depth__IBNLCO_00423__IBNLCO_00423__gene__promoter,0.006362702207003414,0.006362702207003414
cnv_depth__IBNLCO_04531__luxP__gene__promoter,0.006358511860817828,0.006358511860817828
cnv_depth__IBNLCO_01286__IBNLCO_01286__gene__promoter,0.006355555511678098,0.006355555511678098
cnv_depth__IBNLCO_00796__IBNLCO_00796__gene__promoter,0.0063543316218619555,0.0063543316218619555
cnv_depth__IBNLCO_01896__IBNLCO_01896__gene__promoter,-0.006353821043988308,0.006353821043988308
cnv_depth__IBNLCO_05727__PRC-barrel__CDS__promoter,0.006352506494579543,0.006352506494579543
cnv_depth__IBNLCO_03387__putA__gene__promoter,0.006347496635538265,0.006347496635538265
cnv_depth__IBNLCO_04044__IBNLCO_04044__gene,-0.006347209157705194,0.006347209157705194
cnv_depth__IBNLCO_00920__IBNLCO_00920__gene,0.006340729814010025,0.006340729814010025
cnv_depth__IBNLCO_05240__Purine__CDS,-0.006332384675102839,0.006332384675102839
cnv_depth__IBNLCO_04490__hypothetical__CDS,-0.006322704623673726,0.006322704623673726
cnv_depth__IBNLCO_00541__3-deoxy-D-manno-octulosonate__CDS,0.006319748334569533,0.006319748334569533
cnv_depth__IBNLCO_03738__IBNLCO_03738__gene__promoter,0.006309446859361563,0.006309446859361563
cnv_depth__IBNLCO_03486__N-6__CDS__promoter,0.006307794206272612,0.006307794206272612
cnv_depth__IBNLCO_04464__YiaAB__CDS,-0.006307667470864483,0.006307667470864483
cnv_depth__IBNLCO_05726__CBS__CDS,-0.006307534561148707,0.006307534561148707
cnv_depth__IBNLCO_02898__IBNLCO_02898__gene,-0.006301383927005235,0.006301383927005235
cnv_depth__IBNLCO_00509__IBNLCO_00509__gene__promoter,0.006299315045124285,0.006299315045124285
cnv_depth__IBNLCO_04710__hypothetical__CDS__promoter,-0.006298416343213497,0.006298416343213497
cnv_depth__IBNLCO_05729__IBNLCO_05729__gene,0.0062980437385699055,0.0062980437385699055
cnv_depth__IBNLCO_04708__Nitrate__CDS__promoter,0.00629784210662747,0.00629784210662747
cnv_depth__IBNLCO_04411__IBNLCO_04411__gene__promoter,0.0062917636051058575,0.0062917636051058575
cnv_depth__IBNLCO_03487__IBNLCO_03487__gene,0.0062896253872238095,0.0062896253872238095
cnv_depth__IBNLCO_02202__IBNLCO_02202__gene,-0.00628930612427979,0.00628930612427979
cnv_depth__IBNLCO_04315__UspA__CDS,0.006284151139745175,0.006284151139745175
cnv_depth__IBNLCO_01940__Molybdopterin__CDS__promoter,-0.006283096845335306,0.006283096845335306
cnv_depth__IBNLCO_01508__IBNLCO_01508__gene__promoter,-0.006281187075361986,0.006281187075361986
cnv_depth__IBNLCO_02854__secD__gene,0.0062785054844210625,0.0062785054844210625
cnv_depth__IBNLCO_02307__IBNLCO_02307__gene,0.006277533556819165,0.006277533556819165
cnv_depth__IBNLCO_00399__IBNLCO_00399__gene,0.006276762737361139,0.006276762737361139
cnv_depth__IBNLCO_03436__IBNLCO_03436__gene__promoter,0.0062767032175183165,0.0062767032175183165
cnv_depth__IBNLCO_05780__IBNLCO_05780__gene,0.006275501107705715,0.006275501107705715
cnv_depth__IBNLCO_02276__trnfM__gene__promoter,0.006269457566037308,0.006269457566037308
cnv_depth__IBNLCO_04527__Ferrichrome__CDS,0.006265096618043181,0.006265096618043181
cnv_depth__IBNLCO_01902__IBNLCO_01902__gene__promoter,-0.006262196807964523,0.006262196807964523
cnv_depth__IBNLCO_03569__Pyruvate__CDS__promoter,0.006261151431433887,0.006261151431433887
cnv_depth__IBNLCO_04318__IBNLCO_04318__gene__promoter,-0.006259536007152439,0.006259536007152439
cnv_depth__IBNLCO_02273__folD__gene__promoter,-0.006252928783591394,0.006252928783591394
cnv_depth__IBNLCO_03804__2-aminoethylphosphonate__CDS__promoter,-0.006247694191061853,0.006247694191061853
cnv_depth__IBNLCO_00793__efflux__CDS,-0.006246070002839649,0.006246070002839649
cnv_depth__IBNLCO_04691__IBNLCO_04691__gene__promoter,0.006245487461985429,0.006245487461985429
cnv_depth__IBNLCO_05492__IBNLCO_05492__gene,-0.006243373224505663,0.006243373224505663
cnv_depth__IBNLCO_03056__hypothetical__CDS__promoter,-0.006241865520973345,0.006241865520973345
cnv_depth__IBNLCO_02101__SsrA-binding__CDS,0.006238081552692464,0.006238081552692464
cnv_depth__IBNLCO_04552__DNA-binding__CDS,0.0062360437598002645,0.0062360437598002645
cnv_depth__IBNLCO_04853__IBNLCO_04853__gene,-0.006232252737638924,0.006232252737638924
cnv_depth__IBNLCO_04880__Type__CDS__promoter,-0.006229391449207201,0.006229391449207201
cnv_depth__IBNLCO_04397__IBNLCO_04397__gene__promoter,-0.0062226801224333425,0.0062226801224333425
cnv_depth__IBNLCO_03750__ceoB__gene__promoter,0.006219890339349868,0.006219890339349868
cnv_depth__IBNLCO_03609__LysR__CDS__promoter,0.006218863022483027,0.006218863022483027
cnv_depth__IBNLCO_01918__Bile__CDS__promoter,-0.006215387163026671,0.006215387163026671
cnv_depth__IBNLCO_01673__phosphoribosylglycinamide__CDS,-0.006214024380661385,0.006214024380661385
cnv_depth__IBNLCO_01966__Nitrous-oxide__CDS__promoter,0.006207294807498501,0.006207294807498501
cnv_depth__IBNLCO_04568__IBNLCO_04568__gene__promoter,-0.006205188428087944,0.006205188428087944
cnv_depth__IBNLCO_01500__IBNLCO_01500__gene,-0.006199009790042137,0.006199009790042137
cnv_depth__IBNLCO_02667__dTDP-glucose__CDS__promoter,-0.006198708981504335,0.006198708981504335
cnv_depth__IBNLCO_01198__IBNLCO_01198__gene__promoter,0.006196781558306359,0.006196781558306359
cnv_depth__IBNLCO_03931__HTH__CDS,0.006193736705741661,0.006193736705741661
cnv_depth__IBNLCO_01695__IBNLCO_01695__gene,-0.006191683810081661,0.006191683810081661
cnv_depth__IBNLCO_04061__Peptidase__CDS__promoter,0.006190942225872893,0.006190942225872893
cnv_depth__IBNLCO_02136__IBNLCO_02136__gene,-0.006187510971302455,0.006187510971302455
cnv_depth__IBNLCO_04643__Linear__CDS__promoter,-0.006186451717254693,0.006186451717254693
cnv_depth__IBNLCO_05175__IBNLCO_05175__gene__promoter,0.006183764143017149,0.006183764143017149
cnv_depth__IBNLCO_00055__Glucose-methanol-choline__CDS__promoter,-0.006182848306994049,0.006182848306994049
cnv_depth__IBNLCO_02772__capsular__CDS__promoter,-0.006182540749725986,0.006182540749725986
cnv_depth__IBNLCO_01235__hypothetical__CDS,0.006182038287295383,0.006182038287295383
cnv_depth__IBNLCO_01374__OmpA-like__CDS__promoter,-0.0061776935318462595,0.0061776935318462595
cnv_depth__IBNLCO_03350__PIN__CDS__promoter,0.006175838739062553,0.006175838739062553
cnv_depth__IBNLCO_00121__esaR__gene,0.006175089968200348,0.006175089968200348
cnv_depth__IBNLCO_03643__HTH__CDS__promoter,0.0061732733663033175,0.0061732733663033175
cnv_depth__IBNLCO_04616__peptidylprolyl__CDS__promoter,-0.006172195151488391,0.006172195151488391
cnv_depth__IBNLCO_03283__fieF__gene__promoter,0.0061694553626770645,0.0061694553626770645
cnv_depth__IBNLCO_04536__gnl|Bakta|IBNLCO_04536__CDS,-0.00616846271692986,0.00616846271692986
cnv_depth__IBNLCO_01729__IBNLCO_01729__gene,-0.0061659696652921,0.0061659696652921
cnv_depth__IBNLCO_03718__IBNLCO_03718__gene,0.006150421390252588,0.006150421390252588
cnv_depth__IBNLCO_02511__IBNLCO_02511__gene__promoter,0.006150310106038647,0.006150310106038647
cnv_depth__IBNLCO_00957__Oxidoreductase__CDS__promoter,0.006144585802132269,0.006144585802132269
cnv_depth__IBNLCO_02260__gnl|Bakta|IBNLCO_02260__CDS,-0.0061381546446136375,0.0061381546446136375
cnv_depth__IBNLCO_04423__HTH__CDS,-0.006135682620316137,0.006135682620316137
cnv_depth__IBNLCO_04775__Beta-peptidyl__CDS__promoter,0.0061351217062399965,0.0061351217062399965
cnv_depth__IBNLCO_04029__Alpha/beta__CDS,-0.006131006466642791,0.006131006466642791
cnv_depth__IBNLCO_01884__Poly-beta-hydroxybutyrate__CDS,-0.006130577063190966,0.006130577063190966
cnv_depth__IBNLCO_00914__copC__gene,-0.0061281937557109405,0.0061281937557109405
cnv_depth__IBNLCO_03063__IBNLCO_03063__gene__promoter,0.0061242580216759835,0.0061242580216759835
cnv_depth__IBNLCO_04550__IBNLCO_04550__gene__promoter,-0.006123498621997728,0.006123498621997728
cnv_depth__IBNLCO_04345__IBNLCO_04345__gene__promoter,0.006122662578492912,0.006122662578492912
cnv_depth__IBNLCO_01438__5-deoxy-glucuronate__CDS__promoter,-0.0061192243883103035,0.0061192243883103035
cnv_depth__IBNLCO_02191__TupA-like__CDS,0.00611575613357793,0.00611575613357793
cnv_depth__IBNLCO_05163__IBNLCO_05163__gene__promoter,0.00611521900544664,0.00611521900544664
cnv_depth__IBNLCO_02225__MBL__CDS,-0.00611320105014929,0.00611320105014929
cnv_depth__IBNLCO_03808__IBNLCO_03808__gene__promoter,-0.0061055808889788005,0.0061055808889788005
cnv_depth__IBNLCO_02243__DNA__CDS,0.006104823509507144,0.006104823509507144
cnv_depth__IBNLCO_03600__IBNLCO_03600__gene,0.006101426693660477,0.006101426693660477
cnv_depth__IBNLCO_04855__hypothetical__CDS__promoter,-0.006100730575175966,0.006100730575175966
cnv_depth__IBNLCO_04074__IBNLCO_04074__gene__promoter,0.0060996086655755516,0.0060996086655755516
cnv_depth__IBNLCO_03155__IBNLCO_03155__gene,-0.0060979425888188655,0.0060979425888188655
cnv_depth__IBNLCO_00873__IBNLCO_00873__gene__promoter,0.006092581472045365,0.006092581472045365
cnv_depth__IBNLCO_00990__IBNLCO_00990__gene__promoter,-0.006092251984280079,0.006092251984280079
cnv_depth__IBNLCO_02589__IBNLCO_02589__gene__promoter,-0.006091744234999246,0.006091744234999246
cnv_depth__IBNLCO_03763__fkbH__gene,0.00609061583923646,0.00609061583923646
cnv_depth__IBNLCO_04310__IBNLCO_04310__gene__promoter,-0.00608790842289078,0.00608790842289078
cnv_depth__IBNLCO_02523__IBNLCO_02523__gene,-0.006083535113585517,0.006083535113585517
cnv_depth__IBNLCO_01869__IBNLCO_01869__gene__promoter,-0.006078118811348102,0.006078118811348102
cnv_depth__IBNLCO_01366__IBNLCO_01366__gene__promoter,-0.00607556303657028,0.00607556303657028
cnv_depth__IBNLCO_03768__IBNLCO_03768__gene__promoter,0.006071643493098549,0.006071643493098549
cnv_depth__IBNLCO_00778__N5-carboxyaminoimidazole__CDS,-0.006070134300052424,0.006070134300052424
cnv_depth__IBNLCO_01732__AraC__CDS__promoter,-0.0060696422243150935,0.0060696422243150935
cnv_depth__IBNLCO_00359__Sodium%2C__CDS__promoter,0.0060658234587183685,0.0060658234587183685
cnv_depth__IBNLCO_05837__Glutamine__CDS__promoter,0.00606518953166732,0.00606518953166732
cnv_depth__IBNLCO_00324__Methyl-accepting__CDS__promoter,0.006055889327388837,0.006055889327388837
cnv_depth__IBNLCO_04267__H-NS-like__CDS__promoter,-0.006054898724014347,0.006054898724014347
cnv_depth__IBNLCO_03946__IBNLCO_03946__gene,-0.0060542434922643325,0.0060542434922643325
cnv_depth__unknown__unknown__regulatory.13,0.006051891725729194,0.006051891725729194
cnv_depth__IBNLCO_04164__gnl|Bakta|IBNLCO_04164__CDS__promoter,-0.0060485196816363815,0.0060485196816363815
cnv_depth__IBNLCO_04705__Nitrate/nitrite__CDS__promoter,-0.006048276423140176,0.006048276423140176
cnv_depth__IBNLCO_05625__Uncharacterized__CDS__promoter,0.006045691512024651,0.006045691512024651
cnv_depth__IBNLCO_02849__IBNLCO_02849__gene,-0.006045514190107039,0.006045514190107039
cnv_depth__IBNLCO_04287__histidine__CDS,-0.006042097380020954,0.006042097380020954
cnv_depth__IBNLCO_00570__IBNLCO_00570__gene,0.006038661486251771,0.006038661486251771
cnv_depth__IBNLCO_02882__ruvC__gene,-0.006034288167042524,0.006034288167042524
cnv_depth__IBNLCO_04537__IBNLCO_04537__gene,-0.00603385796171932,0.00603385796171932
cnv_depth__IBNLCO_02607__gnl|Bakta|IBNLCO_02607__CDS,-0.006032947130432916,0.006032947130432916
cnv_depth__IBNLCO_04960__EamA__CDS__promoter,-0.006031944789367317,0.006031944789367317
cnv_depth__IBNLCO_02347__IBNLCO_02347__gene,-0.0060278020960004754,0.0060278020960004754
cnv_depth__IBNLCO_02597__DUF3088__CDS,-0.0060232645870171185,0.0060232645870171185
cnv_depth__IBNLCO_02399__IBNLCO_02399__gene__promoter,0.006023198901750093,0.006023198901750093
cnv_depth__IBNLCO_04092__hypothetical__CDS,0.0060216898289620355,0.0060216898289620355
cnv_depth__IBNLCO_05850__Arsenate__CDS,0.006020933280198073,0.006020933280198073
cnv_depth__IBNLCO_05436__Outer__CDS__promoter,-0.006020896838989322,0.006020896838989322
cnv_depth__IBNLCO_01381__Alpha/beta__CDS__promoter,-0.006013734982019605,0.006013734982019605
cnv_depth__IBNLCO_01300__Ribonuclease__CDS,-0.006013101088888294,0.006013101088888294
cnv_depth__IBNLCO_01501__Transcriptional__CDS,-0.006011598290309453,0.006011598290309453
cnv_depth__IBNLCO_04087__IBNLCO_04087__gene__promoter,0.006009282629730847,0.006009282629730847
cnv_depth__IBNLCO_03901__Amidohydrolase__CDS__promoter,0.006009150090201091,0.006009150090201091
cnv_depth__IBNLCO_02168__hypothetical__CDS__promoter,0.006006501125352956,0.006006501125352956
cnv_depth__IBNLCO_01111__mabA__gene__promoter,-0.006000300236192024,0.006000300236192024
cnv_depth__IBNLCO_05271__hypothetical__CDS__promoter,-0.005998813815710367,0.005998813815710367
cnv_depth__IBNLCO_04913__VOC__CDS,0.005994538859221409,0.005994538859221409
cnv_depth__IBNLCO_04734__IBNLCO_04734__gene__promoter,-0.005994379444703832,0.005994379444703832
cnv_depth__IBNLCO_05676__IBNLCO_05676__gene,-0.005994153464586643,0.005994153464586643
cnv_depth__IBNLCO_04968__Copper-containing__CDS__promoter,-0.0059926522765441385,0.0059926522765441385
cnv_depth__IBNLCO_04100__IBNLCO_04100__gene__promoter,0.005992003184627182,0.005992003184627182
cnv_depth__IBNLCO_01407__IBNLCO_01407__gene,0.005991495731351945,0.005991495731351945
cnv_depth__IBNLCO_01027__hlyU__gene,0.00599006462914194,0.00599006462914194
cnv_depth__IBNLCO_04432__Voltage-gated__CDS__promoter,-0.005984856189378419,0.005984856189378419
cnv_depth__IBNLCO_02811__IBNLCO_02811__gene__promoter,0.0059834558120553695,0.0059834558120553695
cnv_depth__IBNLCO_01983__Phosphinothricin__CDS__promoter,-0.005978441467653306,0.005978441467653306
cnv_depth__IBNLCO_00965__hypothetical__CDS__promoter,0.0059736959496067745,0.0059736959496067745
cnv_depth__IBNLCO_05628__IBNLCO_05628__gene__promoter,-0.005973149411096522,0.005973149411096522
cnv_depth__IBNLCO_05288__histidine__CDS__promoter,-0.005968106866510173,0.005968106866510173
cnv_depth__IBNLCO_04882__Secretion__CDS__promoter,0.005956560826370199,0.005956560826370199
cnv_depth__IBNLCO_01368__Two__CDS__promoter,0.005955941562081288,0.005955941562081288
cnv_depth__IBNLCO_04479__Lipid__CDS,-0.00595477687890751,0.00595477687890751
cnv_depth__IBNLCO_02593__IBNLCO_02593__gene__promoter,-0.005954022375889799,0.005954022375889799
cnv_depth__IBNLCO_01645__Outer__CDS__promoter,-0.005948215984401247,0.005948215984401247
cnv_depth__IBNLCO_05074__hypothetical__CDS__promoter,-0.005945184283719671,0.005945184283719671
cnv_depth__IBNLCO_02708__IBNLCO_02708__gene,-0.00594175456126864,0.00594175456126864
cnv_depth__IBNLCO_05655__IBNLCO_05655__gene,0.005939642498230851,0.005939642498230851
cnv_depth__IBNLCO_04179__IBNLCO_04179__gene,-0.005934493118653756,0.005934493118653756
cnv_depth__IBNLCO_04960__eamA__gene,-0.005934235270247318,0.005934235270247318
cnv_depth__IBNLCO_05521__UDP-N-acetylglucosamine__CDS,0.005933424922983704,0.005933424922983704
cnv_depth__IBNLCO_04799__IBNLCO_04799__gene,-0.005917306937776737,0.005917306937776737
cnv_depth__IBNLCO_02030__IBNLCO_02030__gene__promoter,-0.005915122221206901,0.005915122221206901
cnv_depth__IBNLCO_00363__IBNLCO_00363__gene,-0.005914580601674223,0.005914580601674223
cnv_depth__IBNLCO_01538__Pilus__CDS,-0.005910133014320696,0.005910133014320696
cnv_depth__IBNLCO_03669__IBNLCO_03669__gene,0.005906540864154771,0.005906540864154771
cnv_depth__IBNLCO_03898__IBNLCO_03898__gene__promoter,0.005902979265938087,0.005902979265938087
cnv_depth__IBNLCO_00905__IBNLCO_00905__gene,0.0059023431819111806,0.0059023431819111806
cnv_depth__IBNLCO_05683__IBNLCO_05683__gene__promoter,0.005900814657598385,0.005900814657598385
cnv_depth__IBNLCO_00090__Betaproteobacteria_toxic_sRNA__gene__promoter,0.005899740812522062,0.005899740812522062
cnv_depth__IBNLCO_04800__IBNLCO_04800__gene,0.005894176904165837,0.005894176904165837
cnv_depth__IBNLCO_05663__IBNLCO_05663__gene,-0.005890368345515113,0.005890368345515113
cnv_depth__IBNLCO_02237__hypothetical__CDS,-0.005887973311119581,0.005887973311119581
cnv_depth__IBNLCO_04306__hypothetical__CDS__promoter,0.005886871254648278,0.005886871254648278
cnv_depth__IBNLCO_03600__hypothetical__CDS__promoter,0.005880480921291969,0.005880480921291969
cnv_depth__IBNLCO_00276__ycgR__gene,-0.005880456674381456,0.005880456674381456
cnv_depth__IBNLCO_01361__IBNLCO_01361__gene__promoter,-0.005871130147940237,0.005871130147940237
cnv_depth__IBNLCO_04790__Alanine--tRNA__CDS__promoter,-0.005867229144547795,0.005867229144547795
cnv_depth__IBNLCO_00510__IBNLCO_00510__gene__promoter,-0.005864168086441361,0.005864168086441361
cnv_depth__IBNLCO_01110__Uracil__CDS__promoter,-0.005863894936449099,0.005863894936449099
cnv_depth__IBNLCO_04764__3-deoxy-7-phosphoheptulonate__CDS,0.00586335784543685,0.00586335784543685
cnv_depth__IBNLCO_04240__marR__gene,-0.005862798955924358,0.005862798955924358
cnv_depth__IBNLCO_04843__IBNLCO_04843__gene,-0.005853835690644224,0.005853835690644224
cnv_depth__IBNLCO_01852__hypothetical__CDS,0.005844866663866397,0.005844866663866397
cnv_depth__IBNLCO_01521__IBNLCO_01521__gene,0.005844275793374556,0.005844275793374556
cnv_depth__IBNLCO_03838__IBNLCO_03838__gene__promoter,0.005843565769316263,0.005843565769316263
cnv_depth__IBNLCO_00585__IBNLCO_00585__gene__promoter,0.005840858942487822,0.005840858942487822
cnv_depth__IBNLCO_04266__IBNLCO_04266__gene,-0.005833985135518324,0.005833985135518324
cnv_depth__IBNLCO_00981__HTH__CDS,-0.005833207380135391,0.005833207380135391
cnv_depth__IBNLCO_01564__IBNLCO_01564__gene,-0.005830124733845241,0.005830124733845241
cnv_depth__IBNLCO_02226__Outer__CDS,-0.005828252560491909,0.005828252560491909
cnv_depth__IBNLCO_02897__Betaproteobacteria_toxic_sRNA__gene,0.005823911332282319,0.005823911332282319
cnv_depth__IBNLCO_03265__IBNLCO_03265__gene,0.005823891875617627,0.005823891875617627
cnv_depth__IBNLCO_01400__hypothetical__CDS,-0.005822180126960651,0.005822180126960651
cnv_depth__IBNLCO_02067__hypothetical__CDS__promoter,-0.00581906760724179,0.00581906760724179
cnv_depth__IBNLCO_02287__Sensory__CDS__promoter,-0.005817840989057499,0.005817840989057499
cnv_depth__IBNLCO_01219__IBNLCO_01219__gene__promoter,0.0058122645132450725,0.0058122645132450725
cnv_depth__IBNLCO_03017__ftsW__gene,0.00580762413009714,0.00580762413009714
cnv_depth__IBNLCO_03865__hypothetical__CDS__promoter,0.005806643403356943,0.005806643403356943
cnv_depth__IBNLCO_04992__Type__CDS__promoter,-0.005806156640588947,0.005806156640588947
cnv_depth__IBNLCO_02437__GTP__CDS,-0.0058048096375253174,0.0058048096375253174
cnv_depth__IBNLCO_02971__IBNLCO_02971__gene__promoter,0.005803710815118911,0.005803710815118911
cnv_depth__IBNLCO_01057__Glyoxalase/fosfomycin__CDS__promoter,-0.0057983112083323995,0.0057983112083323995
cnv_depth__IBNLCO_01474__Lysophospholipid__CDS__promoter,-0.005797435897121183,0.005797435897121183
cnv_depth__IBNLCO_01269__DUF2239__CDS,0.005797426942286564,0.005797426942286564
cnv_depth__IBNLCO_00769__IBNLCO_00769__gene,0.005797013546359878,0.005797013546359878
cnv_depth__IBNLCO_00062__Bifunctional__CDS,-0.005796150918713497,0.005796150918713497
cnv_depth__IBNLCO_02012__trnD__gene,-0.005795147859022748,0.005795147859022748
cnv_depth__IBNLCO_04910__Transcriptional__CDS,-0.00579369878828708,0.00579369878828708
cnv_depth__IBNLCO_02848__IBNLCO_02848__gene__promoter,0.005793102269590666,0.005793102269590666
cnv_depth__IBNLCO_01099__plcR__gene,-0.005791985739730517,0.005791985739730517
cnv_depth__IBNLCO_02841__IBNLCO_02841__gene,0.005789543106525487,0.005789543106525487
cnv_depth__IBNLCO_02245__Lipoprotein-releasing__CDS__promoter,-0.005787349785244351,0.005787349785244351
cnv_depth__IBNLCO_04167__tctD__gene,-0.005785528558738704,0.005785528558738704
cnv_depth__IBNLCO_02286__ntrC__gene,-0.005784080434797658,0.005784080434797658
cnv_depth__IBNLCO_02549__Cold-shock__CDS,0.0057824090049699295,0.0057824090049699295
cnv_depth__IBNLCO_01731__IBNLCO_01731__gene,-0.005782141682310887,0.005782141682310887
cnv_depth__IBNLCO_00551__hypothetical__CDS__promoter,-0.005781499741421368,0.005781499741421368
cnv_depth__IBNLCO_04967__IBNLCO_04967__gene__promoter,-0.005780773631117879,0.005780773631117879
cnv_depth__IBNLCO_02489__Electron__CDS__promoter,0.005777848714663055,0.005777848714663055
cnv_depth__IBNLCO_05301__Cupin__CDS__promoter,-0.0057766907491559995,0.0057766907491559995
cnv_depth__IBNLCO_02261__IBNLCO_02261__gene,-0.0057759230674681705,0.0057759230674681705
cnv_depth__IBNLCO_03245__paaD__gene__promoter,0.005772849371744302,0.005772849371744302
cnv_depth__IBNLCO_03051__IBNLCO_03051__gene,0.00577193905058953,0.00577193905058953
cnv_depth__IBNLCO_05211__IBNLCO_05211__gene__promoter,0.005769540488871594,0.005769540488871594
cnv_depth__IBNLCO_00340__IBNLCO_00340__gene,-0.005768598348852929,0.005768598348852929
cnv_depth__IBNLCO_01880__rimO__gene,-0.0057640327356641135,0.0057640327356641135
cnv_depth__IBNLCO_00231__Flagellar__CDS__promoter,0.005760198365990527,0.005760198365990527
cnv_depth__IBNLCO_02595__gluA__gene__promoter,-0.005756325333307549,0.005756325333307549
cnv_depth__IBNLCO_02478__Large__CDS,-0.005755224406781693,0.005755224406781693
cnv_depth__IBNLCO_00795__gnl|Bakta|IBNLCO_00795__CDS__promoter,0.005752806140372155,0.005752806140372155
cnv_depth__IBNLCO_05110__Type__CDS,0.005751277803863536,0.005751277803863536
cnv_depth__IBNLCO_02803__IBNLCO_02803__gene__promoter,0.005750857150945698,0.005750857150945698
cnv_depth__IBNLCO_02027__IBNLCO_02027__gene,-0.005749632104045262,0.005749632104045262
cnv_depth__IBNLCO_01572__IBNLCO_01572__gene__promoter,-0.0057444150350199116,0.0057444150350199116
cnv_depth__IBNLCO_02770__wcbT__gene,-0.005744284825094551,0.005744284825094551
cnv_depth__IBNLCO_04475__IBNLCO_04475__gene__promoter,-0.005742497262064825,0.005742497262064825
cnv_depth__IBNLCO_05290__IBNLCO_05290__gene,0.005739666692323647,0.005739666692323647
cnv_depth__IBNLCO_01881__Polyhydroxyalkanoate__CDS__promoter,-0.005739287678297062,0.005739287678297062
cnv_depth__IBNLCO_04696__ugpC__gene__promoter,0.0057354474748651,0.0057354474748651
cnv_depth__IBNLCO_04172__hypothetical__CDS__promoter,0.005729343065548013,0.005729343065548013
cnv_depth__IBNLCO_04726__IBNLCO_04726__gene__promoter,0.005727865835046937,0.005727865835046937
cnv_depth__IBNLCO_02943__VOC__CDS__promoter,0.005712954753740135,0.005712954753740135
cnv_depth__IBNLCO_05595__IBNLCO_05595__gene,-0.005711530621370036,0.005711530621370036
cnv_depth__IBNLCO_00011__Type__CDS__promoter,0.005710914798097071,0.005710914798097071
cnv_depth__IBNLCO_02044__BTH_s19__gene__promoter,-0.005706343007888416,0.005706343007888416
cnv_depth__IBNLCO_00633__IBNLCO_00633__gene,-0.00570539357252545,0.00570539357252545
cnv_depth__IBNLCO_04281__IBNLCO_04281__gene,-0.005704906545602945,0.005704906545602945
cnv_depth__IBNLCO_05388__araC__gene,-0.005704883450674995,0.005704883450674995
cnv_depth__IBNLCO_00488__IBNLCO_00488__gene__promoter,0.005704415615555953,0.005704415615555953
cnv_depth__IBNLCO_04767__diguanylate__CDS,-0.005702536982166364,0.005702536982166364
cnv_depth__IBNLCO_04323__IBNLCO_04323__gene,-0.005701206587423626,0.005701206587423626
cnv_depth__IBNLCO_02670__gnl|Bakta|IBNLCO_02670__CDS,-0.00570079741863727,0.00570079741863727
cnv_depth__IBNLCO_02854__secD__gene__promoter,0.0057003419708634906,0.0057003419708634906
cnv_depth__IBNLCO_03073__IBNLCO_03073__gene,0.005698335163920954,0.005698335163920954
cnv_depth__IBNLCO_01583__IBNLCO_01583__gene,-0.005696560209690578,0.005696560209690578
cnv_depth__IBNLCO_00294__IBNLCO_00294__gene,-0.005693590390483001,0.005693590390483001
cnv_depth__IBNLCO_03900__XapX__CDS,0.00568967376088127,0.00568967376088127
cnv_depth__IBNLCO_02262__IBNLCO_02262__gene__promoter,-0.0056894091901649934,0.0056894091901649934
cnv_depth__IBNLCO_04603__IBNLCO_04603__gene__promoter,-0.005688214731340573,0.005688214731340573
cnv_depth__IBNLCO_00278__flgL__gene,-0.00568667800754322,0.00568667800754322
cnv_depth__IBNLCO_03503__histidine__CDS,-0.00568626425373153,0.00568626425373153
cnv_depth__IBNLCO_04135__Membrane__CDS,-0.005682899803213253,0.005682899803213253
cnv_depth__IBNLCO_04398__IBNLCO_04398__gene,-0.005681108347000725,0.005681108347000725
cnv_depth__IBNLCO_00571__IBNLCO_00571__gene,0.0056807755705258235,0.0056807755705258235
cnv_depth__IBNLCO_05690__Type__CDS,-0.00568069429587487,0.00568069429587487
cnv_depth__IBNLCO_01333__tRNA-Pro(tgg)__tRNA,-0.005680566242450914,0.005680566242450914
cnv_depth__IBNLCO_00094__Glutamate--cysteine__CDS__promoter,-0.0056785199796142985,0.0056785199796142985
cnv_depth__IBNLCO_03486__N-6__CDS,0.005676626923554017,0.005676626923554017
cnv_depth__IBNLCO_04986__Type__CDS__promoter,-0.005675186455057584,0.005675186455057584
cnv_depth__IBNLCO_03636__IBNLCO_03636__gene,0.005675137317760117,0.005675137317760117
cnv_depth__IBNLCO_03560__IBNLCO_03560__gene__promoter,0.005674481619189941,0.005674481619189941
cnv_depth__IBNLCO_02696__IBNLCO_02696__gene__promoter,-0.005672782006335912,0.005672782006335912
cnv_depth__IBNLCO_01956__IBNLCO_01956__gene,-0.005672663693885484,0.005672663693885484
cnv_depth__IBNLCO_03939__IBNLCO_03939__gene__promoter,0.005671271186097046,0.005671271186097046
cnv_depth__IBNLCO_04856__IBNLCO_04856__gene__promoter,-0.005670904521600532,0.005670904521600532
cnv_depth__IBNLCO_02379__IBNLCO_02379__gene__promoter,-0.00566877530399222,0.00566877530399222
cnv_depth__IBNLCO_04059__IBNLCO_04059__gene,-0.005665412252009648,0.005665412252009648
cnv_depth__IBNLCO_03525__Cytochrome__CDS__promoter,0.005663999487287207,0.005663999487287207
cnv_depth__IBNLCO_05235__DUF2946__CDS,-0.005663903135817658,0.005663903135817658
cnv_depth__IBNLCO_04330__IBNLCO_04330__gene,-0.005659642640968051,0.005659642640968051
cnv_depth__IBNLCO_00304__lemA__gene,-0.0056595215023130035,0.0056595215023130035
cnv_depth__IBNLCO_05497__DUF4148__CDS__promoter,0.0056584751719985695,0.0056584751719985695
cnv_depth__IBNLCO_00341__IBNLCO_00341__gene,-0.005656894018137704,0.005656894018137704
cnv_depth__IBNLCO_02878__IBNLCO_02878__gene__promoter,0.005651328846645002,0.005651328846645002
cnv_depth__IBNLCO_04897__L-threonate__CDS__promoter,-0.005646804627208662,0.005646804627208662
cnv_depth__IBNLCO_05335__Acetylglutamate__CDS,0.005644186477413294,0.005644186477413294
cnv_depth__IBNLCO_03354__IBNLCO_03354__gene__promoter,0.005641207973897876,0.005641207973897876
cnv_depth__IBNLCO_00363__IBNLCO_00363__gene__promoter,-0.005633447538324242,0.005633447538324242
cnv_depth__IBNLCO_04739__IBNLCO_04739__gene,-0.005629135486528569,0.005629135486528569
cnv_depth__IBNLCO_02699__IBNLCO_02699__gene__promoter,0.005629087283685108,0.005629087283685108
cnv_depth__IBNLCO_05062__Cellulose__CDS,0.005628720226149808,0.005628720226149808
cnv_depth__IBNLCO_01060__VWA__CDS__promoter,0.0056276681016382175,0.0056276681016382175
cnv_depth__IBNLCO_03147__IBNLCO_03147__gene__promoter,0.0056276541581230305,0.0056276541581230305
cnv_depth__IBNLCO_01537__IBNLCO_01537__gene__promoter,0.005626566010299942,0.005626566010299942
cnv_depth__IBNLCO_02974__IBNLCO_02974__gene,0.005621624161370594,0.005621624161370594
cnv_depth__IBNLCO_00197__Response__CDS,0.005620989338624393,0.005620989338624393
cnv_depth__IBNLCO_00839__Epoxyqueuosine__CDS__promoter,-0.005620168264925424,0.005620168264925424
cnv_depth__IBNLCO_00824__Tryptophan__CDS,0.0056199367236465375,0.0056199367236465375
cnv_depth__IBNLCO_05034__Neutral__CDS__promoter,0.00561817517754033,0.00561817517754033
cnv_depth__IBNLCO_05140__IBNLCO_05140__gene__promoter,0.005616035222518877,0.005616035222518877
cnv_depth__IBNLCO_04405__Indoleacetamide__CDS,0.005615724890527219,0.005615724890527219
cnv_depth__IBNLCO_03562__IBNLCO_03562__gene__promoter,0.005615363556964746,0.005615363556964746
cnv_depth__IBNLCO_02999__pilC__gene,0.00561491234965694,0.00561491234965694
cnv_depth__IBNLCO_05456__IBNLCO_05456__gene__promoter,-0.005609494240799512,0.005609494240799512
cnv_depth__IBNLCO_00610__IBNLCO_00610__gene__promoter,-0.00560908683985694,0.00560908683985694
cnv_depth__IBNLCO_00988__NAD(P)-dependent__CDS,-0.005608732906007889,0.005608732906007889
cnv_depth__IBNLCO_03447__Glutathione__CDS,0.005605971634415305,0.005605971634415305
cnv_depth__IBNLCO_03439__L-threonine__CDS__promoter,-0.005602760571929603,0.005602760571929603
cnv_depth__IBNLCO_04666__hcpA__gene,-0.0056025427671196875,0.0056025427671196875
cnv_depth__IBNLCO_01215__IBNLCO_01215__gene__promoter,-0.005602147343647654,0.005602147343647654
cnv_depth__IBNLCO_03213__Large__CDS,0.005600140068128404,0.005600140068128404
cnv_depth__IBNLCO_02405__Protein-arginine__CDS,-0.005592406349944806,0.005592406349944806
cnv_depth__IBNLCO_05186__Tryptophan__CDS,-0.005591133031734961,0.005591133031734961
cnv_depth__IBNLCO_00888__IBNLCO_00888__gene,-0.005587656617468764,0.005587656617468764
cnv_depth__IBNLCO_03296__flhF__gene,0.005587019803026258,0.005587019803026258
cnv_depth__IBNLCO_03790__IBNLCO_03790__gene,0.0055866860835214124,0.0055866860835214124
cnv_depth__IBNLCO_00257__IBNLCO_00257__gene,-0.005575688992902069,0.005575688992902069
cnv_depth__IBNLCO_05676__IBNLCO_05676__gene__promoter,0.00557459893379811,0.00557459893379811
cnv_depth__IBNLCO_03588__dbpA__gene__promoter,0.005573714581886331,0.005573714581886331
cnv_depth__IBNLCO_04726__IBNLCO_04726__gene,0.005573386380809272,0.005573386380809272
cnv_depth__IBNLCO_04881__hypothetical__CDS__promoter,0.0055722445343877915,0.0055722445343877915
cnv_depth__IBNLCO_00180__mreB__gene,0.005571970914064195,0.005571970914064195
cnv_depth__IBNLCO_01271__Enoyl-[acyl-carrier-protein]__CDS,-0.005570799600849172,0.005570799600849172
cnv_depth__IBNLCO_03480__IBNLCO_03480__gene,-0.005569346176695752,0.005569346176695752
cnv_depth__IBNLCO_00064__IBNLCO_00064__gene,-0.00556852142239878,0.00556852142239878
cnv_depth__IBNLCO_05601__IBNLCO_05601__gene,-0.005567350096567898,0.005567350096567898
cnv_depth__IBNLCO_05774__IBNLCO_05774__gene__promoter,0.0055658651954061875,0.0055658651954061875
cnv_depth__IBNLCO_01311__IBNLCO_01311__gene__promoter,-0.00556333255356697,0.00556333255356697
cnv_depth__IBNLCO_03710__dhaL__gene__promoter,0.005562252133140224,0.005562252133140224
cnv_depth__IBNLCO_02682__IBNLCO_02682__gene__promoter,-0.00556167388614695,0.00556167388614695
cnv_depth__IBNLCO_01399__IBNLCO_01399__gene,-0.005557494056960669,0.005557494056960669
cnv_depth__IBNLCO_02865__IBNLCO_02865__gene__promoter,-0.00555745302697955,0.00555745302697955
cnv_depth__IBNLCO_04861__IBNLCO_04861__gene__promoter,-0.005554057827192662,0.005554057827192662
cnv_depth__IBNLCO_02730__glutaryl-CoA__CDS,0.0055522867110559615,0.0055522867110559615
cnv_depth__IBNLCO_00732__NADP-dependent__CDS,0.005550333782581053,0.005550333782581053
cnv_depth__IBNLCO_05793__IBNLCO_05793__gene__promoter,0.0055492006412968,0.0055492006412968
cnv_depth__IBNLCO_03821__IBNLCO_03821__gene,-0.005548631215502106,0.005548631215502106
cnv_depth__IBNLCO_04895__gnl|Bakta|IBNLCO_04895__CDS__promoter,0.005546836096588295,0.005546836096588295
cnv_depth__IBNLCO_02841__IBNLCO_02841__gene__promoter,-0.005546673667586009,0.005546673667586009
cnv_depth__IBNLCO_00742__nanT__gene__promoter,0.005544916080268958,0.005544916080268958
cnv_depth__IBNLCO_03800__IBNLCO_03800__gene,0.005542439037674978,0.005542439037674978
cnv_depth__IBNLCO_00913__Ribosomal__CDS__promoter,-0.005541270897442918,0.005541270897442918
cnv_depth__IBNLCO_01409__Spore__CDS,-0.005537043673112583,0.005537043673112583
cnv_depth__IBNLCO_01700__IBNLCO_01700__gene__promoter,-0.0055335284794850465,0.0055335284794850465
cnv_depth__IBNLCO_02216__tRNA__CDS,-0.005533244792409098,0.005533244792409098
cnv_depth__IBNLCO_04716__hypothetical__CDS__promoter,-0.005531912809498852,0.005531912809498852
cnv_depth__IBNLCO_01012__IBNLCO_01012__gene,-0.005528327855220989,0.005528327855220989
cnv_depth__IBNLCO_01982__ycfH__gene,-0.005526064164658746,0.005526064164658746
cnv_depth__IBNLCO_03317__IBNLCO_03317__gene__promoter,0.005525392438439382,0.005525392438439382
cnv_depth__IBNLCO_00790__efflux__CDS,0.005522803506327272,0.005522803506327272
cnv_depth__IBNLCO_03069__Xaa-Pro__CDS__promoter,0.00551913589453932,0.00551913589453932
cnv_depth__IBNLCO_05693__gnl|Bakta|IBNLCO_05693__CDS,0.005518325983414576,0.005518325983414576
cnv_depth__IBNLCO_03595__IBNLCO_03595__gene__promoter,-0.005516050641498257,0.005516050641498257
cnv_depth__IBNLCO_00638__IBNLCO_00638__gene__promoter,0.005512277915495384,0.005512277915495384
cnv_depth__IBNLCO_00482__IBNLCO_00482__gene,0.005509715192081382,0.005509715192081382
cnv_depth__IBNLCO_02831__Phosphite__CDS,0.005508133077946165,0.005508133077946165
cnv_depth__IBNLCO_03136__IBNLCO_03136__gene__promoter,0.00550651049879356,0.00550651049879356
cnv_depth__IBNLCO_03463__Amino__CDS__promoter,0.005503407252173289,0.005503407252173289
cnv_depth__IBNLCO_03716__IBNLCO_03716__gene,0.005501526630486315,0.005501526630486315
cnv_depth__IBNLCO_04942__IBNLCO_04942__gene,-0.005498959553849026,0.005498959553849026
cnv_depth__IBNLCO_01452__histidine__CDS__promoter,-0.005496229534974432,0.005496229534974432
cnv_depth__IBNLCO_02937__IBNLCO_02937__gene,0.005495456788121793,0.005495456788121793
cnv_depth__IBNLCO_00932__lptF__gene__promoter,0.005493453606054182,0.005493453606054182
cnv_depth__IBNLCO_01059__benE__gene,-0.005490149181942046,0.005490149181942046
cnv_depth__IBNLCO_02320__IBNLCO_02320__gene__promoter,-0.00548970419631213,0.00548970419631213
cnv_depth__IBNLCO_02715__Purine__CDS__promoter,0.0054871554964411855,0.0054871554964411855
cnv_depth__IBNLCO_05309__Carrier__CDS,-0.005485677760247371,0.005485677760247371
cnv_depth__IBNLCO_01365__IBNLCO_01365__gene__promoter,-0.00548525811198455,0.00548525811198455
cnv_depth__IBNLCO_02317__puuA__gene,-0.005484126383724306,0.005484126383724306
cnv_depth__IBNLCO_02509__DUF2059__CDS__promoter,0.005483903767449762,0.005483903767449762
cnv_depth__IBNLCO_04909__IBNLCO_04909__gene__promoter,-0.005481902156775697,0.005481902156775697
cnv_depth__IBNLCO_02506__hypothetical__CDS__promoter,0.00547811830927801,0.00547811830927801
cnv_depth__IBNLCO_00576__IBNLCO_00576__gene__promoter,0.005474326275789096,0.005474326275789096
cnv_depth__IBNLCO_02982__ampD__gene__promoter,0.005465407388593403,0.005465407388593403
cnv_depth__IBNLCO_02000__msrB__gene,-0.005463044466503188,0.005463044466503188
cnv_depth__IBNLCO_00994__Glutamine-dependent__CDS,-0.005448026526212466,0.005448026526212466
cnv_depth__IBNLCO_02243__DNA__CDS__promoter,-0.0054474097739189735,0.0054474097739189735
cnv_depth__IBNLCO_01439__Inosose__CDS__promoter,-0.005447048538883762,0.005447048538883762
cnv_depth__IBNLCO_00217__hypothetical__CDS,0.00544542133318672,0.00544542133318672
cnv_depth__IBNLCO_01292__hypothetical__CDS,0.005444808435708325,0.005444808435708325
cnv_depth__IBNLCO_05229__Spermidine/putrescine-binding__CDS__promoter,0.005442957442879469,0.005442957442879469
cnv_depth__IBNLCO_01405__IBNLCO_01405__gene,-0.005441796546686596,0.005441796546686596
cnv_depth__IBNLCO_03307__tsr__gene__promoter,0.005441634656016987,0.005441634656016987
cnv_depth__IBNLCO_02008__IBNLCO_02008__gene__promoter,0.005439239139739144,0.005439239139739144
cnv_depth__IBNLCO_03784__IBNLCO_03784__gene,0.0054387802302782885,0.0054387802302782885
cnv_depth__IBNLCO_03910__DJ-1/PfpI__CDS__promoter,0.0054381815336982525,0.0054381815336982525
cnv_depth__IBNLCO_02260__IBNLCO_02260__gene__promoter,-0.005437176268103966,0.005437176268103966
cnv_depth__IBNLCO_00468__IBNLCO_00468__gene,-0.005436810931600994,0.005436810931600994
cnv_depth__IBNLCO_02299__Putative__CDS__promoter,-0.005435505991883418,0.005435505991883418
cnv_depth__IBNLCO_02330__Deoxyribodipyrimidine__CDS__promoter,-0.0054327657110379455,0.0054327657110379455
cnv_depth__IBNLCO_01554__IBNLCO_01554__gene,-0.005431977970286292,0.005431977970286292
cnv_depth__IBNLCO_01886__Pseudouridine__CDS__promoter,-0.005431050641871627,0.005431050641871627
cnv_depth__IBNLCO_04751__Colicin__CDS,-0.005429411141165708,0.005429411141165708
cnv_depth__IBNLCO_00240__gnl|Bakta|IBNLCO_00240__CDS__promoter,0.0054291921968465055,0.0054291921968465055
cnv_depth__IBNLCO_02571__hypothetical__CDS__promoter,-0.005428123042930559,0.005428123042930559
cnv_depth__IBNLCO_05375__MaoC-like__CDS__promoter,-0.005428067936010343,0.005428067936010343
cnv_depth__IBNLCO_00861__IBNLCO_00861__gene__promoter,-0.005426380654928904,0.005426380654928904
cnv_depth__IBNLCO_03253__Indolepyruvate__CDS__promoter,0.005425367209918806,0.005425367209918806
cnv_depth__IBNLCO_00934__IBNLCO_00934__gene__promoter,-0.005424432047742636,0.005424432047742636
cnv_depth__IBNLCO_03433__IBNLCO_03433__gene__promoter,-0.005421595047102972,0.005421595047102972
cnv_depth__IBNLCO_03444__D-malate__CDS,-0.005415034476311031,0.005415034476311031
cnv_depth__IBNLCO_03222__DNA__CDS,0.005414775768465423,0.005414775768465423
cnv_depth__IBNLCO_05670__IBNLCO_05670__gene__promoter,-0.005414593644409136,0.005414593644409136
cnv_depth__IBNLCO_00119__hypothetical__CDS__promoter,0.005410807464617624,0.005410807464617624
cnv_depth__IBNLCO_04026__IBNLCO_04026__gene,-0.0054078262053442955,0.0054078262053442955
cnv_depth__IBNLCO_02034__Inclusion__CDS__promoter,0.005407808282147962,0.005407808282147962
cnv_depth__IBNLCO_00429__IBNLCO_00429__gene,0.005406422402104666,0.005406422402104666
cnv_depth__IBNLCO_01702__IBNLCO_01702__gene,-0.005400093936930149,0.005400093936930149
cnv_depth__IBNLCO_05624__IBNLCO_05624__gene__promoter,0.005398792284741317,0.005398792284741317
cnv_depth__IBNLCO_01926__IBNLCO_01926__gene,0.0053984605756196855,0.0053984605756196855
cnv_depth__IBNLCO_01299__IBNLCO_01299__gene__promoter,-0.005393749001161032,0.005393749001161032
cnv_depth__IBNLCO_00590__IBNLCO_00590__gene,-0.0053915682335321236,0.0053915682335321236
cnv_depth__IBNLCO_04690__MFS__CDS__promoter,-0.005385435468111814,0.005385435468111814
cnv_depth__IBNLCO_00084__Lipoprotein-attachment__CDS__promoter,0.0053832809848484466,0.0053832809848484466
cnv_depth__IBNLCO_00116__Lysine__CDS,0.005380388078180346,0.005380388078180346
cnv_depth__IBNLCO_01969__2-oxo-tetronate__CDS__promoter,-0.005374879178597524,0.005374879178597524
cnv_depth__IBNLCO_03203__Small__CDS,0.005373443461664548,0.005373443461664548
cnv_depth__IBNLCO_05635__Amino__CDS,-0.0053719178153140736,0.0053719178153140736
cnv_depth__IBNLCO_02252__iscX__gene__promoter,-0.0053712370955872335,0.0053712370955872335
cnv_depth__IBNLCO_01682__Carboxylesterase__CDS,-0.005370873963136399,0.005370873963136399
cnv_depth__IBNLCO_01540__hypothetical__CDS,-0.005370400051519751,0.005370400051519751
cnv_depth__IBNLCO_01722__Syringopeptin__CDS,-0.005367632615826973,0.005367632615826973
cnv_depth__IBNLCO_04735__Phosphopantetheine__CDS__promoter,0.005365065606778077,0.005365065606778077
cnv_depth__IBNLCO_03767__IBNLCO_03767__gene,-0.005364017174017108,0.005364017174017108
cnv_depth__IBNLCO_03859__IBNLCO_03859__gene,0.005361474275840259,0.005361474275840259
cnv_depth__IBNLCO_04020__IBNLCO_04020__gene__promoter,0.005360519535274976,0.005360519535274976
cnv_depth__IBNLCO_00700__lysR__gene,-0.00535935553783944,0.00535935553783944
cnv_depth__IBNLCO_04934__JmjC__CDS,-0.005358509885750453,0.005358509885750453
cnv_depth__IBNLCO_00238__IBNLCO_00238__gene,0.005357988433415153,0.005357988433415153
cnv_depth__IBNLCO_00465__Methyl-accepting__CDS,-0.00535486332054907,0.00535486332054907
cnv_depth__IBNLCO_04011__Electron__CDS__promoter,0.0053540933246620315,0.0053540933246620315
cnv_depth__IBNLCO_04184__Cysteine__CDS,-0.005346712137487219,0.005346712137487219
cnv_depth__IBNLCO_05350__3-oxoacyl-[acyl-carrier__CDS,-0.0053444991159737896,0.0053444991159737896
cnv_depth__IBNLCO_04595__padR__gene__promoter,-0.005343561181854432,0.005343561181854432
cnv_depth__IBNLCO_01559__gnl|Bakta|IBNLCO_01559__CDS__promoter,0.005343051776828995,0.005343051776828995
cnv_depth__IBNLCO_04782__gnl|Bakta|IBNLCO_04782__CDS__promoter,0.00534205232544924,0.00534205232544924
cnv_depth__IBNLCO_01986__Endolytic__CDS,-0.005342027011261983,0.005342027011261983
cnv_depth__IBNLCO_04965__IBNLCO_04965__gene__promoter,-0.0053410265594096284,0.0053410265594096284
cnv_depth__IBNLCO_02141__IBNLCO_02141__gene,0.00533716582075482,0.00533716582075482
cnv_depth__IBNLCO_00744__tctD__gene,0.0053368350480036495,0.0053368350480036495
cnv_depth__IBNLCO_02246__Cell__CDS__promoter,0.005334791204920067,0.005334791204920067
cnv_depth__IBNLCO_02896__IBNLCO_02896__gene,0.005333800349660812,0.005333800349660812
cnv_depth__IBNLCO_02026__2-dehydropantoate__CDS__promoter,-0.005331317131568751,0.005331317131568751
cnv_depth__IBNLCO_02310__IBNLCO_02310__gene,0.005331058049946985,0.005331058049946985
cnv_depth__IBNLCO_01174__IBNLCO_01174__gene__promoter,0.00532854264467616,0.00532854264467616
cnv_depth__IBNLCO_04900__Sugar__CDS__promoter,-0.00532816669253817,0.00532816669253817
cnv_depth__IBNLCO_01698__hypothetical__CDS__promoter,-0.005324292482574749,0.005324292482574749
cnv_depth__IBNLCO_01710__IBNLCO_01710__gene__promoter,0.005321025460338444,0.005321025460338444
cnv_depth__IBNLCO_03627__DUF3540__CDS__promoter,0.005320897741763356,0.005320897741763356
cnv_depth__IBNLCO_05313__Transmembrane__CDS__promoter,-0.005319726014774317,0.005319726014774317
cnv_depth__IBNLCO_04787__IBNLCO_04787__gene,0.005319660408389557,0.005319660408389557
cnv_depth__IBNLCO_00288__IBNLCO_00288__gene,-0.005317805881041602,0.005317805881041602
cnv_depth__IBNLCO_00577__DUF262__CDS__promoter,0.0053164603136048455,0.0053164603136048455
cnv_depth__IBNLCO_05065__hypothetical__CDS,-0.005314802008645253,0.005314802008645253
cnv_depth__IBNLCO_03244__paaC__gene,0.005310373301188918,0.005310373301188918
cnv_depth__IBNLCO_01541__IBNLCO_01541__gene__promoter,-0.005307162822511796,0.005307162822511796
cnv_depth__IBNLCO_05100__Type__CDS,-0.005306041660016877,0.005306041660016877
cnv_depth__IBNLCO_04195__Cyclic__CDS,-0.0053029584902879795,0.0053029584902879795
cnv_depth__IBNLCO_04636__IBNLCO_04636__gene,-0.005302261324145658,0.005302261324145658
cnv_depth__IBNLCO_02715__Purine__CDS,0.005301221451944249,0.005301221451944249
cnv_depth__IBNLCO_03053__IBNLCO_03053__gene,0.005300762050091707,0.005300762050091707
cnv_depth__IBNLCO_00779__IBNLCO_00779__gene__promoter,-0.0053002364609457606,0.0053002364609457606
cnv_depth__IBNLCO_01294__hypothetical__CDS,-0.00529312776169803,0.00529312776169803
cnv_depth__IBNLCO_01275__hypothetical__CDS,0.0052919074214663325,0.0052919074214663325
cnv_depth__IBNLCO_01069__IBNLCO_01069__gene,0.005291399823751859,0.005291399823751859
cnv_depth__IBNLCO_00355__Peptidase__CDS,-0.0052912441549325655,0.0052912441549325655
cnv_depth__IBNLCO_00310__cusA__gene,-0.005289206905706766,0.005289206905706766
cnv_depth__IBNLCO_01018__IBNLCO_01018__gene__promoter,-0.005288534282255631,0.005288534282255631
cnv_depth__IBNLCO_01515__DNA-binding__CDS,-0.005286499399140187,0.005286499399140187
cnv_depth__IBNLCO_00212__IBNLCO_00212__gene__promoter,-0.005286296231653799,0.005286296231653799
cnv_depth__IBNLCO_00765__DUF2946__CDS,-0.005283338229636224,0.005283338229636224
cnv_depth__IBNLCO_00827__HTH__CDS,0.005278973159792352,0.005278973159792352
cnv_depth__IBNLCO_02296__IBNLCO_02296__gene__promoter,0.0052750119060975,0.0052750119060975
cnv_depth__IBNLCO_04777__Glutathione__CDS__promoter,-0.00527436758371124,0.00527436758371124
cnv_depth__IBNLCO_02484__Radical__CDS,-0.005274084657986218,0.005274084657986218
cnv_depth__IBNLCO_03103__Type__CDS,-0.005271964969020603,0.005271964969020603
cnv_depth__IBNLCO_04317__UspA__CDS__promoter,-0.0052708891521427645,0.0052708891521427645
cnv_depth__IBNLCO_02393__Thioredoxin__CDS__promoter,0.005266865749475602,0.005266865749475602
cnv_depth__IBNLCO_03991__Type__CDS__promoter,-0.0052668573061249386,0.0052668573061249386
cnv_depth__IBNLCO_00508__IBNLCO_00508__gene,0.005266366293984452,0.005266366293984452
cnv_depth__IBNLCO_01081__ATP-dependent__CDS__promoter,0.005265624531546664,0.005265624531546664
cnv_depth__IBNLCO_01495__Translation__CDS__promoter,0.0052654176090006725,0.0052654176090006725
cnv_depth__IBNLCO_05751__Glycosyltransferase__CDS,0.005263407602804981,0.005263407602804981
cnv_depth__IBNLCO_04434__IBNLCO_04434__gene,0.005262957318993635,0.005262957318993635
cnv_depth__IBNLCO_04501__tRNA-Cys(gca)__tRNA,-0.005260221962802916,0.005260221962802916
cnv_depth__IBNLCO_01012__NadR/Ttd14__CDS__promoter,-0.005258625936558167,0.005258625936558167
cnv_depth__IBNLCO_01436__IBNLCO_01436__gene,0.005253308811967062,0.005253308811967062
cnv_depth__IBNLCO_01664__fhuB__gene,0.005252950182804857,0.005252950182804857
cnv_depth__IBNLCO_03691__IBNLCO_03691__gene,0.005249915632689574,0.005249915632689574
cnv_depth__IBNLCO_05141__IBNLCO_05141__gene__promoter,0.005247137702557921,0.005247137702557921
cnv_depth__IBNLCO_04650__Fatty__CDS__promoter,-0.00524556359705265,0.00524556359705265
cnv_depth__IBNLCO_01643__hypothetical__CDS__promoter,0.005243741817909265,0.005243741817909265
cnv_depth__IBNLCO_03155__IBNLCO_03155__gene__promoter,0.005243710878603707,0.005243710878603707
cnv_depth__IBNLCO_05706__IBNLCO_05706__gene,0.005243467384041642,0.005243467384041642
cnv_depth__IBNLCO_05000__bprB__gene,-0.005242269390970686,0.005242269390970686
cnv_depth__IBNLCO_00501__IBNLCO_00501__gene,0.0052412239555687315,0.0052412239555687315
cnv_depth__IBNLCO_04047__Pyochelin__CDS__promoter,-0.005238051259116867,0.005238051259116867
cnv_depth__IBNLCO_04597__IBNLCO_04597__gene__promoter,0.005237130758294799,0.005237130758294799
cnv_depth__IBNLCO_02926__IBNLCO_02926__gene__promoter,0.005236276663190204,0.005236276663190204
cnv_depth__IBNLCO_02516__hypothetical__CDS,-0.005233205305894543,0.005233205305894543
cnv_depth__IBNLCO_04631__IBNLCO_04631__gene,0.005230156435524091,0.005230156435524091
cnv_depth__IBNLCO_02208__Acetyl-coenzyme__CDS,-0.005229462958637364,0.005229462958637364
cnv_depth__IBNLCO_01641__IBNLCO_01641__gene,-0.005224540031000058,0.005224540031000058
cnv_depth__IBNLCO_04600__IBNLCO_04600__gene,-0.00522430743423265,0.00522430743423265
cnv_depth__IBNLCO_05521__UDP-N-acetylglucosamine__CDS__promoter,0.005223732259436542,0.005223732259436542
cnv_depth__IBNLCO_00369__IBNLCO_00369__gene__promoter,-0.0052212616731906495,0.0052212616731906495
cnv_depth__IBNLCO_03176__cyaY__gene__promoter,0.005221184925225345,0.005221184925225345
cnv_depth__IBNLCO_05587__IraD/Gp25-like__CDS__promoter,-0.005218406276391779,0.005218406276391779
cnv_depth__IBNLCO_01584__IBNLCO_01584__gene__promoter,-0.005216940548900386,0.005216940548900386
cnv_depth__IBNLCO_03561__Fimbrial__CDS__promoter,0.005216930880581546,0.005216930880581546
cnv_depth__IBNLCO_03421__Malonate-semialdehyde__CDS,-0.005216093302182877,0.005216093302182877
cnv_depth__IBNLCO_01539__Prepilin__CDS,-0.005215327216235233,0.005215327216235233
cnv_depth__IBNLCO_05455__Phosphate__CDS,-0.005212440321816942,0.005212440321816942
cnv_depth__unknown__unknown__regulatory.12,0.00521103771230335,0.00521103771230335
cnv_depth__IBNLCO_02983__gnl|Bakta|IBNLCO_02983__CDS,0.0052106459264928935,0.0052106459264928935
cnv_depth__IBNLCO_00670__eamA__gene,-0.005209030980733371,0.005209030980733371
cnv_depth__IBNLCO_01460__hypothetical__CDS__promoter,-0.005208864501902552,0.005208864501902552
cnv_depth__IBNLCO_02944__IBNLCO_02944__gene,0.005208037127546654,0.005208037127546654
cnv_depth__IBNLCO_05686__IBNLCO_05686__gene__promoter,0.00520332653932162,0.00520332653932162
cnv_depth__IBNLCO_03753__IBNLCO_03753__gene__promoter,0.005200817020126987,0.005200817020126987
cnv_depth__IBNLCO_00662__ybeY__gene__promoter,0.005199779561933797,0.005199779561933797
cnv_depth__IBNLCO_00019__Efflux__CDS__promoter,-0.005198055802010831,0.005198055802010831
cnv_depth__IBNLCO_01544__IBNLCO_01544__gene__promoter,-0.005197115038361892,0.005197115038361892
cnv_depth__IBNLCO_03564__IBNLCO_03564__gene,0.005196395134825709,0.005196395134825709
cnv_depth__IBNLCO_01522__Ribosome-binding__CDS,0.005194839816114919,0.005194839816114919
cnv_depth__IBNLCO_01849__Multidrug__CDS__promoter,0.005192873300407991,0.005192873300407991
cnv_depth__IBNLCO_05151__IBNLCO_05151__gene,0.00519196544404814,0.00519196544404814
cnv_depth__IBNLCO_04149__bprS__gene__promoter,-0.005191939529928461,0.005191939529928461
cnv_depth__IBNLCO_03793__Hydrogen__CDS__promoter,0.00519084606864881,0.00519084606864881
cnv_depth__IBNLCO_05291__glgB__gene,-0.005190229612503343,0.005190229612503343
cnv_depth__IBNLCO_00266__flagellar__CDS,0.005189544508626423,0.005189544508626423
cnv_depth__IBNLCO_04707__Histidine__CDS,0.0051888741589727096,0.0051888741589727096
cnv_depth__IBNLCO_02069__putative__CDS__promoter,-0.005183813339637312,0.005183813339637312
cnv_depth__IBNLCO_02462__IBNLCO_02462__gene,-0.005183517921530642,0.005183517921530642
cnv_depth__IBNLCO_02062__IBNLCO_02062__gene__promoter,-0.005182823701191186,0.005182823701191186
cnv_depth__IBNLCO_05418__IBNLCO_05418__gene__promoter,-0.005182726798513122,0.005182726798513122
cnv_depth__IBNLCO_03863__IBNLCO_03863__gene__promoter,0.005178076146785203,0.005178076146785203
cnv_depth__IBNLCO_03562__IBNLCO_03562__gene,0.005174367451626161,0.005174367451626161
cnv_depth__IBNLCO_01577__Leucyl/phenylalanyl-tRNA--protein__CDS__promoter,0.0051736177175837885,0.0051736177175837885
cnv_depth__IBNLCO_00389__IBNLCO_00389__gene,0.005173393236234121,0.005173393236234121
cnv_depth__IBNLCO_04217__hypothetical__CDS,-0.005168416137197217,0.005168416137197217
cnv_depth__IBNLCO_00263__IBNLCO_00263__gene__promoter,-0.005165159368847551,0.005165159368847551
cnv_depth__IBNLCO_04722__yqhD__gene__promoter,-0.005164395841795459,0.005164395841795459
cnv_depth__IBNLCO_04245__YdhG-like__CDS__promoter,-0.005164269690681864,0.005164269690681864
cnv_depth__IBNLCO_00801__Hemin__CDS__promoter,-0.005163086100385962,0.005163086100385962
cnv_depth__IBNLCO_00430__IBNLCO_00430__gene__promoter,0.00516298440002717,0.00516298440002717
cnv_depth__IBNLCO_05445__ATP__CDS__promoter,0.0051614684891673175,0.0051614684891673175
cnv_depth__IBNLCO_02102__Modulator__CDS__promoter,-0.0051610476706385675,0.0051610476706385675
cnv_depth__IBNLCO_05791__UspA__CDS,0.00516100944215978,0.00516100944215978
cnv_depth__IBNLCO_04681__SDR__CDS,-0.005160590638711753,0.005160590638711753
cnv_depth__IBNLCO_01527__Transcriptional__CDS,-0.0051603425002015235,0.0051603425002015235
cnv_depth__IBNLCO_01724__JmjC__CDS__promoter,-0.0051555809449841785,0.0051555809449841785
cnv_depth__IBNLCO_03638__IBNLCO_03638__gene__promoter,-0.00515494300452737,0.00515494300452737
cnv_depth__IBNLCO_03836__exbB__gene,0.005154151274978603,0.005154151274978603
cnv_depth__IBNLCO_01552__IBNLCO_01552__gene,0.005150316196656365,0.005150316196656365
cnv_depth__IBNLCO_01524__emrB__gene,-0.005150214509640361,0.005150214509640361
cnv_depth__IBNLCO_01245__IBNLCO_01245__gene__promoter,0.005147840971813282,0.005147840971813282
cnv_depth__IBNLCO_05773__IBNLCO_05773__gene__promoter,0.005146524161877095,0.005146524161877095
cnv_depth__IBNLCO_00277__flgK__gene__promoter,0.005146196498066528,0.005146196498066528
cnv_depth__IBNLCO_05611__IBNLCO_05611__gene__promoter,-0.005144810956435972,0.005144810956435972
cnv_depth__IBNLCO_03012__Cell__CDS__promoter,0.005142978553797539,0.005142978553797539
cnv_depth__IBNLCO_04684__Cytochrome__CDS__promoter,-0.005140333740583454,0.005140333740583454
cnv_depth__IBNLCO_03744__IBNLCO_03744__gene__promoter,0.005139915477984003,0.005139915477984003
cnv_depth__IBNLCO_03459__DUF692__CDS__promoter,-0.005138459975150836,0.005138459975150836
cnv_depth__IBNLCO_05372__CheW-like__CDS__promoter,-0.005135902486473304,0.005135902486473304
cnv_depth__IBNLCO_03319__gspK__gene,0.005130153538091868,0.005130153538091868
cnv_depth__IBNLCO_00181__Aspartyl/glutamyl-tRNA(Asn/Gln)__CDS,-0.005127254816474023,0.005127254816474023
cnv_depth__IBNLCO_03559__IBNLCO_03559__gene,0.005125886199562699,0.005125886199562699
cnv_depth__IBNLCO_04629__Acetyltransferase__CDS__promoter,0.0051254595374814315,0.0051254595374814315
cnv_depth__IBNLCO_00218__IBNLCO_00218__gene__promoter,0.005123226403155295,0.005123226403155295
cnv_depth__IBNLCO_04386__IclR__CDS__promoter,0.0051199850957761315,0.0051199850957761315
cnv_depth__IBNLCO_03938__IBNLCO_03938__gene,-0.005119474396955321,0.005119474396955321
cnv_depth__IBNLCO_01223__Transcriptional__CDS,-0.005118275212879075,0.005118275212879075
cnv_depth__IBNLCO_03864__IBNLCO_03864__gene__promoter,-0.005118242497499009,0.005118242497499009
cnv_depth__IBNLCO_01557__IBNLCO_01557__gene,0.005117203953715765,0.005117203953715765
cnv_depth__IBNLCO_03010__IBNLCO_03010__gene__promoter,-0.005114966740947705,0.005114966740947705
cnv_depth__IBNLCO_05020__bsaR__gene__promoter,-0.005110022178694769,0.005110022178694769
cnv_depth__IBNLCO_02111__IBNLCO_02111__gene,-0.005109645219283352,0.005109645219283352
cnv_depth__IBNLCO_03070__IBNLCO_03070__gene,0.005109479813297906,0.005109479813297906
cnv_depth__IBNLCO_03458__Flagellar__CDS,-0.005109144877243757,0.005109144877243757
cnv_depth__IBNLCO_01238__Diguanylate__CDS,-0.005106806874103087,0.005106806874103087
cnv_depth__IBNLCO_02671__Aspartate__CDS__promoter,-0.005105448762186114,0.005105448762186114
cnv_depth__IBNLCO_00719__tssF__gene__promoter,0.005105074381587061,0.005105074381587061
cnv_depth__IBNLCO_03358__hypothetical__CDS__promoter,0.005101238083590492,0.005101238083590492
cnv_depth__IBNLCO_03843__EamA__CDS,0.005100105423922767,0.005100105423922767
cnv_depth__IBNLCO_03073__IBNLCO_03073__gene__promoter,0.0050963559958300654,0.0050963559958300654
cnv_depth__IBNLCO_02305__DUF222__CDS,0.005094192853862902,0.005094192853862902
cnv_depth__IBNLCO_01947__Putative__CDS,-0.005091585435877694,0.005091585435877694
cnv_depth__IBNLCO_01861__Spermidine/putrescine__CDS,0.005091366172849766,0.005091366172849766
cnv_depth__IBNLCO_05660__IBNLCO_05660__gene__promoter,0.0050913303445004575,0.0050913303445004575
cnv_depth__IBNLCO_02282__IBNLCO_02282__gene,0.00509095108058366,0.00509095108058366
cnv_depth__IBNLCO_03002__Cell__CDS__promoter,-0.005090550604752779,0.005090550604752779
cnv_depth__IBNLCO_00637__IBNLCO_00637__gene,0.005083968233173451,0.005083968233173451
cnv_depth__IBNLCO_05384__Anthranilate__CDS__promoter,-0.005083915662170972,0.005083915662170972
cnv_depth__IBNLCO_05360__Isonitrile__CDS,-0.005083507787764953,0.005083507787764953
cnv_depth__IBNLCO_05308__Chlorinating__CDS__promoter,-0.005082462311674334,0.005082462311674334
cnv_depth__IBNLCO_05544__AMP-binding__CDS__promoter,-0.005078909955274761,0.005078909955274761
cnv_depth__IBNLCO_04293__IBNLCO_04293__gene__promoter,0.005074870942817492,0.005074870942817492
cnv_depth__IBNLCO_04598__Membrane__CDS__promoter,-0.005072965007535384,0.005072965007535384
cnv_depth__IBNLCO_01227__fbpC__gene__promoter,-0.005071981101693451,0.005071981101693451
cnv_depth__IBNLCO_04773__IBNLCO_04773__gene__promoter,-0.005070633340724092,0.005070633340724092
cnv_depth__IBNLCO_03138__Histidinol-phosphate__CDS,-0.005069749945273951,0.005069749945273951
cnv_depth__IBNLCO_02202__IBNLCO_02202__gene__promoter,-0.005067540548067241,0.005067540548067241
cnv_depth__IBNLCO_01531__IBNLCO_01531__gene,-0.005065975013051426,0.005065975013051426
cnv_depth__IBNLCO_05259__(2Fe-2S)-binding__CDS,0.005062819892763755,0.005062819892763755
cnv_depth__IBNLCO_04350__L-Lysine-8-amino-7-oxononanoate__CDS,-0.00506004789741785,0.00506004789741785
cnv_depth__IBNLCO_01651__capistruin__CDS__promoter,0.005059944155438663,0.005059944155438663
cnv_depth__IBNLCO_01678__Zinc__CDS__promoter,-0.005059124448582242,0.005059124448582242
cnv_depth__IBNLCO_01357__gnl|Bakta|IBNLCO_01357__CDS,0.0050579902744442426,0.0050579902744442426
cnv_depth__IBNLCO_04724__gnl|Bakta|IBNLCO_04724__CDS,0.005057129479917797,0.005057129479917797
cnv_depth__IBNLCO_03042__hypothetical__CDS__promoter,-0.005055878178941315,0.005055878178941315
cnv_depth__IBNLCO_01384__Transmembrane__CDS,0.005053096311849776,0.005053096311849776
cnv_depth__IBNLCO_00979__hypothetical__CDS__promoter,-0.0050530282635326725,0.0050530282635326725
cnv_depth__IBNLCO_02225__IBNLCO_02225__gene__promoter,-0.0050516401020243235,0.0050516401020243235
cnv_depth__IBNLCO_00115__IBNLCO_00115__gene__promoter,0.005043319211118143,0.005043319211118143
cnv_depth__IBNLCO_03113__IBNLCO_03113__gene__promoter,0.0050409751924107475,0.0050409751924107475
cnv_depth__IBNLCO_01547__IBNLCO_01547__gene__promoter,-0.005039081120149371,0.005039081120149371
cnv_depth__IBNLCO_05311__HTH__CDS,-0.00503705202805303,0.00503705202805303
cnv_depth__IBNLCO_02971__IBNLCO_02971__gene,0.005036141685223031,0.005036141685223031
cnv_depth__IBNLCO_01449__gnl|Bakta|IBNLCO_01449__CDS__promoter,-0.005035842217517081,0.005035842217517081
cnv_depth__IBNLCO_02716__HTH__CDS__promoter,0.005035609355238556,0.005035609355238556
cnv_depth__IBNLCO_03954__IBNLCO_03954__gene__promoter,-0.005035490438887292,0.005035490438887292
cnv_depth__IBNLCO_03701__IBNLCO_03701__gene,0.0050349196348637775,0.0050349196348637775
cnv_depth__IBNLCO_03617__clpB__gene__promoter,0.005034765177780595,0.005034765177780595
cnv_depth__IBNLCO_02984__Cytochrome__CDS,0.005034598755885951,0.005034598755885951
cnv_depth__IBNLCO_01856__IBNLCO_01856__gene__promoter,-0.005031146819520083,0.005031146819520083
cnv_depth__IBNLCO_05739__gnl|Bakta|IBNLCO_05739__CDS,0.005031077704166429,0.005031077704166429
cnv_depth__IBNLCO_03074__IBNLCO_03074__gene__promoter,0.005030091839077989,0.005030091839077989
cnv_depth__IBNLCO_00443__IBNLCO_00443__gene__promoter,0.005029111442762923,0.005029111442762923
cnv_depth__IBNLCO_02007__IBNLCO_02007__gene__promoter,0.00502722321883631,0.00502722321883631
cnv_depth__IBNLCO_01539__IBNLCO_01539__gene__promoter,-0.0050219633379275696,0.0050219633379275696
cnv_depth__IBNLCO_00362__IBNLCO_00362__gene__promoter,-0.005021927378753598,0.005021927378753598
cnv_depth__IBNLCO_04616__IBNLCO_04616__gene,-0.005021251680196398,0.005021251680196398
cnv_depth__IBNLCO_02259__Fe-S__CDS__promoter,0.005018705354748495,0.005018705354748495
cnv_depth__IBNLCO_03125__IBNLCO_03125__gene__promoter,0.005013792817239887,0.005013792817239887
cnv_depth__IBNLCO_04667__PKHD-type__CDS__promoter,-0.005013359922125426,0.005013359922125426
cnv_depth__IBNLCO_02090__IBNLCO_02090__gene__promoter,0.005011341307455096,0.005011341307455096
cnv_depth__IBNLCO_03307__methyl-accepting__CDS,0.0050110321818242695,0.0050110321818242695
cnv_depth__IBNLCO_01939__IBNLCO_01939__gene,0.005009554853259212,0.005009554853259212
cnv_depth__IBNLCO_00733__lysR__gene,0.005008744326411157,0.005008744326411157
cnv_depth__IBNLCO_04755__gnl|Bakta|IBNLCO_04755__CDS__promoter,0.0050071015612205534,0.0050071015612205534
cnv_depth__IBNLCO_05667__IBNLCO_05667__gene,-0.005006587565221448,0.005006587565221448
cnv_depth__IBNLCO_03642__5-oxoprolinase__CDS,0.005004620243330273,0.005004620243330273
cnv_depth__IBNLCO_02680__hypothetical__CDS__promoter,0.005003747756668523,0.005003747756668523
cnv_depth__IBNLCO_00292__IBNLCO_00292__gene,0.005003653884594581,0.005003653884594581
cnv_depth__IBNLCO_03576__IBNLCO_03576__gene__promoter,0.004999971263210162,0.004999971263210162
cnv_depth__IBNLCO_01432__UPF0145__CDS__promoter,-0.0049996481248054375,0.0049996481248054375
cnv_depth__IBNLCO_00586__IBNLCO_00586__gene__promoter,0.0049982937549814,0.0049982937549814
cnv_depth__IBNLCO_03340__hypothetical__CDS__promoter,0.0049974679720858756,0.0049974679720858756
cnv_depth__IBNLCO_01385__IBNLCO_01385__gene,-0.004996953938120171,0.004996953938120171
cnv_depth__IBNLCO_00683__Fatty__CDS__promoter,-0.004996662368202024,0.004996662368202024
cnv_depth__IBNLCO_00887__Isoleucine--tRNA__CDS__promoter,-0.00499629737188679,0.00499629737188679
cnv_depth__IBNLCO_04698__Xylulose__CDS,-0.004995439435869042,0.004995439435869042
cnv_depth__IBNLCO_01097__IBNLCO_01097__gene,-0.004995033297929369,0.004995033297929369
cnv_depth__IBNLCO_00701__mnmH__gene,-0.0049946581695046715,0.0049946581695046715
cnv_depth__IBNLCO_02921__IBNLCO_02921__gene__promoter,0.004992556392543757,0.004992556392543757
cnv_depth__IBNLCO_03231__trnW__gene,0.0049908855970809424,0.0049908855970809424
cnv_depth__IBNLCO_00224__fliH__gene__promoter,0.004985633117212902,0.004985633117212902
cnv_depth__IBNLCO_01280__Phosphoenolpyruvate__CDS,-0.004985037177927784,0.004985037177927784
cnv_depth__IBNLCO_03788__Delta(1)-pyrroline-2-carboxylate__CDS,0.004982992011239668,0.004982992011239668
cnv_depth__IBNLCO_02092__GMP__CDS,-0.004982327182433721,0.004982327182433721
cnv_depth__IBNLCO_00525__trnQ__gene,0.004979412669270293,0.004979412669270293
cnv_depth__IBNLCO_01176__IBNLCO_01176__gene,-0.004976896975231643,0.004976896975231643
cnv_depth__IBNLCO_00826__hypothetical__CDS,-0.004975860175138823,0.004975860175138823
cnv_depth__IBNLCO_03322__fliC__gene,0.004974975076054718,0.004974975076054718
cnv_depth__IBNLCO_05124__IBNLCO_05124__gene,-0.0049742518249112026,0.0049742518249112026
cnv_depth__IBNLCO_03462__Methyltransferase__CDS,0.0049727890933303,0.0049727890933303
cnv_depth__IBNLCO_03523__IBNLCO_03523__gene,-0.004971152155073282,0.004971152155073282
cnv_depth__IBNLCO_04560__Transmembrane__CDS,-0.004970049332090824,0.004970049332090824
cnv_depth__IBNLCO_05503__IBNLCO_05503__gene__promoter,0.00496694163968448,0.00496694163968448
cnv_depth__IBNLCO_05701__IBNLCO_05701__gene__promoter,-0.004965090875370627,0.004965090875370627
cnv_depth__IBNLCO_03370__Ethanolamine__CDS__promoter,-0.004964575616846169,0.004964575616846169
cnv_depth__IBNLCO_03502__IBNLCO_03502__gene,-0.004964023264901521,0.004964023264901521
cnv_depth__IBNLCO_04378__IBNLCO_04378__gene,-0.004961590473664035,0.004961590473664035
cnv_depth__IBNLCO_05404__Benzoate/toluate__CDS__promoter,0.004961095311428197,0.004961095311428197
cnv_depth__IBNLCO_04680__IBNLCO_04680__gene,0.004960206617528418,0.004960206617528418
cnv_depth__IBNLCO_04289__IBNLCO_04289__gene,-0.0049584703412739305,0.0049584703412739305
cnv_depth__IBNLCO_03173__Membrane__CDS,0.004958113342532394,0.004958113342532394
cnv_depth__IBNLCO_03958__IBNLCO_03958__gene,-0.004957792510124724,0.004957792510124724
cnv_depth__IBNLCO_04183__IBNLCO_04183__gene,-0.0049563772756306594,0.0049563772756306594
cnv_depth__IBNLCO_03667__IBNLCO_03667__gene,0.004955258863541836,0.004955258863541836
cnv_depth__IBNLCO_05546__Carrier__CDS__promoter,-0.004953932497401327,0.004953932497401327
cnv_depth__IBNLCO_05007__SctA__CDS,-0.004953184918209681,0.004953184918209681
cnv_depth__IBNLCO_04113__hypothetical__CDS,-0.004950964013257131,0.004950964013257131
cnv_depth__IBNLCO_01382__hypothetical__CDS,-0.0049502846454360155,0.0049502846454360155
cnv_depth__IBNLCO_05723__IBNLCO_05723__gene,-0.004949448521673301,0.004949448521673301
cnv_depth__IBNLCO_03614__Hcp1__CDS__promoter,-0.004948231353225156,0.004948231353225156
cnv_depth__IBNLCO_02707__IBNLCO_02707__gene,-0.004947124405766517,0.004947124405766517
cnv_depth__IBNLCO_03297__flhA__gene__promoter,0.00494570533326798,0.00494570533326798
cnv_depth__IBNLCO_01535__Heme/hemopexin__CDS__promoter,-0.004943253657049132,0.004943253657049132
cnv_depth__IBNLCO_03292__IBNLCO_03292__gene__promoter,0.00494195345877128,0.00494195345877128
cnv_depth__IBNLCO_01721__IBNLCO_01721__gene,-0.0049413168260284196,0.0049413168260284196
cnv_depth__IBNLCO_02915__IBNLCO_02915__gene,0.004937998072040155,0.004937998072040155
cnv_depth__IBNLCO_00531__Lon__CDS__promoter,-0.0049368977015478935,0.0049368977015478935
cnv_depth__IBNLCO_02065__5-hydroxyisourate__CDS__promoter,-0.004936336590507524,0.004936336590507524
cnv_depth__IBNLCO_00668__IBNLCO_00668__gene,-0.004933804693607531,0.004933804693607531
cnv_depth__IBNLCO_05050__bspI3__gene,-0.0049330356966243915,0.0049330356966243915
cnv_depth__IBNLCO_03466__Universal__CDS,-0.004924611484287883,0.004924611484287883
cnv_depth__IBNLCO_03780__IBNLCO_03780__gene,-0.004921688540525201,0.004921688540525201
cnv_depth__IBNLCO_04314__Universal__CDS__promoter,-0.004921481520432547,0.004921481520432547
cnv_depth__IBNLCO_03561__Fimbrial__CDS,0.004921184725509683,0.004921184725509683
cnv_depth__IBNLCO_02580__Replication-associated__CDS__promoter,0.004917976424405419,0.004917976424405419
cnv_depth__IBNLCO_03450__3-hydroxybutyrate__CDS,0.004915588111844785,0.004915588111844785
cnv_depth__IBNLCO_02306__IBNLCO_02306__gene__promoter,0.004914979718136326,0.004914979718136326
cnv_depth__IBNLCO_03124__IBNLCO_03124__gene,0.0049146512253643885,0.0049146512253643885
cnv_depth__IBNLCO_03110__IBNLCO_03110__gene,-0.004914425863922695,0.004914425863922695
cnv_depth__IBNLCO_02593__Cystine__CDS,-0.00491347830197177,0.00491347830197177
cnv_depth__IBNLCO_02346__Coproporphyrinogen-III__CDS,-0.0049085869626415415,0.0049085869626415415
cnv_depth__IBNLCO_02411__recO__gene__promoter,0.004903317650111229,0.004903317650111229
cnv_depth__IBNLCO_02309__Toprim__CDS__promoter,0.0049030918582081634,0.0049030918582081634
cnv_depth__IBNLCO_00444__Thiosulfate__CDS__promoter,0.004902360914964749,0.004902360914964749
cnv_depth__IBNLCO_04493__IBNLCO_04493__gene,-0.004901796225093761,0.004901796225093761
cnv_depth__IBNLCO_04696__ugpC__gene,0.004901664782103727,0.004901664782103727
cnv_depth__IBNLCO_00522__IBNLCO_00522__gene__promoter,0.004901327544186126,0.004901327544186126
cnv_depth__IBNLCO_01684__gnl|Bakta|IBNLCO_01684__CDS__promoter,-0.004900038859410836,0.004900038859410836
cnv_depth__IBNLCO_05693__IBNLCO_05693__gene__promoter,0.004888494660797367,0.004888494660797367
cnv_depth__IBNLCO_00667__sutR__gene__promoter,0.0048808548775920646,0.0048808548775920646
cnv_depth__IBNLCO_00759__IS3__CDS__promoter,-0.004879648642090885,0.004879648642090885
cnv_depth__IBNLCO_00313__IBNLCO_00313__gene__promoter,0.004875319241433332,0.004875319241433332
cnv_depth__IBNLCO_00323__IBNLCO_00323__gene,0.004873930791515804,0.004873930791515804
cnv_depth__IBNLCO_02762__gnl|Bakta|IBNLCO_02762__CDS__promoter,-0.004873555601264014,0.004873555601264014
cnv_depth__IBNLCO_02475__nudL__gene__promoter,0.004873278114146844,0.004873278114146844
cnv_depth__IBNLCO_03296__flagellar__CDS__promoter,0.0048707682404848475,0.0048707682404848475
cnv_depth__IBNLCO_02423__Acyl__CDS__promoter,-0.004869480162075683,0.004869480162075683
cnv_depth__IBNLCO_01384__IBNLCO_01384__gene__promoter,-0.004865931619929687,0.004865931619929687
cnv_depth__IBNLCO_00186__IBNLCO_00186__gene__promoter,0.004865871178267753,0.004865871178267753
cnv_depth__IBNLCO_04758__Membrane-bound__CDS,-0.004865522179460989,0.004865522179460989
cnv_depth__IBNLCO_05328__gnl|Bakta|IBNLCO_05328__CDS,-0.004864672594682046,0.004864672594682046
cnv_depth__IBNLCO_05826__Putative__CDS,0.004861317415022977,0.004861317415022977
cnv_depth__IBNLCO_00364__IBNLCO_00364__gene__promoter,0.004856851055313875,0.004856851055313875
cnv_depth__IBNLCO_02813__IBNLCO_02813__gene,-0.004854573165934655,0.004854573165934655
cnv_depth__IBNLCO_01416__Enoyl-[acyl-carrier-protein]__CDS__promoter,-0.0048538759265961086,0.0048538759265961086
cnv_depth__IBNLCO_03909__IBNLCO_03909__gene__promoter,0.00485337001915319,0.00485337001915319
cnv_depth__IBNLCO_04671__IBNLCO_04671__gene__promoter,0.0048518842204464405,0.0048518842204464405
cnv_depth__IBNLCO_01285__IBNLCO_01285__gene__promoter,-0.004849990682801033,0.004849990682801033
cnv_depth__IBNLCO_04951__HTH-type__CDS,-0.004848936425731601,0.004848936425731601
cnv_depth__IBNLCO_02816__DNA__CDS,-0.004848920879151179,0.004848920879151179
cnv_depth__IBNLCO_04424__N-acyltransferase__CDS,-0.004847583296672444,0.004847583296672444
cnv_depth__IBNLCO_00486__IBNLCO_00486__gene,0.004846361992022629,0.004846361992022629
cnv_depth__IBNLCO_01916__IBNLCO_01916__gene__promoter,-0.004845955911904395,0.004845955911904395
cnv_depth__IBNLCO_01252__Calcineurin-like__CDS,-0.004844212888061909,0.004844212888061909
cnv_depth__IBNLCO_00751__General__CDS__promoter,-0.004842573392577268,0.004842573392577268
cnv_depth__IBNLCO_04374__IBNLCO_04374__gene__promoter,-0.004842246676240908,0.004842246676240908
cnv_depth__IBNLCO_00695__rpoS__gene,-0.004837453529063093,0.004837453529063093
cnv_depth__IBNLCO_04343__IBNLCO_04343__gene,-0.0048361213657536935,0.0048361213657536935
cnv_depth__IBNLCO_05046__IBNLCO_05046__gene,-0.004832575221977385,0.004832575221977385
cnv_depth__IBNLCO_05634__HTH__CDS__promoter,-0.004831101371272056,0.004831101371272056
cnv_depth__IBNLCO_05698__IBNLCO_05698__gene,0.004824577468563762,0.004824577468563762
cnv_depth__IBNLCO_02045__Two-component__CDS__promoter,-0.004824162384603711,0.004824162384603711
cnv_depth__IBNLCO_05817__mlaC__gene,0.0048230423162769,0.0048230423162769
cnv_depth__IBNLCO_03236__rrf__gene,0.004821710091581223,0.004821710091581223
cnv_depth__IBNLCO_04577__Uncharacterized__CDS__promoter,-0.004821544685055174,0.004821544685055174
cnv_depth__IBNLCO_05754__IBNLCO_05754__gene__promoter,-0.004818536050184829,0.004818536050184829
cnv_depth__IBNLCO_00273__flgH__gene__promoter,0.004817449351937286,0.004817449351937286
cnv_depth__IBNLCO_02115__Chaperone__CDS__promoter,-0.004817433529479986,0.004817433529479986
cnv_depth__IBNLCO_00535__IBNLCO_00535__gene__promoter,-0.004816469324554638,0.004816469324554638
cnv_depth__IBNLCO_00762__Tyrosine__CDS__promoter,0.00481308667835028,0.00481308667835028
cnv_depth__IBNLCO_03544__IBNLCO_03544__gene__promoter,0.004810709317800864,0.004810709317800864
cnv_depth__IBNLCO_04294__gnl|Bakta|IBNLCO_04294__CDS,0.004809182535883516,0.004809182535883516
cnv_depth__IBNLCO_04233__IBNLCO_04233__gene__promoter,0.004808660390871322,0.004808660390871322
cnv_depth__IBNLCO_02064__8-oxoguanine__CDS__promoter,-0.004806468008949665,0.004806468008949665
cnv_depth__IBNLCO_02498__gnl|Bakta|IBNLCO_02498__CDS,0.004805183452872594,0.004805183452872594
cnv_depth__IBNLCO_05673__Ubiquinone__CDS__promoter,0.004803184433291539,0.004803184433291539
cnv_depth__IBNLCO_01927__IBNLCO_01927__gene,0.004800064230057548,0.004800064230057548
cnv_depth__IBNLCO_03720__Lysine/arginine/ornithine-binding__CDS__promoter,0.0047971772881007435,0.0047971772881007435
cnv_depth__IBNLCO_02531__IBNLCO_02531__gene,0.004793246703634355,0.004793246703634355
cnv_depth__IBNLCO_03067__IBNLCO_03067__gene__promoter,0.004789719980144145,0.004789719980144145
cnv_depth__IBNLCO_03728__IBNLCO_03728__gene,0.004783796376274189,0.004783796376274189
cnv_depth__IBNLCO_00322__IBNLCO_00322__gene__promoter,0.004780844391663907,0.004780844391663907
cnv_depth__IBNLCO_05583__IBNLCO_05583__gene__promoter,-0.00477959474076399,0.00477959474076399
cnv_depth__IBNLCO_04577__Uncharacterized__CDS,0.004779089896208028,0.004779089896208028
cnv_depth__IBNLCO_02263__Cysteine-rich__CDS__promoter,0.004777897955142323,0.004777897955142323
cnv_depth__IBNLCO_05813__Putative__CDS,0.004777679355280631,0.004777679355280631
cnv_depth__IBNLCO_01704__Ornithine__CDS,-0.004776079921686393,0.004776079921686393
cnv_depth__IBNLCO_02127__hypothetical__CDS__promoter,-0.004774700726804447,0.004774700726804447
cnv_depth__IBNLCO_00508__IBNLCO_00508__gene__promoter,0.004773174145477322,0.004773174145477322
cnv_depth__IBNLCO_02847__gnl|Bakta|IBNLCO_02847__CDS,-0.004772772697900412,0.004772772697900412
cnv_depth__IBNLCO_00015__hypothetical__CDS,0.004772654885247628,0.004772654885247628
cnv_depth__IBNLCO_03858__hypothetical__CDS__promoter,0.004772564263811822,0.004772564263811822
cnv_depth__IBNLCO_00023__lysR__gene,0.004767579271317627,0.004767579271317627
cnv_depth__IBNLCO_03825__hypothetical__CDS__promoter,0.004765861808066618,0.004765861808066618
cnv_depth__IBNLCO_03901__Amidohydrolase__CDS,-0.004763767921727258,0.004763767921727258
cnv_depth__IBNLCO_01742__IBNLCO_01742__gene,-0.00476346247527517,0.00476346247527517
cnv_depth__IBNLCO_00967__IBNLCO_00967__gene__promoter,-0.004763110954212021,0.004763110954212021
cnv_depth__IBNLCO_03635__hypothetical__CDS__promoter,0.004762957867758182,0.004762957867758182
cnv_depth__IBNLCO_01147__2-isopropylmalate__CDS__promoter,-0.0047619112890866025,0.0047619112890866025
cnv_depth__IBNLCO_02827__Glycolate__CDS,0.004759969731271538,0.004759969731271538
cnv_depth__IBNLCO_02920__IBNLCO_02920__gene__promoter,0.004756910772065136,0.004756910772065136
cnv_depth__IBNLCO_03140__ATP__CDS,0.004754875123356458,0.004754875123356458
cnv_depth__IBNLCO_05599__IBNLCO_05599__gene,0.004748675071433931,0.004748675071433931
cnv_depth__IBNLCO_03326__vioA__gene__promoter,-0.004748501049724364,0.004748501049724364
cnv_depth__IBNLCO_04201__Multidrug__CDS,-0.004748319428676054,0.004748319428676054
cnv_depth__IBNLCO_01955__hypothetical__CDS__promoter,-0.004747146076085536,0.004747146076085536
cnv_depth__IBNLCO_03725__iclR__gene__promoter,0.0047459971134527715,0.0047459971134527715
cnv_depth__IBNLCO_02603__Riboflavin__CDS__promoter,-0.004745799226295645,0.004745799226295645
cnv_depth__IBNLCO_03388__IBNLCO_03388__gene__promoter,0.004745137248474503,0.004745137248474503
cnv_depth__IBNLCO_04263__3-oxoacyl-[acyl-carrier-protein]__CDS,-0.004744831723744857,0.004744831723744857
cnv_depth__IBNLCO_02890__Anhydro-N-acetylmuramic__CDS,0.004743571450441296,0.004743571450441296
cnv_depth__IBNLCO_00356__hypothetical__CDS__promoter,-0.004742218410689992,0.004742218410689992
cnv_depth__IBNLCO_05679__IBNLCO_05679__gene,-0.004740936015467344,0.004740936015467344
cnv_depth__IBNLCO_01915__Murein__CDS,0.004738449464886871,0.004738449464886871
cnv_depth__IBNLCO_05728__IBNLCO_05728__gene__promoter,0.004734206016476672,0.004734206016476672
cnv_depth__IBNLCO_02858__Lipid/polyisoprenoid-binding__CDS,-0.004731899447814,0.004731899447814
cnv_depth__IBNLCO_00295__IBNLCO_00295__gene__promoter,-0.004726719637686817,0.004726719637686817
cnv_depth__IBNLCO_04564__Thiamine__CDS,-0.004724018773373743,0.004724018773373743
cnv_depth__IBNLCO_02108__IBNLCO_02108__gene__promoter,-0.0047222405759217755,0.0047222405759217755
cnv_depth__IBNLCO_04847__Sarcosine__CDS__promoter,0.0047218409790376345,0.0047218409790376345
cnv_depth__IBNLCO_02565__IBNLCO_02565__gene,-0.004707767638921082,0.004707767638921082
cnv_depth__IBNLCO_01394__vgrG1__gene,-0.004707109695152914,0.004707109695152914
cnv_depth__IBNLCO_02115__IBNLCO_02115__gene,-0.00470613932243978,0.00470613932243978
cnv_depth__IBNLCO_00703__IBNLCO_00703__gene__promoter,-0.004702510657929458,0.004702510657929458
cnv_depth__IBNLCO_04164__IBNLCO_04164__gene,0.004702006241182063,0.004702006241182063
cnv_depth__IBNLCO_01899__hypothetical__CDS,0.004700421411494516,0.004700421411494516
cnv_depth__IBNLCO_00968__ncS16__gene,-0.004698499585482036,0.004698499585482036
cnv_depth__IBNLCO_03126__tatC__gene,-0.0046964807316962395,0.0046964807316962395
cnv_depth__IBNLCO_03772__malR__gene__promoter,0.004696460021286834,0.004696460021286834
cnv_depth__IBNLCO_01225__Cysteine__CDS,-0.004694374689795272,0.004694374689795272
cnv_depth__IBNLCO_02283__IBNLCO_02283__gene,-0.004691053641606318,0.004691053641606318
cnv_depth__IBNLCO_02769__IBNLCO_02769__gene,-0.004689944280995565,0.004689944280995565
cnv_depth__IBNLCO_01553__IBNLCO_01553__gene__promoter,-0.004689063996993863,0.004689063996993863
cnv_depth__IBNLCO_01309__IBNLCO_01309__gene__promoter,-0.004683781660527392,0.004683781660527392
cnv_depth__IBNLCO_01938__Molybdopterin__CDS__promoter,0.004683412663142167,0.004683412663142167
cnv_depth__IBNLCO_05056__bcsR__gene,-0.004680859141014983,0.004680859141014983
cnv_depth__IBNLCO_03431__IBNLCO_03431__gene,-0.004677880712416365,0.004677880712416365
cnv_depth__IBNLCO_01174__IBNLCO_01174__gene,-0.0046775753813358845,0.0046775753813358845
cnv_depth__IBNLCO_02870__IBNLCO_02870__gene,-0.004675323984597457,0.004675323984597457
cnv_depth__IBNLCO_05265__IBNLCO_05265__gene__promoter,0.0046750128113513785,0.0046750128113513785
cnv_depth__IBNLCO_01932__HTH__CDS__promoter,-0.004674814594941694,0.004674814594941694
cnv_depth__IBNLCO_04258__gnl|Bakta|IBNLCO_04258__CDS,-0.0046742055959803725,0.0046742055959803725
cnv_depth__IBNLCO_00619__IBNLCO_00619__gene,0.0046698693054517135,0.0046698693054517135
cnv_depth__IBNLCO_01851__IBNLCO_01851__gene__promoter,-0.004668048909917127,0.004668048909917127
cnv_depth__IBNLCO_01071__gnl|Bakta|IBNLCO_01071__CDS__promoter,-0.004665154290318181,0.004665154290318181
cnv_depth__IBNLCO_04793__Iron-containing__CDS,-0.004664447365830458,0.004664447365830458
cnv_depth__IBNLCO_05022__bsaP__gene,-0.004663868656394177,0.004663868656394177
cnv_depth__IBNLCO_03499__Type__CDS,-0.0046634943487847,0.0046634943487847
cnv_depth__IBNLCO_00189__AmpG__CDS__promoter,0.004662218128767558,0.004662218128767558
cnv_depth__IBNLCO_03563__hypothetical__CDS__promoter,0.004660563034030571,0.004660563034030571
cnv_depth__IBNLCO_04704__assimilatory__CDS__promoter,-0.004658697984585944,0.004658697984585944
cnv_depth__IBNLCO_04802__Major__CDS__promoter,-0.00465628162934603,0.00465628162934603
cnv_depth__IBNLCO_01065__EamA__CDS__promoter,-0.004654558280271688,0.004654558280271688
cnv_depth__IBNLCO_03967__phosphoenolpyruvate__CDS,-0.004651268200767926,0.004651268200767926
cnv_depth__IBNLCO_01872__Phosphate__CDS__promoter,-0.004650104444386245,0.004650104444386245
cnv_depth__IBNLCO_04055__Major__CDS,-0.004648619230986096,0.004648619230986096
cnv_depth__IBNLCO_00862__IBNLCO_00862__gene__promoter,0.004646648771726526,0.004646648771726526
cnv_depth__IBNLCO_03698__IBNLCO_03698__gene,-0.004643826431983003,0.004643826431983003
cnv_depth__IBNLCO_04794__IBNLCO_04794__gene,-0.00464225741168745,0.00464225741168745
cnv_depth__IBNLCO_01451__fecR__gene,-0.00464105101960916,0.00464105101960916
cnv_depth__IBNLCO_00751__gspH__gene,-0.004639182466273585,0.004639182466273585
cnv_depth__IBNLCO_00415__IBNLCO_00415__gene,0.004638576839393192,0.004638576839393192
cnv_depth__IBNLCO_04746__L-threonine__CDS,-0.004635900085506204,0.004635900085506204
cnv_depth__IBNLCO_04001__gnl|Bakta|IBNLCO_04001__CDS__promoter,-0.004634989568721125,0.004634989568721125
cnv_depth__IBNLCO_03386__IBNLCO_03386__gene,0.0046313565070777215,0.0046313565070777215
cnv_depth__IBNLCO_04334__IBNLCO_04334__gene,0.004630751022164436,0.004630751022164436
cnv_depth__IBNLCO_02940__Glyceraldehyde-3-phosphate__CDS__promoter,-0.004630368370550325,0.004630368370550325
cnv_depth__IBNLCO_05802__NodB-like__CDS__promoter,-0.004629930361478798,0.004629930361478798
cnv_depth__IBNLCO_04165__ABC__CDS__promoter,-0.0046212056394636675,0.0046212056394636675
cnv_depth__IBNLCO_04345__IBNLCO_04345__gene,-0.004620307552981752,0.004620307552981752
cnv_depth__IBNLCO_04301__IBNLCO_04301__gene__promoter,0.004618981666744442,0.004618981666744442
cnv_depth__IBNLCO_02614__NADP__CDS,-0.00461714383948717,0.00461714383948717
cnv_depth__IBNLCO_03900__xapX__gene__promoter,0.004616069821960689,0.004616069821960689
cnv_depth__IBNLCO_00954__Cobalamin__CDS,0.004615295221056216,0.004615295221056216
cnv_depth__IBNLCO_02764__Undecaprenyl-phosphate__CDS__promoter,-0.004614247486011049,0.004614247486011049
cnv_depth__IBNLCO_04649__Phosphopantetheine__CDS__promoter,-0.004613593034789474,0.004613593034789474
cnv_depth__IBNLCO_01100__gnl|Bakta|IBNLCO_01100__CDS__promoter,-0.004613270161562874,0.004613270161562874
cnv_depth__IBNLCO_03708__IBNLCO_03708__gene,-0.004611310518001648,0.004611310518001648
cnv_depth__IBNLCO_01298__IBNLCO_01298__gene__promoter,-0.004610270860740413,0.004610270860740413
cnv_depth__IBNLCO_03618__TagK__CDS,0.004606678414417568,0.004606678414417568
cnv_depth__IBNLCO_03477__3-oxoadipate__CDS__promoter,-0.0046049606454364065,0.0046049606454364065
cnv_depth__IBNLCO_03511__IBNLCO_03511__gene,0.004603036962944773,0.004603036962944773
cnv_depth__IBNLCO_05833__4-carboxymuconolactone__CDS__promoter,-0.004602499723449061,0.004602499723449061
cnv_depth__IBNLCO_03352__tRNA-Arg(ccg)__tRNA,0.004599907041158289,0.004599907041158289
cnv_depth__IBNLCO_02752__IBNLCO_02752__gene,-0.00459926922751394,0.00459926922751394
cnv_depth__IBNLCO_01873__Iron__CDS__promoter,-0.004598811043850988,0.004598811043850988
cnv_depth__IBNLCO_05812__IBNLCO_05812__gene__promoter,0.004596744710978629,0.004596744710978629
cnv_depth__IBNLCO_02703__IBNLCO_02703__gene,-0.004594717937980262,0.004594717937980262
cnv_depth__IBNLCO_00407__NADH-quinone__CDS__promoter,0.004594537085486291,0.004594537085486291
cnv_depth__IBNLCO_01511__IBNLCO_01511__gene,-0.004591466085325885,0.004591466085325885
cnv_depth__IBNLCO_02990__CNP1-like__CDS__promoter,-0.004587204333947546,0.004587204333947546
cnv_depth__IBNLCO_05068__Transmembrane__CDS__promoter,-0.004587078574859513,0.004587078574859513
cnv_depth__IBNLCO_01573__IBNLCO_01573__gene,-0.004586799195850251,0.004586799195850251
cnv_depth__IBNLCO_05105__bsaZ__gene,-0.004586751915853543,0.004586751915853543
cnv_depth__IBNLCO_00617__IBNLCO_00617__gene__promoter,0.004586253277387898,0.004586253277387898
cnv_depth__IBNLCO_05205__IBNLCO_05205__gene__promoter,0.0045855329960417576,0.0045855329960417576
cnv_depth__IBNLCO_02083__IBNLCO_02083__gene__promoter,0.004585299995665032,0.004585299995665032
cnv_depth__IBNLCO_00359__Sodium%2C__CDS,-0.00458502267288062,0.00458502267288062
cnv_depth__IBNLCO_00342__IBNLCO_00342__gene,0.004584222075343873,0.004584222075343873
cnv_depth__IBNLCO_02835__phnK__gene__promoter,-0.004584100832094449,0.004584100832094449
cnv_depth__IBNLCO_02082__DUF2399__CDS__promoter,0.004583973963644289,0.004583973963644289
cnv_depth__IBNLCO_04664__IBNLCO_04664__gene__promoter,-0.004582342039801701,0.004582342039801701
cnv_depth__IBNLCO_05016__SctQ__CDS,0.0045807489931655974,0.0045807489931655974
cnv_depth__IBNLCO_03647__IBNLCO_03647__gene__promoter,-0.004579910416699865,0.004579910416699865
cnv_depth__IBNLCO_02456__Acyl-CoA__CDS,-0.004578366477621118,0.004578366477621118
cnv_depth__IBNLCO_03559__hypothetical__CDS__promoter,0.0045748902102489865,0.0045748902102489865
cnv_depth__IBNLCO_04285__fliK__gene__promoter,0.004574785759429423,0.004574785759429423
cnv_depth__IBNLCO_00436__IBNLCO_00436__gene__promoter,-0.004574648175118421,0.004574648175118421
cnv_depth__IBNLCO_02304__IBNLCO_02304__gene,0.004572978899514295,0.004572978899514295
cnv_depth__IBNLCO_04288__IBNLCO_04288__gene__promoter,-0.004570535436832106,0.004570535436832106
cnv_depth__IBNLCO_02592__IBNLCO_02592__gene__promoter,-0.004569956675021515,0.004569956675021515
cnv_depth__IBNLCO_05242__IBNLCO_05242__gene__promoter,-0.004569724045413881,0.004569724045413881
cnv_depth__IBNLCO_04774__gnl|Bakta|IBNLCO_04774__CDS__promoter,-0.004568616839436125,0.004568616839436125
cnv_depth__IBNLCO_05499__40-residue__CDS,-0.004567982748678556,0.004567982748678556
cnv_depth__IBNLCO_03908__hypothetical__CDS,0.004564876003919087,0.004564876003919087
cnv_depth__IBNLCO_03969__IBNLCO_03969__gene__promoter,0.004563881235207619,0.004563881235207619
cnv_depth__IBNLCO_03148__mlaD__gene,0.00456383504300236,0.00456383504300236
cnv_depth__IBNLCO_04821__IBNLCO_04821__gene__promoter,-0.004559693431430527,0.004559693431430527
cnv_depth__IBNLCO_01657__gnl|Bakta|IBNLCO_01657__CDS__promoter,-0.00455853998220317,0.00455853998220317
cnv_depth__IBNLCO_05268__IBNLCO_05268__gene__promoter,0.004557436912267682,0.004557436912267682
cnv_depth__IBNLCO_00799__IBNLCO_00799__gene,-0.0045560766367356235,0.0045560766367356235
cnv_depth__IBNLCO_05169__IBNLCO_05169__gene__promoter,0.004553775270152089,0.004553775270152089
cnv_depth__IBNLCO_05144__IBNLCO_05144__gene__promoter,0.004553723882769898,0.004553723882769898
cnv_depth__IBNLCO_02886__gnl|Bakta|IBNLCO_02886__CDS,-0.004553648563372894,0.004553648563372894
cnv_depth__IBNLCO_01268__gnl|Bakta|IBNLCO_01268__CDS,-0.004552159358895599,0.004552159358895599
cnv_depth__IBNLCO_00665__IBNLCO_00665__gene__promoter,0.0045469559899825795,0.0045469559899825795
cnv_depth__IBNLCO_03385__Short-chain-fatty-acid--CoA__CDS__promoter,0.004546413248400282,0.004546413248400282
cnv_depth__IBNLCO_01135__IBNLCO_01135__gene__promoter,-0.004544959797907111,0.004544959797907111
cnv_depth__IBNLCO_03632__IBNLCO_03632__gene__promoter,0.004543224827916801,0.004543224827916801
cnv_depth__IBNLCO_02530__IBNLCO_02530__gene__promoter,-0.004543140051013707,0.004543140051013707
cnv_depth__IBNLCO_00415__IBNLCO_00415__gene__promoter,0.004539888041547458,0.004539888041547458
cnv_depth__IBNLCO_02888__IBNLCO_02888__gene,0.00453900019501591,0.00453900019501591
cnv_depth__IBNLCO_03203__Small__CDS__promoter,0.004538750993954375,0.004538750993954375
cnv_depth__IBNLCO_01717__cheW__gene__promoter,0.004538372736084165,0.004538372736084165
cnv_depth__IBNLCO_05264__DNA__CDS__promoter,0.004538050915587576,0.004538050915587576
cnv_depth__IBNLCO_02088__S-adenosylhomocysteine__CDS__promoter,0.004537695472629712,0.004537695472629712
cnv_depth__IBNLCO_03660__Radical__CDS__promoter,0.0045376109312309934,0.0045376109312309934
cnv_depth__IBNLCO_00493__IBNLCO_00493__gene,0.0045372727777529915,0.0045372727777529915
cnv_depth__IBNLCO_00113__DprA__CDS,0.004536648783014916,0.004536648783014916
cnv_depth__IBNLCO_02161__tRNA-Asp(gtc)__tRNA,-0.004536031078170926,0.004536031078170926
cnv_depth__IBNLCO_02104__Phosphoenolpyruvate__CDS,-0.004533865260317269,0.004533865260317269
cnv_depth__IBNLCO_03560__hypothetical__CDS,0.004533442061282035,0.004533442061282035
cnv_depth__IBNLCO_05226__IBNLCO_05226__gene__promoter,0.004532698080614296,0.004532698080614296
cnv_depth__IBNLCO_05176__GDP-mannose__CDS__promoter,-0.004531828602882158,0.004531828602882158
cnv_depth__IBNLCO_03817__IBNLCO_03817__gene,-0.004531394669571183,0.004531394669571183
cnv_depth__IBNLCO_02318__IBNLCO_02318__gene,-0.004530292963104069,0.004530292963104069
cnv_depth__IBNLCO_00849__Small__CDS,0.004529574587316473,0.004529574587316473
cnv_depth__IBNLCO_02552__Porin__CDS__promoter,0.004529177925742926,0.004529177925742926
cnv_depth__IBNLCO_00437__IBNLCO_00437__gene,0.004525772370221222,0.004525772370221222
cnv_depth__IBNLCO_03653__2-methylcitrate__CDS,-0.004525630506860857,0.004525630506860857
cnv_depth__IBNLCO_04967__IBNLCO_04967__gene,-0.004525002038154468,0.004525002038154468
cnv_depth__IBNLCO_01070__gnl|Bakta|IBNLCO_01070__CDS__promoter,-0.004522804310773834,0.004522804310773834
cnv_depth__IBNLCO_02174__PXPV__CDS,-0.00452183713469639,0.00452183713469639
cnv_depth__IBNLCO_03049__IBNLCO_03049__gene,-0.00452092419325417,0.00452092419325417
cnv_depth__IBNLCO_05848__RNA__CDS__promoter,-0.004516461787200395,0.004516461787200395
cnv_depth__IBNLCO_02286__ntrC__gene__promoter,0.004514144004082615,0.004514144004082615
cnv_depth__IBNLCO_01420__IBNLCO_01420__gene,-0.004513942408674893,0.004513942408674893
cnv_depth__IBNLCO_03631__IBNLCO_03631__gene__promoter,0.004513564950100045,0.004513564950100045
cnv_depth__IBNLCO_04003__HTH-type__CDS,-0.004513294454524507,0.004513294454524507
cnv_depth__IBNLCO_05649__iclR__gene__promoter,0.004504650694160382,0.004504650694160382
cnv_depth__IBNLCO_05620__IBNLCO_05620__gene__promoter,0.004503171168243832,0.004503171168243832
cnv_depth__IBNLCO_02131__Chromosome__CDS,-0.004501530410864958,0.004501530410864958
cnv_depth__IBNLCO_00890__IBNLCO_00890__gene,-0.0044972642859943636,0.0044972642859943636
cnv_depth__IBNLCO_04200__Methylaspartate__CDS__promoter,0.004496201207440254,0.004496201207440254
cnv_depth__IBNLCO_03261__Outer__CDS__promoter,0.004494439804532667,0.004494439804532667
cnv_depth__IBNLCO_04267__IBNLCO_04267__gene,-0.004492018894189149,0.004492018894189149
cnv_depth__IBNLCO_04154__2-hydroxyhepta-2%2C4-diene-1%2C7-dioate__CDS,-0.004489070852260369,0.004489070852260369
cnv_depth__IBNLCO_02014__IBNLCO_02014__gene__promoter,-0.0044878649973873,0.0044878649973873
cnv_depth__IBNLCO_02091__hypothetical__CDS__promoter,0.0044866698757266765,0.0044866698757266765
cnv_depth__IBNLCO_02157__IBNLCO_02157__gene__promoter,-0.004486125857564828,0.004486125857564828
cnv_depth__IBNLCO_00081__mnmE__gene__promoter,0.004484833925850902,0.004484833925850902
cnv_depth__IBNLCO_02436__hypothetical__CDS,0.004484420752980571,0.004484420752980571
cnv_depth__IBNLCO_03787__IBNLCO_03787__gene__promoter,0.004483172387974734,0.004483172387974734
cnv_depth__IBNLCO_02861__IBNLCO_02861__gene,0.004481967170938004,0.004481967170938004
cnv_depth__IBNLCO_05601__FAD-binding__CDS__promoter,0.00448155804318116,0.00448155804318116
cnv_depth__IBNLCO_04801__HTH__CDS,-0.004476944088228898,0.004476944088228898
cnv_depth__IBNLCO_01355__IBNLCO_01355__gene__promoter,-0.0044755830504168165,0.0044755830504168165
cnv_depth__IBNLCO_03384__aidB__gene,0.004474422363518211,0.004474422363518211
cnv_depth__IBNLCO_04803__Amidohydrolase-related__CDS__promoter,0.004471558317240615,0.004471558317240615
cnv_depth__IBNLCO_01976__IBNLCO_01976__gene,0.0044713779908817225,0.0044713779908817225
cnv_depth__IBNLCO_01464__IBNLCO_01464__gene,0.004467405791344596,0.004467405791344596
cnv_depth__IBNLCO_00287__IBNLCO_00287__gene,0.004465082704148815,0.004465082704148815
cnv_depth__IBNLCO_02820__Acid__CDS__promoter,0.004463176128716464,0.004463176128716464
cnv_depth__IBNLCO_05804__peptidoglycan__CDS,0.004461231803078737,0.004461231803078737
cnv_depth__IBNLCO_02599__IBNLCO_02599__gene__promoter,0.004458882355167585,0.004458882355167585
cnv_depth__IBNLCO_00115__Methionyl-tRNA__CDS,-0.004457481439023661,0.004457481439023661
cnv_depth__IBNLCO_05729__IBNLCO_05729__gene__promoter,0.0044565912132730106,0.0044565912132730106
cnv_depth__IBNLCO_05054__Taurine__CDS,-0.004453937313477603,0.004453937313477603
cnv_depth__IBNLCO_04432__Voltage-gated__CDS,-0.004453856152105054,0.004453856152105054
cnv_depth__IBNLCO_03647__IBNLCO_03647__gene,-0.004451721765634425,0.004451721765634425
cnv_depth__IBNLCO_00592__IBNLCO_00592__gene__promoter,0.004451059771913204,0.004451059771913204
cnv_depth__IBNLCO_00221__flagellar__CDS,0.0044491622514715315,0.0044491622514715315
cnv_depth__IBNLCO_00027__fliM__gene__promoter,-0.004449080368876865,0.004449080368876865
cnv_depth__IBNLCO_03827__IBNLCO_03827__gene,0.004448054604985774,0.004448054604985774
cnv_depth__IBNLCO_03306__chemotaxis__CDS,-0.004447887264312574,0.004447887264312574
cnv_depth__IBNLCO_05093__IBNLCO_05093__gene__promoter,-0.0044465242109758135,0.0044465242109758135
cnv_depth__IBNLCO_02078__DUF1993__CDS,-0.0044460856326067255,0.0044460856326067255
cnv_depth__IBNLCO_00534__IBNLCO_00534__gene__promoter,-0.004443221591608577,0.004443221591608577
cnv_depth__IBNLCO_01108__IBNLCO_01108__gene,-0.004442984588635715,0.004442984588635715
cnv_depth__IBNLCO_05107__Serine__CDS,-0.004442670047309888,0.004442670047309888
cnv_depth__IBNLCO_05136__IBNLCO_05136__gene__promoter,-0.004439508766014211,0.004439508766014211
cnv_depth__IBNLCO_02953__NAD(P)-dependent__CDS,-0.00443948267216517,0.00443948267216517
cnv_depth__IBNLCO_04811__IBNLCO_04811__gene__promoter,-0.004439214070582164,0.004439214070582164
cnv_depth__IBNLCO_02526__IBNLCO_02526__gene__promoter,-0.004437581043902939,0.004437581043902939
cnv_depth__IBNLCO_02649__IBNLCO_02649__gene__promoter,-0.004437355914980203,0.004437355914980203
cnv_depth__IBNLCO_00369__IBNLCO_00369__gene,-0.004436339704112404,0.004436339704112404
cnv_depth__IBNLCO_01583__IBNLCO_01583__gene__promoter,-0.004431747950873516,0.004431747950873516
cnv_depth__IBNLCO_00305__TPM__CDS__promoter,-0.0044307171466840675,0.0044307171466840675
cnv_depth__IBNLCO_04512__IBNLCO_04512__gene,0.004424717007593607,0.004424717007593607
cnv_depth__IBNLCO_01854__DUF2975__CDS,0.0044179918713217765,0.0044179918713217765
cnv_depth__IBNLCO_00345__IBNLCO_00345__gene,-0.0044171326204375146,0.0044171326204375146
cnv_depth__IBNLCO_01587__Mop__CDS,0.004410778142102259,0.004410778142102259
cnv_depth__IBNLCO_03210__IBNLCO_03210__gene__promoter,0.004409871567618383,0.004409871567618383
cnv_depth__IBNLCO_04205__lysR__gene__promoter,0.004409859069576992,0.004409859069576992
cnv_depth__IBNLCO_01279__hypothetical__CDS,0.004409668825334904,0.004409668825334904
cnv_depth__IBNLCO_05019__bsaS__gene__promoter,-0.0044093026640947336,0.0044093026640947336
cnv_depth__IBNLCO_03726__IBNLCO_03726__gene__promoter,0.004407981162879935,0.004407981162879935
cnv_depth__IBNLCO_01894__Phosphoribosyltransferase__CDS__promoter,-0.0044069545653380665,0.0044069545653380665
cnv_depth__IBNLCO_05317__hypothetical__CDS__promoter,0.004405503114095866,0.004405503114095866
cnv_depth__IBNLCO_02235__2%2C3%2C4%2C5-tetrahydropyridine-2%2C6-dicarboxylate__CDS,-0.004403571609969724,0.004403571609969724
cnv_depth__IBNLCO_04483__UDP-N-acetylglucosamine__CDS__promoter,-0.004403129075632812,0.004403129075632812
cnv_depth__IBNLCO_04714__Major__CDS,-0.00439831890022974,0.00439831890022974
cnv_depth__IBNLCO_03955__DUF403__CDS,0.004394841480002369,0.004394841480002369
cnv_depth__IBNLCO_00778__N5-carboxyaminoimidazole__CDS__promoter,-0.004394467408683574,0.004394467408683574
cnv_depth__IBNLCO_02067__IBNLCO_02067__gene,-0.004391019299929444,0.004391019299929444
cnv_depth__IBNLCO_02533__IBNLCO_02533__gene__promoter,-0.00438908713706268,0.00438908713706268
cnv_depth__IBNLCO_04482__Histidine__CDS,-0.0043884605832138,0.0043884605832138
cnv_depth__IBNLCO_00188__hypothetical__CDS__promoter,0.00438721552302877,0.00438721552302877
cnv_depth__IBNLCO_05128__High-copy__CDS,-0.004385013976169738,0.004385013976169738
cnv_depth__IBNLCO_00666__IBNLCO_00666__gene,0.00438487036666979,0.00438487036666979
cnv_depth__IBNLCO_03357__gnl|Bakta|IBNLCO_03357__CDS__promoter,-0.004384422619973303,0.004384422619973303
cnv_depth__IBNLCO_05021__bsaQ__gene__promoter,-0.004383652193600724,0.004383652193600724
cnv_depth__IBNLCO_05657__IBNLCO_05657__gene,0.004382554762465008,0.004382554762465008
cnv_depth__IBNLCO_03964__IBNLCO_03964__gene,-0.004381667105069279,0.004381667105069279
cnv_depth__IBNLCO_02609__Bp1_738__gene,0.004379074380981657,0.004379074380981657
cnv_depth__IBNLCO_00601__IBNLCO_00601__gene__promoter,-0.004375547783447221,0.004375547783447221
cnv_depth__IBNLCO_03226__Large__CDS__promoter,0.004372956863836688,0.004372956863836688
cnv_depth__IBNLCO_03121__IBNLCO_03121__gene__promoter,0.0043716382748978724,0.0043716382748978724
cnv_depth__IBNLCO_04358__HTH__CDS__promoter,0.004369417234137736,0.004369417234137736
cnv_depth__IBNLCO_04615__Major__CDS,0.004369047001043043,0.004369047001043043
cnv_depth__IBNLCO_05212__IBNLCO_05212__gene__promoter,0.004368087798091569,0.004368087798091569
cnv_depth__IBNLCO_01243__IBNLCO_01243__gene__promoter,-0.0043675400358932715,0.0043675400358932715
cnv_depth__IBNLCO_02450__Protein__CDS__promoter,-0.00436700626657711,0.00436700626657711
cnv_depth__IBNLCO_03208__IBNLCO_03208__gene,0.004363767835754994,0.004363767835754994
cnv_depth__IBNLCO_02089__IBNLCO_02089__gene,0.004362523693807896,0.004362523693807896
cnv_depth__IBNLCO_01065__eamA__gene,0.004362390511105977,0.004362390511105977
cnv_depth__IBNLCO_05104__Hypersensitivity__CDS,-0.004361953533624797,0.004361953533624797
cnv_depth__IBNLCO_00735__hypothetical__CDS,0.004361152126464877,0.004361152126464877
cnv_depth__IBNLCO_04830__IBNLCO_04830__gene,-0.004359609101038913,0.004359609101038913
cnv_depth__IBNLCO_04300__IBNLCO_04300__gene__promoter,-0.004359027873755837,0.004359027873755837
cnv_depth__IBNLCO_03344__IBNLCO_03344__gene__promoter,0.004358551839873391,0.004358551839873391
cnv_depth__IBNLCO_03275__IBNLCO_03275__gene__promoter,-0.004357167902760201,0.004357167902760201
cnv_depth__IBNLCO_04095__IBNLCO_04095__gene__promoter,0.004356993625811106,0.004356993625811106
cnv_depth__IBNLCO_00997__Histidine__CDS,0.004356900712097271,0.004356900712097271
cnv_depth__IBNLCO_03634__IBNLCO_03634__gene,-0.004356113500893504,0.004356113500893504
cnv_depth__IBNLCO_00388__DUF3567__CDS,0.004355039718663797,0.004355039718663797
cnv_depth__IBNLCO_02893__AraC_family__CDS,-0.004353798625634759,0.004353798625634759
cnv_depth__IBNLCO_02942__IBNLCO_02942__gene,0.004352767236937023,0.004352767236937023
cnv_depth__IBNLCO_05388__AraC__CDS__promoter,-0.0043514720188828964,0.0043514720188828964
cnv_depth__IBNLCO_05170__Bacteriophage__CDS,-0.004350650062470781,0.004350650062470781
cnv_depth__IBNLCO_04829__IBNLCO_04829__gene,-0.00434975555585724,0.00434975555585724
cnv_depth__IBNLCO_01108__IBNLCO_01108__gene__promoter,-0.004349645018942128,0.004349645018942128
cnv_depth__IBNLCO_04338__IBNLCO_04338__gene__promoter,0.004348514012758578,0.004348514012758578
cnv_depth__IBNLCO_05212__Malate__CDS,0.004347613418645027,0.004347613418645027
cnv_depth__IBNLCO_05329__UDP-glucose__CDS__promoter,-0.004344811022356211,0.004344811022356211
cnv_depth__IBNLCO_02647__gnl|Bakta|IBNLCO_02647__CDS,0.004343919610243072,0.004343919610243072
cnv_depth__IBNLCO_01026__hypothetical__CDS__promoter,0.004341447662886915,0.004341447662886915
cnv_depth__IBNLCO_01687__IBNLCO_01687__gene,-0.004340890402154151,0.004340890402154151
cnv_depth__IBNLCO_03377__Cd(II)/Pb(II)-responsive__CDS,0.004340556943586637,0.004340556943586637
cnv_depth__IBNLCO_05450__atpR__gene__promoter,0.0043391626046294035,0.0043391626046294035
cnv_depth__IBNLCO_00307__gnl|Bakta|IBNLCO_00307__CDS__promoter,0.004336267243440413,0.004336267243440413
cnv_depth__IBNLCO_01485__IBNLCO_01485__gene,-0.004335818162034028,0.004335818162034028
cnv_depth__IBNLCO_04587__IBNLCO_04587__gene,-0.004335665205685498,0.004335665205685498
cnv_depth__IBNLCO_00241__IBNLCO_00241__gene,0.0043348553756002725,0.0043348553756002725
cnv_depth__IBNLCO_03324__fliT__gene__promoter,0.004333954903484502,0.004333954903484502
cnv_depth__IBNLCO_04975__IBNLCO_04975__gene,-0.004333045823556646,0.004333045823556646
cnv_depth__IBNLCO_01865__IBNLCO_01865__gene,-0.0043328291283293565,0.0043328291283293565
cnv_depth__IBNLCO_03192__IBNLCO_03192__gene__promoter,0.004331241540738815,0.004331241540738815
cnv_depth__IBNLCO_03732__IBNLCO_03732__gene__promoter,-0.004325927863567971,0.004325927863567971
cnv_depth__IBNLCO_01853__HTH__CDS__promoter,0.004324873003304052,0.004324873003304052
cnv_depth__IBNLCO_00386__IBNLCO_00386__gene__promoter,-0.004324809583453859,0.004324809583453859
cnv_depth__IBNLCO_01359__glgX__gene__promoter,0.004324445346445634,0.004324445346445634
cnv_depth__IBNLCO_03379__IBNLCO_03379__gene__promoter,0.0043236232466052306,0.0043236232466052306
cnv_depth__IBNLCO_02503__Integration__CDS,-0.004322713064760006,0.004322713064760006
cnv_depth__IBNLCO_00014__hypothetical__CDS__promoter,-0.004321768273585015,0.004321768273585015
cnv_depth__IBNLCO_03157__IBNLCO_03157__gene__promoter,-0.00432169126121315,0.00432169126121315
cnv_depth__IBNLCO_04671__DUF2875__CDS,0.004321584988599497,0.004321584988599497
cnv_depth__IBNLCO_01571__HTH__CDS,-0.00431888431051212,0.00431888431051212
cnv_depth__IBNLCO_01685__IBNLCO_01685__gene,0.004317745835611338,0.004317745835611338
cnv_depth__IBNLCO_00431__IBNLCO_00431__gene__promoter,0.00431645329427708,0.00431645329427708
cnv_depth__IBNLCO_01739__Family__CDS,-0.004316140088669807,0.004316140088669807
cnv_depth__IBNLCO_01676__Cobalamin__CDS__promoter,-0.004313297923634406,0.004313297923634406
cnv_depth__IBNLCO_04526__Iron__CDS,0.004309871025343066,0.004309871025343066
cnv_depth__IBNLCO_01342__Murein__CDS,0.004309384815088094,0.004309384815088094
cnv_depth__IBNLCO_01095__IBNLCO_01095__gene,-0.00430743897296,0.00430743897296
cnv_depth__IBNLCO_03190__IBNLCO_03190__gene__promoter,0.004306067785078266,0.004306067785078266
cnv_depth__IBNLCO_02472__Small__CDS,-0.004300691443888819,0.004300691443888819
cnv_depth__IBNLCO_02148__IBNLCO_02148__gene__promoter,0.004298815643516578,0.004298815643516578
cnv_depth__IBNLCO_00041__IBNLCO_00041__gene__promoter,-0.004298502991518891,0.004298502991518891
cnv_depth__IBNLCO_03301__hypothetical__CDS__promoter,0.0042981562154149194,0.0042981562154149194
cnv_depth__IBNLCO_00433__ubiK__gene__promoter,0.004296139093941535,0.004296139093941535
cnv_depth__IBNLCO_02320__Formimidoylglutamate__CDS,0.004295317270931994,0.004295317270931994
cnv_depth__IBNLCO_04686__IBNLCO_04686__gene__promoter,0.004293713303181436,0.004293713303181436
cnv_depth__IBNLCO_03969__Integral__CDS,-0.004293053599345847,0.004293053599345847
cnv_depth__IBNLCO_00205__IBNLCO_00205__gene__promoter,0.004292934673070913,0.004292934673070913
cnv_depth__IBNLCO_01450__IBNLCO_01450__gene,-0.004291564518717481,0.004291564518717481
cnv_depth__IBNLCO_03258__N-acetyl-gamma-glutamyl-phosphate__CDS__promoter,0.004289564424929045,0.004289564424929045
cnv_depth__IBNLCO_04070__Metal-dependent__CDS,0.004289120676548651,0.004289120676548651
cnv_depth__IBNLCO_05061__Cellulose__CDS,0.004287808524923755,0.004287808524923755
cnv_depth__IBNLCO_03276__IBNLCO_03276__gene__promoter,0.00428761343631759,0.00428761343631759
cnv_depth__IBNLCO_03313__flhC__gene,0.004286832629236778,0.004286832629236778
cnv_depth__IBNLCO_02268__Burkholderia__ncRNA,0.004285206870022076,0.004285206870022076
cnv_depth__IBNLCO_02186__IBNLCO_02186__gene,-0.0042833565399718904,0.0042833565399718904
cnv_depth__IBNLCO_01675__Corrinoid__CDS__promoter,0.004280179066956847,0.004280179066956847
cnv_depth__IBNLCO_02916__Adenylosuccinate__CDS,0.004278323465240933,0.004278323465240933
cnv_depth__IBNLCO_00206__IBNLCO_00206__gene__promoter,0.0042780553131542545,0.0042780553131542545
cnv_depth__IBNLCO_00311__IBNLCO_00311__gene,0.0042771113930192796,0.0042771113930192796
cnv_depth__IBNLCO_02980__IBNLCO_02980__gene,0.004276762139318615,0.004276762139318615
cnv_depth__IBNLCO_00274__flgI__gene__promoter,0.004276420478931757,0.004276420478931757
cnv_depth__IBNLCO_02434__HAD-superfamily__CDS__promoter,0.004272793798865121,0.004272793798865121
cnv_depth__IBNLCO_04699__IBNLCO_04699__gene,0.004272349304804145,0.004272349304804145
cnv_depth__IBNLCO_03140__IBNLCO_03140__gene__promoter,0.004271916784980954,0.004271916784980954
cnv_depth__IBNLCO_05828__putative__CDS,0.004270136371796115,0.004270136371796115
cnv_depth__IBNLCO_02896__Large__CDS__promoter,0.004269179690598699,0.004269179690598699
cnv_depth__IBNLCO_00988__IBNLCO_00988__gene__promoter,-0.004267571515516267,0.004267571515516267
cnv_depth__IBNLCO_04746__IBNLCO_04746__gene__promoter,-0.004266775676787846,0.004266775676787846
cnv_depth__IBNLCO_00559__IBNLCO_00559__gene__promoter,0.004265856565891091,0.004265856565891091
cnv_depth__IBNLCO_02215__IBNLCO_02215__gene,-0.00426442178031173,0.00426442178031173
cnv_depth__IBNLCO_01292__IBNLCO_01292__gene__promoter,0.004261469038058689,0.004261469038058689
cnv_depth__IBNLCO_04580__IBNLCO_04580__gene__promoter,-0.004257698058786031,0.004257698058786031
cnv_depth__IBNLCO_02585__IBNLCO_02585__gene,-0.004257499074695765,0.004257499074695765
cnv_depth__IBNLCO_01666__IBNLCO_01666__gene,0.004257331864658334,0.004257331864658334
cnv_depth__IBNLCO_05718__IBNLCO_05718__gene,0.004255670385043335,0.004255670385043335
cnv_depth__IBNLCO_00679__IBNLCO_00679__gene__promoter,-0.004254549632175949,0.004254549632175949
cnv_depth__IBNLCO_04769__DUF4365__CDS,-0.004254037584944657,0.004254037584944657
cnv_depth__IBNLCO_03267__IBNLCO_03267__gene,-0.004251498646741734,0.004251498646741734
cnv_depth__IBNLCO_01077__ATP-dependent__CDS__promoter,0.004250448653389948,0.004250448653389948
cnv_depth__IBNLCO_04379__N-acylhomoserine__CDS__promoter,0.0042499811297753735,0.0042499811297753735
cnv_depth__IBNLCO_04603__IBNLCO_04603__gene,0.004249773902013309,0.004249773902013309
cnv_depth__IBNLCO_01007__Sulfonate__CDS,0.004248881946719739,0.004248881946719739
cnv_depth__IBNLCO_00056__Transcription__CDS,-0.004245866401947826,0.004245866401947826
cnv_depth__IBNLCO_05025__Type__CDS,-0.004245833821285627,0.004245833821285627
cnv_depth__IBNLCO_02586__ugpC__gene,-0.004244978045650455,0.004244978045650455
cnv_depth__IBNLCO_00187__yqhC__gene,0.00424491445952768,0.00424491445952768
cnv_depth__IBNLCO_05532__IBNLCO_05532__gene__promoter,-0.0042439593334912245,0.0042439593334912245
cnv_depth__IBNLCO_01896__ATP__CDS,-0.004243657079192183,0.004243657079192183
cnv_depth__IBNLCO_01354__gnl|Bakta|IBNLCO_01354__CDS,-0.004243037301665849,0.004243037301665849
cnv_depth__IBNLCO_00565__IBNLCO_00565__gene,0.004241874795262165,0.004241874795262165
cnv_depth__IBNLCO_01841__Putative__CDS,-0.004241168087187886,0.004241168087187886
cnv_depth__IBNLCO_04586__Riboflavin__CDS,0.004240550538488531,0.004240550538488531
cnv_depth__IBNLCO_01782__histidine__CDS,-0.004239188009865125,0.004239188009865125
cnv_depth__IBNLCO_02798__IBNLCO_02798__gene,-0.004238364955425626,0.004238364955425626
cnv_depth__IBNLCO_05711__DUF3008__CDS__promoter,0.004237514150116786,0.004237514150116786
cnv_depth__IBNLCO_02252__Protein__CDS,-0.004235683147522654,0.004235683147522654
cnv_depth__IBNLCO_05596__tssK1__gene__promoter,-0.004232146694926635,0.004232146694926635
cnv_depth__IBNLCO_00627__ubiE__gene,0.004225703689582209,0.004225703689582209
cnv_depth__IBNLCO_04099__terpene__CDS,-0.004224359638983411,0.004224359638983411
cnv_depth__IBNLCO_02570__gnl|Bakta|IBNLCO_02570__CDS,-0.004222916126044805,0.004222916126044805
cnv_depth__IBNLCO_02838__IBNLCO_02838__gene__promoter,-0.004222506708744792,0.004222506708744792
cnv_depth__IBNLCO_05607__lysR__gene__promoter,-0.004214545345019785,0.004214545345019785
cnv_depth__IBNLCO_02454__Multidrug__CDS__promoter,-0.004212782449165823,0.004212782449165823
cnv_depth__IBNLCO_00317__IBNLCO_00317__gene,0.004212093368825723,0.004212093368825723
cnv_depth__IBNLCO_03285__IBNLCO_03285__gene,-0.004212053058945642,0.004212053058945642
cnv_depth__IBNLCO_04707__Histidine__CDS__promoter,0.004207897106321504,0.004207897106321504
cnv_depth__IBNLCO_03621__tssF__gene__promoter,0.004207674910212547,0.004207674910212547
cnv_depth__IBNLCO_00493__IBNLCO_00493__gene__promoter,0.004206657225229105,0.004206657225229105
cnv_depth__IBNLCO_03844__IBNLCO_03844__gene__promoter,0.004205744640032175,0.004205744640032175
cnv_depth__IBNLCO_00625__IBNLCO_00625__gene__promoter,-0.004203706014176038,0.004203706014176038
cnv_depth__IBNLCO_04751__Colicin__CDS__promoter,-0.004202868735810858,0.004202868735810858
cnv_depth__IBNLCO_04917__IBNLCO_04917__gene,-0.004202688081846457,0.004202688081846457
cnv_depth__IBNLCO_05785__IBNLCO_05785__gene,0.004199675550036437,0.004199675550036437
cnv_depth__IBNLCO_01287__Malonate__CDS,-0.004199669718418289,0.004199669718418289
cnv_depth__IBNLCO_03620__IraD/Gp25-like__CDS,0.004199237843046847,0.004199237843046847
cnv_depth__IBNLCO_03186__IBNLCO_03186__gene__promoter,0.004197998171113019,0.004197998171113019
cnv_depth__IBNLCO_01141__RNA__CDS,-0.004197202642258703,0.004197202642258703
cnv_depth__IBNLCO_01339__hypothetical__CDS,-0.004195980106864887,0.004195980106864887
cnv_depth__IBNLCO_04421__IBNLCO_04421__gene,0.004195757886728476,0.004195757886728476
cnv_depth__IBNLCO_04599__IBNLCO_04599__gene,-0.004192158756691457,0.004192158756691457
cnv_depth__IBNLCO_01976__Ysc84__CDS__promoter,0.004191865399980918,0.004191865399980918
cnv_depth__IBNLCO_03761__IBNLCO_03761__gene,0.004189049979381343,0.004189049979381343
cnv_depth__IBNLCO_04744__IBNLCO_04744__gene__promoter,-0.004187814623203943,0.004187814623203943
cnv_depth__IBNLCO_02951__IBNLCO_02951__gene__promoter,-0.004187753505826116,0.004187753505826116
cnv_depth__IBNLCO_03968__MobA-like__CDS__promoter,-0.004186155588701429,0.004186155588701429
cnv_depth__IBNLCO_02922__IBNLCO_02922__gene__promoter,-0.0041853034668699034,0.0041853034668699034
cnv_depth__IBNLCO_00082__IBNLCO_00082__gene,0.004183922912006325,0.004183922912006325
cnv_depth__IBNLCO_01441__gnl|Bakta|IBNLCO_01441__CDS__promoter,0.004182390283864437,0.004182390283864437
cnv_depth__IBNLCO_01489__hypothetical__CDS__promoter,0.0041796388288899275,0.0041796388288899275
cnv_depth__IBNLCO_04036__Branched-chain__CDS,-0.004174162019846553,0.004174162019846553
cnv_depth__IBNLCO_04569__IBNLCO_04569__gene,-0.004174132428354534,0.004174132428354534
cnv_depth__IBNLCO_05735__IBNLCO_05735__gene,0.004172233229979701,0.004172233229979701
cnv_depth__IBNLCO_05102__sctQ__gene__promoter,0.004172107869674545,0.004172107869674545
cnv_depth__IBNLCO_04596__IBNLCO_04596__gene__promoter,-0.004171250905488819,0.004171250905488819
cnv_depth__IBNLCO_01720__Porin__CDS__promoter,0.004170053143896268,0.004170053143896268
cnv_depth__IBNLCO_01963__IBNLCO_01963__gene,0.004169506187285739,0.004169506187285739
cnv_depth__IBNLCO_03202__IBNLCO_03202__gene,0.004169407283599507,0.004169407283599507
cnv_depth__IBNLCO_02822__IBNLCO_02822__gene,-0.004166217325955461,0.004166217325955461
cnv_depth__IBNLCO_04251__3-(3-hydroxy-phenyl)propionate__CDS__promoter,-0.004165997656998822,0.004165997656998822
cnv_depth__IBNLCO_03582__IBNLCO_03582__gene,0.00416507837987095,0.00416507837987095
cnv_depth__IBNLCO_03294__flagellar__CDS,0.004164767641258267,0.004164767641258267
cnv_depth__IBNLCO_03249__IBNLCO_03249__gene,0.004163343817090383,0.004163343817090383
cnv_depth__IBNLCO_03575__IBNLCO_03575__gene__promoter,-0.00416300176978042,0.00416300176978042
cnv_depth__IBNLCO_00479__IBNLCO_00479__gene,0.004162373111951205,0.004162373111951205
cnv_depth__IBNLCO_02369__Arginine__CDS__promoter,-0.004159655342714995,0.004159655342714995
cnv_depth__IBNLCO_00725__Two-component__CDS__promoter,-0.004158220969319109,0.004158220969319109
cnv_depth__IBNLCO_03456__IBNLCO_03456__gene,0.00415776303577435,0.00415776303577435
cnv_depth__IBNLCO_01993__IBNLCO_01993__gene__promoter,0.004156910354234853,0.004156910354234853
cnv_depth__IBNLCO_00083__DUF4382__CDS,0.004154752021331114,0.004154752021331114
cnv_depth__IBNLCO_04778__gsiB__gene,-0.004154499443564857,0.004154499443564857
cnv_depth__IBNLCO_02158__Putative__CDS,-0.0041525570339659285,0.0041525570339659285
cnv_depth__IBNLCO_03309__cheA__gene,0.004152046271315519,0.004152046271315519
cnv_depth__IBNLCO_02089__IBNLCO_02089__gene__promoter,0.004152021466456995,0.004152021466456995
cnv_depth__IBNLCO_04796__IBNLCO_04796__gene__promoter,-0.004145541395424041,0.004145541395424041
cnv_depth__IBNLCO_03180__msrP__gene,0.0041452635869648445,0.0041452635869648445
cnv_depth__IBNLCO_01859__Inner__CDS,-0.004140951603938018,0.004140951603938018
cnv_depth__IBNLCO_00785__DegQ__CDS,0.004139334860713088,0.004139334860713088
cnv_depth__IBNLCO_02993__IBNLCO_02993__gene__promoter,0.004138961441473076,0.004138961441473076
cnv_depth__IBNLCO_02675__IBNLCO_02675__gene__promoter,-0.004138609002426348,0.004138609002426348
cnv_depth__IBNLCO_04312__UDP-glucose__CDS,0.0041365695695461556,0.0041365695695461556
cnv_depth__IBNLCO_00379__IBNLCO_00379__gene,-0.004136483830572398,0.004136483830572398
cnv_depth__IBNLCO_02970__IBNLCO_02970__gene,0.004133097913910261,0.004133097913910261
cnv_depth__IBNLCO_03472__IBNLCO_03472__gene,0.0041306872613949275,0.0041306872613949275
cnv_depth__IBNLCO_02240__2-dehydro-3-deoxyphosphooctonate__CDS,-0.0041299279644994346,0.0041299279644994346
cnv_depth__IBNLCO_00716__IBNLCO_00716__gene__promoter,-0.004129522073893829,0.004129522073893829
cnv_depth__IBNLCO_02086__hypothetical__CDS,0.004128697536306544,0.004128697536306544
cnv_depth__IBNLCO_02619__Biotin__CDS,-0.004126798043239841,0.004126798043239841
cnv_depth__IBNLCO_03030__rrf__gene__promoter,-0.004123887459836431,0.004123887459836431
cnv_depth__IBNLCO_02396__N-acetyltransferase__CDS,-0.004123237932795083,0.004123237932795083
cnv_depth__IBNLCO_04349__IBNLCO_04349__gene,-0.004123069939628365,0.004123069939628365
cnv_depth__IBNLCO_00214__IBNLCO_00214__gene__promoter,0.004117385539890236,0.004117385539890236
cnv_depth__IBNLCO_02561__dITP/XTP__CDS,-0.004116384512762357,0.004116384512762357
cnv_depth__IBNLCO_03857__IBNLCO_03857__gene__promoter,0.004116239187687303,0.004116239187687303
cnv_depth__IBNLCO_03005__ATP-binding__CDS__promoter,0.004112496679183647,0.004112496679183647
cnv_depth__IBNLCO_01696__Leucine-%2C__CDS__promoter,-0.004111364994786714,0.004111364994786714
cnv_depth__IBNLCO_03131__IBNLCO_03131__gene__promoter,0.004110988737296365,0.004110988737296365
cnv_depth__IBNLCO_00272__flgG__gene,0.004109337751378532,0.004109337751378532
cnv_depth__IBNLCO_02015__Insertion__CDS__promoter,0.004109331203110431,0.004109331203110431
cnv_depth__IBNLCO_05814__ABC__CDS__promoter,0.004103769169134702,0.004103769169134702
cnv_depth__IBNLCO_01855__norR__gene__promoter,-0.004103150888303814,0.004103150888303814
cnv_depth__IBNLCO_03857__hypothetical__CDS,0.004102897128099122,0.004102897128099122
cnv_depth__IBNLCO_03678__IBNLCO_03678__gene__promoter,0.004102321916625655,0.004102321916625655
cnv_depth__IBNLCO_02070__IBNLCO_02070__gene__promoter,-0.004102133575112896,0.004102133575112896
cnv_depth__IBNLCO_03257__wrbA__gene,-0.004099905160049613,0.004099905160049613
cnv_depth__IBNLCO_04271__HTH__CDS,-0.004099475015904307,0.004099475015904307
cnv_depth__IBNLCO_05210__Succinate__CDS,0.004099129396576749,0.004099129396576749
cnv_depth__IBNLCO_02242__IBNLCO_02242__gene__promoter,-0.004092913950238432,0.004092913950238432
cnv_depth__IBNLCO_00122__trnF__gene__promoter,0.0040925683496791584,0.0040925683496791584
cnv_depth__IBNLCO_00455__ctaG__gene,-0.004091703367117587,0.004091703367117587
cnv_depth__IBNLCO_00247__IBNLCO_00247__gene,-0.004091011920999173,0.004091011920999173
cnv_depth__IBNLCO_00349__hypothetical__CDS,0.004090885927257697,0.004090885927257697
cnv_depth__IBNLCO_03853__IBNLCO_03853__gene,0.004089738353382446,0.004089738353382446
cnv_depth__IBNLCO_01934__DUF937__CDS,-0.004087147714180435,0.004087147714180435
cnv_depth__IBNLCO_03299__3-demethylubiquinone-9__CDS,0.004086465673391445,0.004086465673391445
cnv_depth__IBNLCO_05048__IBNLCO_05048__gene,-0.004085659038334249,0.004085659038334249
cnv_depth__IBNLCO_01334__sixA__gene__promoter,-0.00408558754583013,0.00408558754583013
cnv_depth__IBNLCO_01001__IBNLCO_01001__gene__promoter,-0.004082571386614815,0.004082571386614815
cnv_depth__IBNLCO_04124__Response__CDS,0.004081612161266271,0.004081612161266271
cnv_depth__IBNLCO_01935__Chaperone__CDS,-0.00408051765840266,0.00408051765840266
cnv_depth__IBNLCO_03604__IBNLCO_03604__gene__promoter,0.004080081973373569,0.004080081973373569
cnv_depth__IBNLCO_01729__IBNLCO_01729__gene__promoter,-0.004078128315203182,0.004078128315203182
cnv_depth__IBNLCO_02860__hypothetical__CDS__promoter,0.004075885011472006,0.004075885011472006
cnv_depth__IBNLCO_04140__Isoquinoline__CDS,-0.004073388712125335,0.004073388712125335
cnv_depth__IBNLCO_01676__cbiG__gene,0.00407296830638454,0.00407296830638454
cnv_depth__IBNLCO_01525__Multidrug__CDS,-0.004072268546296991,0.004072268546296991
cnv_depth__IBNLCO_02762__IBNLCO_02762__gene,0.004070430214876506,0.004070430214876506
cnv_depth__IBNLCO_03255__Orotate__CDS__promoter,-0.004070196014299823,0.004070196014299823
cnv_depth__IBNLCO_02161__trnD__gene__promoter,-0.00406787748916345,0.00406787748916345
cnv_depth__IBNLCO_05664__gnl|Bakta|IBNLCO_05664__CDS__promoter,-0.004066303820435949,0.004066303820435949
cnv_depth__IBNLCO_02517__IBNLCO_02517__gene,-0.00406456218615844,0.00406456218615844
cnv_depth__IBNLCO_04624__IBNLCO_04624__gene__promoter,0.004064012573482603,0.004064012573482603
cnv_depth__IBNLCO_04459__IBNLCO_04459__gene,0.004063972308301851,0.004063972308301851
cnv_depth__IBNLCO_05628__IBNLCO_05628__gene,0.004062515955742299,0.004062515955742299
cnv_depth__IBNLCO_05332__Insertion__CDS,-0.004062337009958434,0.004062337009958434
cnv_depth__IBNLCO_00387__IBNLCO_00387__gene__promoter,0.004061635224510406,0.004061635224510406
cnv_depth__IBNLCO_04664__IBNLCO_04664__gene,0.004057533909621121,0.004057533909621121
cnv_depth__IBNLCO_02569__clcA__gene__promoter,0.004057097851753944,0.004057097851753944
cnv_depth__IBNLCO_02095__IBNLCO_02095__gene,-0.0040546537841961525,0.0040546537841961525
cnv_depth__IBNLCO_03374__IBNLCO_03374__gene,0.004054354741706796,0.004054354741706796
cnv_depth__IBNLCO_01451__FecR__CDS__promoter,-0.004053668792872853,0.004053668792872853
cnv_depth__IBNLCO_00424__Cation/acetate__CDS,-0.004052723539207626,0.004052723539207626
cnv_depth__IBNLCO_01398__mntH__gene,0.0040499593006646595,0.0040499593006646595
cnv_depth__IBNLCO_04539__irlS__gene,0.004047972291004883,0.004047972291004883
cnv_depth__IBNLCO_03003__DNA__CDS,-0.00404656491421264,0.00404656491421264
cnv_depth__IBNLCO_04083__macB__gene__promoter,-0.0040440386249162305,0.0040440386249162305
cnv_depth__IBNLCO_02666__Glucose-1-phosphate__CDS__promoter,0.004043457529168348,0.004043457529168348
cnv_depth__IBNLCO_02693__IBNLCO_02693__gene,-0.004042625518222149,0.004042625518222149
cnv_depth__IBNLCO_03981__hypothetical__CDS,0.004040788783711654,0.004040788783711654
cnv_depth__IBNLCO_04488__DUF1453__CDS__promoter,-0.004039750672560193,0.004039750672560193
cnv_depth__IBNLCO_01305__AttH__CDS,0.004038501797820379,0.004038501797820379
cnv_depth__IBNLCO_05701__hypothetical__CDS,-0.004038241438710851,0.004038241438710851
cnv_depth__IBNLCO_05300__lysE__gene__promoter,0.004036699019739273,0.004036699019739273
cnv_depth__IBNLCO_03862__Cytochrome__CDS,-0.004035393743328164,0.004035393743328164
cnv_depth__IBNLCO_03310__chemotaxis__CDS,0.004033930092982763,0.004033930092982763
cnv_depth__IBNLCO_00090__Betaproteobacteria_toxic_sRNA__gene,0.00403385022712145,0.00403385022712145
cnv_depth__IBNLCO_01131__Undecaprenyl__CDS,-0.0040325948504513955,0.0040325948504513955
cnv_depth__IBNLCO_03007__secA__gene__promoter,0.004032537286039639,0.004032537286039639
cnv_depth__IBNLCO_04328__IBNLCO_04328__gene,-0.004032491871895271,0.004032491871895271
cnv_depth__IBNLCO_02669__IBNLCO_02669__gene,-0.004030168825994362,0.004030168825994362
cnv_depth__IBNLCO_04719__IBNLCO_04719__gene__promoter,0.004025524770140239,0.004025524770140239
cnv_depth__IBNLCO_01371__hypothetical__CDS__promoter,-0.004024655498277618,0.004024655498277618
cnv_depth__IBNLCO_00962__Acetyl-CoA__CDS,0.004023019583465222,0.004023019583465222
cnv_depth__IBNLCO_04516__IBNLCO_04516__gene__promoter,0.0040220774373260675,0.0040220774373260675
cnv_depth__IBNLCO_01738__gnl|Bakta|IBNLCO_01738__CDS__promoter,-0.004020733069997756,0.004020733069997756
cnv_depth__IBNLCO_03122__IBNLCO_03122__gene,0.004016148350503832,0.004016148350503832
cnv_depth__IBNLCO_05124__hypothetical__CDS__promoter,-0.004015296869649332,0.004015296869649332
cnv_depth__IBNLCO_05319__IBNLCO_05319__gene__promoter,-0.004014347835585323,0.004014347835585323
cnv_depth__IBNLCO_03931__IBNLCO_03931__gene__promoter,0.004013959515321094,0.004013959515321094
cnv_depth__IBNLCO_00943__zapA__gene__promoter,0.004011237915904551,0.004011237915904551
cnv_depth__IBNLCO_00878__cspD__gene,0.004008919512552117,0.004008919512552117
cnv_depth__IBNLCO_03252__IBNLCO_03252__gene,-0.004008720019214337,0.004008720019214337
cnv_depth__IBNLCO_02939__MFS__CDS,-0.004008099065099433,0.004008099065099433
cnv_depth__IBNLCO_02662__ABC__CDS,0.004007636837177145,0.004007636837177145
cnv_depth__IBNLCO_01378__SCO__CDS__promoter,-0.004004194141891001,0.004004194141891001
cnv_depth__IBNLCO_03801__Shikimate__CDS__promoter,0.0040041857894436116,0.0040041857894436116
cnv_depth__IBNLCO_03188__IBNLCO_03188__gene__promoter,0.004004162894008065,0.004004162894008065
cnv_depth__IBNLCO_03016__IBNLCO_03016__gene__promoter,-0.0040029474287033885,0.0040029474287033885
cnv_depth__IBNLCO_00470__lktB__gene__promoter,0.004002829285098589,0.004002829285098589
cnv_depth__IBNLCO_05231__Transcriptional__CDS__promoter,0.004002384755234434,0.004002384755234434
cnv_depth__IBNLCO_00608__IBNLCO_00608__gene,-0.004001087185220502,0.004001087185220502
cnv_depth__IBNLCO_01205__Peptidase__CDS,-0.003998369126801463,0.003998369126801463
cnv_depth__IBNLCO_05209__IBNLCO_05209__gene__promoter,0.003998306143832373,0.003998306143832373
cnv_depth__IBNLCO_03287__IBNLCO_03287__gene__promoter,0.003998216934528129,0.003998216934528129
cnv_depth__IBNLCO_05184__IBNLCO_05184__gene__promoter,0.003992579074732632,0.003992579074732632
cnv_depth__IBNLCO_00943__zapA__gene,0.003991938640465233,0.003991938640465233
cnv_depth__IBNLCO_00690__IBNLCO_00690__gene__promoter,0.003991872183408574,0.003991872183408574
cnv_depth__IBNLCO_02791__hypothetical__CDS__promoter,0.0039906340399632695,0.0039906340399632695
cnv_depth__IBNLCO_04907__Glycine__CDS__promoter,-0.0039896464941495575,0.0039896464941495575
cnv_depth__IBNLCO_05374__histidine__CDS__promoter,0.003988202806398171,0.003988202806398171
cnv_depth__IBNLCO_02011__ppiD__gene__promoter,-0.003986061178730559,0.003986061178730559
cnv_depth__IBNLCO_01938__IBNLCO_01938__gene,-0.003985761691001407,0.003985761691001407
cnv_depth__IBNLCO_03973__gnl|Bakta|IBNLCO_03973__CDS__promoter,0.0039827745424306825,0.0039827745424306825
cnv_depth__IBNLCO_05300__lysE__gene,0.003982653043449982,0.003982653043449982
cnv_depth__IBNLCO_00051__IBNLCO_00051__gene,-0.003981941031141745,0.003981941031141745
cnv_depth__IBNLCO_04230__IBNLCO_04230__gene,0.003981883195414727,0.003981883195414727
cnv_depth__IBNLCO_01895__Adenylosuccinate__CDS__promoter,-0.00398045057608024,0.00398045057608024
cnv_depth__IBNLCO_04971__IBNLCO_04971__gene,-0.00398009229079235,0.00398009229079235
cnv_depth__IBNLCO_01658__Short__CDS__promoter,0.003980065379831583,0.003980065379831583
cnv_depth__IBNLCO_01288__IBNLCO_01288__gene__promoter,-0.003979225684828245,0.003979225684828245
cnv_depth__IBNLCO_04042__isochorismate__CDS__promoter,0.0039785797072477485,0.0039785797072477485
cnv_depth__IBNLCO_05816__Oxygen__CDS,-0.003975900068668424,0.003975900068668424
cnv_depth__IBNLCO_05746__zraR__gene,-0.003973125962670881,0.003973125962670881
cnv_depth__IBNLCO_03003__DNA__CDS__promoter,0.003967369577741166,0.003967369577741166
cnv_depth__IBNLCO_02818__IBNLCO_02818__gene,-0.0039620128794274016,0.0039620128794274016
cnv_depth__IBNLCO_00384__IBNLCO_00384__gene,-0.003959352442165558,0.003959352442165558
cnv_depth__IBNLCO_01017__hypothetical__CDS,-0.003958780530972759,0.003958780530972759
cnv_depth__IBNLCO_03748__Acetyl__CDS__promoter,0.003957646042358022,0.003957646042358022
cnv_depth__IBNLCO_00834__gnl|Bakta|IBNLCO_00834__CDS,-0.003956648045802337,0.003956648045802337
cnv_depth__IBNLCO_00099__IBNLCO_00099__gene__promoter,0.0039563342348141765,0.0039563342348141765
cnv_depth__IBNLCO_03810__HD__CDS__promoter,-0.0039562967517436255,0.0039562967517436255
cnv_depth__IBNLCO_00319__IBNLCO_00319__gene,0.003952002720546672,0.003952002720546672
cnv_depth__IBNLCO_01333__trnP__gene__promoter,-0.003951252998505047,0.003951252998505047
cnv_depth__IBNLCO_04813__hypothetical__CDS__promoter,0.003950943727389993,0.003950943727389993
cnv_depth__IBNLCO_00203__Tyrosine__CDS,-0.003950527048498881,0.003950527048498881
cnv_depth__IBNLCO_04959__gnl|Bakta|IBNLCO_04959__CDS,-0.003949052464270526,0.003949052464270526
cnv_depth__IBNLCO_00318__IBNLCO_00318__gene,-0.003948782698570123,0.003948782698570123
cnv_depth__IBNLCO_05131__IBNLCO_05131__gene,-0.003944244613728887,0.003944244613728887
cnv_depth__IBNLCO_03818__gnl|Bakta|IBNLCO_03818__CDS__promoter,-0.003940317659710103,0.003940317659710103
cnv_depth__IBNLCO_04824__IBNLCO_04824__gene__promoter,-0.003936830182416062,0.003936830182416062
cnv_depth__IBNLCO_03704__IBNLCO_03704__gene,-0.0039365541101281,0.0039365541101281
cnv_depth__IBNLCO_02793__manC__gene__promoter,0.003932769252440774,0.003932769252440774
cnv_depth__IBNLCO_03404__IBNLCO_03404__gene__promoter,0.003932661933994985,0.003932661933994985
cnv_depth__IBNLCO_01587__IBNLCO_01587__gene__promoter,0.003929890591056971,0.003929890591056971
cnv_depth__IBNLCO_00673__IBNLCO_00673__gene,-0.0039297133650874885,0.0039297133650874885
cnv_depth__IBNLCO_03308__chemotaxis__CDS,0.003927656271626618,0.003927656271626618
cnv_depth__IBNLCO_01432__IBNLCO_01432__gene,-0.003926456064700701,0.003926456064700701
cnv_depth__IBNLCO_02138__IBNLCO_02138__gene__promoter,-0.003925306541041359,0.003925306541041359
cnv_depth__IBNLCO_04752__IBNLCO_04752__gene,-0.003924114169405044,0.003924114169405044
cnv_depth__IBNLCO_05612__cysteine__CDS,-0.003923585553276435,0.003923585553276435
cnv_depth__IBNLCO_03622__tssG__gene__promoter,0.003922219029023708,0.003922219029023708
cnv_depth__IBNLCO_01303__Soluble__CDS,-0.003922057217902371,0.003922057217902371
cnv_depth__IBNLCO_04398__IBNLCO_04398__gene__promoter,-0.0039209828092201925,0.0039209828092201925
cnv_depth__IBNLCO_02223__IBNLCO_02223__gene__promoter,0.003920247650106542,0.003920247650106542
cnv_depth__IBNLCO_03462__Methyltransferase__CDS__promoter,0.003917691434515948,0.003917691434515948
cnv_depth__IBNLCO_03113__IBNLCO_03113__gene,0.003916994599477481,0.003916994599477481
cnv_depth__IBNLCO_00428__IBNLCO_00428__gene,0.003916390773645508,0.003916390773645508
cnv_depth__IBNLCO_02895__Small__CDS__promoter,0.003915598351752991,0.003915598351752991
cnv_depth__IBNLCO_02946__hypothetical__CDS__promoter,0.003915479701978218,0.003915479701978218
cnv_depth__IBNLCO_05588__IBNLCO_05588__gene__promoter,-0.003915348946394982,0.003915348946394982
cnv_depth__IBNLCO_03236__rrf__gene__promoter,0.0039142144027151,0.0039142144027151
cnv_depth__IBNLCO_04182__IBNLCO_04182__gene,0.003912803066607516,0.003912803066607516
cnv_depth__IBNLCO_04806__IBNLCO_04806__gene,-0.003909517069310588,0.003909517069310588
cnv_depth__IBNLCO_03256__Phosphatidylethanolamine-binding__CDS__promoter,0.003906884813748929,0.003906884813748929
cnv_depth__IBNLCO_00343__azlC__gene__promoter,0.0039068346825695596,0.0039068346825695596
cnv_depth__IBNLCO_00534__IBNLCO_00534__gene,-0.0039055541496840394,0.0039055541496840394
cnv_depth__IBNLCO_03015__UDP-N-acetylmuramate--L-alanine__CDS,-0.0039015592867425904,0.0039015592867425904
cnv_depth__IBNLCO_04260__L-fuconolactone__CDS,-0.0039011460100891802,0.0039011460100891802
cnv_depth__IBNLCO_01453__IBNLCO_01453__gene,0.0039010740171323854,0.0039010740171323854
cnv_depth__IBNLCO_04259__Altronate__CDS,-0.0038990934015236327,0.0038990934015236327
cnv_depth__IBNLCO_02962__Carboxypeptidase__CDS,-0.003898606134255893,0.003898606134255893
cnv_depth__IBNLCO_02996__trnP__gene__promoter,0.0038982642952399603,0.0038982642952399603
cnv_depth__IBNLCO_03320__DNA-3-methyladenine__CDS__promoter,0.0038973797583762675,0.0038973797583762675
cnv_depth__IBNLCO_00244__Proline/betaine__CDS,0.003897257790552183,0.003897257790552183
cnv_depth__IBNLCO_04098__Terpene__CDS,-0.003896033555303855,0.003896033555303855
cnv_depth__IBNLCO_01645__Outer__CDS,-0.003894285717536617,0.003894285717536617
cnv_depth__IBNLCO_01875__IBNLCO_01875__gene,-0.0038939335025636825,0.0038939335025636825
cnv_depth__IBNLCO_00784__IBNLCO_00784__gene,-0.003893005136706969,0.003893005136706969
cnv_depth__IBNLCO_03999__IBNLCO_03999__gene__promoter,-0.0038887843913393938,0.0038887843913393938
cnv_depth__IBNLCO_02119__Phosphatidate__CDS__promoter,-0.003888343203393939,0.003888343203393939
cnv_depth__IBNLCO_02055__IBNLCO_02055__gene__promoter,-0.0038877408728304184,0.0038877408728304184
cnv_depth__IBNLCO_00311__copper-binding__CDS__promoter,-0.003887382960297083,0.003887382960297083
cnv_depth__IBNLCO_00842__Long-chain-fatty-acid--CoA__CDS,-0.0038822301028418717,0.0038822301028418717
cnv_depth__IBNLCO_00446__Protein-export__CDS__promoter,-0.0038801905975463197,0.0038801905975463197
cnv_depth__IBNLCO_05760__IBNLCO_05760__gene__promoter,-0.003879932093286614,0.003879932093286614
cnv_depth__IBNLCO_05576__CBM6__CDS__promoter,0.003878218195475607,0.003878218195475607
cnv_depth__IBNLCO_01236__hypothetical__CDS,0.003877630885185042,0.003877630885185042
cnv_depth__IBNLCO_05765__Flavin__CDS,0.0038758151843690564,0.0038758151843690564
cnv_depth__IBNLCO_01484__3-oxoadipate__CDS__promoter,-0.0038733798298257304,0.0038733798298257304
cnv_depth__IBNLCO_04989__IBNLCO_04989__gene,0.003872929970631869,0.003872929970631869
cnv_depth__IBNLCO_04282__IBNLCO_04282__gene,-0.003871320866604397,0.003871320866604397
cnv_depth__IBNLCO_04570__Phosphoethanolamine__CDS,-0.0038711459153714053,0.0038711459153714053
cnv_depth__IBNLCO_02664__dTDP-4-dehydrorhamnose__CDS__promoter,0.0038707812852641485,0.0038707812852641485
cnv_depth__IBNLCO_03853__IBNLCO_03853__gene__promoter,0.003869311877390186,0.003869311877390186
cnv_depth__IBNLCO_01507__IBNLCO_01507__gene__promoter,0.0038659663953667794,0.0038659663953667794
cnv_depth__IBNLCO_04241__IBNLCO_04241__gene,-0.0038651539532698832,0.0038651539532698832
cnv_depth__IBNLCO_01848__HlyD__CDS__promoter,-0.0038639775274721673,0.0038639775274721673
cnv_depth__IBNLCO_03736__yfcC__gene,0.00386372656538666,0.00386372656538666
cnv_depth__IBNLCO_04644__Phosphopantetheine-containing__CDS,0.0038630743257742333,0.0038630743257742333
cnv_depth__IBNLCO_04038__High-affinity__CDS,0.0038621144008799788,0.0038621144008799788
cnv_depth__IBNLCO_03684__IBNLCO_03684__gene,-0.0038618682226165568,0.0038618682226165568
cnv_depth__IBNLCO_04568__Nucleoside__CDS,-0.0038612941818897124,0.0038612941818897124
cnv_depth__IBNLCO_02409__IBNLCO_02409__gene__promoter,0.0038599429340431634,0.0038599429340431634
cnv_depth__IBNLCO_05537__Acyl-CoA__CDS__promoter,0.0038588395339868614,0.0038588395339868614
cnv_depth__IBNLCO_03948__hypothetical__CDS,-0.0038583693942690236,0.0038583693942690236
cnv_depth__IBNLCO_03093__IBNLCO_03093__gene__promoter,0.0038579959562926205,0.0038579959562926205
cnv_depth__IBNLCO_00728__Phytanoyl-CoA__CDS,0.0038545706138695198,0.0038545706138695198
cnv_depth__IBNLCO_04834__IBNLCO_04834__gene,0.0038525495577083142,0.0038525495577083142
cnv_depth__IBNLCO_00252__IBNLCO_00252__gene__promoter,0.0038522475353126727,0.0038522475353126727
cnv_depth__IBNLCO_05466__yfcG__gene,-0.0038520282987259563,0.0038520282987259563
cnv_depth__IBNLCO_01848__hlyD__gene,0.0038507587170289914,0.0038507587170289914
cnv_depth__IBNLCO_05630__lktB__gene,-0.003849873258245977,0.003849873258245977
cnv_depth__IBNLCO_01293__phospholipase__CDS,0.003848742415107016,0.003848742415107016
cnv_depth__IBNLCO_01338__IBNLCO_01338__gene__promoter,-0.0038476366224864094,0.0038476366224864094
cnv_depth__IBNLCO_02919__IBNLCO_02919__gene__promoter,0.003847309629709661,0.003847309629709661
cnv_depth__IBNLCO_03128__hypothetical__CDS__promoter,-0.003846482091908874,0.003846482091908874
cnv_depth__IBNLCO_02278__Nitrate/nitrite__CDS,-0.003845695285606489,0.003845695285606489
cnv_depth__IBNLCO_02244__IBNLCO_02244__gene__promoter,-0.003845193461706967,0.003845193461706967
cnv_depth__IBNLCO_04712__IBNLCO_04712__gene,0.0038446575075651098,0.0038446575075651098
cnv_depth__IBNLCO_00026__flagellar__CDS__promoter,0.003842299825414333,0.003842299825414333
cnv_depth__IBNLCO_05829__3-phenylpropionate-dihydrodiol/cinnamic__CDS__promoter,-0.0038422124782003476,0.0038422124782003476
cnv_depth__IBNLCO_00371__IBNLCO_00371__gene,0.0038409830067152534,0.0038409830067152534
cnv_depth__IBNLCO_00230__hypothetical__CDS__promoter,0.0038400997642739454,0.0038400997642739454
cnv_depth__IBNLCO_03193__Small__CDS,0.003836878615864978,0.003836878615864978
cnv_depth__IBNLCO_01308__IBNLCO_01308__gene__promoter,-0.0038336170761053777,0.0038336170761053777
cnv_depth__IBNLCO_00687__IBNLCO_00687__gene__promoter,-0.0038311734847891097,0.0038311734847891097
cnv_depth__IBNLCO_02053__IBNLCO_02053__gene,0.00383108051924566,0.00383108051924566
cnv_depth__IBNLCO_02859__IBNLCO_02859__gene__promoter,0.0038304783812481602,0.0038304783812481602
cnv_depth__IBNLCO_00625__IBNLCO_00625__gene,-0.0038302724021887055,0.0038302724021887055
cnv_depth__IBNLCO_00942__6S__gene__promoter,0.0038288769087766183,0.0038288769087766183
cnv_depth__IBNLCO_01506__IBNLCO_01506__gene,-0.0038282115900549717,0.0038282115900549717
cnv_depth__IBNLCO_01691__IBNLCO_01691__gene,0.0038281400676010518,0.0038281400676010518
cnv_depth__IBNLCO_05612__cysteine__CDS__promoter,-0.0038267857000549056,0.0038267857000549056
cnv_depth__IBNLCO_02079__Major__CDS,-0.003823816021195708,0.003823816021195708
cnv_depth__IBNLCO_02974__Zinc__CDS__promoter,0.003822292898603511,0.003822292898603511
cnv_depth__IBNLCO_00630__ubiB__gene,-0.003821180246449333,0.003821180246449333
cnv_depth__IBNLCO_04760__Putative__CDS,0.0038201952114519607,0.0038201952114519607
cnv_depth__IBNLCO_02981__IBNLCO_02981__gene,0.0038190696797758576,0.0038190696797758576
cnv_depth__IBNLCO_00392__Enoyl-CoA__CDS,-0.00381789927018838,0.00381789927018838
cnv_depth__IBNLCO_03700__IBNLCO_03700__gene,0.0038162383436363984,0.0038162383436363984
cnv_depth__IBNLCO_05116__IBNLCO_05116__gene,-0.0038141353702122963,0.0038141353702122963
cnv_depth__IBNLCO_03187__Thiol:disulfide__CDS__promoter,0.003813180119955765,0.003813180119955765
cnv_depth__IBNLCO_05796__Alpha/beta__CDS,-0.0038120983249153714,0.0038120983249153714
cnv_depth__IBNLCO_05712__RNA__CDS__promoter,0.003810209228745986,0.003810209228745986
cnv_depth__IBNLCO_02159__hypothetical__CDS__promoter,-0.003809119622330024,0.003809119622330024
cnv_depth__IBNLCO_02418__rseB__gene,-0.0038087399462854855,0.0038087399462854855
cnv_depth__IBNLCO_03754__gntR__gene__promoter,0.0038078808905531105,0.0038078808905531105
cnv_depth__IBNLCO_00035__DUF2938__CDS,0.003807613438228991,0.003807613438228991
cnv_depth__IBNLCO_01569__N-acetylmuramoyl-L-alanine__CDS__promoter,-0.0038057616190895083,0.0038057616190895083
cnv_depth__IBNLCO_05217__Filamentous__CDS,0.003804781421366274,0.003804781421366274
cnv_depth__IBNLCO_02091__IBNLCO_02091__gene,0.0038035976232129883,0.0038035976232129883
cnv_depth__IBNLCO_02428__Large__CDS__promoter,0.003802871775511445,0.003802871775511445
cnv_depth__IBNLCO_04127__IBNLCO_04127__gene__promoter,0.0038012427151821082,0.0038012427151821082
cnv_depth__IBNLCO_03344__hypothetical__CDS,0.003800857618646918,0.003800857618646918
cnv_depth__IBNLCO_00292__hypothetical__CDS__promoter,0.0037996049702269438,0.0037996049702269438
cnv_depth__IBNLCO_03509__IBNLCO_03509__gene__promoter,-0.003798275914209354,0.003798275914209354
cnv_depth__IBNLCO_03366__ADP-heptose--LPS__CDS,-0.0037979013109439956,0.0037979013109439956
cnv_depth__IBNLCO_03054__IBNLCO_03054__gene,-0.0037948972785585627,0.0037948972785585627
cnv_depth__IBNLCO_01110__IBNLCO_01110__gene,-0.003794772164152727,0.003794772164152727
cnv_depth__IBNLCO_00438__IBNLCO_00438__gene__promoter,0.003793364693999833,0.003793364693999833
cnv_depth__IBNLCO_01995__acetyl-CoA__CDS__promoter,0.0037919861740445997,0.0037919861740445997
cnv_depth__IBNLCO_05392__Muconolactone__CDS__promoter,-0.003791025270690058,0.003791025270690058
cnv_depth__IBNLCO_03185__Burkholderia__ncRNA,0.0037910057378869977,0.0037910057378869977
cnv_depth__IBNLCO_02568__IBNLCO_02568__gene__promoter,0.003790753042649059,0.003790753042649059
cnv_depth__IBNLCO_03184__engB__gene,0.0037904727678679875,0.0037904727678679875
cnv_depth__IBNLCO_05323__IBNLCO_05323__gene,0.0037896503865494893,0.0037896503865494893
cnv_depth__IBNLCO_04953__IBNLCO_04953__gene__promoter,-0.0037888625444500944,0.0037888625444500944
cnv_depth__IBNLCO_00597__IBNLCO_00597__gene,-0.003787508582067503,0.003787508582067503
cnv_depth__IBNLCO_03177__gnl|Bakta|IBNLCO_03177__CDS,0.003787347501582032,0.003787347501582032
cnv_depth__IBNLCO_01558__Major__CDS__promoter,-0.003786399601057534,0.003786399601057534
cnv_depth__IBNLCO_00285__IBNLCO_00285__gene,0.0037846320211676054,0.0037846320211676054
cnv_depth__IBNLCO_04193__hypothetical__CDS__promoter,-0.0037841409325716888,0.0037841409325716888
cnv_depth__IBNLCO_03076__ubiX__gene,0.0037835332586513494,0.0037835332586513494
cnv_depth__IBNLCO_04247__trnL__gene__promoter,0.0037826540172020188,0.0037826540172020188
cnv_depth__IBNLCO_04920__Tetratricopeptide__CDS,0.003782337383559258,0.003782337383559258
cnv_depth__IBNLCO_04618__IBNLCO_04618__gene,-0.0037821768078485723,0.0037821768078485723
cnv_depth__IBNLCO_01868__IBNLCO_01868__gene,-0.0037801690501596957,0.0037801690501596957
cnv_depth__IBNLCO_00853__Adenylate__CDS__promoter,-0.003778099004572013,0.003778099004572013
cnv_depth__IBNLCO_00197__Response__CDS__promoter,0.003777233968446202,0.003777233968446202
cnv_depth__IBNLCO_03057__HD__CDS__promoter,0.003772267185068065,0.003772267185068065
cnv_depth__IBNLCO_05823__IBNLCO_05823__gene__promoter,-0.0037720440813744233,0.0037720440813744233
cnv_depth__IBNLCO_04467__IBNLCO_04467__gene,-0.0037713318209090766,0.0037713318209090766
cnv_depth__IBNLCO_03099__OmpA-like__CDS,0.0037702281580845546,0.0037702281580845546
cnv_depth__IBNLCO_01516__IBNLCO_01516__gene,-0.0037693539061645883,0.0037693539061645883
cnv_depth__IBNLCO_01411__luxR__gene__promoter,0.0037678898240560933,0.0037678898240560933
cnv_depth__IBNLCO_03303__chemotaxis__CDS,-0.003766491851073255,0.003766491851073255
cnv_depth__IBNLCO_03188__Periplasmic__CDS,0.0037663265765341867,0.0037663265765341867
cnv_depth__IBNLCO_04898__3-oxo-tetronate__CDS__promoter,-0.0037657028345959836,0.0037657028345959836
cnv_depth__IBNLCO_00921__HTH__CDS__promoter,0.003762757260030961,0.003762757260030961
cnv_depth__IBNLCO_00038__IBNLCO_00038__gene__promoter,0.0037595969726163274,0.0037595969726163274
cnv_depth__IBNLCO_02384__IBNLCO_02384__gene__promoter,0.003759132173654145,0.003759132173654145
cnv_depth__IBNLCO_00490__IBNLCO_00490__gene__promoter,0.00375825166436979,0.00375825166436979
cnv_depth__IBNLCO_01669__non-ribosomal__CDS__promoter,0.0037579727961627894,0.0037579727961627894
cnv_depth__IBNLCO_02178__TetR-family__CDS,-0.0037557557891471915,0.0037557557891471915
cnv_depth__IBNLCO_04819__IBNLCO_04819__gene,-0.003754514997074164,0.003754514997074164
cnv_depth__IBNLCO_05012__SctU__CDS__promoter,-0.0037516628321755297,0.0037516628321755297
cnv_depth__IBNLCO_04063__DUF2917__CDS__promoter,-0.0037514827509171527,0.0037514827509171527
cnv_depth__IBNLCO_04581__RND__CDS__promoter,-0.003750756156078721,0.003750756156078721
cnv_depth__IBNLCO_04254__Transcriptional__CDS,-0.0037486065059632204,0.0037486065059632204
cnv_depth__IBNLCO_01207__Cytochrome__CDS__promoter,0.0037470764835420274,0.0037470764835420274
cnv_depth__IBNLCO_04628__IBNLCO_04628__gene,-0.0037463010512308885,0.0037463010512308885
cnv_depth__IBNLCO_05224__IBNLCO_05224__gene__promoter,0.003744851768152501,0.003744851768152501
cnv_depth__IBNLCO_03273__trnA__gene__promoter,0.003744581820729557,0.003744581820729557
cnv_depth__IBNLCO_03630__LysR__CDS__promoter,0.0037409520351923647,0.0037409520351923647
cnv_depth__IBNLCO_00895__L-aspartate__CDS,0.0037364790588348355,0.0037364790588348355
cnv_depth__IBNLCO_04781__HTH-type__CDS__promoter,0.003735591491716128,0.003735591491716128
cnv_depth__IBNLCO_03065__hypothetical__CDS__promoter,0.0037354835339410038,0.0037354835339410038
cnv_depth__IBNLCO_01161__IBNLCO_01161__gene__promoter,-0.0037345806573622718,0.0037345806573622718
cnv_depth__IBNLCO_03217__Small__CDS__promoter,-0.0037345436867171388,0.0037345436867171388
cnv_depth__IBNLCO_04295__IBNLCO_04295__gene__promoter,0.0037344367851019464,0.0037344367851019464
cnv_depth__IBNLCO_05746__zraR__gene__promoter,-0.003731182396258325,0.003731182396258325
cnv_depth__IBNLCO_04216__IBNLCO_04216__gene__promoter,-0.00373000801504705,0.00373000801504705
cnv_depth__IBNLCO_05307__Linear__CDS,-0.003729117574244913,0.003729117574244913
cnv_depth__IBNLCO_05608__IBNLCO_05608__gene,-0.0037286450412274213,0.0037286450412274213
cnv_depth__IBNLCO_00293__IBNLCO_00293__gene,0.0037278824827704257,0.0037278824827704257
cnv_depth__IBNLCO_04265__IBNLCO_04265__gene,-0.003724975478564992,0.003724975478564992
cnv_depth__IBNLCO_00105__Tlde1__CDS,0.003724886033682809,0.003724886033682809
cnv_depth__IBNLCO_02084__hypothetical__CDS,0.003724670001033027,0.003724670001033027
cnv_depth__IBNLCO_04295__leucine--tRNA__CDS,0.0037246555400926584,0.0037246555400926584
cnv_depth__IBNLCO_03801__Shikimate__CDS,0.003724280434742273,0.003724280434742273
cnv_depth__IBNLCO_04678__Chemotaxis__CDS,-0.003723921950571121,0.003723921950571121
cnv_depth__IBNLCO_03779__IBNLCO_03779__gene,0.0037228445791780695,0.0037228445791780695
cnv_depth__IBNLCO_01470__IBNLCO_01470__gene,0.003722041162059958,0.003722041162059958
cnv_depth__IBNLCO_03508__IBNLCO_03508__gene__promoter,-0.0037195512970682344,0.0037195512970682344
cnv_depth__IBNLCO_01920__ybaB__gene,0.0037187509479575088,0.0037187509479575088
cnv_depth__IBNLCO_04235__hypothetical__CDS,-0.003717877310053116,0.003717877310053116
cnv_depth__IBNLCO_02412__GTPase__CDS,0.0037175549686801253,0.0037175549686801253
cnv_depth__IBNLCO_00404__ABC__CDS__promoter,0.0037164779661589117,0.0037164779661589117
cnv_depth__IBNLCO_01702__Short-chain__CDS__promoter,-0.0037147253377870504,0.0037147253377870504
cnv_depth__IBNLCO_04381__bpsR__gene,-0.003714680449696647,0.003714680449696647
cnv_depth__IBNLCO_04519__Helix-turn-helix__CDS,0.0037141542449411064,0.0037141542449411064
cnv_depth__IBNLCO_01972__IBNLCO_01972__gene,0.003713882933297143,0.003713882933297143
cnv_depth__IBNLCO_01893__putative__CDS,0.0037119181152014923,0.0037119181152014923
cnv_depth__IBNLCO_03405__parB__gene__promoter,-0.003711351363340053,0.003711351363340053
cnv_depth__IBNLCO_05771__2-oxoisovalerate__CDS__promoter,0.003710665162526254,0.003710665162526254
cnv_depth__IBNLCO_04742__hypothetical__CDS,0.0037103827699023965,0.0037103827699023965
cnv_depth__IBNLCO_01425__Succinate--glutarate__CDS,-0.00370985557158492,0.00370985557158492
cnv_depth__IBNLCO_05680__IBNLCO_05680__gene,0.0037091522101365773,0.0037091522101365773
cnv_depth__IBNLCO_01264__IBNLCO_01264__gene__promoter,-0.00370480424838295,0.00370480424838295
cnv_depth__IBNLCO_01715__IBNLCO_01715__gene,-0.003703905088519252,0.003703905088519252
cnv_depth__IBNLCO_03319__Glucosamine__CDS__promoter,0.003703218289798546,0.003703218289798546
cnv_depth__IBNLCO_03925__Spermidine/putrescine__CDS,0.0037004024143890554,0.0037004024143890554
cnv_depth__IBNLCO_03460__DUF2063__CDS,-0.0036985739126904637,0.0036985739126904637
cnv_depth__IBNLCO_01640__IBNLCO_01640__gene,-0.003698199155430427,0.003698199155430427
cnv_depth__IBNLCO_04652__1-aminocyclopropane-1-carboxylate__CDS__promoter,0.0036981690514482587,0.0036981690514482587
cnv_depth__IBNLCO_01730__GHMP__CDS__promoter,-0.0036978367247793706,0.0036978367247793706
cnv_depth__IBNLCO_02681__yybR__gene__promoter,-0.003697453788929842,0.003697453788929842
cnv_depth__IBNLCO_05531__IBNLCO_05531__gene,0.0036969144963470736,0.0036969144963470736
cnv_depth__IBNLCO_03922__IBNLCO_03922__gene,-0.003695355114471328,0.003695355114471328
cnv_depth__IBNLCO_00753__IBNLCO_00753__gene__promoter,0.0036931952081414965,0.0036931952081414965
cnv_depth__IBNLCO_05156__IBNLCO_05156__gene,-0.0036925748428570057,0.0036925748428570057
cnv_depth__IBNLCO_03701__IBNLCO_03701__gene__promoter,0.0036915518285569964,0.0036915518285569964
cnv_depth__IBNLCO_05365__CPBP__CDS,-0.00369123773523917,0.00369123773523917
cnv_depth__IBNLCO_00698__IBNLCO_00698__gene,-0.0036898247286338785,0.0036898247286338785
cnv_depth__IBNLCO_02387__IBNLCO_02387__gene,0.0036893616370609317,0.0036893616370609317
cnv_depth__IBNLCO_02499__RfaE__CDS__promoter,0.003688521776897776,0.003688521776897776
cnv_depth__IBNLCO_01302__IBNLCO_01302__gene__promoter,-0.003687919697523887,0.003687919697523887
cnv_depth__IBNLCO_02200__Multidrug__CDS,-0.0036868257410635936,0.0036868257410635936
cnv_depth__IBNLCO_01500__Integration__CDS__promoter,-0.003684438073374163,0.003684438073374163
cnv_depth__IBNLCO_03170__Shikimate__CDS__promoter,-0.003684401569256201,0.003684401569256201
cnv_depth__IBNLCO_03868__IBNLCO_03868__gene__promoter,-0.003683943897680202,0.003683943897680202
cnv_depth__IBNLCO_01156__IBNLCO_01156__gene__promoter,-0.0036820760542708403,0.0036820760542708403
cnv_depth__IBNLCO_02248__recJ__gene__promoter,0.003679057267734531,0.003679057267734531
cnv_depth__IBNLCO_00270__flgE__gene,-0.003678817344745493,0.003678817344745493
cnv_depth__IBNLCO_03147__hypothetical__CDS,0.003674772761134762,0.003674772761134762
cnv_depth__IBNLCO_01672__Ferrichrome-iron__CDS__promoter,-0.003674251079749458,0.003674251079749458
cnv_depth__IBNLCO_01326__Bacteriophage__CDS,-0.0036737891926369435,0.0036737891926369435
cnv_depth__IBNLCO_00095__RNA__CDS__promoter,-0.003671485939603315,0.003671485939603315
cnv_depth__IBNLCO_01462__hypothetical__CDS__promoter,0.0036710628746725875,0.0036710628746725875
cnv_depth__IBNLCO_00276__ycgR__gene__promoter,-0.003670701168849883,0.003670701168849883
cnv_depth__IBNLCO_00586__IBNLCO_00586__gene,-0.003668877757516257,0.003668877757516257
cnv_depth__IBNLCO_02930__IBNLCO_02930__gene__promoter,0.003668510345918593,0.003668510345918593
cnv_depth__IBNLCO_02811__hypothetical__CDS,-0.0036660681824074426,0.0036660681824074426
cnv_depth__IBNLCO_03230__Protein__CDS__promoter,0.0036650194384937637,0.0036650194384937637
cnv_depth__IBNLCO_03574__IBNLCO_03574__gene,-0.0036640510470638626,0.0036640510470638626
cnv_depth__IBNLCO_01558__IBNLCO_01558__gene,-0.003663785121131462,0.003663785121131462
cnv_depth__IBNLCO_02742__aabA__gene,-0.003663422851943991,0.003663422851943991
cnv_depth__IBNLCO_02761__IBNLCO_02761__gene,-0.0036618460509397566,0.0036618460509397566
cnv_depth__IBNLCO_02238__Cell__CDS__promoter,0.003659042980443737,0.003659042980443737
cnv_depth__IBNLCO_02010__gnl|Bakta|IBNLCO_02010__CDS,0.0036585788064707804,0.0036585788064707804
cnv_depth__IBNLCO_03922__IBNLCO_03922__gene__promoter,-0.0036579964403730026,0.0036579964403730026
cnv_depth__IBNLCO_00999__ABC__CDS,0.003657398148832902,0.003657398148832902
cnv_depth__IBNLCO_04660__gabR__gene__promoter,0.0036562488317115885,0.0036562488317115885
cnv_depth__IBNLCO_05784__Sulfate__CDS__promoter,0.003655890716608496,0.003655890716608496
cnv_depth__IBNLCO_01693__IBNLCO_01693__gene__promoter,0.0036534214093855216,0.0036534214093855216
cnv_depth__IBNLCO_00006__IBNLCO_00006__gene,0.0036532991061830155,0.0036532991061830155
cnv_depth__IBNLCO_04279__IBNLCO_04279__gene,-0.0036509382014282233,0.0036509382014282233
cnv_depth__IBNLCO_00496__IBNLCO_00496__gene,0.003649168081794633,0.003649168081794633
cnv_depth__IBNLCO_03077__IBNLCO_03077__gene__promoter,0.0036489734000458396,0.0036489734000458396
cnv_depth__IBNLCO_03125__IBNLCO_03125__gene,0.0036483189616308993,0.0036483189616308993
cnv_depth__IBNLCO_04110__HTH-type__CDS,-0.0036474104758059556,0.0036474104758059556
cnv_depth__IBNLCO_03016__IBNLCO_03016__gene,-0.003647262218222181,0.003647262218222181
cnv_depth__IBNLCO_01150__bamE__gene__promoter,0.003645610550595304,0.003645610550595304
cnv_depth__IBNLCO_01250__Membrane-anchored__CDS,-0.0036432168855477483,0.0036432168855477483
cnv_depth__IBNLCO_04738__IBNLCO_04738__gene,-0.0036416252208200887,0.0036416252208200887
cnv_depth__IBNLCO_00900__4-hydroxy-3-methylbut-2-enyl__CDS__promoter,-0.003641312884549506,0.003641312884549506
cnv_depth__IBNLCO_03755__IBNLCO_03755__gene__promoter,0.003640786808776647,0.003640786808776647
cnv_depth__IBNLCO_03856__DNA__CDS__promoter,0.0036405468101653616,0.0036405468101653616
cnv_depth__IBNLCO_00080__IBNLCO_00080__gene,-0.003639858502326004,0.003639858502326004
cnv_depth__IBNLCO_04940__Two__CDS,-0.0036381012394437785,0.0036381012394437785
cnv_depth__IBNLCO_03413__IBNLCO_03413__gene__promoter,-0.0036358886278325974,0.0036358886278325974
cnv_depth__IBNLCO_01998__3-methylmercaptopropionyl-CoA__CDS,0.0036358743189769224,0.0036358743189769224
cnv_depth__IBNLCO_04822__IBNLCO_04822__gene,0.003635698840703906,0.003635698840703906
cnv_depth__IBNLCO_03254__NADP-dependent__CDS__promoter,0.0036353616059221993,0.0036353616059221993
cnv_depth__IBNLCO_01935__clpB__gene__promoter,-0.003634060433987028,0.003634060433987028
cnv_depth__IBNLCO_01542__Pilus__CDS,-0.0036329990786229177,0.0036329990786229177
cnv_depth__IBNLCO_01514__IBNLCO_01514__gene,-0.003631961343884936,0.003631961343884936
cnv_depth__IBNLCO_01990__Alpha/beta__CDS__promoter,-0.003631895275399118,0.003631895275399118
cnv_depth__IBNLCO_02071__IBNLCO_02071__gene__promoter,-0.003631834277889776,0.003631834277889776
cnv_depth__IBNLCO_05788__IBNLCO_05788__gene__promoter,0.0036315504363486216,0.0036315504363486216
cnv_depth__IBNLCO_02169__ABC-type__CDS,-0.003629337849627788,0.003629337849627788
cnv_depth__IBNLCO_00402__IBNLCO_00402__gene,-0.003628847960472328,0.003628847960472328
cnv_depth__IBNLCO_05650__(3S)-malyl-CoA__CDS__promoter,0.003627022604733571,0.003627022604733571
cnv_depth__IBNLCO_04837__IBNLCO_04837__gene,-0.00362472623211776,0.00362472623211776
cnv_depth__IBNLCO_05519__N-acetylglucosamine-1-phosphate__CDS__promoter,-0.003623700232976284,0.003623700232976284
cnv_depth__IBNLCO_05709__DUF3022__CDS,-0.0036235737132079495,0.0036235737132079495
cnv_depth__IBNLCO_02056__Penicillin-binding__CDS__promoter,0.0036234390211895093,0.0036234390211895093
cnv_depth__IBNLCO_02470__gnl|Bakta|IBNLCO_02470__CDS,-0.0036212565825292915,0.0036212565825292915
cnv_depth__IBNLCO_00172__IBNLCO_00172__gene,-0.003620424463393799,0.003620424463393799
cnv_depth__IBNLCO_00184__Polyphosphate__CDS__promoter,-0.0036188190026581572,0.0036188190026581572
cnv_depth__IBNLCO_02087__Calcineurin-like__CDS__promoter,0.0036186969255220212,0.0036186969255220212
cnv_depth__IBNLCO_03039__paaD__gene,-0.0036181560917581783,0.0036181560917581783
cnv_depth__IBNLCO_02414__Signal__CDS__promoter,0.00361708853355949,0.00361708853355949
cnv_depth__IBNLCO_03611__OmpA-like__CDS__promoter,-0.0036169800394833555,0.0036169800394833555
cnv_depth__IBNLCO_01076__IBNLCO_01076__gene,-0.0036166643317636646,0.0036166643317636646
cnv_depth__IBNLCO_01895__IBNLCO_01895__gene,-0.00361550621271359,0.00361550621271359
cnv_depth__IBNLCO_01436__Amino__CDS__promoter,-0.0036120446426253458,0.0036120446426253458
cnv_depth__IBNLCO_03461__Anaerobic__CDS__promoter,-0.003611036491316673,0.003611036491316673
cnv_depth__IBNLCO_00994__IBNLCO_00994__gene__promoter,-0.0036100009000299585,0.0036100009000299585
cnv_depth__IBNLCO_04311__DUF1488__CDS,-0.003609246445106906,0.003609246445106906
cnv_depth__IBNLCO_02162__tRNA-Glu(ttc)__tRNA,-0.003607427450379409,0.003607427450379409
cnv_depth__IBNLCO_03940__Beta-ketoacyl-[acyl-carrier-protein]__CDS__promoter,0.0036072243307861966,0.0036072243307861966
cnv_depth__IBNLCO_03735__IBNLCO_03735__gene,0.0036035342604840547,0.0036035342604840547
cnv_depth__IBNLCO_01945__IBNLCO_01945__gene,0.0036033953685253245,0.0036033953685253245
cnv_depth__IBNLCO_00283__IBNLCO_00283__gene__promoter,0.0036030902101357575,0.0036030902101357575
cnv_depth__IBNLCO_02913__IBNLCO_02913__gene,-0.0036027778431137556,0.0036027778431137556
cnv_depth__IBNLCO_02864__hypothetical__CDS,0.0036020616166353306,0.0036020616166353306
cnv_depth__IBNLCO_05629__IBNLCO_05629__gene,0.0036006395993278457,0.0036006395993278457
cnv_depth__IBNLCO_04788__IBNLCO_04788__gene__promoter,-0.0036003932688060745,0.0036003932688060745
cnv_depth__IBNLCO_02520__IBNLCO_02520__gene,-0.0035990783274838433,0.0035990783274838433
cnv_depth__IBNLCO_01550__Sigma-54__CDS,-0.003596780193100054,0.003596780193100054
cnv_depth__IBNLCO_02443__D-glycerate__CDS,-0.0035953016383471464,0.0035953016383471464
cnv_depth__IBNLCO_03150__ABC__CDS__promoter,0.00359507501128766,0.00359507501128766
cnv_depth__IBNLCO_03226__Large__CDS,0.0035945468795171827,0.0035945468795171827
cnv_depth__IBNLCO_01970__2-hydoxy-3-oxopropionate__CDS__promoter,-0.003594516620528311,0.003594516620528311
cnv_depth__IBNLCO_05329__UDP-glucose__CDS,-0.0035937709709744133,0.0035937709709744133
cnv_depth__IBNLCO_03457__Cytochrome__CDS__promoter,0.003591433315113772,0.003591433315113772
cnv_depth__IBNLCO_01446__IBNLCO_01446__gene,-0.0035901671256145444,0.0035901671256145444
cnv_depth__IBNLCO_03355__IBNLCO_03355__gene,0.0035900454551030182,0.0035900454551030182
cnv_depth__IBNLCO_05605__IBNLCO_05605__gene,-0.0035891153718432644,0.0035891153718432644
cnv_depth__IBNLCO_05424__hypothetical__CDS,0.0035889425270327806,0.0035889425270327806
cnv_depth__IBNLCO_04548__Adenosine__CDS__promoter,-0.0035874449278101403,0.0035874449278101403
cnv_depth__IBNLCO_03280__IBNLCO_03280__gene,-0.0035872296070241965,0.0035872296070241965
cnv_depth__IBNLCO_02582__DNA__CDS__promoter,0.003587039872319914,0.003587039872319914
cnv_depth__IBNLCO_04043__IBNLCO_04043__gene__promoter,-0.003586227494086777,0.003586227494086777
cnv_depth__IBNLCO_00207__IBNLCO_00207__gene__promoter,0.003586026686962594,0.003586026686962594
cnv_depth__IBNLCO_03930__IBNLCO_03930__gene,-0.0035845259676796836,0.0035845259676796836
cnv_depth__IBNLCO_04093__mreB__gene__promoter,0.0035839556615721697,0.0035839556615721697
cnv_depth__IBNLCO_00799__IBNLCO_00799__gene__promoter,0.003583725421473841,0.003583725421473841
cnv_depth__IBNLCO_03911__hypothetical__CDS,-0.0035823058603206095,0.0035823058603206095
cnv_depth__IBNLCO_04413__IBNLCO_04413__gene,0.0035816232580284223,0.0035816232580284223
cnv_depth__IBNLCO_00073__Cytochrome__CDS__promoter,0.003580345892822908,0.003580345892822908
cnv_depth__IBNLCO_00098__lysR__gene,0.0035781035690173033,0.0035781035690173033
cnv_depth__IBNLCO_02087__Calcineurin-like__CDS,0.0035768918631621928,0.0035768918631621928
cnv_depth__IBNLCO_04292__gnl|Bakta|IBNLCO_04292__CDS,0.0035760810959144843,0.0035760810959144843
cnv_depth__IBNLCO_00528__IBNLCO_00528__gene__promoter,0.0035757732775302466,0.0035757732775302466
cnv_depth__IBNLCO_04290__peptidoglycan__CDS,0.003573664616331908,0.003573664616331908
cnv_depth__IBNLCO_05604__IBNLCO_05604__gene,0.0035731505987261197,0.0035731505987261197
cnv_depth__IBNLCO_02397__Pirin__CDS,-0.0035719681114304846,0.0035719681114304846
cnv_depth__IBNLCO_03271__IBNLCO_03271__gene__promoter,0.0035719224531936093,0.0035719224531936093
cnv_depth__IBNLCO_00196__histidine__CDS__promoter,0.0035703751626664777,0.0035703751626664777
cnv_depth__IBNLCO_05631__IBNLCO_05631__gene,0.0035675708743887692,0.0035675708743887692
cnv_depth__IBNLCO_03216__IBNLCO_03216__gene,0.0035667852134123367,0.0035667852134123367
cnv_depth__IBNLCO_03855__IBNLCO_03855__gene,0.0035664390047399604,0.0035664390047399604
cnv_depth__IBNLCO_01276__GntR__CDS,0.0035655718266812773,0.0035655718266812773
cnv_depth__IBNLCO_01398__mntH__gene__promoter,0.0035653453732869696,0.0035653453732869696
cnv_depth__IBNLCO_04431__FAD__CDS,-0.00356404857130088,0.00356404857130088
cnv_depth__IBNLCO_02597__IBNLCO_02597__gene__promoter,-0.0035635437930969954,0.0035635437930969954
cnv_depth__IBNLCO_04571__IBNLCO_04571__gene,-0.0035612704201062823,0.0035612704201062823
cnv_depth__IBNLCO_04857__IBNLCO_04857__gene,0.0035608109440839982,0.0035608109440839982
cnv_depth__IBNLCO_01456__IBNLCO_01456__gene,0.003560206016048887,0.003560206016048887
cnv_depth__IBNLCO_02997__corB__gene,-0.0035600093545973565,0.0035600093545973565
cnv_depth__IBNLCO_02010__IBNLCO_02010__gene__promoter,0.003558067745284468,0.003558067745284468
cnv_depth__IBNLCO_03717__IBNLCO_03717__gene__promoter,-0.0035575501232811124,0.0035575501232811124
cnv_depth__IBNLCO_00383__IBNLCO_00383__gene,0.0035567761890620635,0.0035567761890620635
cnv_depth__IBNLCO_00201__cobW__gene__promoter,-0.0035552800714662735,0.0035552800714662735
cnv_depth__IBNLCO_00729__L-arginine-specific__CDS,0.00355488047641489,0.00355488047641489
cnv_depth__IBNLCO_02034__Inclusion__CDS,0.0035537946122914206,0.0035537946122914206
cnv_depth__IBNLCO_00012__Type__CDS,0.003552326139177183,0.003552326139177183
cnv_depth__IBNLCO_02829__Pyrroline-5-carboxylate__CDS__promoter,0.003551467890277164,0.003551467890277164
cnv_depth__IBNLCO_02147__Type-4__CDS,0.0035511853218779268,0.0035511853218779268
cnv_depth__IBNLCO_00506__IBNLCO_00506__gene__promoter,-0.00355104411081727,0.00355104411081727
cnv_depth__IBNLCO_02090__IBNLCO_02090__gene,0.0035491781932871285,0.0035491781932871285
cnv_depth__IBNLCO_02931__IBNLCO_02931__gene,-0.00354845272926721,0.00354845272926721
cnv_depth__IBNLCO_00507__rpoH__gene__promoter,0.0035469580981400345,0.0035469580981400345
cnv_depth__IBNLCO_02237__IBNLCO_02237__gene__promoter,-0.0035466202221026677,0.0035466202221026677
cnv_depth__IBNLCO_03473__IBNLCO_03473__gene,0.003543709346905905,0.003543709346905905
cnv_depth__IBNLCO_05830__IBNLCO_05830__gene,0.003542340027034717,0.003542340027034717
cnv_depth__IBNLCO_04602__IBNLCO_04602__gene__promoter,-0.0035420476399300243,0.0035420476399300243
cnv_depth__IBNLCO_04485__hypothetical__CDS,-0.0035416060414185098,0.0035416060414185098
cnv_depth__IBNLCO_05621__IBNLCO_05621__gene__promoter,0.003539843416895195,0.003539843416895195
cnv_depth__IBNLCO_04197__Methyl-accepting__CDS,-0.003539713070892974,0.003539713070892974
cnv_depth__IBNLCO_01307__IBNLCO_01307__gene__promoter,-0.0035353118379465435,0.0035353118379465435
cnv_depth__IBNLCO_02282__IBNLCO_02282__gene__promoter,0.0035329177228659286,0.0035329177228659286
cnv_depth__IBNLCO_03623__ImpA__CDS__promoter,0.0035326363679542695,0.0035326363679542695
cnv_depth__IBNLCO_02406__IBNLCO_02406__gene,-0.0035315815817425315,0.0035315815817425315
cnv_depth__IBNLCO_04000__IBNLCO_04000__gene__promoter,-0.0035294971416070194,0.0035294971416070194
cnv_depth__IBNLCO_05745__Two__CDS__promoter,0.0035292682142415302,0.0035292682142415302
cnv_depth__IBNLCO_01588__Iron__CDS__promoter,-0.0035281702029661055,0.0035281702029661055
cnv_depth__IBNLCO_04386__iclR__gene,-0.0035272099016625696,0.0035272099016625696
cnv_depth__IBNLCO_02183__GHMP__CDS__promoter,-0.003526616541793113,0.003526616541793113
cnv_depth__IBNLCO_04775__Beta-peptidyl__CDS,0.003526011845646125,0.003526011845646125
cnv_depth__IBNLCO_01872__Phosphate__CDS,-0.003525991447719657,0.003525991447719657
cnv_depth__IBNLCO_03639__Urea__CDS,-0.0035255069819170176,0.0035255069819170176
cnv_depth__IBNLCO_00031__fliQ__gene,-0.0035245085936950788,0.0035245085936950788
cnv_depth__IBNLCO_03214__IBNLCO_03214__gene__promoter,0.0035236340521347972,0.0035236340521347972
cnv_depth__IBNLCO_04385__IBNLCO_04385__gene,-0.0035228386868595475,0.0035228386868595475
cnv_depth__IBNLCO_01743__IBNLCO_01743__gene__promoter,-0.00351917718853941,0.00351917718853941
cnv_depth__IBNLCO_02471__Protease__CDS,0.003519050054721088,0.003519050054721088
cnv_depth__IBNLCO_00772__azlD__gene,-0.0035190208436351542,0.0035190208436351542
cnv_depth__IBNLCO_05386__Anthranilate__CDS__promoter,0.003517233354113563,0.003517233354113563
cnv_depth__IBNLCO_02988__Proline--tRNA__CDS,0.003515311500534279,0.003515311500534279
cnv_depth__IBNLCO_05387__Anthranilate__CDS__promoter,-0.0035133651591543035,0.0035133651591543035
cnv_depth__IBNLCO_00489__IBNLCO_00489__gene,0.00351247785918054,0.00351247785918054
cnv_depth__IBNLCO_04870__hypothetical__CDS,-0.0035101682133113986,0.0035101682133113986
cnv_depth__IBNLCO_01355__Tryptophan__CDS,0.003510141315266921,0.003510141315266921
cnv_depth__IBNLCO_03343__IBNLCO_03343__gene__promoter,-0.0035100376030584427,0.0035100376030584427
cnv_depth__IBNLCO_00922__trnL__gene__promoter,-0.003509733642392035,0.003509733642392035
cnv_depth__IBNLCO_01403__lysR__gene__promoter,0.0035096918215034197,0.0035096918215034197
cnv_depth__IBNLCO_04743__IBNLCO_04743__gene__promoter,-0.0035089643770967673,0.0035089643770967673
cnv_depth__IBNLCO_00038__IBNLCO_00038__gene,0.0035089197537024504,0.0035089197537024504
cnv_depth__IBNLCO_05714__IBNLCO_05714__gene,-0.0035077207676067323,0.0035077207676067323
cnv_depth__IBNLCO_01044__Diguanylate__CDS__promoter,-0.0035061942623889923,0.0035061942623889923
cnv_depth__IBNLCO_01561__IBNLCO_01561__gene,-0.0035024877928172544,0.0035024877928172544
cnv_depth__IBNLCO_00666__IBNLCO_00666__gene__promoter,0.0035021134342802826,0.0035021134342802826
cnv_depth__IBNLCO_05685__IBNLCO_05685__gene,0.0035018732333238147,0.0035018732333238147
cnv_depth__IBNLCO_04340__hypothetical__CDS__promoter,-0.003501574439162533,0.003501574439162533
cnv_depth__IBNLCO_02409__IBNLCO_02409__gene,-0.0035007118492577697,0.0035007118492577697
cnv_depth__IBNLCO_02060__hypothetical__CDS,0.0035006051138165278,0.0035006051138165278
cnv_depth__IBNLCO_03649__IBNLCO_03649__gene__promoter,0.0034993460575794117,0.0034993460575794117
cnv_depth__IBNLCO_04266__hypothetical__CDS__promoter,-0.003498286784632904,0.003498286784632904
cnv_depth__IBNLCO_01900__GTPase__CDS,-0.0034977489768348645,0.0034977489768348645
cnv_depth__IBNLCO_03424__HTH__CDS,0.003496780672987863,0.003496780672987863
cnv_depth__IBNLCO_03025__mraZ__gene,0.003496429027235957,0.003496429027235957
cnv_depth__IBNLCO_02311__IBNLCO_02311__gene,0.003495128024030522,0.003495128024030522
cnv_depth__IBNLCO_02742__putative__CDS__promoter,-0.003494768624367621,0.003494768624367621
cnv_depth__IBNLCO_02131__Chromosome__CDS__promoter,-0.0034916111063761405,0.0034916111063761405
cnv_depth__IBNLCO_01181__IBNLCO_01181__gene,-0.003491478935872145,0.003491478935872145
cnv_depth__IBNLCO_04015__betX__gene,-0.0034868920294093366,0.0034868920294093366
cnv_depth__IBNLCO_01690__Cobalt-precorrin-5B__CDS__promoter,0.003486797014539101,0.003486797014539101
cnv_depth__IBNLCO_01127__IBNLCO_01127__gene,-0.0034865598091237274,0.0034865598091237274
cnv_depth__IBNLCO_04228__IBNLCO_04228__gene,0.0034859783232252003,0.0034859783232252003
cnv_depth__IBNLCO_00382__dsbA__gene,0.0034855695440738515,0.0034855695440738515
cnv_depth__IBNLCO_00104__Membrane__CDS,0.0034855533660837715,0.0034855533660837715
cnv_depth__IBNLCO_03221__30S__CDS__promoter,-0.003485432964664722,0.003485432964664722
cnv_depth__IBNLCO_03440__yceI__gene,0.0034853103002707355,0.0034853103002707355
cnv_depth__IBNLCO_05052__tauC__gene__promoter,0.00348509797456548,0.00348509797456548
cnv_depth__IBNLCO_02560__IBNLCO_02560__gene,-0.0034841289884192076,0.0034841289884192076
cnv_depth__IBNLCO_00448__IBNLCO_00448__gene__promoter,-0.0034834995714554283,0.0034834995714554283
cnv_depth__IBNLCO_04940__IBNLCO_04940__gene__promoter,-0.003482172933756773,0.003482172933756773
cnv_depth__IBNLCO_03807__ABC__CDS__promoter,-0.0034814026130886772,0.0034814026130886772
cnv_depth__IBNLCO_05687__TadE-like__CDS__promoter,-0.0034808184584017576,0.0034808184584017576
cnv_depth__IBNLCO_00016__Type__CDS__promoter,-0.0034805123626154505,0.0034805123626154505
cnv_depth__IBNLCO_04549__YbaK/aminoacyl-tRNA__CDS__promoter,-0.0034790078937292613,0.0034790078937292613
cnv_depth__IBNLCO_02212__IBNLCO_02212__gene,-0.0034787549320823815,0.0034787549320823815
cnv_depth__IBNLCO_03634__IBNLCO_03634__gene__promoter,0.0034783220243876857,0.0034783220243876857
cnv_depth__IBNLCO_03101__clpB__gene,-0.003476513900775953,0.003476513900775953
cnv_depth__IBNLCO_01886__IBNLCO_01886__gene,-0.0034756592170208512,0.0034756592170208512
cnv_depth__IBNLCO_03037__IBNLCO_03037__gene,0.0034736916762699724,0.0034736916762699724
cnv_depth__IBNLCO_02776__D-glycero-alpha-D-manno-heptose-1%2C7-bisphosphate__CDS,-0.003473085248357784,0.003473085248357784
cnv_depth__IBNLCO_02814__Heat-inducible__CDS,-0.0034706296531440022,0.0034706296531440022
cnv_depth__IBNLCO_04564__Thiamine__CDS__promoter,0.003470442384670692,0.003470442384670692
cnv_depth__IBNLCO_05839__Nucleoside__CDS__promoter,0.003469942487697198,0.003469942487697198
cnv_depth__IBNLCO_01514__Insertion__CDS__promoter,-0.0034691028130692555,0.0034691028130692555
cnv_depth__IBNLCO_04799__hypothetical__CDS__promoter,-0.0034676006379519035,0.0034676006379519035
cnv_depth__IBNLCO_03046__Anthranilate__CDS__promoter,-0.0034669833034907064,0.0034669833034907064
cnv_depth__IBNLCO_03962__IBNLCO_03962__gene,-0.003465788678005899,0.003465788678005899
cnv_depth__IBNLCO_05511__IBNLCO_05511__gene__promoter,0.0034657510528746573,0.0034657510528746573
cnv_depth__IBNLCO_03194__Large__CDS,0.0034647821996634845,0.0034647821996634845
cnv_depth__IBNLCO_03452__gnl|Bakta|IBNLCO_03452__CDS__promoter,0.003463767281004765,0.003463767281004765
cnv_depth__IBNLCO_03104__Type__CDS__promoter,0.0034625102623041318,0.0034625102623041318
cnv_depth__IBNLCO_04855__hypothetical__CDS,0.003459196325023697,0.003459196325023697
cnv_depth__IBNLCO_02950__IBNLCO_02950__gene,0.003458162932523039,0.003458162932523039
cnv_depth__IBNLCO_03657__IBNLCO_03657__gene,0.003457422062822034,0.003457422062822034
cnv_depth__IBNLCO_03402__ATP__CDS,0.003457005269547575,0.003457005269547575
cnv_depth__IBNLCO_03455__hypothetical__CDS__promoter,0.0034564099348848233,0.0034564099348848233
cnv_depth__IBNLCO_04589__IBNLCO_04589__gene__promoter,0.003454521481092446,0.003454521481092446
cnv_depth__IBNLCO_03546__PAAR__CDS__promoter,0.0034533192510237845,0.0034533192510237845
cnv_depth__IBNLCO_01526__nodT__gene,-0.003452791764147025,0.003452791764147025
cnv_depth__IBNLCO_00068__IBNLCO_00068__gene,-0.003452676160792397,0.003452676160792397
cnv_depth__IBNLCO_05299__IBNLCO_05299__gene,0.0034490012454980396,0.0034490012454980396
cnv_depth__IBNLCO_00052__IBNLCO_00052__gene,0.0034485048228586864,0.0034485048228586864
cnv_depth__IBNLCO_01421__IBNLCO_01421__gene,-0.0034441527584812928,0.0034441527584812928
cnv_depth__IBNLCO_03796__hypothetical__CDS__promoter,0.0034439426771466796,0.0034439426771466796
cnv_depth__IBNLCO_03718__IBNLCO_03718__gene__promoter,0.003443902807380904,0.003443902807380904
cnv_depth__IBNLCO_04741__YigZ__CDS,-0.0034435074768604844,0.0034435074768604844
cnv_depth__IBNLCO_01478__Gluconate__CDS__promoter,0.0034427965963260824,0.0034427965963260824
cnv_depth__IBNLCO_03815__rrf__gene,0.0034423354105707826,0.0034423354105707826
cnv_depth__IBNLCO_03747__ceoR__gene,0.0034420589618948836,0.0034420589618948836
cnv_depth__IBNLCO_03137__Imidazoleglycerol-phosphate__CDS,0.003441973060265254,0.003441973060265254
cnv_depth__IBNLCO_00523__IBNLCO_00523__gene,0.003441659023094895,0.003441659023094895
cnv_depth__IBNLCO_02086__IBNLCO_02086__gene__promoter,0.0034413764662544043,0.0034413764662544043
cnv_depth__IBNLCO_02906__Co-chaperonin__CDS__promoter,-0.003440163420141318,0.003440163420141318
cnv_depth__IBNLCO_04136__LuxR__CDS,-0.003438604278738746,0.003438604278738746
cnv_depth__IBNLCO_04573__Arginine-ornithine__CDS,0.0034380832302013634,0.0034380832302013634
cnv_depth__IBNLCO_02015__Insertion__CDS,0.0034355468846612807,0.0034355468846612807
cnv_depth__IBNLCO_03826__Ferrous__CDS__promoter,0.003435433173934399,0.003435433173934399
cnv_depth__IBNLCO_01680__Mg-protoporphyrin__CDS__promoter,-0.0034345677186572387,0.0034345677186572387
cnv_depth__IBNLCO_01037__HTH__CDS,-0.0034327813619421,0.0034327813619421
cnv_depth__IBNLCO_00189__ampG__gene,0.003432776221226561,0.003432776221226561
cnv_depth__IBNLCO_03819__IBNLCO_03819__gene,0.0034326678114906316,0.0034326678114906316
cnv_depth__IBNLCO_01940__IBNLCO_01940__gene,-0.003432290652992742,0.003432290652992742
cnv_depth__IBNLCO_00996__Outer__CDS,0.0034315533003780483,0.0034315533003780483
cnv_depth__IBNLCO_03035__Enoyl-CoA__CDS__promoter,-0.0034288215337456777,0.0034288215337456777
cnv_depth__IBNLCO_03318__IBNLCO_03318__gene,0.0034281626010071557,0.0034281626010071557
cnv_depth__IBNLCO_01701__Heme-binding__CDS,-0.0034266629047754096,0.0034266629047754096
cnv_depth__IBNLCO_04261__2-keto-3-deoxy-L-fuconate__CDS,-0.0034264897997552174,0.0034264897997552174
cnv_depth__IBNLCO_00558__IBNLCO_00558__gene__promoter,0.0034206839829179526,0.0034206839829179526
cnv_depth__IBNLCO_00352__hypothetical__CDS,0.003419508570716572,0.003419508570716572
cnv_depth__IBNLCO_03785__doxX__gene__promoter,0.003418086026675105,0.003418086026675105
cnv_depth__IBNLCO_01482__HTH__CDS__promoter,-0.0034168620395736093,0.0034168620395736093
cnv_depth__IBNLCO_00248__IBNLCO_00248__gene,-0.0034159353579936865,0.0034159353579936865
cnv_depth__IBNLCO_01945__IBNLCO_01945__gene__promoter,-0.0034139949949292354,0.0034139949949292354
cnv_depth__IBNLCO_02641__hypothetical__CDS__promoter,-0.0034119039102292336,0.0034119039102292336
cnv_depth__IBNLCO_03302__chemotaxis__CDS__promoter,-0.0034104552957244646,0.0034104552957244646
cnv_depth__IBNLCO_03398__IBNLCO_03398__gene__promoter,-0.0034101336223696264,0.0034101336223696264
cnv_depth__IBNLCO_02424__3-oxoacyl-[acyl-carrier-protein]__CDS,0.0034064353697859876,0.0034064353697859876
cnv_depth__IBNLCO_00658__IBNLCO_00658__gene,0.003405224338432653,0.003405224338432653
cnv_depth__IBNLCO_00053__Molybdenum__CDS__promoter,-0.0034035135995015755,0.0034035135995015755
cnv_depth__IBNLCO_02686__gnl|Bakta|IBNLCO_02686__CDS,-0.0034021380260252725,0.0034021380260252725
cnv_depth__IBNLCO_02993__Large__CDS,0.0034016943785724345,0.0034016943785724345
cnv_depth__IBNLCO_00374__Carbonic__CDS,-0.0034007489408450654,0.0034007489408450654
cnv_depth__IBNLCO_04729__IBNLCO_04729__gene__promoter,-0.003398604333001952,0.003398604333001952
cnv_depth__IBNLCO_00087__IBNLCO_00087__gene,-0.0033983306135415402,0.0033983306135415402
cnv_depth__IBNLCO_02737__pilW__gene__promoter,0.003398283593958663,0.003398283593958663
cnv_depth__IBNLCO_01319__Phosphate__CDS,-0.003397140047960114,0.003397140047960114
cnv_depth__IBNLCO_04387__IBNLCO_04387__gene,-0.0033954467583513803,0.0033954467583513803
cnv_depth__IBNLCO_02837__phnI__gene__promoter,-0.003395190204916264,0.003395190204916264
cnv_depth__IBNLCO_02520__IBNLCO_02520__gene__promoter,-0.003395160193514074,0.003395160193514074
cnv_depth__IBNLCO_05615__Alpha-hydroxy-acid__CDS,0.003394504399620126,0.003394504399620126
cnv_depth__IBNLCO_05674__Bactoprenol__CDS,0.003393499159598053,0.003393499159598053
cnv_depth__IBNLCO_05095__Tir__CDS,0.0033930442198708837,0.0033930442198708837
cnv_depth__IBNLCO_02215__Serine__CDS__promoter,-0.0033926543562325007,0.0033926543562325007
cnv_depth__IBNLCO_05849__Putative__CDS,0.003391723773527217,0.003391723773527217
cnv_depth__IBNLCO_04294__IBNLCO_04294__gene__promoter,-0.003391265635550529,0.003391265635550529
cnv_depth__IBNLCO_00225__flagellar__CDS,0.003391102477274281,0.003391102477274281
cnv_depth__IBNLCO_01983__ywnH__gene,-0.0033907399699094885,0.0033907399699094885
cnv_depth__IBNLCO_03083__HTH__CDS,-0.003390225526143876,0.003390225526143876
cnv_depth__IBNLCO_01090__MFS__CDS__promoter,-0.0033888897687834756,0.0033888897687834756
cnv_depth__IBNLCO_01554__hypothetical__CDS__promoter,-0.0033887731953623898,0.0033887731953623898
cnv_depth__IBNLCO_04991__Type__CDS,-0.003387948409220389,0.003387948409220389
cnv_depth__IBNLCO_01490__IBNLCO_01490__gene,-0.0033870375933585197,0.0033870375933585197
cnv_depth__IBNLCO_04903__Aspartyl/asparaginy/proline__CDS,0.0033869154208953554,0.0033869154208953554
cnv_depth__IBNLCO_04725__IBNLCO_04725__gene,0.00338539281230363,0.00338539281230363
cnv_depth__IBNLCO_01442__ABC__CDS__promoter,-0.0033849828250459195,0.0033849828250459195
cnv_depth__IBNLCO_00194__IBNLCO_00194__gene__promoter,-0.0033819876450179322,0.0033819876450179322
cnv_depth__IBNLCO_03271__IBNLCO_03271__gene,0.0033814697672656744,0.0033814697672656744
cnv_depth__IBNLCO_03341__AB__CDS__promoter,0.003380069637986168,0.003380069637986168
cnv_depth__IBNLCO_03976__IBNLCO_03976__gene,0.0033798700667682685,0.0033798700667682685
cnv_depth__IBNLCO_05188__IBNLCO_05188__gene__promoter,-0.00337723468274666,0.00337723468274666
cnv_depth__IBNLCO_03437__DNA-binding__CDS__promoter,0.0033766108256185925,0.0033766108256185925
cnv_depth__IBNLCO_05581__IBNLCO_05581__gene__promoter,-0.0033754726545300543,0.0033754726545300543
cnv_depth__IBNLCO_04930__IBNLCO_04930__gene__promoter,-0.0033749833888725776,0.0033749833888725776
cnv_depth__IBNLCO_05184__Dihydrofolate__CDS,-0.003374763213611243,0.003374763213611243
cnv_depth__IBNLCO_05216__Aconitate__CDS__promoter,0.0033739676399403016,0.0033739676399403016
cnv_depth__IBNLCO_05097__Type__CDS__promoter,-0.0033725750850691462,0.0033725750850691462
cnv_depth__IBNLCO_01246__hypothetical__CDS,0.003371150294402223,0.003371150294402223
cnv_depth__IBNLCO_01045__IBNLCO_01045__gene,0.0033699992545117726,0.0033699992545117726
cnv_depth__IBNLCO_04676__hypothetical__CDS,-0.0033697140256228222,0.0033697140256228222
cnv_depth__IBNLCO_03470__2-oxoglutarate__CDS,-0.003369580311259001,0.003369580311259001
cnv_depth__IBNLCO_02913__IBNLCO_02913__gene__promoter,0.003369294534562141,0.003369294534562141
cnv_depth__IBNLCO_04673__Rhs__CDS,-0.0033675490849729866,0.0033675490849729866
cnv_depth__IBNLCO_03836__exbB__gene__promoter,0.003367184051893302,0.003367184051893302
cnv_depth__IBNLCO_00558__IBNLCO_00558__gene,0.0033642194850729314,0.0033642194850729314
cnv_depth__IBNLCO_02081__IBNLCO_02081__gene,-0.0033637712077098764,0.0033637712077098764
cnv_depth__IBNLCO_02675__IBNLCO_02675__gene,-0.003363060448337369,0.003363060448337369
cnv_depth__IBNLCO_00321__IBNLCO_00321__gene,0.003362430448075622,0.003362430448075622
cnv_depth__IBNLCO_03341__IBNLCO_03341__gene,0.0033620823282015707,0.0033620823282015707
cnv_depth__IBNLCO_02244__gnl|Bakta|IBNLCO_02244__CDS,-0.0033615639881221866,0.0033615639881221866
cnv_depth__IBNLCO_04486__gnl|Bakta|IBNLCO_04486__CDS,-0.0033582118705286802,0.0033582118705286802
cnv_depth__IBNLCO_00378__IBNLCO_00378__gene,-0.0033575508142614256,0.0033575508142614256
cnv_depth__IBNLCO_03834__ncS011__gene,0.0033547364699332387,0.0033547364699332387
cnv_depth__IBNLCO_03603__IBNLCO_03603__gene__promoter,-0.0033546402613188553,0.0033546402613188553
cnv_depth__IBNLCO_05792__IBNLCO_05792__gene,0.0033545589438354236,0.0033545589438354236
cnv_depth__IBNLCO_04382__mgtC__gene,-0.0033534697946200486,0.0033534697946200486
cnv_depth__IBNLCO_05020__type__CDS,-0.0033528110863416706,0.0033528110863416706
cnv_depth__IBNLCO_03485__IBNLCO_03485__gene__promoter,0.0033524152928898995,0.0033524152928898995
cnv_depth__IBNLCO_02311__IBNLCO_02311__gene__promoter,0.003352397074939666,0.003352397074939666
cnv_depth__IBNLCO_02266__IBNLCO_02266__gene__promoter,0.003351544589241152,0.003351544589241152
cnv_depth__IBNLCO_05711__DUF3008__CDS,0.003348798072209471,0.003348798072209471
cnv_depth__IBNLCO_04049__Gfo/Idh/MocA-like__CDS,0.003348485858864079,0.003348485858864079
cnv_depth__IBNLCO_01950__IBNLCO_01950__gene__promoter,0.0033484154647409883,0.0033484154647409883
cnv_depth__IBNLCO_04201__Multidrug__CDS__promoter,-0.003347228742878278,0.003347228742878278
cnv_depth__IBNLCO_04258__gnl|Bakta|IBNLCO_04258__CDS__promoter,-0.00334715694329706,0.00334715694329706
cnv_depth__IBNLCO_01220__ncS54__gene,0.0033471023606495972,0.0033471023606495972
cnv_depth__IBNLCO_04646__IBNLCO_04646__gene__promoter,-0.0033458837985010513,0.0033458837985010513
cnv_depth__IBNLCO_02998__pilB__gene,0.0033447028332484413,0.0033447028332484413
cnv_depth__IBNLCO_00724__IBNLCO_00724__gene,-0.003343177630836568,0.003343177630836568
cnv_depth__IBNLCO_00434__IBNLCO_00434__gene__promoter,0.0033430003595431657,0.0033430003595431657
cnv_depth__IBNLCO_05806__dsbD__gene__promoter,0.003340012691299875,0.003340012691299875
cnv_depth__IBNLCO_04155__IBNLCO_04155__gene__promoter,-0.0033396714088748266,0.0033396714088748266
cnv_depth__IBNLCO_03696__cysW__gene__promoter,0.003337982489738199,0.003337982489738199
cnv_depth__IBNLCO_03476__IBNLCO_03476__gene,-0.003336800019973281,0.003336800019973281
cnv_depth__IBNLCO_04407__IBNLCO_04407__gene,-0.003334260921813375,0.003334260921813375
cnv_depth__IBNLCO_01680__IBNLCO_01680__gene,0.0033341636669963807,0.0033341636669963807
cnv_depth__IBNLCO_02270__IBNLCO_02270__gene__promoter,0.0033339539636095027,0.0033339539636095027
cnv_depth__IBNLCO_01383__Type__CDS__promoter,-0.0033338423576577186,0.0033338423576577186
cnv_depth__IBNLCO_02083__DNA__CDS,0.003332619499186362,0.003332619499186362
cnv_depth__IBNLCO_05036__IBNLCO_05036__gene,-0.0033322776041713764,0.0033322776041713764
cnv_depth__IBNLCO_04905__Choline__CDS,-0.003330946128609082,0.003330946128609082
cnv_depth__IBNLCO_04192__Pyridoxamine__CDS,-0.003330909821117704,0.003330909821117704
cnv_depth__IBNLCO_03430__IBNLCO_03430__gene,0.0033301467493239683,0.0033301467493239683
cnv_depth__IBNLCO_01736__gnl|Bakta|IBNLCO_01736__CDS__promoter,-0.003329742158144764,0.003329742158144764
cnv_depth__IBNLCO_00594__IBNLCO_00594__gene,-0.003329319037357358,0.003329319037357358
cnv_depth__IBNLCO_02648__IBNLCO_02648__gene__promoter,0.0033288082628468974,0.0033288082628468974
cnv_depth__IBNLCO_03220__Small__CDS,0.0033263526174908816,0.0033263526174908816
cnv_depth__IBNLCO_00897__Large__CDS,-0.0033258813802366618,0.0033258813802366618
cnv_depth__IBNLCO_02381__IBNLCO_02381__gene,-0.0033243534557301523,0.0033243534557301523
cnv_depth__IBNLCO_00193__HAD__CDS,0.0033232398358456856,0.0033232398358456856
cnv_depth__IBNLCO_02731__IBNLCO_02731__gene__promoter,0.003321173396052313,0.003321173396052313
cnv_depth__IBNLCO_00715__IBNLCO_00715__gene,-0.003320864759621182,0.003320864759621182
cnv_depth__IBNLCO_01269__IBNLCO_01269__gene__promoter,-0.0033205891360641327,0.0033205891360641327
cnv_depth__IBNLCO_03001__IBNLCO_03001__gene,-0.0033205591579053466,0.0033205591579053466
cnv_depth__IBNLCO_00441__moeB__gene__promoter,-0.0033200015318774405,0.0033200015318774405
cnv_depth__IBNLCO_04342__dmlR__gene,-0.0033194497890757344,0.0033194497890757344
cnv_depth__IBNLCO_00354__Sulfate-binding__CDS__promoter,0.0033182756346111235,0.0033182756346111235
cnv_depth__IBNLCO_04944__FAD:protein__CDS__promoter,-0.0033178763417107946,0.0033178763417107946
cnv_depth__IBNLCO_04966__ncS54__gene__promoter,0.003316363087908154,0.003316363087908154
cnv_depth__IBNLCO_03927__IBNLCO_03927__gene__promoter,-0.003314802344154327,0.003314802344154327
cnv_depth__IBNLCO_01562__PA__CDS__promoter,0.0033131171058899574,0.0033131171058899574
cnv_depth__IBNLCO_02485__Leucine-responsive__CDS,-0.0033127474084300172,0.0033127474084300172
cnv_depth__IBNLCO_03602__gnl|Bakta|IBNLCO_03602__CDS__promoter,0.0033098584549820366,0.0033098584549820366
cnv_depth__IBNLCO_00690__IBNLCO_00690__gene,0.0033098414469949935,0.0033098414469949935
cnv_depth__IBNLCO_05496__Sensor__CDS,-0.00330907111501211,0.00330907111501211
cnv_depth__IBNLCO_00386__Methionine__CDS,-0.003307172726883788,0.003307172726883788
cnv_depth__IBNLCO_00543__IBNLCO_00543__gene,-0.0033046532114026353,0.0033046532114026353
cnv_depth__IBNLCO_01373__hypothetical__CDS__promoter,0.0033045051367004657,0.0033045051367004657
cnv_depth__IBNLCO_05185__IBNLCO_05185__gene,0.0033038877515765585,0.0033038877515765585
cnv_depth__IBNLCO_02362__IBNLCO_02362__gene,-0.0033036342193733487,0.0033036342193733487
cnv_depth__IBNLCO_05791__uspA__gene__promoter,-0.0033035330615872483,0.0033035330615872483
cnv_depth__IBNLCO_05501__IBNLCO_05501__gene__promoter,-0.003301281886803015,0.003301281886803015
cnv_depth__IBNLCO_00037__cmpD__gene__promoter,0.003300744327014335,0.003300744327014335
cnv_depth__IBNLCO_00188__IBNLCO_00188__gene,0.0033001944392993757,0.0033001944392993757
cnv_depth__IBNLCO_05682__IBNLCO_05682__gene,0.0032999711509595917,0.0032999711509595917
cnv_depth__IBNLCO_05710__hypothetical__CDS__promoter,0.003295760108056058,0.003295760108056058
cnv_depth__IBNLCO_02187__IBNLCO_02187__gene,-0.003295473546236741,0.003295473546236741
cnv_depth__IBNLCO_01326__IBNLCO_01326__gene__promoter,-0.003295381935030236,0.003295381935030236
cnv_depth__IBNLCO_05814__ABC__CDS,-0.0032948997879676204,0.0032948997879676204
cnv_depth__IBNLCO_01550__Sigma-54__CDS__promoter,0.003292518841594982,0.003292518841594982
cnv_depth__IBNLCO_04511__IBNLCO_04511__gene__promoter,0.003292491671820055,0.003292491671820055
cnv_depth__IBNLCO_03096__Peptidase__CDS__promoter,0.0032916906858350917,0.0032916906858350917
cnv_depth__IBNLCO_02201__Multidrug__CDS,-0.003291612351256596,0.003291612351256596
cnv_depth__IBNLCO_01577__IBNLCO_01577__gene,0.0032903794494318476,0.0032903794494318476
cnv_depth__IBNLCO_04250__gnl|Bakta|IBNLCO_04250__CDS__promoter,-0.0032859731219624416,0.0032859731219624416
cnv_depth__IBNLCO_00567__IBNLCO_00567__gene,0.0032857355234460076,0.0032857355234460076
cnv_depth__IBNLCO_03082__Oxalate:formate__CDS,-0.0032856971008321497,0.0032856971008321497
cnv_depth__IBNLCO_01221__Tat__CDS,-0.0032840886278436123,0.0032840886278436123
cnv_depth__IBNLCO_00041__IBNLCO_00041__gene,0.0032832755141809535,0.0032832755141809535
cnv_depth__IBNLCO_00580__IBNLCO_00580__gene__promoter,-0.0032830318477731105,0.0032830318477731105
cnv_depth__IBNLCO_00183__IBNLCO_00183__gene,-0.0032822867067363068,0.0032822867067363068
cnv_depth__IBNLCO_00720__IBNLCO_00720__gene,0.00327981453822076,0.00327981453822076
cnv_depth__IBNLCO_05528__Sphinganine-1-phosphate__CDS__promoter,0.003279617841985635,0.003279617841985635
cnv_depth__IBNLCO_04391__IBNLCO_04391__gene,0.0032784291979560207,0.0032784291979560207
cnv_depth__IBNLCO_05770__IBNLCO_05770__gene,-0.0032781666386218393,0.0032781666386218393
cnv_depth__IBNLCO_03528__IBNLCO_03528__gene,0.003276801184411854,0.003276801184411854
cnv_depth__IBNLCO_00664__IBNLCO_00664__gene__promoter,0.0032764211316188467,0.0032764211316188467
cnv_depth__IBNLCO_03189__IBNLCO_03189__gene__promoter,0.0032730583975948187,0.0032730583975948187
cnv_depth__IBNLCO_04613__copG__gene__promoter,-0.0032711395688878172,0.0032711395688878172
cnv_depth__IBNLCO_05589__Type__CDS,-0.003270192899233632,0.003270192899233632
cnv_depth__IBNLCO_03212__Small__CDS,0.0032690119508971146,0.0032690119508971146
cnv_depth__IBNLCO_03357__gnl|Bakta|IBNLCO_03357__CDS,-0.003268636038055358,0.003268636038055358
cnv_depth__IBNLCO_01480__IBNLCO_01480__gene,-0.0032673460474510778,0.0032673460474510778
cnv_depth__IBNLCO_03571__IBNLCO_03571__gene,-0.0032673186894261607,0.0032673186894261607
cnv_depth__IBNLCO_04780__gnl|Bakta|IBNLCO_04780__CDS__promoter,0.0032638745852246096,0.0032638745852246096
cnv_depth__IBNLCO_03480__IBNLCO_03480__gene__promoter,0.003263027088319092,0.003263027088319092
cnv_depth__IBNLCO_00937__IBNLCO_00937__gene__promoter,0.0032621731304817558,0.0032621731304817558
cnv_depth__IBNLCO_05619__H-NS__CDS,0.0032615295065648833,0.0032615295065648833
cnv_depth__IBNLCO_02145__Hydroxymethylpyrimidine/phosphomethylpyrimidine__CDS__promoter,0.0032599439072384232,0.0032599439072384232
cnv_depth__IBNLCO_02334__IBNLCO_02334__gene__promoter,-0.0032598307148300953,0.0032598307148300953
cnv_depth__IBNLCO_02189__IBNLCO_02189__gene,0.0032583650588501123,0.0032583650588501123
cnv_depth__IBNLCO_02213__IBNLCO_02213__gene__promoter,-0.003257664524871568,0.003257664524871568
cnv_depth__IBNLCO_03668__IBNLCO_03668__gene,-0.003256722307922742,0.003256722307922742
cnv_depth__IBNLCO_04174__IBNLCO_04174__gene,0.0032567097938657223,0.0032567097938657223
cnv_depth__IBNLCO_04607__Formate__CDS,-0.003255205740000632,0.003255205740000632
cnv_depth__IBNLCO_05278__IBNLCO_05278__gene__promoter,0.003254543639980083,0.003254543639980083
cnv_depth__IBNLCO_02232__IBNLCO_02232__gene__promoter,-0.003254185966575987,0.003254185966575987
cnv_depth__IBNLCO_04030__DUF4148__CDS,-0.003254018757230811,0.003254018757230811
cnv_depth__IBNLCO_00495__lysR__gene__promoter,0.003245758468992062,0.003245758468992062
cnv_depth__IBNLCO_03867__IBNLCO_03867__gene__promoter,-0.003245393014307893,0.003245393014307893
cnv_depth__IBNLCO_02321__IBNLCO_02321__gene,-0.0032447860697041296,0.0032447860697041296
cnv_depth__IBNLCO_04716__hypothetical__CDS,-0.003241412835741502,0.003241412835741502
cnv_depth__IBNLCO_04737__Alkylation__CDS,-0.0032413524085696975,0.0032413524085696975
cnv_depth__IBNLCO_04854__Insertion__CDS__promoter,0.0032399118024164747,0.0032399118024164747
cnv_depth__IBNLCO_04605__NADH:quinone__CDS,-0.003239553832254088,0.003239553832254088
cnv_depth__IBNLCO_02665__IBNLCO_02665__gene,0.003237764714632311,0.003237764714632311
cnv_depth__IBNLCO_04700__ftsI__gene__promoter,-0.003237087059777424,0.003237087059777424
cnv_depth__IBNLCO_03652__IBNLCO_03652__gene__promoter,0.00323693222566466,0.00323693222566466
cnv_depth__IBNLCO_04756__Outer__CDS__promoter,0.003234163362714194,0.003234163362714194
cnv_depth__IBNLCO_05155__DUF218__CDS__promoter,-0.0032322803001430434,0.0032322803001430434
cnv_depth__IBNLCO_02383__pdxY__gene,-0.0032307807529480662,0.0032307807529480662
cnv_depth__IBNLCO_05140__Linalool__CDS,-0.003230260074190525,0.003230260074190525
cnv_depth__IBNLCO_04058__IBNLCO_04058__gene,-0.003229784273354734,0.003229784273354734
cnv_depth__IBNLCO_05772__IBNLCO_05772__gene__promoter,-0.00322974860734664,0.00322974860734664
cnv_depth__IBNLCO_02435__Pseudouridine__CDS,0.003229056757880677,0.003229056757880677
cnv_depth__IBNLCO_02957__Peroxisomal__CDS__promoter,-0.003228523519850394,0.003228523519850394
cnv_depth__IBNLCO_04882__Secretion__CDS,0.0032278177654087347,0.0032278177654087347
cnv_depth__IBNLCO_04284__Circularly__CDS,-0.0032269708438834054,0.0032269708438834054
cnv_depth__IBNLCO_00798__IBNLCO_00798__gene,0.0032265985260127635,0.0032265985260127635
cnv_depth__IBNLCO_03174__pilM__gene,0.0032260907870641244,0.0032260907870641244
cnv_depth__IBNLCO_02821__IBNLCO_02821__gene,0.0032243313611458884,0.0032243313611458884
cnv_depth__IBNLCO_03871__IBNLCO_03871__gene__promoter,-0.003223143095458255,0.003223143095458255
cnv_depth__IBNLCO_04225__Cytosine__CDS__promoter,0.0032229489149454564,0.0032229489149454564
cnv_depth__IBNLCO_03345__IBNLCO_03345__gene,0.003219714679974421,0.003219714679974421
cnv_depth__IBNLCO_04617__Nitrate__CDS,-0.003217966315747045,0.003217966315747045
cnv_depth__IBNLCO_05336__N-acetylmuramoyl-L-alanine__CDS,0.003217894625146431,0.003217894625146431
cnv_depth__IBNLCO_01890__IBNLCO_01890__gene,0.0032155103397136613,0.0032155103397136613
cnv_depth__IBNLCO_05013__SctT__CDS,-0.0032150288333415837,0.0032150288333415837
cnv_depth__IBNLCO_00476__IBNLCO_00476__gene,0.00321246407802135,0.00321246407802135
cnv_depth__IBNLCO_03770__IBNLCO_03770__gene,0.003211940085170581,0.003211940085170581
cnv_depth__IBNLCO_04343__DSBA-like__CDS__promoter,-0.003211603084632106,0.003211603084632106
cnv_depth__IBNLCO_03810__HD__CDS,-0.003211316687939892,0.003211316687939892
cnv_depth__IBNLCO_02070__IBNLCO_02070__gene,-0.003211076141517644,0.003211076141517644
cnv_depth__IBNLCO_05313__Transmembrane__CDS,-0.0032101012191940227,0.0032101012191940227
cnv_depth__IBNLCO_01442__IBNLCO_01442__gene,-0.0032099799470427,0.0032099799470427
cnv_depth__IBNLCO_01553__IBNLCO_01553__gene,-0.0032097571218859277,0.0032097571218859277
cnv_depth__IBNLCO_03149__Intermembrane__CDS,0.0032087030998353937,0.0032087030998353937
cnv_depth__IBNLCO_00398__Type__CDS__promoter,0.003206042764771765,0.003206042764771765
cnv_depth__IBNLCO_04652__IBNLCO_04652__gene,-0.003205477162051929,0.003205477162051929
cnv_depth__IBNLCO_04035__livH__gene,-0.0032054188900992966,0.0032054188900992966
cnv_depth__IBNLCO_01665__hypothetical__CDS__promoter,0.0032053254619485655,0.0032053254619485655
cnv_depth__IBNLCO_02672__pyrR__gene,-0.003203497901921383,0.003203497901921383
cnv_depth__IBNLCO_03072__IBNLCO_03072__gene,0.0032034809354902424,0.0032034809354902424
cnv_depth__IBNLCO_00559__IBNLCO_00559__gene,0.0032026344626806917,0.0032026344626806917
cnv_depth__IBNLCO_01884__Poly-beta-hydroxybutyrate__CDS__promoter,-0.0032020767540111785,0.0032020767540111785
cnv_depth__IBNLCO_05098__Serine__CDS,0.0032019926368037125,0.0032019926368037125
cnv_depth__IBNLCO_05480__IBNLCO_05480__gene,-0.003201900023064795,0.003201900023064795
cnv_depth__IBNLCO_01671__IBNLCO_01671__gene,-0.003200368310221934,0.003200368310221934
cnv_depth__IBNLCO_02542__IBNLCO_02542__gene,-0.003200192498596708,0.003200192498596708
cnv_depth__IBNLCO_00756__IBNLCO_00756__gene,0.0031993711742751476,0.0031993711742751476
cnv_depth__IBNLCO_02927__exbD__gene__promoter,-0.0031993520757406784,0.0031993520757406784
cnv_depth__IBNLCO_01578__IBNLCO_01578__gene,0.0031971577037102276,0.0031971577037102276
cnv_depth__IBNLCO_01301__SAM-dependent__CDS,-0.0031968354252413446,0.0031968354252413446
cnv_depth__IBNLCO_02998__pilB__gene__promoter,0.0031965997684601727,0.0031965997684601727
cnv_depth__IBNLCO_02008__Glucose-6-phosphate__CDS,0.0031942717108210446,0.0031942717108210446
cnv_depth__IBNLCO_01641__Efflux__CDS__promoter,0.0031934880750067334,0.0031934880750067334
cnv_depth__IBNLCO_01685__Siroheme__CDS__promoter,0.0031926568755310035,0.0031926568755310035
cnv_depth__IBNLCO_03093__IBNLCO_03093__gene,0.003192477263992002,0.003192477263992002
cnv_depth__IBNLCO_04633__IBNLCO_04633__gene,-0.0031920554760762228,0.0031920554760762228
cnv_depth__IBNLCO_01557__IBNLCO_01557__gene__promoter,-0.0031915244811037725,0.0031915244811037725
cnv_depth__IBNLCO_03777__Dibenzothiophene__CDS__promoter,-0.003190355606253359,0.003190355606253359
cnv_depth__IBNLCO_03501__H-NS__CDS,-0.003188470365916975,0.003188470365916975
cnv_depth__IBNLCO_02779__wcbL__gene__promoter,-0.0031870520621658013,0.0031870520621658013
cnv_depth__IBNLCO_02227__IBNLCO_02227__gene__promoter,-0.0031860657627613407,0.0031860657627613407
cnv_depth__IBNLCO_00649__surA__gene,-0.0031819523449707274,0.0031819523449707274
cnv_depth__IBNLCO_00061__mbtN__gene__promoter,-0.0031801922248281284,0.0031801922248281284
cnv_depth__IBNLCO_02461__Sigma-54__CDS__promoter,-0.003178851583315159,0.003178851583315159
cnv_depth__IBNLCO_01965__Calcineurin-like__CDS,0.0031777788497069524,0.0031777788497069524
cnv_depth__IBNLCO_00306__IBNLCO_00306__gene,0.0031777182377489576,0.0031777182377489576
cnv_depth__IBNLCO_05086__pilT__gene__promoter,0.003177044926036771,0.003177044926036771
cnv_depth__IBNLCO_00935__IBNLCO_00935__gene__promoter,-0.003175714545557893,0.003175714545557893
cnv_depth__IBNLCO_02122__Uridylate__CDS,-0.003174387219300482,0.003174387219300482
cnv_depth__IBNLCO_02516__hypothetical__CDS__promoter,-0.0031743871677043455,0.0031743871677043455
cnv_depth__IBNLCO_04621__nreB__gene,-0.0031730264808095695,0.0031730264808095695
cnv_depth__IBNLCO_00396__IBNLCO_00396__gene__promoter,0.003172403029230716,0.003172403029230716
cnv_depth__IBNLCO_05233__Triacylglycerol__CDS__promoter,0.0031708652564634765,0.0031708652564634765
cnv_depth__IBNLCO_01674__Cobyrinate__CDS__promoter,0.003169656694787602,0.003169656694787602
cnv_depth__IBNLCO_04465__Bestrophin-like__CDS,0.0031694863150979785,0.0031694863150979785
cnv_depth__IBNLCO_02757__gnl|Bakta|IBNLCO_02757__CDS,-0.003168626184994984,0.003168626184994984
cnv_depth__IBNLCO_05704__Cation/H+__CDS__promoter,0.0031677749575312153,0.0031677749575312153
cnv_depth__IBNLCO_02430__7-methyl-GTP__CDS__promoter,-0.0031666831776060904,0.0031666831776060904
cnv_depth__IBNLCO_04161__IBNLCO_04161__gene,-0.0031657602868995793,0.0031657602868995793
cnv_depth__IBNLCO_04805__IBNLCO_04805__gene,0.0031651240226062455,0.0031651240226062455
cnv_depth__IBNLCO_02462__gnl|Bakta|IBNLCO_02462__CDS__promoter,0.0031645682014924885,0.0031645682014924885
cnv_depth__IBNLCO_05173__Polysaccharide__CDS__promoter,0.003164168528222982,0.003164168528222982
cnv_depth__IBNLCO_01325__gnl|Bakta|IBNLCO_01325__CDS,0.0031638205160127242,0.0031638205160127242
cnv_depth__IBNLCO_03371__Ethanolamine__CDS__promoter,-0.003162838460911858,0.003162838460911858
cnv_depth__IBNLCO_01586__ssuB__gene__promoter,-0.003161497067911122,0.003161497067911122
cnv_depth__IBNLCO_05817__mlaC__gene__promoter,0.003160348073651011,0.003160348073651011
cnv_depth__IBNLCO_01745__doxX__gene__promoter,0.003159579097993435,0.003159579097993435
cnv_depth__IBNLCO_03744__IBNLCO_03744__gene,0.0031589187337940244,0.0031589187337940244
cnv_depth__IBNLCO_05602__Chorismate__CDS__promoter,0.0031587735856927375,0.0031587735856927375
cnv_depth__IBNLCO_03512__IS30__CDS__promoter,0.00315652535684744,0.00315652535684744
cnv_depth__IBNLCO_02743__4-hydroxybenzoyl-CoA__CDS,-0.0031563475746852056,0.0031563475746852056
cnv_depth__IBNLCO_02800__IBNLCO_02800__gene,-0.00315518607071703,0.00315518607071703
cnv_depth__IBNLCO_03445__dmlR__gene__promoter,-0.0031538648299422553,0.0031538648299422553
cnv_depth__IBNLCO_01120__IBNLCO_01120__gene,-0.0031528507815904404,0.0031528507815904404
cnv_depth__IBNLCO_00736__Mandelate__CDS,0.0031524819505778004,0.0031524819505778004
cnv_depth__IBNLCO_01135__hypothetical__CDS,-0.003152254823154131,0.003152254823154131
cnv_depth__IBNLCO_05671__IBNLCO_05671__gene__promoter,-0.0031516086750262426,0.0031516086750262426
cnv_depth__IBNLCO_01991__Enoyl__CDS__promoter,-0.0031513186954588946,0.0031513186954588946
cnv_depth__IBNLCO_05851__hypothetical__CDS,0.0031506206457237954,0.0031506206457237954
cnv_depth__IBNLCO_00263__IBNLCO_00263__gene,-0.003149643674618498,0.003149643674618498
cnv_depth__IBNLCO_01915__Murein__CDS__promoter,-0.0031492240897598315,0.0031492240897598315
cnv_depth__IBNLCO_02155__(S)-2-haloacid__CDS,-0.0031485018591564723,0.0031485018591564723
cnv_depth__IBNLCO_00020__Multidrug__CDS,-0.003147357083249269,0.003147357083249269
cnv_depth__IBNLCO_02289__Rhodanese__CDS,-0.0031460271313639406,0.0031460271313639406
cnv_depth__IBNLCO_03753__IBNLCO_03753__gene,-0.003144416568162816,0.003144416568162816
cnv_depth__IBNLCO_02839__phnG__gene,-0.0031423552733386563,0.0031423552733386563
cnv_depth__IBNLCO_01979__Mechanosensitive__CDS,-0.0031417555568779114,0.0031417555568779114
cnv_depth__IBNLCO_05258__Exodeoxyribonuclease__CDS__promoter,0.0031416349075488815,0.0031416349075488815
cnv_depth__IBNLCO_00237__ferredoxin--NADP(+)__CDS__promoter,0.0031395602205862693,0.0031395602205862693
cnv_depth__IBNLCO_00265__flgM__gene__promoter,0.0031389925454890486,0.0031389925454890486
cnv_depth__IBNLCO_02596__1-aminocyclopropane-1-carboxylate__CDS,-0.0031382466858953005,0.0031382466858953005
cnv_depth__IBNLCO_00229__Flagellar__CDS,0.0031378971544871784,0.0031378971544871784
cnv_depth__IBNLCO_00050__IBNLCO_00050__gene,-0.003137765067638629,0.003137765067638629
cnv_depth__IBNLCO_05250__DNA__CDS__promoter,-0.003136864027955907,0.003136864027955907
cnv_depth__IBNLCO_00227__flagellar__CDS,-0.003135918686717626,0.003135918686717626
cnv_depth__IBNLCO_04540__irlR__gene,0.003135473578984702,0.003135473578984702
cnv_depth__IBNLCO_02758__Serine__CDS__promoter,-0.003134132967642889,0.003134132967642889
cnv_depth__IBNLCO_05112__hrpB7__gene__promoter,0.0031326187982599557,0.0031326187982599557
cnv_depth__IBNLCO_00170__hypothetical__CDS__promoter,0.0031318177695803954,0.0031318177695803954
cnv_depth__IBNLCO_02024__Glycerate__CDS,0.003130593158395202,0.003130593158395202
cnv_depth__IBNLCO_01092__IBNLCO_01092__gene,0.0031294088762974922,0.0031294088762974922
cnv_depth__IBNLCO_05632__IBNLCO_05632__gene,0.003128590132425951,0.003128590132425951
cnv_depth__IBNLCO_05306__IBNLCO_05306__gene,-0.0031283799154538847,0.0031283799154538847
cnv_depth__IBNLCO_03451__Acetoacetate__CDS,0.003127100166555681,0.003127100166555681
cnv_depth__IBNLCO_05758__Phosphatidylserine__CDS,-0.003126192175157146,0.003126192175157146
cnv_depth__IBNLCO_03168__IBNLCO_03168__gene,-0.0031208328951734163,0.0031208328951734163
cnv_depth__IBNLCO_02251__Glycine__CDS,-0.0031203059919219004,0.0031203059919219004
cnv_depth__IBNLCO_03904__AB__CDS,-0.003120030735771316,0.003120030735771316
cnv_depth__IBNLCO_03619__ImpE/SciE__CDS,0.0031186766342314494,0.0031186766342314494
cnv_depth__IBNLCO_00048__Branched-chain__CDS__promoter,0.0031185195262229603,0.0031185195262229603
cnv_depth__IBNLCO_00361__IBNLCO_00361__gene,-0.0031176065004210112,0.0031176065004210112
cnv_depth__IBNLCO_04120__IBNLCO_04120__gene__promoter,0.0031167741798620373,0.0031167741798620373
cnv_depth__IBNLCO_02031__IBNLCO_02031__gene,-0.003116591208326579,0.003116591208326579
cnv_depth__IBNLCO_04719__IBNLCO_04719__gene,-0.00311473250905563,0.00311473250905563
cnv_depth__IBNLCO_00313__IBNLCO_00313__gene,-0.0031139830671886902,0.0031139830671886902
cnv_depth__IBNLCO_03185__anti-hemB__gene__promoter,0.003111654821849403,0.003111654821849403
cnv_depth__IBNLCO_05132__FIST__CDS,-0.0031105037688157,0.0031105037688157
cnv_depth__IBNLCO_01224__IBNLCO_01224__gene,0.003107889674289487,0.003107889674289487
cnv_depth__IBNLCO_02134__IBNLCO_02134__gene,-0.00310672054403844,0.00310672054403844
cnv_depth__IBNLCO_00426__histidine__CDS__promoter,-0.003105783025943706,0.003105783025943706
cnv_depth__IBNLCO_03683__IBNLCO_03683__gene,-0.0031050571050950672,0.0031050571050950672
cnv_depth__IBNLCO_04069__phosphoenolpyruvate__CDS,0.0031049427568977895,0.0031049427568977895
cnv_depth__IBNLCO_00344__Branched-chain__CDS__promoter,0.003104769563570335,0.003104769563570335
cnv_depth__IBNLCO_03201__Large__CDS__promoter,0.0031034535248954755,0.0031034535248954755
cnv_depth__IBNLCO_05230__Spermidine/putrescine__CDS,0.0031029853512594464,0.0031029853512594464
cnv_depth__IBNLCO_04567__Thymidylate__CDS__promoter,-0.003102373622778264,0.003102373622778264
cnv_depth__IBNLCO_05670__VOC__CDS,-0.003101114759024788,0.003101114759024788
cnv_depth__IBNLCO_00003__tRNA__CDS,0.003100722664861795,0.003100722664861795
cnv_depth__IBNLCO_03106__Type__CDS__promoter,0.0031004877663108094,0.0031004877663108094
cnv_depth__IBNLCO_00601__IBNLCO_00601__gene,-0.003100289907225013,0.003100289907225013
cnv_depth__IBNLCO_04945__aldehyde__CDS__promoter,-0.0030974589535971903,0.0030974589535971903
cnv_depth__IBNLCO_01390__IBNLCO_01390__gene,-0.003096898318165821,0.003096898318165821
cnv_depth__IBNLCO_03196__Protein__CDS__promoter,0.0030966017819501293,0.0030966017819501293
cnv_depth__IBNLCO_01358__IBNLCO_01358__gene__promoter,-0.0030949183831218375,0.0030949183831218375
cnv_depth__IBNLCO_01489__hypothetical__CDS,0.0030942929206050768,0.0030942929206050768
cnv_depth__IBNLCO_03721__IBNLCO_03721__gene,0.003094021021459822,0.003094021021459822
cnv_depth__IBNLCO_01646__IBNLCO_01646__gene__promoter,0.003092407582283018,0.003092407582283018
cnv_depth__IBNLCO_01712__bioC__gene__promoter,-0.003092325107363328,0.003092325107363328
cnv_depth__IBNLCO_01452__IBNLCO_01452__gene,-0.0030910329745617087,0.0030910329745617087
cnv_depth__IBNLCO_01934__DUF937__CDS__promoter,0.003089378043385121,0.003089378043385121
cnv_depth__IBNLCO_00329__IBNLCO_00329__gene__promoter,-0.0030888211931352954,0.0030888211931352954
cnv_depth__IBNLCO_03592__lysR__gene__promoter,0.0030887561369785004,0.0030887561369785004
cnv_depth__IBNLCO_03024__IBNLCO_03024__gene,0.0030885674505986968,0.0030885674505986968
cnv_depth__IBNLCO_02902__Glutamine__CDS,-0.0030875779850752104,0.0030875779850752104
cnv_depth__IBNLCO_00218__Aldehyde__CDS,0.00308340828854699,0.00308340828854699
cnv_depth__IBNLCO_04945__aldehyde__CDS,-0.003083209851459461,0.003083209851459461
cnv_depth__IBNLCO_01985__Thymidylate__CDS__promoter,-0.003082629302018091,0.003082629302018091
cnv_depth__IBNLCO_05148__IBNLCO_05148__gene,-0.0030818468781094047,0.0030818468781094047
cnv_depth__IBNLCO_00555__IBNLCO_00555__gene,0.003080704332503358,0.003080704332503358
cnv_depth__IBNLCO_01052__putative__CDS__promoter,0.003080452878879207,0.003080452878879207
cnv_depth__IBNLCO_05841__Presqualene__CDS__promoter,0.003080123645934192,0.003080123645934192
cnv_depth__IBNLCO_03356__IBNLCO_03356__gene,0.0030779420307093437,0.0030779420307093437
cnv_depth__IBNLCO_03100__impA__gene,-0.00307773803589061,0.00307773803589061
cnv_depth__IBNLCO_04585__IBNLCO_04585__gene__promoter,-0.0030754766253717996,0.0030754766253717996
cnv_depth__IBNLCO_05417__IBNLCO_05417__gene__promoter,-0.003075290927905512,0.003075290927905512
cnv_depth__IBNLCO_00284__IBNLCO_00284__gene,0.003073854437731078,0.003073854437731078
cnv_depth__IBNLCO_00740__IBNLCO_00740__gene,0.0030736989988773716,0.0030736989988773716
cnv_depth__IBNLCO_00854__3-deoxy-manno-octulosonate__CDS,-0.003072916604456607,0.003072916604456607
cnv_depth__IBNLCO_03645__IBNLCO_03645__gene,-0.0030729134655436787,0.0030729134655436787
cnv_depth__IBNLCO_04132__Periplasmic__CDS,0.0030727318183626463,0.0030727318183626463
cnv_depth__IBNLCO_05800__Dmso__CDS__promoter,0.003072578613184671,0.003072578613184671
cnv_depth__IBNLCO_00355__IBNLCO_00355__gene__promoter,0.003072414340204819,0.003072414340204819
cnv_depth__IBNLCO_03167__sn-glycerol-3-phosphate-binding__CDS__promoter,0.003072213449752121,0.003072213449752121
cnv_depth__IBNLCO_05316__DUF2384__CDS,-0.003071400390418991,0.003071400390418991
cnv_depth__IBNLCO_00938__Dihydroxy-acid__CDS__promoter,0.003070765639157673,0.003070765639157673
cnv_depth__IBNLCO_03659__DUF1842__CDS__promoter,-0.003067991079062465,0.003067991079062465
cnv_depth__IBNLCO_01708__ABC__CDS__promoter,0.0030676417808523223,0.0030676417808523223
cnv_depth__IBNLCO_01584__IBNLCO_01584__gene,-0.00306541686843435,0.00306541686843435
cnv_depth__IBNLCO_01904__IBNLCO_01904__gene,0.003064616781274139,0.003064616781274139
cnv_depth__IBNLCO_03026__3-demethoxyubiquinol__CDS,0.003063296135699305,0.003063296135699305
cnv_depth__IBNLCO_04566__N-demethylindolmycin__CDS,0.003062184788452537,0.003062184788452537
cnv_depth__IBNLCO_02388__hypothetical__CDS__promoter,-0.003061489695884561,0.003061489695884561
cnv_depth__IBNLCO_05850__Arsenate__CDS__promoter,0.0030611643191714864,0.0030611643191714864
cnv_depth__IBNLCO_03078__Amino__CDS,-0.0030598570571617237,0.0030598570571617237
cnv_depth__IBNLCO_01890__IBNLCO_01890__gene__promoter,-0.003058187466962223,0.003058187466962223
cnv_depth__IBNLCO_05607__lysR__gene,0.0030576199264217706,0.0030576199264217706
cnv_depth__IBNLCO_00172__IBNLCO_00172__gene__promoter,-0.003057193189222368,0.003057193189222368
cnv_depth__IBNLCO_00008__hxcR__gene,0.003057024938347852,0.003057024938347852
cnv_depth__IBNLCO_05634__IBNLCO_05634__gene,-0.0030551178541318473,0.0030551178541318473
cnv_depth__IBNLCO_01049__IBNLCO_01049__gene,-0.0030535363922397796,0.0030535363922397796
cnv_depth__IBNLCO_04995__IBNLCO_04995__gene__promoter,-0.0030523228150826694,0.0030523228150826694
cnv_depth__IBNLCO_04735__IBNLCO_04735__gene,-0.003051899011663618,0.003051899011663618
cnv_depth__IBNLCO_01545__hypothetical__CDS,0.00305036657843965,0.00305036657843965
cnv_depth__IBNLCO_05536__IS5__CDS__promoter,-0.0030498440661921042,0.0030498440661921042
cnv_depth__IBNLCO_03419__Lipopolysaccharide__CDS__promoter,0.003049614386909591,0.003049614386909591
cnv_depth__IBNLCO_00825__gnl|Bakta|IBNLCO_00825__CDS__promoter,-0.0030484152372393034,0.0030484152372393034
cnv_depth__IBNLCO_00078__Ribonuclease__CDS__promoter,0.0030483790671359933,0.0030483790671359933
cnv_depth__IBNLCO_02513__Phosphoglycolate__CDS,0.0030464705358048743,0.0030464705358048743
cnv_depth__IBNLCO_01215__hypothetical__CDS,-0.0030458990242300276,0.0030458990242300276
cnv_depth__IBNLCO_04419__Short-chain__CDS,-0.003045361021059557,0.003045361021059557
cnv_depth__IBNLCO_05067__hipA__gene,0.003045109483933846,0.003045109483933846
cnv_depth__IBNLCO_05845__IBNLCO_05845__gene,-0.0030443696382247564,0.0030443696382247564
cnv_depth__IBNLCO_02884__Holliday__CDS__promoter,0.003044330251547592,0.003044330251547592
cnv_depth__IBNLCO_03277__IBNLCO_03277__gene,0.003044136708582163,0.003044136708582163
cnv_depth__IBNLCO_00039__histidine__CDS__promoter,0.0030438890123115317,0.0030438890123115317
cnv_depth__IBNLCO_04469__IBNLCO_04469__gene,0.003041916778835538,0.003041916778835538
cnv_depth__IBNLCO_04551__IBNLCO_04551__gene,-0.003041107067687389,0.003041107067687389
cnv_depth__IBNLCO_03024__Ribosomal__CDS__promoter,0.0030385660779581078,0.0030385660779581078
cnv_depth__IBNLCO_02507__Bifunctional__CDS__promoter,-0.003038483302901505,0.003038483302901505
cnv_depth__IBNLCO_02577__trnS__gene,0.0030379344971779723,0.0030379344971779723
cnv_depth__IBNLCO_00044__Putative__CDS__promoter,0.003037875122194485,0.003037875122194485
cnv_depth__IBNLCO_05167__IBNLCO_05167__gene,-0.0030368169782696883,0.0030368169782696883
cnv_depth__IBNLCO_05688__IBNLCO_05688__gene__promoter,0.0030363318525278684,0.0030363318525278684
cnv_depth__IBNLCO_03439__IBNLCO_03439__gene,0.0030356071526170952,0.0030356071526170952
cnv_depth__IBNLCO_01735__IBNLCO_01735__gene,-0.003035204252654297,0.003035204252654297
cnv_depth__IBNLCO_03649__IBNLCO_03649__gene,-0.0030336977403168882,0.0030336977403168882
cnv_depth__IBNLCO_05005__bapB__gene__promoter,-0.003031759105189478,0.003031759105189478
cnv_depth__IBNLCO_04390__IBNLCO_04390__gene__promoter,-0.003031180803712066,0.003031180803712066
cnv_depth__IBNLCO_04558__IBNLCO_04558__gene__promoter,0.0030306927832558727,0.0030306927832558727
cnv_depth__IBNLCO_02009__ATP-binding__CDS__promoter,0.003030507585724579,0.003030507585724579
cnv_depth__IBNLCO_04533__IBNLCO_04533__gene,-0.003030008631967543,0.003030008631967543
cnv_depth__IBNLCO_00120__esaS__gene__promoter,-0.0030258185446586207,0.0030258185446586207
cnv_depth__IBNLCO_01113__IBNLCO_01113__gene__promoter,-0.003025350756936308,0.003025350756936308
cnv_depth__IBNLCO_04508__prnC__gene,0.0030227377214316806,0.0030227377214316806
cnv_depth__IBNLCO_04146__Dibenzothiophene__CDS,-0.003022439818461144,0.003022439818461144
cnv_depth__IBNLCO_04275__Type__CDS__promoter,-0.003022223562904917,0.003022223562904917
cnv_depth__IBNLCO_00634__IBNLCO_00634__gene,0.0030192052247586154,0.0030192052247586154
cnv_depth__IBNLCO_04720__IBNLCO_04720__gene,0.0030180635680981203,0.0030180635680981203
cnv_depth__IBNLCO_01858__IBNLCO_01858__gene__promoter,0.003016966353945965,0.003016966353945965
cnv_depth__IBNLCO_03918__copC__gene__promoter,0.0030169558923301885,0.0030169558923301885
cnv_depth__IBNLCO_03925__Spermidine/putrescine__CDS__promoter,0.0030166235505158395,0.0030166235505158395
cnv_depth__IBNLCO_03576__IBNLCO_03576__gene,-0.0030148960088472202,0.0030148960088472202
cnv_depth__IBNLCO_03714__IBNLCO_03714__gene,-0.003014719600600623,0.003014719600600623
cnv_depth__IBNLCO_01343__Galactose__CDS,0.003014517593881414,0.003014517593881414
cnv_depth__IBNLCO_01989__N-acetyltransferase__CDS,0.0030132837844743924,0.0030132837844743924
cnv_depth__IBNLCO_03870__IBNLCO_03870__gene__promoter,-0.0030128808423989426,0.0030128808423989426
cnv_depth__IBNLCO_01214__IBNLCO_01214__gene,-0.003012251595512271,0.003012251595512271
cnv_depth__IBNLCO_05170__Bacteriophage__CDS__promoter,0.003010379497768884,0.003010379497768884
cnv_depth__IBNLCO_03521__Secondary__CDS__promoter,-0.003009442088443867,0.003009442088443867
cnv_depth__IBNLCO_01341__hypothetical__CDS,-0.0030089045864457424,0.0030089045864457424
cnv_depth__IBNLCO_00195__hypothetical__CDS,0.0030086784609106697,0.0030086784609106697
cnv_depth__IBNLCO_01705__IBNLCO_01705__gene,-0.0030076997980831126,0.0030076997980831126
cnv_depth__IBNLCO_02538__Fructose-1%2C6-bisphosphatase__CDS__promoter,-0.0030053515805356593,0.0030053515805356593
cnv_depth__IBNLCO_00006__IBNLCO_00006__gene__promoter,0.0030048190971310555,0.0030048190971310555
cnv_depth__IBNLCO_01712__bioC__gene,-0.003004593847742403,0.003004593847742403
cnv_depth__IBNLCO_04332__Pyrimidine-specific__CDS__promoter,-0.0030022337539087336,0.0030022337539087336
cnv_depth__IBNLCO_00105__Tlde1__CDS__promoter,0.003000110250410152,0.003000110250410152
cnv_depth__IBNLCO_04546__hypothetical__CDS__promoter,-0.002999039725132955,0.002999039725132955
cnv_depth__IBNLCO_03313__flhC__gene__promoter,0.0029987543883996945,0.0029987543883996945
cnv_depth__IBNLCO_03893__Cyclic__CDS__promoter,0.002998644108536751,0.002998644108536751
cnv_depth__IBNLCO_00104__Membrane__CDS__promoter,0.002998311585272896,0.002998311585272896
cnv_depth__IBNLCO_04987__tssF__gene,0.0029980480947650137,0.0029980480947650137
cnv_depth__IBNLCO_01070__IBNLCO_01070__gene,-0.0029964460801003086,0.0029964460801003086
cnv_depth__IBNLCO_02954__L-arabinose__CDS,-0.002992830985524989,0.002992830985524989
cnv_depth__IBNLCO_01256__ABC__CDS,-0.002989157235955609,0.002989157235955609
cnv_depth__IBNLCO_05708__Catalase__CDS,0.002986872844155841,0.002986872844155841
cnv_depth__IBNLCO_02950__Nicotinamide-nucleotide__CDS__promoter,0.0029854060501693608,0.0029854060501693608
cnv_depth__IBNLCO_01008__IBNLCO_01008__gene__promoter,0.0029803585760363495,0.0029803585760363495
cnv_depth__IBNLCO_02096__IBNLCO_02096__gene__promoter,-0.0029803545969734613,0.0029803545969734613
cnv_depth__IBNLCO_03098__Type__CDS__promoter,0.002980292376997982,0.002980292376997982
cnv_depth__IBNLCO_04296__Class__CDS,-0.00297944910489736,0.00297944910489736
cnv_depth__IBNLCO_02504__Small__CDS,0.0029786876079370707,0.0029786876079370707
cnv_depth__IBNLCO_04503__Transporter__CDS,-0.0029786724704773527,0.0029786724704773527
cnv_depth__IBNLCO_04756__Outer__CDS,0.0029775075690185618,0.0029775075690185618
cnv_depth__IBNLCO_02941__Transketolase__CDS__promoter,0.002973995885035888,0.002973995885035888
cnv_depth__IBNLCO_04615__IBNLCO_04615__gene__promoter,-0.0029739004598033384,0.0029739004598033384
cnv_depth__IBNLCO_05590__tssB1__gene,-0.0029724189972890054,0.0029724189972890054
cnv_depth__IBNLCO_01716__IBNLCO_01716__gene__promoter,-0.0029718729819985575,0.0029718729819985575
cnv_depth__IBNLCO_03437__IBNLCO_03437__gene,0.002971459712457924,0.002971459712457924
cnv_depth__IBNLCO_03120__IBNLCO_03120__gene__promoter,-0.002970858369625838,0.002970858369625838
cnv_depth__IBNLCO_00074__IBNLCO_00074__gene,0.0029706009952199545,0.0029706009952199545
cnv_depth__IBNLCO_05835__IBNLCO_05835__gene__promoter,-0.0029684634221165476,0.0029684634221165476
cnv_depth__IBNLCO_01869__eIF4A-inactivating__CDS,-0.0029680692624759523,0.0029680692624759523
cnv_depth__IBNLCO_04639__IBNLCO_04639__gene__promoter,0.002966078705276017,0.002966078705276017
cnv_depth__IBNLCO_01109__putative__CDS,-0.002965560696492204,0.002965560696492204
cnv_depth__IBNLCO_03524__hypothetical__CDS__promoter,-0.002965298103337433,0.002965298103337433
cnv_depth__IBNLCO_01533__IBNLCO_01533__gene__promoter,-0.002964261713735273,0.002964261713735273
cnv_depth__IBNLCO_02765__AraC__CDS__promoter,-0.002961850479160327,0.002961850479160327
cnv_depth__IBNLCO_04009__IBNLCO_04009__gene,-0.0029613897138900413,0.0029613897138900413
cnv_depth__IBNLCO_05047__Fe2OG__CDS__promoter,-0.0029608945845760563,0.0029608945845760563
cnv_depth__IBNLCO_04835__IBNLCO_04835__gene,-0.0029600027004992517,0.0029600027004992517
cnv_depth__IBNLCO_02897__Betaproteobacteria_toxic_sRNA__gene__promoter,0.0029593729425541684,0.0029593729425541684
cnv_depth__IBNLCO_01517__IBNLCO_01517__gene__promoter,-0.0029573420704874153,0.0029573420704874153
cnv_depth__IBNLCO_05761__gnl|Bakta|IBNLCO_05761__CDS__promoter,-0.0029572049487872,0.0029572049487872
cnv_depth__IBNLCO_03272__IBNLCO_03272__gene__promoter,0.002955937878571403,0.002955937878571403
cnv_depth__IBNLCO_00114__IBNLCO_00114__gene,0.0029559368311059364,0.0029559368311059364
cnv_depth__IBNLCO_02936__cynR__gene__promoter,0.0029557456781671787,0.0029557456781671787
cnv_depth__IBNLCO_01486__hypothetical__CDS__promoter,0.0029556412553279816,0.0029556412553279816
cnv_depth__IBNLCO_03204__Large__CDS,0.0029530872655982904,0.0029530872655982904
cnv_depth__IBNLCO_04906__HTH-type__CDS,-0.002950616847170242,0.002950616847170242
cnv_depth__IBNLCO_03929__Gamma-glutamylputrescine__CDS,0.0029492388601026266,0.0029492388601026266
cnv_depth__IBNLCO_00848__gnl|Bakta|IBNLCO_00848__CDS,0.002949220919790873,0.002949220919790873
cnv_depth__IBNLCO_02929__4-hydroxy-tetrahydrodipicolinate__CDS,0.0029485273836097016,0.0029485273836097016
cnv_depth__IBNLCO_03694__IBNLCO_03694__gene,-0.0029474622188654493,0.0029474622188654493
cnv_depth__IBNLCO_05180__Bp2_287__gene__promoter,0.002947223171700838,0.002947223171700838
cnv_depth__IBNLCO_00604__IBNLCO_00604__gene__promoter,-0.0029447883747982452,0.0029447883747982452
cnv_depth__IBNLCO_02236__IBNLCO_02236__gene,-0.002943071284613107,0.002943071284613107
cnv_depth__IBNLCO_04117__IBNLCO_04117__gene__promoter,0.002942278735058728,0.002942278735058728
cnv_depth__IBNLCO_05207__Succinate__CDS,-0.002942077244603335,0.002942077244603335
cnv_depth__IBNLCO_03397__ATP__CDS__promoter,0.0029417785582929374,0.0029417785582929374
cnv_depth__IBNLCO_00029__fliO__gene,0.0029414013996915435,0.0029414013996915435
cnv_depth__IBNLCO_00513__IBNLCO_00513__gene,-0.002940087248019372,0.002940087248019372
cnv_depth__IBNLCO_02194__Sulfotransferase__CDS,-0.0029387079830234123,0.0029387079830234123
cnv_depth__IBNLCO_01414__IBNLCO_01414__gene,-0.0029369282228343114,0.0029369282228343114
cnv_depth__IBNLCO_00032__flagellar__CDS,0.002936824926171408,0.002936824926171408
cnv_depth__IBNLCO_03928__IBNLCO_03928__gene__promoter,0.0029367793390400352,0.0029367793390400352
cnv_depth__IBNLCO_03251__4-hydroxyphenylpyruvate__CDS__promoter,-0.002935527362133395,0.002935527362133395
cnv_depth__IBNLCO_04238__hypothetical__CDS,-0.002935250925208486,0.002935250925208486
cnv_depth__IBNLCO_00075__Beta__CDS__promoter,0.0029331502587194584,0.0029331502587194584
cnv_depth__IBNLCO_00587__IBNLCO_00587__gene__promoter,-0.0029312590727824947,0.0029312590727824947
cnv_depth__IBNLCO_01324__Polyphosphate__CDS,0.0029303913672432793,0.0029303913672432793
cnv_depth__IBNLCO_00929__uroporphyrinogen-III__CDS,-0.0029303455513973783,0.0029303455513973783
cnv_depth__IBNLCO_05070__gnl|Bakta|IBNLCO_05070__CDS,-0.0029272801008624607,0.0029272801008624607
cnv_depth__IBNLCO_05127__IBNLCO_05127__gene,-0.0029267813628585135,0.0029267813628585135
cnv_depth__IBNLCO_03321__Small__CDS__promoter,0.0029267258586622605,0.0029267258586622605
cnv_depth__IBNLCO_03320__IBNLCO_03320__gene,0.0029264127853057182,0.0029264127853057182
cnv_depth__IBNLCO_01689__IBNLCO_01689__gene,0.0029261967609543194,0.0029261967609543194
cnv_depth__IBNLCO_02631__IBNLCO_02631__gene,0.0029255296893407894,0.0029255296893407894
cnv_depth__IBNLCO_02648__Polysaccharide__CDS,-0.0029243541560979597,0.0029243541560979597
cnv_depth__IBNLCO_05748__IBNLCO_05748__gene__promoter,0.0029240520959976954,0.0029240520959976954
cnv_depth__IBNLCO_03807__IBNLCO_03807__gene,-0.0029238486564111756,0.0029238486564111756
cnv_depth__IBNLCO_00005__yciC__gene__promoter,0.0029229102132117962,0.0029229102132117962
cnv_depth__IBNLCO_05030__SctL__CDS__promoter,0.002921576120720981,0.002921576120720981
cnv_depth__IBNLCO_03579__IBNLCO_03579__gene__promoter,0.002920752825649386,0.002920752825649386
cnv_depth__IBNLCO_01263__IBNLCO_01263__gene__promoter,-0.0029202528580263227,0.0029202528580263227
cnv_depth__IBNLCO_00611__IBNLCO_00611__gene,-0.002919800165367403,0.002919800165367403
cnv_depth__IBNLCO_03124__IBNLCO_03124__gene__promoter,0.002918296211256355,0.002918296211256355
cnv_depth__IBNLCO_00461__Heme__CDS,-0.0029182351032869497,0.0029182351032869497
cnv_depth__IBNLCO_04518__IBNLCO_04518__gene,-0.002918061121135537,0.002918061121135537
cnv_depth__IBNLCO_04944__IBNLCO_04944__gene,-0.0029170561291805416,0.0029170561291805416
cnv_depth__IBNLCO_01274__Nitrite/sulfite__CDS,-0.0029169639314119574,0.0029169639314119574
cnv_depth__IBNLCO_04713__N-carbamoyl-L-amino-acid__CDS,0.0029162595493083987,0.0029162595493083987
cnv_depth__IBNLCO_03606__IBNLCO_03606__gene__promoter,-0.0029159487270422413,0.0029159487270422413
cnv_depth__IBNLCO_03064__GP-PDE__CDS,0.002915932634997393,0.002915932634997393
cnv_depth__IBNLCO_02508__Phosphoserine__CDS,-0.002914595312968247,0.002914595312968247
cnv_depth__IBNLCO_05668__IBNLCO_05668__gene,0.0029139490305914065,0.0029139490305914065
cnv_depth__IBNLCO_02891__GSH-dependent__CDS,0.002913623733119688,0.002913623733119688
cnv_depth__IBNLCO_01745__doxX__gene,-0.0029133756603679463,0.0029133756603679463
cnv_depth__IBNLCO_03242__Phenylacetate-CoA__CDS,0.002913229304488069,0.002913229304488069
cnv_depth__IBNLCO_00330__IBNLCO_00330__gene__promoter,-0.0029121662246766487,0.0029121662246766487
cnv_depth__IBNLCO_03680__hypothetical__CDS,-0.002911917697948999,0.002911917697948999
cnv_depth__IBNLCO_04947__IBNLCO_04947__gene,-0.0029106959339117245,0.0029106959339117245
cnv_depth__IBNLCO_04488__DUF1453__CDS,0.0029106199205515574,0.0029106199205515574
cnv_depth__IBNLCO_05799__hypothetical__CDS__promoter,0.0029085169835285046,0.0029085169835285046
cnv_depth__IBNLCO_00626__IBNLCO_00626__gene__promoter,-0.0029070293563210987,0.0029070293563210987
cnv_depth__IBNLCO_03456__hypothetical__CDS__promoter,0.002905565723753189,0.002905565723753189
cnv_depth__IBNLCO_04662__Cupin__CDS,-0.002902767378897709,0.002902767378897709
cnv_depth__IBNLCO_03447__IBNLCO_03447__gene__promoter,-0.0029027618126442577,0.0029027618126442577
cnv_depth__IBNLCO_03640__IBNLCO_03640__gene,0.0029018514684649066,0.0029018514684649066
cnv_depth__IBNLCO_01433__IBNLCO_01433__gene,-0.0029015165010628187,0.0029015165010628187
cnv_depth__IBNLCO_01233__RecBCD__CDS,0.002899945097657366,0.002899945097657366
cnv_depth__IBNLCO_01887__Outer__CDS__promoter,-0.0028996363677685154,0.0028996363677685154
cnv_depth__IBNLCO_05516__Outer__CDS__promoter,0.0028994325646768747,0.0028994325646768747
cnv_depth__IBNLCO_04962__hypothetical__CDS__promoter,-0.0028986474981946755,0.0028986474981946755
cnv_depth__IBNLCO_02802__IBNLCO_02802__gene__promoter,0.0028981138068399246,0.0028981138068399246
cnv_depth__IBNLCO_02271__fixL__gene__promoter,0.002897677593283887,0.002897677593283887
cnv_depth__IBNLCO_04064__IBNLCO_04064__gene__promoter,-0.0028968676779513574,0.0028968676779513574
cnv_depth__IBNLCO_05849__Putative__CDS__promoter,0.0028949726899475375,0.0028949726899475375
cnv_depth__IBNLCO_04353__HTH-type__CDS,-0.0028932185799959965,0.0028932185799959965
cnv_depth__IBNLCO_03002__Cell__CDS,0.00289276643143637,0.00289276643143637
cnv_depth__IBNLCO_05786__IBNLCO_05786__gene,0.002892203072340495,0.002892203072340495
cnv_depth__IBNLCO_00210__IBNLCO_00210__gene__promoter,-0.0028901699905790144,0.0028901699905790144
cnv_depth__IBNLCO_02551__ncS025__gene__promoter,0.0028893382730898493,0.0028893382730898493
cnv_depth__IBNLCO_03018__IBNLCO_03018__gene__promoter,0.0028887895391776497,0.0028887895391776497
cnv_depth__IBNLCO_05093__IBNLCO_05093__gene,-0.0028877463173701844,0.0028877463173701844
cnv_depth__IBNLCO_00714__IBNLCO_00714__gene,-0.002886295936720687,0.002886295936720687
cnv_depth__IBNLCO_03389__Primosomal__CDS__promoter,0.002884284948734259,0.002884284948734259
cnv_depth__IBNLCO_03465__Fumarate/nitrate__CDS,-0.0028838373485881295,0.0028838373485881295
cnv_depth__IBNLCO_03837__hypothetical__CDS,0.002882336747724046,0.002882336747724046
cnv_depth__IBNLCO_05748__IBNLCO_05748__gene,0.0028816271987554824,0.0028816271987554824
cnv_depth__IBNLCO_04172__IBNLCO_04172__gene,-0.00288144929437335,0.00288144929437335
cnv_depth__IBNLCO_03045__hypothetical__CDS__promoter,-0.0028814071947028115,0.0028814071947028115
cnv_depth__IBNLCO_03091__hypothetical__CDS,0.0028789596729728805,0.0028789596729728805
cnv_depth__IBNLCO_02007__Bifunctional__CDS,0.002878605791447997,0.002878605791447997
cnv_depth__IBNLCO_04149__two-component__CDS,-0.002873905911174585,0.002873905911174585
cnv_depth__IBNLCO_01874__IBNLCO_01874__gene,0.002873277391093065,0.002873277391093065
cnv_depth__IBNLCO_02255__Co-chaperone__CDS,-0.002872681875474663,0.002872681875474663
cnv_depth__IBNLCO_00978__IBNLCO_00978__gene__promoter,-0.0028722954776160465,0.0028722954776160465
cnv_depth__IBNLCO_04389__Recombinase-like__CDS,-0.002870231091368488,0.002870231091368488
cnv_depth__IBNLCO_02299__Putative__CDS,0.0028689242067677532,0.0028689242067677532
cnv_depth__IBNLCO_04624__IBNLCO_04624__gene,0.002868742993246839,0.002868742993246839
cnv_depth__IBNLCO_05137__IBNLCO_05137__gene,0.0028665262747520565,0.0028665262747520565
cnv_depth__IBNLCO_02937__IBNLCO_02937__gene__promoter,0.0028663897490899142,0.0028663897490899142
cnv_depth__IBNLCO_01985__Thymidylate__CDS,-0.0028645848689030405,0.0028645848689030405
cnv_depth__IBNLCO_03577__diguanylate__CDS__promoter,0.0028635310226320584,0.0028635310226320584
cnv_depth__IBNLCO_02875__IBNLCO_02875__gene__promoter,0.002862192763259799,0.002862192763259799
cnv_depth__IBNLCO_01402__Major__CDS__promoter,0.00286205915995239,0.00286205915995239
cnv_depth__IBNLCO_00504__IBNLCO_00504__gene,-0.0028616593893684623,0.0028616593893684623
cnv_depth__IBNLCO_04327__IBNLCO_04327__gene__promoter,0.0028614148210901694,0.0028614148210901694
cnv_depth__IBNLCO_02156__Malate__CDS__promoter,0.0028613324248682945,0.0028613324248682945
cnv_depth__IBNLCO_05816__Oxygen__CDS__promoter,-0.0028597623168016783,0.0028597623168016783
cnv_depth__IBNLCO_03000__pilD__gene__promoter,0.002859663693642439,0.002859663693642439
cnv_depth__IBNLCO_00325__IBNLCO_00325__gene,0.002858800639484501,0.002858800639484501
cnv_depth__IBNLCO_05715__IBNLCO_05715__gene,-0.002858324384854234,0.002858324384854234
cnv_depth__IBNLCO_04150__two-component__CDS,-0.0028573454844697194,0.0028573454844697194
cnv_depth__IBNLCO_04135__IBNLCO_04135__gene__promoter,0.0028572660178661576,0.0028572660178661576
cnv_depth__IBNLCO_04331__IBNLCO_04331__gene,-0.002855759085374366,0.002855759085374366
cnv_depth__IBNLCO_01999__selO__gene,-0.0028557480195352206,0.0028557480195352206
cnv_depth__IBNLCO_05436__oprM__gene,-0.0028557421238523174,0.0028557421238523174
cnv_depth__IBNLCO_03360__Glycine__CDS,0.002855237423133085,0.002855237423133085
cnv_depth__IBNLCO_04862__IBNLCO_04862__gene__promoter,-0.002855148522599234,0.002855148522599234
cnv_depth__IBNLCO_01670__IBNLCO_01670__gene,0.002855135445924642,0.002855135445924642
cnv_depth__IBNLCO_00466__gnl|Bakta|IBNLCO_00466__CDS,0.002851912668494968,0.002851912668494968
cnv_depth__IBNLCO_01465__IBNLCO_01465__gene,0.0028498152518652083,0.0028498152518652083
cnv_depth__IBNLCO_02264__yiaJ__gene,-0.0028473304281977333,0.0028473304281977333
cnv_depth__IBNLCO_04965__Polyketide__CDS,-0.0028466916946630707,0.0028466916946630707
cnv_depth__IBNLCO_02933__IBNLCO_02933__gene__promoter,-0.0028452809654190988,0.0028452809654190988
cnv_depth__IBNLCO_01043__Chromate__CDS__promoter,-0.0028446358705240013,0.0028446358705240013
cnv_depth__IBNLCO_04692__IBNLCO_04692__gene__promoter,-0.00284252875874849,0.00284252875874849
cnv_depth__IBNLCO_04276__Diguanylate__CDS,-0.002841114095608816,0.002841114095608816
cnv_depth__IBNLCO_04060__MFS__CDS,-0.002840857807210823,0.002840857807210823
cnv_depth__IBNLCO_03464__HTH__CDS,0.0028365282703782867,0.0028365282703782867
cnv_depth__IBNLCO_03911__IBNLCO_03911__gene__promoter,-0.002836442408537413,0.002836442408537413
cnv_depth__IBNLCO_01885__Purine__CDS__promoter,-0.0028352951428805345,0.0028352951428805345
cnv_depth__IBNLCO_05328__gnl|Bakta|IBNLCO_05328__CDS__promoter,0.002834751283598433,0.002834751283598433
cnv_depth__IBNLCO_02049__2-C-methyl-D-erythritol__CDS__promoter,-0.0028339901055295406,0.0028339901055295406
cnv_depth__IBNLCO_01987__Glycine__CDS__promoter,-0.002833633566259274,0.002833633566259274
cnv_depth__IBNLCO_03243__IBNLCO_03243__gene,-0.0028332395472899837,0.0028332395472899837
cnv_depth__IBNLCO_00195__IBNLCO_00195__gene__promoter,-0.002833126818033996,0.002833126818033996
cnv_depth__IBNLCO_04559__Magnesium__CDS__promoter,0.0028267594839814837,0.0028267594839814837
cnv_depth__IBNLCO_02647__IBNLCO_02647__gene__promoter,0.002826409853236635,0.002826409853236635
cnv_depth__IBNLCO_00102__IBNLCO_00102__gene__promoter,-0.0028250624569607853,0.0028250624569607853
cnv_depth__IBNLCO_01652__araC__gene__promoter,-0.0028248924633224206,0.0028248924633224206
cnv_depth__IBNLCO_01931__IBNLCO_01931__gene__promoter,-0.002824094094400982,0.002824094094400982
cnv_depth__IBNLCO_05248__trnI__gene,0.00282347865010472,0.00282347865010472
cnv_depth__IBNLCO_05545__gnl|Bakta|IBNLCO_05545__CDS__promoter,0.0028233728877966576,0.0028233728877966576
cnv_depth__IBNLCO_05797__DSBA-like__CDS,-0.0028226151290335864,0.0028226151290335864
cnv_depth__IBNLCO_04687__IBNLCO_04687__gene__promoter,-0.002820340984881523,0.002820340984881523
cnv_depth__IBNLCO_03132__IBNLCO_03132__gene,0.002817938825736753,0.002817938825736753
cnv_depth__IBNLCO_03353__IBNLCO_03353__gene__promoter,0.0028166342470665965,0.0028166342470665965
cnv_depth__IBNLCO_00749__IBNLCO_00749__gene,-0.0028164679403697426,0.0028164679403697426
cnv_depth__IBNLCO_02344__gnl|Bakta|IBNLCO_02344__CDS__promoter,0.00281616485740138,0.00281616485740138
cnv_depth__IBNLCO_01842__hypothetical__CDS,0.00281594567697449,0.00281594567697449
cnv_depth__IBNLCO_03244__paaC__gene__promoter,-0.002815886278025315,0.002815886278025315
cnv_depth__IBNLCO_00510__IBNLCO_00510__gene,-0.0028153704938175257,0.0028153704938175257
cnv_depth__IBNLCO_00368__8-amino-7-oxononanoate__CDS__promoter,-0.00281183114739865,0.00281183114739865
cnv_depth__IBNLCO_04829__IBNLCO_04829__gene__promoter,-0.002810702386061681,0.002810702386061681
cnv_depth__IBNLCO_05616__ureidoglycolate__CDS,-0.0028105663869071444,0.0028105663869071444
cnv_depth__IBNLCO_04661__Carboxymuconolactone__CDS,0.0028099227822786215,0.0028099227822786215
cnv_depth__IBNLCO_03122__IBNLCO_03122__gene__promoter,0.002808852452396419,0.002808852452396419
cnv_depth__IBNLCO_01997__IBNLCO_01997__gene,-0.0028075148731350626,0.0028075148731350626
cnv_depth__IBNLCO_03414__ncS01__gene,0.00280558747439816,0.00280558747439816
cnv_depth__IBNLCO_03869__IBNLCO_03869__gene__promoter,-0.0028052098857244572,0.0028052098857244572
cnv_depth__IBNLCO_03267__2-hydroxy-3-oxopropionate__CDS__promoter,0.0028047037018756444,0.0028047037018756444
cnv_depth__IBNLCO_03858__hypothetical__CDS,0.002801623074446639,0.002801623074446639
cnv_depth__IBNLCO_00088__YaeQ__CDS__promoter,0.002800394773519263,0.002800394773519263
cnv_depth__IBNLCO_02519__IBNLCO_02519__gene,-0.0027995354254612193,0.0027995354254612193
cnv_depth__IBNLCO_01439__IBNLCO_01439__gene,-0.0027973575932127206,0.0027973575932127206
cnv_depth__IBNLCO_00070__Transmembrane__CDS,0.0027963902369793434,0.0027963902369793434
cnv_depth__IBNLCO_04905__IBNLCO_04905__gene__promoter,0.00279612689775851,0.00279612689775851
cnv_depth__IBNLCO_05795__Major__CDS,-0.0027958797137953243,0.0027958797137953243
cnv_depth__IBNLCO_00411__UPF0250__CDS__promoter,0.002795638084756623,0.002795638084756623
cnv_depth__IBNLCO_05764__Major__CDS__promoter,0.0027942069887508716,0.0027942069887508716
cnv_depth__IBNLCO_04423__IBNLCO_04423__gene__promoter,0.002794076326954002,0.002794076326954002
cnv_depth__IBNLCO_04265__YadA-like__CDS__promoter,0.0027939247748014107,0.0027939247748014107
cnv_depth__IBNLCO_00554__IBNLCO_00554__gene__promoter,0.0027929420739321352,0.0027929420739321352
cnv_depth__IBNLCO_05552__AB__CDS__promoter,-0.0027910637217798445,0.0027910637217798445
cnv_depth__IBNLCO_00273__flgH__gene,0.0027905725331591746,0.0027905725331591746
cnv_depth__IBNLCO_01585__IBNLCO_01585__gene,-0.002790184386156871,0.002790184386156871
cnv_depth__IBNLCO_02898__gnl|Bakta|IBNLCO_02898__CDS__promoter,-0.0027893511788709023,0.0027893511788709023
cnv_depth__IBNLCO_01942__IBNLCO_01942__gene,-0.00278856025548053,0.00278856025548053
cnv_depth__IBNLCO_04787__IBNLCO_04787__gene__promoter,-0.002788506948311336,0.002788506948311336
cnv_depth__IBNLCO_03450__3-hydroxybutyrate__CDS__promoter,0.0027882767340425686,0.0027882767340425686
cnv_depth__IBNLCO_04097__IBNLCO_04097__gene__promoter,-0.0027882323256888937,0.0027882323256888937
cnv_depth__IBNLCO_04300__DOT1__CDS,0.0027878340916706055,0.0027878340916706055
cnv_depth__IBNLCO_03327__IBNLCO_03327__gene__promoter,0.002786885026481276,0.002786885026481276
cnv_depth__IBNLCO_02524__hypothetical__CDS,-0.0027863203884794306,0.0027863203884794306
cnv_depth__IBNLCO_03468__IBNLCO_03468__gene__promoter,0.002786223826966079,0.002786223826966079
cnv_depth__IBNLCO_02005__Phosphoribosylformylglycinamidine__CDS,-0.0027842669609970307,0.0027842669609970307
cnv_depth__IBNLCO_02744__tolQ__gene,0.0027815298064327813,0.0027815298064327813
cnv_depth__IBNLCO_00059__IBNLCO_00059__gene__promoter,0.002777326658093922,0.002777326658093922
cnv_depth__IBNLCO_04122__IBNLCO_04122__gene__promoter,0.0027768684807919597,0.0027768684807919597
cnv_depth__IBNLCO_02366__N-succinylarginine__CDS,-0.002775042314740513,0.002775042314740513
cnv_depth__IBNLCO_00032__flagellar__CDS__promoter,-0.0027746132511655233,0.0027746132511655233
cnv_depth__IBNLCO_05297__araC__gene,-0.002771279604497628,0.002771279604497628
cnv_depth__IBNLCO_03201__Large__CDS,0.002771208712186451,0.002771208712186451
cnv_depth__IBNLCO_04677__IBNLCO_04677__gene,-0.0027708566606196,0.0027708566606196
cnv_depth__IBNLCO_02734__IBNLCO_02734__gene__promoter,0.002770452000935507,0.002770452000935507
cnv_depth__IBNLCO_02756__gnl|Bakta|IBNLCO_02756__CDS,0.0027702609971543297,0.0027702609971543297
cnv_depth__IBNLCO_00463__ctaB__gene__promoter,0.002769676394177208,0.002769676394177208
cnv_depth__IBNLCO_04952__hypothetical__CDS,-0.002769541863675226,0.002769541863675226
cnv_depth__IBNLCO_04903__IBNLCO_04903__gene__promoter,-0.0027686982199015635,0.0027686982199015635
cnv_depth__IBNLCO_03809__Phosphonoacetaldehyde__CDS__promoter,-0.002768548212730587,0.002768548212730587
cnv_depth__IBNLCO_03221__30S__CDS,0.0027678518362722064,0.0027678518362722064
cnv_depth__IBNLCO_04554__IBNLCO_04554__gene,-0.0027677087231404718,0.0027677087231404718
cnv_depth__IBNLCO_01221__IBNLCO_01221__gene__promoter,-0.0027672964878984285,0.0027672964878984285
cnv_depth__IBNLCO_05251__Transamidase__CDS__promoter,0.002766335783928601,0.002766335783928601
cnv_depth__IBNLCO_05834__IBNLCO_05834__gene__promoter,-0.002765525136950357,0.002765525136950357
cnv_depth__IBNLCO_03951__Chitin-binding__CDS__promoter,0.0027653597595155926,0.0027653597595155926
cnv_depth__IBNLCO_00993__gnl|Bakta|IBNLCO_00993__CDS,-0.00276424107348886,0.00276424107348886
cnv_depth__IBNLCO_01524__Multidrug__CDS__promoter,0.002763867861929322,0.002763867861929322
cnv_depth__IBNLCO_03528__hypothetical__CDS__promoter,-0.0027616705658295255,0.0027616705658295255
cnv_depth__IBNLCO_02051__Transcription-repair-coupling__CDS__promoter,-0.0027596072680402994,0.0027596072680402994
cnv_depth__IBNLCO_03352__trnR__gene__promoter,0.0027591446219408684,0.0027591446219408684
cnv_depth__IBNLCO_03924__ydcV__gene__promoter,0.0027566867947356015,0.0027566867947356015
cnv_depth__IBNLCO_01955__hypothetical__CDS,0.002756554378372302,0.002756554378372302
cnv_depth__IBNLCO_00287__IBNLCO_00287__gene__promoter,-0.0027563246782826697,0.0027563246782826697
cnv_depth__IBNLCO_00896__IBNLCO_00896__gene__promoter,-0.0027562194140496226,0.0027562194140496226
cnv_depth__IBNLCO_02911__Glutamate/aspartate__CDS,-0.0027559188521829297,0.0027559188521829297
cnv_depth__IBNLCO_02976__Adenosine__CDS,0.0027550301527785683,0.0027550301527785683
cnv_depth__IBNLCO_01977__Glycosyl__CDS,-0.0027523197763643843,0.0027523197763643843
cnv_depth__IBNLCO_03626__Pentapeptide__CDS__promoter,0.002749460106377681,0.002749460106377681
cnv_depth__IBNLCO_02142__radA__gene__promoter,0.0027487355564684303,0.0027487355564684303
cnv_depth__IBNLCO_00073__IBNLCO_00073__gene,0.0027485932159707197,0.0027485932159707197
cnv_depth__IBNLCO_02973__Ribosomal__CDS__promoter,0.0027438208403873995,0.0027438208403873995
cnv_depth__IBNLCO_02606__nusB__gene__promoter,0.0027437215479033197,0.0027437215479033197
cnv_depth__IBNLCO_04993__type__CDS__promoter,-0.002742702743332388,0.002742702743332388
cnv_depth__IBNLCO_05276__IBNLCO_05276__gene,0.0027407890331003315,0.0027407890331003315
cnv_depth__IBNLCO_05123__MaoC__CDS__promoter,-0.0027403282695681336,0.0027403282695681336
cnv_depth__IBNLCO_04747__Pseudomonas__ncRNA,-0.0027396459836156115,0.0027396459836156115
cnv_depth__IBNLCO_03079__Putative__CDS__promoter,0.002739260618231324,0.002739260618231324
cnv_depth__IBNLCO_03429__IBNLCO_03429__gene__promoter,0.002736694939340946,0.002736694939340946
cnv_depth__IBNLCO_03278__IBNLCO_03278__gene__promoter,0.002734655346287177,0.002734655346287177
cnv_depth__IBNLCO_02459__hypothetical__CDS__promoter,0.0027338086321900767,0.0027338086321900767
cnv_depth__IBNLCO_02595__Glutamate__CDS,-0.00273374598910781,0.00273374598910781
cnv_depth__unknown__unknown__regulatory.14,-0.002732294683404039,0.002732294683404039
cnv_depth__IBNLCO_01370__IBNLCO_01370__gene,-0.00273226164657082,0.00273226164657082
cnv_depth__IBNLCO_01851__HTH__CDS,-0.002732116557394589,0.002732116557394589
cnv_depth__IBNLCO_04069__phosphoenolpyruvate__CDS__promoter,0.0027311504460039147,0.0027311504460039147
cnv_depth__IBNLCO_01530__IBNLCO_01530__gene__promoter,-0.0027302409081816,0.0027302409081816
cnv_depth__IBNLCO_01273__IBNLCO_01273__gene__promoter,-0.002730149022403569,0.002730149022403569
cnv_depth__IBNLCO_03192__Small__CDS,0.002727702693089029,0.002727702693089029
cnv_depth__IBNLCO_00065__IBNLCO_00065__gene,-0.002727234481876287,0.002727234481876287
cnv_depth__IBNLCO_05778__Conjugal__CDS__promoter,0.0027257118715927173,0.0027257118715927173
cnv_depth__IBNLCO_01411__luxR__gene,0.0027251404690496303,0.0027251404690496303
cnv_depth__IBNLCO_00307__IBNLCO_00307__gene,0.0027236659483022654,0.0027236659483022654
cnv_depth__IBNLCO_04731__hypothetical__CDS,-0.002723559755683928,0.002723559755683928
cnv_depth__IBNLCO_04706__uroporphyrinogen-III__CDS,0.0027221639725462684,0.0027221639725462684
cnv_depth__IBNLCO_01928__IBNLCO_01928__gene__promoter,0.0027219083864393934,0.0027219083864393934
cnv_depth__IBNLCO_02985__IBNLCO_02985__gene,0.002719909769351854,0.002719909769351854
cnv_depth__IBNLCO_04904__Aspartyl/asparaginy/proline__CDS__promoter,-0.0027197116893937973,0.0027197116893937973
cnv_depth__IBNLCO_04113__IBNLCO_04113__gene__promoter,-0.002719057723654586,0.002719057723654586
cnv_depth__IBNLCO_01683__hypothetical__CDS__promoter,-0.0027181299995991995,0.0027181299995991995
cnv_depth__IBNLCO_02386__IBNLCO_02386__gene__promoter,-0.002717201596212035,0.002717201596212035
cnv_depth__IBNLCO_04147__Dimethyl-sulfide__CDS,-0.00271642817687142,0.00271642817687142
cnv_depth__IBNLCO_00443__IBNLCO_00443__gene,0.002715146456946739,0.002715146456946739
cnv_depth__IBNLCO_00408__IBNLCO_00408__gene,-0.0027144099056547874,0.0027144099056547874
cnv_depth__IBNLCO_02887__Phosphoglycerate__CDS,-0.0027135952814315387,0.0027135952814315387
cnv_depth__IBNLCO_02878__IBNLCO_02878__gene,-0.00271270186979706,0.00271270186979706
cnv_depth__IBNLCO_03006__argJ__gene__promoter,-0.002712645211764645,0.002712645211764645
cnv_depth__IBNLCO_00336__IBNLCO_00336__gene__promoter,-0.0027123947659792287,0.0027123947659792287
cnv_depth__IBNLCO_03611__IBNLCO_03611__gene,-0.002712223739861571,0.002712223739861571
cnv_depth__IBNLCO_03415__IBNLCO_03415__gene,0.0027113002099219256,0.0027113002099219256
cnv_depth__IBNLCO_03932__Gamma-glutamyl-gamma-aminobutyraldehyde__CDS,-0.0027107004514577257,0.0027107004514577257
cnv_depth__IBNLCO_00040__Transcriptional__CDS,-0.0027101724366146067,0.0027101724366146067
cnv_depth__IBNLCO_01435__ABC__CDS__promoter,0.00270955089119806,0.00270955089119806
cnv_depth__IBNLCO_02442__rmuC__gene__promoter,-0.0027091060981458428,0.0027091060981458428
cnv_depth__IBNLCO_02327__Hydrolase__CDS__promoter,-0.002707256858737502,0.002707256858737502
cnv_depth__IBNLCO_01357__IBNLCO_01357__gene__promoter,-0.0027072247912299434,0.0027072247912299434
cnv_depth__IBNLCO_00524__IBNLCO_00524__gene__promoter,0.0027067002624471376,0.0027067002624471376
cnv_depth__IBNLCO_00990__Inorganic__CDS,-0.0027057794529156847,0.0027057794529156847
cnv_depth__IBNLCO_05599__FHA-family__CDS__promoter,-0.002705107506381807,0.002705107506381807
cnv_depth__IBNLCO_00352__IBNLCO_00352__gene__promoter,0.0027045064785278447,0.0027045064785278447
cnv_depth__IBNLCO_04489__Histidine__CDS,-0.0027039252902319962,0.0027039252902319962
cnv_depth__IBNLCO_00723__atsR__gene__promoter,0.002703143299082346,0.002703143299082346
cnv_depth__IBNLCO_01954__IBNLCO_01954__gene__promoter,-0.002702913431918863,0.002702913431918863
cnv_depth__IBNLCO_05832__IBNLCO_05832__gene,0.002700082293820621,0.002700082293820621
cnv_depth__IBNLCO_05357__DUF3472__CDS__promoter,0.0026996103246961422,0.0026996103246961422
cnv_depth__IBNLCO_04280__IBNLCO_04280__gene,0.0026992898620136468,0.0026992898620136468
cnv_depth__IBNLCO_04173__hypothetical__CDS__promoter,-0.0026980614306813633,0.0026980614306813633
cnv_depth__IBNLCO_00042__IBNLCO_00042__gene,0.0026976699705753963,0.0026976699705753963
cnv_depth__IBNLCO_00211__IBNLCO_00211__gene,0.0026969592976838616,0.0026969592976838616
cnv_depth__IBNLCO_03090__IBNLCO_03090__gene,-0.002696026153260337,0.002696026153260337
cnv_depth__IBNLCO_05063__IBNLCO_05063__gene__promoter,-0.0026959283330163083,0.0026959283330163083
cnv_depth__IBNLCO_00232__PepSY-associated__CDS__promoter,0.0026947869210898635,0.0026947869210898635
cnv_depth__IBNLCO_04718__IBNLCO_04718__gene,0.002694621669739065,0.002694621669739065
cnv_depth__IBNLCO_03284__IBNLCO_03284__gene__promoter,0.002694184058022593,0.002694184058022593
cnv_depth__IBNLCO_01340__Acetyl-coenzyme__CDS,-0.0026941180951370945,0.0026941180951370945
cnv_depth__IBNLCO_03774__IBNLCO_03774__gene__promoter,0.0026925774234833662,0.0026925774234833662
cnv_depth__IBNLCO_00809__Mannitol__CDS,-0.00269199969939411,0.00269199969939411
cnv_depth__IBNLCO_04645__Chlorinating__CDS,0.0026915509057732732,0.0026915509057732732
cnv_depth__IBNLCO_05073__hypothetical__CDS,0.002687732744268119,0.002687732744268119
cnv_depth__IBNLCO_03036__IBNLCO_03036__gene__promoter,-0.0026875263350185294,0.0026875263350185294
cnv_depth__IBNLCO_00960__Pantothenate__CDS__promoter,-0.0026873669123998675,0.0026873669123998675
cnv_depth__IBNLCO_03012__Cell__CDS,0.0026868905227339615,0.0026868905227339615
cnv_depth__IBNLCO_00984__IBNLCO_00984__gene,-0.0026867665291401234,0.0026867665291401234
cnv_depth__IBNLCO_01991__IBNLCO_01991__gene,-0.0026850450506161892,0.0026850450506161892
cnv_depth__IBNLCO_00018__IBNLCO_00018__gene,0.002684754812711251,0.002684754812711251
cnv_depth__IBNLCO_00576__IBNLCO_00576__gene,0.0026846101765403444,0.0026846101765403444
cnv_depth__IBNLCO_05659__IBNLCO_05659__gene__promoter,-0.002681737654155323,0.002681737654155323
cnv_depth__IBNLCO_05431__Putative__CDS__promoter,0.0026815108145019423,0.0026815108145019423
cnv_depth__IBNLCO_04654__Nonribosomal__CDS__promoter,-0.0026791546583685537,0.0026791546583685537
cnv_depth__IBNLCO_02117__Zinc__CDS,-0.0026775321185193704,0.0026775321185193704
cnv_depth__IBNLCO_03075__IBNLCO_03075__gene,0.0026766742440382098,0.0026766742440382098
cnv_depth__IBNLCO_04658__Exported__CDS__promoter,0.0026761974888764428,0.0026761974888764428
cnv_depth__IBNLCO_04062__Bacteriophage__CDS__promoter,0.002675356741315915,0.002675356741315915
cnv_depth__IBNLCO_02019__trnV__gene__promoter,-0.002675136989773278,0.002675136989773278
cnv_depth__IBNLCO_05504__IBNLCO_05504__gene__promoter,-0.0026729249249648284,0.0026729249249648284
cnv_depth__IBNLCO_05617__Transcriptional__CDS__promoter,0.0026674369804494495,0.0026674369804494495
cnv_depth__IBNLCO_01308__Uncharacterized__CDS,-0.0026667381414170166,0.0026667381414170166
cnv_depth__IBNLCO_05405__Benzoate__CDS__promoter,0.002665936158288265,0.002665936158288265
cnv_depth__IBNLCO_00429__gnl|Bakta|IBNLCO_00429__CDS__promoter,0.002665186714303046,0.002665186714303046
cnv_depth__IBNLCO_05582__IBNLCO_05582__gene,-0.002664680880550415,0.002664680880550415
cnv_depth__IBNLCO_00635__Dihydroneopterin__CDS__promoter,0.0026629409833864863,0.0026629409833864863
cnv_depth__IBNLCO_03402__ATP__CDS__promoter,-0.0026627695578377427,0.0026627695578377427
cnv_depth__IBNLCO_03732__IBNLCO_03732__gene,0.0026619183517949158,0.0026619183517949158
cnv_depth__IBNLCO_00521__IBNLCO_00521__gene,-0.002661399792213992,0.002661399792213992
cnv_depth__IBNLCO_03651__2-methylisocitrate__CDS,0.0026604745420428406,0.0026604745420428406
cnv_depth__IBNLCO_02586__ugpC__gene__promoter,-0.0026597399951173487,0.0026597399951173487
cnv_depth__IBNLCO_04778__gsiB__gene__promoter,-0.002659239794900347,0.002659239794900347
cnv_depth__IBNLCO_00285__IBNLCO_00285__gene__promoter,0.0026588868756690447,0.0026588868756690447
cnv_depth__IBNLCO_02084__IBNLCO_02084__gene__promoter,0.002658857210255255,0.002658857210255255
cnv_depth__IBNLCO_02618__IBNLCO_02618__gene__promoter,-0.00265519555746701,0.00265519555746701
cnv_depth__IBNLCO_02965__IBNLCO_02965__gene,-0.0026549337743492444,0.0026549337743492444
cnv_depth__IBNLCO_00025__LrgB__CDS__promoter,0.002648379158113084,0.002648379158113084
cnv_depth__IBNLCO_03399__IBNLCO_03399__gene,-0.002645186828873475,0.002645186828873475
cnv_depth__IBNLCO_00079__yidC__gene,0.0026448512821564663,0.0026448512821564663
cnv_depth__IBNLCO_01448__tusA__gene,-0.002642277276391973,0.002642277276391973
cnv_depth__IBNLCO_05222__Tyrosinase__CDS,0.002638939236558413,0.002638939236558413
cnv_depth__IBNLCO_03617__clpB__gene,0.002638231739846629,0.002638231739846629
cnv_depth__IBNLCO_02766__Phosphatidic__CDS__promoter,0.002638120248557728,0.002638120248557728
cnv_depth__IBNLCO_03975__tssC1__gene__promoter,0.002636759256876799,0.002636759256876799
cnv_depth__IBNLCO_02895__IBNLCO_02895__gene,0.002636532647673147,0.002636532647673147
cnv_depth__IBNLCO_02279__IBNLCO_02279__gene,-0.0026362068890208312,0.0026362068890208312
cnv_depth__IBNLCO_04986__vgrG5__gene,-0.002635154021901829,0.002635154021901829
cnv_depth__IBNLCO_00031__flagellar__CDS__promoter,-0.002633368104477207,0.002633368104477207
cnv_depth__IBNLCO_00072__IBNLCO_00072__gene,0.0026333058154396818,0.0026333058154396818
cnv_depth__IBNLCO_03927__Putrescine-binding__CDS,0.0026331140607064028,0.0026331140607064028
cnv_depth__IBNLCO_02253__IBNLCO_02253__gene,-0.0026309805836410966,0.0026309805836410966
cnv_depth__IBNLCO_05674__IBNLCO_05674__gene__promoter,0.0026290362174181065,0.0026290362174181065
cnv_depth__IBNLCO_03840__gnl|Bakta|IBNLCO_03840__CDS,0.0026265761381340886,0.0026265761381340886
cnv_depth__IBNLCO_02750__trnK__gene__promoter,-0.002626268784267674,0.002626268784267674
cnv_depth__IBNLCO_03393__Bp1_781__gene__promoter,0.002625302860335742,0.002625302860335742
cnv_depth__IBNLCO_01747__Transmembrane__CDS__promoter,-0.0026250458355778676,0.0026250458355778676
cnv_depth__IBNLCO_01916__Protein-L-isoaspartate__CDS,0.0026231696178679147,0.0026231696178679147
cnv_depth__IBNLCO_04601__IBNLCO_04601__gene,-0.0026229497981561218,0.0026229497981561218
cnv_depth__IBNLCO_05854__IBNLCO_05854__gene,0.002622818873592483,0.002622818873592483
cnv_depth__IBNLCO_04762__IBNLCO_04762__gene,-0.002621233634754562,0.002621233634754562
cnv_depth__IBNLCO_04339__IBNLCO_04339__gene__promoter,0.0026210781088812827,0.0026210781088812827
cnv_depth__IBNLCO_00595__IBNLCO_00595__gene__promoter,-0.0026204647865808797,0.0026204647865808797
cnv_depth__IBNLCO_02247__rpfE__gene,0.0026203851462491467,0.0026203851462491467
cnv_depth__IBNLCO_03248__TetR/AcrR__CDS__promoter,0.0026196996683568985,0.0026196996683568985
cnv_depth__IBNLCO_01692__IBNLCO_01692__gene,-0.0026188956662325518,0.0026188956662325518
cnv_depth__IBNLCO_00984__Porphobilinogen__CDS__promoter,0.002618210907750999,0.002618210907750999
cnv_depth__IBNLCO_02233__Alpha/beta__CDS,-0.0026180314262186834,0.0026180314262186834
cnv_depth__IBNLCO_04072__Peptidase__CDS,0.0026174192154128084,0.0026174192154128084
cnv_depth__IBNLCO_05716__IBNLCO_05716__gene,-0.002615072932106057,0.002615072932106057
cnv_depth__IBNLCO_01518__Bp1_162__gene__promoter,-0.002614639594890193,0.002614639594890193
cnv_depth__IBNLCO_04417__Haloacetate__CDS,-0.0026128082341046366,0.0026128082341046366
cnv_depth__IBNLCO_03325__IBNLCO_03325__gene,-0.002609132549311014,0.002609132549311014
cnv_depth__IBNLCO_00556__IBNLCO_00556__gene,0.002608748162609485,0.002608748162609485
cnv_depth__IBNLCO_01720__IBNLCO_01720__gene,-0.0026083619824992825,0.0026083619824992825
cnv_depth__IBNLCO_02733__Putative__CDS,0.002607802459646434,0.002607802459646434
cnv_depth__IBNLCO_00175__IBNLCO_00175__gene,0.0026074041179730296,0.0026074041179730296
cnv_depth__IBNLCO_05206__FAD__CDS,0.0026047618821760203,0.0026047618821760203
cnv_depth__IBNLCO_03094__Protein__CDS,0.002604744431521356,0.002604744431521356
cnv_depth__IBNLCO_00262__IBNLCO_00262__gene,-0.0026040720185335,0.0026040720185335
cnv_depth__IBNLCO_03582__Periplasmic__CDS__promoter,0.0026040175837282746,0.0026040175837282746
cnv_depth__IBNLCO_04021__IBNLCO_04021__gene,-0.002602674795615023,0.002602674795615023
cnv_depth__IBNLCO_04330__DUF3088__CDS__promoter,-0.0026026001866890306,0.0026026001866890306
cnv_depth__IBNLCO_03378__padR__gene__promoter,0.002602248825834881,0.002602248825834881
cnv_depth__IBNLCO_02029__IBNLCO_02029__gene,0.002601690014629392,0.002601690014629392
cnv_depth__IBNLCO_00254__5-oxoprolinase__CDS,-0.002601176383407132,0.002601176383407132
cnv_depth__IBNLCO_04194__hypothetical__CDS__promoter,-0.00260105889500716,0.00260105889500716
cnv_depth__IBNLCO_04259__Altronate__CDS__promoter,-0.002597902921203752,0.002597902921203752
cnv_depth__IBNLCO_03920__Methyl-accepting__CDS,-0.002597573990108825,0.002597573990108825
cnv_depth__IBNLCO_05594__Type__CDS,-0.002596966397458683,0.002596966397458683
cnv_depth__IBNLCO_00176__mrdB__gene,0.002596145536190459,0.002596145536190459
cnv_depth__IBNLCO_02511__OmpA-like__CDS,0.0025951770243630326,0.0025951770243630326
cnv_depth__IBNLCO_05722__IBNLCO_05722__gene__promoter,0.002594806647102146,0.002594806647102146
cnv_depth__IBNLCO_00122__trnF__gene,0.0025940915297339123,0.0025940915297339123
cnv_depth__IBNLCO_02564__IBNLCO_02564__gene__promoter,0.0025931631889352046,0.0025931631889352046
cnv_depth__IBNLCO_05512__IBNLCO_05512__gene__promoter,0.002592959540413944,0.002592959540413944
cnv_depth__IBNLCO_00527__Outer-membrane__CDS__promoter,0.0025927964152333096,0.0025927964152333096
cnv_depth__IBNLCO_01687__IBNLCO_01687__gene__promoter,-0.002592060171615761,0.002592060171615761
cnv_depth__IBNLCO_05846__histidine__CDS,0.002591856009183023,0.002591856009183023
cnv_depth__IBNLCO_05505__DUF411__CDS,-0.0025910303131246597,0.0025910303131246597
cnv_depth__IBNLCO_00370__IBNLCO_00370__gene,-0.00259098944395733,0.00259098944395733
cnv_depth__IBNLCO_03482__4-hydroxybenzoate__CDS,-0.002589713352503472,0.002589713352503472
cnv_depth__IBNLCO_01277__IBNLCO_01277__gene__promoter,0.002588248907292366,0.002588248907292366
cnv_depth__IBNLCO_03141__IBNLCO_03141__gene__promoter,-0.0025869436927243995,0.0025869436927243995
cnv_depth__IBNLCO_03079__IBNLCO_03079__gene,0.0025868651922767777,0.0025868651922767777
cnv_depth__IBNLCO_00825__gnl|Bakta|IBNLCO_00825__CDS,-0.002586748586387114,0.002586748586387114
cnv_depth__IBNLCO_03096__Peptidase__CDS,-0.0025825548663678806,0.0025825548663678806
cnv_depth__IBNLCO_01981__gnl|Bakta|IBNLCO_01981__CDS,-0.0025824025191409743,0.0025824025191409743
cnv_depth__IBNLCO_05178__Mannose-6-phosphate__CDS,0.002581739488806583,0.002581739488806583
cnv_depth__IBNLCO_05228__potB__gene,-0.0025816265055005833,0.0025816265055005833
cnv_depth__IBNLCO_00555__IBNLCO_00555__gene__promoter,0.0025810078376391344,0.0025810078376391344
cnv_depth__IBNLCO_02561__dITP/XTP__CDS__promoter,-0.002580544187725446,0.002580544187725446
cnv_depth__IBNLCO_02825__FAD-binding__CDS__promoter,0.0025784788720388803,0.0025784788720388803
cnv_depth__IBNLCO_02312__IBNLCO_02312__gene,0.0025773529824101686,0.0025773529824101686
cnv_depth__IBNLCO_05264__IBNLCO_05264__gene,0.002577293446741148,0.002577293446741148
cnv_depth__IBNLCO_04983__Type__CDS,0.0025738131088545026,0.0025738131088545026
cnv_depth__IBNLCO_01897__IBNLCO_01897__gene__promoter,-0.002573702886729665,0.002573702886729665
cnv_depth__IBNLCO_03107__Type__CDS__promoter,0.00257301620725218,0.00257301620725218
cnv_depth__IBNLCO_04431__FAD__CDS__promoter,0.002571168734828999,0.002571168734828999
cnv_depth__IBNLCO_04202__DNA-binding__CDS__promoter,0.002570821426570577,0.002570821426570577
cnv_depth__IBNLCO_05042__gnl|Bakta|IBNLCO_05042__CDS__promoter,-0.0025700448993608255,0.0025700448993608255
cnv_depth__IBNLCO_03388__hypothetical__CDS,0.0025695351313043493,0.0025695351313043493
cnv_depth__IBNLCO_01322__phoB__gene__promoter,0.002569058070024281,0.002569058070024281
cnv_depth__IBNLCO_00554__IBNLCO_00554__gene,0.0025683300561373814,0.0025683300561373814
cnv_depth__IBNLCO_00214__Major__CDS,0.0025675750050010784,0.0025675750050010784
cnv_depth__IBNLCO_05246__Membrane__CDS__promoter,0.002567269586114462,0.002567269586114462
cnv_depth__IBNLCO_04461__IBNLCO_04461__gene,-0.0025669006383639372,0.0025669006383639372
cnv_depth__IBNLCO_01281__IBNLCO_01281__gene__promoter,0.0025667443096210364,0.0025667443096210364
cnv_depth__IBNLCO_05198__IBNLCO_05198__gene__promoter,0.002565887135225652,0.002565887135225652
cnv_depth__IBNLCO_02907__hypothetical__CDS__promoter,0.0025653162942741517,0.0025653162942741517
cnv_depth__IBNLCO_01378__IBNLCO_01378__gene,0.0025643545586996118,0.0025643545586996118
cnv_depth__IBNLCO_05440__IBNLCO_05440__gene__promoter,-0.002564202142890408,0.002564202142890408
cnv_depth__IBNLCO_05680__IBNLCO_05680__gene__promoter,-0.0025638693588534525,0.0025638693588534525
cnv_depth__IBNLCO_03409__ABC__CDS__promoter,0.0025634625372537006,0.0025634625372537006
cnv_depth__IBNLCO_04795__IBNLCO_04795__gene,-0.002563161963181602,0.002563161963181602
cnv_depth__IBNLCO_03159__Glutamate__CDS__promoter,-0.002562761128899709,0.002562761128899709
cnv_depth__IBNLCO_03612__tssK__gene,-0.002562611273487227,0.002562611273487227
cnv_depth__IBNLCO_05443__IBNLCO_05443__gene__promoter,0.0025617683194610512,0.0025617683194610512
cnv_depth__IBNLCO_01576__Aspartate/glutamate__CDS,-0.0025607578953896694,0.0025607578953896694
cnv_depth__IBNLCO_03387__Bifunctional__CDS,0.0025593842659664212,0.0025593842659664212
cnv_depth__IBNLCO_00013__IBNLCO_00013__gene,-0.0025590776822071743,0.0025590776822071743
cnv_depth__IBNLCO_05172__IBNLCO_05172__gene,0.0025588837541004722,0.0025588837541004722
cnv_depth__IBNLCO_03629__IBNLCO_03629__gene__promoter,-0.0025586385239967178,0.0025586385239967178
cnv_depth__IBNLCO_00106__trnK__gene,0.002558377502296543,0.002558377502296543
cnv_depth__IBNLCO_05317__hypothetical__CDS,0.002558169261316876,0.002558169261316876
cnv_depth__IBNLCO_02439__IBNLCO_02439__gene__promoter,0.0025576368860264005,0.0025576368860264005
cnv_depth__IBNLCO_03870__hypothetical__CDS,-0.002557375389262753,0.002557375389262753
cnv_depth__IBNLCO_01911__rlmD__gene__promoter,0.0025561091019161283,0.0025561091019161283
cnv_depth__IBNLCO_02602__Riboflavin__CDS,-0.0025554814956454124,0.0025554814956454124
cnv_depth__IBNLCO_05245__IBNLCO_05245__gene__promoter,0.002554267780796095,0.002554267780796095
cnv_depth__IBNLCO_03915__RND__CDS__promoter,-0.0025534199687930366,0.0025534199687930366
cnv_depth__IBNLCO_03665__mgtC__gene__promoter,-0.002552602292757875,0.002552602292757875
cnv_depth__IBNLCO_05818__tenA__gene,0.0025512464214970695,0.0025512464214970695
cnv_depth__IBNLCO_05776__IBNLCO_05776__gene,0.002550953407870534,0.002550953407870534
cnv_depth__IBNLCO_00978__Pili__CDS,-0.0025504559789362256,0.0025504559789362256
cnv_depth__IBNLCO_04808__gnl|Bakta|IBNLCO_04808__CDS__promoter,-0.0025501077519364946,0.0025501077519364946
cnv_depth__IBNLCO_02628__Protein-L-isoaspartate__CDS,-0.0025488257511153095,0.0025488257511153095
cnv_depth__IBNLCO_01416__IBNLCO_01416__gene,-0.0025486057982291935,0.0025486057982291935
cnv_depth__IBNLCO_01650__Microcin__CDS,-0.0025435701934252027,0.0025435701934252027
cnv_depth__IBNLCO_04604__hypothetical__CDS,-0.002542353148901467,0.002542353148901467
cnv_depth__IBNLCO_03457__Cytochrome__CDS,0.002542318700964137,0.002542318700964137
cnv_depth__IBNLCO_02136__Succinyl-diaminopimelate__CDS__promoter,0.0025412609834322606,0.0025412609834322606
cnv_depth__IBNLCO_01699__yfcG__gene,-0.002541085550116869,0.002541085550116869
cnv_depth__IBNLCO_04834__IBNLCO_04834__gene__promoter,-0.002540239980738963,0.002540239980738963
cnv_depth__IBNLCO_03908__IBNLCO_03908__gene__promoter,0.0025394805363907107,0.0025394805363907107
cnv_depth__IBNLCO_01025__DUF982__CDS,0.0025388748258113377,0.0025388748258113377
cnv_depth__IBNLCO_01903__Outer__CDS__promoter,0.0025379808569291067,0.0025379808569291067
cnv_depth__IBNLCO_04224__IBNLCO_04224__gene__promoter,-0.002536111459776772,0.002536111459776772
cnv_depth__IBNLCO_00928__sulfate__CDS,-0.0025353085254640434,0.0025353085254640434
cnv_depth__IBNLCO_04033__IBNLCO_04033__gene__promoter,-0.002534961570052787,0.002534961570052787
cnv_depth__IBNLCO_05153__Formate__CDS,0.0025341677513216945,0.0025341677513216945
cnv_depth__IBNLCO_04610__Alkyl__CDS,0.0025341105681658256,0.0025341105681658256
cnv_depth__IBNLCO_05373__wspA__gene,-0.002532695446969114,0.002532695446969114
cnv_depth__IBNLCO_05633__IBNLCO_05633__gene__promoter,0.0025312526813222463,0.0025312526813222463
cnv_depth__IBNLCO_01933__hypothetical__CDS,0.002530434325275523,0.002530434325275523
cnv_depth__IBNLCO_02969__IBNLCO_02969__gene__promoter,-0.0025273412440410077,0.0025273412440410077
cnv_depth__IBNLCO_04873__gnl|Bakta|IBNLCO_04873__CDS__promoter,-0.002527251765068871,0.002527251765068871
cnv_depth__IBNLCO_01025__DUF982__CDS__promoter,0.002526709509777818,0.002526709509777818
cnv_depth__IBNLCO_03818__IBNLCO_03818__gene,0.0025242230836161612,0.0025242230836161612
cnv_depth__IBNLCO_01418__mauG__gene,0.002524210339121866,0.002524210339121866
cnv_depth__IBNLCO_02547__Chorismate__CDS__promoter,0.0025205229018513734,0.0025205229018513734
cnv_depth__IBNLCO_04462__oxdC__gene__promoter,0.002520122244906364,0.002520122244906364
cnv_depth__IBNLCO_05853__IBNLCO_05853__gene__promoter,0.002519899075507175,0.002519899075507175
cnv_depth__IBNLCO_04576__Glutamyl-tRNA__CDS__promoter,-0.0025196572238805333,0.0025196572238805333
cnv_depth__IBNLCO_02773__wcbQ__gene,-0.002517836825556575,0.002517836825556575
cnv_depth__IBNLCO_05475__IBNLCO_05475__gene__promoter,0.0025172716943673355,0.0025172716943673355
cnv_depth__IBNLCO_00215__IBNLCO_00215__gene,-0.00251693409847265,0.00251693409847265
cnv_depth__IBNLCO_03362__Alginate__CDS,0.0025165625859200663,0.0025165625859200663
cnv_depth__IBNLCO_00009__IBNLCO_00009__gene,0.0025161506195191287,0.0025161506195191287
cnv_depth__IBNLCO_03406__IBNLCO_03406__gene,-0.0025148623169428007,0.0025148623169428007
cnv_depth__IBNLCO_02198__IBNLCO_02198__gene__promoter,-0.0025139316164759203,0.0025139316164759203
cnv_depth__IBNLCO_00110__DNA-binding__CDS__promoter,0.0025137215304852274,0.0025137215304852274
cnv_depth__IBNLCO_03822__Aspartate__CDS__promoter,-0.0025137100673910864,0.0025137100673910864
cnv_depth__IBNLCO_00656__IBNLCO_00656__gene__promoter,0.002513624488271253,0.002513624488271253
cnv_depth__IBNLCO_00837__N-acetylmuramoyl-L-alanine__CDS__promoter,0.0025117567473172788,0.0025117567473172788
cnv_depth__IBNLCO_00624__IBNLCO_00624__gene,-0.002510831148659291,0.002510831148659291
cnv_depth__IBNLCO_01736__IBNLCO_01736__gene,-0.0025098516549320916,0.0025098516549320916
cnv_depth__IBNLCO_01042__IBNLCO_01042__gene,-0.002509450764529131,0.002509450764529131
cnv_depth__IBNLCO_03325__protein__CDS__promoter,-0.0025094441457925673,0.0025094441457925673
cnv_depth__IBNLCO_01130__citH__gene__promoter,-0.0025092165980008466,0.0025092165980008466
cnv_depth__IBNLCO_05577__Ribose__CDS,-0.002508261704413803,0.002508261704413803
cnv_depth__IBNLCO_02729__iclR__gene__promoter,0.0025079919170845418,0.0025079919170845418
cnv_depth__IBNLCO_05295__IBNLCO_05295__gene,-0.0025074912065702797,0.0025074912065702797
cnv_depth__IBNLCO_00711__IBNLCO_00711__gene__promoter,-0.002506404060518474,0.002506404060518474
cnv_depth__IBNLCO_02036__DUF4123__CDS__promoter,0.0025046095161132525,0.0025046095161132525
cnv_depth__IBNLCO_00975__Phosphoglycolate__CDS,-0.0025033515950969153,0.0025033515950969153
cnv_depth__IBNLCO_00685__rhlE__gene,0.0025002494808752398,0.0025002494808752398
cnv_depth__IBNLCO_01366__IBNLCO_01366__gene,-0.0025000168555786126,0.0025000168555786126
cnv_depth__IBNLCO_04255__ABC__CDS,-0.002499183798750318,0.002499183798750318
cnv_depth__IBNLCO_04347__IBNLCO_04347__gene,-0.0024980181691931997,0.0024980181691931997
cnv_depth__IBNLCO_01779__IBNLCO_01779__gene,-0.0024962337018975492,0.0024962337018975492
cnv_depth__IBNLCO_04478__Porin__CDS,-0.002496159624640707,0.002496159624640707
cnv_depth__IBNLCO_03153__thiS__gene,0.002494918028405133,0.002494918028405133
cnv_depth__IBNLCO_04728__IBNLCO_04728__gene__promoter,-0.00249484450159136,0.00249484450159136
cnv_depth__IBNLCO_02917__gnl|Bakta|IBNLCO_02917__CDS,-0.002491828906942177,0.002491828906942177
cnv_depth__IBNLCO_05484__Putative__CDS__promoter,0.00249041584448923,0.00249041584448923
cnv_depth__IBNLCO_02546__gnl|Bakta|IBNLCO_02546__CDS__promoter,0.00248893295780385,0.00248893295780385
cnv_depth__IBNLCO_00268__flagellar__CDS,0.0024868490249155676,0.0024868490249155676
cnv_depth__IBNLCO_04280__Insertion__CDS__promoter,0.0024866717437450735,0.0024866717437450735
cnv_depth__IBNLCO_03598__IBNLCO_03598__gene,0.002486304245670447,0.002486304245670447
cnv_depth__IBNLCO_05149__IBNLCO_05149__gene,0.002485686814321282,0.002485686814321282
cnv_depth__IBNLCO_01249__Major__CDS,0.0024852665713893493,0.0024852665713893493
cnv_depth__IBNLCO_01078__IBNLCO_01078__gene,0.0024849697688990716,0.0024849697688990716
cnv_depth__IBNLCO_00435__Ammonium__CDS__promoter,-0.0024837904827537836,0.0024837904827537836
cnv_depth__IBNLCO_03965__2-aminoethylphosphonate--pyruvate__CDS,0.002482843824680924,0.002482843824680924
cnv_depth__IBNLCO_05714__IBNLCO_05714__gene__promoter,-0.002482607625055569,0.002482607625055569
cnv_depth__IBNLCO_04976__Type__CDS,-0.002482220221057184,0.002482220221057184
cnv_depth__IBNLCO_01468__IBNLCO_01468__gene,0.002482198366618498,0.002482198366618498
cnv_depth__IBNLCO_02297__Major__CDS,-0.0024810175391977974,0.0024810175391977974
cnv_depth__IBNLCO_01318__Phosphate__CDS,-0.0024797087166677566,0.0024797087166677566
cnv_depth__IBNLCO_00992__hypothetical__CDS,-0.002479665216402886,0.002479665216402886
cnv_depth__IBNLCO_05280__Molybdate__CDS__promoter,0.002478496132054106,0.002478496132054106
cnv_depth__IBNLCO_05023__SctC__CDS__promoter,0.002477375737432441,0.002477375737432441
cnv_depth__IBNLCO_04663__Entericidin__CDS,-0.0024769318368275087,0.0024769318368275087
cnv_depth__IBNLCO_04268__Transcriptional__CDS,-0.0024768581061135565,0.0024768581061135565
cnv_depth__IBNLCO_04996__GTP__CDS,0.00247633232526357,0.00247633232526357
cnv_depth__IBNLCO_04133__IBNLCO_04133__gene__promoter,-0.0024761715142563676,0.0024761715142563676
cnv_depth__IBNLCO_03141__UDP-N-acetylglucosamine__CDS,0.002474479236581123,0.002474479236581123
cnv_depth__IBNLCO_05139__IBNLCO_05139__gene__promoter,0.0024743780667391495,0.0024743780667391495
cnv_depth__IBNLCO_01121__IBNLCO_01121__gene,-0.002473509778832431,0.002473509778832431
cnv_depth__IBNLCO_01941__IBNLCO_01941__gene,0.0024729024515116943,0.0024729024515116943
cnv_depth__IBNLCO_02234__Ferritin-like__CDS,-0.0024725750930644588,0.0024725750930644588
cnv_depth__IBNLCO_01648__ABC__CDS__promoter,0.0024719025379301442,0.0024719025379301442
cnv_depth__IBNLCO_05787__IBNLCO_05787__gene__promoter,0.0024715545477979267,0.0024715545477979267
cnv_depth__IBNLCO_05598__IBNLCO_05598__gene__promoter,-0.0024712300413480834,0.0024712300413480834
cnv_depth__IBNLCO_02740__nrdR__gene,0.002470679050998355,0.002470679050998355
cnv_depth__IBNLCO_04590__DUF2165__CDS,0.0024695520564017156,0.0024695520564017156
cnv_depth__IBNLCO_05358__Putative__CDS,-0.002468778125743662,0.002468778125743662
cnv_depth__IBNLCO_04742__IBNLCO_04742__gene__promoter,-0.0024687545036317106,0.0024687545036317106
cnv_depth__IBNLCO_04859__IBNLCO_04859__gene,0.0024685102031699402,0.0024685102031699402
cnv_depth__IBNLCO_03422__LysR__CDS__promoter,0.00246741056114246,0.00246741056114246
cnv_depth__IBNLCO_00860__hypothetical__CDS__promoter,-0.002466489847701002,0.002466489847701002
cnv_depth__IBNLCO_01746__DUF1109__CDS__promoter,-0.002465945202858475,0.002465945202858475
cnv_depth__IBNLCO_01437__IBNLCO_01437__gene,0.0024643418791557756,0.0024643418791557756
cnv_depth__IBNLCO_00788__IBNLCO_00788__gene,-0.00246204977144781,0.00246204977144781
cnv_depth__IBNLCO_02398__HTH__CDS,-0.002461520936535805,0.002461520936535805
cnv_depth__IBNLCO_05339__YCII-related__CDS,-0.002460638280705656,0.002460638280705656
cnv_depth__IBNLCO_03602__gnl|Bakta|IBNLCO_03602__CDS,0.002459040013339098,0.002459040013339098
cnv_depth__IBNLCO_04541__Cobalt-zinc-cadmium__CDS__promoter,0.0024576551052607476,0.0024576551052607476
cnv_depth__IBNLCO_05106__HrpB1__CDS,-0.002456309111210232,0.002456309111210232
cnv_depth__IBNLCO_03375__IBNLCO_03375__gene,0.002455765158270073,0.002455765158270073
cnv_depth__IBNLCO_00966__IBNLCO_00966__gene__promoter,0.0024553161268027475,0.0024553161268027475
cnv_depth__IBNLCO_03356__SGNH__CDS__promoter,0.00245487200195945,0.00245487200195945
cnv_depth__IBNLCO_01428__Major__CDS__promoter,0.002453769294694859,0.002453769294694859
cnv_depth__IBNLCO_03103__tssF__gene__promoter,-0.002451782579288805,0.002451782579288805
cnv_depth__IBNLCO_03200__Large__CDS,0.002451285963330998,0.002451285963330998
cnv_depth__IBNLCO_02668__Bis(5'-nucleosyl)-tetraphosphatase%2C__CDS__promoter,-0.002451036064519389,0.002451036064519389
cnv_depth__IBNLCO_00811__Maltose/maltodextrin__CDS,0.0024488880169442426,0.0024488880169442426
cnv_depth__IBNLCO_02075__Muramoyltetrapeptide__CDS__promoter,0.0024480219238748914,0.0024480219238748914
cnv_depth__IBNLCO_02935__IBNLCO_02935__gene,-0.0024473415505945713,0.0024473415505945713
cnv_depth__IBNLCO_00724__Oxidoreductase__CDS__promoter,-0.002446879175782565,0.002446879175782565
cnv_depth__IBNLCO_02726__IBNLCO_02726__gene__promoter,-0.0024464566030199283,0.0024464566030199283
cnv_depth__IBNLCO_00044__IBNLCO_00044__gene,0.0024458685967111435,0.0024458685967111435
cnv_depth__IBNLCO_03223__DNA-directed__CDS,-0.002441835546264594,0.002441835546264594
cnv_depth__IBNLCO_00440__Phosphoenolpyruvate-protein__CDS__promoter,0.0024401853954913897,0.0024401853954913897
cnv_depth__IBNLCO_04623__DNA-binding__CDS__promoter,0.0024396341832126707,0.0024396341832126707
cnv_depth__IBNLCO_02609__Bp1_738__gene__promoter,0.0024388333586741434,0.0024388333586741434
cnv_depth__IBNLCO_00199__clpQ__gene__promoter,0.002437946903131675,0.002437946903131675
cnv_depth__IBNLCO_04272__DUF4442__CDS,-0.002434001232978825,0.002434001232978825
cnv_depth__IBNLCO_05744__IBNLCO_05744__gene__promoter,-0.0024314840555057253,0.0024314840555057253
cnv_depth__IBNLCO_02997__corB__gene__promoter,-0.0024307022483214626,0.0024307022483214626
cnv_depth__IBNLCO_04100__VOC__CDS,-0.00242983301930548,0.00242983301930548
cnv_depth__IBNLCO_04050__IBNLCO_04050__gene,0.0024292136636638916,0.0024292136636638916
cnv_depth__IBNLCO_03392__CoA-binding__CDS__promoter,0.0024289005467739385,0.0024289005467739385
cnv_depth__IBNLCO_00030__flagellar__CDS__promoter,0.0024269794149261027,0.0024269794149261027
cnv_depth__IBNLCO_03097__Type__CDS__promoter,0.002426139169609519,0.002426139169609519
cnv_depth__IBNLCO_00170__IBNLCO_00170__gene,0.0024261188089313786,0.0024261188089313786
cnv_depth__IBNLCO_01686__IBNLCO_01686__gene__promoter,-0.002424733403116988,0.002424733403116988
cnv_depth__IBNLCO_04134__putative__CDS,-0.0024239590041775436,0.0024239590041775436
cnv_depth__IBNLCO_00975__Phosphoglycolate__CDS__promoter,-0.0024222922273615193,0.0024222922273615193
cnv_depth__IBNLCO_01986__Endolytic__CDS__promoter,-0.0024189179303189846,0.0024189179303189846
cnv_depth__IBNLCO_01483__3-oxoacid__CDS__promoter,-0.0024156057470020756,0.0024156057470020756
cnv_depth__IBNLCO_05413__Metal-dependent__CDS__promoter,0.0024149656144920994,0.0024149656144920994
cnv_depth__IBNLCO_01076__C-type__CDS__promoter,-0.002414320111524957,0.002414320111524957
cnv_depth__IBNLCO_02541__gnl|Bakta|IBNLCO_02541__CDS__promoter,0.0024142697620214023,0.0024142697620214023
cnv_depth__IBNLCO_04460__IBNLCO_04460__gene,-0.002412713727495794,0.002412713727495794
cnv_depth__IBNLCO_04533__hypothetical__CDS__promoter,-0.002412569684213727,0.002412569684213727
cnv_depth__IBNLCO_03339__csgG__gene,0.0024124793107864408,0.0024124793107864408
cnv_depth__IBNLCO_02224__50S__CDS__promoter,0.0024111076592863425,0.0024111076592863425
cnv_depth__IBNLCO_01198__IBNLCO_01198__gene,0.0024106748305126055,0.0024106748305126055
cnv_depth__IBNLCO_01663__Iron__CDS__promoter,-0.002410041899681709,0.002410041899681709
cnv_depth__IBNLCO_01152__IBNLCO_01152__gene__promoter,-0.0024071337724356893,0.0024071337724356893
cnv_depth__IBNLCO_02488__Electron__CDS__promoter,0.0024066358722202685,0.0024066358722202685
cnv_depth__IBNLCO_03803__IBNLCO_03803__gene,-0.0024062784516307224,0.0024062784516307224
cnv_depth__IBNLCO_02992__GTPase__CDS,-0.0024057199358423955,0.0024057199358423955
cnv_depth__IBNLCO_02830__phnE__gene,-0.00240196718788172,0.00240196718788172
cnv_depth__IBNLCO_04086__IBNLCO_04086__gene__promoter,0.0023992096110209945,0.0023992096110209945
cnv_depth__IBNLCO_03138__IBNLCO_03138__gene__promoter,-0.0023985942420505393,0.0023985942420505393
cnv_depth__IBNLCO_05699__IBNLCO_05699__gene,0.002398248477757898,0.002398248477757898
cnv_depth__IBNLCO_04788__IBNLCO_04788__gene,-0.002396795240466528,0.002396795240466528
cnv_depth__IBNLCO_01471__IBNLCO_01471__gene,-0.0023963951873956853,0.0023963951873956853
cnv_depth__IBNLCO_03426__IBNLCO_03426__gene__promoter,0.0023957153564171316,0.0023957153564171316
cnv_depth__IBNLCO_02050__IBNLCO_02050__gene,-0.002395633095480763,0.002395633095480763
cnv_depth__IBNLCO_00985__Bifunctional__CDS,-0.002394935374157025,0.002394935374157025
cnv_depth__IBNLCO_00376__IBNLCO_00376__gene,0.0023946269028069277,0.0023946269028069277
cnv_depth__IBNLCO_03224__IBNLCO_03224__gene__promoter,0.0023934688824713817,0.0023934688824713817
cnv_depth__IBNLCO_04678__IBNLCO_04678__gene__promoter,0.0023928383615742757,0.0023928383615742757
cnv_depth__IBNLCO_04416__Major__CDS__promoter,0.0023926671358519727,0.0023926671358519727
cnv_depth__IBNLCO_04592__LuxR__CDS,0.002391810922830584,0.002391810922830584
cnv_depth__IBNLCO_03665__mgtC__gene,0.002390058503064291,0.002390058503064291
cnv_depth__IBNLCO_04312__IBNLCO_04312__gene__promoter,-0.002389435745234533,0.002389435745234533
cnv_depth__IBNLCO_04867__IBNLCO_04867__gene__promoter,0.0023888869270448742,0.0023888869270448742
cnv_depth__IBNLCO_00048__IBNLCO_00048__gene,0.0023886475100263756,0.0023886475100263756
cnv_depth__IBNLCO_00898__IBNLCO_00898__gene,-0.002388645266815,0.002388645266815
cnv_depth__IBNLCO_00174__IBNLCO_00174__gene__promoter,0.0023886195716532003,0.0023886195716532003
cnv_depth__IBNLCO_01856__IBNLCO_01856__gene,-0.002387937691908212,0.002387937691908212
cnv_depth__IBNLCO_03200__Large__CDS__promoter,0.0023873285038433023,0.0023873285038433023
cnv_depth__IBNLCO_01205__Peptidase__CDS__promoter,-0.0023871657901295413,0.0023871657901295413
cnv_depth__IBNLCO_02497__Exported__CDS__promoter,-0.0023867388440125367,0.0023867388440125367
cnv_depth__IBNLCO_04745__IBNLCO_04745__gene__promoter,-0.0023843228395043613,0.0023843228395043613
cnv_depth__IBNLCO_05581__IBNLCO_05581__gene,-0.0023842802854444566,0.0023842802854444566
cnv_depth__IBNLCO_02151__DEAD/DEAH__CDS,0.002383364521600253,0.002383364521600253
cnv_depth__IBNLCO_02386__IBNLCO_02386__gene,-0.0023827410576614987,0.0023827410576614987
cnv_depth__IBNLCO_05008__HNS-like__CDS__promoter,0.0023826901311641098,0.0023826901311641098
cnv_depth__IBNLCO_00446__secB__gene,-0.0023813109176082743,0.0023813109176082743
cnv_depth__IBNLCO_03396__ATP__CDS__promoter,0.0023809446028675283,0.0023809446028675283
cnv_depth__IBNLCO_00895__L-aspartate__CDS__promoter,0.002379862456871652,0.002379862456871652
cnv_depth__IBNLCO_04837__gnl|Bakta|IBNLCO_04837__CDS__promoter,-0.002374916371035867,0.002374916371035867
cnv_depth__IBNLCO_02097__IBNLCO_02097__gene__promoter,-0.0023745204699472055,0.0023745204699472055
cnv_depth__IBNLCO_00615__Major__CDS__promoter,-0.0023719249286100106,0.0023719249286100106
cnv_depth__IBNLCO_00490__IBNLCO_00490__gene,0.002371883399788769,0.002371883399788769
cnv_depth__IBNLCO_00641__IBNLCO_00641__gene,0.002370595399461886,0.002370595399461886
cnv_depth__IBNLCO_01271__fabL__gene__promoter,-0.0023691622102984164,0.0023691622102984164
cnv_depth__IBNLCO_03839__IBNLCO_03839__gene__promoter,0.0023688837012455777,0.0023688837012455777
cnv_depth__IBNLCO_03632__hypothetical__CDS,0.0023684668775375336,0.0023684668775375336
cnv_depth__IBNLCO_01652__AraC__CDS,-0.002367204147843461,0.002367204147843461
cnv_depth__IBNLCO_00243__hypothetical__CDS__promoter,-0.0023670630805141418,0.0023670630805141418
cnv_depth__IBNLCO_02193__Dioxygenase__CDS,-0.002366883496552064,0.002366883496552064
cnv_depth__IBNLCO_01862__IBNLCO_01862__gene__promoter,-0.002364951373123834,0.002364951373123834
cnv_depth__IBNLCO_02266__IBNLCO_02266__gene,-0.002362523513273982,0.002362523513273982
cnv_depth__IBNLCO_01277__SHSP__CDS,-0.002361456530297773,0.002361456530297773
cnv_depth__IBNLCO_01993__IBNLCO_01993__gene,0.0023597208700986113,0.0023597208700986113
cnv_depth__IBNLCO_00007__Type__CDS,0.00235777445246293,0.00235777445246293
cnv_depth__IBNLCO_03907__IBNLCO_03907__gene__promoter,-0.002357412249137243,0.002357412249137243
cnv_depth__IBNLCO_04249__IBNLCO_04249__gene,0.0023559827946642367,0.0023559827946642367
cnv_depth__IBNLCO_02943__VOC__CDS,-0.0023557712687877286,0.0023557712687877286
cnv_depth__IBNLCO_03014__D-alanine--D-alanine__CDS,0.002354938024951361,0.002354938024951361
cnv_depth__IBNLCO_00615__IBNLCO_00615__gene,-0.002354850050555974,0.002354850050555974
cnv_depth__IBNLCO_00338__IBNLCO_00338__gene,0.00235396179766013,0.00235396179766013
cnv_depth__IBNLCO_01257__IBNLCO_01257__gene__promoter,0.002353892499622915,0.002353892499622915
cnv_depth__IBNLCO_03211__IBNLCO_03211__gene__promoter,0.002353802859574439,0.002353802859574439
cnv_depth__IBNLCO_03135__hisH__gene__promoter,-0.0023532207493035017,0.0023532207493035017
cnv_depth__IBNLCO_04625__Putative__CDS__promoter,-0.0023516229782044257,0.0023516229782044257
cnv_depth__IBNLCO_03471__IBNLCO_03471__gene,-0.00235128767436659,0.00235128767436659
cnv_depth__IBNLCO_03978__Type__CDS__promoter,-0.0023483676962638045,0.0023483676962638045
cnv_depth__IBNLCO_05094__IBNLCO_05094__gene__promoter,-0.002347138269188937,0.002347138269188937
cnv_depth__IBNLCO_04565__Bifunctional__CDS,0.002346761699764772,0.002346761699764772
cnv_depth__IBNLCO_03393__Bp1_781__gene,0.0023466276974341226,0.0023466276974341226
cnv_depth__IBNLCO_05296__LysE__CDS__promoter,0.00234597467665522,0.00234597467665522
cnv_depth__IBNLCO_00484__IBNLCO_00484__gene,-0.002344001335935395,0.002344001335935395
cnv_depth__IBNLCO_04307__Monooxygenase__CDS__promoter,-0.002343487482645852,0.002343487482645852
cnv_depth__IBNLCO_03427__IBNLCO_03427__gene__promoter,0.0023423319446728235,0.0023423319446728235
cnv_depth__IBNLCO_03209__IBNLCO_03209__gene__promoter,0.002339461888034151,0.002339461888034151
cnv_depth__IBNLCO_04677__IBNLCO_04677__gene__promoter,0.0023394110120984637,0.0023394110120984637
cnv_depth__IBNLCO_05838__gnl|Bakta|IBNLCO_05838__CDS__promoter,-0.00233886333804062,0.00233886333804062
cnv_depth__IBNLCO_04297__aurF__gene__promoter,-0.0023386933739702465,0.0023386933739702465
cnv_depth__IBNLCO_01877__IBNLCO_01877__gene__promoter,0.0023378826742889063,0.0023378826742889063
cnv_depth__IBNLCO_00244__IBNLCO_00244__gene__promoter,-0.002337384564696239,0.002337384564696239
cnv_depth__IBNLCO_01507__NlpB/DapX__CDS,-0.0023371034423147054,0.0023371034423147054
cnv_depth__IBNLCO_01930__IBNLCO_01930__gene__promoter,-0.002336272098303188,0.002336272098303188
cnv_depth__IBNLCO_02642__Urease__CDS__promoter,0.002336079061357945,0.002336079061357945
cnv_depth__IBNLCO_01075__IBNLCO_01075__gene,-0.002335591513511665,0.002335591513511665
cnv_depth__IBNLCO_03219__IBNLCO_03219__gene__promoter,0.0023342932111843112,0.0023342932111843112
cnv_depth__IBNLCO_00093__DNA-3-methyladenine__CDS__promoter,-0.0023336879451690056,0.0023336879451690056
cnv_depth__IBNLCO_02945__IBNLCO_02945__gene,0.002333287953396594,0.002333287953396594
cnv_depth__IBNLCO_02963__IBNLCO_02963__gene,-0.0023331701924537217,0.0023331701924537217
cnv_depth__IBNLCO_00045__AraC__CDS__promoter,0.002332505634789465,0.002332505634789465
cnv_depth__IBNLCO_00543__Potassium__CDS__promoter,0.0023307872419684526,0.0023307872419684526
cnv_depth__IBNLCO_02781__wcbJ__gene__promoter,0.0023307450172437324,0.0023307450172437324
cnv_depth__IBNLCO_04125__IBNLCO_04125__gene__promoter,0.0023306551010339642,0.0023306551010339642
cnv_depth__IBNLCO_04854__IBNLCO_04854__gene,0.002330157619429074,0.002330157619429074
cnv_depth__IBNLCO_00001__IBNLCO_00001__gene,0.002329490961400967,0.002329490961400967
cnv_depth__IBNLCO_01534__IBNLCO_01534__gene,-0.0023291278948183083,0.0023291278948183083
cnv_depth__IBNLCO_04523__IBNLCO_04523__gene,0.002328195515209679,0.002328195515209679
cnv_depth__IBNLCO_01728__IBNLCO_01728__gene,-0.002327909342154247,0.002327909342154247
cnv_depth__IBNLCO_01900__GTPase__CDS__promoter,0.002327807984980827,0.002327807984980827
cnv_depth__IBNLCO_02065__5-hydroxyisourate__CDS,-0.0023277573686423967,0.0023277573686423967
cnv_depth__IBNLCO_00823__Major__CDS,-0.0023257205873476786,0.0023257205873476786
cnv_depth__IBNLCO_03322__gnl|Bakta|IBNLCO_03322__CDS__promoter,0.0023249895546423286,0.0023249895546423286
cnv_depth__IBNLCO_00100__Histone__CDS__promoter,0.00232297020132231,0.00232297020132231
cnv_depth__IBNLCO_01493__trnV__gene,0.0023198253442421614,0.0023198253442421614
cnv_depth__IBNLCO_01563__Phospholipase__CDS__promoter,-0.00231927781571265,0.00231927781571265
cnv_depth__IBNLCO_03228__IBNLCO_03228__gene,0.0023190901960206327,0.0023190901960206327
cnv_depth__IBNLCO_01686__IBNLCO_01686__gene,0.002315646155522786,0.002315646155522786
cnv_depth__IBNLCO_02088__S-adenosylhomocysteine__CDS,0.0023148612008856485,0.0023148612008856485
cnv_depth__IBNLCO_01281__L-gulonate__CDS,-0.0023146775201623644,0.0023146775201623644
cnv_depth__IBNLCO_05002__bopA__gene,-0.0023145679857328647,0.0023145679857328647
cnv_depth__IBNLCO_01912__IBNLCO_01912__gene,0.0023140416554352635,0.0023140416554352635
cnv_depth__IBNLCO_01969__IBNLCO_01969__gene,-0.002313494402749211,0.002313494402749211
cnv_depth__IBNLCO_00573__Dienelactone__CDS__promoter,-0.002312989459963534,0.002312989459963534
cnv_depth__IBNLCO_05134__IBNLCO_05134__gene__promoter,0.00231200184513261,0.00231200184513261
cnv_depth__IBNLCO_04101__Glutathione__CDS,-0.0023118399612899773,0.0023118399612899773
cnv_depth__IBNLCO_05246__IBNLCO_05246__gene,0.0023113450055268926,0.0023113450055268926
cnv_depth__IBNLCO_05828__putative__CDS__promoter,0.0023104784403490406,0.0023104784403490406
cnv_depth__IBNLCO_04325__IBNLCO_04325__gene__promoter,0.002309043655953111,0.002309043655953111
cnv_depth__IBNLCO_03841__IBNLCO_03841__gene,-0.002308914339559005,0.002308914339559005
cnv_depth__IBNLCO_02548__dinG__gene__promoter,0.002308725262419474,0.002308725262419474
cnv_depth__IBNLCO_02642__Urease__CDS,-0.0023085962696474762,0.0023085962696474762
cnv_depth__IBNLCO_01362__IBNLCO_01362__gene__promoter,0.002307714178013675,0.002307714178013675
cnv_depth__IBNLCO_01560__IBNLCO_01560__gene,0.002306794677551515,0.002306794677551515
cnv_depth__IBNLCO_01126__gnl|Bakta|IBNLCO_01126__CDS,-0.0023065135615675924,0.0023065135615675924
cnv_depth__IBNLCO_03011__Cell__CDS__promoter,0.002305112170756131,0.002305112170756131
cnv_depth__IBNLCO_01466__IBNLCO_01466__gene,0.0023046824194511107,0.0023046824194511107
cnv_depth__IBNLCO_04396__IBNLCO_04396__gene,-0.002304665561717753,0.002304665561717753
cnv_depth__IBNLCO_02085__IBNLCO_02085__gene,0.0023046401879415735,0.0023046401879415735
cnv_depth__IBNLCO_00870__HTH__CDS,0.002303693850968869,0.002303693850968869
cnv_depth__IBNLCO_03816__Transcriptional__CDS__promoter,-0.00230306432409981,0.00230306432409981
cnv_depth__IBNLCO_05768__IBNLCO_05768__gene,-0.0023017094465240745,0.0023017094465240745
cnv_depth__IBNLCO_05359__ABC__CDS,-0.002300568642186317,0.002300568642186317
cnv_depth__IBNLCO_02391__Trehalose-6-phosphate__CDS__promoter,0.0022989516645568007,0.0022989516645568007
cnv_depth__IBNLCO_02159__IBNLCO_02159__gene,0.0022981219560521226,0.0022981219560521226
cnv_depth__IBNLCO_02196__FAD-dependent__CDS,-0.0022979595448631247,0.0022979595448631247
cnv_depth__IBNLCO_03824__IBNLCO_03824__gene,0.0022975555784806668,0.0022975555784806668
cnv_depth__IBNLCO_02203__Outer__CDS,0.002296419515568452,0.002296419515568452
cnv_depth__IBNLCO_02156__Malate__CDS,-0.002296394773013888,0.002296394773013888
cnv_depth__IBNLCO_03335__IBNLCO_03335__gene__promoter,0.002295767100714781,0.002295767100714781
cnv_depth__IBNLCO_02590__IBNLCO_02590__gene__promoter,0.0022955190592201225,0.0022955190592201225
cnv_depth__IBNLCO_02990__CNP1-like__CDS,0.00229485145938532,0.00229485145938532
cnv_depth__IBNLCO_02003__IBNLCO_02003__gene,-0.0022943009831202263,0.0022943009831202263
cnv_depth__IBNLCO_01590__trnH__gene__promoter,-0.0022935736559765874,0.0022935736559765874
cnv_depth__IBNLCO_03340__IBNLCO_03340__gene,0.0022930688599691364,0.0022930688599691364
cnv_depth__IBNLCO_02687__DUF2957__CDS__promoter,0.002292672639919342,0.002292672639919342
cnv_depth__IBNLCO_05840__IBNLCO_05840__gene,-0.0022918777990549397,0.0022918777990549397
cnv_depth__IBNLCO_05010__bipB__gene__promoter,-0.002291281189095026,0.002291281189095026
cnv_depth__IBNLCO_00098__lysR__gene__promoter,0.002288970091852947,0.002288970091852947
cnv_depth__IBNLCO_04542__Efflux__CDS__promoter,0.002288887330551485,0.002288887330551485
cnv_depth__IBNLCO_04759__IBNLCO_04759__gene,0.0022887399988771513,0.0022887399988771513
cnv_depth__IBNLCO_01262__IBNLCO_01262__gene__promoter,-0.0022879604199704993,0.0022879604199704993
cnv_depth__IBNLCO_03054__IBNLCO_03054__gene__promoter,-0.002287703465917824,0.002287703465917824
cnv_depth__IBNLCO_01857__Sulfide:quinone__CDS__promoter,0.002285733461469814,0.002285733461469814
cnv_depth__IBNLCO_04270__IBNLCO_04270__gene__promoter,0.0022852659368841413,0.0022852659368841413
cnv_depth__IBNLCO_02035__IBNLCO_02035__gene,0.002284798372035841,0.002284798372035841
cnv_depth__IBNLCO_00077__IBNLCO_00077__gene,-0.002283742624692324,0.002283742624692324
cnv_depth__IBNLCO_03277__IBNLCO_03277__gene__promoter,0.0022807186425407248,0.0022807186425407248
cnv_depth__IBNLCO_04542__IBNLCO_04542__gene,-0.002280595179554597,0.002280595179554597
cnv_depth__IBNLCO_04342__dmlR__gene__promoter,-0.0022804438592335793,0.0022804438592335793
cnv_depth__IBNLCO_04699__Family__CDS__promoter,-0.002279233382991366,0.002279233382991366
cnv_depth__IBNLCO_05294__IBNLCO_05294__gene__promoter,-0.002278933033465557,0.002278933033465557
cnv_depth__IBNLCO_05470__ethA__gene__promoter,-0.002278701455948533,0.002278701455948533
cnv_depth__IBNLCO_03366__IBNLCO_03366__gene__promoter,0.002276564513020012,0.002276564513020012
cnv_depth__IBNLCO_04737__IBNLCO_04737__gene__promoter,-0.0022753929983320605,0.0022753929983320605
cnv_depth__IBNLCO_01647__Fimbrial-type__CDS,-0.002274921799689816,0.002274921799689816
cnv_depth__IBNLCO_02684__IBNLCO_02684__gene__promoter,0.0022731881363981265,0.0022731881363981265
cnv_depth__IBNLCO_03110__Type__CDS__promoter,-0.0022730804697742306,0.0022730804697742306
cnv_depth__IBNLCO_00618__IBNLCO_00618__gene__promoter,0.0022726226673230863,0.0022726226673230863
cnv_depth__IBNLCO_05283__Mop__CDS,-0.0022716446215577508,0.0022716446215577508
cnv_depth__IBNLCO_05299__IBNLCO_05299__gene__promoter,0.0022714322594008978,0.0022714322594008978
cnv_depth__IBNLCO_03444__D-malate__CDS__promoter,-0.0022714276041848223,0.0022714276041848223
cnv_depth__IBNLCO_03454__IBNLCO_03454__gene,-0.002271187285954301,0.002271187285954301
cnv_depth__IBNLCO_02813__gnl|Bakta|IBNLCO_02813__CDS__promoter,-0.0022710214878391456,0.0022710214878391456
cnv_depth__IBNLCO_03465__Fumarate/nitrate__CDS__promoter,-0.0022690221012029188,0.0022690221012029188
cnv_depth__IBNLCO_01697__hypothetical__CDS,-0.002268921694439547,0.002268921694439547
cnv_depth__IBNLCO_03648__IBNLCO_03648__gene__promoter,0.002267690190425348,0.002267690190425348
cnv_depth__IBNLCO_01703__IBNLCO_01703__gene__promoter,-0.0022671528071441503,0.0022671528071441503
cnv_depth__IBNLCO_02550__IBNLCO_02550__gene__promoter,0.0022660701937494026,0.0022660701937494026
cnv_depth__IBNLCO_04748__gnl|Bakta|IBNLCO_04748__CDS,-0.0022656600485428486,0.0022656600485428486
cnv_depth__IBNLCO_03334__IBNLCO_03334__gene__promoter,0.002265036972888138,0.002265036972888138
cnv_depth__IBNLCO_04225__Cytosine__CDS,0.0022649196891414967,0.0022649196891414967
cnv_depth__IBNLCO_01264__Transcriptional__CDS,0.002263847247130318,0.002263847247130318
cnv_depth__IBNLCO_01684__IBNLCO_01684__gene,0.002263382193710385,0.002263382193710385
cnv_depth__IBNLCO_01907__HTH__CDS,0.0022632092596081327,0.0022632092596081327
cnv_depth__IBNLCO_00078__Ribonuclease__CDS,0.0022630482601185037,0.0022630482601185037
cnv_depth__IBNLCO_05412__IBNLCO_05412__gene,0.0022602008101357558,0.0022602008101357558
cnv_depth__IBNLCO_04430__IBNLCO_04430__gene__promoter,0.002259083119891652,0.002259083119891652
cnv_depth__IBNLCO_01709__Putative__CDS,-0.0022588052337546697,0.0022588052337546697
cnv_depth__IBNLCO_00259__Lytic__CDS,0.0022581295751966336,0.0022581295751966336
cnv_depth__IBNLCO_00245__IBNLCO_00245__gene__promoter,0.0022579261623299584,0.0022579261623299584
cnv_depth__IBNLCO_03118__trnT__gene__promoter,-0.0022577996608850997,0.0022577996608850997
cnv_depth__IBNLCO_04761__IBNLCO_04761__gene,-0.0022576483351571916,0.0022576483351571916
cnv_depth__IBNLCO_04336__DNA__CDS,0.0022575764018171072,0.0022575764018171072
cnv_depth__IBNLCO_03150__IBNLCO_03150__gene,0.002257209303467248,0.002257209303467248
cnv_depth__IBNLCO_04000__IBNLCO_04000__gene,-0.0022556613565141497,0.0022556613565141497
cnv_depth__IBNLCO_00606__IBNLCO_00606__gene__promoter,-0.002255382913614894,0.002255382913614894
cnv_depth__IBNLCO_04506__Polyketide__CDS,0.002252348647907099,0.002252348647907099
cnv_depth__IBNLCO_01401__IBNLCO_01401__gene__promoter,-0.0022515720877408236,0.0022515720877408236
cnv_depth__IBNLCO_02335__nnrS__gene,0.0022513247255774574,0.0022513247255774574
cnv_depth__IBNLCO_04065__LysR-family__CDS,0.0022510057068674187,0.0022510057068674187
cnv_depth__IBNLCO_04588__IBNLCO_04588__gene,0.002250626701518209,0.002250626701518209
cnv_depth__IBNLCO_05092__N-acetyltransferase__CDS__promoter,-0.002250342713984288,0.002250342713984288
cnv_depth__IBNLCO_02977__Glycine__CDS__promoter,-0.0022502379214569654,0.0022502379214569654
cnv_depth__IBNLCO_03956__Transglutaminase-like__CDS__promoter,0.002249516709307407,0.002249516709307407
cnv_depth__IBNLCO_02549__Cold-shock__CDS__promoter,0.0022494090773663563,0.0022494090773663563
cnv_depth__IBNLCO_04655__Syringopeptin__CDS__promoter,-0.0022477480610348126,0.0022477480610348126
cnv_depth__IBNLCO_03413__IBNLCO_03413__gene,-0.0022467834264633564,0.0022467834264633564
cnv_depth__IBNLCO_00856__Tetraacyldisaccharide__CDS,-0.0022466988347978616,0.0022466988347978616
cnv_depth__IBNLCO_04043__Isochorismate__CDS,0.0022466177247108623,0.0022466177247108623
cnv_depth__IBNLCO_00568__IBNLCO_00568__gene,-0.0022438993740583123,0.0022438993740583123
cnv_depth__IBNLCO_00653__IBNLCO_00653__gene,0.0022419914782415315,0.0022419914782415315
cnv_depth__IBNLCO_05083__pilO__gene,0.002239019427005657,0.002239019427005657
cnv_depth__IBNLCO_05799__IBNLCO_05799__gene,0.0022388325580413545,0.0022388325580413545
cnv_depth__IBNLCO_00190__Demethylrebeccamycin-D-glucose__CDS__promoter,-0.002237582256239135,0.002237582256239135
cnv_depth__IBNLCO_05595__OmpA-like__CDS__promoter,-0.002237198613156327,0.002237198613156327
cnv_depth__IBNLCO_00422__IBNLCO_00422__gene,0.0022371086253398656,0.0022371086253398656
cnv_depth__IBNLCO_04924__Biotin__CDS,-0.0022369332365300802,0.0022369332365300802
cnv_depth__IBNLCO_03178__IBNLCO_03178__gene__promoter,0.0022355264921506204,0.0022355264921506204
cnv_depth__IBNLCO_02351__SUF__CDS,-0.002235008614481589,0.002235008614481589
cnv_depth__IBNLCO_04785__Phosphoesterase__CDS,-0.002234454504180788,0.002234454504180788
cnv_depth__IBNLCO_00655__IBNLCO_00655__gene__promoter,0.002233927930913372,0.002233927930913372
cnv_depth__IBNLCO_00420__IBNLCO_00420__gene,-0.002233265593301718,0.002233265593301718
cnv_depth__IBNLCO_05790__GerE__CDS,0.002230470078639481,0.002230470078639481
cnv_depth__unknown__unknown__regulatory.15,0.002228826001686342,0.002228826001686342
cnv_depth__IBNLCO_01114__NADPH2:quinone__CDS__promoter,-0.0022272407389585134,0.0022272407389585134
cnv_depth__IBNLCO_02564__IBNLCO_02564__gene,0.0022270194196259466,0.0022270194196259466
cnv_depth__IBNLCO_02459__hypothetical__CDS,0.0022268104758893007,0.0022268104758893007
cnv_depth__IBNLCO_05498__OXA-42__CDS__promoter,-0.0022266895757676987,0.0022266895757676987
cnv_depth__IBNLCO_02142__DNA__CDS,-0.002224542956975244,0.002224542956975244
cnv_depth__IBNLCO_03629__IBNLCO_03629__gene,-0.0022233501521055966,0.0022233501521055966
cnv_depth__IBNLCO_04571__IBNLCO_04571__gene__promoter,0.002222964597814645,0.002222964597814645
cnv_depth__IBNLCO_02085__hypothetical__CDS__promoter,0.0022220971549654894,0.0022220971549654894
cnv_depth__IBNLCO_05537__Acyl-CoA__CDS,0.0022220929959283174,0.0022220929959283174
cnv_depth__IBNLCO_01441__IBNLCO_01441__gene,-0.0022216133159840812,0.0022216133159840812
cnv_depth__IBNLCO_03646__Proline__CDS,-0.0022208056689509885,0.0022208056689509885
cnv_depth__IBNLCO_02023__IBNLCO_02023__gene,0.00221983333552963,0.00221983333552963
cnv_depth__IBNLCO_04695__D-xylulose__CDS,-0.0022193256902408565,0.0022193256902408565
cnv_depth__IBNLCO_01932__IBNLCO_01932__gene,-0.002219256072193192,0.002219256072193192
cnv_depth__IBNLCO_03361__Glycine__CDS,0.0022190813554685508,0.0022190813554685508
cnv_depth__IBNLCO_05390__IBNLCO_05390__gene,-0.002217950762901986,0.002217950762901986
cnv_depth__IBNLCO_04196__Acyl-CoA__CDS,-0.002217683308222952,0.002217683308222952
cnv_depth__IBNLCO_05597__IBNLCO_05597__gene__promoter,-0.0022155890847869886,0.0022155890847869886
cnv_depth__IBNLCO_03902__IBNLCO_03902__gene__promoter,0.0022154460197738243,0.0022154460197738243
cnv_depth__IBNLCO_03264__IBNLCO_03264__gene,0.002215004784548883,0.002215004784548883
cnv_depth__IBNLCO_00445__IBNLCO_00445__gene__promoter,-0.0022141700758155254,0.0022141700758155254
cnv_depth__IBNLCO_00275__flgJ__gene__promoter,0.0022133440667208375,0.0022133440667208375
cnv_depth__IBNLCO_05831__hpnN__gene__promoter,0.002212400751026491,0.002212400751026491
cnv_depth__IBNLCO_03376__Cadmium__CDS,0.002212177754582034,0.002212177754582034
cnv_depth__IBNLCO_02466__Dihydrofolate__CDS,-0.00221191800115864,0.00221191800115864
cnv_depth__IBNLCO_03738__IBNLCO_03738__gene,0.0022113654033281333,0.0022113654033281333
cnv_depth__IBNLCO_01050__IBNLCO_01050__gene,-0.002211204529705669,0.002211204529705669
cnv_depth__IBNLCO_03364__gnl|Bakta|IBNLCO_03364__CDS__promoter,0.002209851563882622,0.002209851563882622
cnv_depth__IBNLCO_04598__IBNLCO_04598__gene,0.0022093155729344467,0.0022093155729344467
cnv_depth__IBNLCO_00196__histidine__CDS,0.0022088401874251584,0.0022088401874251584
cnv_depth__IBNLCO_05695__IBNLCO_05695__gene,-0.002207384371562173,0.002207384371562173
cnv_depth__IBNLCO_02967__IBNLCO_02967__gene,0.002206402048561179,0.002206402048561179
cnv_depth__IBNLCO_03604__IBNLCO_03604__gene,0.0022053178137060735,0.0022053178137060735
cnv_depth__IBNLCO_05668__IBNLCO_05668__gene__promoter,-0.0022045162648449356,0.0022045162648449356
cnv_depth__IBNLCO_04499__IBNLCO_04499__gene,-0.0022043077850130537,0.0022043077850130537
cnv_depth__IBNLCO_01555__hypothetical__CDS__promoter,-0.0022041117888429245,0.0022041117888429245
cnv_depth__IBNLCO_02354__sufT__gene,-0.002203412451574971,0.002203412451574971
cnv_depth__IBNLCO_03383__betI__gene,-0.002202746366707119,0.002202746366707119
cnv_depth__IBNLCO_00696__IBNLCO_00696__gene,-0.0022019365843666833,0.0022019365843666833
cnv_depth__IBNLCO_03823__UvrABC__CDS__promoter,-0.0022005919676735992,0.0022005919676735992
cnv_depth__IBNLCO_03739__Outer__CDS__promoter,0.0021994179665141803,0.0021994179665141803
cnv_depth__IBNLCO_00940__Periplasmic__CDS__promoter,0.002199301683560368,0.002199301683560368
cnv_depth__IBNLCO_03227__Large__CDS__promoter,0.0021988150134070257,0.0021988150134070257
cnv_depth__IBNLCO_02064__8-oxoguanine__CDS,-0.0021982438240007183,0.0021982438240007183
cnv_depth__IBNLCO_00296__Manganese__CDS__promoter,-0.0021968523420626035,0.0021968523420626035
cnv_depth__IBNLCO_03936__IBNLCO_03936__gene,-0.0021961367033133962,0.0021961367033133962
cnv_depth__IBNLCO_04774__gnl|Bakta|IBNLCO_04774__CDS,0.0021960934992389814,0.0021960934992389814
cnv_depth__IBNLCO_04996__IBNLCO_04996__gene__promoter,0.0021960216126585244,0.0021960216126585244
cnv_depth__IBNLCO_00520__IBNLCO_00520__gene__promoter,-0.0021951159171184126,0.0021951159171184126
cnv_depth__IBNLCO_05789__IBNLCO_05789__gene,0.002192333924205937,0.002192333924205937
cnv_depth__IBNLCO_03215__Large__CDS__promoter,0.0021920808697368913,0.0021920808697368913
cnv_depth__IBNLCO_03478__3-oxoadipate__CDS__promoter,0.0021914234331634978,0.0021914234331634978
cnv_depth__IBNLCO_04718__IBNLCO_04718__gene__promoter,-0.002191257891186294,0.002191257891186294
cnv_depth__IBNLCO_03310__cheY1__gene__promoter,0.0021909953144146972,0.0021909953144146972
cnv_depth__IBNLCO_03364__IBNLCO_03364__gene,0.0021908447010129885,0.0021908447010129885
cnv_depth__IBNLCO_04125__Response__CDS,0.0021900861559271327,0.0021900861559271327
cnv_depth__IBNLCO_00721__IBNLCO_00721__gene,-0.002189303430293845,0.002189303430293845
cnv_depth__IBNLCO_02135__yffB__gene__promoter,-0.0021878962873132647,0.0021878962873132647
cnv_depth__IBNLCO_02130__cell__CDS__promoter,0.002187224837014301,0.002187224837014301
cnv_depth__IBNLCO_02121__Ribosome-recycling__CDS,0.002187035855659664,0.002187035855659664
cnv_depth__IBNLCO_02924__IBNLCO_02924__gene,-0.0021860049986869097,0.0021860049986869097
cnv_depth__IBNLCO_02868__IBNLCO_02868__gene__promoter,0.0021839643184477084,0.0021839643184477084
cnv_depth__IBNLCO_01387__DUF4123__CDS__promoter,-0.0021835406532950815,0.0021835406532950815
cnv_depth__IBNLCO_03123__IBNLCO_03123__gene__promoter,-0.0021831852194919466,0.0021831852194919466
cnv_depth__IBNLCO_00049__Amino__CDS__promoter,-0.002182676361102577,0.002182676361102577
cnv_depth__IBNLCO_05432__ABC3__CDS,0.002180064041013999,0.002180064041013999
cnv_depth__IBNLCO_01140__IBNLCO_01140__gene__promoter,-0.0021798827078406934,0.0021798827078406934
cnv_depth__IBNLCO_02809__dnaK__gene__promoter,0.002179571843814631,0.002179571843814631
cnv_depth__IBNLCO_04090__IBNLCO_04090__gene__promoter,0.0021794003939624366,0.0021794003939624366
cnv_depth__IBNLCO_03120__IBNLCO_03120__gene,0.002178484386661802,0.002178484386661802
cnv_depth__IBNLCO_03831__IBNLCO_03831__gene,0.002178327675240516,0.002178327675240516
cnv_depth__IBNLCO_00956__IBNLCO_00956__gene,-0.0021764034020876795,0.0021764034020876795
cnv_depth__IBNLCO_02912__IBNLCO_02912__gene__promoter,0.0021757076741769367,0.0021757076741769367
cnv_depth__IBNLCO_00789__TetR__CDS__promoter,0.002175527476553571,0.002175527476553571
cnv_depth__IBNLCO_05500__IBNLCO_05500__gene__promoter,-0.002174475034620865,0.002174475034620865
cnv_depth__IBNLCO_01843__sdpI__gene,0.0021741694189977958,0.0021741694189977958
cnv_depth__IBNLCO_05627__IBNLCO_05627__gene,-0.0021740921234277236,0.0021740921234277236
cnv_depth__IBNLCO_01536__IBNLCO_01536__gene,-0.002172347579190519,0.002172347579190519
cnv_depth__IBNLCO_04278__IBNLCO_04278__gene__promoter,-0.0021722338156546397,0.0021722338156546397
cnv_depth__IBNLCO_00403__Putative__CDS__promoter,-0.002172213371202458,0.002172213371202458
cnv_depth__IBNLCO_02862__Intermembrane__CDS__promoter,0.0021721581303957506,0.0021721581303957506
cnv_depth__IBNLCO_00017__Type__CDS,0.0021720903898345637,0.0021720903898345637
cnv_depth__IBNLCO_03484__Cysteine/O-acetylserine__CDS,0.0021711063969365348,0.0021711063969365348
cnv_depth__IBNLCO_01704__IBNLCO_01704__gene__promoter,-0.002170842179579954,0.002170842179579954
cnv_depth__IBNLCO_01688__IBNLCO_01688__gene,0.0021672623337817207,0.0021672623337817207
cnv_depth__IBNLCO_05649__iclR__gene,-0.0021664092562670226,0.0021664092562670226
cnv_depth__IBNLCO_01248__EamA__CDS,-0.002165896340816758,0.002165896340816758
cnv_depth__IBNLCO_02748__Peptidoglycan-associated__CDS__promoter,0.0021652315724759136,0.0021652315724759136
cnv_depth__IBNLCO_03315__IBNLCO_03315__gene__promoter,0.002164639382136647,0.002164639382136647
cnv_depth__IBNLCO_04322__IBNLCO_04322__gene__promoter,-0.002163876753484611,0.002163876753484611
cnv_depth__IBNLCO_00874__DUF192__CDS__promoter,-0.0021635448950189846,0.0021635448950189846
cnv_depth__IBNLCO_00454__Cytochrome__CDS,0.0021625845722048932,0.0021625845722048932
cnv_depth__IBNLCO_00547__Formyltetrahydrofolate__CDS__promoter,0.0021616787685364543,0.0021616787685364543
cnv_depth__IBNLCO_04016__IBNLCO_04016__gene,-0.002161421553670293,0.002161421553670293
cnv_depth__IBNLCO_05625__yxjC__gene,0.002160332161051699,0.002160332161051699
cnv_depth__IBNLCO_04814__hypothetical__CDS__promoter,0.002159580583010579,0.002159580583010579
cnv_depth__IBNLCO_02095__IBNLCO_02095__gene__promoter,-0.002158914239864793,0.002158914239864793
cnv_depth__IBNLCO_02925__lptE__gene__promoter,0.0021583009158065514,0.0021583009158065514
cnv_depth__IBNLCO_03420__IBNLCO_03420__gene__promoter,-0.002156209512774625,0.002156209512774625
cnv_depth__IBNLCO_04676__hypothetical__CDS__promoter,-0.002154395967065274,0.002154395967065274
cnv_depth__IBNLCO_01535__huxB__gene,-0.0021536702983758343,0.0021536702983758343
cnv_depth__IBNLCO_02069__putative__CDS,-0.002153487911437692,0.002153487911437692
cnv_depth__IBNLCO_00286__IBNLCO_00286__gene__promoter,-0.0021518022622433884,0.0021518022622433884
cnv_depth__IBNLCO_01168__NADH-quinone__CDS,0.002150385848126343,0.002150385848126343
cnv_depth__IBNLCO_04232__H(+)/Cl(-)__CDS,-0.002148493548940122,0.002148493548940122
cnv_depth__IBNLCO_00993__IBNLCO_00993__gene__promoter,-0.0021484475732119757,0.0021484475732119757
cnv_depth__IBNLCO_02160__N-acetyltransferase__CDS,0.002148229079705765,0.002148229079705765
cnv_depth__IBNLCO_01074__Formate-dependent__CDS__promoter,-0.002147561779407119,0.002147561779407119
cnv_depth__IBNLCO_02961__IBNLCO_02961__gene,0.0021472379107151888,0.0021472379107151888
cnv_depth__IBNLCO_01876__IBNLCO_01876__gene,-0.0021468218274466036,0.0021468218274466036
cnv_depth__IBNLCO_02170__Inner__CDS__promoter,0.0021462269880497885,0.0021462269880497885
cnv_depth__IBNLCO_00057__DUF1700__CDS,-0.002145310296562073,0.002145310296562073
cnv_depth__IBNLCO_01317__Phosphate-binding__CDS,-0.002144520280597287,0.002144520280597287
cnv_depth__IBNLCO_00757__IBNLCO_00757__gene,0.002144183698029423,0.002144183698029423
cnv_depth__IBNLCO_00373__Acetyl-CoA__CDS,-0.002144151392288916,0.002144151392288916
cnv_depth__IBNLCO_03754__gntR__gene,0.0021427492931366194,0.0021427492931366194
cnv_depth__IBNLCO_04185__Xenobiotic__CDS,0.0021418210507987106,0.0021418210507987106
cnv_depth__IBNLCO_04723__hypothetical__CDS,0.0021408132756541402,0.0021408132756541402
cnv_depth__IBNLCO_05263__Respiratory__CDS__promoter,0.0021404193105242714,0.0021404193105242714
cnv_depth__IBNLCO_02036__IBNLCO_02036__gene,0.002138601604022573,0.002138601604022573
cnv_depth__IBNLCO_05488__Calcineurin-like__CDS,-0.002137624736576338,0.002137624736576338
cnv_depth__IBNLCO_02972__IBNLCO_02972__gene,0.002137503398129649,0.002137503398129649
cnv_depth__IBNLCO_02801__dnaA__gene,0.002137500874219807,0.002137500874219807
cnv_depth__IBNLCO_03431__IBNLCO_03431__gene__promoter,0.0021363713628500345,0.0021363713628500345
cnv_depth__IBNLCO_04554__IBNLCO_04554__gene__promoter,-0.0021361909355752775,0.0021361909355752775
cnv_depth__IBNLCO_01692__IBNLCO_01692__gene__promoter,0.002136083458369712,0.002136083458369712
cnv_depth__IBNLCO_03166__ugpA__gene,0.002135708435679089,0.002135708435679089
cnv_depth__IBNLCO_02162__trnE__gene__promoter,-0.00213092429038127,0.00213092429038127
cnv_depth__IBNLCO_03717__IBNLCO_03717__gene,0.0021305526580866476,0.0021305526580866476
cnv_depth__IBNLCO_03272__IBNLCO_03272__gene,-0.002128700475861272,0.002128700475861272
cnv_depth__IBNLCO_02942__Polyamine__CDS__promoter,0.00212859895667627,0.00212859895667627
cnv_depth__IBNLCO_04744__Putrescine__CDS,0.0021280445131008825,0.0021280445131008825
cnv_depth__IBNLCO_04727__IBNLCO_04727__gene__promoter,0.0021239304088934317,0.0021239304088934317
cnv_depth__IBNLCO_04314__Universal__CDS,-0.002122826435616395,0.002122826435616395
cnv_depth__IBNLCO_00282__IBNLCO_00282__gene__promoter,0.002120376444857879,0.002120376444857879
cnv_depth__IBNLCO_01992__Thioesterase__CDS,-0.0021185790676919772,0.0021185790676919772
cnv_depth__IBNLCO_02931__IBNLCO_02931__gene__promoter,0.0021168710412797507,0.0021168710412797507
cnv_depth__IBNLCO_01180__Acyl-CoA__CDS,-0.002114101183220123,0.002114101183220123
cnv_depth__IBNLCO_03773__IBNLCO_03773__gene,0.002113667745061829,0.002113667745061829
cnv_depth__IBNLCO_00549__IBNLCO_00549__gene__promoter,0.0021136638470826345,0.0021136638470826345
cnv_depth__IBNLCO_01852__IBNLCO_01852__gene__promoter,0.002113263732436073,0.002113263732436073
cnv_depth__IBNLCO_01843__SdpI__CDS__promoter,-0.002113188458357142,0.002113188458357142
cnv_depth__IBNLCO_05190__IBNLCO_05190__gene,0.002113165120842469,0.002113165120842469
cnv_depth__IBNLCO_01268__IBNLCO_01268__gene__promoter,-0.002112865343390481,0.002112865343390481
cnv_depth__IBNLCO_02705__hmuV__gene__promoter,-0.0021122872325953957,0.0021122872325953957
cnv_depth__IBNLCO_03442__50S__CDS,0.0021117823820684684,0.0021117823820684684
cnv_depth__IBNLCO_02819__Deaminated__CDS,0.002110652681434374,0.002110652681434374
cnv_depth__IBNLCO_04522__IBNLCO_04522__gene__promoter,-0.0021104188830762503,0.0021104188830762503
cnv_depth__IBNLCO_01864__IBNLCO_01864__gene__promoter,0.00210971659897672,0.00210971659897672
cnv_depth__IBNLCO_03432__IBNLCO_03432__gene,-0.0021093971660579333,0.0021093971660579333
cnv_depth__IBNLCO_03659__IBNLCO_03659__gene,-0.0021091724766871445,0.0021091724766871445
cnv_depth__IBNLCO_01409__IBNLCO_01409__gene__promoter,-0.002108656778349499,0.002108656778349499
cnv_depth__IBNLCO_02780__wcbK__gene__promoter,0.0021086393012988776,0.0021086393012988776
cnv_depth__IBNLCO_01974__hypothetical__CDS,-0.0021083457988295418,0.0021083457988295418
cnv_depth__IBNLCO_03220__IBNLCO_03220__gene__promoter,0.002106963996995828,0.002106963996995828
cnv_depth__IBNLCO_02489__IBNLCO_02489__gene,0.0021053782205407772,0.0021053782205407772
cnv_depth__IBNLCO_00185__Exodeoxyribonuclease__CDS__promoter,0.00210491358240823,0.00210491358240823
cnv_depth__IBNLCO_02894__Putative__CDS__promoter,-0.0021043279639830843,0.0021043279639830843
cnv_depth__IBNLCO_00614__IBNLCO_00614__gene__promoter,-0.002102380457441055,0.002102380457441055
cnv_depth__IBNLCO_02077__IBNLCO_02077__gene,0.0021022105731909025,0.0021022105731909025
cnv_depth__IBNLCO_04543__IBNLCO_04543__gene,0.00210174528588286,0.00210174528588286
cnv_depth__IBNLCO_02469__mogA__gene__promoter,-0.0021001230823383876,0.0021001230823383876
cnv_depth__IBNLCO_00246__Dipeptide__CDS__promoter,-0.002098003282749139,0.002098003282749139
cnv_depth__IBNLCO_04118__IBNLCO_04118__gene__promoter,0.0020962006506529793,0.0020962006506529793
cnv_depth__IBNLCO_02653__IBNLCO_02653__gene,0.0020955309361201588,0.0020955309361201588
cnv_depth__IBNLCO_04042__isochorismate__CDS,0.002094624950372591,0.002094624950372591
cnv_depth__IBNLCO_05378__IBNLCO_05378__gene,-0.0020940694646059367,0.0020940694646059367
cnv_depth__IBNLCO_01380__Ricin-type__CDS,-0.0020939330578194997,0.0020939330578194997
cnv_depth__IBNLCO_03708__IBNLCO_03708__gene__promoter,0.0020932081630972467,0.0020932081630972467
cnv_depth__IBNLCO_01664__Fe(3+)-hydroxamate__CDS__promoter,0.0020925815168383447,0.0020925815168383447
cnv_depth__IBNLCO_00645__IBNLCO_00645__gene,-0.0020918129621690703,0.0020918129621690703
cnv_depth__IBNLCO_03714__IBNLCO_03714__gene__promoter,-0.0020908537540019942,0.0020908537540019942
cnv_depth__IBNLCO_02158__IBNLCO_02158__gene__promoter,0.0020899229421891606,0.0020899229421891606
cnv_depth__IBNLCO_05815__Oxygen__CDS__promoter,0.0020889642995308637,0.0020889642995308637
cnv_depth__IBNLCO_02326__IBNLCO_02326__gene,0.0020880964450233383,0.0020880964450233383
cnv_depth__IBNLCO_05333__DUF3501__CDS,0.0020878751300942564,0.0020878751300942564
cnv_depth__IBNLCO_05006__type__CDS,0.0020877715702141736,0.0020877715702141736
cnv_depth__IBNLCO_04519__IBNLCO_04519__gene__promoter,-0.002087396076986758,0.002087396076986758
cnv_depth__IBNLCO_01460__IBNLCO_01460__gene,0.0020866726888587547,0.0020866726888587547
cnv_depth__IBNLCO_03633__IBNLCO_03633__gene__promoter,-0.0020859520096271145,0.0020859520096271145
cnv_depth__IBNLCO_02984__Cytochrome__CDS__promoter,0.0020818498705317736,0.0020818498705317736
cnv_depth__IBNLCO_03254__IBNLCO_03254__gene,0.0020815279027500723,0.0020815279027500723
cnv_depth__IBNLCO_01406__Spore__CDS,-0.002080487814327274,0.002080487814327274
cnv_depth__IBNLCO_00401__2'%2C3'-cyclic-nucleotide__CDS,-0.0020786527209182117,0.0020786527209182117
cnv_depth__IBNLCO_04068__IBNLCO_04068__gene__promoter,0.002077637582452604,0.002077637582452604
cnv_depth__IBNLCO_00525__trnQ__gene__promoter,0.0020757628296514496,0.0020757628296514496
cnv_depth__IBNLCO_03257__Flavoprotein__CDS__promoter,-0.002075323044857392,0.002075323044857392
cnv_depth__IBNLCO_00907__N-acetyltransferase__CDS,-0.002074399157875393,0.002074399157875393
cnv_depth__IBNLCO_05631__IBNLCO_05631__gene__promoter,0.002072482588286335,0.002072482588286335
cnv_depth__IBNLCO_03004__8-oxo-dGTP__CDS__promoter,-0.0020720212441844225,0.0020720212441844225
cnv_depth__IBNLCO_01422__Nudix__CDS__promoter,-0.0020711134542673246,0.0020711134542673246
cnv_depth__IBNLCO_00046__Branched-chain__CDS,-0.002069009168446485,0.002069009168446485
cnv_depth__IBNLCO_03169__3-dehydroquinate__CDS__promoter,-0.0020687603920133296,0.0020687603920133296
cnv_depth__IBNLCO_04525__gnl|Bakta|IBNLCO_04525__CDS,-0.002066828578031343,0.002066828578031343
cnv_depth__IBNLCO_01200__IBNLCO_01200__gene,0.0020653676789974774,0.0020653676789974774
cnv_depth__IBNLCO_03268__pilT__gene__promoter,0.002062487634258189,0.002062487634258189
cnv_depth__IBNLCO_01024__tRNA-Arg(cct)__tRNA,0.0020607219309335535,0.0020607219309335535
cnv_depth__IBNLCO_02629__Thiosulfate__CDS,-0.002060682601376647,0.002060682601376647
cnv_depth__IBNLCO_01568__23S__CDS,-0.0020603658928251955,0.0020603658928251955
cnv_depth__IBNLCO_03216__Large__CDS__promoter,0.0020600786556769384,0.0020600786556769384
cnv_depth__IBNLCO_00173__IBNLCO_00173__gene__promoter,-0.0020597666982017982,0.0020597666982017982
cnv_depth__IBNLCO_05696__Amino__CDS,-0.0020596000806300634,0.0020596000806300634
cnv_depth__IBNLCO_03449__IBNLCO_03449__gene__promoter,0.0020593126940319467,0.0020593126940319467
cnv_depth__IBNLCO_03578__IBNLCO_03578__gene,0.0020590134196113016,0.0020590134196113016
cnv_depth__IBNLCO_03199__IBNLCO_03199__gene,-0.002057078433191222,0.002057078433191222
cnv_depth__IBNLCO_04627__Major__CDS,-0.0020568699070975124,0.0020568699070975124
cnv_depth__IBNLCO_02679__Co-chaperonin__CDS,-0.002056624125439742,0.002056624125439742
cnv_depth__IBNLCO_03021__UDP-N-acetylmuramoyl-L-alanyl-D-glutamate--2%2C6-di__CDS__promoter,-0.0020547396005260216,0.0020547396005260216
cnv_depth__IBNLCO_01296__GST__CDS,-0.0020542496743901142,0.0020542496743901142
cnv_depth__IBNLCO_04627__IBNLCO_04627__gene__promoter,-0.0020528476670104503,0.0020528476670104503
cnv_depth__IBNLCO_05008__HNS-like__CDS,-0.002051603363257064,0.002051603363257064
cnv_depth__IBNLCO_01403__lysR__gene,-0.0020507288124718957,0.0020507288124718957
cnv_depth__IBNLCO_02940__IBNLCO_02940__gene,-0.002050529526455724,0.002050529526455724
cnv_depth__IBNLCO_02242__Putative__CDS,-0.0020499960124766687,0.0020499960124766687
cnv_depth__IBNLCO_04029__IBNLCO_04029__gene__promoter,0.0020491617146850875,0.0020491617146850875
cnv_depth__IBNLCO_05830__IBNLCO_05830__gene__promoter,0.0020482321094552696,0.0020482321094552696
cnv_depth__IBNLCO_05626__IBNLCO_05626__gene,0.0020473252407776977,0.0020473252407776977
cnv_depth__IBNLCO_04990__type__CDS__promoter,-0.002046144946423495,0.002046144946423495
cnv_depth__IBNLCO_02567__IBNLCO_02567__gene__promoter,-0.00204589581919641,0.00204589581919641
cnv_depth__IBNLCO_00556__IBNLCO_00556__gene__promoter,0.002045432577024179,0.002045432577024179
cnv_depth__IBNLCO_00027__fliM__gene,-0.00204540380833251,0.00204540380833251
cnv_depth__IBNLCO_05661__IBNLCO_05661__gene__promoter,0.00204384550453216,0.00204384550453216
cnv_depth__IBNLCO_03823__IBNLCO_03823__gene,-0.00204321270617609,0.00204321270617609
cnv_depth__IBNLCO_03225__Large__CDS,-0.0020430858921370054,0.0020430858921370054
cnv_depth__IBNLCO_03066__ettA__gene__promoter,-0.002042268276668063,0.002042268276668063
cnv_depth__IBNLCO_04168__IBNLCO_04168__gene,-0.0020421516024947276,0.0020421516024947276
cnv_depth__IBNLCO_03055__IBNLCO_03055__gene,0.0020402364562753014,0.0020402364562753014
cnv_depth__IBNLCO_01144__IBNLCO_01144__gene__promoter,0.0020401457980372645,0.0020401457980372645
cnv_depth__IBNLCO_01659__IBNLCO_01659__gene,0.0020398955921352283,0.0020398955921352283
cnv_depth__IBNLCO_02197__IBNLCO_02197__gene,-0.0020395395697898624,0.0020395395697898624
cnv_depth__IBNLCO_03256__IBNLCO_03256__gene,0.0020391108129270527,0.0020391108129270527
cnv_depth__IBNLCO_01529__oxoglutarate__CDS__promoter,-0.002039099337870417,0.002039099337870417
cnv_depth__IBNLCO_02956__IBNLCO_02956__gene,0.0020390239464394724,0.0020390239464394724
cnv_depth__IBNLCO_01367__HTH-type__CDS,-0.002038121857896937,0.002038121857896937
cnv_depth__IBNLCO_05802__NodB-like__CDS,0.0020372475752991914,0.0020372475752991914
cnv_depth__IBNLCO_00256__5-oxoprolinase__CDS,-0.002036918632025763,0.002036918632025763
cnv_depth__IBNLCO_02076__IBNLCO_02076__gene__promoter,0.002036329473990581,0.002036329473990581
cnv_depth__IBNLCO_02473__IBNLCO_02473__gene__promoter,-0.0020356120318537913,0.0020356120318537913
cnv_depth__IBNLCO_01567__Ribonuclease__CDS,0.002034494981637755,0.002034494981637755
cnv_depth__IBNLCO_05580__hypothetical__CDS__promoter,-0.0020322050467622413,0.0020322050467622413
cnv_depth__IBNLCO_00723__atsR__gene,-0.0020312405464595084,0.0020312405464595084
cnv_depth__IBNLCO_01649__IBNLCO_01649__gene,-0.0020307781174178125,0.0020307781174178125
cnv_depth__IBNLCO_03796__hypothetical__CDS,0.0020304305668319297,0.0020304305668319297
cnv_depth__IBNLCO_05525__terC__gene,-0.0020297467709776643,0.0020297467709776643
cnv_depth__IBNLCO_02465__IBNLCO_02465__gene__promoter,-0.0020295345229140514,0.0020295345229140514
cnv_depth__IBNLCO_05160__IBNLCO_05160__gene__promoter,-0.0020282462936629,0.0020282462936629
cnv_depth__IBNLCO_03428__tctD__gene__promoter,0.002026185922561362,0.002026185922561362
cnv_depth__IBNLCO_05580__hypothetical__CDS,0.0020250317225925297,0.0020250317225925297
cnv_depth__IBNLCO_03336__phospholipase__CDS,0.002024980793719589,0.002024980793719589
cnv_depth__IBNLCO_03504__dctD__gene__promoter,-0.0020243717415538297,0.0020243717415538297
cnv_depth__IBNLCO_04931__IBNLCO_04931__gene,0.002022018825309258,0.002022018825309258
cnv_depth__IBNLCO_01310__greA__gene__promoter,-0.002021941171515014,0.002021941171515014
cnv_depth__IBNLCO_01655__Ribose__CDS,0.0020215700706606807,0.0020215700706606807
cnv_depth__IBNLCO_02983__IBNLCO_02983__gene__promoter,0.0020210525952166236,0.0020210525952166236
cnv_depth__IBNLCO_05336__N-acetylmuramoyl-L-alanine__CDS__promoter,-0.002019082136901101,0.002019082136901101
cnv_depth__IBNLCO_00927__Sulfate__CDS__promoter,-0.002018837776158324,0.002018837776158324
cnv_depth__IBNLCO_03235__trnY__gene,0.002017589170068067,0.002017589170068067
cnv_depth__IBNLCO_04619__Nitrate__CDS,-0.002017423165540888,0.002017423165540888
cnv_depth__IBNLCO_02514__ssrA__gene__promoter,-0.0020167780264859414,0.0020167780264859414
cnv_depth__IBNLCO_01459__IBNLCO_01459__gene,-0.0020165857822197,0.0020165857822197
cnv_depth__IBNLCO_05296__LysE__CDS,0.002014878829693301,0.002014878829693301
cnv_depth__IBNLCO_03382__Aspartate__CDS__promoter,-0.002014839891081602,0.002014839891081602
cnv_depth__IBNLCO_01476__IBNLCO_01476__gene,-0.002014799905296711,0.002014799905296711
cnv_depth__IBNLCO_05297__AraC__CDS__promoter,0.0020146271793300367,0.0020146271793300367
cnv_depth__IBNLCO_04621__Oxygen__CDS__promoter,0.0020130964714444076,0.0020130964714444076
cnv_depth__IBNLCO_04625__IBNLCO_04625__gene,-0.0020111299961638016,0.0020111299961638016
cnv_depth__IBNLCO_04946__IBNLCO_04946__gene,-0.002011068867231214,0.002011068867231214
cnv_depth__IBNLCO_01469__IBNLCO_01469__gene,-0.002009693588436632,0.002009693588436632
cnv_depth__IBNLCO_04923__DUF2827__CDS__promoter,-0.0020096053227213256,0.0020096053227213256
cnv_depth__IBNLCO_02783__wcbH__gene,0.0020086310744902875,0.0020086310744902875
cnv_depth__IBNLCO_03414__ncS01__gene__promoter,0.0020082528815930146,0.0020082528815930146
cnv_depth__IBNLCO_01461__Efflux__CDS__promoter,0.002008107379475438,0.002008107379475438
cnv_depth__IBNLCO_04984__tssG__gene__promoter,0.0020073018851660294,0.0020073018851660294
cnv_depth__IBNLCO_03407__Ribosomal__CDS,0.002005391657016219,0.002005391657016219
cnv_depth__IBNLCO_04476__Cytochrome__CDS,0.0020041919730464683,0.0020041919730464683
cnv_depth__IBNLCO_01222__IBNLCO_01222__gene__promoter,-0.002004052195093494,0.002004052195093494
cnv_depth__IBNLCO_02427__Phosphate__CDS__promoter,-0.0020037854667725096,0.0020037854667725096
cnv_depth__IBNLCO_04018__gcvA__gene,-0.0020030342744922314,0.0020030342744922314
cnv_depth__IBNLCO_04832__IBNLCO_04832__gene,-0.002001933554600851,0.002001933554600851
cnv_depth__IBNLCO_01980__IBNLCO_01980__gene__promoter,-0.002001445844473216,0.002001445844473216
cnv_depth__IBNLCO_02076__IBNLCO_02076__gene,0.002001380204004256,0.002001380204004256
cnv_depth__IBNLCO_00382__thiol:disulfide__CDS__promoter,0.002000827133422771,0.002000827133422771
cnv_depth__IBNLCO_01928__50S__CDS,-0.0020008113103650925,0.0020008113103650925
cnv_depth__IBNLCO_05805__IBNLCO_05805__gene__promoter,0.0020007667047036125,0.0020007667047036125
cnv_depth__IBNLCO_04686__hypothetical__CDS,-0.002000471417457783,0.002000471417457783
cnv_depth__IBNLCO_03250__IBNLCO_03250__gene,-0.0019985108496020244,0.0019985108496020244
cnv_depth__IBNLCO_02867__hypothetical__CDS__promoter,-0.0019983928113132374,0.0019983928113132374
cnv_depth__IBNLCO_00822__2-dehydropantoate__CDS,-0.001997907863085472,0.001997907863085472
cnv_depth__IBNLCO_01434__Acyl-CoA__CDS__promoter,-0.001997425714452353,0.001997425714452353
cnv_depth__IBNLCO_03830__hypothetical__CDS__promoter,-0.00199724035484906,0.00199724035484906
cnv_depth__IBNLCO_02535__IBNLCO_02535__gene,-0.0019972326999896724,0.0019972326999896724
cnv_depth__IBNLCO_01730__GHMP__CDS,-0.0019970527689673508,0.0019970527689673508
cnv_depth__IBNLCO_05641__(3S)-malyl-CoA__CDS__promoter,0.001996849409653573,0.001996849409653573
cnv_depth__IBNLCO_04717__IBNLCO_04717__gene,-0.0019955458472297174,0.0019955458472297174
cnv_depth__IBNLCO_05824__Outer__CDS,-0.001991752111176592,0.001991752111176592
cnv_depth__IBNLCO_02439__IBNLCO_02439__gene,0.00199127908423398,0.00199127908423398
cnv_depth__IBNLCO_05764__Major__CDS,0.0019902693866798078,0.0019902693866798078
cnv_depth__IBNLCO_00318__IBNLCO_00318__gene__promoter,0.001988418331582244,0.001988418331582244
cnv_depth__IBNLCO_03510__IBNLCO_03510__gene__promoter,-0.0019876736765764,0.0019876736765764
cnv_depth__IBNLCO_03097__tssM__gene,0.001987302161152088,0.001987302161152088
cnv_depth__IBNLCO_03134__IBNLCO_03134__gene,-0.001986748050402617,0.001986748050402617
cnv_depth__IBNLCO_05844__IBNLCO_05844__gene__promoter,-0.00198607983454405,0.00198607983454405
cnv_depth__IBNLCO_00113__DprA__CDS__promoter,0.0019845334446695387,0.0019845334446695387
cnv_depth__IBNLCO_04006__Serine__CDS,-0.0019843944022440987,0.0019843944022440987
cnv_depth__IBNLCO_03372__Amino__CDS,-0.001983307770018479,0.001983307770018479
cnv_depth__IBNLCO_00997__Histidine__CDS__promoter,-0.0019818442961789355,0.0019818442961789355
cnv_depth__IBNLCO_03158__Amino-acid__CDS__promoter,-0.001981554276393495,0.001981554276393495
cnv_depth__IBNLCO_00291__IBNLCO_00291__gene,-0.0019812376328262934,0.0019812376328262934
cnv_depth__IBNLCO_05135__IBNLCO_05135__gene,-0.001979369666181294,0.001979369666181294
cnv_depth__IBNLCO_05616__ureidoglycolate__CDS__promoter,0.0019782941780759457,0.0019782941780759457
cnv_depth__IBNLCO_05540__Citronellyl-CoA__CDS__promoter,0.0019759594052893644,0.0019759594052893644
cnv_depth__IBNLCO_01265__gntR__gene__promoter,-0.0019758249326150418,0.0019758249326150418
cnv_depth__IBNLCO_04703__IBNLCO_04703__gene,-0.001975550861238174,0.001975550861238174
cnv_depth__IBNLCO_02367__N-succinylglutamate__CDS,-0.0019753791558986956,0.0019753791558986956
cnv_depth__IBNLCO_01317__pstS__gene__promoter,-0.0019733457039284616,0.0019733457039284616
cnv_depth__IBNLCO_03443__Succinylglutamate__CDS,-0.001972844748381518,0.001972844748381518
cnv_depth__IBNLCO_04491__gnl|Bakta|IBNLCO_04491__CDS,-0.0019726094786097765,0.0019726094786097765
cnv_depth__IBNLCO_05315__IBNLCO_05315__gene,0.0019719877341491587,0.0019719877341491587
cnv_depth__IBNLCO_03337__gnl|Bakta|IBNLCO_03337__CDS,0.00197158339916918,0.00197158339916918
cnv_depth__IBNLCO_05653__OpgC__CDS,0.0019696486060806744,0.0019696486060806744
cnv_depth__IBNLCO_05289__CBS__CDS,-0.0019688067411719576,0.0019688067411719576
cnv_depth__IBNLCO_04181__IBNLCO_04181__gene,-0.00196692470123893,0.00196692470123893
cnv_depth__IBNLCO_05104__hrcV__gene__promoter,-0.0019656382691884814,0.0019656382691884814
cnv_depth__IBNLCO_01990__Alpha/beta__CDS,-0.001965170358605623,0.001965170358605623
cnv_depth__IBNLCO_04538__IS5__CDS__promoter,-0.0019639205714688654,0.0019639205714688654
cnv_depth__IBNLCO_00755__IBNLCO_00755__gene,0.001962750608549774,0.001962750608549774
cnv_depth__IBNLCO_00618__IBNLCO_00618__gene,0.001962472341852052,0.001962472341852052
cnv_depth__IBNLCO_01016__DUF5594__CDS__promoter,0.0019596200192928703,0.0019596200192928703
cnv_depth__IBNLCO_05098__IBNLCO_05098__gene__promoter,-0.001959024087328586,0.001959024087328586
cnv_depth__IBNLCO_05422__STAS__CDS,0.001958885857304497,0.001958885857304497
cnv_depth__IBNLCO_04691__IBNLCO_04691__gene,0.0019586404877483974,0.0019586404877483974
cnv_depth__IBNLCO_02994__IBNLCO_02994__gene__promoter,-0.0019585229212399544,0.0019585229212399544
cnv_depth__IBNLCO_02970__IBNLCO_02970__gene__promoter,0.001958295458167529,0.001958295458167529
cnv_depth__IBNLCO_02737__pilW__gene,-0.0019570433494836637,0.0019570433494836637
cnv_depth__IBNLCO_02755__2-dehydro-3-deoxyphosphooctonate__CDS,-0.001955807572546365,0.001955807572546365
cnv_depth__IBNLCO_00362__IBNLCO_00362__gene,-0.0019557721222865157,0.0019557721222865157
cnv_depth__IBNLCO_01058__gnl|Bakta|IBNLCO_01058__CDS__promoter,0.001955347307450958,0.001955347307450958
cnv_depth__IBNLCO_00730__DUF1611__CDS,0.001954614665563209,0.001954614665563209
cnv_depth__IBNLCO_03458__Flagellar__CDS__promoter,-0.00195359840239769,0.00195359840239769
cnv_depth__IBNLCO_01102__Ribonuclease__CDS__promoter,0.001953544537990516,0.001953544537990516
cnv_depth__IBNLCO_05387__IBNLCO_05387__gene,0.001953420587460687,0.001953420587460687
cnv_depth__IBNLCO_03189__Large__CDS,0.0019521786100512592,0.0019521786100512592
cnv_depth__IBNLCO_02702__lysR__gene,-0.0019501397617711935,0.0019501397617711935
cnv_depth__IBNLCO_03139__Histidinol__CDS,-0.0019481724350249494,0.0019481724350249494
cnv_depth__IBNLCO_03045__IBNLCO_03045__gene,-0.001947140088021401,0.001947140088021401
cnv_depth__IBNLCO_01882__IBNLCO_01882__gene,-0.0019466171993943848,0.0019466171993943848
cnv_depth__IBNLCO_02296__putative__CDS,0.0019451744268660833,0.0019451744268660833
cnv_depth__IBNLCO_03820__IBNLCO_03820__gene,0.0019444157861867098,0.0019444157861867098
cnv_depth__IBNLCO_01021__Peptidase__CDS,0.001942159224586765,0.001942159224586765
cnv_depth__IBNLCO_00315__IBNLCO_00315__gene,-0.0019416544579101494,0.0019416544579101494
cnv_depth__IBNLCO_04660__gabR__gene,0.0019401869752089555,0.0019401869752089555
cnv_depth__IBNLCO_02989__IBNLCO_02989__gene__promoter,-0.0019397368967301318,0.0019397368967301318
cnv_depth__IBNLCO_03704__Putative__CDS__promoter,0.0019397171980661588,0.0019397171980661588
cnv_depth__IBNLCO_02989__IBNLCO_02989__gene,0.001937755784973474,0.001937755784973474
cnv_depth__IBNLCO_03035__IBNLCO_03035__gene,0.0019377159043467013,0.0019377159043467013
cnv_depth__IBNLCO_03523__IBNLCO_03523__gene__promoter,0.0019368363801372675,0.0019368363801372675
cnv_depth__IBNLCO_04357__IBNLCO_04357__gene,0.0019362658166418834,0.0019362658166418834
cnv_depth__IBNLCO_02778__gmhA__gene,0.0019361543694032778,0.0019361543694032778
cnv_depth__IBNLCO_05499__40-residue__CDS__promoter,-0.0019358709119251982,0.0019358709119251982
cnv_depth__IBNLCO_03394__IBNLCO_03394__gene,0.0019350185145263603,0.0019350185145263603
cnv_depth__IBNLCO_03160__Glutamate__CDS,-0.0019345798786540745,0.0019345798786540745
cnv_depth__IBNLCO_01361__gnl|Bakta|IBNLCO_01361__CDS,-0.0019344523599526212,0.0019344523599526212
cnv_depth__IBNLCO_05663__HTH__CDS__promoter,0.0019334026205615233,0.0019334026205615233
cnv_depth__IBNLCO_03527__hypothetical__CDS,-0.0019319035224894668,0.0019319035224894668
cnv_depth__IBNLCO_00748__Succinate--CoA__CDS,-0.001931527017478938,0.001931527017478938
cnv_depth__IBNLCO_02880__IBNLCO_02880__gene__promoter,-0.0019315177547412784,0.0019315177547412784
cnv_depth__IBNLCO_03475__HTH__CDS,-0.0019304510878674491,0.0019304510878674491
cnv_depth__IBNLCO_03643__HTH__CDS,0.0019301318649825084,0.0019301318649825084
cnv_depth__IBNLCO_01718__EamA__CDS__promoter,0.0019293191166633102,0.0019293191166633102
cnv_depth__IBNLCO_05118__Carrier__CDS__promoter,0.0019289886801237522,0.0019289886801237522
cnv_depth__IBNLCO_05672__GtrA/DPMS__CDS,0.0019285261262852317,0.0019285261262852317
cnv_depth__IBNLCO_04845__IBNLCO_04845__gene,-0.0019279643315972732,0.0019279643315972732
cnv_depth__IBNLCO_00431__IBNLCO_00431__gene,-0.0019272933347536973,0.0019272933347536973
cnv_depth__IBNLCO_02602__ribD__gene__promoter,-0.0019260059697764598,0.0019260059697764598
cnv_depth__IBNLCO_00210__IBNLCO_00210__gene,-0.0019249114317332302,0.0019249114317332302
cnv_depth__IBNLCO_01363__hypothetical__CDS,-0.0019236872103996024,0.0019236872103996024
cnv_depth__IBNLCO_03572__IBNLCO_03572__gene__promoter,0.0019236353767728804,0.0019236353767728804
cnv_depth__IBNLCO_02779__wcbL__gene,-0.0019225903200427942,0.0019225903200427942
cnv_depth__IBNLCO_05855__IBNLCO_05855__gene,-0.0019218407927263132,0.0019218407927263132
cnv_depth__IBNLCO_05809__hypothetical__CDS,0.0019215370634328623,0.0019215370634328623
cnv_depth__IBNLCO_02783__wcbH__gene__promoter,-0.0019215133763678428,0.0019215133763678428
cnv_depth__IBNLCO_03215__IBNLCO_03215__gene,0.001921186609320156,0.001921186609320156
cnv_depth__IBNLCO_03142__BolA__CDS,-0.0019198758858500352,0.0019198758858500352
cnv_depth__IBNLCO_03146__IBNLCO_03146__gene__promoter,0.0019192875593794267,0.0019192875593794267
cnv_depth__IBNLCO_03453__Sperm-specific__CDS,-0.0019183392020595395,0.0019183392020595395
cnv_depth__IBNLCO_03089__IBNLCO_03089__gene__promoter,0.0019179605318663448,0.0019179605318663448
cnv_depth__IBNLCO_02415__IBNLCO_02415__gene,-0.0019176862758012875,0.0019176862758012875
cnv_depth__IBNLCO_04504__onnB__gene,0.0019173352962175492,0.0019173352962175492
cnv_depth__IBNLCO_05458__IBNLCO_05458__gene__promoter,0.0019172831947233324,0.0019172831947233324
cnv_depth__IBNLCO_00242__lhgO__gene,-0.0019163931324455367,0.0019163931324455367
cnv_depth__IBNLCO_00241__Lon__CDS__promoter,0.0019162127311700642,0.0019162127311700642
cnv_depth__IBNLCO_01483__IBNLCO_01483__gene,-0.0019154627882306417,0.0019154627882306417
cnv_depth__IBNLCO_02146__DUF1853__CDS,0.0019154128850736752,0.0019154128850736752
cnv_depth__IBNLCO_02042__DUF1800__CDS,0.0019130609451310362,0.0019130609451310362
cnv_depth__IBNLCO_05331__mannose-1-phosphate__CDS,-0.0019128512832774992,0.0019128512832774992
cnv_depth__IBNLCO_01889__DUF465__CDS__promoter,0.0019117160268326554,0.0019117160268326554
cnv_depth__IBNLCO_02678__IBNLCO_02678__gene__promoter,-0.0019114769811074581,0.0019114769811074581
cnv_depth__IBNLCO_05762__Putative__CDS,-0.001911376988458988,0.001911376988458988
cnv_depth__IBNLCO_03844__Acetyl-coenzyme__CDS,0.0019112228127454015,0.0019112228127454015
cnv_depth__IBNLCO_01867__IBNLCO_01867__gene,-0.0019109688658034325,0.0019109688658034325
cnv_depth__IBNLCO_04316__Universal__CDS,0.0019104815158072104,0.0019104815158072104
cnv_depth__IBNLCO_03223__IBNLCO_03223__gene__promoter,-0.0019094701380092606,0.0019094701380092606
cnv_depth__IBNLCO_04007__Membrane__CDS,0.0019083390705575774,0.0019083390705575774
cnv_depth__IBNLCO_00529__Formamidopyrimidine-DNA__CDS,0.0019081009625236157,0.0019081009625236157
cnv_depth__IBNLCO_04899__3-oxo-tetronate__CDS,-0.00190777570909841,0.00190777570909841
cnv_depth__IBNLCO_03282__AsnC__CDS,0.0019071707505816887,0.0019071707505816887
cnv_depth__IBNLCO_01589__DUF559__CDS,0.0019044437234716212,0.0019044437234716212
cnv_depth__IBNLCO_00634__IBNLCO_00634__gene__promoter,-0.0019043221268794477,0.0019043221268794477
cnv_depth__IBNLCO_04071__NADPH-dependent__CDS,0.001904163725631564,0.001904163725631564
cnv_depth__IBNLCO_03293__IBNLCO_03293__gene,0.0019022857373107956,0.0019022857373107956
cnv_depth__IBNLCO_04816__IBNLCO_04816__gene,-0.0019018471404234842,0.0019018471404234842
cnv_depth__IBNLCO_03954__IBNLCO_03954__gene,0.0019009514535846192,0.0019009514535846192
cnv_depth__IBNLCO_05208__IBNLCO_05208__gene__promoter,-0.0019002756167847594,0.0019002756167847594
cnv_depth__IBNLCO_02966__IBNLCO_02966__gene__promoter,0.00189893183819715,0.00189893183819715
cnv_depth__IBNLCO_02153__uspA__gene,-0.0018986586476171675,0.0018986586476171675
cnv_depth__IBNLCO_03108__hypothetical__CDS__promoter,-0.0018975457011420004,0.0018975457011420004
cnv_depth__IBNLCO_02367__IBNLCO_02367__gene__promoter,-0.0018972952837423068,0.0018972952837423068
cnv_depth__IBNLCO_02697__IBNLCO_02697__gene,-0.0018972483756593992,0.0018972483756593992
cnv_depth__IBNLCO_03069__IBNLCO_03069__gene,-0.0018968062666089116,0.0018968062666089116
cnv_depth__IBNLCO_02679__IBNLCO_02679__gene__promoter,0.0018964916863326014,0.0018964916863326014
cnv_depth__IBNLCO_02222__Transmembrane__CDS,-0.0018957895727300205,0.0018957895727300205
cnv_depth__IBNLCO_00002__Cation/H+__CDS__promoter,-0.0018956906467259191,0.0018956906467259191
cnv_depth__IBNLCO_03503__histidine__CDS__promoter,-0.0018955117097570599,0.0018955117097570599
cnv_depth__IBNLCO_01170__IBNLCO_01170__gene,-0.001894712097898533,0.001894712097898533
cnv_depth__IBNLCO_04032__IBNLCO_04032__gene,0.0018937821380122578,0.0018937821380122578
cnv_depth__IBNLCO_03380__FAD__CDS,0.0018933836632863544,0.0018933836632863544
cnv_depth__IBNLCO_00357__Potassium__CDS,-0.0018932719246883079,0.0018932719246883079
cnv_depth__IBNLCO_01888__DNA__CDS__promoter,-0.0018929217268915679,0.0018929217268915679
cnv_depth__IBNLCO_03008__IBNLCO_03008__gene,0.0018920708593334827,0.0018920708593334827
cnv_depth__IBNLCO_03846__Uncharacterized__CDS,-0.001891842847483606,0.001891842847483606
cnv_depth__IBNLCO_04303__IBNLCO_04303__gene,-0.0018916168130835073,0.0018916168130835073
cnv_depth__IBNLCO_05585__Type__CDS,0.0018895616839124968,0.0018895616839124968
cnv_depth__IBNLCO_02133__gnl|Bakta|IBNLCO_02133__CDS,0.0018875322929139899,0.0018875322929139899
cnv_depth__IBNLCO_05009__IpaC/SipC__CDS,0.0018874829399693083,0.0018874829399693083
cnv_depth__IBNLCO_01646__Fimbrial__CDS,0.0018860476854930845,0.0018860476854930845
cnv_depth__IBNLCO_00007__pilQ__gene__promoter,0.0018843139367929543,0.0018843139367929543
cnv_depth__IBNLCO_05854__IBNLCO_05854__gene__promoter,0.0018824724534199405,0.0018824724534199405
cnv_depth__IBNLCO_00368__IBNLCO_00368__gene,0.0018823846030941857,0.0018823846030941857
cnv_depth__IBNLCO_01889__DUF465__CDS,-0.0018821454222018763,0.0018821454222018763
cnv_depth__IBNLCO_05496__IBNLCO_05496__gene__promoter,-0.0018815786472851771,0.0018815786472851771
cnv_depth__IBNLCO_00354__Sulfate-binding__CDS,-0.0018805287722733215,0.0018805287722733215
cnv_depth__IBNLCO_00332__EamA__CDS__promoter,-0.001880526928853329,0.001880526928853329
cnv_depth__IBNLCO_02275__IBNLCO_02275__gene,-0.001880358111784865,0.001880358111784865
cnv_depth__IBNLCO_00640__IBNLCO_00640__gene__promoter,-0.001880012664748847,0.001880012664748847
cnv_depth__IBNLCO_00037__cmpD__gene,-0.0018780150537316008,0.0018780150537316008
cnv_depth__IBNLCO_05774__hypothetical__CDS,-0.001876775999962519,0.001876775999962519
cnv_depth__IBNLCO_03263__Betaproteobacteria_toxic_sRNA__gene__promoter,-0.0018754863192348395,0.0018754863192348395
cnv_depth__IBNLCO_00947__ABC__CDS,0.0018750832618082325,0.0018750832618082325
cnv_depth__IBNLCO_02185__Glycosyltransferase__CDS,0.001874770775614421,0.001874770775614421
cnv_depth__IBNLCO_00358__IBNLCO_00358__gene,-0.001874443479578905,0.001874443479578905
cnv_depth__IBNLCO_00580__IBNLCO_00580__gene,0.0018744290535892684,0.0018744290535892684
cnv_depth__unknown__unknown__regulatory.3,-0.0018732915783242895,0.0018732915783242895
cnv_depth__IBNLCO_00411__UPF0250__CDS,-0.0018732414570920388,0.0018732414570920388
cnv_depth__IBNLCO_04943__NADPH--hemoprotein__CDS,-0.0018731145931251741,0.0018731145931251741
cnv_depth__IBNLCO_04994__tssM-5__gene,0.0018716769591462052,0.0018716769591462052
cnv_depth__IBNLCO_04219__IBNLCO_04219__gene,-0.0018708600063872256,0.0018708600063872256
cnv_depth__IBNLCO_01988__IBNLCO_01988__gene__promoter,-0.001868716117497714,0.001868716117497714
cnv_depth__IBNLCO_02825__IBNLCO_02825__gene,-0.0018674001334979303,0.0018674001334979303
cnv_depth__IBNLCO_00028__fliN__gene,0.0018670386649595567,0.0018670386649595567
cnv_depth__IBNLCO_00964__Autotransporter__CDS,0.0018667021170149106,0.0018667021170149106
cnv_depth__IBNLCO_01706__IBNLCO_01706__gene__promoter,0.0018660913553498824,0.0018660913553498824
cnv_depth__IBNLCO_05262__IBNLCO_05262__gene,0.0018655965713151206,0.0018655965713151206
cnv_depth__IBNLCO_01781__IBNLCO_01781__gene,-0.0018650891418505553,0.0018650891418505553
cnv_depth__IBNLCO_05158__moxC__gene__promoter,0.001865051368032112,0.001865051368032112
cnv_depth__IBNLCO_00096__IBNLCO_00096__gene,-0.0018647039426303385,0.0018647039426303385
cnv_depth__IBNLCO_02295__IBNLCO_02295__gene,0.0018629956535281926,0.0018629956535281926
cnv_depth__IBNLCO_02322__hypothetical__CDS__promoter,-0.001862387376133,0.001862387376133
cnv_depth__IBNLCO_05614__lysR__gene__promoter,-0.0018619014174985063,0.0018619014174985063
cnv_depth__IBNLCO_04472__Serine__CDS,0.0018616502903709823,0.0018616502903709823
cnv_depth__IBNLCO_00434__IBNLCO_00434__gene,-0.0018616267361458798,0.0018616267361458798
cnv_depth__IBNLCO_01459__Methyl-accepting__CDS__promoter,-0.0018613601424613184,0.0018613601424613184
cnv_depth__IBNLCO_02477__N-acetyltransferase__CDS,0.001861252930900451,0.001861252930900451
cnv_depth__IBNLCO_05451__ATP__CDS__promoter,-0.001860478967884291,0.001860478967884291
cnv_depth__IBNLCO_05307__Linear__CDS__promoter,0.001860034411461546,0.001860034411461546
cnv_depth__IBNLCO_04907__Glycine__CDS,-0.0018598988768232377,0.0018598988768232377
cnv_depth__IBNLCO_03248__IBNLCO_03248__gene,0.001859848187217738,0.001859848187217738
cnv_depth__IBNLCO_04484__IBNLCO_04484__gene,0.0018597409607822041,0.0018597409607822041
cnv_depth__IBNLCO_01315__IBNLCO_01315__gene__promoter,-0.0018578605546894892,0.0018578605546894892
cnv_depth__IBNLCO_01705__IBNLCO_01705__gene__promoter,-0.0018569948244271262,0.0018569948244271262
cnv_depth__IBNLCO_01677__IBNLCO_01677__gene,-0.0018558356283028203,0.0018558356283028203
cnv_depth__IBNLCO_03446__Isoprenylcysteine__CDS,0.0018552215089779947,0.0018552215089779947
cnv_depth__IBNLCO_03759__IBNLCO_03759__gene__promoter,0.0018551987595420928,0.0018551987595420928
cnv_depth__IBNLCO_00702__IBNLCO_00702__gene__promoter,-0.001854012048747736,0.001854012048747736
cnv_depth__IBNLCO_05032__bprP__gene__promoter,0.0018533660683907568,0.0018533660683907568
cnv_depth__IBNLCO_04656__TauD/TfdA-like__CDS,-0.001853182349606485,0.001853182349606485
cnv_depth__IBNLCO_03892__IBNLCO_03892__gene__promoter,-0.001852775029612253,0.001852775029612253
cnv_depth__IBNLCO_02853__Sec__CDS,0.001851971592019357,0.001851971592019357
cnv_depth__IBNLCO_02253__IBNLCO_02253__gene__promoter,-0.001851631373858479,0.001851631373858479
cnv_depth__IBNLCO_04706__uroporphyrinogen-III__CDS__promoter,0.0018505374600010296,0.0018505374600010296
cnv_depth__IBNLCO_01662__TauD/TfdA-like__CDS,-0.001848482980316124,0.001848482980316124
cnv_depth__IBNLCO_00902__High-affinity__CDS__promoter,-0.0018479961458464386,0.0018479961458464386
cnv_depth__IBNLCO_01415__IBNLCO_01415__gene,-0.0018478778901977184,0.0018478778901977184
cnv_depth__IBNLCO_05852__Chromosome__CDS,0.0018473375437071254,0.0018473375437071254
cnv_depth__IBNLCO_03087__IBNLCO_03087__gene,-0.0018469558814692122,0.0018469558814692122
cnv_depth__IBNLCO_05208__Succinate__CDS,0.0018464803207570762,0.0018464803207570762
cnv_depth__IBNLCO_02994__Large__CDS,0.0018460618833605197,0.0018460618833605197
cnv_depth__IBNLCO_00395__IBNLCO_00395__gene__promoter,0.0018457740818973235,0.0018457740818973235
cnv_depth__IBNLCO_00532__IBNLCO_00532__gene,-0.0018447996895964035,0.0018447996895964035
cnv_depth__IBNLCO_02754__hypothetical__CDS,-0.0018414256807900637,0.0018414256807900637
cnv_depth__IBNLCO_01546__IBNLCO_01546__gene__promoter,0.0018412572510198414,0.0018412572510198414
cnv_depth__IBNLCO_02766__IBNLCO_02766__gene,-0.00184089565503687,0.00184089565503687
cnv_depth__IBNLCO_02670__gnl|Bakta|IBNLCO_02670__CDS__promoter,-0.0018407098758403855,0.0018407098758403855
cnv_depth__IBNLCO_00346__IBNLCO_00346__gene,-0.0018403186823849017,0.0018403186823849017
cnv_depth__IBNLCO_00366__IBNLCO_00366__gene,0.0018401320095787572,0.0018401320095787572
cnv_depth__IBNLCO_00834__IBNLCO_00834__gene__promoter,-0.0018375571889083602,0.0018375571889083602
cnv_depth__IBNLCO_03706__luxP__gene__promoter,0.0018369835773598044,0.0018369835773598044
cnv_depth__IBNLCO_03700__IBNLCO_03700__gene__promoter,-0.001836980350052101,0.001836980350052101
cnv_depth__IBNLCO_05484__IBNLCO_05484__gene,-0.0018368361544759523,0.0018368361544759523
cnv_depth__IBNLCO_04836__IBNLCO_04836__gene,-0.0018361805575150773,0.0018361805575150773
cnv_depth__IBNLCO_04464__IBNLCO_04464__gene__promoter,0.001835209156190613,0.001835209156190613
cnv_depth__IBNLCO_00437__IBNLCO_00437__gene__promoter,0.0018352088153654187,0.0018352088153654187
cnv_depth__IBNLCO_01237__IBNLCO_01237__gene__promoter,-0.0018351368531520469,0.0018351368531520469
cnv_depth__IBNLCO_02919__2-dehydro-3-deoxy-phosphogluconate__CDS,0.001833300594458659,0.001833300594458659
cnv_depth__IBNLCO_03152__Thiazole__CDS__promoter,0.001831867919987814,0.001831867919987814
cnv_depth__IBNLCO_05259__(2Fe-2S)-binding__CDS__promoter,0.0018313017577349865,0.0018313017577349865
cnv_depth__IBNLCO_04520__IBNLCO_04520__gene,0.0018286888878879643,0.0018286888878879643
cnv_depth__IBNLCO_05258__Exodeoxyribonuclease__CDS,0.0018275521224409587,0.0018275521224409587
cnv_depth__IBNLCO_00954__Cobalamin__CDS__promoter,-0.0018271457555241342,0.0018271457555241342
cnv_depth__IBNLCO_03499__Type__CDS__promoter,-0.001826208530659669,0.001826208530659669
cnv_depth__IBNLCO_03029__4Fe-4S__CDS__promoter,-0.0018231507999347423,0.0018231507999347423
cnv_depth__IBNLCO_00826__hypothetical__CDS__promoter,0.0018227972598500479,0.0018227972598500479
cnv_depth__IBNLCO_04978__sensor__CDS,-0.0018204357539017872,0.0018204357539017872
cnv_depth__IBNLCO_03394__3-[(3aS%2C4S%2C7aS)-7a-methyl-1%2C__CDS__promoter,-0.0018203115747944174,0.0018203115747944174
cnv_depth__IBNLCO_01502__IBNLCO_01502__gene,-0.0018200658537244707,0.0018200658537244707
cnv_depth__IBNLCO_01360__glgB__gene__promoter,0.001819651375372435,0.001819651375372435
cnv_depth__IBNLCO_00499__IBNLCO_00499__gene__promoter,0.001819228599348413,0.001819228599348413
cnv_depth__IBNLCO_05587__IBNLCO_05587__gene,0.0018189552501468994,0.0018189552501468994
cnv_depth__IBNLCO_03105__Hcp1__CDS,0.0018173509743886586,0.0018173509743886586
cnv_depth__IBNLCO_04938__Putative__CDS__promoter,-0.001815597130090586,0.001815597130090586
cnv_depth__IBNLCO_04318__Theronine__CDS,-0.001814528512353606,0.001814528512353606
cnv_depth__IBNLCO_04773__Protocatechuate__CDS,-0.0018139197720885181,0.0018139197720885181
cnv_depth__IBNLCO_05763__4'-phosphopantetheinyl__CDS__promoter,-0.0018138043946646183,0.0018138043946646183
cnv_depth__IBNLCO_01882__Acetoacetyl-CoA__CDS__promoter,0.0018137666064462529,0.0018137666064462529
cnv_depth__IBNLCO_01849__mexB__gene,0.0018132484623971624,0.0018132484623971624
cnv_depth__IBNLCO_05666__IBNLCO_05666__gene__promoter,-0.0018128865572363893,0.0018128865572363893
cnv_depth__IBNLCO_03044__Ribulose-phosphate__CDS,-0.0018126097433362616,0.0018126097433362616
cnv_depth__IBNLCO_05788__Porin__CDS,-0.0018124530986524006,0.0018124530986524006
cnv_depth__IBNLCO_04868__gnl|Bakta|IBNLCO_04868__CDS__promoter,0.0018117060147885052,0.0018117060147885052
cnv_depth__IBNLCO_00606__IBNLCO_00606__gene,0.0018099894288321568,0.0018099894288321568
cnv_depth__IBNLCO_04657__Polyketide__CDS,0.0018098373366235963,0.0018098373366235963
cnv_depth__IBNLCO_05230__Spermidine/putrescine__CDS__promoter,0.0018090295935433728,0.0018090295935433728
cnv_depth__IBNLCO_00228__flagellar__CDS,-0.0018040161118624447,0.0018040161118624447
cnv_depth__IBNLCO_02645__3-deoxy-D-manno-oct-2-ulosonic__CDS__promoter,-0.001801964145923685,0.001801964145923685
cnv_depth__IBNLCO_05512__AB__CDS,0.0017993283505525423,0.0017993283505525423
cnv_depth__IBNLCO_05080__type__CDS__promoter,0.0017989062385835774,0.0017989062385835774
cnv_depth__IBNLCO_00582__IBNLCO_00582__gene__promoter,0.0017983542683487393,0.0017983542683487393
cnv_depth__IBNLCO_03225__Large__CDS__promoter,0.0017957993841290238,0.0017957993841290238
cnv_depth__IBNLCO_02137__Ribosomal__CDS__promoter,0.001794711551940062,0.001794711551940062
cnv_depth__IBNLCO_05040__Carboxypeptidase__CDS,-0.0017942605447122382,0.0017942605447122382
cnv_depth__IBNLCO_01551__hypothetical__CDS,-0.0017942071507432926,0.0017942071507432926
cnv_depth__IBNLCO_05825__Macrolide__CDS__promoter,-0.0017940629991008302,0.0017940629991008302
cnv_depth__IBNLCO_02207__tRNA(Ile)-lysidine__CDS,-0.0017938778390749381,0.0017938778390749381
cnv_depth__IBNLCO_02708__IBNLCO_02708__gene__promoter,-0.0017935002562631842,0.0017935002562631842
cnv_depth__IBNLCO_04171__IBNLCO_04171__gene__promoter,0.0017910382417944668,0.0017910382417944668
cnv_depth__IBNLCO_00835__Quercetin__CDS,-0.0017906046033290019,0.0017906046033290019
cnv_depth__IBNLCO_03311__motB__gene__promoter,0.0017894034593753305,0.0017894034593753305
cnv_depth__IBNLCO_03081__rutE__gene,-0.0017891135355647136,0.0017891135355647136
cnv_depth__IBNLCO_03376__Cadmium__CDS__promoter,0.0017881013644524659,0.0017881013644524659
cnv_depth__IBNLCO_03416__Branched-chain__CDS,-0.0017878956061548278,0.0017878956061548278
cnv_depth__IBNLCO_01891__IBNLCO_01891__gene,0.0017872066152751936,0.0017872066152751936
cnv_depth__IBNLCO_05615__Alpha-hydroxy-acid__CDS__promoter,-0.001784962576020412,0.001784962576020412
cnv_depth__IBNLCO_04120__Pesticidal__CDS,0.001784614160087719,0.001784614160087719
cnv_depth__IBNLCO_02502__Lipopolysaccharide__CDS,0.0017827710398782579,0.0017827710398782579
cnv_depth__IBNLCO_01867__Inosine-5'-monophosphate__CDS__promoter,0.0017822886924087566,0.0017822886924087566
cnv_depth__IBNLCO_02423__Acyl__CDS,-0.001782155750129827,0.001782155750129827
cnv_depth__IBNLCO_01111__mabA__gene,-0.001781989808050196,0.001781989808050196
cnv_depth__IBNLCO_03058__Ribosome-binding__CDS__promoter,-0.0017816389297277773,0.0017816389297277773
cnv_depth__IBNLCO_02815__NAD__CDS,0.001780699455456266,0.001780699455456266
cnv_depth__IBNLCO_01206__C-type__CDS,0.0017799554908206076,0.0017799554908206076
cnv_depth__IBNLCO_01855__norR__gene,-0.00177982139167763,0.00177982139167763
cnv_depth__IBNLCO_05803__IBNLCO_05803__gene,0.0017791438577222907,0.0017791438577222907
cnv_depth__IBNLCO_05113__IBNLCO_05113__gene__promoter,-0.001779017891040523,0.001779017891040523
cnv_depth__IBNLCO_02392__IBNLCO_02392__gene,0.001778728258768772,0.001778728258768772
cnv_depth__IBNLCO_03826__efeU__gene,-0.0017785722527447884,0.0017785722527447884
cnv_depth__IBNLCO_02717__D-lactate__CDS,0.0017771589969925554,0.0017771589969925554
cnv_depth__IBNLCO_04608__Formate__CDS__promoter,-0.0017763754419693736,0.0017763754419693736
cnv_depth__IBNLCO_05843__diguanylate__CDS,0.0017760996654984146,0.0017760996654984146
cnv_depth__IBNLCO_00112__hypothetical__CDS__promoter,0.0017752663423686143,0.0017752663423686143
cnv_depth__IBNLCO_01298__UPF0060__CDS,-0.001774815761559416,0.001774815761559416
cnv_depth__IBNLCO_00599__zraR__gene,0.00177420530107669,0.00177420530107669
cnv_depth__IBNLCO_03577__IBNLCO_03577__gene,0.0017739734618923036,0.0017739734618923036
cnv_depth__IBNLCO_04466__IBNLCO_04466__gene__promoter,-0.0017733114244026192,0.0017733114244026192
cnv_depth__IBNLCO_02057__PspA/IM30__CDS,-0.001771549528571138,0.001771549528571138
cnv_depth__IBNLCO_01987__Glycine__CDS,-0.0017703761784237373,0.0017703761784237373
cnv_depth__IBNLCO_04019__gnl|Bakta|IBNLCO_04019__CDS,-0.0017696287780694547,0.0017696287780694547
cnv_depth__IBNLCO_01546__hypothetical__CDS,-0.0017691983329619497,0.0017691983329619497
cnv_depth__IBNLCO_05747__IBNLCO_05747__gene,0.0017688840111193468,0.0017688840111193468
cnv_depth__IBNLCO_03821__3-hydroxybutyrate__CDS__promoter,-0.0017677527155545317,0.0017677527155545317
cnv_depth__IBNLCO_05395__IBNLCO_05395__gene,-0.0017666279790224495,0.0017666279790224495
cnv_depth__IBNLCO_05248__trnI__gene__promoter,0.001765765043073177,0.001765765043073177
cnv_depth__IBNLCO_04786__IBNLCO_04786__gene,0.001765204120885568,0.001765204120885568
cnv_depth__IBNLCO_03596__Solute-binding__CDS__promoter,0.0017641566090471248,0.0017641566090471248
cnv_depth__IBNLCO_01708__ABC__CDS,-0.001763875093496842,0.001763875093496842
cnv_depth__IBNLCO_01421__IBNLCO_01421__gene__promoter,-0.001763510508405275,0.001763510508405275
cnv_depth__IBNLCO_02527__Aspartyl-tRNA(Asn)/glutamyl-tRNA(Gln)__CDS,0.0017626657534788757,0.0017626657534788757
cnv_depth__IBNLCO_01297__L-Proline/Glycine__CDS,-0.0017613557339358522,0.0017613557339358522
cnv_depth__IBNLCO_02126__Bifunctional__CDS,-0.0017610623345787337,0.0017610623345787337
cnv_depth__IBNLCO_01169__IBNLCO_01169__gene__promoter,0.001760564499115446,0.001760564499115446
cnv_depth__IBNLCO_01665__IBNLCO_01665__gene,-0.0017601986060536787,0.0017601986060536787
cnv_depth__IBNLCO_03401__ATP__CDS__promoter,0.0017595252391144668,0.0017595252391144668
cnv_depth__IBNLCO_00419__3-hydroxyacyl-CoA__CDS,0.001758886627263417,0.001758886627263417
cnv_depth__IBNLCO_03381__IBNLCO_03381__gene__promoter,-0.0017577951059055872,0.0017577951059055872
cnv_depth__IBNLCO_01457__IBNLCO_01457__gene,0.0017571351901757536,0.0017571351901757536
cnv_depth__IBNLCO_03412__IBNLCO_03412__gene,0.0017570351784470433,0.0017570351784470433
cnv_depth__IBNLCO_05641__IBNLCO_05641__gene,0.0017567371563194075,0.0017567371563194075
cnv_depth__IBNLCO_00099__Putrescine-binding__CDS,0.001756615389001388,0.001756615389001388
cnv_depth__IBNLCO_00815__nepI__gene__promoter,-0.0017553372496112774,0.0017553372496112774
cnv_depth__IBNLCO_01207__IBNLCO_01207__gene,0.0017545267378209317,0.0017545267378209317
cnv_depth__IBNLCO_00396__IBNLCO_00396__gene,0.0017525291152515677,0.0017525291152515677
cnv_depth__IBNLCO_01978__ATPase__CDS,-0.0017520988521802637,0.0017520988521802637
cnv_depth__IBNLCO_01017__IBNLCO_01017__gene__promoter,0.0017519965693794711,0.0017519965693794711
cnv_depth__IBNLCO_00377__ABC__CDS__promoter,0.0017502509409172366,0.0017502509409172366
cnv_depth__IBNLCO_01270__lysR__gene__promoter,-0.0017492609526885289,0.0017492609526885289
cnv_depth__IBNLCO_00055__Glucose-methanol-choline__CDS,0.0017491782650328489,0.0017491782650328489
cnv_depth__IBNLCO_03133__hisF__gene__promoter,-0.0017490624437626453,0.0017490624437626453
cnv_depth__IBNLCO_00731__IBNLCO_00731__gene__promoter,0.0017489334323675788,0.0017489334323675788
cnv_depth__IBNLCO_01327__Membrane__CDS,-0.001746497466992992,0.001746497466992992
cnv_depth__IBNLCO_04214__malT__gene__promoter,-0.0017464425341363135,0.0017464425341363135
cnv_depth__IBNLCO_00867__mdtD__gene,0.0017455568173541805,0.0017455568173541805
cnv_depth__IBNLCO_01408__PapC-like__CDS__promoter,0.0017455186477262875,0.0017455186477262875
cnv_depth__IBNLCO_00011__IBNLCO_00011__gene,0.001745496075710376,0.001745496075710376
cnv_depth__IBNLCO_03288__IBNLCO_03288__gene,-0.0017453304361904703,0.0017453304361904703
cnv_depth__IBNLCO_04039__IBNLCO_04039__gene,0.001744937551929737,0.001744937551929737
cnv_depth__IBNLCO_02074__GntR__CDS,-0.0017449310399734197,0.0017449310399734197
cnv_depth__IBNLCO_03729__IBNLCO_03729__gene,-0.0017441953350930146,0.0017441953350930146
cnv_depth__IBNLCO_00697__IBNLCO_00697__gene,0.0017434164654895011,0.0017434164654895011
cnv_depth__IBNLCO_05004__bapC__gene,0.001742274864539969,0.001742274864539969
cnv_depth__IBNLCO_03778__coiA__gene__promoter,-0.001741665920519861,0.001741665920519861
cnv_depth__IBNLCO_03956__IBNLCO_03956__gene,0.0017412584690430484,0.0017412584690430484
cnv_depth__IBNLCO_05665__Putative__CDS,-0.0017409837379243674,0.0017409837379243674
cnv_depth__IBNLCO_03991__IBNLCO_03991__gene,0.0017396049076278078,0.0017396049076278078
cnv_depth__IBNLCO_04683__IBNLCO_04683__gene,-0.00173950440990095,0.00173950440990095
cnv_depth__IBNLCO_00286__IBNLCO_00286__gene,-0.0017394933321218762,0.0017394933321218762
cnv_depth__IBNLCO_02756__gnl|Bakta|IBNLCO_02756__CDS__promoter,-0.0017383250484370627,0.0017383250484370627
cnv_depth__IBNLCO_04451__D-alanyl-D-alanine__CDS,0.0017369854796127342,0.0017369854796127342
cnv_depth__IBNLCO_01721__hypothetical__CDS__promoter,-0.0017369822070296183,0.0017369822070296183
cnv_depth__IBNLCO_05462__Beta-lactoglobulin__CDS__promoter,-0.0017367653337538062,0.0017367653337538062
cnv_depth__IBNLCO_01041__N-carbamoyl-L-amino-acid__CDS__promoter,-0.0017364293960938646,0.0017364293960938646
cnv_depth__IBNLCO_02949__IBNLCO_02949__gene,0.0017362178467532018,0.0017362178467532018
cnv_depth__IBNLCO_03469__IBNLCO_03469__gene__promoter,0.0017354352644153486,0.0017354352644153486
cnv_depth__IBNLCO_00660__corC__gene,-0.0017341901063156597,0.0017341901063156597
cnv_depth__IBNLCO_00819__IBNLCO_00819__gene__promoter,-0.0017338985046238173,0.0017338985046238173
cnv_depth__IBNLCO_05035__IBNLCO_05035__gene,0.001732626570690487,0.001732626570690487
cnv_depth__IBNLCO_03170__IBNLCO_03170__gene,-0.0017325450653254836,0.0017325450653254836
cnv_depth__IBNLCO_03227__IBNLCO_03227__gene,0.0017321650899421112,0.0017321650899421112
cnv_depth__IBNLCO_00537__IBNLCO_00537__gene,-0.0017319721020013306,0.0017319721020013306
cnv_depth__IBNLCO_00597__IBNLCO_00597__gene__promoter,0.0017276328697162088,0.0017276328697162088
cnv_depth__IBNLCO_03566__IBNLCO_03566__gene,-0.0017274684856562065,0.0017274684856562065
cnv_depth__IBNLCO_01422__Nudix__CDS,-0.0017274585589987753,0.0017274585589987753
cnv_depth__IBNLCO_04424__yncA__gene__promoter,-0.001726709929528149,0.001726709929528149
cnv_depth__IBNLCO_03707__IBNLCO_03707__gene,0.0017265089619265261,0.0017265089619265261
cnv_depth__IBNLCO_04037__livG__gene__promoter,-0.0017264300968993114,0.0017264300968993114
cnv_depth__IBNLCO_05041__IBNLCO_05041__gene__promoter,-0.0017231562003005027,0.0017231562003005027
cnv_depth__IBNLCO_02263__Cysteine-rich__CDS,-0.001722934326679969,0.001722934326679969
cnv_depth__IBNLCO_02011__ppiD__gene,-0.0017224457476155038,0.0017224457476155038
cnv_depth__IBNLCO_03522__IBNLCO_03522__gene,-0.0017214692500037488,0.0017214692500037488
cnv_depth__IBNLCO_01383__tssF__gene,-0.001720955721777496,0.001720955721777496
cnv_depth__IBNLCO_02557__DNA-directed__CDS__promoter,-0.0017201696240123166,0.0017201696240123166
cnv_depth__IBNLCO_00953__IBNLCO_00953__gene__promoter,0.0017192928071221591,0.0017192928071221591
cnv_depth__IBNLCO_01377__hypothetical__CDS__promoter,0.0017187507477406812,0.0017187507477406812
cnv_depth__IBNLCO_01004__histidine__CDS,-0.0017184704365000075,0.0017184704365000075
cnv_depth__IBNLCO_05679__IBNLCO_05679__gene__promoter,-0.0017171262503178093,0.0017171262503178093
cnv_depth__IBNLCO_00186__IBNLCO_00186__gene,-0.0017157082046132931,0.0017157082046132931
cnv_depth__IBNLCO_03427__IBNLCO_03427__gene,0.0017134358680709308,0.0017134358680709308
cnv_depth__IBNLCO_05771__2-oxoisovalerate__CDS,0.0017134287989237277,0.0017134287989237277
cnv_depth__IBNLCO_04608__Formate__CDS,0.0017133640680153123,0.0017133640680153123
cnv_depth__IBNLCO_01143__IBNLCO_01143__gene__promoter,-0.0017130709550007908,0.0017130709550007908
cnv_depth__IBNLCO_01394__vgrG1__gene__promoter,-0.0017124001608315588,0.0017124001608315588
cnv_depth__IBNLCO_04402__hypothetical__CDS,-0.0017105556833310054,0.0017105556833310054
cnv_depth__IBNLCO_03258__IBNLCO_03258__gene,0.0017104079499500131,0.0017104079499500131
cnv_depth__IBNLCO_02281__IBNLCO_02281__gene__promoter,0.0017093855210830046,0.0017093855210830046
cnv_depth__IBNLCO_03599__IBNLCO_03599__gene__promoter,0.0017079871063484938,0.0017079871063484938
cnv_depth__IBNLCO_03410__ABC__CDS,0.0017075549010605489,0.0017075549010605489
cnv_depth__IBNLCO_03500__IBNLCO_03500__gene,0.0017071531440915994,0.0017071531440915994
cnv_depth__IBNLCO_05026__type__CDS__promoter,-0.0017070830615013746,0.0017070830615013746
cnv_depth__IBNLCO_02467__pmbA__gene,-0.0017069977912332161,0.0017069977912332161
cnv_depth__IBNLCO_03440__yceI__gene__promoter,0.0017059722233806111,0.0017059722233806111
cnv_depth__IBNLCO_00444__Thiosulfate__CDS,-0.001705709508269353,0.001705709508269353
cnv_depth__IBNLCO_05460__IBNLCO_05460__gene,0.0017049022838785852,0.0017049022838785852
cnv_depth__IBNLCO_04810__IBNLCO_04810__gene__promoter,0.0017042647003513447,0.0017042647003513447
cnv_depth__IBNLCO_01485__2%2C3-dihydro-2%2C3-dihydroxybenzoate__CDS__promoter,0.0017031610465789249,0.0017031610465789249
cnv_depth__IBNLCO_04631__IBNLCO_04631__gene__promoter,0.0017028018740222679,0.0017028018740222679
cnv_depth__IBNLCO_02009__ATP-binding__CDS,0.0017026306729422166,0.0017026306729422166
cnv_depth__IBNLCO_01694__MFS__CDS__promoter,-0.0016970689016258427,0.0016970689016258427
cnv_depth__IBNLCO_04458__hypothetical__CDS,-0.0016967952030751492,0.0016967952030751492
cnv_depth__IBNLCO_04137__HTH__CDS,-0.0016964760219274693,0.0016964760219274693
cnv_depth__IBNLCO_01887__bamD__gene,0.001695837944921075,0.001695837944921075
cnv_depth__IBNLCO_02759__IBNLCO_02759__gene__promoter,-0.0016947903880332748,0.0016947903880332748
cnv_depth__IBNLCO_01491__2-iminobutanoate/2-iminopropanoate__CDS__promoter,-0.0016917896981846106,0.0016917896981846106
cnv_depth__IBNLCO_01972__IBNLCO_01972__gene__promoter,0.001691678344867553,0.001691678344867553
cnv_depth__IBNLCO_00635__IBNLCO_00635__gene,0.0016907077081122117,0.0016907077081122117
cnv_depth__IBNLCO_01235__IBNLCO_01235__gene__promoter,0.0016900447664119486,0.0016900447664119486
cnv_depth__IBNLCO_04453__IBNLCO_04453__gene,-0.0016900091418026355,0.0016900091418026355
cnv_depth__IBNLCO_04466__IBNLCO_04466__gene,-0.001688553141435937,0.001688553141435937
cnv_depth__IBNLCO_03206__Large__CDS__promoter,0.0016877716901476795,0.0016877716901476795
cnv_depth__IBNLCO_02046__histidine__CDS,-0.0016877416917932399,0.0016877416917932399
cnv_depth__IBNLCO_03224__DNA-directed__CDS,0.0016869199446894777,0.0016869199446894777
cnv_depth__IBNLCO_04188__IBNLCO_04188__gene__promoter,0.0016863453356133586,0.0016863453356133586
cnv_depth__IBNLCO_01640__IBNLCO_01640__gene__promoter,-0.0016862215119544742,0.0016862215119544742
cnv_depth__IBNLCO_03799__3-dehydroshikimate__CDS__promoter,-0.0016834524919392127,0.0016834524919392127
cnv_depth__IBNLCO_01499__IBNLCO_01499__gene__promoter,-0.0016832584061985388,0.0016832584061985388
cnv_depth__IBNLCO_02573__minD__gene,0.0016832135678473512,0.0016832135678473512
cnv_depth__IBNLCO_01374__IBNLCO_01374__gene,-0.0016816161076790787,0.0016816161076790787
cnv_depth__IBNLCO_03618__TagK__CDS__promoter,0.0016812982324165028,0.0016812982324165028
cnv_depth__IBNLCO_05181__IBNLCO_05181__gene__promoter,0.00168117126682027,0.00168117126682027
cnv_depth__IBNLCO_00373__Acetyl-CoA__CDS__promoter,-0.00168089374375481,0.00168089374375481
cnv_depth__IBNLCO_01492__IBNLCO_01492__gene,-0.0016803220769027656,0.0016803220769027656
cnv_depth__IBNLCO_05643__Zinc-binding__CDS,0.001679169011044162,0.001679169011044162
cnv_depth__IBNLCO_02374__hisM__gene__promoter,0.0016786313965414731,0.0016786313965414731
cnv_depth__IBNLCO_04147__Dimethyl-sulfide__CDS__promoter,0.001677924561977109,0.001677924561977109
cnv_depth__IBNLCO_01129__IBNLCO_01129__gene__promoter,0.001677777042363397,0.001677777042363397
cnv_depth__IBNLCO_05678__Pilus__CDS,-0.0016749890172366277,0.0016749890172366277
cnv_depth__IBNLCO_05822__DUF4345__CDS,-0.0016748505441967132,0.0016748505441967132
cnv_depth__IBNLCO_01841__IBNLCO_01841__gene__promoter,0.0016747525872741482,0.0016747525872741482
cnv_depth__IBNLCO_00652__eamA__gene__promoter,0.0016745411615744527,0.0016745411615744527
cnv_depth__IBNLCO_03136__UPF0056__CDS,-0.0016725673122073524,0.0016725673122073524
cnv_depth__IBNLCO_02169__ABC-type__CDS__promoter,0.0016725302685942696,0.0016725302685942696
cnv_depth__IBNLCO_03143__IBNLCO_03143__gene,0.001671937289954007,0.001671937289954007
cnv_depth__IBNLCO_02051__IBNLCO_02051__gene,-0.0016715057656826176,0.0016715057656826176
cnv_depth__IBNLCO_03029__IBNLCO_03029__gene,0.0016712381678022203,0.0016712381678022203
cnv_depth__IBNLCO_02894__erpA__gene,0.0016711033967984547,0.0016711033967984547
cnv_depth__IBNLCO_04901__Hydroxypyruvate__CDS,-0.0016709223860311207,0.0016709223860311207
cnv_depth__IBNLCO_00578__IBNLCO_00578__gene__promoter,0.0016704787972809762,0.0016704787972809762
cnv_depth__IBNLCO_04472__mprA__gene__promoter,-0.0016687514352012492,0.0016687514352012492
cnv_depth__IBNLCO_04711__gnl|Bakta|IBNLCO_04711__CDS,-0.0016651462133204303,0.0016651462133204303
cnv_depth__IBNLCO_05757__BON__CDS,0.0016648167608787371,0.0016648167608787371
cnv_depth__IBNLCO_05039__L-lactate__CDS,-0.0016644384426831448,0.0016644384426831448
cnv_depth__IBNLCO_00552__PIN__CDS,0.0016639240566848552,0.0016639240566848552
cnv_depth__IBNLCO_05700__IBNLCO_05700__gene,0.0016624143557327116,0.0016624143557327116
cnv_depth__IBNLCO_04575__ftsH__gene,-0.0016613105200215335,0.0016613105200215335
cnv_depth__IBNLCO_04736__IBNLCO_04736__gene,-0.0016600860848510145,0.0016600860848510145
cnv_depth__IBNLCO_01169__NADH-quinone__CDS,0.001659673222998393,0.001659673222998393
cnv_depth__IBNLCO_03199__Small__CDS__promoter,0.0016593134472821485,0.0016593134472821485
cnv_depth__IBNLCO_04614__hypothetical__CDS__promoter,0.0016583122733761224,0.0016583122733761224
cnv_depth__IBNLCO_04700__ftsI__gene,-0.0016577870418812532,0.0016577870418812532
cnv_depth__IBNLCO_04320__IBNLCO_04320__gene,-0.0016572981696957522,0.0016572981696957522
cnv_depth__IBNLCO_02901__gnl|Bakta|IBNLCO_02901__CDS,-0.0016566704689817962,0.0016566704689817962
cnv_depth__IBNLCO_04682__IBNLCO_04682__gene,-0.00165632692587059,0.00165632692587059
cnv_depth__IBNLCO_03408__mnmG__gene__promoter,0.0016557794112617011,0.0016557794112617011
cnv_depth__IBNLCO_00225__fliG__gene__promoter,0.0016523240387551427,0.0016523240387551427
cnv_depth__IBNLCO_05797__IBNLCO_05797__gene__promoter,0.0016514556102856504,0.0016514556102856504
cnv_depth__IBNLCO_02218__gnl|Bakta|IBNLCO_02218__CDS,-0.0016498386335122462,0.0016498386335122462
cnv_depth__IBNLCO_02063__Transcriptional__CDS,-0.0016488218827673121,0.0016488218827673121
cnv_depth__IBNLCO_00180__Cell__CDS__promoter,0.0016477489909055344,0.0016477489909055344
cnv_depth__IBNLCO_01129__gnl|Bakta|IBNLCO_01129__CDS,-0.0016467003852979013,0.0016467003852979013
cnv_depth__IBNLCO_00998__hisM__gene__promoter,0.0016466011695452773,0.0016466011695452773
cnv_depth__IBNLCO_01095__hypothetical__CDS__promoter,-0.001645633467063709,0.001645633467063709
cnv_depth__IBNLCO_04667__IBNLCO_04667__gene,-0.0016446384189987046,0.0016446384189987046
cnv_depth__IBNLCO_02591__gnl|Bakta|IBNLCO_02591__CDS,-0.0016443749802677158,0.0016443749802677158
cnv_depth__IBNLCO_02820__Acid__CDS,-0.0016414321984328697,0.0016414321984328697
cnv_depth__IBNLCO_03817__DUF3563__CDS__promoter,-0.001640834528384276,0.001640834528384276
cnv_depth__IBNLCO_03134__IBNLCO_03134__gene__promoter,-0.0016407142037207472,0.0016407142037207472
cnv_depth__IBNLCO_03755__IBNLCO_03755__gene,0.0016403179472185975,0.0016403179472185975
cnv_depth__IBNLCO_03472__Serine__CDS__promoter,-0.0016402396372760635,0.0016402396372760635
cnv_depth__IBNLCO_04296__IBNLCO_04296__gene__promoter,-0.001639623723375778,0.001639623723375778
cnv_depth__IBNLCO_05018__bsaT__gene__promoter,-0.0016380082091729362,0.0016380082091729362
cnv_depth__IBNLCO_03210__Small__CDS,0.0016369828040927678,0.0016369828040927678
cnv_depth__IBNLCO_00813__HTH__CDS,0.0016364802737781168,0.0016364802737781168
cnv_depth__IBNLCO_02587__ABC__CDS,0.0016363570342466452,0.0016363570342466452
cnv_depth__IBNLCO_02028__Porin%2C__CDS__promoter,0.0016360328993262432,0.0016360328993262432
cnv_depth__IBNLCO_05094__HTH__CDS,-0.0016345622216228865,0.0016345622216228865
cnv_depth__IBNLCO_03592__lysR__gene,-0.001634226567760712,0.001634226567760712
cnv_depth__IBNLCO_00107__IBNLCO_00107__gene__promoter,-0.0016336931779576682,0.0016336931779576682
cnv_depth__IBNLCO_01956__putative__CDS__promoter,-0.0016330256558320345,0.0016330256558320345
cnv_depth__IBNLCO_01113__IBNLCO_01113__gene,-0.0016323736432366407,0.0016323736432366407
cnv_depth__IBNLCO_01440__IBNLCO_01440__gene,-0.0016308217998369646,0.0016308217998369646
cnv_depth__IBNLCO_05820__Triacylglycerol__CDS,-0.0016306058564192825,0.0016306058564192825
cnv_depth__IBNLCO_01377__IBNLCO_01377__gene,-0.0016303790290107608,0.0016303790290107608
cnv_depth__IBNLCO_04977__response__CDS,-0.0016296717332399226,0.0016296717332399226
cnv_depth__IBNLCO_05385__Anthranilate__CDS__promoter,-0.0016294429229335766,0.0016294429229335766
cnv_depth__IBNLCO_01693__Glycosyl__CDS,-0.001629438035927944,0.001629438035927944
cnv_depth__IBNLCO_05640__IBNLCO_05640__gene,0.0016294357622172577,0.0016294357622172577
cnv_depth__IBNLCO_00059__IBNLCO_00059__gene,-0.0016292580749542446,0.0016292580749542446
cnv_depth__IBNLCO_03253__IBNLCO_03253__gene,0.0016291271975264786,0.0016291271975264786
cnv_depth__IBNLCO_01897__DUF2065__CDS,-0.0016268126558942762,0.0016268126558942762
cnv_depth__IBNLCO_04021__Porin__CDS__promoter,0.00162275594017549,0.00162275594017549
cnv_depth__IBNLCO_05279__Phosphatidic__CDS__promoter,0.0016226116984933833,0.0016226116984933833
cnv_depth__IBNLCO_05382__Cardiolipin__CDS__promoter,-0.001621544199372509,0.001621544199372509
cnv_depth__IBNLCO_00277__flgK__gene,-0.0016206881426851587,0.0016206881426851587
cnv_depth__IBNLCO_03947__hypothetical__CDS,0.0016198811496854239,0.0016198811496854239
cnv_depth__IBNLCO_00284__IBNLCO_00284__gene__promoter,0.001619460505216513,0.001619460505216513
cnv_depth__IBNLCO_02785__wcbF__gene__promoter,-0.0016192229660040595,0.0016192229660040595
cnv_depth__IBNLCO_02788__wzm__gene__promoter,0.001619051953098355,0.001619051953098355
cnv_depth__IBNLCO_05416__Fumarate/nitrate__CDS,0.0016189543950471514,0.0016189543950471514
cnv_depth__IBNLCO_05495__Heavy__CDS,-0.001618126246176047,0.001618126246176047
cnv_depth__IBNLCO_03475__HTH__CDS__promoter,-0.0016171063306104556,0.0016171063306104556
cnv_depth__IBNLCO_02803__IBNLCO_02803__gene,0.0016164340963903416,0.0016164340963903416
cnv_depth__IBNLCO_03432__IBNLCO_03432__gene__promoter,-0.001616284806702719,0.001616284806702719
cnv_depth__IBNLCO_01734__argininosuccinate__CDS__promoter,0.0016159547368265687,0.0016159547368265687
cnv_depth__IBNLCO_00036__IBNLCO_00036__gene__promoter,-0.0016137579549068267,0.0016137579549068267
cnv_depth__IBNLCO_03573__SnoaL-like__CDS__promoter,-0.0016137495043857582,0.0016137495043857582
cnv_depth__IBNLCO_00704__IBNLCO_00704__gene__promoter,-0.0016125126542547786,0.0016125126542547786
cnv_depth__IBNLCO_01449__IBNLCO_01449__gene,-0.0016123870927423985,0.0016123870927423985
cnv_depth__IBNLCO_00540__Lipopolysaccharide__CDS,0.0016123849235774555,0.0016123849235774555
cnv_depth__IBNLCO_02303__IBNLCO_02303__gene,0.0016122203272519577,0.0016122203272519577
cnv_depth__IBNLCO_02610__IBNLCO_02610__gene__promoter,-0.001611974008222938,0.001611974008222938
cnv_depth__IBNLCO_05274__hypothetical__CDS__promoter,0.0016118053151580906,0.0016118053151580906
cnv_depth__IBNLCO_02181__argininosuccinate__CDS,0.0016106607003636923,0.0016106607003636923
cnv_depth__IBNLCO_01249__IBNLCO_01249__gene__promoter,0.0016102722096697374,0.0016102722096697374
cnv_depth__IBNLCO_05295__IBNLCO_05295__gene__promoter,-0.0016101262727077105,0.0016101262727077105
cnv_depth__IBNLCO_03177__IBNLCO_03177__gene__promoter,0.0016097586618681007,0.0016097586618681007
cnv_depth__IBNLCO_00445__IBNLCO_00445__gene,0.0016095851296472345,0.0016095851296472345
cnv_depth__IBNLCO_00053__Molybdenum__CDS,0.0016086554489193358,0.0016086554489193358
cnv_depth__IBNLCO_02935__IBNLCO_02935__gene__promoter,0.0016078723882160118,0.0016078723882160118
cnv_depth__IBNLCO_01105__hypothetical__CDS__promoter,0.0016076092927424157,0.0016076092927424157
cnv_depth__IBNLCO_05609__Rhodanese-related__CDS,-0.0016074047931053058,0.0016074047931053058
cnv_depth__IBNLCO_04119__IBNLCO_04119__gene__promoter,-0.0016055531804122722,0.0016055531804122722
cnv_depth__IBNLCO_05057__Cellulose__CDS__promoter,-0.0016054864986476687,0.0016054864986476687
cnv_depth__IBNLCO_05773__Membrane__CDS,0.0016054491307840083,0.0016054491307840083
cnv_depth__IBNLCO_03057__HD__CDS,-0.001605397894657385,0.001605397894657385
cnv_depth__IBNLCO_00344__IBNLCO_00344__gene,0.0016051676813557863,0.0016051676813557863
cnv_depth__IBNLCO_03204__IBNLCO_03204__gene__promoter,-0.0016046219093244726,0.0016046219093244726
cnv_depth__IBNLCO_04062__Bacteriophage__CDS,0.0016031765567785668,0.0016031765567785668
cnv_depth__IBNLCO_02776__gmhB__gene__promoter,-0.0016020675849392882,0.0016020675849392882
cnv_depth__IBNLCO_00522__IBNLCO_00522__gene,0.0016011285762550828,0.0016011285762550828
cnv_depth__IBNLCO_01316__Phosphoglucosamine__CDS,-0.001601012238873627,0.001601012238873627
cnv_depth__IBNLCO_02716__IBNLCO_02716__gene,0.0016009566481110862,0.0016009566481110862
cnv_depth__IBNLCO_05227__Inner__CDS__promoter,0.001598734590400453,0.001598734590400453
cnv_depth__IBNLCO_01858__putative__CDS,-0.0015983051360216427,0.0015983051360216427
cnv_depth__IBNLCO_03061__HTH__CDS,0.0015976701248139017,0.0015976701248139017
cnv_depth__IBNLCO_00272__flgG__gene__promoter,-0.001596815847565047,0.001596815847565047
cnv_depth__IBNLCO_01435__IBNLCO_01435__gene,-0.0015967372222890882,0.0015967372222890882
cnv_depth__IBNLCO_02422__3-oxoacyl-[acyl-carrier-protein]__CDS__promoter,-0.001596160885478595,0.001596160885478595
cnv_depth__IBNLCO_05077__type__CDS__promoter,-0.0015950514551416183,0.0015950514551416183
cnv_depth__IBNLCO_04955__uxuB__gene,-0.0015939959826341357,0.0015939959826341357
cnv_depth__IBNLCO_01410__IBNLCO_01410__gene,0.0015936954527975141,0.0015936954527975141
cnv_depth__IBNLCO_04743__hypothetical__CDS,-0.001593145565152682,0.001593145565152682
cnv_depth__IBNLCO_00907__N-acetyltransferase__CDS__promoter,0.001592769715187078,0.001592769715187078
cnv_depth__IBNLCO_02006__D-amino-acid__CDS__promoter,-0.0015912859748860946,0.0015912859748860946
cnv_depth__IBNLCO_01541__SAF__CDS,0.0015901155094632355,0.0015901155094632355
cnv_depth__IBNLCO_05454__IBNLCO_05454__gene,0.001589929144576161,0.001589929144576161
cnv_depth__IBNLCO_00025__lrgB__gene,-0.0015895388565136874,0.0015895388565136874
cnv_depth__IBNLCO_02281__Respiratory__CDS,-0.0015892981390713988,0.0015892981390713988
cnv_depth__IBNLCO_00192__slmA__gene__promoter,0.001588759038393174,0.001588759038393174
cnv_depth__IBNLCO_00562__IBNLCO_00562__gene,-0.0015880008452582644,0.0015880008452582644
cnv_depth__IBNLCO_03309__cheA__gene__promoter,0.0015878647997599657,0.0015878647997599657
cnv_depth__IBNLCO_02873__Phosphatase__CDS,0.00158729583166942,0.00158729583166942
cnv_depth__IBNLCO_04613__copG__gene,0.0015856663221468607,0.0015856663221468607
cnv_depth__IBNLCO_01971__IBNLCO_01971__gene,-0.0015849981985559265,0.0015849981985559265
cnv_depth__IBNLCO_00193__HAD__CDS__promoter,0.0015842351319946828,0.0015842351319946828
cnv_depth__IBNLCO_05118__IBNLCO_05118__gene,-0.001584091367223729,0.001584091367223729
cnv_depth__IBNLCO_03847__trnS__gene__promoter,0.0015834206710489223,0.0015834206710489223
cnv_depth__IBNLCO_04220__Fusaric__CDS,0.0015827984514101747,0.0015827984514101747
cnv_depth__IBNLCO_01039__IBNLCO_01039__gene,-0.0015818914045237764,0.0015818914045237764
cnv_depth__IBNLCO_00010__gspC__gene,-0.0015813909172867823,0.0015813909172867823
cnv_depth__IBNLCO_03092__hlyD__gene,0.001579491321804473,0.001579491321804473
cnv_depth__IBNLCO_03066__Energy-dependent__CDS,-0.00157833310362576,0.00157833310362576
cnv_depth__IBNLCO_03104__Type__CDS,0.0015780847693088777,0.0015780847693088777
cnv_depth__IBNLCO_03321__IBNLCO_03321__gene,0.0015775983226302118,0.0015775983226302118
cnv_depth__IBNLCO_02026__IBNLCO_02026__gene,0.0015771760230472117,0.0015771760230472117
cnv_depth__IBNLCO_04307__IBNLCO_04307__gene,-0.0015761253110949953,0.0015761253110949953
cnv_depth__IBNLCO_00664__IBNLCO_00664__gene,-0.0015753716574090336,0.0015753716574090336
cnv_depth__IBNLCO_00279__IBNLCO_00279__gene__promoter,-0.0015751130377436048,0.0015751130377436048
cnv_depth__IBNLCO_05130__histidine__CDS,-0.0015738591654581471,0.0015738591654581471
cnv_depth__IBNLCO_04749__IBNLCO_04749__gene,-0.0015735633589166222,0.0015735633589166222
cnv_depth__IBNLCO_05004__bapC__gene__promoter,0.0015719931746487662,0.0015719931746487662
cnv_depth__IBNLCO_05504__Glutamate/aspartate__CDS,0.0015702155717704548,0.0015702155717704548
cnv_depth__IBNLCO_00328__IBNLCO_00328__gene__promoter,-0.001569613246755734,0.001569613246755734
cnv_depth__IBNLCO_04681__SDR__CDS__promoter,-0.0015691036807044313,0.0015691036807044313
cnv_depth__IBNLCO_04870__hypothetical__CDS__promoter,-0.0015688799894886434,0.0015688799894886434
cnv_depth__IBNLCO_02627__Bacteriophage__CDS__promoter,-0.0015683368072057307,0.0015683368072057307
cnv_depth__IBNLCO_03126__Sec-independent__CDS__promoter,0.001568257059543908,0.001568257059543908
cnv_depth__IBNLCO_04776__Glutathione__CDS__promoter,0.001564647220311944,0.001564647220311944
cnv_depth__IBNLCO_00523__IBNLCO_00523__gene__promoter,-0.0015641199810865283,0.0015641199810865283
cnv_depth__IBNLCO_01294__IBNLCO_01294__gene__promoter,-0.0015638110540902998,0.0015638110540902998
cnv_depth__IBNLCO_03218__Elongation__CDS,0.001562719998846659,0.001562719998846659
cnv_depth__IBNLCO_03359__gnl|Bakta|IBNLCO_03359__CDS__promoter,0.0015623721842903903,0.0015623721842903903
cnv_depth__IBNLCO_03707__Short-chain__CDS__promoter,0.001561929618830535,0.001561929618830535
cnv_depth__IBNLCO_03023__Cell__CDS__promoter,0.0015604206390156822,0.0015604206390156822
cnv_depth__IBNLCO_02303__IBNLCO_02303__gene__promoter,0.001558525617196621,0.001558525617196621
cnv_depth__IBNLCO_03186__IBNLCO_03186__gene,0.0015581083648496057,0.0015581083648496057
cnv_depth__IBNLCO_02934__IBNLCO_02934__gene__promoter,0.0015577747338133907,0.0015577747338133907
cnv_depth__IBNLCO_03270__IBNLCO_03270__gene,0.0015571974480372804,0.0015571974480372804
cnv_depth__IBNLCO_01454__IBNLCO_01454__gene,0.001555860150581039,0.001555860150581039
cnv_depth__IBNLCO_04477__doxX__gene__promoter,0.0015544760777853413,0.0015544760777853413
cnv_depth__IBNLCO_01289__Biotin-independent__CDS,0.0015532350865816854,0.0015532350865816854
cnv_depth__IBNLCO_01020__gnl|Bakta|IBNLCO_01020__CDS,0.00155308489516077,0.00155308489516077
cnv_depth__IBNLCO_02410__Pyridoxine__CDS,-0.0015500713625521722,0.0015500713625521722
cnv_depth__IBNLCO_03696__Sulfate__CDS,-0.0015496949398931374,0.0015496949398931374
cnv_depth__IBNLCO_03660__IBNLCO_03660__gene,0.0015465350480638315,0.0015465350480638315
cnv_depth__IBNLCO_05244__IBNLCO_05244__gene__promoter,-0.0015464731772106299,0.0015464731772106299
cnv_depth__IBNLCO_02300__LysR__CDS__promoter,-0.0015460458220736431,0.0015460458220736431
cnv_depth__IBNLCO_03108__IBNLCO_03108__gene,0.0015451286408367391,0.0015451286408367391
cnv_depth__IBNLCO_01542__IBNLCO_01542__gene__promoter,-0.0015447399066147282,0.0015447399066147282
cnv_depth__IBNLCO_00293__hypothetical__CDS__promoter,0.0015446276641431582,0.0015446276641431582
cnv_depth__IBNLCO_00299__IBNLCO_00299__gene,-0.0015441904419455947,0.0015441904419455947
cnv_depth__IBNLCO_02965__IBNLCO_02965__gene__promoter,-0.0015418228529435218,0.0015418228529435218
cnv_depth__IBNLCO_01369__IBNLCO_01369__gene,0.0015416324256617856,0.0015416324256617856
cnv_depth__IBNLCO_00314__glmU__gene,-0.0015415905941697182,0.0015415905941697182
cnv_depth__IBNLCO_05517__Transmembrane__CDS__promoter,0.001541586350502498,0.001541586350502498
cnv_depth__IBNLCO_04199__Cellulose__CDS__promoter,-0.001539457005974139,0.001539457005974139
cnv_depth__IBNLCO_04634__jamP__gene,-0.001538838686697999,0.001538838686697999
cnv_depth__IBNLCO_05659__IBNLCO_05659__gene,0.0015385616610784352,0.0015385616610784352
cnv_depth__IBNLCO_05463__Deoxyribose-phosphate__CDS,-0.0015372654725643174,0.0015372654725643174
cnv_depth__IBNLCO_00191__Homoserine__CDS__promoter,-0.0015367199785405559,0.0015367199785405559
cnv_depth__IBNLCO_02973__IBNLCO_02973__gene,0.0015355666537632386,0.0015355666537632386
cnv_depth__IBNLCO_00047__IBNLCO_00047__gene,0.0015349590059408563,0.0015349590059408563
cnv_depth__IBNLCO_04650__IBNLCO_04650__gene,-0.001534215388562276,0.001534215388562276
cnv_depth__IBNLCO_02302__gnl|Bakta|IBNLCO_02302__CDS,0.0015337838931621481,0.0015337838931621481
cnv_depth__IBNLCO_00083__IBNLCO_00083__gene__promoter,-0.0015332244646011598,0.0015332244646011598
cnv_depth__IBNLCO_04928__HTH__CDS,0.0015329413386536593,0.0015329413386536593
cnv_depth__IBNLCO_01653__IBNLCO_01653__gene,-0.0015326655954069049,0.0015326655954069049
cnv_depth__IBNLCO_04429__IBNLCO_04429__gene__promoter,-0.0015322278338419856,0.0015322278338419856
cnv_depth__IBNLCO_03917__RND__CDS,0.0015321823727303312,0.0015321823727303312
cnv_depth__IBNLCO_04572__eamA__gene__promoter,-0.0015317845705332988,0.0015317845705332988
cnv_depth__IBNLCO_03047__Anthranilate__CDS,-0.0015314847845105774,0.0015314847845105774
cnv_depth__IBNLCO_04036__Branched-chain__CDS__promoter,-0.0015307414202883275,0.0015307414202883275
cnv_depth__IBNLCO_04447__ABC-type__CDS,0.0015302983683051412,0.0015302983683051412
cnv_depth__IBNLCO_05053__tauB__gene__promoter,0.0015300919274037004,0.0015300919274037004
cnv_depth__IBNLCO_03151__Thiamine-phosphate__CDS,0.0015299616018213742,0.0015299616018213742
cnv_depth__IBNLCO_02932__Ureidoglycolate__CDS,0.0015296992188150347,0.0015296992188150347
cnv_depth__IBNLCO_03951__IBNLCO_03951__gene,-0.0015291072396364153,0.0015291072396364153
cnv_depth__IBNLCO_05481__IBNLCO_05481__gene,0.0015287151883338706,0.0015287151883338706
cnv_depth__IBNLCO_02996__trnP__gene,-0.0015284116186260021,0.0015284116186260021
cnv_depth__IBNLCO_05794__3-keto-5-aminohexanoate__CDS,-0.0015274988806981222,0.0015274988806981222
cnv_depth__IBNLCO_01031__gnl|Bakta|IBNLCO_01031__CDS,-0.0015265145039162643,0.0015265145039162643
cnv_depth__IBNLCO_03165__sn-glycerol-3-phosphate__CDS__promoter,0.001525852284681195,0.001525852284681195
cnv_depth__IBNLCO_00475__IBNLCO_00475__gene,-0.0015253232818569894,0.0015253232818569894
cnv_depth__IBNLCO_04605__IBNLCO_04605__gene__promoter,-0.001524955315859972,0.001524955315859972
cnv_depth__IBNLCO_03734__davT__gene,0.0015245643759286267,0.0015245643759286267
cnv_depth__IBNLCO_05226__gnl|Bakta|IBNLCO_05226__CDS,0.0015244477129303317,0.0015244477129303317
cnv_depth__IBNLCO_02285__IBNLCO_02285__gene,0.0015237182716488832,0.0015237182716488832
cnv_depth__IBNLCO_04918__hypothetical__CDS__promoter,-0.0015237010954433985,0.0015237010954433985
cnv_depth__IBNLCO_05324__D-inositol-3-phosphate__CDS__promoter,0.0015236532500560508,0.0015236532500560508
cnv_depth__IBNLCO_02041__Twin-arginine__CDS,-0.001523125282135233,0.001523125282135233
cnv_depth__IBNLCO_03771__Polyketide__CDS__promoter,0.001521653745478439,0.001521653745478439
cnv_depth__IBNLCO_05029__Type__CDS,-0.0015216421640178095,0.0015216421640178095
cnv_depth__IBNLCO_03133__hisF__gene,-0.0015187149186296524,0.0015187149186296524
cnv_depth__IBNLCO_04512__Winged__CDS__promoter,0.0015186151250121288,0.0015186151250121288
cnv_depth__IBNLCO_02871__proton-translocating__CDS__promoter,-0.0015182004759293846,0.0015182004759293846
cnv_depth__IBNLCO_05172__Glycosyltransferase__CDS__promoter,0.0015180120765734809,0.0015180120765734809
cnv_depth__IBNLCO_05410__hypothetical__CDS__promoter,0.0015165396324510335,0.0015165396324510335
cnv_depth__IBNLCO_00121__esaR__gene__promoter,0.0015164014767735893,0.0015164014767735893
cnv_depth__IBNLCO_01175__Acyl-CoA__CDS__promoter,-0.001516276575080312,0.001516276575080312
cnv_depth__IBNLCO_00334__ybaK__gene__promoter,0.0015143444033153518,0.0015143444033153518
cnv_depth__IBNLCO_05505__IBNLCO_05505__gene__promoter,-0.001514323877526617,0.001514323877526617
cnv_depth__IBNLCO_02768__IBNLCO_02768__gene,0.0015129962047585974,0.0015129962047585974
cnv_depth__IBNLCO_04779__Glutathione__CDS,-0.0015125941252584253,0.0015125941252584253
cnv_depth__IBNLCO_03241__SGNH__CDS,0.0015120036624639305,0.0015120036624639305
cnv_depth__IBNLCO_00319__hypothetical__CDS__promoter,-0.0015119657434504712,0.0015119657434504712
cnv_depth__IBNLCO_00114__Peptide__CDS__promoter,0.0015105951753661652,0.0015105951753661652
cnv_depth__IBNLCO_01842__hypothetical__CDS__promoter,0.0015105923412822055,0.0015105923412822055
cnv_depth__IBNLCO_01570__IBNLCO_01570__gene,0.0015100254422871129,0.0015100254422871129
cnv_depth__IBNLCO_02641__hypothetical__CDS,0.0015098354886451321,0.0015098354886451321
cnv_depth__IBNLCO_01501__IBNLCO_01501__gene__promoter,-0.0015089179545322055,0.0015089179545322055
cnv_depth__IBNLCO_00198__hslU__gene__promoter,0.0015083796122404166,0.0015083796122404166
cnv_depth__IBNLCO_01723__IBNLCO_01723__gene__promoter,-0.0015080781384506007,0.0015080781384506007
cnv_depth__IBNLCO_04511__Voltage-gated__CDS,-0.0015071424936570603,0.0015071424936570603
cnv_depth__IBNLCO_04785__IBNLCO_04785__gene__promoter,0.0015067950861995694,0.0015067950861995694
cnv_depth__IBNLCO_00308__IBNLCO_00308__gene__promoter,0.0015064214335246957,0.0015064214335246957
cnv_depth__IBNLCO_05686__IBNLCO_05686__gene,-0.0015062374838162268,0.0015062374838162268
cnv_depth__IBNLCO_03455__hypothetical__CDS,0.001504704008083135,0.001504704008083135
cnv_depth__IBNLCO_00535__Ribosome__CDS,0.001503114836580705,0.001503114836580705
cnv_depth__IBNLCO_05824__IBNLCO_05824__gene__promoter,-0.001503097290770651,0.001503097290770651
cnv_depth__IBNLCO_03716__IBNLCO_03716__gene__promoter,-0.0015024986377921157,0.0015024986377921157
cnv_depth__IBNLCO_04727__IBNLCO_04727__gene,0.001502034933700654,0.001502034933700654
cnv_depth__IBNLCO_02151__IBNLCO_02151__gene__promoter,-0.0015009092437718288,0.0015009092437718288
cnv_depth__IBNLCO_05577__IBNLCO_05577__gene__promoter,-0.0014982860456409731,0.0014982860456409731
cnv_depth__IBNLCO_05640__MmgE/Prp__CDS__promoter,0.0014963490651524424,0.0014963490651524424
cnv_depth__IBNLCO_01078__Glutamyl-Q__CDS__promoter,0.0014962756726753987,0.0014962756726753987
cnv_depth__IBNLCO_01742__DUF2282__CDS__promoter,-0.001495642015482203,0.001495642015482203
cnv_depth__IBNLCO_01240__EamA__CDS,-0.0014953752265296151,0.0014953752265296151
cnv_depth__IBNLCO_02947__Putative__CDS,-0.0014953749911131022,0.0014953749911131022
cnv_depth__IBNLCO_04863__peptidylprolyl__CDS,0.0014948657474011503,0.0014948657474011503
cnv_depth__IBNLCO_03869__IBNLCO_03869__gene,0.0014920860286947116,0.0014920860286947116
cnv_depth__IBNLCO_04124__IBNLCO_04124__gene__promoter,0.0014906208438713806,0.0014906208438713806
cnv_depth__IBNLCO_02887__IBNLCO_02887__gene__promoter,-0.0014904791199811713,0.0014904791199811713
cnv_depth__IBNLCO_02944__IBNLCO_02944__gene__promoter,0.0014897513850724887,0.0014897513850724887
cnv_depth__IBNLCO_02073__Nitrate__CDS,-0.0014894989195711602,0.0014894989195711602
cnv_depth__IBNLCO_05326__Lipopolysaccharide__CDS,-0.001489202698757245,0.001489202698757245
cnv_depth__IBNLCO_04911__gnl|Bakta|IBNLCO_04911__CDS,-0.0014889206497796612,0.0014889206497796612
cnv_depth__IBNLCO_04980__Type__CDS__promoter,0.00148864286307305,0.00148864286307305
cnv_depth__IBNLCO_01389__IBNLCO_01389__gene__promoter,-0.001488098221022652,0.001488098221022652
cnv_depth__IBNLCO_03231__trnW__gene__promoter,0.0014879361934138507,0.0014879361934138507
cnv_depth__IBNLCO_00068__gnl|Bakta|IBNLCO_00068__CDS__promoter,0.0014871666029144437,0.0014871666029144437
cnv_depth__IBNLCO_00958__Light-independent__CDS__promoter,-0.001486881393521671,0.001486881393521671
cnv_depth__IBNLCO_04427__Methyl-accepting__CDS,-0.0014867491239141273,0.0014867491239141273
cnv_depth__IBNLCO_04562__Carboxypeptidase__CDS,0.0014855093333052993,0.0014855093333052993
cnv_depth__IBNLCO_04839__IBNLCO_04839__gene,0.0014851782717354087,0.0014851782717354087
cnv_depth__IBNLCO_02773__wcbQ__gene__promoter,-0.0014811657897842376,0.0014811657897842376
cnv_depth__IBNLCO_01128__Transmembrane__CDS,0.0014807937016478277,0.0014807937016478277
cnv_depth__IBNLCO_01661__hypothetical__CDS__promoter,-0.0014799745835037696,0.0014799745835037696
cnv_depth__IBNLCO_01408__PapC-like__CDS,-0.0014780052784289907,0.0014780052784289907
cnv_depth__IBNLCO_05024__IBNLCO_05024__gene__promoter,0.0014765503303197608,0.0014765503303197608
cnv_depth__IBNLCO_04925__IBNLCO_04925__gene,-0.0014759810086674254,0.0014759810086674254
cnv_depth__IBNLCO_04661__Carboxymuconolactone__CDS__promoter,0.001475775187422,0.001475775187422
cnv_depth__IBNLCO_02730__IBNLCO_02730__gene__promoter,-0.0014751357106422914,0.0014751357106422914
cnv_depth__IBNLCO_03610__vasK__gene,-0.0014750148772245577,0.0014750148772245577
cnv_depth__IBNLCO_01211__Bll4479__CDS,0.0014740690465994384,0.0014740690465994384
cnv_depth__IBNLCO_00420__Acyl-CoA__CDS__promoter,0.0014717785593730637,0.0014717785593730637
cnv_depth__IBNLCO_02229__Tryptophan--tRNA__CDS,-0.0014714486565387485,0.0014714486565387485
cnv_depth__IBNLCO_04797__IBNLCO_04797__gene,-0.001470806038075037,0.001470806038075037
cnv_depth__IBNLCO_03297__flhA__gene,0.0014705159464227066,0.0014705159464227066
cnv_depth__IBNLCO_03719__IBNLCO_03719__gene__promoter,0.00146996821903009,0.00146996821903009
cnv_depth__IBNLCO_04394__iclR__gene__promoter,0.0014698688324906208,0.0014698688324906208
cnv_depth__IBNLCO_03324__Flagellar__CDS,0.0014692525179878636,0.0014692525179878636
cnv_depth__IBNLCO_01379__Cytochrome__CDS__promoter,-0.0014688653978523875,0.0014688653978523875
cnv_depth__IBNLCO_03428__tctD__gene,0.0014664190556648677,0.0014664190556648677
cnv_depth__IBNLCO_00845__UPF0234__CDS,0.0014657266441170545,0.0014657266441170545
cnv_depth__IBNLCO_03252__hypothetical__CDS__promoter,0.0014654596869012207,0.0014654596869012207
cnv_depth__IBNLCO_02626__Coproporphyrinogen-III__CDS,-0.0014639631558717417,0.0014639631558717417
cnv_depth__IBNLCO_00412__IBNLCO_00412__gene__promoter,0.0014636765455016234,0.0014636765455016234
cnv_depth__IBNLCO_01240__EamA__CDS__promoter,0.0014631403475962711,0.0014631403475962711
cnv_depth__IBNLCO_05053__Taurine__CDS,-0.0014617097877568268,0.0014617097877568268
cnv_depth__IBNLCO_03195__Translation__CDS__promoter,-0.001460931815531479,0.001460931815531479
cnv_depth__IBNLCO_03997__IBNLCO_03997__gene__promoter,-0.0014607435995894708,0.0014607435995894708
cnv_depth__IBNLCO_05643__Zinc-binding__CDS__promoter,-0.0014578933082251403,0.0014578933082251403
cnv_depth__IBNLCO_00457__IBNLCO_00457__gene,0.0014573941709735763,0.0014573941709735763
cnv_depth__IBNLCO_00494__IBNLCO_00494__gene,0.0014573306855373844,0.0014573306855373844
cnv_depth__IBNLCO_01498__IBNLCO_01498__gene,-0.0014572997522085058,0.0014572997522085058
cnv_depth__IBNLCO_04388__Ferredoxin__CDS__promoter,0.001456311435883304,0.001456311435883304
cnv_depth__IBNLCO_01865__IBNLCO_01865__gene__promoter,-0.0014546422563676473,0.0014546422563676473
cnv_depth__IBNLCO_00360__EAL__CDS,0.0014540396437560234,0.0014540396437560234
cnv_depth__IBNLCO_05513__IBNLCO_05513__gene,-0.0014534412887819525,0.0014534412887819525
cnv_depth__IBNLCO_04840__DUF3761__CDS__promoter,-0.0014532584148784357,0.0014532584148784357
cnv_depth__IBNLCO_01670__IBNLCO_01670__gene__promoter,0.001450417180555395,0.001450417180555395
cnv_depth__IBNLCO_03451__Acetoacetate__CDS__promoter,0.0014503233230413787,0.0014503233230413787
cnv_depth__IBNLCO_00414__gnl|Bakta|IBNLCO_00414__CDS,0.0014501649406471941,0.0014501649406471941
cnv_depth__IBNLCO_03633__O-acetylhomoserine/O-acetylserine__CDS,-0.0014501132795982491,0.0014501132795982491
cnv_depth__IBNLCO_01492__GTP__CDS__promoter,-0.001449588525464484,0.001449588525464484
cnv_depth__IBNLCO_04065__LysR-family__CDS__promoter,0.0014488077145375239,0.0014488077145375239
cnv_depth__IBNLCO_02192__SAM-dependent__CDS,0.0014470410189476378,0.0014470410189476378
cnv_depth__IBNLCO_03044__Ribulose-phosphate__CDS__promoter,-0.001445837328410069,0.001445837328410069
cnv_depth__IBNLCO_02819__Deaminated__CDS__promoter,-0.0014447424009519354,0.0014447424009519354
cnv_depth__IBNLCO_01159__IBNLCO_01159__gene__promoter,0.0014436260007303504,0.0014436260007303504
cnv_depth__IBNLCO_05787__SHSP__CDS,0.0014433636870985133,0.0014433636870985133
cnv_depth__IBNLCO_01582__IBNLCO_01582__gene,0.0014415393027392349,0.0014415393027392349
cnv_depth__IBNLCO_00893__Quinolinate__CDS__promoter,-0.001440685258999083,0.001440685258999083
cnv_depth__IBNLCO_03702__IBNLCO_03702__gene,-0.0014399966167301396,0.0014399966167301396
cnv_depth__IBNLCO_05003__type__CDS__promoter,-0.0014395438405721778,0.0014395438405721778
cnv_depth__IBNLCO_03404__Citrate__CDS,0.0014367328886325317,0.0014367328886325317
cnv_depth__IBNLCO_04584__1%2C6-didemethyltoxoflavin__CDS,0.0014353399547634193,0.0014353399547634193
cnv_depth__IBNLCO_03415__IBNLCO_03415__gene__promoter,0.0014346484920986149,0.0014346484920986149
cnv_depth__IBNLCO_01251__Histidine__CDS,0.0014337537381354367,0.0014337537381354367
cnv_depth__IBNLCO_02066__Cytochrome__CDS__promoter,-0.0014331800282132582,0.0014331800282132582
cnv_depth__IBNLCO_05276__IBNLCO_05276__gene__promoter,0.0014304037446844517,0.0014304037446844517
cnv_depth__IBNLCO_05144__DUF1842__CDS,-0.001430280147714893,0.001430280147714893
cnv_depth__IBNLCO_04292__IBNLCO_04292__gene__promoter,0.0014297796303798596,0.0014297796303798596
cnv_depth__IBNLCO_03290__Aspartyl-tRNA(Asn)__CDS,-0.0014283096679661947,0.0014283096679661947
cnv_depth__IBNLCO_04946__Aminotransferase__CDS__promoter,-0.001427514166032596,0.001427514166032596
cnv_depth__IBNLCO_04048__IBNLCO_04048__gene,0.0014268925600854877,0.0014268925600854877
cnv_depth__IBNLCO_04866__IS5__CDS__promoter,-0.0014267502013229829,0.0014267502013229829
cnv_depth__IBNLCO_00791__Bcj14__gene,0.001425903362467031,0.001425903362467031
cnv_depth__IBNLCO_04821__Prolyl__CDS,0.0014256787136801127,0.0014256787136801127
cnv_depth__IBNLCO_05157__IBNLCO_05157__gene,0.0014256214225797704,0.0014256214225797704
cnv_depth__IBNLCO_03842__UPF0114__CDS,0.0014255578331975264,0.0014255578331975264
cnv_depth__IBNLCO_01362__Alpha-1%2C4-glucan:maltose-1-phosphate__CDS,-0.0014254046957960576,0.0014254046957960576
cnv_depth__IBNLCO_01050__Histidinol-phosphate__CDS__promoter,0.0014218116565531875,0.0014218116565531875
cnv_depth__IBNLCO_03500__hypothetical__CDS__promoter,0.0014213431834372255,0.0014213431834372255
cnv_depth__IBNLCO_02025__HTH__CDS,0.0014212799358242923,0.0014212799358242923
cnv_depth__IBNLCO_03259__DUF2957__CDS__promoter,0.0014196375292338487,0.0014196375292338487
cnv_depth__IBNLCO_01132__SDR__CDS,0.0014181302439716691,0.0014181302439716691
cnv_depth__IBNLCO_03907__Flavin__CDS,-0.001417767911029125,0.001417767911029125
cnv_depth__IBNLCO_04081__3-hydroxyisobutyryl-CoA__CDS,0.0014176642360975635,0.0014176642360975635
cnv_depth__IBNLCO_04949__IBNLCO_04949__gene__promoter,0.0014173504824412312,0.0014173504824412312
cnv_depth__IBNLCO_00902__livH__gene,0.001416043145719024,0.001416043145719024
cnv_depth__IBNLCO_05690__Type__CDS__promoter,-0.001415580864015572,0.001415580864015572
cnv_depth__IBNLCO_03695__IBNLCO_03695__gene__promoter,0.0014142810526948453,0.0014142810526948453
cnv_depth__IBNLCO_04701__hypothetical__CDS__promoter,-0.0014136358046337846,0.0014136358046337846
cnv_depth__IBNLCO_05023__bsaO__gene,0.0014120100164943866,0.0014120100164943866
cnv_depth__IBNLCO_01905__IBNLCO_01905__gene,-0.0014114584585271225,0.0014114584585271225
cnv_depth__IBNLCO_00599__zraR__gene__promoter,0.0014112072827430452,0.0014112072827430452
cnv_depth__IBNLCO_05011__bicA__gene__promoter,0.0014083155211643225,0.0014083155211643225
cnv_depth__IBNLCO_05078__type__CDS,-0.0014076936811907759,0.0014076936811907759
cnv_depth__IBNLCO_05798__IBNLCO_05798__gene,-0.001406812815586256,0.001406812815586256
cnv_depth__IBNLCO_01914__rpoS__gene__promoter,-0.0014067298620374722,0.0014067298620374722
cnv_depth__IBNLCO_05779__hypothetical__CDS,-0.0014063335794279712,0.0014063335794279712
cnv_depth__IBNLCO_00524__IBNLCO_00524__gene,-0.001404932052985807,0.001404932052985807
cnv_depth__IBNLCO_01840__IBNLCO_01840__gene__promoter,-0.0014048088794586084,0.0014048088794586084
cnv_depth__IBNLCO_05600__IBNLCO_05600__gene__promoter,0.0014042187601257519,0.0014042187601257519
cnv_depth__IBNLCO_03242__IBNLCO_03242__gene__promoter,-0.001403925328842271,0.001403925328842271
cnv_depth__IBNLCO_00505__IBNLCO_00505__gene,-0.0014037570894571082,0.0014037570894571082
cnv_depth__IBNLCO_01556__IBNLCO_01556__gene,-0.0014033268116771947,0.0014033268116771947
cnv_depth__IBNLCO_05769__IBNLCO_05769__gene,0.0014025071989758626,0.0014025071989758626
cnv_depth__IBNLCO_03434__IBNLCO_03434__gene,0.0014014351557120202,0.0014014351557120202
cnv_depth__IBNLCO_01273__DUF934__CDS,-0.0014013720966611371,0.0014013720966611371
cnv_depth__IBNLCO_04309__IBNLCO_04309__gene__promoter,0.001401256123047188,0.001401256123047188
cnv_depth__IBNLCO_03985__Type__CDS,-0.0014006877556286383,0.0014006877556286383
cnv_depth__IBNLCO_03481__IBNLCO_03481__gene__promoter,0.001399461180513569,0.001399461180513569
cnv_depth__IBNLCO_03513__IBNLCO_03513__gene__promoter,0.0013985741311014956,0.0013985741311014956
cnv_depth__IBNLCO_04180__IBNLCO_04180__gene,-0.0013976991519285172,0.0013976991519285172
cnv_depth__IBNLCO_00215__IBNLCO_00215__gene__promoter,-0.001397533755202263,0.001397533755202263
cnv_depth__IBNLCO_03403__IBNLCO_03403__gene,-0.0013973868473301327,0.0013973868473301327
cnv_depth__IBNLCO_04697__hypothetical__CDS,-0.001397203797143364,0.001397203797143364
cnv_depth__IBNLCO_02144__lplT__gene__promoter,0.0013971002704153762,0.0013971002704153762
cnv_depth__IBNLCO_04053__Iron__CDS,0.0013964485766963335,0.0013964485766963335
cnv_depth__IBNLCO_03948__hypothetical__CDS__promoter,-0.0013950883821516595,0.0013950883821516595
cnv_depth__IBNLCO_04224__IBNLCO_04224__gene,-0.0013947109267833744,0.0013947109267833744
cnv_depth__IBNLCO_05815__nreB__gene,0.0013945772410717057,0.0013945772410717057
cnv_depth__IBNLCO_00843__Cys-tRNA(Pro)/Cys-tRNA(Cys)__CDS,0.0013940377471544656,0.0013940377471544656
cnv_depth__IBNLCO_00111__IBNLCO_00111__gene__promoter,0.001393794383880189,0.001393794383880189
cnv_depth__IBNLCO_04901__Hydroxypyruvate__CDS__promoter,0.0013936205665545742,0.0013936205665545742
cnv_depth__IBNLCO_04196__Acyl-CoA__CDS__promoter,-0.0013929722969443408,0.0013929722969443408
cnv_depth__IBNLCO_02777__wcbM__gene__promoter,0.0013916312536316978,0.0013916312536316978
cnv_depth__IBNLCO_02892__Disulfide-bond__CDS__promoter,-0.0013912305762888168,0.0013912305762888168
cnv_depth__IBNLCO_02678__Chaperonin__CDS,-0.0013911030450479223,0.0013911030450479223
cnv_depth__IBNLCO_05846__IBNLCO_05846__gene__promoter,0.0013908677843656456,0.0013908677843656456
cnv_depth__IBNLCO_00757__IBNLCO_00757__gene__promoter,0.001388065983778003,0.001388065983778003
cnv_depth__IBNLCO_00216__Stress__CDS,-0.00138769427469781,0.00138769427469781
cnv_depth__IBNLCO_04549__YbaK/aminoacyl-tRNA__CDS,-0.0013876072705692952,0.0013876072705692952
cnv_depth__IBNLCO_01529__oxoglutarate__CDS,-0.0013859626293877176,0.0013859626293877176
cnv_depth__IBNLCO_04200__Methylaspartate__CDS,-0.0013853616419995168,0.0013853616419995168
cnv_depth__IBNLCO_02589__IBNLCO_02589__gene,-0.0013837684280695553,0.0013837684280695553
cnv_depth__IBNLCO_03795__IBNLCO_03795__gene__promoter,-0.0013833312848999895,0.0013833312848999895
cnv_depth__IBNLCO_01648__ABC__CDS,-0.0013826281993151736,0.0013826281993151736
cnv_depth__IBNLCO_05614__LysR__CDS,-0.0013824973873466033,0.0013824973873466033
cnv_depth__IBNLCO_04373__porin__CDS__promoter,0.0013820355050093041,0.0013820355050093041
cnv_depth__IBNLCO_03230__secE__gene,0.0013819105092990347,0.0013819105092990347
cnv_depth__IBNLCO_00950__Alpha-ribazole__CDS__promoter,-0.0013813896719458807,0.0013813896719458807
cnv_depth__IBNLCO_04769__DUF4365__CDS__promoter,-0.0013807552518515813,0.0013807552518515813
cnv_depth__IBNLCO_00428__Thioredoxin__CDS__promoter,0.001380374368413055,0.001380374368413055
cnv_depth__IBNLCO_01968__Glyoxylate__CDS__promoter,-0.0013799255922742496,0.0013799255922742496
cnv_depth__IBNLCO_03390__Uroporphyrinogen__CDS__promoter,-0.0013777416934416381,0.0013777416934416381
cnv_depth__IBNLCO_01014__yebQ__gene__promoter,-0.0013764127683134164,0.0013764127683134164
cnv_depth__IBNLCO_00474__IBNLCO_00474__gene,-0.001374207096093509,0.001374207096093509
cnv_depth__IBNLCO_02786__gnl|Bakta|IBNLCO_02786__CDS__promoter,0.001373840191622849,0.001373840191622849
cnv_depth__IBNLCO_03106__IBNLCO_03106__gene,-0.0013728376157621028,0.0013728376157621028
cnv_depth__IBNLCO_03916__Multicopper__CDS,-0.0013727588880574199,0.0013727588880574199
cnv_depth__IBNLCO_02325__IBNLCO_02325__gene,-0.001371991112524255,0.001371991112524255
cnv_depth__IBNLCO_03646__Proline__CDS__promoter,0.0013693940101177852,0.0013693940101177852
cnv_depth__IBNLCO_05310__Tyrocidine__CDS,0.001367707953867038,0.001367707953867038
cnv_depth__IBNLCO_05197__3-isopropylmalate__CDS,0.0013677076737864293,0.0013677076737864293
cnv_depth__IBNLCO_04620__IBNLCO_04620__gene,0.001366210476129031,0.001366210476129031
cnv_depth__IBNLCO_04471__hypothetical__CDS,0.0013652426817951759,0.0013652426817951759
cnv_depth__IBNLCO_01689__IBNLCO_01689__gene__promoter,0.0013652038510461207,0.0013652038510461207
cnv_depth__IBNLCO_03208__Large__CDS__promoter,-0.001364709538109368,0.001364709538109368
cnv_depth__IBNLCO_00253__DUF969__CDS,-0.0013631028604668117,0.0013631028604668117
cnv_depth__IBNLCO_01943__IBNLCO_01943__gene,0.0013615292451343711,0.0013615292451343711
cnv_depth__IBNLCO_04112__IBNLCO_04112__gene__promoter,-0.0013603453454752567,0.0013603453454752567
cnv_depth__IBNLCO_00948__IBNLCO_00948__gene__promoter,-0.001359706015005564,0.001359706015005564
cnv_depth__IBNLCO_04471__hypothetical__CDS__promoter,0.0013595366268557211,0.0013595366268557211
cnv_depth__IBNLCO_01423__Glutamine--tRNA__CDS__promoter,0.0013590854816621046,0.0013590854816621046
cnv_depth__IBNLCO_02871__IBNLCO_02871__gene,0.001357587298305979,0.001357587298305979
cnv_depth__IBNLCO_01885__IBNLCO_01885__gene,0.001356320011977938,0.001356320011977938
cnv_depth__IBNLCO_01248__eamA__gene__promoter,-0.0013555539003461126,0.0013555539003461126
cnv_depth__IBNLCO_03615__tssC1__gene,-0.0013552403823472777,0.0013552403823472777
cnv_depth__IBNLCO_02075__Muramoyltetrapeptide__CDS,-0.0013549475354024411,0.0013549475354024411
cnv_depth__IBNLCO_03130__Transmembrane__CDS,-0.0013544594236689735,0.0013544594236689735
cnv_depth__IBNLCO_03268__pilT__gene,0.0013544138841195183,0.0013544138841195183
cnv_depth__IBNLCO_00403__mlaF__gene,0.0013543037062432913,0.0013543037062432913
cnv_depth__IBNLCO_01481__IBNLCO_01481__gene,-0.001353413208561987,0.001353413208561987
cnv_depth__IBNLCO_01724__jmjC__gene,-0.001352425150663101,0.001352425150663101
cnv_depth__IBNLCO_01951__IBNLCO_01951__gene,-0.0013515407026470098,0.0013515407026470098
cnv_depth__IBNLCO_04006__IBNLCO_04006__gene__promoter,0.0013509083170136617,0.0013509083170136617
cnv_depth__IBNLCO_01695__HTH__CDS__promoter,0.0013507985427141558,0.0013507985427141558
cnv_depth__IBNLCO_00672__IBNLCO_00672__gene,0.0013504705144944213,0.0013504705144944213
cnv_depth__IBNLCO_01260__IBNLCO_01260__gene__promoter,0.0013501462601141902,0.0013501462601141902
cnv_depth__IBNLCO_04563__Methyltransferase__CDS,-0.0013496940115575943,0.0013496940115575943
cnv_depth__IBNLCO_05161__IBNLCO_05161__gene,-0.001348475706504665,0.001348475706504665
cnv_depth__IBNLCO_01696__IBNLCO_01696__gene,-0.0013479025252447331,0.0013479025252447331
cnv_depth__IBNLCO_02879__dusB__gene,-0.0013473101150244659,0.0013473101150244659
cnv_depth__IBNLCO_03581__IBNLCO_03581__gene,-0.0013470684501805177,0.0013470684501805177
cnv_depth__IBNLCO_05386__IBNLCO_05386__gene,-0.0013464108070218091,0.0013464108070218091
cnv_depth__IBNLCO_01878__Beta-ketothiolase__CDS__promoter,-0.0013463743858164224,0.0013463743858164224
cnv_depth__IBNLCO_05540__Citronellyl-CoA__CDS,-0.0013454587513931698,0.0013454587513931698
cnv_depth__IBNLCO_01096__hypothetical__CDS__promoter,-0.0013443624646979247,0.0013443624646979247
cnv_depth__IBNLCO_00408__Xaa-Pro__CDS__promoter,-0.0013441809685350713,0.0013441809685350713
cnv_depth__IBNLCO_04250__IBNLCO_04250__gene,-0.0013426515586774039,0.0013426515586774039
cnv_depth__IBNLCO_04319__IBNLCO_04319__gene,0.0013425591879538698,0.0013425591879538698
cnv_depth__IBNLCO_04349__IBNLCO_04349__gene__promoter,-0.0013413331166773725,0.0013413331166773725
cnv_depth__IBNLCO_01669__IBNLCO_01669__gene,0.0013409384351229182,0.0013409384351229182
cnv_depth__IBNLCO_03295__flagellar__CDS__promoter,0.001340608407180611,0.001340608407180611
cnv_depth__IBNLCO_03446__IBNLCO_03446__gene__promoter,0.001340203432011477,0.001340203432011477
cnv_depth__IBNLCO_03822__IBNLCO_03822__gene,-0.001339467786399962,0.001339467786399962
cnv_depth__IBNLCO_03337__gnl|Bakta|IBNLCO_03337__CDS__promoter,0.0013375427768703829,0.0013375427768703829
cnv_depth__IBNLCO_04969__IBNLCO_04969__gene,-0.0013371604073149513,0.0013371604073149513
cnv_depth__IBNLCO_03572__IBNLCO_03572__gene,0.0013370978202436581,0.0013370978202436581
cnv_depth__IBNLCO_03435__xerC__gene,0.0013370922721296463,0.0013370922721296463
cnv_depth__IBNLCO_05245__Methyltransferase__CDS,0.0013368226527158572,0.0013368226527158572
cnv_depth__IBNLCO_02905__SHSP__CDS,-0.0013364799762578187,0.0013364799762578187
cnv_depth__IBNLCO_01040__Major__CDS,-0.0013357702794722958,0.0013357702794722958
cnv_depth__IBNLCO_05590__Type__CDS__promoter,-0.0013351800917864238,0.0013351800917864238
cnv_depth__IBNLCO_04170__hypothetical__CDS__promoter,0.0013341534141554229,0.0013341534141554229
cnv_depth__IBNLCO_03311__flagellar__CDS,0.0013340990651475098,0.0013340990651475098
cnv_depth__IBNLCO_00936__IBNLCO_00936__gene,-0.0013330367066874613,0.0013330367066874613
cnv_depth__IBNLCO_00657__Glycine--tRNA__CDS__promoter,0.0013326641776582944,0.0013326641776582944
cnv_depth__IBNLCO_00181__IBNLCO_00181__gene__promoter,0.0013326094791483647,0.0013326094791483647
cnv_depth__IBNLCO_00028__flagellar__CDS__promoter,0.001332080097155461,0.001332080097155461
cnv_depth__IBNLCO_03315__IBNLCO_03315__gene,0.00133065701163343,0.00133065701163343
cnv_depth__IBNLCO_03378__padR__gene,-0.0013302392269856891,0.0013302392269856891
cnv_depth__IBNLCO_00756__hypothetical__CDS__promoter,0.0013296134131322566,0.0013296134131322566
cnv_depth__IBNLCO_00200__dksA__gene__promoter,-0.001329578346513006,0.001329578346513006
cnv_depth__IBNLCO_03235__trnY__gene__promoter,0.0013277130384490641,0.0013277130384490641
cnv_depth__IBNLCO_05759__IBNLCO_05759__gene,-0.0013277099665474552,0.0013277099665474552
cnv_depth__IBNLCO_00740__IBNLCO_00740__gene__promoter,0.0013270333721061816,0.0013270333721061816
cnv_depth__IBNLCO_01639__IBNLCO_01639__gene__promoter,-0.0013266447251749811,0.0013266447251749811
cnv_depth__IBNLCO_01703__Carbamate__CDS,-0.0013260580282435923,0.0013260580282435923
cnv_depth__IBNLCO_01912__IBNLCO_01912__gene__promoter,-0.0013258375713163138,0.0013258375713163138
cnv_depth__IBNLCO_05660__Radical__CDS,-0.0013255722092076659,0.0013255722092076659
cnv_depth__IBNLCO_04256__Monosaccharide__CDS__promoter,-0.0013228554616543462,0.0013228554616543462
cnv_depth__IBNLCO_04732__IBNLCO_04732__gene,0.001321363720373846,0.001321363720373846
cnv_depth__IBNLCO_00453__Cytochrome__CDS,-0.001320041377297228,0.001320041377297228
cnv_depth__IBNLCO_01739__IBNLCO_01739__gene__promoter,0.0013191459136192444,0.0013191459136192444
cnv_depth__IBNLCO_05117__non-ribosomal__CDS__promoter,0.0013187646983858377,0.0013187646983858377
cnv_depth__IBNLCO_00479__IBNLCO_00479__gene__promoter,0.0013183496264400792,0.0013183496264400792
cnv_depth__IBNLCO_05546__Carrier__CDS,-0.001317962070611759,0.001317962070611759
cnv_depth__IBNLCO_01447__IBNLCO_01447__gene,0.0013175707174601862,0.0013175707174601862
cnv_depth__IBNLCO_02876__Glutathione__CDS,0.0013172887167519876,0.0013172887167519876
cnv_depth__IBNLCO_02979__IBNLCO_02979__gene__promoter,-0.001316200072170506,0.001316200072170506
cnv_depth__IBNLCO_03890__HTH-type__CDS__promoter,-0.0013140952168106455,0.0013140952168106455
cnv_depth__IBNLCO_03232__Elongation__CDS,0.0013126667854193594,0.0013126667854193594
cnv_depth__IBNLCO_03171__Type__CDS,0.0013122516307502413,0.0013122516307502413
cnv_depth__IBNLCO_01709__Putative__CDS__promoter,0.0013115254220258364,0.0013115254220258364
cnv_depth__IBNLCO_02978__IBNLCO_02978__gene__promoter,-0.0013104141893833523,0.0013104141893833523
cnv_depth__IBNLCO_01883__IBNLCO_01883__gene__promoter,-0.0013098693269548954,0.0013098693269548954
cnv_depth__IBNLCO_03833__lysR__gene,0.001309319761649131,0.001309319761649131
cnv_depth__IBNLCO_02361__Cytochrome__CDS,0.0013092178688323402,0.0013092178688323402
cnv_depth__IBNLCO_01429__IBNLCO_01429__gene,0.00130846719285944,0.00130846719285944
cnv_depth__IBNLCO_00920__gnl|Bakta|IBNLCO_00920__CDS__promoter,0.0013083468214567786,0.0013083468214567786
cnv_depth__IBNLCO_00481__IBNLCO_00481__gene,-0.0013078481100485878,0.0013078481100485878
cnv_depth__IBNLCO_00976__Argininosuccinate__CDS,-0.0013062260787430869,0.0013062260787430869
cnv_depth__IBNLCO_03498__UvrABC__CDS,0.0013054190310149095,0.0013054190310149095
cnv_depth__IBNLCO_01914__RNA__CDS,-0.0013047271309011754,0.0013047271309011754
cnv_depth__IBNLCO_00222__flagellar__CDS__promoter,-0.0013045526857638984,0.0013045526857638984
cnv_depth__IBNLCO_02140__ABC__CDS,-0.001303327556271338,0.001303327556271338
cnv_depth__IBNLCO_04262__IBNLCO_04262__gene__promoter,-0.0013028536548154715,0.0013028536548154715
cnv_depth__IBNLCO_01668__ABC__CDS__promoter,-0.001302818405137394,0.001302818405137394
cnv_depth__IBNLCO_00466__IBNLCO_00466__gene__promoter,0.0013027610472400536,0.0013027610472400536
cnv_depth__IBNLCO_01996__gnl|Bakta|IBNLCO_01996__CDS__promoter,0.001301702858513028,0.001301702858513028
cnv_depth__IBNLCO_02228__IBNLCO_02228__gene__promoter,-0.0013012478039502052,0.0013012478039502052
cnv_depth__IBNLCO_02294__ATP-dependent__CDS,0.0013001785173090694,0.0013001785173090694
cnv_depth__IBNLCO_04924__Biotin__CDS__promoter,-0.0013000899094389807,0.0013000899094389807
cnv_depth__IBNLCO_00237__IBNLCO_00237__gene,0.001299782436530977,0.001299782436530977
cnv_depth__IBNLCO_00219__Acyl-CoA__CDS,-0.001298157201847013,0.001298157201847013
cnv_depth__IBNLCO_03625__IBNLCO_03625__gene__promoter,-0.0012972635407261768,0.0012972635407261768
cnv_depth__IBNLCO_01477__IBNLCO_01477__gene,0.0012972608835526693,0.0012972608835526693
cnv_depth__IBNLCO_01654__rbsA__gene,-0.0012967400693717477,0.0012967400693717477
cnv_depth__IBNLCO_02190__IBNLCO_02190__gene__promoter,0.0012967117071940005,0.0012967117071940005
cnv_depth__IBNLCO_05506__IBNLCO_05506__gene__promoter,0.0012956990995168678,0.0012956990995168678
cnv_depth__IBNLCO_03895__Transcriptional__CDS__promoter,-0.0012955858439547489,0.0012955858439547489
cnv_depth__IBNLCO_03727__IBNLCO_03727__gene,-0.001295216615004662,0.001295216615004662
cnv_depth__IBNLCO_03445__HTH-type__CDS,-0.0012933246285901762,0.0012933246285901762
cnv_depth__IBNLCO_00880__clpA__gene,0.00129067603134289,0.00129067603134289
cnv_depth__IBNLCO_00183__IBNLCO_00183__gene__promoter,-0.0012902531161136906,0.0012902531161136906
cnv_depth__IBNLCO_00270__flgE__gene__promoter,0.0012890156801231526,0.0012890156801231526
cnv_depth__IBNLCO_04763__YCII-related__CDS,0.0012884391892287797,0.0012884391892287797
cnv_depth__IBNLCO_00203__Tyrosine__CDS__promoter,-0.001287400741869304,0.001287400741869304
cnv_depth__IBNLCO_02322__IBNLCO_02322__gene,0.0012873916627241192,0.0012873916627241192
cnv_depth__IBNLCO_04403__IBNLCO_04403__gene__promoter,0.0012857588972454948,0.0012857588972454948
cnv_depth__IBNLCO_00613__IBNLCO_00613__gene,-0.0012857385799278202,0.0012857385799278202
cnv_depth__IBNLCO_00708__IBNLCO_00708__gene,-0.0012832277974440345,0.0012832277974440345
cnv_depth__IBNLCO_04973__Autotransporter__CDS__promoter,0.0012829831042798735,0.0012829831042798735
cnv_depth__IBNLCO_05001__gnl|Bakta|IBNLCO_05001__CDS__promoter,-0.001281913651503394,0.001281913651503394
cnv_depth__IBNLCO_00584__IBNLCO_00584__gene,0.0012817596035743116,0.0012817596035743116
cnv_depth__IBNLCO_02904__SHSP__CDS,-0.0012810966343789899,0.0012810966343789899
cnv_depth__IBNLCO_04160__IBNLCO_04160__gene,-0.0012810092194579408,0.0012810092194579408
cnv_depth__IBNLCO_03286__IBNLCO_03286__gene,0.0012804595247869655,0.0012804595247869655
cnv_depth__IBNLCO_01533__IBNLCO_01533__gene,-0.0012792475446135648,0.0012792475446135648
cnv_depth__IBNLCO_04556__DnaK-related__CDS,0.0012786828581468745,0.0012786828581468745
cnv_depth__IBNLCO_05516__Outer__CDS,0.0012782719983854536,0.0012782719983854536
cnv_depth__IBNLCO_05622__IBNLCO_05622__gene,-0.0012762252791707722,0.0012762252791707722
cnv_depth__IBNLCO_04932__Carboxynorspermidine/carboxyspermidine__CDS__promoter,-0.0012760939259186428,0.0012760939259186428
cnv_depth__IBNLCO_03601__SMP-30/Gluconolactonase/LRE-like__CDS__promoter,-0.0012746555405896026,0.0012746555405896026
cnv_depth__IBNLCO_00684__vdcD__gene__promoter,-0.0012743261834419785,0.0012743261834419785
cnv_depth__IBNLCO_04730__IBNLCO_04730__gene__promoter,0.0012736608839657856,0.0012736608839657856
cnv_depth__IBNLCO_03835__Biopolymer__CDS__promoter,0.0012724143549187393,0.0012724143549187393
cnv_depth__IBNLCO_02527__IBNLCO_02527__gene__promoter,-0.0012722446231039784,0.0012722446231039784
cnv_depth__IBNLCO_00892__IBNLCO_00892__gene,0.0012716315257987917,0.0012716315257987917
cnv_depth__IBNLCO_03526__IBNLCO_03526__gene__promoter,-0.0012715829349341562,0.0012715829349341562
cnv_depth__IBNLCO_05069__IBNLCO_05069__gene,-0.0012706951885639401,0.0012706951885639401
cnv_depth__IBNLCO_04824__IBNLCO_04824__gene,0.0012702758897112385,0.0012702758897112385
cnv_depth__IBNLCO_01424__Ornithine__CDS__promoter,0.0012700041203498342,0.0012700041203498342
cnv_depth__IBNLCO_01719__AraC__CDS__promoter,-0.0012698776258708898,0.0012698776258708898
cnv_depth__IBNLCO_02536__IBNLCO_02536__gene,-0.001269281916657529,0.001269281916657529
cnv_depth__IBNLCO_01737__Carrier__CDS__promoter,0.0012675196152152205,0.0012675196152152205
cnv_depth__IBNLCO_03441__IBNLCO_03441__gene,-0.0012672048525605975,0.0012672048525605975
cnv_depth__IBNLCO_04505__SDR__CDS,0.0012670608798819336,0.0012670608798819336
cnv_depth__IBNLCO_05691__Type__CDS,-0.0012669694062005144,0.0012669694062005144
cnv_depth__IBNLCO_00734__IBNLCO_00734__gene,0.0012665594244742828,0.0012665594244742828
cnv_depth__IBNLCO_01458__MFS__CDS__promoter,-0.0012649662017092788,0.0012649662017092788
cnv_depth__IBNLCO_03162__OmpW__CDS__promoter,0.0012647224802656183,0.0012647224802656183
cnv_depth__IBNLCO_04864__Type__CDS__promoter,-0.0012643094078620258,0.0012643094078620258
cnv_depth__IBNLCO_00620__IBNLCO_00620__gene__promoter,0.0012624598979828173,0.0012624598979828173
cnv_depth__IBNLCO_03354__IBNLCO_03354__gene,0.0012622305303632928,0.0012622305303632928
cnv_depth__IBNLCO_04418__IBNLCO_04418__gene__promoter,-0.0012615428856086479,0.0012615428856086479
cnv_depth__IBNLCO_03521__IBNLCO_03521__gene,0.0012591723360665117,0.0012591723360665117
cnv_depth__IBNLCO_05825__macB__gene,0.001258793283091747,0.001258793283091747
cnv_depth__IBNLCO_03190__DNA-directed__CDS,0.0012583570822029292,0.0012583570822029292
cnv_depth__IBNLCO_04639__Serine__CDS,-0.0012575729552880119,0.0012575729552880119
cnv_depth__IBNLCO_03298__flhB__gene,0.0012570302773685256,0.0012570302773685256
cnv_depth__IBNLCO_05547__Cyclopropane-fatty-acyl-phospholipid__CDS__promoter,-0.0012565779732813822,0.0012565779732813822
cnv_depth__IBNLCO_00876__IBNLCO_00876__gene,0.001256432351321761,0.001256432351321761
cnv_depth__IBNLCO_03614__IBNLCO_03614__gene,-0.0012559900878364675,0.0012559900878364675
cnv_depth__IBNLCO_05017__BsaU__CDS__promoter,0.0012552785071480175,0.0012552785071480175
cnv_depth__IBNLCO_05130__histidine__CDS__promoter,0.0012548899998798269,0.0012548899998798269
cnv_depth__IBNLCO_02904__SHSP__CDS__promoter,0.0012547838106199958,0.0012547838106199958
cnv_depth__IBNLCO_05750__IBNLCO_05750__gene,-0.0012536028037598145,0.0012536028037598145
cnv_depth__IBNLCO_02378__Chitooligosaccharide__CDS__promoter,-0.00125317456260844,0.00125317456260844
cnv_depth__IBNLCO_02795__IBNLCO_02795__gene__promoter,-0.0012523818711882458,0.0012523818711882458
cnv_depth__IBNLCO_03664__N-acylglucosamine__CDS__promoter,0.0012510975213662432,0.0012510975213662432
cnv_depth__IBNLCO_00089__IBNLCO_00089__gene,-0.0012508925711901236,0.0012508925711901236
cnv_depth__IBNLCO_03683__Cytochrome__CDS__promoter,-0.0012508816650513433,0.0012508816650513433
cnv_depth__IBNLCO_00982__hypothetical__CDS,-0.001250482742827598,0.001250482742827598
cnv_depth__IBNLCO_01642__oprM__gene,0.0012502570285612773,0.0012502570285612773
cnv_depth__IBNLCO_02704__IBNLCO_02704__gene,0.0012498280338440813,0.0012498280338440813
cnv_depth__IBNLCO_05842__hypothetical__CDS__promoter,0.0012488152876603718,0.0012488152876603718
cnv_depth__IBNLCO_00033__IBNLCO_00033__gene__promoter,0.0012474374290385633,0.0012474374290385633
cnv_depth__IBNLCO_05209__Succinate__CDS,-0.0012469084196331897,0.0012469084196331897
cnv_depth__IBNLCO_04435__Delta(1)-pyrroline-2-carboxylate__CDS,0.001245772515803981,0.001245772515803981
cnv_depth__IBNLCO_03574__IBNLCO_03574__gene__promoter,0.0012439263290885533,0.0012439263290885533
cnv_depth__IBNLCO_02676__IBNLCO_02676__gene,0.001243650472700626,0.001243650472700626
cnv_depth__IBNLCO_02703__ABC__CDS__promoter,-0.0012435391172925664,0.0012435391172925664
cnv_depth__IBNLCO_01473__IBNLCO_01473__gene,-0.001242417589193672,0.001242417589193672
cnv_depth__IBNLCO_00636__IBNLCO_00636__gene__promoter,0.0012409183290634728,0.0012409183290634728
cnv_depth__IBNLCO_01874__IBNLCO_01874__gene__promoter,-0.0012407744405329214,0.0012407744405329214
cnv_depth__IBNLCO_01998__IBNLCO_01998__gene__promoter,0.0012404750553153907,0.0012404750553153907
cnv_depth__IBNLCO_03395__hypothetical__CDS__promoter,-0.001239553966803465,0.001239553966803465
cnv_depth__IBNLCO_04128__DUF1653__CDS,0.0012374682121064848,0.0012374682121064848
cnv_depth__IBNLCO_00043__IBNLCO_00043__gene__promoter,-0.0012372102879018815,0.0012372102879018815
cnv_depth__IBNLCO_00342__IBNLCO_00342__gene__promoter,0.0012352720425308683,0.0012352720425308683
cnv_depth__IBNLCO_05111__IBNLCO_05111__gene__promoter,-0.0012348485205303785,0.0012348485205303785
cnv_depth__IBNLCO_00908__IBNLCO_00908__gene,0.0012327796139825413,0.0012327796139825413
cnv_depth__IBNLCO_01234__RecBCD__CDS,0.001232529652295927,0.001232529652295927
cnv_depth__IBNLCO_05501__IBNLCO_05501__gene,-0.0012303927373644764,0.0012303927373644764
cnv_depth__IBNLCO_00643__IBNLCO_00643__gene,-0.0012287266565183716,0.0012287266565183716
cnv_depth__IBNLCO_00905__Leucine/isoleucine/valine__CDS__promoter,-0.0012285523763115186,0.0012285523763115186
cnv_depth__IBNLCO_01148__SLC26A/SulP__CDS,-0.0012273576155158205,0.0012273576155158205
cnv_depth__IBNLCO_03723__IBNLCO_03723__gene,-0.0012264136487060576,0.0012264136487060576
cnv_depth__IBNLCO_03589__IBNLCO_03589__gene__promoter,0.0012262511156753476,0.0012262511156753476
cnv_depth__IBNLCO_05712__IBNLCO_05712__gene,0.0012258873887950011,0.0012258873887950011
cnv_depth__IBNLCO_03583__IBNLCO_03583__gene,0.0012253265948195381,0.0012253265948195381
cnv_depth__IBNLCO_03785__DoxX__CDS,-0.0012240412387337406,0.0012240412387337406
cnv_depth__IBNLCO_05309__Carrier__CDS__promoter,0.0012227124571537202,0.0012227124571537202
cnv_depth__IBNLCO_03410__ABC__CDS__promoter,0.0012225720233741137,0.0012225720233741137
cnv_depth__IBNLCO_05391__IBNLCO_05391__gene,0.0012224379296459492,0.0012224379296459492
cnv_depth__IBNLCO_05633__Solute-binding__CDS,-0.0012219737232132928,0.0012219737232132928
cnv_depth__IBNLCO_05783__IBNLCO_05783__gene__promoter,-0.001221487388917564,0.001221487388917564
cnv_depth__IBNLCO_01427__IBNLCO_01427__gene,-0.0012211709249467194,0.0012211709249467194
cnv_depth__IBNLCO_00338__Alpha/beta__CDS__promoter,0.0012203069368827864,0.0012203069368827864
cnv_depth__IBNLCO_02118__IBNLCO_02118__gene,-0.0012203042061716975,0.0012203042061716975
cnv_depth__IBNLCO_04268__kdgR__gene__promoter,-0.0012201771572845207,0.0012201771572845207
cnv_depth__IBNLCO_02077__DnaJ-like__CDS__promoter,0.001219589487166838,0.001219589487166838
cnv_depth__IBNLCO_04535__ywtG__gene,-0.0012195878936755288,0.0012195878936755288
cnv_depth__IBNLCO_03211__Large__CDS,0.0012193878915117797,0.0012193878915117797
cnv_depth__IBNLCO_03178__IBNLCO_03178__gene,-0.0012193629006656012,0.0012193629006656012
cnv_depth__IBNLCO_03316__IBNLCO_03316__gene,0.0012183044386306495,0.0012183044386306495
cnv_depth__IBNLCO_03068__IBNLCO_03068__gene,0.001216288702141034,0.001216288702141034
cnv_depth__IBNLCO_03416__IBNLCO_03416__gene__promoter,-0.0012145762218537743,0.0012145762218537743
cnv_depth__IBNLCO_05794__IBNLCO_05794__gene__promoter,-0.0012136544316636612,0.0012136544316636612
cnv_depth__IBNLCO_03196__secY__gene,0.0012135449128185987,0.0012135449128185987
cnv_depth__IBNLCO_01128__IBNLCO_01128__gene__promoter,-0.001212997593515666,0.001212997593515666
cnv_depth__IBNLCO_02978__hypothetical__CDS,-0.001212561841470562,0.001212561841470562
cnv_depth__IBNLCO_05724__hypothetical__CDS,0.0012114106353780089,0.0012114106353780089
cnv_depth__IBNLCO_01936__IBNLCO_01936__gene,0.0012112956780023167,0.0012112956780023167
cnv_depth__IBNLCO_00295__IBNLCO_00295__gene,0.001211115610831522,0.001211115610831522
cnv_depth__IBNLCO_04812__gnl|Bakta|IBNLCO_04812__CDS,-0.0012098200874050035,0.0012098200874050035
cnv_depth__IBNLCO_03088__IBNLCO_03088__gene__promoter,0.0012096446589772228,0.0012096446589772228
cnv_depth__IBNLCO_00228__flagellar__CDS__promoter,-0.001209544767560295,0.001209544767560295
cnv_depth__IBNLCO_05542__Geranyl-CoA__CDS,-0.0012087520497235627,0.0012087520497235627
cnv_depth__IBNLCO_00117__Protease__CDS,0.0012083793143482923,0.0012083793143482923
cnv_depth__IBNLCO_04849__cdhR__gene,-0.0012075089825957011,0.0012075089825957011
cnv_depth__IBNLCO_03261__IBNLCO_03261__gene,-0.0012072263380323556,0.0012072263380323556
cnv_depth__IBNLCO_00736__IBNLCO_00736__gene__promoter,0.00120673589617616,0.00120673589617616
cnv_depth__IBNLCO_04111__hypothetical__CDS,-0.0012066424695196967,0.0012066424695196967
cnv_depth__IBNLCO_04195__Cyclic__CDS__promoter,-0.001205472627917414,0.001205472627917414
cnv_depth__IBNLCO_02047__IBNLCO_02047__gene__promoter,-0.0012051474830591026,0.0012051474830591026
cnv_depth__IBNLCO_04126__Taurine__CDS,0.0012045754221455185,0.0012045754221455185
cnv_depth__IBNLCO_05733__IBNLCO_05733__gene,0.0012020889769718227,0.0012020889769718227
cnv_depth__IBNLCO_00213__eamA__gene,0.001201933419572392,0.001201933419572392
cnv_depth__IBNLCO_00729__IBNLCO_00729__gene__promoter,0.0012013790993687908,0.0012013790993687908
cnv_depth__IBNLCO_01259__Sugar__CDS,-0.0012006989191894102,0.0012006989191894102
cnv_depth__IBNLCO_04618__Nitrate__CDS__promoter,-0.0012002185163082204,0.0012002185163082204
cnv_depth__IBNLCO_03273__trnA__gene,0.001199508365079995,0.001199508365079995
cnv_depth__IBNLCO_02018__Ribosomal__CDS,-0.001199013267328918,0.001199013267328918
cnv_depth__IBNLCO_02195__islM__gene__promoter,0.0011972499097542418,0.0011972499097542418
cnv_depth__IBNLCO_01944__IBNLCO_01944__gene,0.0011967636339029796,0.0011967636339029796
cnv_depth__IBNLCO_04193__hypothetical__CDS,-0.0011967219235623537,0.0011967219235623537
cnv_depth__IBNLCO_00985__Bifunctional__CDS__promoter,-0.001196335712463676,0.001196335712463676
cnv_depth__IBNLCO_05847__2-hydroxy-1%2C4-benzoquinone__CDS,0.001196160709526484,0.001196160709526484
cnv_depth__IBNLCO_01581__IBNLCO_01581__gene__promoter,0.001195994177475178,0.001195994177475178
cnv_depth__IBNLCO_02775__IBNLCO_02775__gene__promoter,-0.0011959357391396798,0.0011959357391396798
cnv_depth__IBNLCO_00185__IBNLCO_00185__gene,0.0011951042145571,0.0011951042145571
cnv_depth__IBNLCO_01018__hypothetical__CDS,-0.0011948251562371264,0.0011948251562371264
cnv_depth__IBNLCO_00507__rpoH__gene,-0.001194283946262971,0.001194283946262971
cnv_depth__IBNLCO_00574__IBNLCO_00574__gene__promoter,0.0011913814505197583,0.0011913814505197583
cnv_depth__IBNLCO_02106__hypothetical__CDS__promoter,0.0011904602786490452,0.0011904602786490452
cnv_depth__IBNLCO_00395__IBNLCO_00395__gene,-0.0011902065172321446,0.0011902065172321446
cnv_depth__IBNLCO_00376__IBNLCO_00376__gene__promoter,-0.0011899954382089037,0.0011899954382089037
cnv_depth__IBNLCO_01576__IBNLCO_01576__gene__promoter,0.0011871188207659416,0.0011871188207659416
cnv_depth__IBNLCO_00515__Nitrite__CDS__promoter,0.001185233168317043,0.001185233168317043
cnv_depth__IBNLCO_05704__Cation/H+__CDS,0.0011852197878428423,0.0011852197878428423
cnv_depth__IBNLCO_05783__IBNLCO_05783__gene,-0.0011849738880726156,0.0011849738880726156
cnv_depth__IBNLCO_03442__IBNLCO_03442__gene__promoter,0.0011841364461869293,0.0011841364461869293
cnv_depth__IBNLCO_02080__hypothetical__CDS__promoter,-0.001183498585163508,0.001183498585163508
cnv_depth__IBNLCO_00767__SnoaL-like__CDS__promoter,-0.0011829787119510458,0.0011829787119510458
cnv_depth__IBNLCO_01047__2-aminoadipate__CDS__promoter,-0.0011826240678861882,0.0011826240678861882
cnv_depth__IBNLCO_04291__gnl|Bakta|IBNLCO_04291__CDS,0.0011823394877304803,0.0011823394877304803
cnv_depth__IBNLCO_02760__IBNLCO_02760__gene,0.0011820845807870818,0.0011820845807870818
cnv_depth__IBNLCO_00533__IBNLCO_00533__gene,-0.001181052018505297,0.001181052018505297
cnv_depth__IBNLCO_05150__IBNLCO_05150__gene,-0.001180338677545206,0.001180338677545206
cnv_depth__IBNLCO_02006__IBNLCO_02006__gene,-0.0011801574656116972,0.0011801574656116972
cnv_depth__IBNLCO_02792__hypothetical__CDS,0.0011790240763455662,0.0011790240763455662
cnv_depth__IBNLCO_00617__IBNLCO_00617__gene,0.0011789613842911363,0.0011789613842911363
cnv_depth__IBNLCO_01942__Homoserine__CDS__promoter,-0.0011788027108845186,0.0011788027108845186
cnv_depth__IBNLCO_00347__hypothetical__CDS,0.0011775444017334514,0.0011775444017334514
cnv_depth__IBNLCO_05087__IBNLCO_05087__gene__promoter,0.0011773963534169364,0.0011773963534169364
cnv_depth__IBNLCO_03287__IBNLCO_03287__gene,0.0011764106837391835,0.0011764106837391835
cnv_depth__IBNLCO_05084__type__CDS__promoter,-0.0011756221336491927,0.0011756221336491927
cnv_depth__IBNLCO_01716__Methyl-accepting__CDS,-0.0011740583450398753,0.0011740583450398753
cnv_depth__IBNLCO_04119__EF-hand__CDS,-0.001173663295302192,0.001173663295302192
cnv_depth__IBNLCO_04566__N-demethylindolmycin__CDS__promoter,-0.0011734997282578802,0.0011734997282578802
cnv_depth__IBNLCO_03308__chemotaxis__CDS__promoter,-0.0011728221911058822,0.0011728221911058822
cnv_depth__IBNLCO_03467__IBNLCO_03467__gene__promoter,0.0011723544815585327,0.0011723544815585327
cnv_depth__IBNLCO_00952__Cobalamin-binding__CDS,-0.001171616233658964,0.001171616233658964
cnv_depth__IBNLCO_04083__Macrolide__CDS,-0.0011713022561091226,0.0011713022561091226
cnv_depth__IBNLCO_01905__IBNLCO_01905__gene__promoter,-0.0011711987831303625,0.0011711987831303625
cnv_depth__IBNLCO_01003__Two-component__CDS,-0.0011705803302402616,0.0011705803302402616
cnv_depth__IBNLCO_05807__Porin__CDS__promoter,0.0011705169976954513,0.0011705169976954513
cnv_depth__IBNLCO_04257__Autoinducer__CDS,-0.0011695009854224164,0.0011695009854224164
cnv_depth__IBNLCO_03479__3-carboxy-cis%2Ccis-muconate__CDS,-0.0011694852448493203,0.0011694852448493203
cnv_depth__IBNLCO_01234__RecBCD__CDS__promoter,-0.0011693008009495327,0.0011693008009495327
cnv_depth__IBNLCO_02319__IBNLCO_02319__gene,-0.001168701442649214,0.001168701442649214
cnv_depth__IBNLCO_03209__Large__CDS,-0.0011685037937102247,0.0011685037937102247
cnv_depth__IBNLCO_03573__IBNLCO_03573__gene,0.0011660178364151675,0.0011660178364151675
cnv_depth__IBNLCO_04298__IBNLCO_04298__gene,-0.001165538693134311,0.001165538693134311
cnv_depth__IBNLCO_01711__Putative__CDS,0.0011649812683901366,0.0011649812683901366
cnv_depth__IBNLCO_02836__IBNLCO_02836__gene,0.0011648811381242156,0.0011648811381242156
cnv_depth__IBNLCO_03137__Imidazoleglycerol-phosphate__CDS__promoter,0.0011640098133336592,0.0011640098133336592
cnv_depth__IBNLCO_00544__IBNLCO_00544__gene__promoter,0.0011639728465447608,0.0011639728465447608
cnv_depth__IBNLCO_05834__IBNLCO_05834__gene,-0.001163670045084491,0.001163670045084491
cnv_depth__IBNLCO_00685__rhlE__gene__promoter,0.00116323138493524,0.00116323138493524
cnv_depth__IBNLCO_03423__Adenylate__CDS,0.0011627105399146921,0.0011627105399146921
cnv_depth__IBNLCO_04584__IBNLCO_04584__gene__promoter,-0.00116202948064013,0.00116202948064013
cnv_depth__IBNLCO_05407__Carboxylesterase__CDS,-0.0011617091642514305,0.0011617091642514305
cnv_depth__IBNLCO_03127__tatB__gene,0.0011612351973245417,0.0011612351973245417
cnv_depth__IBNLCO_04507__IBNLCO_04507__gene,0.001160978689043301,0.001160978689043301
cnv_depth__IBNLCO_05671__IBNLCO_05671__gene,0.0011609675570876518,0.0011609675570876518
cnv_depth__IBNLCO_03522__Thiol__CDS__promoter,0.0011602910050718372,0.0011602910050718372
cnv_depth__IBNLCO_00086__Spermidine__CDS,0.0011595461981224414,0.0011595461981224414
cnv_depth__IBNLCO_00018__Type__CDS__promoter,0.0011584474440037413,0.0011584474440037413
cnv_depth__IBNLCO_02103__IBNLCO_02103__gene,0.0011583165025645555,0.0011583165025645555
cnv_depth__IBNLCO_01737__IBNLCO_01737__gene,-0.0011580864387985557,0.0011580864387985557
cnv_depth__IBNLCO_04766__IBNLCO_04766__gene,-0.0011575406875470639,0.0011575406875470639
cnv_depth__IBNLCO_00387__5-methyltetrahydrofolate--homocysteine__CDS,0.0011573835261558909,0.0011573835261558909
cnv_depth__IBNLCO_01917__surE__gene,-0.001156623839770862,0.001156623839770862
cnv_depth__IBNLCO_02143__IBNLCO_02143__gene__promoter,0.001156579601243275,0.001156579601243275
cnv_depth__IBNLCO_00291__Carbohydrate__CDS__promoter,0.0011551920584705793,0.0011551920584705793
cnv_depth__IBNLCO_01575__IBNLCO_01575__gene,-0.0011545804149295216,0.0011545804149295216
cnv_depth__IBNLCO_04400__IBNLCO_04400__gene,0.00115427240493746,0.00115427240493746
cnv_depth__IBNLCO_03187__dsbD__gene,0.00115397554129541,0.00115397554129541
cnv_depth__IBNLCO_03090__gnl|Bakta|IBNLCO_03090__CDS__promoter,0.001153151097294052,0.001153151097294052
cnv_depth__IBNLCO_04804__IBNLCO_04804__gene__promoter,-0.0011528259771468308,0.0011528259771468308
cnv_depth__IBNLCO_05593__tagF__gene__promoter,-0.0011522004776750281,0.0011522004776750281
cnv_depth__IBNLCO_01844__HTH-type__CDS,0.0011521276852370591,0.0011521276852370591
cnv_depth__IBNLCO_00737__hypothetical__CDS__promoter,0.001151973812812863,0.001151973812812863
cnv_depth__IBNLCO_00845__UPF0234__CDS__promoter,0.0011513855072020328,0.0011513855072020328
cnv_depth__IBNLCO_01929__4-Amino-4-deoxy-L-arabinose__CDS,-0.0011509300249173975,0.0011509300249173975
cnv_depth__IBNLCO_01417__IBNLCO_01417__gene,0.0011508160203175053,0.0011508160203175053
cnv_depth__IBNLCO_05111__Type__CDS,-0.0011503429573923635,0.0011503429573923635
cnv_depth__IBNLCO_02616__PII-like__CDS,-0.0011497686284924515,0.0011497686284924515
cnv_depth__IBNLCO_03392__IBNLCO_03392__gene,0.0011495254482870242,0.0011495254482870242
cnv_depth__IBNLCO_01426__Alanine--tRNA__CDS,0.0011493099231993738,0.0011493099231993738
cnv_depth__IBNLCO_00118__IBNLCO_00118__gene,-0.0011485659679787953,0.0011485659679787953
cnv_depth__IBNLCO_02157__Gamma-glutamylcyclotransferase__CDS,-0.001148547181730382,0.001148547181730382
cnv_depth__IBNLCO_01302__Hydroxyacylglutathione__CDS,0.0011476092798257535,0.0011476092798257535
cnv_depth__IBNLCO_05696__Amino__CDS__promoter,-0.0011475190389227056,0.0011475190389227056
cnv_depth__IBNLCO_00001__IBNLCO_00001__gene__promoter,0.0011474512811508876,0.0011474512811508876
cnv_depth__IBNLCO_01356__hypothetical__CDS,0.0011456169767819105,0.0011456169767819105
cnv_depth__IBNLCO_04816__Cysteine__CDS__promoter,0.001145276435951259,0.001145276435951259
cnv_depth__IBNLCO_03399__IBNLCO_03399__gene__promoter,0.001145242539213921,0.001145242539213921
cnv_depth__IBNLCO_00500__IBNLCO_00500__gene__promoter,-0.0011446615305856446,0.0011446615305856446
cnv_depth__IBNLCO_00308__IBNLCO_00308__gene,0.0011445903504270138,0.0011445903504270138
cnv_depth__IBNLCO_05173__Polysaccharide__CDS,0.001144034024978812,0.001144034024978812
cnv_depth__IBNLCO_04560__Transmembrane__CDS__promoter,-0.0011436625216169072,0.0011436625216169072
cnv_depth__IBNLCO_02845__non-specific__CDS,0.0011431143158758042,0.0011431143158758042
cnv_depth__IBNLCO_00045__araC__gene,-0.0011427568770999424,0.0011427568770999424
cnv_depth__IBNLCO_00391__IBNLCO_00391__gene__promoter,0.0011418362259565061,0.0011418362259565061
cnv_depth__IBNLCO_03970__IBNLCO_03970__gene,0.0011417673949214427,0.0011417673949214427
cnv_depth__IBNLCO_02055__gnl|Bakta|IBNLCO_02055__CDS,0.0011388808744843659,0.0011388808744843659
cnv_depth__IBNLCO_02702__lysR__gene__promoter,0.001138278248589266,0.001138278248589266
cnv_depth__IBNLCO_01410__histidine__CDS__promoter,-0.0011382009018815339,0.0011382009018815339
cnv_depth__IBNLCO_00771__Branched-chain__CDS__promoter,0.001137822306163843,0.001137822306163843
cnv_depth__IBNLCO_00080__IBNLCO_00080__gene__promoter,0.0011368858701194075,0.0011368858701194075
cnv_depth__IBNLCO_02855__Protein-export__CDS,-0.0011358229482830793,0.0011358229482830793
cnv_depth__IBNLCO_02874__tRNA-specific__CDS,-0.0011349694633911488,0.0011349694633911488
cnv_depth__IBNLCO_01218__mdtA__gene,0.0011347701173830553,0.0011347701173830553
cnv_depth__IBNLCO_04685__IBNLCO_04685__gene,-0.0011345807440974588,0.0011345807440974588
cnv_depth__IBNLCO_05532__IBNLCO_05532__gene,0.0011343583621768287,0.0011343583621768287
cnv_depth__IBNLCO_03025__Transcriptional__CDS__promoter,0.0011337940071596867,0.0011337940071596867
cnv_depth__IBNLCO_03233__trnT__gene__promoter,0.0011296895365581437,0.0011296895365581437
cnv_depth__IBNLCO_01911__rlmD__gene,0.0011291459579375368,0.0011291459579375368
cnv_depth__IBNLCO_00087__IBNLCO_00087__gene__promoter,-0.0011284386219620325,0.0011284386219620325
cnv_depth__IBNLCO_00091__hypothetical__CDS__promoter,0.001128348114638815,0.001128348114638815
cnv_depth__IBNLCO_05159__Luciferase-like__CDS,-0.0011266839805178983,0.0011266839805178983
cnv_depth__IBNLCO_04682__RCK__CDS__promoter,0.0011266153468241712,0.0011266153468241712
cnv_depth__IBNLCO_03720__IBNLCO_03720__gene,0.0011257043701091835,0.0011257043701091835
cnv_depth__IBNLCO_02751__Flagellar__CDS,0.0011256503078273293,0.0011256503078273293
cnv_depth__IBNLCO_04705__Nitrate/nitrite__CDS,0.0011254691920857677,0.0011254691920857677
cnv_depth__IBNLCO_05610__gnl|Bakta|IBNLCO_05610__CDS__promoter,0.0011252689208719846,0.0011252689208719846
cnv_depth__IBNLCO_00509__IBNLCO_00509__gene,-0.0011246142545801795,0.0011246142545801795
cnv_depth__IBNLCO_03058__Ribosome-binding__CDS,0.0011240973706395617,0.0011240973706395617
cnv_depth__IBNLCO_05011__bicA__gene,-0.001122885132210162,0.001122885132210162
cnv_depth__IBNLCO_05495__IBNLCO_05495__gene__promoter,0.0011211622767747964,0.0011211622767747964
cnv_depth__IBNLCO_02163__trnD__gene,-0.0011207661793931347,0.0011207661793931347
cnv_depth__IBNLCO_05485__IBNLCO_05485__gene,-0.0011203847489266307,0.0011203847489266307
cnv_depth__IBNLCO_00747__DUF2889__CDS__promoter,0.0011199561479600943,0.0011199561479600943
cnv_depth__IBNLCO_03601__IBNLCO_03601__gene,0.0011198986557861487,0.0011198986557861487
cnv_depth__IBNLCO_02052__IBNLCO_02052__gene__promoter,0.0011186624677374012,0.0011186624677374012
cnv_depth__IBNLCO_01941__Threonine__CDS__promoter,0.0011177374622290182,0.0011177374622290182
cnv_depth__IBNLCO_04521__IBNLCO_04521__gene,0.0011165106106076385,0.0011165106106076385
cnv_depth__IBNLCO_04532__IBNLCO_04532__gene,-0.0011164015868688852,0.0011164015868688852
cnv_depth__IBNLCO_02525__IBNLCO_02525__gene__promoter,-0.0011148845730693168,0.0011148845730693168
cnv_depth__IBNLCO_03316__IBNLCO_03316__gene__promoter,0.0011128724810845316,0.0011128724810845316
cnv_depth__IBNLCO_01678__cobW__gene,-0.0011126070039234554,0.0011126070039234554
cnv_depth__IBNLCO_00097__IBNLCO_00097__gene,0.0011122617894110708,0.0011122617894110708
cnv_depth__IBNLCO_04588__IBNLCO_04588__gene__promoter,0.001111749692109984,0.001111749692109984
cnv_depth__IBNLCO_04356__IBNLCO_04356__gene,-0.0011104976721227086,0.0011104976721227086
cnv_depth__IBNLCO_04611__Phosphocarrier__CDS__promoter,-0.0011094488626333249,0.0011094488626333249
cnv_depth__IBNLCO_05510__prnD__gene__promoter,0.001108298906851736,0.001108298906851736
cnv_depth__IBNLCO_00262__IBNLCO_00262__gene__promoter,-0.0011073819053012295,0.0011073819053012295
cnv_depth__IBNLCO_03868__hypothetical__CDS,-0.0011050612226651037,0.0011050612226651037
cnv_depth__IBNLCO_04116__hypothetical__CDS,-0.0011039782779904267,0.0011039782779904267
cnv_depth__IBNLCO_04543__hypothetical__CDS__promoter,-0.0011038132126290165,0.0011038132126290165
cnv_depth__IBNLCO_00199__clpQ__gene,0.001103405710549058,0.001103405710549058
cnv_depth__IBNLCO_03302__chemotaxis__CDS,-0.0011025749219603703,0.0011025749219603703
cnv_depth__IBNLCO_05205__Citrate__CDS,0.0011024648190228019,0.0011024648190228019
cnv_depth__IBNLCO_05533__IBNLCO_05533__gene,-0.0011011522671575617,0.0011011522671575617
cnv_depth__IBNLCO_02918__Gluconate__CDS__promoter,0.00110079223686499,0.00110079223686499
cnv_depth__IBNLCO_02558__Guanylate__CDS,0.0010989558804297532,0.0010989558804297532
cnv_depth__IBNLCO_01239__IBNLCO_01239__gene__promoter,-0.001098841621761733,0.001098841621761733
cnv_depth__IBNLCO_01482__IBNLCO_01482__gene,-0.0010974551375638496,0.0010974551375638496
cnv_depth__IBNLCO_00026__flagellar__CDS,-0.0010970223327878951,0.0010970223327878951
cnv_depth__IBNLCO_02552__IBNLCO_02552__gene,0.001096845754630541,0.001096845754630541
cnv_depth__IBNLCO_00394__PNPLA__CDS,0.0010964041032099873,0.0010964041032099873
cnv_depth__IBNLCO_03291__IBNLCO_03291__gene,0.0010962639604086756,0.0010962639604086756
cnv_depth__IBNLCO_05853__IBNLCO_05853__gene,0.0010957960753510796,0.0010957960753510796
cnv_depth__IBNLCO_04753__Antibiotic__CDS,0.001095075526877751,0.001095075526877751
cnv_depth__IBNLCO_00515__IBNLCO_00515__gene,-0.0010949980714750804,0.0010949980714750804
cnv_depth__IBNLCO_00952__IBNLCO_00952__gene__promoter,-0.0010939862441816924,0.0010939862441816924
cnv_depth__IBNLCO_03622__Type__CDS,0.0010938418050350472,0.0010938418050350472
cnv_depth__IBNLCO_05658__IBNLCO_05658__gene,0.001093375212556341,0.001093375212556341
cnv_depth__IBNLCO_03207__IBNLCO_03207__gene,0.001092882734240001,0.001092882734240001
cnv_depth__IBNLCO_00475__IBNLCO_00475__gene__promoter,-0.0010921822516737453,0.0010921822516737453
cnv_depth__IBNLCO_00550__Major__CDS,0.0010919779554263824,0.0010919779554263824
cnv_depth__IBNLCO_05082__type__CDS__promoter,-0.0010915344827676662,0.0010915344827676662
cnv_depth__IBNLCO_03645__IBNLCO_03645__gene__promoter,-0.0010911680854841263,0.0010911680854841263
cnv_depth__IBNLCO_04190__3-oxoacyl-[acyl-carrier-protein]__CDS,-0.0010901233549001576,0.0010901233549001576
cnv_depth__IBNLCO_05277__IBNLCO_05277__gene,-0.0010893805106819644,0.0010893805106819644
cnv_depth__IBNLCO_00265__negative__CDS,-0.0010890243154202588,0.0010890243154202588
cnv_depth__IBNLCO_02827__IBNLCO_02827__gene__promoter,0.0010887846047730665,0.0010887846047730665
cnv_depth__IBNLCO_02407__IBNLCO_02407__gene,-0.0010880168227579276,0.0010880168227579276
cnv_depth__IBNLCO_01654__rbsA__gene__promoter,-0.0010878512502682572,0.0010878512502682572
cnv_depth__IBNLCO_02149__tsaB__gene__promoter,0.001087764403836353,0.001087764403836353
cnv_depth__IBNLCO_03650__prpR__gene__promoter,-0.0010863990017718076,0.0010863990017718076
cnv_depth__IBNLCO_00346__SCO1/SenC__CDS__promoter,-0.0010862635733561632,0.0010862635733561632
cnv_depth__IBNLCO_03131__IBNLCO_03131__gene,0.001085650111732516,0.001085650111732516
cnv_depth__IBNLCO_00020__IBNLCO_00020__gene__promoter,0.0010855410069667882,0.0010855410069667882
cnv_depth__IBNLCO_02365__Succinylglutamate__CDS,0.001084805292575751,0.001084805292575751
cnv_depth__IBNLCO_02782__capsular__CDS,0.0010838921346153143,0.0010838921346153143
cnv_depth__IBNLCO_01563__Phospholipase__CDS,-0.0010833524095157664,0.0010833524095157664
cnv_depth__IBNLCO_05449__IBNLCO_05449__gene,-0.0010833508478575466,0.0010833508478575466
cnv_depth__IBNLCO_00058__IBNLCO_00058__gene,-0.0010829761985409715,0.0010829761985409715
cnv_depth__IBNLCO_04517__IBNLCO_04517__gene,0.0010828473087420834,0.0010828473087420834
cnv_depth__IBNLCO_01671__L-ornithine__CDS__promoter,0.0010819947042569134,0.0010819947042569134
cnv_depth__IBNLCO_01661__IBNLCO_01661__gene,-0.0010803284933538835,0.0010803284933538835
cnv_depth__IBNLCO_02198__IBNLCO_02198__gene,-0.0010790390704099688,0.0010790390704099688
cnv_depth__IBNLCO_01037__HTH__CDS__promoter,0.0010784178691971194,0.0010784178691971194
cnv_depth__IBNLCO_03198__Large__CDS__promoter,0.0010781448152993815,0.0010781448152993815
cnv_depth__IBNLCO_01667__IBNLCO_01667__gene__promoter,0.0010778485652866428,0.0010778485652866428
cnv_depth__IBNLCO_05444__IBNLCO_05444__gene,0.001077215954426543,0.001077215954426543
cnv_depth__IBNLCO_03281__IBNLCO_03281__gene,-0.0010769814530684953,0.0010769814530684953
cnv_depth__IBNLCO_03407__IBNLCO_03407__gene__promoter,-0.0010767230019063966,0.0010767230019063966
cnv_depth__IBNLCO_03674__asmA__gene,0.0010767160103629248,0.0010767160103629248
cnv_depth__IBNLCO_02946__IBNLCO_02946__gene,0.0010761242700545607,0.0010761242700545607
cnv_depth__IBNLCO_04811__YeeE/YedE__CDS,-0.0010744663320629661,0.0010744663320629661
cnv_depth__IBNLCO_01066__IBNLCO_01066__gene,0.001073001607458945,0.001073001607458945
cnv_depth__IBNLCO_02449__trnN__gene__promoter,0.0010728143168615102,0.0010728143168615102
cnv_depth__IBNLCO_05819__IBNLCO_05819__gene,-0.0010727681336187877,0.0010727681336187877
cnv_depth__IBNLCO_03759__IBNLCO_03759__gene,-0.0010717967913350666,0.0010717967913350666
cnv_depth__IBNLCO_02603__Riboflavin__CDS,-0.0010685688993778396,0.0010685688993778396
cnv_depth__IBNLCO_00179__mreC__gene,0.0010681059714434352,0.0010681059714434352
cnv_depth__IBNLCO_03083__HTH__CDS__promoter,-0.001066054237730304,0.001066054237730304
cnv_depth__IBNLCO_03084__DUF1415__CDS,0.0010642733732622437,0.0010642733732622437
cnv_depth__IBNLCO_02173__Enoyl-[acyl-carrier-protein]__CDS,0.0010638489795312353,0.0010638489795312353
cnv_depth__IBNLCO_03949__Alkyl__CDS,-0.0010629980114978037,0.0010629980114978037
cnv_depth__IBNLCO_03386__IBNLCO_03386__gene__promoter,-0.0010611817797005977,0.0010611817797005977
cnv_depth__IBNLCO_02790__capsular__CDS__promoter,0.0010607879709812935,0.0010607879709812935
cnv_depth__IBNLCO_01717__cheW__gene,0.0010593103253777074,0.0010593103253777074
cnv_depth__IBNLCO_03703__IBNLCO_03703__gene__promoter,0.0010592175942712352,0.0010592175942712352
cnv_depth__IBNLCO_02122__Uridylate__CDS__promoter,-0.001058975690038437,0.001058975690038437
cnv_depth__IBNLCO_04782__IBNLCO_04782__gene,-0.0010589725857285794,0.0010589725857285794
cnv_depth__IBNLCO_05327__Polysaccharide__CDS,-0.001058821022675381,0.001058821022675381
cnv_depth__IBNLCO_00198__ATP-dependent__CDS,0.0010578839486721835,0.0010578839486721835
cnv_depth__IBNLCO_05371__Chemotaxis__CDS__promoter,-0.0010576527450215972,0.0010576527450215972
cnv_depth__IBNLCO_01846__Chloride__CDS,0.001056346966459119,0.001056346966459119
cnv_depth__IBNLCO_04192__Pyridoxamine__CDS__promoter,-0.0010548239362934604,0.0010548239362934604
cnv_depth__IBNLCO_05293__Proline--tRNA__CDS__promoter,-0.001054698359498244,0.001054698359498244
cnv_depth__IBNLCO_04498__IBNLCO_04498__gene__promoter,-0.0010546133222058723,0.0010546133222058723
cnv_depth__IBNLCO_04914__Arsenate__CDS,-0.001054046894716735,0.001054046894716735
cnv_depth__IBNLCO_02041__IBNLCO_02041__gene__promoter,-0.0010532078459117651,0.0010532078459117651
cnv_depth__IBNLCO_02239__gnl|Bakta|IBNLCO_02239__CDS__promoter,-0.0010522601437384282,0.0010522601437384282
cnv_depth__IBNLCO_00030__fliP__gene,0.0010516111864925213,0.0010516111864925213
cnv_depth__IBNLCO_04401__IBNLCO_04401__gene__promoter,-0.001051098564929089,0.001051098564929089
cnv_depth__IBNLCO_05579__IBNLCO_05579__gene__promoter,0.0010502602026296463,0.0010502602026296463
cnv_depth__IBNLCO_00807__IBNLCO_00807__gene__promoter,-0.0010493723849357023,0.0010493723849357023
cnv_depth__IBNLCO_01375__hypothetical__CDS__promoter,0.001049371937681213,0.001049371937681213
cnv_depth__IBNLCO_03118__trnT__gene,0.001049198117262299,0.001049198117262299
cnv_depth__IBNLCO_00063__IBNLCO_00063__gene__promoter,-0.0010482762193335276,0.0010482762193335276
cnv_depth__IBNLCO_02274__IBNLCO_02274__gene,0.0010471884907174204,0.0010471884907174204
cnv_depth__IBNLCO_01160__NADH-quinone__CDS,-0.0010462583081502137,0.0010462583081502137
cnv_depth__IBNLCO_03835__IBNLCO_03835__gene,-0.001044869011344699,0.001044869011344699
cnv_depth__IBNLCO_03040__Phenylacetate-coenzyme__CDS,0.0010447419304367399,0.0010447419304367399
cnv_depth__IBNLCO_02719__Arabinose__CDS,-0.0010446265300253653,0.0010446265300253653
cnv_depth__IBNLCO_04865__type__CDS__promoter,0.0010439454680858501,0.0010439454680858501
cnv_depth__IBNLCO_04723__IBNLCO_04723__gene__promoter,0.0010425186532500201,0.0010425186532500201
cnv_depth__IBNLCO_03269__IBNLCO_03269__gene,0.001041452106531731,0.001041452106531731
cnv_depth__IBNLCO_04315__uspA__gene__promoter,0.0010413846149046856,0.0010413846149046856
cnv_depth__IBNLCO_05464__IBNLCO_05464__gene,0.0010397044318832642,0.0010397044318832642
cnv_depth__IBNLCO_05293__IBNLCO_05293__gene,-0.0010395228465667516,0.0010395228465667516
cnv_depth__IBNLCO_02037__DUF2471__CDS__promoter,0.0010389319649405373,0.0010389319649405373
cnv_depth__IBNLCO_05524__nhaR__gene__promoter,-0.0010376417493601488,0.0010376417493601488
cnv_depth__unknown__unknown__source,-0.0010370661336377672,0.0010370661336377672
cnv_depth__IBNLCO_01733__IBNLCO_01733__gene,-0.001036317813186902,0.001036317813186902
cnv_depth__IBNLCO_00093__IBNLCO_00093__gene,0.0010356879081483874,0.0010356879081483874
cnv_depth__IBNLCO_04630__IBNLCO_04630__gene,0.001035271487454489,0.001035271487454489
cnv_depth__IBNLCO_00761__IBNLCO_00761__gene,0.0010345426572580527,0.0010345426572580527
cnv_depth__IBNLCO_03314__Flagellar__CDS__promoter,0.0010336096757470677,0.0010336096757470677
cnv_depth__IBNLCO_04823__IBNLCO_04823__gene__promoter,-0.0010324639727310712,0.0010324639727310712
cnv_depth__IBNLCO_05838__gnl|Bakta|IBNLCO_05838__CDS,0.001029986230676969,0.001029986230676969
cnv_depth__IBNLCO_04227__Cytosine__CDS,-0.0010299092494306787,0.0010299092494306787
cnv_depth__IBNLCO_01746__DUF1109__CDS,-0.0010297624906615347,0.0010297624906615347
cnv_depth__IBNLCO_05795__Major__CDS__promoter,0.0010290632745868081,0.0010290632745868081
cnv_depth__IBNLCO_02745__IBNLCO_02745__gene__promoter,-0.001028579711323469,0.001028579711323469
cnv_depth__IBNLCO_01898__Protein__CDS,-0.0010268518610073041,0.0010268518610073041
cnv_depth__IBNLCO_00061__Acyl-[acyl-carrier-protein]__CDS,-0.001024747071942446,0.001024747071942446
cnv_depth__IBNLCO_04118__Carboxypeptidase__CDS,-0.0010246402504006903,0.0010246402504006903
cnv_depth__IBNLCO_03335__IBNLCO_03335__gene,0.0010240528888130897,0.0010240528888130897
cnv_depth__IBNLCO_01407__Pili__CDS__promoter,0.0010237363953649278,0.0010237363953649278
cnv_depth__IBNLCO_04956__HTH__CDS,0.0010233867619569119,0.0010233867619569119
cnv_depth__IBNLCO_04463__Divalent__CDS,0.0010217897086607513,0.0010217897086607513
cnv_depth__IBNLCO_01413__IBNLCO_01413__gene,0.001021500966465517,0.001021500966465517
cnv_depth__IBNLCO_01643__IBNLCO_01643__gene,-0.001019925240364463,0.001019925240364463
cnv_depth__IBNLCO_05152__IBNLCO_05152__gene,0.0010194613705904558,0.0010194613705904558
cnv_depth__IBNLCO_03461__Anaerobic__CDS,0.0010193303847872805,0.0010193303847872805
cnv_depth__IBNLCO_00388__DUF3567__CDS__promoter,-0.0010180554475055792,0.0010180554475055792
cnv_depth__IBNLCO_02780__GDP__CDS,-0.0010180439931785166,0.0010180439931785166
cnv_depth__IBNLCO_00855__UPF0434__CDS__promoter,-0.001017062024420355,0.001017062024420355
cnv_depth__IBNLCO_00980__IBNLCO_00980__gene,-0.0010162202366061877,0.0010162202366061877
cnv_depth__IBNLCO_00326__IBNLCO_00326__gene__promoter,0.0010151992445398262,0.0010151992445398262
cnv_depth__IBNLCO_05257__Octaprenyl__CDS__promoter,0.0010143011685836527,0.0010143011685836527
cnv_depth__IBNLCO_03473__IBNLCO_03473__gene__promoter,0.001013875253633008,0.001013875253633008
cnv_depth__IBNLCO_04493__IBNLCO_04493__gene__promoter,0.0010127891120070562,0.0010127891120070562
cnv_depth__IBNLCO_01217__mdtB__gene,-0.001010882258870006,0.001010882258870006
cnv_depth__IBNLCO_03692__IBNLCO_03692__gene__promoter,0.001005968192683742,0.001005968192683742
cnv_depth__IBNLCO_01097__Chemotaxis__CDS__promoter,-0.0010057509337327948,0.0010057509337327948
cnv_depth__IBNLCO_05335__Acetylglutamate__CDS__promoter,0.0010055286325544957,0.0010055286325544957
cnv_depth__IBNLCO_05761__IBNLCO_05761__gene,-0.0010050991287362805,0.0010050991287362805
cnv_depth__IBNLCO_00005__yciC__gene,0.0010049891930235687,0.0010049891930235687
cnv_depth__IBNLCO_01847__Transcriptional__CDS,-0.001004030414274804,0.001004030414274804
cnv_depth__IBNLCO_03433__IBNLCO_03433__gene,0.0010039071907983227,0.0010039071907983227
cnv_depth__IBNLCO_01227__Fe(3+)__CDS,-0.001003755147346564,0.001003755147346564
cnv_depth__IBNLCO_04935__IBNLCO_04935__gene,0.0010033456457389854,0.0010033456457389854
cnv_depth__IBNLCO_05551__Thioesterase__CDS__promoter,0.0010030753438386747,0.0010030753438386747
cnv_depth__IBNLCO_03484__IBNLCO_03484__gene__promoter,-0.0010030526097410265,0.0010030526097410265
cnv_depth__IBNLCO_03782__IBNLCO_03782__gene,0.0010027933068437764,0.0010027933068437764
cnv_depth__IBNLCO_00430__IBNLCO_00430__gene,0.0010027515033460437,0.0010027515033460437
cnv_depth__IBNLCO_01642__oprM__gene__promoter,-0.0010027226852492147,0.0010027226852492147
cnv_depth__IBNLCO_02640__5_ureB_sRNA__gene,0.001002060370945006,0.001002060370945006
cnv_depth__IBNLCO_04617__IBNLCO_04617__gene__promoter,-0.0010020391334257805,0.0010020391334257805
cnv_depth__IBNLCO_04433__IBNLCO_04433__gene,-0.001000238880807885,0.001000238880807885
cnv_depth__IBNLCO_01204__IBNLCO_01204__gene,-0.0010001708990653997,0.0010001708990653997
cnv_depth__IBNLCO_04878__IBNLCO_04878__gene,-0.0009998251289232683,0.0009998251289232683
cnv_depth__IBNLCO_03605__pvcC__gene,-0.0009995380728504623,0.0009995380728504623
cnv_depth__IBNLCO_01718__EamA__CDS,-0.000999450332538731,0.000999450332538731
cnv_depth__IBNLCO_04623__IBNLCO_04623__gene,0.00099941865358528,0.00099941865358528
cnv_depth__IBNLCO_05294__IBNLCO_05294__gene,-0.0009993973246011244,0.0009993973246011244
cnv_depth__IBNLCO_05016__bsaV__gene__promoter,0.0009991161917147103,0.0009991161917147103
cnv_depth__IBNLCO_01902__GTPase__CDS,0.0009990564157407694,0.0009990564157407694
cnv_depth__IBNLCO_01588__IBNLCO_01588__gene,-0.000998821786378702,0.000998821786378702
cnv_depth__IBNLCO_03624__IBNLCO_03624__gene,-0.0009971137657418484,0.0009971137657418484
cnv_depth__IBNLCO_03373__IBNLCO_03373__gene,-0.0009970478878802208,0.0009970478878802208
cnv_depth__IBNLCO_02228__Methyltransferase__CDS,-0.000996729787319717,0.000996729787319717
cnv_depth__IBNLCO_04791__D-lactate__CDS,0.000996360605457734,0.000996360605457734
cnv_depth__IBNLCO_03482__4-hydroxybenzoate__CDS__promoter,-0.0009955369735478684,0.0009955369735478684
cnv_depth__IBNLCO_00004__Nucleoid__CDS__promoter,-0.0009954316360759074,0.0009954316360759074
cnv_depth__IBNLCO_05410__hypothetical__CDS,0.000994457417493051,0.000994457417493051
cnv_depth__IBNLCO_00391__IBNLCO_00391__gene,-0.0009944341446597998,0.0009944341446597998
cnv_depth__IBNLCO_05055__IBNLCO_05055__gene,0.0009941406319463003,0.0009941406319463003
cnv_depth__IBNLCO_03454__NADPH-dependent__CDS__promoter,0.0009941168073088927,0.0009941168073088927
cnv_depth__IBNLCO_00583__IBNLCO_00583__gene__promoter,-0.0009933437963831752,0.0009933437963831752
cnv_depth__IBNLCO_04515__Ca2+:H+__CDS,-0.0009920293281007854,0.0009920293281007854
cnv_depth__IBNLCO_03418__IBNLCO_03418__gene,0.000990753265617312,0.000990753265617312
cnv_depth__IBNLCO_00504__IBNLCO_00504__gene__promoter,0.0009900617011923778,0.0009900617011923778
cnv_depth__IBNLCO_03312__flagellar__CDS__promoter,-0.0009893866502899702,0.0009893866502899702
cnv_depth__IBNLCO_03276__Phosphoheptose__CDS,-0.0009893057580209232,0.0009893057580209232
cnv_depth__IBNLCO_04759__Membrane__CDS__promoter,0.0009884819855861453,0.0009884819855861453
cnv_depth__IBNLCO_02667__dTDP-glucose__CDS,0.0009878943851005587,0.0009878943851005587
cnv_depth__IBNLCO_03423__Adenylate__CDS__promoter,-0.0009871761884793656,0.0009871761884793656
cnv_depth__IBNLCO_01443__xylH__gene,0.000987169022982337,0.000987169022982337
cnv_depth__IBNLCO_03396__ATP__CDS,0.000986532328989297,0.000986532328989297
cnv_depth__IBNLCO_05806__Thiol:disulfide__CDS,0.0009862228505907492,0.0009862228505907492
cnv_depth__IBNLCO_01067__Electron__CDS__promoter,-0.0009853286931385884,0.0009853286931385884
cnv_depth__IBNLCO_04051__IBNLCO_04051__gene__promoter,-0.0009847638927221048,0.0009847638927221048
cnv_depth__IBNLCO_02941__IBNLCO_02941__gene,-0.0009846583988356516,0.0009846583988356516
cnv_depth__IBNLCO_01691__IBNLCO_01691__gene__promoter,0.000984646945814813,0.000984646945814813
cnv_depth__IBNLCO_00850__murJ__gene,0.0009846238744915133,0.0009846238744915133
cnv_depth__IBNLCO_01952__thioredoxin-dependent__CDS__promoter,-0.0009845175075771056,0.0009845175075771056
cnv_depth__IBNLCO_01674__IBNLCO_01674__gene,-0.0009844958253963725,0.0009844958253963725
cnv_depth__IBNLCO_03866__LysM__CDS,-0.000983826979393945,0.000983826979393945
cnv_depth__IBNLCO_03255__IBNLCO_03255__gene,-0.0009833855432579068,0.0009833855432579068
cnv_depth__IBNLCO_04786__IBNLCO_04786__gene__promoter,-0.0009810966118610136,0.0009810966118610136
cnv_depth__IBNLCO_03833__LysR__CDS__promoter,-0.0009809275553844647,0.0009809275553844647
cnv_depth__IBNLCO_02179__IBNLCO_02179__gene,-0.0009803925663271302,0.0009803925663271302
cnv_depth__IBNLCO_03377__Cd(II)/Pb(II)-responsive__CDS__promoter,-0.0009799549103689182,0.0009799549103689182
cnv_depth__IBNLCO_01475__Bcj11__gene__promoter,-0.0009797765904569706,0.0009797765904569706
cnv_depth__IBNLCO_01212__IBNLCO_01212__gene,-0.0009791018602897045,0.0009791018602897045
cnv_depth__IBNLCO_05613__IBNLCO_05613__gene,-0.0009786312547200736,0.0009786312547200736
cnv_depth__IBNLCO_03280__IBNLCO_03280__gene__promoter,-0.0009772071437511285,0.0009772071437511285
cnv_depth__IBNLCO_01866__ompW__gene,-0.0009756635910151744,0.0009756635910151744
cnv_depth__IBNLCO_01031__gnl|Bakta|IBNLCO_01031__CDS__promoter,-0.0009755517870827185,0.0009755517870827185
cnv_depth__IBNLCO_01875__IBNLCO_01875__gene__promoter,0.0009721390288423107,0.0009721390288423107
cnv_depth__IBNLCO_02832__Phosphonates__CDS,-0.000971837690185228,0.000971837690185228
cnv_depth__IBNLCO_04007__Membrane__CDS__promoter,0.0009714754559914883,0.0009714754559914883
cnv_depth__IBNLCO_04430__Response__CDS,-0.0009702089977323964,0.0009702089977323964
cnv_depth__IBNLCO_05645__MFS__CDS,0.0009697950254822137,0.0009697950254822137
cnv_depth__IBNLCO_05831__Hopanoid__CDS,-0.0009690450451118145,0.0009690450451118145
cnv_depth__IBNLCO_04174__Enoyl-CoA__CDS__promoter,0.0009680812846331624,0.0009680812846331624
cnv_depth__IBNLCO_01980__Rap1a__CDS,-0.0009675582890538585,0.0009675582890538585
cnv_depth__IBNLCO_00075__IBNLCO_00075__gene,-0.0009662657233634409,0.0009662657233634409
cnv_depth__IBNLCO_02369__IBNLCO_02369__gene,-0.0009662365703146258,0.0009662365703146258
cnv_depth__IBNLCO_03082__Oxalate:formate__CDS__promoter,-0.0009660309412646761,0.0009660309412646761
cnv_depth__IBNLCO_01677__Nickel/cobalt__CDS__promoter,-0.000965931600969329,0.000965931600969329
cnv_depth__IBNLCO_00071__RNA__CDS__promoter,-0.000965465006534075,0.000965465006534075
cnv_depth__IBNLCO_02333__MIP18__CDS,-0.0009654647030057555,0.0009654647030057555
cnv_depth__IBNLCO_03135__hisH__gene,0.0009653752223036551,0.0009653752223036551
cnv_depth__IBNLCO_00916__IBNLCO_00916__gene,-0.0009631780580618319,0.0009631780580618319
cnv_depth__IBNLCO_01466__hypothetical__CDS__promoter,-0.000962789532537063,0.000962789532537063
cnv_depth__IBNLCO_00108__PNPLA__CDS__promoter,-0.000962536388664763,0.000962536388664763
cnv_depth__IBNLCO_03130__Transmembrane__CDS__promoter,-0.0009623788863653118,0.0009623788863653118
cnv_depth__IBNLCO_01984__IBNLCO_01984__gene__promoter,0.0009620389836938406,0.0009620389836938406
cnv_depth__IBNLCO_05666__IBNLCO_05666__gene,-0.0009605213652805994,0.0009605213652805994
cnv_depth__IBNLCO_02747__tolB__gene,0.0009601973606964977,0.0009601973606964977
cnv_depth__IBNLCO_04731__hypothetical__CDS__promoter,-0.0009592666766951069,0.0009592666766951069
cnv_depth__IBNLCO_00917__Epoxide__CDS,0.0009586657496965322,0.0009586657496965322
cnv_depth__IBNLCO_01846__Chloride__CDS__promoter,0.0009571706997257661,0.0009571706997257661
cnv_depth__IBNLCO_03145__IBNLCO_03145__gene__promoter,-0.0009562954080162633,0.0009562954080162633
cnv_depth__IBNLCO_02147__IBNLCO_02147__gene__promoter,0.0009559787365164018,0.0009559787365164018
cnv_depth__IBNLCO_03229__Transcription__CDS__promoter,0.0009543930134639465,0.0009543930134639465
cnv_depth__IBNLCO_04611__Phosphocarrier__CDS,0.0009537297166238264,0.0009537297166238264
cnv_depth__IBNLCO_00655__IBNLCO_00655__gene,0.0009532822942866779,0.0009532822942866779
cnv_depth__IBNLCO_04985__tssH-5__gene,0.0009531794593983785,0.0009531794593983785
cnv_depth__IBNLCO_04246__hypothetical__CDS__promoter,0.000953158820204212,0.000953158820204212
cnv_depth__IBNLCO_02072__Hydantoin__CDS,-0.0009530505603340007,0.0009530505603340007
cnv_depth__IBNLCO_00407__IBNLCO_00407__gene,-0.0009517170308873366,0.0009517170308873366
cnv_depth__IBNLCO_03048__IBNLCO_03048__gene,-0.000951666481872784,0.000951666481872784
cnv_depth__IBNLCO_01455__IBNLCO_01455__gene,-0.0009513936742660324,0.0009513936742660324
cnv_depth__IBNLCO_04724__IBNLCO_04724__gene__promoter,0.0009506385747583607,0.0009506385747583607
cnv_depth__IBNLCO_00882__gnl|Bakta|IBNLCO_00882__CDS__promoter,-0.0009505016619987096,0.0009505016619987096
cnv_depth__IBNLCO_02495__Murein__CDS,0.0009500489705186067,0.0009500489705186067
cnv_depth__IBNLCO_03144__IBNLCO_03144__gene,-0.0009492147437286549,0.0009492147437286549
cnv_depth__IBNLCO_03977__IBNLCO_03977__gene,-0.0009483094755449351,0.0009483094755449351
cnv_depth__IBNLCO_01528__bipA__gene,-0.0009478786459801186,0.0009478786459801186
cnv_depth__IBNLCO_05635__IBNLCO_05635__gene__promoter,0.0009478406994236237,0.0009478406994236237
cnv_depth__IBNLCO_00846__UDP-N-acetylenolpyruvoylglucosamine__CDS__promoter,0.0009478052334153384,0.0009478052334153384
cnv_depth__IBNLCO_04138__asparagine__CDS,0.0009471808220474819,0.0009471808220474819
cnv_depth__IBNLCO_02905__SHSP__CDS__promoter,-0.0009459545123477167,0.0009459545123477167
cnv_depth__IBNLCO_00458__IBNLCO_00458__gene__promoter,0.0009440261999497161,0.0009440261999497161
cnv_depth__IBNLCO_00067__IBNLCO_00067__gene__promoter,-0.000943449427277789,0.000943449427277789
cnv_depth__IBNLCO_05498__OXA-42__CDS,-0.0009425097005511913,0.0009425097005511913
cnv_depth__IBNLCO_03867__IBNLCO_03867__gene,-0.0009419094858665104,0.0009419094858665104
cnv_depth__IBNLCO_02901__gnl|Bakta|IBNLCO_02901__CDS__promoter,0.0009413790384832908,0.0009413790384832908
cnv_depth__IBNLCO_00849__Small__CDS__promoter,0.0009412875827942405,0.0009412875827942405
cnv_depth__IBNLCO_00639__Enoyl-CoA__CDS__promoter,0.0009412247068550348,0.0009412247068550348
cnv_depth__IBNLCO_00207__IBNLCO_00207__gene,-0.000940834322695501,0.000940834322695501
cnv_depth__IBNLCO_05006__bapA__gene__promoter,-0.0009396195274560168,0.0009396195274560168
cnv_depth__IBNLCO_02669__Phospholipid/glycerol__CDS__promoter,-0.0009394228099365526,0.0009394228099365526
cnv_depth__IBNLCO_00474__IBNLCO_00474__gene__promoter,-0.0009364769288945018,0.0009364769288945018
cnv_depth__IBNLCO_02955__araG__gene,0.0009364756944431645,0.0009364756944431645
cnv_depth__IBNLCO_05374__IBNLCO_05374__gene,0.0009353079666545946,0.0009353079666545946
cnv_depth__IBNLCO_02918__Gluconate__CDS,-0.0009343702744329899,0.0009343702744329899
cnv_depth__IBNLCO_04950__IBNLCO_04950__gene,-0.0009338492967003784,0.0009338492967003784
cnv_depth__IBNLCO_01443__Xylose__CDS__promoter,-0.000933744087750872,0.000933744087750872
cnv_depth__IBNLCO_03326__vioA__gene,0.0009321759517381187,0.0009321759517381187
cnv_depth__IBNLCO_00111__IBNLCO_00111__gene,0.0009321583950531859,0.0009321583950531859
cnv_depth__IBNLCO_00955__Bifunctional__CDS,-0.0009318177765726583,0.0009318177765726583
cnv_depth__IBNLCO_05734__DUF4142__CDS__promoter,-0.0009291468750430257,0.0009291468750430257
cnv_depth__IBNLCO_00574__IBNLCO_00574__gene,0.0009284639494814742,0.0009284639494814742
cnv_depth__IBNLCO_03198__IBNLCO_03198__gene,-0.0009282523172659422,0.0009282523172659422
cnv_depth__IBNLCO_02431__IBNLCO_02431__gene,0.000927477638842187,0.000927477638842187
cnv_depth__IBNLCO_00194__Acetylglutamate__CDS,0.0009267437445544343,0.0009267437445544343
cnv_depth__IBNLCO_03284__IBNLCO_03284__gene,0.0009255381749564836,0.0009255381749564836
cnv_depth__IBNLCO_02440__IBNLCO_02440__gene__promoter,-0.0009254094749563198,0.0009254094749563198
cnv_depth__IBNLCO_01472__IBNLCO_01472__gene,0.0009245532716516413,0.0009245532716516413
cnv_depth__IBNLCO_02344__gnl|Bakta|IBNLCO_02344__CDS,0.0009232533769131198,0.0009232533769131198
cnv_depth__IBNLCO_04578__IBNLCO_04578__gene,-0.0009229467673209971,0.0009229467673209971
cnv_depth__IBNLCO_00766__IBNLCO_00766__gene,-0.0009225890094769321,0.0009225890094769321
cnv_depth__IBNLCO_04338__IBNLCO_04338__gene,0.0009211270833062296,0.0009211270833062296
cnv_depth__IBNLCO_03146__IBNLCO_03146__gene,0.0009205656206849567,0.0009205656206849567
cnv_depth__IBNLCO_02048__ahpD__gene,0.0009203410434268293,0.0009203410434268293
cnv_depth__IBNLCO_03095__hypothetical__CDS__promoter,0.0009198767752794715,0.0009198767752794715
cnv_depth__IBNLCO_01660__Extracytoplasmic-function__CDS__promoter,0.0009193167669927654,0.0009193167669927654
cnv_depth__IBNLCO_01568__23S__CDS__promoter,-0.0009179870404963578,0.0009179870404963578
cnv_depth__IBNLCO_04297__p-aminobenzoate__CDS,-0.0009175219233508598,0.0009175219233508598
cnv_depth__IBNLCO_00322__IBNLCO_00322__gene,0.0009168048752435054,0.0009168048752435054
cnv_depth__IBNLCO_05847__2-hydroxy-1%2C4-benzoquinone__CDS__promoter,-0.0009166125314155586,0.0009166125314155586
cnv_depth__IBNLCO_01734__IBNLCO_01734__gene,-0.0009161262418193677,0.0009161262418193677
cnv_depth__IBNLCO_00933__putative__CDS__promoter,0.0009155471366844756,0.0009155471366844756
cnv_depth__IBNLCO_01574__IBNLCO_01574__gene,0.0009150700022492892,0.0009150700022492892
cnv_depth__IBNLCO_05777__IBNLCO_05777__gene,0.0009149477724901983,0.0009149477724901983
cnv_depth__IBNLCO_00722__lysR__gene__promoter,-0.0009149357256428901,0.0009149357256428901
cnv_depth__IBNLCO_02025__HTH__CDS__promoter,0.0009147099472675038,0.0009147099472675038
cnv_depth__IBNLCO_04838__IBNLCO_04838__gene__promoter,0.0009141805698429603,0.0009141805698429603
cnv_depth__IBNLCO_01216__mdtC__gene,-0.0009135165623112985,0.0009135165623112985
cnv_depth__IBNLCO_05391__Catechol__CDS__promoter,0.000912235267385797,0.000912235267385797
cnv_depth__IBNLCO_04745__hypothetical__CDS,0.0009115799911580353,0.0009115799911580353
cnv_depth__IBNLCO_05270__IBNLCO_05270__gene,-0.0009105405489793868,0.0009105405489793868
cnv_depth__IBNLCO_02909__ABC__CDS,0.0009102359562616569,0.0009102359562616569
cnv_depth__IBNLCO_04156__Betaine__CDS,-0.0009099892246276953,0.0009099892246276953
cnv_depth__IBNLCO_04199__Cellulose__CDS,0.000909456842726285,0.000909456842726285
cnv_depth__IBNLCO_03889__IBNLCO_03889__gene,0.0009089600745510344,0.0009089600745510344
cnv_depth__IBNLCO_02176__ferredoxin--NADP(+)__CDS,-0.00090779887279821,0.00090779887279821
cnv_depth__IBNLCO_05745__IBNLCO_05745__gene,0.0009063967706144616,0.0009063967706144616
cnv_depth__IBNLCO_04121__hypothetical__CDS,0.0009061948817082764,0.0009061948817082764
cnv_depth__IBNLCO_02191__IBNLCO_02191__gene__promoter,-0.0009048626982552804,0.0009048626982552804
cnv_depth__IBNLCO_00469__IBNLCO_00469__gene,-0.0009044331394694675,0.0009044331394694675
cnv_depth__IBNLCO_02112__IBNLCO_02112__gene__promoter,0.0009042975711908025,0.0009042975711908025
cnv_depth__IBNLCO_02770__acyl-CoA__CDS__promoter,0.0009040325764334588,0.0009040325764334588
cnv_depth__IBNLCO_02188__bulE__gene,-0.0009040277586737734,0.0009040277586737734
cnv_depth__IBNLCO_02926__Leucine--tRNA__CDS,-0.0009037580161796849,0.0009037580161796849
cnv_depth__IBNLCO_03616__Type__CDS,0.0009022229112461153,0.0009022229112461153
cnv_depth__IBNLCO_03459__DUF692__CDS,-0.0009022087216528788,0.0009022087216528788
cnv_depth__IBNLCO_03438__2-amino-3-ketobutyrate__CDS,0.0009011932208569981,0.0009011932208569981
cnv_depth__IBNLCO_00547__Formyltetrahydrofolate__CDS,0.000900068284837849,0.000900068284837849
cnv_depth__IBNLCO_00288__IBNLCO_00288__gene__promoter,0.000899371374342678,0.000899371374342678
cnv_depth__IBNLCO_00234__bcaP__gene,0.0008988614432754817,0.0008988614432754817
cnv_depth__IBNLCO_02458__IBNLCO_02458__gene,-0.0008986971884726746,0.0008986971884726746
cnv_depth__IBNLCO_05120__IBNLCO_05120__gene,-0.0008970907423621828,0.0008970907423621828
cnv_depth__IBNLCO_04670__PAAR__CDS,0.0008938188610695808,0.0008938188610695808
cnv_depth__IBNLCO_05133__Regulator__CDS__promoter,0.000893594680719483,0.000893594680719483
cnv_depth__IBNLCO_00447__IBNLCO_00447__gene__promoter,0.0008932605882765858,0.0008932605882765858
cnv_depth__IBNLCO_01016__DUF5594__CDS,0.0008922473481909445,0.0008922473481909445
cnv_depth__IBNLCO_02143__Alanine__CDS,-0.0008916974810086848,0.0008916974810086848
cnv_depth__IBNLCO_02839__phnG__gene__promoter,0.000891130041145352,0.000891130041145352
cnv_depth__IBNLCO_03098__Type__CDS,-0.0008908117884874084,0.0008908117884874084
cnv_depth__IBNLCO_00728__IBNLCO_00728__gene__promoter,-0.0008902344555743228,0.0008902344555743228
cnv_depth__IBNLCO_05024__IBNLCO_05024__gene,0.0008901084487107715,0.0008901084487107715
cnv_depth__IBNLCO_00639__IBNLCO_00639__gene,0.0008899752123755469,0.0008899752123755469
cnv_depth__IBNLCO_02114__UDP-3-O-acylglucosamine__CDS,-0.0008898158902650633,0.0008898158902650633
cnv_depth__IBNLCO_04861__IBNLCO_04861__gene,0.0008897251567614277,0.0008897251567614277
cnv_depth__IBNLCO_03894__AraC-family__CDS,0.0008881466110917135,0.0008881466110917135
cnv_depth__IBNLCO_01259__IBNLCO_01259__gene__promoter,-0.000887912897169311,0.000887912897169311
cnv_depth__IBNLCO_01949__arnA__gene,0.0008878880075063528,0.0008878880075063528
cnv_depth__IBNLCO_00674__IBNLCO_00674__gene__promoter,0.0008871305328183824,0.0008871305328183824
cnv_depth__IBNLCO_03625__DUF2169__CDS,-0.0008840175954838051,0.0008840175954838051
cnv_depth__IBNLCO_03091__IBNLCO_03091__gene__promoter,-0.0008829004851804821,0.0008829004851804821
cnv_depth__IBNLCO_03824__Pathogen-specific__CDS__promoter,0.0008825564871048974,0.0008825564871048974
cnv_depth__IBNLCO_05820__IBNLCO_05820__gene__promoter,0.0008824307045186088,0.0008824307045186088
cnv_depth__IBNLCO_00542__Arabinose__CDS,-0.0008820360182621566,0.0008820360182621566
cnv_depth__IBNLCO_04651__IBNLCO_04651__gene,-0.0008819956740249382,0.0008819956740249382
cnv_depth__IBNLCO_05019__SctN__CDS,-0.0008809628543657882,0.0008809628543657882
cnv_depth__IBNLCO_00725__IBNLCO_00725__gene,-0.0008807111411605565,0.0008807111411605565
cnv_depth__IBNLCO_00933__putative__CDS,0.0008797727541168081,0.0008797727541168081
cnv_depth__IBNLCO_03587__IBNLCO_03587__gene,0.0008795704904052156,0.0008795704904052156
cnv_depth__IBNLCO_00246__Dipeptide__CDS,0.0008791445089829554,0.0008791445089829554
cnv_depth__IBNLCO_00200__RNA__CDS,-0.0008780504739554067,0.0008780504739554067
cnv_depth__IBNLCO_04838__IBNLCO_04838__gene,-0.0008779954269620119,0.0008779954269620119
cnv_depth__IBNLCO_04826__Rhamnosyltransferase__CDS,0.0008764664282472527,0.0008764664282472527
cnv_depth__IBNLCO_02349__ABC__CDS__promoter,-0.0008761558668862359,0.0008761558668862359
cnv_depth__IBNLCO_05650__IBNLCO_05650__gene,-0.0008758218456742975,0.0008758218456742975
cnv_depth__IBNLCO_01187__IBNLCO_01187__gene__promoter,0.000875795746963034,0.000875795746963034
cnv_depth__IBNLCO_04839__hypothetical__CDS__promoter,-0.000873943676783,0.000873943676783
cnv_depth__IBNLCO_01939__Molybdopterin__CDS__promoter,-0.0008739055294660938,0.0008739055294660938
cnv_depth__IBNLCO_01341__IBNLCO_01341__gene__promoter,-0.0008736862586493035,0.0008736862586493035
cnv_depth__IBNLCO_03615__tssC1__gene__promoter,0.0008713178137458957,0.0008713178137458957
cnv_depth__IBNLCO_01591__IBNLCO_01591__gene,-0.0008702939410002831,0.0008702939410002831
cnv_depth__IBNLCO_04175__IBNLCO_04175__gene,-0.000869966575424506,0.000869966575424506
cnv_depth__IBNLCO_00269__flgD__gene,-0.0008681353671135284,0.0008681353671135284
cnv_depth__IBNLCO_00583__IBNLCO_00583__gene,-0.0008680866073165783,0.0008680866073165783
cnv_depth__IBNLCO_01386__Type__CDS,-0.0008676783543061087,0.0008676783543061087
cnv_depth__IBNLCO_01208__IBNLCO_01208__gene,-0.0008676356573288056,0.0008676356573288056
cnv_depth__IBNLCO_00656__IBNLCO_00656__gene,0.0008647118887109996,0.0008647118887109996
cnv_depth__IBNLCO_01888__DNA__CDS,0.000863616234601548,0.000863616234601548
cnv_depth__IBNLCO_04256__Monosaccharide__CDS,0.0008628643115318721,0.0008628643115318721
cnv_depth__IBNLCO_03299__IBNLCO_03299__gene__promoter,-0.0008627701004298178,0.0008627701004298178
cnv_depth__IBNLCO_04780__IBNLCO_04780__gene,-0.0008620417215508185,0.0008620417215508185
cnv_depth__IBNLCO_01850__hypothetical__CDS__promoter,-0.0008615735251232473,0.0008615735251232473
cnv_depth__IBNLCO_03013__Cell__CDS__promoter,-0.0008613078694481246,0.0008613078694481246
cnv_depth__IBNLCO_04665__bfrD__gene,-0.0008612975439209109,0.0008612975439209109
cnv_depth__IBNLCO_00235__rqpR__gene,0.0008609212628996266,0.0008609212628996266
cnv_depth__IBNLCO_03861__IBNLCO_03861__gene__promoter,0.0008605705636904044,0.0008605705636904044
cnv_depth__IBNLCO_05598__IBNLCO_05598__gene,-0.0008603732207056319,0.0008603732207056319
cnv_depth__IBNLCO_02621__trnG__gene__promoter,0.000859866231622664,0.000859866231622664
cnv_depth__IBNLCO_03498__IBNLCO_03498__gene__promoter,-0.000859521866046875,0.000859521866046875
cnv_depth__IBNLCO_03398__ATP__CDS,-0.0008584047760656959,0.0008584047760656959
cnv_depth__IBNLCO_03395__IBNLCO_03395__gene,-0.0008583309792628638,0.0008583309792628638
cnv_depth__IBNLCO_03420__IBNLCO_03420__gene,-0.0008563195988250655,0.0008563195988250655
cnv_depth__IBNLCO_03139__Histidinol__CDS__promoter,-0.0008562676138473791,0.0008562676138473791
cnv_depth__IBNLCO_03676__IBNLCO_03676__gene,-0.000856030712466737,0.000856030712466737
cnv_depth__IBNLCO_03100__ImpA__CDS__promoter,0.0008555619043230676,0.0008555619043230676
cnv_depth__IBNLCO_00686__IBNLCO_00686__gene,-0.0008551163903519358,0.0008551163903519358
cnv_depth__IBNLCO_00848__gnl|Bakta|IBNLCO_00848__CDS__promoter,0.0008549347328763618,0.0008549347328763618
cnv_depth__IBNLCO_03448__IBNLCO_03448__gene,0.0008548138314654567,0.0008548138314654567
cnv_depth__IBNLCO_00487__IBNLCO_00487__gene,0.0008547793193994118,0.0008547793193994118
cnv_depth__IBNLCO_00528__IBNLCO_00528__gene,-0.0008545620302753577,0.0008545620302753577
cnv_depth__IBNLCO_02285__Exodeoxyribonuclease__CDS__promoter,0.00085345849971954,0.00085345849971954
cnv_depth__IBNLCO_03832__gnl|Bakta|IBNLCO_03832__CDS__promoter,-0.0008534227735179392,0.0008534227735179392
cnv_depth__IBNLCO_00898__IBNLCO_00898__gene__promoter,-0.0008532668517740485,0.0008532668517740485
cnv_depth__IBNLCO_00425__IBNLCO_00425__gene,-0.000852626204254369,0.000852626204254369
cnv_depth__IBNLCO_02355__IBNLCO_02355__gene__promoter,0.0008519928763155539,0.0008519928763155539
cnv_depth__IBNLCO_04689__IBNLCO_04689__gene__promoter,0.0008517510162960165,0.0008517510162960165
cnv_depth__IBNLCO_03920__IBNLCO_03920__gene__promoter,0.0008515499410383403,0.0008515499410383403
cnv_depth__IBNLCO_03009__UDP-3-O-acyl-N-acetylglucosamine__CDS,0.0008511679382072311,0.0008511679382072311
cnv_depth__IBNLCO_03865__hypothetical__CDS,0.0008507528227940926,0.0008507528227940926
cnv_depth__IBNLCO_02114__UDP-3-O-acylglucosamine__CDS__promoter,-0.0008498847288414505,0.0008498847288414505
cnv_depth__IBNLCO_04506__Polyketide__CDS__promoter,0.0008495442372685497,0.0008495442372685497
cnv_depth__IBNLCO_00436__Glutamate--cysteine__CDS,0.0008492973253417022,0.0008492973253417022
cnv_depth__IBNLCO_05623__IBNLCO_05623__gene__promoter,0.0008477216385743177,0.0008477216385743177
cnv_depth__IBNLCO_05827__IBNLCO_05827__gene__promoter,0.0008474617194171086,0.0008474617194171086
cnv_depth__IBNLCO_04776__gsiD__gene,0.000845570727384453,0.000845570727384453
cnv_depth__IBNLCO_02793__manC__gene,-0.0008452320267944523,0.0008452320267944523
cnv_depth__IBNLCO_01863__IBNLCO_01863__gene,-0.0008446694068196558,0.0008446694068196558
cnv_depth__IBNLCO_00070__Transmembrane__CDS__promoter,-0.0008431318315475435,0.0008431318315475435
cnv_depth__IBNLCO_00310__Cation__CDS__promoter,0.000843100286989542,0.000843100286989542
cnv_depth__IBNLCO_02872__proton-translocating__CDS__promoter,-0.0008408160051095556,0.0008408160051095556
cnv_depth__IBNLCO_00874__DUF192__CDS,-0.0008391148418711088,0.0008391148418711088
cnv_depth__IBNLCO_05401__IBNLCO_05401__gene,-0.0008386358336426084,0.0008386358336426084
cnv_depth__IBNLCO_04191__gntR__gene,0.0008385444772880547,0.0008385444772880547
cnv_depth__IBNLCO_01401__IBNLCO_01401__gene,-0.0008384918691922889,0.0008384918691922889
cnv_depth__IBNLCO_01112__Methylglyoxal__CDS,-0.0008376838967865953,0.0008376838967865953
cnv_depth__IBNLCO_02058__hypothetical__CDS__promoter,-0.0008369798990747839,0.0008369798990747839
cnv_depth__IBNLCO_05010__bipB__gene,0.0008367787279095711,0.0008367787279095711
cnv_depth__IBNLCO_02522__hypothetical__CDS,-0.000835648152456637,0.000835648152456637
cnv_depth__IBNLCO_04868__gnl|Bakta|IBNLCO_04868__CDS,0.0008343170921156905,0.0008343170921156905
cnv_depth__IBNLCO_00770__Branched-chain-amino-acid__CDS__promoter,0.000834302966792425,0.000834302966792425
cnv_depth__IBNLCO_02733__Putative__CDS__promoter,0.0008339381201409985,0.0008339381201409985
cnv_depth__IBNLCO_04580__Putative__CDS,-0.0008337875039860328,0.0008337875039860328
cnv_depth__IBNLCO_02327__Hydrolase__CDS,0.0008318145566290031,0.0008318145566290031
cnv_depth__IBNLCO_01453__hypothetical__CDS__promoter,0.0008316887828260708,0.0008316887828260708
cnv_depth__IBNLCO_01335__IBNLCO_01335__gene__promoter,-0.0008307297546287861,0.0008307297546287861
cnv_depth__IBNLCO_00503__hypothetical__CDS,-0.0008303256027940301,0.0008303256027940301
cnv_depth__IBNLCO_03628__Tox-PAAR-like__CDS__promoter,0.0008296269103383693,0.0008296269103383693
cnv_depth__IBNLCO_01973__IBNLCO_01973__gene,-0.0008287878452928794,0.0008287878452928794
cnv_depth__IBNLCO_00022__IBNLCO_00022__gene,-0.0008286749422806756,0.0008286749422806756
cnv_depth__IBNLCO_01293__IBNLCO_01293__gene__promoter,0.0008286299184532879,0.0008286299184532879
cnv_depth__IBNLCO_03338__gnl|Bakta|IBNLCO_03338__CDS,0.0008285384562911193,0.0008285384562911193
cnv_depth__IBNLCO_02961__EF-hand__CDS__promoter,0.0008283736494752745,0.0008283736494752745
cnv_depth__IBNLCO_00280__IBNLCO_00280__gene,-0.0008281151109430496,0.0008281151109430496
cnv_depth__IBNLCO_01367__HTH-type__CDS__promoter,0.0008273263961625523,0.0008273263961625523
cnv_depth__IBNLCO_00795__IBNLCO_00795__gene,-0.0008249049130895626,0.0008249049130895626
cnv_depth__IBNLCO_04492__IBNLCO_04492__gene,0.0008246477017898254,0.0008246477017898254
cnv_depth__IBNLCO_04322__gnl|Bakta|IBNLCO_04322__CDS,-0.0008236729362053967,0.0008236729362053967
cnv_depth__IBNLCO_00746__Regulatory__CDS,-0.0008233844270251641,0.0008233844270251641
cnv_depth__IBNLCO_05687__TadE-like__CDS,0.0008228524385372858,0.0008228524385372858
cnv_depth__IBNLCO_04792__IBNLCO_04792__gene__promoter,-0.0008225928938532675,0.0008225928938532675
cnv_depth__IBNLCO_00552__IBNLCO_00552__gene__promoter,0.0008221406765990712,0.0008221406765990712
cnv_depth__IBNLCO_02057__PspA/IM30__CDS__promoter,-0.0008215038315252886,0.0008215038315252886
cnv_depth__IBNLCO_02111__IBNLCO_02111__gene__promoter,0.0008211082185271502,0.0008211082185271502
cnv_depth__IBNLCO_00279__IBNLCO_00279__gene,0.0008209850020725158,0.0008209850020725158
cnv_depth__IBNLCO_03169__IBNLCO_03169__gene,0.000820963181426635,0.000820963181426635
cnv_depth__IBNLCO_02146__IBNLCO_02146__gene__promoter,-0.0008202667442586292,0.0008202667442586292
cnv_depth__IBNLCO_04321__IBNLCO_04321__gene,0.0008194651959810112,0.0008194651959810112
cnv_depth__IBNLCO_02072__Hydantoin__CDS__promoter,-0.0008188416964845024,0.0008188416964845024
cnv_depth__IBNLCO_03567__Major__CDS__promoter,0.0008187134589183791,0.0008187134589183791
cnv_depth__IBNLCO_04606__Hydrogenase-4__CDS__promoter,-0.000816860632800504,0.000816860632800504
cnv_depth__IBNLCO_03172__pilP__gene,0.0008167146413809095,0.0008167146413809095
cnv_depth__IBNLCO_03028__IBNLCO_03028__gene__promoter,0.0008161340091489943,0.0008161340091489943
cnv_depth__IBNLCO_00440__Phosphoenolpyruvate-protein__CDS,-0.0008154044844470635,0.0008154044844470635
cnv_depth__IBNLCO_05059__Cellulose__CDS__promoter,-0.0008153279245347515,0.0008153279245347515
cnv_depth__IBNLCO_04583__IBNLCO_04583__gene__promoter,-0.0008143209803526591,0.0008143209803526591
cnv_depth__IBNLCO_04012__IBNLCO_04012__gene,-0.000813953418109369,0.000813953418109369
cnv_depth__IBNLCO_00477__IBNLCO_00477__gene,0.0008132625540414975,0.0008132625540414975
cnv_depth__IBNLCO_03338__gnl|Bakta|IBNLCO_03338__CDS__promoter,-0.0008130402737608731,0.0008130402737608731
cnv_depth__IBNLCO_00473__IBNLCO_00473__gene,0.0008129425190338084,0.0008129425190338084
cnv_depth__IBNLCO_01726__IBNLCO_01726__gene__promoter,-0.0008129205432302588,0.0008129205432302588
cnv_depth__IBNLCO_00677__IBNLCO_00677__gene__promoter,-0.0008125935413352467,0.0008125935413352467
cnv_depth__IBNLCO_03594__IBNLCO_03594__gene__promoter,0.0008118727941247738,0.0008118727941247738
cnv_depth__IBNLCO_05836__Glutamate__CDS,0.0008103483001577589,0.0008103483001577589
cnv_depth__IBNLCO_01700__IBNLCO_01700__gene,-0.0008095271412201419,0.0008095271412201419
cnv_depth__IBNLCO_01130__Citrate-proton__CDS,-0.0008091047947084407,0.0008091047947084407
cnv_depth__IBNLCO_03590__IBNLCO_03590__gene,0.0008085063627967605,0.0008085063627967605
cnv_depth__IBNLCO_03981__hypothetical__CDS__promoter,-0.0008082541330436601,0.0008082541330436601
cnv_depth__IBNLCO_05848__IBNLCO_05848__gene,-0.0008082396258284972,0.0008082396258284972
cnv_depth__IBNLCO_05238__LysM__CDS__promoter,-0.000808171334249514,0.000808171334249514
cnv_depth__IBNLCO_03804__IBNLCO_03804__gene,0.0008079032246691362,0.0008079032246691362
cnv_depth__IBNLCO_03709__dhaK__gene,-0.0008076457167693977,0.0008076457167693977
cnv_depth__IBNLCO_00034__SAM-dependent__CDS,0.0008064977902872474,0.0008064977902872474
cnv_depth__IBNLCO_00226__fliF__gene,0.0008041734670858348,0.0008041734670858348
cnv_depth__IBNLCO_00934__IBNLCO_00934__gene,-0.0008032782636566211,0.0008032782636566211
cnv_depth__IBNLCO_02884__Holliday__CDS,0.0008029983127302044,0.0008029983127302044
cnv_depth__IBNLCO_04028__L-carnitine__CDS,0.0008025584909068314,0.0008025584909068314
cnv_depth__IBNLCO_00459__SURF1-like__CDS__promoter,-0.0008018898559121619,0.0008018898559121619
cnv_depth__IBNLCO_00643__IBNLCO_00643__gene__promoter,-0.0008009974143786923,0.0008009974143786923
cnv_depth__IBNLCO_05347__IBNLCO_05347__gene__promoter,0.0007997795851165761,0.0007997795851165761
cnv_depth__IBNLCO_04680__L-arabinose-binding__CDS__promoter,0.0007996722646865643,0.0007996722646865643
cnv_depth__IBNLCO_04033__FAD__CDS,-0.0007989939919326558,0.0007989939919326558
cnv_depth__IBNLCO_02789__capsule__CDS__promoter,0.000798723916814339,0.000798723916814339
cnv_depth__IBNLCO_03181__ccsB__gene__promoter,-0.0007986561541918977,0.0007986561541918977
cnv_depth__IBNLCO_03060__IBNLCO_03060__gene__promoter,0.0007975952254052102,0.0007975952254052102
cnv_depth__IBNLCO_03266__Homoserine/Threonine__CDS__promoter,-0.000797194681462021,0.000797194681462021
cnv_depth__IBNLCO_04941__PepSY__CDS,-0.0007969320263547145,0.0007969320263547145
cnv_depth__IBNLCO_05529__IBNLCO_05529__gene,0.000796668808305914,0.000796668808305914
cnv_depth__IBNLCO_02786__wcbE__gene,-0.0007961695041824868,0.0007961695041824868
cnv_depth__IBNLCO_05578__IBNLCO_05578__gene__promoter,0.0007952443123266192,0.0007952443123266192
cnv_depth__IBNLCO_01933__IBNLCO_01933__gene__promoter,-0.0007943510552552845,0.0007943510552552845
cnv_depth__IBNLCO_03712__IBNLCO_03712__gene__promoter,0.0007943008326562776,0.0007943008326562776
cnv_depth__IBNLCO_00094__IBNLCO_00094__gene,-0.0007931474154986274,0.0007931474154986274
cnv_depth__IBNLCO_05415__Acetoacetyl-CoA__CDS,0.0007930905665081721,0.0007930905665081721
cnv_depth__IBNLCO_00536__IBNLCO_00536__gene__promoter,0.0007925026566241667,0.0007925026566241667
cnv_depth__IBNLCO_01536__IBNLCO_01536__gene__promoter,0.0007918743208441226,0.0007918743208441226
cnv_depth__IBNLCO_05032__bprP__gene,0.0007917624768368069,0.0007917624768368069
cnv_depth__IBNLCO_00573__IBNLCO_00573__gene,0.000791261835657283,0.000791261835657283
cnv_depth__IBNLCO_03206__IBNLCO_03206__gene,0.0007911082031083793,0.0007911082031083793
cnv_depth__IBNLCO_03411__IBNLCO_03411__gene,-0.0007910870738065967,0.0007910870738065967
cnv_depth__IBNLCO_00857__Exodeoxyribonuclease__CDS,-0.0007886106079762252,0.0007886106079762252
cnv_depth__IBNLCO_02939__IBNLCO_02939__gene__promoter,-0.0007882300303486092,0.0007882300303486092
cnv_depth__IBNLCO_00671__hypothetical__CDS__promoter,-0.000787234364957031,0.000787234364957031
cnv_depth__IBNLCO_02001__yciB__gene,0.0007859801387945934,0.0007859801387945934
cnv_depth__IBNLCO_04039__hypothetical__CDS__promoter,0.0007850337218788592,0.0007850337218788592
cnv_depth__IBNLCO_02784__capsular__CDS,0.0007850051456270861,0.0007850051456270861
cnv_depth__IBNLCO_04477__DoxX__CDS,0.0007842274132737204,0.0007842274132737204
cnv_depth__IBNLCO_03425__IBNLCO_03425__gene,-0.0007840481041191421,0.0007840481041191421
cnv_depth__IBNLCO_02298__IBNLCO_02298__gene,0.0007825307698133493,0.0007825307698133493
cnv_depth__unknown__unknown__rep_origin.1,0.0007796050209417388,0.0007796050209417388
cnv_depth__IBNLCO_05822__IBNLCO_05822__gene__promoter,0.0007784523930315431,0.0007784523930315431
cnv_depth__IBNLCO_05254__tRNA__CDS,0.0007784061290798508,0.0007784061290798508
cnv_depth__IBNLCO_01954__IBNLCO_01954__gene,0.000777063380911341,0.000777063380911341
cnv_depth__IBNLCO_04049__Gfo/Idh/MocA-like__CDS__promoter,0.0007762125428340002,0.0007762125428340002
cnv_depth__IBNLCO_04567__Thymidylate__CDS,-0.0007756993823466629,0.0007756993823466629
cnv_depth__IBNLCO_03158__alsT__gene,0.0007748984010573122,0.0007748984010573122
cnv_depth__IBNLCO_04090__histidine__CDS,0.0007748529785607491,0.0007748529785607491
cnv_depth__IBNLCO_04557__Molecular__CDS,0.0007744491628620975,0.0007744491628620975
cnv_depth__IBNLCO_00076__dnaA__gene__promoter,-0.0007733896377256869,0.0007733896377256869
cnv_depth__IBNLCO_00271__flgF__gene__promoter,-0.0007717946491431604,0.0007717946491431604
cnv_depth__IBNLCO_02352__IBNLCO_02352__gene__promoter,0.0007717500748627387,0.0007717500748627387
cnv_depth__IBNLCO_00281__IBNLCO_00281__gene,-0.000771295799520306,0.000771295799520306
cnv_depth__IBNLCO_03526__IBNLCO_03526__gene,0.0007706018418531979,0.0007706018418531979
cnv_depth__IBNLCO_00681__deoR__gene,-0.0007694871733450241,0.0007694871733450241
cnv_depth__IBNLCO_01780__hypothetical__CDS__promoter,-0.0007677145329792306,0.0007677145329792306
cnv_depth__IBNLCO_01253__Spermidine/putrescine__CDS,0.0007674975345988962,0.0007674975345988962
cnv_depth__IBNLCO_03390__IBNLCO_03390__gene,0.0007667618893250086,0.0007667618893250086
cnv_depth__IBNLCO_03469__gnl|Bakta|IBNLCO_03469__CDS,-0.0007666657786860913,0.0007666657786860913
cnv_depth__IBNLCO_00931__lptG__gene__promoter,0.0007664631149212808,0.0007664631149212808
cnv_depth__IBNLCO_02995__Octaprenyl-diphosphate__CDS,-0.0007663449579876354,0.0007663449579876354
cnv_depth__IBNLCO_05217__IBNLCO_05217__gene__promoter,0.0007655522006800175,0.0007655522006800175
cnv_depth__IBNLCO_02724__hypothetical__CDS__promoter,0.0007651728601975699,0.0007651728601975699
cnv_depth__IBNLCO_03161__Transposase__CDS,0.0007641830286908097,0.0007641830286908097
cnv_depth__IBNLCO_00418__HTH__CDS,-0.0007630541645337088,0.0007630541645337088
cnv_depth__IBNLCO_02145__IBNLCO_02145__gene,-0.0007628792550383495,0.0007628792550383495
cnv_depth__IBNLCO_00315__tRNA-cytidine(32)__CDS__promoter,0.0007614950292232287,0.0007614950292232287
cnv_depth__IBNLCO_03175__Penicillin-binding__CDS,-0.0007606361898321293,0.0007606361898321293
cnv_depth__IBNLCO_04575__ATP-dependent__CDS__promoter,-0.0007600077130560038,0.0007600077130560038
cnv_depth__IBNLCO_01241__hypothetical__CDS,-0.0007592999906940694,0.0007592999906940694
cnv_depth__IBNLCO_01967__dmlR__gene,0.0007579022657375825,0.0007579022657375825
cnv_depth__IBNLCO_03889__IBNLCO_03889__gene__promoter,0.0007573939661405579,0.0007573939661405579
cnv_depth__IBNLCO_01532__gnl|Bakta|IBNLCO_01532__CDS__promoter,0.0007567022742390012,0.0007567022742390012
cnv_depth__IBNLCO_05035__Winged__CDS__promoter,0.0007558371081406803,0.0007558371081406803
cnv_depth__IBNLCO_04655__IBNLCO_04655__gene,0.0007558354375863891,0.0007558354375863891
cnv_depth__IBNLCO_03143__IBNLCO_03143__gene__promoter,0.0007556391156051921,0.0007556391156051921
cnv_depth__IBNLCO_00739__IBNLCO_00739__gene__promoter,0.0007548785904686836,0.0007548785904686836
cnv_depth__IBNLCO_02061__2-hydroxy-3-oxopropionate__CDS,0.0007545598562693193,0.0007545598562693193
cnv_depth__IBNLCO_04470__Magnesium-transporting__CDS,-0.0007543607954778983,0.0007543607954778983
cnv_depth__IBNLCO_03452__IBNLCO_03452__gene,-0.0007542420759446511,0.0007542420759446511
cnv_depth__IBNLCO_01412__IBNLCO_01412__gene,-0.0007541412955981374,0.0007541412955981374
cnv_depth__IBNLCO_01339__IBNLCO_01339__gene__promoter,-0.0007524262550966732,0.0007524262550966732
cnv_depth__IBNLCO_04970__IBNLCO_04970__gene,-0.0007523263470521332,0.0007523263470521332
cnv_depth__IBNLCO_00831__IBNLCO_00831__gene,0.0007522531918821179,0.0007522531918821179
cnv_depth__IBNLCO_02180__hypothetical__CDS,0.0007517202076396906,0.0007517202076396906
cnv_depth__IBNLCO_01878__bktB__gene,0.0007510721493778662,0.0007510721493778662
cnv_depth__IBNLCO_02683__DUF4243__CDS__promoter,-0.0007510574989041005,0.0007510574989041005
cnv_depth__IBNLCO_01479__IBNLCO_01479__gene,-0.000750651616336475,0.000750651616336475
cnv_depth__IBNLCO_01508__IBNLCO_01508__gene,-0.0007480887391867889,0.0007480887391867889
cnv_depth__IBNLCO_04582__IBNLCO_04582__gene,-0.0007460769489825639,0.0007460769489825639
cnv_depth__IBNLCO_04202__DNA-binding__CDS,-0.0007460093472042516,0.0007460093472042516
cnv_depth__IBNLCO_03467__gnl|Bakta|IBNLCO_03467__CDS,-0.0007456082211192964,0.0007456082211192964
cnv_depth__IBNLCO_03631__IBNLCO_03631__gene,0.0007453565523054266,0.0007453565523054266
cnv_depth__IBNLCO_05273__IBNLCO_05273__gene,-0.0007452553381694865,0.0007452553381694865
cnv_depth__IBNLCO_01989__IBNLCO_01989__gene__promoter,0.0007451751593922852,0.0007451751593922852
cnv_depth__IBNLCO_05507__prnA__gene,0.0007451008917660663,0.0007451008917660663
cnv_depth__IBNLCO_04288__Chemotaxis__CDS,-0.0007450954779033215,0.0007450954779033215
cnv_depth__IBNLCO_04399__IBNLCO_04399__gene__promoter,0.0007449016042786725,0.0007449016042786725
cnv_depth__IBNLCO_05681__IBNLCO_05681__gene,0.0007442322419270209,0.0007442322419270209
cnv_depth__IBNLCO_00727__IBNLCO_00727__gene__promoter,-0.0007433245567816866,0.0007433245567816866
cnv_depth__IBNLCO_01345__tRNA-Arg(tct)__tRNA,-0.0007427376626490054,0.0007427376626490054
cnv_depth__IBNLCO_04656__TauD/TfdA-like__CDS__promoter,-0.0007418297159907002,0.0007418297159907002
cnv_depth__IBNLCO_05530__Chemotaxis__CDS__promoter,-0.0007412645854371487,0.0007412645854371487
cnv_depth__IBNLCO_00696__IBNLCO_00696__gene__promoter,-0.0007412636750913793,0.0007412636750913793
cnv_depth__IBNLCO_04515__IBNLCO_04515__gene__promoter,-0.0007399129426531897,0.0007399129426531897
cnv_depth__IBNLCO_04898__3-oxo-tetronate__CDS,0.0007392719792126963,0.0007392719792126963
cnv_depth__IBNLCO_02470__IBNLCO_02470__gene__promoter,0.0007386102030026482,0.0007386102030026482
cnv_depth__IBNLCO_00693__IBNLCO_00693__gene__promoter,0.0007384440022668401,0.0007384440022668401
cnv_depth__IBNLCO_02000__msrB__gene__promoter,0.0007372983916651962,0.0007372983916651962
cnv_depth__IBNLCO_03652__IBNLCO_03652__gene,0.0007371779703957906,0.0007371779703957906
cnv_depth__IBNLCO_02199__Adenylyl-sulfate__CDS,-0.0007371364064134076,0.0007371364064134076
cnv_depth__IBNLCO_03424__IBNLCO_03424__gene__promoter,-0.0007370100326670846,0.0007370100326670846
cnv_depth__IBNLCO_03111__dotU__gene__promoter,-0.0007369598945096334,0.0007369598945096334
cnv_depth__IBNLCO_03421__IBNLCO_03421__gene__promoter,0.0007361316717806145,0.0007361316717806145
cnv_depth__IBNLCO_01103__IBNLCO_01103__gene,0.0007348186985916706,0.0007348186985916706
cnv_depth__IBNLCO_05621__IBNLCO_05621__gene,0.0007348177685010535,0.0007348177685010535
cnv_depth__IBNLCO_03305__cheD__gene__promoter,-0.0007343854445045116,0.0007343854445045116
cnv_depth__IBNLCO_03294__flagellar__CDS__promoter,0.0007342954355591175,0.0007342954355591175
cnv_depth__IBNLCO_04394__iclR__gene,-0.0007315442992130892,0.0007315442992130892
cnv_depth__IBNLCO_04702__IBNLCO_04702__gene__promoter,0.0007311243958311465,0.0007311243958311465
cnv_depth__IBNLCO_03770__IBNLCO_03770__gene__promoter,-0.0007310593697318544,0.0007310593697318544
cnv_depth__IBNLCO_00539__Lipopolysaccharide__CDS__promoter,0.0007309293806885811,0.0007309293806885811
cnv_depth__IBNLCO_04595__padR__gene,0.000730389682796026,0.000730389682796026
cnv_depth__IBNLCO_03481__IBNLCO_03481__gene,0.0007296289426577081,0.0007296289426577081
cnv_depth__IBNLCO_01445__IBNLCO_01445__gene,0.0007279511944276077,0.0007279511944276077
cnv_depth__IBNLCO_04772__Protocatechuate__CDS__promoter,0.000727623975760626,0.000727623975760626
cnv_depth__IBNLCO_02175__4Fe-4S__CDS__promoter,-0.0007274774448250404,0.0007274774448250404
cnv_depth__IBNLCO_03043__apaG__gene,0.0007267899951325305,0.0007267899951325305
cnv_depth__IBNLCO_00594__IBNLCO_00594__gene__promoter,0.0007262585231939643,0.0007262585231939643
cnv_depth__IBNLCO_01649__IBNLCO_01649__gene__promoter,-0.0007241323297786455,0.0007241323297786455
cnv_depth__IBNLCO_00526__IBNLCO_00526__gene__promoter,0.0007239835020081216,0.0007239835020081216
cnv_depth__IBNLCO_03578__IBNLCO_03578__gene__promoter,-0.0007224698012121831,0.0007224698012121831
cnv_depth__IBNLCO_02588__IBNLCO_02588__gene,0.0007219791480770106,0.0007219791480770106
cnv_depth__IBNLCO_03060__IBNLCO_03060__gene,0.0007214042561301952,0.0007214042561301952
cnv_depth__IBNLCO_02541__IBNLCO_02541__gene,-0.0007210596192459551,0.0007210596192459551
cnv_depth__IBNLCO_04289__CheC-like__CDS__promoter,0.0007208137925244602,0.0007208137925244602
cnv_depth__IBNLCO_04697__IBNLCO_04697__gene__promoter,-0.0007203910343970636,0.0007203910343970636
cnv_depth__IBNLCO_05308__IBNLCO_05308__gene,-0.0007195576834086914,0.0007195576834086914
cnv_depth__IBNLCO_02081__hypothetical__CDS__promoter,-0.0007189026764570565,0.0007189026764570565
cnv_depth__IBNLCO_01474__lplT__gene,-0.0007184436008273307,0.0007184436008273307
cnv_depth__IBNLCO_01579__trnfM__gene,-0.000717654370502117,0.000717654370502117
cnv_depth__IBNLCO_04981__type__CDS,-0.0007175898789943697,0.0007175898789943697
cnv_depth__IBNLCO_01719__AraC__CDS,0.0007171642222068877,0.0007171642222068877
cnv_depth__IBNLCO_00252__gnl|Bakta|IBNLCO_00252__CDS,0.0007163939593074122,0.0007163939593074122
cnv_depth__IBNLCO_03477__IBNLCO_03477__gene,0.0007161157426028061,0.0007161157426028061
cnv_depth__IBNLCO_04483__UDP-N-acetylglucosamine__CDS,-0.0007139981588326537,0.0007139981588326537
cnv_depth__IBNLCO_03658__DUF1842__CDS__promoter,0.0007139471718205415,0.0007139471718205415
cnv_depth__IBNLCO_05404__IBNLCO_05404__gene,0.0007138495393286786,0.0007138495393286786
cnv_depth__IBNLCO_03365__IBNLCO_03365__gene,0.0007127872187086332,0.0007127872187086332
cnv_depth__IBNLCO_00748__Succinate--CoA__CDS__promoter,-0.0007122395392715168,0.0007122395392715168
cnv_depth__IBNLCO_00418__HTH__CDS__promoter,-0.000711987366051834,0.000711987366051834
cnv_depth__IBNLCO_02791__IBNLCO_02791__gene,-0.0007112571216319272,0.0007112571216319272
cnv_depth__IBNLCO_00184__IBNLCO_00184__gene,0.0007109211609858491,0.0007109211609858491
cnv_depth__IBNLCO_00290__IBNLCO_00290__gene,-0.00070809479547297,0.00070809479547297
cnv_depth__IBNLCO_00085__Transmembrane__CDS__promoter,0.0007048330874029626,0.0007048330874029626
cnv_depth__IBNLCO_02881__purH__gene__promoter,0.0007042273267096235,0.0007042273267096235
cnv_depth__IBNLCO_02160__N-acetyltransferase__CDS__promoter,-0.0007037644528602316,0.0007037644528602316
cnv_depth__IBNLCO_02633__Urea__CDS,0.0007036453251926001,0.0007036453251926001
cnv_depth__IBNLCO_05627__Rhodanese__CDS__promoter,0.000703541059278017,0.000703541059278017
cnv_depth__IBNLCO_01534__DUF2147__CDS__promoter,-0.000700708568360565,0.000700708568360565
cnv_depth__IBNLCO_01349__IBNLCO_01349__gene__promoter,-0.0007004859175289383,0.0007004859175289383
cnv_depth__IBNLCO_03627__DUF3540__CDS,0.0007002922742980047,0.0007002922742980047
cnv_depth__IBNLCO_04249__Vanillin__CDS__promoter,-0.000700061281017925,0.000700061281017925
cnv_depth__IBNLCO_02340__hypothetical__CDS__promoter,-0.0006991367328996359,0.0006991367328996359
cnv_depth__IBNLCO_05007__SctA__CDS__promoter,-0.0006985365279052355,0.0006985365279052355
cnv_depth__IBNLCO_02468__Dual-action__CDS,0.0006981724374506775,0.0006981724374506775
cnv_depth__IBNLCO_00223__fliI__gene,0.0006976114209304626,0.0006976114209304626
cnv_depth__IBNLCO_03760__IBNLCO_03760__gene__promoter,0.0006965697075483065,0.0006965697075483065
cnv_depth__IBNLCO_04534__Dibenzothiophene__CDS,-0.0006965086428723009,0.0006965086428723009
cnv_depth__IBNLCO_03385__IBNLCO_03385__gene,-0.0006954085484896211,0.0006954085484896211
cnv_depth__IBNLCO_01313__IBNLCO_01313__gene__promoter,-0.0006953766114292406,0.0006953766114292406
cnv_depth__IBNLCO_03323__flagellar__CDS__promoter,-0.0006946982492016674,0.0006946982492016674
cnv_depth__IBNLCO_00542__IBNLCO_00542__gene__promoter,-0.0006941657454394569,0.0006941657454394569
cnv_depth__IBNLCO_05835__Peptidase__CDS,-0.0006940966049042191,0.0006940966049042191
cnv_depth__IBNLCO_04552__IBNLCO_04552__gene__promoter,0.0006940440046418039,0.0006940440046418039
cnv_depth__IBNLCO_04293__IBNLCO_04293__gene,-0.0006938577310000861,0.0006938577310000861
cnv_depth__IBNLCO_04508__prnC__gene__promoter,-0.0006932765215891072,0.0006932765215891072
cnv_depth__IBNLCO_02153__uspA__gene__promoter,0.000692138676079237,0.000692138676079237
cnv_depth__IBNLCO_05002__bopA__gene__promoter,-0.000691919068429309,0.000691919068429309
cnv_depth__IBNLCO_00081__mnmE__gene,-0.0006909312569542947,0.0006909312569542947
cnv_depth__IBNLCO_00567__Nudix__CDS__promoter,0.0006902655279922906,0.0006902655279922906
cnv_depth__IBNLCO_00810__IBNLCO_00810__gene__promoter,-0.0006887337982546668,0.0006887337982546668
cnv_depth__IBNLCO_00733__lysR__gene__promoter,0.0006880167453416495,0.0006880167453416495
cnv_depth__IBNLCO_02787__wzt2__gene,0.0006872319286279865,0.0006872319286279865
cnv_depth__IBNLCO_04591__hypothetical__CDS__promoter,0.0006833717029151921,0.0006833717029151921
cnv_depth__IBNLCO_00814__estB__gene,0.0006832590155874712,0.0006832590155874712
cnv_depth__IBNLCO_02099__IBNLCO_02099__gene,0.0006817757351285234,0.0006817757351285234
cnv_depth__IBNLCO_00546__NUDIX__CDS,-0.0006814468848751203,0.0006814468848751203
cnv_depth__IBNLCO_04187__IBNLCO_04187__gene,-0.0006811014014969858,0.0006811014014969858
cnv_depth__IBNLCO_01245__DUF1223__CDS,-0.0006810831625959554,0.0006810831625959554
cnv_depth__IBNLCO_00998__Histidine/lysine/arginine/ornithine__CDS,-0.0006804626006984365,0.0006804626006984365
cnv_depth__IBNLCO_00047__Branched-chain__CDS__promoter,0.0006801890436705416,0.0006801890436705416
cnv_depth__IBNLCO_02298__CAIB/BAIF__CDS__promoter,0.0006783141951061844,0.0006783141951061844
cnv_depth__IBNLCO_00085__Transmembrane__CDS,-0.0006781824912159468,0.0006781824912159468
cnv_depth__IBNLCO_04733__IBNLCO_04733__gene__promoter,-0.000678021354190771,0.000678021354190771
cnv_depth__IBNLCO_00628__IBNLCO_00628__gene,0.0006776742668701454,0.0006776742668701454
cnv_depth__IBNLCO_05427__Chemotaxis__CDS__promoter,0.0006775178458168196,0.0006775178458168196
cnv_depth__IBNLCO_00095__IBNLCO_00095__gene,-0.0006763796171115449,0.0006763796171115449
cnv_depth__IBNLCO_05122__4-hydroxybutyrate__CDS,-0.0006758836823237254,0.0006758836823237254
cnv_depth__IBNLCO_05720__hypothetical__CDS__promoter,-0.0006758499162928907,0.0006758499162928907
cnv_depth__IBNLCO_03260__IBNLCO_03260__gene,-0.00067420536115419,0.00067420536115419
cnv_depth__IBNLCO_03468__Ketoglutarate__CDS,0.0006730864693133466,0.0006730864693133466
cnv_depth__IBNLCO_01090__IBNLCO_01090__gene,-0.0006722328476870391,0.0006722328476870391
cnv_depth__IBNLCO_01260__Transmembrane__CDS,-0.0006712599036889663,0.0006712599036889663
cnv_depth__IBNLCO_02195__gnl|Bakta|IBNLCO_02195__CDS,-0.0006701025122404621,0.0006701025122404621
cnv_depth__IBNLCO_04858__mgtC__gene,0.0006697186105983387,0.0006697186105983387
cnv_depth__IBNLCO_03009__UDP-3-O-acyl-N-acetylglucosamine__CDS__promoter,0.0006691787326971388,0.0006691787326971388
cnv_depth__IBNLCO_02922__Protoporphyrinogen__CDS,-0.0006689268393194506,0.0006689268393194506
cnv_depth__IBNLCO_03036__IBNLCO_03036__gene,0.0006674385004643913,0.0006674385004643913
cnv_depth__IBNLCO_00101__IBNLCO_00101__gene,-0.0006673153598807309,0.0006673153598807309
cnv_depth__IBNLCO_01549__DUF2134__CDS,0.0006673132867712662,0.0006673132867712662
cnv_depth__IBNLCO_03102__Type__CDS,-0.0006667830628669073,0.0006667830628669073
cnv_depth__IBNLCO_01163__NADH-quinone__CDS__promoter,-0.0006667626625767876,0.0006667626625767876
cnv_depth__IBNLCO_03637__Allantoin__CDS__promoter,0.0006660253032237427,0.0006660253032237427
cnv_depth__IBNLCO_04602__N-acetyltransferase__CDS,-0.0006642183079274392,0.0006642183079274392
cnv_depth__IBNLCO_04082__IBNLCO_04082__gene__promoter,-0.0006639976091712149,0.0006639976091712149
cnv_depth__IBNLCO_04103__IBNLCO_04103__gene__promoter,-0.0006638101183506902,0.0006638101183506902
cnv_depth__IBNLCO_00071__RNA__CDS,0.0006632387063123676,0.0006632387063123676
cnv_depth__IBNLCO_01870__putative__CDS,0.0006628896105956839,0.0006628896105956839
cnv_depth__IBNLCO_02110__IBNLCO_02110__gene__promoter,-0.0006619990724433705,0.0006619990724433705
cnv_depth__IBNLCO_04524__IBNLCO_04524__gene__promoter,-0.0006615193793601763,0.0006615193793601763
cnv_depth__IBNLCO_04651__gnl|Bakta|IBNLCO_04651__CDS__promoter,0.0006599666630387619,0.0006599666630387619
cnv_depth__IBNLCO_00063__enoyl-CoA__CDS,0.0006599552229550389,0.0006599552229550389
cnv_depth__IBNLCO_04261__2-keto-3-deoxy-L-fuconate__CDS__promoter,-0.0006598490939083072,0.0006598490939083072
cnv_depth__IBNLCO_00517__hypothetical__CDS,0.0006587937276075249,0.0006587937276075249
cnv_depth__IBNLCO_05372__CheW-like__CDS,-0.00065821216240712,0.00065821216240712
cnv_depth__IBNLCO_03234__trnG__gene,0.0006565135067729273,0.0006565135067729273
cnv_depth__IBNLCO_01850__IBNLCO_01850__gene,-0.0006529889273946851,0.0006529889273946851
cnv_depth__IBNLCO_01170__IBNLCO_01170__gene__promoter,0.0006529651931328657,0.0006529651931328657
cnv_depth__IBNLCO_01431__nudF__gene,-0.0006526818898138569,0.0006526818898138569
cnv_depth__IBNLCO_00932__Lipopolysaccharide__CDS,0.0006519993434702401,0.0006519993434702401
cnv_depth__IBNLCO_05298__IBNLCO_05298__gene,0.0006511625607914515,0.0006511625607914515
cnv_depth__IBNLCO_03405__putative__CDS,0.0006502050555551803,0.0006502050555551803
cnv_depth__IBNLCO_03048__Anthranilate__CDS__promoter,-0.0006489487915380386,0.0006489487915380386
cnv_depth__IBNLCO_01171__IBNLCO_01171__gene__promoter,0.0006489339037985842,0.0006489339037985842
cnv_depth__IBNLCO_01458__IBNLCO_01458__gene,-0.0006487450963705106,0.0006487450963705106
cnv_depth__IBNLCO_02917__IBNLCO_02917__gene__promoter,-0.0006475710237014502,0.0006475710237014502
cnv_depth__IBNLCO_01543__Pilus__CDS,-0.0006472583282601434,0.0006472583282601434
cnv_depth__IBNLCO_03233__tRNA-Thr(ggt)__tRNA,0.0006466559326469244,0.0006466559326469244
cnv_depth__IBNLCO_04214__HTH-type__CDS,-0.0006464548654971959,0.0006464548654971959
cnv_depth__IBNLCO_04908__Quaternary__CDS,-0.0006461259503414143,0.0006461259503414143
cnv_depth__IBNLCO_01663__IBNLCO_01663__gene,0.0006451569054050772,0.0006451569054050772
cnv_depth__IBNLCO_02359__Ubiquinol__CDS,0.0006445824002676063,0.0006445824002676063
cnv_depth__IBNLCO_01564__IBNLCO_01564__gene__promoter,0.0006444877406071832,0.0006444877406071832
cnv_depth__IBNLCO_00619__Transcriptional__CDS__promoter,0.0006444385694776117,0.0006444385694776117
cnv_depth__IBNLCO_04211__Secretory__CDS__promoter,0.0006429163568093883,0.0006429163568093883
cnv_depth__IBNLCO_01995__IBNLCO_01995__gene,0.0006420718531028598,0.0006420718531028598
cnv_depth__IBNLCO_02120__Isoprenyl__CDS__promoter,-0.0006420479894654766,0.0006420479894654766
cnv_depth__IBNLCO_03123__IBNLCO_03123__gene,0.0006414683556880713,0.0006414683556880713
cnv_depth__IBNLCO_03895__Transcriptional__CDS,-0.0006404382180432122,0.0006404382180432122
cnv_depth__IBNLCO_02952__IBNLCO_02952__gene__promoter,0.0006398446138519736,0.0006398446138519736
cnv_depth__IBNLCO_04237__gerE__gene,-0.0006391128979622159,0.0006391128979622159
cnv_depth__IBNLCO_00873__Elongation__CDS,0.0006382789430142017,0.0006382789430142017
cnv_depth__IBNLCO_05584__Chaperone__CDS,0.0006382669490761992,0.0006382669490761992
cnv_depth__IBNLCO_00705__IBNLCO_00705__gene,0.0006366115045029615,0.0006366115045029615
cnv_depth__IBNLCO_01309__Carbamoyl__CDS,-0.000636009564151417,0.000636009564151417
cnv_depth__IBNLCO_05639__Cyclase__CDS__promoter,-0.000635062398642142,0.000635062398642142
cnv_depth__IBNLCO_02246__Cell__CDS,0.0006346366527172556,0.0006346366527172556
cnv_depth__IBNLCO_03685__Glycine__CDS__promoter,-0.0006344064923792382,0.0006344064923792382
cnv_depth__IBNLCO_02802__IBNLCO_02802__gene,0.0006336739583733226,0.0006336739583733226
cnv_depth__IBNLCO_05652__2-methylcitrate__CDS,0.0006325050798736461,0.0006325050798736461
cnv_depth__IBNLCO_03847__tRNA-Ser(gga)__tRNA,0.0006321746161296265,0.0006321746161296265
cnv_depth__IBNLCO_01461__IBNLCO_01461__gene,0.0006321061952725958,0.0006321061952725958
cnv_depth__IBNLCO_02784__wcbG__gene__promoter,-0.000631482717136526,0.000631482717136526
cnv_depth__IBNLCO_04079__3-hydroxyisobutyrate__CDS,-0.0006312765838906108,0.0006312765838906108
cnv_depth__IBNLCO_01370__Fels-1__CDS__promoter,0.0006301382542141909,0.0006301382542141909
cnv_depth__IBNLCO_04446__gsiA__gene__promoter,0.0006288662242197949,0.0006288662242197949
cnv_depth__IBNLCO_03361__IBNLCO_03361__gene__promoter,0.0006278341784469955,0.0006278341784469955
cnv_depth__IBNLCO_00890__IBNLCO_00890__gene__promoter,-0.0006277806067503522,0.0006277806067503522
cnv_depth__IBNLCO_01710__IBNLCO_01710__gene,-0.00062755655667713,0.00062755655667713
cnv_depth__IBNLCO_05678__Pilus__CDS__promoter,0.0006261014596781853,0.0006261014596781853
cnv_depth__IBNLCO_05249__rpoD__gene,-0.0006257327694395754,0.0006257327694395754
cnv_depth__IBNLCO_05731__Divalent__CDS,-0.000624564487102961,0.000624564487102961
cnv_depth__IBNLCO_05142__IBNLCO_05142__gene__promoter,0.0006235974911383825,0.0006235974911383825
cnv_depth__IBNLCO_04576__Glutamyl-tRNA__CDS,-0.0006230117246303188,0.0006230117246303188
cnv_depth__IBNLCO_02880__Putative__CDS,0.0006214652740254384,0.0006214652740254384
cnv_depth__IBNLCO_01270__LysR__CDS,-0.0006209528801212705,0.0006209528801212705
cnv_depth__IBNLCO_03228__Large__CDS__promoter,-0.00062077136073814,0.00062077136073814
cnv_depth__IBNLCO_03474__hypothetical__CDS,-0.000620566851066021,0.000620566851066021
cnv_depth__IBNLCO_00301__Secreted__CDS__promoter,0.0006203011580068544,0.0006203011580068544
cnv_depth__IBNLCO_03278__Ribosomal__CDS,-0.0006199725256893717,0.0006199725256893717
cnv_depth__IBNLCO_01561__STAS__CDS__promoter,0.0006190262084486143,0.0006190262084486143
cnv_depth__IBNLCO_04333__IBNLCO_04333__gene,-0.0006183067118126392,0.0006183067118126392
cnv_depth__IBNLCO_03840__IBNLCO_03840__gene__promoter,-0.0006177866760948024,0.0006177866760948024
cnv_depth__IBNLCO_02945__IBNLCO_02945__gene__promoter,-0.0006177757702309039,0.0006177757702309039
cnv_depth__IBNLCO_04166__Iron__CDS__promoter,0.0006161461807267726,0.0006161461807267726
cnv_depth__IBNLCO_05829__IBNLCO_05829__gene,0.000616017227660241,0.000616017227660241
cnv_depth__IBNLCO_01304__IBNLCO_01304__gene__promoter,0.0006159650684489835,0.0006159650684489835
cnv_depth__IBNLCO_03197__IBNLCO_03197__gene,0.0006150672691961708,0.0006150672691961708
cnv_depth__IBNLCO_03972__IBNLCO_03972__gene,-0.000614780612806423,0.000614780612806423
cnv_depth__IBNLCO_05448__IBNLCO_05448__gene,-0.0006146688255958046,0.0006146688255958046
cnv_depth__IBNLCO_04851__IBNLCO_04851__gene,0.0006142650321155225,0.0006142650321155225
cnv_depth__IBNLCO_00593__IBNLCO_00593__gene,0.0006141912925891008,0.0006141912925891008
cnv_depth__IBNLCO_03011__ftsZ__gene,0.000613888441474936,0.000613888441474936
cnv_depth__IBNLCO_01446__Myo-inositol__CDS__promoter,-0.0006134264443523912,0.0006134264443523912
cnv_depth__IBNLCO_00519__IBNLCO_00519__gene,-0.0006133166769220038,0.0006133166769220038
cnv_depth__IBNLCO_02488__IBNLCO_02488__gene,0.0006130415070083844,0.0006130415070083844
cnv_depth__IBNLCO_00607__IBNLCO_00607__gene,-0.0006120340989076719,0.0006120340989076719
cnv_depth__IBNLCO_03005__ATP-binding__CDS,0.0006117226612836685,0.0006117226612836685
cnv_depth__IBNLCO_03129__IBNLCO_03129__gene,0.0006111226718007467,0.0006111226718007467
cnv_depth__IBNLCO_01438__IBNLCO_01438__gene,-0.0006105909843124587,0.0006105909843124587
cnv_depth__IBNLCO_05770__IBNLCO_05770__gene__promoter,-0.0006105590316102533,0.0006105590316102533
cnv_depth__IBNLCO_01444__luxP__gene,-0.0006097008552230838,0.0006097008552230838
cnv_depth__IBNLCO_04186__IBNLCO_04186__gene__promoter,0.0006092048697881056,0.0006092048697881056
cnv_depth__IBNLCO_05718__IBNLCO_05718__gene__promoter,-0.0006091590406497684,0.0006091590406497684
cnv_depth__IBNLCO_04632__IBNLCO_04632__gene,0.0006090907323347541,0.0006090907323347541
cnv_depth__IBNLCO_01673__phosphoribosylglycinamide__CDS__promoter,0.0006088068391882867,0.0006088068391882867
cnv_depth__IBNLCO_00296__IBNLCO_00296__gene,-0.0006084348616234578,0.0006084348616234578
cnv_depth__IBNLCO_02001__yciB__gene__promoter,-0.0006083778547474245,0.0006083778547474245
cnv_depth__IBNLCO_02370__IBNLCO_02370__gene__promoter,-0.000608219531799425,0.000608219531799425
cnv_depth__IBNLCO_04586__ribD__gene__promoter,0.0006066508425086334,0.0006066508425086334
cnv_depth__IBNLCO_01304__Major__CDS,0.0006065682597347235,0.0006065682597347235
cnv_depth__IBNLCO_00049__Amino__CDS,0.0006059396490811515,0.0006059396490811515
cnv_depth__IBNLCO_01996__IBNLCO_01996__gene,-0.0006033645369318372,0.0006033645369318372
cnv_depth__IBNLCO_03725__iclR__gene,0.0006032452285725893,0.0006032452285725893
cnv_depth__IBNLCO_03205__Large__CDS__promoter,0.0006023627409027976,0.0006023627409027976
cnv_depth__IBNLCO_05058__Cellulose__CDS,0.0006019641310647458,0.0006019641310647458
cnv_depth__IBNLCO_03749__bepF__gene__promoter,0.0006016716602067766,0.0006016716602067766
cnv_depth__IBNLCO_04762__IBNLCO_04762__gene__promoter,0.0006001049874831968,0.0006001049874831968
cnv_depth__IBNLCO_02443__IBNLCO_02443__gene__promoter,-0.0006000426272253237,0.0006000426272253237
cnv_depth__IBNLCO_01316__IBNLCO_01316__gene__promoter,-0.0006000209288573648,0.0006000209288573648
cnv_depth__IBNLCO_04939__IBNLCO_04939__gene,0.0005999555113935584,0.0005999555113935584
cnv_depth__IBNLCO_05298__IBNLCO_05298__gene__promoter,0.0005980584189350489,0.0005980584189350489
cnv_depth__IBNLCO_04973__IBNLCO_04973__gene,0.0005968797453446506,0.0005968797453446506
cnv_depth__IBNLCO_05609__IBNLCO_05609__gene__promoter,0.000595826762684492,0.000595826762684492
cnv_depth__IBNLCO_02782__wcbI__gene__promoter,-0.0005955785153097689,0.0005955785153097689
cnv_depth__IBNLCO_05823__hypothetical__CDS,0.0005945755126256639,0.0005945755126256639
cnv_depth__IBNLCO_05090__hypothetical__CDS,-0.0005933897094182702,0.0005933897094182702
cnv_depth__IBNLCO_05059__yhjQ__gene,-0.0005919506611891951,0.0005919506611891951
cnv_depth__IBNLCO_01951__IBNLCO_01951__gene__promoter,-0.0005908802279988232,0.0005908802279988232
cnv_depth__IBNLCO_00793__efflux__CDS__promoter,-0.0005889800606524928,0.0005889800606524928
cnv_depth__IBNLCO_05576__CBM6__CDS,0.0005887970900310416,0.0005887970900310416
cnv_depth__IBNLCO_04559__IBNLCO_04559__gene,0.0005883629613626336,0.0005883629613626336
cnv_depth__IBNLCO_01556__Long-chain-fatty-acid--CoA__CDS__promoter,-0.0005879517661543962,0.0005879517661543962
cnv_depth__IBNLCO_04152__Thioester__CDS,0.0005873085039224584,0.0005873085039224584
cnv_depth__IBNLCO_02392__Trehalose__CDS__promoter,-0.0005872331546699761,0.0005872331546699761
cnv_depth__IBNLCO_02704__IBNLCO_02704__gene__promoter,0.0005871867492544727,0.0005871867492544727
cnv_depth__IBNLCO_03966__IBNLCO_03966__gene,-0.0005868488906184699,0.0005868488906184699
cnv_depth__IBNLCO_02899__RNaseP_bact_a__gene,-0.0005865751220551167,0.0005865751220551167
cnv_depth__IBNLCO_01437__Branched__CDS__promoter,0.000586092480880578,0.000586092480880578
cnv_depth__IBNLCO_04998__bprC__gene__promoter,-0.0005859900922974609,0.0005859900922974609
cnv_depth__IBNLCO_03706__luxP__gene,0.0005858463363325813,0.0005858463363325813
cnv_depth__IBNLCO_02962__IBNLCO_02962__gene__promoter,-0.000584824922021629,0.000584824922021629
cnv_depth__IBNLCO_02358__IBNLCO_02358__gene__promoter,0.0005823493471815043,0.0005823493471815043
cnv_depth__IBNLCO_01672__Ferrichrome-iron__CDS,0.000581048890409025,0.000581048890409025
cnv_depth__IBNLCO_03787__Permease__CDS,0.0005808346559652958,0.0005808346559652958
cnv_depth__IBNLCO_04989__type__CDS__promoter,0.0005805528632150069,0.0005805528632150069
cnv_depth__IBNLCO_02601__Glutamate-1-semialdehyde__CDS,-0.000579872995257213,0.000579872995257213
cnv_depth__IBNLCO_04162__IBNLCO_04162__gene,0.0005780861499029656,0.0005780861499029656
cnv_depth__IBNLCO_04925__Enoyl-CoA__CDS__promoter,-0.0005779151295127967,0.0005779151295127967
cnv_depth__IBNLCO_03855__IBNLCO_03855__gene__promoter,0.0005758303587760784,0.0005758303587760784
cnv_depth__IBNLCO_01382__hypothetical__CDS__promoter,-0.0005755142616308393,0.0005755142616308393
cnv_depth__IBNLCO_03579__IBNLCO_03579__gene,-0.0005752915868229018,0.0005752915868229018
cnv_depth__IBNLCO_02893__AraC_family__CDS__promoter,0.0005738051036158613,0.0005738051036158613
cnv_depth__IBNLCO_04730__IBNLCO_04730__gene,-0.0005737541635658914,0.0005737541635658914
cnv_depth__IBNLCO_02216__tRNA__CDS__promoter,-0.0005731688066822735,0.0005731688066822735
cnv_depth__IBNLCO_03300__IBNLCO_03300__gene,0.0005701924217474371,0.0005701924217474371
cnv_depth__IBNLCO_03047__IBNLCO_03047__gene__promoter,-0.0005691472771558303,0.0005691472771558303
cnv_depth__IBNLCO_03483__IBNLCO_03483__gene,0.0005677396718380966,0.0005677396718380966
cnv_depth__IBNLCO_03317__IBNLCO_03317__gene,-0.0005675740047278601,0.0005675740047278601
cnv_depth__IBNLCO_04142__AraC__CDS,-0.0005670856605590074,0.0005670856605590074
cnv_depth__IBNLCO_04395__IBNLCO_04395__gene,-0.0005663223302095407,0.0005663223302095407
cnv_depth__IBNLCO_00648__lptD__gene,0.0005662196603810962,0.0005662196603810962
cnv_depth__IBNLCO_03715__IBNLCO_03715__gene,-0.0005660599194769891,0.0005660599194769891
cnv_depth__IBNLCO_00029__flagellar__CDS__promoter,-0.0005659324474076453,0.0005659324474076453
cnv_depth__IBNLCO_03251__4-hydroxyphenylpyruvate__CDS,0.0005655340605599415,0.0005655340605599415
cnv_depth__IBNLCO_00112__IBNLCO_00112__gene,-0.0005647623661563614,0.0005647623661563614
cnv_depth__IBNLCO_03819__IBNLCO_03819__gene__promoter,0.0005630652257553285,0.0005630652257553285
cnv_depth__IBNLCO_00281__IBNLCO_00281__gene__promoter,-0.0005620823546500932,0.0005620823546500932
cnv_depth__IBNLCO_02758__IBNLCO_02758__gene,-0.0005620070073667393,0.0005620070073667393
cnv_depth__IBNLCO_01519__rimP__gene__promoter,-0.0005617267971349872,0.0005617267971349872
cnv_depth__IBNLCO_05610__gnl|Bakta|IBNLCO_05610__CDS,0.0005613808430216236,0.0005613808430216236
cnv_depth__IBNLCO_04541__Cobalt-zinc-cadmium__CDS,-0.0005610774351549954,0.0005610774351549954
cnv_depth__IBNLCO_03259__IBNLCO_03259__gene,0.000561077290373983,0.000561077290373983
cnv_depth__IBNLCO_00261__IBNLCO_00261__gene,-0.000560079753478296,0.000560079753478296
cnv_depth__IBNLCO_02071__IBNLCO_02071__gene,-0.0005599991954967732,0.0005599991954967732
cnv_depth__IBNLCO_04579__Efflux__CDS,-0.0005598367776816985,0.0005598367776816985
cnv_depth__IBNLCO_01053__IBNLCO_01053__gene,-0.0005592201923416459,0.0005592201923416459
cnv_depth__IBNLCO_01192__IBNLCO_01192__gene__promoter,-0.0005588827026440653,0.0005588827026440653
cnv_depth__IBNLCO_01307__Carbamoyl__CDS,-0.0005574029590859796,0.0005574029590859796
cnv_depth__IBNLCO_02510__DNA__CDS,-0.0005569324415530035,0.0005569324415530035
cnv_depth__IBNLCO_01871__AsmA__CDS,0.0005568541580080949,0.0005568541580080949
cnv_depth__IBNLCO_03527__IBNLCO_03527__gene__promoter,0.0005562865676357651,0.0005562865676357651
cnv_depth__IBNLCO_00739__IBNLCO_00739__gene,0.0005553601678039994,0.0005553601678039994
cnv_depth__IBNLCO_00201__cobW__gene,-0.0005552888025976585,0.0005552888025976585
cnv_depth__IBNLCO_00077__IBNLCO_00077__gene__promoter,0.0005552295208563249,0.0005552295208563249
cnv_depth__IBNLCO_04487__Major__CDS,-0.0005548017848331235,0.0005548017848331235
cnv_depth__IBNLCO_03449__PNPLA__CDS,0.0005543720463274162,0.0005543720463274162
cnv_depth__IBNLCO_03418__ABC__CDS__promoter,0.0005541876083403936,0.0005541876083403936
cnv_depth__IBNLCO_00638__IBNLCO_00638__gene,0.0005541667929522022,0.0005541667929522022
cnv_depth__IBNLCO_01999__selO__gene__promoter,-0.0005536875460272862,0.0005536875460272862
cnv_depth__IBNLCO_00017__IBNLCO_00017__gene__promoter,-0.0005511831239879325,0.0005511831239879325
cnv_depth__IBNLCO_01930__Multidrug-efflux__CDS,-0.0005509523423144667,0.0005509523423144667
cnv_depth__IBNLCO_04335__phosphodiesterase__CDS__promoter,-0.0005489205760936941,0.0005489205760936941
cnv_depth__IBNLCO_02186__IBNLCO_02186__gene__promoter,0.0005485543245235667,0.0005485543245235667
cnv_depth__IBNLCO_01711__osmF__gene__promoter,-0.0005485168860424538,0.0005485168860424538
cnv_depth__IBNLCO_02049__IBNLCO_02049__gene,0.0005480774851486738,0.0005480774851486738
cnv_depth__IBNLCO_01284__hypothetical__CDS,-0.000547950780774265,0.000547950780774265
cnv_depth__IBNLCO_01463__IBNLCO_01463__gene,-0.0005461596987240558,0.0005461596987240558
cnv_depth__IBNLCO_03408__mnmG__gene,-0.0005445168408512701,0.0005445168408512701
cnv_depth__IBNLCO_00016__gspL__gene,0.0005439357034406487,0.0005439357034406487
cnv_depth__IBNLCO_00470__lktB__gene,0.0005439161548756104,0.0005439161548756104
cnv_depth__IBNLCO_04833__IBNLCO_04833__gene__promoter,-0.0005438252098877912,0.0005438252098877912
cnv_depth__IBNLCO_02121__IBNLCO_02121__gene__promoter,-0.0005419226512967105,0.0005419226512967105
cnv_depth__IBNLCO_02019__tRNA-Val(tac)__tRNA,-0.0005402008216894989,0.0005402008216894989
cnv_depth__IBNLCO_00532__IBNLCO_00532__gene__promoter,0.0005392019645815475,0.0005392019645815475
cnv_depth__IBNLCO_05759__IBNLCO_05759__gene__promoter,0.0005387683170861401,0.0005387683170861401
cnv_depth__IBNLCO_02113__fabZ__gene,-0.0005387271431712497,0.0005387271431712497
cnv_depth__IBNLCO_04525__gnl|Bakta|IBNLCO_04525__CDS__promoter,0.000538702850949932,0.000538702850949932
cnv_depth__IBNLCO_04808__IBNLCO_04808__gene,0.000538534753967633,0.000538534753967633
cnv_depth__IBNLCO_04790__IBNLCO_04790__gene,0.0005374956977510062,0.0005374956977510062
cnv_depth__IBNLCO_02910__ABC__CDS,0.0005374679127811626,0.0005374679127811626
cnv_depth__IBNLCO_01428__IBNLCO_01428__gene,0.000536339357863179,0.000536339357863179
cnv_depth__IBNLCO_01518__Bp1_162__gene,-0.0005349700078613559,0.0005349700078613559
cnv_depth__IBNLCO_00927__IBNLCO_00927__gene,0.0005348070427189099,0.0005348070427189099
cnv_depth__IBNLCO_04916__Tash__CDS,0.0005334580299807312,0.0005334580299807312
cnv_depth__IBNLCO_03597__IBNLCO_03597__gene,-0.000531721704018143,0.000531721704018143
cnv_depth__IBNLCO_05509__prnC__gene,-0.0005310663482091707,0.0005310663482091707
cnv_depth__IBNLCO_02822__gnl|Bakta|IBNLCO_02822__CDS__promoter,0.000530637907020942,0.000530637907020942
cnv_depth__IBNLCO_02004__IBNLCO_02004__gene__promoter,0.0005302112127200101,0.0005302112127200101
cnv_depth__IBNLCO_00549__IBNLCO_00549__gene,-0.0005298063773132605,0.0005298063773132605
cnv_depth__IBNLCO_02129__DNA__CDS,-0.0005291858117488456,0.0005291858117488456
cnv_depth__IBNLCO_01237__Aminoacyl-tRNA__CDS,0.0005285980399476751,0.0005285980399476751
cnv_depth__IBNLCO_00227__fliE__gene__promoter,-0.0005277637778270154,0.0005277637778270154
cnv_depth__IBNLCO_03019__IBNLCO_03019__gene,0.0005263825712595589,0.0005263825712595589
cnv_depth__IBNLCO_00732__IBNLCO_00732__gene__promoter,0.0005263528451512461,0.0005263528451512461
cnv_depth__IBNLCO_05233__IBNLCO_05233__gene,0.0005255341341854927,0.0005255341341854927
cnv_depth__IBNLCO_01103__dTTP/UTP__CDS__promoter,-0.0005253115157464967,0.0005253115157464967
cnv_depth__IBNLCO_05661__DOPA__CDS,-0.0005248308541072953,0.0005248308541072953
cnv_depth__IBNLCO_00875__IBNLCO_00875__gene,-0.0005248102952684525,0.0005248102952684525
cnv_depth__IBNLCO_01589__DUF559__CDS__promoter,-0.0005230429500967516,0.0005230429500967516
cnv_depth__IBNLCO_05833__IBNLCO_05833__gene,-0.0005209930204005807,0.0005209930204005807
cnv_depth__IBNLCO_05578__IBNLCO_05578__gene,-0.0005209364422010412,0.0005209364422010412
cnv_depth__IBNLCO_04510__IBNLCO_04510__gene,0.0005208522152304598,0.0005208522152304598
cnv_depth__IBNLCO_02883__ruvA__gene,-0.0005207261758132169,0.0005207261758132169
cnv_depth__IBNLCO_04526__Iron__CDS__promoter,-0.000519893500797751,0.000519893500797751
cnv_depth__IBNLCO_03157__IBNLCO_03157__gene,-0.0005194461267434905,0.0005194461267434905
cnv_depth__IBNLCO_03183__IBNLCO_03183__gene__promoter,0.0005188588063417042,0.0005188588063417042
cnv_depth__IBNLCO_00109__D-2-hydroxyacid__CDS,0.0005182601179625838,0.0005182601179625838
cnv_depth__IBNLCO_02979__IBNLCO_02979__gene,0.0005171070555858062,0.0005171070555858062
cnv_depth__IBNLCO_04642__IBNLCO_04642__gene,0.0005157621270549272,0.0005157621270549272
cnv_depth__IBNLCO_00268__flgC__gene__promoter,0.0005142982498495569,0.0005142982498495569
cnv_depth__IBNLCO_05461__Thymidine__CDS__promoter,-0.0005138409835942786,0.0005138409835942786
cnv_depth__IBNLCO_00243__IBNLCO_00243__gene,-0.0005136520749670835,0.0005136520749670835
cnv_depth__IBNLCO_01467__cpdA__gene,-0.0005127100466869153,0.0005127100466869153
cnv_depth__IBNLCO_05447__IBNLCO_05447__gene__promoter,0.0005121497039432156,0.0005121497039432156
cnv_depth__IBNLCO_04485__hypothetical__CDS__promoter,0.000511998276339429,0.000511998276339429
cnv_depth__IBNLCO_00657__IBNLCO_00657__gene,-0.0005104815074688004,0.0005104815074688004
cnv_depth__IBNLCO_03635__IBNLCO_03635__gene,0.0005094911827191146,0.0005094911827191146
cnv_depth__IBNLCO_03241__IBNLCO_03241__gene__promoter,-0.0005094718770867633,0.0005094718770867633
cnv_depth__IBNLCO_03504__C4-dicarboxylate__CDS,-0.0005064245161637668,0.0005064245161637668
cnv_depth__IBNLCO_01306__Transcriptional__CDS,0.0005061895055286591,0.0005061895055286591
cnv_depth__IBNLCO_04622__Response__CDS__promoter,-0.000505746143483538,0.000505746143483538
cnv_depth__IBNLCO_04117__Family__CDS,0.0005050840122389731,0.0005050840122389731
cnv_depth__IBNLCO_04163__Porin__CDS__promoter,-0.0005050632312045563,0.0005050632312045563
cnv_depth__IBNLCO_03401__IBNLCO_03401__gene,0.0005040030529982311,0.0005040030529982311
cnv_depth__IBNLCO_05677__IBNLCO_05677__gene,0.0005037426286655627,0.0005037426286655627
cnv_depth__IBNLCO_00036__IBNLCO_00036__gene,0.0005032480574979001,0.0005032480574979001
cnv_depth__IBNLCO_02350__sufC__gene,-0.0005032212797766411,0.0005032212797766411
cnv_depth__IBNLCO_01516__Segregation__CDS__promoter,0.0005031607570784002,0.0005031607570784002
cnv_depth__IBNLCO_01982__Putative__CDS__promoter,-0.000502427756147568,0.000502427756147568
cnv_depth__IBNLCO_01350__DUF4123__CDS,-0.0005023741333214576,0.0005023741333214576
cnv_depth__IBNLCO_04939__histidine__CDS__promoter,-0.0005019283758269422,0.0005019283758269422
cnv_depth__IBNLCO_01679__cobN__gene,0.0005007801699929184,0.0005007801699929184
cnv_depth__IBNLCO_01491__IBNLCO_01491__gene,0.0004988296281938707,0.0004988296281938707
cnv_depth__IBNLCO_04040__IBNLCO_04040__gene,0.0004988173417706574,0.0004988173417706574
cnv_depth__IBNLCO_03219__IBNLCO_03219__gene,-0.0004973457492520448,0.0004973457492520448
cnv_depth__IBNLCO_00924__Sulfite__CDS__promoter,0.0004973347510452254,0.0004973347510452254
cnv_depth__IBNLCO_03154__IBNLCO_03154__gene,0.0004962017466324579,0.0004962017466324579
cnv_depth__IBNLCO_04523__hypothetical__CDS__promoter,-0.0004956626681550281,0.0004956626681550281
cnv_depth__IBNLCO_00054__IBNLCO_00054__gene,-0.0004941884149591491,0.0004941884149591491
cnv_depth__IBNLCO_04658__Exported__CDS,0.0004936078037123829,0.0004936078037123829
cnv_depth__IBNLCO_03571__Putative__CDS__promoter,0.0004928598882042806,0.0004928598882042806
cnv_depth__IBNLCO_00441__moeB__gene,-0.0004926859607645545,0.0004926859607645545
cnv_depth__IBNLCO_04191__Transcriptional__CDS__promoter,0.0004906858882714217,0.0004906858882714217
cnv_depth__IBNLCO_05582__DUF4123__CDS__promoter,0.0004905181063522213,0.0004905181063522213
cnv_depth__IBNLCO_04516__IBNLCO_04516__gene,0.0004899542291812271,0.0004899542291812271
cnv_depth__IBNLCO_02204__IBNLCO_02204__gene,0.0004887751571712599,0.0004887751571712599
cnv_depth__IBNLCO_01657__gnl|Bakta|IBNLCO_01657__CDS,-0.0004866008779174775,0.0004866008779174775
cnv_depth__IBNLCO_03616__Type__CDS__promoter,-0.0004842086963881054,0.0004842086963881054
cnv_depth__IBNLCO_03041__IBNLCO_03041__gene,0.00048302629643156154,0.00048302629643156154
cnv_depth__IBNLCO_03894__IBNLCO_03894__gene__promoter,0.00048217939197936455,0.00048217939197936455
cnv_depth__IBNLCO_04856__IBNLCO_04856__gene,0.0004810330996286605,0.0004810330996286605
cnv_depth__IBNLCO_00327__IBNLCO_00327__gene,-0.0004804380562619479,0.0004804380562619479
cnv_depth__IBNLCO_03829__BTH_s39__gene,-0.00048022688496091644,0.00048022688496091644
cnv_depth__IBNLCO_04692__IBNLCO_04692__gene,0.0004797152892479591,0.0004797152892479591
cnv_depth__IBNLCO_02492__Methionine__CDS__promoter,-0.0004793290038288929,0.0004793290038288929
cnv_depth__IBNLCO_00506__DUF4492__CDS,-0.0004792893827039875,0.0004792893827039875
cnv_depth__IBNLCO_01261__IBNLCO_01261__gene__promoter,0.00047917678062142513,0.00047917678062142513
cnv_depth__IBNLCO_03470__IBNLCO_03470__gene__promoter,-0.0004781918216011878,0.0004781918216011878
cnv_depth__IBNLCO_01488__LysR__CDS__promoter,-0.0004779408645841659,0.0004779408645841659
cnv_depth__IBNLCO_03638__IBNLCO_03638__gene,-0.0004778942812391332,0.0004778942812391332
cnv_depth__IBNLCO_02652__IBNLCO_02652__gene__promoter,-0.0004771127347231155,0.0004771127347231155
cnv_depth__IBNLCO_03159__Glutamate__CDS,-0.00047633277578024353,0.00047633277578024353
cnv_depth__IBNLCO_00119__IBNLCO_00119__gene,-0.00047607863299491837,0.00047607863299491837
cnv_depth__IBNLCO_00056__padR__gene__promoter,0.00047589459770877975,0.00047589459770877975
cnv_depth__IBNLCO_01187__IBNLCO_01187__gene,0.0004752997774644849,0.0004752997774644849
cnv_depth__unknown__unknown__regulatory.7,0.00047290002590955456,0.00047290002590955456
cnv_depth__IBNLCO_01920__ybaB__gene__promoter,0.00047288192887421607,0.00047288192887421607
cnv_depth__IBNLCO_03164__ugpC__gene__promoter,0.0004724065913106709,0.0004724065913106709
cnv_depth__IBNLCO_04781__HTH-type__CDS,0.0004722201236800544,0.0004722201236800544
cnv_depth__IBNLCO_02341__Ubiquinone__CDS,-0.0004714508498485509,0.0004714508498485509
cnv_depth__IBNLCO_01785__IBNLCO_01785__gene,0.0004709646226858547,0.0004709646226858547
cnv_depth__IBNLCO_04078__IBNLCO_04078__gene__promoter,0.00046802862206637253,0.00046802862206637253
cnv_depth__IBNLCO_05772__Polyketide__CDS,0.00046717819494039293,0.00046717819494039293
cnv_depth__IBNLCO_00173__IBNLCO_00173__gene,0.0004668173555149017,0.0004668173555149017
cnv_depth__IBNLCO_03107__IBNLCO_03107__gene,-0.0004661883739163148,0.0004661883739163148
cnv_depth__IBNLCO_00067__CHAP__CDS,-0.00046592141859023626,0.00046592141859023626
cnv_depth__IBNLCO_01104__IBNLCO_01104__gene,-0.00046420826632147396,0.00046420826632147396
cnv_depth__IBNLCO_00781__Fatty__CDS,-0.00046359351623458827,0.00046359351623458827
cnv_depth__IBNLCO_04607__Formate__CDS__promoter,0.00046358742179154755,0.00046358742179154755
cnv_depth__IBNLCO_02109__IBNLCO_02109__gene,-0.0004628304706730792,0.0004628304706730792
cnv_depth__IBNLCO_05303__IBNLCO_05303__gene__promoter,-0.00046212449335856907,0.00046212449335856907
cnv_depth__IBNLCO_01994__IBNLCO_01994__gene__promoter,-0.0004618938677635108,0.0004618938677635108
cnv_depth__IBNLCO_00699__hypothetical__CDS__promoter,-0.00046180232356573056,0.00046180232356573056
cnv_depth__IBNLCO_03657__IBNLCO_03657__gene__promoter,0.0004615692784595869,0.0004615692784595869
cnv_depth__IBNLCO_03729__IBNLCO_03729__gene__promoter,0.0004611068451760742,0.0004611068451760742
cnv_depth__IBNLCO_03834__ncS011__gene__promoter,-0.00046105709079683084,0.00046105709079683084
cnv_depth__IBNLCO_05043__LysE__CDS,0.00046088562609036647,0.00046088562609036647
cnv_depth__IBNLCO_00229__fliT__gene__promoter,-0.00046085093906015533,0.00046085093906015533
cnv_depth__IBNLCO_00219__Acyl-CoA__CDS__promoter,0.00046076131687566255,0.00046076131687566255
cnv_depth__IBNLCO_03162__OmpW__CDS,-0.00045937745947649,0.00045937745947649
cnv_depth__IBNLCO_00205__IBNLCO_00205__gene,0.00045936790438907033,0.00045936790438907033
cnv_depth__IBNLCO_00331__asnC__gene,0.00045784736467594514,0.00045784736467594514
cnv_depth__IBNLCO_02687__DUF2957__CDS,-0.0004571213277183669,0.0004571213277183669
cnv_depth__IBNLCO_00497__IBNLCO_00497__gene__promoter,-0.0004566038924851555,0.0004566038924851555
cnv_depth__IBNLCO_03384__aidB__gene__promoter,-0.0004557273337825873,0.0004557273337825873
cnv_depth__IBNLCO_03731__IBNLCO_03731__gene__promoter,-0.0004554678453540162,0.0004554678453540162
cnv_depth__IBNLCO_03052__IBNLCO_03052__gene,0.0004552872399149501,0.0004552872399149501
cnv_depth__IBNLCO_05508__prnB__gene,0.0004546813308337698,0.0004546813308337698
cnv_depth__IBNLCO_03838__IBNLCO_03838__gene,-0.0004544958832449063,0.0004544958832449063
cnv_depth__IBNLCO_03802__IBNLCO_03802__gene,0.00045352616097397904,0.00045352616097397904
cnv_depth__IBNLCO_04654__Nonribosomal__CDS,0.0004517434396445792,0.0004517434396445792
cnv_depth__IBNLCO_00941__EVE__CDS,-0.00045146760218476564,0.00045146760218476564
cnv_depth__IBNLCO_02610__3-octaprenyl-4-hydroxybenzoate__CDS,-0.00045128992442211585,0.00045128992442211585
cnv_depth__IBNLCO_05741__UDP-glucuronate__CDS,0.00045128112376243036,0.00045128112376243036
cnv_depth__IBNLCO_05115__TauD/TfdA-like__CDS__promoter,-0.00045022322748411675,0.00045022322748411675
cnv_depth__IBNLCO_01282__HTH-type__CDS,0.0004501569518249078,0.0004501569518249078
cnv_depth__IBNLCO_01879__IBNLCO_01879__gene,0.000449291809643923,0.000449291809643923
cnv_depth__IBNLCO_04644__IBNLCO_04644__gene__promoter,0.000449135233444874,0.000449135233444874
cnv_depth__IBNLCO_03167__ugpB__gene,-0.0004490263913327237,0.0004490263913327237
cnv_depth__IBNLCO_00575__IBNLCO_00575__gene,-0.00044784791249437555,0.00044784791249437555
cnv_depth__IBNLCO_04721__NADPH-dependent__CDS,0.000447506746522006,0.000447506746522006
cnv_depth__IBNLCO_02912__Extracellular__CDS,0.0004469789359109629,0.0004469789359109629
cnv_depth__IBNLCO_00245__IBNLCO_00245__gene,-0.0004468233804693164,0.0004468233804693164
cnv_depth__IBNLCO_03182__resB__gene__promoter,-0.0004465370316460415,0.0004465370316460415
cnv_depth__IBNLCO_05579__IBNLCO_05579__gene,-0.000446477783190653,0.000446477783190653
cnv_depth__IBNLCO_00192__slmA__gene,0.00044569368652488386,0.00044569368652488386
cnv_depth__IBNLCO_03471__IBNLCO_03471__gene__promoter,-0.0004453346185161495,0.0004453346185161495
cnv_depth__IBNLCO_01073__IBNLCO_01073__gene,0.00044524460495352485,0.00044524460495352485
cnv_depth__IBNLCO_00871__NADP-dependent__CDS__promoter,-0.00044473202394979905,0.00044473202394979905
cnv_depth__IBNLCO_03281__IBNLCO_03281__gene__promoter,-0.00044471306882578937,0.00044471306882578937
cnv_depth__IBNLCO_05275__HTH-type__CDS,0.0004428241593471227,0.0004428241593471227
cnv_depth__IBNLCO_02775__hypothetical__CDS,-0.00044270761356503816,0.00044270761356503816
cnv_depth__IBNLCO_04687__IBNLCO_04687__gene,-0.0004425763219900881,0.0004425763219900881
cnv_depth__IBNLCO_01267__Glutamine--fructose-6-phosphate__CDS,-0.0004417543626821816,0.0004417543626821816
cnv_depth__IBNLCO_00772__Branched-chain__CDS__promoter,0.0004414225713344733,0.0004414225713344733
cnv_depth__IBNLCO_01247__hypothetical__CDS__promoter,0.0004409853242935612,0.0004409853242935612
cnv_depth__IBNLCO_03379__IBNLCO_03379__gene,0.0004407037703793754,0.0004407037703793754
cnv_depth__IBNLCO_00640__IBNLCO_00640__gene,0.0004403234182235162,0.0004403234182235162
cnv_depth__IBNLCO_02969__IBNLCO_02969__gene,0.000439736407936672,0.000439736407936672
cnv_depth__IBNLCO_00760__IBNLCO_00760__gene,-0.00043773878364612186,0.00043773878364612186
cnv_depth__IBNLCO_00742__nanT__gene,-0.0004372296959490305,0.0004372296959490305
cnv_depth__IBNLCO_04212__Porin__CDS__promoter,0.00043657454313430214,0.00043657454313430214
cnv_depth__IBNLCO_02448__tRNA-Asn(gtt)__tRNA,-0.0004364917013235253,0.0004364917013235253
cnv_depth__IBNLCO_01748__IBNLCO_01748__gene,0.0004360320970551633,0.0004360320970551633
cnv_depth__IBNLCO_04717__IBNLCO_04717__gene__promoter,-0.00043543900157740626,0.00043543900157740626
cnv_depth__IBNLCO_03409__ABC__CDS,0.0004334917518822207,0.0004334917518822207
cnv_depth__IBNLCO_03866__lysM__gene__promoter,-0.00043251565564307733,0.00043251565564307733
cnv_depth__IBNLCO_04932__IBNLCO_04932__gene,0.0004319607211361388,0.0004319607211361388
cnv_depth__IBNLCO_03773__IBNLCO_03773__gene__promoter,0.00043120178621133994,0.00043120178621133994
cnv_depth__IBNLCO_00109__IBNLCO_00109__gene__promoter,-0.00043004567059278236,0.00043004567059278236
cnv_depth__IBNLCO_00303__Copper-translocating__CDS__promoter,-0.0004297045078082574,0.0004297045078082574
cnv_depth__IBNLCO_05699__IBNLCO_05699__gene__promoter,-0.0004296385047149733,0.0004296385047149733
cnv_depth__IBNLCO_01570__IBNLCO_01570__gene__promoter,0.00042802816838338016,0.00042802816838338016
cnv_depth__IBNLCO_01415__IBNLCO_01415__gene__promoter,0.0004266955226946219,0.0004266955226946219
cnv_depth__IBNLCO_00171__IBNLCO_00171__gene,0.00042620944803544326,0.00042620944803544326
cnv_depth__IBNLCO_03166__sn-glycerol-3-phosphate__CDS__promoter,0.00042566372832422234,0.00042566372832422234
cnv_depth__IBNLCO_03430__IBNLCO_03430__gene__promoter,-0.00042508586525175855,0.00042508586525175855
cnv_depth__IBNLCO_03680__IBNLCO_03680__gene__promoter,0.00042466967247907863,0.00042466967247907863
cnv_depth__IBNLCO_00419__IBNLCO_00419__gene__promoter,-0.0004239850517042732,0.0004239850517042732
cnv_depth__IBNLCO_05669__IBNLCO_05669__gene__promoter,-0.000422927897534244,0.000422927897534244
cnv_depth__IBNLCO_03417__Leucine-binding__CDS,0.0004221007280438786,0.0004221007280438786
cnv_depth__IBNLCO_05403__IBNLCO_05403__gene,-0.0004216224682652527,0.0004216224682652527
cnv_depth__IBNLCO_05137__IBNLCO_05137__gene__promoter,-0.0004214088417469859,0.0004214088417469859
cnv_depth__IBNLCO_03628__IBNLCO_03628__gene,0.0004211990473375144,0.0004211990473375144
cnv_depth__IBNLCO_01096__IBNLCO_01096__gene,0.00042061950092439697,0.00042061950092439697
cnv_depth__IBNLCO_01948__Undecaprenyl-phosphate__CDS,-0.0004205767723093227,0.0004205767723093227
cnv_depth__IBNLCO_00689__IBNLCO_00689__gene,0.00042042532494159163,0.00042042532494159163
cnv_depth__IBNLCO_01975__hypothetical__CDS__promoter,-0.0004200864513191668,0.0004200864513191668
cnv_depth__IBNLCO_00331__asnC__gene__promoter,-0.00041969073011317024,0.00041969073011317024
cnv_depth__IBNLCO_03950__IBNLCO_03950__gene,0.00041945778460569403,0.00041945778460569403
cnv_depth__IBNLCO_03249__N-acetyltransferase__CDS__promoter,0.00041887935153441436,0.00041887935153441436
cnv_depth__IBNLCO_02265__IBNLCO_02265__gene__promoter,0.0004169615910285443,0.0004169615910285443
cnv_depth__IBNLCO_01338__Na+__CDS,-0.00041696105969417753,0.00041696105969417753
cnv_depth__IBNLCO_03664__IBNLCO_03664__gene,-0.0004168467042792668,0.0004168467042792668
cnv_depth__IBNLCO_04593__SnoaL-like__CDS__promoter,0.00041656428338557577,0.00041656428338557577
cnv_depth__IBNLCO_00248__ABC-type__CDS__promoter,-0.0004164881010668855,0.0004164881010668855
cnv_depth__IBNLCO_03127__Sec-independent__CDS__promoter,0.0004163297277251368,0.0004163297277251368
cnv_depth__IBNLCO_00282__IBNLCO_00282__gene,0.00041549390580948093,0.00041549390580948093
cnv_depth__IBNLCO_05265__IBNLCO_05265__gene,-0.0004153317318931366,0.0004153317318931366
cnv_depth__IBNLCO_01404__Spore__CDS,0.0004148237112234711,0.0004148237112234711
cnv_depth__IBNLCO_03831__IBNLCO_03831__gene__promoter,0.000414815656502795,0.000414815656502795
cnv_depth__IBNLCO_01863__hypothetical__CDS__promoter,0.00041413968443504895,0.00041413968443504895
cnv_depth__IBNLCO_03343__IBNLCO_03343__gene,-0.0004139138807502564,0.0004139138807502564
cnv_depth__IBNLCO_04411__IBNLCO_04411__gene,-0.0004121079183028889,0.0004121079183028889
cnv_depth__IBNLCO_00019__Efflux__CDS,-0.00041111449234497335,0.00041111449234497335
cnv_depth__IBNLCO_05698__IBNLCO_05698__gene__promoter,0.00041067853695346844,0.00041067853695346844
cnv_depth__IBNLCO_00082__gnl|Bakta|IBNLCO_00082__CDS__promoter,-0.000410430953447718,0.000410430953447718
cnv_depth__IBNLCO_00271__flgF__gene,-0.00040903802791772696,0.00040903802791772696
cnv_depth__IBNLCO_01395__DUF4123__CDS__promoter,-0.00040885883807842606,0.00040885883807842606
cnv_depth__IBNLCO_03152__Thiazole__CDS,0.0004087199274230695,0.0004087199274230695
cnv_depth__IBNLCO_02778__gmhA__gene__promoter,-0.0004083431531933149,0.0004083431531933149
cnv_depth__IBNLCO_00442__putative__CDS,0.00040650508023870987,0.00040650508023870987
cnv_depth__IBNLCO_02934__IBNLCO_02934__gene,0.00040576627844710815,0.00040576627844710815
cnv_depth__IBNLCO_03121__IBNLCO_03121__gene,-0.0004053929064160087,0.0004053929064160087
cnv_depth__IBNLCO_00303__IBNLCO_00303__gene,0.00040526866970122327,0.00040526866970122327
cnv_depth__IBNLCO_01375__IBNLCO_01375__gene,-0.0004044724624342114,0.0004044724624342114
cnv_depth__IBNLCO_00102__IBNLCO_00102__gene,-0.00040402981400385345,0.00040402981400385345
cnv_depth__IBNLCO_02910__IBNLCO_02910__gene__promoter,-0.00040402273494140345,0.00040402273494140345
cnv_depth__IBNLCO_02438__IBNLCO_02438__gene__promoter,-0.0004039782604848966,0.0004039782604848966
cnv_depth__IBNLCO_00539__lptA__gene,-0.0004037500219327,0.0004037500219327
cnv_depth__IBNLCO_03733__IBNLCO_03733__gene,-0.00040351595440909604,0.00040351595440909604
cnv_depth__IBNLCO_04860__Cardiolipin__CDS,0.00040342369407786596,0.00040342369407786596
cnv_depth__IBNLCO_00343__azlC__gene,0.0004031365489500668,0.0004031365489500668
cnv_depth__IBNLCO_05645__MFS__CDS__promoter,-0.0004028878589555027,0.0004028878589555027
cnv_depth__IBNLCO_00088__yaeQ__gene,-0.00040232613810474465,0.00040232613810474465
cnv_depth__IBNLCO_01644__Putative__CDS,0.0004015713154933125,0.0004015713154933125
cnv_depth__IBNLCO_00004__IBNLCO_00004__gene,-0.0004011358377412298,0.0004011358377412298
cnv_depth__IBNLCO_04820__hypothetical__CDS,0.00040102139734601394,0.00040102139734601394
cnv_depth__IBNLCO_02577__trnS__gene__promoter,-0.0004001453969975181,0.0004001453969975181
cnv_depth__IBNLCO_02732__IBNLCO_02732__gene,0.0003993744305919086,0.0003993744305919086
cnv_depth__IBNLCO_01713__Major__CDS,0.0003992244730463767,0.0003992244730463767
cnv_depth__IBNLCO_01585__IBNLCO_01585__gene__promoter,-0.00039909793035710695,0.00039909793035710695
cnv_depth__IBNLCO_00497__N-acetylglucosamine-6-phosphate__CDS,-0.00039902095150645467,0.00039902095150645467
cnv_depth__IBNLCO_03013__Cell__CDS,0.00039866936884467175,0.00039866936884467175
cnv_depth__IBNLCO_03525__IBNLCO_03525__gene,-0.00039662903053071426,0.00039662903053071426
cnv_depth__IBNLCO_03181__ccsB__gene,-0.0003951211964290633,0.0003951211964290633
cnv_depth__IBNLCO_02906__IBNLCO_02906__gene,-0.00039471955748724406,0.00039471955748724406
cnv_depth__IBNLCO_03939__IBNLCO_03939__gene,-0.0003945097295795505,0.0003945097295795505
cnv_depth__IBNLCO_04653__hypothetical__CDS__promoter,0.000393541087046733,0.000393541087046733
cnv_depth__IBNLCO_04897__L-threonate__CDS,-0.00039321802762246744,0.00039321802762246744
cnv_depth__IBNLCO_02967__IBNLCO_02967__gene__promoter,0.0003926897488337334,0.0003926897488337334
cnv_depth__IBNLCO_05623__BON__CDS,-0.00039243479273387615,0.00039243479273387615
cnv_depth__IBNLCO_01966__IBNLCO_01966__gene,-0.0003921728728731718,0.0003921728728731718
cnv_depth__IBNLCO_02284__hypothetical__CDS__promoter,-0.00038947376419214467,0.00038947376419214467
cnv_depth__IBNLCO_04409__DUF2780__CDS,-0.00038921373261457086,0.00038921373261457086
cnv_depth__IBNLCO_05058__IBNLCO_05058__gene__promoter,-0.00038713861607453246,0.00038713861607453246
cnv_depth__IBNLCO_00236__histidine__CDS__promoter,0.0003857530114589654,0.0003857530114589654
cnv_depth__IBNLCO_02741__IBNLCO_02741__gene,0.00038542214328049376,0.00038542214328049376
cnv_depth__IBNLCO_03371__Ethanolamine__CDS,-0.0003853146470069889,0.0003853146470069889
cnv_depth__IBNLCO_01747__Transmembrane__CDS,-0.0003847921556432762,0.0003847921556432762
cnv_depth__IBNLCO_00717__IBNLCO_00717__gene__promoter,0.00038444207385583993,0.00038444207385583993
cnv_depth__IBNLCO_00329__IBNLCO_00329__gene,0.00038265541831840094,0.00038265541831840094
cnv_depth__IBNLCO_00190__IBNLCO_00190__gene,0.0003825601614327051,0.0003825601614327051
cnv_depth__IBNLCO_04798__IBNLCO_04798__gene,0.0003819267110176656,0.0003819267110176656
cnv_depth__IBNLCO_00226__flagellar__CDS__promoter,0.00038145718294470504,0.00038145718294470504
cnv_depth__IBNLCO_05229__IBNLCO_05229__gene,0.0003807913427780847,0.0003807913427780847
cnv_depth__IBNLCO_02042__DUF1800__CDS__promoter,0.00038077453200416025,0.00038077453200416025
cnv_depth__IBNLCO_01265__Transcriptional__CDS,-0.00038046143109434703,0.00038046143109434703
cnv_depth__IBNLCO_01274__IBNLCO_01274__gene__promoter,-0.0003800050639751765,0.0003800050639751765
cnv_depth__IBNLCO_02833__IBNLCO_02833__gene,-0.0003798270550497384,0.0003798270550497384
cnv_depth__IBNLCO_01883__Acetyl-CoA__CDS,0.00037869208591634064,0.00037869208591634064
cnv_depth__IBNLCO_03841__Fumarate__CDS__promoter,0.00037816696849234403,0.00037816696849234403
cnv_depth__IBNLCO_03061__HTH__CDS__promoter,-0.00037736705352784034,0.00037736705352784034
cnv_depth__IBNLCO_05301__IBNLCO_05301__gene,0.00037650896278843405,0.00037650896278843405
cnv_depth__IBNLCO_02170__Inner__CDS,-0.00037614956506966797,0.00037614956506966797
cnv_depth__IBNLCO_03565__IBNLCO_03565__gene,-0.00037610058526498685,0.00037610058526498685
cnv_depth__IBNLCO_01994__hypothetical__CDS,0.0003758886261487021,0.0003758886261487021
cnv_depth__IBNLCO_01978__ATPase__CDS__promoter,0.00037576894187625436,0.00037576894187625436
cnv_depth__IBNLCO_02666__IBNLCO_02666__gene,-0.0003746406925828737,0.0003746406925828737
cnv_depth__IBNLCO_00500__IBNLCO_00500__gene,-0.0003745194343369093,0.0003745194343369093
cnv_depth__IBNLCO_00705__IBNLCO_00705__gene__promoter,-0.00037381089465152536,0.00037381089465152536
cnv_depth__IBNLCO_04968__Copper-containing__CDS,-0.00037211850994316826,0.00037211850994316826
cnv_depth__IBNLCO_04920__Tetratricopeptide__CDS__promoter,0.00037184904101445745,0.00037184904101445745
cnv_depth__IBNLCO_04604__IBNLCO_04604__gene__promoter,-0.0003713550896418011,0.0003713550896418011
cnv_depth__IBNLCO_04495__IBNLCO_04495__gene,0.00037032074745397604,0.00037032074745397604
cnv_depth__IBNLCO_02167__PNPLA__CDS__promoter,0.00036940017391424074,0.00036940017391424074
cnv_depth__unknown__unknown__regulatory,-0.0003690623524119122,0.0003690623524119122
cnv_depth__IBNLCO_00642__fdhD__gene__promoter,-0.00036805195914604144,0.00036805195914604144
cnv_depth__IBNLCO_05583__IBNLCO_05583__gene,-0.00036794777424073807,0.00036794777424073807
cnv_depth__IBNLCO_02581__Outer-membrane__CDS__promoter,-0.0003679304179349901,0.0003679304179349901
cnv_depth__IBNLCO_03275__BON__CDS,0.0003676645812272619,0.0003676645812272619
cnv_depth__IBNLCO_05681__IBNLCO_05681__gene__promoter,-0.00036751804661694766,0.00036751804661694766
cnv_depth__IBNLCO_02605__6%2C7-dimethyl-8-ribityllumazine__CDS,0.0003655324951027234,0.0003655324951027234
cnv_depth__IBNLCO_03478__IBNLCO_03478__gene,0.00036418029598512706,0.00036418029598512706
cnv_depth__IBNLCO_05807__Porin__CDS,0.00036403636611340384,0.00036403636611340384
cnv_depth__IBNLCO_02665__dTDP-4-dehydrorhamnose__CDS__promoter,0.0003640249043984135,0.0003640249043984135
cnv_depth__IBNLCO_01873__fetB__gene,0.0003638284688197824,0.0003638284688197824
cnv_depth__IBNLCO_05768__Dihydrolipoyl__CDS__promoter,0.0003636999805942987,0.0003636999805942987
cnv_depth__IBNLCO_04393__IBNLCO_04393__gene,-0.00036311400282420056,0.00036311400282420056
cnv_depth__IBNLCO_00256__IBNLCO_00256__gene__promoter,-0.0003616822215290791,0.0003616822215290791
cnv_depth__IBNLCO_00325__Bile__CDS__promoter,0.0003612735818441817,0.0003612735818441817
cnv_depth__IBNLCO_03425__gnl|Bakta|IBNLCO_03425__CDS__promoter,0.0003606349318466072,0.0003606349318466072
cnv_depth__IBNLCO_02636__Urease__CDS,-0.0003605675138249799,0.0003605675138249799
cnv_depth__IBNLCO_04803__IBNLCO_04803__gene,-0.00035958297498107705,0.00035958297498107705
cnv_depth__IBNLCO_00921__HTH__CDS,0.0003595663191896542,0.0003595663191896542
cnv_depth__IBNLCO_03566__IBNLCO_03566__gene__promoter,-0.00035941873139665344,0.00035941873139665344
cnv_depth__IBNLCO_04503__IBNLCO_04503__gene__promoter,-0.00035865492583703114,0.00035865492583703114
cnv_depth__IBNLCO_00452__Integral__CDS__promoter,0.0003570811232566659,0.0003570811232566659
cnv_depth__IBNLCO_05719__IBNLCO_05719__gene,-0.00035662891568844494,0.00035662891568844494
cnv_depth__IBNLCO_01068__HTH__CDS__promoter,0.00035560705127593605,0.00035560705127593605
cnv_depth__IBNLCO_05005__bapB__gene,0.0003554450617872203,0.0003554450617872203
cnv_depth__IBNLCO_00191__IBNLCO_00191__gene,0.0003542015143164619,0.0003542015143164619
cnv_depth__IBNLCO_04938__Putative__CDS,-0.0003537112323403986,0.0003537112323403986
cnv_depth__IBNLCO_03176__Iron-sulfur__CDS,-0.00035285604921852105,0.00035285604921852105
cnv_depth__IBNLCO_02920__IBNLCO_02920__gene,0.00035235567062646636,0.00035235567062646636
cnv_depth__IBNLCO_00060__IBNLCO_00060__gene__promoter,-0.0003523485460242961,0.0003523485460242961
cnv_depth__IBNLCO_00233__Putative__CDS__promoter,-0.0003512065838094423,0.0003512065838094423
cnv_depth__IBNLCO_05669__HTH__CDS,-0.0003510917250034426,0.0003510917250034426
cnv_depth__IBNLCO_00738__3-phosphoshikimate__CDS,0.0003510870363378448,0.0003510870363378448
cnv_depth__IBNLCO_05045__IBNLCO_05045__gene,0.000350986875769589,0.000350986875769589
cnv_depth__IBNLCO_05413__IBNLCO_05413__gene,0.00035065104419837115,0.00035065104419837115
cnv_depth__IBNLCO_02751__IBNLCO_02751__gene__promoter,-0.0003504577185203137,0.0003504577185203137
cnv_depth__IBNLCO_04096__gnl|Bakta|IBNLCO_04096__CDS,-0.000350033641558576,0.000350033641558576
cnv_depth__IBNLCO_04054__PepSY__CDS__promoter,0.0003489924529866689,0.0003489924529866689
cnv_depth__IBNLCO_04556__IBNLCO_04556__gene__promoter,-0.0003482134284897669,0.0003482134284897669
cnv_depth__IBNLCO_03191__Small__CDS,0.000346985248077349,0.000346985248077349
cnv_depth__IBNLCO_04909__NADPH-dependent__CDS,0.00034632887015426534,0.00034632887015426534
cnv_depth__IBNLCO_00851__Protein__CDS__promoter,-0.0003461587606117148,0.0003461587606117148
cnv_depth__IBNLCO_00003__tRNA__CDS__promoter,0.0003448776065565186,0.0003448776065565186
cnv_depth__IBNLCO_01880__rimO__gene__promoter,-0.00034450180404380293,0.00034450180404380293
cnv_depth__IBNLCO_01360__1%2C4-alpha-glucan__CDS,-0.0003433979168120467,0.0003433979168120467
cnv_depth__IBNLCO_02821__3-deoxy-7-phosphoheptulonate__CDS__promoter,0.00034202956978639655,0.00034202956978639655
cnv_depth__IBNLCO_02554__trnR__gene,0.0003418738344277818,0.0003418738344277818
cnv_depth__IBNLCO_03400__IBNLCO_03400__gene,-0.0003417679684661483,0.0003417679684661483
cnv_depth__IBNLCO_01639__IBNLCO_01639__gene,0.0003416443638791179,0.0003416443638791179
cnv_depth__IBNLCO_00062__IBNLCO_00062__gene__promoter,-0.0003415909958512799,0.0003415909958512799
cnv_depth__IBNLCO_04629__IBNLCO_04629__gene,-0.0003414941090424284,0.0003414941090424284
cnv_depth__IBNLCO_02413__IBNLCO_02413__gene__promoter,0.0003411684672550118,0.0003411684672550118
cnv_depth__IBNLCO_00584__IBNLCO_00584__gene__promoter,0.0003400980775831025,0.0003400980775831025
cnv_depth__IBNLCO_03038__IBNLCO_03038__gene,0.0003392142766844879,0.0003392142766844879
cnv_depth__IBNLCO_04203__2%2C4-dihydroxyacetophenone__CDS,-0.0003386054019169809,0.0003386054019169809
cnv_depth__IBNLCO_01562__IBNLCO_01562__gene,-0.00033826167074382134,0.00033826167074382134
cnv_depth__IBNLCO_00120__esaS__gene,0.0003353540080026558,0.0003353540080026558
cnv_depth__IBNLCO_00409__IBNLCO_00409__gene,-0.00033480645134678687,0.00033480645134678687
cnv_depth__IBNLCO_00002__IBNLCO_00002__gene,0.0003344953699802125,0.0003344953699802125
cnv_depth__IBNLCO_05844__IBNLCO_05844__gene,0.0003341247684330481,0.0003341247684330481
cnv_depth__IBNLCO_02265__IBNLCO_02265__gene,-0.0003331137451465629,0.0003331137451465629
cnv_depth__IBNLCO_01967__HTH-type__CDS__promoter,-0.0003329506331622992,0.0003329506331622992
cnv_depth__IBNLCO_04844__IBNLCO_04844__gene,-0.0003328243978811127,0.0003328243978811127
cnv_depth__IBNLCO_01683__IBNLCO_01683__gene,0.00033216459981502423,0.00033216459981502423
cnv_depth__IBNLCO_00345__Hydrolase-related__CDS__promoter,-0.00033185560604158,0.00033185560604158
cnv_depth__IBNLCO_03064__GP-PDE__CDS__promoter,0.00033050858314774567,0.00033050858314774567
cnv_depth__IBNLCO_00204__3'%2C5'-cyclic-nucleotide__CDS,0.0003298385459380103,0.0003298385459380103
cnv_depth__IBNLCO_03507__IBNLCO_03507__gene,0.0003298178253668165,0.0003298178253668165
cnv_depth__IBNLCO_01532__gnl|Bakta|IBNLCO_01532__CDS,-0.0003292755747937328,0.0003292755747937328
cnv_depth__IBNLCO_00232__IBNLCO_00232__gene,-0.00032837294635887007,0.00032837294635887007
cnv_depth__IBNLCO_02840__IBNLCO_02840__gene__promoter,0.00032607294486154627,0.00032607294486154627
cnv_depth__IBNLCO_03417__IBNLCO_03417__gene__promoter,-0.0003257801857250554,0.0003257801857250554
cnv_depth__IBNLCO_01690__IBNLCO_01690__gene,0.000325575989946025,0.000325575989946025
cnv_depth__IBNLCO_01688__IBNLCO_01688__gene__promoter,0.0003250763256535867,0.0003250763256535867
cnv_depth__IBNLCO_01970__2-hydoxy-3-oxopropionate__CDS,0.0003244972577297734,0.0003244972577297734
cnv_depth__IBNLCO_04585__IBNLCO_04585__gene,-0.00032319623548393643,0.00032319623548393643
cnv_depth__IBNLCO_04167__Transcriptional__CDS__promoter,-0.000323189277590349,0.000323189277590349
cnv_depth__IBNLCO_03373__IBNLCO_03373__gene__promoter,0.0003230300235847278,0.0003230300235847278
cnv_depth__IBNLCO_01971__IBNLCO_01971__gene__promoter,-0.00032292427408221297,0.00032292427408221297
cnv_depth__IBNLCO_02790__wcbC__gene,0.00032260397837036706,0.00032260397837036706
cnv_depth__IBNLCO_05506__gnl|Bakta|IBNLCO_05506__CDS,0.00032171717271988853,0.00032171717271988853
cnv_depth__IBNLCO_05827__Cyclohexanone__CDS,0.0003213077344389963,0.0003213077344389963
cnv_depth__IBNLCO_00043__Type__CDS,0.000321196520396463,0.000321196520396463
cnv_depth__IBNLCO_03089__gnl|Bakta|IBNLCO_03089__CDS,-0.0003210553075547701,0.0003210553075547701
cnv_depth__IBNLCO_02428__Large__CDS,-0.00032083689040339263,0.00032083689040339263
cnv_depth__IBNLCO_02174__PXPV__CDS__promoter,0.000320758623928256,0.000320758623928256
cnv_depth__IBNLCO_02781__wcbJ__gene,0.0003194283050118014,0.0003194283050118014
cnv_depth__IBNLCO_02685__Outer__CDS,0.0003188846327439448,0.0003188846327439448
cnv_depth__IBNLCO_02562__hemW__gene__promoter,0.00031823719266328883,0.00031823719266328883
cnv_depth__IBNLCO_03749__bepF__gene,0.00031794016124453943,0.00031794016124453943
cnv_depth__IBNLCO_00949__IBNLCO_00949__gene__promoter,-0.00031638962396302413,0.00031638962396302413
cnv_depth__IBNLCO_04190__3-oxoacyl-[acyl-carrier-protein]__CDS__promoter,0.0003158440523608845,0.0003158440523608845
cnv_depth__IBNLCO_03382__IBNLCO_03382__gene,0.00031453486731545025,0.00031453486731545025
cnv_depth__IBNLCO_03039__Phenylacetic__CDS__promoter,-0.00031435432638691086,0.00031435432638691086
cnv_depth__IBNLCO_03864__Integrase__CDS,0.0003139523775084363,0.0003139523775084363
cnv_depth__IBNLCO_04702__IBNLCO_04702__gene,0.0003135626832422677,0.0003135626832422677
cnv_depth__IBNLCO_03722__IBNLCO_03722__gene,0.0003127215348505424,0.0003127215348505424
cnv_depth__IBNLCO_02113__fabZ__gene__promoter,0.00031121370358253367,0.00031121370358253367
cnv_depth__IBNLCO_03509__IBNLCO_03509__gene,-0.00030949266016398015,0.00030949266016398015
cnv_depth__IBNLCO_02040__IBNLCO_02040__gene,-0.0003079817033146148,0.0003079817033146148
cnv_depth__IBNLCO_03006__Arginine__CDS,-0.000307871502738877,0.000307871502738877
cnv_depth__IBNLCO_03715__IBNLCO_03715__gene__promoter,0.0003078038662745501,0.0003078038662745501
cnv_depth__IBNLCO_00206__IBNLCO_00206__gene,0.0003074582682744909,0.0003074582682744909
cnv_depth__IBNLCO_03101__clpB__gene__promoter,0.0003074040555542161,0.0003074040555542161
cnv_depth__IBNLCO_00107__Thioesterase__CDS,0.0003051017424375359,0.0003051017424375359
cnv_depth__IBNLCO_00881__Amino__CDS,-0.00030399224199164113,0.00030399224199164113
cnv_depth__IBNLCO_04574__IBNLCO_04574__gene,-0.00030324349091209453,0.00030324349091209453
cnv_depth__IBNLCO_03129__IBNLCO_03129__gene__promoter,-0.0003031198543860098,0.0003031198543860098
cnv_depth__IBNLCO_02750__trnK__gene,-0.00030164980881570405,0.00030164980881570405
cnv_depth__IBNLCO_00738__3-phosphoshikimate__CDS__promoter,-0.0003012981176937709,0.0003012981176937709
cnv_depth__IBNLCO_01261__diguanylate__CDS,0.0003008837776986108,0.0003008837776986108
cnv_depth__IBNLCO_03195__Translation__CDS,0.00030078000768420023,0.00030078000768420023
cnv_depth__IBNLCO_05534__IBNLCO_05534__gene,-0.00030018218049171843,0.00030018218049171843
cnv_depth__IBNLCO_05088__Phosphate__CDS,-0.0003001001655211374,0.0003001001655211374
cnv_depth__IBNLCO_03860__IBNLCO_03860__gene__promoter,0.00029963308939177875,0.00029963308939177875
cnv_depth__IBNLCO_03312__flagellar__CDS,0.00029957834440751536,0.00029957834440751536
cnv_depth__IBNLCO_00052__IBNLCO_00052__gene__promoter,-0.0002986055240713833,0.0002986055240713833
cnv_depth__IBNLCO_02291__IBNLCO_02291__gene,-0.00029751140948857877,0.00029751140948857877
cnv_depth__IBNLCO_05117__non-ribosomal__CDS,-0.0002972335658825893,0.0002972335658825893
cnv_depth__IBNLCO_03191__Small__CDS__promoter,-0.0002971229714854974,0.0002971229714854974
cnv_depth__IBNLCO_03436__IBNLCO_03436__gene,0.00029696425455306774,0.00029696425455306774
cnv_depth__IBNLCO_00880__clpA__gene__promoter,0.0002969128153861373,0.0002969128153861373
cnv_depth__IBNLCO_04635__IBNLCO_04635__gene,-0.0002968101571892798,0.0002968101571892798
cnv_depth__IBNLCO_05227__ydcV__gene,-0.00029667754920598437,0.00029667754920598437
cnv_depth__IBNLCO_01252__IBNLCO_01252__gene__promoter,-0.00029667009471175023,0.00029667009471175023
cnv_depth__IBNLCO_04530__Ribose__CDS,-0.00029570062323167756,0.00029570062323167756
cnv_depth__IBNLCO_01586__ssuB__gene,0.000295684997298723,0.000295684997298723
cnv_depth__IBNLCO_02881__Bifunctional__CDS,-0.00029538469280889775,0.00029538469280889775
cnv_depth__IBNLCO_00734__Lipocalin-like__CDS__promoter,0.0002952075509236171,0.0002952075509236171
cnv_depth__IBNLCO_00603__IBNLCO_00603__gene,0.00029516473188139625,0.00029516473188139625
cnv_depth__IBNLCO_02188__bulE__gene__promoter,0.00029476607055386724,0.00029476607055386724
cnv_depth__IBNLCO_04758__Membrane-bound__CDS__promoter,-0.00029387008477847705,0.00029387008477847705
cnv_depth__IBNLCO_00977__IBNLCO_00977__gene,0.00029325479455349684,0.00029325479455349684
cnv_depth__IBNLCO_04708__Nitrate__CDS,-0.0002927928530201726,0.0002927928530201726
cnv_depth__IBNLCO_04146__Dibenzothiophene__CDS__promoter,0.0002922604999983902,0.0002922604999983902
cnv_depth__IBNLCO_00275__flgJ__gene,-0.0002921022034719435,0.0002921022034719435
cnv_depth__IBNLCO_04490__hypothetical__CDS__promoter,-0.00029205689403650467,0.00029205689403650467
cnv_depth__IBNLCO_04956__IBNLCO_04956__gene__promoter,0.0002919375676171765,0.0002919375676171765
cnv_depth__IBNLCO_03381__Solute-binding__CDS,0.00029157633982637926,0.00029157633982637926
cnv_depth__IBNLCO_01988__NRDE__CDS,0.00029152577431430614,0.00029152577431430614
cnv_depth__IBNLCO_00944__IBNLCO_00944__gene,0.00029146241003532816,0.00029146241003532816
cnv_depth__IBNLCO_05793__IBNLCO_05793__gene,0.00029061978861860563,0.00029061978861860563
cnv_depth__IBNLCO_05384__IBNLCO_05384__gene,0.0002906031144661612,0.0002906031144661612
cnv_depth__IBNLCO_00919__IBNLCO_00919__gene,0.0002870818595328217,0.0002870818595328217
cnv_depth__IBNLCO_03342__IBNLCO_03342__gene,-0.0002864350828928006,0.0002864350828928006
cnv_depth__IBNLCO_03119__IBNLCO_03119__gene,-0.000285553345947157,0.000285553345947157
cnv_depth__IBNLCO_03077__IBNLCO_03077__gene,0.000285422736883914,0.000285422736883914
cnv_depth__IBNLCO_01738__gnl|Bakta|IBNLCO_01738__CDS,-0.00028402572523482736,0.00028402572523482736
cnv_depth__IBNLCO_02785__wcbF__gene,0.00028330990423021564,0.00028330990423021564
cnv_depth__IBNLCO_05784__Sulfate__CDS,0.00028308613471289746,0.00028308613471289746
cnv_depth__IBNLCO_01381__IBNLCO_01381__gene,0.0002829690520521751,0.0002829690520521751
cnv_depth__IBNLCO_05268__IBNLCO_05268__gene,-0.00028293848327713136,0.00028293848327713136
cnv_depth__IBNLCO_00637__HTH__CDS__promoter,-0.00028244499012213556,0.00028244499012213556
cnv_depth__IBNLCO_03863__Glycerophosphoryl__CDS,0.0002805096412530219,0.0002805096412530219
cnv_depth__IBNLCO_04949__gnl|Bakta|IBNLCO_04949__CDS,-0.00028038251370956585,0.00028038251370956585
cnv_depth__IBNLCO_04988__IBNLCO_04988__gene,0.0002803747153625238,0.0002803747153625238
cnv_depth__IBNLCO_04591__hypothetical__CDS,0.00028032715181170196,0.00028032715181170196
cnv_depth__IBNLCO_04640__IBNLCO_04640__gene,0.00028002427936543446,0.00028002427936543446
cnv_depth__IBNLCO_04992__Type__CDS,0.0002797145847451466,0.0002797145847451466
cnv_depth__IBNLCO_02132__eamA__gene,-0.00027930729206230274,0.00027930729206230274
cnv_depth__IBNLCO_05483__dmeF__gene,-0.00027759762169500985,0.00027759762169500985
cnv_depth__IBNLCO_04346__IBNLCO_04346__gene__promoter,-0.00027658205116795777,0.00027658205116795777
cnv_depth__IBNLCO_04336__DNA__CDS__promoter,0.0002757390868246983,0.0002757390868246983
cnv_depth__IBNLCO_01973__IBNLCO_01973__gene__promoter,0.0002751050042482326,0.0002751050042482326
cnv_depth__IBNLCO_04513__HPP__CDS,0.000274385415803349,0.000274385415803349
cnv_depth__IBNLCO_04572__eamA__gene,0.0002734287533103499,0.0002734287533103499
cnv_depth__IBNLCO_03040__IBNLCO_03040__gene__promoter,0.0002733816773403688,0.0002733816773403688
cnv_depth__IBNLCO_04051__Glycosyl__CDS,0.0002729918319654535,0.0002729918319654535
cnv_depth__IBNLCO_05303__IBNLCO_05303__gene,-0.000272711660121751,0.000272711660121751
cnv_depth__IBNLCO_05541__IBNLCO_05541__gene__promoter,-0.0002710562879814104,0.0002710562879814104
cnv_depth__IBNLCO_03483__IBNLCO_03483__gene__promoter,-0.00027064498376038035,0.00027064498376038035
cnv_depth__IBNLCO_02843__4-hydroxybenzoate__CDS,-0.0002706358028957856,0.0002706358028957856
cnv_depth__IBNLCO_03218__Elongation__CDS__promoter,0.00027056148650901255,0.00027056148650901255
cnv_depth__IBNLCO_03598__IBNLCO_03598__gene__promoter,0.0002695727670001922,0.0002695727670001922
cnv_depth__IBNLCO_05604__3-oxoacyl-[acyl-carrier-protein]__CDS__promoter,-0.00026731669801345593,0.00026731669801345593
cnv_depth__IBNLCO_03816__IBNLCO_03816__gene,-0.00026552253351870423,0.00026552253351870423
cnv_depth__IBNLCO_03099__OmpA-like__CDS__promoter,-0.0002647366048245954,0.0002647366048245954
cnv_depth__IBNLCO_01667__DUF1993__CDS,0.00026352240593954915,0.00026352240593954915
cnv_depth__IBNLCO_02828__Pyridoxal__CDS,-0.00026330334575230146,0.00026330334575230146
cnv_depth__IBNLCO_00375__Isocitrate__CDS__promoter,-0.0002632666598220318,0.0002632666598220318
cnv_depth__IBNLCO_01725__IBNLCO_01725__gene,0.0002630719821915333,0.0002630719821915333
cnv_depth__IBNLCO_05630__lktB__gene__promoter,0.00026237859152379963,0.00026237859152379963
cnv_depth__IBNLCO_02190__hypothetical__CDS,0.0002617826078430165,0.0002617826078430165
cnv_depth__IBNLCO_00972__IBNLCO_00972__gene,0.0002617423353243505,0.0002617423353243505
cnv_depth__IBNLCO_03443__Succinylglutamate__CDS__promoter,0.00026158782338622224,0.00026158782338622224
cnv_depth__IBNLCO_00257__IBNLCO_00257__gene__promoter,-0.00026128137004981466,0.00026128137004981466
cnv_depth__IBNLCO_03888__IBNLCO_03888__gene,-0.00026081833992987766,0.00026081833992987766
cnv_depth__IBNLCO_03109__Type__CDS__promoter,0.00026081351427990413,0.00026081351427990413
cnv_depth__IBNLCO_00393__IBNLCO_00393__gene__promoter,0.0002605597611026742,0.0002605597611026742
cnv_depth__IBNLCO_03128__IBNLCO_03128__gene,-0.0002603840581879741,0.0002603840581879741
cnv_depth__IBNLCO_00209__IBNLCO_00209__gene,-0.00025973344322868596,0.00025973344322868596
cnv_depth__IBNLCO_04447__IBNLCO_04447__gene__promoter,0.0002582934642978142,0.0002582934642978142
cnv_depth__IBNLCO_01540__IBNLCO_01540__gene__promoter,-0.00025815868582126087,0.00025815868582126087
cnv_depth__IBNLCO_03995__IBNLCO_03995__gene,-0.00025813137704185334,0.00025813137704185334
cnv_depth__IBNLCO_00177__mrdA__gene,-0.0002579897416538052,0.0002579897416538052
cnv_depth__IBNLCO_04104__histidine__CDS,0.00025768801203048615,0.00025768801203048615
cnv_depth__IBNLCO_03426__IBNLCO_03426__gene,0.0002575822387989566,0.0002575822387989566
cnv_depth__IBNLCO_00022__Multidrug__CDS__promoter,-0.0002572178754343674,0.0002572178754343674
cnv_depth__IBNLCO_05497__DUF4148__CDS,-0.0002568338700245136,0.0002568338700245136
cnv_depth__IBNLCO_03609__LysR__CDS,-0.00025637393355239864,0.00025637393355239864
cnv_depth__IBNLCO_04257__lsrC__gene__promoter,0.00025623661149745935,0.00025623661149745935
cnv_depth__IBNLCO_02493__IBNLCO_02493__gene__promoter,0.00025337004254291477,0.00025337004254291477
cnv_depth__unknown__unknown__source.1,0.00025329135018203007,0.00025329135018203007
cnv_depth__IBNLCO_01572__IBNLCO_01572__gene,0.0002519308001051939,0.0002519308001051939
cnv_depth__IBNLCO_02171__Microcin__CDS,0.00025056824395763654,0.00025056824395763654
cnv_depth__IBNLCO_04789__eamA__gene,0.000248228490923939,0.000248228490923939
cnv_depth__IBNLCO_05644__IBNLCO_05644__gene,-0.0002465091640891992,0.0002465091640891992
cnv_depth__IBNLCO_01984__DNA__CDS,0.00024562370552120335,0.00024562370552120335
cnv_depth__IBNLCO_03359__IBNLCO_03359__gene,0.00024451728860423505,0.00024451728860423505
cnv_depth__IBNLCO_04833__IBNLCO_04833__gene,0.00024362905460892847,0.00024362905460892847
cnv_depth__IBNLCO_01744__IBNLCO_01744__gene__promoter,-0.0002435314504430819,0.0002435314504430819
cnv_depth__IBNLCO_03974__Type__CDS,-0.00024349076676286925,0.00024349076676286925
cnv_depth__IBNLCO_01404__IBNLCO_01404__gene__promoter,-0.00024317753076488391,0.00024317753076488391
cnv_depth__IBNLCO_00204__3'%2C5'-cyclic-nucleotide__CDS__promoter,0.00024263340606009534,0.00024263340606009534
cnv_depth__IBNLCO_04198__RND__CDS__promoter,-0.0002422268816168573,0.0002422268816168573
cnv_depth__IBNLCO_00012__Type__CDS__promoter,0.00024158433563516025,0.00024158433563516025
cnv_depth__IBNLCO_03798__IBNLCO_03798__gene,0.00024112804309726137,0.00024112804309726137
cnv_depth__IBNLCO_00881__IBNLCO_00881__gene__promoter,0.00024083165522696163,0.00024083165522696163
cnv_depth__IBNLCO_04352__IBNLCO_04352__gene__promoter,0.00024062690860421918,0.00024062690860421918
cnv_depth__IBNLCO_04308__hypothetical__CDS,0.00024041212587801525,0.00024041212587801525
cnv_depth__IBNLCO_01992__IBNLCO_01992__gene__promoter,-0.00023769488899129192,0.00023769488899129192
cnv_depth__IBNLCO_03670__IBNLCO_03670__gene__promoter,0.0002376255192999473,0.0002376255192999473
cnv_depth__IBNLCO_05843__diguanylate__CDS__promoter,-0.00023714285028820847,0.00023714285028820847
cnv_depth__IBNLCO_05852__Chromosome__CDS__promoter,-0.0002363823062037621,0.0002363823062037621
cnv_depth__IBNLCO_00283__IBNLCO_00283__gene,0.00023637197734597236,0.00023637197734597236
cnv_depth__IBNLCO_05818__TenA__CDS__promoter,0.00023631419520653534,0.00023631419520653534
cnv_depth__IBNLCO_04317__UspA__CDS,0.00023602776049069847,0.00023602776049069847
cnv_depth__IBNLCO_02221__DNA__CDS,0.00023565219430451387,0.00023565219430451387
cnv_depth__IBNLCO_01049__Glyoxalase-like__CDS__promoter,0.00023524483412687227,0.00023524483412687227
cnv_depth__IBNLCO_03229__nusG__gene,0.00023510587826788254,0.00023510587826788254
cnv_depth__IBNLCO_02035__IBNLCO_02035__gene__promoter,0.00023489614893903435,0.00023489614893903435
cnv_depth__IBNLCO_00202__PUA__CDS,0.00023395459906128956,0.00023395459906128956
cnv_depth__IBNLCO_02321__IBNLCO_02321__gene__promoter,-0.00023362830550561177,0.00023362830550561177
cnv_depth__IBNLCO_04958__gnl|Bakta|IBNLCO_04958__CDS,0.00023299040709925985,0.00023299040709925985
cnv_depth__IBNLCO_00074__DNA__CDS__promoter,0.00023293694283642836,0.00023293694283642836
cnv_depth__IBNLCO_02909__IBNLCO_02909__gene__promoter,0.00022960202981451522,0.00022960202981451522
cnv_depth__IBNLCO_04218__Multiple__CDS,-0.0002294768880354348,0.0002294768880354348
cnv_depth__IBNLCO_05047__Fe2OG__CDS,-0.0002292025556042776,0.0002292025556042776
cnv_depth__IBNLCO_04783__estB__gene,-0.00022814600373413998,0.00022814600373413998
cnv_depth__IBNLCO_02739__IBNLCO_02739__gene__promoter,0.00022587415449890316,0.00022587415449890316
cnv_depth__IBNLCO_02774__capsular__CDS,-0.00022573869143220312,0.00022573869143220312
cnv_depth__IBNLCO_03368__IBNLCO_03368__gene,-0.00022510882870751457,0.00022510882870751457
cnv_depth__IBNLCO_00498__IBNLCO_00498__gene__promoter,-0.00022475828454394996,0.00022475828454394996
cnv_depth__IBNLCO_02248__recJ__gene,0.00022414326927641223,0.00022414326927641223
cnv_depth__IBNLCO_05689__ATP-binding__CDS,0.00022329030238536033,0.00022329030238536033
cnv_depth__IBNLCO_00337__IBNLCO_00337__gene,-0.00022272331803074155,0.00022272331803074155
cnv_depth__IBNLCO_01015__Phosphatidylethanolamine-binding__CDS__promoter,0.00022247317634942963,0.00022247317634942963
cnv_depth__IBNLCO_01191__IBNLCO_01191__gene,-0.00022189112465321223,0.00022189112465321223
cnv_depth__IBNLCO_00065__gnl|Bakta|IBNLCO_00065__CDS__promoter,0.00022137484755754917,0.00022137484755754917
cnv_depth__IBNLCO_00737__hypothetical__CDS,-0.00022097147494583525,0.00022097147494583525
cnv_depth__IBNLCO_00614__IBNLCO_00614__gene,-0.00022042333815534517,0.00022042333815534517
cnv_depth__IBNLCO_05638__lysR__gene,0.00021888689812843903,0.00021888689812843903
cnv_depth__IBNLCO_04520__hypothetical__CDS__promoter,0.00021853132690184525,0.00021853132690184525
cnv_depth__IBNLCO_04817__srpI__gene,0.00021814654306702178,0.00021814654306702178
cnv_depth__IBNLCO_03587__IBNLCO_03587__gene__promoter,-0.00021684541396556524,0.00021684541396556524
cnv_depth__IBNLCO_00505__IBNLCO_00505__gene__promoter,-0.00021552808777352812,0.00021552808777352812
cnv_depth__IBNLCO_01662__TauD/TfdA-like__CDS__promoter,-0.0002149523536710592,0.0002149523536710592
cnv_depth__IBNLCO_01246__hypothetical__CDS__promoter,0.0002148488484034561,0.0002148488484034561
cnv_depth__IBNLCO_02029__IBNLCO_02029__gene__promoter,-0.00021368208505981683,0.00021368208505981683
cnv_depth__IBNLCO_02792__IBNLCO_02792__gene__promoter,0.00021254636058059336,0.00021254636058059336
cnv_depth__IBNLCO_02185__IBNLCO_02185__gene__promoter,0.0002120966525645407,0.0002120966525645407
cnv_depth__IBNLCO_05756__IBNLCO_05756__gene,-0.00021175224736605077,0.00021175224736605077
cnv_depth__IBNLCO_03205__IBNLCO_03205__gene,-0.0002111739669851159,0.0002111739669851159
cnv_depth__IBNLCO_00462__IBNLCO_00462__gene,0.00021115926836907145,0.00021115926836907145
cnv_depth__IBNLCO_00309__IBNLCO_00309__gene,0.00021081573292326867,0.00021081573292326867
cnv_depth__IBNLCO_00202__IBNLCO_00202__gene__promoter,0.00021063620505855062,0.00021063620505855062
cnv_depth__IBNLCO_05083__type__CDS__promoter,0.0002105066898181709,0.0002105066898181709
cnv_depth__IBNLCO_01879__gnl|Bakta|IBNLCO_01879__CDS__promoter,-0.00021004136555002428,0.00021004136555002428
cnv_depth__IBNLCO_03800__3-dehydroquinate__CDS__promoter,-0.00020912589021200215,0.00020912589021200215
cnv_depth__IBNLCO_02395__Cytochrome__CDS,-0.00020765572784012864,0.00020765572784012864
cnv_depth__IBNLCO_02464__hypothetical__CDS__promoter,0.0002070459793791336,0.0002070459793791336
cnv_depth__IBNLCO_00958__Light-independent__CDS,-0.0002069192218774235,0.0002069192218774235
cnv_depth__IBNLCO_00676__IBNLCO_00676__gene__promoter,0.00020690152452147045,0.00020690152452147045
cnv_depth__IBNLCO_01288__Putative__CDS,0.00020630654732748586,0.00020630654732748586
cnv_depth__IBNLCO_03453__Sperm-specific__CDS__promoter,-0.00020591358531385577,0.00020591358531385577
cnv_depth__IBNLCO_01473__CBS__CDS__promoter,-0.0002051141541997779,0.0002051141541997779
cnv_depth__IBNLCO_02528__Disulfide__CDS,0.0002045189704048083,0.0002045189704048083
cnv_depth__IBNLCO_02685__IBNLCO_02685__gene__promoter,-0.0002041013486701124,0.0002041013486701124
cnv_depth__IBNLCO_03411__IBNLCO_03411__gene__promoter,0.00020327710653330006,0.00020327710653330006
cnv_depth__IBNLCO_03837__IBNLCO_03837__gene__promoter,0.00020195941478003802,0.00020195941478003802
cnv_depth__IBNLCO_03588__dbpA__gene,-0.00020187210854057485,0.00020187210854057485
cnv_depth__IBNLCO_04206__IBNLCO_04206__gene,-0.00020170097701527649,0.00020170097701527649
cnv_depth__IBNLCO_03965__2-aminoethylphosphonate--pyruvate__CDS__promoter,-0.00020058423784431864,0.00020058423784431864
cnv_depth__unknown__unknown__regulatory.6,0.00019918038160552298,0.00019918038160552298
cnv_depth__IBNLCO_02107__Peptidase__CDS,-0.00019917365771718592,0.00019917365771718592
cnv_depth__IBNLCO_04403__IBNLCO_04403__gene,-0.00019906971901373778,0.00019906971901373778
cnv_depth__IBNLCO_01523__tRNA__CDS,0.00019837314347488609,0.00019837314347488609
cnv_depth__IBNLCO_00413__DUF2917__CDS__promoter,-0.00019781021815395923,0.00019781021815395923
cnv_depth__IBNLCO_02859__IBNLCO_02859__gene,-0.0001969945339913599,0.0001969945339913599
cnv_depth__IBNLCO_04252__IBNLCO_04252__gene,0.00019696891685995932,0.00019696891685995932
cnv_depth__IBNLCO_02148__[Ribosomal__CDS,0.0001967835355751926,0.0001967835355751926
cnv_depth__IBNLCO_04694__IBNLCO_04694__gene,-0.00019516801266207707,0.00019516801266207707
cnv_depth__IBNLCO_03165__ugpE__gene,-0.00019503025088009256,0.00019503025088009256
cnv_depth__IBNLCO_01127__IBNLCO_01127__gene__promoter,-0.00019178546229064785,0.00019178546229064785
cnv_depth__IBNLCO_01668__ABC__CDS,-0.00019043922471831322,0.00019043922471831322
cnv_depth__IBNLCO_02923__Gamma-glutamyl__CDS,-0.00019020329824765661,0.00019020329824765661
cnv_depth__IBNLCO_02810__hypothetical__CDS,0.0001889995330387223,0.0001889995330387223
cnv_depth__IBNLCO_01658__Short__CDS,0.00018863758766609034,0.00018863758766609034
cnv_depth__IBNLCO_05665__IBNLCO_05665__gene__promoter,0.00018784012311865892,0.00018784012311865892
cnv_depth__IBNLCO_02329__Adenylyl-sulfate__CDS__promoter,0.00018519283313647313,0.00018519283313647313
cnv_depth__IBNLCO_01891__IBNLCO_01891__gene__promoter,-0.00018366838113655708,0.00018366838113655708
cnv_depth__IBNLCO_02982__ampD__gene,0.00018314300622728982,0.00018314300622728982
cnv_depth__IBNLCO_05606__IBNLCO_05606__gene__promoter,0.00018305948748944685,0.00018305948748944685
cnv_depth__IBNLCO_00234__bcaP__gene__promoter,-0.00018153769799425626,0.00018153769799425626
cnv_depth__IBNLCO_00896__IBNLCO_00896__gene,-0.00018147137875281166,0.00018147137875281166
cnv_depth__IBNLCO_03380__FAD__CDS__promoter,0.00017998435268974034,0.00017998435268974034
cnv_depth__IBNLCO_00591__novR__gene,0.0001790536571742123,0.0001790536571742123
cnv_depth__IBNLCO_04163__IBNLCO_04163__gene,-0.00017889527933702913,0.00017889527933702913
cnv_depth__IBNLCO_05165__IBNLCO_05165__gene__promoter,-0.00017851972832734502,0.00017851972832734502
cnv_depth__IBNLCO_00792__bpeB__gene,-0.00017777209583614317,0.00017777209583614317
cnv_depth__IBNLCO_04457__IBNLCO_04457__gene,-0.00017721257540374694,0.00017721257540374694
cnv_depth__IBNLCO_02789__wcbD__gene,-0.00017672523011135169,0.00017672523011135169
cnv_depth__IBNLCO_03406__Sporulation__CDS__promoter,-0.00017639287289843088,0.00017639287289843088
cnv_depth__IBNLCO_03041__peptidoglycan__CDS__promoter,-0.0001759556057956129,0.0001759556057956129
cnv_depth__IBNLCO_03419__Lipopolysaccharide__CDS,0.00017510180241383423,0.00017510180241383423
cnv_depth__IBNLCO_05717__mipA__gene,0.0001736460288195872,0.0001736460288195872
cnv_depth__IBNLCO_00983__Phosphoenolpyruvate__CDS,0.00017343740346685972,0.00017343740346685972
cnv_depth__IBNLCO_03621__Type__CDS,-0.00017282197058364273,0.00017282197058364273
cnv_depth__IBNLCO_00069__IBNLCO_00069__gene,-0.00017077273823331234,0.00017077273823331234
cnv_depth__IBNLCO_02911__Glutamate/aspartate__CDS__promoter,-0.000170233966138874,0.000170233966138874
cnv_depth__IBNLCO_00730__IBNLCO_00730__gene__promoter,0.00016986259692171248,0.00016986259692171248
cnv_depth__IBNLCO_04937__ydjE__gene__promoter,-0.00016942354206052858,0.00016942354206052858
cnv_depth__IBNLCO_03589__IBNLCO_03589__gene,0.0001693113695724522,0.0001693113695724522
cnv_depth__IBNLCO_04649__IBNLCO_04649__gene,-0.00016883733553648106,0.00016883733553648106
cnv_depth__IBNLCO_04310__hypothetical__CDS,-0.0001688373103231156,0.0001688373103231156
cnv_depth__IBNLCO_03476__IBNLCO_03476__gene__promoter,-0.00016862549434898893,0.00016862549434898893
cnv_depth__IBNLCO_05507__prnA__gene__promoter,0.00016778909216259621,0.00016778909216259621
cnv_depth__IBNLCO_04843__IBNLCO_04843__gene__promoter,-0.00016767903289687647,0.00016767903289687647
cnv_depth__IBNLCO_01447__Myo-inositol__CDS__promoter,-0.00016713827316964473,0.00016713827316964473
cnv_depth__IBNLCO_03760__IBNLCO_03760__gene,0.00016684988876364192,0.00016684988876364192
cnv_depth__IBNLCO_05514__IBNLCO_05514__gene,-0.00016559109221242921,0.00016559109221242921
cnv_depth__IBNLCO_03323__fliD__gene,0.0001655857546484657,0.0001655857546484657
cnv_depth__IBNLCO_00989__Aldehyde__CDS,-0.00016410537083539573,0.00016410537083539573
cnv_depth__IBNLCO_01143__IBNLCO_01143__gene,-0.00016193351459639066,0.00016193351459639066
cnv_depth__IBNLCO_00108__PNPLA__CDS,-0.00016044349846716278,0.00016044349846716278
cnv_depth__IBNLCO_00220__Alcohol__CDS,-0.0001603716979301615,0.0001603716979301615
cnv_depth__IBNLCO_00745__recA__gene,-0.00015943750906328985,0.00015943750906328985
cnv_depth__IBNLCO_03028__IBNLCO_03028__gene,-0.00015938237285477737,0.00015938237285477737
cnv_depth__IBNLCO_03926__Spermidine/putrescine__CDS,0.00015922467700086297,0.00015922467700086297
cnv_depth__IBNLCO_00566__IBNLCO_00566__gene,0.0001579875352235596,0.0001579875352235596
cnv_depth__IBNLCO_04771__argP__gene,0.0001579747304968838,0.0001579747304968838
cnv_depth__IBNLCO_01286__Malonate__CDS,-0.0001576261964311845,0.0001576261964311845
cnv_depth__IBNLCO_02445__LUD__CDS,-0.0001562943478813321,0.0001562943478813321
cnv_depth__IBNLCO_04937__Inner__CDS,0.00015612316030325202,0.00015612316030325202
cnv_depth__IBNLCO_05654__Chloramphenicol-sensitive__CDS,0.00015600568295056749,0.00015600568295056749
cnv_depth__IBNLCO_01918__Bile__CDS,-0.00015576025488121933,0.00015576025488121933
cnv_depth__IBNLCO_05651__IBNLCO_05651__gene,0.00015425600502225176,0.00015425600502225176
cnv_depth__IBNLCO_05707__DUF421__CDS__promoter,-0.00015414888865063908,0.00015414888865063908
cnv_depth__IBNLCO_02509__DUF2059__CDS,0.00015398542685865268,0.00015398542685865268
cnv_depth__IBNLCO_04335__phosphodiesterase__CDS,0.00015295043502822617,0.00015295043502822617
cnv_depth__IBNLCO_02705__hmuV__gene,-0.00015289885169963673,0.00015289885169963673
cnv_depth__IBNLCO_00812__IBNLCO_00812__gene,0.00015260580669250492,0.00015260580669250492
cnv_depth__IBNLCO_00220__Alcohol__CDS__promoter,-0.00015173554461508644,0.00015173554461508644
cnv_depth__IBNLCO_02028__IBNLCO_02028__gene,-0.0001513217599838698,0.0001513217599838698
cnv_depth__IBNLCO_03078__IBNLCO_03078__gene__promoter,0.00015118646831456346,0.00015118646831456346
cnv_depth__IBNLCO_04783__estB__gene__promoter,-0.000150344370495136,0.000150344370495136
cnv_depth__IBNLCO_00381__Sulfoacetaldehyde__CDS__promoter,0.00014961479255067662,0.00014961479255067662
cnv_depth__IBNLCO_02529__Xanthine__CDS,-0.00014816779529176397,0.00014816779529176397
cnv_depth__IBNLCO_03363__L-serine__CDS__promoter,-0.00014815712616646304,0.00014815712616646304
cnv_depth__IBNLCO_02005__IBNLCO_02005__gene__promoter,0.00014598518950608718,0.00014598518950608718
cnv_depth__IBNLCO_00066__IBNLCO_00066__gene__promoter,-0.00014551804865253182,0.00014551804865253182
cnv_depth__IBNLCO_02407__IBNLCO_02407__gene__promoter,-0.00014359517763130923,0.00014359517763130923
cnv_depth__IBNLCO_00264__flgN__gene,-0.00014295353114363588,0.00014295353114363588
cnv_depth__IBNLCO_03132__IBNLCO_03132__gene__promoter,0.00014267496718361078,0.00014267496718361078
cnv_depth__IBNLCO_03975__tssC1__gene,-0.00014005293204942965,0.00014005293204942965
cnv_depth__IBNLCO_02180__hypothetical__CDS__promoter,0.00013974204257888385,0.00013974204257888385
cnv_depth__IBNLCO_05509__prnC__gene__promoter,-0.000139655459752792,0.000139655459752792
cnv_depth__IBNLCO_05608__gnl|Bakta|IBNLCO_05608__CDS__promoter,0.0001393355585408815,0.0001393355585408815
cnv_depth__IBNLCO_04428__DNA__CDS,-0.00013883943850641502,0.00013883943850641502
cnv_depth__IBNLCO_05837__IBNLCO_05837__gene,-0.00013816909136071115,0.00013816909136071115
cnv_depth__IBNLCO_00182__Glutamyl-tRNA(Gln)__CDS,-0.00013779043311657436,0.00013779043311657436
cnv_depth__IBNLCO_03149__Intermembrane__CDS__promoter,-0.00013762889213284917,0.00013762889213284917
cnv_depth__IBNLCO_04454__IBNLCO_04454__gene,-0.00013639759582024613,0.00013639759582024613
cnv_depth__IBNLCO_05181__IBNLCO_05181__gene,0.00013478681076655756,0.00013478681076655756
cnv_depth__IBNLCO_02652__IBNLCO_02652__gene,-0.00013453411818879188,0.00013453411818879188
cnv_depth__IBNLCO_05518__YaiO__CDS,0.0001332421603764794,0.0001332421603764794
cnv_depth__IBNLCO_00247__ABC__CDS__promoter,-0.0001330283987560893,0.0001330283987560893
cnv_depth__IBNLCO_04583__Anaphase-promoting__CDS,-0.00013246596577043258,0.00013246596577043258
cnv_depth__IBNLCO_04772__IBNLCO_04772__gene,0.0001312434594588443,0.0001312434594588443
cnv_depth__IBNLCO_01660__IBNLCO_01660__gene,0.00013121619109342887,0.00013121619109342887
cnv_depth__IBNLCO_04057__IBNLCO_04057__gene,-0.0001295850772930495,0.0001295850772930495
cnv_depth__unknown__unknown__regulatory.17,-0.00012957698834085743,0.00012957698834085743
cnv_depth__IBNLCO_03007__secA__gene,-0.00012914949557774156,0.00012914949557774156
cnv_depth__IBNLCO_00289__IBNLCO_00289__gene,-0.00012889322514247307,0.00012889322514247307
cnv_depth__IBNLCO_00337__IBNLCO_00337__gene__promoter,-0.00012756431572727125,0.00012756431572727125
cnv_depth__IBNLCO_04474__Twin-arginine__CDS,-0.00012730275367983727,0.00012730275367983727
cnv_depth__IBNLCO_05377__IBNLCO_05377__gene,0.00012582447267856517,0.00012582447267856517
cnv_depth__IBNLCO_03164__sn-glycerol-3-phosphate__CDS,0.0001254859052845949,0.0001254859052845949
cnv_depth__IBNLCO_04804__IBNLCO_04804__gene,-0.00012532334173133433,0.00012532334173133433
cnv_depth__IBNLCO_03046__Anthranilate__CDS,0.00012504535991436034,0.00012504535991436034
cnv_depth__IBNLCO_05275__HTH-type__CDS__promoter,-0.00012376685832265916,0.00012376685832265916
cnv_depth__IBNLCO_00040__Transcriptional__CDS__promoter,-0.0001226750660374384,0.0001226750660374384
cnv_depth__IBNLCO_00492__IBNLCO_00492__gene__promoter,-0.00012249482696046802,0.00012249482696046802
cnv_depth__IBNLCO_03596__IBNLCO_03596__gene,0.00012183432017936032,0.00012183432017936032
cnv_depth__IBNLCO_02056__Penicillin-binding__CDS,-0.0001217820436140336,0.0001217820436140336
cnv_depth__IBNLCO_03360__IBNLCO_03360__gene__promoter,-0.00012131526931409263,0.00012131526931409263
cnv_depth__IBNLCO_04733__IBNLCO_04733__gene,-0.00012068078115723637,0.00012068078115723637
cnv_depth__IBNLCO_05638__LysR__CDS__promoter,-0.00012052975460532786,0.00012052975460532786
cnv_depth__IBNLCO_03429__IBNLCO_03429__gene,-0.00011899296252594572,0.00011899296252594572
cnv_depth__IBNLCO_03400__IBNLCO_03400__gene__promoter,-0.00011791128860154735,0.00011791128860154735
cnv_depth__IBNLCO_00526__4-diphosphocytidyl-2-C-methyl-D-erythritol__CDS,-0.00011768322385377016,0.00011768322385377016
cnv_depth__IBNLCO_05471__IBNLCO_05471__gene__promoter,-0.00011752389666370563,0.00011752389666370563
cnv_depth__IBNLCO_00706__IBNLCO_00706__gene__promoter,-0.00011579125080645924,0.00011579125080645924
cnv_depth__IBNLCO_02226__Outer__CDS__promoter,0.00011551183227559771,0.00011551183227559771
cnv_depth__IBNLCO_03063__hypothetical__CDS,-0.00011518830567770341,0.00011518830567770341
cnv_depth__IBNLCO_04308__IBNLCO_04308__gene__promoter,-0.00011383293411893573,0.00011383293411893573
cnv_depth__IBNLCO_04957__D-mannonate__CDS,-0.00011376628751065707,0.00011376628751065707
cnv_depth__IBNLCO_04126__IBNLCO_04126__gene__promoter,0.00011353524116160406,0.00011353524116160406
cnv_depth__IBNLCO_03027__IBNLCO_03027__gene,-0.00011258240361932558,0.00011258240361932558
cnv_depth__IBNLCO_01041__IBNLCO_01041__gene,0.00011229958513886212,0.00011229958513886212
cnv_depth__IBNLCO_02017__IBNLCO_02017__gene__promoter,-0.00011102398909395661,0.00011102398909395661
cnv_depth__IBNLCO_03342__Methyl-accepting__CDS__promoter,-0.00011078385012377824,0.00011078385012377824
cnv_depth__IBNLCO_02135__Protein__CDS,-0.00011005151148611104,0.00011005151148611104
cnv_depth__IBNLCO_02903__hypothetical__CDS__promoter,-0.00011001496758168537,0.00011001496758168537
cnv_depth__IBNLCO_03269__IBNLCO_03269__gene__promoter,0.00010813123193461793,0.00010813123193461793
cnv_depth__IBNLCO_05216__Aconitate__CDS,-0.00010791072554877437,0.00010791072554877437
cnv_depth__IBNLCO_05836__IBNLCO_05836__gene__promoter,0.00010776365554466119,0.00010776365554466119
cnv_depth__IBNLCO_02176__IBNLCO_02176__gene__promoter,-0.00010726887952835697,0.00010726887952835697
cnv_depth__IBNLCO_04689__IBNLCO_04689__gene,0.00010669996583262391,0.00010669996583262391
cnv_depth__IBNLCO_04121__IBNLCO_04121__gene__promoter,0.00010515813778966423,0.00010515813778966423
cnv_depth__IBNLCO_02697__IBNLCO_02697__gene__promoter,-0.00010479492659227985,0.00010479492659227985
cnv_depth__IBNLCO_00409__serine-type__CDS__promoter,0.0001044095122811289,0.0001044095122811289
cnv_depth__IBNLCO_01870__ybiT__gene__promoter,0.00010184261088450927,0.00010184261088450927
cnv_depth__IBNLCO_05474__gnl|Bakta|IBNLCO_05474__CDS,-0.0001011924381674872,0.0001011924381674872
cnv_depth__IBNLCO_02112__IBNLCO_02112__gene,-0.00010104064020960712,0.00010104064020960712
cnv_depth__IBNLCO_01488__LysR__CDS,-0.00010021654170521518,0.00010021654170521518
cnv_depth__IBNLCO_03022__ftsI__gene,0.00010018899176655988,0.00010018899176655988
cnv_depth__IBNLCO_02510__DNA__CDS__promoter,-9.997991294768377e-05,9.997991294768377e-05
cnv_depth__IBNLCO_01707__RNA-binding__CDS,9.990454857413523e-05,9.990454857413523e-05
cnv_depth__IBNLCO_00269__flgD__gene__promoter,-9.989502883123282e-05,9.989502883123282e-05
cnv_depth__IBNLCO_04993__tssL__gene,9.95342468373183e-05,9.95342468373183e-05
cnv_depth__IBNLCO_01744__IBNLCO_01744__gene,9.838416816032895e-05,9.838416816032895e-05
cnv_depth__IBNLCO_03243__1%2C2-phenylacetyl-CoA__CDS__promoter,9.818460901289657e-05,9.818460901289657e-05
cnv_depth__IBNLCO_00948__Nicotinate-nucleotide--dimethylbenzimidazole__CDS,-9.794641599888471e-05,9.794641599888471e-05
cnv_depth__IBNLCO_00947__ABC__CDS__promoter,9.744992848314099e-05,9.744992848314099e-05
cnv_depth__IBNLCO_03899__gnl|Bakta|IBNLCO_03899__CDS,9.736294314512314e-05,9.736294314512314e-05
cnv_depth__IBNLCO_03460__DUF2063__CDS__promoter,-9.522708718869717e-05,9.522708718869717e-05
cnv_depth__IBNLCO_00072__Catalase-related__CDS__promoter,-9.49297240345215e-05,9.49297240345215e-05
cnv_depth__IBNLCO_03246__paaK__gene,-9.413526090029841e-05,9.413526090029841e-05
cnv_depth__IBNLCO_01295__Serine__CDS,-9.379511857329369e-05,9.379511857329369e-05
cnv_depth__IBNLCO_03603__L-tyrosine__CDS,9.35070606931056e-05,9.35070606931056e-05
cnv_depth__IBNLCO_00100__Histone__CDS,9.333034264554982e-05,9.333034264554982e-05
cnv_depth__IBNLCO_03080__Heat__CDS,9.113833128608563e-05,9.113833128608563e-05
cnv_depth__IBNLCO_05068__Transmembrane__CDS,-9.074757739688457e-05,9.074757739688457e-05
cnv_depth__unknown__unknown__rep_origin,-9.042943020457749e-05,9.042943020457749e-05
cnv_depth__IBNLCO_04247__tRNA-Leu(gag)__tRNA,8.978319208486897e-05,8.978319208486897e-05
cnv_depth__IBNLCO_03391__IBNLCO_03391__gene,8.957876724277336e-05,8.957876724277336e-05
cnv_depth__IBNLCO_03217__Small__CDS,8.921588859183342e-05,8.921588859183342e-05
cnv_depth__IBNLCO_03502__IBNLCO_03502__gene__promoter,-8.867487182242567e-05,8.867487182242567e-05
cnv_depth__IBNLCO_04736__Acyl-CoA__CDS__promoter,-8.85317753425248e-05,8.85317753425248e-05
cnv_depth__IBNLCO_01979__mscS__gene__promoter,8.788096245815779e-05,8.788096245815779e-05
cnv_depth__IBNLCO_04235__hypothetical__CDS__promoter,-8.751627205820688e-05,8.751627205820688e-05
cnv_depth__IBNLCO_00879__clpS__gene,8.65789532475649e-05,8.65789532475649e-05
cnv_depth__IBNLCO_00375__Isocitrate__CDS,8.596375790362199e-05,8.596375790362199e-05
cnv_depth__IBNLCO_03160__Glutamate__CDS__promoter,-8.485758954766472e-05,8.485758954766472e-05
cnv_depth__IBNLCO_02862__pqiB__gene,8.402670791322907e-05,8.402670791322907e-05
cnv_depth__IBNLCO_03283__fieF__gene,8.386296657909877e-05,8.386296657909877e-05
cnv_depth__IBNLCO_02787__wzt2__gene__promoter,-8.357624641929456e-05,8.357624641929456e-05
cnv_depth__IBNLCO_03750__ceoB__gene,8.282168838309316e-05,8.282168838309316e-05
cnv_depth__IBNLCO_05081__pilQ__gene,8.232480197735066e-05,8.232480197735066e-05
cnv_depth__IBNLCO_03697__Spermidine/putrescine__CDS__promoter,8.0962591109721e-05,8.0962591109721e-05
cnv_depth__IBNLCO_01358__Malto-oligosyltrehalose__CDS,7.97969177279942e-05,7.97969177279942e-05
cnv_depth__IBNLCO_05115__TauD/TfdA-like__CDS,-7.897336728344009e-05,7.897336728344009e-05
cnv_depth__IBNLCO_00575__IBNLCO_00575__gene__promoter,7.890089019205505e-05,7.890089019205505e-05
cnv_depth__IBNLCO_01906__4-hydroxy-3-methylbut-2-en-1-yl__CDS,-7.888614931546794e-05,7.888614931546794e-05
cnv_depth__IBNLCO_02889__Tyrosine--tRNA__CDS,-7.854786507873695e-05,7.854786507873695e-05
cnv_depth__IBNLCO_01714__Long-chain-fatty-acid--CoA__CDS,7.815384283233684e-05,7.815384283233684e-05
cnv_depth__IBNLCO_01974__IBNLCO_01974__gene__promoter,-7.724875738422424e-05,7.724875738422424e-05
cnv_depth__IBNLCO_03403__IBNLCO_03403__gene__promoter,7.642875316866622e-05,7.642875316866622e-05
cnv_depth__IBNLCO_02623__Undecaprenyl-diphosphatase__CDS__promoter,7.464283638064793e-05,7.464283638064793e-05
cnv_depth__IBNLCO_03501__IBNLCO_03501__gene__promoter,-7.431164379429863e-05,7.431164379429863e-05
cnv_depth__IBNLCO_04299__IBNLCO_04299__gene__promoter,7.389668592709256e-05,7.389668592709256e-05
cnv_depth__IBNLCO_04722__NADP-dependent__CDS,7.383295629817776e-05,7.383295629817776e-05
cnv_depth__IBNLCO_00931__LPS__CDS,-7.311172182542151e-05,7.311172182542151e-05
cnv_depth__IBNLCO_03772__malR__gene,-7.241482308994489e-05,7.241482308994489e-05
cnv_depth__IBNLCO_04216__IBNLCO_04216__gene,-7.214138679861083e-05,7.214138679861083e-05
cnv_depth__IBNLCO_03270__gnl|Bakta|IBNLCO_03270__CDS__promoter,7.2012837738619e-05,7.2012837738619e-05
cnv_depth__IBNLCO_00949__Adenosylcobinamide-GDP__CDS,-6.97346935077383e-05,6.97346935077383e-05
cnv_depth__IBNLCO_03397__ATP__CDS,6.939240795412196e-05,6.939240795412196e-05
cnv_depth__IBNLCO_04709__GTP__CDS,6.86516327477563e-05,6.86516327477563e-05
cnv_depth__IBNLCO_00677__IBNLCO_00677__gene,6.843082061176145e-05,6.843082061176145e-05
cnv_depth__IBNLCO_04793__IBNLCO_04793__gene__promoter,-6.840384794361169e-05,6.840384794361169e-05
cnv_depth__IBNLCO_00255__IBNLCO_00255__gene,6.776961799825803e-05,6.776961799825803e-05
cnv_depth__IBNLCO_03151__Thiamine-phosphate__CDS__promoter,6.679868188009478e-05,6.679868188009478e-05
cnv_depth__IBNLCO_01412__hypothetical__CDS__promoter,-6.533116448600362e-05,6.533116448600362e-05
cnv_depth__IBNLCO_00231__flhB__gene,6.370179091639289e-05,6.370179091639289e-05
cnv_depth__IBNLCO_04545__IBNLCO_04545__gene,-6.345358532020359e-05,6.345358532020359e-05
cnv_depth__IBNLCO_03182__Cytochrome__CDS,6.241394039788672e-05,6.241394039788672e-05
cnv_depth__IBNLCO_01178__IBNLCO_01178__gene__promoter,-6.127140383091259e-05,6.127140383091259e-05
cnv_depth__IBNLCO_01258__LacI__CDS,6.110248235948834e-05,6.110248235948834e-05
cnv_depth__IBNLCO_03693__IBNLCO_03693__gene,5.99169221374044e-05,5.99169221374044e-05
cnv_depth__IBNLCO_02484__IBNLCO_02484__gene__promoter,-5.981239468865349e-05,5.981239468865349e-05
cnv_depth__IBNLCO_01707__RNA-binding__CDS__promoter,-5.883489777219186e-05,5.883489777219186e-05
cnv_depth__IBNLCO_01499__Phenylalanine--tRNA__CDS,-5.7829232046031165e-05,5.7829232046031165e-05
cnv_depth__IBNLCO_04502__IBNLCO_04502__gene__promoter,5.7725189690858426e-05,5.7725189690858426e-05
cnv_depth__IBNLCO_05025__Type__CDS__promoter,-5.714351922254254e-05,5.714351922254254e-05
cnv_depth__IBNLCO_01208__Cytochrome__CDS__promoter,5.643548837876357e-05,5.643548837876357e-05
cnv_depth__IBNLCO_02150__IBNLCO_02150__gene__promoter,5.621138055026964e-05,5.621138055026964e-05
cnv_depth__IBNLCO_05611__IBNLCO_05611__gene,5.4913800110411716e-05,5.4913800110411716e-05
cnv_depth__IBNLCO_00039__IBNLCO_00039__gene,-5.464283612187054e-05,5.464283612187054e-05
cnv_depth__IBNLCO_00416__IBNLCO_00416__gene,-5.39493183909816e-05,5.39493183909816e-05
cnv_depth__IBNLCO_04662__IBNLCO_04662__gene__promoter,-5.387791148757397e-05,5.387791148757397e-05
cnv_depth__IBNLCO_01949__arnA__gene__promoter,5.377640035500191e-05,5.377640035500191e-05
cnv_depth__IBNLCO_01910__Modulator__CDS,-5.311892693237217e-05,5.311892693237217e-05
cnv_depth__IBNLCO_02848__gnl|Bakta|IBNLCO_02848__CDS,5.275117009496959e-05,5.275117009496959e-05
cnv_depth__IBNLCO_00304__lemA__gene__promoter,-5.239701184673324e-05,5.239701184673324e-05
cnv_depth__IBNLCO_03947__IBNLCO_03947__gene__promoter,5.1704844889719674e-05,5.1704844889719674e-05
cnv_depth__IBNLCO_02351__SUF__CDS__promoter,-4.969614285056154e-05,4.969614285056154e-05
cnv_depth__IBNLCO_02981__Vitamin__CDS__promoter,-4.968223194978087e-05,4.968223194978087e-05
cnv_depth__IBNLCO_00412__HTH__CDS,4.908217408630625e-05,4.908217408630625e-05
cnv_depth__IBNLCO_03314__flhD__gene,4.7304332389500025e-05,4.7304332389500025e-05
cnv_depth__IBNLCO_01675__Corrinoid__CDS,4.6612189684549826e-05,4.6612189684549826e-05
cnv_depth__IBNLCO_00747__DUF2889__CDS,-4.637296852722942e-05,4.637296852722942e-05
cnv_depth__IBNLCO_01864__IBNLCO_01864__gene,4.5751594240035023e-05,4.5751594240035023e-05
cnv_depth__IBNLCO_01004__IBNLCO_01004__gene__promoter,-4.5596248804672904e-05,4.5596248804672904e-05
cnv_depth__IBNLCO_04802__IBNLCO_04802__gene,-4.537594865001557e-05,4.537594865001557e-05
cnv_depth__IBNLCO_04628__IBNLCO_04628__gene__promoter,4.505473094684726e-05,4.505473094684726e-05
cnv_depth__IBNLCO_02788__wzm__gene,4.452291211364387e-05,4.452291211364387e-05
cnv_depth__IBNLCO_01373__IBNLCO_01373__gene,-4.313445659753348e-05,4.313445659753348e-05
cnv_depth__IBNLCO_04948__Glycine__CDS,4.190684337547315e-05,4.190684337547315e-05
cnv_depth__IBNLCO_00312__IBNLCO_00312__gene,4.1343878719647644e-05,4.1343878719647644e-05
cnv_depth__IBNLCO_03358__IBNLCO_03358__gene,4.1012633908241375e-05,4.1012633908241375e-05
cnv_depth__IBNLCO_02154__IBNLCO_02154__gene,-4.04915443891127e-05,4.04915443891127e-05
cnv_depth__IBNLCO_00852__3-hydroxyacyl-CoA__CDS__promoter,4.047897137949556e-05,4.047897137949556e-05
cnv_depth__IBNLCO_01968__Glyoxylate__CDS,-4.0291248090442196e-05,4.0291248090442196e-05
cnv_depth__IBNLCO_04865__chbP__gene,3.974791195412693e-05,3.974791195412693e-05
cnv_depth__IBNLCO_00066__hypothetical__CDS,-3.9347085977962435e-05,3.9347085977962435e-05
cnv_depth__IBNLCO_03626__Pentapeptide__CDS,-3.895341661089653e-05,3.895341661089653e-05
cnv_depth__IBNLCO_03119__hypothetical__CDS__promoter,3.8474518755288744e-05,3.8474518755288744e-05
cnv_depth__IBNLCO_05624__IBNLCO_05624__gene,3.8403617501982895e-05,3.8403617501982895e-05
cnv_depth__IBNLCO_03183__IBNLCO_03183__gene,3.759940962160301e-05,3.759940962160301e-05
cnv_depth__IBNLCO_03375__DZANK-type__CDS__promoter,-3.637379233849186e-05,3.637379233849186e-05
cnv_depth__IBNLCO_03111__dotU__gene,3.549329275066849e-05,3.549329275066849e-05
cnv_depth__IBNLCO_00274__flgI__gene,-3.5468874930292916e-05,3.5468874930292916e-05
cnv_depth__IBNLCO_04558__Polyglutamate__CDS,-3.4742956445067034e-05,3.4742956445067034e-05
cnv_depth__IBNLCO_03282__asnC__gene__promoter,3.4666732919829987e-05,3.4666732919829987e-05
cnv_depth__IBNLCO_03363__IBNLCO_03363__gene,-3.431855792984207e-05,3.431855792984207e-05
cnv_depth__IBNLCO_03391__IBNLCO_03391__gene__promoter,-3.3935085266271575e-05,3.3935085266271575e-05
cnv_depth__IBNLCO_05076__IBNLCO_05076__gene,3.342270285049088e-05,3.342270285049088e-05
cnv_depth__IBNLCO_04327__Dibenzothiophene__CDS,-3.249040633392547e-05,3.249040633392547e-05
cnv_depth__IBNLCO_05397__IBNLCO_05397__gene,3.23968131087841e-05,3.23968131087841e-05
cnv_depth__IBNLCO_00697__IBNLCO_00697__gene__promoter,3.2293332068338075e-05,3.2293332068338075e-05
cnv_depth__IBNLCO_02809__Chaperone__CDS,3.0539315909098685e-05,3.0539315909098685e-05
cnv_depth__IBNLCO_01857__IBNLCO_01857__gene,3.0445944399050452e-05,3.0445944399050452e-05
cnv_depth__IBNLCO_04688__corA__gene,3.026189754552289e-05,3.026189754552289e-05
cnv_depth__IBNLCO_03860__hypothetical__CDS,-3.024214984721655e-05,3.024214984721655e-05
cnv_depth__IBNLCO_04013__Iron-sulfur__CDS,3.0096763340322783e-05,3.0096763340322783e-05
cnv_depth__IBNLCO_01074__IBNLCO_01074__gene,3.001937645284475e-05,3.001937645284475e-05
cnv_depth__IBNLCO_03105__Hcp1__CDS__promoter,-2.9034154955641116e-05,2.9034154955641116e-05
cnv_depth__IBNLCO_02496__IBNLCO_02496__gene,-2.7490647734850222e-05,2.7490647734850222e-05
cnv_depth__IBNLCO_03637__Allantoin__CDS,-2.6229672316841297e-05,2.6229672316841297e-05
cnv_depth__IBNLCO_04127__gnl|Bakta|IBNLCO_04127__CDS,-2.60766235164474e-05,2.60766235164474e-05
cnv_depth__IBNLCO_05805__hypothetical__CDS,2.5178488519085497e-05,2.5178488519085497e-05
cnv_depth__IBNLCO_02968__IBNLCO_02968__gene,2.508687597341517e-05,2.508687597341517e-05
cnv_depth__IBNLCO_02573__Septum__CDS__promoter,2.4285995884973664e-05,2.4285995884973664e-05
cnv_depth__IBNLCO_01151__IBNLCO_01151__gene,-2.2765431906773082e-05,2.2765431906773082e-05
cnv_depth__IBNLCO_02098__eamA__gene,-2.234820762989198e-05,2.234820762989198e-05
cnv_depth__IBNLCO_05330__UDP-glucose:undecaprenyl-phosphate__CDS,2.041284264949119e-05,2.041284264949119e-05
cnv_depth__IBNLCO_01125__ABC3__CDS,2.027749181443281e-05,2.027749181443281e-05
cnv_depth__IBNLCO_05218__IBNLCO_05218__gene,1.9884383380791138e-05,1.9884383380791138e-05
cnv_depth__IBNLCO_04757__Glutathione__CDS,1.977253740472512e-05,1.977253740472512e-05
cnv_depth__IBNLCO_02352__IBNLCO_02352__gene,1.9232805702262904e-05,1.9232805702262904e-05
cnv_depth__IBNLCO_05411__IBNLCO_05411__gene,1.8827203683133122e-05,1.8827203683133122e-05
cnv_depth__IBNLCO_01203__Solute-binding__CDS__promoter,-1.876824330212867e-05,1.876824330212867e-05
cnv_depth__IBNLCO_05513__hypothetical__CDS__promoter,1.775172490013754e-05,1.775172490013754e-05
cnv_depth__IBNLCO_01315__Dihydropteroate__CDS,1.7214420339817815e-05,1.7214420339817815e-05
cnv_depth__IBNLCO_02364__GST__CDS,1.7157077314794705e-05,1.7157077314794705e-05
cnv_depth__IBNLCO_02777__D-glycero-d-manno-heptose__CDS,1.6955848244370248e-05,1.6955848244370248e-05
cnv_depth__IBNLCO_01434__IBNLCO_01434__gene,-1.674136034685712e-05,1.674136034685712e-05
cnv_depth__IBNLCO_00791__Bcj14__gene__promoter,1.6663810452798852e-05,1.6663810452798852e-05
cnv_depth__IBNLCO_05629__IBNLCO_05629__gene__promoter,-1.658138145853384e-05,1.658138145853384e-05
cnv_depth__IBNLCO_01213__cyclic__CDS,1.6159130392445216e-05,1.6159130392445216e-05
cnv_depth__IBNLCO_03713__IBNLCO_03713__gene__promoter,-1.4931974569168052e-05,1.4931974569168052e-05
cnv_depth__IBNLCO_05632__IBNLCO_05632__gene__promoter,-1.4880627794571977e-05,1.4880627794571977e-05
cnv_depth__IBNLCO_04298__Glutathione__CDS__promoter,1.2959189401768953e-05,1.2959189401768953e-05
cnv_depth__IBNLCO_05700__LysR-family__CDS__promoter,-1.2211214160997506e-05,1.2211214160997506e-05
cnv_depth__IBNLCO_04071__IBNLCO_04071__gene__promoter,1.1738260234575712e-05,1.1738260234575712e-05
cnv_depth__IBNLCO_05305__IBNLCO_05305__gene,-1.1463967028776505e-05,1.1463967028776505e-05
cnv_depth__IBNLCO_03304__chemotaxis-specific__CDS,-1.1140436260674548e-05,1.1140436260674548e-05
cnv_depth__IBNLCO_02138__IBNLCO_02138__gene,-1.104454449990685e-05,1.104454449990685e-05
cnv_depth__IBNLCO_05780__IBNLCO_05780__gene__promoter,-1.0847534749944324e-05,1.0847534749944324e-05
cnv_depth__IBNLCO_03825__IBNLCO_03825__gene,-1.0743368821899218e-05,1.0743368821899218e-05
cnv_depth__IBNLCO_01903__Outer__CDS,-9.831212786775894e-06,9.831212786775894e-06
cnv_depth__IBNLCO_05591__ImpA__CDS__promoter,9.502904494779105e-06,9.502904494779105e-06
cnv_depth__IBNLCO_02870__NAD(P)__CDS__promoter,9.09703754345836e-06,9.09703754345836e-06
cnv_depth__IBNLCO_03279__rlpA__gene,8.700328614331254e-06,8.700328614331254e-06
cnv_depth__IBNLCO_00974__IBNLCO_00974__gene,7.316630733841546e-06,7.316630733841546e-06
cnv_depth__IBNLCO_03109__vasD__gene,6.378300124445756e-06,6.378300124445756e-06
cnv_depth__IBNLCO_02096__IBNLCO_02096__gene,-5.648761764291307e-06,5.648761764291307e-06
cnv_depth__IBNLCO_02576__hypothetical__CDS__promoter,-4.859162216574066e-06,4.859162216574066e-06
cnv_depth__IBNLCO_02417__putative__CDS__promoter,-4.690853307055155e-06,4.690853307055155e-06
cnv_depth__IBNLCO_00683__IBNLCO_00683__gene,-3.9249085915271576e-06,3.9249085915271576e-06
cnv_depth__IBNLCO_04806__IBNLCO_04806__gene__promoter,-3.563744482221037e-06,3.563744482221037e-06
cnv_depth__IBNLCO_00495__lysR__gene,-1.7292045748177052e-06,1.7292045748177052e-06
cnv_depth__IBNLCO_04491__IBNLCO_04491__gene__promoter,-1.5368334907467152e-06,1.5368334907467152e-06
cnv_depth__IBNLCO_03279__Endolytic__CDS__promoter,-1.5337459322167176e-06,1.5337459322167176e-06
cnv_depth__IBNLCO_04734__IBNLCO_04734__gene,-6.15696394455607e-07,6.15696394455607e-07
cnv_depth__IBNLCO_04561__Cation-translocating__CDS,4.642322557790728e-07,4.642322557790728e-07
cnv_depth__IBNLCO_03353__IBNLCO_03353__gene,-1.5702782943929485e-07,1.5702782943929485e-07
