feature,cluster
cnv_depth__IBNLCO_00001__IBNLCO_00001__gene,9557
cnv_depth__IBNLCO_00001__IBNLCO_00001__gene__promoter,7176
cnv_depth__IBNLCO_00002__IBNLCO_00002__gene,9108
cnv_depth__IBNLCO_00002__Cation/H+__CDS__promoter,8550
cnv_depth__IBNLCO_00003__tRNA__CDS,7511
cnv_depth__IBNLCO_00003__tRNA__CDS__promoter,7679
cnv_depth__IBNLCO_00004__Nucleoid__CDS__promoter,8611
cnv_depth__IBNLCO_00004__IBNLCO_00004__gene,6646
cnv_depth__IBNLCO_00005__yciC__gene,8748
cnv_depth__IBNLCO_00005__yciC__gene__promoter,5790
cnv_depth__IBNLCO_00006__IBNLCO_00006__gene,8713
cnv_depth__IBNLCO_00006__IBNLCO_00006__gene__promoter,9570
cnv_depth__IBNLCO_00007__pilQ__gene__promoter,6592
cnv_depth__IBNLCO_00007__Type__CDS,9002
cnv_depth__IBNLCO_00008__Type__CDS__promoter,6713
cnv_depth__IBNLCO_00008__hxcR__gene,6135
cnv_depth__IBNLCO_00009__Type__CDS__promoter,7355
cnv_depth__IBNLCO_00009__IBNLCO_00009__gene,6678
cnv_depth__IBNLCO_00010__gspC__gene,4965
cnv_depth__IBNLCO_00011__Type__CDS__promoter,92
cnv_depth__IBNLCO_00010__Type__CDS__promoter,92
cnv_depth__IBNLCO_00011__IBNLCO_00011__gene,8475
cnv_depth__IBNLCO_00012__Type__CDS__promoter,8737
cnv_depth__IBNLCO_00012__Type__CDS,8569
cnv_depth__IBNLCO_00013__IBNLCO_00013__gene__promoter,5773
cnv_depth__IBNLCO_00013__IBNLCO_00013__gene,9226
cnv_depth__IBNLCO_00014__hypothetical__CDS__promoter,8542
cnv_depth__IBNLCO_00014__hypothetical__CDS,7934
cnv_depth__IBNLCO_00015__IBNLCO_00015__gene__promoter,7398
cnv_depth__IBNLCO_00015__hypothetical__CDS,7495
cnv_depth__IBNLCO_00016__Type__CDS__promoter,7715
cnv_depth__IBNLCO_00016__gspL__gene,8428
cnv_depth__IBNLCO_00017__IBNLCO_00017__gene__promoter,9106
cnv_depth__IBNLCO_00017__Type__CDS,7330
cnv_depth__IBNLCO_00018__Type__CDS__promoter,8465
cnv_depth__IBNLCO_00018__IBNLCO_00018__gene,9163
cnv_depth__IBNLCO_00019__Efflux__CDS,8634
cnv_depth__IBNLCO_00019__Efflux__CDS__promoter,6424
cnv_depth__IBNLCO_00020__Multidrug__CDS,7049
cnv_depth__IBNLCO_00021__IBNLCO_00021__gene__promoter,370
cnv_depth__IBNLCO_00020__IBNLCO_00020__gene__promoter,370
cnv_depth__IBNLCO_00021__hypothetical__CDS,6096
cnv_depth__IBNLCO_00022__Multidrug__CDS__promoter,5429
cnv_depth__IBNLCO_00022__IBNLCO_00022__gene,7428
cnv_depth__IBNLCO_00023__lysR__gene,4988
cnv_depth__IBNLCO_00024__lrgA__gene__promoter,6
cnv_depth__IBNLCO_00023__lysR__gene__promoter,6
cnv_depth__IBNLCO_00024__lrgA__gene,7214
cnv_depth__IBNLCO_00025__LrgB__CDS__promoter,9565
cnv_depth__IBNLCO_00025__lrgB__gene,5197
cnv_depth__IBNLCO_00026__flagellar__CDS__promoter,7276
cnv_depth__IBNLCO_00026__flagellar__CDS,8002
cnv_depth__IBNLCO_00027__fliM__gene__promoter,5752
cnv_depth__IBNLCO_00027__fliM__gene,7867
cnv_depth__IBNLCO_00028__flagellar__CDS__promoter,6016
cnv_depth__IBNLCO_00028__fliN__gene,9464
cnv_depth__IBNLCO_00029__flagellar__CDS__promoter,6573
cnv_depth__IBNLCO_00029__fliO__gene,6774
cnv_depth__IBNLCO_00030__flagellar__CDS__promoter,7207
cnv_depth__IBNLCO_00030__fliP__gene,6473
cnv_depth__IBNLCO_00031__flagellar__CDS__promoter,5994
cnv_depth__IBNLCO_00031__fliQ__gene,5227
cnv_depth__IBNLCO_00032__flagellar__CDS__promoter,7075
cnv_depth__IBNLCO_00032__flagellar__CDS,8456
cnv_depth__IBNLCO_00033__IBNLCO_00033__gene,8706
cnv_depth__IBNLCO_00034__IBNLCO_00034__gene__promoter,7664
cnv_depth__IBNLCO_00033__IBNLCO_00033__gene__promoter,7379
cnv_depth__IBNLCO_00034__SAM-dependent__CDS,5640
cnv_depth__IBNLCO_00035__DUF2938__CDS__promoter,8835
cnv_depth__IBNLCO_00035__DUF2938__CDS,5477
cnv_depth__IBNLCO_00036__IBNLCO_00036__gene__promoter,8119
cnv_depth__IBNLCO_00036__IBNLCO_00036__gene,7689
cnv_depth__IBNLCO_00037__cmpD__gene__promoter,6274
cnv_depth__IBNLCO_00037__cmpD__gene,7568
cnv_depth__IBNLCO_00038__IBNLCO_00038__gene__promoter,6402
cnv_depth__IBNLCO_00038__IBNLCO_00038__gene,5727
cnv_depth__IBNLCO_00039__histidine__CDS__promoter,9011
cnv_depth__IBNLCO_00040__Transcriptional__CDS__promoter,8612
cnv_depth__IBNLCO_00040__Transcriptional__CDS,6553
cnv_depth__IBNLCO_00041__IBNLCO_00041__gene__promoter,5151
cnv_depth__IBNLCO_00041__IBNLCO_00041__gene,7188
cnv_depth__IBNLCO_00042__IBNLCO_00042__gene__promoter,6203
cnv_depth__IBNLCO_00042__IBNLCO_00042__gene,6983
cnv_depth__IBNLCO_00043__IBNLCO_00043__gene__promoter,8673
cnv_depth__IBNLCO_00043__Type__CDS,8745
cnv_depth__IBNLCO_00044__Putative__CDS__promoter,9535
cnv_depth__IBNLCO_00044__IBNLCO_00044__gene,6043
cnv_depth__IBNLCO_00045__AraC__CDS__promoter,7709
cnv_depth__IBNLCO_00045__araC__gene,7378
cnv_depth__IBNLCO_00046__Branched-chain__CDS,8723
cnv_depth__IBNLCO_00046__IBNLCO_00046__gene__promoter,8419
cnv_depth__IBNLCO_00047__IBNLCO_00047__gene,6333
cnv_depth__IBNLCO_00048__IBNLCO_00048__gene,9412
cnv_depth__IBNLCO_00047__Branched-chain__CDS__promoter,8247
cnv_depth__IBNLCO_00049__Amino__CDS,8043
cnv_depth__IBNLCO_00048__Branched-chain__CDS__promoter,5381
cnv_depth__IBNLCO_00049__Amino__CDS__promoter,5668
cnv_depth__IBNLCO_00050__IBNLCO_00050__gene,5737
cnv_depth__IBNLCO_00050__Leucine-binding__CDS__promoter,5787
cnv_depth__IBNLCO_00051__Phenylacetaldehyde__CDS__promoter,8984
cnv_depth__IBNLCO_00052__IBNLCO_00052__gene,8293
cnv_depth__IBNLCO_00052__IBNLCO_00052__gene__promoter,6185
cnv_depth__IBNLCO_00053__Molybdenum__CDS,4880
cnv_depth__IBNLCO_00053__Molybdenum__CDS__promoter,7050
cnv_depth__IBNLCO_00054__IBNLCO_00054__gene,5681
cnv_depth__IBNLCO_00054__Short-chain__CDS__promoter,7625
cnv_depth__IBNLCO_00055__Glucose-methanol-choline__CDS,6201
cnv_depth__IBNLCO_00055__Glucose-methanol-choline__CDS__promoter,7064
cnv_depth__IBNLCO_00056__padR__gene__promoter,8701
cnv_depth__IBNLCO_00056__Transcription__CDS,222
cnv_depth__IBNLCO_00057__IBNLCO_00057__gene__promoter,222
cnv_depth__IBNLCO_00057__DUF1700__CDS,7519
cnv_depth__IBNLCO_00058__IBNLCO_00058__gene,6418
cnv_depth__IBNLCO_00058__IBNLCO_00058__gene__promoter,5971
cnv_depth__IBNLCO_00059__IBNLCO_00059__gene,6585
cnv_depth__IBNLCO_00059__IBNLCO_00059__gene__promoter,6680
cnv_depth__IBNLCO_00060__IBNLCO_00060__gene,5277
cnv_depth__IBNLCO_00061__mbtN__gene__promoter,9205
cnv_depth__IBNLCO_00060__IBNLCO_00060__gene__promoter,7522
cnv_depth__IBNLCO_00061__Acyl-[acyl-carrier-protein]__CDS,6101
cnv_depth__IBNLCO_00062__IBNLCO_00062__gene__promoter,6621
cnv_depth__IBNLCO_00062__Bifunctional__CDS,7308
cnv_depth__IBNLCO_00063__IBNLCO_00063__gene__promoter,6285
cnv_depth__IBNLCO_00063__enoyl-CoA__CDS,9082
cnv_depth__IBNLCO_00064__IBNLCO_00064__gene__promoter,5621
cnv_depth__IBNLCO_00064__IBNLCO_00064__gene,7805
cnv_depth__IBNLCO_00065__IBNLCO_00065__gene,4972
cnv_depth__IBNLCO_00065__gnl|Bakta|IBNLCO_00065__CDS__promoter,7053
cnv_depth__IBNLCO_00066__hypothetical__CDS,8817
cnv_depth__IBNLCO_00066__IBNLCO_00066__gene__promoter,9587
cnv_depth__IBNLCO_00067__IBNLCO_00067__gene__promoter,5983
cnv_depth__IBNLCO_00067__CHAP__CDS,402
cnv_depth__IBNLCO_00068__gnl|Bakta|IBNLCO_00068__CDS__promoter,402
cnv_depth__IBNLCO_00068__IBNLCO_00068__gene,7078
cnv_depth__IBNLCO_00069__IBNLCO_00069__gene,9117
cnv_depth__IBNLCO_00069__hypothetical__CDS__promoter,7585
cnv_depth__IBNLCO_00070__Transmembrane__CDS,6748
cnv_depth__IBNLCO_00071__RNA__CDS,5585
cnv_depth__IBNLCO_00070__Transmembrane__CDS__promoter,7029
cnv_depth__IBNLCO_00072__Catalase-related__CDS__promoter,160
cnv_depth__IBNLCO_00071__RNA__CDS__promoter,160
cnv_depth__IBNLCO_00072__IBNLCO_00072__gene,8357
cnv_depth__IBNLCO_00073__Cytochrome__CDS__promoter,5779
cnv_depth__IBNLCO_00073__IBNLCO_00073__gene,9038
cnv_depth__IBNLCO_00074__IBNLCO_00074__gene,9620
cnv_depth__IBNLCO_00074__DNA__CDS__promoter,9553
cnv_depth__IBNLCO_00075__IBNLCO_00075__gene,8905
cnv_depth__IBNLCO_00075__Beta__CDS__promoter,7306
cnv_depth__IBNLCO_00076__dnaA__gene,8298
cnv_depth__unknown__unknown__rep_origin,9400
cnv_depth__IBNLCO_00076__dnaA__gene__promoter,6798
cnv_depth__IBNLCO_00077__IBNLCO_00077__gene__promoter,7220
cnv_depth__IBNLCO_00077__IBNLCO_00077__gene,6652
cnv_depth__IBNLCO_00078__Ribonuclease__CDS__promoter,7533
cnv_depth__IBNLCO_00078__Ribonuclease__CDS,7455
cnv_depth__IBNLCO_00079__Membrane__CDS__promoter,8607
cnv_depth__IBNLCO_00079__yidC__gene,58
cnv_depth__IBNLCO_00080__IBNLCO_00080__gene,7622
cnv_depth__IBNLCO_00080__IBNLCO_00080__gene__promoter,9250
cnv_depth__IBNLCO_00081__mnmE__gene__promoter,5438
cnv_depth__IBNLCO_00081__mnmE__gene,6296
cnv_depth__IBNLCO_00082__IBNLCO_00082__gene,9056
cnv_depth__IBNLCO_00082__gnl|Bakta|IBNLCO_00082__CDS__promoter,7979
cnv_depth__IBNLCO_00083__IBNLCO_00083__gene__promoter,7158
cnv_depth__IBNLCO_00083__DUF4382__CDS,9630
cnv_depth__IBNLCO_00084__Lipoprotein-attachment__CDS__promoter,8795
cnv_depth__IBNLCO_00084__IBNLCO_00084__gene,5979
cnv_depth__IBNLCO_00085__Transmembrane__CDS,7135
cnv_depth__IBNLCO_00086__IBNLCO_00086__gene__promoter,512
cnv_depth__IBNLCO_00085__Transmembrane__CDS__promoter,512
cnv_depth__IBNLCO_00086__Spermidine__CDS,9456
cnv_depth__IBNLCO_00087__IBNLCO_00087__gene__promoter,6656
cnv_depth__IBNLCO_00087__IBNLCO_00087__gene,8457
cnv_depth__IBNLCO_00088__YaeQ__CDS__promoter,6795
cnv_depth__IBNLCO_00088__yaeQ__gene,6378
cnv_depth__IBNLCO_00089__IBNLCO_00089__gene,6005
cnv_depth__IBNLCO_00091__hypothetical__CDS__promoter,165
cnv_depth__IBNLCO_00089__Catechol__CDS__promoter,165
cnv_depth__IBNLCO_00090__Betaproteobacteria_toxic_sRNA__gene,165
cnv_depth__IBNLCO_00091__IBNLCO_00091__gene,136
cnv_depth__IBNLCO_00090__Betaproteobacteria_toxic_sRNA__gene__promoter,136
cnv_depth__IBNLCO_00092__Methylated-DNA--protein-cysteine__CDS__promoter,136
cnv_depth__IBNLCO_00092__IBNLCO_00092__gene,6708
cnv_depth__IBNLCO_00093__DNA-3-methyladenine__CDS__promoter,6663
cnv_depth__IBNLCO_00093__IBNLCO_00093__gene,5020
cnv_depth__IBNLCO_00094__Glutamate--cysteine__CDS__promoter,9191
cnv_depth__IBNLCO_00094__IBNLCO_00094__gene,8609
cnv_depth__IBNLCO_00095__IBNLCO_00095__gene,7937
cnv_depth__IBNLCO_00095__RNA__CDS__promoter,6119
cnv_depth__IBNLCO_00096__IBNLCO_00096__gene,5735
cnv_depth__IBNLCO_00096__hypothetical__CDS__promoter,7463
cnv_depth__IBNLCO_00097__IBNLCO_00097__gene,8263
cnv_depth__IBNLCO_00097__hypothetical__CDS__promoter,4963
cnv_depth__IBNLCO_00098__lysR__gene,6339
cnv_depth__IBNLCO_00099__IBNLCO_00099__gene__promoter,333
cnv_depth__IBNLCO_00098__lysR__gene__promoter,333
cnv_depth__IBNLCO_00099__Putrescine-binding__CDS,7613
cnv_depth__IBNLCO_00100__Histone__CDS__promoter,7163
cnv_depth__IBNLCO_00100__Histone__CDS,6611
cnv_depth__IBNLCO_00101__gnl|Bakta|IBNLCO_00101__CDS__promoter,8231
cnv_depth__IBNLCO_00101__IBNLCO_00101__gene,5101
cnv_depth__IBNLCO_00102__IBNLCO_00102__gene,5042
cnv_depth__IBNLCO_00102__IBNLCO_00102__gene__promoter,7861
cnv_depth__IBNLCO_00103__IBNLCO_00103__gene__promoter,7423
cnv_depth__IBNLCO_00103__Presumed__CDS,8535
cnv_depth__IBNLCO_00104__Membrane__CDS,9157
cnv_depth__IBNLCO_00105__Tlde1__CDS,9649
cnv_depth__IBNLCO_00104__Membrane__CDS__promoter,8450
cnv_depth__IBNLCO_00105__Tlde1__CDS__promoter,8582
cnv_depth__IBNLCO_00106__trnK__gene,7835
cnv_depth__IBNLCO_00107__IBNLCO_00107__gene__promoter,1083
cnv_depth__IBNLCO_00106__trnK__gene__promoter,1083
cnv_depth__IBNLCO_00107__Thioesterase__CDS,9491
cnv_depth__IBNLCO_00108__PNPLA__CDS__promoter,5868
cnv_depth__IBNLCO_00108__PNPLA__CDS,5705
cnv_depth__IBNLCO_00109__D-2-hydroxyacid__CDS,7523
cnv_depth__IBNLCO_00109__IBNLCO_00109__gene__promoter,5863
cnv_depth__IBNLCO_00110__DNA-binding__CDS__promoter,8390
cnv_depth__IBNLCO_00110__DNA-binding__CDS,5502
cnv_depth__IBNLCO_00111__IBNLCO_00111__gene,9126
cnv_depth__IBNLCO_00111__IBNLCO_00111__gene__promoter,7734
cnv_depth__IBNLCO_00112__IBNLCO_00112__gene,5216
cnv_depth__IBNLCO_00112__hypothetical__CDS__promoter,9597
cnv_depth__IBNLCO_00113__DprA__CDS,6057
cnv_depth__IBNLCO_00113__DprA__CDS__promoter,183
cnv_depth__IBNLCO_00114__Peptide__CDS__promoter,183
cnv_depth__IBNLCO_00114__IBNLCO_00114__gene,8520
cnv_depth__IBNLCO_00115__IBNLCO_00115__gene__promoter,8134
cnv_depth__IBNLCO_00115__Methionyl-tRNA__CDS,8681
cnv_depth__IBNLCO_00116__lysE__gene__promoter,5901
cnv_depth__IBNLCO_00116__Lysine__CDS,9601
cnv_depth__IBNLCO_00117__IBNLCO_00117__gene__promoter,6143
cnv_depth__IBNLCO_00117__Protease__CDS,6083
cnv_depth__IBNLCO_00118__16S__CDS__promoter,5105
cnv_depth__IBNLCO_00119__hypothetical__CDS__promoter,7319
cnv_depth__IBNLCO_00119__IBNLCO_00119__gene,9296
cnv_depth__IBNLCO_00120__esaS__gene__promoter,8094
cnv_depth__IBNLCO_00120__esaS__gene,9444
cnv_depth__IBNLCO_00121__esaR__gene__promoter,6183
cnv_depth__IBNLCO_00121__esaR__gene,7269
cnv_depth__IBNLCO_00122__trnF__gene__promoter,6442
cnv_depth__IBNLCO_00122__trnF__gene,9139
cnv_depth__IBNLCO_00123__hypothetical__CDS,8340
cnv_depth__IBNLCO_00123__IBNLCO_00123__gene__promoter,7090
cnv_depth__IBNLCO_00124__Toprim__CDS,7878
cnv_depth__IBNLCO_00124__IBNLCO_00124__gene__promoter,510
cnv_depth__IBNLCO_00125__gnl|Bakta|IBNLCO_00125__CDS,510
cnv_depth__IBNLCO_00126__Bacteriophage__CDS,26
cnv_depth__IBNLCO_00125__IBNLCO_00125__gene__promoter,26
cnv_depth__IBNLCO_00126__IBNLCO_00126__gene__promoter,1093
cnv_depth__IBNLCO_00127__hypothetical__CDS,1093
cnv_depth__IBNLCO_00127__hypothetical__CDS__promoter,9172
cnv_depth__IBNLCO_00128__hypothetical__CDS,7870
cnv_depth__IBNLCO_00128__IBNLCO_00128__gene__promoter,498
cnv_depth__IBNLCO_00129__Phage-encoded__CDS,498
cnv_depth__IBNLCO_00129__IBNLCO_00129__gene__promoter,341
cnv_depth__IBNLCO_00130__Bacteriophage__CDS,341
cnv_depth__IBNLCO_00130__IBNLCO_00130__gene__promoter,552
cnv_depth__IBNLCO_00131__hypothetical__CDS,552
cnv_depth__IBNLCO_00131__IBNLCO_00131__gene__promoter,9683
cnv_depth__IBNLCO_00132__Zinc__CDS,193
cnv_depth__IBNLCO_00133__hypothetical__CDS__promoter,193
cnv_depth__IBNLCO_00132__Zinc__CDS__promoter,8625
cnv_depth__IBNLCO_00133__hypothetical__CDS,7912
cnv_depth__IBNLCO_00134__Phage-encoded__CDS__promoter,7113
cnv_depth__IBNLCO_00134__IBNLCO_00134__gene,5106
cnv_depth__IBNLCO_00135__hypothetical__CDS__promoter,8621
cnv_depth__IBNLCO_00135__hypothetical__CDS,5679
cnv_depth__IBNLCO_00136__Phage__CDS,8610
cnv_depth__IBNLCO_00137__IBNLCO_00137__gene,205
cnv_depth__IBNLCO_00136__IBNLCO_00136__gene__promoter,205
cnv_depth__IBNLCO_00137__IBNLCO_00137__gene__promoter,8299
cnv_depth__IBNLCO_00138__hypothetical__CDS,9264
cnv_depth__IBNLCO_00138__IBNLCO_00138__gene__promoter,9566
cnv_depth__IBNLCO_00139__Phage__CDS,8530
cnv_depth__IBNLCO_00139__IBNLCO_00139__gene__promoter,9231
cnv_depth__IBNLCO_00140__Phage__CDS,9102
cnv_depth__IBNLCO_00140__IBNLCO_00140__gene__promoter,8934
cnv_depth__IBNLCO_00141__IBNLCO_00141__gene,6770
cnv_depth__IBNLCO_00141__IBNLCO_00141__gene__promoter,8798
cnv_depth__IBNLCO_00142__gnl|Bakta|IBNLCO_00142__CDS,8222
cnv_depth__IBNLCO_00142__gnl|Bakta|IBNLCO_00142__CDS__promoter,8588
cnv_depth__IBNLCO_00143__IBNLCO_00143__gene,9022
cnv_depth__IBNLCO_00143__Phage__CDS__promoter,9241
cnv_depth__IBNLCO_00144__IBNLCO_00144__gene,60
cnv_depth__IBNLCO_00145__Baseplate__CDS,9486
cnv_depth__IBNLCO_00144__IBNLCO_00144__gene__promoter,8289
cnv_depth__IBNLCO_00146__IraD/Gp25-like__CDS,9541
cnv_depth__IBNLCO_00145__IBNLCO_00145__gene__promoter,8104
cnv_depth__IBNLCO_00147__Gp5/Type__CDS,8927
cnv_depth__IBNLCO_00146__IBNLCO_00146__gene__promoter,7594
cnv_depth__IBNLCO_00147__IBNLCO_00147__gene__promoter,496
cnv_depth__IBNLCO_00148__gnl|Bakta|IBNLCO_00148__CDS__promoter,496
cnv_depth__IBNLCO_00148__IBNLCO_00148__gene,8567
cnv_depth__IBNLCO_00149__IBNLCO_00149__gene,6971
cnv_depth__IBNLCO_00149__hypothetical__CDS__promoter,8587
cnv_depth__IBNLCO_00150__IBNLCO_00150__gene,60
cnv_depth__IBNLCO_00151__hypothetical__CDS,200
cnv_depth__IBNLCO_00150__Phage__CDS__promoter,200
cnv_depth__IBNLCO_00151__hypothetical__CDS__promoter,9289
cnv_depth__IBNLCO_00152__IBNLCO_00152__gene,5152
cnv_depth__IBNLCO_00153__Peptidoglycan-binding__CDS,9174
cnv_depth__IBNLCO_00152__IBNLCO_00152__gene__promoter,6768
cnv_depth__IBNLCO_00154__hypothetical__CDS,1066
cnv_depth__IBNLCO_00153__IBNLCO_00153__gene__promoter,1066
cnv_depth__IBNLCO_00154__IBNLCO_00154__gene__promoter,225
cnv_depth__IBNLCO_00155__IBNLCO_00155__gene,225
cnv_depth__IBNLCO_00155__IBNLCO_00155__gene__promoter,551
cnv_depth__IBNLCO_00156__IBNLCO_00156__gene,551
cnv_depth__IBNLCO_00157__IBNLCO_00157__gene,538
cnv_depth__IBNLCO_00156__IBNLCO_00156__gene__promoter,538
cnv_depth__IBNLCO_00158__IBNLCO_00158__gene,243
cnv_depth__IBNLCO_00157__IBNLCO_00157__gene__promoter,243
cnv_depth__IBNLCO_00158__IBNLCO_00158__gene__promoter,9036
cnv_depth__IBNLCO_00159__gnl|Bakta|IBNLCO_00159__CDS,6845
cnv_depth__IBNLCO_00160__p2__CDS,8352
cnv_depth__IBNLCO_00159__IBNLCO_00159__gene__promoter,9673
cnv_depth__IBNLCO_00160__IBNLCO_00160__gene__promoter,9255
cnv_depth__IBNLCO_00161__hypothetical__CDS,9685
cnv_depth__IBNLCO_00162__IBNLCO_00162__gene__promoter,240
cnv_depth__IBNLCO_00161__IBNLCO_00161__gene__promoter,240
cnv_depth__IBNLCO_00162__Terminase__CDS,8608
cnv_depth__IBNLCO_00163__Phage__CDS__promoter,6391
cnv_depth__IBNLCO_00163__Phage__CDS,7467
cnv_depth__IBNLCO_00164__brnT__gene__promoter,7897
cnv_depth__IBNLCO_00164__BrnT__CDS,292
cnv_depth__IBNLCO_00165__IBNLCO_00165__gene__promoter,292
cnv_depth__IBNLCO_00165__gnl|Bakta|IBNLCO_00165__CDS,6525
cnv_depth__IBNLCO_00166__hypothetical__CDS,6714
cnv_depth__IBNLCO_00166__hypothetical__CDS__promoter,9165
cnv_depth__IBNLCO_00167__IBNLCO_00167__gene,6944
cnv_depth__IBNLCO_00168__IBNLCO_00168__gene,8965
cnv_depth__IBNLCO_00167__hypothetical__CDS__promoter,7621
cnv_depth__IBNLCO_00168__ATP-binding__CDS__promoter,5928
cnv_depth__IBNLCO_00169__IBNLCO_00169__gene__promoter,5122
cnv_depth__IBNLCO_00170__hypothetical__CDS__promoter,9379
cnv_depth__IBNLCO_00169__IBNLCO_00169__gene,6064
cnv_depth__IBNLCO_00170__IBNLCO_00170__gene,436
cnv_depth__IBNLCO_00171__IBNLCO_00171__gene__promoter,436
cnv_depth__IBNLCO_00171__IBNLCO_00171__gene,8244
cnv_depth__IBNLCO_00172__IBNLCO_00172__gene__promoter,5278
cnv_depth__IBNLCO_00172__IBNLCO_00172__gene,9273
cnv_depth__IBNLCO_00173__IBNLCO_00173__gene__promoter,6933
cnv_depth__IBNLCO_00173__IBNLCO_00173__gene,7906
cnv_depth__IBNLCO_00174__IBNLCO_00174__gene__promoter,9327
cnv_depth__IBNLCO_00174__IBNLCO_00174__gene,7885
cnv_depth__IBNLCO_00175__hypothetical__CDS__promoter,6746
cnv_depth__IBNLCO_00175__IBNLCO_00175__gene,7329
cnv_depth__IBNLCO_00176__mrdB__gene,6635
cnv_depth__IBNLCO_00176__Peptidoglycan__CDS__promoter,7529
cnv_depth__IBNLCO_00177__mrdA__gene__promoter,9607
cnv_depth__IBNLCO_00178__mreD__gene,7054
cnv_depth__IBNLCO_00179__mreC__gene,5947
cnv_depth__IBNLCO_00178__mreD__gene__promoter,5460
cnv_depth__IBNLCO_00179__mreC__gene__promoter,5627
cnv_depth__IBNLCO_00180__mreB__gene,9189
cnv_depth__IBNLCO_00180__Cell__CDS__promoter,7036
cnv_depth__IBNLCO_00181__IBNLCO_00181__gene__promoter,5157
cnv_depth__IBNLCO_00181__Aspartyl/glutamyl-tRNA(Asn/Gln)__CDS,7320
cnv_depth__IBNLCO_00182__IBNLCO_00182__gene__promoter,8251
cnv_depth__IBNLCO_00182__Glutamyl-tRNA(Gln)__CDS,6330
cnv_depth__IBNLCO_00183__IBNLCO_00183__gene__promoter,5110
cnv_depth__IBNLCO_00183__IBNLCO_00183__gene,8821
cnv_depth__IBNLCO_00184__Polyphosphate__CDS__promoter,8227
cnv_depth__IBNLCO_00184__IBNLCO_00184__gene,9050
cnv_depth__IBNLCO_00185__Exodeoxyribonuclease__CDS__promoter,5962
cnv_depth__IBNLCO_00185__IBNLCO_00185__gene,8258
cnv_depth__IBNLCO_00186__IBNLCO_00186__gene,7200
cnv_depth__IBNLCO_00186__IBNLCO_00186__gene__promoter,367
cnv_depth__IBNLCO_00187__yqhC__gene__promoter,367
cnv_depth__IBNLCO_00187__yqhC__gene,9307
cnv_depth__IBNLCO_00188__IBNLCO_00188__gene,7669
cnv_depth__IBNLCO_00189__ampG__gene,7925
cnv_depth__IBNLCO_00188__hypothetical__CDS__promoter,9543
cnv_depth__IBNLCO_00189__AmpG__CDS__promoter,9449
cnv_depth__IBNLCO_00190__IBNLCO_00190__gene,6946
cnv_depth__IBNLCO_00191__IBNLCO_00191__gene,8869
cnv_depth__IBNLCO_00190__Demethylrebeccamycin-D-glucose__CDS__promoter,8284
cnv_depth__IBNLCO_00191__Homoserine__CDS__promoter,5143
cnv_depth__IBNLCO_00192__slmA__gene,5669
cnv_depth__IBNLCO_00193__HAD__CDS,7809
cnv_depth__IBNLCO_00192__slmA__gene__promoter,7187
cnv_depth__IBNLCO_00194__Acetylglutamate__CDS,5218
cnv_depth__IBNLCO_00193__HAD__CDS__promoter,9119
cnv_depth__IBNLCO_00194__IBNLCO_00194__gene__promoter,8953
cnv_depth__IBNLCO_00195__IBNLCO_00195__gene__promoter,8888
cnv_depth__IBNLCO_00195__hypothetical__CDS,847
cnv_depth__IBNLCO_00196__histidine__CDS__promoter,847
cnv_depth__IBNLCO_00197__Response__CDS__promoter,8415
cnv_depth__IBNLCO_00197__Response__CDS,4989
cnv_depth__IBNLCO_00198__ATP-dependent__CDS,7903
cnv_depth__IBNLCO_00198__hslU__gene__promoter,6210
cnv_depth__IBNLCO_00199__clpQ__gene,8581
cnv_depth__IBNLCO_00199__clpQ__gene__promoter,5635
cnv_depth__IBNLCO_00200__RNA__CDS,5061
cnv_depth__IBNLCO_00200__dksA__gene__promoter,8947
cnv_depth__IBNLCO_00201__cobW__gene,6328
cnv_depth__IBNLCO_00201__cobW__gene__promoter,6453
cnv_depth__IBNLCO_00202__PUA__CDS,6641
cnv_depth__IBNLCO_00202__IBNLCO_00202__gene__promoter,8863
cnv_depth__IBNLCO_00203__Tyrosine__CDS,9171
cnv_depth__IBNLCO_00203__Tyrosine__CDS__promoter,5223
cnv_depth__IBNLCO_00204__3'%2C5'-cyclic-nucleotide__CDS,8641
cnv_depth__IBNLCO_00204__3'%2C5'-cyclic-nucleotide__CDS__promoter,5591
cnv_depth__IBNLCO_00205__IBNLCO_00205__gene,8867
cnv_depth__IBNLCO_00205__IBNLCO_00205__gene__promoter,5119
cnv_depth__IBNLCO_00206__IBNLCO_00206__gene,6349
cnv_depth__IBNLCO_00206__IBNLCO_00206__gene__promoter,85
cnv_depth__IBNLCO_00207__IBNLCO_00207__gene__promoter,85
cnv_depth__IBNLCO_00208__IBNLCO_00208__gene,6697
cnv_depth__IBNLCO_00208__Integron__CDS__promoter,5090
cnv_depth__IBNLCO_00209__Ectoine__CDS__promoter,8561
cnv_depth__IBNLCO_00209__IBNLCO_00209__gene,8355
cnv_depth__IBNLCO_00210__IBNLCO_00210__gene,8431
cnv_depth__IBNLCO_00211__IBNLCO_00211__gene__promoter,9150
cnv_depth__IBNLCO_00210__IBNLCO_00210__gene__promoter,7100
cnv_depth__IBNLCO_00211__IBNLCO_00211__gene,5001
cnv_depth__IBNLCO_00212__IBNLCO_00212__gene,5783
cnv_depth__IBNLCO_00212__IBNLCO_00212__gene__promoter,6429
cnv_depth__IBNLCO_00213__eamA__gene,5886
cnv_depth__IBNLCO_00213__eamA__gene__promoter,4985
cnv_depth__IBNLCO_00214__Major__CDS,5699
cnv_depth__IBNLCO_00214__IBNLCO_00214__gene__promoter,7582
cnv_depth__IBNLCO_00215__IBNLCO_00215__gene__promoter,5236
cnv_depth__IBNLCO_00215__IBNLCO_00215__gene,152
cnv_depth__IBNLCO_00216__IBNLCO_00216__gene__promoter,152
cnv_depth__IBNLCO_00216__Stress__CDS,9377
cnv_depth__IBNLCO_00217__hypothetical__CDS,8601
cnv_depth__IBNLCO_00217__hypothetical__CDS__promoter,7211
cnv_depth__IBNLCO_00218__Aldehyde__CDS,5345
cnv_depth__IBNLCO_00218__IBNLCO_00218__gene__promoter,7999
cnv_depth__IBNLCO_00219__Acyl-CoA__CDS__promoter,287
cnv_depth__IBNLCO_00220__Alcohol__CDS__promoter,287
cnv_depth__IBNLCO_00220__Alcohol__CDS,6693
cnv_depth__IBNLCO_00221__flagellar__CDS,7821
cnv_depth__IBNLCO_00221__fliK__gene__promoter,9228
cnv_depth__IBNLCO_00222__flagellar__CDS,5000
cnv_depth__IBNLCO_00222__flagellar__CDS__promoter,8613
cnv_depth__IBNLCO_00223__fliI__gene,6850
cnv_depth__IBNLCO_00224__flagellar__CDS,9592
cnv_depth__IBNLCO_00223__flagellum-specific__CDS__promoter,4994
cnv_depth__IBNLCO_00224__fliH__gene__promoter,6579
cnv_depth__IBNLCO_00225__fliG__gene__promoter,6423
cnv_depth__IBNLCO_00226__flagellar__CDS__promoter,253
cnv_depth__IBNLCO_00227__fliE__gene__promoter,253
cnv_depth__IBNLCO_00227__flagellar__CDS,7990
cnv_depth__IBNLCO_00228__flagellar__CDS__promoter,5569
cnv_depth__IBNLCO_00228__flagellar__CDS,50
cnv_depth__IBNLCO_00229__fliT__gene__promoter,50
cnv_depth__IBNLCO_00229__Flagellar__CDS,9169
cnv_depth__IBNLCO_00230__hypothetical__CDS__promoter,8118
cnv_depth__IBNLCO_00230__IBNLCO_00230__gene,8606
cnv_depth__IBNLCO_00231__Flagellar__CDS__promoter,6630
cnv_depth__IBNLCO_00231__flhB__gene,6129
cnv_depth__IBNLCO_00232__PepSY-associated__CDS__promoter,6358
cnv_depth__IBNLCO_00232__IBNLCO_00232__gene,8694
cnv_depth__IBNLCO_00233__IBNLCO_00233__gene,6111
cnv_depth__IBNLCO_00233__Putative__CDS__promoter,9471
cnv_depth__IBNLCO_00234__bcaP__gene__promoter,8463
cnv_depth__IBNLCO_00235__rqpR__gene,7851
cnv_depth__IBNLCO_00236__IBNLCO_00236__gene,6879
cnv_depth__IBNLCO_00235__response__CDS__promoter,4964
cnv_depth__IBNLCO_00236__histidine__CDS__promoter,6001
cnv_depth__IBNLCO_00237__IBNLCO_00237__gene,5633
cnv_depth__IBNLCO_00237__ferredoxin--NADP(+)__CDS__promoter,5897
cnv_depth__IBNLCO_00238__IBNLCO_00238__gene,6499
cnv_depth__IBNLCO_00238__IBNLCO_00238__gene__promoter,6004
cnv_depth__IBNLCO_00239__IBNLCO_00239__gene,8169
cnv_depth__IBNLCO_00239__Endonuclease/exonuclease/phosphatase__CDS__promoter,6098
cnv_depth__IBNLCO_00240__IBNLCO_00240__gene,9409
cnv_depth__IBNLCO_00240__gnl|Bakta|IBNLCO_00240__CDS__promoter,5893
cnv_depth__IBNLCO_00241__Lon__CDS__promoter,9009
cnv_depth__IBNLCO_00241__IBNLCO_00241__gene,7161
cnv_depth__IBNLCO_00242__L-2-hydroxyglutarate__CDS__promoter,9059
cnv_depth__IBNLCO_00243__hypothetical__CDS__promoter,7134
cnv_depth__IBNLCO_00243__IBNLCO_00243__gene,6382
cnv_depth__IBNLCO_00244__IBNLCO_00244__gene__promoter,8413
cnv_depth__IBNLCO_00244__Proline/betaine__CDS,6996
cnv_depth__IBNLCO_00245__IBNLCO_00245__gene__promoter,7512
cnv_depth__IBNLCO_00245__IBNLCO_00245__gene,119
cnv_depth__IBNLCO_00246__Dipeptide__CDS__promoter,4864
cnv_depth__IBNLCO_00246__Dipeptide__CDS,8849
cnv_depth__IBNLCO_00247__ABC__CDS__promoter,5176
cnv_depth__IBNLCO_00247__IBNLCO_00247__gene,6132
cnv_depth__IBNLCO_00248__ABC-type__CDS__promoter,7261
cnv_depth__IBNLCO_00248__IBNLCO_00248__gene,5547
cnv_depth__IBNLCO_00249__IBNLCO_00249__gene__promoter,5805
cnv_depth__IBNLCO_00249__IBNLCO_00249__gene,6966
cnv_depth__IBNLCO_00250__hypothetical__CDS__promoter,9477
cnv_depth__IBNLCO_00250__hypothetical__CDS,6038
cnv_depth__IBNLCO_00251__BTH_s1__gene__promoter,5372
cnv_depth__IBNLCO_00251__Burkholderia__ncRNA,7271
cnv_depth__IBNLCO_00252__gnl|Bakta|IBNLCO_00252__CDS,5269
cnv_depth__IBNLCO_00253__DUF969__CDS,6570
cnv_depth__IBNLCO_00252__IBNLCO_00252__gene__promoter,9531
cnv_depth__IBNLCO_00253__IBNLCO_00253__gene__promoter,7138
cnv_depth__IBNLCO_00254__5-oxoprolinase__CDS,7765
cnv_depth__IBNLCO_00254__pxpA__gene__promoter,5255
cnv_depth__IBNLCO_00255__IBNLCO_00255__gene,8434
cnv_depth__IBNLCO_00256__5-oxoprolinase__CDS,7773
cnv_depth__IBNLCO_00255__IBNLCO_00255__gene__promoter,5464
cnv_depth__IBNLCO_00257__IBNLCO_00257__gene__promoter,101
cnv_depth__IBNLCO_00256__IBNLCO_00256__gene__promoter,101
cnv_depth__IBNLCO_00257__IBNLCO_00257__gene,5829
cnv_depth__IBNLCO_00258__5-formyltetrahydrofolate__CDS,8153
cnv_depth__IBNLCO_00259__IBNLCO_00259__gene__promoter,6755
cnv_depth__IBNLCO_00258__IBNLCO_00258__gene__promoter,4940
cnv_depth__IBNLCO_00260__IBNLCO_00260__gene__promoter,8015
cnv_depth__IBNLCO_00260__IBNLCO_00260__gene,9369
cnv_depth__IBNLCO_00261__GST__CDS__promoter,9643
cnv_depth__IBNLCO_00261__IBNLCO_00261__gene,6085
cnv_depth__IBNLCO_00262__IBNLCO_00262__gene__promoter,8225
cnv_depth__IBNLCO_00262__IBNLCO_00262__gene,7233
cnv_depth__IBNLCO_00263__IBNLCO_00263__gene,5497
cnv_depth__IBNLCO_00263__IBNLCO_00263__gene__promoter,4937
cnv_depth__IBNLCO_00264__flgN__gene,5818
cnv_depth__IBNLCO_00264__flgN__gene__promoter,9292
cnv_depth__IBNLCO_00265__negative__CDS,8991
cnv_depth__IBNLCO_00265__flgM__gene__promoter,7209
cnv_depth__IBNLCO_00266__flagellar__CDS,9064
cnv_depth__IBNLCO_00266__flgA__gene__promoter,39
cnv_depth__IBNLCO_00267__flgB__gene__promoter,39
cnv_depth__IBNLCO_00267__flagellar__CDS,6757
cnv_depth__IBNLCO_00268__flgC__gene__promoter,9095
cnv_depth__IBNLCO_00268__flagellar__CDS,8759
cnv_depth__IBNLCO_00269__flgD__gene__promoter,8374
cnv_depth__IBNLCO_00269__flgD__gene,8652
cnv_depth__IBNLCO_00270__flgE__gene__promoter,7657
cnv_depth__IBNLCO_00270__flgE__gene,8856
cnv_depth__IBNLCO_00271__flgF__gene__promoter,5592
cnv_depth__IBNLCO_00271__flgF__gene,8593
cnv_depth__IBNLCO_00272__flgG__gene__promoter,8564
cnv_depth__IBNLCO_00272__flgG__gene,4974
cnv_depth__IBNLCO_00273__flgH__gene__promoter,6643
cnv_depth__IBNLCO_00273__flgH__gene,8801
cnv_depth__IBNLCO_00274__flgI__gene__promoter,7581
cnv_depth__IBNLCO_00275__flgJ__gene__promoter,7619
cnv_depth__IBNLCO_00275__flgJ__gene,8103
cnv_depth__IBNLCO_00276__ycgR__gene__promoter,5177
cnv_depth__IBNLCO_00276__ycgR__gene,5441
cnv_depth__IBNLCO_00277__flgK__gene__promoter,6859
cnv_depth__IBNLCO_00278__flgL__gene__promoter,6699
cnv_depth__IBNLCO_00279__IBNLCO_00279__gene__promoter,5045
cnv_depth__IBNLCO_00279__IBNLCO_00279__gene,8348
cnv_depth__IBNLCO_00280__IBNLCO_00280__gene,8149
cnv_depth__IBNLCO_00281__IBNLCO_00281__gene__promoter,307
cnv_depth__IBNLCO_00280__IBNLCO_00280__gene__promoter,307
cnv_depth__IBNLCO_00281__IBNLCO_00281__gene,8797
cnv_depth__IBNLCO_00282__IBNLCO_00282__gene__promoter,8426
cnv_depth__IBNLCO_00283__IBNLCO_00283__gene,6941
cnv_depth__IBNLCO_00284__IBNLCO_00284__gene__promoter,9638
cnv_depth__IBNLCO_00283__IBNLCO_00283__gene__promoter,9041
cnv_depth__IBNLCO_00284__IBNLCO_00284__gene,211
cnv_depth__IBNLCO_00285__IBNLCO_00285__gene__promoter,211
cnv_depth__IBNLCO_00285__IBNLCO_00285__gene,7131
cnv_depth__IBNLCO_00286__IBNLCO_00286__gene__promoter,8399
cnv_depth__IBNLCO_00286__IBNLCO_00286__gene,8574
cnv_depth__IBNLCO_00287__IBNLCO_00287__gene,5745
cnv_depth__IBNLCO_00287__IBNLCO_00287__gene__promoter,7337
cnv_depth__IBNLCO_00288__IBNLCO_00288__gene,7230
cnv_depth__IBNLCO_00288__IBNLCO_00288__gene__promoter,5338
cnv_depth__IBNLCO_00289__IBNLCO_00289__gene,7180
cnv_depth__IBNLCO_00289__IBNLCO_00289__gene__promoter,8143
cnv_depth__IBNLCO_00290__IBNLCO_00290__gene__promoter,5184
cnv_depth__IBNLCO_00291__Carbohydrate__CDS__promoter,8975
cnv_depth__IBNLCO_00292__IBNLCO_00292__gene,8214
cnv_depth__IBNLCO_00292__hypothetical__CDS__promoter,7145
cnv_depth__IBNLCO_00293__IBNLCO_00293__gene,6493
cnv_depth__IBNLCO_00293__hypothetical__CDS__promoter,8966
cnv_depth__IBNLCO_00294__IBNLCO_00294__gene__promoter,6823
cnv_depth__IBNLCO_00295__IBNLCO_00295__gene__promoter,201
cnv_depth__IBNLCO_00294__IBNLCO_00294__gene,201
cnv_depth__IBNLCO_00295__IBNLCO_00295__gene,7602
cnv_depth__IBNLCO_00296__Manganese__CDS__promoter,6594
cnv_depth__IBNLCO_00296__IBNLCO_00296__gene,8128
cnv_depth__IBNLCO_00297__IBNLCO_00297__gene__promoter,9335
cnv_depth__IBNLCO_00297__IBNLCO_00297__gene,9243
cnv_depth__IBNLCO_00298__IBNLCO_00298__gene__promoter,8954
cnv_depth__IBNLCO_00299__Argininosuccinate__CDS__promoter,8363
cnv_depth__IBNLCO_00299__IBNLCO_00299__gene,6719
cnv_depth__IBNLCO_00300__IBNLCO_00300__gene__promoter,6743
cnv_depth__IBNLCO_00300__IBNLCO_00300__gene,8358
cnv_depth__IBNLCO_00301__Secreted__CDS__promoter,5714
cnv_depth__IBNLCO_00301__IBNLCO_00301__gene,7494
cnv_depth__IBNLCO_00302__IBNLCO_00302__gene__promoter,8267
cnv_depth__IBNLCO_00302__IBNLCO_00302__gene,7375
cnv_depth__IBNLCO_00303__Copper-translocating__CDS__promoter,6389
cnv_depth__IBNLCO_00304__lemA__gene__promoter,6977
cnv_depth__IBNLCO_00304__lemA__gene,5596
cnv_depth__IBNLCO_00305__TPM__CDS__promoter,5452
cnv_depth__IBNLCO_00305__IBNLCO_00305__gene,9591
cnv_depth__IBNLCO_00306__IBNLCO_00306__gene__promoter,5065
cnv_depth__IBNLCO_00306__IBNLCO_00306__gene,9187
cnv_depth__IBNLCO_00307__gnl|Bakta|IBNLCO_00307__CDS__promoter,7723
cnv_depth__IBNLCO_00307__IBNLCO_00307__gene,8136
cnv_depth__IBNLCO_00308__IBNLCO_00308__gene__promoter,7563
cnv_depth__IBNLCO_00308__IBNLCO_00308__gene,6782
cnv_depth__IBNLCO_00309__RND__CDS__promoter,8167
cnv_depth__IBNLCO_00310__Cation__CDS__promoter,5487
cnv_depth__IBNLCO_00311__copper-binding__CDS__promoter,7415
cnv_depth__IBNLCO_00311__IBNLCO_00311__gene,9279
cnv_depth__IBNLCO_00312__IBNLCO_00312__gene__promoter,7033
cnv_depth__IBNLCO_00312__IBNLCO_00312__gene,6434
cnv_depth__IBNLCO_00313__IBNLCO_00313__gene,6572
cnv_depth__IBNLCO_00313__IBNLCO_00313__gene__promoter,7943
cnv_depth__IBNLCO_00314__glmU__gene,8429
cnv_depth__IBNLCO_00314__glmU__gene__promoter,9446
cnv_depth__IBNLCO_00315__IBNLCO_00315__gene,6161
cnv_depth__IBNLCO_00316__IBNLCO_00316__gene,4932
cnv_depth__IBNLCO_00315__tRNA-cytidine(32)__CDS__promoter,5183
cnv_depth__IBNLCO_00316__IBNLCO_00316__gene__promoter,6563
cnv_depth__IBNLCO_00317__IBNLCO_00317__gene,8962
cnv_depth__IBNLCO_00318__IBNLCO_00318__gene__promoter,6056
cnv_depth__IBNLCO_00317__IBNLCO_00317__gene__promoter,7006
cnv_depth__IBNLCO_00318__IBNLCO_00318__gene,8039
cnv_depth__IBNLCO_00319__hypothetical__CDS__promoter,7129
cnv_depth__IBNLCO_00319__IBNLCO_00319__gene,5830
cnv_depth__IBNLCO_00320__IBNLCO_00320__gene,6828
cnv_depth__IBNLCO_00320__IBNLCO_00320__gene__promoter,8151
cnv_depth__IBNLCO_00321__IBNLCO_00321__gene,8711
cnv_depth__IBNLCO_00322__IBNLCO_00322__gene,7724
cnv_depth__IBNLCO_00321__IBNLCO_00321__gene__promoter,6093
cnv_depth__IBNLCO_00322__IBNLCO_00322__gene__promoter,5526
cnv_depth__IBNLCO_00323__HTH__CDS__promoter,5467
cnv_depth__IBNLCO_00324__IBNLCO_00324__gene,8040
cnv_depth__IBNLCO_00324__Methyl-accepting__CDS__promoter,6582
cnv_depth__IBNLCO_00325__IBNLCO_00325__gene,6848
cnv_depth__IBNLCO_00325__Bile__CDS__promoter,4911
cnv_depth__IBNLCO_00326__IBNLCO_00326__gene__promoter,8579
cnv_depth__IBNLCO_00326__IBNLCO_00326__gene,4960
cnv_depth__IBNLCO_00327__Porin__CDS__promoter,5675
cnv_depth__IBNLCO_00327__IBNLCO_00327__gene,8893
cnv_depth__IBNLCO_00328__IBNLCO_00328__gene__promoter,7465
cnv_depth__IBNLCO_00329__IBNLCO_00329__gene,7645
cnv_depth__IBNLCO_00329__IBNLCO_00329__gene__promoter,120
cnv_depth__IBNLCO_00330__IBNLCO_00330__gene__promoter,120
cnv_depth__IBNLCO_00330__IBNLCO_00330__gene,6898
cnv_depth__IBNLCO_00331__asnC__gene,8109
cnv_depth__IBNLCO_00332__EamA__CDS__promoter,9359
cnv_depth__IBNLCO_00331__asnC__gene__promoter,9221
cnv_depth__IBNLCO_00333__IBNLCO_00333__gene,5655
cnv_depth__IBNLCO_00334__ybaK__gene,5115
cnv_depth__IBNLCO_00333__DUF1289__CDS__promoter,5523
cnv_depth__IBNLCO_00334__ybaK__gene__promoter,8245
cnv_depth__IBNLCO_00335__IBNLCO_00335__gene,9417
cnv_depth__IBNLCO_00335__hydroxymethylglutaryl-CoA__CDS__promoter,6503
cnv_depth__IBNLCO_00336__IBNLCO_00336__gene,2638
cnv_depth__IBNLCO_00336__IBNLCO_00336__gene__promoter,8644
cnv_depth__IBNLCO_00337__IBNLCO_00337__gene,5656
cnv_depth__IBNLCO_00338__Alpha/beta__CDS__promoter,216
cnv_depth__IBNLCO_00337__IBNLCO_00337__gene__promoter,216
cnv_depth__IBNLCO_00338__IBNLCO_00338__gene,8252
cnv_depth__IBNLCO_00339__IBNLCO_00339__gene,9291
cnv_depth__IBNLCO_00339__IBNLCO_00339__gene__promoter,8933
cnv_depth__IBNLCO_00340__IBNLCO_00340__gene__promoter,8793
cnv_depth__IBNLCO_00341__IBNLCO_00341__gene,6862
cnv_depth__IBNLCO_00341__hypothetical__CDS__promoter,5369
cnv_depth__IBNLCO_00342__IBNLCO_00342__gene,5444
cnv_depth__IBNLCO_00343__azlC__gene__promoter,9075
cnv_depth__IBNLCO_00342__IBNLCO_00342__gene__promoter,6408
cnv_depth__IBNLCO_00343__azlC__gene,6936
cnv_depth__IBNLCO_00344__Branched-chain__CDS__promoter,6244
cnv_depth__IBNLCO_00344__IBNLCO_00344__gene,9681
cnv_depth__IBNLCO_00345__Hydrolase-related__CDS__promoter,5488
cnv_depth__IBNLCO_00346__IBNLCO_00346__gene,8802
cnv_depth__IBNLCO_00346__SCO1/SenC__CDS__promoter,6762
cnv_depth__IBNLCO_00347__hypothetical__CDS,9405
cnv_depth__IBNLCO_00347__IBNLCO_00347__gene__promoter,135
cnv_depth__IBNLCO_00348__4-hydroxy-tetrahydrodipicolinate__CDS,9017
cnv_depth__IBNLCO_00348__IBNLCO_00348__gene__promoter,135
cnv_depth__IBNLCO_00349__IBNLCO_00349__gene__promoter,135
cnv_depth__IBNLCO_00349__hypothetical__CDS,482
cnv_depth__IBNLCO_00350__Inclusion__CDS,482
cnv_depth__IBNLCO_00350__IBNLCO_00350__gene__promoter,1189
cnv_depth__IBNLCO_00351__IBNLCO_00351__gene__promoter,1189
cnv_depth__IBNLCO_00351__DNA-directed__CDS,482
cnv_depth__IBNLCO_00352__IBNLCO_00352__gene__promoter,4290
cnv_depth__IBNLCO_00352__hypothetical__CDS,73
cnv_depth__IBNLCO_00353__Fis__CDS__promoter,73
cnv_depth__IBNLCO_00353__Fis__CDS,73
cnv_depth__IBNLCO_00354__Sulfate-binding__CDS__promoter,4921
cnv_depth__IBNLCO_00354__Sulfate-binding__CDS,6644
cnv_depth__IBNLCO_00355__IBNLCO_00355__gene__promoter,7196
cnv_depth__IBNLCO_00355__Peptidase__CDS,7311
cnv_depth__IBNLCO_00356__hypothetical__CDS__promoter,6425
cnv_depth__IBNLCO_00356__IBNLCO_00356__gene,8769
cnv_depth__IBNLCO_00357__IBNLCO_00357__gene__promoter,6589
cnv_depth__IBNLCO_00357__Potassium__CDS,6869
cnv_depth__IBNLCO_00358__IBNLCO_00358__gene__promoter,5018
cnv_depth__IBNLCO_00359__Sodium%2C__CDS__promoter,7631
cnv_depth__IBNLCO_00360__EAL__CDS__promoter,6622
cnv_depth__IBNLCO_00361__IBNLCO_00361__gene__promoter,8976
cnv_depth__IBNLCO_00362__IBNLCO_00362__gene__promoter,5303
cnv_depth__IBNLCO_00363__IBNLCO_00363__gene__promoter,7911
cnv_depth__IBNLCO_00364__IBNLCO_00364__gene__promoter,7464
cnv_depth__IBNLCO_00364__DUF3108__CDS,5031
cnv_depth__IBNLCO_00365__cutC__gene__promoter,4891
cnv_depth__IBNLCO_00365__PF03932__CDS,7907
cnv_depth__IBNLCO_00366__Biotin__CDS__promoter,4863
cnv_depth__IBNLCO_00367__ATP-dependent__CDS,6255
cnv_depth__IBNLCO_00368__IBNLCO_00368__gene,5132
cnv_depth__IBNLCO_00367__ATP-dependent__CDS__promoter,6177
cnv_depth__IBNLCO_00369__IBNLCO_00369__gene,7983
cnv_depth__IBNLCO_00368__8-amino-7-oxononanoate__CDS__promoter,5907
cnv_depth__IBNLCO_00369__IBNLCO_00369__gene__promoter,7469
cnv_depth__IBNLCO_00370__hypothetical__CDS__promoter,5712
cnv_depth__IBNLCO_00371__IBNLCO_00371__gene,5295
cnv_depth__IBNLCO_00371__YchJ-like__CDS__promoter,5604
cnv_depth__IBNLCO_00372__NADPH-dependent__CDS,8405
cnv_depth__IBNLCO_00372__IBNLCO_00372__gene__promoter,9551
cnv_depth__IBNLCO_00373__Acetyl-CoA__CDS,5543
cnv_depth__IBNLCO_00373__Acetyl-CoA__CDS__promoter,7343
cnv_depth__IBNLCO_00374__Carbonic__CDS__promoter,5583
cnv_depth__IBNLCO_00375__Isocitrate__CDS,9049
cnv_depth__IBNLCO_00375__Isocitrate__CDS__promoter,7624
cnv_depth__IBNLCO_00376__IBNLCO_00376__gene__promoter,6634
cnv_depth__IBNLCO_00377__IBNLCO_00377__gene,5501
cnv_depth__IBNLCO_00377__ABC__CDS__promoter,9431
cnv_depth__IBNLCO_00378__IBNLCO_00378__gene,8080
cnv_depth__IBNLCO_00378__putative__CDS__promoter,8767
cnv_depth__IBNLCO_00379__Winged__CDS__promoter,338
cnv_depth__IBNLCO_00380__Short-chain__CDS__promoter,338
cnv_depth__IBNLCO_00380__IBNLCO_00380__gene,7505
cnv_depth__IBNLCO_00381__Sulfoacetaldehyde__CDS__promoter,5623
cnv_depth__IBNLCO_00382__dsbA__gene,5542
cnv_depth__IBNLCO_00382__thiol:disulfide__CDS__promoter,7731
cnv_depth__IBNLCO_00383__IBNLCO_00383__gene,7860
cnv_depth__IBNLCO_00383__IBNLCO_00383__gene__promoter,6763
cnv_depth__IBNLCO_00384__IBNLCO_00384__gene,7665
cnv_depth__IBNLCO_00384__IBNLCO_00384__gene__promoter,859
cnv_depth__IBNLCO_00385__hypothetical__CDS__promoter,859
cnv_depth__IBNLCO_00385__hypothetical__CDS,8331
cnv_depth__IBNLCO_00386__Methionine__CDS,8862
cnv_depth__IBNLCO_00386__IBNLCO_00386__gene__promoter,8527
cnv_depth__IBNLCO_00387__IBNLCO_00387__gene__promoter,9593
cnv_depth__IBNLCO_00388__DUF3567__CDS,6180
cnv_depth__IBNLCO_00388__DUF3567__CDS__promoter,8081
cnv_depth__IBNLCO_00389__IBNLCO_00389__gene,6221
cnv_depth__IBNLCO_00389__DUF3108__CDS__promoter,6973
cnv_depth__IBNLCO_00390__iclR__gene,8624
cnv_depth__IBNLCO_00391__IBNLCO_00391__gene__promoter,8639
cnv_depth__IBNLCO_00390__iclR__gene__promoter,5575
cnv_depth__IBNLCO_00391__IBNLCO_00391__gene,6229
cnv_depth__IBNLCO_00392__IBNLCO_00392__gene__promoter,6867
cnv_depth__IBNLCO_00392__Enoyl-CoA__CDS,6052
cnv_depth__IBNLCO_00393__IBNLCO_00393__gene__promoter,7401
cnv_depth__IBNLCO_00393__IBNLCO_00393__gene,5766
cnv_depth__IBNLCO_00394__IBNLCO_00394__gene__promoter,7081
cnv_depth__IBNLCO_00394__PNPLA__CDS,9544
cnv_depth__IBNLCO_00395__IBNLCO_00395__gene__promoter,6661
cnv_depth__IBNLCO_00395__IBNLCO_00395__gene,5149
cnv_depth__IBNLCO_00396__IBNLCO_00396__gene__promoter,5887
cnv_depth__IBNLCO_00396__IBNLCO_00396__gene,7853
cnv_depth__IBNLCO_00397__IBNLCO_00397__gene,5134
cnv_depth__IBNLCO_00397__hypothetical__CDS__promoter,7285
cnv_depth__IBNLCO_00398__Type__CDS,9067
cnv_depth__IBNLCO_00399__IBNLCO_00399__gene,9160
cnv_depth__IBNLCO_00398__Type__CDS__promoter,6376
cnv_depth__IBNLCO_00399__IBNLCO_00399__gene__promoter,9254
cnv_depth__IBNLCO_00400__Sel1__CDS,8792
cnv_depth__IBNLCO_00400__Sel1__CDS__promoter,6405
cnv_depth__IBNLCO_00401__IBNLCO_00401__gene__promoter,9489
cnv_depth__IBNLCO_00402__ABC__CDS__promoter,7644
cnv_depth__IBNLCO_00403__Putative__CDS__promoter,6764
cnv_depth__IBNLCO_00403__mlaF__gene,5476
cnv_depth__IBNLCO_00404__ABC__CDS__promoter,5935
cnv_depth__IBNLCO_00405__IBNLCO_00405__gene__promoter,9363
cnv_depth__IBNLCO_00405__IBNLCO_00405__gene,8079
cnv_depth__IBNLCO_00406__VanZ__CDS__promoter,5944
cnv_depth__IBNLCO_00406__vanZ__gene,7485
cnv_depth__IBNLCO_00407__NADH-quinone__CDS__promoter,5333
cnv_depth__IBNLCO_00407__IBNLCO_00407__gene,8495
cnv_depth__IBNLCO_00408__Xaa-Pro__CDS__promoter,7952
cnv_depth__IBNLCO_00408__IBNLCO_00408__gene,5910
cnv_depth__IBNLCO_00409__serine-type__CDS__promoter,9283
cnv_depth__IBNLCO_00410__branched-chain-amino-acid__CDS__promoter,5311
cnv_depth__IBNLCO_00411__UPF0250__CDS__promoter,5777
cnv_depth__IBNLCO_00411__UPF0250__CDS,6851
cnv_depth__IBNLCO_00412__HTH__CDS,8206
cnv_depth__IBNLCO_00413__DUF2917__CDS__promoter,8137
cnv_depth__IBNLCO_00412__IBNLCO_00412__gene__promoter,9517
cnv_depth__IBNLCO_00413__DUF2917__CDS,9145
cnv_depth__IBNLCO_00414__gnl|Bakta|IBNLCO_00414__CDS__promoter,4938
cnv_depth__IBNLCO_00414__gnl|Bakta|IBNLCO_00414__CDS,7597
cnv_depth__IBNLCO_00415__IBNLCO_00415__gene__promoter,6668
cnv_depth__IBNLCO_00415__IBNLCO_00415__gene,6094
cnv_depth__IBNLCO_00416__IBNLCO_00416__gene,9562
cnv_depth__IBNLCO_00416__IBNLCO_00416__gene__promoter,5840
cnv_depth__IBNLCO_00417__IBNLCO_00417__gene__promoter,6551
cnv_depth__IBNLCO_00417__IBNLCO_00417__gene,8864
cnv_depth__IBNLCO_00418__HTH__CDS,5454
cnv_depth__IBNLCO_00419__IBNLCO_00419__gene__promoter,806
cnv_depth__IBNLCO_00418__HTH__CDS__promoter,806
cnv_depth__IBNLCO_00419__3-hydroxyacyl-CoA__CDS,8805
cnv_depth__IBNLCO_00420__Acyl-CoA__CDS__promoter,5263
cnv_depth__IBNLCO_00421__Pimeloyl-CoA__CDS__promoter,5531
cnv_depth__IBNLCO_00421__Pimeloyl-CoA__CDS,8402
cnv_depth__IBNLCO_00422__Acetyl-CoA:oxalate__CDS__promoter,7803
cnv_depth__IBNLCO_00422__IBNLCO_00422__gene,7373
cnv_depth__IBNLCO_00423__IBNLCO_00423__gene__promoter,8589
cnv_depth__IBNLCO_00423__IBNLCO_00423__gene,19
cnv_depth__IBNLCO_00424__IBNLCO_00424__gene__promoter,19
cnv_depth__IBNLCO_00425__IBNLCO_00425__gene__promoter,9019
cnv_depth__IBNLCO_00425__IBNLCO_00425__gene,7175
cnv_depth__IBNLCO_00426__histidine__CDS__promoter,8279
cnv_depth__IBNLCO_00427__Sigma-54-dependent__CDS__promoter,5086
cnv_depth__IBNLCO_00428__IBNLCO_00428__gene,7634
cnv_depth__IBNLCO_00428__Thioredoxin__CDS__promoter,9709
cnv_depth__IBNLCO_00429__gnl|Bakta|IBNLCO_00429__CDS__promoter,8396
cnv_depth__IBNLCO_00429__IBNLCO_00429__gene,5072
cnv_depth__IBNLCO_00430__IBNLCO_00430__gene,6133
cnv_depth__IBNLCO_00430__IBNLCO_00430__gene__promoter,5682
cnv_depth__IBNLCO_00431__IBNLCO_00431__gene__promoter,8883
cnv_depth__IBNLCO_00431__IBNLCO_00431__gene,6811
cnv_depth__IBNLCO_00432__Mg__CDS,8906
cnv_depth__IBNLCO_00432__Mg__CDS__promoter,5334
cnv_depth__IBNLCO_00433__Ubiquinone__CDS,7771
cnv_depth__IBNLCO_00433__ubiK__gene__promoter,5620
cnv_depth__IBNLCO_00434__IBNLCO_00434__gene__promoter,6044
cnv_depth__IBNLCO_00434__IBNLCO_00434__gene,9219
cnv_depth__IBNLCO_00435__Ammonium__CDS__promoter,7695
cnv_depth__IBNLCO_00435__IBNLCO_00435__gene,8379
cnv_depth__IBNLCO_00436__IBNLCO_00436__gene__promoter,9583
cnv_depth__IBNLCO_00436__Glutamate--cysteine__CDS,7683
cnv_depth__IBNLCO_00437__IBNLCO_00437__gene__promoter,6403
cnv_depth__IBNLCO_00438__IBNLCO_00438__gene__promoter,6079
cnv_depth__IBNLCO_00438__IBNLCO_00438__gene,6009
cnv_depth__IBNLCO_00439__PTS__CDS__promoter,9242
cnv_depth__IBNLCO_00439__PTS__CDS,8777
cnv_depth__IBNLCO_00440__Phosphoenolpyruvate-protein__CDS__promoter,6230
cnv_depth__IBNLCO_00441__moeB__gene,7157
cnv_depth__IBNLCO_00441__moeB__gene__promoter,8746
cnv_depth__IBNLCO_00442__IBNLCO_00442__gene__promoter,5707
cnv_depth__IBNLCO_00443__IBNLCO_00443__gene,6137
cnv_depth__IBNLCO_00444__Thiosulfate__CDS__promoter,43
cnv_depth__IBNLCO_00443__IBNLCO_00443__gene__promoter,43
cnv_depth__IBNLCO_00444__Thiosulfate__CDS,9665
cnv_depth__IBNLCO_00445__IBNLCO_00445__gene__promoter,8971
cnv_depth__IBNLCO_00445__IBNLCO_00445__gene,8177
cnv_depth__IBNLCO_00446__Protein-export__CDS__promoter,6401
cnv_depth__IBNLCO_00446__secB__gene,8490
cnv_depth__IBNLCO_00447__IBNLCO_00447__gene__promoter,9265
cnv_depth__IBNLCO_00447__IBNLCO_00447__gene,7727
cnv_depth__IBNLCO_00448__IBNLCO_00448__gene__promoter,6902
cnv_depth__IBNLCO_00448__O-acetyl-ADP-ribose__CDS,8519
cnv_depth__IBNLCO_00449__IBNLCO_00449__gene__promoter,8035
cnv_depth__IBNLCO_00450__comF__gene,5634
cnv_depth__IBNLCO_00451__Malonyl-[acyl-carrier__CDS__promoter,5290
cnv_depth__IBNLCO_00450__comF__gene__promoter,5756
cnv_depth__IBNLCO_00451__Malonyl-[acyl-carrier__CDS,6369
cnv_depth__IBNLCO_00452__Integral__CDS__promoter,5997
cnv_depth__IBNLCO_00452__IBNLCO_00452__gene,7268
cnv_depth__IBNLCO_00453__IBNLCO_00453__gene__promoter,9581
cnv_depth__IBNLCO_00453__Cytochrome__CDS,7096
cnv_depth__IBNLCO_00454__Cytochrome__CDS__promoter,9093
cnv_depth__IBNLCO_00454__Cytochrome__CDS,9564
cnv_depth__IBNLCO_00455__Cytochrome__CDS__promoter,6636
cnv_depth__IBNLCO_00455__ctaG__gene,8887
cnv_depth__IBNLCO_00456__DUF2970__CDS__promoter,6090
cnv_depth__IBNLCO_00456__IBNLCO_00456__gene,7567
cnv_depth__IBNLCO_00457__cytochrome-c__CDS__promoter,5658
cnv_depth__IBNLCO_00457__IBNLCO_00457__gene,8740
cnv_depth__IBNLCO_00458__Twin__CDS,9696
cnv_depth__IBNLCO_00459__SURF1-like__CDS__promoter,7741
cnv_depth__IBNLCO_00458__IBNLCO_00458__gene__promoter,7680
cnv_depth__IBNLCO_00459__IBNLCO_00459__gene,6829
cnv_depth__IBNLCO_00460__Cytochrome__CDS__promoter,8538
cnv_depth__IBNLCO_00460__Cytochrome__CDS,8380
cnv_depth__IBNLCO_00461__IBNLCO_00461__gene__promoter,6233
cnv_depth__IBNLCO_00462__Protoheme__CDS__promoter,5023
cnv_depth__IBNLCO_00463__ctaB__gene__promoter,7013
cnv_depth__IBNLCO_00463__ctaB__gene,6136
cnv_depth__IBNLCO_00464__IBNLCO_00464__gene,8787
cnv_depth__IBNLCO_00465__IBNLCO_00465__gene__promoter,7315
cnv_depth__IBNLCO_00464__IBNLCO_00464__gene__promoter,5396
cnv_depth__IBNLCO_00466__IBNLCO_00466__gene__promoter,9406
cnv_depth__IBNLCO_00466__gnl|Bakta|IBNLCO_00466__CDS,8773
cnv_depth__IBNLCO_00467__IBNLCO_00467__gene,7259
cnv_depth__IBNLCO_00468__IBNLCO_00468__gene__promoter,355
cnv_depth__IBNLCO_00467__IBNLCO_00467__gene__promoter,355
cnv_depth__IBNLCO_00468__IBNLCO_00468__gene,5296
cnv_depth__IBNLCO_00469__ABC__CDS__promoter,7989
cnv_depth__IBNLCO_00469__IBNLCO_00469__gene,8931
cnv_depth__IBNLCO_00470__lktB__gene__promoter,8541
cnv_depth__IBNLCO_00470__lktB__gene,6371
cnv_depth__IBNLCO_00471__Translesion__CDS__promoter,4958
cnv_depth__IBNLCO_00471__imuA__gene,9641
cnv_depth__IBNLCO_00472__UmuC__CDS__promoter,9647
cnv_depth__IBNLCO_00472__umuC__gene,9298
cnv_depth__IBNLCO_00473__IBNLCO_00473__gene__promoter,5274
cnv_depth__IBNLCO_00473__IBNLCO_00473__gene,8503
cnv_depth__IBNLCO_00474__IBNLCO_00474__gene,9206
cnv_depth__IBNLCO_00474__IBNLCO_00474__gene__promoter,6469
cnv_depth__IBNLCO_00475__IBNLCO_00475__gene__promoter,4930
cnv_depth__IBNLCO_00476__IBNLCO_00476__gene__promoter,8125
cnv_depth__IBNLCO_00477__IBNLCO_00477__gene,8876
cnv_depth__IBNLCO_00477__Diaminobutyrate--2-oxoglutarate__CDS__promoter,8036
cnv_depth__IBNLCO_00478__IBNLCO_00478__gene,6182
cnv_depth__IBNLCO_00478__gnl|Bakta|IBNLCO_00478__CDS__promoter,7786
cnv_depth__IBNLCO_00479__IBNLCO_00479__gene,7292
cnv_depth__IBNLCO_00479__IBNLCO_00479__gene__promoter,5933
cnv_depth__IBNLCO_00480__IBNLCO_00480__gene__promoter,5554
cnv_depth__IBNLCO_00481__IBNLCO_00481__gene,9465
cnv_depth__IBNLCO_00482__IBNLCO_00482__gene,7699
cnv_depth__IBNLCO_00481__IBNLCO_00481__gene__promoter,8749
cnv_depth__IBNLCO_00482__IBNLCO_00482__gene__promoter,8201
cnv_depth__IBNLCO_00483__IBNLCO_00483__gene,9475
cnv_depth__IBNLCO_00483__citrate__CDS__promoter,5551
cnv_depth__IBNLCO_00485__IBNLCO_00485__gene,8513
cnv_depth__IBNLCO_00484__Acyl-CoA__CDS__promoter,6319
cnv_depth__IBNLCO_00485__3-oxoacyl-ACP__CDS__promoter,6583
cnv_depth__IBNLCO_00486__IBNLCO_00486__gene,7780
cnv_depth__IBNLCO_00486__IBNLCO_00486__gene__promoter,5258
cnv_depth__IBNLCO_00487__IBNLCO_00487__gene,7792
cnv_depth__IBNLCO_00487__IBNLCO_00487__gene__promoter,6523
cnv_depth__IBNLCO_00488__IBNLCO_00488__gene__promoter,5603
cnv_depth__IBNLCO_00489__IBNLCO_00489__gene,5248
cnv_depth__IBNLCO_00489__IBNLCO_00489__gene__promoter,8649
cnv_depth__IBNLCO_00490__IBNLCO_00490__gene,7372
cnv_depth__IBNLCO_00491__IBNLCO_00491__gene,5577
cnv_depth__IBNLCO_00490__IBNLCO_00490__gene__promoter,5079
cnv_depth__IBNLCO_00491__IBNLCO_00491__gene__promoter,7915
cnv_depth__IBNLCO_00492__IBNLCO_00492__gene,7564
cnv_depth__IBNLCO_00492__IBNLCO_00492__gene__promoter,5153
cnv_depth__IBNLCO_00493__IBNLCO_00493__gene,4908
cnv_depth__IBNLCO_00493__IBNLCO_00493__gene__promoter,7951
cnv_depth__IBNLCO_00494__IBNLCO_00494__gene__promoter,5625
cnv_depth__IBNLCO_00495__lysR__gene__promoter,9207
cnv_depth__IBNLCO_00496__IBNLCO_00496__gene__promoter,6613
cnv_depth__IBNLCO_00496__IBNLCO_00496__gene,7381
cnv_depth__IBNLCO_00497__IBNLCO_00497__gene__promoter,7855
cnv_depth__IBNLCO_00498__IBNLCO_00498__gene__promoter,5025
cnv_depth__IBNLCO_00498__Glucosamine__CDS,7026
cnv_depth__IBNLCO_00499__IBNLCO_00499__gene__promoter,7433
cnv_depth__IBNLCO_00499__Phosphoenolpyruvate-protein__CDS,8308
cnv_depth__IBNLCO_00500__IBNLCO_00500__gene__promoter,5951
cnv_depth__IBNLCO_00501__IBNLCO_00501__gene__promoter,8963
cnv_depth__IBNLCO_00502__IBNLCO_00502__gene__promoter,5055
cnv_depth__IBNLCO_00502__IBNLCO_00502__gene,6144
cnv_depth__IBNLCO_00503__hypothetical__CDS,5908
cnv_depth__IBNLCO_00503__IBNLCO_00503__gene__promoter,6131
cnv_depth__IBNLCO_00504__IBNLCO_00504__gene__promoter,8333
cnv_depth__IBNLCO_00505__IBNLCO_00505__gene,8758
cnv_depth__IBNLCO_00506__DUF4492__CDS,157
cnv_depth__IBNLCO_00505__IBNLCO_00505__gene__promoter,157
cnv_depth__IBNLCO_00506__IBNLCO_00506__gene__promoter,8175
cnv_depth__IBNLCO_00507__rpoH__gene,6662
cnv_depth__IBNLCO_00507__rpoH__gene__promoter,8774
cnv_depth__IBNLCO_00508__IBNLCO_00508__gene__promoter,7459
cnv_depth__IBNLCO_00508__IBNLCO_00508__gene,7889
cnv_depth__IBNLCO_00509__IBNLCO_00509__gene__promoter,4907
cnv_depth__IBNLCO_00510__IBNLCO_00510__gene__promoter,6059
cnv_depth__IBNLCO_00511__Acetyltransferase__CDS,6557
cnv_depth__IBNLCO_00511__IBNLCO_00511__gene__promoter,7446
cnv_depth__IBNLCO_00512__ybiB__gene,8268
cnv_depth__IBNLCO_00513__IBNLCO_00513__gene,8705
cnv_depth__IBNLCO_00512__ybiB__gene__promoter,6122
cnv_depth__IBNLCO_00514__IBNLCO_00514__gene,76
cnv_depth__IBNLCO_00513__IBNLCO_00513__gene__promoter,76
cnv_depth__IBNLCO_00514__IBNLCO_00514__gene__promoter,7003
cnv_depth__IBNLCO_00515__IBNLCO_00515__gene,8249
cnv_depth__IBNLCO_00515__Nitrite__CDS__promoter,5011
cnv_depth__IBNLCO_00516__IBNLCO_00516__gene__promoter,6197
cnv_depth__IBNLCO_00516__Maleylacetoacetate__CDS,5849
cnv_depth__IBNLCO_00517__hypothetical__CDS,5733
cnv_depth__IBNLCO_00517__IBNLCO_00517__gene__promoter,569
cnv_depth__IBNLCO_00518__rsmD__gene__promoter,569
cnv_depth__IBNLCO_00518__rsmD__gene,5084
cnv_depth__IBNLCO_00519__IBNLCO_00519__gene__promoter,5406
cnv_depth__IBNLCO_00519__IBNLCO_00519__gene,6706
cnv_depth__IBNLCO_00520__IBNLCO_00520__gene__promoter,6220
cnv_depth__IBNLCO_00520__IBNLCO_00520__gene,8815
cnv_depth__IBNLCO_00521__IBNLCO_00521__gene__promoter,7103
cnv_depth__IBNLCO_00522__IBNLCO_00522__gene__promoter,7191
cnv_depth__IBNLCO_00523__IBNLCO_00523__gene,8811
cnv_depth__IBNLCO_00523__IBNLCO_00523__gene__promoter,8775
cnv_depth__IBNLCO_00524__IBNLCO_00524__gene,8102
cnv_depth__IBNLCO_00524__IBNLCO_00524__gene__promoter,392
cnv_depth__IBNLCO_00525__trnQ__gene,392
cnv_depth__IBNLCO_00525__trnQ__gene__promoter,8373
cnv_depth__IBNLCO_00526__IBNLCO_00526__gene__promoter,8403
cnv_depth__IBNLCO_00527__Outer-membrane__CDS,7747
cnv_depth__IBNLCO_00527__Outer-membrane__CDS__promoter,5071
cnv_depth__IBNLCO_00529__Formamidopyrimidine-DNA__CDS__promoter,8250
cnv_depth__IBNLCO_00528__IBNLCO_00528__gene__promoter,7760
cnv_depth__IBNLCO_00529__Formamidopyrimidine-DNA__CDS,9192
cnv_depth__IBNLCO_00530__IBNLCO_00530__gene__promoter,4878
cnv_depth__IBNLCO_00530__Adenine__CDS,6436
cnv_depth__IBNLCO_00531__Lon__CDS__promoter,5145
cnv_depth__IBNLCO_00532__IBNLCO_00532__gene,8138
cnv_depth__IBNLCO_00532__IBNLCO_00532__gene__promoter,5511
cnv_depth__IBNLCO_00533__HPr__CDS__promoter,6531
cnv_depth__IBNLCO_00534__IBNLCO_00534__gene__promoter,5386
cnv_depth__IBNLCO_00535__Ribosome__CDS,647
cnv_depth__IBNLCO_00536__IBNLCO_00536__gene__promoter,647
cnv_depth__IBNLCO_00535__IBNLCO_00535__gene__promoter,299
cnv_depth__IBNLCO_00536__IBNLCO_00536__gene,299
cnv_depth__IBNLCO_00537__RNA__CDS__promoter,8207
cnv_depth__IBNLCO_00538__lptB__gene,8195
cnv_depth__IBNLCO_00538__lptB__gene__promoter,3211
cnv_depth__IBNLCO_00539__Lipopolysaccharide__CDS__promoter,8335
cnv_depth__IBNLCO_00540__Lipopolysaccharide__CDS,6861
cnv_depth__IBNLCO_00540__lptC__gene__promoter,5864
cnv_depth__IBNLCO_00541__kdsC__gene__promoter,8433
cnv_depth__IBNLCO_00543__Potassium__CDS__promoter,8254
cnv_depth__IBNLCO_00542__IBNLCO_00542__gene__promoter,7721
cnv_depth__IBNLCO_00544__IBNLCO_00544__gene__promoter,7051
cnv_depth__IBNLCO_00544__IBNLCO_00544__gene,8979
cnv_depth__IBNLCO_00545__Homoserine/Threonine__CDS__promoter,8627
cnv_depth__IBNLCO_00545__IBNLCO_00545__gene,8911
cnv_depth__IBNLCO_00546__IBNLCO_00546__gene__promoter,8300
cnv_depth__IBNLCO_00546__NUDIX__CDS,6438
cnv_depth__IBNLCO_00547__Formyltetrahydrofolate__CDS__promoter,7739
cnv_depth__IBNLCO_00547__Formyltetrahydrofolate__CDS,8121
cnv_depth__IBNLCO_00548__IBNLCO_00548__gene,5418
cnv_depth__IBNLCO_00548__IBNLCO_00548__gene__promoter,8855
cnv_depth__IBNLCO_00549__IBNLCO_00549__gene,8486
cnv_depth__IBNLCO_00549__IBNLCO_00549__gene__promoter,224
cnv_depth__IBNLCO_00550__IBNLCO_00550__gene__promoter,224
cnv_depth__IBNLCO_00550__Major__CDS,4620
cnv_depth__IBNLCO_00551__hypothetical__CDS__promoter,7525
cnv_depth__IBNLCO_00551__IBNLCO_00551__gene,5512
cnv_depth__IBNLCO_00552__IBNLCO_00552__gene__promoter,6157
cnv_depth__IBNLCO_00552__PIN__CDS,7515
cnv_depth__IBNLCO_00553__hypothetical__CDS__promoter,9719
cnv_depth__IBNLCO_00553__hypothetical__CDS,7318
cnv_depth__IBNLCO_00554__IBNLCO_00554__gene,8509
cnv_depth__IBNLCO_00555__IBNLCO_00555__gene__promoter,975
cnv_depth__IBNLCO_00554__IBNLCO_00554__gene__promoter,975
cnv_depth__IBNLCO_00555__IBNLCO_00555__gene,9697
cnv_depth__IBNLCO_00556__IBNLCO_00556__gene__promoter,9499
cnv_depth__IBNLCO_00556__IBNLCO_00556__gene,7362
cnv_depth__IBNLCO_00557__hypothetical__CDS__promoter,9070
cnv_depth__IBNLCO_00557__IBNLCO_00557__gene,3839
cnv_depth__IBNLCO_00558__IBNLCO_00558__gene,5525
cnv_depth__IBNLCO_00558__IBNLCO_00558__gene__promoter,9690
cnv_depth__IBNLCO_00559__IBNLCO_00559__gene__promoter,8717
cnv_depth__IBNLCO_00559__IBNLCO_00559__gene,8664
cnv_depth__IBNLCO_00560__araC__gene,6975
cnv_depth__IBNLCO_00560__araC__gene__promoter,6277
cnv_depth__IBNLCO_00561__IBNLCO_00561__gene,5159
cnv_depth__IBNLCO_00562__IBNLCO_00562__gene__promoter,9645
cnv_depth__IBNLCO_00562__IBNLCO_00562__gene,7984
cnv_depth__IBNLCO_00563__IBNLCO_00563__gene,9247
cnv_depth__IBNLCO_00563__IBNLCO_00563__gene__promoter,627
cnv_depth__IBNLCO_00564__IBNLCO_00564__gene,6058
cnv_depth__IBNLCO_00565__IBNLCO_00565__gene,7703
cnv_depth__IBNLCO_00565__IBNLCO_00565__gene__promoter,8505
cnv_depth__IBNLCO_00566__IBNLCO_00566__gene,6541
cnv_depth__IBNLCO_00566__IBNLCO_00566__gene__promoter,6597
cnv_depth__IBNLCO_00567__Nudix__CDS__promoter,6462
cnv_depth__IBNLCO_00567__IBNLCO_00567__gene,5670
cnv_depth__IBNLCO_00568__IBNLCO_00568__gene,5174
cnv_depth__IBNLCO_00568__IBNLCO_00568__gene__promoter,5631
cnv_depth__IBNLCO_00569__IBNLCO_00569__gene,5980
cnv_depth__IBNLCO_00570__IBNLCO_00570__gene,5741
cnv_depth__IBNLCO_00569__Tyr__CDS__promoter,7039
cnv_depth__IBNLCO_00571__IBNLCO_00571__gene,5395
cnv_depth__IBNLCO_00570__IBNLCO_00570__gene__promoter,627
cnv_depth__IBNLCO_00571__Phage__CDS__promoter,7063
cnv_depth__IBNLCO_00572__IBNLCO_00572__gene,9035
cnv_depth__IBNLCO_00572__IBNLCO_00572__gene__promoter,5792
cnv_depth__IBNLCO_00573__IBNLCO_00573__gene,5977
cnv_depth__IBNLCO_00573__Dienelactone__CDS__promoter,8515
cnv_depth__IBNLCO_00574__IBNLCO_00574__gene__promoter,6591
cnv_depth__IBNLCO_00574__IBNLCO_00574__gene,8407
cnv_depth__IBNLCO_00575__IBNLCO_00575__gene,7772
cnv_depth__IBNLCO_00575__IBNLCO_00575__gene__promoter,7118
cnv_depth__IBNLCO_00576__IBNLCO_00576__gene,5529
cnv_depth__IBNLCO_00576__IBNLCO_00576__gene__promoter,9423
cnv_depth__IBNLCO_00577__IBNLCO_00577__gene,9401
cnv_depth__IBNLCO_00577__DUF262__CDS__promoter,8669
cnv_depth__IBNLCO_00578__IBNLCO_00578__gene,6268
cnv_depth__IBNLCO_00578__IBNLCO_00578__gene__promoter,6666
cnv_depth__IBNLCO_00579__tcdB__gene__promoter,8925
cnv_depth__IBNLCO_00580__IBNLCO_00580__gene__promoter,5532
cnv_depth__IBNLCO_00581__IBNLCO_00581__gene__promoter,9383
cnv_depth__IBNLCO_00581__IBNLCO_00581__gene,7020
cnv_depth__IBNLCO_00582__IBNLCO_00582__gene,5403
cnv_depth__IBNLCO_00582__IBNLCO_00582__gene__promoter,8819
cnv_depth__IBNLCO_00583__IBNLCO_00583__gene,5317
cnv_depth__IBNLCO_00583__IBNLCO_00583__gene__promoter,6759
cnv_depth__IBNLCO_00584__IBNLCO_00584__gene,8467
cnv_depth__IBNLCO_00584__IBNLCO_00584__gene__promoter,6624
cnv_depth__IBNLCO_00585__IBNLCO_00585__gene,8345
cnv_depth__IBNLCO_00585__IBNLCO_00585__gene__promoter,528
cnv_depth__IBNLCO_00586__IBNLCO_00586__gene__promoter,528
cnv_depth__IBNLCO_00586__IBNLCO_00586__gene,5359
cnv_depth__IBNLCO_00587__IBNLCO_00587__gene__promoter,5150
cnv_depth__IBNLCO_00587__IBNLCO_00587__gene,9439
cnv_depth__IBNLCO_00588__IBNLCO_00588__gene__promoter,8157
cnv_depth__IBNLCO_00588__IBNLCO_00588__gene,9239
cnv_depth__IBNLCO_00589__IBNLCO_00589__gene__promoter,8410
cnv_depth__IBNLCO_00589__IBNLCO_00589__gene,7448
cnv_depth__IBNLCO_00590__IBNLCO_00590__gene__promoter,7278
cnv_depth__IBNLCO_00590__IBNLCO_00590__gene,7056
cnv_depth__IBNLCO_00591__novR__gene__promoter,6215
cnv_depth__IBNLCO_00591__novR__gene,5019
cnv_depth__IBNLCO_00592__IBNLCO_00592__gene__promoter,7763
cnv_depth__IBNLCO_00592__IBNLCO_00592__gene,5716
cnv_depth__IBNLCO_00593__IBNLCO_00593__gene,7697
cnv_depth__IBNLCO_00593__IBNLCO_00593__gene__promoter,8168
cnv_depth__IBNLCO_00594__IBNLCO_00594__gene,7305
cnv_depth__IBNLCO_00594__IBNLCO_00594__gene__promoter,9563
cnv_depth__IBNLCO_00595__IBNLCO_00595__gene,5384
cnv_depth__IBNLCO_00596__IBNLCO_00596__gene,5759
cnv_depth__IBNLCO_00595__IBNLCO_00595__gene__promoter,5948
cnv_depth__IBNLCO_00596__IBNLCO_00596__gene__promoter,7609
cnv_depth__IBNLCO_00597__IBNLCO_00597__gene__promoter,4978
cnv_depth__IBNLCO_00597__IBNLCO_00597__gene,8294
cnv_depth__IBNLCO_00598__IBNLCO_00598__gene__promoter,6373
cnv_depth__IBNLCO_00598__IBNLCO_00598__gene,7449
cnv_depth__IBNLCO_00599__zraR__gene__promoter,7198
cnv_depth__IBNLCO_00600__IBNLCO_00600__gene,8021
cnv_depth__IBNLCO_00601__IBNLCO_00601__gene,6484
cnv_depth__IBNLCO_00600__Alpha/beta__CDS__promoter,7021
cnv_depth__IBNLCO_00602__IBNLCO_00602__gene,8332
cnv_depth__IBNLCO_00601__IBNLCO_00601__gene__promoter,6363
cnv_depth__IBNLCO_00603__IBNLCO_00603__gene,8812
cnv_depth__IBNLCO_00602__IBNLCO_00602__gene__promoter,6024
cnv_depth__IBNLCO_00603__Aminoacyl-transfer__CDS__promoter,6342
cnv_depth__IBNLCO_00604__IBNLCO_00604__gene,6739
cnv_depth__IBNLCO_00605__IBNLCO_00605__gene,354
cnv_depth__IBNLCO_00604__IBNLCO_00604__gene__promoter,354
cnv_depth__IBNLCO_00605__Acyl__CDS__promoter,9355
cnv_depth__IBNLCO_00606__IBNLCO_00606__gene,6758
cnv_depth__IBNLCO_00606__IBNLCO_00606__gene__promoter,5377
cnv_depth__IBNLCO_00607__IBNLCO_00607__gene__promoter,9717
cnv_depth__IBNLCO_00607__IBNLCO_00607__gene,7828
cnv_depth__IBNLCO_00608__IBNLCO_00608__gene__promoter,4149
cnv_depth__IBNLCO_00608__IBNLCO_00608__gene,7923
cnv_depth__IBNLCO_00609__IBNLCO_00609__gene__promoter,5788
cnv_depth__IBNLCO_00610__IBNLCO_00610__gene__promoter,7117
cnv_depth__IBNLCO_00611__IBNLCO_00611__gene__promoter,6397
cnv_depth__IBNLCO_00612__IBNLCO_00612__gene__promoter,5175
cnv_depth__IBNLCO_00612__IBNLCO_00612__gene,6599
cnv_depth__IBNLCO_00613__IBNLCO_00613__gene__promoter,6334
cnv_depth__IBNLCO_00613__IBNLCO_00613__gene,5586
cnv_depth__IBNLCO_00615__Major__CDS__promoter,6960
cnv_depth__IBNLCO_00614__IBNLCO_00614__gene__promoter,6018
cnv_depth__IBNLCO_00616__IBNLCO_00616__gene__promoter,9055
cnv_depth__IBNLCO_00617__IBNLCO_00617__gene,5865
cnv_depth__IBNLCO_00617__IBNLCO_00617__gene__promoter,9215
cnv_depth__IBNLCO_00619__Transcriptional__CDS__promoter,51
cnv_depth__IBNLCO_00618__IBNLCO_00618__gene__promoter,51
cnv_depth__IBNLCO_00620__IBNLCO_00620__gene__promoter,5095
cnv_depth__IBNLCO_00621__IBNLCO_00621__gene__promoter,9007
cnv_depth__IBNLCO_00621__IBNLCO_00621__gene,5224
cnv_depth__IBNLCO_00622__IBNLCO_00622__gene__promoter,8659
cnv_depth__IBNLCO_00623__IBNLCO_00623__gene,6745
cnv_depth__IBNLCO_00623__IBNLCO_00623__gene__promoter,6771
cnv_depth__IBNLCO_00624__IBNLCO_00624__gene,9210
cnv_depth__IBNLCO_00625__IBNLCO_00625__gene__promoter,8871
cnv_depth__IBNLCO_00625__IBNLCO_00625__gene,7139
cnv_depth__IBNLCO_00626__IBNLCO_00626__gene__promoter,8057
cnv_depth__IBNLCO_00626__IBNLCO_00626__gene,7274
cnv_depth__IBNLCO_00627__ubiE__gene__promoter,6520
cnv_depth__IBNLCO_00627__ubiE__gene,9256
cnv_depth__IBNLCO_00628__IBNLCO_00628__gene__promoter,5561
cnv_depth__IBNLCO_00628__IBNLCO_00628__gene,5574
cnv_depth__IBNLCO_00629__ubiJ__gene__promoter,5881
cnv_depth__IBNLCO_00629__ubiJ__gene,6465
cnv_depth__IBNLCO_00630__ubiB__gene__promoter,6126
cnv_depth__IBNLCO_00630__ubiB__gene,7177
cnv_depth__IBNLCO_00631__IBNLCO_00631__gene__promoter,6222
cnv_depth__IBNLCO_00631__IBNLCO_00631__gene,7574
cnv_depth__IBNLCO_00632__hypothetical__CDS__promoter,6184
cnv_depth__IBNLCO_00632__IBNLCO_00632__gene,8549
cnv_depth__IBNLCO_00633__IBNLCO_00633__gene__promoter,8370
cnv_depth__IBNLCO_00634__IBNLCO_00634__gene__promoter,9663
cnv_depth__IBNLCO_00635__Dihydroneopterin__CDS__promoter,5743
cnv_depth__IBNLCO_00635__IBNLCO_00635__gene,8865
cnv_depth__IBNLCO_00636__IBNLCO_00636__gene__promoter,7023
cnv_depth__IBNLCO_00637__HTH__CDS__promoter,8359
cnv_depth__IBNLCO_00637__IBNLCO_00637__gene,9644
cnv_depth__IBNLCO_00638__IBNLCO_00638__gene__promoter,7159
cnv_depth__IBNLCO_00638__IBNLCO_00638__gene,9534
cnv_depth__IBNLCO_00639__Enoyl-CoA__CDS__promoter,6857
cnv_depth__IBNLCO_00640__IBNLCO_00640__gene__promoter,5711
cnv_depth__IBNLCO_00641__IBNLCO_00641__gene__promoter,7071
cnv_depth__IBNLCO_00641__IBNLCO_00641__gene,5791
cnv_depth__IBNLCO_00642__fdhD__gene,8073
cnv_depth__IBNLCO_00643__IBNLCO_00643__gene__promoter,258
cnv_depth__IBNLCO_00642__fdhD__gene__promoter,258
cnv_depth__IBNLCO_00643__IBNLCO_00643__gene,5348
cnv_depth__IBNLCO_00644__IBNLCO_00644__gene,7743
cnv_depth__IBNLCO_00644__IBNLCO_00644__gene__promoter,5713
cnv_depth__IBNLCO_00645__IBNLCO_00645__gene__promoter,5049
cnv_depth__IBNLCO_00646__IBNLCO_00646__gene,7333
cnv_depth__IBNLCO_00646__IBNLCO_00646__gene__promoter,7681
cnv_depth__IBNLCO_00647__N-acetylmuramate__CDS__promoter,801
cnv_depth__IBNLCO_00648__lptD__gene__promoter,801
cnv_depth__IBNLCO_00649__surA__gene__promoter,8031
cnv_depth__IBNLCO_00650__IBNLCO_00650__gene__promoter,5423
cnv_depth__IBNLCO_00651__IBNLCO_00651__gene__promoter,4913
cnv_depth__IBNLCO_00652__eamA__gene__promoter,7391
cnv_depth__IBNLCO_00653__lactoylglutathione__CDS__promoter,5626
cnv_depth__IBNLCO_00653__IBNLCO_00653__gene,4901
cnv_depth__IBNLCO_00654__IBNLCO_00654__gene,8074
cnv_depth__IBNLCO_00654__IBNLCO_00654__gene__promoter,5318
cnv_depth__IBNLCO_00655__IBNLCO_00655__gene,9441
cnv_depth__IBNLCO_00655__IBNLCO_00655__gene__promoter,6731
cnv_depth__IBNLCO_00656__IBNLCO_00656__gene,4884
cnv_depth__IBNLCO_00656__IBNLCO_00656__gene__promoter,8743
cnv_depth__IBNLCO_00657__Glycine--tRNA__CDS__promoter,8771
cnv_depth__IBNLCO_00658__IBNLCO_00658__gene,5888
cnv_depth__IBNLCO_00658__IBNLCO_00658__gene__promoter,9433
cnv_depth__IBNLCO_00659__IBNLCO_00659__gene__promoter,5843
cnv_depth__IBNLCO_00660__corC__gene__promoter,6827
cnv_depth__IBNLCO_00661__IBNLCO_00661__gene,8722
cnv_depth__IBNLCO_00661__IBNLCO_00661__gene__promoter,9136
cnv_depth__IBNLCO_00662__ybeY__gene,7341
cnv_depth__IBNLCO_00662__ybeY__gene__promoter,7918
cnv_depth__IBNLCO_00663__PhoH-like__CDS__promoter,9421
cnv_depth__IBNLCO_00664__IBNLCO_00664__gene__promoter,5342
cnv_depth__IBNLCO_00666__IBNLCO_00666__gene__promoter,62
cnv_depth__IBNLCO_00665__IBNLCO_00665__gene__promoter,62
cnv_depth__IBNLCO_00667__sutR__gene__promoter,7015
cnv_depth__unknown__unknown__regulatory,5402
cnv_depth__IBNLCO_00668__IBNLCO_00668__gene__promoter,7022
cnv_depth__IBNLCO_00668__IBNLCO_00668__gene,6969
cnv_depth__IBNLCO_00669__IBNLCO_00669__gene,4982
cnv_depth__IBNLCO_00669__IBNLCO_00669__gene__promoter,3587
cnv_depth__IBNLCO_00670__eamA__gene,5919
cnv_depth__IBNLCO_00670__eamA__gene__promoter,5373
cnv_depth__IBNLCO_00671__IBNLCO_00671__gene,9720
cnv_depth__IBNLCO_00671__hypothetical__CDS__promoter,5294
cnv_depth__IBNLCO_00672__IBNLCO_00672__gene,8824
cnv_depth__IBNLCO_00672__IBNLCO_00672__gene__promoter,5407
cnv_depth__IBNLCO_00673__IBNLCO_00673__gene,6365
cnv_depth__IBNLCO_00673__3-phosphoshikimate__CDS__promoter,5475
cnv_depth__IBNLCO_00674__IBNLCO_00674__gene,6863
cnv_depth__IBNLCO_00674__IBNLCO_00674__gene__promoter,8375
cnv_depth__IBNLCO_00675__ridA__gene,8557
cnv_depth__IBNLCO_00675__ridA__gene__promoter,5617
cnv_depth__IBNLCO_00676__IBNLCO_00676__gene,6347
cnv_depth__IBNLCO_00676__IBNLCO_00676__gene__promoter,6880
cnv_depth__IBNLCO_00677__IBNLCO_00677__gene,8351
cnv_depth__IBNLCO_00677__IBNLCO_00677__gene__promoter,6767
cnv_depth__IBNLCO_00678__IBNLCO_00678__gene,5462
cnv_depth__IBNLCO_00679__IBNLCO_00679__gene__promoter,643
cnv_depth__IBNLCO_00678__IBNLCO_00678__gene__promoter,643
cnv_depth__IBNLCO_00679__IBNLCO_00679__gene,5385
cnv_depth__IBNLCO_00680__IBNLCO_00680__gene,6893
cnv_depth__IBNLCO_00680__IBNLCO_00680__gene__promoter,8507
cnv_depth__IBNLCO_00681__deoR__gene,5246
cnv_depth__IBNLCO_00681__deoR__gene__promoter,9479
cnv_depth__IBNLCO_00682__IBNLCO_00682__gene__promoter,7852
cnv_depth__IBNLCO_00683__Fatty__CDS__promoter,2697
cnv_depth__IBNLCO_00683__IBNLCO_00683__gene,7691
cnv_depth__IBNLCO_00684__vdcD__gene__promoter,9567
cnv_depth__IBNLCO_00684__vdcD__gene,5147
cnv_depth__IBNLCO_00685__rhlE__gene,6664
cnv_depth__IBNLCO_00685__rhlE__gene__promoter,7647
cnv_depth__IBNLCO_00686__IBNLCO_00686__gene,6702
cnv_depth__IBNLCO_00686__IBNLCO_00686__gene__promoter,8847
cnv_depth__IBNLCO_00687__IBNLCO_00687__gene,5335
cnv_depth__IBNLCO_00687__IBNLCO_00687__gene__promoter,8879
cnv_depth__IBNLCO_00688__IBNLCO_00688__gene__promoter,7617
cnv_depth__IBNLCO_00688__IBNLCO_00688__gene,3731
cnv_depth__IBNLCO_00689__IBNLCO_00689__gene__promoter,9381
cnv_depth__IBNLCO_00690__IBNLCO_00690__gene,77
cnv_depth__IBNLCO_00690__IBNLCO_00690__gene__promoter,9042
cnv_depth__IBNLCO_00691__IBNLCO_00691__gene__promoter,6298
cnv_depth__IBNLCO_00691__IBNLCO_00691__gene,6045
cnv_depth__IBNLCO_00692__IBNLCO_00692__gene,5080
cnv_depth__IBNLCO_00692__IBNLCO_00692__gene__promoter,7466
cnv_depth__IBNLCO_00693__IBNLCO_00693__gene__promoter,7102
cnv_depth__IBNLCO_00693__IBNLCO_00693__gene,7073
cnv_depth__IBNLCO_00694__IBNLCO_00694__gene__promoter,6419
cnv_depth__IBNLCO_00695__rpoS__gene__promoter,6179
cnv_depth__IBNLCO_00696__IBNLCO_00696__gene__promoter,8747
cnv_depth__IBNLCO_00696__IBNLCO_00696__gene,6945
cnv_depth__IBNLCO_00697__IBNLCO_00697__gene__promoter,9083
cnv_depth__IBNLCO_00698__IBNLCO_00698__gene__promoter,8291
cnv_depth__IBNLCO_00699__hypothetical__CDS__promoter,5465
cnv_depth__IBNLCO_00700__lysR__gene__promoter,257
cnv_depth__IBNLCO_00699__IBNLCO_00699__gene,257
cnv_depth__IBNLCO_00701__mnmH__gene__promoter,6121
cnv_depth__IBNLCO_00702__IBNLCO_00702__gene,7910
cnv_depth__IBNLCO_00702__IBNLCO_00702__gene__promoter,4946
cnv_depth__IBNLCO_00703__IBNLCO_00703__gene,6307
cnv_depth__IBNLCO_00703__IBNLCO_00703__gene__promoter,9689
cnv_depth__IBNLCO_00704__IBNLCO_00704__gene,7300
cnv_depth__IBNLCO_00704__IBNLCO_00704__gene__promoter,9585
cnv_depth__IBNLCO_00705__IBNLCO_00705__gene__promoter,7777
cnv_depth__IBNLCO_00705__IBNLCO_00705__gene,8193
cnv_depth__IBNLCO_00706__IBNLCO_00706__gene__promoter,6390
cnv_depth__IBNLCO_00706__IBNLCO_00706__gene,5960
cnv_depth__IBNLCO_00707__IBNLCO_00707__gene__promoter,8029
cnv_depth__IBNLCO_00708__IBNLCO_00708__gene__promoter,7041
cnv_depth__IBNLCO_00708__IBNLCO_00708__gene,5778
cnv_depth__IBNLCO_00709__IBNLCO_00709__gene__promoter,8889
cnv_depth__IBNLCO_00710__IBNLCO_00710__gene,9331
cnv_depth__IBNLCO_00710__IBNLCO_00710__gene__promoter,8897
cnv_depth__IBNLCO_00711__IBNLCO_00711__gene,8257
cnv_depth__IBNLCO_00712__IBNLCO_00712__gene,5998
cnv_depth__IBNLCO_00711__IBNLCO_00711__gene__promoter,7461
cnv_depth__IBNLCO_00712__IBNLCO_00712__gene__promoter,3781
cnv_depth__IBNLCO_00713__IBNLCO_00713__gene,8051
cnv_depth__IBNLCO_00713__IBNLCO_00713__gene__promoter,5913
cnv_depth__IBNLCO_00714__IBNLCO_00714__gene,8386
cnv_depth__IBNLCO_00714__IBNLCO_00714__gene__promoter,9365
cnv_depth__IBNLCO_00715__Putative__CDS__promoter,6741
cnv_depth__IBNLCO_00715__IBNLCO_00715__gene,6214
cnv_depth__IBNLCO_00716__IBNLCO_00716__gene__promoter,9558
cnv_depth__IBNLCO_00716__IBNLCO_00716__gene,9047
cnv_depth__IBNLCO_00717__IBNLCO_00717__gene__promoter,6838
cnv_depth__IBNLCO_00717__IBNLCO_00717__gene,5795
cnv_depth__IBNLCO_00718__IBNLCO_00718__gene__promoter,6171
cnv_depth__IBNLCO_00718__IBNLCO_00718__gene,7101
cnv_depth__IBNLCO_00719__tssF__gene,9034
cnv_depth__IBNLCO_00719__tssF__gene__promoter,8998
cnv_depth__IBNLCO_00720__IBNLCO_00720__gene,6370
cnv_depth__IBNLCO_00720__IBNLCO_00720__gene__promoter,9068
cnv_depth__IBNLCO_00721__IBNLCO_00721__gene__promoter,8408
cnv_depth__IBNLCO_00721__IBNLCO_00721__gene,9166
cnv_depth__IBNLCO_00722__lysR__gene__promoter,8173
cnv_depth__IBNLCO_00722__lysR__gene,9277
cnv_depth__IBNLCO_00723__atsR__gene,7719
cnv_depth__IBNLCO_00724__IBNLCO_00724__gene,9367
cnv_depth__IBNLCO_00723__atsR__gene__promoter,5068
cnv_depth__IBNLCO_00724__Oxidoreductase__CDS__promoter,9422
cnv_depth__IBNLCO_00725__IBNLCO_00725__gene,9326
cnv_depth__IBNLCO_00725__Two-component__CDS__promoter,9305
cnv_depth__IBNLCO_00726__hypothetical__CDS__promoter,6015
cnv_depth__IBNLCO_00726__IBNLCO_00726__gene,8973
cnv_depth__IBNLCO_00727__hypothetical__CDS,5241
cnv_depth__IBNLCO_00728__IBNLCO_00728__gene__promoter,218
cnv_depth__IBNLCO_00727__IBNLCO_00727__gene__promoter,218
cnv_depth__IBNLCO_00728__Phytanoyl-CoA__CDS,8761
cnv_depth__IBNLCO_00729__IBNLCO_00729__gene__promoter,6542
cnv_depth__IBNLCO_00729__L-arginine-specific__CDS,7783
cnv_depth__IBNLCO_00730__IBNLCO_00730__gene__promoter,7752
cnv_depth__IBNLCO_00730__DUF1611__CDS,8478
cnv_depth__IBNLCO_00731__IBNLCO_00731__gene__promoter,5993
cnv_depth__IBNLCO_00731__ATP-grasp__CDS,5628
cnv_depth__IBNLCO_00732__IBNLCO_00732__gene__promoter,7905
cnv_depth__IBNLCO_00732__NADP-dependent__CDS,5565
cnv_depth__IBNLCO_00733__lysR__gene,5370
cnv_depth__IBNLCO_00734__Lipocalin-like__CDS__promoter,786
cnv_depth__IBNLCO_00733__lysR__gene__promoter,786
cnv_depth__IBNLCO_00734__IBNLCO_00734__gene,9397
cnv_depth__IBNLCO_00735__IBNLCO_00735__gene__promoter,8861
cnv_depth__IBNLCO_00735__hypothetical__CDS,7424
cnv_depth__IBNLCO_00736__IBNLCO_00736__gene__promoter,8246
cnv_depth__IBNLCO_00736__Mandelate__CDS,9137
cnv_depth__IBNLCO_00737__hypothetical__CDS,7883
cnv_depth__IBNLCO_00737__hypothetical__CDS__promoter,5017
cnv_depth__IBNLCO_00738__3-phosphoshikimate__CDS,7413
cnv_depth__IBNLCO_00738__3-phosphoshikimate__CDS__promoter,4998
cnv_depth__IBNLCO_00739__IBNLCO_00739__gene,6716
cnv_depth__IBNLCO_00739__IBNLCO_00739__gene__promoter,6866
cnv_depth__IBNLCO_00740__IBNLCO_00740__gene,7436
cnv_depth__IBNLCO_00740__IBNLCO_00740__gene__promoter,7290
cnv_depth__IBNLCO_00741__trnM__gene,8870
cnv_depth__IBNLCO_00741__trnM__gene__promoter,6826
cnv_depth__IBNLCO_00742__nanT__gene,7993
cnv_depth__IBNLCO_00742__nanT__gene__promoter,9227
cnv_depth__IBNLCO_00743__IBNLCO_00743__gene__promoter,7555
cnv_depth__IBNLCO_00744__tctD__gene__promoter,800
cnv_depth__IBNLCO_00745__recA__gene__promoter,800
cnv_depth__IBNLCO_00745__recA__gene,5137
cnv_depth__IBNLCO_00746__Regulatory__CDS__promoter,6256
cnv_depth__IBNLCO_00747__DUF2889__CDS__promoter,6791
cnv_depth__IBNLCO_00747__DUF2889__CDS,5088
cnv_depth__IBNLCO_00748__Succinate--CoA__CDS__promoter,6013
cnv_depth__IBNLCO_00748__Succinate--CoA__CDS,9120
cnv_depth__IBNLCO_00749__Succinate--CoA__CDS__promoter,5008
cnv_depth__IBNLCO_00749__IBNLCO_00749__gene,5275
cnv_depth__IBNLCO_00750__TerC__CDS__promoter,6703
cnv_depth__IBNLCO_00751__General__CDS__promoter,5667
cnv_depth__IBNLCO_00751__gspH__gene,6600
cnv_depth__IBNLCO_00752__Lipid__CDS__promoter,9611
cnv_depth__IBNLCO_00753__IBNLCO_00753__gene__promoter,5415
cnv_depth__IBNLCO_00754__TonB__CDS__promoter,5728
cnv_depth__IBNLCO_00755__IBNLCO_00755__gene,2816
cnv_depth__IBNLCO_00755__hypothetical__CDS__promoter,6479
cnv_depth__IBNLCO_00756__hypothetical__CDS__promoter,5549
cnv_depth__IBNLCO_00756__IBNLCO_00756__gene,9032
cnv_depth__IBNLCO_00757__IBNLCO_00757__gene__promoter,8648
cnv_depth__IBNLCO_00757__IBNLCO_00757__gene,6988
cnv_depth__IBNLCO_00758__IBNLCO_00758__gene,15
cnv_depth__IBNLCO_00758__Insertion__CDS__promoter,15
cnv_depth__IBNLCO_00759__tnp__gene,15
cnv_depth__IBNLCO_00759__IS3__CDS__promoter,7055
cnv_depth__IBNLCO_00760__Sensory__CDS__promoter,8781
cnv_depth__IBNLCO_00760__IBNLCO_00760__gene,8054
cnv_depth__IBNLCO_00761__DUF4145__CDS__promoter,6982
cnv_depth__IBNLCO_00761__IBNLCO_00761__gene,6609
cnv_depth__IBNLCO_00762__xerC__gene,9427
cnv_depth__IBNLCO_00762__Tyrosine__CDS__promoter,5067
cnv_depth__IBNLCO_00763__IBNLCO_00763__gene,8023
cnv_depth__IBNLCO_00764__Peptidase__CDS__promoter,192
cnv_depth__IBNLCO_00763__IBNLCO_00763__gene__promoter,192
cnv_depth__IBNLCO_00764__IBNLCO_00764__gene,8622
cnv_depth__IBNLCO_00765__DUF2946__CDS,6404
cnv_depth__IBNLCO_00766__IBNLCO_00766__gene,8440
cnv_depth__IBNLCO_00765__IBNLCO_00765__gene__promoter,4927
cnv_depth__IBNLCO_00766__IBNLCO_00766__gene__promoter,9560
cnv_depth__IBNLCO_00767__SnoaL-like__CDS,7328
cnv_depth__IBNLCO_00767__SnoaL-like__CDS__promoter,5838
cnv_depth__IBNLCO_00768__IBNLCO_00768__gene,6598
cnv_depth__IBNLCO_00768__lipopolysaccharide__CDS__promoter,9183
cnv_depth__IBNLCO_00769__IBNLCO_00769__gene,8216
cnv_depth__IBNLCO_00769__Zinc__CDS__promoter,7927
cnv_depth__IBNLCO_00770__Branched-chain-amino-acid__CDS__promoter,590
cnv_depth__IBNLCO_00771__Branched-chain__CDS__promoter,590
cnv_depth__IBNLCO_00771__IBNLCO_00771__gene,6950
cnv_depth__IBNLCO_00772__Branched-chain__CDS__promoter,5457
cnv_depth__IBNLCO_00772__azlD__gene,5262
cnv_depth__IBNLCO_00773__Phosphoglycerate__CDS__promoter,3071
cnv_depth__IBNLCO_00773__IBNLCO_00773__gene,8807
cnv_depth__IBNLCO_00774__Pyruvate__CDS__promoter,2591
cnv_depth__IBNLCO_00775__Fructose-1%2C6-bisphosphate__CDS__promoter,7363
cnv_depth__IBNLCO_00775__IBNLCO_00775__gene,5731
cnv_depth__IBNLCO_00776__Phosphoribosylaminoimidazole-succinocarboxamide__CDS__promoter,7067
cnv_depth__IBNLCO_00776__IBNLCO_00776__gene,5442
cnv_depth__IBNLCO_00777__IBNLCO_00777__gene,7649
cnv_depth__IBNLCO_00778__N5-carboxyaminoimidazole__CDS__promoter,9642
cnv_depth__IBNLCO_00778__N5-carboxyaminoimidazole__CDS,7508
cnv_depth__IBNLCO_00779__IBNLCO_00779__gene__promoter,9023
cnv_depth__IBNLCO_00779__Threonylcarbamoyl-AMP__CDS,8753
cnv_depth__IBNLCO_00780__IBNLCO_00780__gene,5291
cnv_depth__IBNLCO_00780__IBNLCO_00780__gene__promoter,7847
cnv_depth__IBNLCO_00781__Fatty__CDS,2973
cnv_depth__IBNLCO_00781__IBNLCO_00781__gene__promoter,8907
cnv_depth__IBNLCO_00782__IBNLCO_00782__gene,7061
cnv_depth__IBNLCO_00783__Transcriptional__CDS__promoter,515
cnv_depth__IBNLCO_00782__IBNLCO_00782__gene__promoter,515
cnv_depth__IBNLCO_00783__IBNLCO_00783__gene,5328
cnv_depth__IBNLCO_00784__histidine__CDS__promoter,8163
cnv_depth__IBNLCO_00784__IBNLCO_00784__gene,6348
cnv_depth__IBNLCO_00785__DegQ__CDS__promoter,6039
cnv_depth__IBNLCO_00785__DegQ__CDS,7834
cnv_depth__IBNLCO_00786__Carboxypeptidase__CDS__promoter,5249
cnv_depth__IBNLCO_00786__IBNLCO_00786__gene,5210
cnv_depth__IBNLCO_00787__DUF427__CDS__promoter,7977
cnv_depth__IBNLCO_00787__IBNLCO_00787__gene,8660
cnv_depth__IBNLCO_00788__Carbon__CDS__promoter,7438
cnv_depth__IBNLCO_00788__IBNLCO_00788__gene,8464
cnv_depth__IBNLCO_00789__bpeR__gene,5354
cnv_depth__IBNLCO_00789__TetR__CDS__promoter,8273
cnv_depth__IBNLCO_00790__efflux__CDS__promoter,9349
cnv_depth__IBNLCO_00791__Bcj14__gene__promoter,6794
cnv_depth__IBNLCO_00790__efflux__CDS,8455
cnv_depth__IBNLCO_00791__Bcj14__gene,5490
cnv_depth__IBNLCO_00792__bpeB__gene__promoter,3173
cnv_depth__IBNLCO_00792__bpeB__gene,8682
cnv_depth__IBNLCO_00793__efflux__CDS__promoter,6271
cnv_depth__IBNLCO_00793__efflux__CDS,5533
cnv_depth__IBNLCO_00794__hypothetical__CDS,5504
cnv_depth__IBNLCO_00794__IBNLCO_00794__gene__promoter,7775
cnv_depth__IBNLCO_00795__IBNLCO_00795__gene,8768
cnv_depth__IBNLCO_00795__gnl|Bakta|IBNLCO_00795__CDS__promoter,7239
cnv_depth__IBNLCO_00796__IBNLCO_00796__gene__promoter,5987
cnv_depth__IBNLCO_00796__IBNLCO_00796__gene,8338
cnv_depth__IBNLCO_00797__glxA__gene,6190
cnv_depth__IBNLCO_00797__Transcriptional__CDS__promoter,530
cnv_depth__IBNLCO_00798__IBNLCO_00798__gene__promoter,530
cnv_depth__IBNLCO_00799__IBNLCO_00799__gene__promoter,6909
cnv_depth__IBNLCO_00801__Hemin__CDS,5605
cnv_depth__IBNLCO_00800__High-affinity__CDS__promoter,9257
cnv_depth__IBNLCO_00801__Hemin__CDS__promoter,6415
cnv_depth__IBNLCO_00802__IBNLCO_00802__gene,7419
cnv_depth__IBNLCO_00802__IBNLCO_00802__gene__promoter,4178
cnv_depth__IBNLCO_00803__Ferric__CDS,8320
cnv_depth__IBNLCO_00803__IBNLCO_00803__gene__promoter,106
cnv_depth__IBNLCO_00804__Sorbitol__CDS__promoter,106
cnv_depth__IBNLCO_00804__polS__gene,5306
cnv_depth__IBNLCO_00805__IBNLCO_00805__gene__promoter,5641
cnv_depth__IBNLCO_00805__IBNLCO_00805__gene,7019
cnv_depth__IBNLCO_00806__kbaZ__gene__promoter,5680
cnv_depth__IBNLCO_00806__D-tagatose-1%2C6-bisphosphate__CDS,8226
cnv_depth__IBNLCO_00807__IBNLCO_00807__gene__promoter,5757
cnv_depth__IBNLCO_00808__IBNLCO_00808__gene__promoter,7928
cnv_depth__IBNLCO_00808__ABC__CDS,9705
cnv_depth__IBNLCO_00809__IBNLCO_00809__gene__promoter,8435
cnv_depth__IBNLCO_00809__Mannitol__CDS,6873
cnv_depth__IBNLCO_00810__IBNLCO_00810__gene__promoter,5937
cnv_depth__IBNLCO_00810__6-phosphogluconate__CDS,6234
cnv_depth__IBNLCO_00811__malK__gene__promoter,6625
cnv_depth__IBNLCO_00812__IBNLCO_00812__gene,8309
cnv_depth__IBNLCO_00812__IBNLCO_00812__gene__promoter,8967
cnv_depth__IBNLCO_00813__HTH__CDS,6964
cnv_depth__IBNLCO_00814__estB__gene__promoter,177
cnv_depth__IBNLCO_00813__HTH__CDS__promoter,177
cnv_depth__IBNLCO_00814__estB__gene,9361
cnv_depth__IBNLCO_00815__nepI__gene__promoter,5041
cnv_depth__IBNLCO_00815__nepI__gene,4702
cnv_depth__IBNLCO_00816__IBNLCO_00816__gene,8145
cnv_depth__IBNLCO_00816__Transcriptional__CDS__promoter,8272
cnv_depth__IBNLCO_00817__IBNLCO_00817__gene,9658
cnv_depth__IBNLCO_00817__IBNLCO_00817__gene__promoter,7252
cnv_depth__IBNLCO_00818__IBNLCO_00818__gene,9432
cnv_depth__IBNLCO_00818__D-arabinitol__CDS__promoter,6529
cnv_depth__IBNLCO_00819__IBNLCO_00819__gene,6860
cnv_depth__IBNLCO_00820__IBNLCO_00820__gene__promoter,9004
cnv_depth__IBNLCO_00819__IBNLCO_00819__gene__promoter,8558
cnv_depth__IBNLCO_00820__Benzoylformate__CDS,8968
cnv_depth__IBNLCO_00821__IBNLCO_00821__gene__promoter,5890
cnv_depth__IBNLCO_00821__Aldehyde__CDS,8617
cnv_depth__IBNLCO_00822__IBNLCO_00822__gene__promoter,6517
cnv_depth__IBNLCO_00822__2-dehydropantoate__CDS,7281
cnv_depth__IBNLCO_00823__IBNLCO_00823__gene__promoter,7431
cnv_depth__IBNLCO_00823__Major__CDS,8732
cnv_depth__IBNLCO_00824__Tryptophan__CDS,8259
cnv_depth__IBNLCO_00824__IBNLCO_00824__gene__promoter,5774
cnv_depth__IBNLCO_00825__gnl|Bakta|IBNLCO_00825__CDS__promoter,5780
cnv_depth__IBNLCO_00826__hypothetical__CDS,6561
cnv_depth__IBNLCO_00827__IBNLCO_00827__gene__promoter,82
cnv_depth__IBNLCO_00826__hypothetical__CDS__promoter,82
cnv_depth__IBNLCO_00827__HTH__CDS,4956
cnv_depth__IBNLCO_00828__Flavin__CDS__promoter,9710
cnv_depth__IBNLCO_00829__msrA__gene__promoter,8337
cnv_depth__IBNLCO_00829__msrA__gene,7807
cnv_depth__IBNLCO_00830__DUF72__CDS,9197
cnv_depth__IBNLCO_00830__IBNLCO_00830__gene__promoter,6047
cnv_depth__IBNLCO_00831__IBNLCO_00831__gene__promoter,6430
cnv_depth__IBNLCO_00832__Pyridoxine/pyridoxamine__CDS,7845
cnv_depth__IBNLCO_00833__tRNA__CDS__promoter,8987
cnv_depth__IBNLCO_00832__Pyridoxine/pyridoxamine__CDS__promoter,8828
cnv_depth__IBNLCO_00834__gnl|Bakta|IBNLCO_00834__CDS,6344
cnv_depth__IBNLCO_00834__IBNLCO_00834__gene__promoter,7405
cnv_depth__IBNLCO_00835__Quercetin__CDS,5764
cnv_depth__IBNLCO_00836__eamA__gene__promoter,434
cnv_depth__IBNLCO_00835__Quercetin__CDS__promoter,434
cnv_depth__IBNLCO_00836__EamA__CDS,8546
cnv_depth__IBNLCO_00837__N-acetylmuramoyl-L-alanine__CDS,6178
cnv_depth__IBNLCO_00838__tsaE__gene,8347
cnv_depth__IBNLCO_00837__N-acetylmuramoyl-L-alanine__CDS__promoter,9303
cnv_depth__IBNLCO_00839__Epoxyqueuosine__CDS__promoter,7296
cnv_depth__IBNLCO_00838__tRNA__CDS__promoter,5070
cnv_depth__IBNLCO_00839__Epoxyqueuosine__CDS,6855
cnv_depth__IBNLCO_00840__Methylated-DNA--[protein]-cysteine__CDS__promoter,7599
cnv_depth__IBNLCO_00840__Methylated-DNA--[protein]-cysteine__CDS,4305
cnv_depth__IBNLCO_00841__Tyrosine__CDS__promoter,9613
cnv_depth__IBNLCO_00841__Tyrosine__CDS,7629
cnv_depth__IBNLCO_00844__Glycerol-3-phosphate__CDS,6041
cnv_depth__IBNLCO_00845__UPF0234__CDS,8271
cnv_depth__IBNLCO_00846__UDP-N-acetylenolpyruvoylglucosamine__CDS__promoter,8735
cnv_depth__IBNLCO_00845__UPF0234__CDS__promoter,8205
cnv_depth__IBNLCO_00847__Ornithine__CDS,6176
cnv_depth__IBNLCO_00847__Ornithine__CDS__promoter,8389
cnv_depth__IBNLCO_00848__gnl|Bakta|IBNLCO_00848__CDS__promoter,7417
cnv_depth__IBNLCO_00848__gnl|Bakta|IBNLCO_00848__CDS,8191
cnv_depth__IBNLCO_00849__Small__CDS,8504
cnv_depth__IBNLCO_00850__murJ__gene__promoter,331
cnv_depth__IBNLCO_00849__Small__CDS__promoter,331
cnv_depth__IBNLCO_00851__Protein__CDS__promoter,5689
cnv_depth__IBNLCO_00852__3-hydroxyacyl-CoA__CDS__promoter,5391
cnv_depth__IBNLCO_00853__Adenylate__CDS,6711
cnv_depth__IBNLCO_00853__Adenylate__CDS__promoter,9619
cnv_depth__IBNLCO_00854__3-deoxy-manno-octulosonate__CDS,7307
cnv_depth__IBNLCO_00854__IBNLCO_00854__gene__promoter,5984
cnv_depth__IBNLCO_00855__UPF0434__CDS,8553
cnv_depth__IBNLCO_00856__Tetraacyldisaccharide__CDS,8260
cnv_depth__IBNLCO_00855__UPF0434__CDS__promoter,6963
cnv_depth__IBNLCO_00856__IBNLCO_00856__gene__promoter,5534
cnv_depth__IBNLCO_00857__Exodeoxyribonuclease__CDS__promoter,7399
cnv_depth__IBNLCO_00857__Exodeoxyribonuclease__CDS,8986
cnv_depth__IBNLCO_00858__superoxide__CDS__promoter,6481
cnv_depth__IBNLCO_00859__gnl|Bakta|IBNLCO_00859__CDS__promoter,5851
cnv_depth__IBNLCO_00859__gnl|Bakta|IBNLCO_00859__CDS,8027
cnv_depth__IBNLCO_00860__hypothetical__CDS__promoter,7738
cnv_depth__IBNLCO_00860__hypothetical__CDS,9387
cnv_depth__IBNLCO_00861__IBNLCO_00861__gene,9311
cnv_depth__IBNLCO_00861__IBNLCO_00861__gene__promoter,7194
cnv_depth__IBNLCO_00862__IBNLCO_00862__gene,8285
cnv_depth__IBNLCO_00863__IBNLCO_00863__gene__promoter,7830
cnv_depth__IBNLCO_00862__IBNLCO_00862__gene__promoter,7162
cnv_depth__IBNLCO_00863__IBNLCO_00863__gene,8859
cnv_depth__IBNLCO_00864__IBNLCO_00864__gene__promoter,4310
cnv_depth__IBNLCO_00864__2-dehydropantoate__CDS,8626
cnv_depth__IBNLCO_00865__Ubiquinone__CDS__promoter,6303
cnv_depth__IBNLCO_00865__IBNLCO_00865__gene,6720
cnv_depth__IBNLCO_00866__IBNLCO_00866__gene,6384
cnv_depth__IBNLCO_00866__IBNLCO_00866__gene__promoter,5485
cnv_depth__IBNLCO_00867__mdtD__gene,6612
cnv_depth__IBNLCO_00867__mdtD__gene__promoter,7442
cnv_depth__IBNLCO_00868__IBNLCO_00868__gene__promoter,5931
cnv_depth__IBNLCO_00868__IBNLCO_00868__gene,7842
cnv_depth__IBNLCO_00869__IBNLCO_00869__gene,8468
cnv_depth__IBNLCO_00869__IBNLCO_00869__gene__promoter,6437
cnv_depth__IBNLCO_00871__NADP-dependent__CDS__promoter,149
cnv_depth__IBNLCO_00870__IBNLCO_00870__gene__promoter,149
cnv_depth__IBNLCO_00872__IBNLCO_00872__gene,9577
cnv_depth__IBNLCO_00872__hypothetical__CDS__promoter,6704
cnv_depth__IBNLCO_00873__IBNLCO_00873__gene__promoter,5047
cnv_depth__IBNLCO_00874__DUF192__CDS,6651
cnv_depth__IBNLCO_00874__DUF192__CDS__promoter,9437
cnv_depth__IBNLCO_00875__IBNLCO_00875__gene__promoter,9706
cnv_depth__IBNLCO_00876__IBNLCO_00876__gene__promoter,9094
cnv_depth__IBNLCO_00876__IBNLCO_00876__gene,6280
cnv_depth__IBNLCO_00877__cueO__gene__promoter,5715
cnv_depth__IBNLCO_00878__cspD__gene,9188
cnv_depth__IBNLCO_00878__cspD__gene__promoter,4340
cnv_depth__IBNLCO_00879__clpS__gene__promoter,4953
cnv_depth__IBNLCO_00879__clpS__gene,1053
cnv_depth__IBNLCO_00880__clpA__gene__promoter,1053
cnv_depth__IBNLCO_00880__clpA__gene,9480
cnv_depth__IBNLCO_00881__IBNLCO_00881__gene__promoter,6187
cnv_depth__IBNLCO_00881__Amino__CDS,7881
cnv_depth__IBNLCO_00882__gnl|Bakta|IBNLCO_00882__CDS__promoter,6095
cnv_depth__IBNLCO_00883__Integral__CDS__promoter,8447
cnv_depth__IBNLCO_00883__Integral__CDS,6617
cnv_depth__IBNLCO_00884__Deoxyuridine__CDS,5803
cnv_depth__IBNLCO_00884__Deoxyuridine__CDS__promoter,5013
cnv_depth__IBNLCO_00885__Coenzyme__CDS__promoter,8111
cnv_depth__IBNLCO_00886__Lipoprotein__CDS,7557
cnv_depth__IBNLCO_00886__Lipoprotein__CDS__promoter,7607
cnv_depth__IBNLCO_00887__Isoleucine--tRNA__CDS__promoter,4304
cnv_depth__IBNLCO_00889__IBNLCO_00889__gene__promoter,8955
cnv_depth__IBNLCO_00888__IBNLCO_00888__gene__promoter,8500
cnv_depth__IBNLCO_00890__IBNLCO_00890__gene__promoter,5199
cnv_depth__IBNLCO_00891__kefA__gene__promoter,8095
cnv_depth__IBNLCO_00892__IBNLCO_00892__gene__promoter,9051
cnv_depth__IBNLCO_00892__IBNLCO_00892__gene,8192
cnv_depth__IBNLCO_00893__Quinolinate__CDS__promoter,5327
cnv_depth__IBNLCO_00894__nicotinate-nucleotide__CDS__promoter,6540
cnv_depth__IBNLCO_00894__nicotinate-nucleotide__CDS,6830
cnv_depth__IBNLCO_00895__L-aspartate__CDS__promoter,6904
cnv_depth__IBNLCO_00896__IBNLCO_00896__gene,6158
cnv_depth__IBNLCO_00896__IBNLCO_00896__gene__promoter,546
cnv_depth__IBNLCO_00897__Large__CDS,546
cnv_depth__IBNLCO_00897__Large__CDS__promoter,7260
cnv_depth__IBNLCO_00898__IBNLCO_00898__gene,5642
cnv_depth__IBNLCO_00899__Peptidyl-prolyl__CDS__promoter,6989
cnv_depth__IBNLCO_00898__IBNLCO_00898__gene__promoter,4227
cnv_depth__IBNLCO_00900__4-hydroxy-3-methylbut-2-enyl__CDS__promoter,9195
cnv_depth__IBNLCO_00900__IBNLCO_00900__gene,8928
cnv_depth__IBNLCO_00901__gnl|Bakta|IBNLCO_00901__CDS__promoter,6521
cnv_depth__IBNLCO_00901__IBNLCO_00901__gene,5081
cnv_depth__IBNLCO_00902__High-affinity__CDS__promoter,5271
cnv_depth__IBNLCO_00902__livH__gene,8744
cnv_depth__IBNLCO_00903__ABC__CDS__promoter,6889
cnv_depth__IBNLCO_00903__IBNLCO_00903__gene,7146
cnv_depth__IBNLCO_00904__ABC__CDS__promoter,7027
cnv_depth__IBNLCO_00904__IBNLCO_00904__gene,7072
cnv_depth__IBNLCO_00905__Leucine/isoleucine/valine__CDS__promoter,6922
cnv_depth__IBNLCO_00905__IBNLCO_00905__gene,8091
cnv_depth__IBNLCO_00906__DUF2278__CDS__promoter,6562
cnv_depth__IBNLCO_00906__IBNLCO_00906__gene,5819
cnv_depth__IBNLCO_00907__N-acetyltransferase__CDS,8295
cnv_depth__IBNLCO_00907__N-acetyltransferase__CDS__promoter,8099
cnv_depth__IBNLCO_00908__IBNLCO_00908__gene__promoter,366
cnv_depth__IBNLCO_00909__BcKCsr7__gene,366
cnv_depth__IBNLCO_00909__BcKCsr7__gene__promoter,7323
cnv_depth__IBNLCO_00911__Nucleoside-diphosphate-sugar__CDS__promoter,5279
cnv_depth__IBNLCO_00910__CDP-6-deoxy-delta-3%2C4-glucoseen__CDS__promoter,5815
cnv_depth__IBNLCO_00912__IBNLCO_00912__gene,8235
cnv_depth__IBNLCO_00912__Zinc__CDS__promoter,4871
cnv_depth__IBNLCO_00914__CopC__CDS__promoter,9703
cnv_depth__IBNLCO_00913__Ribosomal__CDS__promoter,4876
cnv_depth__IBNLCO_00914__copC__gene,6812
cnv_depth__IBNLCO_00915__HTH__CDS,6168
cnv_depth__IBNLCO_00915__HTH__CDS__promoter,5073
cnv_depth__IBNLCO_00916__IBNLCO_00916__gene,8712
cnv_depth__IBNLCO_00917__Epoxide__CDS__promoter,9052
cnv_depth__IBNLCO_00916__Putative__CDS__promoter,8778
cnv_depth__IBNLCO_00918__MOSC__CDS__promoter,8703
cnv_depth__IBNLCO_00919__N-acetylneuraminate__CDS__promoter,5473
cnv_depth__IBNLCO_00920__IBNLCO_00920__gene,5281
cnv_depth__IBNLCO_00921__HTH__CDS__promoter,342
cnv_depth__IBNLCO_00920__gnl|Bakta|IBNLCO_00920__CDS__promoter,342
cnv_depth__IBNLCO_00921__HTH__CDS,5468
cnv_depth__IBNLCO_00922__trnL__gene,7025
cnv_depth__IBNLCO_00922__trnL__gene__promoter,5209
cnv_depth__IBNLCO_00923__HTH__CDS,7705
cnv_depth__IBNLCO_00924__Sulfite__CDS__promoter,89
cnv_depth__IBNLCO_00923__IBNLCO_00923__gene__promoter,89
cnv_depth__IBNLCO_00924__IBNLCO_00924__gene,9048
cnv_depth__IBNLCO_00925__IBNLCO_00925__gene__promoter,5427
cnv_depth__IBNLCO_00926__Adenosine__CDS__promoter,5287
cnv_depth__IBNLCO_00927__Sulfate__CDS__promoter,8551
cnv_depth__IBNLCO_00927__IBNLCO_00927__gene,7440
cnv_depth__IBNLCO_00928__sulfate__CDS__promoter,4821
cnv_depth__IBNLCO_00928__sulfate__CDS,5754
cnv_depth__IBNLCO_00929__IBNLCO_00929__gene__promoter,6297
cnv_depth__IBNLCO_00929__uroporphyrinogen-III__CDS,6820
cnv_depth__IBNLCO_00930__cbiX__gene,5489
cnv_depth__IBNLCO_00930__Cobalamin__CDS__promoter,8923
cnv_depth__IBNLCO_00931__LPS__CDS,7270
cnv_depth__IBNLCO_00931__lptG__gene__promoter,4931
cnv_depth__IBNLCO_00932__Lipopolysaccharide__CDS,7228
cnv_depth__IBNLCO_00933__putative__CDS__promoter,9549
cnv_depth__IBNLCO_00932__lptF__gene__promoter,5593
cnv_depth__IBNLCO_00934__IBNLCO_00934__gene__promoter,9639
cnv_depth__IBNLCO_00934__IBNLCO_00934__gene,9085
cnv_depth__IBNLCO_00935__IBNLCO_00935__gene__promoter,6276
cnv_depth__IBNLCO_00935__IBNLCO_00935__gene,5966
cnv_depth__IBNLCO_00936__IBNLCO_00936__gene,7393
cnv_depth__IBNLCO_00936__hypothetical__CDS__promoter,8860
cnv_depth__IBNLCO_00938__Dihydroxy-acid__CDS__promoter,54
cnv_depth__IBNLCO_00937__IBNLCO_00937__gene__promoter,54
cnv_depth__IBNLCO_00938__IBNLCO_00938__gene,8719
cnv_depth__IBNLCO_00939__Phosphatidylglycerol--prolipoprotein__CDS__promoter,7018
cnv_depth__IBNLCO_00940__IBNLCO_00940__gene,6089
cnv_depth__IBNLCO_00940__Periplasmic__CDS__promoter,7227
cnv_depth__IBNLCO_00941__EVE__CDS,5231
cnv_depth__IBNLCO_00941__IBNLCO_00941__gene__promoter,41
cnv_depth__IBNLCO_00942__6S__gene,41
cnv_depth__IBNLCO_00942__6S__gene__promoter,8181
cnv_depth__IBNLCO_00943__zapA__gene,8697
cnv_depth__IBNLCO_00944__IBNLCO_00944__gene,9586
cnv_depth__IBNLCO_00943__zapA__gene__promoter,3184
cnv_depth__IBNLCO_00944__hypothetical__CDS__promoter,8808
cnv_depth__unknown__unknown__regulatory.1,6833
cnv_depth__IBNLCO_00945__TonB-dependent__CDS__promoter,6225
cnv_depth__IBNLCO_00946__IBNLCO_00946__gene__promoter,8311
cnv_depth__IBNLCO_00946__Iron__CDS,7716
cnv_depth__IBNLCO_00947__ABC__CDS__promoter,6242
cnv_depth__IBNLCO_00947__ABC__CDS,8698
cnv_depth__IBNLCO_00948__IBNLCO_00948__gene__promoter,5432
cnv_depth__IBNLCO_00948__Nicotinate-nucleotide--dimethylbenzimidazole__CDS,8281
cnv_depth__IBNLCO_00949__IBNLCO_00949__gene__promoter,5949
cnv_depth__IBNLCO_00949__Adenosylcobinamide-GDP__CDS,7392
cnv_depth__IBNLCO_00950__Alpha-ribazole__CDS__promoter,6734
cnv_depth__IBNLCO_00950__Alpha-ribazole__CDS,6116
cnv_depth__IBNLCO_00951__CHASE2__CDS__promoter,7707
cnv_depth__IBNLCO_00952__Cobalamin-binding__CDS,8065
cnv_depth__IBNLCO_00952__IBNLCO_00952__gene__promoter,5612
cnv_depth__IBNLCO_00953__threonine-phosphate__CDS,8533
cnv_depth__IBNLCO_00954__Cobalamin__CDS,9275
cnv_depth__IBNLCO_00953__IBNLCO_00953__gene__promoter,7829
cnv_depth__IBNLCO_00955__Bifunctional__CDS,9540
cnv_depth__IBNLCO_00954__Cobalamin__CDS__promoter,6226
cnv_depth__IBNLCO_00956__Cobyric__CDS__promoter,4373
cnv_depth__IBNLCO_00955__Bifunctional__CDS__promoter,7057
cnv_depth__IBNLCO_00956__IBNLCO_00956__gene,6998
cnv_depth__IBNLCO_00957__Oxidoreductase__CDS__promoter,6435
cnv_depth__IBNLCO_00957__Oxidoreductase__CDS,5148
cnv_depth__IBNLCO_00958__Light-independent__CDS__promoter,6843
cnv_depth__IBNLCO_00958__Light-independent__CDS,5043
cnv_depth__IBNLCO_00959__Aspartate__CDS__promoter,5343
cnv_depth__IBNLCO_00960__Pantothenate__CDS__promoter,4443
cnv_depth__IBNLCO_00961__IBNLCO_00961__gene__promoter,1008
cnv_depth__IBNLCO_00962__Acetyl-CoA__CDS,1008
cnv_depth__IBNLCO_00962__Acetyl-CoA__CDS__promoter,249
cnv_depth__IBNLCO_00963__Translocation__CDS__promoter,249
cnv_depth__IBNLCO_00964__tamB__gene__promoter,9211
cnv_depth__IBNLCO_00964__Autotransporter__CDS,8960
cnv_depth__IBNLCO_00965__hypothetical__CDS__promoter,8663
cnv_depth__IBNLCO_00966__IBNLCO_00966__gene__promoter,6127
cnv_depth__IBNLCO_00966__hypothetical__CDS,8930
cnv_depth__IBNLCO_00967__IBNLCO_00967__gene__promoter,5201
cnv_depth__IBNLCO_00968__ncS16__gene,7179
cnv_depth__IBNLCO_00968__ncS16__gene__promoter,6712
cnv_depth__IBNLCO_00969__OmpA-like__CDS,9589
cnv_depth__IBNLCO_00969__OmpA-like__CDS__promoter,8623
cnv_depth__IBNLCO_00970__IBNLCO_00970__gene__promoter,4165
cnv_depth__IBNLCO_00970__Iron-sulfur__CDS,7753
cnv_depth__IBNLCO_00971__superoxide__CDS__promoter,5053
cnv_depth__IBNLCO_00971__sodC__gene,5435
cnv_depth__IBNLCO_00972__dCTP__CDS__promoter,5799
cnv_depth__IBNLCO_00972__IBNLCO_00972__gene,5161
cnv_depth__IBNLCO_00973__Arginine__CDS__promoter,9179
cnv_depth__IBNLCO_00973__Arginine__CDS,9235
cnv_depth__IBNLCO_00974__IBNLCO_00974__gene__promoter,7425
cnv_depth__IBNLCO_00974__IBNLCO_00974__gene,8093
cnv_depth__IBNLCO_00975__Phosphoglycolate__CDS,7426
cnv_depth__IBNLCO_00975__Phosphoglycolate__CDS__promoter,5117
cnv_depth__IBNLCO_00976__IBNLCO_00976__gene__promoter,8420
cnv_depth__IBNLCO_00977__IBNLCO_00977__gene,4434
cnv_depth__IBNLCO_00977__Outer__CDS__promoter,4129
cnv_depth__IBNLCO_00978__Pili__CDS,7477
cnv_depth__IBNLCO_00978__IBNLCO_00978__gene__promoter,6930
cnv_depth__IBNLCO_00979__IBNLCO_00979__gene,8253
cnv_depth__IBNLCO_00979__hypothetical__CDS__promoter,9115
cnv_depth__IBNLCO_00980__Spore__CDS__promoter,7437
cnv_depth__IBNLCO_00980__IBNLCO_00980__gene,6744
cnv_depth__IBNLCO_00981__HTH__CDS,5233
cnv_depth__IBNLCO_00982__IBNLCO_00982__gene__promoter,468
cnv_depth__IBNLCO_00981__HTH__CDS__promoter,468
cnv_depth__IBNLCO_00982__hypothetical__CDS,7722
cnv_depth__IBNLCO_00983__Phosphoenolpyruvate__CDS__promoter,7301
cnv_depth__IBNLCO_00984__Porphobilinogen__CDS__promoter,6074
cnv_depth__IBNLCO_00984__IBNLCO_00984__gene,7626
cnv_depth__IBNLCO_00985__Bifunctional__CDS__promoter,8714
cnv_depth__IBNLCO_00986__IBNLCO_00986__gene__promoter,4895
cnv_depth__IBNLCO_00986__Protoporphyrinogen__CDS,6727
cnv_depth__IBNLCO_00987__IBNLCO_00987__gene,8120
cnv_depth__IBNLCO_00987__MFS__CDS__promoter,5431
cnv_depth__IBNLCO_00988__IBNLCO_00988__gene__promoter,7385
cnv_depth__IBNLCO_00989__Aldehyde__CDS,8643
cnv_depth__IBNLCO_00990__IBNLCO_00990__gene__promoter,867
cnv_depth__IBNLCO_00989__Aldehyde__CDS__promoter,867
cnv_depth__IBNLCO_00990__Inorganic__CDS,9483
cnv_depth__IBNLCO_00991__Endo/excinuclease__CDS,7833
cnv_depth__IBNLCO_00991__IBNLCO_00991__gene__promoter,67
cnv_depth__IBNLCO_00992__IBNLCO_00992__gene__promoter,67
cnv_depth__IBNLCO_00992__hypothetical__CDS,6313
cnv_depth__IBNLCO_00993__gnl|Bakta|IBNLCO_00993__CDS,7418
cnv_depth__IBNLCO_00994__IBNLCO_00994__gene__promoter,166
cnv_depth__IBNLCO_00993__IBNLCO_00993__gene__promoter,166
cnv_depth__IBNLCO_00995__Nitrogen__CDS,5793
cnv_depth__IBNLCO_00996__IBNLCO_00996__gene__promoter,5027
cnv_depth__IBNLCO_00997__Histidine__CDS,6417
cnv_depth__IBNLCO_00997__Histidine__CDS__promoter,9501
cnv_depth__IBNLCO_00998__Histidine/lysine/arginine/ornithine__CDS,5820
cnv_depth__IBNLCO_00999__ABC__CDS,9674
cnv_depth__IBNLCO_00998__hisM__gene__promoter,8142
cnv_depth__IBNLCO_00999__ABC__CDS__promoter,4383
cnv_depth__IBNLCO_01000__IBNLCO_01000__gene__promoter,6779
cnv_depth__IBNLCO_01001__IBNLCO_01001__gene__promoter,4971
cnv_depth__IBNLCO_01001__Quercetin__CDS,2508
cnv_depth__IBNLCO_01002__hypothetical__CDS,8655
cnv_depth__IBNLCO_01002__IBNLCO_01002__gene__promoter,424
cnv_depth__IBNLCO_01003__Two-component__CDS__promoter,424
cnv_depth__IBNLCO_01003__Two-component__CDS,7517
cnv_depth__IBNLCO_01004__IBNLCO_01004__gene__promoter,7273
cnv_depth__IBNLCO_01004__histidine__CDS,7832
cnv_depth__IBNLCO_01005__Bacteriophage__CDS,5383
cnv_depth__IBNLCO_01005__IBNLCO_01005__gene__promoter,8890
cnv_depth__IBNLCO_01006__hypothetical__CDS,5889
cnv_depth__IBNLCO_01006__hypothetical__CDS__promoter,188
cnv_depth__IBNLCO_01007__IBNLCO_01007__gene__promoter,188
cnv_depth__IBNLCO_01008__IBNLCO_01008__gene__promoter,7359
cnv_depth__IBNLCO_01008__IBNLCO_01008__gene,6306
cnv_depth__IBNLCO_01009__IBNLCO_01009__gene,5607
cnv_depth__IBNLCO_01010__IBNLCO_01010__gene,7895
cnv_depth__IBNLCO_01009__gnl|Bakta|IBNLCO_01009__CDS__promoter,6235
cnv_depth__IBNLCO_01010__IBNLCO_01010__gene__promoter,9339
cnv_depth__IBNLCO_01011__Trehalose-6-phosphate__CDS__promoter,6139
cnv_depth__IBNLCO_01012__NadR/Ttd14__CDS__promoter,5519
cnv_depth__IBNLCO_01012__IBNLCO_01012__gene,4312
cnv_depth__IBNLCO_01013__Glycine__CDS,9263
cnv_depth__IBNLCO_01013__Glycine__CDS__promoter,8597
cnv_depth__IBNLCO_01014__Uncharacterized__CDS,7732
cnv_depth__IBNLCO_01014__yebQ__gene__promoter,7735
cnv_depth__IBNLCO_01015__Phosphatidylethanolamine-binding__CDS,5677
cnv_depth__IBNLCO_01015__Phosphatidylethanolamine-binding__CDS__promoter,6715
cnv_depth__IBNLCO_01016__DUF5594__CDS,6304
cnv_depth__IBNLCO_01017__IBNLCO_01017__gene__promoter,151
cnv_depth__IBNLCO_01016__DUF5594__CDS__promoter,151
cnv_depth__IBNLCO_01017__hypothetical__CDS,774
cnv_depth__IBNLCO_01018__IBNLCO_01018__gene__promoter,774
cnv_depth__IBNLCO_01018__hypothetical__CDS,7997
cnv_depth__IBNLCO_01019__hypothetical__CDS,5739
cnv_depth__IBNLCO_01020__IBNLCO_01020__gene__promoter,793
cnv_depth__IBNLCO_01019__hypothetical__CDS__promoter,793
cnv_depth__IBNLCO_01020__gnl|Bakta|IBNLCO_01020__CDS,8919
cnv_depth__IBNLCO_01021__Peptidase__CDS,4897
cnv_depth__IBNLCO_01021__IBNLCO_01021__gene__promoter,9173
cnv_depth__IBNLCO_01022__Transmembrane__CDS,7566
cnv_depth__IBNLCO_01022__IBNLCO_01022__gene__promoter,4882
cnv_depth__IBNLCO_01023__Inhibitor__CDS__promoter,6819
cnv_depth__IBNLCO_01023__Inhibitor__CDS,7823
cnv_depth__IBNLCO_01024__tRNA-Arg(cct)__tRNA,5692
cnv_depth__IBNLCO_01024__trnR__gene__promoter,6999
cnv_depth__IBNLCO_01025__DUF982__CDS__promoter,6138
cnv_depth__IBNLCO_01025__DUF982__CDS,94
cnv_depth__IBNLCO_01026__hypothetical__CDS__promoter,94
cnv_depth__IBNLCO_01026__hypothetical__CDS,261
cnv_depth__IBNLCO_01027__Transcriptional__CDS__promoter,261
cnv_depth__IBNLCO_01027__hlyU__gene,5062
cnv_depth__IBNLCO_01028__IBNLCO_01028__gene__promoter,9368
cnv_depth__IBNLCO_01028__Translation__CDS,5261
cnv_depth__IBNLCO_01029__Alpha/beta__CDS,7005
cnv_depth__IBNLCO_01029__Alpha/beta__CDS__promoter,3664
cnv_depth__IBNLCO_01030__DUF2306__CDS__promoter,5985
cnv_depth__IBNLCO_01031__gnl|Bakta|IBNLCO_01031__CDS,6275
cnv_depth__IBNLCO_01031__gnl|Bakta|IBNLCO_01031__CDS__promoter,5245
cnv_depth__IBNLCO_01032__IBNLCO_01032__gene__promoter,7717
cnv_depth__IBNLCO_01032__DUF4399__CDS,5107
cnv_depth__IBNLCO_01033__ATP-binding__CDS__promoter,6856
cnv_depth__IBNLCO_01034__DNA__CDS__promoter,8127
cnv_depth__IBNLCO_01034__DNA__CDS,6406
cnv_depth__IBNLCO_01035__DNA__CDS__promoter,6847
cnv_depth__IBNLCO_01036__IBNLCO_01036__gene__promoter,2944
cnv_depth__IBNLCO_01036__Copper__CDS,9164
cnv_depth__IBNLCO_01037__HTH__CDS,8282
cnv_depth__IBNLCO_01039__HTH__CDS__promoter,153
cnv_depth__IBNLCO_01040__Major__CDS__promoter,153
cnv_depth__IBNLCO_01040__Major__CDS,5074
cnv_depth__IBNLCO_01041__N-carbamoyl-L-amino-acid__CDS__promoter,7317
cnv_depth__IBNLCO_01041__IBNLCO_01041__gene,7730
cnv_depth__IBNLCO_01042__Acetylpolyamine__CDS__promoter,6247
cnv_depth__IBNLCO_01043__IBNLCO_01043__gene,3060
cnv_depth__IBNLCO_01043__Chromate__CDS__promoter,5121
cnv_depth__IBNLCO_01044__Diguanylate__CDS__promoter,6555
cnv_depth__IBNLCO_01045__IBNLCO_01045__gene,6326
cnv_depth__IBNLCO_01045__IBNLCO_01045__gene__promoter,9133
cnv_depth__IBNLCO_01046__IBNLCO_01046__gene,8086
cnv_depth__IBNLCO_01046__Endoribonuclease__CDS__promoter,7817
cnv_depth__IBNLCO_01047__IBNLCO_01047__gene,8188
cnv_depth__IBNLCO_01047__2-aminoadipate__CDS__promoter,4452
cnv_depth__IBNLCO_01048__eamA__gene,9044
cnv_depth__IBNLCO_01048__EamA__CDS__promoter,2943
cnv_depth__IBNLCO_01049__IBNLCO_01049__gene,8497
cnv_depth__IBNLCO_01050__Histidinol-phosphate__CDS__promoter,4771
cnv_depth__IBNLCO_01049__Glyoxalase-like__CDS__promoter,9101
cnv_depth__IBNLCO_01051__Molecular__CDS__promoter,6707
cnv_depth__IBNLCO_01051__htpG__gene,8686
cnv_depth__IBNLCO_01052__putative__CDS__promoter,9199
cnv_depth__IBNLCO_01052__IBNLCO_01052__gene,9060
cnv_depth__IBNLCO_01053__Uracil-DNA__CDS__promoter,9185
cnv_depth__IBNLCO_01053__IBNLCO_01053__gene,6817
cnv_depth__IBNLCO_01054__Polyamine__CDS__promoter,7031
cnv_depth__IBNLCO_01054__IBNLCO_01054__gene,5226
cnv_depth__IBNLCO_01055__hypothetical__CDS__promoter,5619
cnv_depth__IBNLCO_01055__IBNLCO_01055__gene,474
cnv_depth__IBNLCO_01056__Sodium:solute__CDS__promoter,474
cnv_depth__IBNLCO_01056__IBNLCO_01056__gene,6022
cnv_depth__IBNLCO_01057__IBNLCO_01057__gene,7843
cnv_depth__IBNLCO_01057__Glyoxalase/fosfomycin__CDS__promoter,6451
cnv_depth__IBNLCO_01058__gnl|Bakta|IBNLCO_01058__CDS__promoter,6728
cnv_depth__IBNLCO_01059__benE__gene,7759
cnv_depth__IBNLCO_01060__VWA__CDS__promoter,7443
cnv_depth__IBNLCO_01061__AAA+__CDS__promoter,469
cnv_depth__IBNLCO_01062__Cytochrome__CDS__promoter,469
cnv_depth__IBNLCO_01062__IBNLCO_01062__gene,8521
cnv_depth__IBNLCO_01063__Cytochrome__CDS__promoter,6030
cnv_depth__IBNLCO_01063__IBNLCO_01063__gene,9151
cnv_depth__IBNLCO_01064__IBNLCO_01064__gene,7243
cnv_depth__IBNLCO_01064__DUF1841__CDS__promoter,4431
cnv_depth__IBNLCO_01065__EamA__CDS__promoter,5796
cnv_depth__IBNLCO_01065__eamA__gene,4888
cnv_depth__IBNLCO_01066__IBNLCO_01066__gene,5957
cnv_depth__IBNLCO_01066__Endonuclease__CDS__promoter,3527
cnv_depth__IBNLCO_01067__rsxB__gene,8325
cnv_depth__IBNLCO_01067__Electron__CDS__promoter,45
cnv_depth__IBNLCO_01068__HTH__CDS__promoter,45
cnv_depth__IBNLCO_01068__IBNLCO_01068__gene,6709
cnv_depth__IBNLCO_01069__Poly(3-hydroxybutyrate)__CDS__promoter,4997
cnv_depth__IBNLCO_01071__gnl|Bakta|IBNLCO_01071__CDS__promoter,708
cnv_depth__IBNLCO_01070__gnl|Bakta|IBNLCO_01070__CDS__promoter,708
cnv_depth__IBNLCO_01071__IBNLCO_01071__gene,7981
cnv_depth__IBNLCO_01072__ftsK__gene,16
cnv_depth__IBNLCO_01072__FtsK__CDS__promoter,8062
cnv_depth__IBNLCO_01073__IBNLCO_01073__gene,8662
cnv_depth__IBNLCO_01073__DUF306__CDS__promoter,9328
cnv_depth__IBNLCO_01074__Formate-dependent__CDS__promoter,6357
cnv_depth__IBNLCO_01074__IBNLCO_01074__gene,8938
cnv_depth__IBNLCO_01075__gnl|Bakta|IBNLCO_01075__CDS__promoter,7856
cnv_depth__IBNLCO_01075__IBNLCO_01075__gene,334
cnv_depth__IBNLCO_01076__C-type__CDS__promoter,334
cnv_depth__IBNLCO_01076__IBNLCO_01076__gene,4372
cnv_depth__IBNLCO_01077__ATP-dependent__CDS__promoter,6104
cnv_depth__IBNLCO_01077__IBNLCO_01077__gene,8242
cnv_depth__IBNLCO_01078__IBNLCO_01078__gene,5826
cnv_depth__IBNLCO_01078__Glutamyl-Q__CDS__promoter,5747
cnv_depth__IBNLCO_01079__IBNLCO_01079__gene,7288
cnv_depth__IBNLCO_01079__tRNA__CDS__promoter,5341
cnv_depth__IBNLCO_01080__DNA__CDS__promoter,6694
cnv_depth__IBNLCO_01081__ATP-dependent__CDS__promoter,9651
cnv_depth__IBNLCO_01081__IBNLCO_01081__gene,73
cnv_depth__IBNLCO_01082__hypothetical__CDS__promoter,73
cnv_depth__IBNLCO_01082__IBNLCO_01082__gene,73
cnv_depth__IBNLCO_01083__ADP-heptose--LPS__CDS__promoter,73
cnv_depth__IBNLCO_01083__IBNLCO_01083__gene,73
cnv_depth__IBNLCO_01084__O-antigen__CDS__promoter,73
cnv_depth__IBNLCO_01084__IBNLCO_01084__gene,70
cnv_depth__IBNLCO_01085__N-acetylgalactosamine-N%2C__CDS__promoter,73
cnv_depth__IBNLCO_01085__IBNLCO_01085__gene,73
cnv_depth__IBNLCO_01086__Lipopolysaccharide__CDS__promoter,73
cnv_depth__IBNLCO_01086__rfaQ__gene,73
cnv_depth__IBNLCO_01087__waaE__gene,73
cnv_depth__IBNLCO_01087__Lipopolysaccharide__CDS__promoter,73
cnv_depth__IBNLCO_01088__hypothetical__CDS__promoter,73
cnv_depth__IBNLCO_01088__IBNLCO_01088__gene,6286
cnv_depth__IBNLCO_01089__IBNLCO_01089__gene,7996
cnv_depth__IBNLCO_01089__Integral__CDS__promoter,5740
cnv_depth__IBNLCO_01090__IBNLCO_01090__gene,5270
cnv_depth__IBNLCO_01091__IBNLCO_01091__gene,6626
cnv_depth__IBNLCO_01090__MFS__CDS__promoter,6459
cnv_depth__IBNLCO_01091__PRC-barrel__CDS__promoter,8772
cnv_depth__IBNLCO_01092__IBNLCO_01092__gene,9521
cnv_depth__IBNLCO_01092__Carboxymuconolactone__CDS__promoter,5520
cnv_depth__IBNLCO_01093__sigJ__gene,7932
cnv_depth__IBNLCO_01093__ECF__CDS__promoter,6647
cnv_depth__IBNLCO_01094__IBNLCO_01094__gene,5139
cnv_depth__IBNLCO_01094__Lipocalin-like__CDS__promoter,5869
cnv_depth__IBNLCO_01095__IBNLCO_01095__gene,4593
cnv_depth__IBNLCO_01095__hypothetical__CDS__promoter,6350
cnv_depth__IBNLCO_01096__hypothetical__CDS__promoter,5302
cnv_depth__IBNLCO_01096__IBNLCO_01096__gene,9112
cnv_depth__IBNLCO_01097__Chemotaxis__CDS__promoter,6752
cnv_depth__IBNLCO_01097__IBNLCO_01097__gene,6245
cnv_depth__IBNLCO_01098__IBNLCO_01098__gene,5768
cnv_depth__IBNLCO_01099__Phospholipase__CDS__promoter,203
cnv_depth__IBNLCO_01098__hypothetical__CDS__promoter,203
cnv_depth__IBNLCO_01099__plcR__gene,4943
cnv_depth__IBNLCO_01100__gnl|Bakta|IBNLCO_01100__CDS__promoter,8510
cnv_depth__IBNLCO_01101__xanP__gene,9280
cnv_depth__IBNLCO_01101__Xanthine__CDS__promoter,5280
cnv_depth__IBNLCO_01102__Ribonuclease__CDS__promoter,8215
cnv_depth__IBNLCO_01103__IBNLCO_01103__gene,4948
cnv_depth__IBNLCO_01103__dTTP/UTP__CDS__promoter,9125
cnv_depth__IBNLCO_01104__IBNLCO_01104__gene,5195
cnv_depth__IBNLCO_01104__Ribosomal__CDS__promoter,7126
cnv_depth__IBNLCO_01105__IBNLCO_01105__gene,8825
cnv_depth__IBNLCO_01105__hypothetical__CDS__promoter,7181
cnv_depth__IBNLCO_01106__IBNLCO_01106__gene,7538
cnv_depth__IBNLCO_01107__IBNLCO_01107__gene,9001
cnv_depth__IBNLCO_01106__IBNLCO_01106__gene__promoter,7284
cnv_depth__IBNLCO_01107__IBNLCO_01107__gene__promoter,9013
cnv_depth__IBNLCO_01108__IBNLCO_01108__gene__promoter,7887
cnv_depth__IBNLCO_01109__putative__CDS,5978
cnv_depth__IBNLCO_01109__IBNLCO_01109__gene__promoter,7811
cnv_depth__IBNLCO_01110__IBNLCO_01110__gene,6929
cnv_depth__IBNLCO_01110__Uracil__CDS__promoter,408
cnv_depth__IBNLCO_01111__mabA__gene__promoter,408
cnv_depth__IBNLCO_01111__mabA__gene,8220
cnv_depth__IBNLCO_01112__IBNLCO_01112__gene__promoter,6019
cnv_depth__IBNLCO_01112__Methylglyoxal__CDS,8067
cnv_depth__IBNLCO_01113__IBNLCO_01113__gene,5784
cnv_depth__IBNLCO_01113__IBNLCO_01113__gene__promoter,127
cnv_depth__IBNLCO_01114__NADPH2:quinone__CDS__promoter,127
cnv_depth__IBNLCO_01114__IBNLCO_01114__gene,8116
cnv_depth__IBNLCO_01115__Potassium-transporting__CDS__promoter,5455
cnv_depth__IBNLCO_01116__IBNLCO_01116__gene__promoter,8276
cnv_depth__IBNLCO_01117__IBNLCO_01117__gene__promoter,9411
cnv_depth__IBNLCO_01115__Potassium-transporting__CDS,6832
cnv_depth__IBNLCO_01116__K(+)-transporting__CDS,9309
cnv_depth__IBNLCO_01117__IBNLCO_01117__gene,6385
cnv_depth__IBNLCO_01118__IBNLCO_01118__gene__promoter,8147
cnv_depth__IBNLCO_01119__kdpC__gene__promoter,7115
cnv_depth__IBNLCO_01119__kdpC__gene,8313
cnv_depth__IBNLCO_01120__IBNLCO_01120__gene__promoter,5996
cnv_depth__IBNLCO_01120__IBNLCO_01120__gene,9545
cnv_depth__IBNLCO_01121__IBNLCO_01121__gene__promoter,6156
cnv_depth__IBNLCO_01121__IBNLCO_01121__gene,4203
cnv_depth__IBNLCO_01122__gnl|Bakta|IBNLCO_01122__CDS__promoter,5181
cnv_depth__IBNLCO_01122__IBNLCO_01122__gene,7111
cnv_depth__IBNLCO_01123__Guanidinium__CDS__promoter,9640
cnv_depth__unknown__unknown__regulatory.2,4524
cnv_depth__IBNLCO_01123__IBNLCO_01123__gene,5222
cnv_depth__IBNLCO_01124__DUF4126__CDS__promoter,6420
cnv_depth__IBNLCO_01124__DUF4126__CDS,9454
cnv_depth__IBNLCO_01125__IBNLCO_01125__gene__promoter,9438
cnv_depth__IBNLCO_01125__ABC3__CDS,3174
cnv_depth__IBNLCO_01126__IBNLCO_01126__gene__promoter,8563
cnv_depth__IBNLCO_01126__gnl|Bakta|IBNLCO_01126__CDS,5126
cnv_depth__IBNLCO_01127__IBNLCO_01127__gene__promoter,2840
cnv_depth__IBNLCO_01127__IBNLCO_01127__gene,8818
cnv_depth__IBNLCO_01128__IBNLCO_01128__gene__promoter,8693
cnv_depth__IBNLCO_01128__Transmembrane__CDS,8491
cnv_depth__IBNLCO_01129__IBNLCO_01129__gene__promoter,6732
cnv_depth__IBNLCO_01129__gnl|Bakta|IBNLCO_01129__CDS,9495
cnv_depth__IBNLCO_01130__citH__gene__promoter,6590
cnv_depth__IBNLCO_01130__Citrate-proton__CDS,7662
cnv_depth__IBNLCO_01131__Undecaprenyl__CDS,9200
cnv_depth__IBNLCO_01131__IBNLCO_01131__gene__promoter,4902
cnv_depth__IBNLCO_01132__SDR__CDS,6834
cnv_depth__IBNLCO_01132__IBNLCO_01132__gene__promoter,9493
cnv_depth__IBNLCO_01134__Transcriptional__CDS,5871
cnv_depth__IBNLCO_01133__IBNLCO_01133__gene__promoter,5594
cnv_depth__IBNLCO_01134__tetR__gene__promoter,5872
cnv_depth__IBNLCO_01135__IBNLCO_01135__gene__promoter,8760
cnv_depth__IBNLCO_01136__IBNLCO_01136__gene__promoter,7351
cnv_depth__IBNLCO_01137__IBNLCO_01137__gene__promoter,8566
cnv_depth__IBNLCO_01138__RDD__CDS,8780
cnv_depth__IBNLCO_01138__IBNLCO_01138__gene__promoter,8122
cnv_depth__IBNLCO_01139__hypothetical__CDS,7226
cnv_depth__IBNLCO_01139__hypothetical__CDS__promoter,6939
cnv_depth__IBNLCO_01140__Transmembrane__CDS,6331
cnv_depth__IBNLCO_01140__IBNLCO_01140__gene__promoter,6535
cnv_depth__IBNLCO_01141__IBNLCO_01141__gene__promoter,2833
cnv_depth__IBNLCO_01142__IBNLCO_01142__gene__promoter,8843
cnv_depth__IBNLCO_01142__IBNLCO_01142__gene,8534
cnv_depth__IBNLCO_01143__IBNLCO_01143__gene__promoter,6305
cnv_depth__IBNLCO_01143__IBNLCO_01143__gene,8334
cnv_depth__IBNLCO_01144__IBNLCO_01144__gene__promoter,7251
cnv_depth__IBNLCO_01144__Ketol-acid__CDS,7182
cnv_depth__IBNLCO_01145__IBNLCO_01145__gene__promoter,7017
cnv_depth__IBNLCO_01145__IBNLCO_01145__gene,8543
cnv_depth__IBNLCO_01146__IBNLCO_01146__gene__promoter,7077
cnv_depth__IBNLCO_01147__2-isopropylmalate__CDS__promoter,7032
cnv_depth__IBNLCO_01147__IBNLCO_01147__gene,7543
cnv_depth__IBNLCO_01148__SLC26A/SulP__CDS,4059
cnv_depth__IBNLCO_01148__IBNLCO_01148__gene__promoter,5308
cnv_depth__IBNLCO_01149__Carbonic__CDS__promoter,6505
cnv_depth__IBNLCO_01150__bamE__gene__promoter,7610
cnv_depth__IBNLCO_01151__IBNLCO_01151__gene__promoter,6411
cnv_depth__IBNLCO_01151__IBNLCO_01151__gene,5321
cnv_depth__IBNLCO_01152__IBNLCO_01152__gene__promoter,9351
cnv_depth__IBNLCO_01152__Small__CDS,7087
cnv_depth__IBNLCO_01153__IBNLCO_01153__gene__promoter,8383
cnv_depth__IBNLCO_01154__IBNLCO_01154__gene__promoter,9217
cnv_depth__IBNLCO_01154__IBNLCO_01154__gene,6002
cnv_depth__IBNLCO_01155__Triosephosphate__CDS__promoter,5035
cnv_depth__IBNLCO_01155__IBNLCO_01155__gene,7035
cnv_depth__IBNLCO_01156__IBNLCO_01156__gene__promoter,7947
cnv_depth__IBNLCO_01156__IBNLCO_01156__gene,5128
cnv_depth__IBNLCO_01157__trnL__gene__promoter,6717
cnv_depth__IBNLCO_01157__tRNA-Leu(gag)__tRNA,8820
cnv_depth__IBNLCO_01158__IBNLCO_01158__gene__promoter,4892
cnv_depth__IBNLCO_01158__NADH-quinone__CDS,9424
cnv_depth__IBNLCO_01159__IBNLCO_01159__gene__promoter,8176
cnv_depth__IBNLCO_01159__IBNLCO_01159__gene,8237
cnv_depth__IBNLCO_01160__NADH-quinone__CDS__promoter,2670
cnv_depth__IBNLCO_01160__NADH-quinone__CDS,9306
cnv_depth__IBNLCO_01161__IBNLCO_01161__gene__promoter,7958
cnv_depth__IBNLCO_01161__IBNLCO_01161__gene,8439
cnv_depth__IBNLCO_01162__IBNLCO_01162__gene__promoter,9061
cnv_depth__IBNLCO_01162__IBNLCO_01162__gene,7195
cnv_depth__IBNLCO_01163__NADH-quinone__CDS__promoter,7038
cnv_depth__IBNLCO_01163__IBNLCO_01163__gene,8674
cnv_depth__IBNLCO_01164__IBNLCO_01164__gene__promoter,6281
cnv_depth__IBNLCO_01165__NADH-quinone__CDS__promoter,6775
cnv_depth__IBNLCO_01165__NADH-quinone__CDS,7553
cnv_depth__IBNLCO_01166__NADH-quinone__CDS__promoter,6446
cnv_depth__IBNLCO_01166__NADH-quinone__CDS,7539
cnv_depth__IBNLCO_01167__IBNLCO_01167__gene__promoter,5458
cnv_depth__IBNLCO_01167__NADH-quinone__CDS,9300
cnv_depth__IBNLCO_01168__NADH-quinone__CDS__promoter,7350
cnv_depth__IBNLCO_01168__NADH-quinone__CDS,164
cnv_depth__IBNLCO_01169__IBNLCO_01169__gene__promoter,164
cnv_depth__IBNLCO_01169__NADH-quinone__CDS,9652
cnv_depth__IBNLCO_01170__IBNLCO_01170__gene__promoter,8009
cnv_depth__IBNLCO_01170__IBNLCO_01170__gene,9453
cnv_depth__IBNLCO_01171__IBNLCO_01171__gene__promoter,3658
cnv_depth__IBNLCO_01171__IBNLCO_01171__gene,7042
cnv_depth__IBNLCO_01172__IBNLCO_01172__gene__promoter,9105
cnv_depth__IBNLCO_01172__IBNLCO_01172__gene,9659
cnv_depth__IBNLCO_01173__IBNLCO_01173__gene__promoter,9066
cnv_depth__IBNLCO_01173__IBNLCO_01173__gene,7635
cnv_depth__IBNLCO_01174__IBNLCO_01174__gene__promoter,5357
cnv_depth__IBNLCO_01174__IBNLCO_01174__gene,7192
cnv_depth__IBNLCO_01175__Acyl-CoA__CDS__promoter,8755
cnv_depth__IBNLCO_01175__Acyl-CoA__CDS,6170
cnv_depth__IBNLCO_01176__IBNLCO_01176__gene__promoter,8995
cnv_depth__IBNLCO_01176__IBNLCO_01176__gene,6474
cnv_depth__IBNLCO_01177__MaoC-like__CDS__promoter,6649
cnv_depth__IBNLCO_01177__MaoC-like__CDS,8336
cnv_depth__IBNLCO_01178__IBNLCO_01178__gene__promoter,7028
cnv_depth__IBNLCO_01179__IBNLCO_01179__gene__promoter,6761
cnv_depth__IBNLCO_01180__IBNLCO_01180__gene__promoter,5336
cnv_depth__IBNLCO_01181__IBNLCO_01181__gene__promoter,6500
cnv_depth__IBNLCO_01182__IBNLCO_01182__gene,4973
cnv_depth__IBNLCO_01182__Phosphoglycerate/bisphosphoglycerate__CDS__promoter,7618
cnv_depth__IBNLCO_01183__2%2C3-dehydroadipyl-CoA__CDS,9285
cnv_depth__IBNLCO_01183__IBNLCO_01183__gene__promoter,270
cnv_depth__IBNLCO_01184__IBNLCO_01184__gene__promoter,270
cnv_depth__IBNLCO_01184__IBNLCO_01184__gene,6081
cnv_depth__IBNLCO_01185__gnl|Bakta|IBNLCO_01185__CDS,7275
cnv_depth__IBNLCO_01185__IBNLCO_01185__gene__promoter,5608
cnv_depth__IBNLCO_01186__PIN__CDS,8531
cnv_depth__IBNLCO_01187__IBNLCO_01187__gene__promoter,7445
cnv_depth__IBNLCO_01186__IBNLCO_01186__gene__promoter,6681
cnv_depth__IBNLCO_01187__IBNLCO_01187__gene,5063
cnv_depth__IBNLCO_01188__IBNLCO_01188__gene__promoter,8219
cnv_depth__IBNLCO_01188__Peptidase__CDS,8776
cnv_depth__IBNLCO_01189__Lipoprotein__CDS,8213
cnv_depth__IBNLCO_01189__IBNLCO_01189__gene__promoter,5853
cnv_depth__IBNLCO_01190__IBNLCO_01190__gene,5717
cnv_depth__IBNLCO_01190__IBNLCO_01190__gene__promoter,5259
cnv_depth__IBNLCO_01191__IBNLCO_01191__gene,5806
cnv_depth__IBNLCO_01191__IBNLCO_01191__gene__promoter,7698
cnv_depth__IBNLCO_01192__DUF2863__CDS,9063
cnv_depth__IBNLCO_01192__IBNLCO_01192__gene__promoter,8501
cnv_depth__IBNLCO_01193__rrs__gene__promoter,9494
cnv_depth__IBNLCO_01193__rrs__gene,400
cnv_depth__IBNLCO_01194__trnI__gene__promoter,1212
cnv_depth__IBNLCO_01195__trnA__gene__promoter,1212
cnv_depth__IBNLCO_01194__trnI__gene,1212
cnv_depth__IBNLCO_01195__tRNA-Ala(tgc)__tRNA,1212
cnv_depth__IBNLCO_01196__rrl__gene__promoter,1212
cnv_depth__IBNLCO_01196__rrl__gene,400
cnv_depth__IBNLCO_01197__rrf__gene__promoter,8647
cnv_depth__IBNLCO_01197__5S__rRNA,2573
cnv_depth__IBNLCO_01198__IBNLCO_01198__gene__promoter,7696
cnv_depth__IBNLCO_01198__IBNLCO_01198__gene,7888
cnv_depth__IBNLCO_01199__IBNLCO_01199__gene,9484
cnv_depth__IBNLCO_01200__IBNLCO_01200__gene__promoter,1588
cnv_depth__IBNLCO_01199__IBNLCO_01199__gene__promoter,1588
cnv_depth__IBNLCO_01200__IBNLCO_01200__gene,8837
cnv_depth__IBNLCO_01201__IBNLCO_01201__gene__promoter,6386
cnv_depth__IBNLCO_01201__D-3-phosphoglycerate__CDS,3963
cnv_depth__IBNLCO_01202__Insertion__CDS__promoter,4883
cnv_depth__IBNLCO_01202__IBNLCO_01202__gene,7879
cnv_depth__IBNLCO_01203__IBNLCO_01203__gene,4962
cnv_depth__IBNLCO_01203__Solute-binding__CDS__promoter,9021
cnv_depth__IBNLCO_01204__histidine__CDS__promoter,7312
cnv_depth__IBNLCO_01204__IBNLCO_01204__gene,6125
cnv_depth__IBNLCO_01205__Peptidase__CDS__promoter,7155
cnv_depth__IBNLCO_01207__Cytochrome__CDS__promoter,8063
cnv_depth__IBNLCO_01208__Cytochrome__CDS__promoter,7407
cnv_depth__IBNLCO_01209__Putative__CDS__promoter,843
cnv_depth__IBNLCO_01208__IBNLCO_01208__gene,843
cnv_depth__IBNLCO_01209__Putative__CDS,8677
cnv_depth__IBNLCO_01210__IBNLCO_01210__gene__promoter,8318
cnv_depth__IBNLCO_01210__IBNLCO_01210__gene,8493
cnv_depth__IBNLCO_01211__IBNLCO_01211__gene__promoter,8070
cnv_depth__IBNLCO_01211__Bll4479__CDS,3509
cnv_depth__IBNLCO_01212__IBNLCO_01212__gene,6539
cnv_depth__IBNLCO_01212__IBNLCO_01212__gene__promoter,5986
cnv_depth__IBNLCO_01214__IBNLCO_01214__gene__promoter,517
cnv_depth__IBNLCO_01213__cdpA__gene__promoter,517
cnv_depth__IBNLCO_01215__hypothetical__CDS,8297
cnv_depth__IBNLCO_01215__IBNLCO_01215__gene__promoter,9603
cnv_depth__IBNLCO_01217__mdtB__gene,7995
cnv_depth__IBNLCO_01216__mdtC__gene__promoter,8529
cnv_depth__IBNLCO_01217__mdtB__gene__promoter,7377
cnv_depth__IBNLCO_01218__mdtA__gene__promoter,7565
cnv_depth__IBNLCO_01219__HTH-type__CDS,8857
cnv_depth__IBNLCO_01219__IBNLCO_01219__gene__promoter,12
cnv_depth__IBNLCO_01220__ncS54__gene__promoter,12
cnv_depth__IBNLCO_01220__ncS54__gene,8197
cnv_depth__IBNLCO_01221__IBNLCO_01221__gene__promoter,9154
cnv_depth__IBNLCO_01222__IBNLCO_01222__gene__promoter,8446
cnv_depth__IBNLCO_01222__gnl|Bakta|IBNLCO_01222__CDS,8319
cnv_depth__IBNLCO_01223__IBNLCO_01223__gene__promoter,7244
cnv_depth__IBNLCO_01223__Transcriptional__CDS,6162
cnv_depth__IBNLCO_01224__IBNLCO_01224__gene__promoter,8799
cnv_depth__IBNLCO_01224__IBNLCO_01224__gene,7908
cnv_depth__IBNLCO_01225__Cysteine__CDS,6888
cnv_depth__IBNLCO_01226__IBNLCO_01226__gene__promoter,9293
cnv_depth__IBNLCO_01225__IBNLCO_01225__gene__promoter,8974
cnv_depth__IBNLCO_01226__IBNLCO_01226__gene,4925
cnv_depth__IBNLCO_01227__Fe(3+)__CDS,4331
cnv_depth__IBNLCO_01227__fbpC__gene__promoter,3508
cnv_depth__IBNLCO_01228__Iron__CDS,8742
cnv_depth__IBNLCO_01228__IBNLCO_01228__gene__promoter,2895
cnv_depth__IBNLCO_01229__IBNLCO_01229__gene__promoter,178
cnv_depth__IBNLCO_01230__IBNLCO_01230__gene__promoter,178
cnv_depth__IBNLCO_01230__hypothetical__CDS,5167
cnv_depth__IBNLCO_01231__ytnA__gene__promoter,5599
cnv_depth__IBNLCO_01232__yccS__gene__promoter,8707
cnv_depth__IBNLCO_01233__recC__gene__promoter,4970
cnv_depth__IBNLCO_01233__RecBCD__CDS,88
cnv_depth__IBNLCO_01234__RecBCD__CDS__promoter,8653
cnv_depth__IBNLCO_01234__RecBCD__CDS,88
cnv_depth__IBNLCO_01235__IBNLCO_01235__gene__promoter,5310
cnv_depth__IBNLCO_01235__hypothetical__CDS,9505
cnv_depth__IBNLCO_01236__IBNLCO_01236__gene__promoter,5173
cnv_depth__IBNLCO_01236__hypothetical__CDS,8544
cnv_depth__IBNLCO_01237__IBNLCO_01237__gene__promoter,5092
cnv_depth__IBNLCO_01237__Aminoacyl-tRNA__CDS,7815
cnv_depth__IBNLCO_01239__hypothetical__CDS,5761
cnv_depth__IBNLCO_01238__IBNLCO_01238__gene__promoter,7107
cnv_depth__IBNLCO_01239__IBNLCO_01239__gene__promoter,8123
cnv_depth__IBNLCO_01240__EamA__CDS,5021
cnv_depth__IBNLCO_01240__EamA__CDS__promoter,6023
cnv_depth__IBNLCO_01241__hypothetical__CDS,6130
cnv_depth__IBNLCO_01241__hypothetical__CDS__promoter,5734
cnv_depth__IBNLCO_01242__IBNLCO_01242__gene,9232
cnv_depth__IBNLCO_01242__hypothetical__CDS__promoter,8823
cnv_depth__IBNLCO_01243__IBNLCO_01243__gene__promoter,5942
cnv_depth__unknown__unknown__regulatory.3,9287
cnv_depth__IBNLCO_01244__Pentapeptide__CDS__promoter,6875
cnv_depth__IBNLCO_01244__Pentapeptide__CDS,5491
cnv_depth__IBNLCO_01245__IBNLCO_01245__gene__promoter,7421
cnv_depth__IBNLCO_01245__DUF1223__CDS,9304
cnv_depth__IBNLCO_01246__hypothetical__CDS__promoter,7837
cnv_depth__IBNLCO_01247__hypothetical__CDS__promoter,9539
cnv_depth__IBNLCO_01248__eamA__gene__promoter,8699
cnv_depth__IBNLCO_01248__EamA__CDS,9244
cnv_depth__IBNLCO_01249__Major__CDS,8378
cnv_depth__IBNLCO_01249__IBNLCO_01249__gene__promoter,1549
cnv_depth__IBNLCO_01250__IBNLCO_01250__gene__promoter,1549
cnv_depth__IBNLCO_01250__Membrane-anchored__CDS,6142
cnv_depth__IBNLCO_01251__IBNLCO_01251__gene__promoter,5292
cnv_depth__IBNLCO_01251__Histidine__CDS,8708
cnv_depth__IBNLCO_01252__Calcineurin-like__CDS,5900
cnv_depth__IBNLCO_01252__IBNLCO_01252__gene__promoter,6943
cnv_depth__IBNLCO_01253__Spermidine/putrescine__CDS,7530
cnv_depth__IBNLCO_01253__potA__gene__promoter,8064
cnv_depth__IBNLCO_01254__ABC__CDS,9609
cnv_depth__IBNLCO_01254__IBNLCO_01254__gene__promoter,9312
cnv_depth__IBNLCO_01255__IBNLCO_01255__gene__promoter,7059
cnv_depth__IBNLCO_01255__hypothetical__CDS,6467
cnv_depth__IBNLCO_01256__ABC__CDS,5368
cnv_depth__IBNLCO_01256__IBNLCO_01256__gene__promoter,5307
cnv_depth__IBNLCO_01257__IBNLCO_01257__gene__promoter,8269
cnv_depth__IBNLCO_01258__LacI__CDS,8190
cnv_depth__IBNLCO_01258__lacI__gene__promoter,3520
cnv_depth__IBNLCO_01259__Sugar__CDS,6475
cnv_depth__IBNLCO_01259__IBNLCO_01259__gene__promoter,8903
cnv_depth__IBNLCO_01260__Transmembrane__CDS,6069
cnv_depth__IBNLCO_01260__IBNLCO_01260__gene__promoter,4321
cnv_depth__IBNLCO_01261__diguanylate__CDS,6413
cnv_depth__IBNLCO_01261__IBNLCO_01261__gene__promoter,9123
cnv_depth__IBNLCO_01262__IBNLCO_01262__gene__promoter,2666
cnv_depth__IBNLCO_01262__DUF1326__CDS,7728
cnv_depth__IBNLCO_01263__IBNLCO_01263__gene__promoter,6569
cnv_depth__IBNLCO_01263__Metal-binding__CDS,16
cnv_depth__IBNLCO_01264__Transcriptional__CDS,6868
cnv_depth__IBNLCO_01265__gntR__gene__promoter,9621
cnv_depth__IBNLCO_01264__IBNLCO_01264__gene__promoter,8646
cnv_depth__IBNLCO_01265__Transcriptional__CDS,7818
cnv_depth__IBNLCO_01266__AsnC__CDS,7468
cnv_depth__IBNLCO_01267__IBNLCO_01267__gene__promoter,9714
cnv_depth__IBNLCO_01266__asnC__gene__promoter,7556
cnv_depth__IBNLCO_01268__gnl|Bakta|IBNLCO_01268__CDS,9308
cnv_depth__IBNLCO_01268__IBNLCO_01268__gene__promoter,2684
cnv_depth__IBNLCO_01269__DUF2239__CDS,8264
cnv_depth__IBNLCO_01269__IBNLCO_01269__gene__promoter,4887
cnv_depth__IBNLCO_01270__LysR__CDS,7460
cnv_depth__IBNLCO_01270__lysR__gene__promoter,9713
cnv_depth__IBNLCO_01271__fabL__gene__promoter,8108
cnv_depth__IBNLCO_01271__Enoyl-[acyl-carrier-protein]__CDS,7776
cnv_depth__IBNLCO_01272__hypothetical__CDS,9602
cnv_depth__IBNLCO_01272__IBNLCO_01272__gene__promoter,6105
cnv_depth__IBNLCO_01273__DUF934__CDS,5309
cnv_depth__IBNLCO_01274__Nitrite/sulfite__CDS,6163
cnv_depth__IBNLCO_01273__IBNLCO_01273__gene__promoter,6508
cnv_depth__IBNLCO_01274__IBNLCO_01274__gene__promoter,8113
cnv_depth__IBNLCO_01275__IBNLCO_01275__gene__promoter,8322
cnv_depth__IBNLCO_01275__hypothetical__CDS,6781
cnv_depth__IBNLCO_01276__gntR__gene__promoter,6020
cnv_depth__IBNLCO_01277__SHSP__CDS,6769
cnv_depth__IBNLCO_01277__IBNLCO_01277__gene__promoter,5459
cnv_depth__IBNLCO_01278__IBNLCO_01278__gene__promoter,9610
cnv_depth__IBNLCO_01279__hypothetical__CDS,7825
cnv_depth__IBNLCO_01279__IBNLCO_01279__gene__promoter,6003
cnv_depth__IBNLCO_01280__IBNLCO_01280__gene__promoter,5760
cnv_depth__IBNLCO_01281__IBNLCO_01281__gene__promoter,5751
cnv_depth__IBNLCO_01281__L-gulonate__CDS,7899
cnv_depth__IBNLCO_01282__HTH-type__CDS,4651
cnv_depth__IBNLCO_01282__yofA__gene__promoter,9542
cnv_depth__IBNLCO_01283__madL__gene__promoter,3427
cnv_depth__IBNLCO_01283__Malonate__CDS,440
cnv_depth__IBNLCO_01284__IBNLCO_01284__gene__promoter,440
cnv_depth__IBNLCO_01284__hypothetical__CDS,9418
cnv_depth__IBNLCO_01285__IBNLCO_01285__gene__promoter,8317
cnv_depth__IBNLCO_01285__hypothetical__CDS,9529
cnv_depth__IBNLCO_01286__IBNLCO_01286__gene__promoter,9238
cnv_depth__IBNLCO_01286__Malonate__CDS,6772
cnv_depth__IBNLCO_01287__IBNLCO_01287__gene__promoter,8762
cnv_depth__IBNLCO_01287__Malonate__CDS,226
cnv_depth__IBNLCO_01288__IBNLCO_01288__gene__promoter,226
cnv_depth__IBNLCO_01288__Putative__CDS,7130
cnv_depth__IBNLCO_01289__IBNLCO_01289__gene__promoter,5399
cnv_depth__IBNLCO_01289__Biotin-independent__CDS,9297
cnv_depth__IBNLCO_01290__IBNLCO_01290__gene__promoter,7154
cnv_depth__IBNLCO_01290__Phosphoribosyl-dephospho-CoA__CDS,4820
cnv_depth__IBNLCO_01291__putative__CDS__promoter,7671
cnv_depth__IBNLCO_01291__putative__CDS,6536
cnv_depth__IBNLCO_01292__IBNLCO_01292__gene__promoter,7935
cnv_depth__IBNLCO_01292__hypothetical__CDS,9184
cnv_depth__IBNLCO_01293__IBNLCO_01293__gene__promoter,6279
cnv_depth__IBNLCO_01293__phospholipase__CDS,9523
cnv_depth__IBNLCO_01294__IBNLCO_01294__gene__promoter,6506
cnv_depth__IBNLCO_01294__hypothetical__CDS,4476
cnv_depth__IBNLCO_01295__IBNLCO_01295__gene__promoter,3148
cnv_depth__IBNLCO_01295__Serine__CDS,8476
cnv_depth__IBNLCO_01296__IBNLCO_01296__gene__promoter,6841
cnv_depth__IBNLCO_01296__GST__CDS,7121
cnv_depth__IBNLCO_01297__L-Proline/Glycine__CDS,8132
cnv_depth__IBNLCO_01297__proP__gene__promoter,6102
cnv_depth__IBNLCO_01298__IBNLCO_01298__gene__promoter,5905
cnv_depth__IBNLCO_01298__UPF0060__CDS,8421
cnv_depth__IBNLCO_01299__DNA__CDS,7299
cnv_depth__IBNLCO_01299__IBNLCO_01299__gene__promoter,7588
cnv_depth__IBNLCO_01300__Ribonuclease__CDS,6414
cnv_depth__IBNLCO_01301__SAM-dependent__CDS,8381
cnv_depth__IBNLCO_01300__IBNLCO_01300__gene__promoter,6559
cnv_depth__IBNLCO_01302__IBNLCO_01302__gene__promoter,8139
cnv_depth__IBNLCO_01301__IBNLCO_01301__gene__promoter,3353
cnv_depth__IBNLCO_01302__Hydroxyacylglutathione__CDS,3808
cnv_depth__IBNLCO_01303__IBNLCO_01303__gene__promoter,9332
cnv_depth__IBNLCO_01303__Soluble__CDS,5899
cnv_depth__IBNLCO_01304__IBNLCO_01304__gene__promoter,7904
cnv_depth__IBNLCO_01304__Major__CDS,8700
cnv_depth__IBNLCO_01305__AttH__CDS,7046
cnv_depth__IBNLCO_01305__attH__gene__promoter,784
cnv_depth__IBNLCO_01306__araC__gene__promoter,784
cnv_depth__IBNLCO_01306__Transcriptional__CDS,7501
cnv_depth__IBNLCO_01307__IBNLCO_01307__gene__promoter,5527
cnv_depth__IBNLCO_01308__IBNLCO_01308__gene__promoter,4919
cnv_depth__IBNLCO_01309__IBNLCO_01309__gene__promoter,7439
cnv_depth__IBNLCO_01310__greA__gene__promoter,6985
cnv_depth__IBNLCO_01310__Transcription__CDS,7414
cnv_depth__IBNLCO_01311__IBNLCO_01311__gene__promoter,5808
cnv_depth__IBNLCO_01311__TMEM205-like__CDS,7140
cnv_depth__IBNLCO_01312__CRM__CDS,8087
cnv_depth__IBNLCO_01313__IBNLCO_01313__gene__promoter,570
cnv_depth__IBNLCO_01312__IBNLCO_01312__gene__promoter,570
cnv_depth__IBNLCO_01313__Ribosomal__CDS,9515
cnv_depth__IBNLCO_01314__ftsH__gene__promoter,6849
cnv_depth__IBNLCO_01315__IBNLCO_01315__gene__promoter,7487
cnv_depth__IBNLCO_01316__IBNLCO_01316__gene__promoter,7427
cnv_depth__IBNLCO_01317__pstS__gene__promoter,7603
cnv_depth__IBNLCO_01317__Phosphate-binding__CDS,7552
cnv_depth__IBNLCO_01318__pstC__gene__promoter,5351
cnv_depth__IBNLCO_01319__pstA__gene__promoter,4209
cnv_depth__IBNLCO_01319__Phosphate__CDS,7360
cnv_depth__IBNLCO_01320__pstB__gene__promoter,9223
cnv_depth__IBNLCO_01320__Phosphate__CDS,4483
cnv_depth__IBNLCO_01321__IBNLCO_01321__gene__promoter,4135
cnv_depth__IBNLCO_01321__IBNLCO_01321__gene,9218
cnv_depth__IBNLCO_01322__phoB__gene__promoter,8392
cnv_depth__IBNLCO_01322__Phosphate__CDS,7470
cnv_depth__IBNLCO_01323__phoR__gene__promoter,8303
cnv_depth__IBNLCO_01323__Phosphate__CDS,7840
cnv_depth__IBNLCO_01324__Polyphosphate__CDS,7955
cnv_depth__IBNLCO_01324__IBNLCO_01324__gene__promoter,9496
cnv_depth__IBNLCO_01325__IBNLCO_01325__gene__promoter,5632
cnv_depth__IBNLCO_01326__Bacteriophage__CDS,5436
cnv_depth__IBNLCO_01326__IBNLCO_01326__gene__promoter,4705
cnv_depth__IBNLCO_01327__IBNLCO_01327__gene__promoter,6653
cnv_depth__IBNLCO_01328__IBNLCO_01328__gene__promoter,6807
cnv_depth__IBNLCO_01329__hypothetical__CDS,6959
cnv_depth__IBNLCO_01329__IBNLCO_01329__gene__promoter,5091
cnv_depth__IBNLCO_01330__hypothetical__CDS,8667
cnv_depth__IBNLCO_01330__IBNLCO_01330__gene__promoter,8899
cnv_depth__IBNLCO_01331__hypothetical__CDS,4
cnv_depth__IBNLCO_01332__Tlde1__CDS,4
cnv_depth__IBNLCO_01331__IBNLCO_01331__gene__promoter,4
cnv_depth__IBNLCO_01332__IBNLCO_01332__gene__promoter,8803
cnv_depth__IBNLCO_01333__tRNA-Pro(tgg)__tRNA,6120
cnv_depth__IBNLCO_01334__sixA__gene__promoter,684
cnv_depth__IBNLCO_01333__trnP__gene__promoter,684
cnv_depth__IBNLCO_01334__Phosphohistidine__CDS,3439
cnv_depth__IBNLCO_01335__IBNLCO_01335__gene__promoter,8511
cnv_depth__IBNLCO_01335__L-ornithine__CDS,6735
cnv_depth__IBNLCO_01336__hypothetical__CDS,7447
cnv_depth__IBNLCO_01337__IBNLCO_01337__gene__promoter,312
cnv_depth__IBNLCO_01336__IBNLCO_01336__gene__promoter,312
cnv_depth__IBNLCO_01337__gnl|Bakta|IBNLCO_01337__CDS,5959
cnv_depth__IBNLCO_01338__IBNLCO_01338__gene__promoter,9271
cnv_depth__IBNLCO_01339__hypothetical__CDS,9270
cnv_depth__IBNLCO_01339__IBNLCO_01339__gene__promoter,2839
cnv_depth__IBNLCO_01341__IBNLCO_01341__gene__promoter,6776
cnv_depth__IBNLCO_01340__IBNLCO_01340__gene__promoter,9536
cnv_depth__IBNLCO_01341__hypothetical__CDS,4323
cnv_depth__IBNLCO_01342__Murein__CDS,7357
cnv_depth__IBNLCO_01342__nlpD__gene__promoter,8909
cnv_depth__IBNLCO_01343__Galactose__CDS,5439
cnv_depth__IBNLCO_01343__IBNLCO_01343__gene__promoter,6243
cnv_depth__IBNLCO_01344__IBNLCO_01344__gene__promoter,5069
cnv_depth__IBNLCO_01344__Undecaprenyl-diphosphatase__CDS,7589
cnv_depth__IBNLCO_01345__trnR__gene__promoter,6293
cnv_depth__IBNLCO_01345__tRNA-Arg(tct)__tRNA,7766
cnv_depth__IBNLCO_01346__hypothetical__CDS,5606
cnv_depth__IBNLCO_01346__IBNLCO_01346__gene__promoter,7627
cnv_depth__IBNLCO_01347__Immunity__CDS,9716
cnv_depth__IBNLCO_01347__IBNLCO_01347__gene__promoter,7616
cnv_depth__IBNLCO_01348__Tox-REase-5__CDS,2902
cnv_depth__IBNLCO_01349__DUF2471__CDS,300
cnv_depth__IBNLCO_01348__IBNLCO_01348__gene__promoter,300
cnv_depth__IBNLCO_01350__DUF4123__CDS,9109
cnv_depth__IBNLCO_01349__IBNLCO_01349__gene__promoter,7922
cnv_depth__IBNLCO_01351__PAAR__CDS,8473
cnv_depth__IBNLCO_01350__IBNLCO_01350__gene__promoter,6894
cnv_depth__IBNLCO_01351__IBNLCO_01351__gene__promoter,9031
cnv_depth__IBNLCO_01352__IBNLCO_01352__gene__promoter,8301
cnv_depth__IBNLCO_01353__Transcriptional__CDS,6283
cnv_depth__IBNLCO_01353__gntR__gene__promoter,256
cnv_depth__IBNLCO_01354__IBNLCO_01354__gene__promoter,256
cnv_depth__IBNLCO_01354__gnl|Bakta|IBNLCO_01354__CDS,9152
cnv_depth__IBNLCO_01355__IBNLCO_01355__gene__promoter,5347
cnv_depth__IBNLCO_01355__Tryptophan__CDS,9281
cnv_depth__IBNLCO_01356__hypothetical__CDS,9571
cnv_depth__IBNLCO_01357__gnl|Bakta|IBNLCO_01357__CDS,9667
cnv_depth__IBNLCO_01356__IBNLCO_01356__gene__promoter,7848
cnv_depth__IBNLCO_01358__Malto-oligosyltrehalose__CDS,9691
cnv_depth__IBNLCO_01357__IBNLCO_01357__gene__promoter,7340
cnv_depth__IBNLCO_01358__IBNLCO_01358__gene__promoter,5168
cnv_depth__IBNLCO_01359__Glycogen__CDS,9472
cnv_depth__IBNLCO_01359__glgX__gene__promoter,9190
cnv_depth__IBNLCO_01360__1%2C4-alpha-glucan__CDS,4581
cnv_depth__IBNLCO_01360__glgB__gene__promoter,7210
cnv_depth__IBNLCO_01362__Alpha-1%2C4-glucan:maltose-1-phosphate__CDS,9507
cnv_depth__IBNLCO_01361__IBNLCO_01361__gene__promoter,5024
cnv_depth__IBNLCO_01362__IBNLCO_01362__gene__promoter,5276
cnv_depth__IBNLCO_01363__hypothetical__CDS__promoter,6123
cnv_depth__IBNLCO_01364__hypothetical__CDS,5559
cnv_depth__IBNLCO_01364__IBNLCO_01364__gene__promoter,9623
cnv_depth__IBNLCO_01365__hypothetical__CDS,6463
cnv_depth__IBNLCO_01366__IBNLCO_01366__gene__promoter,1063
cnv_depth__IBNLCO_01365__IBNLCO_01365__gene__promoter,1063
cnv_depth__IBNLCO_01367__HTH-type__CDS__promoter,8640
cnv_depth__IBNLCO_01367__HTH-type__CDS,2654
cnv_depth__IBNLCO_01368__Two__CDS__promoter,5215
cnv_depth__IBNLCO_01368__Two__CDS,5528
cnv_depth__IBNLCO_01369__IBNLCO_01369__gene__promoter,9419
cnv_depth__IBNLCO_01369__IBNLCO_01369__gene,238
cnv_depth__IBNLCO_01370__Fels-1__CDS__promoter,238
cnv_depth__IBNLCO_01370__IBNLCO_01370__gene,4981
cnv_depth__IBNLCO_01371__hypothetical__CDS__promoter,9290
cnv_depth__IBNLCO_01371__hypothetical__CDS,5837
cnv_depth__IBNLCO_01372__DNA-binding__CDS__promoter,4968
cnv_depth__IBNLCO_01372__IBNLCO_01372__gene,6362
cnv_depth__IBNLCO_01373__hypothetical__CDS__promoter,6063
cnv_depth__IBNLCO_01374__OmpA-like__CDS__promoter,7302
cnv_depth__IBNLCO_01374__IBNLCO_01374__gene,6375
cnv_depth__IBNLCO_01375__hypothetical__CDS__promoter,4954
cnv_depth__IBNLCO_01376__DNA-binding__CDS__promoter,6655
cnv_depth__IBNLCO_01376__IBNLCO_01376__gene,6839
cnv_depth__IBNLCO_01377__IBNLCO_01377__gene,5470
cnv_depth__IBNLCO_01377__hypothetical__CDS__promoter,8508
cnv_depth__IBNLCO_01378__IBNLCO_01378__gene,7080
cnv_depth__IBNLCO_01378__SCO__CDS__promoter,8141
cnv_depth__IBNLCO_01379__Cytochrome__CDS,9671
cnv_depth__IBNLCO_01379__Cytochrome__CDS__promoter,6701
cnv_depth__IBNLCO_01380__Ricin-type__CDS__promoter,6278
cnv_depth__IBNLCO_01381__Alpha/beta__CDS__promoter,6751
cnv_depth__IBNLCO_01381__IBNLCO_01381__gene,5873
cnv_depth__IBNLCO_01382__hypothetical__CDS,8885
cnv_depth__IBNLCO_01382__hypothetical__CDS__promoter,9469
cnv_depth__IBNLCO_01383__Type__CDS__promoter,5611
cnv_depth__IBNLCO_01383__tssF__gene,6586
cnv_depth__IBNLCO_01384__Transmembrane__CDS,3194
cnv_depth__IBNLCO_01384__IBNLCO_01384__gene__promoter,532
cnv_depth__IBNLCO_01385__IBNLCO_01385__gene,532
cnv_depth__IBNLCO_01385__PAAR__CDS__promoter,4233
cnv_depth__IBNLCO_01386__vgrG__gene__promoter,6188
cnv_depth__IBNLCO_01386__Type__CDS,7960
cnv_depth__IBNLCO_01387__DUF4123__CDS__promoter,5390
cnv_depth__IBNLCO_01387__IBNLCO_01387__gene,9134
cnv_depth__IBNLCO_01388__gnl|Bakta|IBNLCO_01388__CDS__promoter,8937
cnv_depth__IBNLCO_01388__gnl|Bakta|IBNLCO_01388__CDS,4819
cnv_depth__IBNLCO_01389__IBNLCO_01389__gene__promoter,8013
cnv_depth__IBNLCO_01389__T6SS__CDS,9675
cnv_depth__IBNLCO_01390__IBNLCO_01390__gene__promoter,9341
cnv_depth__IBNLCO_01390__IBNLCO_01390__gene,5530
cnv_depth__IBNLCO_01391__gnl|Bakta|IBNLCO_01391__CDS__promoter,8283
cnv_depth__IBNLCO_01391__IBNLCO_01391__gene,9466
cnv_depth__IBNLCO_01392__hypothetical__CDS__promoter,9378
cnv_depth__IBNLCO_01392__hypothetical__CDS,8650
cnv_depth__IBNLCO_01393__IBNLCO_01393__gene__promoter,6377
cnv_depth__IBNLCO_01393__hypothetical__CDS,2647
cnv_depth__IBNLCO_01394__vgrG1__gene__promoter,6077
cnv_depth__IBNLCO_01394__vgrG1__gene,5033
cnv_depth__IBNLCO_01395__DUF4123__CDS__promoter,8614
cnv_depth__IBNLCO_01395__IBNLCO_01395__gene,9650
cnv_depth__IBNLCO_01396__vasX__gene__promoter,9024
cnv_depth__IBNLCO_01396__vasX__gene,8278
cnv_depth__IBNLCO_01397__IBNLCO_01397__gene__promoter,7441
cnv_depth__IBNLCO_01397__hypothetical__CDS,70
cnv_depth__IBNLCO_01398__mntH__gene__promoter,5322
cnv_depth__IBNLCO_01398__mntH__gene,5408
cnv_depth__IBNLCO_01399__hypothetical__CDS__promoter,5693
cnv_depth__IBNLCO_01399__IBNLCO_01399__gene,8449
cnv_depth__IBNLCO_01400__hypothetical__CDS,9143
cnv_depth__IBNLCO_01400__hypothetical__CDS__promoter,3357
cnv_depth__IBNLCO_01401__IBNLCO_01401__gene,7250
cnv_depth__IBNLCO_01401__IBNLCO_01401__gene__promoter,6799
cnv_depth__IBNLCO_01402__IBNLCO_01402__gene,7499
cnv_depth__IBNLCO_01402__Major__CDS__promoter,6470
cnv_depth__IBNLCO_01403__lysR__gene__promoter,8037
cnv_depth__IBNLCO_01403__lysR__gene,8517
cnv_depth__IBNLCO_01404__IBNLCO_01404__gene__promoter,7575
cnv_depth__IBNLCO_01404__Spore__CDS,8198
cnv_depth__IBNLCO_01405__IBNLCO_01405__gene__promoter,5146
cnv_depth__IBNLCO_01405__IBNLCO_01405__gene,4770
cnv_depth__IBNLCO_01406__IBNLCO_01406__gene__promoter,7178
cnv_depth__IBNLCO_01406__Spore__CDS,4957
cnv_depth__IBNLCO_01407__Pili__CDS__promoter,9519
cnv_depth__IBNLCO_01407__IBNLCO_01407__gene,5350
cnv_depth__IBNLCO_01408__PapC-like__CDS__promoter,3711
cnv_depth__IBNLCO_01409__IBNLCO_01409__gene__promoter,5089
cnv_depth__IBNLCO_01410__histidine__CDS__promoter,6588
cnv_depth__IBNLCO_01411__luxR__gene__promoter,4523
cnv_depth__IBNLCO_01411__luxR__gene,5144
cnv_depth__IBNLCO_01412__IBNLCO_01412__gene,8184
cnv_depth__IBNLCO_01412__hypothetical__CDS__promoter,7846
cnv_depth__IBNLCO_01413__IBNLCO_01413__gene,9138
cnv_depth__IBNLCO_01413__IBNLCO_01413__gene__promoter,5355
cnv_depth__IBNLCO_01414__IBNLCO_01414__gene,4914
cnv_depth__IBNLCO_01414__Drug-resistance__CDS__promoter,8516
cnv_depth__IBNLCO_01415__IBNLCO_01415__gene,8469
cnv_depth__IBNLCO_01415__IBNLCO_01415__gene__promoter,7676
cnv_depth__IBNLCO_01416__IBNLCO_01416__gene,2763
cnv_depth__IBNLCO_01416__Enoyl-[acyl-carrier-protein]__CDS__promoter,6927
cnv_depth__IBNLCO_01417__IBNLCO_01417__gene,4017
cnv_depth__IBNLCO_01417__IBNLCO_01417__gene__promoter,170
cnv_depth__IBNLCO_01418__Methylamine__CDS__promoter,170
cnv_depth__IBNLCO_01419__IBNLCO_01419__gene__promoter,825
cnv_depth__IBNLCO_01420__IBNLCO_01420__gene__promoter,825
cnv_depth__IBNLCO_01421__IBNLCO_01421__gene__promoter,3637
cnv_depth__IBNLCO_01421__IBNLCO_01421__gene,8846
cnv_depth__IBNLCO_01422__Nudix__CDS__promoter,5093
cnv_depth__IBNLCO_01422__Nudix__CDS,5624
cnv_depth__IBNLCO_01424__Ornithine__CDS__promoter,7944
cnv_depth__IBNLCO_01423__Glutamine--tRNA__CDS__promoter,7534
cnv_depth__IBNLCO_01424__Ornithine__CDS,8496
cnv_depth__IBNLCO_01425__Succinate--glutarate__CDS,6254
cnv_depth__IBNLCO_01425__Succinate--glutarate__CDS__promoter,6578
cnv_depth__IBNLCO_01426__Alanine--tRNA__CDS__promoter,6295
cnv_depth__IBNLCO_01427__IBNLCO_01427__gene,9576
cnv_depth__IBNLCO_01428__Major__CDS__promoter,480
cnv_depth__IBNLCO_01427__HTH__CDS__promoter,480
cnv_depth__IBNLCO_01428__IBNLCO_01428__gene,8704
cnv_depth__IBNLCO_01429__putative__CDS__promoter,9450
cnv_depth__IBNLCO_01429__IBNLCO_01429__gene,6337
cnv_depth__IBNLCO_01430__IBNLCO_01430__gene,7382
cnv_depth__IBNLCO_01430__RiboL-PSP-HEPN__CDS__promoter,49
cnv_depth__IBNLCO_01431__ADP-ribose__CDS__promoter,49
cnv_depth__IBNLCO_01431__nudF__gene,7936
cnv_depth__IBNLCO_01432__IBNLCO_01432__gene,6556
cnv_depth__IBNLCO_01432__UPF0145__CDS__promoter,882
cnv_depth__IBNLCO_01433__putative__CDS__promoter,882
cnv_depth__IBNLCO_01433__IBNLCO_01433__gene,8657
cnv_depth__IBNLCO_01434__Acyl-CoA__CDS__promoter,5748
cnv_depth__IBNLCO_01434__IBNLCO_01434__gene,4194
cnv_depth__IBNLCO_01435__ABC__CDS__promoter,2673
cnv_depth__IBNLCO_01435__IBNLCO_01435__gene,8585
cnv_depth__IBNLCO_01436__Amino__CDS__promoter,7658
cnv_depth__IBNLCO_01436__IBNLCO_01436__gene,4741
cnv_depth__IBNLCO_01437__Branched__CDS__promoter,6545
cnv_depth__IBNLCO_01437__IBNLCO_01437__gene,8014
cnv_depth__IBNLCO_01438__IBNLCO_01438__gene,6970
cnv_depth__IBNLCO_01439__IBNLCO_01439__gene,8046
cnv_depth__IBNLCO_01438__5-deoxy-glucuronate__CDS__promoter,3766
cnv_depth__IBNLCO_01440__IBNLCO_01440__gene,9596
cnv_depth__IBNLCO_01439__Inosose__CDS__promoter,5232
cnv_depth__IBNLCO_01440__3D-(3%2C5/4)-trihydroxycyclohexane-1%2C2-dione__CDS__promoter,5007
cnv_depth__IBNLCO_01441__IBNLCO_01441__gene,3430
cnv_depth__IBNLCO_01441__gnl|Bakta|IBNLCO_01441__CDS__promoter,7004
cnv_depth__IBNLCO_01442__IBNLCO_01442__gene,8221
cnv_depth__IBNLCO_01442__ABC__CDS__promoter,5955
cnv_depth__IBNLCO_01443__Xylose__CDS__promoter,8983
cnv_depth__IBNLCO_01444__Autoinducer__CDS__promoter,59
cnv_depth__IBNLCO_01445__SIS__CDS__promoter,59
cnv_depth__IBNLCO_01446__Myo-inositol__CDS__promoter,6797
cnv_depth__IBNLCO_01446__IBNLCO_01446__gene,6082
cnv_depth__IBNLCO_01447__Myo-inositol__CDS__promoter,6457
cnv_depth__IBNLCO_01447__IBNLCO_01447__gene,2456
cnv_depth__IBNLCO_01448__Sulfurtransferase__CDS__promoter,3588
cnv_depth__IBNLCO_01448__tusA__gene,8360
cnv_depth__IBNLCO_01449__gnl|Bakta|IBNLCO_01449__CDS__promoter,6840
cnv_depth__IBNLCO_01449__IBNLCO_01449__gene,6515
cnv_depth__IBNLCO_01450__Two-component__CDS__promoter,9103
cnv_depth__IBNLCO_01450__IBNLCO_01450__gene,8532
cnv_depth__IBNLCO_01451__FecR__CDS__promoter,7334
cnv_depth__IBNLCO_01451__fecR__gene,9107
cnv_depth__IBNLCO_01452__histidine__CDS__promoter,6186
cnv_depth__IBNLCO_01453__hypothetical__CDS__promoter,6211
cnv_depth__IBNLCO_01453__IBNLCO_01453__gene,7076
cnv_depth__IBNLCO_01454__IBNLCO_01454__gene,4906
cnv_depth__IBNLCO_01454__UTP--glucose-1-phosphate__CDS__promoter,7037
cnv_depth__IBNLCO_01455__IBNLCO_01455__gene,8844
cnv_depth__IBNLCO_01456__DNA__CDS__promoter,296
cnv_depth__IBNLCO_01455__Valine--tRNA__CDS__promoter,296
cnv_depth__IBNLCO_01457__adenosylhomocysteine__CDS__promoter,7122
cnv_depth__IBNLCO_01457__IBNLCO_01457__gene,8999
cnv_depth__IBNLCO_01458__IBNLCO_01458__gene,4992
cnv_depth__IBNLCO_01458__MFS__CDS__promoter,9198
cnv_depth__IBNLCO_01459__Methyl-accepting__CDS__promoter,5353
cnv_depth__IBNLCO_01459__IBNLCO_01459__gene,7579
cnv_depth__IBNLCO_01460__IBNLCO_01460__gene,5827
cnv_depth__IBNLCO_01460__hypothetical__CDS__promoter,5471
cnv_depth__IBNLCO_01461__IBNLCO_01461__gene,5923
cnv_depth__IBNLCO_01461__Efflux__CDS__promoter,337
cnv_depth__IBNLCO_01462__IBNLCO_01462__gene,337
cnv_depth__IBNLCO_01463__IBNLCO_01463__gene,3708
cnv_depth__IBNLCO_01462__hypothetical__CDS__promoter,6951
cnv_depth__IBNLCO_01463__hypothetical__CDS__promoter,6976
cnv_depth__IBNLCO_01464__IBNLCO_01464__gene,6953
cnv_depth__IBNLCO_01464__RND__CDS__promoter,1550
cnv_depth__IBNLCO_01465__HTH__CDS__promoter,1550
cnv_depth__IBNLCO_01466__hypothetical__CDS__promoter,7737
cnv_depth__IBNLCO_01466__IBNLCO_01466__gene,7189
cnv_depth__IBNLCO_01467__cpdA__gene,8523
cnv_depth__IBNLCO_01467__3'%2C5'-cyclic__CDS__promoter,6783
cnv_depth__IBNLCO_01468__FAD-binding__CDS__promoter,8371
cnv_depth__IBNLCO_01469__IBNLCO_01469__gene,6690
cnv_depth__IBNLCO_01470__IBNLCO_01470__gene,3350
cnv_depth__IBNLCO_01469__hypothetical__CDS__promoter,9213
cnv_depth__IBNLCO_01471__UPF0761__CDS__promoter,8559
cnv_depth__IBNLCO_01470__NAD(P)H:quinone__CDS__promoter,5304
cnv_depth__IBNLCO_01472__IBNLCO_01472__gene,5365
cnv_depth__IBNLCO_01472__Transmembrane__CDS__promoter,276
cnv_depth__IBNLCO_01473__CBS__CDS__promoter,276
cnv_depth__IBNLCO_01473__IBNLCO_01473__gene,6580
cnv_depth__IBNLCO_01474__Lysophospholipid__CDS__promoter,7151
cnv_depth__IBNLCO_01475__Bcj11__gene__promoter,2604
cnv_depth__IBNLCO_01475__Bcj11__gene,4916
cnv_depth__IBNLCO_01476__Chorismate__CDS__promoter,9385
cnv_depth__IBNLCO_01476__IBNLCO_01476__gene,4303
cnv_depth__IBNLCO_01477__IBNLCO_01477__gene,6733
cnv_depth__IBNLCO_01478__Gluconate__CDS__promoter,763
cnv_depth__IBNLCO_01477__Electron__CDS__promoter,763
cnv_depth__IBNLCO_01478__IBNLCO_01478__gene,9372
cnv_depth__IBNLCO_01479__gnl|Bakta|IBNLCO_01479__CDS__promoter,8616
cnv_depth__IBNLCO_01479__IBNLCO_01479__gene,5066
cnv_depth__IBNLCO_01480__IBNLCO_01480__gene,6637
cnv_depth__IBNLCO_01480__hypothetical__CDS__promoter,2889
cnv_depth__IBNLCO_01481__Glycoside__CDS__promoter,5560
cnv_depth__IBNLCO_01482__IBNLCO_01482__gene,6017
cnv_depth__IBNLCO_01482__HTH__CDS__promoter,159
cnv_depth__IBNLCO_01483__3-oxoacid__CDS__promoter,159
cnv_depth__IBNLCO_01483__IBNLCO_01483__gene,6906
cnv_depth__IBNLCO_01484__3-oxoadipate__CDS__promoter,5698
cnv_depth__IBNLCO_01484__IBNLCO_01484__gene,9402
cnv_depth__IBNLCO_01485__IBNLCO_01485__gene,5991
cnv_depth__IBNLCO_01485__2%2C3-dihydro-2%2C3-dihydroxybenzoate__CDS__promoter,6979
cnv_depth__IBNLCO_01486__IBNLCO_01486__gene,7253
cnv_depth__IBNLCO_01486__hypothetical__CDS__promoter,9362
cnv_depth__IBNLCO_01487__IBNLCO_01487__gene,7256
cnv_depth__IBNLCO_01488__LysR__CDS__promoter,578
cnv_depth__IBNLCO_01487__Polyketide__CDS__promoter,578
cnv_depth__IBNLCO_01488__LysR__CDS,9100
cnv_depth__IBNLCO_01489__hypothetical__CDS__promoter,8692
cnv_depth__IBNLCO_01490__2-succinyl-6-hydroxy-2%2C__CDS__promoter,6527
cnv_depth__IBNLCO_01491__2-iminobutanoate/2-iminopropanoate__CDS__promoter,7109
cnv_depth__IBNLCO_01491__IBNLCO_01491__gene,7486
cnv_depth__IBNLCO_01492__GTP__CDS__promoter,6398
cnv_depth__IBNLCO_01493__trnV__gene__promoter,6705
cnv_depth__IBNLCO_01493__trnV__gene,5902
cnv_depth__IBNLCO_01494__Threonine--tRNA__CDS__promoter,9492
cnv_depth__IBNLCO_01494__IBNLCO_01494__gene,9430
cnv_depth__IBNLCO_01495__Translation__CDS__promoter,6528
cnv_depth__IBNLCO_01495__IBNLCO_01495__gene,7222
cnv_depth__IBNLCO_01496__Large__CDS__promoter,8997
cnv_depth__IBNLCO_01496__IBNLCO_01496__gene,809
cnv_depth__IBNLCO_01497__Large__CDS__promoter,809
cnv_depth__IBNLCO_01497__IBNLCO_01497__gene,8409
cnv_depth__IBNLCO_01498__IBNLCO_01498__gene__promoter,5208
cnv_depth__IBNLCO_01498__IBNLCO_01498__gene,8052
cnv_depth__IBNLCO_01499__IBNLCO_01499__gene__promoter,6343
cnv_depth__IBNLCO_01499__Phenylalanine--tRNA__CDS,6071
cnv_depth__IBNLCO_01500__Integration__CDS__promoter,5003
cnv_depth__IBNLCO_01500__IBNLCO_01500__gene,6502
cnv_depth__IBNLCO_01501__IBNLCO_01501__gene__promoter,9569
cnv_depth__IBNLCO_01501__Transcriptional__CDS,6657
cnv_depth__IBNLCO_01502__IBNLCO_01502__gene,8007
cnv_depth__IBNLCO_01502__gnl|Bakta|IBNLCO_01502__CDS__promoter,6687
cnv_depth__IBNLCO_01503__Acyltransferase__CDS,5301
cnv_depth__IBNLCO_01503__Acyltransferase__CDS__promoter,5393
cnv_depth__IBNLCO_01504__trnP__gene,6291
cnv_depth__IBNLCO_01504__trnP__gene__promoter,4986
cnv_depth__IBNLCO_01505__gnl|Bakta|IBNLCO_01505__CDS,6920
cnv_depth__IBNLCO_01505__IBNLCO_01505__gene__promoter,7152
cnv_depth__IBNLCO_01506__IBNLCO_01506__gene,8117
cnv_depth__IBNLCO_01506__IBNLCO_01506__gene__promoter,5509
cnv_depth__IBNLCO_01507__IBNLCO_01507__gene__promoter,4264
cnv_depth__IBNLCO_01507__NlpB/DapX__CDS,7930
cnv_depth__IBNLCO_01508__IBNLCO_01508__gene__promoter,6842
cnv_depth__IBNLCO_01508__IBNLCO_01508__gene,3636
cnv_depth__IBNLCO_01509__DNA-binding__CDS,4824
cnv_depth__IBNLCO_01509__IBNLCO_01509__gene__promoter,7844
cnv_depth__IBNLCO_01510__IBNLCO_01510__gene,6665
cnv_depth__IBNLCO_01510__hypothetical__CDS__promoter,8223
cnv_depth__IBNLCO_01511__IBNLCO_01511__gene,6206
cnv_depth__IBNLCO_01511__DUF218__CDS__promoter,5228
cnv_depth__IBNLCO_01512__DUF4224__CDS,5409
cnv_depth__IBNLCO_01513__gnl|Bakta|IBNLCO_01513__CDS,8492
cnv_depth__IBNLCO_01513__gnl|Bakta|IBNLCO_01513__CDS__promoter,9692
cnv_depth__IBNLCO_01514__IBNLCO_01514__gene,4219
cnv_depth__IBNLCO_01514__Insertion__CDS__promoter,7007
cnv_depth__IBNLCO_01515__lysR__gene__promoter,7335
cnv_depth__IBNLCO_01515__DNA-binding__CDS,5039
cnv_depth__IBNLCO_01516__Segregation__CDS__promoter,6629
cnv_depth__IBNLCO_01516__IBNLCO_01516__gene,7092
cnv_depth__IBNLCO_01517__IBNLCO_01517__gene__promoter,7404
cnv_depth__IBNLCO_01517__IBNLCO_01517__gene,8310
cnv_depth__IBNLCO_01518__Bp1_162__gene,9334
cnv_depth__IBNLCO_01519__rimP__gene__promoter,8056
cnv_depth__IBNLCO_01518__Bp1_162__gene__promoter,8910
cnv_depth__IBNLCO_01519__Ribosome__CDS,8996
cnv_depth__IBNLCO_01520__Transcription__CDS__promoter,8058
cnv_depth__IBNLCO_01520__Transcription__CDS,7718
cnv_depth__IBNLCO_01521__Translation__CDS__promoter,7891
cnv_depth__IBNLCO_01522__Ribosome-binding__CDS__promoter,5360
cnv_depth__IBNLCO_01522__Ribosome-binding__CDS,9516
cnv_depth__IBNLCO_01523__IBNLCO_01523__gene__promoter,9434
cnv_depth__IBNLCO_01523__tRNA__CDS,6516
cnv_depth__IBNLCO_01524__emrB__gene,6072
cnv_depth__IBNLCO_01524__Multidrug__CDS__promoter,5394
cnv_depth__IBNLCO_01525__emrA__gene__promoter,6311
cnv_depth__IBNLCO_01526__Efflux__CDS__promoter,4885
cnv_depth__IBNLCO_01527__Transcriptional__CDS,8809
cnv_depth__IBNLCO_01527__slyA__gene__promoter,9222
cnv_depth__IBNLCO_01528__bipA__gene__promoter,3044
cnv_depth__IBNLCO_01528__bipA__gene,8656
cnv_depth__IBNLCO_01529__oxoglutarate__CDS__promoter,31
cnv_depth__unknown__unknown__regulatory.4,31
cnv_depth__IBNLCO_01529__oxoglutarate__CDS,9177
cnv_depth__IBNLCO_01530__IBNLCO_01530__gene__promoter,6263
cnv_depth__IBNLCO_01530__Dihydrolipoyllysine-residue__CDS,5243
cnv_depth__IBNLCO_01531__Dihydrolipoyl__CDS__promoter,6645
cnv_depth__IBNLCO_01531__IBNLCO_01531__gene,8528
cnv_depth__IBNLCO_01532__gnl|Bakta|IBNLCO_01532__CDS__promoter,7349
cnv_depth__IBNLCO_01532__gnl|Bakta|IBNLCO_01532__CDS,8232
cnv_depth__IBNLCO_01533__IBNLCO_01533__gene__promoter,7218
cnv_depth__IBNLCO_01533__IBNLCO_01533__gene,7197
cnv_depth__IBNLCO_01534__IBNLCO_01534__gene,5932
cnv_depth__IBNLCO_01534__DUF2147__CDS__promoter,6514
cnv_depth__IBNLCO_01535__Heme/hemopexin__CDS__promoter,3564
cnv_depth__IBNLCO_01536__IBNLCO_01536__gene,9448
cnv_depth__IBNLCO_01536__IBNLCO_01536__gene__promoter,8288
cnv_depth__IBNLCO_01537__hypothetical__CDS,9633
cnv_depth__IBNLCO_01537__IBNLCO_01537__gene__promoter,7488
cnv_depth__IBNLCO_01538__IBNLCO_01538__gene__promoter,5421
cnv_depth__IBNLCO_01538__Pilus__CDS,9701
cnv_depth__IBNLCO_01539__IBNLCO_01539__gene__promoter,5618
cnv_depth__IBNLCO_01539__Prepilin__CDS,3887
cnv_depth__IBNLCO_01540__IBNLCO_01540__gene__promoter,7246
cnv_depth__IBNLCO_01540__hypothetical__CDS,6212
cnv_depth__IBNLCO_01541__IBNLCO_01541__gene__promoter,5726
cnv_depth__IBNLCO_01541__SAF__CDS,8620
cnv_depth__IBNLCO_01542__IBNLCO_01542__gene__promoter,2965
cnv_depth__IBNLCO_01542__Pilus__CDS,4351
cnv_depth__IBNLCO_01543__cpaE__gene__promoter,8393
cnv_depth__IBNLCO_01543__Pilus__CDS,7336
cnv_depth__IBNLCO_01544__IBNLCO_01544__gene__promoter,7787
cnv_depth__IBNLCO_01544__Bacterial__CDS,6124
cnv_depth__IBNLCO_01545__IBNLCO_01545__gene__promoter,5026
cnv_depth__IBNLCO_01545__hypothetical__CDS,4356
cnv_depth__IBNLCO_01546__IBNLCO_01546__gene__promoter,7801
cnv_depth__IBNLCO_01546__hypothetical__CDS,8022
cnv_depth__IBNLCO_01547__IBNLCO_01547__gene__promoter,6852
cnv_depth__IBNLCO_01547__hypothetical__CDS,8577
cnv_depth__IBNLCO_01548__IBNLCO_01548__gene__promoter,5453
cnv_depth__IBNLCO_01548__hypothetical__CDS,4804
cnv_depth__IBNLCO_01549__IBNLCO_01549__gene__promoter,8790
cnv_depth__IBNLCO_01549__DUF2134__CDS,8993
cnv_depth__IBNLCO_01550__Sigma-54__CDS__promoter,5495
cnv_depth__IBNLCO_01550__Sigma-54__CDS,2813
cnv_depth__IBNLCO_01551__hypothetical__CDS__promoter,5189
cnv_depth__IBNLCO_01551__hypothetical__CDS,3062
cnv_depth__IBNLCO_01552__IBNLCO_01552__gene,8183
cnv_depth__IBNLCO_01552__IBNLCO_01552__gene__promoter,8892
cnv_depth__IBNLCO_01553__IBNLCO_01553__gene__promoter,7295
cnv_depth__IBNLCO_01553__IBNLCO_01553__gene,503
cnv_depth__IBNLCO_01554__hypothetical__CDS__promoter,503
cnv_depth__IBNLCO_01554__IBNLCO_01554__gene,7395
cnv_depth__IBNLCO_01555__hypothetical__CDS__promoter,5676
cnv_depth__IBNLCO_01556__IBNLCO_01556__gene,7416
cnv_depth__IBNLCO_01556__Long-chain-fatty-acid--CoA__CDS__promoter,9588
cnv_depth__IBNLCO_01557__IBNLCO_01557__gene,5852
cnv_depth__IBNLCO_01557__IBNLCO_01557__gene__promoter,5077
cnv_depth__IBNLCO_01558__Major__CDS__promoter,7591
cnv_depth__IBNLCO_01559__gnl|Bakta|IBNLCO_01559__CDS__promoter,7451
cnv_depth__IBNLCO_01559__gnl|Bakta|IBNLCO_01559__CDS,7757
cnv_depth__IBNLCO_01560__ParB-like__CDS__promoter,9329
cnv_depth__IBNLCO_01561__STAS__CDS__promoter,6667
cnv_depth__IBNLCO_01561__IBNLCO_01561__gene,7500
cnv_depth__IBNLCO_01562__IBNLCO_01562__gene,7628
cnv_depth__IBNLCO_01562__PA__CDS__promoter,4025
cnv_depth__IBNLCO_01563__Phospholipase__CDS__promoter,7255
cnv_depth__IBNLCO_01564__IBNLCO_01564__gene__promoter,7471
cnv_depth__IBNLCO_01564__IBNLCO_01564__gene,8124
cnv_depth__IBNLCO_01565__trnL__gene,8685
cnv_depth__IBNLCO_01565__trnL__gene__promoter,4598
cnv_depth__IBNLCO_01566__trnL__gene,4063
cnv_depth__IBNLCO_01567__Ribonuclease__CDS__promoter,103
cnv_depth__IBNLCO_01566__trnL__gene__promoter,103
cnv_depth__IBNLCO_01567__Ribonuclease__CDS,7998
cnv_depth__IBNLCO_01568__23S__CDS__promoter,6049
cnv_depth__IBNLCO_01568__23S__CDS,8514
cnv_depth__IBNLCO_01569__N-acetylmuramoyl-L-alanine__CDS__promoter,7535
cnv_depth__IBNLCO_01569__N-acetylmuramoyl-L-alanine__CDS,4019
cnv_depth__IBNLCO_01570__IBNLCO_01570__gene__promoter,7397
cnv_depth__IBNLCO_01570__IBNLCO_01570__gene,5999
cnv_depth__IBNLCO_01571__HTH__CDS__promoter,8096
cnv_depth__IBNLCO_01571__HTH__CDS,6956
cnv_depth__IBNLCO_01572__IBNLCO_01572__gene__promoter,5694
cnv_depth__IBNLCO_01572__IBNLCO_01572__gene,7547
cnv_depth__IBNLCO_01573__ABC__CDS__promoter,4951
cnv_depth__IBNLCO_01574__IBNLCO_01574__gene,6571
cnv_depth__IBNLCO_01574__Amino__CDS__promoter,5835
cnv_depth__IBNLCO_01575__Dihydroorotate__CDS__promoter,9225
cnv_depth__IBNLCO_01576__IBNLCO_01576__gene__promoter,3390
cnv_depth__IBNLCO_01577__IBNLCO_01577__gene,7483
cnv_depth__IBNLCO_01577__Leucyl/phenylalanyl-tRNA--protein__CDS__promoter,7119
cnv_depth__IBNLCO_01578__IBNLCO_01578__gene,6050
cnv_depth__IBNLCO_01578__IBNLCO_01578__gene__promoter,5029
cnv_depth__IBNLCO_01579__trnfM__gene,7819
cnv_depth__IBNLCO_01579__trnfM__gene__promoter,8689
cnv_depth__IBNLCO_01580__UPF0303__CDS__promoter,3558
cnv_depth__IBNLCO_01580__IBNLCO_01580__gene,6881
cnv_depth__IBNLCO_01581__IBNLCO_01581__gene__promoter,7653
cnv_depth__IBNLCO_01582__IBNLCO_01582__gene__promoter,5895
cnv_depth__IBNLCO_01583__IBNLCO_01583__gene,9000
cnv_depth__IBNLCO_01583__IBNLCO_01583__gene__promoter,5867
cnv_depth__IBNLCO_01584__IBNLCO_01584__gene__promoter,5305
cnv_depth__IBNLCO_01584__IBNLCO_01584__gene,8422
cnv_depth__IBNLCO_01585__IBNLCO_01585__gene__promoter,6092
cnv_depth__IBNLCO_01585__IBNLCO_01585__gene,2792
cnv_depth__IBNLCO_01586__ssuB__gene__promoter,8152
cnv_depth__IBNLCO_01586__ssuB__gene,6648
cnv_depth__IBNLCO_01587__IBNLCO_01587__gene__promoter,7611
cnv_depth__IBNLCO_01587__Mop__CDS,6639
cnv_depth__IBNLCO_01588__Iron__CDS__promoter,8089
cnv_depth__IBNLCO_01588__IBNLCO_01588__gene,90
cnv_depth__IBNLCO_01589__DUF559__CDS__promoter,90
cnv_depth__IBNLCO_01589__DUF559__CDS,3088
cnv_depth__IBNLCO_01590__tRNA-His(gtg)__tRNA,4967
cnv_depth__IBNLCO_01590__trnH__gene__promoter,3589
cnv_depth__IBNLCO_01591__IBNLCO_01591__gene,7472
cnv_depth__IBNLCO_01591__IBNLCO_01591__gene__promoter,668
cnv_depth__IBNLCO_01592__IBNLCO_01592__gene,668
cnv_depth__IBNLCO_01592__IBNLCO_01592__gene__promoter,668
cnv_depth__IBNLCO_01593__HxlR__CDS,668
cnv_depth__IBNLCO_01594__IBNLCO_01594__gene__promoter,668
cnv_depth__IBNLCO_01593__hxlR__gene__promoter,668
cnv_depth__IBNLCO_01594__IBNLCO_01594__gene,668
cnv_depth__IBNLCO_01595__IBNLCO_01595__gene__promoter,668
cnv_depth__IBNLCO_01595__IBNLCO_01595__gene,668
cnv_depth__IBNLCO_01596__IBNLCO_01596__gene__promoter,668
cnv_depth__IBNLCO_01596__IBNLCO_01596__gene,668
cnv_depth__IBNLCO_01597__IBNLCO_01597__gene__promoter,668
cnv_depth__IBNLCO_01597__IBNLCO_01597__gene,668
cnv_depth__IBNLCO_01598__IBNLCO_01598__gene,668
cnv_depth__IBNLCO_01598__IBNLCO_01598__gene__promoter,668
cnv_depth__IBNLCO_01599__IBNLCO_01599__gene,668
cnv_depth__IBNLCO_01599__IBNLCO_01599__gene__promoter,668
cnv_depth__IBNLCO_01600__IBNLCO_01600__gene__promoter,668
cnv_depth__IBNLCO_01600__IBNLCO_01600__gene,668
cnv_depth__IBNLCO_01601__IBNLCO_01601__gene,668
cnv_depth__IBNLCO_01601__IBNLCO_01601__gene__promoter,668
cnv_depth__IBNLCO_01602__gnl|Bakta|IBNLCO_01602__CDS,668
cnv_depth__IBNLCO_01602__gnl|Bakta|IBNLCO_01602__CDS__promoter,668
cnv_depth__IBNLCO_01603__lexA__gene,668
cnv_depth__IBNLCO_01603__LexA__CDS__promoter,668
cnv_depth__IBNLCO_01604__Sulfate-binding__CDS__promoter,668
cnv_depth__IBNLCO_01604__Sulfate-binding__CDS,668
cnv_depth__IBNLCO_01605__Sulfate__CDS__promoter,668
cnv_depth__IBNLCO_01605__cysT__gene,668
cnv_depth__IBNLCO_01606__Sulfate__CDS__promoter,668
cnv_depth__IBNLCO_01606__cysW__gene,668
cnv_depth__IBNLCO_01607__Sulfate/thiosulfate__CDS__promoter,668
cnv_depth__IBNLCO_01607__Sulfate/thiosulfate__CDS,668
cnv_depth__IBNLCO_01608__HTH-type__CDS__promoter,668
cnv_depth__IBNLCO_01608__IBNLCO_01608__gene,668
cnv_depth__IBNLCO_01609__D-ribose/D-allose-binding__CDS__promoter,668
cnv_depth__IBNLCO_01609__IBNLCO_01609__gene,668
cnv_depth__IBNLCO_01610__Sugar__CDS__promoter,668
cnv_depth__IBNLCO_01610__IBNLCO_01610__gene,668
cnv_depth__IBNLCO_01611__IBNLCO_01611__gene__promoter,668
cnv_depth__IBNLCO_01611__IBNLCO_01611__gene,668
cnv_depth__IBNLCO_01612__IBNLCO_01612__gene__promoter,668
cnv_depth__IBNLCO_01612__IBNLCO_01612__gene,668
cnv_depth__IBNLCO_01613__IBNLCO_01613__gene__promoter,668
cnv_depth__IBNLCO_01613__gnl|Bakta|IBNLCO_01613__CDS,668
cnv_depth__IBNLCO_01614__IBNLCO_01614__gene__promoter,668
cnv_depth__IBNLCO_01614__Methyl-accepting__CDS,668
cnv_depth__IBNLCO_01615__IBNLCO_01615__gene__promoter,668
cnv_depth__IBNLCO_01615__Serine__CDS,668
cnv_depth__IBNLCO_01616__IBNLCO_01616__gene__promoter,668
cnv_depth__IBNLCO_01616__IBNLCO_01616__gene,668
cnv_depth__IBNLCO_01617__SpoVR__CDS__promoter,668
cnv_depth__IBNLCO_01617__IBNLCO_01617__gene,668
cnv_depth__IBNLCO_01618__Alpha-ketoglutarate__CDS__promoter,668
cnv_depth__IBNLCO_01618__IBNLCO_01618__gene,668
cnv_depth__IBNLCO_01619__IBNLCO_01619__gene__promoter,668
cnv_depth__IBNLCO_01619__IBNLCO_01619__gene,668
cnv_depth__IBNLCO_01620__IBNLCO_01620__gene__promoter,668
cnv_depth__IBNLCO_01620__IBNLCO_01620__gene,668
cnv_depth__IBNLCO_01621__IBNLCO_01621__gene__promoter,668
cnv_depth__IBNLCO_01621__ABC__CDS,668
cnv_depth__IBNLCO_01622__IBNLCO_01622__gene__promoter,668
cnv_depth__IBNLCO_01622__IBNLCO_01622__gene,668
cnv_depth__IBNLCO_01623__IBNLCO_01623__gene__promoter,668
cnv_depth__IBNLCO_01623__IBNLCO_01623__gene,668
cnv_depth__IBNLCO_01624__IBNLCO_01624__gene__promoter,668
cnv_depth__IBNLCO_01624__IBNLCO_01624__gene,668
cnv_depth__IBNLCO_01625__Flp__CDS__promoter,668
cnv_depth__IBNLCO_01625__cpaB__gene,668
cnv_depth__IBNLCO_01626__IBNLCO_01626__gene__promoter,668
cnv_depth__IBNLCO_01626__IBNLCO_01626__gene,668
cnv_depth__IBNLCO_01627__IBNLCO_01627__gene__promoter,668
cnv_depth__IBNLCO_01627__IBNLCO_01627__gene,668
cnv_depth__IBNLCO_01628__IBNLCO_01628__gene__promoter,668
cnv_depth__IBNLCO_01628__Response__CDS,668
cnv_depth__IBNLCO_01629__IBNLCO_01629__gene__promoter,668
cnv_depth__IBNLCO_01629__Secretion__CDS,668
cnv_depth__IBNLCO_01630__gspF__gene__promoter,668
cnv_depth__IBNLCO_01630__Type__CDS,668
cnv_depth__IBNLCO_01631__hypothetical__CDS__promoter,668
cnv_depth__IBNLCO_01631__IBNLCO_01631__gene,668
cnv_depth__IBNLCO_01632__IBNLCO_01632__gene__promoter,668
cnv_depth__IBNLCO_01632__Tetratricopeptide__CDS,668
cnv_depth__IBNLCO_01633__IBNLCO_01633__gene__promoter,668
cnv_depth__IBNLCO_01633__IBNLCO_01633__gene,668
cnv_depth__IBNLCO_01634__DUF2134__CDS__promoter,668
cnv_depth__IBNLCO_01634__IBNLCO_01634__gene,668
cnv_depth__IBNLCO_01635__Polar__CDS__promoter,668
cnv_depth__IBNLCO_01635__IBNLCO_01635__gene,668
cnv_depth__IBNLCO_01636__Putative__CDS__promoter,668
cnv_depth__IBNLCO_01636__glnM__gene,668
cnv_depth__IBNLCO_01637__Glutamate/aspartate__CDS__promoter,668
cnv_depth__IBNLCO_01637__Glutamate/aspartate__CDS,668
cnv_depth__IBNLCO_01638__IBNLCO_01638__gene,439
cnv_depth__IBNLCO_01638__IBNLCO_01638__gene__promoter,439
cnv_depth__IBNLCO_01639__IBNLCO_01639__gene,5909
cnv_depth__IBNLCO_01640__IBNLCO_01640__gene__promoter,141
cnv_depth__IBNLCO_01639__IBNLCO_01639__gene__promoter,141
cnv_depth__IBNLCO_01640__IBNLCO_01640__gene,7420
cnv_depth__IBNLCO_01641__Efflux__CDS__promoter,6439
cnv_depth__IBNLCO_01642__oprM__gene__promoter,8751
cnv_depth__IBNLCO_01642__oprM__gene,6042
cnv_depth__IBNLCO_01643__IBNLCO_01643__gene,4993
cnv_depth__IBNLCO_01643__hypothetical__CDS__promoter,8075
cnv_depth__IBNLCO_01644__IBNLCO_01644__gene__promoter,5956
cnv_depth__IBNLCO_01644__Putative__CDS,6359
cnv_depth__IBNLCO_01645__Outer__CDS__promoter,2485
cnv_depth__IBNLCO_01646__IBNLCO_01646__gene__promoter,6141
cnv_depth__IBNLCO_01646__Fimbrial__CDS,9204
cnv_depth__IBNLCO_01647__Fimbrial-type__CDS__promoter,7744
cnv_depth__IBNLCO_01647__Fimbrial-type__CDS,6796
cnv_depth__IBNLCO_01648__ABC__CDS,6353
cnv_depth__IBNLCO_01648__ABC__CDS__promoter,7491
cnv_depth__IBNLCO_01649__IBNLCO_01649__gene,2809
cnv_depth__IBNLCO_01649__IBNLCO_01649__gene__promoter,8873
cnv_depth__IBNLCO_01650__Microcin__CDS,8829
cnv_depth__IBNLCO_01650__Microcin__CDS__promoter,174
cnv_depth__IBNLCO_01651__capistruin__CDS,174
cnv_depth__IBNLCO_01651__capistruin__CDS__promoter,8969
cnv_depth__IBNLCO_01652__araC__gene__promoter,7489
cnv_depth__IBNLCO_01652__AraC__CDS,5200
cnv_depth__IBNLCO_01653__IBNLCO_01653__gene__promoter,5030
cnv_depth__IBNLCO_01653__IBNLCO_01653__gene,7403
cnv_depth__IBNLCO_01654__rbsA__gene__promoter,6749
cnv_depth__IBNLCO_01654__rbsA__gene,7112
cnv_depth__IBNLCO_01655__Ribose__CDS__promoter,9503
cnv_depth__IBNLCO_01655__Ribose__CDS,7764
cnv_depth__IBNLCO_01656__Putative__CDS__promoter,6723
cnv_depth__IBNLCO_01656__Putative__CDS,6336
cnv_depth__IBNLCO_01657__gnl|Bakta|IBNLCO_01657__CDS__promoter,5708
cnv_depth__IBNLCO_01657__gnl|Bakta|IBNLCO_01657__CDS,7706
cnv_depth__IBNLCO_01658__Short__CDS__promoter,6754
cnv_depth__IBNLCO_01658__Short__CDS,5192
cnv_depth__IBNLCO_01659__IBNLCO_01659__gene,9020
cnv_depth__IBNLCO_01660__Extracytoplasmic-function__CDS__promoter,4781
cnv_depth__IBNLCO_01659__hypothetical__CDS__promoter,6908
cnv_depth__IBNLCO_01660__IBNLCO_01660__gene,8488
cnv_depth__IBNLCO_01661__hypothetical__CDS__promoter,5004
cnv_depth__IBNLCO_01661__IBNLCO_01661__gene,168
cnv_depth__IBNLCO_01662__TauD/TfdA-like__CDS__promoter,168
cnv_depth__IBNLCO_01662__TauD/TfdA-like__CDS,8290
cnv_depth__IBNLCO_01663__Iron__CDS__promoter,5943
cnv_depth__IBNLCO_01663__IBNLCO_01663__gene,9131
cnv_depth__IBNLCO_01664__Fe(3+)-hydroxamate__CDS__promoter,5785
cnv_depth__IBNLCO_01664__fhuB__gene,9407
cnv_depth__IBNLCO_01665__hypothetical__CDS__promoter,5834
cnv_depth__IBNLCO_01665__IBNLCO_01665__gene,9018
cnv_depth__IBNLCO_01666__Fe/B12__CDS__promoter,6926
cnv_depth__IBNLCO_01666__IBNLCO_01666__gene,4400
cnv_depth__IBNLCO_01667__DUF1993__CDS,8942
cnv_depth__IBNLCO_01667__IBNLCO_01667__gene__promoter,6925
cnv_depth__IBNLCO_01668__ABC__CDS,8945
cnv_depth__IBNLCO_01668__ABC__CDS__promoter,8194
cnv_depth__IBNLCO_01669__non-ribosomal__CDS__promoter,5615
cnv_depth__IBNLCO_01669__IBNLCO_01669__gene,132
cnv_depth__IBNLCO_01670__IBNLCO_01670__gene__promoter,8763
cnv_depth__IBNLCO_01670__IBNLCO_01670__gene,132
cnv_depth__IBNLCO_01671__L-ornithine__CDS__promoter,7083
cnv_depth__IBNLCO_01671__IBNLCO_01671__gene,4594
cnv_depth__IBNLCO_01672__Ferrichrome-iron__CDS__promoter,4795
cnv_depth__IBNLCO_01672__Ferrichrome-iron__CDS,8286
cnv_depth__IBNLCO_01673__phosphoribosylglycinamide__CDS__promoter,3742
cnv_depth__IBNLCO_01673__phosphoribosylglycinamide__CDS,6722
cnv_depth__IBNLCO_01674__IBNLCO_01674__gene,8816
cnv_depth__IBNLCO_01674__Cobyrinate__CDS__promoter,9282
cnv_depth__IBNLCO_01675__Corrinoid__CDS,8400
cnv_depth__IBNLCO_01675__Corrinoid__CDS__promoter,9146
cnv_depth__IBNLCO_01676__cbiG__gene,8886
cnv_depth__IBNLCO_01676__Cobalamin__CDS__promoter,7528
cnv_depth__unknown__unknown__regulatory.5,6380
cnv_depth__unknown__unknown__regulatory.6,8349
cnv_depth__IBNLCO_01677__Nickel/cobalt__CDS__promoter,7729
cnv_depth__IBNLCO_01677__IBNLCO_01677__gene,9053
cnv_depth__IBNLCO_01678__Zinc__CDS__promoter,7916
cnv_depth__IBNLCO_01678__cobW__gene,4095
cnv_depth__IBNLCO_01679__Aerobic__CDS__promoter,6568
cnv_depth__IBNLCO_01679__cobN__gene,297
cnv_depth__IBNLCO_01680__Mg-protoporphyrin__CDS__promoter,5762
cnv_depth__IBNLCO_01680__IBNLCO_01680__gene,9302
cnv_depth__IBNLCO_01681__VWFA__CDS__promoter,6742
cnv_depth__IBNLCO_01681__IBNLCO_01681__gene,3908
cnv_depth__IBNLCO_01682__Carboxylesterase__CDS__promoter,2574
cnv_depth__IBNLCO_01682__Carboxylesterase__CDS,7238
cnv_depth__IBNLCO_01683__IBNLCO_01683__gene,7660
cnv_depth__IBNLCO_01683__hypothetical__CDS__promoter,6452
cnv_depth__IBNLCO_01684__IBNLCO_01684__gene,9435
cnv_depth__IBNLCO_01684__gnl|Bakta|IBNLCO_01684__CDS__promoter,7120
cnv_depth__IBNLCO_01685__IBNLCO_01685__gene,9666
cnv_depth__IBNLCO_01686__IBNLCO_01686__gene,9193
cnv_depth__IBNLCO_01685__Siroheme__CDS__promoter,7894
cnv_depth__IBNLCO_01687__IBNLCO_01687__gene,9209
cnv_depth__IBNLCO_01686__IBNLCO_01686__gene__promoter,8826
cnv_depth__IBNLCO_01688__IBNLCO_01688__gene,4655
cnv_depth__IBNLCO_01687__IBNLCO_01687__gene__promoter,7331
cnv_depth__IBNLCO_01688__IBNLCO_01688__gene__promoter,9478
cnv_depth__unknown__unknown__regulatory.7,86
cnv_depth__IBNLCO_01689__IBNLCO_01689__gene__promoter,86
cnv_depth__IBNLCO_01689__IBNLCO_01689__gene,9476
cnv_depth__IBNLCO_01690__Cobalt-precorrin-5B__CDS__promoter,8423
cnv_depth__IBNLCO_01690__IBNLCO_01690__gene,9624
cnv_depth__IBNLCO_01691__IBNLCO_01691__gene__promoter,7708
cnv_depth__IBNLCO_01691__IBNLCO_01691__gene,9180
cnv_depth__IBNLCO_01692__IBNLCO_01692__gene__promoter,7303
cnv_depth__IBNLCO_01692__IBNLCO_01692__gene,5646
cnv_depth__IBNLCO_01693__Glycosyl__CDS,7364
cnv_depth__IBNLCO_01693__IBNLCO_01693__gene__promoter,2599
cnv_depth__IBNLCO_01694__IBNLCO_01694__gene,8592
cnv_depth__IBNLCO_01695__HTH__CDS__promoter,155
cnv_depth__IBNLCO_01694__MFS__CDS__promoter,155
cnv_depth__IBNLCO_01695__IBNLCO_01695__gene,7304
cnv_depth__IBNLCO_01696__IBNLCO_01696__gene,9554
cnv_depth__IBNLCO_01696__Leucine-%2C__CDS__promoter,8912
cnv_depth__IBNLCO_01697__hypothetical__CDS,9686
cnv_depth__IBNLCO_01698__hypothetical__CDS__promoter,9099
cnv_depth__IBNLCO_01697__hypothetical__CDS__promoter,8556
cnv_depth__IBNLCO_01698__hypothetical__CDS,4122
cnv_depth__IBNLCO_01699__yfcG__gene,8047
cnv_depth__IBNLCO_01699__Disulfide-bond__CDS__promoter,8324
cnv_depth__IBNLCO_01700__IBNLCO_01700__gene,8024
cnv_depth__IBNLCO_01701__IBNLCO_01701__gene__promoter,4427
cnv_depth__IBNLCO_01700__IBNLCO_01700__gene__promoter,7806
cnv_depth__IBNLCO_01701__Heme-binding__CDS,9672
cnv_depth__IBNLCO_01702__Short-chain__CDS__promoter,9245
cnv_depth__IBNLCO_01702__IBNLCO_01702__gene,7324
cnv_depth__IBNLCO_01703__Carbamate__CDS,5254
cnv_depth__IBNLCO_01703__IBNLCO_01703__gene__promoter,3597
cnv_depth__IBNLCO_01704__Ornithine__CDS,8083
cnv_depth__IBNLCO_01704__IBNLCO_01704__gene__promoter,5789
cnv_depth__IBNLCO_01705__IBNLCO_01705__gene,7524
cnv_depth__IBNLCO_01705__IBNLCO_01705__gene__promoter,5059
cnv_depth__IBNLCO_01706__IBNLCO_01706__gene__promoter,7875
cnv_depth__IBNLCO_01707__RNA-binding__CDS,8779
cnv_depth__IBNLCO_01707__RNA-binding__CDS__promoter,7277
cnv_depth__IBNLCO_01708__ABC__CDS,9404
cnv_depth__IBNLCO_01709__Putative__CDS,4102
cnv_depth__IBNLCO_01708__ABC__CDS__promoter,6937
cnv_depth__IBNLCO_01710__IBNLCO_01710__gene,9128
cnv_depth__IBNLCO_01709__Putative__CDS__promoter,8008
cnv_depth__IBNLCO_01711__Putative__CDS,8917
cnv_depth__IBNLCO_01710__IBNLCO_01710__gene__promoter,7114
cnv_depth__IBNLCO_01711__osmF__gene__promoter,6891
cnv_depth__IBNLCO_01712__bioC__gene__promoter,5738
cnv_depth__IBNLCO_01712__bioC__gene,6670
cnv_depth__IBNLCO_01713__Major__CDS,17
cnv_depth__IBNLCO_01713__IBNLCO_01713__gene__promoter,5260
cnv_depth__IBNLCO_01714__Long-chain-fatty-acid--CoA__CDS,9240
cnv_depth__IBNLCO_01714__IBNLCO_01714__gene__promoter,6688
cnv_depth__IBNLCO_01715__DUF3562__CDS__promoter,9634
cnv_depth__IBNLCO_01715__IBNLCO_01715__gene,5870
cnv_depth__IBNLCO_01716__IBNLCO_01716__gene__promoter,2650
cnv_depth__IBNLCO_01716__Methyl-accepting__CDS,7001
cnv_depth__IBNLCO_01717__cheW__gene__promoter,5701
cnv_depth__IBNLCO_01717__cheW__gene,5118
cnv_depth__IBNLCO_01718__EamA__CDS,9266
cnv_depth__IBNLCO_01718__EamA__CDS__promoter,8913
cnv_depth__IBNLCO_01719__AraC__CDS,5936
cnv_depth__IBNLCO_01719__AraC__CDS__promoter,9065
cnv_depth__IBNLCO_01720__Porin__CDS__promoter,7240
cnv_depth__IBNLCO_01720__IBNLCO_01720__gene,8326
cnv_depth__IBNLCO_01721__IBNLCO_01721__gene,5636
cnv_depth__IBNLCO_01721__hypothetical__CDS__promoter,9467
cnv_depth__IBNLCO_01722__Syringopeptin__CDS,6750
cnv_depth__IBNLCO_01722__IBNLCO_01722__gene__promoter,9037
cnv_depth__IBNLCO_01723__IBNLCO_01723__gene__promoter,8470
cnv_depth__IBNLCO_01723__MbtH-like__CDS,591
cnv_depth__IBNLCO_01724__JmjC__CDS__promoter,591
cnv_depth__IBNLCO_01724__jmjC__gene,8540
cnv_depth__IBNLCO_01725__IBNLCO_01725__gene__promoter,5339
cnv_depth__IBNLCO_01725__IBNLCO_01725__gene,8255
cnv_depth__IBNLCO_01726__IBNLCO_01726__gene__promoter,8765
cnv_depth__IBNLCO_01726__IBNLCO_01726__gene,9348
cnv_depth__IBNLCO_01727__IBNLCO_01727__gene__promoter,5405
cnv_depth__IBNLCO_01727__IBNLCO_01727__gene,4486
cnv_depth__IBNLCO_01728__Argininosuccinate__CDS__promoter,5749
cnv_depth__IBNLCO_01728__IBNLCO_01728__gene,7291
cnv_depth__IBNLCO_01729__IBNLCO_01729__gene__promoter,6477
cnv_depth__IBNLCO_01729__IBNLCO_01729__gene,6620
cnv_depth__IBNLCO_01730__GHMP__CDS__promoter,7168
cnv_depth__IBNLCO_01730__GHMP__CDS,7531
cnv_depth__IBNLCO_01731__Major__CDS__promoter,7839
cnv_depth__IBNLCO_01731__IBNLCO_01731__gene,6818
cnv_depth__IBNLCO_01732__AraC__CDS__promoter,9527
cnv_depth__IBNLCO_01732__araC__gene,7479
cnv_depth__IBNLCO_01733__Cysteine__CDS__promoter,6786
cnv_depth__IBNLCO_01733__IBNLCO_01733__gene,7742
cnv_depth__IBNLCO_01734__argininosuccinate__CDS__promoter,6676
cnv_depth__IBNLCO_01734__IBNLCO_01734__gene,9482
cnv_depth__IBNLCO_01735__Low-specificity__CDS__promoter,4903
cnv_depth__IBNLCO_01735__IBNLCO_01735__gene,8949
cnv_depth__IBNLCO_01736__gnl|Bakta|IBNLCO_01736__CDS__promoter,4266
cnv_depth__IBNLCO_01736__IBNLCO_01736__gene,9015
cnv_depth__IBNLCO_01737__Carrier__CDS__promoter,3569
cnv_depth__IBNLCO_01737__IBNLCO_01737__gene,297
cnv_depth__IBNLCO_01738__gnl|Bakta|IBNLCO_01738__CDS__promoter,8155
cnv_depth__IBNLCO_01739__IBNLCO_01739__gene__promoter,7549
cnv_depth__IBNLCO_01739__Family__CDS,9442
cnv_depth__IBNLCO_01740__hypothetical__CDS,8943
cnv_depth__IBNLCO_01741__hypothetical__CDS,109
cnv_depth__IBNLCO_01740__hypothetical__CDS__promoter,109
cnv_depth__IBNLCO_01741__hypothetical__CDS__promoter,4977
cnv_depth__IBNLCO_01742__DUF2282__CDS__promoter,6615
cnv_depth__IBNLCO_01742__IBNLCO_01742__gene,22
cnv_depth__IBNLCO_01743__IBNLCO_01743__gene__promoter,22
cnv_depth__IBNLCO_01743__IBNLCO_01743__gene,8506
cnv_depth__IBNLCO_01744__IBNLCO_01744__gene__promoter,8474
cnv_depth__IBNLCO_01744__IBNLCO_01744__gene,7596
cnv_depth__IBNLCO_01745__doxX__gene__promoter,6710
cnv_depth__IBNLCO_01745__doxX__gene,8924
cnv_depth__IBNLCO_01746__DUF1109__CDS__promoter,9045
cnv_depth__IBNLCO_01746__DUF1109__CDS,9413
cnv_depth__IBNLCO_01747__Transmembrane__CDS,4782
cnv_depth__IBNLCO_01748__IBNLCO_01748__gene,8754
cnv_depth__IBNLCO_01747__Transmembrane__CDS__promoter,5083
cnv_depth__IBNLCO_01748__RNA__CDS__promoter,5566
cnv_depth__IBNLCO_01749__Rhodanese__CDS__promoter,73
cnv_depth__IBNLCO_01749__Rhodanese__CDS,4387
cnv_depth__IBNLCO_01750__IBNLCO_01750__gene,5
cnv_depth__IBNLCO_01751__IBNLCO_01751__gene,73
cnv_depth__IBNLCO_01750__IBNLCO_01750__gene__promoter,73
cnv_depth__IBNLCO_01752__HTH__CDS__promoter,5
cnv_depth__IBNLCO_01751__IBNLCO_01751__gene__promoter,5
cnv_depth__IBNLCO_01752__HTH__CDS,5
cnv_depth__IBNLCO_01753__IBNLCO_01753__gene__promoter,5
cnv_depth__IBNLCO_01753__IBNLCO_01753__gene,5
cnv_depth__IBNLCO_01754__IBNLCO_01754__gene__promoter,5
cnv_depth__IBNLCO_01754__IBNLCO_01754__gene,5
cnv_depth__IBNLCO_01755__Urocanate__CDS__promoter,5
cnv_depth__IBNLCO_01755__IBNLCO_01755__gene,73
cnv_depth__IBNLCO_01756__Putative__CDS__promoter,5
cnv_depth__IBNLCO_01756__Putative__CDS,73
cnv_depth__IBNLCO_01757__Histidine__CDS__promoter,5
cnv_depth__IBNLCO_01757__Histidine__CDS,5
cnv_depth__IBNLCO_01758__IBNLCO_01758__gene__promoter,597
cnv_depth__IBNLCO_01758__IBNLCO_01758__gene,597
cnv_depth__IBNLCO_01759__IBNLCO_01759__gene__promoter,5
cnv_depth__IBNLCO_01759__IBNLCO_01759__gene,5
cnv_depth__IBNLCO_01760__IBNLCO_01760__gene__promoter,5
cnv_depth__IBNLCO_01760__IBNLCO_01760__gene,5
cnv_depth__unknown__unknown__regulatory.8,73
cnv_depth__IBNLCO_01761__hypothetical__CDS,3059
cnv_depth__IBNLCO_01761__IBNLCO_01761__gene__promoter,8126
cnv_depth__IBNLCO_01762__gnl|Bakta|IBNLCO_01762__CDS,9605
cnv_depth__IBNLCO_01763__Exported__CDS,142
cnv_depth__IBNLCO_01762__IBNLCO_01762__gene__promoter,142
cnv_depth__IBNLCO_01763__Exported__CDS__promoter,7615
cnv_depth__IBNLCO_01764__DNA-binding__CDS,5657
cnv_depth__IBNLCO_01764__DNA-binding__CDS__promoter,4352
cnv_depth__IBNLCO_01765__IBNLCO_01765__gene,73
cnv_depth__IBNLCO_01765__Adenylyl-sulfate__CDS__promoter,73
cnv_depth__IBNLCO_01766__IBNLCO_01766__gene,73
cnv_depth__IBNLCO_01766__Tetratricopeptide__CDS__promoter,73
cnv_depth__IBNLCO_01767__IBNLCO_01767__gene,596
cnv_depth__IBNLCO_01767__Methyltransferase__CDS__promoter,73
cnv_depth__IBNLCO_01768__IBNLCO_01768__gene,73
cnv_depth__IBNLCO_01769__IBNLCO_01769__gene,70
cnv_depth__IBNLCO_01768__hypothetical__CDS__promoter,73
cnv_depth__IBNLCO_01769__IBNLCO_01769__gene__promoter,73
cnv_depth__IBNLCO_01770__gnl|Bakta|IBNLCO_01770__CDS,596
cnv_depth__IBNLCO_01771__Fe2OG__CDS,73
cnv_depth__IBNLCO_01770__IBNLCO_01770__gene__promoter,73
cnv_depth__IBNLCO_01771__Fe2OG__CDS__promoter,73
cnv_depth__IBNLCO_01772__gnl|Bakta|IBNLCO_01772__CDS,73
cnv_depth__IBNLCO_01772__gnl|Bakta|IBNLCO_01772__CDS__promoter,73
cnv_depth__IBNLCO_01773__gnl|Bakta|IBNLCO_01773__CDS,73
cnv_depth__IBNLCO_01773__IBNLCO_01773__gene__promoter,73
cnv_depth__IBNLCO_01774__Exported__CDS,70
cnv_depth__IBNLCO_01774__IBNLCO_01774__gene__promoter,8265
cnv_depth__unknown__unknown__regulatory.9,5638
cnv_depth__IBNLCO_01775__hypothetical__CDS,7651
cnv_depth__IBNLCO_01776__hypothetical__CDS__promoter,765
cnv_depth__IBNLCO_01775__IBNLCO_01775__gene__promoter,765
cnv_depth__IBNLCO_01776__IBNLCO_01776__gene,8584
cnv_depth__IBNLCO_01777__hypothetical__CDS,6338
cnv_depth__IBNLCO_01777__hypothetical__CDS__promoter,7016
cnv_depth__IBNLCO_01778__gnl|Bakta|IBNLCO_01778__CDS__promoter,6037
cnv_depth__IBNLCO_01778__gnl|Bakta|IBNLCO_01778__CDS,7012
cnv_depth__IBNLCO_01779__IBNLCO_01779__gene,7518
cnv_depth__IBNLCO_01779__DNA-binding__CDS__promoter,7537
cnv_depth__IBNLCO_01780__hypothetical__CDS,3061
cnv_depth__IBNLCO_01781__IBNLCO_01781__gene,3951
cnv_depth__IBNLCO_01780__hypothetical__CDS__promoter,7124
cnv_depth__IBNLCO_01781__hypothetical__CDS__promoter,8988
cnv_depth__IBNLCO_01782__histidine__CDS,4952
cnv_depth__IBNLCO_01783__hypothetical__CDS,8459
cnv_depth__IBNLCO_01782__histidine__CDS__promoter,7074
cnv_depth__IBNLCO_01783__hypothetical__CDS__promoter,6314
cnv_depth__IBNLCO_01784__IBNLCO_01784__gene,6897
cnv_depth__IBNLCO_01784__IBNLCO_01784__gene__promoter,2630
cnv_depth__IBNLCO_01785__IBNLCO_01785__gene,8042
cnv_depth__IBNLCO_01785__hypothetical__CDS__promoter,8800
cnv_depth__IBNLCO_01786__trimeric__CDS,6284
cnv_depth__IBNLCO_01786__trimeric__CDS__promoter,8404
cnv_depth__IBNLCO_01787__hypothetical__CDS,5112
cnv_depth__IBNLCO_01787__hypothetical__CDS__promoter,6901
cnv_depth__IBNLCO_01788__Pilus__CDS,2615
cnv_depth__IBNLCO_01789__Outer__CDS,5116
cnv_depth__IBNLCO_01788__IBNLCO_01788__gene__promoter,9259
cnv_depth__IBNLCO_01789__fimD__gene__promoter,2914
cnv_depth__IBNLCO_01790__fimC__gene,3501
cnv_depth__IBNLCO_01790__fimC__gene__promoter,6544
cnv_depth__IBNLCO_01791__IBNLCO_01791__gene,6444
cnv_depth__IBNLCO_01791__IBNLCO_01791__gene__promoter,9140
cnv_depth__IBNLCO_01792__IBNLCO_01792__gene,7247
cnv_depth__IBNLCO_01792__IBNLCO_01792__gene__promoter,3093
cnv_depth__IBNLCO_01793__IBNLCO_01793__gene__promoter,5237
cnv_depth__IBNLCO_01793__IBNLCO_01793__gene,9699
cnv_depth__IBNLCO_01794__IBNLCO_01794__gene,6174
cnv_depth__IBNLCO_01794__hypothetical__CDS__promoter,5206
cnv_depth__IBNLCO_01795__IBNLCO_01795__gene,5786
cnv_depth__IBNLCO_01796__IBNLCO_01796__gene__promoter,7497
cnv_depth__IBNLCO_01795__IBNLCO_01795__gene__promoter,5781
cnv_depth__IBNLCO_01796__IBNLCO_01796__gene,7325
cnv_depth__IBNLCO_01797__Iron-containing__CDS__promoter,5518
cnv_depth__IBNLCO_01797__IBNLCO_01797__gene,8853
cnv_depth__IBNLCO_01798__gnl|Bakta|IBNLCO_01798__CDS__promoter,8827
cnv_depth__IBNLCO_01798__IBNLCO_01798__gene,7869
cnv_depth__IBNLCO_01799__Sodium:proton__CDS__promoter,8239
cnv_depth__IBNLCO_01799__IBNLCO_01799__gene,8992
cnv_depth__IBNLCO_01800__IBNLCO_01800__gene__promoter,5158
cnv_depth__IBNLCO_01800__IBNLCO_01800__gene,9058
cnv_depth__IBNLCO_01801__IBNLCO_01801__gene__promoter,6252
cnv_depth__IBNLCO_01801__IBNLCO_01801__gene,6718
cnv_depth__IBNLCO_01802__dhaK__gene,36
cnv_depth__IBNLCO_01802__dhaK__gene__promoter,8090
cnv_depth__IBNLCO_01803__IBNLCO_01803__gene,5898
cnv_depth__IBNLCO_01803__IBNLCO_01803__gene__promoter,9485
cnv_depth__IBNLCO_01804__IBNLCO_01804__gene,9072
cnv_depth__IBNLCO_01804__IBNLCO_01804__gene__promoter,7167
cnv_depth__IBNLCO_01805__IBNLCO_01805__gene,7384
cnv_depth__IBNLCO_01806__Heme__CDS,9057
cnv_depth__IBNLCO_01805__IBNLCO_01805__gene__promoter,6086
cnv_depth__IBNLCO_01806__Heme__CDS__promoter,4346
cnv_depth__IBNLCO_01807__IBNLCO_01807__gene,7798
cnv_depth__IBNLCO_01807__FAD:protein__CDS__promoter,4995
cnv_depth__IBNLCO_01808__IBNLCO_01808__gene__promoter,5375
cnv_depth__IBNLCO_01809__Copper__CDS__promoter,5179
cnv_depth__IBNLCO_01810__ABC__CDS__promoter,5875
cnv_depth__IBNLCO_01810__IBNLCO_01810__gene,7614
cnv_depth__IBNLCO_01811__ABC__CDS__promoter,5963
cnv_depth__IBNLCO_01811__IBNLCO_01811__gene,8115
cnv_depth__IBNLCO_01812__Copper-binding__CDS__promoter,7412
cnv_depth__IBNLCO_01812__nosL__gene,9127
cnv_depth__IBNLCO_01813__DUF4168__CDS__promoter,7700
cnv_depth__IBNLCO_01813__DUF4168__CDS,217
cnv_depth__IBNLCO_01814__DUF3024__CDS__promoter,217
cnv_depth__IBNLCO_01814__IBNLCO_01814__gene,9614
cnv_depth__IBNLCO_01815__Cytochrome__CDS__promoter,5578
cnv_depth__IBNLCO_01815__IBNLCO_01815__gene,8365
cnv_depth__IBNLCO_01816__Transcriptional__CDS__promoter,7794
cnv_depth__IBNLCO_01816__IBNLCO_01816__gene,8598
cnv_depth__IBNLCO_01817__IBNLCO_01817__gene__promoter,8342
cnv_depth__IBNLCO_01817__IBNLCO_01817__gene,7048
cnv_depth__IBNLCO_01818__IBNLCO_01818__gene__promoter,4923
cnv_depth__IBNLCO_01819__IBNLCO_01819__gene__promoter,453
cnv_depth__IBNLCO_01818__IBNLCO_01818__gene,453
cnv_depth__IBNLCO_01819__gnl|Bakta|IBNLCO_01819__CDS,280
cnv_depth__IBNLCO_01820__gnl|Bakta|IBNLCO_01820__CDS__promoter,280
cnv_depth__IBNLCO_01820__gnl|Bakta|IBNLCO_01820__CDS,3661
cnv_depth__IBNLCO_01821__gnl|Bakta|IBNLCO_01821__CDS,5540
cnv_depth__IBNLCO_01821__gnl|Bakta|IBNLCO_01821__CDS__promoter,4877
cnv_depth__IBNLCO_01822__IBNLCO_01822__gene__promoter,3398
cnv_depth__IBNLCO_01822__IBNLCO_01822__gene,6548
cnv_depth__IBNLCO_01823__Magnesium__CDS,7587
cnv_depth__IBNLCO_01823__corA__gene__promoter,477
cnv_depth__IBNLCO_01824__IBNLCO_01824__gene__promoter,477
cnv_depth__IBNLCO_01825__IBNLCO_01825__gene__promoter,565
cnv_depth__IBNLCO_01824__IBNLCO_01824__gene,565
cnv_depth__IBNLCO_01825__IBNLCO_01825__gene,5822
cnv_depth__IBNLCO_01826__IBNLCO_01826__gene,7877
cnv_depth__IBNLCO_01826__Saccharopine__CDS__promoter,5498
cnv_depth__IBNLCO_01827__psiF__gene__promoter,8665
cnv_depth__IBNLCO_01827__psiF__gene,2492
cnv_depth__IBNLCO_01828__IBNLCO_01828__gene,8033
cnv_depth__IBNLCO_01828__IBNLCO_01828__gene__promoter,7684
cnv_depth__IBNLCO_01829__Regulatory__CDS,7098
cnv_depth__IBNLCO_01829__Regulatory__CDS__promoter,8171
cnv_depth__IBNLCO_01830__IBNLCO_01830__gene,2541
cnv_depth__IBNLCO_01831__IBNLCO_01831__gene,235
cnv_depth__IBNLCO_01830__IBNLCO_01830__gene__promoter,235
cnv_depth__IBNLCO_01832__IBNLCO_01832__gene,5950
cnv_depth__IBNLCO_01831__IBNLCO_01831__gene__promoter,8444
cnv_depth__IBNLCO_01833__IBNLCO_01833__gene__promoter,9116
cnv_depth__IBNLCO_01832__AMP-binding__CDS__promoter,6198
cnv_depth__IBNLCO_01833__IBNLCO_01833__gene,3078
cnv_depth__IBNLCO_01834__IBNLCO_01834__gene,4566
cnv_depth__IBNLCO_01835__IBNLCO_01835__gene__promoter,1467
cnv_depth__IBNLCO_01834__IBNLCO_01834__gene__promoter,1467
cnv_depth__IBNLCO_01835__PGDYG__CDS,6658
cnv_depth__IBNLCO_01836__DUF3022__CDS,5992
cnv_depth__IBNLCO_01836__DUF3022__CDS__promoter,3652
cnv_depth__IBNLCO_01837__YhfC__CDS,6065
cnv_depth__IBNLCO_01837__yhfC__gene__promoter,6940
cnv_depth__IBNLCO_01838__LacI__CDS,5946
cnv_depth__IBNLCO_01838__lacI__gene__promoter,9677
cnv_depth__IBNLCO_01839__IBNLCO_01839__gene,8471
cnv_depth__IBNLCO_01839__Glyoxylate/hydroxypyruvate__CDS__promoter,4141
cnv_depth__IBNLCO_01840__Major__CDS,6106
cnv_depth__IBNLCO_01840__IBNLCO_01840__gene__promoter,7267
cnv_depth__IBNLCO_01841__Putative__CDS,8218
cnv_depth__IBNLCO_01841__IBNLCO_01841__gene__promoter,7572
cnv_depth__IBNLCO_01842__hypothetical__CDS,8165
cnv_depth__IBNLCO_01842__hypothetical__CDS__promoter,113
cnv_depth__IBNLCO_01843__SdpI__CDS__promoter,113
cnv_depth__IBNLCO_01843__sdpI__gene,8346
cnv_depth__IBNLCO_01844__HTH-type__CDS,8654
cnv_depth__IBNLCO_01845__IBNLCO_01845__gene__promoter,46
cnv_depth__IBNLCO_01844__HTH-type__CDS__promoter,46
cnv_depth__IBNLCO_01845__IBNLCO_01845__gene,30
cnv_depth__IBNLCO_01846__Chloride__CDS__promoter,6519
cnv_depth__IBNLCO_01846__Chloride__CDS,7761
cnv_depth__IBNLCO_01847__Transcriptional__CDS,6395
cnv_depth__IBNLCO_01848__HlyD__CDS__promoter,561
cnv_depth__IBNLCO_01847__tetR__gene__promoter,561
cnv_depth__IBNLCO_01848__hlyD__gene,9325
cnv_depth__IBNLCO_01849__Multidrug__CDS__promoter,5251
cnv_depth__IBNLCO_01850__hypothetical__CDS__promoter,9537
cnv_depth__IBNLCO_01850__IBNLCO_01850__gene,132
cnv_depth__IBNLCO_01851__IBNLCO_01851__gene__promoter,6155
cnv_depth__IBNLCO_01851__HTH__CDS,5802
cnv_depth__IBNLCO_01852__IBNLCO_01852__gene__promoter,5613
cnv_depth__IBNLCO_01852__hypothetical__CDS,8562
cnv_depth__IBNLCO_01853__HTH__CDS,6631
cnv_depth__IBNLCO_01853__HTH__CDS__promoter,4708
cnv_depth__IBNLCO_01854__DUF2975__CDS,7348
cnv_depth__IBNLCO_01854__DUF2975__CDS__promoter,8372
cnv_depth__IBNLCO_01855__norR__gene,3484
cnv_depth__IBNLCO_01855__norR__gene__promoter,339
cnv_depth__IBNLCO_01856__IBNLCO_01856__gene__promoter,339
cnv_depth__IBNLCO_01856__IBNLCO_01856__gene,6468
cnv_depth__IBNLCO_01857__Sulfide:quinone__CDS__promoter,5672
cnv_depth__IBNLCO_01857__IBNLCO_01857__gene,7874
cnv_depth__IBNLCO_01858__IBNLCO_01858__gene__promoter,6061
cnv_depth__IBNLCO_01858__putative__CDS,7601
cnv_depth__IBNLCO_01860__Spermidine/putrescine__CDS,3768
cnv_depth__IBNLCO_01859__Inner__CDS__promoter,9153
cnv_depth__IBNLCO_01861__Spermidine/putrescine__CDS,3462
cnv_depth__IBNLCO_01860__IBNLCO_01860__gene__promoter,5451
cnv_depth__IBNLCO_01861__potA__gene__promoter,5821
cnv_depth__IBNLCO_01862__Putrescine-binding__CDS,6265
cnv_depth__IBNLCO_01862__IBNLCO_01862__gene__promoter,5510
cnv_depth__IBNLCO_01863__hypothetical__CDS__promoter,7475
cnv_depth__IBNLCO_01863__IBNLCO_01863__gene,6673
cnv_depth__IBNLCO_01864__IBNLCO_01864__gene__promoter,5662
cnv_depth__IBNLCO_01864__IBNLCO_01864__gene,2728
cnv_depth__IBNLCO_01865__IBNLCO_01865__gene__promoter,8487
cnv_depth__IBNLCO_01865__IBNLCO_01865__gene,4898
cnv_depth__IBNLCO_01866__ompW__gene,5836
cnv_depth__IBNLCO_01866__OmpW__CDS__promoter,7513
cnv_depth__IBNLCO_01867__IBNLCO_01867__gene,6014
cnv_depth__IBNLCO_01867__Inosine-5'-monophosphate__CDS__promoter,5763
cnv_depth__IBNLCO_01868__IBNLCO_01868__gene__promoter,6669
cnv_depth__IBNLCO_01869__IBNLCO_01869__gene__promoter,6006
cnv_depth__IBNLCO_01869__eIF4A-inactivating__CDS,9612
cnv_depth__IBNLCO_01870__putative__CDS,5104
cnv_depth__IBNLCO_01870__ybiT__gene__promoter,2765
cnv_depth__IBNLCO_01871__AsmA__CDS,4976
cnv_depth__IBNLCO_01872__Phosphate__CDS__promoter,412
cnv_depth__IBNLCO_01871__AsmA__CDS__promoter,412
cnv_depth__IBNLCO_01872__Phosphate__CDS,9039
cnv_depth__IBNLCO_01873__Iron__CDS__promoter,8782
cnv_depth__IBNLCO_01873__fetB__gene,4371
cnv_depth__IBNLCO_01874__IBNLCO_01874__gene,8364
cnv_depth__IBNLCO_01874__IBNLCO_01874__gene__promoter,6787
cnv_depth__IBNLCO_01875__IBNLCO_01875__gene__promoter,5138
cnv_depth__IBNLCO_01875__IBNLCO_01875__gene,8367
cnv_depth__IBNLCO_01876__IBNLCO_01876__gene__promoter,7435
cnv_depth__IBNLCO_01877__IBNLCO_01877__gene,8211
cnv_depth__IBNLCO_01877__IBNLCO_01877__gene__promoter,2879
cnv_depth__IBNLCO_01878__Beta-ketothiolase__CDS__promoter,6809
cnv_depth__IBNLCO_01879__IBNLCO_01879__gene,7422
cnv_depth__IBNLCO_01879__gnl|Bakta|IBNLCO_01879__CDS__promoter,3374
cnv_depth__IBNLCO_01880__rimO__gene__promoter,4604
cnv_depth__IBNLCO_01881__phaR__gene,3934
cnv_depth__IBNLCO_01881__Polyhydroxyalkanoate__CDS__promoter,9272
cnv_depth__IBNLCO_01882__IBNLCO_01882__gene,7917
cnv_depth__IBNLCO_01882__Acetoacetyl-CoA__CDS__promoter,7540
cnv_depth__IBNLCO_01883__IBNLCO_01883__gene__promoter,4388
cnv_depth__IBNLCO_01884__Poly-beta-hydroxybutyrate__CDS__promoter,8107
cnv_depth__IBNLCO_01885__IBNLCO_01885__gene,8240
cnv_depth__IBNLCO_01885__Purine__CDS__promoter,5094
cnv_depth__IBNLCO_01886__IBNLCO_01886__gene,3067
cnv_depth__IBNLCO_01887__Outer__CDS__promoter,5732
cnv_depth__IBNLCO_01886__Pseudouridine__CDS__promoter,6309
cnv_depth__IBNLCO_01887__bamD__gene,5981
cnv_depth__IBNLCO_01888__DNA__CDS__promoter,8958
cnv_depth__IBNLCO_01889__DUF465__CDS,5010
cnv_depth__IBNLCO_01889__DUF465__CDS__promoter,3881
cnv_depth__IBNLCO_01890__IBNLCO_01890__gene,6957
cnv_depth__IBNLCO_01891__IBNLCO_01891__gene__promoter,9615
cnv_depth__IBNLCO_01890__IBNLCO_01890__gene__promoter,9078
cnv_depth__IBNLCO_01892__ISL3-like__CDS__promoter,8150
cnv_depth__IBNLCO_01892__ISL3-like__CDS,464
cnv_depth__IBNLCO_01893__putative__CDS,7091
cnv_depth__IBNLCO_01893__IBNLCO_01893__gene__promoter,3317
cnv_depth__IBNLCO_01894__Phosphoribosyltransferase__CDS,6175
cnv_depth__IBNLCO_01894__Phosphoribosyltransferase__CDS__promoter,7516
cnv_depth__IBNLCO_01895__Adenylosuccinate__CDS__promoter,5927
cnv_depth__IBNLCO_01896__IBNLCO_01896__gene__promoter,8156
cnv_depth__IBNLCO_01897__DUF2065__CDS,3372
cnv_depth__IBNLCO_01897__IBNLCO_01897__gene__promoter,7659
cnv_depth__IBNLCO_01898__Protein__CDS,5965
cnv_depth__IBNLCO_01898__hflC__gene__promoter,4159
cnv_depth__IBNLCO_01899__IBNLCO_01899__gene__promoter,6367
cnv_depth__IBNLCO_01900__GTPase__CDS,3351
cnv_depth__IBNLCO_01900__GTPase__CDS__promoter,8948
cnv_depth__IBNLCO_01901__RNA-binding__CDS,7172
cnv_depth__IBNLCO_01901__IBNLCO_01901__gene__promoter,6217
cnv_depth__IBNLCO_01902__GTPase__CDS,8154
cnv_depth__IBNLCO_01902__IBNLCO_01902__gene__promoter,6259
cnv_depth__IBNLCO_01903__Outer__CDS,8590
cnv_depth__IBNLCO_01903__Outer__CDS__promoter,4984
cnv_depth__IBNLCO_01904__IBNLCO_01904__gene,8238
cnv_depth__IBNLCO_01904__Ancillary__CDS__promoter,9684
cnv_depth__IBNLCO_01905__IBNLCO_01905__gene__promoter,8243
cnv_depth__IBNLCO_01906__4-hydroxy-3-methylbut-2-en-1-yl__CDS__promoter,5135
cnv_depth__IBNLCO_01907__HTH__CDS,4028
cnv_depth__IBNLCO_01907__IBNLCO_01907__gene__promoter,3723
cnv_depth__IBNLCO_01908__Dual-specificity__CDS__promoter,8248
cnv_depth__IBNLCO_01909__IBNLCO_01909__gene,7326
cnv_depth__IBNLCO_01909__Nucleoside__CDS__promoter,134
cnv_depth__IBNLCO_01910__Modulator__CDS__promoter,134
cnv_depth__IBNLCO_01910__Modulator__CDS,6968
cnv_depth__IBNLCO_01911__rlmD__gene,3031
cnv_depth__IBNLCO_01912__IBNLCO_01912__gene__promoter,6858
cnv_depth__IBNLCO_01911__rlmD__gene__promoter,7496
cnv_depth__IBNLCO_01912__IBNLCO_01912__gene,9715
cnv_depth__IBNLCO_01913__putative__CDS,6134
cnv_depth__IBNLCO_01913__IBNLCO_01913__gene__promoter,6513
cnv_depth__IBNLCO_01914__RNA__CDS,5235
cnv_depth__IBNLCO_01914__rpoS__gene__promoter,4528
cnv_depth__IBNLCO_01915__Murein__CDS,5801
cnv_depth__IBNLCO_01915__Murein__CDS__promoter,4900
cnv_depth__IBNLCO_01916__Protein-L-isoaspartate__CDS,7450
cnv_depth__IBNLCO_01917__surE__gene,3659
cnv_depth__IBNLCO_01916__IBNLCO_01916__gene__promoter,9147
cnv_depth__IBNLCO_01917__surE__gene__promoter,8233
cnv_depth__IBNLCO_01918__Bile__CDS,7748
cnv_depth__IBNLCO_01918__Bile__CDS__promoter,7704
cnv_depth__IBNLCO_01919__Recombination__CDS,7133
cnv_depth__IBNLCO_01919__Recombination__CDS__promoter,9260
cnv_depth__IBNLCO_01920__ybaB__gene,9161
cnv_depth__IBNLCO_01920__ybaB__gene__promoter,5448
cnv_depth__IBNLCO_01921__DNA-directed__CDS__promoter,8926
cnv_depth__IBNLCO_01922__Bacteria_small_SRP__gene,6441
cnv_depth__IBNLCO_01922__Bacteria_small_SRP__gene__promoter,5034
cnv_depth__IBNLCO_01923__IBNLCO_01923__gene__promoter,6501
cnv_depth__IBNLCO_01923__IBNLCO_01923__gene,8599
cnv_depth__IBNLCO_01924__Transcription__CDS__promoter,3629
cnv_depth__IBNLCO_01924__IBNLCO_01924__gene,8436
cnv_depth__IBNLCO_01925__merR__gene__promoter,8427
cnv_depth__IBNLCO_01925__Transcription__CDS,8788
cnv_depth__IBNLCO_01926__IBNLCO_01926__gene__promoter,6584
cnv_depth__IBNLCO_01927__IBNLCO_01927__gene__promoter,4274
cnv_depth__IBNLCO_01927__IBNLCO_01927__gene,2996
cnv_depth__IBNLCO_01928__IBNLCO_01928__gene__promoter,9167
cnv_depth__IBNLCO_01928__50S__CDS,5736
cnv_depth__IBNLCO_01929__IBNLCO_01929__gene__promoter,8159
cnv_depth__IBNLCO_01930__IBNLCO_01930__gene__promoter,5651
cnv_depth__IBNLCO_01930__Multidrug-efflux__CDS,3001
cnv_depth__IBNLCO_01931__4-carboxymuconolactone__CDS,8583
cnv_depth__IBNLCO_01931__IBNLCO_01931__gene__promoter,9559
cnv_depth__IBNLCO_01932__HTH__CDS__promoter,3263
cnv_depth__IBNLCO_01933__IBNLCO_01933__gene__promoter,2801
cnv_depth__IBNLCO_01933__hypothetical__CDS,8858
cnv_depth__IBNLCO_01934__DUF937__CDS__promoter,7128
cnv_depth__IBNLCO_01934__DUF937__CDS,7234
cnv_depth__IBNLCO_01935__clpB__gene__promoter,4867
cnv_depth__IBNLCO_01937__IBNLCO_01937__gene__promoter,541
cnv_depth__IBNLCO_01936__IBNLCO_01936__gene__promoter,541
cnv_depth__IBNLCO_01937__hypothetical__CDS,7784
cnv_depth__IBNLCO_01938__IBNLCO_01938__gene,9616
cnv_depth__IBNLCO_01938__Molybdopterin__CDS__promoter,511
cnv_depth__IBNLCO_01939__IBNLCO_01939__gene,511
cnv_depth__IBNLCO_01939__Molybdopterin__CDS__promoter,4739
cnv_depth__IBNLCO_01940__IBNLCO_01940__gene,6784
cnv_depth__IBNLCO_01940__Molybdopterin__CDS__promoter,3709
cnv_depth__IBNLCO_01941__Threonine__CDS__promoter,5595
cnv_depth__IBNLCO_01942__IBNLCO_01942__gene,7338
cnv_depth__IBNLCO_01942__Homoserine__CDS__promoter,6383
cnv_depth__IBNLCO_01944__IBNLCO_01944__gene__promoter,560
cnv_depth__IBNLCO_01943__alanine__CDS__promoter,560
cnv_depth__IBNLCO_01944__IBNLCO_01944__gene,6777
cnv_depth__IBNLCO_01945__IBNLCO_01945__gene__promoter,7309
cnv_depth__IBNLCO_01946__4-amino-4-deoxy-L-arabinose__CDS__promoter,7963
cnv_depth__IBNLCO_01946__IBNLCO_01946__gene,9237
cnv_depth__IBNLCO_01947__Putative__CDS__promoter,5891
cnv_depth__IBNLCO_01947__Putative__CDS,5570
cnv_depth__IBNLCO_01948__Undecaprenyl-phosphate__CDS__promoter,7149
cnv_depth__IBNLCO_01948__Undecaprenyl-phosphate__CDS,3209
cnv_depth__IBNLCO_01949__arnA__gene__promoter,2886
cnv_depth__IBNLCO_01949__arnA__gene,5187
cnv_depth__IBNLCO_01950__IBNLCO_01950__gene__promoter,3359
cnv_depth__IBNLCO_01950__IBNLCO_01950__gene,7884
cnv_depth__IBNLCO_01951__IBNLCO_01951__gene__promoter,7598
cnv_depth__IBNLCO_01951__IBNLCO_01951__gene,5892
cnv_depth__IBNLCO_01952__thioredoxin-dependent__CDS__promoter,5430
cnv_depth__IBNLCO_01953__BcKCsr2__gene__promoter,6345
cnv_depth__IBNLCO_01953__BcKCsr2__gene,2784
cnv_depth__IBNLCO_01954__IBNLCO_01954__gene__promoter,8539
cnv_depth__IBNLCO_01955__hypothetical__CDS__promoter,6543
cnv_depth__IBNLCO_01955__hypothetical__CDS,6329
cnv_depth__IBNLCO_01956__IBNLCO_01956__gene,7973
cnv_depth__IBNLCO_01956__putative__CDS__promoter,9470
cnv_depth__IBNLCO_01957__IBNLCO_01957__gene,9178
cnv_depth__IBNLCO_01957__IBNLCO_01957__gene__promoter,6026
cnv_depth__IBNLCO_01958__IBNLCO_01958__gene,7160
cnv_depth__IBNLCO_01958__Replicative__CDS__promoter,8032
cnv_depth__IBNLCO_01959__Large__CDS,7562
cnv_depth__IBNLCO_01959__Large__CDS__promoter,221
cnv_depth__IBNLCO_01960__Small__CDS,221
cnv_depth__IBNLCO_01960__IBNLCO_01960__gene__promoter,104
cnv_depth__IBNLCO_01961__Primosomal__CDS,104
cnv_depth__IBNLCO_01961__IBNLCO_01961__gene__promoter,6433
cnv_depth__IBNLCO_01962__IBNLCO_01962__gene,5558
cnv_depth__IBNLCO_01962__IBNLCO_01962__gene__promoter,6882
cnv_depth__IBNLCO_01963__IBNLCO_01963__gene,5191
cnv_depth__IBNLCO_01964__IBNLCO_01964__gene,7682
cnv_depth__IBNLCO_01963__IBNLCO_01963__gene__promoter,6448
cnv_depth__IBNLCO_01964__IBNLCO_01964__gene__promoter,850
cnv_depth__IBNLCO_01965__IBNLCO_01965__gene__promoter,850
cnv_depth__IBNLCO_01965__Calcineurin-like__CDS,5775
cnv_depth__IBNLCO_01966__Nitrous-oxide__CDS__promoter,2894
cnv_depth__IBNLCO_01966__IBNLCO_01966__gene,2764
cnv_depth__IBNLCO_01967__dmlR__gene,9546
cnv_depth__IBNLCO_01968__Glyoxylate__CDS__promoter,521
cnv_depth__IBNLCO_01967__HTH-type__CDS__promoter,521
cnv_depth__IBNLCO_01969__2-oxo-tetronate__CDS__promoter,7725
cnv_depth__IBNLCO_01970__2-hydoxy-3-oxopropionate__CDS__promoter,2532
cnv_depth__IBNLCO_01970__2-hydoxy-3-oxopropionate__CDS,3256
cnv_depth__IBNLCO_01971__IBNLCO_01971__gene__promoter,4918
cnv_depth__IBNLCO_01971__IBNLCO_01971__gene,5204
cnv_depth__IBNLCO_01972__IBNLCO_01972__gene__promoter,8939
cnv_depth__IBNLCO_01972__IBNLCO_01972__gene,8709
cnv_depth__IBNLCO_01973__IBNLCO_01973__gene,9249
cnv_depth__IBNLCO_01973__IBNLCO_01973__gene__promoter,3065
cnv_depth__IBNLCO_01974__IBNLCO_01974__gene__promoter,6907
cnv_depth__IBNLCO_01974__hypothetical__CDS,7409
cnv_depth__IBNLCO_01975__hypothetical__CDS__promoter,8369
cnv_depth__IBNLCO_01975__hypothetical__CDS,2465
cnv_depth__IBNLCO_01976__Ysc84__CDS__promoter,5776
cnv_depth__IBNLCO_01976__IBNLCO_01976__gene,5576
cnv_depth__IBNLCO_01977__IBNLCO_01977__gene__promoter,9584
cnv_depth__IBNLCO_01978__ATPase__CDS,5108
cnv_depth__IBNLCO_01978__ATPase__CDS__promoter,9500
cnv_depth__IBNLCO_01979__mscS__gene__promoter,6476
cnv_depth__IBNLCO_01980__Rap1a__CDS,8545
cnv_depth__IBNLCO_01980__IBNLCO_01980__gene__promoter,5160
cnv_depth__IBNLCO_01981__gnl|Bakta|IBNLCO_01981__CDS,8377
cnv_depth__IBNLCO_01981__IBNLCO_01981__gene__promoter,9121
cnv_depth__IBNLCO_01982__ycfH__gene,9175
cnv_depth__IBNLCO_01982__Putative__CDS__promoter,4047
cnv_depth__IBNLCO_01983__ywnH__gene,6980
cnv_depth__IBNLCO_01983__Phosphinothricin__CDS__promoter,3719
cnv_depth__IBNLCO_01984__DNA__CDS,9236
cnv_depth__IBNLCO_01984__IBNLCO_01984__gene__promoter,8840
cnv_depth__IBNLCO_01985__Thymidylate__CDS,8098
cnv_depth__IBNLCO_01985__Thymidylate__CDS__promoter,3604
cnv_depth__IBNLCO_01986__Endolytic__CDS,5124
cnv_depth__IBNLCO_01987__Glycine__CDS__promoter,7991
cnv_depth__IBNLCO_01986__Endolytic__CDS__promoter,9040
cnv_depth__IBNLCO_01987__Glycine__CDS,9054
cnv_depth__IBNLCO_01988__IBNLCO_01988__gene__promoter,7948
cnv_depth__IBNLCO_01988__NRDE__CDS,7493
cnv_depth__IBNLCO_01989__N-acetyltransferase__CDS,7758
cnv_depth__IBNLCO_01989__IBNLCO_01989__gene__promoter,8356
cnv_depth__IBNLCO_01990__Alpha/beta__CDS,4252
cnv_depth__IBNLCO_01990__Alpha/beta__CDS__promoter,5082
cnv_depth__IBNLCO_01991__IBNLCO_01991__gene,9043
cnv_depth__IBNLCO_01991__Enoyl__CDS__promoter,8030
cnv_depth__IBNLCO_01992__Thioesterase__CDS,6486
cnv_depth__IBNLCO_01993__IBNLCO_01993__gene,196
cnv_depth__IBNLCO_01992__IBNLCO_01992__gene__promoter,196
cnv_depth__IBNLCO_01993__IBNLCO_01993__gene__promoter,2667
cnv_depth__IBNLCO_01994__IBNLCO_01994__gene__promoter,4990
cnv_depth__IBNLCO_01994__hypothetical__CDS,7661
cnv_depth__IBNLCO_01995__IBNLCO_01995__gene,5930
cnv_depth__IBNLCO_01995__acetyl-CoA__CDS__promoter,6659
cnv_depth__IBNLCO_01996__IBNLCO_01996__gene,5480
cnv_depth__IBNLCO_01996__gnl|Bakta|IBNLCO_01996__CDS__promoter,5097
cnv_depth__IBNLCO_01997__IBNLCO_01997__gene__promoter,5040
cnv_depth__IBNLCO_01998__3-methylmercaptopropionyl-CoA__CDS,8353
cnv_depth__IBNLCO_01999__selO__gene__promoter,8922
cnv_depth__IBNLCO_01998__IBNLCO_01998__gene__promoter,9415
cnv_depth__IBNLCO_02000__msrB__gene__promoter,7047
cnv_depth__IBNLCO_02000__msrB__gene,5257
cnv_depth__IBNLCO_02001__yciB__gene__promoter,8537
cnv_depth__IBNLCO_02001__yciB__gene,5412
cnv_depth__IBNLCO_02002__bolA__gene__promoter,5230
cnv_depth__IBNLCO_02002__bolA__gene,9555
cnv_depth__IBNLCO_02003__IBNLCO_02003__gene__promoter,5896
cnv_depth__IBNLCO_02004__IBNLCO_02004__gene,6853
cnv_depth__IBNLCO_02004__IBNLCO_02004__gene__promoter,8277
cnv_depth__IBNLCO_02005__Phosphoribosylformylglycinamidine__CDS,3334
cnv_depth__IBNLCO_02005__IBNLCO_02005__gene__promoter,319
cnv_depth__IBNLCO_02006__D-amino-acid__CDS__promoter,319
cnv_depth__IBNLCO_02006__IBNLCO_02006__gene,9314
cnv_depth__IBNLCO_02007__IBNLCO_02007__gene__promoter,8006
cnv_depth__IBNLCO_02007__Bifunctional__CDS,9628
cnv_depth__IBNLCO_02008__IBNLCO_02008__gene__promoter,7994
cnv_depth__IBNLCO_02008__Glucose-6-phosphate__CDS,6846
cnv_depth__IBNLCO_02009__ATP-binding__CDS,8715
cnv_depth__IBNLCO_02010__IBNLCO_02010__gene__promoter,5244
cnv_depth__IBNLCO_02009__ATP-binding__CDS__promoter,3616
cnv_depth__IBNLCO_02010__gnl|Bakta|IBNLCO_02010__CDS,5916
cnv_depth__IBNLCO_02011__ppiD__gene__promoter,653
cnv_depth__IBNLCO_02012__trnD__gene,653
cnv_depth__IBNLCO_02012__trnD__gene__promoter,3327
cnv_depth__IBNLCO_02013__IBNLCO_02013__gene,8366
cnv_depth__IBNLCO_02014__IBNLCO_02014__gene,365
cnv_depth__IBNLCO_02013__IBNLCO_02013__gene__promoter,365
cnv_depth__IBNLCO_02014__IBNLCO_02014__gene__promoter,5729
cnv_depth__IBNLCO_02015__Insertion__CDS__promoter,3
cnv_depth__IBNLCO_02015__Insertion__CDS,4845
cnv_depth__IBNLCO_02016__hypothetical__CDS,206
cnv_depth__IBNLCO_02016__IBNLCO_02016__gene__promoter,206
cnv_depth__IBNLCO_02017__IBNLCO_02017__gene,206
cnv_depth__IBNLCO_02017__IBNLCO_02017__gene__promoter,206
cnv_depth__IBNLCO_02018__IBNLCO_02018__gene__promoter,4281
cnv_depth__IBNLCO_02018__Ribosomal__CDS,206
cnv_depth__IBNLCO_02019__tRNA-Val(tac)__tRNA,9599
cnv_depth__IBNLCO_02019__trnV__gene__promoter,3152
cnv_depth__IBNLCO_02020__Lon__CDS,8921
cnv_depth__IBNLCO_02020__Lon__CDS__promoter,5750
cnv_depth__IBNLCO_02021__ClpX-type__CDS,8651
cnv_depth__IBNLCO_02021__ClpX-type__CDS__promoter,8716
cnv_depth__IBNLCO_02022__IBNLCO_02022__gene,6618
cnv_depth__IBNLCO_02022__IBNLCO_02022__gene__promoter,3829
cnv_depth__IBNLCO_02023__Trigger__CDS__promoter,4060
cnv_depth__IBNLCO_02024__IBNLCO_02024__gene__promoter,5129
cnv_depth__IBNLCO_02024__Glycerate__CDS,9176
cnv_depth__IBNLCO_02025__HTH__CDS__promoter,7849
cnv_depth__IBNLCO_02025__HTH__CDS,7104
cnv_depth__IBNLCO_02026__IBNLCO_02026__gene,8202
cnv_depth__IBNLCO_02026__2-dehydropantoate__CDS__promoter,2971
cnv_depth__IBNLCO_02027__Helix-turn-helix__CDS__promoter,5500
cnv_depth__IBNLCO_02028__Porin%2C__CDS__promoter,5114
cnv_depth__IBNLCO_02029__IBNLCO_02029__gene__promoter,7432
cnv_depth__IBNLCO_02029__IBNLCO_02029__gene,7453
cnv_depth__IBNLCO_02030__IBNLCO_02030__gene__promoter,5685
cnv_depth__IBNLCO_02030__IBNLCO_02030__gene,5841
cnv_depth__IBNLCO_02031__IBNLCO_02031__gene__promoter,5563
cnv_depth__IBNLCO_02031__IBNLCO_02031__gene,5866
cnv_depth__IBNLCO_02032__Exported__CDS__promoter,8536
cnv_depth__IBNLCO_02032__IBNLCO_02032__gene,48
cnv_depth__IBNLCO_02033__hypothetical__CDS__promoter,48
cnv_depth__IBNLCO_02033__IBNLCO_02033__gene,6321
cnv_depth__IBNLCO_02034__Inclusion__CDS__promoter,9118
cnv_depth__IBNLCO_02034__Inclusion__CDS,6903
cnv_depth__IBNLCO_02035__IBNLCO_02035__gene__promoter,7836
cnv_depth__IBNLCO_02035__IBNLCO_02035__gene,9528
cnv_depth__IBNLCO_02036__DUF4123__CDS__promoter,8702
cnv_depth__IBNLCO_02036__IBNLCO_02036__gene,9252
cnv_depth__IBNLCO_02037__DUF2471__CDS__promoter,7170
cnv_depth__IBNLCO_02037__IBNLCO_02037__gene,5921
cnv_depth__IBNLCO_02038__IBNLCO_02038__gene__promoter,223
cnv_depth__IBNLCO_02038__IBNLCO_02038__gene,223
cnv_depth__IBNLCO_02039__trnL__gene,5850
cnv_depth__IBNLCO_02040__IBNLCO_02040__gene__promoter,133
cnv_depth__IBNLCO_02039__trnL__gene__promoter,133
cnv_depth__IBNLCO_02041__Twin-arginine__CDS,8085
cnv_depth__IBNLCO_02041__IBNLCO_02041__gene__promoter,4167
cnv_depth__IBNLCO_02042__DUF1800__CDS__promoter,8055
cnv_depth__IBNLCO_02043__IBNLCO_02043__gene,5758
cnv_depth__IBNLCO_02044__BTH_s19__gene,4520
cnv_depth__IBNLCO_02043__DUF4148__CDS__promoter,80
cnv_depth__IBNLCO_02045__Two-component__CDS__promoter,80
cnv_depth__IBNLCO_02044__BTH_s19__gene__promoter,9148
cnv_depth__IBNLCO_02045__Two-component__CDS,7872
cnv_depth__IBNLCO_02046__IBNLCO_02046__gene__promoter,6173
cnv_depth__IBNLCO_02046__histidine__CDS,5349
cnv_depth__IBNLCO_02047__IBNLCO_02047__gene__promoter,5398
cnv_depth__IBNLCO_02047__Alkyl__CDS,6890
cnv_depth__IBNLCO_02048__ahpD__gene__promoter,7583
cnv_depth__IBNLCO_02048__ahpD__gene,9463
cnv_depth__IBNLCO_02049__IBNLCO_02049__gene,7795
cnv_depth__IBNLCO_02049__2-C-methyl-D-erythritol__CDS__promoter,7632
cnv_depth__IBNLCO_02050__IBNLCO_02050__gene,6924
cnv_depth__IBNLCO_02051__Transcription-repair-coupling__CDS__promoter,5601
cnv_depth__IBNLCO_02050__2-C-methyl-D-erythritol__CDS__promoter,6981
cnv_depth__IBNLCO_02051__IBNLCO_02051__gene,8678
cnv_depth__IBNLCO_02052__hypothetical__CDS,8806
cnv_depth__IBNLCO_02052__IBNLCO_02052__gene__promoter,1614
cnv_depth__IBNLCO_02053__IBNLCO_02053__gene__promoter,1614
cnv_depth__IBNLCO_02054__Phenylserine__CDS__promoter,3291
cnv_depth__IBNLCO_02055__IBNLCO_02055__gene__promoter,4999
cnv_depth__IBNLCO_02055__gnl|Bakta|IBNLCO_02055__CDS,6865
cnv_depth__IBNLCO_02056__Penicillin-binding__CDS__promoter,3863
cnv_depth__IBNLCO_02057__PspA/IM30__CDS__promoter,7655
cnv_depth__IBNLCO_02057__PspA/IM30__CDS,5917
cnv_depth__IBNLCO_02058__hypothetical__CDS__promoter,5807
cnv_depth__IBNLCO_02058__IBNLCO_02058__gene,5387
cnv_depth__IBNLCO_02059__IBNLCO_02059__gene__promoter,2725
cnv_depth__IBNLCO_02059__IBNLCO_02059__gene,3428
cnv_depth__IBNLCO_02060__IBNLCO_02060__gene__promoter,9086
cnv_depth__IBNLCO_02061__2-hydroxy-3-oxopropionate__CDS,9340
cnv_depth__IBNLCO_02062__IBNLCO_02062__gene__promoter,5096
cnv_depth__IBNLCO_02061__2-hydroxy-3-oxopropionate__CDS__promoter,4517
cnv_depth__IBNLCO_02062__Dodecin__CDS,5253
cnv_depth__IBNLCO_02063__lysR__gene__promoter,5639
cnv_depth__IBNLCO_02063__Transcriptional__CDS,5358
cnv_depth__IBNLCO_02064__8-oxoguanine__CDS__promoter,8146
cnv_depth__IBNLCO_02065__5-hydroxyisourate__CDS__promoter,5015
cnv_depth__IBNLCO_02065__5-hydroxyisourate__CDS,7313
cnv_depth__IBNLCO_02066__Cytochrome__CDS__promoter,8785
cnv_depth__IBNLCO_02067__hypothetical__CDS__promoter,2595
cnv_depth__IBNLCO_02067__IBNLCO_02067__gene,5337
cnv_depth__IBNLCO_02068__Ureidoglycolate__CDS,4896
cnv_depth__IBNLCO_02068__IBNLCO_02068__gene__promoter,3035
cnv_depth__IBNLCO_02069__putative__CDS__promoter,6737
cnv_depth__IBNLCO_02070__IBNLCO_02070__gene,4061
cnv_depth__IBNLCO_02071__IBNLCO_02071__gene,7754
cnv_depth__IBNLCO_02070__IBNLCO_02070__gene__promoter,4648
cnv_depth__IBNLCO_02071__IBNLCO_02071__gene__promoter,4874
cnv_depth__IBNLCO_02072__Hydantoin__CDS,4237
cnv_depth__IBNLCO_02072__Hydantoin__CDS__promoter,5051
cnv_depth__IBNLCO_02073__IBNLCO_02073__gene__promoter,9294
cnv_depth__IBNLCO_02074__GntR__CDS,2857
cnv_depth__IBNLCO_02074__GntR__CDS__promoter,8432
cnv_depth__IBNLCO_02075__Muramoyltetrapeptide__CDS,7283
cnv_depth__IBNLCO_02075__Muramoyltetrapeptide__CDS__promoter,7068
cnv_depth__IBNLCO_02076__IBNLCO_02076__gene,4575
cnv_depth__IBNLCO_02077__IBNLCO_02077__gene,9595
cnv_depth__IBNLCO_02076__IBNLCO_02076__gene__promoter,4734
cnv_depth__IBNLCO_02077__DnaJ-like__CDS__promoter,8044
cnv_depth__IBNLCO_02078__DUF1993__CDS,7316
cnv_depth__IBNLCO_02078__DUF1993__CDS__promoter,8106
cnv_depth__IBNLCO_02079__Major__CDS__promoter,3178
cnv_depth__IBNLCO_02079__Major__CDS,3105
cnv_depth__IBNLCO_02080__hypothetical__CDS,6480
cnv_depth__IBNLCO_02080__hypothetical__CDS__promoter,9010
cnv_depth__IBNLCO_02081__hypothetical__CDS__promoter,9506
cnv_depth__IBNLCO_02081__IBNLCO_02081__gene,8112
cnv_depth__IBNLCO_02082__IBNLCO_02082__gene,9196
cnv_depth__IBNLCO_02082__DUF2399__CDS__promoter,3556
cnv_depth__IBNLCO_02083__DNA__CDS,9525
cnv_depth__IBNLCO_02084__hypothetical__CDS,9315
cnv_depth__IBNLCO_02083__IBNLCO_02083__gene__promoter,7692
cnv_depth__IBNLCO_02085__IBNLCO_02085__gene,8970
cnv_depth__IBNLCO_02084__IBNLCO_02084__gene__promoter,4298
cnv_depth__IBNLCO_02085__hypothetical__CDS__promoter,7898
cnv_depth__IBNLCO_02086__IBNLCO_02086__gene__promoter,8554
cnv_depth__IBNLCO_02086__hypothetical__CDS,5312
cnv_depth__IBNLCO_02087__Calcineurin-like__CDS,4599
cnv_depth__IBNLCO_02087__Calcineurin-like__CDS__promoter,9711
cnv_depth__IBNLCO_02088__S-adenosylhomocysteine__CDS__promoter,8580
cnv_depth__IBNLCO_02088__S-adenosylhomocysteine__CDS,125
cnv_depth__IBNLCO_02089__IBNLCO_02089__gene__promoter,125
cnv_depth__IBNLCO_02089__IBNLCO_02089__gene,9366
cnv_depth__IBNLCO_02090__IBNLCO_02090__gene__promoter,8661
cnv_depth__IBNLCO_02090__IBNLCO_02090__gene,3234
cnv_depth__IBNLCO_02091__IBNLCO_02091__gene,8872
cnv_depth__IBNLCO_02091__hypothetical__CDS__promoter,4935
cnv_depth__IBNLCO_02092__GMP__CDS__promoter,8314
cnv_depth__IBNLCO_02093__hypothetical__CDS,7069
cnv_depth__IBNLCO_02093__IBNLCO_02093__gene__promoter,7751
cnv_depth__IBNLCO_02094__IBNLCO_02094__gene__promoter,8671
cnv_depth__IBNLCO_02095__IBNLCO_02095__gene,5952
cnv_depth__IBNLCO_02096__IBNLCO_02096__gene__promoter,1661
cnv_depth__IBNLCO_02095__IBNLCO_02095__gene__promoter,1661
cnv_depth__IBNLCO_02096__IBNLCO_02096__gene,5555
cnv_depth__IBNLCO_02097__IBNLCO_02097__gene__promoter,6080
cnv_depth__IBNLCO_02097__IBNLCO_02097__gene,7236
cnv_depth__IBNLCO_02098__eamA__gene__promoter,8097
cnv_depth__IBNLCO_02098__eamA__gene,9391
cnv_depth__IBNLCO_02099__IBNLCO_02099__gene,6803
cnv_depth__IBNLCO_02099__IBNLCO_02099__gene__promoter,4542
cnv_depth__IBNLCO_02100__Coenzyme__CDS,6640
cnv_depth__IBNLCO_02101__IBNLCO_02101__gene__promoter,190
cnv_depth__IBNLCO_02100__Coenzyme__CDS__promoter,190
cnv_depth__IBNLCO_02101__SsrA-binding__CDS,8901
cnv_depth__IBNLCO_02102__hflK__gene,3011
cnv_depth__IBNLCO_02102__Modulator__CDS__promoter,2676
cnv_depth__IBNLCO_02103__IBNLCO_02103__gene,9233
cnv_depth__IBNLCO_02103__NfeD-like__CDS__promoter,5099
cnv_depth__IBNLCO_02104__Phosphoenolpyruvate__CDS,9141
cnv_depth__IBNLCO_02104__Phosphoenolpyruvate__CDS__promoter,8387
cnv_depth__IBNLCO_02105__glutathione__CDS,5456
cnv_depth__IBNLCO_02106__hypothetical__CDS__promoter,9089
cnv_depth__IBNLCO_02105__glutathione__CDS__promoter,7490
cnv_depth__IBNLCO_02106__IBNLCO_02106__gene,5346
cnv_depth__IBNLCO_02107__Peptidase__CDS,2560
cnv_depth__IBNLCO_02107__Peptidase__CDS__promoter,6558
cnv_depth__IBNLCO_02108__IBNLCO_02108__gene__promoter,8895
cnv_depth__IBNLCO_02108__IBNLCO_02108__gene,8950
cnv_depth__IBNLCO_02109__IBNLCO_02109__gene,7406
cnv_depth__IBNLCO_02110__IBNLCO_02110__gene,9498
cnv_depth__IBNLCO_02109__IBNLCO_02109__gene__promoter,6633
cnv_depth__IBNLCO_02110__IBNLCO_02110__gene__promoter,3151
cnv_depth__IBNLCO_02111__IBNLCO_02111__gene__promoter,8424
cnv_depth__IBNLCO_02112__IBNLCO_02112__gene,7347
cnv_depth__IBNLCO_02112__IBNLCO_02112__gene__promoter,8101
cnv_depth__IBNLCO_02113__fabZ__gene,6485
cnv_depth__IBNLCO_02113__fabZ__gene__promoter,9071
cnv_depth__IBNLCO_02114__UDP-3-O-acylglucosamine__CDS,4955
cnv_depth__IBNLCO_02114__UDP-3-O-acylglucosamine__CDS__promoter,8526
cnv_depth__IBNLCO_02115__IBNLCO_02115__gene,7254
cnv_depth__IBNLCO_02115__Chaperone__CDS__promoter,8140
cnv_depth__IBNLCO_02116__bamA__gene,6007
cnv_depth__IBNLCO_02116__Outer__CDS__promoter,5075
cnv_depth__IBNLCO_02117__Zinc__CDS__promoter,5567
cnv_depth__IBNLCO_02118__IBNLCO_02118__gene__promoter,7824
cnv_depth__IBNLCO_02119__Phosphatidate__CDS__promoter,4683
cnv_depth__IBNLCO_02120__Isoprenyl__CDS__promoter,3319
cnv_depth__IBNLCO_02121__Ribosome-recycling__CDS,5810
cnv_depth__IBNLCO_02121__IBNLCO_02121__gene__promoter,6978
cnv_depth__IBNLCO_02122__Uridylate__CDS__promoter,5643
cnv_depth__IBNLCO_02123__Elongation__CDS,9258
cnv_depth__IBNLCO_02123__IBNLCO_02123__gene__promoter,9003
cnv_depth__IBNLCO_02124__Small__CDS,4861
cnv_depth__IBNLCO_02124__Small__CDS__promoter,6691
cnv_depth__IBNLCO_02125__Methionine__CDS__promoter,6427
cnv_depth__IBNLCO_02126__Bifunctional__CDS__promoter,5264
cnv_depth__IBNLCO_02127__hypothetical__CDS__promoter,3422
cnv_depth__IBNLCO_02127__hypothetical__CDS,9181
cnv_depth__IBNLCO_02128__IBNLCO_02128__gene,8603
cnv_depth__IBNLCO_02129__DNA__CDS,8166
cnv_depth__IBNLCO_02128__Peptide__CDS__promoter,9234
cnv_depth__IBNLCO_02129__DNA__CDS__promoter,7169
cnv_depth__IBNLCO_02130__cell__CDS,7940
cnv_depth__IBNLCO_02130__cell__CDS__promoter,3292
cnv_depth__IBNLCO_02131__Chromosome__CDS,9076
cnv_depth__IBNLCO_02131__Chromosome__CDS__promoter,8946
cnv_depth__IBNLCO_02132__eamA__gene,7804
cnv_depth__IBNLCO_02132__EamA__CDS__promoter,650
cnv_depth__IBNLCO_02133__gnl|Bakta|IBNLCO_02133__CDS__promoter,650
cnv_depth__IBNLCO_02133__gnl|Bakta|IBNLCO_02133__CDS,8330
cnv_depth__IBNLCO_02134__2%2C3%2C4%2C5-tetrahydropyridine-2%2C6-dicarboxylate__CDS__promoter,4991
cnv_depth__IBNLCO_02135__yffB__gene__promoter,5367
cnv_depth__IBNLCO_02135__Protein__CDS,3769
cnv_depth__IBNLCO_02136__Succinyl-diaminopimelate__CDS__promoter,3440
cnv_depth__IBNLCO_02136__IBNLCO_02136__gene,9637
cnv_depth__IBNLCO_02137__Ribosomal__CDS__promoter,7374
cnv_depth__IBNLCO_02137__IBNLCO_02137__gene,2925
cnv_depth__IBNLCO_02138__IBNLCO_02138__gene__promoter,5162
cnv_depth__IBNLCO_02138__IBNLCO_02138__gene,7826
cnv_depth__IBNLCO_02140__IBNLCO_02140__gene__promoter,9573
cnv_depth__IBNLCO_02139__Glutathione__CDS__promoter,7962
cnv_depth__IBNLCO_02140__ABC__CDS,3433
cnv_depth__IBNLCO_02141__IBNLCO_02141__gene,8077
cnv_depth__IBNLCO_02141__hypothetical__CDS__promoter,5874
cnv_depth__IBNLCO_02142__radA__gene__promoter,8877
cnv_depth__IBNLCO_02143__Alanine__CDS,6792
cnv_depth__IBNLCO_02143__IBNLCO_02143__gene__promoter,313
cnv_depth__IBNLCO_02144__lplT__gene__promoter,313
cnv_depth__IBNLCO_02144__Lysophospholipid__CDS,6088
cnv_depth__IBNLCO_02145__Hydroxymethylpyrimidine/phosphomethylpyrimidine__CDS__promoter,3141
cnv_depth__IBNLCO_02145__IBNLCO_02145__gene,8443
cnv_depth__IBNLCO_02146__DUF1853__CDS,5419
cnv_depth__IBNLCO_02147__Type-4__CDS,9229
cnv_depth__IBNLCO_02146__IBNLCO_02146__gene__promoter,2931
cnv_depth__IBNLCO_02148__[Ribosomal__CDS,11
cnv_depth__IBNLCO_02147__IBNLCO_02147__gene__promoter,11
cnv_depth__IBNLCO_02149__tRNA__CDS,8307
cnv_depth__IBNLCO_02148__IBNLCO_02148__gene__promoter,5804
cnv_depth__IBNLCO_02150__IBNLCO_02150__gene__promoter,100
cnv_depth__IBNLCO_02149__tsaB__gene__promoter,100
cnv_depth__IBNLCO_02150__ACB__CDS,9029
cnv_depth__IBNLCO_02151__IBNLCO_02151__gene__promoter,2672
cnv_depth__IBNLCO_02151__DEAD/DEAH__CDS,5894
cnv_depth__IBNLCO_02152__IBNLCO_02152__gene__promoter,5767
cnv_depth__IBNLCO_02153__uspA__gene,5579
cnv_depth__IBNLCO_02153__uspA__gene__promoter,4550
cnv_depth__IBNLCO_02154__IBNLCO_02154__gene,5198
cnv_depth__IBNLCO_02155__(S)-2-haloacid__CDS__promoter,63
cnv_depth__IBNLCO_02154__HTH__CDS__promoter,63
cnv_depth__IBNLCO_02155__(S)-2-haloacid__CDS,3405
cnv_depth__IBNLCO_02156__Malate__CDS__promoter,9682
cnv_depth__IBNLCO_02157__Gamma-glutamylcyclotransferase__CDS,7342
cnv_depth__IBNLCO_02157__IBNLCO_02157__gene__promoter,8059
cnv_depth__IBNLCO_02158__Putative__CDS,2715
cnv_depth__IBNLCO_02159__hypothetical__CDS__promoter,9388
cnv_depth__IBNLCO_02158__IBNLCO_02158__gene__promoter,2552
cnv_depth__IBNLCO_02159__IBNLCO_02159__gene,2901
cnv_depth__IBNLCO_02160__N-acetyltransferase__CDS__promoter,6935
cnv_depth__IBNLCO_02161__tRNA-Asp(gtc)__tRNA,3138
cnv_depth__IBNLCO_02161__trnD__gene__promoter,954
cnv_depth__IBNLCO_02162__tRNA-Glu(ttc)__tRNA,954
cnv_depth__IBNLCO_02162__trnE__gene__promoter,199
cnv_depth__IBNLCO_02163__trnD__gene,199
cnv_depth__IBNLCO_02163__trnD__gene__promoter,278
cnv_depth__IBNLCO_02164__trnE__gene,278
cnv_depth__IBNLCO_02164__trnE__gene__promoter,247
cnv_depth__IBNLCO_02165__tRNA-Ala(ggc)__tRNA,247
cnv_depth__IBNLCO_02165__trnA__gene__promoter,2668
cnv_depth__IBNLCO_02166__Glutamate--tRNA__CDS__promoter,5720
cnv_depth__IBNLCO_02167__PNPLA__CDS__promoter,4265
cnv_depth__IBNLCO_02167__PNPLA__CDS,8028
cnv_depth__IBNLCO_02168__hypothetical__CDS,4920
cnv_depth__IBNLCO_02168__hypothetical__CDS__promoter,3346
cnv_depth__IBNLCO_02169__ABC-type__CDS__promoter,5447
cnv_depth__IBNLCO_02170__Inner__CDS__promoter,9594
cnv_depth__IBNLCO_02171__Microcin__CDS,5434
cnv_depth__IBNLCO_02171__yejB__gene__promoter,8783
cnv_depth__IBNLCO_02173__Enoyl-[acyl-carrier-protein]__CDS__promoter,8135
cnv_depth__IBNLCO_02172__Solute-binding__CDS__promoter,6310
cnv_depth__IBNLCO_02174__PXPV__CDS,5553
cnv_depth__IBNLCO_02174__PXPV__CDS__promoter,5207
cnv_depth__IBNLCO_02175__4Fe-4S__CDS__promoter,8477
cnv_depth__IBNLCO_02176__ferredoxin--NADP(+)__CDS,5113
cnv_depth__IBNLCO_02176__IBNLCO_02176__gene__promoter,6575
cnv_depth__IBNLCO_02177__gnl|Bakta|IBNLCO_02177__CDS,8831
cnv_depth__IBNLCO_02177__IBNLCO_02177__gene__promoter,3487
cnv_depth__IBNLCO_02178__IBNLCO_02178__gene__promoter,9704
cnv_depth__IBNLCO_02178__TetR-family__CDS,6251
cnv_depth__IBNLCO_02179__IBNLCO_02179__gene,6054
cnv_depth__IBNLCO_02180__hypothetical__CDS,797
cnv_depth__IBNLCO_02179__Methionine__CDS__promoter,797
cnv_depth__IBNLCO_02180__hypothetical__CDS__promoter,4893
cnv_depth__IBNLCO_02181__argininosuccinate__CDS,6478
cnv_depth__IBNLCO_02181__argininosuccinate__CDS__promoter,6164
cnv_depth__IBNLCO_02182__Cysteine__CDS__promoter,2520
cnv_depth__IBNLCO_02183__IBNLCO_02183__gene,7972
cnv_depth__IBNLCO_02183__GHMP__CDS__promoter,8720
cnv_depth__IBNLCO_02184__IBNLCO_02184__gene,4254
cnv_depth__IBNLCO_02184__Sulfate__CDS__promoter,5879
cnv_depth__IBNLCO_02185__IBNLCO_02185__gene__promoter,6466
cnv_depth__IBNLCO_02186__IBNLCO_02186__gene__promoter,6736
cnv_depth__IBNLCO_02187__IBNLCO_02187__gene,5581
cnv_depth__IBNLCO_02187__IBNLCO_02187__gene__promoter,8615
cnv_depth__IBNLCO_02188__bulE__gene,4172
cnv_depth__IBNLCO_02188__bulE__gene__promoter,6000
cnv_depth__IBNLCO_02189__IBNLCO_02189__gene,8604
cnv_depth__IBNLCO_02190__hypothetical__CDS,8565
cnv_depth__IBNLCO_02189__IBNLCO_02189__gene__promoter,6587
cnv_depth__IBNLCO_02190__IBNLCO_02190__gene__promoter,6103
cnv_depth__IBNLCO_02191__IBNLCO_02191__gene__promoter,7521
cnv_depth__IBNLCO_02192__SAM-dependent__CDS__promoter,6530
cnv_depth__IBNLCO_02193__IBNLCO_02193__gene__promoter,9025
cnv_depth__IBNLCO_02195__gnl|Bakta|IBNLCO_02195__CDS,9014
cnv_depth__IBNLCO_02194__IBNLCO_02194__gene__promoter,5479
cnv_depth__IBNLCO_02195__islM__gene__promoter,5882
cnv_depth__IBNLCO_02196__FAD-dependent__CDS,4048
cnv_depth__IBNLCO_02196__IBNLCO_02196__gene__promoter,6801
cnv_depth__IBNLCO_02197__IBNLCO_02197__gene,4529
cnv_depth__IBNLCO_02197__IBNLCO_02197__gene__promoter,3333
cnv_depth__IBNLCO_02198__IBNLCO_02198__gene,9393
cnv_depth__IBNLCO_02198__IBNLCO_02198__gene__promoter,8935
cnv_depth__IBNLCO_02199__Adenylyl-sulfate__CDS,6292
cnv_depth__IBNLCO_02199__IBNLCO_02199__gene__promoter,5719
cnv_depth__IBNLCO_02200__Multidrug__CDS__promoter,2692
cnv_depth__IBNLCO_02200__Multidrug__CDS,7608
cnv_depth__IBNLCO_02201__IBNLCO_02201__gene__promoter,7675
cnv_depth__IBNLCO_02202__IBNLCO_02202__gene__promoter,7498
cnv_depth__IBNLCO_02203__Outer__CDS__promoter,4311
cnv_depth__IBNLCO_02204__IBNLCO_02204__gene,3147
cnv_depth__IBNLCO_02204__gnl|Bakta|IBNLCO_02204__CDS__promoter,9253
cnv_depth__IBNLCO_02205__trnS__gene,6546
cnv_depth__IBNLCO_02205__trnS__gene__promoter,3070
cnv_depth__IBNLCO_02206__Aspartate__CDS,4402
cnv_depth__IBNLCO_02206__IBNLCO_02206__gene__promoter,8187
cnv_depth__IBNLCO_02207__tRNA(Ile)-lysidine__CDS,6316
cnv_depth__IBNLCO_02207__IBNLCO_02207__gene__promoter,2880
cnv_depth__IBNLCO_02208__Acetyl-coenzyme__CDS,3206
cnv_depth__IBNLCO_02208__Acetyl-coenzyme__CDS__promoter,3264
cnv_depth__IBNLCO_02209__hypothetical__CDS,8605
cnv_depth__IBNLCO_02209__hypothetical__CDS__promoter,2652
cnv_depth__IBNLCO_02210__IBNLCO_02210__gene,8270
cnv_depth__IBNLCO_02210__Cysteine--tRNA__CDS__promoter,1054
cnv_depth__IBNLCO_02211__IBNLCO_02211__gene__promoter,1054
cnv_depth__IBNLCO_02211__hypothetical__CDS,5541
cnv_depth__IBNLCO_02212__IBNLCO_02212__gene__promoter,7779
cnv_depth__IBNLCO_02212__IBNLCO_02212__gene,4796
cnv_depth__IBNLCO_02213__IBNLCO_02213__gene__promoter,4473
cnv_depth__IBNLCO_02213__IBNLCO_02213__gene,8981
cnv_depth__IBNLCO_02214__IBNLCO_02214__gene__promoter,8560
cnv_depth__IBNLCO_02214__IBNLCO_02214__gene,5046
cnv_depth__IBNLCO_02215__IBNLCO_02215__gene,6565
cnv_depth__IBNLCO_02215__Serine__CDS__promoter,5753
cnv_depth__IBNLCO_02216__tRNA__CDS,7890
cnv_depth__IBNLCO_02216__tRNA__CDS__promoter,6504
cnv_depth__IBNLCO_02217__Putative__CDS__promoter,6195
cnv_depth__IBNLCO_02217__Putative__CDS,4181
cnv_depth__IBNLCO_02218__gnl|Bakta|IBNLCO_02218__CDS,6113
cnv_depth__IBNLCO_02218__IBNLCO_02218__gene__promoter,9653
cnv_depth__IBNLCO_02219__IS5__CDS,8920
cnv_depth__IBNLCO_02220__ISL3-like__CDS__promoter,4302
cnv_depth__IBNLCO_02219__tnp__gene__promoter,7900
cnv_depth__IBNLCO_02220__ISL3-like__CDS,4177
cnv_depth__IBNLCO_02221__mutS__gene__promoter,5366
cnv_depth__IBNLCO_02222__Transmembrane__CDS__promoter,7332
cnv_depth__IBNLCO_02222__Transmembrane__CDS,7810
cnv_depth__IBNLCO_02223__Peptidyl-prolyl__CDS,7931
cnv_depth__IBNLCO_02224__50S__CDS__promoter,3686
cnv_depth__IBNLCO_02223__IBNLCO_02223__gene__promoter,1793
cnv_depth__IBNLCO_02224__50S__CDS,3717
cnv_depth__IBNLCO_02225__IBNLCO_02225__gene__promoter,6062
cnv_depth__IBNLCO_02226__Outer__CDS,6012
cnv_depth__IBNLCO_02226__Outer__CDS__promoter,7199
cnv_depth__IBNLCO_02227__IBNLCO_02227__gene__promoter,6455
cnv_depth__IBNLCO_02228__Methyltransferase__CDS,8071
cnv_depth__IBNLCO_02229__Tryptophan--tRNA__CDS,6117
cnv_depth__IBNLCO_02228__IBNLCO_02228__gene__promoter,8376
cnv_depth__IBNLCO_02229__IBNLCO_02229__gene__promoter,6698
cnv_depth__IBNLCO_02230__Peptidase__CDS,3086
cnv_depth__IBNLCO_02230__IBNLCO_02230__gene__promoter,6159
cnv_depth__IBNLCO_02231__Threonylcarbamoyl-AMP__CDS,3330
cnv_depth__IBNLCO_02231__IBNLCO_02231__gene__promoter,6260
cnv_depth__IBNLCO_02232__Polymerase/histidinol__CDS,9142
cnv_depth__IBNLCO_02232__IBNLCO_02232__gene__promoter,5005
cnv_depth__IBNLCO_02233__Alpha/beta__CDS,8679
cnv_depth__IBNLCO_02233__IBNLCO_02233__gene__promoter,4926
cnv_depth__IBNLCO_02234__Ferritin-like__CDS,6189
cnv_depth__IBNLCO_02235__IBNLCO_02235__gene__promoter,783
cnv_depth__IBNLCO_02234__Ferritin-like__CDS__promoter,783
cnv_depth__IBNLCO_02236__IBNLCO_02236__gene__promoter,7215
cnv_depth__IBNLCO_02237__IBNLCO_02237__gene__promoter,5127
cnv_depth__IBNLCO_02237__hypothetical__CDS,8053
cnv_depth__IBNLCO_02238__Cell__CDS,7143
cnv_depth__IBNLCO_02238__Cell__CDS__promoter,5721
cnv_depth__IBNLCO_02239__gnl|Bakta|IBNLCO_02239__CDS,3381
cnv_depth__IBNLCO_02239__gnl|Bakta|IBNLCO_02239__CDS__promoter,6075
cnv_depth__IBNLCO_02240__2-dehydro-3-deoxyphosphooctonate__CDS,5582
cnv_depth__IBNLCO_02240__IBNLCO_02240__gene__promoter,6603
cnv_depth__IBNLCO_02241__CTP__CDS__promoter,4142
cnv_depth__IBNLCO_02242__Putative__CDS,7896
cnv_depth__IBNLCO_02242__IBNLCO_02242__gene__promoter,8645
cnv_depth__IBNLCO_02243__DNA__CDS,2655
cnv_depth__IBNLCO_02243__DNA__CDS__promoter,5478
cnv_depth__IBNLCO_02244__gnl|Bakta|IBNLCO_02244__CDS,8568
cnv_depth__IBNLCO_02244__IBNLCO_02244__gene__promoter,2936
cnv_depth__IBNLCO_02245__Lipoprotein-releasing__CDS,7559
cnv_depth__IBNLCO_02245__Lipoprotein-releasing__CDS__promoter,4944
cnv_depth__IBNLCO_02246__Cell__CDS__promoter,8417
cnv_depth__IBNLCO_02247__Regulatory__CDS__promoter,3272
cnv_depth__IBNLCO_02247__rpfE__gene,8741
cnv_depth__IBNLCO_02248__recJ__gene__promoter,3627
cnv_depth__IBNLCO_02248__recJ__gene,8980
cnv_depth__IBNLCO_02249__IBNLCO_02249__gene__promoter,3064
cnv_depth__IBNLCO_02250__Lysine--tRNA__CDS__promoter,9087
cnv_depth__IBNLCO_02251__Glycine__CDS__promoter,7203
cnv_depth__IBNLCO_02251__Glycine__CDS,5036
cnv_depth__IBNLCO_02252__Protein__CDS,6955
cnv_depth__IBNLCO_02252__iscX__gene__promoter,8594
cnv_depth__IBNLCO_02253__IBNLCO_02253__gene,8105
cnv_depth__IBNLCO_02253__IBNLCO_02253__gene__promoter,3670
cnv_depth__IBNLCO_02254__Chaperone__CDS__promoter,8833
cnv_depth__IBNLCO_02255__Co-chaperone__CDS,4961
cnv_depth__IBNLCO_02255__Co-chaperone__CDS__promoter,5725
cnv_depth__IBNLCO_02256__Iron-binding__CDS,7793
cnv_depth__IBNLCO_02256__Iron-binding__CDS__promoter,8287
cnv_depth__IBNLCO_02257__Iron-sulfur__CDS,6301
cnv_depth__IBNLCO_02257__Iron-sulfur__CDS__promoter,8757
cnv_depth__IBNLCO_02258__Cysteine__CDS,4154
cnv_depth__IBNLCO_02258__Cysteine__CDS__promoter,8629
cnv_depth__IBNLCO_02259__Fe-S__CDS,5298
cnv_depth__IBNLCO_02259__Fe-S__CDS__promoter,6892
cnv_depth__IBNLCO_02260__IBNLCO_02260__gene__promoter,4627
cnv_depth__IBNLCO_02261__IBNLCO_02261__gene,8764
cnv_depth__IBNLCO_02261__IBNLCO_02261__gene__promoter,6027
cnv_depth__IBNLCO_02262__4Fe-4S__CDS,3488
cnv_depth__IBNLCO_02262__IBNLCO_02262__gene__promoter,9497
cnv_depth__IBNLCO_02263__Cysteine-rich__CDS,8296
cnv_depth__IBNLCO_02264__DNA-binding__CDS__promoter,698
cnv_depth__IBNLCO_02263__Cysteine-rich__CDS__promoter,698
cnv_depth__IBNLCO_02265__IBNLCO_02265__gene,6364
cnv_depth__IBNLCO_02265__IBNLCO_02265__gene__promoter,7474
cnv_depth__IBNLCO_02266__IBNLCO_02266__gene__promoter,9676
cnv_depth__IBNLCO_02266__IBNLCO_02266__gene,3250
cnv_depth__IBNLCO_02267__IBNLCO_02267__gene,2948
cnv_depth__IBNLCO_02268__Bp1_684__gene__promoter,472
cnv_depth__IBNLCO_02267__Dihydrolipoyl__CDS__promoter,472
cnv_depth__IBNLCO_02268__Burkholderia__ncRNA,4928
cnv_depth__IBNLCO_02269__Acetyltransferase__CDS__promoter,3965
cnv_depth__IBNLCO_02271__fixL__gene__promoter,68
cnv_depth__IBNLCO_02270__IBNLCO_02270__gene__promoter,68
cnv_depth__IBNLCO_02272__fixJ__gene__promoter,6109
cnv_depth__IBNLCO_02272__fixJ__gene,7356
cnv_depth__IBNLCO_02273__folD__gene,5903
cnv_depth__IBNLCO_02274__IBNLCO_02274__gene__promoter,5922
cnv_depth__IBNLCO_02275__IBNLCO_02275__gene__promoter,7219
cnv_depth__IBNLCO_02276__trnfM__gene,6428
cnv_depth__IBNLCO_02276__trnfM__gene__promoter,686
cnv_depth__IBNLCO_02277__Major__CDS__promoter,686
cnv_depth__IBNLCO_02278__IBNLCO_02278__gene__promoter,6495
cnv_depth__IBNLCO_02279__Nitrate__CDS__promoter,5703
cnv_depth__IBNLCO_02280__IBNLCO_02280__gene__promoter,3269
cnv_depth__IBNLCO_02281__IBNLCO_02281__gene__promoter,5319
cnv_depth__IBNLCO_02281__Respiratory__CDS,6416
cnv_depth__IBNLCO_02282__IBNLCO_02282__gene__promoter,6604
cnv_depth__IBNLCO_02282__IBNLCO_02282__gene,7636
cnv_depth__IBNLCO_02283__Sensor__CDS__promoter,2989
cnv_depth__IBNLCO_02284__hypothetical__CDS__promoter,9502
cnv_depth__IBNLCO_02284__IBNLCO_02284__gene,5967
cnv_depth__IBNLCO_02285__Exodeoxyribonuclease__CDS__promoter,5925
cnv_depth__IBNLCO_02285__IBNLCO_02285__gene,7929
cnv_depth__IBNLCO_02286__ntrC__gene__promoter,7171
cnv_depth__IBNLCO_02287__Sensory__CDS__promoter,3583
cnv_depth__IBNLCO_02288__Glutamine__CDS__promoter,9625
cnv_depth__IBNLCO_02289__Rhodanese__CDS__promoter,2626
cnv_depth__IBNLCO_02289__Rhodanese__CDS,7231
cnv_depth__IBNLCO_02291__IBNLCO_02291__gene,5877
cnv_depth__IBNLCO_02290__pncC__gene__promoter,6911
cnv_depth__IBNLCO_02291__IBNLCO_02291__gene__promoter,5425
cnv_depth__IBNLCO_02292__IBNLCO_02292__gene__promoter,5771
cnv_depth__IBNLCO_02293__Virginiamycin__CDS__promoter,4175
cnv_depth__IBNLCO_02294__ATP-dependent__CDS,4182
cnv_depth__IBNLCO_02295__IBNLCO_02295__gene__promoter,3810
cnv_depth__IBNLCO_02294__ATP-dependent__CDS__promoter,9033
cnv_depth__IBNLCO_02295__IBNLCO_02295__gene,6412
cnv_depth__IBNLCO_02296__IBNLCO_02296__gene__promoter,5169
cnv_depth__IBNLCO_02296__putative__CDS,6725
cnv_depth__IBNLCO_02297__Major__CDS,6191
cnv_depth__IBNLCO_02297__IBNLCO_02297__gene__promoter,3467
cnv_depth__IBNLCO_02298__IBNLCO_02298__gene,7593
cnv_depth__IBNLCO_02298__CAIB/BAIF__CDS__promoter,5379
cnv_depth__IBNLCO_02300__LysR__CDS__promoter,9026
cnv_depth__IBNLCO_02299__Putative__CDS__promoter,8878
cnv_depth__IBNLCO_02300__LysR__CDS,9194
cnv_depth__IBNLCO_02301__trnV__gene__promoter,5234
cnv_depth__IBNLCO_02301__trnV__gene,5331
cnv_depth__IBNLCO_02302__IBNLCO_02302__gene__promoter,8460
cnv_depth__IBNLCO_02302__gnl|Bakta|IBNLCO_02302__CDS,7551
cnv_depth__IBNLCO_02303__IBNLCO_02303__gene,423
cnv_depth__IBNLCO_02303__IBNLCO_02303__gene__promoter,423
cnv_depth__IBNLCO_02304__IBNLCO_02304__gene__promoter,4484
cnv_depth__IBNLCO_02304__IBNLCO_02304__gene,7206
cnv_depth__IBNLCO_02305__DUF222__CDS,6110
cnv_depth__IBNLCO_02305__IBNLCO_02305__gene__promoter,9648
cnv_depth__IBNLCO_02306__hypothetical__CDS,5883
cnv_depth__IBNLCO_02306__IBNLCO_02306__gene__promoter,8750
cnv_depth__IBNLCO_02307__IBNLCO_02307__gene,4936
cnv_depth__IBNLCO_02307__IBNLCO_02307__gene__promoter,8129
cnv_depth__IBNLCO_02308__AAA+__CDS,1530
cnv_depth__IBNLCO_02309__IBNLCO_02309__gene,9005
cnv_depth__IBNLCO_02308__IBNLCO_02308__gene__promoter,9269
cnv_depth__IBNLCO_02310__IBNLCO_02310__gene,214
cnv_depth__IBNLCO_02309__Toprim__CDS__promoter,214
cnv_depth__IBNLCO_02310__Helix-turn-helix__CDS__promoter,44
cnv_depth__IBNLCO_02311__IBNLCO_02311__gene,44
cnv_depth__IBNLCO_02311__IBNLCO_02311__gene__promoter,44
cnv_depth__IBNLCO_02312__IBNLCO_02312__gene,44
cnv_depth__IBNLCO_02312__IBNLCO_02312__gene__promoter,383
cnv_depth__IBNLCO_02313__int-alpA__gene,383
cnv_depth__IBNLCO_02313__int-alpA__gene__promoter,383
cnv_depth__IBNLCO_02314__Chromosome__CDS,8555
cnv_depth__IBNLCO_02314__Chromosome__CDS__promoter,3472
cnv_depth__IBNLCO_02315__IBNLCO_02315__gene,3830
cnv_depth__IBNLCO_02315__Stability__CDS__promoter,8329
cnv_depth__IBNLCO_02316__gnl|Bakta|IBNLCO_02316__CDS,9261
cnv_depth__IBNLCO_02316__IBNLCO_02316__gene__promoter,7666
cnv_depth__IBNLCO_02317__puuA__gene,7750
cnv_depth__IBNLCO_02317__Gamma-glutamylputrescine__CDS__promoter,5193
cnv_depth__IBNLCO_02318__IBNLCO_02318__gene,3242
cnv_depth__IBNLCO_02318__IBNLCO_02318__gene__promoter,4591
cnv_depth__IBNLCO_02319__IBNLCO_02319__gene__promoter,5219
cnv_depth__IBNLCO_02320__IBNLCO_02320__gene__promoter,5647
cnv_depth__IBNLCO_02321__IBNLCO_02321__gene,9317
cnv_depth__IBNLCO_02322__IBNLCO_02322__gene,3641
cnv_depth__IBNLCO_02321__IBNLCO_02321__gene__promoter,9702
cnv_depth__IBNLCO_02322__hypothetical__CDS__promoter,2963
cnv_depth__IBNLCO_02323__Urocanate__CDS__promoter,8441
cnv_depth__IBNLCO_02324__Histidine__CDS__promoter,7213
cnv_depth__IBNLCO_02325__IBNLCO_02325__gene,6320
cnv_depth__IBNLCO_02325__Histidine__CDS__promoter,9408
cnv_depth__IBNLCO_02326__IBNLCO_02326__gene,9661
cnv_depth__IBNLCO_02326__4'-phosphopantetheinyl__CDS__promoter,5266
cnv_depth__IBNLCO_02327__Hydrolase__CDS,8854
cnv_depth__IBNLCO_02327__Hydrolase__CDS__promoter,5653
cnv_depth__IBNLCO_02328__autoinducer__CDS,7857
cnv_depth__IBNLCO_02328__autoinducer__CDS__promoter,2738
cnv_depth__IBNLCO_02329__Adenylyl-sulfate__CDS__promoter,6623
cnv_depth__IBNLCO_02330__Deoxyribodipyrimidine__CDS,4430
cnv_depth__IBNLCO_02330__Deoxyribodipyrimidine__CDS__promoter,7863
cnv_depth__IBNLCO_02331__Alkane__CDS__promoter,4271
cnv_depth__IBNLCO_02332__Nitric__CDS__promoter,3091
cnv_depth__IBNLCO_02332__Nitric__CDS,7093
cnv_depth__IBNLCO_02333__IBNLCO_02333__gene__promoter,5765
cnv_depth__IBNLCO_02333__MIP18__CDS,6915
cnv_depth__IBNLCO_02334__IBNLCO_02334__gene__promoter,6510
cnv_depth__IBNLCO_02334__gnl|Bakta|IBNLCO_02334__CDS,7548
cnv_depth__IBNLCO_02335__nnrS__gene__promoter,3464
cnv_depth__IBNLCO_02335__nnrS__gene,9635
cnv_depth__IBNLCO_02336__IBNLCO_02336__gene__promoter,4039
cnv_depth__IBNLCO_02336__IBNLCO_02336__gene,7462
cnv_depth__IBNLCO_02337__Oxygen-sensitive__CDS__promoter,3991
cnv_depth__IBNLCO_02337__IBNLCO_02337__gene,927
cnv_depth__IBNLCO_02338__Radical__CDS__promoter,927
cnv_depth__IBNLCO_02338__Radical__CDS,6346
cnv_depth__IBNLCO_02339__Zinc-binding__CDS,4294
cnv_depth__IBNLCO_02339__Zinc-binding__CDS__promoter,9168
cnv_depth__IBNLCO_02340__hypothetical__CDS,4293
cnv_depth__IBNLCO_02340__hypothetical__CDS__promoter,7755
cnv_depth__IBNLCO_02341__Ubiquinone__CDS__promoter,9389
cnv_depth__IBNLCO_02342__Ubiquinone__CDS__promoter,5859
cnv_depth__IBNLCO_02343__Inosine-5'-monophosphate__CDS__promoter,663
cnv_depth__IBNLCO_02344__gnl|Bakta|IBNLCO_02344__CDS__promoter,663
cnv_depth__IBNLCO_02345__IBNLCO_02345__gene__promoter,2617
cnv_depth__IBNLCO_02346__Coproporphyrinogen-III__CDS,6808
cnv_depth__IBNLCO_02346__IBNLCO_02346__gene__promoter,8489
cnv_depth__IBNLCO_02347__IBNLCO_02347__gene__promoter,3328
cnv_depth__IBNLCO_02348__nnrS__gene__promoter,6421
cnv_depth__IBNLCO_02349__ABC__CDS__promoter,9111
cnv_depth__IBNLCO_02350__sufC__gene__promoter,5182
cnv_depth__IBNLCO_02350__sufC__gene,3626
cnv_depth__IBNLCO_02351__SUF__CDS__promoter,5156
cnv_depth__IBNLCO_02351__SUF__CDS,9579
cnv_depth__IBNLCO_02352__IBNLCO_02352__gene__promoter,9110
cnv_depth__IBNLCO_02353__IBNLCO_02353__gene__promoter,6458
cnv_depth__IBNLCO_02353__IBNLCO_02353__gene,8894
cnv_depth__IBNLCO_02354__sufT__gene__promoter,4749
cnv_depth__IBNLCO_02354__sufT__gene,3383
cnv_depth__IBNLCO_02355__DUF2249__CDS,4531
cnv_depth__IBNLCO_02356__IBNLCO_02356__gene__promoter,804
cnv_depth__IBNLCO_02355__IBNLCO_02355__gene__promoter,804
cnv_depth__IBNLCO_02356__hypothetical__CDS,7921
cnv_depth__IBNLCO_02357__hypothetical__CDS,2834
cnv_depth__IBNLCO_02357__IBNLCO_02357__gene__promoter,6948
cnv_depth__IBNLCO_02358__IBNLCO_02358__gene__promoter,5589
cnv_depth__IBNLCO_02358__Ubiquinol__CDS,9629
cnv_depth__IBNLCO_02359__IBNLCO_02359__gene__promoter,6917
cnv_depth__IBNLCO_02359__Ubiquinol__CDS,9028
cnv_depth__IBNLCO_02360__IBNLCO_02360__gene__promoter,4933
cnv_depth__IBNLCO_02360__IBNLCO_02360__gene,7919
cnv_depth__IBNLCO_02361__Cytochrome__CDS__promoter,3299
cnv_depth__IBNLCO_02361__Cytochrome__CDS,7957
cnv_depth__IBNLCO_02362__IBNLCO_02362__gene__promoter,7745
cnv_depth__IBNLCO_02362__IBNLCO_02362__gene,9550
cnv_depth__IBNLCO_02363__IBNLCO_02363__gene,9380
cnv_depth__IBNLCO_02364__GST__CDS__promoter,6538
cnv_depth__IBNLCO_02363__ABC__CDS__promoter,9081
cnv_depth__IBNLCO_02364__GST__CDS,5022
cnv_depth__IBNLCO_02365__Succinylglutamate__CDS,2954
cnv_depth__IBNLCO_02365__IBNLCO_02365__gene__promoter,9288
cnv_depth__IBNLCO_02366__IBNLCO_02366__gene__promoter,9712
cnv_depth__IBNLCO_02367__IBNLCO_02367__gene__promoter,7361
cnv_depth__IBNLCO_02368__IBNLCO_02368__gene__promoter,3321
cnv_depth__IBNLCO_02369__Arginine__CDS__promoter,6443
cnv_depth__IBNLCO_02370__IBNLCO_02370__gene__promoter,7749
cnv_depth__IBNLCO_02371__IBNLCO_02371__gene,7789
cnv_depth__IBNLCO_02371__IBNLCO_02371__gene__promoter,9262
cnv_depth__IBNLCO_02372__HTH-type__CDS,2909
cnv_depth__IBNLCO_02372__HTH-type__CDS__promoter,4077
cnv_depth__IBNLCO_02373__IBNLCO_02373__gene,7913
cnv_depth__IBNLCO_02373__Histidine__CDS__promoter,9518
cnv_depth__IBNLCO_02374__Histidine/lysine/arginine/ornithine__CDS,5880
cnv_depth__IBNLCO_02375__IBNLCO_02375__gene,9626
cnv_depth__IBNLCO_02374__hisM__gene__promoter,4596
cnv_depth__IBNLCO_02375__ABC__CDS__promoter,8261
cnv_depth__IBNLCO_02376__bamE__gene,6773
cnv_depth__IBNLCO_02376__Outer__CDS__promoter,7123
cnv_depth__IBNLCO_02377__hpnL__gene,3386
cnv_depth__IBNLCO_02378__IBNLCO_02378__gene,8552
cnv_depth__IBNLCO_02377__hpnL__gene__promoter,7573
cnv_depth__IBNLCO_02378__Chitooligosaccharide__CDS__promoter,5109
cnv_depth__IBNLCO_02379__2-hydroxyethylphosphonate__CDS,8642
cnv_depth__IBNLCO_02379__IBNLCO_02379__gene__promoter,7127
cnv_depth__IBNLCO_02380__IBNLCO_02380__gene,8929
cnv_depth__IBNLCO_02380__IBNLCO_02380__gene__promoter,2917
cnv_depth__IBNLCO_02381__2%2C5-diketocamphane__CDS__promoter,7503
cnv_depth__IBNLCO_02381__IBNLCO_02381__gene,9132
cnv_depth__IBNLCO_02382__3-oxoadipate__CDS,3775
cnv_depth__IBNLCO_02382__3-oxoadipate__CDS__promoter,5503
cnv_depth__IBNLCO_02383__pdxY__gene__promoter,7637
cnv_depth__IBNLCO_02383__pdxY__gene,5517
cnv_depth__IBNLCO_02384__IBNLCO_02384__gene__promoter,7710
cnv_depth__IBNLCO_02384__IBNLCO_02384__gene,4133
cnv_depth__IBNLCO_02385__IBNLCO_02385__gene__promoter,9343
cnv_depth__IBNLCO_02385__IBNLCO_02385__gene,4374
cnv_depth__IBNLCO_02386__IBNLCO_02386__gene__promoter,5493
cnv_depth__IBNLCO_02386__IBNLCO_02386__gene,8576
cnv_depth__IBNLCO_02387__IBNLCO_02387__gene,5469
cnv_depth__IBNLCO_02387__DUF2214__CDS__promoter,3662
cnv_depth__IBNLCO_02388__IBNLCO_02388__gene,7327
cnv_depth__IBNLCO_02388__hypothetical__CDS__promoter,3870
cnv_depth__IBNLCO_02389__Glycosyl__CDS__promoter,9436
cnv_depth__IBNLCO_02390__ATM1-type__CDS__promoter,7580
cnv_depth__IBNLCO_02392__IBNLCO_02392__gene,8619
cnv_depth__IBNLCO_02391__Trehalose-6-phosphate__CDS__promoter,7263
cnv_depth__IBNLCO_02392__Trehalose__CDS__promoter,8466
cnv_depth__IBNLCO_02393__Thioredoxin__CDS__promoter,6606
cnv_depth__IBNLCO_02393__IBNLCO_02393__gene,5492
cnv_depth__IBNLCO_02394__hypothetical__CDS__promoter,9511
cnv_depth__IBNLCO_02394__hypothetical__CDS,8189
cnv_depth__IBNLCO_02395__IBNLCO_02395__gene__promoter,5885
cnv_depth__IBNLCO_02396__N-acetyltransferase__CDS,3249
cnv_depth__IBNLCO_02396__IBNLCO_02396__gene__promoter,3783
cnv_depth__IBNLCO_02398__IBNLCO_02398__gene__promoter,18
cnv_depth__IBNLCO_02397__IBNLCO_02397__gene__promoter,18
cnv_depth__IBNLCO_02399__IBNLCO_02399__gene__promoter,2558
cnv_depth__IBNLCO_02400__tRNA-Cys(gca)__tRNA,8411
cnv_depth__IBNLCO_02400__trnC__gene__promoter,9426
cnv_depth__IBNLCO_02401__trnG__gene,6068
cnv_depth__IBNLCO_02401__trnG__gene__promoter,210
cnv_depth__IBNLCO_02402__trnG__gene,210
cnv_depth__IBNLCO_02402__trnG__gene__promoter,3531
cnv_depth__IBNLCO_02403__IBNLCO_02403__gene,7217
cnv_depth__IBNLCO_02403__IBNLCO_02403__gene__promoter,8178
cnv_depth__IBNLCO_02404__UvrABC__CDS__promoter,946
cnv_depth__IBNLCO_02405__Protein-arginine__CDS__promoter,946
cnv_depth__IBNLCO_02405__Protein-arginine__CDS,2450
cnv_depth__IBNLCO_02406__Elongation__CDS__promoter,4767
cnv_depth__IBNLCO_02406__IBNLCO_02406__gene,3166
cnv_depth__IBNLCO_02407__IBNLCO_02407__gene__promoter,9248
cnv_depth__IBNLCO_02408__gnl|Bakta|IBNLCO_02408__CDS,6460
cnv_depth__IBNLCO_02408__IBNLCO_02408__gene__promoter,7785
cnv_depth__IBNLCO_02409__IBNLCO_02409__gene,7166
cnv_depth__IBNLCO_02409__IBNLCO_02409__gene__promoter,3139
cnv_depth__IBNLCO_02410__IBNLCO_02410__gene__promoter,5440
cnv_depth__IBNLCO_02411__recO__gene__promoter,7967
cnv_depth__IBNLCO_02412__GTPase__CDS__promoter,6931
cnv_depth__IBNLCO_02413__IBNLCO_02413__gene__promoter,6533
cnv_depth__IBNLCO_02414__IBNLCO_02414__gene,8547
cnv_depth__IBNLCO_02414__Signal__CDS__promoter,5320
cnv_depth__IBNLCO_02415__IBNLCO_02415__gene,8834
cnv_depth__IBNLCO_02415__Elongation__CDS__promoter,8518
cnv_depth__IBNLCO_02416__IBNLCO_02416__gene,3332
cnv_depth__IBNLCO_02417__IBNLCO_02417__gene,4525
cnv_depth__IBNLCO_02416__gnl|Bakta|IBNLCO_02416__CDS__promoter,8066
cnv_depth__IBNLCO_02417__putative__CDS__promoter,3002
cnv_depth__IBNLCO_02418__Sigma-E__CDS__promoter,4557
cnv_depth__IBNLCO_02419__Anti__CDS__promoter,7389
cnv_depth__IBNLCO_02420__rpoE__gene,9622
cnv_depth__IBNLCO_02420__DNA-directed__CDS__promoter,3559
cnv_depth__IBNLCO_02421__IBNLCO_02421__gene,7473
cnv_depth__IBNLCO_02421__gnl|Bakta|IBNLCO_02421__CDS__promoter,6916
cnv_depth__IBNLCO_02422__IBNLCO_02422__gene,6248
cnv_depth__IBNLCO_02422__3-oxoacyl-[acyl-carrier-protein]__CDS__promoter,8438
cnv_depth__IBNLCO_02423__Acyl__CDS,6552
cnv_depth__IBNLCO_02423__Acyl__CDS__promoter,7070
cnv_depth__IBNLCO_02424__3-oxoacyl-[acyl-carrier-protein]__CDS,5645
cnv_depth__IBNLCO_02424__3-oxoacyl-[acyl-carrier-protein]__CDS__promoter,6115
cnv_depth__IBNLCO_02425__Malonyl__CDS,3733
cnv_depth__IBNLCO_02425__Malonyl__CDS__promoter,8388
cnv_depth__IBNLCO_02426__Beta-ketoacyl-[acyl-carrier-protein]__CDS,5691
cnv_depth__IBNLCO_02427__IBNLCO_02427__gene,8005
cnv_depth__IBNLCO_02426__Beta-ketoacyl-[acyl-carrier-protein]__CDS__promoter,8209
cnv_depth__IBNLCO_02427__Phosphate__CDS__promoter,9073
cnv_depth__IBNLCO_02428__Large__CDS,9679
cnv_depth__IBNLCO_02428__Large__CDS__promoter,5414
cnv_depth__IBNLCO_02429__yceD__gene__promoter,5695
cnv_depth__IBNLCO_02430__7-methyl-GTP__CDS__promoter,4263
cnv_depth__IBNLCO_02430__7-methyl-GTP__CDS,7034
cnv_depth__IBNLCO_02431__Tetrapyrrole__CDS__promoter,3469
cnv_depth__IBNLCO_02432__Signal__CDS__promoter,7058
cnv_depth__IBNLCO_02433__IBNLCO_02433__gene,4693
cnv_depth__IBNLCO_02434__HAD-superfamily__CDS,3252
cnv_depth__IBNLCO_02433__hypothetical__CDS__promoter,6490
cnv_depth__IBNLCO_02434__HAD-superfamily__CDS__promoter,5700
cnv_depth__IBNLCO_02435__IBNLCO_02435__gene__promoter,4825
cnv_depth__IBNLCO_02436__hypothetical__CDS__promoter,9090
cnv_depth__IBNLCO_02436__hypothetical__CDS,4276
cnv_depth__IBNLCO_02437__GTP__CDS__promoter,3094
cnv_depth__IBNLCO_02438__IBNLCO_02438__gene__promoter,1666
cnv_depth__IBNLCO_02438__Molybdenum__CDS,7685
cnv_depth__IBNLCO_02439__IBNLCO_02439__gene__promoter,8045
cnv_depth__IBNLCO_02439__IBNLCO_02439__gene,4348
cnv_depth__IBNLCO_02440__IBNLCO_02440__gene__promoter,7105
cnv_depth__IBNLCO_02440__Transmembrane__CDS,124
cnv_depth__IBNLCO_02441__IBNLCO_02441__gene__promoter,124
cnv_depth__IBNLCO_02441__Protease__CDS,6619
cnv_depth__IBNLCO_02442__rmuC__gene,7366
cnv_depth__IBNLCO_02443__D-glycerate__CDS,6491
cnv_depth__IBNLCO_02442__rmuC__gene__promoter,5690
cnv_depth__IBNLCO_02443__IBNLCO_02443__gene__promoter,3876
cnv_depth__IBNLCO_02445__IBNLCO_02445__gene__promoter,6632
cnv_depth__IBNLCO_02446__IBNLCO_02446__gene,6780
cnv_depth__IBNLCO_02446__Nicotinate__CDS__promoter,194
cnv_depth__IBNLCO_02447__IBNLCO_02447__gene__promoter,194
cnv_depth__IBNLCO_02447__gnl|Bakta|IBNLCO_02447__CDS,7298
cnv_depth__IBNLCO_02448__trnN__gene__promoter,6238
cnv_depth__IBNLCO_02449__trnN__gene__promoter,9693
cnv_depth__IBNLCO_02448__tRNA-Asn(gtt)__tRNA,7702
cnv_depth__IBNLCO_02449__trnN__gene,5463
cnv_depth__IBNLCO_02450__Protein__CDS__promoter,2637
cnv_depth__IBNLCO_02450__Protein__CDS,4370
cnv_depth__IBNLCO_02451__IBNLCO_02451__gene__promoter,5417
cnv_depth__IBNLCO_02451__DUF4088__CDS,8000
cnv_depth__IBNLCO_02452__hypothetical__CDS,3885
cnv_depth__IBNLCO_02452__hypothetical__CDS__promoter,6958
cnv_depth__IBNLCO_02453__RNA-binding__CDS__promoter,8001
cnv_depth__IBNLCO_02453__RNA-binding__CDS,4881
cnv_depth__IBNLCO_02454__Multidrug__CDS__promoter,4282
cnv_depth__IBNLCO_02455__Fumarate__CDS__promoter,6323
cnv_depth__IBNLCO_02455__Fumarate__CDS,4109
cnv_depth__IBNLCO_02456__Acyl-CoA__CDS,5929
cnv_depth__IBNLCO_02456__Acyl-CoA__CDS__promoter,599
cnv_depth__IBNLCO_02457__hypothetical__CDS__promoter,599
cnv_depth__IBNLCO_02457__hypothetical__CDS,4526
cnv_depth__IBNLCO_02458__HTH__CDS__promoter,3889
cnv_depth__IBNLCO_02458__IBNLCO_02458__gene,9694
cnv_depth__IBNLCO_02459__hypothetical__CDS__promoter,1546
cnv_depth__IBNLCO_02459__hypothetical__CDS,8956
cnv_depth__IBNLCO_02460__Thymidylate__CDS__promoter,9487
cnv_depth__IBNLCO_02461__Sigma-54__CDS__promoter,6472
cnv_depth__IBNLCO_02462__gnl|Bakta|IBNLCO_02462__CDS__promoter,6692
cnv_depth__IBNLCO_02462__IBNLCO_02462__gene,5057
cnv_depth__IBNLCO_02463__IBNLCO_02463__gene__promoter,5969
cnv_depth__IBNLCO_02463__IBNLCO_02463__gene,5404
cnv_depth__IBNLCO_02464__IBNLCO_02464__gene,3566
cnv_depth__IBNLCO_02465__IBNLCO_02465__gene__promoter,5724
cnv_depth__IBNLCO_02464__hypothetical__CDS__promoter,7808
cnv_depth__IBNLCO_02466__Dihydrofolate__CDS__promoter,6199
cnv_depth__IBNLCO_02466__Dihydrofolate__CDS,5972
cnv_depth__IBNLCO_02468__darP__gene__promoter,1
cnv_depth__IBNLCO_02467__PmbA__CDS__promoter,1
cnv_depth__IBNLCO_02468__Dual-action__CDS,8144
cnv_depth__IBNLCO_02469__mogA__gene__promoter,7954
cnv_depth__IBNLCO_02469__Molybdenum__CDS,3295
cnv_depth__IBNLCO_02470__gnl|Bakta|IBNLCO_02470__CDS,6456
cnv_depth__IBNLCO_02471__htpX__gene__promoter,4140
cnv_depth__IBNLCO_02470__IBNLCO_02470__gene__promoter,6886
cnv_depth__IBNLCO_02472__rsgA__gene__promoter,4532
cnv_depth__IBNLCO_02473__IBNLCO_02473__gene__promoter,6151
cnv_depth__IBNLCO_02473__hypothetical__CDS,3901
cnv_depth__IBNLCO_02474__cobD__gene__promoter,6831
cnv_depth__IBNLCO_02475__Putative__CDS,6231
cnv_depth__IBNLCO_02476__hypothetical__CDS,2974
cnv_depth__IBNLCO_02475__nudL__gene__promoter,5361
cnv_depth__IBNLCO_02477__IBNLCO_02477__gene__promoter,623
cnv_depth__IBNLCO_02476__IBNLCO_02476__gene__promoter,623
cnv_depth__IBNLCO_02478__Large__CDS,4468
cnv_depth__IBNLCO_02478__Large__CDS__promoter,8416
cnv_depth__IBNLCO_02479__IBNLCO_02479__gene__promoter,7620
cnv_depth__IBNLCO_02480__rimM__gene,5486
cnv_depth__IBNLCO_02480__rimM__gene__promoter,4279
cnv_depth__IBNLCO_02481__IBNLCO_02481__gene__promoter,493
cnv_depth__IBNLCO_02482__IBNLCO_02482__gene__promoter,493
cnv_depth__IBNLCO_02482__Glucose/Sorbosone__CDS,4546
cnv_depth__IBNLCO_02483__IBNLCO_02483__gene__promoter,5671
cnv_depth__IBNLCO_02483__TM2__CDS,2578
cnv_depth__IBNLCO_02484__Radical__CDS,4407
cnv_depth__IBNLCO_02484__IBNLCO_02484__gene__promoter,3789
cnv_depth__IBNLCO_02485__Leucine-responsive__CDS,3137
cnv_depth__IBNLCO_02486__IBNLCO_02486__gene__promoter,237
cnv_depth__IBNLCO_02485__IBNLCO_02485__gene__promoter,237
cnv_depth__IBNLCO_02487__3-methylmercaptopropionyl-CoA__CDS__promoter,7541
cnv_depth__IBNLCO_02488__Electron__CDS__promoter,3941
cnv_depth__IBNLCO_02489__IBNLCO_02489__gene,7094
cnv_depth__IBNLCO_02489__Electron__CDS__promoter,3020
cnv_depth__IBNLCO_02490__gnl|Bakta|IBNLCO_02490__CDS,5242
cnv_depth__IBNLCO_02490__gnl|Bakta|IBNLCO_02490__CDS__promoter,9212
cnv_depth__IBNLCO_02491__metI__gene,4610
cnv_depth__IBNLCO_02492__metN__gene,5825
cnv_depth__IBNLCO_02491__D-methionine__CDS__promoter,7079
cnv_depth__IBNLCO_02492__Methionine__CDS__promoter,335
cnv_depth__IBNLCO_02493__IBNLCO_02493__gene__promoter,335
cnv_depth__IBNLCO_02493__IBNLCO_02493__gene,6509
cnv_depth__IBNLCO_02495__IBNLCO_02495__gene__promoter,458
cnv_depth__IBNLCO_02494__Histone__CDS__promoter,458
cnv_depth__IBNLCO_02495__Murein__CDS,9310
cnv_depth__IBNLCO_02496__IBNLCO_02496__gene,6241
cnv_depth__IBNLCO_02496__Cysteine__CDS__promoter,6048
cnv_depth__IBNLCO_02497__IBNLCO_02497__gene,5352
cnv_depth__IBNLCO_02497__Exported__CDS__promoter,4477
cnv_depth__IBNLCO_02498__gnl|Bakta|IBNLCO_02498__CDS,6360
cnv_depth__IBNLCO_02498__gnl|Bakta|IBNLCO_02498__CDS__promoter,4912
cnv_depth__IBNLCO_02499__rfaE__gene,6605
cnv_depth__IBNLCO_02500__IBNLCO_02500__gene,3817
cnv_depth__IBNLCO_02499__RfaE__CDS__promoter,9578
cnv_depth__IBNLCO_02500__UDP-glucose__CDS__promoter,2727
cnv_depth__IBNLCO_02501__Lipopolysaccharide__CDS,7190
cnv_depth__IBNLCO_02501__IBNLCO_02501__gene__promoter,8672
cnv_depth__IBNLCO_02502__Lipopolysaccharide__CDS,5568
cnv_depth__IBNLCO_02502__Lipopolysaccharide__CDS__promoter,8838
cnv_depth__IBNLCO_02503__Integration__CDS,5213
cnv_depth__IBNLCO_02503__IBNLCO_02503__gene__promoter,6269
cnv_depth__IBNLCO_02504__Small__CDS,4639
cnv_depth__IBNLCO_02504__IBNLCO_02504__gene__promoter,5136
cnv_depth__IBNLCO_02505__IBNLCO_02505__gene__promoter,2865
cnv_depth__IBNLCO_02506__hypothetical__CDS,6128
cnv_depth__IBNLCO_02506__hypothetical__CDS__promoter,5755
cnv_depth__IBNLCO_02507__Bifunctional__CDS,9617
cnv_depth__IBNLCO_02507__Bifunctional__CDS__promoter,4466
cnv_depth__IBNLCO_02508__Phosphoserine__CDS,9186
cnv_depth__IBNLCO_02508__Phosphoserine__CDS__promoter,5521
cnv_depth__IBNLCO_02509__DUF2059__CDS,5938
cnv_depth__IBNLCO_02509__DUF2059__CDS__promoter,2866
cnv_depth__IBNLCO_02510__DNA__CDS,9636
cnv_depth__IBNLCO_02510__DNA__CDS__promoter,3066
cnv_depth__IBNLCO_02511__IBNLCO_02511__gene__promoter,8658
cnv_depth__IBNLCO_02511__OmpA-like__CDS,7864
cnv_depth__IBNLCO_02512__IBNLCO_02512__gene__promoter,8915
cnv_depth__IBNLCO_02513__IBNLCO_02513__gene__promoter,4595
cnv_depth__IBNLCO_02514__ssrA__gene__promoter,3191
cnv_depth__IBNLCO_02514__transfer-messenger__tmRNA,6060
cnv_depth__IBNLCO_02515__hypothetical__CDS__promoter,9627
cnv_depth__IBNLCO_02515__hypothetical__CDS,3213
cnv_depth__IBNLCO_02516__hypothetical__CDS,5299
cnv_depth__IBNLCO_02516__hypothetical__CDS__promoter,5842
cnv_depth__IBNLCO_02517__IBNLCO_02517__gene,5661
cnv_depth__IBNLCO_02518__IBNLCO_02518__gene__promoter,96
cnv_depth__IBNLCO_02517__IBNLCO_02517__gene__promoter,96
cnv_depth__IBNLCO_02518__Formate__CDS,8941
cnv_depth__IBNLCO_02519__IBNLCO_02519__gene__promoter,5037
cnv_depth__IBNLCO_02520__IBNLCO_02520__gene__promoter,8691
cnv_depth__IBNLCO_02521__Formate__CDS__promoter,9208
cnv_depth__IBNLCO_02521__IBNLCO_02521__gene,8548
cnv_depth__IBNLCO_02522__hypothetical__CDS__promoter,3707
cnv_depth__IBNLCO_02522__hypothetical__CDS,3746
cnv_depth__IBNLCO_02523__IBNLCO_02523__gene,8148
cnv_depth__IBNLCO_02524__IBNLCO_02524__gene__promoter,219
cnv_depth__IBNLCO_02523__IBNLCO_02523__gene__promoter,219
cnv_depth__IBNLCO_02524__hypothetical__CDS,6148
cnv_depth__IBNLCO_02525__Major__CDS,2920
cnv_depth__IBNLCO_02525__IBNLCO_02525__gene__promoter,7201
cnv_depth__IBNLCO_02526__hypothetical__CDS,7558
cnv_depth__IBNLCO_02526__IBNLCO_02526__gene__promoter,3921
cnv_depth__IBNLCO_02527__IBNLCO_02527__gene__promoter,7592
cnv_depth__IBNLCO_02527__Aspartyl-tRNA(Asn)/glutamyl-tRNA(Gln)__CDS,9561
cnv_depth__IBNLCO_02528__IBNLCO_02528__gene__promoter,7633
cnv_depth__IBNLCO_02528__Disulfide__CDS,3730
cnv_depth__IBNLCO_02529__xdhC__gene__promoter,2882
cnv_depth__IBNLCO_02530__IBNLCO_02530__gene__promoter,4592
cnv_depth__IBNLCO_02531__IBNLCO_02531__gene__promoter,7992
cnv_depth__IBNLCO_02532__IBNLCO_02532__gene__promoter,9508
cnv_depth__unknown__unknown__regulatory.10,282
cnv_depth__IBNLCO_02533__IBNLCO_02533__gene__promoter,282
cnv_depth__IBNLCO_02533__GDT1__CDS,8041
cnv_depth__IBNLCO_02534__DUF4136__CDS__promoter,245
cnv_depth__IBNLCO_02535__IBNLCO_02535__gene__promoter,245
cnv_depth__IBNLCO_02536__IBNLCO_02536__gene,7492
cnv_depth__IBNLCO_02537__HTH-type__CDS__promoter,4511
cnv_depth__IBNLCO_02536__5-methyltetrahydropteroyltriglutamate--homocystei__CDS__promoter,5009
cnv_depth__IBNLCO_02537__metR__gene,8483
cnv_depth__IBNLCO_02538__Fructose-1%2C6-bisphosphatase__CDS__promoter,6837
cnv_depth__IBNLCO_02538__IBNLCO_02538__gene,2516
cnv_depth__IBNLCO_02539__trnT__gene__promoter,8522
cnv_depth__IBNLCO_02539__tRNA-Thr(cgt)__tRNA,5718
cnv_depth__IBNLCO_02540__hypothetical__CDS__promoter,4168
cnv_depth__IBNLCO_02540__IBNLCO_02540__gene,5252
cnv_depth__IBNLCO_02541__gnl|Bakta|IBNLCO_02541__CDS__promoter,9572
cnv_depth__IBNLCO_02541__IBNLCO_02541__gene,6257
cnv_depth__IBNLCO_02542__Thioredoxin__CDS__promoter,4460
cnv_depth__IBNLCO_02543__Glycosyl__CDS__promoter,9547
cnv_depth__IBNLCO_02544__TonB-dependent__CDS__promoter,7365
cnv_depth__IBNLCO_02545__DUF2946__CDS,6487
cnv_depth__IBNLCO_02545__IBNLCO_02545__gene__promoter,1547
cnv_depth__IBNLCO_02546__gnl|Bakta|IBNLCO_02546__CDS__promoter,1547
cnv_depth__IBNLCO_02546__gnl|Bakta|IBNLCO_02546__CDS,4922
cnv_depth__IBNLCO_02548__3'-5'__CDS,2088
cnv_depth__IBNLCO_02548__dinG__gene__promoter,8951
cnv_depth__IBNLCO_02549__Cold-shock__CDS,8770
cnv_depth__IBNLCO_02549__Cold-shock__CDS__promoter,3563
cnv_depth__IBNLCO_02550__IBNLCO_02550__gene__promoter,7434
cnv_depth__IBNLCO_02550__Bacteriophage__CDS,8224
cnv_depth__IBNLCO_02551__Burkholderia__ncRNA,4559
cnv_depth__IBNLCO_02551__ncS025__gene__promoter,8882
cnv_depth__IBNLCO_02552__Porin__CDS__promoter,8398
cnv_depth__IBNLCO_02552__IBNLCO_02552__gene,8092
cnv_depth__IBNLCO_02553__Transcription__CDS,5648
cnv_depth__IBNLCO_02554__trnR__gene__promoter,9129
cnv_depth__IBNLCO_02553__greB__gene__promoter,172
cnv_depth__IBNLCO_02555__trnR__gene__promoter,172
cnv_depth__IBNLCO_02554__trnR__gene,172
cnv_depth__IBNLCO_02555__trnR__gene,6874
cnv_depth__IBNLCO_02556__guanosine-3'%2C5'-bis(diphosphate)__CDS,9046
cnv_depth__IBNLCO_02556__IBNLCO_02556__gene__promoter,87
cnv_depth__IBNLCO_02557__IBNLCO_02557__gene,87
cnv_depth__IBNLCO_02557__DNA-directed__CDS__promoter,3207
cnv_depth__IBNLCO_02558__Guanylate__CDS,8212
cnv_depth__IBNLCO_02558__Guanylate__CDS__promoter,7248
cnv_depth__IBNLCO_02560__Ribonuclease__CDS__promoter,202
cnv_depth__IBNLCO_02559__Stress-induced__CDS__promoter,202
cnv_depth__IBNLCO_02560__IBNLCO_02560__gene,3960
cnv_depth__IBNLCO_02561__dITP/XTP__CDS__promoter,6965
cnv_depth__IBNLCO_02561__dITP/XTP__CDS,7971
cnv_depth__IBNLCO_02562__hemW__gene__promoter,5272
cnv_depth__IBNLCO_02563__trnS__gene__promoter,5120
cnv_depth__IBNLCO_02563__trnS__gene,8275
cnv_depth__IBNLCO_02564__IBNLCO_02564__gene__promoter,9155
cnv_depth__IBNLCO_02564__IBNLCO_02564__gene,5556
cnv_depth__IBNLCO_02565__hypothetical__CDS__promoter,7400
cnv_depth__IBNLCO_02565__IBNLCO_02565__gene,7639
cnv_depth__IBNLCO_02566__Major__CDS__promoter,3555
cnv_depth__IBNLCO_02567__IBNLCO_02567__gene__promoter,5388
cnv_depth__IBNLCO_02567__Cation:proton__CDS,9668
cnv_depth__IBNLCO_02569__clcA__gene__promoter,379
cnv_depth__IBNLCO_02568__IBNLCO_02568__gene__promoter,379
cnv_depth__IBNLCO_02570__gnl|Bakta|IBNLCO_02570__CDS,8088
cnv_depth__IBNLCO_02570__gnl|Bakta|IBNLCO_02570__CDS__promoter,8026
cnv_depth__IBNLCO_02571__hypothetical__CDS,4983
cnv_depth__IBNLCO_02571__hypothetical__CDS__promoter,8385
cnv_depth__IBNLCO_02572__Cell__CDS,3665
cnv_depth__IBNLCO_02572__Cell__CDS__promoter,5580
cnv_depth__IBNLCO_02573__minD__gene,3735
cnv_depth__IBNLCO_02573__Septum__CDS__promoter,3112
cnv_depth__IBNLCO_02574__minC__gene,5250
cnv_depth__IBNLCO_02574__putative__CDS__promoter,7630
cnv_depth__IBNLCO_02575__IBNLCO_02575__gene,3551
cnv_depth__IBNLCO_02575__N-acetyltransferase__CDS__promoter,3871
cnv_depth__IBNLCO_02576__hypothetical__CDS__promoter,8020
cnv_depth__IBNLCO_02576__IBNLCO_02576__gene,7156
cnv_depth__IBNLCO_02577__trnS__gene,2873
cnv_depth__IBNLCO_02577__trnS__gene__promoter,3625
cnv_depth__IBNLCO_02578__IBNLCO_02578__gene,6813
cnv_depth__IBNLCO_02579__hypothetical__CDS__promoter,173
cnv_depth__IBNLCO_02578__Serine--tRNA__CDS__promoter,173
cnv_depth__IBNLCO_02579__IBNLCO_02579__gene,6765
cnv_depth__IBNLCO_02580__Replication-associated__CDS__promoter,7767
cnv_depth__IBNLCO_02581__Outer-membrane__CDS__promoter,5744
cnv_depth__IBNLCO_02582__DNA__CDS__promoter,8316
cnv_depth__IBNLCO_02583__Thioredoxin__CDS__promoter,8982
cnv_depth__IBNLCO_02583__Thioredoxin__CDS,4193
cnv_depth__IBNLCO_02584__Smr__CDS__promoter,8485
cnv_depth__IBNLCO_02584__IBNLCO_02584__gene,6273
cnv_depth__IBNLCO_02585__Glycine__CDS__promoter,9414
cnv_depth__IBNLCO_02586__ugpC__gene__promoter,7982
cnv_depth__IBNLCO_02587__ABC__CDS,6488
cnv_depth__IBNLCO_02588__IBNLCO_02588__gene,9316
cnv_depth__IBNLCO_02587__ABC__CDS__promoter,5666
cnv_depth__IBNLCO_02588__ABC__CDS__promoter,4143
cnv_depth__IBNLCO_02589__IBNLCO_02589__gene__promoter,4067
cnv_depth__IBNLCO_02590__IBNLCO_02590__gene__promoter,8977
cnv_depth__IBNLCO_02591__IBNLCO_02591__gene__promoter,3445
cnv_depth__IBNLCO_02591__gnl|Bakta|IBNLCO_02591__CDS,6682
cnv_depth__IBNLCO_02592__IBNLCO_02592__gene__promoter,8445
cnv_depth__IBNLCO_02593__IBNLCO_02593__gene__promoter,9468
cnv_depth__IBNLCO_02594__L-cysteine__CDS__promoter,7452
cnv_depth__IBNLCO_02595__gluA__gene__promoter,1529
cnv_depth__IBNLCO_02596__IBNLCO_02596__gene__promoter,5828
cnv_depth__IBNLCO_02596__1-aminocyclopropane-1-carboxylate__CDS,3650
cnv_depth__IBNLCO_02597__IBNLCO_02597__gene__promoter,2910
cnv_depth__IBNLCO_02597__DUF3088__CDS,6011
cnv_depth__IBNLCO_02599__IBNLCO_02599__gene__promoter,114
cnv_depth__IBNLCO_02598__Bcr/CflA__CDS__promoter,114
cnv_depth__IBNLCO_02599__IBNLCO_02599__gene,7376
cnv_depth__IBNLCO_02600__IBNLCO_02600__gene__promoter,7953
cnv_depth__IBNLCO_02600__gnl|Bakta|IBNLCO_02600__CDS,6932
cnv_depth__IBNLCO_02601__Glutamate-1-semialdehyde__CDS__promoter,8756
cnv_depth__IBNLCO_02601__Glutamate-1-semialdehyde__CDS,3409
cnv_depth__IBNLCO_02602__ribD__gene__promoter,8683
cnv_depth__IBNLCO_02602__Riboflavin__CDS,3450
cnv_depth__IBNLCO_02603__Riboflavin__CDS__promoter,7769
cnv_depth__IBNLCO_02603__Riboflavin__CDS,4917
cnv_depth__IBNLCO_02604__IBNLCO_02604__gene__promoter,8323
cnv_depth__IBNLCO_02605__IBNLCO_02605__gene__promoter,6051
cnv_depth__IBNLCO_02605__6%2C7-dimethyl-8-ribityllumazine__CDS,8274
cnv_depth__IBNLCO_02606__nusB__gene__promoter,6804
cnv_depth__IBNLCO_02607__IBNLCO_02607__gene__promoter,5587
cnv_depth__IBNLCO_02608__Transglycosylase__CDS,5876
cnv_depth__IBNLCO_02609__Bp1_738__gene__promoter,378
cnv_depth__IBNLCO_02608__IBNLCO_02608__gene__promoter,378
cnv_depth__IBNLCO_02609__Bp1_738__gene,7286
cnv_depth__IBNLCO_02610__IBNLCO_02610__gene__promoter,4832
cnv_depth__IBNLCO_02610__3-octaprenyl-4-hydroxybenzoate__CDS,3713
cnv_depth__IBNLCO_02611__IBNLCO_02611__gene__promoter,2849
cnv_depth__IBNLCO_02611__IBNLCO_02611__gene,5953
cnv_depth__IBNLCO_02612__IBNLCO_02612__gene,6354
cnv_depth__IBNLCO_02612__IBNLCO_02612__gene__promoter,8448
cnv_depth__IBNLCO_02613__hypothetical__CDS,5155
cnv_depth__IBNLCO_02613__IBNLCO_02613__gene__promoter,3251
cnv_depth__IBNLCO_02614__IBNLCO_02614__gene__promoter,7380
cnv_depth__IBNLCO_02614__NADP__CDS,5374
cnv_depth__IBNLCO_02615__yggT__gene__promoter,8736
cnv_depth__IBNLCO_02616__PII-like__CDS,7183
cnv_depth__IBNLCO_02616__IBNLCO_02616__gene__promoter,4118
cnv_depth__IBNLCO_02617__Fluoride-specific__CDS,7866
cnv_depth__IBNLCO_02617__fluC__gene__promoter,3747
cnv_depth__IBNLCO_02618__IBNLCO_02618__gene__promoter,7411
cnv_depth__IBNLCO_02618__gnl|Bakta|IBNLCO_02618__CDS,2998
cnv_depth__IBNLCO_02619__Biotin__CDS,4899
cnv_depth__IBNLCO_02619__Biotin__CDS__promoter,7010
cnv_depth__IBNLCO_02620__IBNLCO_02620__gene,8339
cnv_depth__IBNLCO_02620__IBNLCO_02620__gene__promoter,5443
cnv_depth__IBNLCO_02621__trnG__gene__promoter,6272
cnv_depth__IBNLCO_02621__trnG__gene,5474
cnv_depth__IBNLCO_02622__tRNA__CDS__promoter,4862
cnv_depth__IBNLCO_02622__tRNA__CDS,8038
cnv_depth__IBNLCO_02623__Undecaprenyl-diphosphatase__CDS,5704
cnv_depth__IBNLCO_02623__Undecaprenyl-diphosphatase__CDS__promoter,7082
cnv_depth__IBNLCO_02624__Transmembrane__CDS,8229
cnv_depth__IBNLCO_02625__IBNLCO_02625__gene,147
cnv_depth__IBNLCO_02624__Transmembrane__CDS__promoter,147
cnv_depth__IBNLCO_02626__IBNLCO_02626__gene__promoter,550
cnv_depth__IBNLCO_02625__IBNLCO_02625__gene__promoter,550
cnv_depth__IBNLCO_02626__Coproporphyrinogen-III__CDS,7387
cnv_depth__IBNLCO_02627__Bacteriophage__CDS__promoter,7980
cnv_depth__IBNLCO_02627__IBNLCO_02627__gene,6534
cnv_depth__IBNLCO_02628__Protein-L-isoaspartate__CDS__promoter,4663
cnv_depth__IBNLCO_02628__Protein-L-isoaspartate__CDS,7002
cnv_depth__IBNLCO_02629__Thiosulfate__CDS__promoter,9220
cnv_depth__IBNLCO_02629__Thiosulfate__CDS,7774
cnv_depth__IBNLCO_02630__Aspartate__CDS__promoter,4082
cnv_depth__IBNLCO_02631__Urea__CDS__promoter,9113
cnv_depth__IBNLCO_02631__IBNLCO_02631__gene,5722
cnv_depth__IBNLCO_02632__Urea__CDS__promoter,5087
cnv_depth__IBNLCO_02633__Urea__CDS__promoter,4959
cnv_depth__IBNLCO_02633__Urea__CDS,6087
cnv_depth__IBNLCO_02634__urtD__gene__promoter,9156
cnv_depth__IBNLCO_02635__High-affinity__CDS__promoter,7595
cnv_depth__IBNLCO_02635__braG__gene,2476
cnv_depth__IBNLCO_02636__Urease__CDS__promoter,2788
cnv_depth__IBNLCO_02637__Urease__CDS__promoter,5616
cnv_depth__IBNLCO_02637__IBNLCO_02637__gene,6192
cnv_depth__IBNLCO_02638__Urease__CDS__promoter,5324
cnv_depth__IBNLCO_02638__IBNLCO_02638__gene,7868
cnv_depth__IBNLCO_02639__IBNLCO_02639__gene__promoter,2449
cnv_depth__IBNLCO_02640__5_ureB_sRNA__gene,5392
cnv_depth__IBNLCO_02640__5_ureB_sRNA__gene__promoter,9392
cnv_depth__IBNLCO_02641__hypothetical__CDS__promoter,7711
cnv_depth__IBNLCO_02641__hypothetical__CDS,6253
cnv_depth__IBNLCO_02642__Urease__CDS__promoter,5085
cnv_depth__IBNLCO_02642__Urease__CDS,9301
cnv_depth__IBNLCO_02643__Urease__CDS__promoter,7961
cnv_depth__IBNLCO_02643__ureG__gene,6097
cnv_depth__IBNLCO_02644__3-deoxy-D-manno-octulosonic__CDS,7297
cnv_depth__IBNLCO_02644__3-deoxy-D-manno-octulosonic__CDS__promoter,5723
cnv_depth__IBNLCO_02645__3-deoxy-D-manno-oct-2-ulosonic__CDS__promoter,2701
cnv_depth__IBNLCO_02646__Lipopolysaccharide__CDS,8133
cnv_depth__IBNLCO_02646__IBNLCO_02646__gene__promoter,5283
cnv_depth__IBNLCO_02647__IBNLCO_02647__gene__promoter,207
cnv_depth__IBNLCO_02648__IBNLCO_02648__gene__promoter,207
cnv_depth__IBNLCO_02648__Polysaccharide__CDS,6317
cnv_depth__IBNLCO_02649__IBNLCO_02649__gene__promoter,5102
cnv_depth__IBNLCO_02649__IBNLCO_02649__gene,5665
cnv_depth__IBNLCO_02650__IBNLCO_02650__gene__promoter,5614
cnv_depth__IBNLCO_02650__IBNLCO_02650__gene,6876
cnv_depth__IBNLCO_02651__IBNLCO_02651__gene__promoter,6361
cnv_depth__IBNLCO_02651__IBNLCO_02651__gene,2779
cnv_depth__IBNLCO_02652__IBNLCO_02652__gene__promoter,8003
cnv_depth__IBNLCO_02653__IBNLCO_02653__gene,7322
cnv_depth__IBNLCO_02653__IBNLCO_02653__gene__promoter,99
cnv_depth__IBNLCO_02654__hypothetical__CDS,526
cnv_depth__IBNLCO_02654__IBNLCO_02654__gene__promoter,99
cnv_depth__IBNLCO_02655__N-acetyl-alpha-D-glucosaminyl-diphospho-ditrans%2C__CDS,99
cnv_depth__IBNLCO_02656__IBNLCO_02656__gene,99
cnv_depth__IBNLCO_02655__IBNLCO_02655__gene__promoter,99
cnv_depth__IBNLCO_02657__Glycosyltransferase__CDS,9530
cnv_depth__IBNLCO_02656__Glycosyltransferase__CDS__promoter,99
cnv_depth__IBNLCO_02657__Glycosyltransferase__CDS__promoter,99
cnv_depth__IBNLCO_02658__Glycosyltransferase__CDS,99
cnv_depth__IBNLCO_02658__Glycosyltransferase__CDS__promoter,99
cnv_depth__IBNLCO_02659__IBNLCO_02659__gene,99
cnv_depth__IBNLCO_02659__Glycosyltransferase__CDS__promoter,526
cnv_depth__IBNLCO_02660__dTDP-L-rhamnose__CDS,99
cnv_depth__IBNLCO_02661__O-antigen__CDS,99
cnv_depth__IBNLCO_02660__wbiB__gene__promoter,99
cnv_depth__IBNLCO_02662__ABC__CDS,526
cnv_depth__IBNLCO_02661__O-antigen__CDS__promoter,99
cnv_depth__IBNLCO_02663__Transport__CDS,99
cnv_depth__IBNLCO_02662__ABC__CDS__promoter,99
cnv_depth__IBNLCO_02663__Transport__CDS__promoter,99
cnv_depth__IBNLCO_02664__dTDP-4-dehydrorhamnose__CDS,99
cnv_depth__IBNLCO_02665__IBNLCO_02665__gene,4805
cnv_depth__IBNLCO_02664__dTDP-4-dehydrorhamnose__CDS__promoter,526
cnv_depth__IBNLCO_02666__IBNLCO_02666__gene,8796
cnv_depth__IBNLCO_02665__dTDP-4-dehydrorhamnose__CDS__promoter,9526
cnv_depth__IBNLCO_02666__Glucose-1-phosphate__CDS__promoter,8916
cnv_depth__IBNLCO_02667__dTDP-glucose__CDS,8321
cnv_depth__IBNLCO_02667__dTDP-glucose__CDS__promoter,5970
cnv_depth__IBNLCO_02668__Bis(5'-nucleosyl)-tetraphosphatase%2C__CDS__promoter,8236
cnv_depth__IBNLCO_02669__IBNLCO_02669__gene,6399
cnv_depth__IBNLCO_02669__Phospholipid/glycerol__CDS__promoter,8019
cnv_depth__IBNLCO_02670__gnl|Bakta|IBNLCO_02670__CDS__promoter,5433
cnv_depth__IBNLCO_02671__Aspartate__CDS__promoter,9548
cnv_depth__IBNLCO_02672__pyrR__gene,4253
cnv_depth__IBNLCO_02673__IBNLCO_02673__gene,7686
cnv_depth__IBNLCO_02672__pyrR__gene__promoter,7965
cnv_depth__IBNLCO_02674__UPF0301__CDS,4324
cnv_depth__IBNLCO_02673__Putative__CDS__promoter,7249
cnv_depth__IBNLCO_02674__UPF0301__CDS__promoter,3999
cnv_depth__IBNLCO_02675__IBNLCO_02675__gene,2858
cnv_depth__IBNLCO_02675__IBNLCO_02675__gene__promoter,3729
cnv_depth__IBNLCO_02676__IBNLCO_02676__gene,6368
cnv_depth__IBNLCO_02676__IBNLCO_02676__gene__promoter,505
cnv_depth__IBNLCO_02677__IBNLCO_02677__gene__promoter,505
cnv_depth__IBNLCO_02678__Chaperonin__CDS,4278
cnv_depth__IBNLCO_02678__IBNLCO_02678__gene__promoter,42
cnv_depth__IBNLCO_02679__Co-chaperonin__CDS,42
cnv_depth__IBNLCO_02679__IBNLCO_02679__gene__promoter,3358
cnv_depth__IBNLCO_02680__IBNLCO_02680__gene,5697
cnv_depth__IBNLCO_02680__hypothetical__CDS__promoter,4073
cnv_depth__IBNLCO_02681__Uncharacterized__CDS,7205
cnv_depth__IBNLCO_02681__yybR__gene__promoter,118
cnv_depth__IBNLCO_02682__IBNLCO_02682__gene__promoter,118
cnv_depth__IBNLCO_02682__Crotonyl-CoA__CDS,4207
cnv_depth__IBNLCO_02683__DUF4243__CDS__promoter,6325
cnv_depth__IBNLCO_02684__PPE-repeat__CDS,6324
cnv_depth__IBNLCO_02684__IBNLCO_02684__gene__promoter,6815
cnv_depth__IBNLCO_02685__Outer__CDS,7768
cnv_depth__IBNLCO_02685__IBNLCO_02685__gene__promoter,8804
cnv_depth__IBNLCO_02686__gnl|Bakta|IBNLCO_02686__CDS,5622
cnv_depth__IBNLCO_02686__IBNLCO_02686__gene__promoter,6489
cnv_depth__IBNLCO_02687__DUF2957__CDS,7820
cnv_depth__IBNLCO_02687__DUF2957__CDS__promoter,2674
cnv_depth__IBNLCO_02688__HTH__CDS,5413
cnv_depth__IBNLCO_02688__HTH__CDS__promoter,8302
cnv_depth__IBNLCO_02689__MBL__CDS__promoter,5247
cnv_depth__IBNLCO_02689__MBL__CDS,8498
cnv_depth__IBNLCO_02690__HTH__CDS__promoter,3655
cnv_depth__IBNLCO_02690__HTH__CDS,3651
cnv_depth__IBNLCO_02691__gnl|Bakta|IBNLCO_02691__CDS__promoter,6816
cnv_depth__IBNLCO_02691__IBNLCO_02691__gene,3176
cnv_depth__IBNLCO_02692__IBNLCO_02692__gene__promoter,6107
cnv_depth__IBNLCO_02692__IBNLCO_02692__gene,2782
cnv_depth__IBNLCO_02693__IBNLCO_02693__gene,4619
cnv_depth__IBNLCO_02693__IBNLCO_02693__gene__promoter,7
cnv_depth__IBNLCO_02694__IBNLCO_02694__gene__promoter,7
cnv_depth__IBNLCO_02695__Major__CDS__promoter,8932
cnv_depth__IBNLCO_02696__IBNLCO_02696__gene__promoter,4186
cnv_depth__IBNLCO_02696__putative__CDS,3760
cnv_depth__IBNLCO_02697__IBNLCO_02697__gene__promoter,7480
cnv_depth__IBNLCO_02698__IBNLCO_02698__gene,7456
cnv_depth__IBNLCO_02698__IBNLCO_02698__gene__promoter,5293
cnv_depth__IBNLCO_02699__IBNLCO_02699__gene,3798
cnv_depth__IBNLCO_02699__IBNLCO_02699__gene__promoter,3432
cnv_depth__IBNLCO_02700__C4-dicarboxylate__CDS__promoter,6394
cnv_depth__IBNLCO_02700__C4-dicarboxylate__CDS,4856
cnv_depth__IBNLCO_02701__IBNLCO_02701__gene__promoter,4075
cnv_depth__IBNLCO_02701__IBNLCO_02701__gene,6209
cnv_depth__IBNLCO_02702__lysR__gene__promoter,9420
cnv_depth__IBNLCO_02702__lysR__gene,3715
cnv_depth__IBNLCO_02703__IBNLCO_02703__gene,4201
cnv_depth__IBNLCO_02704__IBNLCO_02704__gene,8304
cnv_depth__IBNLCO_02703__ABC__CDS__promoter,8114
cnv_depth__IBNLCO_02705__hmuV__gene,7901
cnv_depth__IBNLCO_02704__IBNLCO_02704__gene__promoter,6921
cnv_depth__IBNLCO_02705__hmuV__gene__promoter,5499
cnv_depth__IBNLCO_02706__cntO__gene,3638
cnv_depth__IBNLCO_02706__cntO__gene__promoter,5098
cnv_depth__IBNLCO_02707__IBNLCO_02707__gene,8631
cnv_depth__IBNLCO_02707__IBNLCO_02707__gene__promoter,4979
cnv_depth__IBNLCO_02708__IBNLCO_02708__gene,9451
cnv_depth__IBNLCO_02708__IBNLCO_02708__gene__promoter,7938
cnv_depth__IBNLCO_02709__IBNLCO_02709__gene__promoter,9459
cnv_depth__IBNLCO_02710__Xanthine__CDS__promoter,8676
cnv_depth__IBNLCO_02711__Uncharacterized__CDS__promoter,7902
cnv_depth__IBNLCO_02711__IBNLCO_02711__gene,2557
cnv_depth__IBNLCO_02712__hypothetical__CDS__promoter,7577
cnv_depth__IBNLCO_02712__hypothetical__CDS,4841
cnv_depth__IBNLCO_02713__EamA__CDS,6172
cnv_depth__IBNLCO_02714__araC__gene__promoter,9580
cnv_depth__IBNLCO_02713__EamA__CDS__promoter,2924
cnv_depth__IBNLCO_02714__araC__gene,3950
cnv_depth__IBNLCO_02715__Purine__CDS__promoter,4680
cnv_depth__IBNLCO_02716__HTH__CDS__promoter,8343
cnv_depth__IBNLCO_02716__IBNLCO_02716__gene,7987
cnv_depth__IBNLCO_02717__D-lactate__CDS__promoter,8940
cnv_depth__IBNLCO_02717__D-lactate__CDS,2540
cnv_depth__IBNLCO_02718__IBNLCO_02718__gene__promoter,4349
cnv_depth__IBNLCO_02718__IBNLCO_02718__gene,3227
cnv_depth__IBNLCO_02719__Arabinose__CDS__promoter,2892
cnv_depth__IBNLCO_02720__ycaD__gene__promoter,2754
cnv_depth__IBNLCO_02720__Putative__CDS,6766
cnv_depth__IBNLCO_02721__gnl|Bakta|IBNLCO_02721__CDS__promoter,2477
cnv_depth__IBNLCO_02722__Homogentisate__CDS__promoter,5706
cnv_depth__IBNLCO_02723__IBNLCO_02723__gene,8957
cnv_depth__IBNLCO_02724__hypothetical__CDS,186
cnv_depth__IBNLCO_02723__4-hydroxybenzoate__CDS__promoter,186
cnv_depth__IBNLCO_02724__hypothetical__CDS__promoter,6145
cnv_depth__IBNLCO_02725__IBNLCO_02725__gene__promoter,5742
cnv_depth__IBNLCO_02726__IBNLCO_02726__gene,2716
cnv_depth__IBNLCO_02726__IBNLCO_02726__gene__promoter,487
cnv_depth__IBNLCO_02727__IBNLCO_02727__gene__promoter,487
cnv_depth__IBNLCO_02727__IBNLCO_02727__gene,7827
cnv_depth__IBNLCO_02728__IBNLCO_02728__gene,2862
cnv_depth__IBNLCO_02728__CENP-V/GFA__CDS__promoter,8451
cnv_depth__IBNLCO_02729__iclR__gene,7506
cnv_depth__IBNLCO_02730__IBNLCO_02730__gene__promoter,3024
cnv_depth__IBNLCO_02729__iclR__gene__promoter,4002
cnv_depth__IBNLCO_02731__IBNLCO_02731__gene,2877
cnv_depth__IBNLCO_02731__IBNLCO_02731__gene__promoter,4158
cnv_depth__IBNLCO_02732__IBNLCO_02732__gene__promoter,6114
cnv_depth__IBNLCO_02732__IBNLCO_02732__gene,3145
cnv_depth__IBNLCO_02733__Putative__CDS__promoter,6747
cnv_depth__IBNLCO_02733__Putative__CDS,5014
cnv_depth__IBNLCO_02734__IBNLCO_02734__gene__promoter,8512
cnv_depth__IBNLCO_02734__IBNLCO_02734__gene,7371
cnv_depth__IBNLCO_02735__Fimbrial__CDS,8017
cnv_depth__IBNLCO_02735__IBNLCO_02735__gene__promoter,7232
cnv_depth__IBNLCO_02736__IBNLCO_02736__gene,5609
cnv_depth__IBNLCO_02736__IBNLCO_02736__gene__promoter,2459
cnv_depth__IBNLCO_02738__IBNLCO_02738__gene,4518
cnv_depth__IBNLCO_02737__pilW__gene__promoter,4470
cnv_depth__IBNLCO_02739__IBNLCO_02739__gene,9429
cnv_depth__IBNLCO_02738__IBNLCO_02738__gene__promoter,6870
cnv_depth__IBNLCO_02739__IBNLCO_02739__gene__promoter,4745
cnv_depth__IBNLCO_02740__nrdR__gene,4731
cnv_depth__IBNLCO_02740__nrdR__gene__promoter,3348
cnv_depth__IBNLCO_02741__IBNLCO_02741__gene,6895
cnv_depth__IBNLCO_02741__Serine__CDS__promoter,4498
cnv_depth__unknown__unknown__regulatory.11,6912
cnv_depth__IBNLCO_02742__putative__CDS__promoter,9509
cnv_depth__IBNLCO_02742__aabA__gene,9216
cnv_depth__IBNLCO_02743__IBNLCO_02743__gene__promoter,8884
cnv_depth__IBNLCO_02743__4-hydroxybenzoyl-CoA__CDS,8766
cnv_depth__IBNLCO_02744__Tol-Pal__CDS__promoter,5111
cnv_depth__IBNLCO_02744__tolQ__gene,7344
cnv_depth__IBNLCO_02745__IBNLCO_02745__gene__promoter,6153
cnv_depth__IBNLCO_02746__Protein__CDS__promoter,6864
cnv_depth__IBNLCO_02747__tolB__gene__promoter,2623
cnv_depth__IBNLCO_02747__tolB__gene,4216
cnv_depth__IBNLCO_02748__Peptidoglycan-associated__CDS__promoter,6824
cnv_depth__IBNLCO_02748__IBNLCO_02748__gene,4811
cnv_depth__IBNLCO_02749__Cell__CDS__promoter,5078
cnv_depth__IBNLCO_02749__Cell__CDS,3922
cnv_depth__IBNLCO_02750__trnK__gene__promoter,4870
cnv_depth__IBNLCO_02750__trnK__gene,7854
cnv_depth__IBNLCO_02751__Flagellar__CDS,2807
cnv_depth__IBNLCO_02751__IBNLCO_02751__gene__promoter,5524
cnv_depth__IBNLCO_02752__IBNLCO_02752__gene__promoter,9203
cnv_depth__IBNLCO_02752__IBNLCO_02752__gene,6974
cnv_depth__IBNLCO_02753__IBNLCO_02753__gene,6070
cnv_depth__IBNLCO_02753__Arabinose__CDS__promoter,5325
cnv_depth__IBNLCO_02754__hypothetical__CDS,3051
cnv_depth__IBNLCO_02755__2-dehydro-3-deoxyphosphooctonate__CDS,3842
cnv_depth__IBNLCO_02754__hypothetical__CDS__promoter,6471
cnv_depth__IBNLCO_02755__2-dehydro-3-deoxyphosphooctonate__CDS__promoter,6426
cnv_depth__IBNLCO_02756__gnl|Bakta|IBNLCO_02756__CDS,6340
cnv_depth__IBNLCO_02757__gnl|Bakta|IBNLCO_02757__CDS,3674
cnv_depth__IBNLCO_02756__gnl|Bakta|IBNLCO_02756__CDS__promoter,6073
cnv_depth__IBNLCO_02758__IBNLCO_02758__gene,4418
cnv_depth__IBNLCO_02757__gnl|Bakta|IBNLCO_02757__CDS__promoter,5268
cnv_depth__IBNLCO_02758__Serine__CDS__promoter,3331
cnv_depth__IBNLCO_02759__IBNLCO_02759__gene,5926
cnv_depth__IBNLCO_02759__IBNLCO_02759__gene__promoter,5506
cnv_depth__IBNLCO_02760__IBNLCO_02760__gene,6650
cnv_depth__IBNLCO_02760__gnl|Bakta|IBNLCO_02760__CDS__promoter,2949
cnv_depth__IBNLCO_02761__IBNLCO_02761__gene,9124
cnv_depth__IBNLCO_02761__IBNLCO_02761__gene__promoter,8841
cnv_depth__IBNLCO_02762__IBNLCO_02762__gene,1719
cnv_depth__IBNLCO_02762__gnl|Bakta|IBNLCO_02762__CDS__promoter,2811
cnv_depth__IBNLCO_02763__Polysaccharide__CDS__promoter,6821
cnv_depth__IBNLCO_02764__IBNLCO_02764__gene,2622
cnv_depth__IBNLCO_02764__Undecaprenyl-phosphate__CDS__promoter,9074
cnv_depth__IBNLCO_02765__araC__gene,2258
cnv_depth__IBNLCO_02765__AraC__CDS__promoter,4043
cnv_depth__IBNLCO_02766__Phosphatidic__CDS__promoter,4148
cnv_depth__IBNLCO_02766__IBNLCO_02766__gene,8395
cnv_depth__IBNLCO_02767__gnl|Bakta|IBNLCO_02767__CDS__promoter,8185
cnv_depth__IBNLCO_02767__IBNLCO_02767__gene,6835
cnv_depth__IBNLCO_02768__gnl|Bakta|IBNLCO_02768__CDS__promoter,8595
cnv_depth__IBNLCO_02768__IBNLCO_02768__gene,6581
cnv_depth__IBNLCO_02769__IBNLCO_02769__gene,9353
cnv_depth__IBNLCO_02769__gnl|Bakta|IBNLCO_02769__CDS__promoter,4021
cnv_depth__IBNLCO_02770__acyl-CoA__CDS__promoter,4797
cnv_depth__IBNLCO_02771__UDP-3-O-[3-hydroxymyristoyl]__CDS,7606
cnv_depth__IBNLCO_02771__UDP-3-O-[3-hydroxymyristoyl]__CDS__promoter,5221
cnv_depth__IBNLCO_02772__capsular__CDS__promoter,6388
cnv_depth__IBNLCO_02773__wcbQ__gene,4645
cnv_depth__IBNLCO_02773__wcbQ__gene__promoter,3944
cnv_depth__IBNLCO_02774__capsular__CDS,5746
cnv_depth__IBNLCO_02775__hypothetical__CDS,9488
cnv_depth__IBNLCO_02774__wcbP__gene__promoter,7279
cnv_depth__IBNLCO_02775__IBNLCO_02775__gene__promoter,4367
cnv_depth__IBNLCO_02776__D-glycero-alpha-D-manno-heptose-1%2C7-bisphosphate__CDS,3976
cnv_depth__IBNLCO_02777__D-glycero-d-manno-heptose__CDS,8810
cnv_depth__IBNLCO_02776__gmhB__gene__promoter,3436
cnv_depth__IBNLCO_02777__wcbM__gene__promoter,9721
cnv_depth__IBNLCO_02778__gmhA__gene,4716
cnv_depth__IBNLCO_02779__wcbL__gene,9600
cnv_depth__IBNLCO_02778__gmhA__gene__promoter,7968
cnv_depth__IBNLCO_02779__wcbL__gene__promoter,4393
cnv_depth__IBNLCO_02780__GDP__CDS,4836
cnv_depth__IBNLCO_02780__wcbK__gene__promoter,4833
cnv_depth__IBNLCO_02781__wcbJ__gene,3500
cnv_depth__IBNLCO_02782__capsular__CDS,260
cnv_depth__IBNLCO_02781__wcbJ__gene__promoter,260
cnv_depth__IBNLCO_02782__wcbI__gene__promoter,4515
cnv_depth__IBNLCO_02783__wcbH__gene,53
cnv_depth__IBNLCO_02784__capsular__CDS,146
cnv_depth__IBNLCO_02783__wcbH__gene__promoter,146
cnv_depth__IBNLCO_02784__wcbG__gene__promoter,4582
cnv_depth__IBNLCO_02785__wcbF__gene,53
cnv_depth__IBNLCO_02785__wcbF__gene__promoter,4779
cnv_depth__IBNLCO_02786__wcbE__gene,53
cnv_depth__IBNLCO_02786__gnl|Bakta|IBNLCO_02786__CDS__promoter,4618
cnv_depth__IBNLCO_02787__wzt2__gene,3534
cnv_depth__IBNLCO_02788__wzm__gene,53
cnv_depth__IBNLCO_02787__wzt2__gene__promoter,9346
cnv_depth__IBNLCO_02788__wzm__gene__promoter,8362
cnv_depth__IBNLCO_02789__wcbD__gene,139
cnv_depth__IBNLCO_02789__capsule__CDS__promoter,9251
cnv_depth__IBNLCO_02790__wcbC__gene,139
cnv_depth__IBNLCO_02790__capsular__CDS__promoter,4355
cnv_depth__IBNLCO_02791__hypothetical__CDS__promoter,2534
cnv_depth__IBNLCO_02791__IBNLCO_02791__gene,7221
cnv_depth__IBNLCO_02792__IBNLCO_02792__gene__promoter,6913
cnv_depth__IBNLCO_02792__hypothetical__CDS,3968
cnv_depth__IBNLCO_02793__manC__gene__promoter,3419
cnv_depth__IBNLCO_02793__manC__gene,9458
cnv_depth__IBNLCO_02794__IBNLCO_02794__gene__promoter,7756
cnv_depth__IBNLCO_02794__IBNLCO_02794__gene,7241
cnv_depth__IBNLCO_02795__IBNLCO_02795__gene__promoter,6213
cnv_depth__IBNLCO_02795__IBNLCO_02795__gene,5410
cnv_depth__IBNLCO_02797__mutL__gene__promoter,1058
cnv_depth__IBNLCO_02796__IBNLCO_02796__gene__promoter,1058
cnv_depth__IBNLCO_02798__IBNLCO_02798__gene__promoter,2483
cnv_depth__IBNLCO_02798__IBNLCO_02798__gene,2511
cnv_depth__IBNLCO_02799__IBNLCO_02799__gene,2621
cnv_depth__IBNLCO_02799__hypothetical__CDS__promoter,6938
cnv_depth__IBNLCO_02800__IBNLCO_02800__gene,5602
cnv_depth__IBNLCO_02800__Phosphoribosylformylglycinamidine__CDS__promoter,9278
cnv_depth__IBNLCO_02801__dnaA__gene__promoter,3236
cnv_depth__IBNLCO_02802__IBNLCO_02802__gene__promoter,4309
cnv_depth__IBNLCO_02803__IBNLCO_02803__gene__promoter,5629
cnv_depth__IBNLCO_02804__IBNLCO_02804__gene__promoter,5282
cnv_depth__IBNLCO_02805__Deoxyadenosine__CDS__promoter,2543
cnv_depth__IBNLCO_02805__IBNLCO_02805__gene,3370
cnv_depth__IBNLCO_02806__3-methyl-2-oxobutanoate__CDS__promoter,4110
cnv_depth__IBNLCO_02807__Isochorismate__CDS__promoter,2708
cnv_depth__IBNLCO_02808__dnaJ__gene,9461
cnv_depth__IBNLCO_02808__dnaJ__gene__promoter,7663
cnv_depth__IBNLCO_02809__dnaK__gene__promoter,3598
cnv_depth__IBNLCO_02810__hypothetical__CDS,2942
cnv_depth__IBNLCO_02810__IBNLCO_02810__gene__promoter,7781
cnv_depth__IBNLCO_02811__hypothetical__CDS,6785
cnv_depth__IBNLCO_02811__IBNLCO_02811__gene__promoter,6483
cnv_depth__IBNLCO_02812__IBNLCO_02812__gene,9455
cnv_depth__IBNLCO_02812__IBNLCO_02812__gene__promoter,2568
cnv_depth__IBNLCO_02813__gnl|Bakta|IBNLCO_02813__CDS__promoter,5445
cnv_depth__IBNLCO_02815__IBNLCO_02815__gene__promoter,9514
cnv_depth__IBNLCO_02814__hrcA__gene__promoter,2441
cnv_depth__IBNLCO_02816__DNA__CDS__promoter,6991
cnv_depth__IBNLCO_02816__DNA__CDS,5205
cnv_depth__IBNLCO_02817__IBNLCO_02817__gene,8596
cnv_depth__IBNLCO_02818__TIGR02099__CDS__promoter,509
cnv_depth__IBNLCO_02817__IBNLCO_02817__gene__promoter,509
cnv_depth__IBNLCO_02818__IBNLCO_02818__gene,9098
cnv_depth__IBNLCO_02819__Deaminated__CDS__promoter,2603
cnv_depth__IBNLCO_02819__Deaminated__CDS,3446
cnv_depth__IBNLCO_02820__Acid__CDS__promoter,8182
cnv_depth__IBNLCO_02820__Acid__CDS,3425
cnv_depth__IBNLCO_02821__3-deoxy-7-phosphoheptulonate__CDS__promoter,6266
cnv_depth__IBNLCO_02821__IBNLCO_02821__gene,6258
cnv_depth__IBNLCO_02822__IBNLCO_02822__gene,5857
cnv_depth__IBNLCO_02822__gnl|Bakta|IBNLCO_02822__CDS__promoter,4653
cnv_depth__IBNLCO_02823__IBNLCO_02823__gene,6954
cnv_depth__IBNLCO_02824__IBNLCO_02824__gene__promoter,906
cnv_depth__IBNLCO_02823__Corrinoid__CDS__promoter,906
cnv_depth__IBNLCO_02824__D-lactate__CDS,2651
cnv_depth__IBNLCO_02825__FAD-binding__CDS__promoter,4015
cnv_depth__IBNLCO_02826__Glycolate__CDS__promoter,3701
cnv_depth__IBNLCO_02826__glcE__gene,5552
cnv_depth__IBNLCO_02827__IBNLCO_02827__gene__promoter,3758
cnv_depth__IBNLCO_02828__Pyridoxal__CDS__promoter,8791
cnv_depth__IBNLCO_02829__Pyrroline-5-carboxylate__CDS__promoter,5297
cnv_depth__IBNLCO_02829__Pyrroline-5-carboxylate__CDS,2766
cnv_depth__IBNLCO_02830__Phosphonate__CDS__promoter,8573
cnv_depth__IBNLCO_02831__ptxB__gene__promoter,5131
cnv_depth__IBNLCO_02832__Phosphonates__CDS,2729
cnv_depth__IBNLCO_02832__Phosphonates__CDS__promoter,2758
cnv_depth__IBNLCO_02833__IBNLCO_02833__gene,3270
cnv_depth__IBNLCO_02833__IBNLCO_02833__gene__promoter,7370
cnv_depth__IBNLCO_02834__phnL__gene,6341
cnv_depth__IBNLCO_02834__phnL__gene__promoter,5376
cnv_depth__IBNLCO_02835__phnK__gene,7193
cnv_depth__IBNLCO_02835__phnK__gene__promoter,7988
cnv_depth__IBNLCO_02837__phnI__gene,3378
cnv_depth__IBNLCO_02836__Alpha-D-ribose__CDS__promoter,7062
cnv_depth__IBNLCO_02838__hypothetical__CDS,7106
cnv_depth__IBNLCO_02837__phnI__gene__promoter,2723
cnv_depth__IBNLCO_02838__IBNLCO_02838__gene__promoter,8602
cnv_depth__IBNLCO_02839__phnG__gene,8344
cnv_depth__IBNLCO_02840__IBNLCO_02840__gene__promoter,83
cnv_depth__IBNLCO_02839__phnG__gene__promoter,83
cnv_depth__IBNLCO_02840__IBNLCO_02840__gene,7865
cnv_depth__IBNLCO_02841__IBNLCO_02841__gene__promoter,6918
cnv_depth__IBNLCO_02841__IBNLCO_02841__gene,6683
cnv_depth__IBNLCO_02842__phnN__gene__promoter,4875
cnv_depth__IBNLCO_02842__Ribose__CDS,3006
cnv_depth__IBNLCO_02843__4-hydroxybenzoate__CDS,5172
cnv_depth__IBNLCO_02843__4-hydroxybenzoate__CDS__promoter,5314
cnv_depth__IBNLCO_02844__HTH__CDS,4872
cnv_depth__IBNLCO_02844__IBNLCO_02844__gene__promoter,6914
cnv_depth__IBNLCO_02845__non-specific__CDS,5496
cnv_depth__IBNLCO_02845__non-specific__CDS__promoter,6445
cnv_depth__IBNLCO_02846__hypothetical__CDS,5654
cnv_depth__IBNLCO_02846__hypothetical__CDS__promoter,4069
cnv_depth__IBNLCO_02847__gnl|Bakta|IBNLCO_02847__CDS,8394
cnv_depth__IBNLCO_02847__IBNLCO_02847__gene__promoter,8228
cnv_depth__IBNLCO_02848__gnl|Bakta|IBNLCO_02848__CDS,3958
cnv_depth__IBNLCO_02848__IBNLCO_02848__gene__promoter,2611
cnv_depth__IBNLCO_02849__IBNLCO_02849__gene,9416
cnv_depth__IBNLCO_02849__IBNLCO_02849__gene__promoter,1914
cnv_depth__IBNLCO_02850__recG__gene,3710
cnv_depth__IBNLCO_02851__S-adenosylmethionine:tRNA__CDS__promoter,9718
cnv_depth__IBNLCO_02850__recG__gene__promoter,3309
cnv_depth__IBNLCO_02851__IBNLCO_02851__gene,7740
cnv_depth__IBNLCO_02852__IBNLCO_02852__gene__promoter,3595
cnv_depth__IBNLCO_02853__yajC__gene__promoter,5130
cnv_depth__IBNLCO_02853__Sec__CDS,6844
cnv_depth__IBNLCO_02854__secD__gene__promoter,9337
cnv_depth__IBNLCO_02855__secF__gene__promoter,6228
cnv_depth__IBNLCO_02855__Protein-export__CDS,2733
cnv_depth__IBNLCO_02856__IBNLCO_02856__gene,167
cnv_depth__IBNLCO_02856__Major__CDS__promoter,167
cnv_depth__IBNLCO_02857__Polyisoprenoid-binding__CDS,7408
cnv_depth__IBNLCO_02857__Polyisoprenoid-binding__CDS__promoter,2265
cnv_depth__IBNLCO_02858__Lipid/polyisoprenoid-binding__CDS,3869
cnv_depth__IBNLCO_02858__Lipid/polyisoprenoid-binding__CDS__promoter,3948
cnv_depth__IBNLCO_02859__IBNLCO_02859__gene,3782
cnv_depth__IBNLCO_02859__IBNLCO_02859__gene__promoter,9201
cnv_depth__IBNLCO_02860__hypothetical__CDS__promoter,8482
cnv_depth__IBNLCO_02860__IBNLCO_02860__gene,1934
cnv_depth__IBNLCO_02861__Paraquat-inducible__CDS__promoter,1854
cnv_depth__IBNLCO_02862__Intermembrane__CDS__promoter,6942
cnv_depth__IBNLCO_02862__pqiB__gene,3857
cnv_depth__IBNLCO_02863__IBNLCO_02863__gene__promoter,3187
cnv_depth__IBNLCO_02863__IBNLCO_02863__gene,8688
cnv_depth__IBNLCO_02864__hypothetical__CDS__promoter,5032
cnv_depth__IBNLCO_02864__hypothetical__CDS,1830
cnv_depth__IBNLCO_02865__IBNLCO_02865__gene__promoter,4003
cnv_depth__IBNLCO_02866__THUMP__CDS__promoter,9135
cnv_depth__IBNLCO_02866__THUMP__CDS,6595
cnv_depth__IBNLCO_02867__IBNLCO_02867__gene,5811
cnv_depth__IBNLCO_02867__hypothetical__CDS__promoter,3578
cnv_depth__IBNLCO_02868__IBNLCO_02868__gene__promoter,3847
cnv_depth__IBNLCO_02868__IBNLCO_02868__gene,5550
cnv_depth__IBNLCO_02869__birA__gene__promoter,8481
cnv_depth__IBNLCO_02869__birA__gene,5507
cnv_depth__IBNLCO_02870__IBNLCO_02870__gene,5945
cnv_depth__IBNLCO_02871__IBNLCO_02871__gene,4835
cnv_depth__IBNLCO_02870__NAD(P)__CDS__promoter,5400
cnv_depth__IBNLCO_02871__proton-translocating__CDS__promoter,2975
cnv_depth__IBNLCO_02872__proton-translocating__CDS__promoter,479
cnv_depth__IBNLCO_02873__Phosphatase__CDS__promoter,479
cnv_depth__IBNLCO_02873__Phosphatase__CDS,7762
cnv_depth__IBNLCO_02874__tRNA-specific__CDS__promoter,3154
cnv_depth__IBNLCO_02875__IBNLCO_02875__gene__promoter,4894
cnv_depth__IBNLCO_02876__Glutathione__CDS__promoter,7720
cnv_depth__IBNLCO_02877__IBNLCO_02877__gene__promoter,6227
cnv_depth__IBNLCO_02877__IBNLCO_02877__gene,3489
cnv_depth__IBNLCO_02878__IBNLCO_02878__gene__promoter,3892
cnv_depth__IBNLCO_02878__IBNLCO_02878__gene,6033
cnv_depth__IBNLCO_02879__tRNA__CDS__promoter,4601
cnv_depth__IBNLCO_02880__IBNLCO_02880__gene__promoter,4980
cnv_depth__IBNLCO_02880__Putative__CDS,227
cnv_depth__IBNLCO_02881__purH__gene__promoter,227
cnv_depth__IBNLCO_02882__Crossover__CDS__promoter,2509
cnv_depth__IBNLCO_02882__ruvC__gene,6216
cnv_depth__IBNLCO_02883__Holliday__CDS__promoter,5546
cnv_depth__IBNLCO_02883__ruvA__gene,3858
cnv_depth__IBNLCO_02884__Holliday__CDS__promoter,5340
cnv_depth__IBNLCO_02884__Holliday__CDS,9062
cnv_depth__IBNLCO_02885__ER-bound__CDS__promoter,7560
cnv_depth__IBNLCO_02885__ER-bound__CDS,6166
cnv_depth__IBNLCO_02886__gnl|Bakta|IBNLCO_02886__CDS__promoter,9360
cnv_depth__IBNLCO_02886__gnl|Bakta|IBNLCO_02886__CDS,3853
cnv_depth__IBNLCO_02887__Phosphoglycerate__CDS,3392
cnv_depth__IBNLCO_02887__IBNLCO_02887__gene__promoter,2186
cnv_depth__IBNLCO_02888__IBNLCO_02888__gene,6149
cnv_depth__IBNLCO_02888__D-aminoacyl-tRNA__CDS__promoter,9371
cnv_depth__IBNLCO_02890__IBNLCO_02890__gene__promoter,360
cnv_depth__IBNLCO_02889__Tyrosine--tRNA__CDS__promoter,360
cnv_depth__IBNLCO_02890__Anhydro-N-acetylmuramic__CDS,2131
cnv_depth__IBNLCO_02891__GSH-dependent__CDS,7153
cnv_depth__IBNLCO_02891__GSH-dependent__CDS__promoter,7346
cnv_depth__IBNLCO_02892__yfcG__gene,6112
cnv_depth__IBNLCO_02893__AraC_family__CDS__promoter,4823
cnv_depth__IBNLCO_02892__Disulfide-bond__CDS__promoter,7546
cnv_depth__IBNLCO_02894__erpA__gene,5461
cnv_depth__IBNLCO_02894__Putative__CDS__promoter,9606
cnv_depth__IBNLCO_02895__IBNLCO_02895__gene,7444
cnv_depth__IBNLCO_02895__Small__CDS__promoter,4816
cnv_depth__IBNLCO_02896__IBNLCO_02896__gene,8368
cnv_depth__IBNLCO_02896__Large__CDS__promoter,2501
cnv_depth__IBNLCO_02897__Betaproteobacteria_toxic_sRNA__gene,6961
cnv_depth__IBNLCO_02897__Betaproteobacteria_toxic_sRNA__gene__promoter,3577
cnv_depth__IBNLCO_02898__gnl|Bakta|IBNLCO_02898__CDS__promoter,5918
cnv_depth__IBNLCO_02898__IBNLCO_02898__gene,3803
cnv_depth__IBNLCO_02899__RNaseP_bact_a__gene,4939
cnv_depth__IBNLCO_02899__RNaseP_bact_a__gene__promoter,3705
cnv_depth__IBNLCO_02900__IBNLCO_02900__gene,6726
cnv_depth__IBNLCO_02900__IBNLCO_02900__gene__promoter,4558
cnv_depth__IBNLCO_02901__gnl|Bakta|IBNLCO_02901__CDS__promoter,798
cnv_depth__IBNLCO_02902__IBNLCO_02902__gene__promoter,798
cnv_depth__IBNLCO_02903__hypothetical__CDS,9598
cnv_depth__IBNLCO_02903__hypothetical__CDS__promoter,7388
cnv_depth__IBNLCO_02904__SHSP__CDS,2478
cnv_depth__IBNLCO_02904__SHSP__CDS__promoter,4213
cnv_depth__IBNLCO_02905__SHSP__CDS,9445
cnv_depth__IBNLCO_02905__SHSP__CDS__promoter,4487
cnv_depth__IBNLCO_02906__Co-chaperonin__CDS__promoter,6351
cnv_depth__IBNLCO_02906__IBNLCO_02906__gene,2140
cnv_depth__IBNLCO_02907__hypothetical__CDS__promoter,2438
cnv_depth__IBNLCO_02908__IBNLCO_02908__gene__promoter,415
cnv_depth__IBNLCO_02907__hypothetical__CDS,415
cnv_depth__IBNLCO_02908__IBNLCO_02908__gene,5371
cnv_depth__IBNLCO_02909__ABC__CDS,4147
cnv_depth__IBNLCO_02910__ABC__CDS,8724
cnv_depth__IBNLCO_02909__IBNLCO_02909__gene__promoter,6883
cnv_depth__IBNLCO_02911__Glutamate/aspartate__CDS,3797
cnv_depth__IBNLCO_02910__IBNLCO_02910__gene__promoter,3220
cnv_depth__IBNLCO_02911__Glutamate/aspartate__CDS__promoter,8575
cnv_depth__IBNLCO_02912__Extracellular__CDS,7650
cnv_depth__IBNLCO_02912__IBNLCO_02912__gene__promoter,5847
cnv_depth__IBNLCO_02913__IBNLCO_02913__gene,6366
cnv_depth__IBNLCO_02913__IBNLCO_02913__gene__promoter,2797
cnv_depth__IBNLCO_02914__IBNLCO_02914__gene,6261
cnv_depth__IBNLCO_02914__IBNLCO_02914__gene__promoter,4597
cnv_depth__IBNLCO_02915__MFS__CDS__promoter,8794
cnv_depth__IBNLCO_02915__IBNLCO_02915__gene,7862
cnv_depth__IBNLCO_02916__Adenylosuccinate__CDS__promoter,5961
cnv_depth__IBNLCO_02917__gnl|Bakta|IBNLCO_02917__CDS,3891
cnv_depth__IBNLCO_02917__IBNLCO_02917__gene__promoter,5535
cnv_depth__IBNLCO_02918__Gluconate__CDS,4389
cnv_depth__IBNLCO_02918__Gluconate__CDS__promoter,8813
cnv_depth__IBNLCO_02919__2-dehydro-3-deoxy-phosphogluconate__CDS,2446
cnv_depth__IBNLCO_02919__IBNLCO_02919__gene__promoter,7623
cnv_depth__IBNLCO_02920__IBNLCO_02920__gene__promoter,4710
cnv_depth__IBNLCO_02921__IBNLCO_02921__gene__promoter,7578
cnv_depth__IBNLCO_02922__Protoporphyrinogen__CDS,5702
cnv_depth__IBNLCO_02922__IBNLCO_02922__gene__promoter,8918
cnv_depth__IBNLCO_02923__IBNLCO_02923__gene__promoter,6099
cnv_depth__IBNLCO_02924__IBNLCO_02924__gene,9574
cnv_depth__IBNLCO_02924__IBNLCO_02924__gene__promoter,4495
cnv_depth__IBNLCO_02925__lptE__gene__promoter,6919
cnv_depth__IBNLCO_02926__IBNLCO_02926__gene__promoter,2887
cnv_depth__IBNLCO_02927__Biopolymer__CDS,5562
cnv_depth__IBNLCO_02927__exbD__gene__promoter,4886
cnv_depth__IBNLCO_02928__exbB__gene,7893
cnv_depth__IBNLCO_02928__Biopolymer__CDS__promoter,7457
cnv_depth__IBNLCO_02929__4-hydroxy-tetrahydrodipicolinate__CDS,6952
cnv_depth__IBNLCO_02929__IBNLCO_02929__gene__promoter,6884
cnv_depth__IBNLCO_02930__hypothetical__CDS,8989
cnv_depth__IBNLCO_02931__IBNLCO_02931__gene__promoter,252
cnv_depth__IBNLCO_02930__IBNLCO_02930__gene__promoter,252
cnv_depth__IBNLCO_02931__IBNLCO_02931__gene,8461
cnv_depth__IBNLCO_02932__Ureidoglycolate__CDS__promoter,9091
cnv_depth__IBNLCO_02933__IBNLCO_02933__gene__promoter,9104
cnv_depth__IBNLCO_02934__IBNLCO_02934__gene,7638
cnv_depth__IBNLCO_02934__IBNLCO_02934__gene__promoter,208
cnv_depth__IBNLCO_02935__IBNLCO_02935__gene__promoter,208
cnv_depth__IBNLCO_02935__IBNLCO_02935__gene,2810
cnv_depth__IBNLCO_02936__cynR__gene,6387
cnv_depth__IBNLCO_02937__IBNLCO_02937__gene__promoter,9522
cnv_depth__IBNLCO_02936__cynR__gene__promoter,7880
cnv_depth__IBNLCO_02937__IBNLCO_02937__gene,9513
cnv_depth__IBNLCO_02938__IBNLCO_02938__gene__promoter,5437
cnv_depth__IBNLCO_02939__IBNLCO_02939__gene__promoter,4890
cnv_depth__IBNLCO_02940__Glyceraldehyde-3-phosphate__CDS__promoter,7920
cnv_depth__IBNLCO_02942__Polyamine__CDS__promoter,21
cnv_depth__IBNLCO_02941__Transketolase__CDS__promoter,21
cnv_depth__IBNLCO_02943__VOC__CDS,9246
cnv_depth__IBNLCO_02944__IBNLCO_02944__gene__promoter,4506
cnv_depth__IBNLCO_02944__IBNLCO_02944__gene,3809
cnv_depth__IBNLCO_02945__IBNLCO_02945__gene__promoter,4320
cnv_depth__IBNLCO_02946__IBNLCO_02946__gene,7978
cnv_depth__IBNLCO_02946__hypothetical__CDS__promoter,3188
cnv_depth__IBNLCO_02947__IBNLCO_02947__gene__promoter,84
cnv_depth__IBNLCO_02948__IBNLCO_02948__gene__promoter,84
cnv_depth__IBNLCO_02948__IBNLCO_02948__gene,7646
cnv_depth__IBNLCO_02949__hypothetical__CDS__promoter,3695
cnv_depth__IBNLCO_02949__IBNLCO_02949__gene,4426
cnv_depth__IBNLCO_02950__Nicotinamide-nucleotide__CDS__promoter,2583
cnv_depth__IBNLCO_02950__IBNLCO_02950__gene,2932
cnv_depth__IBNLCO_02951__IBNLCO_02951__gene,6025
cnv_depth__IBNLCO_02951__IBNLCO_02951__gene__promoter,5103
cnv_depth__IBNLCO_02952__IBNLCO_02952__gene__promoter,2551
cnv_depth__IBNLCO_02953__IBNLCO_02953__gene__promoter,8789
cnv_depth__IBNLCO_02954__L-arabinose__CDS,5211
cnv_depth__IBNLCO_02954__L-arabinose__CDS__promoter,9687
cnv_depth__IBNLCO_02955__araG__gene__promoter,1357
cnv_depth__IBNLCO_02956__IBNLCO_02956__gene,8591
cnv_depth__IBNLCO_02956__L-arabinose-binding__CDS__promoter,6091
cnv_depth__IBNLCO_02957__IBNLCO_02957__gene,3806
cnv_depth__IBNLCO_02958__2-dehydro-3-deoxy-6-phosphogalactonate__CDS,9504
cnv_depth__IBNLCO_02957__Peroxisomal__CDS__promoter,6616
cnv_depth__IBNLCO_02958__2-dehydro-3-deoxy-6-phosphogalactonate__CDS__promoter,7959
cnv_depth__IBNLCO_02959__gnl|Bakta|IBNLCO_02959__CDS,3743
cnv_depth__IBNLCO_02959__gnl|Bakta|IBNLCO_02959__CDS__promoter,5904
cnv_depth__IBNLCO_02960__HTH-type__CDS__promoter,2262
cnv_depth__IBNLCO_02961__IBNLCO_02961__gene,3490
cnv_depth__IBNLCO_02961__EF-hand__CDS__promoter,3407
cnv_depth__IBNLCO_02962__Carboxypeptidase__CDS,2743
cnv_depth__IBNLCO_02962__IBNLCO_02962__gene__promoter,2883
cnv_depth__IBNLCO_02963__IBNLCO_02963__gene,7065
cnv_depth__IBNLCO_02963__IBNLCO_02963__gene__promoter,3132
cnv_depth__IBNLCO_02964__IBNLCO_02964__gene,2762
cnv_depth__IBNLCO_02964__IBNLCO_02964__gene__promoter,3312
cnv_depth__IBNLCO_02965__IBNLCO_02965__gene__promoter,4330
cnv_depth__IBNLCO_02966__IBNLCO_02966__gene,5054
cnv_depth__IBNLCO_02966__IBNLCO_02966__gene__promoter,2070
cnv_depth__IBNLCO_02968__IBNLCO_02968__gene__promoter,504
cnv_depth__IBNLCO_02967__IBNLCO_02967__gene__promoter,504
cnv_depth__IBNLCO_02968__IBNLCO_02968__gene,3238
cnv_depth__IBNLCO_02969__IBNLCO_02969__gene__promoter,7478
cnv_depth__IBNLCO_02969__IBNLCO_02969__gene,4287
cnv_depth__IBNLCO_02970__IBNLCO_02970__gene__promoter,5845
cnv_depth__IBNLCO_02971__IBNLCO_02971__gene__promoter,3307
cnv_depth__IBNLCO_02971__IBNLCO_02971__gene,6887
cnv_depth__IBNLCO_02972__Biotin__CDS__promoter,4924
cnv_depth__IBNLCO_02972__IBNLCO_02972__gene,3979
cnv_depth__IBNLCO_02973__Ribosomal__CDS__promoter,3841
cnv_depth__IBNLCO_02974__Zinc__CDS__promoter,3933
cnv_depth__IBNLCO_02974__IBNLCO_02974__gene,4521
cnv_depth__IBNLCO_02975__Thiol__CDS__promoter,7561
cnv_depth__IBNLCO_02976__IBNLCO_02976__gene__promoter,3077
cnv_depth__IBNLCO_02977__Glycine__CDS__promoter,2546
cnv_depth__IBNLCO_02977__Glycine__CDS,4273
cnv_depth__IBNLCO_02978__hypothetical__CDS,766
cnv_depth__IBNLCO_02979__IBNLCO_02979__gene__promoter,766
cnv_depth__IBNLCO_02978__IBNLCO_02978__gene__promoter,1168
cnv_depth__IBNLCO_02979__IBNLCO_02979__gene,1168
cnv_depth__IBNLCO_02980__IBNLCO_02980__gene,9608
cnv_depth__IBNLCO_02980__Ribonucleoside-diphosphate__CDS__promoter,7831
cnv_depth__IBNLCO_02981__IBNLCO_02981__gene,4652
cnv_depth__IBNLCO_02981__Vitamin__CDS__promoter,7933
cnv_depth__IBNLCO_02982__ampD__gene,7009
cnv_depth__IBNLCO_02983__gnl|Bakta|IBNLCO_02983__CDS,110
cnv_depth__IBNLCO_02982__ampD__gene__promoter,110
cnv_depth__IBNLCO_02983__IBNLCO_02983__gene__promoter,3703
cnv_depth__IBNLCO_02984__Cytochrome__CDS,7778
cnv_depth__IBNLCO_02985__Signal__CDS__promoter,5709
cnv_depth__IBNLCO_02984__Cytochrome__CDS__promoter,7571
cnv_depth__IBNLCO_02986__IBNLCO_02986__gene__promoter,5171
cnv_depth__IBNLCO_02986__IBNLCO_02986__gene,4846
cnv_depth__IBNLCO_02987__IBNLCO_02987__gene,8076
cnv_depth__IBNLCO_02987__IBNLCO_02987__gene__promoter,5557
cnv_depth__IBNLCO_02988__Proline--tRNA__CDS,8972
cnv_depth__IBNLCO_02988__Proline--tRNA__CDS__promoter,450
cnv_depth__IBNLCO_02989__IBNLCO_02989__gene__promoter,450
cnv_depth__IBNLCO_02989__IBNLCO_02989__gene,3572
cnv_depth__IBNLCO_02990__CNP1-like__CDS__promoter,2547
cnv_depth__IBNLCO_02990__CNP1-like__CDS,7272
cnv_depth__IBNLCO_02991__Glutamate__CDS,5906
cnv_depth__IBNLCO_02991__IBNLCO_02991__gene__promoter,7859
cnv_depth__IBNLCO_02992__GTPase__CDS,8406
cnv_depth__IBNLCO_02992__IBNLCO_02992__gene__promoter,4996
cnv_depth__IBNLCO_02993__Large__CDS,7576
cnv_depth__IBNLCO_02993__IBNLCO_02993__gene__promoter,295
cnv_depth__IBNLCO_02994__Large__CDS,295
cnv_depth__IBNLCO_02994__IBNLCO_02994__gene__promoter,358
cnv_depth__IBNLCO_02995__IBNLCO_02995__gene__promoter,358
cnv_depth__IBNLCO_02995__Octaprenyl-diphosphate__CDS,7956
cnv_depth__IBNLCO_02996__trnP__gene__promoter,3050
cnv_depth__IBNLCO_02996__trnP__gene,3267
cnv_depth__IBNLCO_02997__corB__gene__promoter,8262
cnv_depth__IBNLCO_02997__corB__gene,2029
cnv_depth__IBNLCO_02998__pilB__gene__promoter,3000
cnv_depth__IBNLCO_02998__pilB__gene,2856
cnv_depth__IBNLCO_02999__pilC__gene__promoter,3777
cnv_depth__IBNLCO_02999__pilC__gene,5989
cnv_depth__IBNLCO_03000__pilD__gene__promoter,3023
cnv_depth__IBNLCO_03000__type__CDS,7339
cnv_depth__IBNLCO_03001__Dephospho-CoA__CDS__promoter,2695
cnv_depth__IBNLCO_03001__IBNLCO_03001__gene,6196
cnv_depth__IBNLCO_03002__Cell__CDS__promoter,3470
cnv_depth__IBNLCO_03002__Cell__CDS,2913
cnv_depth__IBNLCO_03003__DNA__CDS__promoter,3946
cnv_depth__IBNLCO_03003__DNA__CDS,9631
cnv_depth__IBNLCO_03004__8-oxo-dGTP__CDS,8131
cnv_depth__IBNLCO_03004__8-oxo-dGTP__CDS__promoter,5315
cnv_depth__IBNLCO_03005__ATP-binding__CDS__promoter,9202
cnv_depth__IBNLCO_03006__Arginine__CDS,3633
cnv_depth__IBNLCO_03006__argJ__gene__promoter,5539
cnv_depth__IBNLCO_03007__secA__gene,4643
cnv_depth__IBNLCO_03007__secA__gene__promoter,3385
cnv_depth__IBNLCO_03008__IBNLCO_03008__gene__promoter,7942
cnv_depth__IBNLCO_03008__IBNLCO_03008__gene,4789
cnv_depth__IBNLCO_03009__UDP-3-O-acyl-N-acetylglucosamine__CDS,3977
cnv_depth__IBNLCO_03009__UDP-3-O-acyl-N-acetylglucosamine__CDS__promoter,1568
cnv_depth__IBNLCO_03010__IBNLCO_03010__gene,6577
cnv_depth__IBNLCO_03010__IBNLCO_03010__gene__promoter,3159
cnv_depth__IBNLCO_03011__ftsZ__gene,3453
cnv_depth__IBNLCO_03011__Cell__CDS__promoter,5663
cnv_depth__IBNLCO_03012__Cell__CDS,4256
cnv_depth__IBNLCO_03012__Cell__CDS__promoter,8280
cnv_depth__IBNLCO_03013__Cell__CDS,7838
cnv_depth__IBNLCO_03013__Cell__CDS__promoter,5060
cnv_depth__IBNLCO_03014__D-alanine--D-alanine__CDS__promoter,8010
cnv_depth__IBNLCO_03015__UDP-N-acetylmuramate--L-alanine__CDS__promoter,5273
cnv_depth__IBNLCO_03016__IBNLCO_03016__gene__promoter,5178
cnv_depth__IBNLCO_03017__ftsW__gene,6778
cnv_depth__IBNLCO_03018__UDP-N-acetylmuramoylalanine--D-glutamate__CDS,8361
cnv_depth__IBNLCO_03017__putative__CDS__promoter,4769
cnv_depth__IBNLCO_03018__IBNLCO_03018__gene__promoter,4500
cnv_depth__IBNLCO_03019__IBNLCO_03019__gene,2737
cnv_depth__IBNLCO_03019__Phospho-N-acetylmuramoyl-pentapeptide-transferase__CDS__promoter,5769
cnv_depth__IBNLCO_03020__UDP-N-acetylmuramoyl-tripeptide--D-alanyl-D-alani__CDS,9604
cnv_depth__IBNLCO_03021__UDP-N-acetylmuramoyl-L-alanyl-D-glutamate--2%2C6-di__CDS,9669
cnv_depth__IBNLCO_03020__IBNLCO_03020__gene__promoter,6507
cnv_depth__IBNLCO_03022__ftsI__gene,4435
cnv_depth__IBNLCO_03021__UDP-N-acetylmuramoyl-L-alanyl-D-glutamate--2%2C6-di__CDS__promoter,5637
cnv_depth__IBNLCO_03023__ftsL__gene,37
cnv_depth__IBNLCO_03022__Peptidoglycan__CDS__promoter,37
cnv_depth__IBNLCO_03024__IBNLCO_03024__gene,7345
cnv_depth__IBNLCO_03023__Cell__CDS__promoter,2607
cnv_depth__IBNLCO_03024__Ribosomal__CDS__promoter,9323
cnv_depth__IBNLCO_03025__mraZ__gene,5286
cnv_depth__IBNLCO_03025__Transcriptional__CDS__promoter,3734
cnv_depth__IBNLCO_03026__3-demethoxyubiquinol__CDS,2744
cnv_depth__IBNLCO_03026__IBNLCO_03026__gene__promoter,9654
cnv_depth__IBNLCO_03027__IBNLCO_03027__gene__promoter,8881
cnv_depth__IBNLCO_03027__IBNLCO_03027__gene,9008
cnv_depth__IBNLCO_03028__IBNLCO_03028__gene,9284
cnv_depth__IBNLCO_03028__IBNLCO_03028__gene__promoter,4022
cnv_depth__IBNLCO_03029__IBNLCO_03029__gene,4826
cnv_depth__IBNLCO_03029__4Fe-4S__CDS__promoter,4066
cnv_depth__IBNLCO_03030__rrf__gene,6236
cnv_depth__IBNLCO_03030__rrf__gene__promoter,4801
cnv_depth__IBNLCO_03031__rrl__gene,1212
cnv_depth__IBNLCO_03031__rrl__gene__promoter,1212
cnv_depth__IBNLCO_03032__trnA__gene,1212
cnv_depth__IBNLCO_03032__trnA__gene__promoter,1212
cnv_depth__IBNLCO_03033__trnI__gene,1212
cnv_depth__IBNLCO_03033__trnI__gene__promoter,1212
cnv_depth__IBNLCO_03034__rrs__gene,2155
cnv_depth__IBNLCO_03034__rrs__gene__promoter,4600
cnv_depth__IBNLCO_03035__IBNLCO_03035__gene,8866
cnv_depth__IBNLCO_03036__IBNLCO_03036__gene__promoter,236
cnv_depth__IBNLCO_03035__Enoyl-CoA__CDS__promoter,236
cnv_depth__IBNLCO_03036__IBNLCO_03036__gene,3183
cnv_depth__IBNLCO_03037__IBNLCO_03037__gene__promoter,3985
cnv_depth__IBNLCO_03037__IBNLCO_03037__gene,5163
cnv_depth__IBNLCO_03038__IBNLCO_03038__gene__promoter,7536
cnv_depth__IBNLCO_03038__IBNLCO_03038__gene,6910
cnv_depth__IBNLCO_03039__Phenylacetic__CDS__promoter,3429
cnv_depth__IBNLCO_03039__paaD__gene,4561
cnv_depth__IBNLCO_03040__IBNLCO_03040__gene__promoter,2691
cnv_depth__IBNLCO_03040__Phenylacetate-coenzyme__CDS,6760
cnv_depth__IBNLCO_03042__hypothetical__CDS__promoter,6100
cnv_depth__IBNLCO_03041__peptidoglycan__CDS__promoter,1146
cnv_depth__IBNLCO_03042__hypothetical__CDS,1146
cnv_depth__IBNLCO_03043__apaG__gene,8600
cnv_depth__IBNLCO_03044__Ribulose-phosphate__CDS__promoter,343
cnv_depth__IBNLCO_03043__Protein__CDS__promoter,343
cnv_depth__IBNLCO_03045__hypothetical__CDS__promoter,7507
cnv_depth__IBNLCO_03045__IBNLCO_03045__gene,2937
cnv_depth__IBNLCO_03046__Anthranilate__CDS__promoter,5006
cnv_depth__IBNLCO_03047__IBNLCO_03047__gene__promoter,5772
cnv_depth__IBNLCO_03047__Anthranilate__CDS,4527
cnv_depth__IBNLCO_03048__Anthranilate__CDS__promoter,8230
cnv_depth__IBNLCO_03048__IBNLCO_03048__gene,5330
cnv_depth__IBNLCO_03049__IBNLCO_03049__gene__promoter,8312
cnv_depth__IBNLCO_03050__IBNLCO_03050__gene__promoter,2800
cnv_depth__IBNLCO_03050__IBNLCO_03050__gene,3745
cnv_depth__IBNLCO_03051__IBNLCO_03051__gene__promoter,2572
cnv_depth__IBNLCO_03051__IBNLCO_03051__gene,7797
cnv_depth__IBNLCO_03052__FMN-dependent__CDS__promoter,3411
cnv_depth__IBNLCO_03053__PDZ__CDS__promoter,7643
cnv_depth__IBNLCO_03054__IBNLCO_03054__gene__promoter,6494
cnv_depth__IBNLCO_03055__IBNLCO_03055__gene,2761
cnv_depth__IBNLCO_03055__2-octaprenyl-3-methyl-6-methoxy-1%2C4-benzoquinol__CDS__promoter,7701
cnv_depth__IBNLCO_03056__hypothetical__CDS__promoter,5196
cnv_depth__IBNLCO_03056__hypothetical__CDS,7147
cnv_depth__IBNLCO_03057__HD__CDS__promoter,5481
cnv_depth__IBNLCO_03058__Ribosome-binding__CDS__promoter,2795
cnv_depth__IBNLCO_03058__Ribosome-binding__CDS,2458
cnv_depth__IBNLCO_03059__IBNLCO_03059__gene,3423
cnv_depth__IBNLCO_03059__hypothetical__CDS__promoter,325
cnv_depth__IBNLCO_03060__IBNLCO_03060__gene__promoter,325
cnv_depth__IBNLCO_03060__IBNLCO_03060__gene,8170
cnv_depth__IBNLCO_03061__HTH__CDS__promoter,7949
cnv_depth__IBNLCO_03061__HTH__CDS,8985
cnv_depth__IBNLCO_03062__IBNLCO_03062__gene__promoter,6160
cnv_depth__IBNLCO_03063__hypothetical__CDS,5848
cnv_depth__IBNLCO_03063__IBNLCO_03063__gene__promoter,2445
cnv_depth__IBNLCO_03064__GP-PDE__CDS,7796
cnv_depth__IBNLCO_03065__hypothetical__CDS__promoter,9698
cnv_depth__IBNLCO_03064__GP-PDE__CDS__promoter,3673
cnv_depth__IBNLCO_03065__IBNLCO_03065__gene,5600
cnv_depth__IBNLCO_03066__ettA__gene__promoter,8241
cnv_depth__IBNLCO_03066__Energy-dependent__CDS,4588
cnv_depth__IBNLCO_03067__Gph_2__CDS,3171
cnv_depth__IBNLCO_03068__IBNLCO_03068__gene,6431
cnv_depth__IBNLCO_03067__IBNLCO_03067__gene__promoter,8637
cnv_depth__IBNLCO_03068__IBNLCO_03068__gene__promoter,4234
cnv_depth__IBNLCO_03069__IBNLCO_03069__gene,4326
cnv_depth__IBNLCO_03069__Xaa-Pro__CDS__promoter,773
cnv_depth__IBNLCO_03070__IBNLCO_03070__gene,773
cnv_depth__IBNLCO_03070__GlsB/YeaQ/YmgE__CDS__promoter,3355
cnv_depth__IBNLCO_03071__IBNLCO_03071__gene,451
cnv_depth__IBNLCO_03072__Glutamyl-tRNA__CDS__promoter,451
cnv_depth__IBNLCO_03071__hypothetical__CDS__promoter,8011
cnv_depth__IBNLCO_03072__IBNLCO_03072__gene,3063
cnv_depth__IBNLCO_03073__IBNLCO_03073__gene__promoter,6805
cnv_depth__IBNLCO_03074__IBNLCO_03074__gene__promoter,6923
cnv_depth__IBNLCO_03074__IBNLCO_03074__gene,5564
cnv_depth__IBNLCO_03075__IBNLCO_03075__gene__promoter,7554
cnv_depth__IBNLCO_03075__IBNLCO_03075__gene,2193
cnv_depth__IBNLCO_03076__ubiX__gene__promoter,4244
cnv_depth__IBNLCO_03076__ubiX__gene,8635
cnv_depth__IBNLCO_03077__IBNLCO_03077__gene__promoter,4057
cnv_depth__IBNLCO_03077__IBNLCO_03077__gene,5380
cnv_depth__IBNLCO_03078__Amino__CDS,7321
cnv_depth__IBNLCO_03078__IBNLCO_03078__gene__promoter,8025
cnv_depth__IBNLCO_03079__Putative__CDS__promoter,3454
cnv_depth__IBNLCO_03079__IBNLCO_03079__gene,2745
cnv_depth__IBNLCO_03080__Heat__CDS,3114
cnv_depth__IBNLCO_03080__Heat__CDS__promoter,4806
cnv_depth__IBNLCO_03081__rutE__gene,2888
cnv_depth__IBNLCO_03081__Malonic__CDS__promoter,2533
cnv_depth__IBNLCO_03082__Oxalate:formate__CDS,3097
cnv_depth__IBNLCO_03083__HTH__CDS__promoter,594
cnv_depth__IBNLCO_03082__Oxalate:formate__CDS__promoter,594
cnv_depth__IBNLCO_03083__HTH__CDS,4164
cnv_depth__IBNLCO_03084__DUF1415__CDS__promoter,3205
cnv_depth__IBNLCO_03084__DUF1415__CDS,6450
cnv_depth__IBNLCO_03085__gnl|Bakta|IBNLCO_03085__CDS__promoter,4809
cnv_depth__IBNLCO_03086__IBNLCO_03086__gene__promoter,5064
cnv_depth__IBNLCO_03087__IBNLCO_03087__gene,7262
cnv_depth__IBNLCO_03087__gnl|Bakta|IBNLCO_03087__CDS__promoter,8430
cnv_depth__IBNLCO_03088__IBNLCO_03088__gene,3441
cnv_depth__IBNLCO_03088__IBNLCO_03088__gene__promoter,7265
cnv_depth__IBNLCO_03089__IBNLCO_03089__gene__promoter,7816
cnv_depth__IBNLCO_03089__gnl|Bakta|IBNLCO_03089__CDS,9330
cnv_depth__IBNLCO_03090__gnl|Bakta|IBNLCO_03090__CDS__promoter,2819
cnv_depth__IBNLCO_03090__IBNLCO_03090__gene,4014
cnv_depth__IBNLCO_03091__IBNLCO_03091__gene__promoter,4139
cnv_depth__IBNLCO_03091__hypothetical__CDS,3235
cnv_depth__IBNLCO_03092__HlyD__CDS__promoter,7148
cnv_depth__IBNLCO_03092__hlyD__gene,4462
cnv_depth__IBNLCO_03093__IBNLCO_03093__gene__promoter,9457
cnv_depth__IBNLCO_03093__IBNLCO_03093__gene,9376
cnv_depth__IBNLCO_03094__Protein__CDS__promoter,5164
cnv_depth__IBNLCO_03094__Protein__CDS,5770
cnv_depth__IBNLCO_03095__hypothetical__CDS,6181
cnv_depth__IBNLCO_03095__hypothetical__CDS__promoter,8994
cnv_depth__IBNLCO_03096__Peptidase__CDS__promoter,5854
cnv_depth__IBNLCO_03096__Peptidase__CDS,4074
cnv_depth__IBNLCO_03097__Type__CDS__promoter,8898
cnv_depth__IBNLCO_03097__tssM__gene,8904
cnv_depth__IBNLCO_03098__Type__CDS__promoter,5975
cnv_depth__IBNLCO_03098__Type__CDS,5508
cnv_depth__IBNLCO_03099__OmpA-like__CDS__promoter,4045
cnv_depth__IBNLCO_03099__OmpA-like__CDS,3172
cnv_depth__IBNLCO_03100__impA__gene,4401
cnv_depth__IBNLCO_03100__ImpA__CDS__promoter,8914
cnv_depth__IBNLCO_03101__clpB__gene,8710
cnv_depth__IBNLCO_03101__clpB__gene__promoter,3005
cnv_depth__IBNLCO_03102__Type__CDS,4000
cnv_depth__IBNLCO_03103__Type__CDS,7812
cnv_depth__IBNLCO_03102__tssG__gene__promoter,6381
cnv_depth__IBNLCO_03103__tssF__gene__promoter,4602
cnv_depth__IBNLCO_03104__Type__CDS,2891
cnv_depth__IBNLCO_03104__Type__CDS__promoter,9524
cnv_depth__IBNLCO_03105__Hcp1__CDS,3408
cnv_depth__IBNLCO_03105__Hcp1__CDS__promoter,3905
cnv_depth__IBNLCO_03106__IBNLCO_03106__gene,4635
cnv_depth__IBNLCO_03106__Type__CDS__promoter,107
cnv_depth__IBNLCO_03107__IBNLCO_03107__gene,107
cnv_depth__IBNLCO_03107__Type__CDS__promoter,7882
cnv_depth__IBNLCO_03108__IBNLCO_03108__gene,2588
cnv_depth__IBNLCO_03108__hypothetical__CDS__promoter,7526
cnv_depth__IBNLCO_03109__Type__CDS__promoter,8305
cnv_depth__IBNLCO_03109__vasD__gene,4380
cnv_depth__IBNLCO_03110__Type__CDS__promoter,8739
cnv_depth__IBNLCO_03110__IBNLCO_03110__gene,4576
cnv_depth__IBNLCO_03111__dotU__gene__promoter,5426
cnv_depth__IBNLCO_03111__dotU__gene,8350
cnv_depth__IBNLCO_03112__IBNLCO_03112__gene,9079
cnv_depth__IBNLCO_03112__IBNLCO_03112__gene__promoter,2951
cnv_depth__IBNLCO_03113__IBNLCO_03113__gene__promoter,8442
cnv_depth__IBNLCO_03113__IBNLCO_03113__gene,4679
cnv_depth__IBNLCO_03114__XRE__CDS__promoter,2580
cnv_depth__IBNLCO_03114__XRE__CDS,2826
cnv_depth__IBNLCO_03115__IS3__CDS__promoter,6995
cnv_depth__IBNLCO_03115__tnp__gene,290
cnv_depth__IBNLCO_03116__Insertion__CDS__promoter,290
cnv_depth__IBNLCO_03116__Insertion__CDS,15
cnv_depth__IBNLCO_03117__site-specific__CDS,3455
cnv_depth__IBNLCO_03117__IBNLCO_03117__gene__promoter,3289
cnv_depth__IBNLCO_03118__trnT__gene,4727
cnv_depth__IBNLCO_03118__trnT__gene__promoter,6308
cnv_depth__IBNLCO_03119__IBNLCO_03119__gene,4868
cnv_depth__IBNLCO_03119__hypothetical__CDS__promoter,9144
cnv_depth__IBNLCO_03120__IBNLCO_03120__gene,3092
cnv_depth__IBNLCO_03120__IBNLCO_03120__gene__promoter,5995
cnv_depth__IBNLCO_03121__IBNLCO_03121__gene,2553
cnv_depth__IBNLCO_03121__IBNLCO_03121__gene__promoter,2073
cnv_depth__IBNLCO_03122__IBNLCO_03122__gene,4802
cnv_depth__IBNLCO_03122__IBNLCO_03122__gene__promoter,4760
cnv_depth__IBNLCO_03123__IBNLCO_03123__gene,5934
cnv_depth__IBNLCO_03123__IBNLCO_03123__gene__promoter,2940
cnv_depth__IBNLCO_03124__IBNLCO_03124__gene,7976
cnv_depth__IBNLCO_03125__IBNLCO_03125__gene__promoter,2502
cnv_depth__IBNLCO_03124__IBNLCO_03124__gene__promoter,3460
cnv_depth__IBNLCO_03125__IBNLCO_03125__gene,7604
cnv_depth__IBNLCO_03126__tatC__gene,6738
cnv_depth__IBNLCO_03126__Sec-independent__CDS__promoter,5522
cnv_depth__IBNLCO_03127__tatB__gene,8633
cnv_depth__IBNLCO_03127__Sec-independent__CDS__promoter,97
cnv_depth__IBNLCO_03128__IBNLCO_03128__gene,97
cnv_depth__IBNLCO_03128__hypothetical__CDS__promoter,4229
cnv_depth__IBNLCO_03129__IBNLCO_03129__gene,2844
cnv_depth__IBNLCO_03129__IBNLCO_03129__gene__promoter,123
cnv_depth__IBNLCO_03130__Transmembrane__CDS,123
cnv_depth__IBNLCO_03130__Transmembrane__CDS__promoter,4750
cnv_depth__IBNLCO_03131__IBNLCO_03131__gene,7648
cnv_depth__IBNLCO_03132__IBNLCO_03132__gene,433
cnv_depth__IBNLCO_03131__IBNLCO_03131__gene__promoter,433
cnv_depth__IBNLCO_03133__hisF__gene,3720
cnv_depth__IBNLCO_03132__IBNLCO_03132__gene__promoter,2448
cnv_depth__IBNLCO_03133__hisF__gene__promoter,3663
cnv_depth__IBNLCO_03134__IBNLCO_03134__gene,8822
cnv_depth__IBNLCO_03134__IBNLCO_03134__gene__promoter,3615
cnv_depth__IBNLCO_03135__hisH__gene,6150
cnv_depth__IBNLCO_03136__UPF0056__CDS,6814
cnv_depth__IBNLCO_03135__hisH__gene__promoter,6729
cnv_depth__IBNLCO_03136__IBNLCO_03136__gene__promoter,6374
cnv_depth__IBNLCO_03137__Imidazoleglycerol-phosphate__CDS,8425
cnv_depth__IBNLCO_03137__Imidazoleglycerol-phosphate__CDS__promoter,1368
cnv_depth__IBNLCO_03138__IBNLCO_03138__gene__promoter,6322
cnv_depth__IBNLCO_03139__Histidinol__CDS,4753
cnv_depth__IBNLCO_03139__Histidinol__CDS__promoter,9333
cnv_depth__IBNLCO_03140__ATP__CDS,1898
cnv_depth__IBNLCO_03140__IBNLCO_03140__gene__promoter,5914
cnv_depth__IBNLCO_03141__IBNLCO_03141__gene__promoter,564
cnv_depth__IBNLCO_03142__BolA__CDS,564
cnv_depth__IBNLCO_03142__bolA__gene__promoter,5239
cnv_depth__IBNLCO_03143__IBNLCO_03143__gene,7045
cnv_depth__IBNLCO_03144__IBNLCO_03144__gene,6549
cnv_depth__IBNLCO_03143__IBNLCO_03143__gene__promoter,2956
cnv_depth__IBNLCO_03144__ABC__CDS__promoter,5265
cnv_depth__IBNLCO_03145__IBNLCO_03145__gene,2966
cnv_depth__IBNLCO_03146__IBNLCO_03146__gene,6318
cnv_depth__IBNLCO_03145__IBNLCO_03145__gene__promoter,5154
cnv_depth__IBNLCO_03146__IBNLCO_03146__gene__promoter,1788
cnv_depth__IBNLCO_03147__hypothetical__CDS,3507
cnv_depth__IBNLCO_03147__IBNLCO_03147__gene__promoter,5344
cnv_depth__IBNLCO_03148__mlaD__gene,3721
cnv_depth__IBNLCO_03148__Outer__CDS__promoter,6067
cnv_depth__IBNLCO_03149__Intermembrane__CDS,3681
cnv_depth__IBNLCO_03149__Intermembrane__CDS__promoter,8012
cnv_depth__IBNLCO_03150__ABC__CDS__promoter,9660
cnv_depth__IBNLCO_03151__Thiamine-phosphate__CDS,8880
cnv_depth__IBNLCO_03152__Thiazole__CDS,9006
cnv_depth__IBNLCO_03151__Thiamine-phosphate__CDS__promoter,3680
cnv_depth__IBNLCO_03152__Thiazole__CDS__promoter,91
cnv_depth__IBNLCO_03153__thiS__gene,91
cnv_depth__IBNLCO_03153__thiS__gene__promoter,5002
cnv_depth__IBNLCO_03154__IBNLCO_03154__gene,7532
cnv_depth__IBNLCO_03154__IBNLCO_03154__gene__promoter,4301
cnv_depth__unknown__unknown__regulatory.12,7137
cnv_depth__IBNLCO_03155__IBNLCO_03155__gene__promoter,3471
cnv_depth__IBNLCO_03156__hypothetical__CDS__promoter,7097
cnv_depth__IBNLCO_03156__hypothetical__CDS,3266
cnv_depth__IBNLCO_03157__IBNLCO_03157__gene,6250
cnv_depth__IBNLCO_03158__alsT__gene,6264
cnv_depth__IBNLCO_03157__IBNLCO_03157__gene__promoter,5141
cnv_depth__IBNLCO_03158__Amino-acid__CDS__promoter,7569
cnv_depth__IBNLCO_03159__Glutamate__CDS,6147
cnv_depth__IBNLCO_03159__Glutamate__CDS__promoter,6677
cnv_depth__IBNLCO_03160__Glutamate__CDS,9510
cnv_depth__IBNLCO_03160__Glutamate__CDS__promoter,2506
cnv_depth__IBNLCO_03161__Transposase__CDS,4258
cnv_depth__IBNLCO_03162__OmpW__CDS__promoter,534
cnv_depth__IBNLCO_03161__Transposase__CDS__promoter,534
cnv_depth__IBNLCO_03162__OmpW__CDS,3989
cnv_depth__IBNLCO_03163__Glycerophosphoryl__CDS,2634
cnv_depth__IBNLCO_03163__IBNLCO_03163__gene__promoter,7924
cnv_depth__IBNLCO_03164__sn-glycerol-3-phosphate__CDS,4478
cnv_depth__IBNLCO_03164__ugpC__gene__promoter,9274
cnv_depth__IBNLCO_03165__ugpE__gene,9350
cnv_depth__IBNLCO_03166__ugpA__gene,4412
cnv_depth__IBNLCO_03165__sn-glycerol-3-phosphate__CDS__promoter,8069
cnv_depth__IBNLCO_03166__sn-glycerol-3-phosphate__CDS__promoter,3434
cnv_depth__IBNLCO_03167__ugpB__gene,8412
cnv_depth__IBNLCO_03167__sn-glycerol-3-phosphate-binding__CDS__promoter,8868
cnv_depth__IBNLCO_03168__IBNLCO_03168__gene,3865
cnv_depth__IBNLCO_03168__IBNLCO_03168__gene__promoter,2799
cnv_depth__IBNLCO_03169__IBNLCO_03169__gene,3228
cnv_depth__IBNLCO_03170__IBNLCO_03170__gene,7208
cnv_depth__IBNLCO_03169__3-dehydroquinate__CDS__promoter,4463
cnv_depth__IBNLCO_03170__Shikimate__CDS__promoter,5659
cnv_depth__IBNLCO_03171__Type__CDS,4155
cnv_depth__IBNLCO_03172__pilP__gene,7043
cnv_depth__IBNLCO_03171__pilQ__gene__promoter,9267
cnv_depth__IBNLCO_03173__Membrane__CDS,8845
cnv_depth__IBNLCO_03172__Type__CDS__promoter,4259
cnv_depth__IBNLCO_03174__pilM__gene,4350
cnv_depth__IBNLCO_03173__IBNLCO_03173__gene__promoter,4065
cnv_depth__IBNLCO_03174__Type__CDS__promoter,362
cnv_depth__IBNLCO_03175__Penicillin-binding__CDS__promoter,362
cnv_depth__IBNLCO_03175__Penicillin-binding__CDS,4248
cnv_depth__IBNLCO_03176__Iron-sulfur__CDS,9069
cnv_depth__IBNLCO_03177__IBNLCO_03177__gene__promoter,6532
cnv_depth__IBNLCO_03176__cyaY__gene__promoter,4496
cnv_depth__IBNLCO_03177__gnl|Bakta|IBNLCO_03177__CDS,78
cnv_depth__IBNLCO_03178__IBNLCO_03178__gene__promoter,78
cnv_depth__IBNLCO_03178__IBNLCO_03178__gene,5125
cnv_depth__IBNLCO_03179__msrQ__gene,3575
cnv_depth__IBNLCO_03179__Protein-methionine-sulfoxide__CDS__promoter,5140
cnv_depth__IBNLCO_03180__msrP__gene,2852
cnv_depth__IBNLCO_03180__Protein-methionine-sulfoxide__CDS__promoter,5378
cnv_depth__IBNLCO_03181__ccsB__gene,8721
cnv_depth__IBNLCO_03181__ccsB__gene__promoter,5240
cnv_depth__IBNLCO_03182__Cytochrome__CDS,8734
cnv_depth__IBNLCO_03182__resB__gene__promoter,7520
cnv_depth__IBNLCO_03183__IBNLCO_03183__gene,2412
cnv_depth__IBNLCO_03183__IBNLCO_03183__gene__promoter,447
cnv_depth__IBNLCO_03184__putative__CDS__promoter,447
cnv_depth__IBNLCO_03184__engB__gene,8786
cnv_depth__IBNLCO_03186__IBNLCO_03186__gene__promoter,61
cnv_depth__IBNLCO_03185__Burkholderia__ncRNA,61
cnv_depth__IBNLCO_03185__anti-hemB__gene__promoter,61
cnv_depth__IBNLCO_03186__IBNLCO_03186__gene,4291
cnv_depth__IBNLCO_03187__dsbD__gene,5878
cnv_depth__IBNLCO_03188__Periplasmic__CDS,486
cnv_depth__IBNLCO_03187__Thiol:disulfide__CDS__promoter,486
cnv_depth__IBNLCO_03188__IBNLCO_03188__gene__promoter,4603
cnv_depth__IBNLCO_03189__Large__CDS,4689
cnv_depth__IBNLCO_03189__IBNLCO_03189__gene__promoter,5536
cnv_depth__IBNLCO_03190__DNA-directed__CDS,6986
cnv_depth__IBNLCO_03190__IBNLCO_03190__gene__promoter,4461
cnv_depth__IBNLCO_03191__Small__CDS,9538
cnv_depth__IBNLCO_03191__Small__CDS__promoter,4573
cnv_depth__IBNLCO_03192__Small__CDS,7237
cnv_depth__IBNLCO_03192__IBNLCO_03192__gene__promoter,262
cnv_depth__IBNLCO_03193__Small__CDS,262
cnv_depth__IBNLCO_03193__Small__CDS__promoter,1129
cnv_depth__IBNLCO_03194__Large__CDS,1129
cnv_depth__IBNLCO_03194__Large__CDS__promoter,639
cnv_depth__IBNLCO_03195__Translation__CDS,639
cnv_depth__IBNLCO_03195__Translation__CDS__promoter,4778
cnv_depth__IBNLCO_03196__secY__gene,119
cnv_depth__IBNLCO_03196__Protein__CDS__promoter,57
cnv_depth__IBNLCO_03197__IBNLCO_03197__gene,57
cnv_depth__IBNLCO_03197__IBNLCO_03197__gene__promoter,513
cnv_depth__IBNLCO_03198__IBNLCO_03198__gene,513
cnv_depth__IBNLCO_03198__Large__CDS__promoter,4742
cnv_depth__IBNLCO_03199__IBNLCO_03199__gene,3698
cnv_depth__IBNLCO_03199__Small__CDS__promoter,2390
cnv_depth__IBNLCO_03200__Large__CDS,9356
cnv_depth__IBNLCO_03200__Large__CDS__promoter,25
cnv_depth__IBNLCO_03201__Large__CDS,25
cnv_depth__IBNLCO_03201__Large__CDS__promoter,130
cnv_depth__IBNLCO_03202__IBNLCO_03202__gene,130
cnv_depth__IBNLCO_03202__IBNLCO_03202__gene__promoter,422
cnv_depth__IBNLCO_03203__Small__CDS,422
cnv_depth__IBNLCO_03203__Small__CDS__promoter,108
cnv_depth__IBNLCO_03204__Large__CDS,108
cnv_depth__IBNLCO_03204__IBNLCO_03204__gene__promoter,277
cnv_depth__IBNLCO_03205__IBNLCO_03205__gene,277
cnv_depth__IBNLCO_03205__Large__CDS__promoter,288
cnv_depth__IBNLCO_03206__IBNLCO_03206__gene,288
cnv_depth__IBNLCO_03206__Large__CDS__promoter,3764
cnv_depth__IBNLCO_03207__IBNLCO_03207__gene,4571
cnv_depth__IBNLCO_03208__IBNLCO_03208__gene,1183
cnv_depth__IBNLCO_03207__IBNLCO_03207__gene__promoter,1183
cnv_depth__IBNLCO_03208__Large__CDS__promoter,401
cnv_depth__IBNLCO_03209__Large__CDS,401
cnv_depth__IBNLCO_03209__IBNLCO_03209__gene__promoter,4688
cnv_depth__IBNLCO_03210__Small__CDS,3812
cnv_depth__IBNLCO_03210__IBNLCO_03210__gene__promoter,463
cnv_depth__IBNLCO_03211__Large__CDS,463
cnv_depth__IBNLCO_03211__IBNLCO_03211__gene__promoter,563
cnv_depth__IBNLCO_03212__Small__CDS,563
cnv_depth__IBNLCO_03212__IBNLCO_03212__gene__promoter,3271
cnv_depth__IBNLCO_03213__Large__CDS,4504
cnv_depth__IBNLCO_03213__IBNLCO_03213__gene__promoter,418
cnv_depth__IBNLCO_03214__Large__CDS,418
cnv_depth__IBNLCO_03215__IBNLCO_03215__gene,4674
cnv_depth__IBNLCO_03214__IBNLCO_03214__gene__promoter,2515
cnv_depth__IBNLCO_03216__IBNLCO_03216__gene,4669
cnv_depth__IBNLCO_03215__Large__CDS__promoter,3009
cnv_depth__IBNLCO_03216__Large__CDS__promoter,5012
cnv_depth__IBNLCO_03217__Small__CDS,2863
cnv_depth__IBNLCO_03217__Small__CDS__promoter,5990
cnv_depth__IBNLCO_03218__Elongation__CDS,4768
cnv_depth__IBNLCO_03218__Elongation__CDS__promoter,4408
cnv_depth__IBNLCO_03219__IBNLCO_03219__gene,119
cnv_depth__IBNLCO_03219__IBNLCO_03219__gene__promoter,4682
cnv_depth__IBNLCO_03220__Small__CDS,8068
cnv_depth__IBNLCO_03220__IBNLCO_03220__gene__promoter,8830
cnv_depth__IBNLCO_03221__30S__CDS,7850
cnv_depth__IBNLCO_03221__30S__CDS__promoter,8414
cnv_depth__IBNLCO_03222__DNA__CDS,4640
cnv_depth__IBNLCO_03222__recQ__gene__promoter,2992
cnv_depth__IBNLCO_03223__DNA-directed__CDS,122
cnv_depth__IBNLCO_03223__IBNLCO_03223__gene__promoter,2090
cnv_depth__IBNLCO_03224__DNA-directed__CDS,122
cnv_depth__IBNLCO_03224__IBNLCO_03224__gene__promoter,3642
cnv_depth__IBNLCO_03225__Large__CDS,3864
cnv_depth__IBNLCO_03225__Large__CDS__promoter,4785
cnv_depth__IBNLCO_03226__Large__CDS,2495
cnv_depth__IBNLCO_03226__Large__CDS__promoter,2154
cnv_depth__IBNLCO_03227__IBNLCO_03227__gene,4530
cnv_depth__IBNLCO_03227__Large__CDS__promoter,56
cnv_depth__IBNLCO_03228__IBNLCO_03228__gene,56
cnv_depth__IBNLCO_03228__Large__CDS__promoter,4268
cnv_depth__IBNLCO_03229__nusG__gene,3265
cnv_depth__IBNLCO_03229__Transcription__CDS__promoter,65
cnv_depth__IBNLCO_03230__secE__gene,65
cnv_depth__IBNLCO_03230__Protein__CDS__promoter,385
cnv_depth__IBNLCO_03231__trnW__gene,385
cnv_depth__IBNLCO_03231__trnW__gene__promoter,9230
cnv_depth__IBNLCO_03232__Elongation__CDS,3538
cnv_depth__IBNLCO_03232__Elongation__CDS__promoter,140
cnv_depth__IBNLCO_03233__tRNA-Thr(ggt)__tRNA,140
cnv_depth__IBNLCO_03233__trnT__gene__promoter,140
cnv_depth__IBNLCO_03234__trnG__gene,140
cnv_depth__IBNLCO_03234__trnG__gene__promoter,289
cnv_depth__IBNLCO_03235__trnY__gene,289
cnv_depth__IBNLCO_03235__trnY__gene__promoter,4810
cnv_depth__IBNLCO_03236__rrf__gene,4837
cnv_depth__IBNLCO_03236__rrf__gene__promoter,4084
cnv_depth__IBNLCO_03237__23S__rRNA,400
cnv_depth__IBNLCO_03237__rrl__gene__promoter,1212
cnv_depth__IBNLCO_03238__tRNA-Ala(tgc)__tRNA,1212
cnv_depth__IBNLCO_03238__trnA__gene__promoter,1212
cnv_depth__IBNLCO_03239__trnI__gene,1212
cnv_depth__IBNLCO_03239__trnI__gene__promoter,1212
cnv_depth__IBNLCO_03240__rrs__gene,400
cnv_depth__IBNLCO_03240__rrs__gene__promoter,9662
cnv_depth__IBNLCO_03241__IBNLCO_03241__gene__promoter,4657
cnv_depth__IBNLCO_03242__IBNLCO_03242__gene__promoter,3421
cnv_depth__IBNLCO_03242__Phenylacetate-CoA__CDS,3957
cnv_depth__IBNLCO_03243__1%2C2-phenylacetyl-CoA__CDS__promoter,6031
cnv_depth__IBNLCO_03243__IBNLCO_03243__gene,246
cnv_depth__IBNLCO_03244__paaC__gene__promoter,246
cnv_depth__IBNLCO_03244__paaC__gene,7216
cnv_depth__IBNLCO_03245__paaD__gene__promoter,9375
cnv_depth__IBNLCO_03245__paaD__gene,2671
cnv_depth__IBNLCO_03246__paaK__gene__promoter,3645
cnv_depth__IBNLCO_03246__paaK__gene,8130
cnv_depth__IBNLCO_03247__IBNLCO_03247__gene__promoter,7542
cnv_depth__IBNLCO_03248__TetR/AcrR__CDS__promoter,2496
cnv_depth__IBNLCO_03248__IBNLCO_03248__gene,7066
cnv_depth__IBNLCO_03249__N-acetyltransferase__CDS__promoter,3840
cnv_depth__IBNLCO_03249__IBNLCO_03249__gene,8401
cnv_depth__IBNLCO_03250__IBNLCO_03250__gene,2818
cnv_depth__IBNLCO_03250__Leucine-responsive__CDS__promoter,1458
cnv_depth__IBNLCO_03251__4-hydroxyphenylpyruvate__CDS__promoter,1458
cnv_depth__IBNLCO_03251__4-hydroxyphenylpyruvate__CDS,3918
cnv_depth__IBNLCO_03252__IBNLCO_03252__gene,7975
cnv_depth__IBNLCO_03252__hypothetical__CDS__promoter,4106
cnv_depth__IBNLCO_03253__Indolepyruvate__CDS__promoter,5683
cnv_depth__IBNLCO_03254__IBNLCO_03254__gene,6608
cnv_depth__IBNLCO_03254__NADP-dependent__CDS__promoter,2726
cnv_depth__IBNLCO_03255__Orotate__CDS__promoter,6407
cnv_depth__IBNLCO_03255__IBNLCO_03255__gene,6576
cnv_depth__IBNLCO_03256__Phosphatidylethanolamine-binding__CDS__promoter,5610
cnv_depth__IBNLCO_03256__IBNLCO_03256__gene,3880
cnv_depth__IBNLCO_03257__Flavoprotein__CDS__promoter,6660
cnv_depth__IBNLCO_03258__N-acetyl-gamma-glutamyl-phosphate__CDS__promoter,4357
cnv_depth__IBNLCO_03259__DUF2957__CDS__promoter,4325
cnv_depth__IBNLCO_03259__IBNLCO_03259__gene,1635
cnv_depth__IBNLCO_03260__gnl|Bakta|IBNLCO_03260__CDS__promoter,2855
cnv_depth__IBNLCO_03260__IBNLCO_03260__gene,4242
cnv_depth__IBNLCO_03261__Outer__CDS__promoter,2430
cnv_depth__IBNLCO_03261__IBNLCO_03261__gene,4459
cnv_depth__IBNLCO_03262__ISL3-like__CDS,464
cnv_depth__IBNLCO_03262__ISL3-like__CDS__promoter,3975
cnv_depth__IBNLCO_03263__Betaproteobacteria__ncRNA,7085
cnv_depth__IBNLCO_03263__Betaproteobacteria_toxic_sRNA__gene__promoter,7390
cnv_depth__IBNLCO_03264__IBNLCO_03264__gene,6990
cnv_depth__IBNLCO_03265__IBNLCO_03265__gene__promoter,4442
cnv_depth__IBNLCO_03264__IBNLCO_03264__gene__promoter,3800
cnv_depth__IBNLCO_03265__IBNLCO_03265__gene,2787
cnv_depth__IBNLCO_03266__IBNLCO_03266__gene,6392
cnv_depth__IBNLCO_03266__Homoserine/Threonine__CDS__promoter,3795
cnv_depth__IBNLCO_03268__pilT__gene__promoter,414
cnv_depth__IBNLCO_03267__2-hydroxy-3-oxopropionate__CDS__promoter,414
cnv_depth__IBNLCO_03268__pilT__gene,8666
cnv_depth__IBNLCO_03269__IBNLCO_03269__gene,1692
cnv_depth__IBNLCO_03269__IBNLCO_03269__gene__promoter,7969
cnv_depth__IBNLCO_03270__gnl|Bakta|IBNLCO_03270__CDS__promoter,3461
cnv_depth__IBNLCO_03270__IBNLCO_03270__gene,7394
cnv_depth__IBNLCO_03271__IBNLCO_03271__gene,8341
cnv_depth__IBNLCO_03271__IBNLCO_03271__gene__promoter,4004
cnv_depth__IBNLCO_03272__IBNLCO_03272__gene__promoter,4615
cnv_depth__IBNLCO_03272__IBNLCO_03272__gene,7088
cnv_depth__IBNLCO_03273__trnA__gene,7733
cnv_depth__IBNLCO_03273__trnA__gene__promoter,7202
cnv_depth__IBNLCO_03274__hypothetical__CDS,3618
cnv_depth__IBNLCO_03275__BON__CDS,9490
cnv_depth__IBNLCO_03274__IBNLCO_03274__gene__promoter,6997
cnv_depth__IBNLCO_03275__IBNLCO_03275__gene__promoter,2010
cnv_depth__IBNLCO_03276__Phosphoheptose__CDS,6223
cnv_depth__IBNLCO_03276__IBNLCO_03276__gene__promoter,2411
cnv_depth__IBNLCO_03277__IBNLCO_03277__gene,3902
cnv_depth__IBNLCO_03278__IBNLCO_03278__gene__promoter,6789
cnv_depth__IBNLCO_03277__IBNLCO_03277__gene__promoter,7544
cnv_depth__IBNLCO_03278__Ribosomal__CDS,3967
cnv_depth__IBNLCO_03279__rlpA__gene,1345
cnv_depth__IBNLCO_03279__Endolytic__CDS__promoter,7040
cnv_depth__IBNLCO_03280__IBNLCO_03280__gene__promoter,3744
cnv_depth__IBNLCO_03280__IBNLCO_03280__gene,8016
cnv_depth__IBNLCO_03281__IBNLCO_03281__gene__promoter,4144
cnv_depth__IBNLCO_03281__IBNLCO_03281__gene,8453
cnv_depth__IBNLCO_03282__asnC__gene__promoter,5974
cnv_depth__IBNLCO_03282__AsnC__CDS,5220
cnv_depth__IBNLCO_03283__fieF__gene,7726
cnv_depth__IBNLCO_03283__fieF__gene__promoter,7550
cnv_depth__IBNLCO_03284__IBNLCO_03284__gene,3594
cnv_depth__IBNLCO_03284__IBNLCO_03284__gene__promoter,7670
cnv_depth__IBNLCO_03285__IBNLCO_03285__gene,5313
cnv_depth__IBNLCO_03285__IBNLCO_03285__gene__promoter,4006
cnv_depth__IBNLCO_03286__hypothetical__CDS__promoter,2997
cnv_depth__IBNLCO_03286__IBNLCO_03286__gene,4942
cnv_depth__IBNLCO_03287__IBNLCO_03287__gene,7509
cnv_depth__IBNLCO_03287__IBNLCO_03287__gene__promoter,6118
cnv_depth__IBNLCO_03288__IBNLCO_03288__gene,3052
cnv_depth__IBNLCO_03288__Propionate__CDS__promoter,4196
cnv_depth__IBNLCO_03289__Dienelactone__CDS__promoter,2946
cnv_depth__IBNLCO_03289__Dienelactone__CDS,2958
cnv_depth__IBNLCO_03290__Aspartyl-tRNA(Asn)__CDS__promoter,3253
cnv_depth__IBNLCO_03290__Aspartyl-tRNA(Asn)__CDS,3424
cnv_depth__IBNLCO_03291__IBNLCO_03291__gene,1531
cnv_depth__IBNLCO_03291__IBNLCO_03291__gene__promoter,182
cnv_depth__IBNLCO_03292__IBNLCO_03292__gene,182
cnv_depth__IBNLCO_03292__IBNLCO_03292__gene__promoter,6393
cnv_depth__IBNLCO_03293__IBNLCO_03293__gene,7892
cnv_depth__IBNLCO_03293__IBNLCO_03293__gene__promoter,692
cnv_depth__unknown__unknown__regulatory.13,692
cnv_depth__IBNLCO_03294__flagellar__CDS,9170
cnv_depth__IBNLCO_03294__flagellar__CDS__promoter,6053
cnv_depth__IBNLCO_03295__flhG__gene,5809
cnv_depth__IBNLCO_03296__flhF__gene,3759
cnv_depth__IBNLCO_03295__flagellar__CDS__promoter,9678
cnv_depth__IBNLCO_03297__flhA__gene,6793
cnv_depth__IBNLCO_03296__flagellar__CDS__promoter,3576
cnv_depth__IBNLCO_03298__flhB__gene,3964
cnv_depth__IBNLCO_03297__flhA__gene__promoter,3510
cnv_depth__IBNLCO_03298__flhB__gene__promoter,4395
cnv_depth__IBNLCO_03299__3-demethylubiquinone-9__CDS,6288
cnv_depth__IBNLCO_03299__IBNLCO_03299__gene__promoter,2624
cnv_depth__IBNLCO_03300__IBNLCO_03300__gene,2868
cnv_depth__IBNLCO_03300__gnl|Bakta|IBNLCO_03300__CDS__promoter,2747
cnv_depth__IBNLCO_03301__hypothetical__CDS,5422
cnv_depth__IBNLCO_03301__hypothetical__CDS__promoter,3160
cnv_depth__IBNLCO_03302__chemotaxis__CDS,8727
cnv_depth__IBNLCO_03302__chemotaxis__CDS__promoter,4746
cnv_depth__IBNLCO_03303__chemotaxis__CDS,3919
cnv_depth__IBNLCO_03303__cheY__gene__promoter,6492
cnv_depth__IBNLCO_03304__chemotaxis-specific__CDS,4622
cnv_depth__IBNLCO_03304__chemotaxis-specific__CDS__promoter,4489
cnv_depth__IBNLCO_03305__chemoreceptor__CDS,2497
cnv_depth__IBNLCO_03306__chemotaxis__CDS,2869
cnv_depth__IBNLCO_03305__cheD__gene__promoter,7136
cnv_depth__IBNLCO_03306__cheR__gene__promoter,4764
cnv_depth__IBNLCO_03307__methyl-accepting__CDS,2790
cnv_depth__IBNLCO_03307__tsr__gene__promoter,4289
cnv_depth__IBNLCO_03308__chemotaxis__CDS,7142
cnv_depth__IBNLCO_03308__chemotaxis__CDS__promoter,9299
cnv_depth__IBNLCO_03309__cheA__gene,6547
cnv_depth__IBNLCO_03309__cheA__gene__promoter,8354
cnv_depth__IBNLCO_03310__chemotaxis__CDS,3609
cnv_depth__IBNLCO_03310__cheY1__gene__promoter,2563
cnv_depth__IBNLCO_03311__flagellar__CDS,4280
cnv_depth__IBNLCO_03311__motB__gene__promoter,9268
cnv_depth__IBNLCO_03312__flagellar__CDS,3990
cnv_depth__IBNLCO_03312__flagellar__CDS__promoter,6447
cnv_depth__IBNLCO_03313__flhC__gene,3888
cnv_depth__IBNLCO_03313__flhC__gene__promoter,9655
cnv_depth__IBNLCO_03314__flhD__gene,4584
cnv_depth__IBNLCO_03314__Flagellar__CDS__promoter,3823
cnv_depth__IBNLCO_03315__IBNLCO_03315__gene__promoter,3168
cnv_depth__IBNLCO_03315__IBNLCO_03315__gene,4873
cnv_depth__IBNLCO_03316__IBNLCO_03316__gene,2688
cnv_depth__IBNLCO_03316__IBNLCO_03316__gene__promoter,9688
cnv_depth__IBNLCO_03317__IBNLCO_03317__gene__promoter,6993
cnv_depth__IBNLCO_03317__IBNLCO_03317__gene,4010
cnv_depth__IBNLCO_03318__IBNLCO_03318__gene,4204
cnv_depth__IBNLCO_03318__IBNLCO_03318__gene__promoter,3179
cnv_depth__IBNLCO_03319__gspK__gene,5968
cnv_depth__IBNLCO_03320__DNA-3-methyladenine__CDS__promoter,302
cnv_depth__IBNLCO_03319__Glucosamine__CDS__promoter,302
cnv_depth__IBNLCO_03320__IBNLCO_03320__gene,5058
cnv_depth__IBNLCO_03321__IBNLCO_03321__gene,9425
cnv_depth__IBNLCO_03321__Small__CDS__promoter,6947
cnv_depth__IBNLCO_03322__gnl|Bakta|IBNLCO_03322__CDS__promoter,2461
cnv_depth__IBNLCO_03322__fliC__gene,9077
cnv_depth__IBNLCO_03323__flagellar__CDS__promoter,2827
cnv_depth__IBNLCO_03323__fliD__gene,8484
cnv_depth__IBNLCO_03324__fliT__gene__promoter,6464
cnv_depth__IBNLCO_03324__Flagellar__CDS,6806
cnv_depth__IBNLCO_03325__protein__CDS__promoter,4136
cnv_depth__IBNLCO_03325__IBNLCO_03325__gene,3584
cnv_depth__IBNLCO_03326__vioA__gene__promoter,7673
cnv_depth__IBNLCO_03326__vioA__gene,9027
cnv_depth__IBNLCO_03327__IBNLCO_03327__gene__promoter,6040
cnv_depth__IBNLCO_03327__IBNLCO_03327__gene,285
cnv_depth__IBNLCO_03328__Carrier__CDS__promoter,285
cnv_depth__IBNLCO_03328__IBNLCO_03328__gene,285
cnv_depth__IBNLCO_03329__IBNLCO_03329__gene__promoter,285
cnv_depth__IBNLCO_03329__IBNLCO_03329__gene,381
cnv_depth__IBNLCO_03330__fabG__gene__promoter,3343
cnv_depth__IBNLCO_03330__fabG__gene,285
cnv_depth__IBNLCO_03331__Putative__CDS__promoter,285
cnv_depth__IBNLCO_03331__epsM__gene,285
cnv_depth__IBNLCO_03332__IBNLCO_03332__gene__promoter,285
cnv_depth__IBNLCO_03332__Rieske__CDS,381
cnv_depth__IBNLCO_03333__IBNLCO_03333__gene,381
cnv_depth__IBNLCO_03333__IBNLCO_03333__gene__promoter,6400
cnv_depth__IBNLCO_03334__IBNLCO_03334__gene,381
cnv_depth__IBNLCO_03335__IBNLCO_03335__gene__promoter,7584
cnv_depth__IBNLCO_03334__IBNLCO_03334__gene__promoter,2083
cnv_depth__IBNLCO_03335__IBNLCO_03335__gene,5202
cnv_depth__IBNLCO_03336__phospholipase__CDS,5494
cnv_depth__IBNLCO_03336__phospholipase__CDS__promoter,5133
cnv_depth__IBNLCO_03337__gnl|Bakta|IBNLCO_03337__CDS__promoter,7293
cnv_depth__IBNLCO_03338__gnl|Bakta|IBNLCO_03338__CDS,6602
cnv_depth__IBNLCO_03338__gnl|Bakta|IBNLCO_03338__CDS__promoter,1465
cnv_depth__IBNLCO_03339__csgG__gene,4094
cnv_depth__IBNLCO_03339__Curli__CDS__promoter,2703
cnv_depth__IBNLCO_03340__IBNLCO_03340__gene,4166
cnv_depth__IBNLCO_03341__AB__CDS__promoter,4502
cnv_depth__IBNLCO_03340__hypothetical__CDS__promoter,4631
cnv_depth__IBNLCO_03341__IBNLCO_03341__gene,3761
cnv_depth__IBNLCO_03342__IBNLCO_03342__gene,3814
cnv_depth__IBNLCO_03342__Methyl-accepting__CDS__promoter,7204
cnv_depth__IBNLCO_03343__IBNLCO_03343__gene,7674
cnv_depth__IBNLCO_03343__IBNLCO_03343__gene__promoter,3040
cnv_depth__IBNLCO_03344__hypothetical__CDS,4646
cnv_depth__IBNLCO_03344__IBNLCO_03344__gene__promoter,4307
cnv_depth__IBNLCO_03345__IBNLCO_03345__gene,6802
cnv_depth__IBNLCO_03345__hypothetical__CDS__promoter,7369
cnv_depth__IBNLCO_03346__gnl|Bakta|IBNLCO_03346__CDS,2776
cnv_depth__IBNLCO_03346__IBNLCO_03346__gene__promoter,8578
cnv_depth__IBNLCO_03347__DUF3396__CDS,301
cnv_depth__IBNLCO_03348__VRR-NUC__CDS,301
cnv_depth__IBNLCO_03347__IBNLCO_03347__gene__promoter,8078
cnv_depth__IBNLCO_03349__PAAR__CDS,413
cnv_depth__IBNLCO_03348__VRR-NUC__CDS__promoter,413
cnv_depth__IBNLCO_03349__PAAR__CDS__promoter,9382
cnv_depth__IBNLCO_03350__PIN__CDS,6614
cnv_depth__IBNLCO_03350__PIN__CDS__promoter,4817
cnv_depth__IBNLCO_03351__Site-specific__CDS,3437
cnv_depth__IBNLCO_03351__Site-specific__CDS__promoter,8572
cnv_depth__IBNLCO_03352__tRNA-Arg(ccg)__tRNA,4807
cnv_depth__IBNLCO_03352__trnR__gene__promoter,95
cnv_depth__IBNLCO_03353__IBNLCO_03353__gene__promoter,95
cnv_depth__IBNLCO_03353__IBNLCO_03353__gene,2587
cnv_depth__IBNLCO_03354__IBNLCO_03354__gene,8731
cnv_depth__IBNLCO_03354__IBNLCO_03354__gene__promoter,9324
cnv_depth__IBNLCO_03355__Fusaric__CDS__promoter,9321
cnv_depth__IBNLCO_03355__IBNLCO_03355__gene,8725
cnv_depth__IBNLCO_03356__SGNH__CDS__promoter,7950
cnv_depth__IBNLCO_03356__IBNLCO_03356__gene,8944
cnv_depth__IBNLCO_03357__gnl|Bakta|IBNLCO_03357__CDS__promoter,6962
cnv_depth__IBNLCO_03357__gnl|Bakta|IBNLCO_03357__CDS,1471
cnv_depth__IBNLCO_03358__hypothetical__CDS__promoter,1744
cnv_depth__IBNLCO_03358__IBNLCO_03358__gene,7605
cnv_depth__unknown__unknown__regulatory.14,1371
cnv_depth__IBNLCO_03359__gnl|Bakta|IBNLCO_03359__CDS__promoter,330
cnv_depth__unknown__unknown__regulatory.15,330
cnv_depth__IBNLCO_03359__IBNLCO_03359__gene,3458
cnv_depth__IBNLCO_03360__IBNLCO_03360__gene__promoter,3540
cnv_depth__IBNLCO_03360__Glycine__CDS,4009
cnv_depth__IBNLCO_03361__IBNLCO_03361__gene__promoter,3113
cnv_depth__IBNLCO_03362__IBNLCO_03362__gene__promoter,3535
cnv_depth__IBNLCO_03362__Alginate__CDS,2870
cnv_depth__IBNLCO_03363__L-serine__CDS__promoter,8729
cnv_depth__IBNLCO_03363__IBNLCO_03363__gene,2566
cnv_depth__IBNLCO_03364__IBNLCO_03364__gene,3732
cnv_depth__IBNLCO_03364__gnl|Bakta|IBNLCO_03364__CDS__promoter,322
cnv_depth__IBNLCO_03365__Acetolactate__CDS__promoter,322
cnv_depth__IBNLCO_03365__IBNLCO_03365__gene,4036
cnv_depth__IBNLCO_03366__IBNLCO_03366__gene__promoter,6034
cnv_depth__IBNLCO_03366__ADP-heptose--LPS__CDS,8034
cnv_depth__IBNLCO_03367__IBNLCO_03367__gene,4536
cnv_depth__IBNLCO_03367__IBNLCO_03367__gene__promoter,4773
cnv_depth__IBNLCO_03368__IBNLCO_03368__gene__promoter,8050
cnv_depth__IBNLCO_03368__IBNLCO_03368__gene,3475
cnv_depth__IBNLCO_03369__MFS__CDS,8049
cnv_depth__IBNLCO_03369__MFS__CDS__promoter,4714
cnv_depth__IBNLCO_03370__Ethanolamine__CDS,6836
cnv_depth__IBNLCO_03371__Ethanolamine__CDS,2297
cnv_depth__IBNLCO_03370__Ethanolamine__CDS__promoter,5411
cnv_depth__IBNLCO_03371__Ethanolamine__CDS__promoter,1532
cnv_depth__IBNLCO_03372__Amino__CDS,3287
cnv_depth__IBNLCO_03372__IBNLCO_03372__gene__promoter,3316
cnv_depth__IBNLCO_03373__IBNLCO_03373__gene__promoter,2860
cnv_depth__IBNLCO_03373__IBNLCO_03373__gene,5644
cnv_depth__IBNLCO_03374__IBNLCO_03374__gene,5142
cnv_depth__IBNLCO_03374__Small-conductance__CDS__promoter,4743
cnv_depth__IBNLCO_03375__IBNLCO_03375__gene,3081
cnv_depth__IBNLCO_03375__DZANK-type__CDS__promoter,2977
cnv_depth__IBNLCO_03376__Cadmium__CDS,6686
cnv_depth__IBNLCO_03377__Cd(II)/Pb(II)-responsive__CDS__promoter,8162
cnv_depth__IBNLCO_03376__Cadmium__CDS__promoter,3400
cnv_depth__IBNLCO_03377__Cd(II)/Pb(II)-responsive__CDS,8851
cnv_depth__IBNLCO_03378__padR__gene__promoter,5941
cnv_depth__IBNLCO_03378__padR__gene,6905
cnv_depth__IBNLCO_03379__IBNLCO_03379__gene,2730
cnv_depth__IBNLCO_03379__IBNLCO_03379__gene__promoter,6169
cnv_depth__IBNLCO_03380__FAD__CDS,6896
cnv_depth__IBNLCO_03380__FAD__CDS__promoter,6685
cnv_depth__IBNLCO_03381__Solute-binding__CDS,5730
cnv_depth__IBNLCO_03381__IBNLCO_03381__gene__promoter,9318
cnv_depth__IBNLCO_03382__IBNLCO_03382__gene,6315
cnv_depth__IBNLCO_03382__Aspartate__CDS__promoter,3135
cnv_depth__IBNLCO_03383__betI__gene,6607
cnv_depth__IBNLCO_03384__aidB__gene__promoter,2734
cnv_depth__IBNLCO_03383__betI__gene__promoter,3539
cnv_depth__IBNLCO_03384__aidB__gene,4726
cnv_depth__IBNLCO_03385__Short-chain-fatty-acid--CoA__CDS__promoter,3026
cnv_depth__IBNLCO_03385__IBNLCO_03385__gene,3280
cnv_depth__IBNLCO_03386__IBNLCO_03386__gene,4538
cnv_depth__IBNLCO_03386__IBNLCO_03386__gene__promoter,6422
cnv_depth__IBNLCO_03387__putA__gene__promoter,212
cnv_depth__IBNLCO_03388__IBNLCO_03388__gene__promoter,212
cnv_depth__IBNLCO_03388__hypothetical__CDS,6934
cnv_depth__IBNLCO_03389__IBNLCO_03389__gene,8210
cnv_depth__IBNLCO_03389__Primosomal__CDS__promoter,4732
cnv_depth__unknown__unknown__rep_origin.1,9097
cnv_depth__IBNLCO_03391__IBNLCO_03391__gene__promoter,215
cnv_depth__IBNLCO_03390__Uroporphyrinogen__CDS__promoter,215
cnv_depth__IBNLCO_03391__IBNLCO_03391__gene,4093
cnv_depth__IBNLCO_03392__IBNLCO_03392__gene,2548
cnv_depth__IBNLCO_03392__CoA-binding__CDS__promoter,399
cnv_depth__IBNLCO_03393__Bp1_781__gene__promoter,399
cnv_depth__IBNLCO_03393__Bp1_781__gene,4272
cnv_depth__IBNLCO_03394__IBNLCO_03394__gene,4733
cnv_depth__IBNLCO_03394__3-[(3aS%2C4S%2C7aS)-7a-methyl-1%2C__CDS__promoter,2693
cnv_depth__IBNLCO_03395__IBNLCO_03395__gene,3635
cnv_depth__IBNLCO_03395__hypothetical__CDS__promoter,4083
cnv_depth__IBNLCO_03396__ATP__CDS,4738
cnv_depth__IBNLCO_03396__ATP__CDS__promoter,5688
cnv_depth__IBNLCO_03397__ATP__CDS,9286
cnv_depth__IBNLCO_03397__ATP__CDS__promoter,7410
cnv_depth__IBNLCO_03398__ATP__CDS,4838
cnv_depth__IBNLCO_03398__IBNLCO_03398__gene__promoter,2298
cnv_depth__IBNLCO_03399__IBNLCO_03399__gene,7024
cnv_depth__IBNLCO_03399__IBNLCO_03399__gene__promoter,488
cnv_depth__IBNLCO_03400__IBNLCO_03400__gene,488
cnv_depth__IBNLCO_03400__IBNLCO_03400__gene__promoter,9680
cnv_depth__IBNLCO_03401__IBNLCO_03401__gene,5289
cnv_depth__IBNLCO_03401__ATP__CDS__promoter,4774
cnv_depth__IBNLCO_03402__ATP__CDS,8850
cnv_depth__IBNLCO_03402__ATP__CDS__promoter,8738
cnv_depth__IBNLCO_03403__IBNLCO_03403__gene,5190
cnv_depth__IBNLCO_03403__IBNLCO_03403__gene__promoter,6218
cnv_depth__IBNLCO_03404__Citrate__CDS,2653
cnv_depth__IBNLCO_03404__IBNLCO_03404__gene__promoter,3322
cnv_depth__IBNLCO_03405__putative__CDS,4544
cnv_depth__IBNLCO_03405__parB__gene__promoter,6730
cnv_depth__IBNLCO_03406__IBNLCO_03406__gene,9345
cnv_depth__IBNLCO_03406__Sporulation__CDS__promoter,9532
cnv_depth__IBNLCO_03407__Ribosomal__CDS,8082
cnv_depth__IBNLCO_03408__mnmG__gene,58
cnv_depth__IBNLCO_03407__IBNLCO_03407__gene__promoter,4185
cnv_depth__IBNLCO_03408__mnmG__gene__promoter,3671
cnv_depth__IBNLCO_03409__ABC__CDS,8891
cnv_depth__IBNLCO_03409__ABC__CDS__promoter,6800
cnv_depth__IBNLCO_03410__ABC__CDS,4950
cnv_depth__IBNLCO_03410__ABC__CDS__promoter,9342
cnv_depth__IBNLCO_03411__IBNLCO_03411__gene,5630
cnv_depth__IBNLCO_03411__IBNLCO_03411__gene__promoter,4124
cnv_depth__IBNLCO_03412__IBNLCO_03412__gene,3911
cnv_depth__IBNLCO_03412__IBNLCO_03412__gene__promoter,4633
cnv_depth__IBNLCO_03413__IBNLCO_03413__gene,3796
cnv_depth__IBNLCO_03413__IBNLCO_03413__gene__promoter,8480
cnv_depth__IBNLCO_03414__ncS01__gene,9447
cnv_depth__IBNLCO_03414__ncS01__gene__promoter,7713
cnv_depth__IBNLCO_03415__IBNLCO_03415__gene,9364
cnv_depth__IBNLCO_03416__Branched-chain__CDS,4617
cnv_depth__IBNLCO_03415__IBNLCO_03415__gene__promoter,4210
cnv_depth__IBNLCO_03416__IBNLCO_03416__gene__promoter,3882
cnv_depth__IBNLCO_03417__Leucine-binding__CDS,9700
cnv_depth__IBNLCO_03417__IBNLCO_03417__gene__promoter,4062
cnv_depth__IBNLCO_03418__IBNLCO_03418__gene,4286
cnv_depth__IBNLCO_03419__Lipopolysaccharide__CDS,4843
cnv_depth__IBNLCO_03418__ABC__CDS__promoter,3603
cnv_depth__IBNLCO_03419__Lipopolysaccharide__CDS__promoter,4033
cnv_depth__IBNLCO_03420__IBNLCO_03420__gene,3774
cnv_depth__IBNLCO_03420__IBNLCO_03420__gene__promoter,4485
cnv_depth__IBNLCO_03421__Malonate-semialdehyde__CDS,7258
cnv_depth__IBNLCO_03422__LysR__CDS__promoter,4717
cnv_depth__IBNLCO_03421__IBNLCO_03421__gene__promoter,6928
cnv_depth__IBNLCO_03422__LysR__CDS,7353
cnv_depth__IBNLCO_03423__Adenylate__CDS__promoter,4987
cnv_depth__IBNLCO_03423__Adenylate__CDS,1801
cnv_depth__IBNLCO_03424__HTH__CDS,3085
cnv_depth__IBNLCO_03425__gnl|Bakta|IBNLCO_03425__CDS__promoter,1696
cnv_depth__IBNLCO_03424__IBNLCO_03424__gene__promoter,1696
cnv_depth__IBNLCO_03425__IBNLCO_03425__gene,4183
cnv_depth__IBNLCO_03426__IBNLCO_03426__gene__promoter,3210
cnv_depth__IBNLCO_03426__IBNLCO_03426__gene,4464
cnv_depth__IBNLCO_03427__IBNLCO_03427__gene,8726
cnv_depth__IBNLCO_03428__tctD__gene__promoter,116
cnv_depth__IBNLCO_03427__IBNLCO_03427__gene__promoter,116
cnv_depth__IBNLCO_03428__tctD__gene,1714
cnv_depth__IBNLCO_03429__IBNLCO_03429__gene__promoter,2639
cnv_depth__IBNLCO_03429__IBNLCO_03429__gene,3966
cnv_depth__IBNLCO_03430__IBNLCO_03430__gene,7527
cnv_depth__IBNLCO_03430__IBNLCO_03430__gene__promoter,2814
cnv_depth__IBNLCO_03431__IBNLCO_03431__gene,4865
cnv_depth__IBNLCO_03431__IBNLCO_03431__gene__promoter,4275
cnv_depth__IBNLCO_03432__IBNLCO_03432__gene,3125
cnv_depth__IBNLCO_03432__IBNLCO_03432__gene__promoter,8172
cnv_depth__IBNLCO_03433__IBNLCO_03433__gene,5988
cnv_depth__IBNLCO_03433__IBNLCO_03433__gene__promoter,1363
cnv_depth__IBNLCO_03434__IBNLCO_03434__gene,4243
cnv_depth__IBNLCO_03435__xerC__gene,9440
cnv_depth__IBNLCO_03435__xerC__gene__promoter,6740
cnv_depth__IBNLCO_03436__IBNLCO_03436__gene,2468
cnv_depth__IBNLCO_03436__IBNLCO_03436__gene__promoter,3909
cnv_depth__IBNLCO_03437__IBNLCO_03437__gene,6610
cnv_depth__IBNLCO_03438__2-amino-3-ketobutyrate__CDS__promoter,1064
cnv_depth__IBNLCO_03437__DNA-binding__CDS__promoter,1064
cnv_depth__IBNLCO_03438__2-amino-3-ketobutyrate__CDS,4616
cnv_depth__IBNLCO_03439__L-threonine__CDS__promoter,2864
cnv_depth__IBNLCO_03439__IBNLCO_03439__gene,8730
cnv_depth__IBNLCO_03440__yceI__gene,8964
cnv_depth__IBNLCO_03441__IBNLCO_03441__gene__promoter,23
cnv_depth__IBNLCO_03440__yceI__gene__promoter,23
cnv_depth__IBNLCO_03441__IBNLCO_03441__gene,8179
cnv_depth__IBNLCO_03442__IBNLCO_03442__gene__promoter,3770
cnv_depth__IBNLCO_03442__50S__CDS,8494
cnv_depth__IBNLCO_03443__Succinylglutamate__CDS,4709
cnv_depth__IBNLCO_03443__Succinylglutamate__CDS__promoter,7736
cnv_depth__IBNLCO_03444__D-malate__CDS,9370
cnv_depth__IBNLCO_03445__dmlR__gene__promoter,376
cnv_depth__IBNLCO_03444__D-malate__CDS__promoter,376
cnv_depth__IBNLCO_03445__HTH-type__CDS,6900
cnv_depth__IBNLCO_03446__IBNLCO_03446__gene__promoter,7310
cnv_depth__IBNLCO_03446__Isoprenylcysteine__CDS,4090
cnv_depth__IBNLCO_03447__IBNLCO_03447__gene__promoter,9443
cnv_depth__IBNLCO_03447__Glutathione__CDS,3530
cnv_depth__IBNLCO_03448__IBNLCO_03448__gene,5652
cnv_depth__IBNLCO_03448__IBNLCO_03448__gene__promoter,4052
cnv_depth__IBNLCO_03449__PNPLA__CDS,5044
cnv_depth__IBNLCO_03450__3-hydroxybutyrate__CDS,4336
cnv_depth__IBNLCO_03449__IBNLCO_03449__gene__promoter,5048
cnv_depth__IBNLCO_03450__3-hydroxybutyrate__CDS__promoter,2935
cnv_depth__IBNLCO_03451__Acetoacetate__CDS,4644
cnv_depth__IBNLCO_03451__Acetoacetate__CDS__promoter,4222
cnv_depth__IBNLCO_03452__gnl|Bakta|IBNLCO_03452__CDS__promoter,5424
cnv_depth__IBNLCO_03452__IBNLCO_03452__gene,6454
cnv_depth__IBNLCO_03453__Sperm-specific__CDS,3046
cnv_depth__IBNLCO_03453__Sperm-specific__CDS__promoter,3244
cnv_depth__IBNLCO_03454__IBNLCO_03454__gene,1982
cnv_depth__IBNLCO_03454__NADPH-dependent__CDS__promoter,4416
cnv_depth__IBNLCO_03455__hypothetical__CDS,8204
cnv_depth__IBNLCO_03456__hypothetical__CDS__promoter,117
cnv_depth__IBNLCO_03455__hypothetical__CDS__promoter,117
cnv_depth__IBNLCO_03456__IBNLCO_03456__gene,9618
cnv_depth__IBNLCO_03457__Cytochrome__CDS__promoter,6194
cnv_depth__IBNLCO_03457__Cytochrome__CDS,2616
cnv_depth__IBNLCO_03458__Flagellar__CDS__promoter,3104
cnv_depth__IBNLCO_03458__Flagellar__CDS,3600
cnv_depth__IBNLCO_03459__DUF692__CDS__promoter,6790
cnv_depth__IBNLCO_03459__DUF692__CDS,8961
cnv_depth__IBNLCO_03460__DUF2063__CDS__promoter,2820
cnv_depth__IBNLCO_03460__DUF2063__CDS,6899
cnv_depth__IBNLCO_03461__Anaerobic__CDS__promoter,4211
cnv_depth__IBNLCO_03461__Anaerobic__CDS,1735
cnv_depth__IBNLCO_03462__Methyltransferase__CDS__promoter,4409
cnv_depth__IBNLCO_03463__Amino__CDS,2828
cnv_depth__IBNLCO_03464__HTH__CDS__promoter,8718
cnv_depth__IBNLCO_03463__Amino__CDS__promoter,2867
cnv_depth__IBNLCO_03464__HTH__CDS,2443
cnv_depth__IBNLCO_03465__Fumarate/nitrate__CDS,2851
cnv_depth__IBNLCO_03465__Fumarate/nitrate__CDS__promoter,3310
cnv_depth__IBNLCO_03466__Universal__CDS,7314
cnv_depth__IBNLCO_03466__IBNLCO_03466__gene__promoter,2431
cnv_depth__IBNLCO_03467__IBNLCO_03467__gene__promoter,7289
cnv_depth__IBNLCO_03467__gnl|Bakta|IBNLCO_03467__CDS,1380
cnv_depth__IBNLCO_03468__IBNLCO_03468__gene__promoter,4757
cnv_depth__IBNLCO_03468__Ketoglutarate__CDS,3773
cnv_depth__IBNLCO_03469__IBNLCO_03469__gene__promoter,2720
cnv_depth__IBNLCO_03469__gnl|Bakta|IBNLCO_03469__CDS,7974
cnv_depth__IBNLCO_03470__2-oxoglutarate__CDS,6046
cnv_depth__IBNLCO_03470__IBNLCO_03470__gene__promoter,4793
cnv_depth__IBNLCO_03471__IBNLCO_03471__gene__promoter,5598
cnv_depth__IBNLCO_03471__IBNLCO_03471__gene,4858
cnv_depth__IBNLCO_03472__Serine__CDS__promoter,4850
cnv_depth__IBNLCO_03472__IBNLCO_03472__gene,8234
cnv_depth__IBNLCO_03473__IBNLCO_03473__gene,7224
cnv_depth__IBNLCO_03473__IBNLCO_03473__gene__promoter,3862
cnv_depth__IBNLCO_03474__hypothetical__CDS,7110
cnv_depth__IBNLCO_03474__hypothetical__CDS__promoter,6566
cnv_depth__IBNLCO_03475__HTH__CDS,1960
cnv_depth__IBNLCO_03476__IBNLCO_03476__gene__promoter,251
cnv_depth__IBNLCO_03475__HTH__CDS__promoter,251
cnv_depth__IBNLCO_03476__IBNLCO_03476__gene,7368
cnv_depth__IBNLCO_03477__3-oxoadipate__CDS__promoter,7822
cnv_depth__IBNLCO_03477__IBNLCO_03477__gene,4458
cnv_depth__IBNLCO_03478__3-oxoadipate__CDS__promoter,4247
cnv_depth__IBNLCO_03478__IBNLCO_03478__gene,3848
cnv_depth__IBNLCO_03479__3-carboxy-cis%2Ccis-muconate__CDS__promoter,2299
cnv_depth__IBNLCO_03479__3-carboxy-cis%2Ccis-muconate__CDS,4297
cnv_depth__IBNLCO_03480__IBNLCO_03480__gene__promoter,3007
cnv_depth__IBNLCO_03480__IBNLCO_03480__gene,4112
cnv_depth__IBNLCO_03481__IBNLCO_03481__gene__promoter,2812
cnv_depth__IBNLCO_03481__IBNLCO_03481__gene,3601
cnv_depth__IBNLCO_03482__4-hydroxybenzoate__CDS__promoter,3106
cnv_depth__IBNLCO_03482__4-hydroxybenzoate__CDS,4055
cnv_depth__IBNLCO_03483__IBNLCO_03483__gene,2462
cnv_depth__IBNLCO_03483__IBNLCO_03483__gene__promoter,4737
cnv_depth__IBNLCO_03484__Cysteine/O-acetylserine__CDS,5650
cnv_depth__IBNLCO_03484__IBNLCO_03484__gene__promoter,3290
cnv_depth__IBNLCO_03485__IBNLCO_03485__gene,3677
cnv_depth__IBNLCO_03485__IBNLCO_03485__gene__promoter,3512
cnv_depth__IBNLCO_03486__N-6__CDS,1585
cnv_depth__IBNLCO_03486__N-6__CDS__promoter,1904
cnv_depth__IBNLCO_03487__IBNLCO_03487__gene,1450
cnv_depth__IBNLCO_03487__IBNLCO_03487__gene__promoter,9473
cnv_depth__IBNLCO_03488__YncE__CDS,4378
cnv_depth__IBNLCO_03488__yncE__gene__promoter,9214
cnv_depth__IBNLCO_03489__DUF1259__CDS,5884
cnv_depth__IBNLCO_03489__IBNLCO_03489__gene__promoter,138
cnv_depth__IBNLCO_03490__MFS__CDS,138
cnv_depth__IBNLCO_03491__ChrB__CDS,138
cnv_depth__IBNLCO_03490__IBNLCO_03490__gene__promoter,138
cnv_depth__IBNLCO_03491__chrB__gene__promoter,138
cnv_depth__IBNLCO_03492__Chromate__CDS,9707
cnv_depth__IBNLCO_03493__Chromate__CDS,138
cnv_depth__IBNLCO_03492__IBNLCO_03492__gene__promoter,138
cnv_depth__IBNLCO_03493__Chromate__CDS__promoter,138
cnv_depth__IBNLCO_03494__CbtA__CDS,138
cnv_depth__IBNLCO_03494__CbtA__CDS__promoter,138
cnv_depth__IBNLCO_03495__IBNLCO_03495__gene__promoter,138
cnv_depth__IBNLCO_03495__IBNLCO_03495__gene,138
cnv_depth__IBNLCO_03496__EfeO-type__CDS__promoter,138
cnv_depth__IBNLCO_03496__EfeO-type__CDS,138
cnv_depth__IBNLCO_03497__IBNLCO_03497__gene__promoter,138
cnv_depth__IBNLCO_03497__RNA__CDS,138
cnv_depth__IBNLCO_03498__IBNLCO_03498__gene__promoter,2683
cnv_depth__IBNLCO_03499__Type__CDS,4509
cnv_depth__IBNLCO_03499__Type__CDS__promoter,2968
cnv_depth__IBNLCO_03500__IBNLCO_03500__gene,3778
cnv_depth__IBNLCO_03500__hypothetical__CDS__promoter,3254
cnv_depth__IBNLCO_03501__H-NS__CDS,7458
cnv_depth__IBNLCO_03501__IBNLCO_03501__gene__promoter,3725
cnv_depth__IBNLCO_03502__IBNLCO_03502__gene__promoter,6076
cnv_depth__IBNLCO_03502__IBNLCO_03502__gene,8978
cnv_depth__IBNLCO_03503__histidine__CDS__promoter,8454
cnv_depth__IBNLCO_03503__histidine__CDS,2988
cnv_depth__IBNLCO_03504__dctD__gene__promoter,3516
cnv_depth__IBNLCO_03504__C4-dicarboxylate__CDS,4501
cnv_depth__IBNLCO_03505__TB__CDS,73
cnv_depth__IBNLCO_03505__IBNLCO_03505__gene__promoter,73
cnv_depth__IBNLCO_03506__gnl|Bakta|IBNLCO_03506__CDS,73
cnv_depth__IBNLCO_03506__IBNLCO_03506__gene__promoter,3610
cnv_depth__IBNLCO_03507__IBNLCO_03507__gene__promoter,3394
cnv_depth__IBNLCO_03507__IBNLCO_03507__gene,4150
cnv_depth__IBNLCO_03508__IBNLCO_03508__gene__promoter,2135
cnv_depth__IBNLCO_03508__IBNLCO_03508__gene,3593
cnv_depth__IBNLCO_03509__IBNLCO_03509__gene__promoter,3517
cnv_depth__IBNLCO_03509__IBNLCO_03509__gene,3994
cnv_depth__IBNLCO_03510__IBNLCO_03510__gene__promoter,7914
cnv_depth__IBNLCO_03510__IBNLCO_03510__gene,6967
cnv_depth__IBNLCO_03511__IBNLCO_03511__gene,9462
cnv_depth__IBNLCO_03512__IS30__CDS__promoter,4609
cnv_depth__IBNLCO_03511__IBNLCO_03511__gene__promoter,9012
cnv_depth__IBNLCO_03512__IBNLCO_03512__gene,3845
cnv_depth__unknown__unknown__regulatory.16,6372
cnv_depth__IBNLCO_03513__IBNLCO_03513__gene,6140
cnv_depth__IBNLCO_03513__IBNLCO_03513__gene__promoter,2934
cnv_depth__IBNLCO_03514__IBNLCO_03514__gene__promoter,3837
cnv_depth__IBNLCO_03514__IBNLCO_03514__gene,4570
cnv_depth__IBNLCO_03515__potC__gene__promoter,7814
cnv_depth__IBNLCO_03515__potC__gene,156
cnv_depth__IBNLCO_03516__IBNLCO_03516__gene__promoter,156
cnv_depth__IBNLCO_03516__IBNLCO_03516__gene,156
cnv_depth__IBNLCO_03517__Rhs__CDS__promoter,2556
cnv_depth__IBNLCO_03517__IBNLCO_03517__gene,5976
cnv_depth__IBNLCO_03518__Antibacterial__CDS__promoter,9096
cnv_depth__IBNLCO_03518__IBNLCO_03518__gene,6200
cnv_depth__IBNLCO_03519__DUF2875__CDS__promoter,8680
cnv_depth__IBNLCO_03519__IBNLCO_03519__gene,5288
cnv_depth__IBNLCO_03520__PAAR__CDS__promoter,3702
cnv_depth__IBNLCO_03520__IBNLCO_03520__gene,6232
cnv_depth__IBNLCO_03521__IBNLCO_03521__gene,3452
cnv_depth__IBNLCO_03521__Secondary__CDS__promoter,452
cnv_depth__IBNLCO_03522__IBNLCO_03522__gene,452
cnv_depth__IBNLCO_03522__Thiol__CDS__promoter,3362
cnv_depth__IBNLCO_03523__IBNLCO_03523__gene__promoter,2631
cnv_depth__IBNLCO_03523__IBNLCO_03523__gene,5573
cnv_depth__IBNLCO_03524__hypothetical__CDS,3403
cnv_depth__IBNLCO_03525__IBNLCO_03525__gene,9512
cnv_depth__IBNLCO_03524__hypothetical__CDS__promoter,7693
cnv_depth__IBNLCO_03525__Cytochrome__CDS__promoter,3030
cnv_depth__IBNLCO_03526__IBNLCO_03526__gene,20
cnv_depth__IBNLCO_03527__IBNLCO_03527__gene__promoter,20
cnv_depth__IBNLCO_03526__IBNLCO_03526__gene__promoter,9722
cnv_depth__IBNLCO_03527__hypothetical__CDS,2874
cnv_depth__IBNLCO_03528__hypothetical__CDS__promoter,3997
cnv_depth__IBNLCO_03528__IBNLCO_03528__gene,73
cnv_depth__IBNLCO_03529__Transmembrane__CDS,596
cnv_depth__IBNLCO_03529__Transmembrane__CDS__promoter,73
cnv_depth__IBNLCO_03530__IBNLCO_03530__gene,73
cnv_depth__IBNLCO_03530__hypothetical__CDS__promoter,73
cnv_depth__IBNLCO_03531__IBNLCO_03531__gene__promoter,73
cnv_depth__IBNLCO_03531__IBNLCO_03531__gene,73
cnv_depth__IBNLCO_03532__Fimbria-related__CDS__promoter,73
cnv_depth__IBNLCO_03532__Fimbria-related__CDS,73
cnv_depth__IBNLCO_03533__IBNLCO_03533__gene__promoter,70
cnv_depth__IBNLCO_03533__IBNLCO_03533__gene,70
cnv_depth__IBNLCO_03534__IBNLCO_03534__gene__promoter,73
cnv_depth__IBNLCO_03534__IBNLCO_03534__gene,73
cnv_depth__IBNLCO_03535__Type__CDS__promoter,73
cnv_depth__IBNLCO_03535__Type__CDS,73
cnv_depth__IBNLCO_03536__IBNLCO_03536__gene__promoter,73
cnv_depth__IBNLCO_03536__OmpA-like__CDS,596
cnv_depth__IBNLCO_03537__Type__CDS__promoter,73
cnv_depth__IBNLCO_03537__IBNLCO_03537__gene,596
cnv_depth__IBNLCO_03538__tssC1__gene__promoter,73
cnv_depth__IBNLCO_03538__tssC1__gene,70
cnv_depth__IBNLCO_03539__IBNLCO_03539__gene__promoter,70
cnv_depth__IBNLCO_03539__IBNLCO_03539__gene,73
cnv_depth__IBNLCO_03540__Type__CDS__promoter,73
cnv_depth__IBNLCO_03540__IBNLCO_03540__gene,73
cnv_depth__IBNLCO_03541__Type__CDS__promoter,73
cnv_depth__IBNLCO_03541__Type__CDS,70
cnv_depth__IBNLCO_03542__OmpA-like__CDS__promoter,73
cnv_depth__IBNLCO_03542__OmpA-like__CDS,73
cnv_depth__IBNLCO_03543__Type__CDS__promoter,596
cnv_depth__IBNLCO_03543__impL__gene,596
cnv_depth__IBNLCO_03544__IBNLCO_03544__gene__promoter,596
cnv_depth__IBNLCO_03544__IBNLCO_03544__gene,596
cnv_depth__IBNLCO_03545__IBNLCO_03545__gene__promoter,73
cnv_depth__IBNLCO_03545__IBNLCO_03545__gene,73
cnv_depth__IBNLCO_03546__PAAR__CDS__promoter,3961
cnv_depth__IBNLCO_03546__IBNLCO_03546__gene,73
cnv_depth__IBNLCO_03547__IBNLCO_03547__gene__promoter,73
cnv_depth__IBNLCO_03547__IBNLCO_03547__gene,70
cnv_depth__IBNLCO_03548__IBNLCO_03548__gene,70
cnv_depth__IBNLCO_03548__Glycosyltransferase__CDS__promoter,70
cnv_depth__IBNLCO_03549__Fimbrial__CDS,70
cnv_depth__IBNLCO_03549__IBNLCO_03549__gene__promoter,73
cnv_depth__IBNLCO_03550__ImpA__CDS,73
cnv_depth__IBNLCO_03550__impA__gene__promoter,73
cnv_depth__IBNLCO_03551__Type__CDS,73
cnv_depth__IBNLCO_03552__Type__CDS,73
cnv_depth__IBNLCO_03551__Type__CDS__promoter,73
cnv_depth__IBNLCO_03552__tssF__gene__promoter,73
cnv_depth__IBNLCO_03553__Type__CDS,73
cnv_depth__IBNLCO_03554__ImpE__CDS,73
cnv_depth__IBNLCO_03553__tssE__gene__promoter,73
cnv_depth__IBNLCO_03555__tagK__gene,70
cnv_depth__IBNLCO_03554__impE__gene__promoter,73
cnv_depth__IBNLCO_03555__tagK__gene__promoter,73
cnv_depth__IBNLCO_03556__ATP-dependent__CDS__promoter,70
cnv_depth__IBNLCO_03556__clpB__gene,73
cnv_depth__IBNLCO_03557__histidine__CDS,70
cnv_depth__IBNLCO_03557__IBNLCO_03557__gene__promoter,587
cnv_depth__IBNLCO_03558__IBNLCO_03558__gene,587
cnv_depth__IBNLCO_03559__IBNLCO_03559__gene,587
cnv_depth__IBNLCO_03558__IBNLCO_03558__gene__promoter,587
cnv_depth__IBNLCO_03559__hypothetical__CDS__promoter,73
cnv_depth__IBNLCO_03560__hypothetical__CDS,596
cnv_depth__IBNLCO_03560__IBNLCO_03560__gene__promoter,4798
cnv_depth__IBNLCO_03561__Fimbrial__CDS,72
cnv_depth__IBNLCO_03561__Fimbrial__CDS__promoter,72
cnv_depth__IBNLCO_03562__IBNLCO_03562__gene,72
cnv_depth__IBNLCO_03562__IBNLCO_03562__gene__promoter,4632
cnv_depth__IBNLCO_03563__IBNLCO_03563__gene,72
cnv_depth__IBNLCO_03563__hypothetical__CDS__promoter,72
cnv_depth__IBNLCO_03564__IBNLCO_03564__gene,72
cnv_depth__IBNLCO_03564__DUF1120__CDS__promoter,72
cnv_depth__IBNLCO_03565__DNA-binding__CDS__promoter,6638
cnv_depth__IBNLCO_03565__IBNLCO_03565__gene,4384
cnv_depth__IBNLCO_03566__IBNLCO_03566__gene,4613
cnv_depth__IBNLCO_03566__IBNLCO_03566__gene__promoter,4385
cnv_depth__IBNLCO_03567__Major__CDS__promoter,3668
cnv_depth__IBNLCO_03567__IBNLCO_03567__gene,3634
cnv_depth__IBNLCO_03568__IBNLCO_03568__gene__promoter,7482
cnv_depth__IBNLCO_03568__IBNLCO_03568__gene,4011
cnv_depth__IBNLCO_03569__Pyruvate__CDS__promoter,3190
cnv_depth__IBNLCO_03570__IBNLCO_03570__gene__promoter,4703
cnv_depth__IBNLCO_03571__Putative__CDS__promoter,1593
cnv_depth__IBNLCO_03571__IBNLCO_03571__gene,2964
cnv_depth__IBNLCO_03572__IBNLCO_03572__gene__promoter,9276
cnv_depth__IBNLCO_03572__IBNLCO_03572__gene,7116
cnv_depth__IBNLCO_03573__SnoaL-like__CDS__promoter,2510
cnv_depth__IBNLCO_03573__IBNLCO_03573__gene,6854
cnv_depth__IBNLCO_03574__IBNLCO_03574__gene__promoter,3532
cnv_depth__IBNLCO_03576__IBNLCO_03576__gene__promoter,6679
cnv_depth__IBNLCO_03575__IBNLCO_03575__gene__promoter,4465
cnv_depth__IBNLCO_03576__IBNLCO_03576__gene,8315
cnv_depth__IBNLCO_03577__diguanylate__CDS__promoter,5267
cnv_depth__IBNLCO_03578__IBNLCO_03578__gene__promoter,3285
cnv_depth__IBNLCO_03578__IBNLCO_03578__gene,4572
cnv_depth__IBNLCO_03579__IBNLCO_03579__gene__promoter,4905
cnv_depth__IBNLCO_03579__IBNLCO_03579__gene,2300
cnv_depth__IBNLCO_03580__IBNLCO_03580__gene__promoter,4396
cnv_depth__IBNLCO_03580__IBNLCO_03580__gene,1981
cnv_depth__IBNLCO_03581__IBNLCO_03581__gene__promoter,5687
cnv_depth__IBNLCO_03582__IBNLCO_03582__gene,4516
cnv_depth__IBNLCO_03582__Periplasmic__CDS__promoter,8525
cnv_depth__IBNLCO_03583__IBNLCO_03583__gene,6449
cnv_depth__IBNLCO_03583__Ribose__CDS__promoter,3245
cnv_depth__IBNLCO_03585__IBNLCO_03585__gene,8936
cnv_depth__IBNLCO_03584__rbsA__gene__promoter,8848
cnv_depth__IBNLCO_03585__IBNLCO_03585__gene__promoter,4031
cnv_depth__IBNLCO_03586__IBNLCO_03586__gene,1711
cnv_depth__IBNLCO_03587__IBNLCO_03587__gene,3136
cnv_depth__IBNLCO_03586__IBNLCO_03586__gene__promoter,5964
cnv_depth__IBNLCO_03587__IBNLCO_03587__gene__promoter,3193
cnv_depth__IBNLCO_03589__IBNLCO_03589__gene__promoter,3554
cnv_depth__IBNLCO_03588__dbpA__gene__promoter,6526
cnv_depth__IBNLCO_03589__IBNLCO_03589__gene,4866
cnv_depth__IBNLCO_03590__IBNLCO_03590__gene__promoter,7229
cnv_depth__IBNLCO_03591__IBNLCO_03591__gene,4432
cnv_depth__IBNLCO_03592__lysR__gene__promoter,733
cnv_depth__IBNLCO_03591__IBNLCO_03591__gene__promoter,733
cnv_depth__IBNLCO_03592__lysR__gene,8852
cnv_depth__IBNLCO_03593__IBNLCO_03593__gene,8836
cnv_depth__IBNLCO_03593__PhnD/SsuA/transferrin__CDS__promoter,3379
cnv_depth__IBNLCO_03594__IBNLCO_03594__gene__promoter,2817
cnv_depth__IBNLCO_03594__IBNLCO_03594__gene,3382
cnv_depth__IBNLCO_03595__IBNLCO_03595__gene__promoter,4180
cnv_depth__IBNLCO_03595__IBNLCO_03595__gene,3801
cnv_depth__IBNLCO_03596__IBNLCO_03596__gene,5185
cnv_depth__IBNLCO_03596__Solute-binding__CDS__promoter,7612
cnv_depth__IBNLCO_03597__IBNLCO_03597__gene,2493
cnv_depth__IBNLCO_03597__D-amino__CDS__promoter,4839
cnv_depth__IBNLCO_03598__IBNLCO_03598__gene,1406
cnv_depth__IBNLCO_03598__IBNLCO_03598__gene__promoter,9646
cnv_depth__IBNLCO_03599__IBNLCO_03599__gene,3021
cnv_depth__IBNLCO_03599__IBNLCO_03599__gene__promoter,2432
cnv_depth__IBNLCO_03600__hypothetical__CDS__promoter,8158
cnv_depth__IBNLCO_03600__IBNLCO_03600__gene,2897
cnv_depth__IBNLCO_03601__SMP-30/Gluconolactonase/LRE-like__CDS__promoter,3917
cnv_depth__IBNLCO_03601__IBNLCO_03601__gene,4695
cnv_depth__IBNLCO_03602__gnl|Bakta|IBNLCO_03602__CDS__promoter,3057
cnv_depth__IBNLCO_03602__gnl|Bakta|IBNLCO_03602__CDS,6312
cnv_depth__IBNLCO_03603__IBNLCO_03603__gene__promoter,7712
cnv_depth__IBNLCO_03603__L-tyrosine__CDS,5858
cnv_depth__IBNLCO_03604__IBNLCO_03604__gene__promoter,2884
cnv_depth__IBNLCO_03604__IBNLCO_03604__gene,7790
cnv_depth__IBNLCO_03605__pvcC__gene__promoter,7150
cnv_depth__IBNLCO_03605__pvcC__gene,4070
cnv_depth__IBNLCO_03607__NADPH2:quinone__CDS__promoter,2678
cnv_depth__IBNLCO_03607__IBNLCO_03607__gene,7008
cnv_depth__IBNLCO_03608__hypothetical__CDS__promoter,4445
cnv_depth__IBNLCO_03608__hypothetical__CDS,2175
cnv_depth__IBNLCO_03609__LysR__CDS,1853
cnv_depth__IBNLCO_03609__LysR__CDS__promoter,3339
cnv_depth__IBNLCO_03610__Type__CDS__promoter,3685
cnv_depth__IBNLCO_03611__IBNLCO_03611__gene,3689
cnv_depth__IBNLCO_03611__OmpA-like__CDS__promoter,1425
cnv_depth__IBNLCO_03612__Type__CDS__promoter,3447
cnv_depth__IBNLCO_03613__IBNLCO_03613__gene,4941
cnv_depth__IBNLCO_03613__hypothetical__CDS__promoter,1545
cnv_depth__IBNLCO_03614__Hcp1__CDS__promoter,3365
cnv_depth__IBNLCO_03615__tssC1__gene,8437
cnv_depth__IBNLCO_03615__tssC1__gene__promoter,6810
cnv_depth__IBNLCO_03616__Type__CDS,4329
cnv_depth__IBNLCO_03616__Type__CDS__promoter,3037
cnv_depth__IBNLCO_03617__clpB__gene__promoter,6165
cnv_depth__IBNLCO_03618__TagK__CDS__promoter,3602
cnv_depth__IBNLCO_03618__TagK__CDS,3308
cnv_depth__IBNLCO_03619__ImpE/SciE__CDS__promoter,3396
cnv_depth__IBNLCO_03619__ImpE/SciE__CDS,3877
cnv_depth__IBNLCO_03620__IraD/Gp25-like__CDS__promoter,6721
cnv_depth__IBNLCO_03620__IraD/Gp25-like__CDS,2640
cnv_depth__IBNLCO_03621__tssF__gene__promoter,2535
cnv_depth__IBNLCO_03621__Type__CDS,5860
cnv_depth__IBNLCO_03622__tssG__gene__promoter,3724
cnv_depth__IBNLCO_03622__Type__CDS,4332
cnv_depth__IBNLCO_03623__ImpA__CDS__promoter,5316
cnv_depth__IBNLCO_03623__ImpA__CDS,7354
cnv_depth__IBNLCO_03624__IBNLCO_03624__gene__promoter,2250
cnv_depth__IBNLCO_03625__IBNLCO_03625__gene__promoter,5356
cnv_depth__IBNLCO_03626__Pentapeptide__CDS__promoter,8048
cnv_depth__IBNLCO_03626__Pentapeptide__CDS,7352
cnv_depth__IBNLCO_03627__DUF3540__CDS__promoter,7926
cnv_depth__IBNLCO_03627__DUF3540__CDS,6627
cnv_depth__IBNLCO_03628__Tox-PAAR-like__CDS__promoter,3305
cnv_depth__IBNLCO_03628__IBNLCO_03628__gene,5597
cnv_depth__IBNLCO_03629__IBNLCO_03629__gene__promoter,4493
cnv_depth__IBNLCO_03631__IBNLCO_03631__gene__promoter,4606
cnv_depth__IBNLCO_03630__LysR__CDS__promoter,3606
cnv_depth__IBNLCO_03631__IBNLCO_03631__gene,6294
cnv_depth__IBNLCO_03632__IBNLCO_03632__gene__promoter,7945
cnv_depth__IBNLCO_03632__hypothetical__CDS,2721
cnv_depth__IBNLCO_03633__IBNLCO_03633__gene__promoter,3669
cnv_depth__IBNLCO_03634__IBNLCO_03634__gene,6628
cnv_depth__IBNLCO_03635__hypothetical__CDS__promoter,105
cnv_depth__IBNLCO_03634__IBNLCO_03634__gene__promoter,105
cnv_depth__IBNLCO_03635__IBNLCO_03635__gene,9319
cnv_depth__IBNLCO_03636__IBNLCO_03636__gene,6511
cnv_depth__IBNLCO_03636__IBNLCO_03636__gene__promoter,8618
cnv_depth__IBNLCO_03637__Allantoin__CDS,5710
cnv_depth__IBNLCO_03637__Allantoin__CDS__promoter,3224
cnv_depth__IBNLCO_03639__Urea__CDS,4068
cnv_depth__IBNLCO_03638__IBNLCO_03638__gene__promoter,8636
cnv_depth__IBNLCO_03639__Urea__CDS__promoter,4440
cnv_depth__IBNLCO_03640__IBNLCO_03640__gene__promoter,473
cnv_depth__IBNLCO_03641__IBNLCO_03641__gene,473
cnv_depth__IBNLCO_03641__Biotin__CDS__promoter,9695
cnv_depth__IBNLCO_03642__5-oxoprolinase__CDS,3613
cnv_depth__IBNLCO_03642__5-oxoprolinase__CDS__promoter,121
cnv_depth__IBNLCO_03643__HTH__CDS__promoter,121
cnv_depth__IBNLCO_03643__HTH__CDS,3156
cnv_depth__IBNLCO_03644__hypothetical__CDS__promoter,2486
cnv_depth__IBNLCO_03645__IBNLCO_03645__gene__promoter,9410
cnv_depth__IBNLCO_03644__IBNLCO_03644__gene,4586
cnv_depth__IBNLCO_03646__Proline__CDS__promoter,1222
cnv_depth__IBNLCO_03647__IBNLCO_03647__gene__promoter,3126
cnv_depth__IBNLCO_03648__gnl|Bakta|IBNLCO_03648__CDS,3608
cnv_depth__IBNLCO_03648__IBNLCO_03648__gene__promoter,5165
cnv_depth__IBNLCO_03649__IBNLCO_03649__gene__promoter,5016
cnv_depth__IBNLCO_03650__Propionate__CDS,7502
cnv_depth__IBNLCO_03650__prpR__gene__promoter,1021
cnv_depth__IBNLCO_03651__2-methylisocitrate__CDS__promoter,1021
cnv_depth__IBNLCO_03652__IBNLCO_03652__gene__promoter,2760
cnv_depth__IBNLCO_03652__IBNLCO_03652__gene,2746
cnv_depth__IBNLCO_03653__IBNLCO_03653__gene__promoter,1441
cnv_depth__IBNLCO_03654__2-methylaconitate__CDS__promoter,6972
cnv_depth__IBNLCO_03654__IBNLCO_03654__gene,2555
cnv_depth__IBNLCO_03655__yigI__gene,3653
cnv_depth__IBNLCO_03656__hypothetical__CDS__promoter,7014
cnv_depth__IBNLCO_03655__Medium/long-chain__CDS__promoter,7813
cnv_depth__IBNLCO_03656__IBNLCO_03656__gene,3550
cnv_depth__IBNLCO_03657__IBNLCO_03657__gene__promoter,3483
cnv_depth__IBNLCO_03657__IBNLCO_03657__gene,7242
cnv_depth__IBNLCO_03658__DUF1842__CDS__promoter,3574
cnv_depth__IBNLCO_03658__IBNLCO_03658__gene,1393
cnv_depth__IBNLCO_03659__DUF1842__CDS__promoter,3079
cnv_depth__IBNLCO_03659__IBNLCO_03659__gene,4032
cnv_depth__IBNLCO_03660__Radical__CDS__promoter,5300
cnv_depth__IBNLCO_03661__Chemotaxis__CDS__promoter,3807
cnv_depth__IBNLCO_03661__IBNLCO_03661__gene,3395
cnv_depth__IBNLCO_03662__IBNLCO_03662__gene,3237
cnv_depth__IBNLCO_03663__LysR__CDS__promoter,4909
cnv_depth__IBNLCO_03662__IBNLCO_03662__gene__promoter,8571
cnv_depth__IBNLCO_03663__lysR__gene,8842
cnv_depth__IBNLCO_03664__IBNLCO_03664__gene,6522
cnv_depth__IBNLCO_03665__mgtC__gene__promoter,4744
cnv_depth__IBNLCO_03664__N-acylglucosamine__CDS__promoter,4005
cnv_depth__IBNLCO_03665__mgtC__gene,5940
cnv_depth__IBNLCO_03666__IBNLCO_03666__gene__promoter,2649
cnv_depth__IBNLCO_03666__IBNLCO_03666__gene,4869
cnv_depth__IBNLCO_03667__hypothetical__CDS__promoter,5924
cnv_depth__IBNLCO_03667__IBNLCO_03667__gene,8839
cnv_depth__IBNLCO_03668__IBNLCO_03668__gene__promoter,8208
cnv_depth__IBNLCO_03668__IBNLCO_03668__gene,3158
cnv_depth__IBNLCO_03669__hypothetical__CDS__promoter,3614
cnv_depth__IBNLCO_03670__DUF4087__CDS,3479
cnv_depth__IBNLCO_03670__IBNLCO_03670__gene__promoter,6871
cnv_depth__IBNLCO_03671__Lead%2C__CDS,4446
cnv_depth__IBNLCO_03671__Lead%2C__CDS__promoter,6877
cnv_depth__IBNLCO_03672__IBNLCO_03672__gene__promoter,3914
cnv_depth__IBNLCO_03672__IBNLCO_03672__gene,2241
cnv_depth__IBNLCO_03673__IBNLCO_03673__gene__promoter,3943
cnv_depth__IBNLCO_03673__DUF1254__CDS,3818
cnv_depth__IBNLCO_03674__asmA__gene__promoter,4405
cnv_depth__IBNLCO_03675__IBNLCO_03675__gene,6356
cnv_depth__IBNLCO_03675__IBNLCO_03675__gene__promoter,4425
cnv_depth__IBNLCO_03676__Nucleotide__CDS__promoter,1498
cnv_depth__IBNLCO_03677__IBNLCO_03677__gene,4157
cnv_depth__IBNLCO_03677__IBNLCO_03677__gene__promoter,3672
cnv_depth__IBNLCO_03678__hypothetical__CDS,4791
cnv_depth__IBNLCO_03679__Farnesyl-diphosphate__CDS__promoter,8164
cnv_depth__IBNLCO_03678__IBNLCO_03678__gene__promoter,4121
cnv_depth__IBNLCO_03680__hypothetical__CDS,2872
cnv_depth__IBNLCO_03680__IBNLCO_03680__gene__promoter,1364
cnv_depth__IBNLCO_03681__Twitching__CDS__promoter,4288
cnv_depth__IBNLCO_03681__pilT__gene,3329
cnv_depth__IBNLCO_03682__IBNLCO_03682__gene,1806
cnv_depth__IBNLCO_03683__IBNLCO_03683__gene,4169
cnv_depth__IBNLCO_03682__IBNLCO_03682__gene__promoter,6302
cnv_depth__IBNLCO_03683__Cytochrome__CDS__promoter,6497
cnv_depth__IBNLCO_03684__IBNLCO_03684__gene,1835
cnv_depth__IBNLCO_03684__IBNLCO_03684__gene__promoter,2854
cnv_depth__IBNLCO_03685__Glycine__CDS__promoter,9575
cnv_depth__IBNLCO_03685__Glycine__CDS,4353
cnv_depth__IBNLCO_03686__HTH__CDS,3875
cnv_depth__IBNLCO_03687__Penicillin-binding__CDS__promoter,727
cnv_depth__IBNLCO_03686__IBNLCO_03686__gene__promoter,727
cnv_depth__IBNLCO_03687__Penicillin-binding__CDS,3930
cnv_depth__IBNLCO_03688__Glycine__CDS__promoter,7266
cnv_depth__IBNLCO_03688__Glycine__CDS,4100
cnv_depth__IBNLCO_03689__IBNLCO_03689__gene,2952
cnv_depth__IBNLCO_03689__Hemin__CDS__promoter,4171
cnv_depth__IBNLCO_03690__Iron__CDS,3666
cnv_depth__IBNLCO_03690__IBNLCO_03690__gene__promoter,4549
cnv_depth__IBNLCO_03691__IBNLCO_03691__gene,4072
cnv_depth__IBNLCO_03691__IBNLCO_03691__gene__promoter,3208
cnv_depth__IBNLCO_03692__IBNLCO_03692__gene__promoter,3363
cnv_depth__IBNLCO_03693__TonB-dependent__CDS__promoter,7694
cnv_depth__IBNLCO_03694__IBNLCO_03694__gene__promoter,8959
cnv_depth__IBNLCO_03696__cysW__gene__promoter,559
cnv_depth__IBNLCO_03695__IBNLCO_03695__gene__promoter,559
cnv_depth__IBNLCO_03696__Sulfate__CDS,3543
cnv_depth__IBNLCO_03697__Spermidine/putrescine__CDS__promoter,3364
cnv_depth__IBNLCO_03697__potA__gene,3199
cnv_depth__IBNLCO_03698__IBNLCO_03698__gene__promoter,2950
cnv_depth__IBNLCO_03699__ABC__CDS__promoter,2528
cnv_depth__IBNLCO_03699__IBNLCO_03699__gene,4151
cnv_depth__IBNLCO_03700__IBNLCO_03700__gene__promoter,4105
cnv_depth__IBNLCO_03700__IBNLCO_03700__gene,2789
cnv_depth__IBNLCO_03701__IBNLCO_03701__gene__promoter,6055
cnv_depth__IBNLCO_03701__IBNLCO_03701__gene,2033
cnv_depth__IBNLCO_03702__IBNLCO_03702__gene,5674
cnv_depth__IBNLCO_03703__IBNLCO_03703__gene,64
cnv_depth__IBNLCO_03702__IBNLCO_03702__gene__promoter,64
cnv_depth__IBNLCO_03703__IBNLCO_03703__gene__promoter,268
cnv_depth__IBNLCO_03704__Putative__CDS__promoter,268
cnv_depth__IBNLCO_03705__IBNLCO_03705__gene__promoter,6239
cnv_depth__IBNLCO_03706__luxP__gene__promoter,6724
cnv_depth__IBNLCO_03707__Short-chain__CDS__promoter,2078
cnv_depth__IBNLCO_03708__IBNLCO_03708__gene__promoter,5571
cnv_depth__IBNLCO_03709__dhaK__gene__promoter,5123
cnv_depth__IBNLCO_03710__dhaL__gene__promoter,3667
cnv_depth__IBNLCO_03710__dhaL__gene,3897
cnv_depth__IBNLCO_03711__aac(6')-III__gene,2767
cnv_depth__IBNLCO_03712__IBNLCO_03712__gene,8060
cnv_depth__IBNLCO_03711__tobramycin__CDS__promoter,5794
cnv_depth__IBNLCO_03712__IBNLCO_03712__gene__promoter,4420
cnv_depth__IBNLCO_03713__IBNLCO_03713__gene,2628
cnv_depth__IBNLCO_03713__IBNLCO_03713__gene__promoter,4428
cnv_depth__IBNLCO_03714__IBNLCO_03714__gene,8084
cnv_depth__IBNLCO_03714__IBNLCO_03714__gene__promoter,27
cnv_depth__IBNLCO_03715__IBNLCO_03715__gene__promoter,27
cnv_depth__IBNLCO_03715__IBNLCO_03715__gene,1324
cnv_depth__IBNLCO_03716__IBNLCO_03716__gene__promoter,4685
cnv_depth__IBNLCO_03717__IBNLCO_03717__gene__promoter,3727
cnv_depth__IBNLCO_03718__IBNLCO_03718__gene__promoter,9347
cnv_depth__IBNLCO_03719__IBNLCO_03719__gene__promoter,7367
cnv_depth__IBNLCO_03719__IBNLCO_03719__gene,5389
cnv_depth__IBNLCO_03720__IBNLCO_03720__gene,6237
cnv_depth__IBNLCO_03720__Lysine/arginine/ornithine-binding__CDS__promoter,2542
cnv_depth__IBNLCO_03721__IBNLCO_03721__gene,8452
cnv_depth__IBNLCO_03722__Metal-dependent__CDS__promoter,2402
cnv_depth__IBNLCO_03721__IBNLCO_03721__gene__promoter,5428
cnv_depth__IBNLCO_03723__Proline__CDS__promoter,1697
cnv_depth__IBNLCO_03723__IBNLCO_03723__gene,3898
cnv_depth__IBNLCO_03724__IBNLCO_03724__gene,6021
cnv_depth__IBNLCO_03724__IBNLCO_03724__gene__promoter,3886
cnv_depth__IBNLCO_03725__iclR__gene,7586
cnv_depth__IBNLCO_03725__iclR__gene__promoter,181
cnv_depth__IBNLCO_03726__IBNLCO_03726__gene__promoter,181
cnv_depth__IBNLCO_03726__IBNLCO_03726__gene,5939
cnv_depth__IBNLCO_03727__IBNLCO_03727__gene__promoter,3657
cnv_depth__IBNLCO_03728__IBNLCO_03728__gene__promoter,1311
cnv_depth__IBNLCO_03729__IBNLCO_03729__gene,2759
cnv_depth__IBNLCO_03730__IBNLCO_03730__gene,3524
cnv_depth__IBNLCO_03729__IBNLCO_03729__gene__promoter,3008
cnv_depth__IBNLCO_03730__IBNLCO_03730__gene__promoter,1734
cnv_depth__IBNLCO_03731__IBNLCO_03731__gene,6461
cnv_depth__IBNLCO_03732__IBNLCO_03732__gene,8670
cnv_depth__IBNLCO_03731__IBNLCO_03731__gene__promoter,7746
cnv_depth__IBNLCO_03732__IBNLCO_03732__gene__promoter,4170
cnv_depth__IBNLCO_03733__IBNLCO_03733__gene__promoter,2694
cnv_depth__IBNLCO_03734__davT__gene,4187
cnv_depth__IBNLCO_03735__Histidinol-phosphate__CDS__promoter,9394
cnv_depth__IBNLCO_03734__davT__gene__promoter,6032
cnv_depth__IBNLCO_03735__IBNLCO_03735__gene,1817
cnv_depth__IBNLCO_03737__kdgR__gene,3993
cnv_depth__IBNLCO_03736__yfcC__gene__promoter,3805
cnv_depth__IBNLCO_03738__IBNLCO_03738__gene,4392
cnv_depth__IBNLCO_03737__Transcriptional__CDS__promoter,4114
cnv_depth__IBNLCO_03738__IBNLCO_03738__gene__promoter,4535
cnv_depth__IBNLCO_03739__Outer__CDS__promoter,6695
cnv_depth__IBNLCO_03739__IBNLCO_03739__gene,7640
cnv_depth__IBNLCO_03740__IBNLCO_03740__gene__promoter,3121
cnv_depth__IBNLCO_03740__IBNLCO_03740__gene,1645
cnv_depth__IBNLCO_03741__IBNLCO_03741__gene,6410
cnv_depth__IBNLCO_03741__IBNLCO_03741__gene__promoter,395
cnv_depth__IBNLCO_03742__IBNLCO_03742__gene__promoter,395
cnv_depth__IBNLCO_03742__IBNLCO_03742__gene,7164
cnv_depth__IBNLCO_03743__IBNLCO_03743__gene__promoter,8784
cnv_depth__IBNLCO_03743__IBNLCO_03743__gene,7871
cnv_depth__IBNLCO_03744__IBNLCO_03744__gene__promoter,6512
cnv_depth__IBNLCO_03744__IBNLCO_03744__gene,6984
cnv_depth__IBNLCO_03745__IBNLCO_03745__gene,5180
cnv_depth__IBNLCO_03745__IBNLCO_03745__gene__promoter,5797
cnv_depth__IBNLCO_03746__IBNLCO_03746__gene__promoter,6689
cnv_depth__IBNLCO_03746__IBNLCO_03746__gene,464
cnv_depth__IBNLCO_03747__ceoR__gene,4117
cnv_depth__IBNLCO_03748__Acetyl__CDS__promoter,428
cnv_depth__IBNLCO_03747__ceoR__gene__promoter,428
cnv_depth__IBNLCO_03748__IBNLCO_03748__gene,3654
cnv_depth__IBNLCO_03749__bepF__gene__promoter,2712
cnv_depth__IBNLCO_03749__bepF__gene,5831
cnv_depth__IBNLCO_03750__ceoB__gene__promoter,7873
cnv_depth__IBNLCO_03750__ceoB__gene,9336
cnv_depth__IBNLCO_03751__nodT__gene__promoter,9295
cnv_depth__IBNLCO_03751__nodT__gene,5973
cnv_depth__IBNLCO_03752__IBNLCO_03752__gene,2597
cnv_depth__IBNLCO_03752__IBNLCO_03752__gene__promoter,6409
cnv_depth__IBNLCO_03753__IBNLCO_03753__gene,1624
cnv_depth__IBNLCO_03754__gntR__gene,9460
cnv_depth__IBNLCO_03753__IBNLCO_03753__gene__promoter,2514
cnv_depth__IBNLCO_03755__IBNLCO_03755__gene__promoter,581
cnv_depth__IBNLCO_03754__gntR__gene__promoter,581
cnv_depth__IBNLCO_03756__IBNLCO_03756__gene,3996
cnv_depth__IBNLCO_03756__IBNLCO_03756__gene__promoter,4277
cnv_depth__IBNLCO_03757__IBNLCO_03757__gene,4715
cnv_depth__IBNLCO_03757__IBNLCO_03757__gene__promoter,5660
cnv_depth__IBNLCO_03758__IBNLCO_03758__gene,3694
cnv_depth__IBNLCO_03758__IBNLCO_03758__gene__promoter,2052
cnv_depth__IBNLCO_03760__IBNLCO_03760__gene,5332
cnv_depth__IBNLCO_03760__IBNLCO_03760__gene__promoter,8668
cnv_depth__IBNLCO_03761__Fatty__CDS__promoter,7396
cnv_depth__IBNLCO_03762__IBNLCO_03762__gene,6671
cnv_depth__IBNLCO_03763__fkbH__gene,7652
cnv_depth__IBNLCO_03762__IBNLCO_03762__gene__promoter,4267
cnv_depth__IBNLCO_03764__IBNLCO_03764__gene,2999
cnv_depth__IBNLCO_03763__fkbH__gene__promoter,4537
cnv_depth__IBNLCO_03764__IBNLCO_03764__gene__promoter,4260
cnv_depth__IBNLCO_03765__IBNLCO_03765__gene,9556
cnv_depth__IBNLCO_03765__IBNLCO_03765__gene__promoter,2409
cnv_depth__IBNLCO_03766__IBNLCO_03766__gene,3873
cnv_depth__IBNLCO_03766__IBNLCO_03766__gene__promoter,7257
cnv_depth__IBNLCO_03767__gnl|Bakta|IBNLCO_03767__CDS__promoter,8266
cnv_depth__IBNLCO_03768__IBNLCO_03768__gene,6596
cnv_depth__IBNLCO_03768__IBNLCO_03768__gene__promoter,4113
cnv_depth__IBNLCO_03769__IBNLCO_03769__gene,8902
cnv_depth__IBNLCO_03769__IBNLCO_03769__gene__promoter,3073
cnv_depth__IBNLCO_03770__IBNLCO_03770__gene,5832
cnv_depth__IBNLCO_03770__IBNLCO_03770__gene__promoter,1346
cnv_depth__IBNLCO_03771__IBNLCO_03771__gene,2054
cnv_depth__IBNLCO_03771__Polyketide__CDS__promoter,7476
cnv_depth__IBNLCO_03772__malR__gene__promoter,3369
cnv_depth__IBNLCO_03772__malR__gene,4376
cnv_depth__IBNLCO_03773__IBNLCO_03773__gene__promoter,3828
cnv_depth__IBNLCO_03773__IBNLCO_03773__gene,2164
cnv_depth__IBNLCO_03774__IBNLCO_03774__gene__promoter,7245
cnv_depth__IBNLCO_03775__metN__gene__promoter,4156
cnv_depth__IBNLCO_03775__metN__gene,3380
cnv_depth__IBNLCO_03776__metI__gene__promoter,5449
cnv_depth__IBNLCO_03777__Dibenzothiophene__CDS__promoter,7782
cnv_depth__IBNLCO_03777__IBNLCO_03777__gene,2481
cnv_depth__IBNLCO_03778__coiA__gene,3185
cnv_depth__IBNLCO_03778__coiA__gene__promoter,1663
cnv_depth__IBNLCO_03779__IBNLCO_03779__gene,3660
cnv_depth__IBNLCO_03779__IBNLCO_03779__gene__promoter,2705
cnv_depth__IBNLCO_03780__IBNLCO_03780__gene,2268
cnv_depth__IBNLCO_03780__IBNLCO_03780__gene__promoter,2322
cnv_depth__IBNLCO_03781__IBNLCO_03781__gene__promoter,4855
cnv_depth__IBNLCO_03781__IBNLCO_03781__gene,4636
cnv_depth__IBNLCO_03782__Iron-sulfur__CDS__promoter,3153
cnv_depth__IBNLCO_03783__IBNLCO_03783__gene__promoter,8018
cnv_depth__IBNLCO_03783__LUD__CDS,3058
cnv_depth__IBNLCO_03784__IBNLCO_03784__gene__promoter,6249
cnv_depth__IBNLCO_03785__doxX__gene__promoter,5397
cnv_depth__IBNLCO_03786__IBNLCO_03786__gene,2706
cnv_depth__IBNLCO_03786__IBNLCO_03786__gene__promoter,5038
cnv_depth__IBNLCO_03787__Permease__CDS,2876
cnv_depth__IBNLCO_03787__IBNLCO_03787__gene__promoter,1798
cnv_depth__IBNLCO_03788__Delta(1)-pyrroline-2-carboxylate__CDS,4399
cnv_depth__IBNLCO_03789__Aldehyde__CDS,9088
cnv_depth__IBNLCO_03788__Delta(1)-pyrroline-2-carboxylate__CDS__promoter,2148
cnv_depth__IBNLCO_03789__IBNLCO_03789__gene__promoter,4904
cnv_depth__IBNLCO_03790__IBNLCO_03790__gene,7876
cnv_depth__IBNLCO_03790__Amino__CDS__promoter,6825
cnv_depth__IBNLCO_03791__IBNLCO_03791__gene,3573
cnv_depth__IBNLCO_03791__N-acetylneuraminate__CDS__promoter,324
cnv_depth__IBNLCO_03792__4-hydroxyproline__CDS__promoter,324
cnv_depth__IBNLCO_03792__IBNLCO_03792__gene,7430
cnv_depth__IBNLCO_03793__Hydrogen__CDS__promoter,8638
cnv_depth__IBNLCO_03793__hcnC__gene,4647
cnv_depth__IBNLCO_03794__(2Fe-2S)-binding__CDS__promoter,3910
cnv_depth__IBNLCO_03794__IBNLCO_03794__gene,304
cnv_depth__IBNLCO_03795__IBNLCO_03795__gene__promoter,304
cnv_depth__IBNLCO_03795__FAD/NAD(P)-binding__CDS,1948
cnv_depth__IBNLCO_03796__hypothetical__CDS__promoter,4763
cnv_depth__IBNLCO_03796__hypothetical__CDS,2084
cnv_depth__IBNLCO_03797__Preprotein__CDS,3834
cnv_depth__IBNLCO_03797__Preprotein__CDS__promoter,7235
cnv_depth__IBNLCO_03798__IBNLCO_03798__gene,3491
cnv_depth__IBNLCO_03798__Insertion__CDS__promoter,4625
cnv_depth__IBNLCO_03799__3-dehydroshikimate__CDS__promoter,198
cnv_depth__IBNLCO_03800__3-dehydroquinate__CDS__promoter,198
cnv_depth__IBNLCO_03800__IBNLCO_03800__gene,1626
cnv_depth__IBNLCO_03801__Shikimate__CDS__promoter,8203
cnv_depth__IBNLCO_03801__Shikimate__CDS,7570
cnv_depth__IBNLCO_03802__IBNLCO_03802__gene__promoter,2755
cnv_depth__IBNLCO_03802__IBNLCO_03802__gene,2383
cnv_depth__IBNLCO_03803__2-aminoethylphosphonate--pyruvate__CDS__promoter,234
cnv_depth__IBNLCO_03804__2-aminoethylphosphonate__CDS__promoter,234
cnv_depth__IBNLCO_03805__IBNLCO_03805__gene__promoter,6084
cnv_depth__IBNLCO_03805__IBNLCO_03805__gene,3813
cnv_depth__IBNLCO_03806__IBNLCO_03806__gene__promoter,2687
cnv_depth__IBNLCO_03806__hypothetical__CDS,5678
cnv_depth__IBNLCO_03807__ABC__CDS__promoter,4844
cnv_depth__IBNLCO_03807__IBNLCO_03807__gene,3373
cnv_depth__IBNLCO_03808__IBNLCO_03808__gene__promoter,3468
cnv_depth__IBNLCO_03808__Phosphonoacetate__CDS,1474
cnv_depth__IBNLCO_03809__Phosphonoacetaldehyde__CDS__promoter,9357
cnv_depth__IBNLCO_03809__IBNLCO_03809__gene,3624
cnv_depth__IBNLCO_03810__HD__CDS__promoter,7600
cnv_depth__IBNLCO_03810__HD__CDS,2231
cnv_depth__IBNLCO_03811__rrs__gene__promoter,4690
cnv_depth__IBNLCO_03811__rrs__gene,1212
cnv_depth__IBNLCO_03812__trnI__gene__promoter,1212
cnv_depth__IBNLCO_03813__trnA__gene__promoter,1212
cnv_depth__IBNLCO_03812__trnI__gene,1212
cnv_depth__IBNLCO_03813__tRNA-Ala(tgc)__tRNA,1212
cnv_depth__IBNLCO_03814__rrl__gene__promoter,1212
cnv_depth__IBNLCO_03814__23S__rRNA,400
cnv_depth__IBNLCO_03815__rrf__gene__promoter,2470
cnv_depth__IBNLCO_03815__rrf__gene,3352
cnv_depth__IBNLCO_03816__Transcriptional__CDS__promoter,4189
cnv_depth__IBNLCO_03816__IBNLCO_03816__gene,9358
cnv_depth__IBNLCO_03817__DUF3563__CDS__promoter,4673
cnv_depth__IBNLCO_03817__IBNLCO_03817__gene,9403
cnv_depth__IBNLCO_03818__gnl|Bakta|IBNLCO_03818__CDS__promoter,4554
cnv_depth__IBNLCO_03818__IBNLCO_03818__gene,4220
cnv_depth__IBNLCO_03819__IBNLCO_03819__gene,9656
cnv_depth__IBNLCO_03819__IBNLCO_03819__gene__promoter,4138
cnv_depth__IBNLCO_03820__IBNLCO_03820__gene,6696
cnv_depth__IBNLCO_03821__3-hydroxybutyrate__CDS__promoter,907
cnv_depth__IBNLCO_03820__Voltage-gated__CDS__promoter,907
cnv_depth__IBNLCO_03821__IBNLCO_03821__gene,9016
cnv_depth__IBNLCO_03822__IBNLCO_03822__gene,4444
cnv_depth__IBNLCO_03822__Aspartate__CDS__promoter,4623
cnv_depth__IBNLCO_03823__UvrABC__CDS__promoter,4202
cnv_depth__IBNLCO_03823__IBNLCO_03823__gene,4404
cnv_depth__IBNLCO_03824__Pathogen-specific__CDS__promoter,8100
cnv_depth__IBNLCO_03824__IBNLCO_03824__gene,4051
cnv_depth__IBNLCO_03825__hypothetical__CDS__promoter,5401
cnv_depth__IBNLCO_03825__IBNLCO_03825__gene,4729
cnv_depth__IBNLCO_03826__Ferrous__CDS__promoter,8160
cnv_depth__IBNLCO_03826__efeU__gene,4064
cnv_depth__IBNLCO_03827__4Fe-4S__CDS__promoter,3457
cnv_depth__IBNLCO_03827__IBNLCO_03827__gene,8397
cnv_depth__IBNLCO_03828__GlcG__CDS__promoter,2619
cnv_depth__IBNLCO_03828__glcG__gene,4667
cnv_depth__IBNLCO_03829__BTH_s39__gene,3915
cnv_depth__IBNLCO_03829__BTH_s39__gene__promoter,585
cnv_depth__IBNLCO_03830__IBNLCO_03830__gene,585
cnv_depth__IBNLCO_03830__hypothetical__CDS__promoter,7667
cnv_depth__IBNLCO_03831__IBNLCO_03831__gene,3552
cnv_depth__IBNLCO_03831__IBNLCO_03831__gene__promoter,4910
cnv_depth__IBNLCO_03832__IBNLCO_03832__gene,6289
cnv_depth__IBNLCO_03833__LysR__CDS__promoter,161
cnv_depth__IBNLCO_03832__gnl|Bakta|IBNLCO_03832__CDS__promoter,161
cnv_depth__IBNLCO_03833__lysR__gene,3528
cnv_depth__IBNLCO_03834__ncS011__gene__promoter,4583
cnv_depth__IBNLCO_03834__ncS011__gene,1865
cnv_depth__IBNLCO_03835__IBNLCO_03835__gene,6008
cnv_depth__IBNLCO_03835__Biopolymer__CDS__promoter,4221
cnv_depth__IBNLCO_03836__exbB__gene,5166
cnv_depth__IBNLCO_03836__exbB__gene__promoter,1769
cnv_depth__IBNLCO_03837__hypothetical__CDS,3426
cnv_depth__IBNLCO_03837__IBNLCO_03837__gene__promoter,5076
cnv_depth__IBNLCO_03838__IBNLCO_03838__gene,7985
cnv_depth__IBNLCO_03838__IBNLCO_03838__gene__promoter,2753
cnv_depth__IBNLCO_03839__IBNLCO_03839__gene,3233
cnv_depth__IBNLCO_03839__IBNLCO_03839__gene__promoter,4803
cnv_depth__IBNLCO_03840__gnl|Bakta|IBNLCO_03840__CDS,2479
cnv_depth__IBNLCO_03840__IBNLCO_03840__gene__promoter,7089
cnv_depth__IBNLCO_03841__IBNLCO_03841__gene,8875
cnv_depth__IBNLCO_03841__Fumarate__CDS__promoter,7383
cnv_depth__IBNLCO_03842__UPF0114__CDS,4192
cnv_depth__IBNLCO_03842__IBNLCO_03842__gene__promoter,8896
cnv_depth__IBNLCO_03843__EamA__CDS,3815
cnv_depth__IBNLCO_03843__eamA__gene__promoter,4368
cnv_depth__IBNLCO_03844__IBNLCO_03844__gene__promoter,7212
cnv_depth__IBNLCO_03845__IBNLCO_03845__gene__promoter,9092
cnv_depth__IBNLCO_03845__Sodium__CDS,47
cnv_depth__IBNLCO_03846__IBNLCO_03846__gene__promoter,47
cnv_depth__IBNLCO_03847__trnS__gene__promoter,2751
cnv_depth__IBNLCO_03847__tRNA-Ser(gga)__tRNA,4322
cnv_depth__IBNLCO_03849__hypothetical__CDS,6550
cnv_depth__IBNLCO_03850__hypothetical__CDS,3225
cnv_depth__IBNLCO_03850__IBNLCO_03850__gene__promoter,4111
cnv_depth__IBNLCO_03851__hypothetical__CDS,5823
cnv_depth__IBNLCO_03851__hypothetical__CDS__promoter,627
cnv_depth__IBNLCO_03852__IBNLCO_03852__gene__promoter,8458
cnv_depth__IBNLCO_03852__hypothetical__CDS,3819
cnv_depth__IBNLCO_03853__IBNLCO_03853__gene,3361
cnv_depth__IBNLCO_03853__IBNLCO_03853__gene__promoter,3010
cnv_depth__IBNLCO_03854__IBNLCO_03854__gene,4533
cnv_depth__IBNLCO_03854__IBNLCO_03854__gene__promoter,2160
cnv_depth__IBNLCO_03855__IBNLCO_03855__gene__promoter,5505
cnv_depth__IBNLCO_03855__IBNLCO_03855__gene,3945
cnv_depth__IBNLCO_03856__DNA__CDS__promoter,3278
cnv_depth__IBNLCO_03856__DNA__CDS,3738
cnv_depth__IBNLCO_03857__IBNLCO_03857__gene__promoter,1713
cnv_depth__IBNLCO_03857__hypothetical__CDS,6036
cnv_depth__IBNLCO_03858__hypothetical__CDS__promoter,3767
cnv_depth__IBNLCO_03858__hypothetical__CDS,4257
cnv_depth__IBNLCO_03859__IBNLCO_03859__gene,4046
cnv_depth__IBNLCO_03859__IBNLCO_03859__gene__promoter,1726
cnv_depth__IBNLCO_03860__hypothetical__CDS,3443
cnv_depth__IBNLCO_03860__IBNLCO_03860__gene__promoter,4829
cnv_depth__IBNLCO_03861__IBNLCO_03861__gene__promoter,8524
cnv_depth__IBNLCO_03861__Calcineurin-like__CDS,2845
cnv_depth__IBNLCO_03862__IBNLCO_03862__gene__promoter,7886
cnv_depth__IBNLCO_03862__Cytochrome__CDS,3416
cnv_depth__IBNLCO_03863__IBNLCO_03863__gene__promoter,4058
cnv_depth__IBNLCO_03863__Glycerophosphoryl__CDS,8
cnv_depth__IBNLCO_03864__IBNLCO_03864__gene__promoter,8628
cnv_depth__IBNLCO_03864__Integrase__CDS,2032
cnv_depth__IBNLCO_03865__hypothetical__CDS,7504
cnv_depth__IBNLCO_03866__LysM__CDS,1065
cnv_depth__IBNLCO_03865__hypothetical__CDS__promoter,4851
cnv_depth__IBNLCO_03867__IBNLCO_03867__gene,1065
cnv_depth__IBNLCO_03866__lysM__gene__promoter,2440
cnv_depth__IBNLCO_03867__IBNLCO_03867__gene__promoter,4780
cnv_depth__IBNLCO_03868__hypothetical__CDS,4300
cnv_depth__IBNLCO_03868__IBNLCO_03868__gene__promoter,1842
cnv_depth__IBNLCO_03869__IBNLCO_03869__gene,2970
cnv_depth__IBNLCO_03870__IBNLCO_03870__gene__promoter,4822
cnv_depth__IBNLCO_03869__IBNLCO_03869__gene__promoter,1787
cnv_depth__IBNLCO_03870__hypothetical__CDS,7044
cnv_depth__IBNLCO_03871__IBNLCO_03871__gene__promoter,1428
cnv_depth__IBNLCO_03871__Acetolactate__CDS,7282
cnv_depth__IBNLCO_03872__IBNLCO_03872__gene,8586
cnv_depth__IBNLCO_03872__IBNLCO_03872__gene__promoter,1722
cnv_depth__IBNLCO_03873__gnl|Bakta|IBNLCO_03873__CDS,2660
cnv_depth__IBNLCO_03873__gnl|Bakta|IBNLCO_03873__CDS__promoter,4503
cnv_depth__IBNLCO_03874__hypothetical__CDS,3648
cnv_depth__IBNLCO_03874__IBNLCO_03874__gene__promoter,3463
cnv_depth__IBNLCO_03875__IBNLCO_03875__gene,2365
cnv_depth__IBNLCO_03875__hypothetical__CDS__promoter,4447
cnv_depth__IBNLCO_03876__IBNLCO_03876__gene__promoter,4116
cnv_depth__IBNLCO_03877__IBNLCO_03877__gene__promoter,2658
cnv_depth__IBNLCO_03877__IBNLCO_03877__gene,3533
cnv_depth__IBNLCO_03878__IBNLCO_03878__gene__promoter,5684
cnv_depth__IBNLCO_03878__IBNLCO_03878__gene,2165
cnv_depth__IBNLCO_03879__IBNLCO_03879__gene__promoter,2503
cnv_depth__IBNLCO_03880__IBNLCO_03880__gene,1777
cnv_depth__IBNLCO_03881__Putative__CDS__promoter,5861
cnv_depth__IBNLCO_03882__IBNLCO_03882__gene__promoter,3560
cnv_depth__IBNLCO_03882__IBNLCO_03882__gene,516
cnv_depth__IBNLCO_03883__Polysaccharide__CDS__promoter,516
cnv_depth__IBNLCO_03883__Polysaccharide__CDS,3401
cnv_depth__IBNLCO_03884__Glycosyl__CDS__promoter,1413
cnv_depth__IBNLCO_03884__Glycosyl__CDS,4020
cnv_depth__IBNLCO_03885__IBNLCO_03885__gene,9352
cnv_depth__IBNLCO_03886__Heptosyltransferase__CDS__promoter,9428
cnv_depth__IBNLCO_03885__hypothetical__CDS__promoter,4929
cnv_depth__IBNLCO_03886__IBNLCO_03886__gene,2519
cnv_depth__IBNLCO_03887__O-acetyl__CDS__promoter,5817
cnv_depth__IBNLCO_03887__IBNLCO_03887__gene,2885
cnv_depth__IBNLCO_03888__Glycosyltransferase__CDS__promoter,4087
cnv_depth__IBNLCO_03888__IBNLCO_03888__gene,4042
cnv_depth__IBNLCO_03889__IBNLCO_03889__gene__promoter,3466
cnv_depth__IBNLCO_03889__IBNLCO_03889__gene,2878
cnv_depth__IBNLCO_03891__Quercetin__CDS__promoter,24
cnv_depth__IBNLCO_03890__HTH-type__CDS__promoter,24
cnv_depth__IBNLCO_03892__IBNLCO_03892__gene__promoter,2529
cnv_depth__IBNLCO_03892__DUF1275__CDS,4255
cnv_depth__IBNLCO_03893__Cyclic__CDS,4706
cnv_depth__IBNLCO_03893__Cyclic__CDS__promoter,2041
cnv_depth__IBNLCO_03894__IBNLCO_03894__gene__promoter,6674
cnv_depth__IBNLCO_03895__Transcriptional__CDS,4441
cnv_depth__IBNLCO_03895__Transcriptional__CDS__promoter,3344
cnv_depth__IBNLCO_03897__DSBA__CDS,4654
cnv_depth__IBNLCO_03896__IBNLCO_03896__gene__promoter,5229
cnv_depth__IBNLCO_03898__IBNLCO_03898__gene__promoter,8908
cnv_depth__IBNLCO_03897__IBNLCO_03897__gene__promoter,4184
cnv_depth__IBNLCO_03898__hypothetical__CDS,2577
cnv_depth__IBNLCO_03899__gnl|Bakta|IBNLCO_03899__CDS__promoter,3229
cnv_depth__IBNLCO_03900__xapX__gene__promoter,2967
cnv_depth__IBNLCO_03900__XapX__CDS,524
cnv_depth__IBNLCO_03901__Amidohydrolase__CDS__promoter,524
cnv_depth__IBNLCO_03901__Amidohydrolase__CDS,6700
cnv_depth__IBNLCO_03902__IBNLCO_03902__gene__promoter,5050
cnv_depth__IBNLCO_03902__VOC__CDS,2127
cnv_depth__IBNLCO_03903__Alginate__CDS__promoter,3186
cnv_depth__IBNLCO_03903__Alginate__CDS,2749
cnv_depth__IBNLCO_03904__IBNLCO_03904__gene__promoter,2933
cnv_depth__IBNLCO_03904__AB__CDS,3688
cnv_depth__IBNLCO_03905__LysR__CDS__promoter,1454
cnv_depth__IBNLCO_03905__lysR__gene,5649
cnv_depth__IBNLCO_03906__NAD-dependent__CDS__promoter,4319
cnv_depth__IBNLCO_03906__NAD-dependent__CDS,3737
cnv_depth__IBNLCO_03907__IBNLCO_03907__gene__promoter,7141
cnv_depth__IBNLCO_03907__Flavin__CDS,1665
cnv_depth__IBNLCO_03908__hypothetical__CDS,3036
cnv_depth__IBNLCO_03908__IBNLCO_03908__gene__promoter,4508
cnv_depth__IBNLCO_03909__IBNLCO_03909__gene,2846
cnv_depth__IBNLCO_03910__DJ-1/PfpI__CDS__promoter,1689
cnv_depth__IBNLCO_03909__IBNLCO_03909__gene__promoter,6066
cnv_depth__IBNLCO_03910__DJ-1/PfpI__CDS,4224
cnv_depth__IBNLCO_03911__hypothetical__CDS,2436
cnv_depth__IBNLCO_03911__IBNLCO_03911__gene__promoter,6878
cnv_depth__IBNLCO_03912__IBNLCO_03912__gene__promoter,3513
cnv_depth__IBNLCO_03913__DUF2946__CDS__promoter,3765
cnv_depth__IBNLCO_03913__DUF2946__CDS,4137
cnv_depth__IBNLCO_03914__IBNLCO_03914__gene__promoter,4747
cnv_depth__IBNLCO_03914__hypothetical__CDS,93
cnv_depth__IBNLCO_03915__RND__CDS__promoter,93
cnv_depth__IBNLCO_03915__RND__CDS,1319
cnv_depth__IBNLCO_03916__IBNLCO_03916__gene__promoter,3142
cnv_depth__IBNLCO_03917__RND__CDS__promoter,7099
cnv_depth__IBNLCO_03918__copC__gene__promoter,2832
cnv_depth__IBNLCO_03918__CopC__CDS,4419
cnv_depth__IBNLCO_03919__Copper__CDS__promoter,4382
cnv_depth__IBNLCO_03920__IBNLCO_03920__gene__promoter,2197
cnv_depth__IBNLCO_03921__FAD-dependent__CDS__promoter,3787
cnv_depth__IBNLCO_03922__IBNLCO_03922__gene,3854
cnv_depth__IBNLCO_03922__IBNLCO_03922__gene__promoter,3313
cnv_depth__IBNLCO_03923__IBNLCO_03923__gene__promoter,4467
cnv_depth__IBNLCO_03924__Inner__CDS,3585
cnv_depth__IBNLCO_03925__Spermidine/putrescine__CDS,4718
cnv_depth__IBNLCO_03924__ydcV__gene__promoter,8110
cnv_depth__IBNLCO_03926__Spermidine/putrescine__CDS,4469
cnv_depth__IBNLCO_03925__Spermidine/putrescine__CDS__promoter,2896
cnv_depth__IBNLCO_03926__potA__gene__promoter,4675
cnv_depth__IBNLCO_03927__Putrescine-binding__CDS,8728
cnv_depth__IBNLCO_03927__IBNLCO_03927__gene__promoter,6355
cnv_depth__IBNLCO_03928__gnl|Bakta|IBNLCO_03928__CDS,2489
cnv_depth__IBNLCO_03928__IBNLCO_03928__gene__promoter,1604
cnv_depth__IBNLCO_03929__Gamma-glutamylputrescine__CDS,4681
cnv_depth__IBNLCO_03929__puuA__gene__promoter,1942
cnv_depth__IBNLCO_03930__IBNLCO_03930__gene,3039
cnv_depth__IBNLCO_03930__IBNLCO_03930__gene__promoter,1766
cnv_depth__IBNLCO_03931__IBNLCO_03931__gene__promoter,4107
cnv_depth__IBNLCO_03931__HTH__CDS,1591
cnv_depth__IBNLCO_03932__Gamma-glutamyl-gamma-aminobutyraldehyde__CDS__promoter,1257
cnv_depth__IBNLCO_03933__IBNLCO_03933__gene__promoter,2460
cnv_depth__IBNLCO_03933__gnl|Bakta|IBNLCO_03933__CDS,2696
cnv_depth__IBNLCO_03934__EVE__CDS__promoter,2861
cnv_depth__IBNLCO_03934__IBNLCO_03934__gene,2665
cnv_depth__IBNLCO_03935__IBNLCO_03935__gene__promoter,9390
cnv_depth__IBNLCO_03935__IBNLCO_03935__gene,4854
cnv_depth__IBNLCO_03936__IBNLCO_03936__gene__promoter,4728
cnv_depth__IBNLCO_03936__IBNLCO_03936__gene,3675
cnv_depth__IBNLCO_03937__Chlorhexidine__CDS__promoter,1618
cnv_depth__IBNLCO_03938__Vitamin__CDS__promoter,8687
cnv_depth__IBNLCO_03939__IBNLCO_03939__gene__promoter,2545
cnv_depth__IBNLCO_03940__Beta-ketoacyl-[acyl-carrier-protein]__CDS__promoter,4553
cnv_depth__IBNLCO_03940__Beta-ketoacyl-[acyl-carrier-protein]__CDS,4945
cnv_depth__IBNLCO_03941__3-oxoacyl-ACP__CDS__promoter,2979
cnv_depth__IBNLCO_03942__IBNLCO_03942__gene__promoter,4889
cnv_depth__IBNLCO_03944__2-succinylbenzoate--CoA__CDS__promoter,6167
cnv_depth__IBNLCO_03945__Class__CDS__promoter,3069
cnv_depth__IBNLCO_03946__IBNLCO_03946__gene__promoter,3180
cnv_depth__IBNLCO_03946__IBNLCO_03946__gene,4551
cnv_depth__IBNLCO_03947__IBNLCO_03947__gene__promoter,9313
cnv_depth__IBNLCO_03947__hypothetical__CDS,7642
cnv_depth__IBNLCO_03948__hypothetical__CDS__promoter,1945
cnv_depth__IBNLCO_03948__hypothetical__CDS,9182
cnv_depth__IBNLCO_03949__IBNLCO_03949__gene__promoter,4377
cnv_depth__IBNLCO_03950__IBNLCO_03950__gene,2939
cnv_depth__IBNLCO_03950__Alkyl__CDS__promoter,5590
cnv_depth__IBNLCO_03951__IBNLCO_03951__gene,1343
cnv_depth__IBNLCO_03951__Chitin-binding__CDS__promoter,1443
cnv_depth__IBNLCO_03952__gnl|Bakta|IBNLCO_03952__CDS,2491
cnv_depth__IBNLCO_03952__gnl|Bakta|IBNLCO_03952__CDS__promoter,2137
cnv_depth__IBNLCO_03953__Putative__CDS,5800
cnv_depth__IBNLCO_03953__IBNLCO_03953__gene__promoter,2750
cnv_depth__IBNLCO_03954__IBNLCO_03954__gene__promoter,3590
cnv_depth__IBNLCO_03954__IBNLCO_03954__gene,2185
cnv_depth__IBNLCO_03955__IBNLCO_03955__gene__promoter,1804
cnv_depth__IBNLCO_03955__DUF403__CDS,4283
cnv_depth__IBNLCO_03956__Transglutaminase-like__CDS__promoter,1733
cnv_depth__IBNLCO_03957__IBNLCO_03957__gene__promoter,9395
cnv_depth__IBNLCO_03958__IBNLCO_03958__gene__promoter,4563
cnv_depth__IBNLCO_03959__IBNLCO_03959__gene__promoter,4787
cnv_depth__IBNLCO_03960__HTH-type__CDS,7986
cnv_depth__IBNLCO_03961__Bcr/CflA__CDS__promoter,1919
cnv_depth__IBNLCO_03960__HTH-type__CDS__promoter,5450
cnv_depth__IBNLCO_03962__FUSC__CDS__promoter,5217
cnv_depth__IBNLCO_03964__Isonitrile__CDS__promoter,4455
cnv_depth__IBNLCO_03963__HTH__CDS__promoter,2569
cnv_depth__IBNLCO_03964__IBNLCO_03964__gene,2500
cnv_depth__IBNLCO_03965__2-aminoethylphosphonate--pyruvate__CDS,1442
cnv_depth__IBNLCO_03965__2-aminoethylphosphonate--pyruvate__CDS__promoter,9533
cnv_depth__IBNLCO_03966__Phosphonopyruvate__CDS__promoter,3449
cnv_depth__IBNLCO_03967__phosphoenolpyruvate__CDS__promoter,7095
cnv_depth__IBNLCO_03968__MobA-like__CDS__promoter,4761
cnv_depth__IBNLCO_03969__Integral__CDS,5420
cnv_depth__IBNLCO_03969__IBNLCO_03969__gene__promoter,2074
cnv_depth__IBNLCO_03970__Fe2OG__CDS__promoter,4860
cnv_depth__IBNLCO_03971__CDP-alcohol__CDS__promoter,4677
cnv_depth__IBNLCO_03972__Succinyl-CoA:coenzyme__CDS__promoter,8502
cnv_depth__IBNLCO_03972__IBNLCO_03972__gene,1836
cnv_depth__IBNLCO_03973__gnl|Bakta|IBNLCO_03973__CDS__promoter,4359
cnv_depth__IBNLCO_03973__gnl|Bakta|IBNLCO_03973__CDS,4334
cnv_depth__IBNLCO_03974__Type__CDS__promoter,2972
cnv_depth__IBNLCO_03974__Type__CDS,4857
cnv_depth__IBNLCO_03975__tssC1__gene__promoter,2635
cnv_depth__IBNLCO_03975__tssC1__gene,9224
cnv_depth__IBNLCO_03976__Type__CDS__promoter,2778
cnv_depth__IBNLCO_03976__IBNLCO_03976__gene,1923
cnv_depth__IBNLCO_03977__IraD/Gp25-like__CDS__promoter,6574
cnv_depth__IBNLCO_03977__IBNLCO_03977__gene,4510
cnv_depth__IBNLCO_03978__Type__CDS__promoter,7687
cnv_depth__IBNLCO_03979__Type__CDS__promoter,2843
cnv_depth__IBNLCO_03981__hypothetical__CDS__promoter,4975
cnv_depth__IBNLCO_03981__hypothetical__CDS,7184
cnv_depth__IBNLCO_03982__hypothetical__CDS__promoter,6335
cnv_depth__IBNLCO_03982__IBNLCO_03982__gene,4037
cnv_depth__IBNLCO_03983__DUF2169__CDS__promoter,2808
cnv_depth__IBNLCO_03984__Pentapeptide__CDS__promoter,4772
cnv_depth__IBNLCO_03984__IBNLCO_03984__gene,9481
cnv_depth__IBNLCO_03985__IBNLCO_03985__gene__promoter,3599
cnv_depth__IBNLCO_03985__Type__CDS,4306
cnv_depth__IBNLCO_03986__Tox-PAAR-like__CDS__promoter,6108
cnv_depth__IBNLCO_03987__Type__CDS__promoter,1381
cnv_depth__IBNLCO_03987__tssJ__gene,8952
cnv_depth__IBNLCO_03988__Type__CDS__promoter,2522
cnv_depth__IBNLCO_03988__tssK__gene,9373
cnv_depth__IBNLCO_03989__OmpA-like__CDS__promoter,2475
cnv_depth__IBNLCO_03989__OmpA-like__CDS,6300
cnv_depth__IBNLCO_03990__Type__CDS__promoter,5052
cnv_depth__IBNLCO_03991__Type__CDS__promoter,2567
cnv_depth__IBNLCO_03991__IBNLCO_03991__gene,7052
cnv_depth__IBNLCO_03992__hypothetical__CDS__promoter,1336
cnv_depth__IBNLCO_03992__IBNLCO_03992__gene,5782
cnv_depth__IBNLCO_03993__IBNLCO_03993__gene__promoter,2151
cnv_depth__IBNLCO_03993__IBNLCO_03993__gene,6146
cnv_depth__IBNLCO_03994__3-(3-hydroxydecanoyloxy)decanoate__CDS__promoter,3952
cnv_depth__IBNLCO_03994__IBNLCO_03994__gene,4269
cnv_depth__IBNLCO_03995__Rhamnosyltransferase__CDS__promoter,2822
cnv_depth__IBNLCO_03995__IBNLCO_03995__gene,52
cnv_depth__IBNLCO_03996__Multidrug__CDS__promoter,29
cnv_depth__IBNLCO_03996__IBNLCO_03996__gene,454
cnv_depth__IBNLCO_03997__IBNLCO_03997__gene__promoter,4454
cnv_depth__IBNLCO_03997__IBNLCO_03997__gene,3366
cnv_depth__IBNLCO_03998__RND__CDS__promoter,2031
cnv_depth__IBNLCO_03998__IBNLCO_03998__gene,3762
cnv_depth__IBNLCO_03999__IBNLCO_03999__gene,856
cnv_depth__IBNLCO_04000__IBNLCO_04000__gene__promoter,2984
cnv_depth__IBNLCO_03999__IBNLCO_03999__gene__promoter,6642
cnv_depth__IBNLCO_04000__IBNLCO_04000__gene,5028
cnv_depth__IBNLCO_04001__gnl|Bakta|IBNLCO_04001__CDS__promoter,2505
cnv_depth__IBNLCO_04003__HTH-type__CDS__promoter,448
cnv_depth__IBNLCO_04002__IBNLCO_04002__gene__promoter,448
cnv_depth__IBNLCO_04003__HTH-type__CDS,2274
cnv_depth__IBNLCO_04004__Formaldehyde__CDS__promoter,4397
cnv_depth__IBNLCO_04005__HTH-type__CDS,3041
cnv_depth__IBNLCO_04005__HTH-type__CDS__promoter,1864
cnv_depth__IBNLCO_04006__IBNLCO_04006__gene__promoter,3223
cnv_depth__IBNLCO_04006__Serine__CDS,4197
cnv_depth__IBNLCO_04007__Membrane__CDS__promoter,3890
cnv_depth__IBNLCO_04007__Membrane__CDS,8462
cnv_depth__IBNLCO_04008__4-vinyl__CDS__promoter,2717
cnv_depth__IBNLCO_04008__4-vinyl__CDS,2838
cnv_depth__IBNLCO_04009__Putative__CDS__promoter,2710
cnv_depth__IBNLCO_04009__IBNLCO_04009__gene,6440
cnv_depth__IBNLCO_04010__4Fe-4S__CDS__promoter,2550
cnv_depth__IBNLCO_04011__Electron__CDS__promoter,5100
cnv_depth__IBNLCO_04011__Electron__CDS,2336
cnv_depth__IBNLCO_04012__IBNLCO_04012__gene__promoter,3003
cnv_depth__IBNLCO_04012__IBNLCO_04012__gene,4050
cnv_depth__IBNLCO_04013__Iron-sulfur__CDS__promoter,2633
cnv_depth__IBNLCO_04013__Iron-sulfur__CDS,4628
cnv_depth__IBNLCO_04014__IBNLCO_04014__gene__promoter,4848
cnv_depth__IBNLCO_04014__3-ketosteroid-9-alpha-monooxygenase%2C__CDS,7678
cnv_depth__IBNLCO_04015__betX__gene__promoter,5516
cnv_depth__IBNLCO_04015__betX__gene,4199
cnv_depth__IBNLCO_04016__HTH__CDS__promoter,2571
cnv_depth__IBNLCO_04016__IBNLCO_04016__gene,2926
cnv_depth__IBNLCO_04017__Formyltetrahydrofolate__CDS,5170
cnv_depth__IBNLCO_04017__IBNLCO_04017__gene__promoter,2232
cnv_depth__IBNLCO_04019__IBNLCO_04019__gene__promoter,1302
cnv_depth__IBNLCO_04018__gcvA__gene__promoter,1302
cnv_depth__IBNLCO_04020__IBNLCO_04020__gene__promoter,3913
cnv_depth__IBNLCO_04020__IBNLCO_04020__gene,2645
cnv_depth__IBNLCO_04021__Porin__CDS__promoter,4403
cnv_depth__IBNLCO_04021__IBNLCO_04021__gene,4386
cnv_depth__IBNLCO_04022__Leucyl__CDS,3779
cnv_depth__IBNLCO_04022__IBNLCO_04022__gene__promoter,3622
cnv_depth__IBNLCO_04023__Metallopeptidase__CDS__promoter,1686
cnv_depth__IBNLCO_04024__HTH__CDS,3155
cnv_depth__IBNLCO_04024__IBNLCO_04024__gene__promoter,38
cnv_depth__IBNLCO_04025__IBNLCO_04025__gene__promoter,38
cnv_depth__IBNLCO_04025__ABC-type__CDS,3811
cnv_depth__IBNLCO_04026__3-dehydrocarnitine:acetyl-CoA__CDS__promoter,3277
cnv_depth__IBNLCO_04027__L-carnitine__CDS__promoter,4328
cnv_depth__IBNLCO_04028__L-carnitine__CDS__promoter,2242
cnv_depth__IBNLCO_04028__L-carnitine__CDS,6204
cnv_depth__IBNLCO_04029__IBNLCO_04029__gene__promoter,3502
cnv_depth__IBNLCO_04029__Alpha/beta__CDS,2128
cnv_depth__IBNLCO_04030__DUF4148__CDS,6078
cnv_depth__IBNLCO_04030__DUF4148__CDS__promoter,7084
cnv_depth__IBNLCO_04031__IBNLCO_04031__gene__promoter,2452
cnv_depth__IBNLCO_04032__IBNLCO_04032__gene,1528
cnv_depth__IBNLCO_04032__IBNLCO_04032__gene__promoter,8479
cnv_depth__IBNLCO_04033__FAD__CDS,2472
cnv_depth__IBNLCO_04033__IBNLCO_04033__gene__promoter,3167
cnv_depth__IBNLCO_04034__IBNLCO_04034__gene__promoter,4969
cnv_depth__IBNLCO_04034__Leucine-binding__CDS,1447
cnv_depth__IBNLCO_04035__Branched-chain__CDS__promoter,2401
cnv_depth__IBNLCO_04035__livH__gene,1481
cnv_depth__IBNLCO_04036__Branched-chain__CDS__promoter,3656
cnv_depth__IBNLCO_04037__livG__gene__promoter,3763
cnv_depth__IBNLCO_04037__High-affinity__CDS,3384
cnv_depth__IBNLCO_04038__High-affinity__CDS__promoter,3907
cnv_depth__IBNLCO_04038__High-affinity__CDS,2581
cnv_depth__IBNLCO_04039__IBNLCO_04039__gene,8499
cnv_depth__IBNLCO_04040__hypothetical__CDS__promoter,55
cnv_depth__IBNLCO_04039__hypothetical__CDS__promoter,55
cnv_depth__IBNLCO_04040__IBNLCO_04040__gene,3684
cnv_depth__IBNLCO_04041__LasA__CDS__promoter,2549
cnv_depth__IBNLCO_04041__LasA__CDS,5212
cnv_depth__IBNLCO_04042__isochorismate__CDS,3518
cnv_depth__IBNLCO_04043__Isochorismate__CDS,189
cnv_depth__IBNLCO_04042__isochorismate__CDS__promoter,189
cnv_depth__IBNLCO_04044__IBNLCO_04044__gene,7970
cnv_depth__IBNLCO_04043__IBNLCO_04043__gene__promoter,7672
cnv_depth__IBNLCO_04045__IBNLCO_04045__gene,2682
cnv_depth__IBNLCO_04044__IBNLCO_04044__gene__promoter,3448
cnv_depth__IBNLCO_04045__IBNLCO_04045__gene__promoter,4205
cnv_depth__IBNLCO_04046__Regulatory__CDS__promoter,5238
cnv_depth__IBNLCO_04046__Regulatory__CDS,3492
cnv_depth__IBNLCO_04047__Pyochelin__CDS__promoter,3219
cnv_depth__IBNLCO_04047__Pyochelin__CDS,4799
cnv_depth__IBNLCO_04048__Carrier__CDS__promoter,3214
cnv_depth__IBNLCO_04048__IBNLCO_04048__gene,9568
cnv_depth__IBNLCO_04049__Gfo/Idh/MocA-like__CDS__promoter,8382
cnv_depth__IBNLCO_04049__Gfo/Idh/MocA-like__CDS,4540
cnv_depth__IBNLCO_04050__ABC__CDS__promoter,3273
cnv_depth__IBNLCO_04050__IBNLCO_04050__gene,7858
cnv_depth__IBNLCO_04051__IBNLCO_04051__gene__promoter,3397
cnv_depth__IBNLCO_04051__Glycosyl__CDS,9344
cnv_depth__IBNLCO_04052__Fe(3+)-pyochelin__CDS__promoter,1730
cnv_depth__IBNLCO_04052__IBNLCO_04052__gene,2082
cnv_depth__IBNLCO_04053__Iron__CDS__promoter,3274
cnv_depth__IBNLCO_04053__Iron__CDS,529
cnv_depth__IBNLCO_04054__PepSY__CDS__promoter,529
cnv_depth__IBNLCO_04054__IBNLCO_04054__gene,2945
cnv_depth__IBNLCO_04055__Major__CDS__promoter,2559
cnv_depth__IBNLCO_04055__Major__CDS,7402
cnv_depth__IBNLCO_04056__IBNLCO_04056__gene,3101
cnv_depth__IBNLCO_04056__gnl|Bakta|IBNLCO_04056__CDS__promoter,4701
cnv_depth__IBNLCO_04057__Sigma-54__CDS__promoter,9582
cnv_depth__IBNLCO_04058__hypothetical__CDS__promoter,2138
cnv_depth__IBNLCO_04058__IBNLCO_04058__gene,3356
cnv_depth__IBNLCO_04059__IBNLCO_04059__gene__promoter,8832
cnv_depth__IBNLCO_04059__IBNLCO_04059__gene,3683
cnv_depth__IBNLCO_04060__MFS__CDS,6537
cnv_depth__IBNLCO_04060__MFS__CDS__promoter,4422
cnv_depth__IBNLCO_04061__Peptidase__CDS__promoter,3482
cnv_depth__IBNLCO_04061__Peptidase__CDS,5954
cnv_depth__IBNLCO_04062__Bacteriophage__CDS__promoter,6567
cnv_depth__IBNLCO_04062__Bacteriophage__CDS,3473
cnv_depth__IBNLCO_04063__DUF2917__CDS,2928
cnv_depth__IBNLCO_04063__DUF2917__CDS__promoter,4411
cnv_depth__IBNLCO_04064__putative__CDS,2609
cnv_depth__IBNLCO_04065__LysR-family__CDS__promoter,2366
cnv_depth__IBNLCO_04064__IBNLCO_04064__gene__promoter,4694
cnv_depth__IBNLCO_04065__LysR-family__CDS,6593
cnv_depth__IBNLCO_04066__NADP-dependent__CDS,3706
cnv_depth__IBNLCO_04066__IBNLCO_04066__gene__promoter,2539
cnv_depth__IBNLCO_04067__TauD/TfdA__CDS,1763
cnv_depth__IBNLCO_04068__Phosphonopyruvate__CDS,3799
cnv_depth__IBNLCO_04067__IBNLCO_04067__gene__promoter,5362
cnv_depth__IBNLCO_04068__IBNLCO_04068__gene__promoter,6332
cnv_depth__IBNLCO_04069__phosphoenolpyruvate__CDS,4134
cnv_depth__IBNLCO_04069__phosphoenolpyruvate__CDS__promoter,5186
cnv_depth__IBNLCO_04070__Metal-dependent__CDS,7545
cnv_depth__IBNLCO_04070__IBNLCO_04070__gene__promoter,1245
cnv_depth__IBNLCO_04072__IBNLCO_04072__gene__promoter,4239
cnv_depth__IBNLCO_04073__Band__CDS,5664
cnv_depth__IBNLCO_04074__NfeD-like__CDS,4008
cnv_depth__IBNLCO_04073__IBNLCO_04073__gene__promoter,3456
cnv_depth__IBNLCO_04074__IBNLCO_04074__gene__promoter,5816
cnv_depth__IBNLCO_04075__HTH__CDS,3547
cnv_depth__IBNLCO_04076__IBNLCO_04076__gene__promoter,4587
cnv_depth__IBNLCO_04075__HTH__CDS__promoter,3157
cnv_depth__IBNLCO_04077__4-hydroxybutyrate--CoA__CDS__promoter,2824
cnv_depth__IBNLCO_04078__IBNLCO_04078__gene__promoter,1503
cnv_depth__IBNLCO_04078__Methylmalonate-semialdehyde__CDS,5812
cnv_depth__IBNLCO_04079__IBNLCO_04079__gene__promoter,3883
cnv_depth__IBNLCO_04080__IBNLCO_04080__gene__promoter,8199
cnv_depth__IBNLCO_04080__Putative__CDS,5813
cnv_depth__IBNLCO_04081__IBNLCO_04081__gene__promoter,2417
cnv_depth__IBNLCO_04081__3-hydroxyisobutyryl-CoA__CDS,3054
cnv_depth__IBNLCO_04082__Efflux__CDS,3301
cnv_depth__IBNLCO_04082__IBNLCO_04082__gene__promoter,2709
cnv_depth__IBNLCO_04083__macB__gene__promoter,3791
cnv_depth__IBNLCO_04084__macA__gene__promoter,3852
cnv_depth__IBNLCO_04085__IBNLCO_04085__gene__promoter,3506
cnv_depth__IBNLCO_04086__IBNLCO_04086__gene__promoter,4562
cnv_depth__IBNLCO_04086__gnl|Bakta|IBNLCO_04086__CDS,7225
cnv_depth__IBNLCO_04087__IBNLCO_04087__gene__promoter,5856
cnv_depth__IBNLCO_04088__IBNLCO_04088__gene__promoter,1502
cnv_depth__IBNLCO_04089__hypothetical__CDS,4424
cnv_depth__IBNLCO_04090__IBNLCO_04090__gene__promoter,467
cnv_depth__IBNLCO_04089__IBNLCO_04089__gene__promoter,467
cnv_depth__IBNLCO_04091__PNPLA__CDS,2028
cnv_depth__IBNLCO_04091__PNPLA__CDS__promoter,910
cnv_depth__IBNLCO_04092__IBNLCO_04092__gene__promoter,910
cnv_depth__IBNLCO_04092__hypothetical__CDS,3128
cnv_depth__IBNLCO_04093__mreB__gene__promoter,2600
cnv_depth__IBNLCO_04093__Cell__CDS,4577
cnv_depth__IBNLCO_04094__hypothetical__CDS,2802
cnv_depth__IBNLCO_04094__IBNLCO_04094__gene__promoter,241
cnv_depth__IBNLCO_04095__IBNLCO_04095__gene__promoter,241
cnv_depth__IBNLCO_04095__gnl|Bakta|IBNLCO_04095__CDS,2777
cnv_depth__IBNLCO_04096__IBNLCO_04096__gene__promoter,1690
cnv_depth__IBNLCO_04096__gnl|Bakta|IBNLCO_04096__CDS,2339
cnv_depth__IBNLCO_04097__IBNLCO_04097__gene__promoter,3025
cnv_depth__IBNLCO_04097__hypothetical__CDS,6327
cnv_depth__IBNLCO_04098__Terpene__CDS,3630
cnv_depth__IBNLCO_04099__terpene__CDS,5982
cnv_depth__IBNLCO_04098__IBNLCO_04098__gene__promoter,2918
cnv_depth__IBNLCO_04099__IBNLCO_04099__gene__promoter,3298
cnv_depth__IBNLCO_04100__IBNLCO_04100__gene__promoter,4251
cnv_depth__IBNLCO_04100__VOC__CDS,2923
cnv_depth__IBNLCO_04101__IBNLCO_04101__gene__promoter,3521
cnv_depth__IBNLCO_04101__Glutathione__CDS,8418
cnv_depth__IBNLCO_04102__IBNLCO_04102__gene__promoter,7086
cnv_depth__IBNLCO_04102__DUF899__CDS,4345
cnv_depth__IBNLCO_04103__IBNLCO_04103__gene__promoter,2982
cnv_depth__IBNLCO_04104__IBNLCO_04104__gene__promoter,1743
cnv_depth__IBNLCO_04106__IBNLCO_04106__gene__promoter,171
cnv_depth__IBNLCO_04105__qseB__gene__promoter,171
cnv_depth__IBNLCO_04107__IBNLCO_04107__gene__promoter,7108
cnv_depth__IBNLCO_04107__DUF2158__CDS,4966
cnv_depth__IBNLCO_04108__Immunity__CDS,3342
cnv_depth__IBNLCO_04108__IBNLCO_04108__gene__promoter,720
cnv_depth__IBNLCO_04109__Rhodanese__CDS,2686
cnv_depth__IBNLCO_04110__cdhR__gene__promoter,2220
cnv_depth__IBNLCO_04109__IBNLCO_04109__gene__promoter,2981
cnv_depth__IBNLCO_04110__HTH-type__CDS,7939
cnv_depth__IBNLCO_04111__IBNLCO_04111__gene__promoter,2453
cnv_depth__IBNLCO_04111__hypothetical__CDS,4456
cnv_depth__IBNLCO_04112__IBNLCO_04112__gene__promoter,2983
cnv_depth__IBNLCO_04112__M20/M25/M40__CDS,1394
cnv_depth__IBNLCO_04113__IBNLCO_04113__gene__promoter,4362
cnv_depth__IBNLCO_04113__hypothetical__CDS,1238
cnv_depth__IBNLCO_04114__nnrU__gene__promoter,5323
cnv_depth__IBNLCO_04114__NnrU__CDS,1277
cnv_depth__IBNLCO_04115__IBNLCO_04115__gene__promoter,1897
cnv_depth__IBNLCO_04115__hypothetical__CDS,4437
cnv_depth__IBNLCO_04116__IBNLCO_04116__gene__promoter,1567
cnv_depth__IBNLCO_04116__hypothetical__CDS,4545
cnv_depth__IBNLCO_04117__IBNLCO_04117__gene__promoter,8695
cnv_depth__IBNLCO_04117__Family__CDS,4343
cnv_depth__IBNLCO_04118__IBNLCO_04118__gene__promoter,7174
cnv_depth__IBNLCO_04118__Carboxypeptidase__CDS,53
cnv_depth__IBNLCO_04119__IBNLCO_04119__gene__promoter,4624
cnv_depth__IBNLCO_04119__EF-hand__CDS,1301
cnv_depth__IBNLCO_04120__IBNLCO_04120__gene__promoter,4589
cnv_depth__IBNLCO_04120__Pesticidal__CDS,8
cnv_depth__IBNLCO_04121__IBNLCO_04121__gene__promoter,4852
cnv_depth__IBNLCO_04121__hypothetical__CDS,3515
cnv_depth__IBNLCO_04122__IBNLCO_04122__gene__promoter,1724
cnv_depth__IBNLCO_04122__gnl|Bakta|IBNLCO_04122__CDS,403
cnv_depth__IBNLCO_04123__Integrase__CDS__promoter,403
cnv_depth__IBNLCO_04123__Integrase__CDS,4665
cnv_depth__IBNLCO_04124__IBNLCO_04124__gene__promoter,9030
cnv_depth__IBNLCO_04124__Response__CDS,4758
cnv_depth__IBNLCO_04125__IBNLCO_04125__gene__promoter,3537
cnv_depth__IBNLCO_04125__Response__CDS,4814
cnv_depth__IBNLCO_04126__IBNLCO_04126__gene__promoter,4160
cnv_depth__IBNLCO_04126__Taurine__CDS,2410
cnv_depth__IBNLCO_04127__gnl|Bakta|IBNLCO_04127__CDS,53
cnv_depth__IBNLCO_04127__IBNLCO_04127__gene__promoter,9320
cnv_depth__IBNLCO_04128__IBNLCO_04128__gene__promoter,1796
cnv_depth__IBNLCO_04128__DUF1653__CDS,3241
cnv_depth__IBNLCO_04129__Winged__CDS,4394
cnv_depth__IBNLCO_04130__ncS035__gene__promoter,4236
cnv_depth__IBNLCO_04129__IBNLCO_04129__gene__promoter,4088
cnv_depth__IBNLCO_04130__Burkholderia__ncRNA,4499
cnv_depth__IBNLCO_04131__Major__CDS,2850
cnv_depth__IBNLCO_04131__IBNLCO_04131__gene__promoter,1625
cnv_depth__IBNLCO_04132__IBNLCO_04132__gene__promoter,2796
cnv_depth__IBNLCO_04133__IBNLCO_04133__gene__promoter,2590
cnv_depth__IBNLCO_04133__DUF4386__CDS,3693
cnv_depth__IBNLCO_04134__IBNLCO_04134__gene__promoter,6193
cnv_depth__IBNLCO_04134__putative__CDS,6282
cnv_depth__IBNLCO_04135__IBNLCO_04135__gene__promoter,4071
cnv_depth__IBNLCO_04135__Membrane__CDS,2719
cnv_depth__IBNLCO_04136__LuxR__CDS,4480
cnv_depth__IBNLCO_04136__luxR__gene__promoter,2371
cnv_depth__IBNLCO_04137__IBNLCO_04137__gene__promoter,5833
cnv_depth__IBNLCO_04137__HTH__CDS,3163
cnv_depth__IBNLCO_04138__IBNLCO_04138__gene__promoter,4656
cnv_depth__IBNLCO_04139__hypothetical__CDS,2209
cnv_depth__IBNLCO_04139__IBNLCO_04139__gene__promoter,3200
cnv_depth__IBNLCO_04140__Isoquinoline__CDS,4947
cnv_depth__IBNLCO_04140__IBNLCO_04140__gene__promoter,4707
cnv_depth__IBNLCO_04141__IBNLCO_04141__gene,2442
cnv_depth__IBNLCO_04141__2Fe-2S__CDS__promoter,819
cnv_depth__IBNLCO_04142__AraC__CDS__promoter,819
cnv_depth__IBNLCO_04143__IBNLCO_04143__gene__promoter,4765
cnv_depth__IBNLCO_04143__IBNLCO_04143__gene,1684
cnv_depth__IBNLCO_04144__IBNLCO_04144__gene,9708
cnv_depth__IBNLCO_04144__DUF3564__CDS__promoter,3969
cnv_depth__IBNLCO_04145__IBNLCO_04145__gene__promoter,4519
cnv_depth__IBNLCO_04145__IBNLCO_04145__gene,2455
cnv_depth__IBNLCO_04146__Dibenzothiophene__CDS__promoter,2030
cnv_depth__IBNLCO_04146__Dibenzothiophene__CDS,3640
cnv_depth__IBNLCO_04147__Dimethyl-sulfide__CDS__promoter,3879
cnv_depth__IBNLCO_04148__hypothetical__CDS__promoter,3259
cnv_depth__IBNLCO_04148__hypothetical__CDS,2370
cnv_depth__IBNLCO_04149__two-component__CDS,1519
cnv_depth__IBNLCO_04149__bprS__gene__promoter,3404
cnv_depth__IBNLCO_04150__two-component__CDS,6756
cnv_depth__IBNLCO_04150__bprR__gene__promoter,284
cnv_depth__IBNLCO_04151__IBNLCO_04151__gene__promoter,284
cnv_depth__IBNLCO_04152__Thioester__CDS__promoter,6672
cnv_depth__IBNLCO_04153__hypothetical__CDS,7429
cnv_depth__IBNLCO_04154__2-hydroxyhepta-2%2C4-diene-1%2C7-dioate__CDS__promoter,361
cnv_depth__IBNLCO_04153__IBNLCO_04153__gene__promoter,361
cnv_depth__IBNLCO_04154__2-hydroxyhepta-2%2C4-diene-1%2C7-dioate__CDS,6299
cnv_depth__IBNLCO_04155__IBNLCO_04155__gene__promoter,2526
cnv_depth__IBNLCO_04156__IBNLCO_04156__gene__promoter,2035
cnv_depth__IBNLCO_04157__IBNLCO_04157__gene__promoter,7799
cnv_depth__IBNLCO_04157__3%2C4-dihydroxyphenylacetate__CDS,7125
cnv_depth__IBNLCO_04158__IBNLCO_04158__gene__promoter,6554
cnv_depth__IBNLCO_04158__5-carboxymethyl-2-hydroxymuconate__CDS,4634
cnv_depth__IBNLCO_04159__IBNLCO_04159__gene__promoter,1405
cnv_depth__IBNLCO_04160__IBNLCO_04160__gene,1903
cnv_depth__IBNLCO_04161__IBNLCO_04161__gene,1827
cnv_depth__IBNLCO_04161__IBNLCO_04161__gene__promoter,28
cnv_depth__IBNLCO_04162__Zinc-containing__CDS__promoter,28
cnv_depth__IBNLCO_04162__IBNLCO_04162__gene,2969
cnv_depth__IBNLCO_04163__IBNLCO_04163__gene,4429
cnv_depth__IBNLCO_04163__Porin__CDS__promoter,1723
cnv_depth__IBNLCO_04164__IBNLCO_04164__gene,3315
cnv_depth__IBNLCO_04164__gnl|Bakta|IBNLCO_04164__CDS__promoter,1285
cnv_depth__IBNLCO_04165__ABC__CDS__promoter,7668
cnv_depth__IBNLCO_04166__IBNLCO_04166__gene,8217
cnv_depth__IBNLCO_04167__Transcriptional__CDS__promoter,40
cnv_depth__IBNLCO_04166__Iron__CDS__promoter,40
cnv_depth__IBNLCO_04167__tctD__gene,1872
cnv_depth__IBNLCO_04168__histidine__CDS__promoter,6987
cnv_depth__IBNLCO_04168__IBNLCO_04168__gene,3986
cnv_depth__IBNLCO_04169__MOSC__CDS__promoter,6207
cnv_depth__IBNLCO_04170__hypothetical__CDS,5284
cnv_depth__IBNLCO_04170__hypothetical__CDS__promoter,1204
cnv_depth__IBNLCO_04171__IBNLCO_04171__gene__promoter,3246
cnv_depth__IBNLCO_04171__Porin__CDS,7800
cnv_depth__IBNLCO_04172__IBNLCO_04172__gene,2575
cnv_depth__IBNLCO_04172__hypothetical__CDS__promoter,7656
cnv_depth__IBNLCO_04173__IBNLCO_04173__gene,3536
cnv_depth__IBNLCO_04173__hypothetical__CDS__promoter,4369
cnv_depth__IBNLCO_04174__Enoyl-CoA__CDS__promoter,5696
cnv_depth__IBNLCO_04174__IBNLCO_04174__gene,4567
cnv_depth__IBNLCO_04175__IBNLCO_04175__gene__promoter,3557
cnv_depth__IBNLCO_04176__DUF427__CDS__promoter,8675
cnv_depth__IBNLCO_04176__IBNLCO_04176__gene,3311
cnv_depth__IBNLCO_04177__egtB__gene__promoter,2490
cnv_depth__IBNLCO_04178__IBNLCO_04178__gene__promoter,2961
cnv_depth__IBNLCO_04179__IBNLCO_04179__gene,3399
cnv_depth__IBNLCO_04179__IBNLCO_04179__gene__promoter,2823
cnv_depth__IBNLCO_04180__IBNLCO_04180__gene__promoter,3055
cnv_depth__IBNLCO_04182__IBNLCO_04182__gene,3833
cnv_depth__IBNLCO_04181__IBNLCO_04181__gene__promoter,2473
cnv_depth__IBNLCO_04182__IBNLCO_04182__gene__promoter,248
cnv_depth__IBNLCO_04183__IBNLCO_04183__gene__promoter,248
cnv_depth__IBNLCO_04183__IBNLCO_04183__gene,1432
cnv_depth__IBNLCO_04184__yraA__gene__promoter,7510
cnv_depth__IBNLCO_04184__Cysteine__CDS,1841
cnv_depth__IBNLCO_04185__IBNLCO_04185__gene__promoter,2184
cnv_depth__IBNLCO_04186__IBNLCO_04186__gene__promoter,5056
cnv_depth__IBNLCO_04187__IBNLCO_04187__gene__promoter,7294
cnv_depth__IBNLCO_04187__IBNLCO_04187__gene,7641
cnv_depth__IBNLCO_04188__IBNLCO_04188__gene__promoter,1675
cnv_depth__IBNLCO_04188__AI-2E__CDS,2805
cnv_depth__IBNLCO_04189__IBNLCO_04189__gene__promoter,2009
cnv_depth__IBNLCO_04189__gnl|Bakta|IBNLCO_04189__CDS,2685
cnv_depth__IBNLCO_04190__3-oxoacyl-[acyl-carrier-protein]__CDS__promoter,3947
cnv_depth__IBNLCO_04191__gntR__gene,3181
cnv_depth__IBNLCO_04192__Pyridoxamine__CDS__promoter,1992
cnv_depth__IBNLCO_04191__Transcriptional__CDS__promoter,9474
cnv_depth__IBNLCO_04192__Pyridoxamine__CDS,2544
cnv_depth__IBNLCO_04193__hypothetical__CDS,4398
cnv_depth__IBNLCO_04194__IBNLCO_04194__gene,494
cnv_depth__IBNLCO_04193__hypothetical__CDS__promoter,494
cnv_depth__IBNLCO_04194__hypothetical__CDS__promoter,4800
cnv_depth__IBNLCO_04196__Acyl-CoA__CDS__promoter,9322
cnv_depth__IBNLCO_04195__Cyclic__CDS__promoter,3687
cnv_depth__IBNLCO_04196__Acyl-CoA__CDS,5194
cnv_depth__IBNLCO_04197__Methyl-accepting__CDS,4054
cnv_depth__IBNLCO_04197__Methyl-accepting__CDS__promoter,3851
cnv_depth__IBNLCO_04198__IBNLCO_04198__gene,9338
cnv_depth__IBNLCO_04198__RND__CDS__promoter,3955
cnv_depth__IBNLCO_04199__Cellulose__CDS,6992
cnv_depth__IBNLCO_04199__Cellulose__CDS__promoter,6396
cnv_depth__IBNLCO_04200__Methylaspartate__CDS,9354
cnv_depth__IBNLCO_04200__Methylaspartate__CDS__promoter,3177
cnv_depth__IBNLCO_04201__Multidrug__CDS,1616
cnv_depth__IBNLCO_04201__Multidrug__CDS__promoter,2221
cnv_depth__IBNLCO_04202__DNA-binding__CDS__promoter,4390
cnv_depth__IBNLCO_04202__DNA-binding__CDS,3182
cnv_depth__IBNLCO_04203__2%2C4-dihydroxyacetophenone__CDS,3402
cnv_depth__IBNLCO_04203__IBNLCO_04203__gene__promoter,2315
cnv_depth__IBNLCO_04204__hypothetical__CDS,4078
cnv_depth__IBNLCO_04204__hypothetical__CDS__promoter,4621
cnv_depth__IBNLCO_04206__Beta-alanine--pyruvate__CDS__promoter,3522
cnv_depth__IBNLCO_04205__lysR__gene__promoter,1590
cnv_depth__IBNLCO_04207__IBNLCO_04207__gene__promoter,2488
cnv_depth__IBNLCO_04208__hypothetical__CDS,191
cnv_depth__IBNLCO_04208__IBNLCO_04208__gene__promoter,191
cnv_depth__IBNLCO_04209__IBNLCO_04209__gene,2980
cnv_depth__IBNLCO_04209__IBNLCO_04209__gene__promoter,144
cnv_depth__IBNLCO_04210__hypothetical__CDS__promoter,144
cnv_depth__IBNLCO_04210__IBNLCO_04210__gene,3728
cnv_depth__IBNLCO_04211__IBNLCO_04211__gene,2530
cnv_depth__IBNLCO_04211__Secretory__CDS__promoter,2254
cnv_depth__IBNLCO_04212__Porin__CDS__promoter,5256
cnv_depth__IBNLCO_04212__IBNLCO_04212__gene,3716
cnv_depth__IBNLCO_04213__IBNLCO_04213__gene,6267
cnv_depth__IBNLCO_04213__hypothetical__CDS__promoter,2464
cnv_depth__IBNLCO_04214__HTH-type__CDS,3140
cnv_depth__IBNLCO_04215__IBNLCO_04215__gene__promoter,6885
cnv_depth__IBNLCO_04214__malT__gene__promoter,3579
cnv_depth__IBNLCO_04215__Amino__CDS,7688
cnv_depth__IBNLCO_04216__IBNLCO_04216__gene__promoter,3816
cnv_depth__IBNLCO_04216__IBNLCO_04216__gene,6152
cnv_depth__IBNLCO_04217__hypothetical__CDS,3927
cnv_depth__IBNLCO_04217__IBNLCO_04217__gene__promoter,2067
cnv_depth__IBNLCO_04218__IBNLCO_04218__gene__promoter,2214
cnv_depth__IBNLCO_04219__IBNLCO_04219__gene,3612
cnv_depth__IBNLCO_04219__IBNLCO_04219__gene__promoter,1205
cnv_depth__IBNLCO_04220__Fusaric__CDS__promoter,269
cnv_depth__IBNLCO_04221__HTH__CDS__promoter,269
cnv_depth__IBNLCO_04221__IBNLCO_04221__gene,2564
cnv_depth__IBNLCO_04222__IBNLCO_04222__gene,2001
cnv_depth__IBNLCO_04222__IBNLCO_04222__gene__promoter,8990
cnv_depth__IBNLCO_04223__IBNLCO_04223__gene__promoter,4474
cnv_depth__IBNLCO_04223__Porin__CDS,8632
cnv_depth__IBNLCO_04224__IBNLCO_04224__gene__promoter,2263
cnv_depth__IBNLCO_04224__IBNLCO_04224__gene,3978
cnv_depth__IBNLCO_04225__Cytosine__CDS__promoter,2524
cnv_depth__IBNLCO_04225__Cytosine__CDS,2125
cnv_depth__IBNLCO_04226__PucR__CDS__promoter,1632
cnv_depth__IBNLCO_04226__PucR__CDS,2230
cnv_depth__IBNLCO_04227__Cytosine__CDS__promoter,4218
cnv_depth__IBNLCO_04227__Cytosine__CDS,4085
cnv_depth__IBNLCO_04228__IBNLCO_04228__gene__promoter,2881
cnv_depth__IBNLCO_04230__IBNLCO_04230__gene__promoter,5862
cnv_depth__IBNLCO_04231__gntR__gene,1758
cnv_depth__IBNLCO_04231__gntR__gene__promoter,8684
cnv_depth__IBNLCO_04232__clcA__gene__promoter,7909
cnv_depth__IBNLCO_04232__H(+)/Cl(-)__CDS,3377
cnv_depth__IBNLCO_04233__IBNLCO_04233__gene,1596
cnv_depth__IBNLCO_04233__IBNLCO_04233__gene__promoter,2821
cnv_depth__IBNLCO_04234__Di-heme__CDS,7964
cnv_depth__IBNLCO_04234__Di-heme__CDS__promoter,2381
cnv_depth__IBNLCO_04235__hypothetical__CDS,3049
cnv_depth__IBNLCO_04235__hypothetical__CDS__promoter,2831
cnv_depth__IBNLCO_04236__IBNLCO_04236__gene,2825
cnv_depth__IBNLCO_04236__Twin-arginine__CDS__promoter,3605
cnv_depth__IBNLCO_04237__gerE__gene,7165
cnv_depth__IBNLCO_04238__hypothetical__CDS__promoter,2372
cnv_depth__IBNLCO_04237__gerE__gene__promoter,4505
cnv_depth__IBNLCO_04238__hypothetical__CDS,2280
cnv_depth__IBNLCO_04239__IBNLCO_04239__gene__promoter,3776
cnv_depth__IBNLCO_04239__hypothetical__CDS,2183
cnv_depth__IBNLCO_04240__marR__gene__promoter,2538
cnv_depth__IBNLCO_04240__marR__gene,7484
cnv_depth__IBNLCO_04241__IBNLCO_04241__gene,6753
cnv_depth__IBNLCO_04241__IBNLCO_04241__gene__promoter,1825
cnv_depth__IBNLCO_04242__IBNLCO_04242__gene__promoter,2525
cnv_depth__IBNLCO_04242__IBNLCO_04242__gene,4433
cnv_depth__IBNLCO_04243__IBNLCO_04243__gene__promoter,2397
cnv_depth__IBNLCO_04243__IBNLCO_04243__gene,6564
cnv_depth__IBNLCO_04244__(S)-ureidoglycine__CDS__promoter,4490
cnv_depth__IBNLCO_04245__YdhG-like__CDS__promoter,3784
cnv_depth__IBNLCO_04246__hypothetical__CDS__promoter,356
cnv_depth__IBNLCO_04247__tRNA-Leu(gag)__tRNA,356
cnv_depth__IBNLCO_04247__trnL__gene__promoter,3676
cnv_depth__IBNLCO_04248__Trans-feruloyl-CoA__CDS__promoter,4421
cnv_depth__IBNLCO_04249__Vanillin__CDS__promoter,5514
cnv_depth__IBNLCO_04249__IBNLCO_04249__gene,7454
cnv_depth__IBNLCO_04250__gnl|Bakta|IBNLCO_04250__CDS__promoter,2698
cnv_depth__IBNLCO_04250__IBNLCO_04250__gene,4091
cnv_depth__IBNLCO_04251__3-(3-hydroxy-phenyl)propionate__CDS__promoter,3371
cnv_depth__IBNLCO_04251__IBNLCO_04251__gene,3388
cnv_depth__IBNLCO_04252__IBNLCO_04252__gene__promoter,3936
cnv_depth__IBNLCO_04252__IBNLCO_04252__gene,3596
cnv_depth__IBNLCO_04253__IBNLCO_04253__gene__promoter,1511
cnv_depth__IBNLCO_04253__Tannase/feruloyl__CDS,3320
cnv_depth__IBNLCO_04255__IBNLCO_04255__gene__promoter,456
cnv_depth__IBNLCO_04254__kdgR__gene__promoter,456
cnv_depth__IBNLCO_04255__ABC__CDS,2990
cnv_depth__IBNLCO_04256__Monosaccharide__CDS__promoter,1278
cnv_depth__IBNLCO_04256__Monosaccharide__CDS,6684
cnv_depth__IBNLCO_04257__lsrC__gene__promoter,4949
cnv_depth__IBNLCO_04258__gnl|Bakta|IBNLCO_04258__CDS__promoter,8696
cnv_depth__IBNLCO_04258__gnl|Bakta|IBNLCO_04258__CDS,4174
cnv_depth__IBNLCO_04259__Altronate__CDS__promoter,2077
cnv_depth__IBNLCO_04260__L-fuconolactone__CDS__promoter,2786
cnv_depth__IBNLCO_04260__L-fuconolactone__CDS,3878
cnv_depth__IBNLCO_04261__2-keto-3-deoxy-L-fuconate__CDS__promoter,2804
cnv_depth__IBNLCO_04261__2-keto-3-deoxy-L-fuconate__CDS,4365
cnv_depth__IBNLCO_04262__IBNLCO_04262__gene__promoter,4381
cnv_depth__IBNLCO_04262__ureidoglycolate__CDS,3582
cnv_depth__IBNLCO_04263__fabG__gene__promoter,1517
cnv_depth__IBNLCO_04263__3-oxoacyl-[acyl-carrier-protein]__CDS,8196
cnv_depth__IBNLCO_04264__IBNLCO_04264__gene__promoter,3916
cnv_depth__IBNLCO_04264__IBNLCO_04264__gene,3937
cnv_depth__IBNLCO_04265__YadA-like__CDS__promoter,4543
cnv_depth__IBNLCO_04265__IBNLCO_04265__gene,5915
cnv_depth__IBNLCO_04266__hypothetical__CDS__promoter,2133
cnv_depth__IBNLCO_04267__IBNLCO_04267__gene,2126
cnv_depth__IBNLCO_04267__H-NS-like__CDS__promoter,4034
cnv_depth__IBNLCO_04268__Transcriptional__CDS,8327
cnv_depth__IBNLCO_04268__kdgR__gene__promoter,6035
cnv_depth__IBNLCO_04269__hypothetical__CDS,2711
cnv_depth__IBNLCO_04269__hypothetical__CDS__promoter,1799
cnv_depth__IBNLCO_04270__IBNLCO_04270__gene__promoter,1461
cnv_depth__IBNLCO_04271__HTH__CDS,1611
cnv_depth__IBNLCO_04272__IBNLCO_04272__gene__promoter,4756
cnv_depth__IBNLCO_04271__IBNLCO_04271__gene__promoter,1335
cnv_depth__IBNLCO_04272__DUF4442__CDS,1427
cnv_depth__IBNLCO_04273__IBNLCO_04273__gene__promoter,5225
cnv_depth__IBNLCO_04274__IBNLCO_04274__gene__promoter,9632
cnv_depth__IBNLCO_04275__Type__CDS,3831
cnv_depth__IBNLCO_04275__Type__CDS__promoter,1525
cnv_depth__IBNLCO_04276__Diguanylate__CDS__promoter,2714
cnv_depth__IBNLCO_04277__IBNLCO_04277__gene,7841
cnv_depth__IBNLCO_04277__Leucine-responsive__CDS__promoter,3850
cnv_depth__IBNLCO_04278__IBNLCO_04278__gene__promoter,8061
cnv_depth__IBNLCO_04279__IBNLCO_04279__gene__promoter,5855
cnv_depth__IBNLCO_04280__IBNLCO_04280__gene,4766
cnv_depth__IBNLCO_04280__Insertion__CDS__promoter,1149
cnv_depth__IBNLCO_04281__IBNLCO_04281__gene__promoter,4548
cnv_depth__IBNLCO_04281__IBNLCO_04281__gene,3860
cnv_depth__IBNLCO_04282__IBNLCO_04282__gene__promoter,5472
cnv_depth__IBNLCO_04282__IBNLCO_04282__gene,2585
cnv_depth__IBNLCO_04283__IBNLCO_04283__gene__promoter,4123
cnv_depth__IBNLCO_04284__Circularly__CDS__promoter,4007
cnv_depth__IBNLCO_04285__fliK__gene__promoter,2829
cnv_depth__IBNLCO_04285__fliK__gene,1818
cnv_depth__IBNLCO_04286__hypothetical__CDS__promoter,1802
cnv_depth__IBNLCO_04286__IBNLCO_04286__gene,326
cnv_depth__IBNLCO_04287__histidine__CDS__promoter,326
cnv_depth__IBNLCO_04288__IBNLCO_04288__gene__promoter,3095
cnv_depth__IBNLCO_04288__Chemotaxis__CDS,9158
cnv_depth__IBNLCO_04289__CheC-like__CDS__promoter,8174
cnv_depth__IBNLCO_04289__IBNLCO_04289__gene,3974
cnv_depth__IBNLCO_04290__peptidoglycan__CDS,2213
cnv_depth__IBNLCO_04290__peptidoglycan__CDS__promoter,8161
cnv_depth__IBNLCO_04291__gnl|Bakta|IBNLCO_04291__CDS,17
cnv_depth__IBNLCO_04291__IBNLCO_04291__gene__promoter,3120
cnv_depth__IBNLCO_04292__IBNLCO_04292__gene__promoter,2905
cnv_depth__IBNLCO_04292__gnl|Bakta|IBNLCO_04292__CDS,1654
cnv_depth__IBNLCO_04293__IBNLCO_04293__gene,2598
cnv_depth__IBNLCO_04294__IBNLCO_04294__gene__promoter,3786
cnv_depth__IBNLCO_04293__IBNLCO_04293__gene__promoter,1326
cnv_depth__IBNLCO_04294__gnl|Bakta|IBNLCO_04294__CDS,9114
cnv_depth__IBNLCO_04295__IBNLCO_04295__gene__promoter,5588
cnv_depth__IBNLCO_04295__leucine--tRNA__CDS,4479
cnv_depth__IBNLCO_04296__IBNLCO_04296__gene__promoter,5958
cnv_depth__IBNLCO_04296__Class__CDS,1966
cnv_depth__IBNLCO_04297__aurF__gene__promoter,2689
cnv_depth__IBNLCO_04297__p-aminobenzoate__CDS,1466
cnv_depth__IBNLCO_04298__Glutathione__CDS__promoter,3932
cnv_depth__IBNLCO_04298__IBNLCO_04298__gene,4238
cnv_depth__IBNLCO_04299__IBNLCO_04299__gene__promoter,4296
cnv_depth__IBNLCO_04299__Taurine__CDS,2938
cnv_depth__IBNLCO_04301__IBNLCO_04301__gene__promoter,7788
cnv_depth__IBNLCO_04300__IBNLCO_04300__gene__promoter,2625
cnv_depth__IBNLCO_04302__trnP__gene__promoter,4176
cnv_depth__IBNLCO_04303__hypothetical__CDS__promoter,163
cnv_depth__IBNLCO_04302__tRNA-Pro(tgg)__tRNA,163
cnv_depth__IBNLCO_04303__IBNLCO_04303__gene,1273
cnv_depth__IBNLCO_04304__gnl|Bakta|IBNLCO_04304__CDS__promoter,3203
cnv_depth__IBNLCO_04304__gnl|Bakta|IBNLCO_04304__CDS,3956
cnv_depth__IBNLCO_04305__DUF4148__CDS,4026
cnv_depth__IBNLCO_04306__hypothetical__CDS__promoter,3621
cnv_depth__IBNLCO_04305__DUF4148__CDS__promoter,1680
cnv_depth__IBNLCO_04306__hypothetical__CDS,2644
cnv_depth__IBNLCO_04307__IBNLCO_04307__gene,4108
cnv_depth__IBNLCO_04307__Monooxygenase__CDS__promoter,3696
cnv_depth__IBNLCO_04308__IBNLCO_04308__gene__promoter,6208
cnv_depth__IBNLCO_04309__IBNLCO_04309__gene__promoter,3129
cnv_depth__IBNLCO_04309__hypothetical__CDS,2521
cnv_depth__IBNLCO_04310__hypothetical__CDS,1850
cnv_depth__IBNLCO_04310__IBNLCO_04310__gene__promoter,431
cnv_depth__IBNLCO_04311__DUF1488__CDS__promoter,431
cnv_depth__IBNLCO_04311__DUF1488__CDS,2252
cnv_depth__IBNLCO_04312__IBNLCO_04312__gene__promoter,3029
cnv_depth__IBNLCO_04312__UDP-glucose__CDS,2584
cnv_depth__IBNLCO_04313__uvrY__gene,5416
cnv_depth__IBNLCO_04313__uvrY__gene__promoter,2704
cnv_depth__IBNLCO_04314__Universal__CDS__promoter,4507
cnv_depth__IBNLCO_04314__Universal__CDS,3032
cnv_depth__IBNLCO_04315__UspA__CDS,3752
cnv_depth__IBNLCO_04316__Universal__CDS,4658
cnv_depth__IBNLCO_04315__uspA__gene__promoter,4130
cnv_depth__IBNLCO_04316__Universal__CDS__promoter,696
cnv_depth__IBNLCO_04317__UspA__CDS,3418
cnv_depth__IBNLCO_04317__UspA__CDS__promoter,404
cnv_depth__IBNLCO_04318__IBNLCO_04318__gene__promoter,404
cnv_depth__IBNLCO_04318__Theronine__CDS,3123
cnv_depth__IBNLCO_04319__Rhodanese__CDS__promoter,5382
cnv_depth__IBNLCO_04319__IBNLCO_04319__gene,3545
cnv_depth__IBNLCO_04320__IBNLCO_04320__gene__promoter,3822
cnv_depth__IBNLCO_04320__IBNLCO_04320__gene,3821
cnv_depth__IBNLCO_04321__IBNLCO_04321__gene__promoter,4228
cnv_depth__IBNLCO_04321__IBNLCO_04321__gene,8200
cnv_depth__IBNLCO_04322__IBNLCO_04322__gene__promoter,7714
cnv_depth__IBNLCO_04322__gnl|Bakta|IBNLCO_04322__CDS,5363
cnv_depth__IBNLCO_04323__IBNLCO_04323__gene,3149
cnv_depth__IBNLCO_04323__IBNLCO_04323__gene__promoter,1182
cnv_depth__IBNLCO_04324__IBNLCO_04324__gene__promoter,3336
cnv_depth__IBNLCO_04325__IBNLCO_04325__gene,4481
cnv_depth__IBNLCO_04326__IBNLCO_04326__gene__promoter,209
cnv_depth__IBNLCO_04325__IBNLCO_04325__gene__promoter,209
cnv_depth__IBNLCO_04326__IBNLCO_04326__gene,7264
cnv_depth__IBNLCO_04327__Dibenzothiophene__CDS,2480
cnv_depth__IBNLCO_04327__IBNLCO_04327__gene__promoter,9384
cnv_depth__IBNLCO_04328__IBNLCO_04328__gene,5466
cnv_depth__IBNLCO_04328__hypothetical__CDS__promoter,3567
cnv_depth__IBNLCO_04329__Metal-dependent__CDS__promoter,5329
cnv_depth__IBNLCO_04330__DUF3088__CDS__promoter,2308
cnv_depth__IBNLCO_04330__IBNLCO_04330__gene,1871
cnv_depth__IBNLCO_04331__IBNLCO_04331__gene__promoter,1333
cnv_depth__IBNLCO_04331__IBNLCO_04331__gene,6205
cnv_depth__IBNLCO_04332__Pyrimidine-specific__CDS__promoter,3699
cnv_depth__IBNLCO_04332__rihB__gene,7287
cnv_depth__IBNLCO_04333__gnl|Bakta|IBNLCO_04333__CDS__promoter,3926
cnv_depth__IBNLCO_04334__IBNLCO_04334__gene__promoter,6287
cnv_depth__IBNLCO_04334__IBNLCO_04334__gene,6872
cnv_depth__IBNLCO_04335__phosphodiesterase__CDS__promoter,7144
cnv_depth__IBNLCO_04335__phosphodiesterase__CDS,4847
cnv_depth__IBNLCO_04336__DNA__CDS__promoter,5483
cnv_depth__IBNLCO_04336__DNA__CDS,3417
cnv_depth__IBNLCO_04337__hypothetical__CDS__promoter,1399
cnv_depth__IBNLCO_04337__IBNLCO_04337__gene,126
cnv_depth__IBNLCO_04338__IBNLCO_04338__gene__promoter,126
cnv_depth__IBNLCO_04338__IBNLCO_04338__gene,3748
cnv_depth__IBNLCO_04339__IBNLCO_04339__gene__promoter,1504
cnv_depth__IBNLCO_04339__IBNLCO_04339__gene,728
cnv_depth__IBNLCO_04340__hypothetical__CDS__promoter,728
cnv_depth__IBNLCO_04340__hypothetical__CDS,3090
cnv_depth__IBNLCO_04341__IBNLCO_04341__gene__promoter,2469
cnv_depth__IBNLCO_04342__dmlR__gene,3920
cnv_depth__IBNLCO_04343__DSBA-like__CDS__promoter,4721
cnv_depth__IBNLCO_04342__dmlR__gene__promoter,8384
cnv_depth__IBNLCO_04343__IBNLCO_04343__gene,4081
cnv_depth__IBNLCO_04344__IBNLCO_04344__gene__promoter,2612
cnv_depth__IBNLCO_04344__IBNLCO_04344__gene,3212
cnv_depth__IBNLCO_04345__IBNLCO_04345__gene__promoter,4153
cnv_depth__IBNLCO_04345__IBNLCO_04345__gene,638
cnv_depth__IBNLCO_04346__IBNLCO_04346__gene__promoter,4423
cnv_depth__IBNLCO_04346__IBNLCO_04346__gene,1575
cnv_depth__IBNLCO_04347__Oxidoreductase__CDS__promoter,4849
cnv_depth__IBNLCO_04347__IBNLCO_04347__gene,3591
cnv_depth__IBNLCO_04348__IBNLCO_04348__gene__promoter,4783
cnv_depth__IBNLCO_04348__HTH__CDS,2194
cnv_depth__IBNLCO_04349__IBNLCO_04349__gene__promoter,4614
cnv_depth__IBNLCO_04349__IBNLCO_04349__gene,3827
cnv_depth__IBNLCO_04350__IBNLCO_04350__gene__promoter,2579
cnv_depth__IBNLCO_04351__IBNLCO_04351__gene__promoter,4457
cnv_depth__IBNLCO_04351__hypothetical__CDS,1599
cnv_depth__IBNLCO_04352__IBNLCO_04352__gene__promoter,5214
cnv_depth__IBNLCO_04352__DUF3156__CDS,4179
cnv_depth__IBNLCO_04353__rhaR__gene__promoter,3581
cnv_depth__IBNLCO_04354__IBNLCO_04354__gene__promoter,1485
cnv_depth__IBNLCO_04354__Porin__CDS,2092
cnv_depth__IBNLCO_04355__Homoserine/homoserine__CDS,7590
cnv_depth__IBNLCO_04355__IBNLCO_04355__gene__promoter,6601
cnv_depth__IBNLCO_04357__IBNLCO_04357__gene__promoter,1926
cnv_depth__IBNLCO_04358__HTH__CDS,4722
cnv_depth__IBNLCO_04358__HTH__CDS__promoter,1741
cnv_depth__IBNLCO_04359__IBNLCO_04359__gene,4295
cnv_depth__IBNLCO_04359__Protein__CDS__promoter,4096
cnv_depth__IBNLCO_04360__IBNLCO_04360__gene,3691
cnv_depth__IBNLCO_04362__IBNLCO_04362__gene,5203
cnv_depth__IBNLCO_04362__IBNLCO_04362__gene__promoter,3755
cnv_depth__IBNLCO_04364__IBNLCO_04364__gene,416
cnv_depth__IBNLCO_04364__hypothetical__CDS__promoter,416
cnv_depth__IBNLCO_04365__hypothetical__CDS,2079
cnv_depth__IBNLCO_04366__IBNLCO_04366__gene,3617
cnv_depth__IBNLCO_04367__hypothetical__CDS,2586
cnv_depth__IBNLCO_04368__hypothetical__CDS__promoter,3690
cnv_depth__IBNLCO_04368__IBNLCO_04368__gene,298
cnv_depth__IBNLCO_04369__DUF2786__CDS__promoter,298
cnv_depth__IBNLCO_04369__DUF2786__CDS,1096
cnv_depth__IBNLCO_04370__ATPase__CDS,4115
cnv_depth__IBNLCO_04372__IBNLCO_04372__gene__promoter,4611
cnv_depth__IBNLCO_04372__hypothetical__CDS,3793
cnv_depth__IBNLCO_04373__porin__CDS__promoter,3718
cnv_depth__IBNLCO_04373__porin__CDS,4347
cnv_depth__IBNLCO_04374__IBNLCO_04374__gene,1837
cnv_depth__IBNLCO_04374__IBNLCO_04374__gene__promoter,2421
cnv_depth__IBNLCO_04375__IBNLCO_04375__gene__promoter,8256
cnv_depth__IBNLCO_04375__DUF4148__CDS,1983
cnv_depth__IBNLCO_04376__IBNLCO_04376__gene,7358
cnv_depth__IBNLCO_04377__GTP__CDS__promoter,421
cnv_depth__IBNLCO_04376__IBNLCO_04376__gene__promoter,421
cnv_depth__IBNLCO_04377__GTP__CDS,3204
cnv_depth__IBNLCO_04378__IBNLCO_04378__gene,3018
cnv_depth__IBNLCO_04378__IBNLCO_04378__gene__promoter,2702
cnv_depth__IBNLCO_04379__N-acylhomoserine__CDS,3899
cnv_depth__IBNLCO_04379__N-acylhomoserine__CDS__promoter,4341
cnv_depth__IBNLCO_04380__DUF4902__CDS,4173
cnv_depth__IBNLCO_04381__bpsR__gene__promoter,2328
cnv_depth__IBNLCO_04380__IBNLCO_04380__gene__promoter,8814
cnv_depth__IBNLCO_04381__bpsR__gene,5544
cnv_depth__IBNLCO_04382__mgtC__gene,3804
cnv_depth__IBNLCO_04382__mgtC__gene__promoter,5911
cnv_depth__IBNLCO_04383__IBNLCO_04383__gene,3376
cnv_depth__IBNLCO_04383__IBNLCO_04383__gene__promoter,2474
cnv_depth__IBNLCO_04384__rutE__gene,2327
cnv_depth__IBNLCO_04385__IBNLCO_04385__gene__promoter,9664
cnv_depth__IBNLCO_04384__rutE__gene__promoter,2261
cnv_depth__IBNLCO_04385__IBNLCO_04385__gene,1781
cnv_depth__IBNLCO_04386__IclR__CDS__promoter,1259
cnv_depth__IBNLCO_04386__iclR__gene,8630
cnv_depth__IBNLCO_04387__IBNLCO_04387__gene,3679
cnv_depth__IBNLCO_04387__IBNLCO_04387__gene__promoter,2904
cnv_depth__IBNLCO_04388__Ferredoxin__CDS__promoter,2301
cnv_depth__IBNLCO_04388__Ferredoxin__CDS,115
cnv_depth__IBNLCO_04389__IBNLCO_04389__gene__promoter,115
cnv_depth__IBNLCO_04389__Recombinase-like__CDS,4607
cnv_depth__IBNLCO_04390__IBNLCO_04390__gene__promoter,2995
cnv_depth__IBNLCO_04390__IBNLCO_04390__gene,4119
cnv_depth__IBNLCO_04391__IBNLCO_04391__gene__promoter,5912
cnv_depth__IBNLCO_04391__IBNLCO_04391__gene,2614
cnv_depth__IBNLCO_04392__Mannose-6-phosphate__CDS__promoter,4327
cnv_depth__IBNLCO_04392__IBNLCO_04392__gene,9080
cnv_depth__IBNLCO_04393__IBNLCO_04393__gene__promoter,3257
cnv_depth__IBNLCO_04393__IBNLCO_04393__gene,1475
cnv_depth__IBNLCO_04394__iclR__gene__promoter,2636
cnv_depth__IBNLCO_04395__IBNLCO_04395__gene__promoter,3275
cnv_depth__IBNLCO_04395__IBNLCO_04395__gene,2987
cnv_depth__IBNLCO_04396__IBNLCO_04396__gene__promoter,1698
cnv_depth__IBNLCO_04397__IBNLCO_04397__gene__promoter,4547
cnv_depth__IBNLCO_04397__IBNLCO_04397__gene,3832
cnv_depth__IBNLCO_04398__IBNLCO_04398__gene__promoter,3368
cnv_depth__IBNLCO_04399__IBNLCO_04399__gene__promoter,2783
cnv_depth__IBNLCO_04399__IBNLCO_04399__gene,8004
cnv_depth__IBNLCO_04400__IBNLCO_04400__gene__promoter,2700
cnv_depth__IBNLCO_04400__IBNLCO_04400__gene,1354
cnv_depth__IBNLCO_04401__IBNLCO_04401__gene__promoter,832
cnv_depth__IBNLCO_04401__IBNLCO_04401__gene,1884
cnv_depth__IBNLCO_04402__IBNLCO_04402__gene__promoter,9159
cnv_depth__IBNLCO_04403__IBNLCO_04403__gene__promoter,3562
cnv_depth__IBNLCO_04403__IBNLCO_04403__gene,2679
cnv_depth__IBNLCO_04404__uspA__gene,2484
cnv_depth__IBNLCO_04404__UspA__CDS__promoter,4475
cnv_depth__IBNLCO_04405__IBNLCO_04405__gene__promoter,2663
cnv_depth__IBNLCO_04406__asnC__gene,4125
cnv_depth__IBNLCO_04407__gnl|Bakta|IBNLCO_04407__CDS__promoter,887
cnv_depth__IBNLCO_04406__AsnC__CDS__promoter,887
cnv_depth__IBNLCO_04407__IBNLCO_04407__gene,3133
cnv_depth__IBNLCO_04408__IBNLCO_04408__gene,4038
cnv_depth__IBNLCO_04408__hypothetical__CDS__promoter,3570
cnv_depth__IBNLCO_04409__DUF2780__CDS__promoter,2316
cnv_depth__IBNLCO_04409__DUF2780__CDS,4027
cnv_depth__IBNLCO_04410__Arylamine__CDS__promoter,1163
cnv_depth__IBNLCO_04410__IBNLCO_04410__gene,5484
cnv_depth__IBNLCO_04411__IBNLCO_04411__gene__promoter,3192
cnv_depth__IBNLCO_04411__IBNLCO_04411__gene,5572
cnv_depth__IBNLCO_04412__IBNLCO_04412__gene,3201
cnv_depth__IBNLCO_04413__Thioredoxin__CDS__promoter,69
cnv_depth__IBNLCO_04412__Rrf2__CDS__promoter,69
cnv_depth__IBNLCO_04414__lysR__gene,1794
cnv_depth__IBNLCO_04415__IBNLCO_04415__gene__promoter,4840
cnv_depth__IBNLCO_04414__lysR__gene__promoter,3338
cnv_depth__IBNLCO_04415__Succinyl-diaminopimelate__CDS,3929
cnv_depth__IBNLCO_04416__Major__CDS__promoter,2454
cnv_depth__IBNLCO_04416__IBNLCO_04416__gene,4214
cnv_depth__IBNLCO_04417__Haloacetate__CDS,9122
cnv_depth__IBNLCO_04417__Haloacetate__CDS__promoter,1041
cnv_depth__IBNLCO_04418__Metal-dependent__CDS,3546
cnv_depth__IBNLCO_04419__Short-chain__CDS,3855
cnv_depth__IBNLCO_04418__IBNLCO_04418__gene__promoter,1472
cnv_depth__IBNLCO_04419__Short-chain__CDS__promoter,2419
cnv_depth__IBNLCO_04420__Baeyer-Villiger__CDS,4608
cnv_depth__IBNLCO_04420__IBNLCO_04420__gene__promoter,2257
cnv_depth__IBNLCO_04421__IBNLCO_04421__gene,2309
cnv_depth__IBNLCO_04421__IBNLCO_04421__gene__promoter,1230
cnv_depth__IBNLCO_04422__Aliphatic__CDS,3413
cnv_depth__IBNLCO_04422__IBNLCO_04422__gene__promoter,1241
cnv_depth__IBNLCO_04423__HTH__CDS,7941
cnv_depth__IBNLCO_04423__IBNLCO_04423__gene__promoter,1609
cnv_depth__IBNLCO_04424__N-acyltransferase__CDS,3082
cnv_depth__IBNLCO_04424__yncA__gene__promoter,1603
cnv_depth__IBNLCO_04425__IBNLCO_04425__gene__promoter,1671
cnv_depth__IBNLCO_04425__hypothetical__CDS,2806
cnv_depth__IBNLCO_04426__EmrB/QacA__CDS,3099
cnv_depth__IBNLCO_04426__IBNLCO_04426__gene__promoter,537
cnv_depth__IBNLCO_04427__IBNLCO_04427__gene__promoter,537
cnv_depth__IBNLCO_04427__Methyl-accepting__CDS,2830
cnv_depth__IBNLCO_04428__DNA__CDS,8752
cnv_depth__IBNLCO_04429__IBNLCO_04429__gene__promoter,4217
cnv_depth__IBNLCO_04428__IBNLCO_04428__gene__promoter,4666
cnv_depth__IBNLCO_04429__hypothetical__CDS,2582
cnv_depth__IBNLCO_04430__IBNLCO_04430__gene__promoter,79
cnv_depth__IBNLCO_04431__FAD__CDS__promoter,79
cnv_depth__IBNLCO_04431__FAD__CDS,1940
cnv_depth__IBNLCO_04432__Voltage-gated__CDS__promoter,2273
cnv_depth__IBNLCO_04433__IBNLCO_04433__gene,1664
cnv_depth__IBNLCO_04433__AB__CDS__promoter,9670
cnv_depth__IBNLCO_04434__4-carboxymuconolactone__CDS__promoter,2101
cnv_depth__IBNLCO_04434__IBNLCO_04434__gene,2601
cnv_depth__IBNLCO_04435__Delta(1)-pyrroline-2-carboxylate__CDS__promoter,4299
cnv_depth__IBNLCO_04435__Delta(1)-pyrroline-2-carboxylate__CDS,2016
cnv_depth__IBNLCO_04436__IBNLCO_04436__gene,4812
cnv_depth__IBNLCO_04436__Enterochelin__CDS__promoter,4241
cnv_depth__IBNLCO_04437__IBNLCO_04437__gene,4792
cnv_depth__IBNLCO_04437__hypothetical__CDS__promoter,2321
cnv_depth__IBNLCO_04438__Porin__CDS__promoter,3296
cnv_depth__IBNLCO_04438__Porin__CDS,2399
cnv_depth__IBNLCO_04439__HTH-type__CDS,2847
cnv_depth__IBNLCO_04440__IBNLCO_04440__gene__promoter,34
cnv_depth__IBNLCO_04439__argP__gene__promoter,34
cnv_depth__IBNLCO_04440__IBNLCO_04440__gene,34
cnv_depth__IBNLCO_04441__IBNLCO_04441__gene__promoter,4391
cnv_depth__IBNLCO_04441__IBNLCO_04441__gene,2389
cnv_depth__IBNLCO_04442__blaPEN-I__gene__promoter,4569
cnv_depth__IBNLCO_04442__blaPEN-I__gene,3108
cnv_depth__IBNLCO_04443__lysR__gene__promoter,2296
cnv_depth__IBNLCO_04443__LysR__CDS,2384
cnv_depth__IBNLCO_04444__Type__CDS,1128
cnv_depth__IBNLCO_04444__IBNLCO_04444__gene__promoter,4206
cnv_depth__IBNLCO_04445__hypothetical__CDS,3345
cnv_depth__IBNLCO_04445__IBNLCO_04445__gene__promoter,2360
cnv_depth__IBNLCO_04446__gsiA__gene,735
cnv_depth__IBNLCO_04447__ABC-type__CDS,145
cnv_depth__IBNLCO_04446__gsiA__gene__promoter,145
cnv_depth__IBNLCO_04447__IBNLCO_04447__gene__promoter,4842
cnv_depth__IBNLCO_04448__D-ala-D-ala__CDS,4292
cnv_depth__IBNLCO_04448__D-ala-D-ala__CDS__promoter,8306
cnv_depth__IBNLCO_04449__Putative__CDS,2463
cnv_depth__IBNLCO_04449__Putative__CDS__promoter,2211
cnv_depth__IBNLCO_04450__ABC-type__CDS,8733
cnv_depth__IBNLCO_04450__IBNLCO_04450__gene__promoter,2040
cnv_depth__IBNLCO_04451__D-alanyl-D-alanine__CDS,4700
cnv_depth__IBNLCO_04451__IBNLCO_04451__gene__promoter,4818
cnv_depth__IBNLCO_04452__IBNLCO_04452__gene,1956
cnv_depth__IBNLCO_04452__IBNLCO_04452__gene__promoter,3678
cnv_depth__IBNLCO_04453__IBNLCO_04453__gene,2015
cnv_depth__IBNLCO_04453__IBNLCO_04453__gene__promoter,1883
cnv_depth__IBNLCO_04454__IBNLCO_04454__gene,3544
cnv_depth__IBNLCO_04454__IBNLCO_04454__gene__promoter,4231
cnv_depth__IBNLCO_04455__IBNLCO_04455__gene__promoter,1832
cnv_depth__IBNLCO_04455__IBNLCO_04455__gene,4661
cnv_depth__IBNLCO_04456__IBNLCO_04456__gene__promoter,1445
cnv_depth__IBNLCO_04456__IBNLCO_04456__gene,1592
cnv_depth__IBNLCO_04457__IBNLCO_04457__gene__promoter,5686
cnv_depth__IBNLCO_04457__IBNLCO_04457__gene,4808
cnv_depth__IBNLCO_04458__IBNLCO_04458__gene__promoter,2953
cnv_depth__IBNLCO_04458__hypothetical__CDS,1807
cnv_depth__IBNLCO_04459__IBNLCO_04459__gene__promoter,3953
cnv_depth__IBNLCO_04460__IBNLCO_04460__gene__promoter,1348
cnv_depth__IBNLCO_04460__IBNLCO_04460__gene,2177
cnv_depth__IBNLCO_04461__IBNLCO_04461__gene__promoter,2191
cnv_depth__IBNLCO_04462__oxdC__gene__promoter,2002
cnv_depth__IBNLCO_04463__mntH__gene__promoter,4285
cnv_depth__IBNLCO_04464__YiaAB__CDS,7185
cnv_depth__IBNLCO_04464__IBNLCO_04464__gene__promoter,2499
cnv_depth__IBNLCO_04465__Bestrophin-like__CDS,1760
cnv_depth__IBNLCO_04465__IBNLCO_04465__gene__promoter,2437
cnv_depth__IBNLCO_04467__IBNLCO_04467__gene__promoter,628
cnv_depth__IBNLCO_04466__IBNLCO_04466__gene__promoter,628
cnv_depth__IBNLCO_04468__IBNLCO_04468__gene,2899
cnv_depth__IBNLCO_04469__IBNLCO_04469__gene__promoter,5326
cnv_depth__IBNLCO_04470__Magnesium-transporting__CDS,3314
cnv_depth__IBNLCO_04470__Magnesium-transporting__CDS__promoter,443
cnv_depth__IBNLCO_04471__hypothetical__CDS,443
cnv_depth__IBNLCO_04471__hypothetical__CDS__promoter,3790
cnv_depth__IBNLCO_04472__mprA__gene__promoter,2087
cnv_depth__IBNLCO_04473__hypothetical__CDS__promoter,3867
cnv_depth__IBNLCO_04473__hypothetical__CDS,7000
cnv_depth__IBNLCO_04474__IBNLCO_04474__gene__promoter,1500
cnv_depth__IBNLCO_04474__Twin-arginine__CDS,4406
cnv_depth__IBNLCO_04475__IBNLCO_04475__gene__promoter,2102
cnv_depth__IBNLCO_04475__Membrane-bound__CDS,4162
cnv_depth__IBNLCO_04476__IBNLCO_04476__gene__promoter,3749
cnv_depth__IBNLCO_04477__doxX__gene__promoter,3143
cnv_depth__IBNLCO_04477__DoxX__CDS,3788
cnv_depth__IBNLCO_04478__IBNLCO_04478__gene__promoter,3438
cnv_depth__IBNLCO_04478__Porin__CDS,4076
cnv_depth__IBNLCO_04479__Lipid__CDS,1266
cnv_depth__IBNLCO_04479__IBNLCO_04479__gene__promoter,1289
cnv_depth__IBNLCO_04480__IBNLCO_04480__gene__promoter,1157
cnv_depth__IBNLCO_04480__ABC__CDS,9084
cnv_depth__IBNLCO_04481__Histidine/lysine/arginine/ornithine__CDS__promoter,4723
cnv_depth__IBNLCO_04481__Histidine/lysine/arginine/ornithine__CDS,3226
cnv_depth__IBNLCO_04482__Histidine__CDS__promoter,9374
cnv_depth__IBNLCO_04482__Histidine__CDS,9398
cnv_depth__IBNLCO_04483__UDP-N-acetylglucosamine__CDS,1347
cnv_depth__IBNLCO_04483__UDP-N-acetylglucosamine__CDS__promoter,409
cnv_depth__IBNLCO_04484__CENP-V/GFA__CDS__promoter,409
cnv_depth__IBNLCO_04484__IBNLCO_04484__gene,7481
cnv_depth__IBNLCO_04485__hypothetical__CDS__promoter,3146
cnv_depth__IBNLCO_04485__hypothetical__CDS,2201
cnv_depth__IBNLCO_04486__gnl|Bakta|IBNLCO_04486__CDS,4375
cnv_depth__IBNLCO_04486__gnl|Bakta|IBNLCO_04486__CDS__promoter,1863
cnv_depth__IBNLCO_04487__Major__CDS__promoter,2451
cnv_depth__IBNLCO_04487__Major__CDS,2930
cnv_depth__IBNLCO_04488__DUF1453__CDS,5824
cnv_depth__IBNLCO_04488__DUF1453__CDS__promoter,2395
cnv_depth__IBNLCO_04489__IBNLCO_04489__gene__promoter,3465
cnv_depth__IBNLCO_04489__Histidine__CDS,1890
cnv_depth__IBNLCO_04490__hypothetical__CDS__promoter,2304
cnv_depth__IBNLCO_04490__hypothetical__CDS,1710
cnv_depth__IBNLCO_04491__IBNLCO_04491__gene__promoter,5537
cnv_depth__IBNLCO_04492__IBNLCO_04492__gene,3294
cnv_depth__IBNLCO_04492__Methyltransferase__CDS__promoter,2659
cnv_depth__IBNLCO_04494__IBNLCO_04494__gene__promoter,2986
cnv_depth__IBNLCO_04495__IBNLCO_04495__gene,2267
cnv_depth__IBNLCO_04495__IBNLCO_04495__gene__promoter,4915
cnv_depth__IBNLCO_04496__pksF__gene,2069
cnv_depth__IBNLCO_04497__IBNLCO_04497__gene,303
cnv_depth__IBNLCO_04496__Polyketide__CDS__promoter,303
cnv_depth__IBNLCO_04497__IBNLCO_04497__gene__promoter,2037
cnv_depth__IBNLCO_04498__IBNLCO_04498__gene,4200
cnv_depth__IBNLCO_04499__IBNLCO_04499__gene,3221
cnv_depth__IBNLCO_04498__IBNLCO_04498__gene__promoter,6496
cnv_depth__IBNLCO_04500__Polyketide__CDS,1062
cnv_depth__IBNLCO_04499__IBNLCO_04499__gene__promoter,3494
cnv_depth__IBNLCO_04500__pksG__gene__promoter,2596
cnv_depth__IBNLCO_04501__trnC__gene__promoter,3906
cnv_depth__IBNLCO_04501__tRNA-Cys(gca)__tRNA,844
cnv_depth__IBNLCO_04502__IBNLCO_04502__gene__promoter,3027
cnv_depth__IBNLCO_04503__IBNLCO_04503__gene__promoter,3083
cnv_depth__IBNLCO_04504__gnl|Bakta|IBNLCO_04504__CDS__promoter,2405
cnv_depth__IBNLCO_04504__onnB__gene,195
cnv_depth__IBNLCO_04505__SDR__CDS__promoter,2198
cnv_depth__IBNLCO_04505__SDR__CDS,195
cnv_depth__IBNLCO_04506__Polyketide__CDS__promoter,1928
cnv_depth__IBNLCO_04506__Polyketide__CDS,66
cnv_depth__IBNLCO_04507__Polyketide__CDS__promoter,3349
cnv_depth__IBNLCO_04507__IBNLCO_04507__gene,4752
cnv_depth__IBNLCO_04508__prnC__gene__promoter,1685
cnv_depth__IBNLCO_04510__Major__CDS__promoter,242
cnv_depth__IBNLCO_04509__IBNLCO_04509__gene,242
cnv_depth__IBNLCO_04509__hypothetical__CDS__promoter,1283
cnv_depth__IBNLCO_04510__IBNLCO_04510__gene,3925
cnv_depth__IBNLCO_04511__Voltage-gated__CDS,2537
cnv_depth__IBNLCO_04511__IBNLCO_04511__gene__promoter,1972
cnv_depth__IBNLCO_04512__IBNLCO_04512__gene,4687
cnv_depth__IBNLCO_04512__Winged__CDS__promoter,2162
cnv_depth__IBNLCO_04513__HPP__CDS,4024
cnv_depth__IBNLCO_04513__HPP__CDS__promoter,2034
cnv_depth__IBNLCO_04514__LysR__CDS__promoter,3938
cnv_depth__IBNLCO_04514__LysR__CDS,3042
cnv_depth__IBNLCO_04515__Ca2+:H+__CDS,2132
cnv_depth__IBNLCO_04515__IBNLCO_04515__gene__promoter,3868
cnv_depth__IBNLCO_04516__IBNLCO_04516__gene__promoter,1229
cnv_depth__IBNLCO_04516__IBNLCO_04516__gene,3012
cnv_depth__IBNLCO_04517__IBNLCO_04517__gene,1902
cnv_depth__IBNLCO_04517__IBNLCO_04517__gene__promoter,3444
cnv_depth__IBNLCO_04518__IBNLCO_04518__gene,4556
cnv_depth__IBNLCO_04518__IBNLCO_04518__gene__promoter,7654
cnv_depth__IBNLCO_04519__Helix-turn-helix__CDS,7966
cnv_depth__IBNLCO_04519__IBNLCO_04519__gene__promoter,2146
cnv_depth__IBNLCO_04520__hypothetical__CDS__promoter,1631
cnv_depth__IBNLCO_04521__RNA__CDS__promoter,626
cnv_depth__IBNLCO_04520__IBNLCO_04520__gene,626
cnv_depth__IBNLCO_04521__IBNLCO_04521__gene,2357
cnv_depth__IBNLCO_04522__IBNLCO_04522__gene__promoter,1234
cnv_depth__IBNLCO_04522__Anti-sigma__CDS,1678
cnv_depth__IBNLCO_04523__hypothetical__CDS__promoter,1797
cnv_depth__IBNLCO_04523__IBNLCO_04523__gene,2457
cnv_depth__IBNLCO_04524__IBNLCO_04524__gene__promoter,4830
cnv_depth__IBNLCO_04524__Lipoprotein__CDS,3700
cnv_depth__IBNLCO_04525__gnl|Bakta|IBNLCO_04525__CDS__promoter,2109
cnv_depth__IBNLCO_04525__gnl|Bakta|IBNLCO_04525__CDS,13
cnv_depth__IBNLCO_04526__Iron__CDS__promoter,13
cnv_depth__IBNLCO_04526__Iron__CDS,4439
cnv_depth__IBNLCO_04527__Ferrichrome__CDS__promoter,1647
cnv_depth__IBNLCO_04527__Ferrichrome__CDS,1973
cnv_depth__IBNLCO_04528__Branched-chain__CDS,4131
cnv_depth__IBNLCO_04529__Branched-chain__CDS,3022
cnv_depth__IBNLCO_04528__Branched-chain__CDS__promoter,2815
cnv_depth__IBNLCO_04530__Ribose__CDS,2427
cnv_depth__IBNLCO_04529__Branched-chain__CDS__promoter,4612
cnv_depth__IBNLCO_04531__Autoinducer__CDS,1778
cnv_depth__IBNLCO_04530__Ribose__CDS__promoter,1160
cnv_depth__IBNLCO_04531__luxP__gene__promoter,1879
cnv_depth__IBNLCO_04532__IBNLCO_04532__gene__promoter,2227
cnv_depth__IBNLCO_04532__IBNLCO_04532__gene,7173
cnv_depth__IBNLCO_04533__IBNLCO_04533__gene,4335
cnv_depth__IBNLCO_04533__hypothetical__CDS__promoter,4029
cnv_depth__IBNLCO_04534__Dibenzothiophene__CDS,3391
cnv_depth__IBNLCO_04534__Dibenzothiophene__CDS__promoter,4099
cnv_depth__IBNLCO_04535__ywtG__gene,2962
cnv_depth__IBNLCO_04535__Metabolite__CDS__promoter,1493
cnv_depth__IBNLCO_04536__gnl|Bakta|IBNLCO_04536__CDS,6246
cnv_depth__IBNLCO_04536__IBNLCO_04536__gene__promoter,4730
cnv_depth__IBNLCO_04537__IBNLCO_04537__gene__promoter,4853
cnv_depth__IBNLCO_04537__IBNLCO_04537__gene,4578
cnv_depth__IBNLCO_04538__tnp__gene,4414
cnv_depth__IBNLCO_04538__IS5__CDS__promoter,4568
cnv_depth__IBNLCO_04539__irlS__gene,5538
cnv_depth__IBNLCO_04540__irlR__gene,2657
cnv_depth__IBNLCO_04539__heavy__CDS__promoter,3940
cnv_depth__IBNLCO_04540__heavy__CDS__promoter,4056
cnv_depth__IBNLCO_04541__Cobalt-zinc-cadmium__CDS__promoter,4641
cnv_depth__IBNLCO_04542__IBNLCO_04542__gene,4262
cnv_depth__IBNLCO_04542__Efflux__CDS__promoter,2471
cnv_depth__IBNLCO_04543__IBNLCO_04543__gene,2736
cnv_depth__IBNLCO_04544__IS5__CDS__promoter,429
cnv_depth__IBNLCO_04543__hypothetical__CDS__promoter,429
cnv_depth__IBNLCO_04544__tnp__gene,4698
cnv_depth__IBNLCO_04545__IBNLCO_04545__gene,4512
cnv_depth__IBNLCO_04545__hypothetical__CDS__promoter,5673
cnv_depth__IBNLCO_04546__IBNLCO_04546__gene,4333
cnv_depth__IBNLCO_04546__hypothetical__CDS__promoter,1262
cnv_depth__IBNLCO_04547__IBNLCO_04547__gene,9452
cnv_depth__IBNLCO_04547__hypothetical__CDS__promoter,4451
cnv_depth__IBNLCO_04548__IBNLCO_04548__gene,9130
cnv_depth__IBNLCO_04548__Adenosine__CDS__promoter,3525
cnv_depth__IBNLCO_04549__YbaK/aminoacyl-tRNA__CDS__promoter,3118
cnv_depth__IBNLCO_04549__YbaK/aminoacyl-tRNA__CDS,4041
cnv_depth__IBNLCO_04550__IBNLCO_04550__gene,2610
cnv_depth__IBNLCO_04550__IBNLCO_04550__gene__promoter,2086
cnv_depth__IBNLCO_04551__IBNLCO_04551__gene,2985
cnv_depth__IBNLCO_04551__IBNLCO_04551__gene__promoter,1901
cnv_depth__IBNLCO_04552__DNA-binding__CDS,7690
cnv_depth__IBNLCO_04552__IBNLCO_04552__gene__promoter,2343
cnv_depth__IBNLCO_04553__IBNLCO_04553__gene,2172
cnv_depth__IBNLCO_04553__IBNLCO_04553__gene__promoter,3712
cnv_depth__IBNLCO_04554__IBNLCO_04554__gene__promoter,3519
cnv_depth__IBNLCO_04554__IBNLCO_04554__gene,2319
cnv_depth__IBNLCO_04555__IBNLCO_04555__gene__promoter,4831
cnv_depth__IBNLCO_04555__DUF2760__CDS,9162
cnv_depth__IBNLCO_04556__IBNLCO_04556__gene__promoter,3255
cnv_depth__IBNLCO_04556__DnaK-related__CDS,2423
cnv_depth__IBNLCO_04557__Molecular__CDS__promoter,4684
cnv_depth__IBNLCO_04557__Molecular__CDS,36
cnv_depth__IBNLCO_04558__Polyglutamate__CDS,4482
cnv_depth__IBNLCO_04558__IBNLCO_04558__gene__promoter,1130
cnv_depth__IBNLCO_04559__IBNLCO_04559__gene,3124
cnv_depth__IBNLCO_04559__Magnesium__CDS__promoter,3318
cnv_depth__IBNLCO_04560__Transmembrane__CDS,4191
cnv_depth__IBNLCO_04560__Transmembrane__CDS__promoter,6029
cnv_depth__IBNLCO_04561__Cation-translocating__CDS,1191
cnv_depth__IBNLCO_04561__IBNLCO_04561__gene__promoter,3162
cnv_depth__IBNLCO_04562__Carboxypeptidase__CDS,2200
cnv_depth__IBNLCO_04562__Carboxypeptidase__CDS__promoter,6154
cnv_depth__IBNLCO_04563__IBNLCO_04563__gene__promoter,2842
cnv_depth__IBNLCO_04563__Methyltransferase__CDS,2195
cnv_depth__IBNLCO_04564__Thiamine__CDS,1695
cnv_depth__IBNLCO_04564__Thiamine__CDS__promoter,4491
cnv_depth__IBNLCO_04565__Bifunctional__CDS,3499
cnv_depth__IBNLCO_04565__Bifunctional__CDS__promoter,4713
cnv_depth__IBNLCO_04566__N-demethylindolmycin__CDS,5584
cnv_depth__IBNLCO_04566__N-demethylindolmycin__CDS__promoter,3056
cnv_depth__IBNLCO_04567__Thymidylate__CDS,3984
cnv_depth__IBNLCO_04567__Thymidylate__CDS__promoter,4725
cnv_depth__IBNLCO_04568__Nucleoside__CDS,2229
cnv_depth__IBNLCO_04569__IBNLCO_04569__gene,4448
cnv_depth__IBNLCO_04568__IBNLCO_04568__gene__promoter,2085
cnv_depth__IBNLCO_04569__hypothetical__CDS__promoter,6290
cnv_depth__IBNLCO_04570__IBNLCO_04570__gene__promoter,4413
cnv_depth__IBNLCO_04570__Phosphoethanolamine__CDS,4735
cnv_depth__IBNLCO_04571__IBNLCO_04571__gene__promoter,2661
cnv_depth__IBNLCO_04571__IBNLCO_04571__gene,3045
cnv_depth__IBNLCO_04572__eamA__gene,4605
cnv_depth__IBNLCO_04572__eamA__gene__promoter,75
cnv_depth__unknown__unknown__regulatory.17,75
cnv_depth__IBNLCO_04573__Arginine-ornithine__CDS__promoter,4363
cnv_depth__IBNLCO_04573__Arginine-ornithine__CDS,3306
cnv_depth__IBNLCO_04574__hypothetical__CDS__promoter,1964
cnv_depth__IBNLCO_04574__IBNLCO_04574__gene,4018
cnv_depth__IBNLCO_04575__ftsH__gene,6994
cnv_depth__IBNLCO_04575__ATP-dependent__CDS__promoter,2358
cnv_depth__IBNLCO_04576__Glutamyl-tRNA__CDS,2994
cnv_depth__IBNLCO_04576__Glutamyl-tRNA__CDS__promoter,1732
cnv_depth__IBNLCO_04577__Uncharacterized__CDS__promoter,2627
cnv_depth__IBNLCO_04577__Uncharacterized__CDS,4364
cnv_depth__IBNLCO_04578__IBNLCO_04578__gene,3260
cnv_depth__IBNLCO_04579__IBNLCO_04579__gene__promoter,2408
cnv_depth__IBNLCO_04578__IBNLCO_04578__gene__promoter,1605
cnv_depth__IBNLCO_04579__Efflux__CDS,3794
cnv_depth__IBNLCO_04580__IBNLCO_04580__gene__promoter,3080
cnv_depth__IBNLCO_04581__RND__CDS__promoter,1422
cnv_depth__IBNLCO_04581__RND__CDS,2487
cnv_depth__IBNLCO_04582__IBNLCO_04582__gene__promoter,2732
cnv_depth__IBNLCO_04582__IBNLCO_04582__gene,3750
cnv_depth__IBNLCO_04583__IBNLCO_04583__gene__promoter,5548
cnv_depth__IBNLCO_04584__IBNLCO_04584__gene__promoter,3704
cnv_depth__IBNLCO_04584__1%2C6-didemethyltoxoflavin__CDS,3542
cnv_depth__IBNLCO_04585__IBNLCO_04585__gene__promoter,1858
cnv_depth__IBNLCO_04585__IBNLCO_04585__gene,2219
cnv_depth__IBNLCO_04586__ribD__gene__promoter,1861
cnv_depth__IBNLCO_04586__Riboflavin__CDS,4494
cnv_depth__IBNLCO_04587__IBNLCO_04587__gene__promoter,2222
cnv_depth__IBNLCO_04588__IBNLCO_04588__gene__promoter,7011
cnv_depth__IBNLCO_04588__IBNLCO_04588__gene,4580
cnv_depth__IBNLCO_04589__IBNLCO_04589__gene__promoter,2249
cnv_depth__IBNLCO_04589__IBNLCO_04589__gene,3053
cnv_depth__IBNLCO_04590__DUF2165__CDS__promoter,702
cnv_depth__IBNLCO_04590__DUF2165__CDS,4552
cnv_depth__IBNLCO_04591__hypothetical__CDS__promoter,2187
cnv_depth__IBNLCO_04591__hypothetical__CDS,5545
cnv_depth__IBNLCO_04592__LuxR__CDS,2147
cnv_depth__IBNLCO_04592__luxR__gene__promoter,3623
cnv_depth__IBNLCO_04593__IBNLCO_04593__gene,1482
cnv_depth__IBNLCO_04593__SnoaL-like__CDS__promoter,2350
cnv_depth__IBNLCO_04595__padR__gene__promoter,35
cnv_depth__IBNLCO_04594__IBNLCO_04594__gene__promoter,35
cnv_depth__IBNLCO_04595__padR__gene,1310
cnv_depth__IBNLCO_04596__IBNLCO_04596__gene__promoter,667
cnv_depth__IBNLCO_04596__IBNLCO_04596__gene,1328
cnv_depth__IBNLCO_04597__IBNLCO_04597__gene__promoter,4161
cnv_depth__IBNLCO_04597__IBNLCO_04597__gene,2775
cnv_depth__IBNLCO_04598__Membrane__CDS__promoter,4755
cnv_depth__IBNLCO_04598__IBNLCO_04598__gene,1391
cnv_depth__IBNLCO_04599__IBNLCO_04599__gene,4827
cnv_depth__IBNLCO_04599__Formylmethanofuran__CDS__promoter,1359
cnv_depth__IBNLCO_04600__IBNLCO_04600__gene,4513
cnv_depth__IBNLCO_04600__DUF2249__CDS__promoter,2835
cnv_depth__IBNLCO_04601__IBNLCO_04601__gene__promoter,8328
cnv_depth__IBNLCO_04601__IBNLCO_04601__gene,1578
cnv_depth__IBNLCO_04602__N-acetyltransferase__CDS,2707
cnv_depth__IBNLCO_04602__IBNLCO_04602__gene__promoter,3420
cnv_depth__IBNLCO_04603__IBNLCO_04603__gene,1939
cnv_depth__IBNLCO_04604__hypothetical__CDS,1950
cnv_depth__IBNLCO_04603__IBNLCO_04603__gene__promoter,1978
cnv_depth__IBNLCO_04604__IBNLCO_04604__gene__promoter,3170
cnv_depth__IBNLCO_04606__IBNLCO_04606__gene,3836
cnv_depth__IBNLCO_04605__IBNLCO_04605__gene__promoter,4366
cnv_depth__IBNLCO_04606__Hydrogenase-4__CDS__promoter,7132
cnv_depth__IBNLCO_04607__Formate__CDS,2991
cnv_depth__IBNLCO_04607__Formate__CDS__promoter,4672
cnv_depth__IBNLCO_04608__Formate__CDS__promoter,1699
cnv_depth__IBNLCO_04609__DUF1275__CDS__promoter,9552
cnv_depth__IBNLCO_04610__Alkyl__CDS__promoter,4013
cnv_depth__IBNLCO_04611__Phosphocarrier__CDS__promoter,1231
cnv_depth__IBNLCO_04611__Phosphocarrier__CDS,9520
cnv_depth__IBNLCO_04612__PABS__CDS__promoter,4104
cnv_depth__IBNLCO_04612__PABS__CDS,4146
cnv_depth__IBNLCO_04613__copG__gene__promoter,1325
cnv_depth__IBNLCO_04613__copG__gene,197
cnv_depth__IBNLCO_04614__hypothetical__CDS__promoter,197
cnv_depth__IBNLCO_04614__hypothetical__CDS,4246
cnv_depth__IBNLCO_04615__Major__CDS,4080
cnv_depth__IBNLCO_04615__IBNLCO_04615__gene__promoter,2978
cnv_depth__IBNLCO_04616__IBNLCO_04616__gene,3387
cnv_depth__IBNLCO_04616__peptidylprolyl__CDS__promoter,3268
cnv_depth__IBNLCO_04617__IBNLCO_04617__gene__promoter,2646
cnv_depth__IBNLCO_04618__IBNLCO_04618__gene,1708
cnv_depth__IBNLCO_04619__Nitrate__CDS,3304
cnv_depth__IBNLCO_04618__Nitrate__CDS__promoter,3493
cnv_depth__IBNLCO_04619__Nitrate__CDS__promoter,1920
cnv_depth__IBNLCO_04620__nitrate__CDS__promoter,2875
cnv_depth__IBNLCO_04621__Oxygen__CDS__promoter,3089
cnv_depth__IBNLCO_04622__Response__CDS__promoter,8874
cnv_depth__IBNLCO_04622__Response__CDS,2341
cnv_depth__IBNLCO_04623__DNA-binding__CDS__promoter,4762
cnv_depth__IBNLCO_04623__IBNLCO_04623__gene,4492
cnv_depth__IBNLCO_04624__IBNLCO_04624__gene__promoter,6010
cnv_depth__IBNLCO_04625__Putative__CDS__promoter,2669
cnv_depth__IBNLCO_04626__IBNLCO_04626__gene__promoter,2735
cnv_depth__IBNLCO_04626__IBNLCO_04626__gene,4626
cnv_depth__IBNLCO_04627__Major__CDS,2677
cnv_depth__IBNLCO_04627__IBNLCO_04627__gene__promoter,2418
cnv_depth__IBNLCO_04628__IBNLCO_04628__gene,6262
cnv_depth__IBNLCO_04629__IBNLCO_04629__gene,3682
cnv_depth__IBNLCO_04628__IBNLCO_04628__gene__promoter,1634
cnv_depth__IBNLCO_04629__Acetyltransferase__CDS__promoter,3017
cnv_depth__IBNLCO_04630__Metallo-beta-lactamase__CDS__promoter,1746
cnv_depth__IBNLCO_04631__IBNLCO_04631__gene,3586
cnv_depth__IBNLCO_04631__IBNLCO_04631__gene__promoter,6560
cnv_depth__IBNLCO_04632__IBNLCO_04632__gene__promoter,3197
cnv_depth__IBNLCO_04633__IBNLCO_04633__gene__promoter,5446
cnv_depth__IBNLCO_04634__jamP__gene__promoter,1469
cnv_depth__IBNLCO_04635__IBNLCO_04635__gene,4564
cnv_depth__IBNLCO_04636__IBNLCO_04636__gene__promoter,497
cnv_depth__IBNLCO_04635__IBNLCO_04635__gene__promoter,497
cnv_depth__IBNLCO_04636__IBNLCO_04636__gene,3844
cnv_depth__IBNLCO_04637__IBNLCO_04637__gene__promoter,1838
cnv_depth__IBNLCO_04638__N-acyl-homoserine__CDS__promoter,1587
cnv_depth__IBNLCO_04637__hypothetical__CDS,1587
cnv_depth__IBNLCO_04638__N-acyl-homoserine__CDS,1299
cnv_depth__IBNLCO_04639__Serine__CDS,2993
cnv_depth__IBNLCO_04639__IBNLCO_04639__gene__promoter,3247
cnv_depth__IBNLCO_04640__IBNLCO_04640__gene,2057
cnv_depth__IBNLCO_04640__IBNLCO_04640__gene__promoter,2929
cnv_depth__IBNLCO_04641__DUF4902__CDS__promoter,3015
cnv_depth__IBNLCO_04641__IBNLCO_04641__gene,1242
cnv_depth__IBNLCO_04642__IBNLCO_04642__gene__promoter,2159
cnv_depth__IBNLCO_04642__IBNLCO_04642__gene,3561
cnv_depth__IBNLCO_04643__Linear__CDS__promoter,2507
cnv_depth__IBNLCO_04643__Linear__CDS,4198
cnv_depth__IBNLCO_04644__IBNLCO_04644__gene__promoter,4212
cnv_depth__IBNLCO_04644__Phosphopantetheine-containing__CDS,4514
cnv_depth__IBNLCO_04645__IBNLCO_04645__gene__promoter,2398
cnv_depth__IBNLCO_04646__IBNLCO_04646__gene__promoter,1433
cnv_depth__IBNLCO_04646__Acyl__CDS,3169
cnv_depth__IBNLCO_04647__hypothetical__CDS__promoter,1421
cnv_depth__IBNLCO_04647__hypothetical__CDS,1355
cnv_depth__IBNLCO_04648__Alpha/beta__CDS__promoter,3987
cnv_depth__IBNLCO_04648__IBNLCO_04648__gene,1329
cnv_depth__IBNLCO_04649__IBNLCO_04649__gene,1866
cnv_depth__IBNLCO_04650__IBNLCO_04650__gene,2362
cnv_depth__IBNLCO_04649__Phosphopantetheine__CDS__promoter,2303
cnv_depth__IBNLCO_04651__IBNLCO_04651__gene,4686
cnv_depth__IBNLCO_04650__Fatty__CDS__promoter,2020
cnv_depth__IBNLCO_04651__gnl|Bakta|IBNLCO_04651__CDS__promoter,896
cnv_depth__IBNLCO_04652__IBNLCO_04652__gene,1754
cnv_depth__IBNLCO_04653__IBNLCO_04653__gene,2256
cnv_depth__IBNLCO_04652__1-aminocyclopropane-1-carboxylate__CDS__promoter,3647
cnv_depth__IBNLCO_04654__Nonribosomal__CDS,66
cnv_depth__IBNLCO_04653__hypothetical__CDS__promoter,3038
cnv_depth__IBNLCO_04654__Nonribosomal__CDS__promoter,1958
cnv_depth__IBNLCO_04655__IBNLCO_04655__gene,66
cnv_depth__IBNLCO_04656__TauD/TfdA-like__CDS,9590
cnv_depth__IBNLCO_04655__Syringopeptin__CDS__promoter,3281
cnv_depth__IBNLCO_04656__TauD/TfdA-like__CDS__promoter,3859
cnv_depth__IBNLCO_04657__Polyketide__CDS,66
cnv_depth__IBNLCO_04657__Polyketide__CDS__promoter,1518
cnv_depth__IBNLCO_04658__Exported__CDS,1492
cnv_depth__IBNLCO_04658__Exported__CDS__promoter,4016
cnv_depth__IBNLCO_04659__hypothetical__CDS,7770
cnv_depth__IBNLCO_04659__IBNLCO_04659__gene__promoter,1784
cnv_depth__IBNLCO_04660__gabR__gene__promoter,1483
cnv_depth__IBNLCO_04660__gabR__gene,3959
cnv_depth__IBNLCO_04661__Carboxymuconolactone__CDS__promoter,3780
cnv_depth__IBNLCO_04661__Carboxymuconolactone__CDS,1050
cnv_depth__IBNLCO_04662__IBNLCO_04662__gene__promoter,1896
cnv_depth__IBNLCO_04662__Cupin__CDS,1579
cnv_depth__IBNLCO_04663__Entericidin__CDS,1250
cnv_depth__IBNLCO_04663__IBNLCO_04663__gene__promoter,4541
cnv_depth__IBNLCO_04664__IBNLCO_04664__gene__promoter,2310
cnv_depth__IBNLCO_04664__IBNLCO_04664__gene,1524
cnv_depth__IBNLCO_04665__bfrD__gene__promoter,5839
cnv_depth__IBNLCO_04665__bfrD__gene,2043
cnv_depth__IBNLCO_04666__Beta-lactamase__CDS__promoter,4719
cnv_depth__IBNLCO_04666__hcpA__gene,2100
cnv_depth__IBNLCO_04667__PKHD-type__CDS__promoter,3198
cnv_depth__IBNLCO_04667__IBNLCO_04667__gene,4534
cnv_depth__IBNLCO_04668__Mutator__CDS,7386
cnv_depth__IBNLCO_04668__Mutator__CDS__promoter,4215
cnv_depth__IBNLCO_04669__Mobile__CDS,2344
cnv_depth__IBNLCO_04669__Mobile__CDS__promoter,3792
cnv_depth__IBNLCO_04670__PAAR__CDS,3004
cnv_depth__IBNLCO_04670__PAAR__CDS__promoter,1286
cnv_depth__IBNLCO_04671__DUF2875__CDS,1292
cnv_depth__IBNLCO_04671__IBNLCO_04671__gene__promoter,1937
cnv_depth__IBNLCO_04672__Antibacterial__CDS,900
cnv_depth__IBNLCO_04672__IBNLCO_04672__gene__promoter,5285
cnv_depth__IBNLCO_04673__Rhs__CDS,3360
cnv_depth__IBNLCO_04673__Rhs__CDS__promoter,3835
cnv_depth__IBNLCO_04674__Transcriptional__CDS__promoter,1007
cnv_depth__IBNLCO_04674__IBNLCO_04674__gene,272
cnv_depth__IBNLCO_04675__IBNLCO_04675__gene__promoter,3161
cnv_depth__IBNLCO_04675__IBNLCO_04675__gene,272
cnv_depth__IBNLCO_04676__hypothetical__CDS__promoter,3692
cnv_depth__IBNLCO_04676__hypothetical__CDS,1657
cnv_depth__IBNLCO_04677__IBNLCO_04677__gene,1434
cnv_depth__IBNLCO_04677__IBNLCO_04677__gene__promoter,4748
cnv_depth__IBNLCO_04678__IBNLCO_04678__gene__promoter,4049
cnv_depth__IBNLCO_04679__Peptidoglycan__CDS__promoter,3340
cnv_depth__IBNLCO_04679__Peptidoglycan__CDS,2163
cnv_depth__IBNLCO_04680__L-arabinose-binding__CDS__promoter,2145
cnv_depth__IBNLCO_04681__SDR__CDS__promoter,1281
cnv_depth__IBNLCO_04681__SDR__CDS,751
cnv_depth__IBNLCO_04682__IBNLCO_04682__gene,3935
cnv_depth__IBNLCO_04682__RCK__CDS__promoter,4788
cnv_depth__IBNLCO_04683__Metal-dependent__CDS__promoter,2144
cnv_depth__IBNLCO_04684__Cytochrome__CDS__promoter,3202
cnv_depth__IBNLCO_04685__Transmembrane__CDS__promoter,2313
cnv_depth__IBNLCO_04685__IBNLCO_04685__gene,1264
cnv_depth__IBNLCO_04686__IBNLCO_04686__gene__promoter,1437
cnv_depth__IBNLCO_04686__hypothetical__CDS,5513
cnv_depth__IBNLCO_04687__IBNLCO_04687__gene,3496
cnv_depth__IBNLCO_04687__IBNLCO_04687__gene__promoter,1081
cnv_depth__IBNLCO_04688__corA__gene,1236
cnv_depth__IBNLCO_04688__Magnesium__CDS__promoter,4777
cnv_depth__IBNLCO_04689__IBNLCO_04689__gene__promoter,3222
cnv_depth__IBNLCO_04689__IBNLCO_04689__gene,2008
cnv_depth__IBNLCO_04690__MFS__CDS__promoter,2247
cnv_depth__IBNLCO_04690__IBNLCO_04690__gene,30
cnv_depth__IBNLCO_04691__IBNLCO_04691__gene,3130
cnv_depth__IBNLCO_04691__IBNLCO_04691__gene__promoter,2434
cnv_depth__IBNLCO_04692__IBNLCO_04692__gene__promoter,1004
cnv_depth__IBNLCO_04692__IBNLCO_04692__gene,1000
cnv_depth__IBNLCO_04693__IBNLCO_04693__gene__promoter,4629
cnv_depth__IBNLCO_04693__IBNLCO_04693__gene,8292
cnv_depth__IBNLCO_04694__IBNLCO_04694__gene__promoter,6219
cnv_depth__IBNLCO_04694__IBNLCO_04694__gene,4317
cnv_depth__IBNLCO_04695__IBNLCO_04695__gene__promoter,1852
cnv_depth__IBNLCO_04695__D-xylulose__CDS,2589
cnv_depth__IBNLCO_04696__ugpC__gene__promoter,2192
cnv_depth__IBNLCO_04696__ugpC__gene,2565
cnv_depth__IBNLCO_04697__IBNLCO_04697__gene__promoter,2071
cnv_depth__IBNLCO_04697__hypothetical__CDS,2527
cnv_depth__IBNLCO_04698__Xylulose__CDS__promoter,1792
cnv_depth__IBNLCO_04698__Xylulose__CDS,4450
cnv_depth__IBNLCO_04699__Family__CDS__promoter,3043
cnv_depth__IBNLCO_04699__IBNLCO_04699__gene,4127
cnv_depth__IBNLCO_04700__ftsI__gene__promoter,2317
cnv_depth__IBNLCO_04700__ftsI__gene,1771
cnv_depth__IBNLCO_04701__hypothetical__CDS,5515
cnv_depth__IBNLCO_04702__IBNLCO_04702__gene,36
cnv_depth__IBNLCO_04701__hypothetical__CDS__promoter,3962
cnv_depth__IBNLCO_04702__IBNLCO_04702__gene__promoter,1124
cnv_depth__IBNLCO_04703__IBNLCO_04703__gene,1916
cnv_depth__IBNLCO_04703__IBNLCO_04703__gene__promoter,2613
cnv_depth__IBNLCO_04704__assimilatory__CDS__promoter,1859
cnv_depth__IBNLCO_04705__Nitrate/nitrite__CDS,3375
cnv_depth__IBNLCO_04705__Nitrate/nitrite__CDS__promoter,2161
cnv_depth__IBNLCO_04706__uroporphyrinogen-III__CDS__promoter,1840
cnv_depth__IBNLCO_04706__uroporphyrinogen-III__CDS,1999
cnv_depth__IBNLCO_04707__Histidine__CDS__promoter,4786
cnv_depth__IBNLCO_04707__Histidine__CDS,918
cnv_depth__IBNLCO_04708__Nitrate__CDS__promoter,2606
cnv_depth__IBNLCO_04708__Nitrate__CDS,1334
cnv_depth__IBNLCO_04709__GTP__CDS,2629
cnv_depth__IBNLCO_04709__GTP__CDS__promoter,2353
cnv_depth__IBNLCO_04710__hypothetical__CDS__promoter,8900
cnv_depth__IBNLCO_04710__hypothetical__CDS,138
cnv_depth__IBNLCO_04711__gnl|Bakta|IBNLCO_04711__CDS__promoter,4650
cnv_depth__IBNLCO_04711__gnl|Bakta|IBNLCO_04711__CDS,1780
cnv_depth__IBNLCO_04712__IBNLCO_04712__gene,6240
cnv_depth__IBNLCO_04712__Acetylpolyamine__CDS__promoter,4522
cnv_depth__IBNLCO_04713__N-carbamoyl-L-amino-acid__CDS,4097
cnv_depth__IBNLCO_04713__IBNLCO_04713__gene__promoter,2592
cnv_depth__IBNLCO_04715__IBNLCO_04715__gene__promoter,353
cnv_depth__IBNLCO_04714__Major__CDS__promoter,353
cnv_depth__IBNLCO_04715__HTH__CDS,3243
cnv_depth__IBNLCO_04716__hypothetical__CDS,3435
cnv_depth__IBNLCO_04716__hypothetical__CDS__promoter,1366
cnv_depth__IBNLCO_04717__IBNLCO_04717__gene,1971
cnv_depth__IBNLCO_04718__IBNLCO_04718__gene__promoter,4664
cnv_depth__IBNLCO_04717__IBNLCO_04717__gene__promoter,1753
cnv_depth__IBNLCO_04718__IBNLCO_04718__gene,1408
cnv_depth__IBNLCO_04719__IBNLCO_04719__gene,2346
cnv_depth__IBNLCO_04719__IBNLCO_04719__gene__promoter,3970
cnv_depth__IBNLCO_04720__IBNLCO_04720__gene__promoter,3415
cnv_depth__IBNLCO_04720__IBNLCO_04720__gene,1350
cnv_depth__IBNLCO_04721__NADPH-dependent__CDS,1194
cnv_depth__IBNLCO_04721__NADPH-dependent__CDS__promoter,1042
cnv_depth__IBNLCO_04722__NADP-dependent__CDS,3072
cnv_depth__IBNLCO_04722__yqhD__gene__promoter,1644
cnv_depth__IBNLCO_04723__hypothetical__CDS,4132
cnv_depth__IBNLCO_04723__IBNLCO_04723__gene__promoter,4859
cnv_depth__IBNLCO_04724__IBNLCO_04724__gene__promoter,1851
cnv_depth__IBNLCO_04724__gnl|Bakta|IBNLCO_04724__CDS,3912
cnv_depth__IBNLCO_04725__IBNLCO_04725__gene,1727
cnv_depth__IBNLCO_04725__IBNLCO_04725__gene__promoter,348
cnv_depth__IBNLCO_04726__IBNLCO_04726__gene__promoter,348
cnv_depth__IBNLCO_04726__IBNLCO_04726__gene,1669
cnv_depth__IBNLCO_04727__IBNLCO_04727__gene__promoter,2836
cnv_depth__IBNLCO_04727__IBNLCO_04727__gene,3511
cnv_depth__IBNLCO_04728__IBNLCO_04728__gene__promoter,4724
cnv_depth__IBNLCO_04728__IBNLCO_04728__gene,3741
cnv_depth__IBNLCO_04729__IBNLCO_04729__gene__promoter,7030
cnv_depth__IBNLCO_04729__IBNLCO_04729__gene,1910
cnv_depth__IBNLCO_04730__IBNLCO_04730__gene,2414
cnv_depth__IBNLCO_04730__IBNLCO_04730__gene__promoter,2420
cnv_depth__IBNLCO_04731__hypothetical__CDS,3347
cnv_depth__IBNLCO_04731__hypothetical__CDS__promoter,1412
cnv_depth__IBNLCO_04732__IBNLCO_04732__gene,4120
cnv_depth__IBNLCO_04732__IBNLCO_04732__gene__promoter,4630
cnv_depth__IBNLCO_04733__IBNLCO_04733__gene,297
cnv_depth__IBNLCO_04733__IBNLCO_04733__gene__promoter,3503
cnv_depth__IBNLCO_04734__IBNLCO_04734__gene,1600
cnv_depth__IBNLCO_04734__IBNLCO_04734__gene__promoter,2632
cnv_depth__IBNLCO_04735__IBNLCO_04735__gene,2664
cnv_depth__IBNLCO_04736__IBNLCO_04736__gene,4314
cnv_depth__IBNLCO_04735__Phosphopantetheine__CDS__promoter,6822
cnv_depth__IBNLCO_04736__Acyl-CoA__CDS__promoter,2056
cnv_depth__IBNLCO_04737__IBNLCO_04737__gene__promoter,3771
cnv_depth__IBNLCO_04738__IBNLCO_04738__gene__promoter,3772
cnv_depth__IBNLCO_04739__IBNLCO_04739__gene__promoter,2482
cnv_depth__IBNLCO_04739__IBNLCO_04739__gene,3047
cnv_depth__IBNLCO_04740__hypothetical__CDS,1315
cnv_depth__IBNLCO_04741__yigZ__gene__promoter,1745
cnv_depth__IBNLCO_04740__IBNLCO_04740__gene__promoter,4379
cnv_depth__IBNLCO_04741__YigZ__CDS,2004
cnv_depth__IBNLCO_04742__IBNLCO_04742__gene__promoter,3571
cnv_depth__IBNLCO_04742__hypothetical__CDS,2080
cnv_depth__IBNLCO_04743__hypothetical__CDS,4053
cnv_depth__IBNLCO_04743__IBNLCO_04743__gene__promoter,1968
cnv_depth__IBNLCO_04744__Putrescine__CDS,4226
cnv_depth__IBNLCO_04745__IBNLCO_04745__gene__promoter,1316
cnv_depth__IBNLCO_04744__IBNLCO_04744__gene__promoter,1218
cnv_depth__IBNLCO_04745__hypothetical__CDS,3549
cnv_depth__IBNLCO_04746__L-threonine__CDS,2467
cnv_depth__IBNLCO_04746__IBNLCO_04746__gene__promoter,180
cnv_depth__IBNLCO_04747__Pseudomonas__ncRNA,180
cnv_depth__IBNLCO_04747__P9__gene__promoter,2403
cnv_depth__IBNLCO_04748__gnl|Bakta|IBNLCO_04748__CDS__promoter,2911
cnv_depth__IBNLCO_04748__gnl|Bakta|IBNLCO_04748__CDS,1387
cnv_depth__IBNLCO_04749__IBNLCO_04749__gene,1514
cnv_depth__IBNLCO_04749__IBNLCO_04749__gene__promoter,8690
cnv_depth__IBNLCO_04750__IBNLCO_04750__gene,815
cnv_depth__IBNLCO_04750__hypothetical__CDS__promoter,898
cnv_depth__IBNLCO_04751__Colicin__CDS,1673
cnv_depth__IBNLCO_04751__Colicin__CDS__promoter,1610
cnv_depth__IBNLCO_04752__IBNLCO_04752__gene,1775
cnv_depth__IBNLCO_04753__Antibiotic__CDS,3620
cnv_depth__IBNLCO_04752__Lipid__CDS__promoter,7223
cnv_depth__IBNLCO_04753__Antibiotic__CDS__promoter,2099
cnv_depth__IBNLCO_04754__hypothetical__CDS,2038
cnv_depth__IBNLCO_04754__hypothetical__CDS__promoter,2859
cnv_depth__IBNLCO_04755__gnl|Bakta|IBNLCO_04755__CDS,1253
cnv_depth__IBNLCO_04755__gnl|Bakta|IBNLCO_04755__CDS__promoter,398
cnv_depth__IBNLCO_04756__Outer__CDS__promoter,398
cnv_depth__IBNLCO_04756__Outer__CDS,1430
cnv_depth__IBNLCO_04757__Glutathione__CDS__promoter,1791
cnv_depth__IBNLCO_04758__Membrane-bound__CDS__promoter,3122
cnv_depth__IBNLCO_04758__Membrane-bound__CDS,1440
cnv_depth__IBNLCO_04759__Membrane__CDS__promoter,3646
cnv_depth__IBNLCO_04759__IBNLCO_04759__gene,1260
cnv_depth__IBNLCO_04760__Putative__CDS__promoter,1491
cnv_depth__IBNLCO_04760__Putative__CDS,66
cnv_depth__IBNLCO_04761__IBNLCO_04761__gene__promoter,2388
cnv_depth__IBNLCO_04761__IBNLCO_04761__gene,2554
cnv_depth__IBNLCO_04762__IBNLCO_04762__gene__promoter,1693
cnv_depth__IBNLCO_04762__IBNLCO_04762__gene,2848
cnv_depth__IBNLCO_04763__YCII-related__CDS,3288
cnv_depth__IBNLCO_04763__YCII-related__CDS__promoter,4342
cnv_depth__IBNLCO_04764__3-deoxy-7-phosphoheptulonate__CDS__promoter,4230
cnv_depth__IBNLCO_04764__3-deoxy-7-phosphoheptulonate__CDS,3896
cnv_depth__IBNLCO_04765__hypothetical__CDS__promoter,3110
cnv_depth__IBNLCO_04765__hypothetical__CDS,3019
cnv_depth__IBNLCO_04766__IBNLCO_04766__gene,6524
cnv_depth__IBNLCO_04766__gnl|Bakta|IBNLCO_04766__CDS__promoter,1092
cnv_depth__IBNLCO_04767__diguanylate__CDS__promoter,3014
cnv_depth__IBNLCO_04768__hypothetical__CDS,3481
cnv_depth__IBNLCO_04768__IBNLCO_04768__gene__promoter,394
cnv_depth__IBNLCO_04769__DUF4365__CDS__promoter,394
cnv_depth__IBNLCO_04769__DUF4365__CDS,5844
cnv_depth__IBNLCO_04770__hypothetical__CDS__promoter,3084
cnv_depth__IBNLCO_04770__IBNLCO_04770__gene,3096
cnv_depth__IBNLCO_04771__argP__gene,6498
cnv_depth__IBNLCO_04772__Protocatechuate__CDS__promoter,4415
cnv_depth__IBNLCO_04771__argP__gene__promoter,3389
cnv_depth__IBNLCO_04772__IBNLCO_04772__gene,3726
cnv_depth__IBNLCO_04773__IBNLCO_04773__gene__promoter,1929
cnv_depth__IBNLCO_04773__Protocatechuate__CDS,4360
cnv_depth__IBNLCO_04774__gnl|Bakta|IBNLCO_04774__CDS,4245
cnv_depth__IBNLCO_04775__Beta-peptidyl__CDS,1933
cnv_depth__IBNLCO_04774__gnl|Bakta|IBNLCO_04774__CDS__promoter,1577
cnv_depth__IBNLCO_04775__Beta-peptidyl__CDS__promoter,3293
cnv_depth__IBNLCO_04776__Glutathione__CDS__promoter,1979
cnv_depth__IBNLCO_04777__gsiC__gene,935
cnv_depth__IBNLCO_04777__Glutathione__CDS__promoter,2150
cnv_depth__IBNLCO_04778__gsiB__gene__promoter,3033
cnv_depth__IBNLCO_04779__Glutathione__CDS,2908
cnv_depth__IBNLCO_04779__Glutathione__CDS__promoter,1235
cnv_depth__IBNLCO_04780__IBNLCO_04780__gene,1416
cnv_depth__IBNLCO_04781__HTH-type__CDS,4308
cnv_depth__IBNLCO_04780__gnl|Bakta|IBNLCO_04780__CDS__promoter,4696
cnv_depth__IBNLCO_04781__HTH-type__CDS__promoter,3983
cnv_depth__IBNLCO_04782__gnl|Bakta|IBNLCO_04782__CDS__promoter,3874
cnv_depth__IBNLCO_04782__IBNLCO_04782__gene,4417
cnv_depth__IBNLCO_04783__estB__gene,4637
cnv_depth__IBNLCO_04783__estB__gene__promoter,371
cnv_depth__IBNLCO_04784__IBNLCO_04784__gene__promoter,371
cnv_depth__IBNLCO_04784__IBNLCO_04784__gene,1716
cnv_depth__IBNLCO_04785__IBNLCO_04785__gene__promoter,3109
cnv_depth__IBNLCO_04785__Phosphoesterase__CDS,4316
cnv_depth__IBNLCO_04786__IBNLCO_04786__gene__promoter,3476
cnv_depth__IBNLCO_04786__IBNLCO_04786__gene,966
cnv_depth__IBNLCO_04787__IBNLCO_04787__gene,2680
cnv_depth__IBNLCO_04787__IBNLCO_04787__gene__promoter,3580
cnv_depth__IBNLCO_04788__IBNLCO_04788__gene,1038
cnv_depth__IBNLCO_04788__IBNLCO_04788__gene__promoter,1220
cnv_depth__IBNLCO_04789__eamA__gene,895
cnv_depth__IBNLCO_04790__IBNLCO_04790__gene,4712
cnv_depth__IBNLCO_04789__eamA__gene__promoter,8391
cnv_depth__IBNLCO_04790__Alanine--tRNA__CDS__promoter,1317
cnv_depth__IBNLCO_04791__D-lactate__CDS,4103
cnv_depth__IBNLCO_04791__IBNLCO_04791__gene__promoter,3526
cnv_depth__IBNLCO_04792__hypothetical__CDS,6654
cnv_depth__IBNLCO_04792__IBNLCO_04792__gene__promoter,1403
cnv_depth__IBNLCO_04793__IBNLCO_04793__gene__promoter,3341
cnv_depth__IBNLCO_04794__Methyltransferase__CDS__promoter,2523
cnv_depth__IBNLCO_04795__Putative__CDS__promoter,2699
cnv_depth__IBNLCO_04796__IBNLCO_04796__gene,2340
cnv_depth__IBNLCO_04796__IBNLCO_04796__gene__promoter,3942
cnv_depth__IBNLCO_04798__IBNLCO_04798__gene__promoter,1620
cnv_depth__IBNLCO_04797__1-aminocyclopropane-1-carboxylate__CDS__promoter,1620
cnv_depth__IBNLCO_04798__IBNLCO_04798__gene,2947
cnv_depth__IBNLCO_04799__hypothetical__CDS__promoter,2076
cnv_depth__IBNLCO_04799__IBNLCO_04799__gene,1282
cnv_depth__IBNLCO_04801__IBNLCO_04801__gene__promoter,255
cnv_depth__IBNLCO_04800__IBNLCO_04800__gene__promoter,255
cnv_depth__IBNLCO_04801__HTH__CDS,3485
cnv_depth__IBNLCO_04802__Major__CDS__promoter,1905
cnv_depth__IBNLCO_04802__IBNLCO_04802__gene,4344
cnv_depth__IBNLCO_04803__Amidohydrolase-related__CDS__promoter,2068
cnv_depth__IBNLCO_04803__IBNLCO_04803__gene,2166
cnv_depth__IBNLCO_04804__IBNLCO_04804__gene__promoter,772
cnv_depth__IBNLCO_04804__IBNLCO_04804__gene,1497
cnv_depth__IBNLCO_04805__IBNLCO_04805__gene__promoter,1268
cnv_depth__IBNLCO_04805__IBNLCO_04805__gene,1887
cnv_depth__IBNLCO_04806__IBNLCO_04806__gene__promoter,3739
cnv_depth__IBNLCO_04806__IBNLCO_04806__gene,2210
cnv_depth__IBNLCO_04807__IBNLCO_04807__gene,3164
cnv_depth__IBNLCO_04808__gnl|Bakta|IBNLCO_04808__CDS__promoter,3992
cnv_depth__IBNLCO_04807__IBNLCO_04807__gene__promoter,4188
cnv_depth__IBNLCO_04808__IBNLCO_04808__gene,3802
cnv_depth__IBNLCO_04809__IBNLCO_04809__gene__promoter,2285
cnv_depth__IBNLCO_04809__hypothetical__CDS,2182
cnv_depth__IBNLCO_04810__IBNLCO_04810__gene__promoter,4934
cnv_depth__IBNLCO_04811__YeeE/YedE__CDS,1823
cnv_depth__IBNLCO_04811__IBNLCO_04811__gene__promoter,2202
cnv_depth__IBNLCO_04812__gnl|Bakta|IBNLCO_04812__CDS,3872
cnv_depth__IBNLCO_04813__IBNLCO_04813__gene,2270
cnv_depth__IBNLCO_04812__gnl|Bakta|IBNLCO_04812__CDS__promoter,4190
cnv_depth__IBNLCO_04814__hypothetical__CDS__promoter,994
cnv_depth__IBNLCO_04813__hypothetical__CDS__promoter,994
cnv_depth__IBNLCO_04814__IBNLCO_04814__gene,1731
cnv_depth__IBNLCO_04815__IBNLCO_04815__gene__promoter,1495
cnv_depth__IBNLCO_04815__hypothetical__CDS,1501
cnv_depth__IBNLCO_04816__Cysteine__CDS__promoter,2731
cnv_depth__IBNLCO_04817__srpI__gene__promoter,2919
cnv_depth__IBNLCO_04818__hypothetical__CDS,1975
cnv_depth__IBNLCO_04819__IBNLCO_04819__gene,1874
cnv_depth__IBNLCO_04818__IBNLCO_04818__gene__promoter,2228
cnv_depth__IBNLCO_04819__serine__CDS__promoter,2536
cnv_depth__IBNLCO_04820__hypothetical__CDS,2893
cnv_depth__IBNLCO_04820__IBNLCO_04820__gene__promoter,2648
cnv_depth__IBNLCO_04821__IBNLCO_04821__gene__promoter,2055
cnv_depth__IBNLCO_04822__IBNLCO_04822__gene,620
cnv_depth__IBNLCO_04822__IBNLCO_04822__gene__promoter,3116
cnv_depth__IBNLCO_04823__IBNLCO_04823__gene,1728
cnv_depth__IBNLCO_04823__IBNLCO_04823__gene__promoter,4565
cnv_depth__IBNLCO_04824__IBNLCO_04824__gene,3127
cnv_depth__IBNLCO_04824__IBNLCO_04824__gene__promoter,865
cnv_depth__IBNLCO_04825__IBNLCO_04825__gene,454
cnv_depth__IBNLCO_04826__Rhamnosyltransferase__CDS,52
cnv_depth__IBNLCO_04825__IBNLCO_04825__gene__promoter,29
cnv_depth__IBNLCO_04826__IBNLCO_04826__gene__promoter,1082
cnv_depth__IBNLCO_04827__IBNLCO_04827__gene,3410
cnv_depth__IBNLCO_04827__IBNLCO_04827__gene__promoter,1953
cnv_depth__IBNLCO_04828__betI__gene__promoter,3302
cnv_depth__IBNLCO_04828__HTH-type__CDS,1276
cnv_depth__IBNLCO_04829__IBNLCO_04829__gene__promoter,1115
cnv_depth__IBNLCO_04829__IBNLCO_04829__gene,1677
cnv_depth__IBNLCO_04830__IBNLCO_04830__gene__promoter,2429
cnv_depth__IBNLCO_04830__IBNLCO_04830__gene,2871
cnv_depth__IBNLCO_04831__IBNLCO_04831__gene,3939
cnv_depth__IBNLCO_04831__IBNLCO_04831__gene__promoter,3218
cnv_depth__IBNLCO_04832__IBNLCO_04832__gene__promoter,1435
cnv_depth__IBNLCO_04833__IBNLCO_04833__gene__promoter,1484
cnv_depth__IBNLCO_04833__IBNLCO_04833__gene,3523
cnv_depth__IBNLCO_04835__IBNLCO_04835__gene,4642
cnv_depth__IBNLCO_04834__IBNLCO_04834__gene__promoter,2143
cnv_depth__IBNLCO_04835__IBNLCO_04835__gene__promoter,1331
cnv_depth__IBNLCO_04836__IBNLCO_04836__gene,3297
cnv_depth__IBNLCO_04836__IBNLCO_04836__gene__promoter,1691
cnv_depth__IBNLCO_04837__IBNLCO_04837__gene,2435
cnv_depth__IBNLCO_04837__gnl|Bakta|IBNLCO_04837__CDS__promoter,3431
cnv_depth__IBNLCO_04838__IBNLCO_04838__gene,2245
cnv_depth__IBNLCO_04838__IBNLCO_04838__gene__promoter,3949
cnv_depth__IBNLCO_04839__IBNLCO_04839__gene,1899
cnv_depth__IBNLCO_04839__hypothetical__CDS__promoter,2098
cnv_depth__IBNLCO_04840__DUF3761__CDS__promoter,3846
cnv_depth__IBNLCO_04840__IBNLCO_04840__gene,2517
cnv_depth__IBNLCO_04841__IBNLCO_04841__gene,1515
cnv_depth__IBNLCO_04841__hypothetical__CDS__promoter,3102
cnv_depth__IBNLCO_04842__IBNLCO_04842__gene,2916
cnv_depth__IBNLCO_04842__IBNLCO_04842__gene__promoter,1382
cnv_depth__IBNLCO_04843__IBNLCO_04843__gene,1682
cnv_depth__IBNLCO_04844__IBNLCO_04844__gene,4751
cnv_depth__IBNLCO_04843__IBNLCO_04843__gene__promoter,4101
cnv_depth__IBNLCO_04844__IBNLCO_04844__gene__promoter,2803
cnv_depth__IBNLCO_04846__IBNLCO_04846__gene,391
cnv_depth__IBNLCO_04845__IBNLCO_04845__gene__promoter,391
cnv_depth__IBNLCO_04846__Sarcosine__CDS__promoter,1829
cnv_depth__IBNLCO_04847__Sarcosine__CDS,1862
cnv_depth__IBNLCO_04847__Sarcosine__CDS__promoter,1225
cnv_depth__IBNLCO_04848__L-serine__CDS__promoter,2331
cnv_depth__IBNLCO_04849__cdhR__gene__promoter,2053
cnv_depth__IBNLCO_04849__cdhR__gene,2400
cnv_depth__IBNLCO_04850__Preprotein__CDS,4711
cnv_depth__IBNLCO_04850__secD__gene__promoter,7280
cnv_depth__IBNLCO_04851__IBNLCO_04851__gene,4339
cnv_depth__IBNLCO_04851__IBNLCO_04851__gene__promoter,3931
cnv_depth__IBNLCO_04852__Glutathione__CDS__promoter,2791
cnv_depth__IBNLCO_04853__IBNLCO_04853__gene,2768
cnv_depth__IBNLCO_04853__IBNLCO_04853__gene__promoter,1291
cnv_depth__IBNLCO_04854__IBNLCO_04854__gene,77
cnv_depth__IBNLCO_04854__Insertion__CDS__promoter,3
cnv_depth__IBNLCO_04855__hypothetical__CDS,4668
cnv_depth__IBNLCO_04855__hypothetical__CDS__promoter,3048
cnv_depth__IBNLCO_04856__IBNLCO_04856__gene,1407
cnv_depth__IBNLCO_04856__IBNLCO_04856__gene__promoter,1109
cnv_depth__IBNLCO_04857__IBNLCO_04857__gene,2957
cnv_depth__IBNLCO_04857__IBNLCO_04857__gene__promoter,316
cnv_depth__IBNLCO_04858__Protein__CDS__promoter,316
cnv_depth__IBNLCO_04858__mgtC__gene,2105
cnv_depth__IBNLCO_04859__IBNLCO_04859__gene__promoter,799
cnv_depth__IBNLCO_04859__IBNLCO_04859__gene,3971
cnv_depth__IBNLCO_04860__Cardiolipin__CDS__promoter,1200
cnv_depth__IBNLCO_04860__Cardiolipin__CDS,2170
cnv_depth__IBNLCO_04861__IBNLCO_04861__gene__promoter,4195
cnv_depth__IBNLCO_04861__IBNLCO_04861__gene,1712
cnv_depth__IBNLCO_04862__IBNLCO_04862__gene__promoter,4775
cnv_depth__IBNLCO_04862__hypothetical__CDS,1889
cnv_depth__IBNLCO_04863__peptidylprolyl__CDS,662
cnv_depth__IBNLCO_04863__IBNLCO_04863__gene__promoter,3754
cnv_depth__IBNLCO_04864__IBNLCO_04864__gene,7946
cnv_depth__IBNLCO_04864__Type__CDS__promoter,2059
cnv_depth__IBNLCO_04865__chbP__gene,4208
cnv_depth__IBNLCO_04865__type__CDS__promoter,3115
cnv_depth__IBNLCO_04866__IS5__CDS__promoter,1178
cnv_depth__IBNLCO_04866__IS5__CDS,1275
cnv_depth__IBNLCO_04867__ATP/GTP__CDS,2361
cnv_depth__IBNLCO_04867__IBNLCO_04867__gene__promoter,2364
cnv_depth__IBNLCO_04868__gnl|Bakta|IBNLCO_04868__CDS,2713
cnv_depth__IBNLCO_04868__gnl|Bakta|IBNLCO_04868__CDS__promoter,6518
cnv_depth__IBNLCO_04869__hypothetical__CDS,1342
cnv_depth__IBNLCO_04869__IBNLCO_04869__gene__promoter,2504
cnv_depth__IBNLCO_04870__hypothetical__CDS,4539
cnv_depth__IBNLCO_04870__hypothetical__CDS__promoter,1974
cnv_depth__IBNLCO_04871__hypothetical__CDS,4659
cnv_depth__IBNLCO_04872__hypothetical__CDS,2305
cnv_depth__IBNLCO_04871__hypothetical__CDS__promoter,1489
cnv_depth__IBNLCO_04872__hypothetical__CDS__promoter,1980
cnv_depth__IBNLCO_04873__gnl|Bakta|IBNLCO_04873__CDS,2326
cnv_depth__IBNLCO_04873__gnl|Bakta|IBNLCO_04873__CDS__promoter,932
cnv_depth__IBNLCO_04874__Flagellar__CDS,2333
cnv_depth__IBNLCO_04875__Type__CDS,2
cnv_depth__IBNLCO_04874__Flagellar__CDS__promoter,2
cnv_depth__IBNLCO_04876__IBNLCO_04876__gene,4678
cnv_depth__IBNLCO_04875__hrpB7__gene__promoter,3631
cnv_depth__IBNLCO_04877__IBNLCO_04877__gene,1456
cnv_depth__IBNLCO_04876__Type__CDS__promoter,4560
cnv_depth__IBNLCO_04878__IBNLCO_04878__gene,1969
cnv_depth__IBNLCO_04877__Type__CDS__promoter,9399
cnv_depth__IBNLCO_04878__hypothetical__CDS__promoter,4358
cnv_depth__IBNLCO_04879__gnl|Bakta|IBNLCO_04879__CDS,2271
cnv_depth__IBNLCO_04879__gnl|Bakta|IBNLCO_04879__CDS__promoter,279
cnv_depth__IBNLCO_04880__hrpB2__gene,279
cnv_depth__IBNLCO_04880__Type__CDS__promoter,4790
cnv_depth__IBNLCO_04881__hypothetical__CDS,6379
cnv_depth__IBNLCO_04881__hypothetical__CDS__promoter,275
cnv_depth__IBNLCO_04882__Secretion__CDS__promoter,275
cnv_depth__IBNLCO_04882__Secretion__CDS,4449
cnv_depth__IBNLCO_04883__Hypersensitivity__CDS__promoter,3412
cnv_depth__IBNLCO_04883__Hypersensitivity__CDS,2307
cnv_depth__IBNLCO_04884__hypothetical__CDS__promoter,9149
cnv_depth__IBNLCO_04884__hypothetical__CDS,187
cnv_depth__IBNLCO_04885__sctQ__gene__promoter,187
cnv_depth__IBNLCO_04885__gnl|Bakta|IBNLCO_04885__CDS,4023
cnv_depth__IBNLCO_04886__Hypersensitivity__CDS__promoter,3541
cnv_depth__IBNLCO_04886__Hypersensitivity__CDS,265
cnv_depth__IBNLCO_04887__Surface__CDS__promoter,265
cnv_depth__IBNLCO_04887__Surface__CDS,363
cnv_depth__IBNLCO_04888__Type__CDS__promoter,363
cnv_depth__IBNLCO_04888__Type__CDS,3954
cnv_depth__IBNLCO_04889__Secretion-associated__CDS__promoter,4261
cnv_depth__IBNLCO_04889__Secretion-associated__CDS,1100
cnv_depth__IBNLCO_04890__Type__CDS__promoter,1279
cnv_depth__IBNLCO_04890__Type__CDS,2103
cnv_depth__IBNLCO_04891__IBNLCO_04891__gene__promoter,1323
cnv_depth__IBNLCO_04891__hypothetical__CDS,1148
cnv_depth__IBNLCO_04892__Tir__CDS__promoter,3611
cnv_depth__IBNLCO_04892__Tir__CDS,3903
cnv_depth__IBNLCO_04893__Conserved__CDS__promoter,1987
cnv_depth__IBNLCO_04893__Conserved__CDS,3757
cnv_depth__IBNLCO_04894__Cupin__CDS,6224
cnv_depth__IBNLCO_04894__Cupin__CDS__promoter,3639
cnv_depth__IBNLCO_04895__gnl|Bakta|IBNLCO_04895__CDS,1700
cnv_depth__IBNLCO_04896__HTH__CDS__promoter,527
cnv_depth__IBNLCO_04895__gnl|Bakta|IBNLCO_04895__CDS__promoter,527
cnv_depth__IBNLCO_04896__HTH__CDS,6352
cnv_depth__IBNLCO_04897__L-threonate__CDS__promoter,1687
cnv_depth__IBNLCO_04897__L-threonate__CDS,1439
cnv_depth__IBNLCO_04898__3-oxo-tetronate__CDS__promoter,1415
cnv_depth__IBNLCO_04898__3-oxo-tetronate__CDS,3119
cnv_depth__IBNLCO_04899__IBNLCO_04899__gene__promoter,1831
cnv_depth__IBNLCO_04899__3-oxo-tetronate__CDS,8472
cnv_depth__IBNLCO_04900__Sugar__CDS__promoter,3785
cnv_depth__IBNLCO_04901__Hydroxypyruvate__CDS__promoter,2199
cnv_depth__IBNLCO_04902__D-erythronate__CDS__promoter,3459
cnv_depth__IBNLCO_04902__D-erythronate__CDS,985
cnv_depth__IBNLCO_04903__IBNLCO_04903__gene__promoter,1576
cnv_depth__IBNLCO_04903__Aspartyl/asparaginy/proline__CDS,1233
cnv_depth__IBNLCO_04904__Aspartyl/asparaginy/proline__CDS__promoter,3849
cnv_depth__IBNLCO_04905__Choline__CDS,3995
cnv_depth__IBNLCO_04905__IBNLCO_04905__gene__promoter,3565
cnv_depth__IBNLCO_04906__cdhR__gene__promoter,3826
cnv_depth__IBNLCO_04907__Glycine__CDS__promoter,2513
cnv_depth__IBNLCO_04908__IBNLCO_04908__gene__promoter,1313
cnv_depth__IBNLCO_04909__IBNLCO_04909__gene__promoter,1379
cnv_depth__IBNLCO_04909__NADPH-dependent__CDS,3248
cnv_depth__IBNLCO_04910__IBNLCO_04910__gene__promoter,7514
cnv_depth__IBNLCO_04910__Transcriptional__CDS,3107
cnv_depth__IBNLCO_04911__gnl|Bakta|IBNLCO_04911__CDS__promoter,2061
cnv_depth__IBNLCO_04912__ArsR__CDS__promoter,2181
cnv_depth__IBNLCO_04912__arsR__gene,2404
cnv_depth__IBNLCO_04913__VOC__CDS__promoter,1409
cnv_depth__IBNLCO_04914__IBNLCO_04914__gene__promoter,3451
cnv_depth__IBNLCO_04915__IBNLCO_04915__gene__promoter,1376
cnv_depth__IBNLCO_04915__Arsenical-resistance__CDS,1374
cnv_depth__IBNLCO_04916__Tash__CDS,3714
cnv_depth__IBNLCO_04916__Tash__CDS__promoter,1215
cnv_depth__IBNLCO_04917__IBNLCO_04917__gene,1554
cnv_depth__IBNLCO_04917__hypothetical__CDS__promoter,283
cnv_depth__IBNLCO_04918__IBNLCO_04918__gene,283
cnv_depth__IBNLCO_04918__hypothetical__CDS__promoter,2941
cnv_depth__IBNLCO_04919__gnl|Bakta|IBNLCO_04919__CDS__promoter,1844
cnv_depth__IBNLCO_04919__gnl|Bakta|IBNLCO_04919__CDS,2025
cnv_depth__IBNLCO_04920__Tetratricopeptide__CDS__promoter,6788
cnv_depth__IBNLCO_04920__Tetratricopeptide__CDS,4086
cnv_depth__IBNLCO_04921__IBNLCO_04921__gene__promoter,2269
cnv_depth__IBNLCO_04921__DUF2827__CDS,1880
cnv_depth__IBNLCO_04922__IBNLCO_04922__gene__promoter,2837
cnv_depth__IBNLCO_04922__IBNLCO_04922__gene,8186
cnv_depth__IBNLCO_04923__DUF2827__CDS,3740
cnv_depth__IBNLCO_04923__DUF2827__CDS__promoter,690
cnv_depth__IBNLCO_04924__Biotin__CDS__promoter,4152
cnv_depth__IBNLCO_04925__IBNLCO_04925__gene,5364
cnv_depth__IBNLCO_04925__Enoyl-CoA__CDS__promoter,6270
cnv_depth__IBNLCO_04926__IBNLCO_04926__gene__promoter,2447
cnv_depth__IBNLCO_04927__Isovaleryl-CoA__CDS__promoter,1023
cnv_depth__IBNLCO_04928__IBNLCO_04928__gene__promoter,1023
cnv_depth__IBNLCO_04928__HTH__CDS,1294
cnv_depth__IBNLCO_04929__IBNLCO_04929__gene__promoter,6432
cnv_depth__IBNLCO_04929__hypothetical__CDS,3756
cnv_depth__IBNLCO_04930__IBNLCO_04930__gene__promoter,1811
cnv_depth__IBNLCO_04931__hypothetical__CDS__promoter,831
cnv_depth__IBNLCO_04932__Carboxynorspermidine/carboxyspermidine__CDS__promoter,1199
cnv_depth__IBNLCO_04933__DUF3326__CDS__promoter,4776
cnv_depth__IBNLCO_04934__jmjC__gene__promoter,2976
cnv_depth__IBNLCO_04934__JmjC__CDS,2605
cnv_depth__IBNLCO_04935__IBNLCO_04935__gene__promoter,1826
cnv_depth__IBNLCO_04935__IBNLCO_04935__gene,6675
cnv_depth__IBNLCO_04936__DUF2891__CDS__promoter,3150
cnv_depth__IBNLCO_04936__IBNLCO_04936__gene,2295
cnv_depth__IBNLCO_04937__Inner__CDS,1459
cnv_depth__IBNLCO_04937__ydjE__gene__promoter,1805
cnv_depth__IBNLCO_04938__Putative__CDS,3928
cnv_depth__IBNLCO_04938__Putative__CDS__promoter,2097
cnv_depth__IBNLCO_04939__IBNLCO_04939__gene,4555
cnv_depth__IBNLCO_04939__histidine__CDS__promoter,2356
cnv_depth__IBNLCO_04940__Two__CDS,1674
cnv_depth__IBNLCO_04941__PepSY__CDS__promoter,311
cnv_depth__IBNLCO_04940__IBNLCO_04940__gene__promoter,311
cnv_depth__IBNLCO_04941__PepSY__CDS,1878
cnv_depth__IBNLCO_04942__Tat__CDS__promoter,1938
cnv_depth__IBNLCO_04942__IBNLCO_04942__gene,2426
cnv_depth__IBNLCO_04943__NADPH--hemoprotein__CDS__promoter,1893
cnv_depth__IBNLCO_04943__NADPH--hemoprotein__CDS,1704
cnv_depth__IBNLCO_04944__FAD:protein__CDS__promoter,1339
cnv_depth__IBNLCO_04944__IBNLCO_04944__gene,1650
cnv_depth__IBNLCO_04945__aldehyde__CDS,4240
cnv_depth__IBNLCO_04945__aldehyde__CDS__promoter,673
cnv_depth__IBNLCO_04946__IBNLCO_04946__gene,2236
cnv_depth__IBNLCO_04946__Aminotransferase__CDS__promoter,1885
cnv_depth__IBNLCO_04947__IBNLCO_04947__gene,893
cnv_depth__IBNLCO_04948__IBNLCO_04948__gene__promoter,185
cnv_depth__IBNLCO_04947__IBNLCO_04947__gene__promoter,185
cnv_depth__IBNLCO_04948__Glycine__CDS,1839
cnv_depth__IBNLCO_04949__IBNLCO_04949__gene__promoter,1305
cnv_depth__IBNLCO_04949__gnl|Bakta|IBNLCO_04949__CDS,2718
cnv_depth__IBNLCO_04950__IBNLCO_04950__gene__promoter,2007
cnv_depth__IBNLCO_04950__IBNLCO_04950__gene,1767
cnv_depth__IBNLCO_04951__nicS__gene__promoter,2136
cnv_depth__IBNLCO_04952__hypothetical__CDS,1652
cnv_depth__IBNLCO_04952__IBNLCO_04952__gene__promoter,3276
cnv_depth__IBNLCO_04953__IBNLCO_04953__gene,758
cnv_depth__IBNLCO_04953__IBNLCO_04953__gene__promoter,2841
cnv_depth__IBNLCO_04954__MFS__CDS,1404
cnv_depth__IBNLCO_04954__IBNLCO_04954__gene__promoter,2240
cnv_depth__IBNLCO_04955__uxuB__gene,3607
cnv_depth__IBNLCO_04956__IBNLCO_04956__gene__promoter,179
cnv_depth__IBNLCO_04955__uxuB__gene__promoter,179
cnv_depth__IBNLCO_04956__HTH__CDS,1703
cnv_depth__IBNLCO_04957__D-mannonate__CDS__promoter,1341
cnv_depth__IBNLCO_04957__D-mannonate__CDS,5798
cnv_depth__IBNLCO_04958__gnl|Bakta|IBNLCO_04958__CDS__promoter,3068
cnv_depth__IBNLCO_04959__IBNLCO_04959__gene__promoter,2903
cnv_depth__IBNLCO_04959__gnl|Bakta|IBNLCO_04959__CDS,3893
cnv_depth__IBNLCO_04960__EamA__CDS__promoter,5482
cnv_depth__IBNLCO_04960__eamA__gene,1526
cnv_depth__IBNLCO_04961__NH(3)-dependent__CDS__promoter,3117
cnv_depth__IBNLCO_04961__IBNLCO_04961__gene,2722
cnv_depth__IBNLCO_04962__hypothetical__CDS,1715
cnv_depth__IBNLCO_04962__hypothetical__CDS__promoter,1388
cnv_depth__IBNLCO_04963__UPF0261__CDS__promoter,2325
cnv_depth__IBNLCO_04964__IBNLCO_04964__gene__promoter,1358
cnv_depth__IBNLCO_04964__IBNLCO_04964__gene,2681
cnv_depth__IBNLCO_04965__IBNLCO_04965__gene__promoter,1857
cnv_depth__IBNLCO_04965__Polyketide__CDS,3282
cnv_depth__IBNLCO_04966__ncS54__gene__promoter,1527
cnv_depth__IBNLCO_04966__Burkholderia__ncRNA,1431
cnv_depth__IBNLCO_04967__IBNLCO_04967__gene,1190
cnv_depth__IBNLCO_04968__Copper-containing__CDS__promoter,1190
cnv_depth__IBNLCO_04967__IBNLCO_04967__gene__promoter,3904
cnv_depth__IBNLCO_04968__Copper-containing__CDS,1523
cnv_depth__IBNLCO_04969__Sulfatase-modifying__CDS__promoter,4660
cnv_depth__IBNLCO_04969__IBNLCO_04969__gene,1252
cnv_depth__IBNLCO_04970__IBNLCO_04970__gene__promoter,1322
cnv_depth__IBNLCO_04970__IBNLCO_04970__gene,693
cnv_depth__IBNLCO_04971__IBNLCO_04971__gene,1847
cnv_depth__IBNLCO_04971__hypothetical__CDS__promoter,3239
cnv_depth__IBNLCO_04972__N-acetylmuramoyl-L-alanine__CDS__promoter,4128
cnv_depth__IBNLCO_04973__Autotransporter__CDS__promoter,1505
cnv_depth__IBNLCO_04974__actin-based__CDS__promoter,7060
cnv_depth__IBNLCO_04974__actin-based__CDS,2027
cnv_depth__IBNLCO_04975__gnl|Bakta|IBNLCO_04975__CDS__promoter,1633
cnv_depth__IBNLCO_04975__IBNLCO_04975__gene,1785
cnv_depth__IBNLCO_04976__Type__CDS,1541
cnv_depth__IBNLCO_04976__Type__CDS__promoter,931
cnv_depth__IBNLCO_04978__sensor__CDS,2748
cnv_depth__IBNLCO_04977__response__CDS__promoter,1655
cnv_depth__IBNLCO_04978__virA__gene__promoter,10
cnv_depth__IBNLCO_04979__Type__CDS__promoter,10
cnv_depth__IBNLCO_04979__Type__CDS,4670
cnv_depth__IBNLCO_04980__Type__CDS__promoter,2238
cnv_depth__IBNLCO_04980__Type__CDS,1602
cnv_depth__IBNLCO_04981__type__CDS__promoter,2662
cnv_depth__IBNLCO_04981__type__CDS,919
cnv_depth__IBNLCO_04982__tssE__gene__promoter,2347
cnv_depth__IBNLCO_04983__Type__CDS__promoter,1648
cnv_depth__IBNLCO_04983__Type__CDS,912
cnv_depth__IBNLCO_04984__tssG__gene__promoter,1637
cnv_depth__IBNLCO_04984__Type__CDS,3644
cnv_depth__IBNLCO_04985__tssH-5__gene__promoter,1349
cnv_depth__IBNLCO_04985__tssH-5__gene,2206
cnv_depth__IBNLCO_04986__Type__CDS__promoter,1725
cnv_depth__IBNLCO_04987__tssF__gene__promoter,2798
cnv_depth__IBNLCO_04987__tssF__gene,4354
cnv_depth__IBNLCO_04988__type__CDS__promoter,1997
cnv_depth__IBNLCO_04988__IBNLCO_04988__gene,1963
cnv_depth__IBNLCO_04989__type__CDS__promoter,823
cnv_depth__IBNLCO_04989__IBNLCO_04989__gene,968
cnv_depth__IBNLCO_04990__type__CDS__promoter,4410
cnv_depth__IBNLCO_04990__tssI__gene,2380
cnv_depth__IBNLCO_04991__tssJ__gene__promoter,3016
cnv_depth__IBNLCO_04991__Type__CDS,1900
cnv_depth__IBNLCO_04992__Type__CDS__promoter,4079
cnv_depth__IBNLCO_04992__Type__CDS,2282
cnv_depth__IBNLCO_04993__type__CDS__promoter,3529
cnv_depth__IBNLCO_04993__tssL__gene,2312
cnv_depth__IBNLCO_04994__type__CDS__promoter,3568
cnv_depth__IBNLCO_04994__tssM-5__gene,3323
cnv_depth__IBNLCO_04995__IBNLCO_04995__gene__promoter,1271
cnv_depth__IBNLCO_04995__Ubiquitin-specific__CDS,1782
cnv_depth__IBNLCO_04996__IBNLCO_04996__gene__promoter,1104
cnv_depth__IBNLCO_04996__GTP__CDS,2394
cnv_depth__IBNLCO_04997__type__CDS,596
cnv_depth__IBNLCO_04997__type__CDS__promoter,73
cnv_depth__IBNLCO_04998__two-component__CDS,3028
cnv_depth__IBNLCO_04998__bprC__gene__promoter,2921
cnv_depth__IBNLCO_04999__bprD__gene,2239
cnv_depth__IBNLCO_04999__type__CDS__promoter,1721
cnv_depth__IBNLCO_05000__bprB__gene,1227
cnv_depth__IBNLCO_05000__bprB__gene__promoter,1705
cnv_depth__IBNLCO_05001__bicP__gene,1209
cnv_depth__IBNLCO_05001__gnl|Bakta|IBNLCO_05001__CDS__promoter,9657
cnv_depth__IBNLCO_05002__bopA__gene__promoter,1563
cnv_depth__IBNLCO_05003__type__CDS__promoter,2643
cnv_depth__IBNLCO_05003__bopE__gene,3284
cnv_depth__IBNLCO_05004__bapC__gene,8180
cnv_depth__IBNLCO_05005__bapB__gene,476
cnv_depth__IBNLCO_05004__bapC__gene__promoter,476
cnv_depth__IBNLCO_05006__type__CDS,3980
cnv_depth__IBNLCO_05005__bapB__gene__promoter,1561
cnv_depth__IBNLCO_05006__bapA__gene__promoter,4225
cnv_depth__IBNLCO_05007__SctA__CDS__promoter,1915
cnv_depth__IBNLCO_05008__HNS-like__CDS,3216
cnv_depth__IBNLCO_05008__HNS-like__CDS__promoter,1270
cnv_depth__IBNLCO_05009__IpaC/SipC__CDS__promoter,3643
cnv_depth__IBNLCO_05010__bipB__gene__promoter,2244
cnv_depth__IBNLCO_05011__bicA__gene,4453
cnv_depth__IBNLCO_05011__bicA__gene__promoter,1251
cnv_depth__IBNLCO_05012__bsaZ__gene,1659
cnv_depth__IBNLCO_05012__SctU__CDS__promoter,1013
cnv_depth__IBNLCO_05013__SctT__CDS,2173
cnv_depth__IBNLCO_05013__SctT__CDS__promoter,382
cnv_depth__IBNLCO_05014__bsaX__gene,382
cnv_depth__IBNLCO_05014__SctS__CDS__promoter,925
cnv_depth__IBNLCO_05015__spaP__gene,3230
cnv_depth__IBNLCO_05016__SctQ__CDS,4815
cnv_depth__IBNLCO_05015__spaP__gene__promoter,3981
cnv_depth__IBNLCO_05017__BsaU__CDS,2152
cnv_depth__IBNLCO_05016__bsaV__gene__promoter,3884
cnv_depth__IBNLCO_05018__type__CDS,2387
cnv_depth__IBNLCO_05017__BsaU__CDS__promoter,3165
cnv_depth__IBNLCO_05019__SctN__CDS,2251
cnv_depth__IBNLCO_05018__bsaT__gene__promoter,4012
cnv_depth__IBNLCO_05020__type__CDS,1989
cnv_depth__IBNLCO_05019__bsaS__gene__promoter,3514
cnv_depth__IBNLCO_05020__bsaR__gene__promoter,5814
cnv_depth__IBNLCO_05021__bsaQ__gene__promoter,2066
cnv_depth__IBNLCO_05022__bsaP__gene,1510
cnv_depth__IBNLCO_05022__bsaP__gene__promoter,1886
cnv_depth__IBNLCO_05023__SctC__CDS__promoter,1772
cnv_depth__IBNLCO_05024__IBNLCO_05024__gene__promoter,914
cnv_depth__IBNLCO_05025__Type__CDS__promoter,4315
cnv_depth__IBNLCO_05025__Type__CDS,3998
cnv_depth__IBNLCO_05026__type__CDS__promoter,3087
cnv_depth__IBNLCO_05026__type__CDS,2204
cnv_depth__IBNLCO_05027__bsaK__gene__promoter,1653
cnv_depth__IBNLCO_05027__type__CDS,74
cnv_depth__IBNLCO_05028__basJ__gene__promoter,74
cnv_depth__IBNLCO_05028__SctJ__CDS,3972
cnv_depth__IBNLCO_05029__Type__CDS__promoter,1834
cnv_depth__IBNLCO_05029__Type__CDS,2234
cnv_depth__IBNLCO_05030__SctL__CDS__promoter,1895
cnv_depth__IBNLCO_05030__SctL__CDS,2277
cnv_depth__IBNLCO_05031__IBNLCO_05031__gene__promoter,6949
cnv_depth__IBNLCO_05031__hypothetical__CDS,2385
cnv_depth__IBNLCO_05032__bprP__gene__promoter,3924
cnv_depth__IBNLCO_05032__bprP__gene,1646
cnv_depth__IBNLCO_05033__bprQ__gene__promoter,540
cnv_depth__IBNLCO_05033__bprQ__gene,3649
cnv_depth__IBNLCO_05034__Neutral__CDS__promoter,1786
cnv_depth__IBNLCO_05035__IBNLCO_05035__gene,1490
cnv_depth__IBNLCO_05036__VOC__CDS__promoter,1820
cnv_depth__IBNLCO_05035__Winged__CDS__promoter,1820
cnv_depth__IBNLCO_05036__IBNLCO_05036__gene,2428
cnv_depth__IBNLCO_05037__Putative__CDS__promoter,1476
cnv_depth__IBNLCO_05037__Putative__CDS,2332
cnv_depth__IBNLCO_05038__lysR__gene,4488
cnv_depth__IBNLCO_05039__L-lactate__CDS__promoter,1462
cnv_depth__IBNLCO_05038__lysR__gene__promoter,1470
cnv_depth__IBNLCO_05039__L-lactate__CDS,2608
cnv_depth__IBNLCO_05040__IBNLCO_05040__gene__promoter,2915
cnv_depth__IBNLCO_05041__PE-PGRS__CDS,1913
cnv_depth__IBNLCO_05041__IBNLCO_05041__gene__promoter,1612
cnv_depth__IBNLCO_05042__gnl|Bakta|IBNLCO_05042__CDS,2113
cnv_depth__IBNLCO_05042__gnl|Bakta|IBNLCO_05042__CDS__promoter,2769
cnv_depth__IBNLCO_05043__LysE__CDS,1542
cnv_depth__IBNLCO_05044__decR__gene__promoter,4754
cnv_depth__IBNLCO_05043__lysE__gene__promoter,1935
cnv_depth__IBNLCO_05045__hypothetical__CDS__promoter,1217
cnv_depth__IBNLCO_05045__IBNLCO_05045__gene,3367
cnv_depth__IBNLCO_05046__IBNLCO_05046__gene__promoter,3261
cnv_depth__IBNLCO_05047__Fe2OG__CDS__promoter,1672
cnv_depth__IBNLCO_05047__Fe2OG__CDS,1756
cnv_depth__IBNLCO_05048__Long-chain-fatty-acid-CoA__CDS__promoter,1552
cnv_depth__IBNLCO_05049__N-acyl-homoserine__CDS__promoter,2772
cnv_depth__IBNLCO_05049__N-acyl-homoserine__CDS,3393
cnv_depth__IBNLCO_05050__bspI3__gene__promoter,1228
cnv_depth__IBNLCO_05050__bspI3__gene,1213
cnv_depth__IBNLCO_05051__IBNLCO_05051__gene__promoter,1643
cnv_depth__IBNLCO_05052__Taurine__CDS,3300
cnv_depth__IBNLCO_05052__tauC__gene__promoter,849
cnv_depth__IBNLCO_05053__Taurine__CDS,7791
cnv_depth__IBNLCO_05053__tauB__gene__promoter,2425
cnv_depth__IBNLCO_05054__Taurine__CDS__promoter,2334
cnv_depth__IBNLCO_05055__Taurine__CDS__promoter,951
cnv_depth__IBNLCO_05056__bcsR__gene,1036
cnv_depth__IBNLCO_05056__Cellulose__CDS__promoter,707
cnv_depth__IBNLCO_05057__Cellulose__CDS__promoter,1411
cnv_depth__IBNLCO_05059__yhjQ__gene,2352
cnv_depth__IBNLCO_05058__IBNLCO_05058__gene__promoter,2900
cnv_depth__IBNLCO_05060__hypothetical__CDS,425
cnv_depth__IBNLCO_05059__Cellulose__CDS__promoter,425
cnv_depth__IBNLCO_05061__Cellulose__CDS,0
cnv_depth__IBNLCO_05060__IBNLCO_05060__gene__promoter,1660
cnv_depth__IBNLCO_05061__bcsE__gene__promoter,3894
cnv_depth__IBNLCO_05062__Cellulose__CDS,0
cnv_depth__IBNLCO_05063__gnl|Bakta|IBNLCO_05063__CDS,9386
cnv_depth__IBNLCO_05062__IBNLCO_05062__gene__promoter,4126
cnv_depth__IBNLCO_05063__IBNLCO_05063__gene__promoter,2047
cnv_depth__IBNLCO_05064__Cyclic__CDS,1824
cnv_depth__IBNLCO_05064__IBNLCO_05064__gene__promoter,592
cnv_depth__IBNLCO_05065__IBNLCO_05065__gene__promoter,592
cnv_depth__IBNLCO_05065__hypothetical__CDS,2116
cnv_depth__IBNLCO_05066__hipB__gene__promoter,1295
cnv_depth__IBNLCO_05066__hipB__gene,213
cnv_depth__IBNLCO_05067__Toxin__CDS__promoter,213
cnv_depth__IBNLCO_05067__hipA__gene,1162
cnv_depth__IBNLCO_05068__Transmembrane__CDS,2188
cnv_depth__IBNLCO_05068__Transmembrane__CDS__promoter,2494
cnv_depth__IBNLCO_05069__IBNLCO_05069__gene,2237
cnv_depth__IBNLCO_05070__gnl|Bakta|IBNLCO_05070__CDS__promoter,909
cnv_depth__IBNLCO_05069__HTH__CDS__promoter,909
cnv_depth__IBNLCO_05070__gnl|Bakta|IBNLCO_05070__CDS,1237
cnv_depth__IBNLCO_05071__gnl|Bakta|IBNLCO_05071__CDS__promoter,3825
cnv_depth__IBNLCO_05071__gnl|Bakta|IBNLCO_05071__CDS,2407
cnv_depth__IBNLCO_05072__DNA-binding__CDS,3486
cnv_depth__IBNLCO_05073__hypothetical__CDS__promoter,3856
cnv_depth__IBNLCO_05072__DNA-binding__CDS__promoter,911
cnv_depth__IBNLCO_05074__hypothetical__CDS__promoter,3406
cnv_depth__IBNLCO_05074__IBNLCO_05074__gene,2444
cnv_depth__IBNLCO_05075__DUF2306__CDS__promoter,1039
cnv_depth__IBNLCO_05075__DUF2306__CDS,3131
cnv_depth__IBNLCO_05076__Type__CDS__promoter,2898
cnv_depth__IBNLCO_05078__type__CDS,2278
cnv_depth__IBNLCO_05077__type__CDS__promoter,3988
cnv_depth__IBNLCO_05078__type__CDS__promoter,5920
cnv_depth__IBNLCO_05079__pilS__gene,1267
cnv_depth__IBNLCO_05079__type__CDS__promoter,2005
cnv_depth__IBNLCO_05080__type__CDS__promoter,3824
cnv_depth__IBNLCO_05082__pilP__gene,3866
cnv_depth__IBNLCO_05081__type__CDS__promoter,1870
cnv_depth__IBNLCO_05083__pilO__gene,3262
cnv_depth__IBNLCO_05082__type__CDS__promoter,1553
cnv_depth__IBNLCO_05083__type__CDS__promoter,642
cnv_depth__IBNLCO_05084__pilN__gene,1256
cnv_depth__IBNLCO_05085__pilL__gene,1742
cnv_depth__IBNLCO_05084__type__CDS__promoter,2890
cnv_depth__IBNLCO_05085__type__CDS__promoter,1762
cnv_depth__IBNLCO_05086__pilT__gene__promoter,1487
cnv_depth__IBNLCO_05087__Secretion__CDS,2157
cnv_depth__IBNLCO_05088__Phosphate__CDS,2129
cnv_depth__IBNLCO_05087__IBNLCO_05087__gene__promoter,5846
cnv_depth__IBNLCO_05088__phoB__gene__promoter,4662
cnv_depth__IBNLCO_05089__histidine__CDS,3189
cnv_depth__IBNLCO_05089__IBNLCO_05089__gene__promoter,1522
cnv_depth__IBNLCO_05090__hypothetical__CDS,1508
cnv_depth__IBNLCO_05090__IBNLCO_05090__gene__promoter,4691
cnv_depth__IBNLCO_05091__IBNLCO_05091__gene__promoter,890
cnv_depth__IBNLCO_05091__IBNLCO_05091__gene,1790
cnv_depth__IBNLCO_05092__N-acetyltransferase__CDS,2675
cnv_depth__IBNLCO_05092__N-acetyltransferase__CDS__promoter,71
cnv_depth__IBNLCO_05093__IBNLCO_05093__gene__promoter,71
cnv_depth__IBNLCO_05093__IBNLCO_05093__gene,3326
cnv_depth__IBNLCO_05095__Tir__CDS,860
cnv_depth__IBNLCO_05095__IBNLCO_05095__gene__promoter,1888
cnv_depth__IBNLCO_05096__IBNLCO_05096__gene,826
cnv_depth__IBNLCO_05096__IBNLCO_05096__gene__promoter,2246
cnv_depth__IBNLCO_05097__Type__CDS,3195
cnv_depth__IBNLCO_05097__Type__CDS__promoter,1670
cnv_depth__IBNLCO_05098__Serine__CDS,2062
cnv_depth__IBNLCO_05098__IBNLCO_05098__gene__promoter,1622
cnv_depth__IBNLCO_05099__IBNLCO_05099__gene,920
cnv_depth__IBNLCO_05100__Type__CDS,184
cnv_depth__IBNLCO_05099__IBNLCO_05099__gene__promoter,184
cnv_depth__IBNLCO_05100__IBNLCO_05100__gene__promoter,1538
cnv_depth__IBNLCO_05101__Hypersensitivity__CDS,1944
cnv_depth__IBNLCO_05102__Type__CDS,1444
cnv_depth__IBNLCO_05101__hrcR__gene__promoter,1954
cnv_depth__IBNLCO_05102__sctQ__gene__promoter,1473
cnv_depth__IBNLCO_05103__Type__CDS,1764
cnv_depth__IBNLCO_05103__sctP__gene__promoter,1976
cnv_depth__IBNLCO_05105__bsaZ__gene,2212
cnv_depth__IBNLCO_05104__hrcV__gene__promoter,2264
cnv_depth__IBNLCO_05105__bsaZ__gene__promoter,386
cnv_depth__IBNLCO_05106__hrpB1__gene__promoter,386
cnv_depth__IBNLCO_05106__HrpB1__CDS,1808
cnv_depth__IBNLCO_05107__IBNLCO_05107__gene__promoter,4671
cnv_depth__IBNLCO_05107__Serine__CDS,2042
cnv_depth__IBNLCO_05108__IBNLCO_05108__gene__promoter,4740
cnv_depth__IBNLCO_05108__hypothetical__CDS,1095
cnv_depth__IBNLCO_05109__hrpB4__gene__promoter,1564
cnv_depth__IBNLCO_05109__Type__CDS,2369
cnv_depth__IBNLCO_05110__IBNLCO_05110__gene__promoter,2342
cnv_depth__IBNLCO_05110__Type__CDS,1026
cnv_depth__IBNLCO_05111__IBNLCO_05111__gene__promoter,4585
cnv_depth__IBNLCO_05111__Type__CDS,3232
cnv_depth__IBNLCO_05112__hrpB7__gene__promoter,3325
cnv_depth__IBNLCO_05112__Type__CDS,957
cnv_depth__IBNLCO_05113__IBNLCO_05113__gene__promoter,3619
cnv_depth__IBNLCO_05113__hypothetical__CDS,1312
cnv_depth__IBNLCO_05114__IBNLCO_05114__gene__promoter,3076
cnv_depth__IBNLCO_05115__TauD/TfdA-like__CDS__promoter,2306
cnv_depth__IBNLCO_05117__non-ribosomal__CDS,1912
cnv_depth__IBNLCO_05116__non-ribosomal__CDS__promoter,1681
cnv_depth__IBNLCO_05118__IBNLCO_05118__gene,3034
cnv_depth__IBNLCO_05117__non-ribosomal__CDS__promoter,455
cnv_depth__IBNLCO_05119__Non-ribosomal__CDS,1244
cnv_depth__IBNLCO_05118__Carrier__CDS__promoter,2498
cnv_depth__IBNLCO_05119__Non-ribosomal__CDS__promoter,3477
cnv_depth__IBNLCO_05120__IBNLCO_05120__gene,2314
cnv_depth__IBNLCO_05120__Diaminobutyrate--2-oxoglutarate__CDS__promoter,3505
cnv_depth__IBNLCO_05121__IBNLCO_05121__gene,1099
cnv_depth__IBNLCO_05121__Pyruvate__CDS__promoter,4879
cnv_depth__IBNLCO_05122__4-hydroxybutyrate__CDS,2060
cnv_depth__IBNLCO_05122__4-hydroxybutyrate__CDS__promoter,1014
cnv_depth__IBNLCO_05123__maoC__gene,1925
cnv_depth__IBNLCO_05123__MaoC__CDS__promoter,1814
cnv_depth__IBNLCO_05124__IBNLCO_05124__gene,1562
cnv_depth__IBNLCO_05124__hypothetical__CDS__promoter,2386
cnv_depth__IBNLCO_05125__LysR-family__CDS,836
cnv_depth__IBNLCO_05125__LysR-family__CDS__promoter,1565
cnv_depth__IBNLCO_05126__hypothetical__CDS__promoter,1486
cnv_depth__IBNLCO_05126__IBNLCO_05126__gene,2773
cnv_depth__IBNLCO_05128__High-copy__CDS__promoter,2279
cnv_depth__IBNLCO_05127__HTH__CDS__promoter,1594
cnv_depth__IBNLCO_05128__High-copy__CDS,3495
cnv_depth__IBNLCO_05129__hypothetical__CDS__promoter,1512
cnv_depth__IBNLCO_05129__IBNLCO_05129__gene,2290
cnv_depth__IBNLCO_05130__histidine__CDS,2104
cnv_depth__IBNLCO_05130__histidine__CDS__promoter,3628
cnv_depth__IBNLCO_05131__IBNLCO_05131__gene,3843
cnv_depth__IBNLCO_05132__FIST__CDS,3103
cnv_depth__IBNLCO_05131__hypothetical__CDS__promoter,2757
cnv_depth__IBNLCO_05132__FIST__CDS__promoter,2785
cnv_depth__IBNLCO_05133__rpoS__gene,2770
cnv_depth__IBNLCO_05133__Regulator__CDS__promoter,1029
cnv_depth__IBNLCO_05134__IBNLCO_05134__gene__promoter,1401
cnv_depth__IBNLCO_05134__Ricin__CDS,1068
cnv_depth__IBNLCO_05135__Cytochrome__CDS__promoter,8072
cnv_depth__IBNLCO_05135__IBNLCO_05135__gene,2363
cnv_depth__IBNLCO_05136__IBNLCO_05136__gene__promoter,3498
cnv_depth__IBNLCO_05137__IBNLCO_05137__gene,2225
cnv_depth__IBNLCO_05137__IBNLCO_05137__gene__promoter,7802
cnv_depth__IBNLCO_05138__hypothetical__CDS,1330
cnv_depth__IBNLCO_05139__4-hydroxybenzoate__CDS,2233
cnv_depth__IBNLCO_05138__IBNLCO_05138__gene__promoter,2018
cnv_depth__IBNLCO_05139__IBNLCO_05139__gene__promoter,2959
cnv_depth__IBNLCO_05141__IBNLCO_05141__gene__promoter,953
cnv_depth__IBNLCO_05140__IBNLCO_05140__gene__promoter,953
cnv_depth__IBNLCO_05141__hypothetical__CDS,674
cnv_depth__IBNLCO_05142__IBNLCO_05142__gene__promoter,2771
cnv_depth__IBNLCO_05143__IBNLCO_05143__gene__promoter,1557
cnv_depth__IBNLCO_05144__IBNLCO_05144__gene__promoter,1015
cnv_depth__IBNLCO_05144__DUF1842__CDS,1395
cnv_depth__IBNLCO_05145__Tlde1__CDS__promoter,1122
cnv_depth__IBNLCO_05145__IBNLCO_05145__gene,430
cnv_depth__IBNLCO_05146__IBNLCO_05146__gene__promoter,430
cnv_depth__IBNLCO_05146__IBNLCO_05146__gene,430
cnv_depth__IBNLCO_05147__trnU__gene,2089
cnv_depth__IBNLCO_05147__trnU__gene__promoter,1272
cnv_depth__IBNLCO_05148__IBNLCO_05148__gene,1223
cnv_depth__IBNLCO_05149__IBNLCO_05149__gene,2781
cnv_depth__IBNLCO_05148__IBNLCO_05148__gene__promoter,3900
cnv_depth__IBNLCO_05149__L-seryl-tRNA(Sec)__CDS__promoter,1240
cnv_depth__IBNLCO_05150__IBNLCO_05150__gene__promoter,2226
cnv_depth__IBNLCO_05151__IBNLCO_05151__gene,1091
cnv_depth__IBNLCO_05152__IBNLCO_05152__gene,1224
cnv_depth__IBNLCO_05151__IBNLCO_05151__gene__promoter,1112
cnv_depth__IBNLCO_05152__Formate__CDS__promoter,2114
cnv_depth__unknown__unknown__regulatory.18,715
cnv_depth__IBNLCO_05153__Formate__CDS__promoter,1936
cnv_depth__IBNLCO_05154__hypothetical__CDS,1332
cnv_depth__IBNLCO_05154__hypothetical__CDS__promoter,2122
cnv_depth__IBNLCO_05155__DUF218__CDS,1410
cnv_depth__IBNLCO_05155__DUF218__CDS__promoter,2912
cnv_depth__IBNLCO_05156__IBNLCO_05156__gene,842
cnv_depth__IBNLCO_05156__IBNLCO_05156__gene__promoter,1679
cnv_depth__IBNLCO_05157__IBNLCO_05157__gene,2424
cnv_depth__IBNLCO_05157__IBNLCO_05157__gene__promoter,2006
cnv_depth__IBNLCO_05158__moxC__gene,2323
cnv_depth__IBNLCO_05158__moxC__gene__promoter,1002
cnv_depth__IBNLCO_05159__Luciferase-like__CDS,3982
cnv_depth__IBNLCO_05159__IBNLCO_05159__gene__promoter,1171
cnv_depth__IBNLCO_05160__IBNLCO_05160__gene,1353
cnv_depth__IBNLCO_05160__IBNLCO_05160__gene__promoter,2570
cnv_depth__IBNLCO_05161__IBNLCO_05161__gene,1048
cnv_depth__IBNLCO_05161__IBNLCO_05161__gene__promoter,2224
cnv_depth__IBNLCO_05162__IBNLCO_05162__gene,1392
cnv_depth__IBNLCO_05162__IBNLCO_05162__gene__promoter,1261
cnv_depth__IBNLCO_05163__IBNLCO_05163__gene__promoter,3736
cnv_depth__IBNLCO_05163__IBNLCO_05163__gene,788
cnv_depth__IBNLCO_05164__IBNLCO_05164__gene__promoter,1990
cnv_depth__IBNLCO_05165__IBNLCO_05165__gene__promoter,2433
cnv_depth__IBNLCO_05165__Porin__CDS,1513
cnv_depth__IBNLCO_05166__IBNLCO_05166__gene__promoter,845
cnv_depth__IBNLCO_05167__IBNLCO_05167__gene,1551
cnv_depth__IBNLCO_05167__IBNLCO_05167__gene__promoter,1198
cnv_depth__IBNLCO_05168__IBNLCO_05168__gene__promoter,2065
cnv_depth__IBNLCO_05169__IBNLCO_05169__gene,1464
cnv_depth__IBNLCO_05169__IBNLCO_05169__gene__promoter,4649
cnv_depth__IBNLCO_05170__Bacteriophage__CDS,1828
cnv_depth__IBNLCO_05170__Bacteriophage__CDS__promoter,646
cnv_depth__IBNLCO_05171__IBNLCO_05171__gene__promoter,646
cnv_depth__IBNLCO_05172__IBNLCO_05172__gene,840
cnv_depth__IBNLCO_05172__Glycosyltransferase__CDS__promoter,2075
cnv_depth__IBNLCO_05173__Polysaccharide__CDS__promoter,1030
cnv_depth__IBNLCO_05174__NHL__CDS__promoter,1559
cnv_depth__IBNLCO_05175__IBNLCO_05175__gene__promoter,3751
cnv_depth__IBNLCO_05175__IBNLCO_05175__gene,1337
cnv_depth__IBNLCO_05176__GDP-mannose__CDS__promoter,1770
cnv_depth__IBNLCO_05177__IBNLCO_05177__gene__promoter,3286
cnv_depth__IBNLCO_05177__IBNLCO_05177__gene,1246
cnv_depth__IBNLCO_05178__Mannose-6-phosphate__CDS,1891
cnv_depth__IBNLCO_05178__IBNLCO_05178__gene__promoter,3895
cnv_depth__IBNLCO_05179__IBNLCO_05179__gene,3324
cnv_depth__IBNLCO_05180__Bp2_287__gene__promoter,863
cnv_depth__IBNLCO_05179__IBNLCO_05179__gene__promoter,176
cnv_depth__IBNLCO_05180__Burkholderia__ncRNA,176
cnv_depth__IBNLCO_05181__IBNLCO_05181__gene,4030
cnv_depth__IBNLCO_05181__IBNLCO_05181__gene__promoter,4720
cnv_depth__IBNLCO_05182__IBNLCO_05182__gene__promoter,1032
cnv_depth__IBNLCO_05183__IBNLCO_05183__gene__promoter,1321
cnv_depth__IBNLCO_05184__IBNLCO_05184__gene__promoter,2531
cnv_depth__IBNLCO_05185__IBNLCO_05185__gene,2036
cnv_depth__IBNLCO_05185__IBNLCO_05185__gene__promoter,2439
cnv_depth__IBNLCO_05186__IBNLCO_05186__gene__promoter,3973
cnv_depth__IBNLCO_05187__IBNLCO_05187__gene__promoter,2174
cnv_depth__IBNLCO_05188__IBNLCO_05188__gene__promoter,2288
cnv_depth__IBNLCO_05189__IBNLCO_05189__gene,1994
cnv_depth__IBNLCO_05190__IBNLCO_05190__gene,1640
cnv_depth__IBNLCO_05189__IBNLCO_05189__gene__promoter,3335
cnv_depth__IBNLCO_05191__FimV__CDS,4337
cnv_depth__IBNLCO_05190__IBNLCO_05190__gene__promoter,1867
cnv_depth__IBNLCO_05191__fimV__gene__promoter,2149
cnv_depth__IBNLCO_05193__IBNLCO_05193__gene__promoter,3098
cnv_depth__IBNLCO_05192__IBNLCO_05192__gene__promoter,522
cnv_depth__IBNLCO_05193__IBNLCO_05193__gene,522
cnv_depth__IBNLCO_05194__IBNLCO_05194__gene__promoter,1548
cnv_depth__IBNLCO_05195__3-isopropylmalate__CDS,787
cnv_depth__IBNLCO_05195__IBNLCO_05195__gene__promoter,148
cnv_depth__IBNLCO_05196__gnl|Bakta|IBNLCO_05196__CDS,148
cnv_depth__IBNLCO_05196__IBNLCO_05196__gene__promoter,1583
cnv_depth__IBNLCO_05197__IBNLCO_05197__gene__promoter,1455
cnv_depth__IBNLCO_05198__IBNLCO_05198__gene__promoter,2368
cnv_depth__IBNLCO_05199__IBNLCO_05199__gene__promoter,1991
cnv_depth__IBNLCO_05200__Leucine-responsive__CDS,1540
cnv_depth__IBNLCO_05201__IBNLCO_05201__gene__promoter,1024
cnv_depth__IBNLCO_05200__IBNLCO_05200__gene__promoter,1024
cnv_depth__IBNLCO_05202__DUF1479__CDS,3861
cnv_depth__IBNLCO_05202__IBNLCO_05202__gene__promoter,2118
cnv_depth__IBNLCO_05203__VOC__CDS,2955
cnv_depth__IBNLCO_05204__araC__gene__promoter,657
cnv_depth__IBNLCO_05203__IBNLCO_05203__gene__promoter,2656
cnv_depth__IBNLCO_05204__AraC__CDS,1869
cnv_depth__IBNLCO_05205__Citrate__CDS,1114
cnv_depth__IBNLCO_05205__IBNLCO_05205__gene__promoter,169
cnv_depth__IBNLCO_05206__FAD__CDS,169
cnv_depth__IBNLCO_05206__sdhE__gene__promoter,1185
cnv_depth__IBNLCO_05207__Succinate__CDS,2602
cnv_depth__IBNLCO_05207__IBNLCO_05207__gene__promoter,851
cnv_depth__IBNLCO_05208__Succinate__CDS,4736
cnv_depth__IBNLCO_05208__IBNLCO_05208__gene__promoter,137
cnv_depth__IBNLCO_05209__Succinate__CDS,137
cnv_depth__IBNLCO_05209__IBNLCO_05209__gene__promoter,81
cnv_depth__IBNLCO_05210__Succinate__CDS,81
cnv_depth__IBNLCO_05210__IBNLCO_05210__gene__promoter,1988
cnv_depth__IBNLCO_05211__HTH__CDS,2690
cnv_depth__IBNLCO_05211__IBNLCO_05211__gene__promoter,2275
cnv_depth__IBNLCO_05212__IBNLCO_05212__gene__promoter,780
cnv_depth__IBNLCO_05212__Malate__CDS,1586
cnv_depth__IBNLCO_05213__IBNLCO_05213__gene__promoter,611
cnv_depth__IBNLCO_05213__Citrate__CDS,506
cnv_depth__IBNLCO_05214__IBNLCO_05214__gene__promoter,2120
cnv_depth__IBNLCO_05214__Exported__CDS,928
cnv_depth__IBNLCO_05215__IBNLCO_05215__gene__promoter,1894
cnv_depth__IBNLCO_05216__Aconitate__CDS__promoter,1558
cnv_depth__IBNLCO_05216__Aconitate__CDS,3354
cnv_depth__IBNLCO_05217__Filamentous__CDS,1803
cnv_depth__IBNLCO_05217__IBNLCO_05217__gene__promoter,1955
cnv_depth__IBNLCO_05218__IBNLCO_05218__gene,908
cnv_depth__IBNLCO_05218__DNA-binding__CDS__promoter,977
cnv_depth__IBNLCO_05219__gnl|Bakta|IBNLCO_05219__CDS,977
cnv_depth__IBNLCO_05219__gnl|Bakta|IBNLCO_05219__CDS__promoter,862
cnv_depth__IBNLCO_05220__Cytochrome__CDS__promoter,1924
cnv_depth__IBNLCO_05221__IBNLCO_05221__gene,637
cnv_depth__IBNLCO_05221__DUF2784__CDS__promoter,3548
cnv_depth__IBNLCO_05222__Tyrosinase__CDS,1875
cnv_depth__IBNLCO_05222__IBNLCO_05222__gene__promoter,239
cnv_depth__IBNLCO_05223__hypothetical__CDS,239
cnv_depth__IBNLCO_05224__IBNLCO_05224__gene,2064
cnv_depth__IBNLCO_05223__IBNLCO_05223__gene__promoter,926
cnv_depth__IBNLCO_05224__IBNLCO_05224__gene__promoter,2291
cnv_depth__IBNLCO_05225__hypothetical__CDS__promoter,1638
cnv_depth__IBNLCO_05225__hypothetical__CDS,695
cnv_depth__IBNLCO_05226__IBNLCO_05226__gene__promoter,855
cnv_depth__IBNLCO_05226__gnl|Bakta|IBNLCO_05226__CDS,2922
cnv_depth__IBNLCO_05227__ydcV__gene,2752
cnv_depth__IBNLCO_05227__Inner__CDS__promoter,1306
cnv_depth__IBNLCO_05228__potB__gene,2176
cnv_depth__IBNLCO_05228__Spermidine__CDS__promoter,4235
cnv_depth__IBNLCO_05229__IBNLCO_05229__gene,2190
cnv_depth__IBNLCO_05229__Spermidine/putrescine-binding__CDS__promoter,1424
cnv_depth__IBNLCO_05230__Spermidine/putrescine__CDS,2576
cnv_depth__IBNLCO_05231__Transcriptional__CDS__promoter,1203
cnv_depth__IBNLCO_05230__Spermidine/putrescine__CDS__promoter,1985
cnv_depth__IBNLCO_05231__gntR__gene,3474
cnv_depth__IBNLCO_05232__hypothetical__CDS,1843
cnv_depth__IBNLCO_05232__hypothetical__CDS__promoter,3075
cnv_depth__IBNLCO_05233__IBNLCO_05233__gene,1360
cnv_depth__IBNLCO_05233__Triacylglycerol__CDS__promoter,1383
cnv_depth__IBNLCO_05234__Enterobactin__CDS__promoter,701
cnv_depth__IBNLCO_05235__DUF2946__CDS,629
cnv_depth__IBNLCO_05235__DUF2946__CDS__promoter,679
cnv_depth__IBNLCO_05236__IBNLCO_05236__gene,3279
cnv_depth__IBNLCO_05236__Cytochrome__CDS__promoter,323
cnv_depth__IBNLCO_05237__Integral__CDS__promoter,323
cnv_depth__IBNLCO_05237__IBNLCO_05237__gene,2013
cnv_depth__IBNLCO_05238__lysM__gene,3414
cnv_depth__IBNLCO_05238__LysM__CDS__promoter,1584
cnv_depth__IBNLCO_05239__IBNLCO_05239__gene,1812
cnv_depth__IBNLCO_05239__Mannose-6-phosphate__CDS__promoter,1789
cnv_depth__IBNLCO_05240__Purine__CDS,2255
cnv_depth__IBNLCO_05240__Purine__CDS__promoter,1779
cnv_depth__IBNLCO_05241__IBNLCO_05241__gene__promoter,1947
cnv_depth__IBNLCO_05242__tRNA__CDS,1709
cnv_depth__IBNLCO_05242__IBNLCO_05242__gene__promoter,3196
cnv_depth__IBNLCO_05243__IBNLCO_05243__gene,4574
cnv_depth__IBNLCO_05244__IBNLCO_05244__gene,2050
cnv_depth__IBNLCO_05243__IBNLCO_05243__gene__promoter,1930
cnv_depth__IBNLCO_05244__IBNLCO_05244__gene__promoter,848
cnv_depth__IBNLCO_05245__IBNLCO_05245__gene__promoter,2302
cnv_depth__IBNLCO_05245__Methyltransferase__CDS,1642
cnv_depth__IBNLCO_05246__Membrane__CDS__promoter,400
cnv_depth__IBNLCO_05246__IBNLCO_05246__gene,400
cnv_depth__IBNLCO_05247__hypothetical__CDS__promoter,4232
cnv_depth__IBNLCO_05247__IBNLCO_05247__gene,1750
cnv_depth__IBNLCO_05248__trnI__gene,964
cnv_depth__IBNLCO_05248__trnI__gene__promoter,2466
cnv_depth__IBNLCO_05249__rpoD__gene,2243
cnv_depth__IBNLCO_05249__rpoD__gene__promoter,881
cnv_depth__IBNLCO_05250__DNA__CDS__promoter,1932
cnv_depth__IBNLCO_05251__Transamidase__CDS__promoter,670
cnv_depth__IBNLCO_05252__IBNLCO_05252__gene,4223
cnv_depth__IBNLCO_05252__IBNLCO_05252__gene__promoter,672
cnv_depth__IBNLCO_05253__IBNLCO_05253__gene,655
cnv_depth__IBNLCO_05254__IBNLCO_05254__gene__promoter,462
cnv_depth__IBNLCO_05253__Ferredoxin--NADP__CDS__promoter,3175
cnv_depth__IBNLCO_05254__tRNA__CDS,1056
cnv_depth__IBNLCO_05255__GTP__CDS__promoter,1773
cnv_depth__IBNLCO_05256__IBNLCO_05256__gene__promoter,1845
cnv_depth__IBNLCO_05258__Exodeoxyribonuclease__CDS,264
cnv_depth__IBNLCO_05257__Octaprenyl__CDS__promoter,264
cnv_depth__IBNLCO_05258__Exodeoxyribonuclease__CDS__promoter,2283
cnv_depth__IBNLCO_05259__(2Fe-2S)-binding__CDS__promoter,2003
cnv_depth__IBNLCO_05259__(2Fe-2S)-binding__CDS,4497
cnv_depth__IBNLCO_05260__gnl|Bakta|IBNLCO_05260__CDS__promoter,3215
cnv_depth__IBNLCO_05261__IBNLCO_05261__gene__promoter,1755
cnv_depth__IBNLCO_05262__DUF2134__CDS__promoter,1192
cnv_depth__IBNLCO_05262__IBNLCO_05262__gene,3923
cnv_depth__IBNLCO_05263__IBNLCO_05263__gene,892
cnv_depth__IBNLCO_05263__Respiratory__CDS__promoter,7677
cnv_depth__IBNLCO_05264__IBNLCO_05264__gene,1390
cnv_depth__IBNLCO_05265__IBNLCO_05265__gene__promoter,1962
cnv_depth__IBNLCO_05264__DNA__CDS__promoter,459
cnv_depth__IBNLCO_05265__IBNLCO_05265__gene,1367
cnv_depth__IBNLCO_05266__IBNLCO_05266__gene__promoter,633
cnv_depth__IBNLCO_05266__hypothetical__CDS,2012
cnv_depth__IBNLCO_05267__DUF523__CDS__promoter,1877
cnv_depth__IBNLCO_05267__IBNLCO_05267__gene,2107
cnv_depth__IBNLCO_05268__IBNLCO_05268__gene,53
cnv_depth__IBNLCO_05268__IBNLCO_05268__gene__promoter,1707
cnv_depth__IBNLCO_05269__IBNLCO_05269__gene__promoter,4313
cnv_depth__IBNLCO_05269__hypothetical__CDS,981
cnv_depth__IBNLCO_05270__IBNLCO_05270__gene,1429
cnv_depth__IBNLCO_05271__hypothetical__CDS__promoter,605
cnv_depth__IBNLCO_05270__AMP__CDS__promoter,605
cnv_depth__IBNLCO_05271__hypothetical__CDS,1729
cnv_depth__IBNLCO_05272__IBNLCO_05272__gene__promoter,1906
cnv_depth__IBNLCO_05273__Transmembrane__CDS__promoter,465
cnv_depth__IBNLCO_05274__IBNLCO_05274__gene,1448
cnv_depth__IBNLCO_05275__HTH-type__CDS__promoter,4089
cnv_depth__IBNLCO_05274__hypothetical__CDS__promoter,1873
cnv_depth__IBNLCO_05275__HTH-type__CDS,1248
cnv_depth__IBNLCO_05276__IBNLCO_05276__gene__promoter,1855
cnv_depth__IBNLCO_05276__IBNLCO_05276__gene,1949
cnv_depth__IBNLCO_05277__IBNLCO_05277__gene,1044
cnv_depth__IBNLCO_05277__hypothetical__CDS__promoter,1833
cnv_depth__IBNLCO_05278__IBNLCO_05278__gene__promoter,577
cnv_depth__IBNLCO_05279__Phosphatidic__CDS__promoter,577
cnv_depth__IBNLCO_05280__Molybdate__CDS__promoter,2266
cnv_depth__IBNLCO_05280__Molybdate__CDS,2780
cnv_depth__IBNLCO_05281__Molybdenum__CDS__promoter,1927
cnv_depth__IBNLCO_05281__IBNLCO_05281__gene,4098
cnv_depth__IBNLCO_05282__Sulfate/thiosulfate__CDS__promoter,613
cnv_depth__IBNLCO_05283__IBNLCO_05283__gene__promoter,861
cnv_depth__IBNLCO_05284__CHAD__CDS,1623
cnv_depth__IBNLCO_05284__CHAD__CDS__promoter,1072
cnv_depth__IBNLCO_05285__Tautomerase__CDS,2022
cnv_depth__IBNLCO_05286__lysR__gene__promoter,944
cnv_depth__IBNLCO_05285__IBNLCO_05285__gene__promoter,2642
cnv_depth__IBNLCO_05286__Transcriptional__CDS,1783
cnv_depth__IBNLCO_05287__eamA__gene__promoter,1922
cnv_depth__IBNLCO_05288__histidine__CDS__promoter,1221
cnv_depth__IBNLCO_05288__histidine__CDS,1774
cnv_depth__IBNLCO_05289__IBNLCO_05289__gene__promoter,549
cnv_depth__IBNLCO_05290__Thiamine__CDS__promoter,1298
cnv_depth__IBNLCO_05290__IBNLCO_05290__gene,2853
cnv_depth__IBNLCO_05291__1%2C4-alpha-glucan__CDS__promoter,2048
cnv_depth__IBNLCO_05292__Methyltransferase__CDS__promoter,2215
cnv_depth__IBNLCO_05292__Methyltransferase__CDS,4579
cnv_depth__IBNLCO_05293__Proline--tRNA__CDS__promoter,1580
cnv_depth__IBNLCO_05293__IBNLCO_05293__gene,2756
cnv_depth__IBNLCO_05294__IBNLCO_05294__gene,1016
cnv_depth__IBNLCO_05294__IBNLCO_05294__gene__promoter,445
cnv_depth__IBNLCO_05295__IBNLCO_05295__gene__promoter,445
cnv_depth__IBNLCO_05295__IBNLCO_05295__gene,943
cnv_depth__IBNLCO_05296__LysE__CDS,2393
cnv_depth__IBNLCO_05297__AraC__CDS__promoter,4692
cnv_depth__IBNLCO_05296__LysE__CDS__promoter,2293
cnv_depth__IBNLCO_05297__araC__gene,1952
cnv_depth__IBNLCO_05298__IBNLCO_05298__gene,1003
cnv_depth__IBNLCO_05299__IBNLCO_05299__gene__promoter,830
cnv_depth__IBNLCO_05298__IBNLCO_05298__gene__promoter,830
cnv_depth__IBNLCO_05299__IBNLCO_05299__gene,1284
cnv_depth__IBNLCO_05300__lysE__gene,1849
cnv_depth__IBNLCO_05300__lysE__gene__promoter,1152
cnv_depth__IBNLCO_05301__IBNLCO_05301__gene,2169
cnv_depth__IBNLCO_05301__Cupin__CDS__promoter,547
cnv_depth__IBNLCO_05302__IBNLCO_05302__gene,4163
cnv_depth__IBNLCO_05303__IBNLCO_05303__gene,2167
cnv_depth__IBNLCO_05302__4-hydroxy-2-oxovalerate__CDS__promoter,737
cnv_depth__IBNLCO_05304__lgrE__gene,1170
cnv_depth__IBNLCO_05303__IBNLCO_05303__gene__promoter,2281
cnv_depth__IBNLCO_05305__IBNLCO_05305__gene,4001
cnv_depth__IBNLCO_05304__Linear__CDS__promoter,894
cnv_depth__IBNLCO_05305__Branched-chain-amino-acid__CDS__promoter,1134
cnv_depth__IBNLCO_05306__IBNLCO_05306__gene,664
cnv_depth__IBNLCO_05306__Putative__CDS__promoter,1293
cnv_depth__IBNLCO_05307__Linear__CDS,1747
cnv_depth__IBNLCO_05307__Linear__CDS__promoter,2741
cnv_depth__IBNLCO_05308__IBNLCO_05308__gene,1892
cnv_depth__IBNLCO_05308__Chlorinating__CDS__promoter,4834
cnv_depth__IBNLCO_05309__Carrier__CDS,1907
cnv_depth__IBNLCO_05310__Tyrocidine__CDS,2292
cnv_depth__IBNLCO_05309__Carrier__CDS__promoter,1595
cnv_depth__IBNLCO_05310__IBNLCO_05310__gene__promoter,1449
cnv_depth__IBNLCO_05311__HTH__CDS,2014
cnv_depth__IBNLCO_05312__Activator__CDS,1067
cnv_depth__IBNLCO_05311__IBNLCO_05311__gene__promoter,1965
cnv_depth__IBNLCO_05312__IBNLCO_05312__gene__promoter,995
cnv_depth__IBNLCO_05313__Transmembrane__CDS,1607
cnv_depth__IBNLCO_05314__IBNLCO_05314__gene__promoter,2311
cnv_depth__IBNLCO_05313__Transmembrane__CDS__promoter,1757
cnv_depth__IBNLCO_05314__IBNLCO_05314__gene,1543
cnv_depth__IBNLCO_05316__DUF2384__CDS,1133
cnv_depth__IBNLCO_05315__IBNLCO_05315__gene__promoter,5188
cnv_depth__IBNLCO_05317__hypothetical__CDS__promoter,1084
cnv_depth__IBNLCO_05316__DUF2384__CDS__promoter,3258
cnv_depth__IBNLCO_05317__hypothetical__CDS,1181
cnv_depth__IBNLCO_05318__IBNLCO_05318__gene,3337
cnv_depth__IBNLCO_05318__Metal-dependent__CDS__promoter,3303
cnv_depth__IBNLCO_05319__IBNLCO_05319__gene__promoter,1226
cnv_depth__IBNLCO_05319__Peptidyl-prolyl__CDS,2287
cnv_depth__IBNLCO_05320__HTH__CDS__promoter,2373
cnv_depth__IBNLCO_05321__IBNLCO_05321__gene__promoter,2907
cnv_depth__IBNLCO_05323__IBNLCO_05323__gene,1573
cnv_depth__IBNLCO_05322__D-inositol-3-phosphate__CDS__promoter,1155
cnv_depth__IBNLCO_05323__IBNLCO_05323__gene__promoter,1288
cnv_depth__IBNLCO_05324__IBNLCO_05324__gene,617
cnv_depth__IBNLCO_05324__D-inositol-3-phosphate__CDS__promoter,1362
cnv_depth__IBNLCO_05325__Glycosyltransferase__CDS,1995
cnv_depth__IBNLCO_05325__Glycosyltransferase__CDS__promoter,1087
cnv_depth__IBNLCO_05326__Lipopolysaccharide__CDS,1921
cnv_depth__IBNLCO_05326__Lipopolysaccharide__CDS__promoter,2286
cnv_depth__IBNLCO_05327__Polysaccharide__CDS,1737
cnv_depth__IBNLCO_05328__gnl|Bakta|IBNLCO_05328__CDS,2359
cnv_depth__IBNLCO_05327__Polysaccharide__CDS__promoter,1521
cnv_depth__IBNLCO_05328__gnl|Bakta|IBNLCO_05328__CDS__promoter,1941
cnv_depth__IBNLCO_05329__UDP-glucose__CDS,1556
cnv_depth__IBNLCO_05329__UDP-glucose__CDS__promoter,6028
cnv_depth__IBNLCO_05330__UDP-glucose:undecaprenyl-phosphate__CDS,9396
cnv_depth__IBNLCO_05330__UDP-glucose:undecaprenyl-phosphate__CDS__promoter,924
cnv_depth__IBNLCO_05331__mannose-1-phosphate__CDS__promoter,734
cnv_depth__IBNLCO_05331__mannose-1-phosphate__CDS,1986
cnv_depth__IBNLCO_05332__Insertion__CDS,1423
cnv_depth__IBNLCO_05332__Insertion__CDS__promoter,2058
cnv_depth__IBNLCO_05333__DUF3501__CDS,878
cnv_depth__IBNLCO_05333__DUF3501__CDS__promoter,1961
cnv_depth__IBNLCO_05334__Cysteine-rich__CDS,1477
cnv_depth__IBNLCO_05334__Cysteine-rich__CDS__promoter,1761
cnv_depth__IBNLCO_05335__Acetylglutamate__CDS,1816
cnv_depth__IBNLCO_05335__Acetylglutamate__CDS__promoter,1628
cnv_depth__IBNLCO_05336__N-acetylmuramoyl-L-alanine__CDS,4794
cnv_depth__IBNLCO_05336__N-acetylmuramoyl-L-alanine__CDS__promoter,2106
cnv_depth__IBNLCO_05338__Polyketide__CDS,3753
cnv_depth__IBNLCO_05337__RNA__CDS__promoter,1706
cnv_depth__IBNLCO_05338__Polyketide__CDS__promoter,1516
cnv_depth__IBNLCO_05339__YCII-related__CDS,2641
cnv_depth__IBNLCO_05339__YCII-related__CDS__promoter,2742
cnv_depth__IBNLCO_05340__ISL3-like__CDS,464
cnv_depth__IBNLCO_05340__ISL3-like__CDS__promoter,961
cnv_depth__IBNLCO_05341__YCII-related__CDS,1017
cnv_depth__IBNLCO_05341__YCII-related__CDS__promoter,1468
cnv_depth__IBNLCO_05342__gnl|Bakta|IBNLCO_05342__CDS__promoter,683
cnv_depth__IBNLCO_05343__DUF883__CDS__promoter,2023
cnv_depth__IBNLCO_05344__Ysc84__CDS__promoter,4471
cnv_depth__IBNLCO_05345__AI-2E__CDS__promoter,719
cnv_depth__IBNLCO_05346__gnl|Bakta|IBNLCO_05346__CDS,829
cnv_depth__IBNLCO_05346__gnl|Bakta|IBNLCO_05346__CDS__promoter,1397
cnv_depth__IBNLCO_05347__IBNLCO_05347__gene__promoter,1868
cnv_depth__IBNLCO_05348__Transport-related__CDS__promoter,1120
cnv_depth__IBNLCO_05348__IBNLCO_05348__gene,1617
cnv_depth__IBNLCO_05349__Enoyl__CDS,2324
cnv_depth__IBNLCO_05349__IBNLCO_05349__gene__promoter,857
cnv_depth__IBNLCO_05350__3-oxoacyl-[acyl-carrier__CDS,864
cnv_depth__IBNLCO_05350__3-oxoacyl-[acyl-carrier__CDS__promoter,1535
cnv_depth__IBNLCO_05351__Phosphoglucosamine__CDS__promoter,872
cnv_depth__IBNLCO_05352__Phosphoglycerate__CDS,1656
cnv_depth__IBNLCO_05353__Aminoglycoside__CDS,3553
cnv_depth__IBNLCO_05352__Phosphoglycerate__CDS__promoter,942
cnv_depth__IBNLCO_05353__Aminoglycoside__CDS__promoter,1080
cnv_depth__IBNLCO_05354__Acyl-CoA__CDS__promoter,7186
cnv_depth__IBNLCO_05355__HTH__CDS__promoter,689
cnv_depth__IBNLCO_05355__HTH__CDS,1627
cnv_depth__IBNLCO_05356__gnl|Bakta|IBNLCO_05356__CDS__promoter,2051
cnv_depth__IBNLCO_05356__gnl|Bakta|IBNLCO_05356__CDS,618
cnv_depth__IBNLCO_05357__DUF3472__CDS,2927
cnv_depth__IBNLCO_05357__DUF3472__CDS__promoter,1509
cnv_depth__IBNLCO_05358__Putative__CDS,1274
cnv_depth__IBNLCO_05358__Putative__CDS__promoter,2081
cnv_depth__IBNLCO_05359__ABC__CDS__promoter,4784
cnv_depth__IBNLCO_05360__Isonitrile__CDS,1165
cnv_depth__IBNLCO_05361__IBNLCO_05361__gene__promoter,1569
cnv_depth__IBNLCO_05360__Isonitrile__CDS__promoter,1959
cnv_depth__IBNLCO_05361__Isonitrile__CDS,941
cnv_depth__IBNLCO_05362__Tryptophan--tRNA__CDS__promoter,1098
cnv_depth__IBNLCO_05363__Glycine__CDS__promoter,2284
cnv_depth__IBNLCO_05363__Glycine__CDS,4361
cnv_depth__IBNLCO_05364__hypothetical__CDS,446
cnv_depth__IBNLCO_05364__hypothetical__CDS__promoter,1400
cnv_depth__IBNLCO_05365__CPBP__CDS__promoter,1908
cnv_depth__IBNLCO_05365__CPBP__CDS,1494
cnv_depth__IBNLCO_05366__Voltage-gated__CDS,877
cnv_depth__IBNLCO_05366__Voltage-gated__CDS__promoter,143
cnv_depth__unknown__unknown__regulatory.19,143
cnv_depth__IBNLCO_05367__IBNLCO_05367__gene,6202
cnv_depth__IBNLCO_05367__Haloacid__CDS__promoter,2121
cnv_depth__IBNLCO_05368__Protein-glutamate__CDS,3722
cnv_depth__IBNLCO_05368__Protein-glutamate__CDS__promoter,3111
cnv_depth__IBNLCO_05370__Chemotaxis__CDS,2011
cnv_depth__IBNLCO_05369__histidine__CDS__promoter,1683
cnv_depth__IBNLCO_05371__cheR__gene,947
cnv_depth__IBNLCO_05370__Chemotaxis__CDS__promoter,1957
cnv_depth__IBNLCO_05372__CheW-like__CDS,2196
cnv_depth__IBNLCO_05371__Chemotaxis__CDS__promoter,1759
cnv_depth__IBNLCO_05372__CheW-like__CDS__promoter,1043
cnv_depth__IBNLCO_05373__Methyl-accepting__CDS__promoter,1110
cnv_depth__IBNLCO_05374__IBNLCO_05374__gene,835
cnv_depth__IBNLCO_05374__histidine__CDS__promoter,2774
cnv_depth__IBNLCO_05375__MaoC-like__CDS__promoter,4759
cnv_depth__IBNLCO_05375__IBNLCO_05375__gene,993
cnv_depth__IBNLCO_05376__hypothetical__CDS__promoter,993
cnv_depth__IBNLCO_05376__IBNLCO_05376__gene,1037
cnv_depth__IBNLCO_05377__IBNLCO_05377__gene,1606
cnv_depth__IBNLCO_05377__hypothetical__CDS__promoter,1876
cnv_depth__IBNLCO_05378__IBNLCO_05378__gene,4697
cnv_depth__IBNLCO_05378__Acetolactate__CDS__promoter,2379
cnv_depth__IBNLCO_05379__Sodium:proton__CDS__promoter,1589
cnv_depth__IBNLCO_05380__IBNLCO_05380__gene,3838
cnv_depth__IBNLCO_05380__DUF445__CDS__promoter,962
cnv_depth__IBNLCO_05381__IBNLCO_05381__gene,852
cnv_depth__IBNLCO_05382__Cardiolipin__CDS__promoter,604
cnv_depth__IBNLCO_05381__N-acetyltransferase__CDS__promoter,604
cnv_depth__IBNLCO_05383__IBNLCO_05383__gene,745
cnv_depth__IBNLCO_05383__HIT__CDS__promoter,1300
cnv_depth__IBNLCO_05384__IBNLCO_05384__gene,1352
cnv_depth__IBNLCO_05385__IBNLCO_05385__gene,2338
cnv_depth__IBNLCO_05384__Anthranilate__CDS__promoter,4438
cnv_depth__IBNLCO_05385__Anthranilate__CDS__promoter,1943
cnv_depth__IBNLCO_05386__IBNLCO_05386__gene,2046
cnv_depth__IBNLCO_05386__Anthranilate__CDS__promoter,1496
cnv_depth__IBNLCO_05387__IBNLCO_05387__gene,866
cnv_depth__IBNLCO_05387__Anthranilate__CDS__promoter,2392
cnv_depth__IBNLCO_05388__AraC__CDS__promoter,1073
cnv_depth__IBNLCO_05388__araC__gene,973
cnv_depth__IBNLCO_05390__Muconate__CDS__promoter,1800
cnv_depth__IBNLCO_05389__HTH__CDS__promoter,747
cnv_depth__IBNLCO_05390__IBNLCO_05390__gene,1931
cnv_depth__IBNLCO_05391__Catechol__CDS__promoter,3283
cnv_depth__IBNLCO_05391__IBNLCO_05391__gene,1676
cnv_depth__IBNLCO_05392__Muconolactone__CDS__promoter,1570
cnv_depth__IBNLCO_05392__IBNLCO_05392__gene,2375
cnv_depth__IBNLCO_05393__IBNLCO_05393__gene,2171
cnv_depth__IBNLCO_05394__IBNLCO_05394__gene,2272
cnv_depth__IBNLCO_05393__Cytochrome__CDS__promoter,714
cnv_depth__IBNLCO_05395__IBNLCO_05395__gene,2179
cnv_depth__IBNLCO_05394__Cytochrome__CDS__promoter,1179
cnv_depth__IBNLCO_05395__Ubiquinol__CDS__promoter,705
cnv_depth__IBNLCO_05396__IBNLCO_05396__gene,1216
cnv_depth__IBNLCO_05396__Ubiquinol__CDS__promoter,1389
cnv_depth__IBNLCO_05398__Transcriptional__CDS__promoter,102
cnv_depth__IBNLCO_05397__NADPH-dependent__CDS__promoter,102
cnv_depth__IBNLCO_05400__NAD-dependent__CDS__promoter,1090
cnv_depth__IBNLCO_05399__Transcriptional__CDS__promoter,4250
cnv_depth__IBNLCO_05400__IBNLCO_05400__gene,3632
cnv_depth__IBNLCO_05401__HTH__CDS__promoter,562
cnv_depth__IBNLCO_05402__IBNLCO_05402__gene,562
cnv_depth__IBNLCO_05403__2-chlorobenzoate__CDS__promoter,562
cnv_depth__IBNLCO_05402__hypothetical__CDS__promoter,641
cnv_depth__IBNLCO_05403__IBNLCO_05403__gene,1946
cnv_depth__IBNLCO_05404__Benzoate/toluate__CDS__promoter,748
cnv_depth__IBNLCO_05404__IBNLCO_05404__gene,2354
cnv_depth__IBNLCO_05405__Benzoate__CDS__promoter,1375
cnv_depth__IBNLCO_05406__IBNLCO_05406__gene__promoter,1249
cnv_depth__IBNLCO_05406__IBNLCO_05406__gene,2329
cnv_depth__IBNLCO_05407__Carboxylesterase__CDS,336
cnv_depth__IBNLCO_05407__Carboxylesterase__CDS__promoter,1136
cnv_depth__IBNLCO_05408__IBNLCO_05408__gene__promoter,746
cnv_depth__IBNLCO_05408__IBNLCO_05408__gene,2180
cnv_depth__IBNLCO_05409__Isochorismatase-like__CDS__promoter,1636
cnv_depth__IBNLCO_05409__IBNLCO_05409__gene,2000
cnv_depth__IBNLCO_05410__hypothetical__CDS__promoter,1629
cnv_depth__IBNLCO_05410__hypothetical__CDS,854
cnv_depth__IBNLCO_05411__IBNLCO_05411__gene__promoter,871
cnv_depth__IBNLCO_05411__IBNLCO_05411__gene,666
cnv_depth__IBNLCO_05412__IBNLCO_05412__gene,1537
cnv_depth__IBNLCO_05412__IBNLCO_05412__gene__promoter,1049
cnv_depth__IBNLCO_05413__IBNLCO_05413__gene,661
cnv_depth__IBNLCO_05413__Metal-dependent__CDS__promoter,979
cnv_depth__IBNLCO_05414__IBNLCO_05414__gene__promoter,2794
cnv_depth__IBNLCO_05415__Acetoacetyl-CoA__CDS,2026
cnv_depth__IBNLCO_05415__IBNLCO_05415__gene__promoter,1176
cnv_depth__IBNLCO_05416__IBNLCO_05416__gene__promoter,1463
cnv_depth__IBNLCO_05416__Fumarate/nitrate__CDS,2335
cnv_depth__IBNLCO_05417__alcohol__CDS,1239
cnv_depth__IBNLCO_05418__DUF3562__CDS,771
cnv_depth__IBNLCO_05417__IBNLCO_05417__gene__promoter,771
cnv_depth__IBNLCO_05418__IBNLCO_05418__gene__promoter,501
cnv_depth__IBNLCO_05419__IBNLCO_05419__gene__promoter,1156
cnv_depth__IBNLCO_05419__DUF3564__CDS,965
cnv_depth__IBNLCO_05420__Metal__CDS,3478
cnv_depth__IBNLCO_05420__IBNLCO_05420__gene__promoter,1052
cnv_depth__IBNLCO_05421__Cytokinin__CDS__promoter,2512
cnv_depth__IBNLCO_05421__Cytokinin__CDS,681
cnv_depth__IBNLCO_05422__IBNLCO_05422__gene__promoter,789
cnv_depth__IBNLCO_05422__STAS__CDS,630
cnv_depth__IBNLCO_05423__IBNLCO_05423__gene__promoter,757
cnv_depth__IBNLCO_05424__hypothetical__CDS,1457
cnv_depth__IBNLCO_05424__IBNLCO_05424__gene__promoter,98
cnv_depth__IBNLCO_05425__hypothetical__CDS,98
cnv_depth__IBNLCO_05426__Adenylyl-sulfate__CDS,3231
cnv_depth__IBNLCO_05425__IBNLCO_05425__gene__promoter,2618
cnv_depth__IBNLCO_05426__IBNLCO_05426__gene__promoter,742
cnv_depth__IBNLCO_05427__Chemotaxis__CDS__promoter,4044
cnv_depth__IBNLCO_05428__NodB-like__CDS__promoter,1694
cnv_depth__IBNLCO_05429__IBNLCO_05429__gene,1034
cnv_depth__IBNLCO_05429__Efflux__CDS__promoter,2111
cnv_depth__IBNLCO_05431__hrtA__gene,471
cnv_depth__IBNLCO_05430__IBNLCO_05430__gene__promoter,2739
cnv_depth__IBNLCO_05431__Putative__CDS__promoter,724
cnv_depth__IBNLCO_05432__ABC3__CDS,1320
cnv_depth__IBNLCO_05433__gnl|Bakta|IBNLCO_05433__CDS,154
cnv_depth__IBNLCO_05432__ABC3__CDS__promoter,154
cnv_depth__IBNLCO_05433__IBNLCO_05433__gene__promoter,1630
cnv_depth__IBNLCO_05434__Universal__CDS,1419
cnv_depth__IBNLCO_05434__Universal__CDS__promoter,1752
cnv_depth__IBNLCO_05435__IBNLCO_05435__gene,1420
cnv_depth__IBNLCO_05435__TetR-family__CDS__promoter,4472
cnv_depth__IBNLCO_05436__Outer__CDS__promoter,703
cnv_depth__IBNLCO_05436__oprM__gene,853
cnv_depth__IBNLCO_05437__HlyD__CDS__promoter,1351
cnv_depth__IBNLCO_05437__HlyD__CDS,821
cnv_depth__IBNLCO_05438__Ribosome-dependent__CDS__promoter,1307
cnv_depth__IBNLCO_05439__IBNLCO_05439__gene__promoter,622
cnv_depth__IBNLCO_05439__Transport__CDS,778
cnv_depth__IBNLCO_05440__IBNLCO_05440__gene__promoter,4040
cnv_depth__IBNLCO_05441__IBNLCO_05441__gene,756
cnv_depth__IBNLCO_05441__IBNLCO_05441__gene__promoter,959
cnv_depth__IBNLCO_05442__DUF1269__CDS__promoter,616
cnv_depth__IBNLCO_05442__DUF1269__CDS,2235
cnv_depth__IBNLCO_05443__hypothetical__CDS,1211
cnv_depth__IBNLCO_05443__IBNLCO_05443__gene__promoter,1499
cnv_depth__IBNLCO_05444__IBNLCO_05444__gene,2740
cnv_depth__IBNLCO_05444__Alcohol__CDS__promoter,999
cnv_depth__IBNLCO_05445__ATP__CDS,808
cnv_depth__IBNLCO_05446__IBNLCO_05446__gene,2153
cnv_depth__IBNLCO_05445__ATP__CDS__promoter,2259
cnv_depth__IBNLCO_05447__IBNLCO_05447__gene,1005
cnv_depth__IBNLCO_05446__hypothetical__CDS__promoter,4338
cnv_depth__IBNLCO_05447__IBNLCO_05447__gene__promoter,329
cnv_depth__IBNLCO_05448__IBNLCO_05448__gene,329
cnv_depth__IBNLCO_05449__IBNLCO_05449__gene,934
cnv_depth__IBNLCO_05448__IBNLCO_05448__gene__promoter,982
cnv_depth__IBNLCO_05450__atpR__gene,220
cnv_depth__IBNLCO_05449__ATP__CDS__promoter,220
cnv_depth__IBNLCO_05451__IBNLCO_05451__gene,1151
cnv_depth__IBNLCO_05450__atpR__gene__promoter,3592
cnv_depth__IBNLCO_05452__IBNLCO_05452__gene,1131
cnv_depth__IBNLCO_05451__ATP__CDS__promoter,4699
cnv_depth__IBNLCO_05453__IBNLCO_05453__gene,1970
cnv_depth__IBNLCO_05452__IBNLCO_05452__gene__promoter,970
cnv_depth__IBNLCO_05453__IBNLCO_05453__gene__promoter,1117
cnv_depth__IBNLCO_05454__IBNLCO_05454__gene__promoter,1340
cnv_depth__IBNLCO_05455__IBNLCO_05455__gene__promoter,730
cnv_depth__IBNLCO_05455__Phosphate__CDS,1560
cnv_depth__IBNLCO_05456__IBNLCO_05456__gene__promoter,1641
cnv_depth__IBNLCO_05456__IBNLCO_05456__gene,723
cnv_depth__IBNLCO_05457__IBNLCO_05457__gene,1668
cnv_depth__IBNLCO_05457__IBNLCO_05457__gene__promoter,4436
cnv_depth__IBNLCO_05458__IBNLCO_05458__gene,1488
cnv_depth__IBNLCO_05458__IBNLCO_05458__gene__promoter,980
cnv_depth__IBNLCO_05459__IBNLCO_05459__gene__promoter,2156
cnv_depth__IBNLCO_05459__IBNLCO_05459__gene,2415
cnv_depth__IBNLCO_05460__IBNLCO_05460__gene,1145
cnv_depth__IBNLCO_05460__IBNLCO_05460__gene__promoter,2374
cnv_depth__IBNLCO_05461__Thymidine__CDS,575
cnv_depth__IBNLCO_05461__Thymidine__CDS__promoter,905
cnv_depth__IBNLCO_05462__Beta-lactoglobulin__CDS__promoter,1438
cnv_depth__IBNLCO_05462__Beta-lactoglobulin__CDS,1717
cnv_depth__IBNLCO_05463__Deoxyribose-phosphate__CDS,1414
cnv_depth__IBNLCO_05463__Deoxyribose-phosphate__CDS__promoter,1402
cnv_depth__IBNLCO_05464__Nucleoside__CDS__promoter,1113
cnv_depth__IBNLCO_05465__Pyridoxamine__CDS,4318
cnv_depth__IBNLCO_05465__IBNLCO_05465__gene__promoter,619
cnv_depth__IBNLCO_05466__yfcG__gene,1572
cnv_depth__IBNLCO_05466__Disulfide-bond__CDS__promoter,4590
cnv_depth__IBNLCO_05467__dmlR__gene__promoter,939
cnv_depth__IBNLCO_05467__dmlR__gene,1507
cnv_depth__IBNLCO_05468__IBNLCO_05468__gene,732
cnv_depth__IBNLCO_05469__Oxidoreductase__CDS__promoter,470
cnv_depth__IBNLCO_05468__IBNLCO_05468__gene__promoter,2063
cnv_depth__IBNLCO_05470__ethA__gene__promoter,1436
cnv_depth__IBNLCO_05470__ethA__gene,1287
cnv_depth__IBNLCO_05471__IBNLCO_05471__gene__promoter,1263
cnv_depth__IBNLCO_05471__Proline__CDS,2248
cnv_depth__IBNLCO_05472__diguanylate__CDS__promoter,2793
cnv_depth__IBNLCO_05472__diguanylate__CDS,4813
cnv_depth__IBNLCO_05473__hypothetical__CDS__promoter,1373
cnv_depth__IBNLCO_05473__IBNLCO_05473__gene,2289
cnv_depth__IBNLCO_05474__gnl|Bakta|IBNLCO_05474__CDS__promoter,2091
cnv_depth__IBNLCO_05474__gnl|Bakta|IBNLCO_05474__CDS,963
cnv_depth__IBNLCO_05475__IBNLCO_05475__gene__promoter,631
cnv_depth__IBNLCO_05475__IBNLCO_05475__gene,1006
cnv_depth__IBNLCO_05476__IBNLCO_05476__gene__promoter,4828
cnv_depth__IBNLCO_05477__O-antigen__CDS__promoter,669
cnv_depth__IBNLCO_05477__O-antigen__CDS,612
cnv_depth__IBNLCO_05478__Glycoside__CDS__promoter,1378
cnv_depth__IBNLCO_05478__Glycoside__CDS,886
cnv_depth__IBNLCO_05479__IBNLCO_05479__gene__promoter,2223
cnv_depth__IBNLCO_05479__IBNLCO_05479__gene,1116
cnv_depth__IBNLCO_05480__hypothetical__CDS__promoter,1736
cnv_depth__IBNLCO_05480__IBNLCO_05480__gene,1993
cnv_depth__IBNLCO_05481__hypothetical__CDS__promoter,822
cnv_depth__IBNLCO_05481__IBNLCO_05481__gene,952
cnv_depth__IBNLCO_05482__Metal/formaldehyde-sensitive__CDS__promoter,1460
cnv_depth__IBNLCO_05482__IBNLCO_05482__gene,397
cnv_depth__IBNLCO_05483__CDF__CDS__promoter,397
cnv_depth__IBNLCO_05483__dmeF__gene,902
cnv_depth__IBNLCO_05484__Putative__CDS__promoter,805
cnv_depth__IBNLCO_05484__IBNLCO_05484__gene,1033
cnv_depth__IBNLCO_05485__Nucleoside__CDS__promoter,1327
cnv_depth__IBNLCO_05485__IBNLCO_05485__gene,2178
cnv_depth__IBNLCO_05486__hypothetical__CDS__promoter,2253
cnv_depth__IBNLCO_05487__DUF3025__CDS__promoter,502
cnv_depth__IBNLCO_05487__IBNLCO_05487__gene,1977
cnv_depth__IBNLCO_05488__IBNLCO_05488__gene__promoter,1370
cnv_depth__IBNLCO_05488__Calcineurin-like__CDS,1384
cnv_depth__IBNLCO_05489__Fucose-specific__CDS__promoter,1398
cnv_depth__IBNLCO_05489__IBNLCO_05489__gene,1060
cnv_depth__IBNLCO_05490__IBNLCO_05490__gene__promoter,2518
cnv_depth__IBNLCO_05490__IBNLCO_05490__gene,4035
cnv_depth__IBNLCO_05491__IBNLCO_05491__gene,978
cnv_depth__IBNLCO_05491__IBNLCO_05491__gene__promoter,1539
cnv_depth__IBNLCO_05492__IBNLCO_05492__gene__promoter,1533
cnv_depth__IBNLCO_05492__IBNLCO_05492__gene,1243
cnv_depth__IBNLCO_05493__Xaa-Pro__CDS,716
cnv_depth__IBNLCO_05493__Xaa-Pro__CDS__promoter,1967
cnv_depth__IBNLCO_05494__Serine__CDS,743
cnv_depth__IBNLCO_05494__IBNLCO_05494__gene__promoter,2367
cnv_depth__IBNLCO_05495__IBNLCO_05495__gene__promoter,2108
cnv_depth__IBNLCO_05495__Heavy__CDS,129
cnv_depth__IBNLCO_05496__IBNLCO_05496__gene__promoter,129
cnv_depth__IBNLCO_05496__Sensor__CDS,4638
cnv_depth__IBNLCO_05497__DUF4148__CDS__promoter,2039
cnv_depth__IBNLCO_05497__DUF4148__CDS,1882
cnv_depth__IBNLCO_05498__OXA-42__CDS,2095
cnv_depth__IBNLCO_05498__OXA-42__CDS__promoter,706
cnv_depth__IBNLCO_05499__40-residue__CDS,2378
cnv_depth__IBNLCO_05499__40-residue__CDS__promoter,1111
cnv_depth__IBNLCO_05500__Iron__CDS,770
cnv_depth__IBNLCO_05500__IBNLCO_05500__gene__promoter,396
cnv_depth__IBNLCO_05501__IBNLCO_05501__gene,396
cnv_depth__IBNLCO_05501__IBNLCO_05501__gene__promoter,1372
cnv_depth__IBNLCO_05502__IBNLCO_05502__gene,762
cnv_depth__IBNLCO_05502__Nitrogen__CDS__promoter,593
cnv_depth__IBNLCO_05503__hypothetical__CDS,593
cnv_depth__IBNLCO_05503__IBNLCO_05503__gene__promoter,1701
cnv_depth__IBNLCO_05504__Glutamate/aspartate__CDS,1118
cnv_depth__IBNLCO_05504__IBNLCO_05504__gene__promoter,1097
cnv_depth__IBNLCO_05505__IBNLCO_05505__gene__promoter,2216
cnv_depth__IBNLCO_05505__DUF411__CDS,4270
cnv_depth__IBNLCO_05506__gnl|Bakta|IBNLCO_05506__CDS,1147
cnv_depth__IBNLCO_05506__IBNLCO_05506__gene__promoter,2349
cnv_depth__IBNLCO_05507__prnA__gene__promoter,555
cnv_depth__IBNLCO_05507__prnA__gene,2345
cnv_depth__IBNLCO_05508__prnB__gene__promoter,1846
cnv_depth__IBNLCO_05508__prnB__gene,2396
cnv_depth__IBNLCO_05509__prnC__gene__promoter,922
cnv_depth__IBNLCO_05509__prnC__gene,554
cnv_depth__IBNLCO_05510__prnD__gene__promoter,250
cnv_depth__IBNLCO_05510__prnD__gene,2276
cnv_depth__IBNLCO_05511__IBNLCO_05511__gene,1197
cnv_depth__IBNLCO_05511__IBNLCO_05511__gene__promoter,204
cnv_depth__IBNLCO_05512__AB__CDS,204
cnv_depth__IBNLCO_05512__IBNLCO_05512__gene__promoter,533
cnv_depth__IBNLCO_05513__hypothetical__CDS__promoter,1031
cnv_depth__IBNLCO_05513__IBNLCO_05513__gene,1012
cnv_depth__IBNLCO_05514__IBNLCO_05514__gene,410
cnv_depth__IBNLCO_05514__Glutamine--fructose-6-phosphate__CDS__promoter,984
cnv_depth__IBNLCO_05515__Alginate__CDS,930
cnv_depth__IBNLCO_05515__IBNLCO_05515__gene__promoter,636
cnv_depth__IBNLCO_05516__Outer__CDS,2117
cnv_depth__IBNLCO_05516__Outer__CDS__promoter,4145
cnv_depth__IBNLCO_05517__Transmembrane__CDS,899
cnv_depth__IBNLCO_05517__Transmembrane__CDS__promoter,1446
cnv_depth__IBNLCO_05518__YaiO__CDS,1911
cnv_depth__IBNLCO_05518__yaiO__gene__promoter,2348
cnv_depth__IBNLCO_05519__N-acetylglucosamine-1-phosphate__CDS,986
cnv_depth__IBNLCO_05519__N-acetylglucosamine-1-phosphate__CDS__promoter,1184
cnv_depth__IBNLCO_05520__Inner__CDS,649
cnv_depth__IBNLCO_05520__Inner__CDS__promoter,816
cnv_depth__IBNLCO_05521__UDP-N-acetylglucosamine__CDS__promoter,1089
cnv_depth__IBNLCO_05522__tRNA-Val(gac)__tRNA,1105
cnv_depth__IBNLCO_05523__hypothetical__CDS__promoter,390
cnv_depth__IBNLCO_05522__trnV__gene__promoter,390
cnv_depth__IBNLCO_05523__IBNLCO_05523__gene,812
cnv_depth__IBNLCO_05524__nhaR__gene,350
cnv_depth__IBNLCO_05525__terC__gene__promoter,2391
cnv_depth__IBNLCO_05524__nhaR__gene__promoter,1613
cnv_depth__IBNLCO_05525__terC__gene,665
cnv_depth__IBNLCO_05526__Transcription__CDS__promoter,885
cnv_depth__IBNLCO_05526__IBNLCO_05526__gene,740
cnv_depth__IBNLCO_05527__CENP-V/GFA__CDS__promoter,755
cnv_depth__IBNLCO_05527__CENP-V/GFA__CDS,1534
cnv_depth__IBNLCO_05528__IBNLCO_05528__gene,753
cnv_depth__IBNLCO_05529__IBNLCO_05529__gene__promoter,828
cnv_depth__IBNLCO_05528__Sphinganine-1-phosphate__CDS__promoter,828
cnv_depth__IBNLCO_05529__IBNLCO_05529__gene,1555
cnv_depth__IBNLCO_05530__Chemotaxis__CDS__promoter,1917
cnv_depth__IBNLCO_05530__IBNLCO_05530__gene,775
cnv_depth__IBNLCO_05531__IBNLCO_05531__gene,2330
cnv_depth__IBNLCO_05531__IBNLCO_05531__gene__promoter,2119
cnv_depth__IBNLCO_05532__IBNLCO_05532__gene,880
cnv_depth__IBNLCO_05532__IBNLCO_05532__gene__promoter,3144
cnv_depth__IBNLCO_05533__IBNLCO_05533__gene,1079
cnv_depth__IBNLCO_05533__IBNLCO_05533__gene__promoter,1749
cnv_depth__IBNLCO_05534__IBNLCO_05534__gene,1813
cnv_depth__IBNLCO_05534__SH3__CDS__promoter,1649
cnv_depth__IBNLCO_05535__TetR__CDS,1453
cnv_depth__IBNLCO_05535__TetR__CDS__promoter,915
cnv_depth__IBNLCO_05536__IS5__CDS__promoter,1396
cnv_depth__IBNLCO_05536__tnp__gene,2906
cnv_depth__IBNLCO_05537__Acyl-CoA__CDS,945
cnv_depth__IBNLCO_05537__Acyl-CoA__CDS__promoter,1768
cnv_depth__IBNLCO_05538__IBNLCO_05538__gene__promoter,2960
cnv_depth__IBNLCO_05538__Peroxisomal__CDS,614
cnv_depth__IBNLCO_05539__IBNLCO_05539__gene__promoter,1214
cnv_depth__IBNLCO_05539__Methylcrotonoyl-CoA__CDS,1304
cnv_depth__IBNLCO_05540__Citronellyl-CoA__CDS__promoter,1169
cnv_depth__IBNLCO_05540__Citronellyl-CoA__CDS,699
cnv_depth__IBNLCO_05541__IBNLCO_05541__gene__promoter,2110
cnv_depth__IBNLCO_05541__Enoyl-CoA__CDS,916
cnv_depth__IBNLCO_05542__IBNLCO_05542__gene__promoter,344
cnv_depth__IBNLCO_05542__Geranyl-CoA__CDS,1088
cnv_depth__IBNLCO_05543__IBNLCO_05543__gene__promoter,1269
cnv_depth__IBNLCO_05544__AMP-binding__CDS__promoter,1582
cnv_depth__IBNLCO_05545__gnl|Bakta|IBNLCO_05545__CDS__promoter,769
cnv_depth__IBNLCO_05545__jamB__gene,426
cnv_depth__IBNLCO_05546__Carrier__CDS__promoter,489
cnv_depth__IBNLCO_05546__Carrier__CDS,810
cnv_depth__IBNLCO_05547__Cyclopropane-fatty-acyl-phospholipid__CDS__promoter,810
cnv_depth__IBNLCO_05547__Cyclopropane-fatty-acyl-phospholipid__CDS,1662
cnv_depth__IBNLCO_05548__Fatty__CDS__promoter,3074
cnv_depth__IBNLCO_05548__Fatty__CDS,870
cnv_depth__IBNLCO_05549__Amidohydrolase-related__CDS__promoter,1385
cnv_depth__IBNLCO_05549__IBNLCO_05549__gene,610
cnv_depth__IBNLCO_05550__Inner__CDS__promoter,634
cnv_depth__IBNLCO_05551__Thioesterase__CDS__promoter,726
cnv_depth__IBNLCO_05551__Thioesterase__CDS,1173
cnv_depth__IBNLCO_05552__AB__CDS__promoter,558
cnv_depth__IBNLCO_05552__IBNLCO_05552__gene,777
cnv_depth__IBNLCO_05553__GDP-mannose__CDS__promoter,1417
cnv_depth__IBNLCO_05553__GDP-mannose__CDS,3697
cnv_depth__IBNLCO_05554__IS__CDS__promoter,1520
cnv_depth__IBNLCO_05554__IS__CDS,718
cnv_depth__IBNLCO_05555__hypothetical__CDS__promoter,4676
cnv_depth__IBNLCO_05555__hypothetical__CDS,1848
cnv_depth__IBNLCO_05556__IBNLCO_05556__gene,15
cnv_depth__IBNLCO_05557__tnp__gene,290
cnv_depth__IBNLCO_05556__Insertion__CDS__promoter,290
cnv_depth__IBNLCO_05557__tnp__gene__promoter,691
cnv_depth__IBNLCO_05558__IBNLCO_05558__gene,744
cnv_depth__IBNLCO_05559__IBNLCO_05559__gene,531
cnv_depth__IBNLCO_05558__IBNLCO_05558__gene__promoter,598
cnv_depth__IBNLCO_05559__IBNLCO_05559__gene__promoter,1126
cnv_depth__IBNLCO_05560__cdiI__gene,1667
cnv_depth__IBNLCO_05560__cdiI__gene__promoter,834
cnv_depth__IBNLCO_05561__cdiA-2__gene,544
cnv_depth__IBNLCO_05561__cdiA-2__gene__promoter,572
cnv_depth__IBNLCO_05562__IBNLCO_05562__gene,572
cnv_depth__IBNLCO_05562__Immunity__CDS__promoter,572
cnv_depth__IBNLCO_05563__RHS__CDS,713
cnv_depth__IBNLCO_05563__RHS__CDS__promoter,150
cnv_depth__IBNLCO_05564__IBNLCO_05564__gene,150
cnv_depth__IBNLCO_05564__Tetratricopeptide__CDS__promoter,150
cnv_depth__IBNLCO_05565__hypothetical__CDS,150
cnv_depth__IBNLCO_05565__hypothetical__CDS__promoter,150
cnv_depth__IBNLCO_05566__hypothetical__CDS,531
cnv_depth__IBNLCO_05566__hypothetical__CDS__promoter,266
cnv_depth__IBNLCO_05567__IBNLCO_05567__gene,266
cnv_depth__IBNLCO_05567__hypothetical__CDS__promoter,14
cnv_depth__IBNLCO_05568__IBNLCO_05568__gene,14
cnv_depth__IBNLCO_05569__IBNLCO_05569__gene,315
cnv_depth__IBNLCO_05568__IBNLCO_05568__gene__promoter,315
cnv_depth__IBNLCO_05569__IBNLCO_05569__gene__promoter,1154
cnv_depth__IBNLCO_05570__IBNLCO_05570__gene,291
cnv_depth__IBNLCO_05570__IBNLCO_05570__gene__promoter,291
cnv_depth__IBNLCO_05571__hypothetical__CDS,291
cnv_depth__IBNLCO_05571__hypothetical__CDS__promoter,2189
cnv_depth__IBNLCO_05572__sn-glycerol-3-phosphate__CDS,291
cnv_depth__IBNLCO_05572__sn-glycerol-3-phosphate__CDS__promoter,291
cnv_depth__IBNLCO_05573__L-arabinose__CDS,291
cnv_depth__IBNLCO_05573__araP__gene__promoter,291
cnv_depth__IBNLCO_05574__IBNLCO_05574__gene,291
cnv_depth__IBNLCO_05574__putative__CDS__promoter,291
cnv_depth__IBNLCO_05575__ugpC__gene,291
cnv_depth__IBNLCO_05575__ugpC__gene__promoter,291
cnv_depth__IBNLCO_05576__CBM6__CDS,2377
cnv_depth__IBNLCO_05576__CBM6__CDS__promoter,1201
cnv_depth__IBNLCO_05577__Ribose__CDS,53
cnv_depth__IBNLCO_05577__IBNLCO_05577__gene__promoter,294
cnv_depth__IBNLCO_05578__IBNLCO_05578__gene__promoter,294
cnv_depth__IBNLCO_05578__IBNLCO_05578__gene,1809
cnv_depth__IBNLCO_05579__IBNLCO_05579__gene__promoter,2024
cnv_depth__IBNLCO_05579__IBNLCO_05579__gene,32
cnv_depth__IBNLCO_05580__hypothetical__CDS,1478
cnv_depth__IBNLCO_05581__IBNLCO_05581__gene,2382
cnv_depth__IBNLCO_05580__hypothetical__CDS__promoter,901
cnv_depth__IBNLCO_05582__IBNLCO_05582__gene,131
cnv_depth__IBNLCO_05581__IBNLCO_05581__gene__promoter,131
cnv_depth__IBNLCO_05582__DUF4123__CDS__promoter,2217
cnv_depth__IBNLCO_05583__IBNLCO_05583__gene,601
cnv_depth__IBNLCO_05583__IBNLCO_05583__gene__promoter,2218
cnv_depth__IBNLCO_05584__clpB__gene__promoter,305
cnv_depth__IBNLCO_05585__Type__CDS__promoter,1365
cnv_depth__IBNLCO_05586__Type__CDS__promoter,1918
cnv_depth__IBNLCO_05587__IBNLCO_05587__gene,2094
cnv_depth__IBNLCO_05587__IraD/Gp25-like__CDS__promoter,6482
cnv_depth__IBNLCO_05588__IBNLCO_05588__gene,1998
cnv_depth__IBNLCO_05588__IBNLCO_05588__gene__promoter,3497
cnv_depth__IBNLCO_05589__Type__CDS,937
cnv_depth__IBNLCO_05590__tssB1__gene,1059
cnv_depth__IBNLCO_05589__Type__CDS__promoter,3013
cnv_depth__IBNLCO_05590__Type__CDS__promoter,694
cnv_depth__IBNLCO_05591__ImpA__CDS,933
cnv_depth__IBNLCO_05591__ImpA__CDS__promoter,1127
cnv_depth__IBNLCO_05592__IBNLCO_05592__gene,1290
cnv_depth__IBNLCO_05592__IBNLCO_05592__gene__promoter,659
cnv_depth__IBNLCO_05593__tagF__gene,1356
cnv_depth__IBNLCO_05593__tagF__gene__promoter,989
cnv_depth__IBNLCO_05594__Type__CDS__promoter,2355
cnv_depth__IBNLCO_05595__IBNLCO_05595__gene,8570
cnv_depth__IBNLCO_05595__OmpA-like__CDS__promoter,1119
cnv_depth__IBNLCO_05597__IBNLCO_05597__gene,2208
cnv_depth__IBNLCO_05596__tssK1__gene__promoter,1040
cnv_depth__IBNLCO_05597__IBNLCO_05597__gene__promoter,1140
cnv_depth__IBNLCO_05598__IBNLCO_05598__gene__promoter,2207
cnv_depth__IBNLCO_05598__IBNLCO_05598__gene,635
cnv_depth__IBNLCO_05599__FHA-family__CDS__promoter,1177
cnv_depth__IBNLCO_05600__IBNLCO_05600__gene__promoter,1318
cnv_depth__IBNLCO_05601__FAD-binding__CDS__promoter,1506
cnv_depth__IBNLCO_05602__Chorismate__CDS__promoter,711
cnv_depth__IBNLCO_05602__IBNLCO_05602__gene,923
cnv_depth__IBNLCO_05603__hypothetical__CDS__promoter,676
cnv_depth__IBNLCO_05603__IBNLCO_05603__gene,969
cnv_depth__IBNLCO_05604__IBNLCO_05604__gene,308
cnv_depth__IBNLCO_05605__hypothetical__CDS__promoter,567
cnv_depth__IBNLCO_05604__3-oxoacyl-[acyl-carrier-protein]__CDS__promoter,567
cnv_depth__IBNLCO_05605__IBNLCO_05605__gene,2724
cnv_depth__IBNLCO_05606__putative__CDS,1344
cnv_depth__IBNLCO_05607__lysR__gene__promoter,1142
cnv_depth__IBNLCO_05606__IBNLCO_05606__gene__promoter,3134
cnv_depth__IBNLCO_05608__IBNLCO_05608__gene,1045
cnv_depth__IBNLCO_05608__gnl|Bakta|IBNLCO_05608__CDS__promoter,2021
cnv_depth__IBNLCO_05609__Rhodanese-related__CDS,1071
cnv_depth__IBNLCO_05610__gnl|Bakta|IBNLCO_05610__CDS__promoter,1174
cnv_depth__IBNLCO_05609__IBNLCO_05609__gene__promoter,2562
cnv_depth__IBNLCO_05610__gnl|Bakta|IBNLCO_05610__CDS,3504
cnv_depth__IBNLCO_05611__IBNLCO_05611__gene__promoter,1167
cnv_depth__IBNLCO_05611__IBNLCO_05611__gene,722
cnv_depth__IBNLCO_05612__cysteine__CDS__promoter,1452
cnv_depth__IBNLCO_05612__cysteine__CDS,2017
cnv_depth__IBNLCO_05613__Major__CDS__promoter,824
cnv_depth__IBNLCO_05613__IBNLCO_05613__gene,2112
cnv_depth__IBNLCO_05614__lysR__gene__promoter,1815
cnv_depth__IBNLCO_05614__LysR__CDS,1172
cnv_depth__IBNLCO_05615__Alpha-hydroxy-acid__CDS__promoter,1020
cnv_depth__IBNLCO_05616__ureidoglycolate__CDS,2620
cnv_depth__IBNLCO_05616__ureidoglycolate__CDS__promoter,709
cnv_depth__IBNLCO_05617__Transcriptional__CDS__promoter,1161
cnv_depth__IBNLCO_05618__IBNLCO_05618__gene__promoter,3442
cnv_depth__IBNLCO_05618__hypothetical__CDS,1125
cnv_depth__IBNLCO_05619__H-NS__CDS__promoter,2123
cnv_depth__IBNLCO_05619__H-NS__CDS,1338
cnv_depth__IBNLCO_05620__N-acetyltransferase__CDS,841
cnv_depth__IBNLCO_05620__IBNLCO_05620__gene__promoter,128
cnv_depth__IBNLCO_05621__IBNLCO_05621__gene__promoter,128
cnv_depth__IBNLCO_05621__IBNLCO_05621__gene,972
cnv_depth__IBNLCO_05622__IBNLCO_05622__gene,1074
cnv_depth__IBNLCO_05622__DNA-binding__CDS__promoter,557
cnv_depth__IBNLCO_05623__BON__CDS,2561
cnv_depth__IBNLCO_05623__IBNLCO_05623__gene__promoter,921
cnv_depth__IBNLCO_05624__IBNLCO_05624__gene,518
cnv_depth__IBNLCO_05624__IBNLCO_05624__gene__promoter,2416
cnv_depth__IBNLCO_05625__Uncharacterized__CDS__promoter,813
cnv_depth__IBNLCO_05625__yxjC__gene,1651
cnv_depth__IBNLCO_05626__IBNLCO_05626__gene__promoter,721
cnv_depth__IBNLCO_05626__IBNLCO_05626__gene,3217
cnv_depth__IBNLCO_05627__Rhodanese__CDS__promoter,1309
cnv_depth__IBNLCO_05627__IBNLCO_05627__gene,644
cnv_depth__IBNLCO_05628__IBNLCO_05628__gene,1544
cnv_depth__IBNLCO_05628__IBNLCO_05628__gene__promoter,1598
cnv_depth__IBNLCO_05629__IBNLCO_05629__gene,1195
cnv_depth__IBNLCO_05630__lktB__gene,818
cnv_depth__IBNLCO_05629__IBNLCO_05629__gene__promoter,3100
cnv_depth__IBNLCO_05630__lktB__gene__promoter,466
cnv_depth__IBNLCO_05631__IBNLCO_05631__gene,2318
cnv_depth__IBNLCO_05631__IBNLCO_05631__gene__promoter,2096
cnv_depth__IBNLCO_05632__IBNLCO_05632__gene,1996
cnv_depth__IBNLCO_05632__IBNLCO_05632__gene__promoter,1480
cnv_depth__IBNLCO_05633__Solute-binding__CDS,32
cnv_depth__IBNLCO_05633__IBNLCO_05633__gene__promoter,2019
cnv_depth__IBNLCO_05634__IBNLCO_05634__gene,3820
cnv_depth__IBNLCO_05634__HTH__CDS__promoter,2413
cnv_depth__IBNLCO_05635__IBNLCO_05635__gene__promoter,490
cnv_depth__IBNLCO_05635__Amino__CDS,2205
cnv_depth__IBNLCO_05636__hypothetical__CDS__promoter,750
cnv_depth__IBNLCO_05636__hypothetical__CDS,675
cnv_depth__IBNLCO_05637__SPOR__CDS__promoter,1751
cnv_depth__IBNLCO_05638__lysR__gene,1984
cnv_depth__IBNLCO_05638__LysR__CDS__promoter,625
cnv_depth__IBNLCO_05639__IBNLCO_05639__gene,33
cnv_depth__IBNLCO_05640__IBNLCO_05640__gene,573
cnv_depth__IBNLCO_05639__Cyclase__CDS__promoter,2158
cnv_depth__IBNLCO_05641__IBNLCO_05641__gene,1144
cnv_depth__IBNLCO_05640__MmgE/Prp__CDS__promoter,2337
cnv_depth__IBNLCO_05642__Succinyl-CoA--L-malate__CDS,1166
cnv_depth__IBNLCO_05641__(3S)-malyl-CoA__CDS__promoter,514
cnv_depth__IBNLCO_05642__Succinyl-CoA--L-malate__CDS__promoter,1055
cnv_depth__IBNLCO_05643__Zinc-binding__CDS,776
cnv_depth__IBNLCO_05643__Zinc-binding__CDS__promoter,9
cnv_depth__IBNLCO_05644__IBNLCO_05644__gene,9
cnv_depth__IBNLCO_05644__gnl|Bakta|IBNLCO_05644__CDS__promoter,1150
cnv_depth__IBNLCO_05645__MFS__CDS,2115
cnv_depth__IBNLCO_05645__MFS__CDS__promoter,988
cnv_depth__IBNLCO_05646__IBNLCO_05646__gene,1107
cnv_depth__IBNLCO_05646__IBNLCO_05646__gene__promoter,2142
cnv_depth__IBNLCO_05647__Cyclase__CDS,33
cnv_depth__IBNLCO_05647__Cyclase__CDS__promoter,1881
cnv_depth__IBNLCO_05648__Succinyl-CoA--L-malate__CDS__promoter,1103
cnv_depth__IBNLCO_05649__iclR__gene__promoter,802
cnv_depth__IBNLCO_05650__(3S)-malyl-CoA__CDS__promoter,802
cnv_depth__IBNLCO_05650__IBNLCO_05650__gene,574
cnv_depth__IBNLCO_05651__IBNLCO_05651__gene__promoter,846
cnv_depth__IBNLCO_05652__IBNLCO_05652__gene__promoter,752
cnv_depth__IBNLCO_05653__OpgC__CDS,1206
cnv_depth__IBNLCO_05653__opgC__gene__promoter,1536
cnv_depth__IBNLCO_05655__IBNLCO_05655__gene,388
cnv_depth__IBNLCO_05654__IBNLCO_05654__gene__promoter,388
cnv_depth__IBNLCO_05656__IBNLCO_05656__gene__promoter,321
cnv_depth__IBNLCO_05655__IBNLCO_05655__gene__promoter,321
cnv_depth__IBNLCO_05656__IBNLCO_05656__gene,1688
cnv_depth__IBNLCO_05657__IBNLCO_05657__gene__promoter,332
cnv_depth__IBNLCO_05657__IBNLCO_05657__gene,967
cnv_depth__IBNLCO_05658__IBNLCO_05658__gene,1010
cnv_depth__IBNLCO_05658__IBNLCO_05658__gene__promoter,1361
cnv_depth__IBNLCO_05659__IBNLCO_05659__gene__promoter,991
cnv_depth__IBNLCO_05659__IBNLCO_05659__gene,3240
cnv_depth__IBNLCO_05660__IBNLCO_05660__gene__promoter,795
cnv_depth__IBNLCO_05660__Radical__CDS,1258
cnv_depth__IBNLCO_05661__IBNLCO_05661__gene__promoter,621
cnv_depth__IBNLCO_05662__IBNLCO_05662__gene__promoter,971
cnv_depth__IBNLCO_05663__HTH__CDS__promoter,2203
cnv_depth__IBNLCO_05663__IBNLCO_05663__gene,1265
cnv_depth__IBNLCO_05664__IBNLCO_05664__gene,1143
cnv_depth__IBNLCO_05664__gnl|Bakta|IBNLCO_05664__CDS__promoter,309
cnv_depth__IBNLCO_05665__IBNLCO_05665__gene__promoter,3480
cnv_depth__IBNLCO_05666__IBNLCO_05666__gene,1047
cnv_depth__IBNLCO_05666__IBNLCO_05666__gene__promoter,697
cnv_depth__IBNLCO_05667__IBNLCO_05667__gene,1451
cnv_depth__IBNLCO_05667__IBNLCO_05667__gene__promoter,4092
cnv_depth__IBNLCO_05668__IBNLCO_05668__gene,682
cnv_depth__IBNLCO_05669__IBNLCO_05669__gene__promoter,254
cnv_depth__IBNLCO_05668__IBNLCO_05668__gene__promoter,254
cnv_depth__IBNLCO_05670__VOC__CDS,759
cnv_depth__IBNLCO_05670__IBNLCO_05670__gene__promoter,2406
cnv_depth__IBNLCO_05671__IBNLCO_05671__gene__promoter,1207
cnv_depth__IBNLCO_05671__IBNLCO_05671__gene,1028
cnv_depth__IBNLCO_05672__GtrA/DPMS__CDS,1106
cnv_depth__IBNLCO_05672__GtrA/DPMS__CDS__promoter,320
cnv_depth__IBNLCO_05673__Ubiquinone__CDS__promoter,811
cnv_depth__IBNLCO_05675__Rhodanese__CDS,875
cnv_depth__IBNLCO_05674__IBNLCO_05674__gene__promoter,393
cnv_depth__IBNLCO_05675__IBNLCO_05675__gene__promoter,523
cnv_depth__IBNLCO_05676__IBNLCO_05676__gene__promoter,1022
cnv_depth__IBNLCO_05677__IBNLCO_05677__gene__promoter,1022
cnv_depth__IBNLCO_05677__IBNLCO_05677__gene,449
cnv_depth__IBNLCO_05678__Pilus__CDS__promoter,405
cnv_depth__IBNLCO_05678__Pilus__CDS,1208
cnv_depth__IBNLCO_05679__IBNLCO_05679__gene__promoter,1180
cnv_depth__IBNLCO_05679__IBNLCO_05679__gene,1018
cnv_depth__IBNLCO_05680__IBNLCO_05680__gene__promoter,983
cnv_depth__IBNLCO_05680__IBNLCO_05680__gene,725
cnv_depth__IBNLCO_05681__IBNLCO_05681__gene__promoter,1369
cnv_depth__IBNLCO_05682__SAF__CDS__promoter,352
cnv_depth__IBNLCO_05682__IBNLCO_05682__gene,1386
cnv_depth__IBNLCO_05683__IBNLCO_05683__gene__promoter,791
cnv_depth__IBNLCO_05683__IBNLCO_05683__gene,987
cnv_depth__IBNLCO_05684__IBNLCO_05684__gene__promoter,1303
cnv_depth__IBNLCO_05684__IBNLCO_05684__gene,233
cnv_depth__IBNLCO_05685__IBNLCO_05685__gene__promoter,233
cnv_depth__IBNLCO_05686__IBNLCO_05686__gene__promoter,992
cnv_depth__IBNLCO_05686__IBNLCO_05686__gene,1810
cnv_depth__IBNLCO_05687__TadE-like__CDS__promoter,1581
cnv_depth__IBNLCO_05687__TadE-like__CDS,244
cnv_depth__IBNLCO_05688__IBNLCO_05688__gene__promoter,658
cnv_depth__IBNLCO_05688__Pilus__CDS,438
cnv_depth__IBNLCO_05689__IBNLCO_05689__gene__promoter,792
cnv_depth__IBNLCO_05689__ATP-binding__CDS,1795
cnv_depth__IBNLCO_05690__Type__CDS__promoter,286
cnv_depth__IBNLCO_05690__Type__CDS,607
cnv_depth__IBNLCO_05691__gspF__gene__promoter,940
cnv_depth__IBNLCO_05691__Type__CDS,2072
cnv_depth__IBNLCO_05692__AsnC__CDS,891
cnv_depth__IBNLCO_05692__asnC__gene__promoter,281
cnv_depth__IBNLCO_05693__IBNLCO_05693__gene__promoter,281
cnv_depth__IBNLCO_05693__gnl|Bakta|IBNLCO_05693__CDS,318
cnv_depth__IBNLCO_05694__hypothetical__CDS__promoter,1247
cnv_depth__IBNLCO_05694__IBNLCO_05694__gene,1819
cnv_depth__IBNLCO_05695__Porin__CDS__promoter,1314
cnv_depth__IBNLCO_05695__IBNLCO_05695__gene,704
cnv_depth__IBNLCO_05696__Amino__CDS__promoter,4704
cnv_depth__IBNLCO_05697__gntR__gene,1085
cnv_depth__IBNLCO_05697__gntR__gene__promoter,839
cnv_depth__IBNLCO_05698__IBNLCO_05698__gene,1254
cnv_depth__IBNLCO_05699__IBNLCO_05699__gene,2593
cnv_depth__IBNLCO_05698__IBNLCO_05698__gene__promoter,1001
cnv_depth__IBNLCO_05700__LysR-family__CDS__promoter,389
cnv_depth__IBNLCO_05699__IBNLCO_05699__gene__promoter,389
cnv_depth__IBNLCO_05700__IBNLCO_05700__gene,717
cnv_depth__IBNLCO_05701__IBNLCO_05701__gene__promoter,1297
cnv_depth__IBNLCO_05702__hypothetical__CDS__promoter,2351
cnv_depth__IBNLCO_05702__IBNLCO_05702__gene,231
cnv_depth__IBNLCO_05703__DUF3175__CDS__promoter,231
cnv_depth__IBNLCO_05703__IBNLCO_05703__gene,2049
cnv_depth__IBNLCO_05704__Cation/H+__CDS__promoter,608
cnv_depth__IBNLCO_05704__Cation/H+__CDS,761
cnv_depth__IBNLCO_05705__IBNLCO_05705__gene,1639
cnv_depth__IBNLCO_05705__DNA__CDS__promoter,481
cnv_depth__IBNLCO_05706__hypothetical__CDS__promoter,685
cnv_depth__IBNLCO_05707__DUF421__CDS,351
cnv_depth__IBNLCO_05707__DUF421__CDS__promoter,492
cnv_depth__IBNLCO_05708__Catalase__CDS__promoter,1951
cnv_depth__IBNLCO_05709__DUF3022__CDS,507
cnv_depth__IBNLCO_05709__IBNLCO_05709__gene__promoter,228
cnv_depth__IBNLCO_05710__IBNLCO_05710__gene,228
cnv_depth__IBNLCO_05710__hypothetical__CDS__promoter,345
cnv_depth__IBNLCO_05711__DUF3008__CDS,345
cnv_depth__IBNLCO_05711__DUF3008__CDS__promoter,411
cnv_depth__IBNLCO_05712__IBNLCO_05712__gene,958
cnv_depth__IBNLCO_05712__RNA__CDS__promoter,582
cnv_depth__IBNLCO_05713__IBNLCO_05713__gene__promoter,548
cnv_depth__IBNLCO_05713__IBNLCO_05713__gene,876
cnv_depth__IBNLCO_05714__IBNLCO_05714__gene__promoter,387
cnv_depth__IBNLCO_05714__IBNLCO_05714__gene,1621
cnv_depth__IBNLCO_05715__IBNLCO_05715__gene,1153
cnv_depth__IBNLCO_05715__IBNLCO_05715__gene__promoter,317
cnv_depth__IBNLCO_05716__IBNLCO_05716__gene,491
cnv_depth__IBNLCO_05716__IBNLCO_05716__gene__promoter,1077
cnv_depth__IBNLCO_05717__mipA__gene,1740
cnv_depth__IBNLCO_05717__mipA__gene__promoter,1175
cnv_depth__IBNLCO_05718__IBNLCO_05718__gene,442
cnv_depth__IBNLCO_05718__IBNLCO_05718__gene__promoter,2422
cnv_depth__IBNLCO_05719__IBNLCO_05719__gene,536
cnv_depth__IBNLCO_05719__IBNLCO_05719__gene__promoter,1377
cnv_depth__IBNLCO_05720__hypothetical__CDS,580
cnv_depth__IBNLCO_05721__IBNLCO_05721__gene__promoter,897
cnv_depth__IBNLCO_05720__hypothetical__CDS__promoter,897
cnv_depth__IBNLCO_05721__IBNLCO_05721__gene,889
cnv_depth__IBNLCO_05722__IBNLCO_05722__gene,632
cnv_depth__IBNLCO_05722__IBNLCO_05722__gene__promoter,1210
cnv_depth__IBNLCO_05723__IBNLCO_05723__gene__promoter,996
cnv_depth__IBNLCO_05723__IBNLCO_05723__gene,837
cnv_depth__IBNLCO_05724__IBNLCO_05724__gene__promoter,1566
cnv_depth__IBNLCO_05724__hypothetical__CDS,729
cnv_depth__IBNLCO_05725__IBNLCO_05725__gene,2294
cnv_depth__IBNLCO_05725__DUF4304__CDS__promoter,2044
cnv_depth__IBNLCO_05726__IBNLCO_05726__gene__promoter,340
cnv_depth__IBNLCO_05726__CBS__CDS,499
cnv_depth__IBNLCO_05727__PRC-barrel__CDS__promoter,1009
cnv_depth__IBNLCO_05727__PRC-barrel__CDS,817
cnv_depth__IBNLCO_05728__IBNLCO_05728__gene,4249
cnv_depth__IBNLCO_05729__IBNLCO_05729__gene__promoter,603
cnv_depth__IBNLCO_05728__IBNLCO_05728__gene__promoter,1232
cnv_depth__IBNLCO_05729__IBNLCO_05729__gene,111
cnv_depth__IBNLCO_05730__IBNLCO_05730__gene__promoter,111
cnv_depth__IBNLCO_05730__Type-4__CDS,314
cnv_depth__IBNLCO_05731__Divalent__CDS__promoter,654
cnv_depth__IBNLCO_05731__Divalent__CDS,1718
cnv_depth__IBNLCO_05732__IBNLCO_05732__gene,485
cnv_depth__IBNLCO_05732__IBNLCO_05732__gene__promoter,1426
cnv_depth__IBNLCO_05733__IBNLCO_05733__gene,417
cnv_depth__IBNLCO_05733__DUF892__CDS__promoter,749
cnv_depth__IBNLCO_05734__DUF4142__CDS,678
cnv_depth__IBNLCO_05734__DUF4142__CDS__promoter,879
cnv_depth__IBNLCO_05735__IBNLCO_05735__gene,1571
cnv_depth__IBNLCO_05735__IBNLCO_05735__gene__promoter,543
cnv_depth__IBNLCO_05736__Glycine__CDS,346
cnv_depth__IBNLCO_05736__IBNLCO_05736__gene__promoter,1141
cnv_depth__IBNLCO_05737__DUF2795__CDS,781
cnv_depth__IBNLCO_05737__DUF2795__CDS__promoter,1138
cnv_depth__IBNLCO_05738__SDR__CDS,1102
cnv_depth__IBNLCO_05738__SDR__CDS__promoter,4284
cnv_depth__IBNLCO_05739__gnl|Bakta|IBNLCO_05739__CDS,437
cnv_depth__IBNLCO_05739__IBNLCO_05739__gene__promoter,2376
cnv_depth__IBNLCO_05740__IBNLCO_05740__gene__promoter,374
cnv_depth__IBNLCO_05740__Glycosyl__CDS,883
cnv_depth__IBNLCO_05741__IBNLCO_05741__gene__promoter,158
cnv_depth__IBNLCO_05741__UDP-glucuronate__CDS,1202
cnv_depth__IBNLCO_05742__IBNLCO_05742__gene,950
cnv_depth__IBNLCO_05743__IBNLCO_05743__gene__promoter,112
cnv_depth__IBNLCO_05742__IBNLCO_05742__gene__promoter,112
cnv_depth__IBNLCO_05743__IBNLCO_05743__gene,1078
cnv_depth__IBNLCO_05744__IBNLCO_05744__gene__promoter,432
cnv_depth__IBNLCO_05744__IBNLCO_05744__gene,435
cnv_depth__IBNLCO_05745__Two__CDS__promoter,2141
cnv_depth__IBNLCO_05746__zraR__gene__promoter,960
cnv_depth__IBNLCO_05746__zraR__gene,712
cnv_depth__IBNLCO_05747__IBNLCO_05747__gene,1186
cnv_depth__IBNLCO_05748__IBNLCO_05748__gene,232
cnv_depth__IBNLCO_05747__IBNLCO_05747__gene__promoter,1132
cnv_depth__IBNLCO_05749__Cellulose__CDS,1019
cnv_depth__IBNLCO_05748__IBNLCO_05748__gene__promoter,938
cnv_depth__IBNLCO_05750__IBNLCO_05750__gene,1860
cnv_depth__IBNLCO_05749__IBNLCO_05749__gene__promoter,500
cnv_depth__IBNLCO_05750__gnl|Bakta|IBNLCO_05750__CDS__promoter,660
cnv_depth__IBNLCO_05751__Glycosyltransferase__CDS,460
cnv_depth__IBNLCO_05752__hypothetical__CDS,1418
cnv_depth__IBNLCO_05751__Glycosyltransferase__CDS__promoter,1418
cnv_depth__IBNLCO_05753__IBNLCO_05753__gene,1193
cnv_depth__IBNLCO_05752__hypothetical__CDS__promoter,754
cnv_depth__IBNLCO_05754__IBNLCO_05754__gene,1738
cnv_depth__IBNLCO_05753__IBNLCO_05753__gene__promoter,586
cnv_depth__IBNLCO_05754__IBNLCO_05754__gene__promoter,1123
cnv_depth__IBNLCO_05755__TetR__CDS,1765
cnv_depth__IBNLCO_05755__tetR__gene__promoter,1615
cnv_depth__IBNLCO_05756__Fusion__CDS__promoter,457
cnv_depth__IBNLCO_05757__BON__CDS,372
cnv_depth__IBNLCO_05757__BON__CDS__promoter,328
cnv_depth__IBNLCO_05758__Phosphatidylserine__CDS,741
cnv_depth__IBNLCO_05758__IBNLCO_05758__gene__promoter,2093
cnv_depth__IBNLCO_05759__IBNLCO_05759__gene,868
cnv_depth__IBNLCO_05759__IBNLCO_05759__gene__promoter,478
cnv_depth__IBNLCO_05760__IBNLCO_05760__gene,913
cnv_depth__IBNLCO_05760__IBNLCO_05760__gene__promoter,535
cnv_depth__IBNLCO_05761__gnl|Bakta|IBNLCO_05761__CDS__promoter,380
cnv_depth__IBNLCO_05762__Putative__CDS,483
cnv_depth__IBNLCO_05762__Putative__CDS__promoter,768
cnv_depth__IBNLCO_05763__IBNLCO_05763__gene,1219
cnv_depth__IBNLCO_05763__4'-phosphopantetheinyl__CDS__promoter,767
cnv_depth__IBNLCO_05764__Major__CDS__promoter,475
cnv_depth__IBNLCO_05765__Flavin__CDS,645
cnv_depth__IBNLCO_05766__IBNLCO_05766__gene,274
cnv_depth__IBNLCO_05765__Flavin__CDS__promoter,274
cnv_depth__IBNLCO_05766__hypothetical__CDS__promoter,306
cnv_depth__IBNLCO_05767__IBNLCO_05767__gene,929
cnv_depth__IBNLCO_05767__IBNLCO_05767__gene__promoter,1574
cnv_depth__IBNLCO_05768__IBNLCO_05768__gene,1739
cnv_depth__IBNLCO_05768__Dihydrolipoyl__CDS__promoter,677
cnv_depth__IBNLCO_05769__IBNLCO_05769__gene,357
cnv_depth__IBNLCO_05769__Dihydrolipoamide__CDS__promoter,1619
cnv_depth__IBNLCO_05770__IBNLCO_05770__gene,648
cnv_depth__IBNLCO_05770__IBNLCO_05770__gene__promoter,2124
cnv_depth__IBNLCO_05771__2-oxoisovalerate__CDS,2594
cnv_depth__IBNLCO_05771__2-oxoisovalerate__CDS__promoter,858
cnv_depth__IBNLCO_05772__IBNLCO_05772__gene__promoter,1086
cnv_depth__IBNLCO_05772__Polyketide__CDS,1027
cnv_depth__IBNLCO_05773__Membrane__CDS,1776
cnv_depth__IBNLCO_05773__IBNLCO_05773__gene__promoter,539
cnv_depth__IBNLCO_05774__IBNLCO_05774__gene__promoter,427
cnv_depth__IBNLCO_05774__hypothetical__CDS,790
cnv_depth__IBNLCO_05775__IBNLCO_05775__gene__promoter,949
cnv_depth__IBNLCO_05775__hypothetical__CDS,1821
cnv_depth__IBNLCO_05776__Cholesterol__CDS__promoter,687
cnv_depth__IBNLCO_05777__Ferredoxin--NAD(+)__CDS__promoter,1601
cnv_depth__IBNLCO_05778__traR__gene,1046
cnv_depth__IBNLCO_05778__Conjugal__CDS__promoter,997
cnv_depth__IBNLCO_05779__IBNLCO_05779__gene__promoter,955
cnv_depth__IBNLCO_05779__hypothetical__CDS,615
cnv_depth__IBNLCO_05780__IBNLCO_05780__gene__promoter,738
cnv_depth__IBNLCO_05780__IBNLCO_05780__gene,495
cnv_depth__IBNLCO_05781__IBNLCO_05781__gene__promoter,624
cnv_depth__IBNLCO_05781__Ribonucleoside-diphosphate__CDS,1035
cnv_depth__IBNLCO_05782__IBNLCO_05782__gene__promoter,461
cnv_depth__IBNLCO_05782__IBNLCO_05782__gene,273
cnv_depth__IBNLCO_05783__IBNLCO_05783__gene__promoter,814
cnv_depth__IBNLCO_05783__IBNLCO_05783__gene,736
cnv_depth__IBNLCO_05784__Sulfate__CDS__promoter,884
cnv_depth__IBNLCO_05784__Sulfate__CDS,444
cnv_depth__IBNLCO_05785__IBNLCO_05785__gene,520
cnv_depth__IBNLCO_05785__IBNLCO_05785__gene__promoter,1187
cnv_depth__IBNLCO_05786__IBNLCO_05786__gene__promoter,1308
cnv_depth__IBNLCO_05786__IBNLCO_05786__gene,484
cnv_depth__IBNLCO_05787__SHSP__CDS,1121
cnv_depth__IBNLCO_05787__IBNLCO_05787__gene__promoter,519
cnv_depth__IBNLCO_05788__IBNLCO_05788__gene__promoter,917
cnv_depth__IBNLCO_05789__AMP-binding__CDS__promoter,874
cnv_depth__IBNLCO_05790__GerE__CDS,903
cnv_depth__IBNLCO_05790__gerE__gene__promoter,162
cnv_depth__IBNLCO_05791__uspA__gene__promoter,162
cnv_depth__IBNLCO_05791__UspA__CDS,542
cnv_depth__IBNLCO_05792__IBNLCO_05792__gene__promoter,377
cnv_depth__IBNLCO_05792__IBNLCO_05792__gene,1658
cnv_depth__IBNLCO_05793__IBNLCO_05793__gene__promoter,936
cnv_depth__IBNLCO_05793__IBNLCO_05793__gene,671
cnv_depth__IBNLCO_05794__IBNLCO_05794__gene__promoter,1479
cnv_depth__IBNLCO_05794__3-keto-5-aminohexanoate__CDS,384
cnv_depth__IBNLCO_05795__Major__CDS__promoter,406
cnv_depth__IBNLCO_05795__Major__CDS,948
cnv_depth__IBNLCO_05796__Alpha/beta__CDS__promoter,1135
cnv_depth__IBNLCO_05796__Alpha/beta__CDS,2320
cnv_depth__IBNLCO_05797__IBNLCO_05797__gene__promoter,368
cnv_depth__IBNLCO_05797__DSBA-like__CDS,785
cnv_depth__IBNLCO_05798__IBNLCO_05798__gene__promoter,2168
cnv_depth__IBNLCO_05798__IBNLCO_05798__gene,1094
cnv_depth__IBNLCO_05799__hypothetical__CDS__promoter,1057
cnv_depth__IBNLCO_05799__IBNLCO_05799__gene,1702
cnv_depth__IBNLCO_05800__Dmso__CDS__promoter,1608
cnv_depth__IBNLCO_05800__IBNLCO_05800__gene,640
cnv_depth__IBNLCO_05801__IBNLCO_05801__gene,1137
cnv_depth__IBNLCO_05802__NodB-like__CDS__promoter,1101
cnv_depth__IBNLCO_05801__hypothetical__CDS__promoter,2139
cnv_depth__IBNLCO_05803__DUF4015__CDS__promoter,1158
cnv_depth__IBNLCO_05803__IBNLCO_05803__gene,1280
cnv_depth__IBNLCO_05805__IBNLCO_05805__gene__promoter,656
cnv_depth__IBNLCO_05804__IBNLCO_05804__gene__promoter,293
cnv_depth__IBNLCO_05805__hypothetical__CDS,293
cnv_depth__IBNLCO_05806__Thiol:disulfide__CDS,990
cnv_depth__IBNLCO_05806__dsbD__gene__promoter,1108
cnv_depth__IBNLCO_05807__Porin__CDS,680
cnv_depth__IBNLCO_05807__Porin__CDS__promoter,688
cnv_depth__IBNLCO_05808__IBNLCO_05808__gene,576
cnv_depth__IBNLCO_05808__gnl|Bakta|IBNLCO_05808__CDS__promoter,375
cnv_depth__IBNLCO_05809__hypothetical__CDS__promoter,974
cnv_depth__IBNLCO_05809__hypothetical__CDS,259
cnv_depth__IBNLCO_05810__L-amino__CDS,888
cnv_depth__IBNLCO_05811__Acetyltransferase__CDS,2260
cnv_depth__IBNLCO_05810__aaaT__gene__promoter,1025
cnv_depth__IBNLCO_05811__IBNLCO_05811__gene__promoter,1159
cnv_depth__IBNLCO_05812__Metalloprotease__CDS,731
cnv_depth__IBNLCO_05812__IBNLCO_05812__gene__promoter,652
cnv_depth__IBNLCO_05814__ABC__CDS,1748
cnv_depth__IBNLCO_05813__Putative__CDS__promoter,869
cnv_depth__IBNLCO_05814__ABC__CDS__promoter,175
cnv_depth__IBNLCO_05815__Oxygen__CDS__promoter,553
cnv_depth__IBNLCO_05815__nreB__gene,347
cnv_depth__IBNLCO_05816__Oxygen__CDS__promoter,600
cnv_depth__IBNLCO_05816__Oxygen__CDS,710
cnv_depth__IBNLCO_05817__mlaC__gene,441
cnv_depth__IBNLCO_05817__mlaC__gene__promoter,838
cnv_depth__IBNLCO_05818__tenA__gene,2134
cnv_depth__IBNLCO_05818__TenA__CDS__promoter,1061
cnv_depth__IBNLCO_05819__IBNLCO_05819__gene,796
cnv_depth__IBNLCO_05819__IBNLCO_05819__gene__promoter,820
cnv_depth__IBNLCO_05820__Triacylglycerol__CDS,1164
cnv_depth__IBNLCO_05820__IBNLCO_05820__gene__promoter,998
cnv_depth__IBNLCO_05821__4'-phosphopantetheinyl__CDS,1069
cnv_depth__IBNLCO_05821__IBNLCO_05821__gene__promoter,310
cnv_depth__IBNLCO_05822__DUF4345__CDS,556
cnv_depth__IBNLCO_05822__IBNLCO_05822__gene__promoter,1011
cnv_depth__IBNLCO_05823__hypothetical__CDS,782
cnv_depth__IBNLCO_05824__Outer__CDS,739
cnv_depth__IBNLCO_05823__IBNLCO_05823__gene__promoter,873
cnv_depth__IBNLCO_05824__IBNLCO_05824__gene__promoter,589
cnv_depth__IBNLCO_05825__macB__gene,508
cnv_depth__IBNLCO_05826__Putative__CDS,420
cnv_depth__IBNLCO_05825__Macrolide__CDS__promoter,359
cnv_depth__IBNLCO_05826__IBNLCO_05826__gene__promoter,803
cnv_depth__IBNLCO_05827__IBNLCO_05827__gene__promoter,1051
cnv_depth__IBNLCO_05828__putative__CDS__promoter,1196
cnv_depth__IBNLCO_05829__3-phenylpropionate-dihydrodiol/cinnamic__CDS__promoter,976
cnv_depth__IBNLCO_05830__IBNLCO_05830__gene,904
cnv_depth__IBNLCO_05830__IBNLCO_05830__gene__promoter,407
cnv_depth__IBNLCO_05831__hpnN__gene__promoter,1188
cnv_depth__IBNLCO_05831__Hopanoid__CDS,760
cnv_depth__IBNLCO_05832__IBNLCO_05832__gene__promoter,271
cnv_depth__IBNLCO_05832__IBNLCO_05832__gene,1822
cnv_depth__IBNLCO_05833__IBNLCO_05833__gene,1720
cnv_depth__IBNLCO_05833__4-carboxymuconolactone__CDS__promoter,1255
cnv_depth__IBNLCO_05834__IBNLCO_05834__gene,1076
cnv_depth__IBNLCO_05835__Peptidase__CDS,419
cnv_depth__IBNLCO_05834__IBNLCO_05834__gene__promoter,1296
cnv_depth__IBNLCO_05835__IBNLCO_05835__gene__promoter,525
cnv_depth__IBNLCO_05836__Glutamate__CDS,1856
cnv_depth__IBNLCO_05837__IBNLCO_05837__gene,595
cnv_depth__IBNLCO_05836__IBNLCO_05836__gene__promoter,2045
cnv_depth__IBNLCO_05837__Glutamine__CDS__promoter,267
cnv_depth__IBNLCO_05838__gnl|Bakta|IBNLCO_05838__CDS,373
cnv_depth__IBNLCO_05838__gnl|Bakta|IBNLCO_05838__CDS__promoter,651
cnv_depth__IBNLCO_05839__Nucleoside__CDS,545
cnv_depth__IBNLCO_05839__Nucleoside__CDS__promoter,327
cnv_depth__IBNLCO_05840__IBNLCO_05840__gene,364
cnv_depth__IBNLCO_05840__Squalene--hopene__CDS__promoter,566
cnv_depth__IBNLCO_05841__IBNLCO_05841__gene,700
cnv_depth__IBNLCO_05841__Presqualene__CDS__promoter,1597
cnv_depth__IBNLCO_05842__hypothetical__CDS__promoter,369
cnv_depth__IBNLCO_05842__hypothetical__CDS,349
cnv_depth__IBNLCO_05843__diguanylate__CDS,807
cnv_depth__IBNLCO_05844__IBNLCO_05844__gene,588
cnv_depth__IBNLCO_05843__diguanylate__CDS__promoter,1070
cnv_depth__IBNLCO_05845__IBNLCO_05845__gene,606
cnv_depth__IBNLCO_05844__IBNLCO_05844__gene__promoter,779
cnv_depth__IBNLCO_05845__IBNLCO_05845__gene__promoter,609
cnv_depth__IBNLCO_05846__IBNLCO_05846__gene__promoter,584
cnv_depth__IBNLCO_05846__histidine__CDS,1075
cnv_depth__IBNLCO_05847__2-hydroxy-1%2C4-benzoquinone__CDS,956
cnv_depth__IBNLCO_05847__2-hydroxy-1%2C4-benzoquinone__CDS__promoter,1139
cnv_depth__IBNLCO_05848__RNA__CDS__promoter,568
cnv_depth__IBNLCO_05848__IBNLCO_05848__gene,263
cnv_depth__IBNLCO_05849__Putative__CDS__promoter,263
cnv_depth__IBNLCO_05849__Putative__CDS,2130
cnv_depth__IBNLCO_05850__Arsenate__CDS,230
cnv_depth__IBNLCO_05850__Arsenate__CDS__promoter,583
cnv_depth__IBNLCO_05851__hypothetical__CDS,583
cnv_depth__IBNLCO_05851__hypothetical__CDS__promoter,229
cnv_depth__IBNLCO_05852__Chromosome__CDS__promoter,764
cnv_depth__IBNLCO_05852__Chromosome__CDS,602
cnv_depth__IBNLCO_05853__IBNLCO_05853__gene__promoter,571
cnv_depth__IBNLCO_05853__IBNLCO_05853__gene,833
cnv_depth__IBNLCO_05854__IBNLCO_05854__gene,579
cnv_depth__IBNLCO_05854__IBNLCO_05854__gene__promoter,794
cnv_depth__IBNLCO_05855__IBNLCO_05855__gene,1909
cnv_depth__IBNLCO_05855__IBNLCO_05855__gene__promoter,827
