cnv_feature,f_score,p_value
cnv_depth__IBNLCO_00312__IBNLCO_00312__gene__promoter,208.30747750905175,1.252403986090248e-33
cnv_depth__IBNLCO_00076__dnaA__gene,185.74714621781447,4.898588044664775e-31
cnv_depth__IBNLCO_01722__Syringopeptin__CDS,176.1851469084072,6.81069969722793e-30
cnv_depth__IBNLCO_03094__Protein__CDS__promoter,163.87854224871523,2.2199939510443103e-28
cnv_depth__IBNLCO_04704__IBNLCO_04704__gene,150.35306407702882,1.1677061565319475e-26
cnv_depth__IBNLCO_04926__Carboxyl__CDS,145.30122282605547,5.328391415993021e-26
cnv_depth__IBNLCO_03265__IBNLCO_03265__gene__promoter,142.07733027319588,1.4196707127059581e-25
cnv_depth__IBNLCO_02030__IBNLCO_02030__gene,141.54655218594448,1.6696554231435253e-25
cnv_depth__IBNLCO_02855__secF__gene__promoter,140.44643283492428,2.3386192590216457e-25
cnv_depth__IBNLCO_00435__IBNLCO_00435__gene,139.65187792058376,2.9849092964777464e-25
cnv_depth__IBNLCO_01884__Poly-beta-hydroxybutyrate__CDS,139.51733087247388,3.110997321258236e-25
cnv_depth__IBNLCO_00792__bpeB__gene__promoter,139.14886937790573,3.4845131650986356e-25
cnv_depth__IBNLCO_03213__Large__CDS,138.59648752461527,4.131055278664947e-25
cnv_depth__IBNLCO_03666__IBNLCO_03666__gene__promoter,137.69545363191543,5.456143122606842e-25
cnv_depth__IBNLCO_01515__DNA-binding__CDS,136.18730464785617,8.706006852621375e-25
cnv_depth__IBNLCO_03430__IBNLCO_03430__gene,134.84614805242134,1.3213582535150467e-24
cnv_depth__IBNLCO_03222__DNA__CDS,134.77063182998847,1.3528332028190413e-24
cnv_depth__IBNLCO_03093__IBNLCO_03093__gene,134.18038269246557,1.6264139650037989e-24
cnv_depth__IBNLCO_02915__MFS__CDS__promoter,131.46518565979585,3.8101364311093836e-24
cnv_depth__IBNLCO_04643__Linear__CDS,130.94922703734716,4.4825485809291535e-24
cnv_depth__IBNLCO_03358__hypothetical__CDS__promoter,129.73238206528083,6.582845161296744e-24
cnv_depth__IBNLCO_03179__msrQ__gene,126.5638383643452,1.8020945034485682e-23
cnv_depth__IBNLCO_04748__gnl|Bakta|IBNLCO_04748__CDS__promoter,126.4135987575319,1.8906759006020075e-23
cnv_depth__IBNLCO_00120__esaS__gene,125.32140889461576,2.6815870590567115e-23
cnv_depth__IBNLCO_01569__N-acetylmuramoyl-L-alanine__CDS,123.65443400302074,4.5813262650685244e-23
cnv_depth__IBNLCO_04604__hypothetical__CDS,123.50907677886407,4.800961402177533e-23
cnv_depth__IBNLCO_03419__Lipopolysaccharide__CDS__promoter,122.59390772165479,6.450193719376092e-23
cnv_depth__IBNLCO_00121__esaR__gene,122.1342376375058,7.483758702573722e-23
cnv_depth__IBNLCO_01702__IBNLCO_01702__gene,121.99684109984953,7.824026157367353e-23
cnv_depth__IBNLCO_00052__IBNLCO_00052__gene,121.87869187086629,8.129092031835982e-23
cnv_depth__IBNLCO_01896__ATP__CDS,121.567197910916,8.992205415301968e-23
cnv_depth__IBNLCO_03361__Glycine__CDS,121.37550181765184,9.568775520845996e-23
cnv_depth__IBNLCO_03440__yceI__gene,121.1307798100802,1.0359408610312121e-22
cnv_depth__IBNLCO_00198__ATP-dependent__CDS,120.33227321146337,1.3428027770298385e-22
cnv_depth__IBNLCO_04550__IBNLCO_04550__gene,119.90366800263959,1.543848069429148e-22
cnv_depth__IBNLCO_01545__IBNLCO_01545__gene__promoter,119.45933509650081,1.7844447241249554e-22
cnv_depth__IBNLCO_03179__Protein-methionine-sulfoxide__CDS__promoter,118.97546108939461,2.0897536232528252e-22
cnv_depth__IBNLCO_03374__IBNLCO_03374__gene,118.78621775481461,2.2230476284359537e-22
cnv_depth__IBNLCO_01645__Outer__CDS,118.7648442024475,2.238631690441817e-22
cnv_depth__IBNLCO_01698__hypothetical__CDS,118.11044929407723,2.7731045303659136e-22
cnv_depth__IBNLCO_01673__phosphoribosylglycinamide__CDS,117.95801348499239,2.9150935977309393e-22
cnv_depth__IBNLCO_02977__Glycine__CDS,117.95088696539725,2.9219084387384716e-22
cnv_depth__IBNLCO_02914__IBNLCO_02914__gene__promoter,117.83680736221743,3.033213940829392e-22
cnv_depth__IBNLCO_04612__PABS__CDS,117.79850738850323,3.071534297530559e-22
cnv_depth__IBNLCO_04634__jamP__gene,117.44899912662231,3.4446108080083087e-22
cnv_depth__IBNLCO_03387__Bifunctional__CDS,117.44676708309635,3.447134805914586e-22
cnv_depth__IBNLCO_03304__chemotaxis-specific__CDS__promoter,117.43265612776511,3.463134752574494e-22
cnv_depth__IBNLCO_03282__AsnC__CDS,117.16934103555502,3.775838856895981e-22
cnv_depth__IBNLCO_01544__Bacterial__CDS,117.04191771419264,3.9372461106488695e-22
cnv_depth__IBNLCO_03389__IBNLCO_03389__gene,117.00256412012436,3.988489473282494e-22
cnv_depth__IBNLCO_03201__Large__CDS__promoter,116.61461497126466,4.531125854504256e-22
cnv_depth__IBNLCO_01268__gnl|Bakta|IBNLCO_01268__CDS,116.41906004150303,4.832317720994576e-22
cnv_depth__IBNLCO_01739__Family__CDS,116.12680539187447,5.320550684869769e-22
cnv_depth__IBNLCO_03166__ugpA__gene,115.8664324774652,5.797344330864379e-22
cnv_depth__IBNLCO_03253__IBNLCO_03253__gene,114.78194454430687,8.294570530961165e-22
cnv_depth__IBNLCO_03441__IBNLCO_03441__gene__promoter,114.47723335664261,9.174797228157592e-22
cnv_depth__IBNLCO_01671__IBNLCO_01671__gene,113.94479732580993,1.0945440164020137e-21
cnv_depth__IBNLCO_00189__ampG__gene,113.71725538401573,1.1803832112029449e-21
cnv_depth__IBNLCO_01662__TauD/TfdA-like__CDS,113.34869486217548,1.3340834178826782e-21
cnv_depth__IBNLCO_00008__hxcR__gene,112.7237880482919,1.6423120580410733e-21
cnv_depth__IBNLCO_02027__IBNLCO_02027__gene,112.39324746117923,1.8334765462052224e-21
cnv_depth__IBNLCO_00007__Type__CDS,112.37372657175497,1.8454445323564354e-21
cnv_depth__IBNLCO_01716__Methyl-accepting__CDS,112.18392231295743,1.966001980240079e-21
cnv_depth__IBNLCO_03202__IBNLCO_03202__gene,112.0463392423411,2.0583326605626295e-21
cnv_depth__IBNLCO_01439__IBNLCO_01439__gene,111.52303366010841,2.4513443567180493e-21
cnv_depth__IBNLCO_03354__IBNLCO_03354__gene,111.4203340822212,2.536950978692858e-21
cnv_depth__IBNLCO_01656__Putative__CDS,111.2840836564121,2.6552007572676407e-21
cnv_depth__IBNLCO_03404__Citrate__CDS,109.42364051345727,4.955618790584226e-21
cnv_depth__IBNLCO_04767__diguanylate__CDS,109.1505761269086,5.432580444130578e-21
cnv_depth__IBNLCO_00180__mreB__gene,108.72711389092439,6.265597462597059e-21
cnv_depth__IBNLCO_03368__IBNLCO_03368__gene,108.02047005490351,7.953055351015132e-21
cnv_depth__IBNLCO_05846__histidine__CDS,107.3525500840813,9.968762812588194e-21
cnv_depth__IBNLCO_03464__HTH__CDS__promoter,107.29433238340172,1.016722234975082e-20
cnv_depth__IBNLCO_00111__IBNLCO_00111__gene,106.92579186667207,1.1519497830241223e-20
cnv_depth__IBNLCO_01446__IBNLCO_01446__gene,106.55848556030828,1.3048057368999172e-20
cnv_depth__IBNLCO_01999__selO__gene,106.4846081925817,1.3379417187090774e-20
cnv_depth__IBNLCO_03394__IBNLCO_03394__gene,106.39632163998824,1.378656690841589e-20
cnv_depth__IBNLCO_03457__Cytochrome__CDS,105.85101280239279,1.6593925492722732e-20
cnv_depth__IBNLCO_03455__hypothetical__CDS,105.76838359049508,1.7067037345963394e-20
cnv_depth__IBNLCO_05674__Bactoprenol__CDS,105.5525417909683,1.836814215876171e-20
cnv_depth__IBNLCO_03842__IBNLCO_03842__gene__promoter,105.359236867095,1.961820628532158e-20
cnv_depth__IBNLCO_01732__araC__gene,105.08122681564859,2.1568196924946818e-20
cnv_depth__IBNLCO_05626__IBNLCO_05626__gene__promoter,104.88576132589634,2.3055302771152152e-20
cnv_depth__IBNLCO_04524__Lipoprotein__CDS,104.82570556271875,2.3532676411484127e-20
cnv_depth__IBNLCO_00121__esaR__gene__promoter,104.42634276263036,2.697128307358237e-20
cnv_depth__IBNLCO_00244__Proline/betaine__CDS,104.27842755510922,2.836993146450468e-20
cnv_depth__IBNLCO_00024__lrgA__gene,104.2343857757684,2.8800358082528635e-20
cnv_depth__IBNLCO_03249__IBNLCO_03249__gene,104.07551489013312,3.0408545890567315e-20
cnv_depth__IBNLCO_00055__Glucose-methanol-choline__CDS,103.94622568470541,3.1783984059063154e-20
cnv_depth__IBNLCO_00234__bcaP__gene,103.70403817811071,3.4531803762443976e-20
cnv_depth__IBNLCO_00006__IBNLCO_00006__gene,103.54479141873301,3.64680767304783e-20
cnv_depth__IBNLCO_03386__IBNLCO_03386__gene,103.1420689985939,4.186834674764441e-20
cnv_depth__IBNLCO_03322__fliC__gene,102.88174003986391,4.5781998952345753e-20
cnv_depth__IBNLCO_03439__IBNLCO_03439__gene,102.2862748642359,5.618057535900722e-20
cnv_depth__IBNLCO_01438__5-deoxy-glucuronate__CDS__promoter,102.22944906172002,5.728989613819937e-20
cnv_depth__IBNLCO_03137__Imidazoleglycerol-phosphate__CDS,101.87731109115846,6.467475897964595e-20
cnv_depth__IBNLCO_01737__IBNLCO_01737__gene,101.81298097935829,6.61242587046533e-20
cnv_depth__IBNLCO_04794__IBNLCO_04794__gene,101.72297469435102,6.820750875903822e-20
cnv_depth__IBNLCO_03405__putative__CDS,101.598883648112,7.118876463669468e-20
cnv_depth__IBNLCO_03241__SGNH__CDS,101.46701365767835,7.450124435325457e-20
cnv_depth__IBNLCO_03360__Glycine__CDS,101.42794243404312,7.551224705501487e-20
cnv_depth__IBNLCO_03320__DNA-3-methyladenine__CDS__promoter,100.53209411246311,1.029059159268768e-19
cnv_depth__IBNLCO_01583__IBNLCO_01583__gene,100.25718541187,1.1317969100162197e-19
cnv_depth__IBNLCO_01640__IBNLCO_01640__gene,100.20933563871277,1.1507095124084617e-19
cnv_depth__IBNLCO_02225__MBL__CDS,100.15052300281977,1.1743927881251712e-19
cnv_depth__IBNLCO_03305__chemoreceptor__CDS,99.59630254568842,1.423219676855866e-19
cnv_depth__IBNLCO_04583__Anaphase-promoting__CDS,99.30354524694518,1.5754980462886388e-19
cnv_depth__IBNLCO_05837__Glutamine__CDS__promoter,99.21928686007902,1.6223003031206014e-19
cnv_depth__IBNLCO_00051__Phenylacetaldehyde__CDS__promoter,99.1474645361232,1.6633013713775108e-19
cnv_depth__IBNLCO_01868__IBNLCO_01868__gene,99.00111584071645,1.7501136431286552e-19
cnv_depth__IBNLCO_01657__gnl|Bakta|IBNLCO_01657__CDS,98.8114090408355,1.8694904031471646e-19
cnv_depth__IBNLCO_03148__Outer__CDS__promoter,98.7624678391234,1.9015998229544943e-19
cnv_depth__IBNLCO_02131__Chromosome__CDS,98.6735704313501,1.9613545873440403e-19
cnv_depth__IBNLCO_00041__IBNLCO_00041__gene,98.5962825122818,2.0148441561217436e-19
cnv_depth__IBNLCO_00117__IBNLCO_00117__gene__promoter,98.51645660004814,2.0716367545200215e-19
cnv_depth__IBNLCO_03341__AB__CDS__promoter,98.34162837346736,2.2017295853068657e-19
cnv_depth__IBNLCO_00293__IBNLCO_00293__gene,98.2602129674262,2.2650965876984477e-19
cnv_depth__IBNLCO_01697__hypothetical__CDS,98.13644264620409,2.3649742192293865e-19
cnv_depth__IBNLCO_00075__IBNLCO_00075__gene,98.0844216394197,2.4082690423972517e-19
cnv_depth__IBNLCO_01857__IBNLCO_01857__gene,96.43151728896066,4.2927371654031786e-19
cnv_depth__IBNLCO_03201__Large__CDS,96.24283405819541,4.586445098758813e-19
cnv_depth__IBNLCO_00043__Type__CDS,96.14258103969888,4.750669861332903e-19
cnv_depth__IBNLCO_00272__flgG__gene,95.97577317685658,5.037182010703234e-19
cnv_depth__IBNLCO_03226__Large__CDS__promoter,95.79562763878441,5.366234165082274e-19
cnv_depth__IBNLCO_03281__IBNLCO_03281__gene,95.76643840316021,5.421557794233526e-19
cnv_depth__IBNLCO_03226__Large__CDS,95.38551927027505,6.198605804315886e-19
cnv_depth__IBNLCO_03452__gnl|Bakta|IBNLCO_03452__CDS__promoter,95.36903091292552,6.234671682108396e-19
cnv_depth__IBNLCO_03498__UvrABC__CDS,95.36047731374828,6.253464797156688e-19
cnv_depth__IBNLCO_03210__Small__CDS,95.20404297869919,6.607432748307666e-19
cnv_depth__IBNLCO_00322__IBNLCO_00322__gene,94.88895131839789,7.38301889552557e-19
cnv_depth__IBNLCO_03017__ftsW__gene,94.67344211797528,7.965817358477281e-19
cnv_depth__IBNLCO_00176__Peptidoglycan__CDS__promoter,94.48573939809373,8.511152609058971e-19
cnv_depth__IBNLCO_00178__mreD__gene__promoter,94.4019720995944,8.766538636618317e-19
cnv_depth__IBNLCO_01705__IBNLCO_01705__gene,94.28079634916462,9.149726935648556e-19
cnv_depth__IBNLCO_05854__IBNLCO_05854__gene,94.23829646886925,9.288090433667437e-19
cnv_depth__IBNLCO_00083__DUF4382__CDS,94.02315363346115,1.0021607821155151e-18
cnv_depth__IBNLCO_03477__IBNLCO_03477__gene,94.00649330578023,1.008079305961194e-18
cnv_depth__IBNLCO_04633__IBNLCO_04633__gene,93.91150086511793,1.042505516527081e-18
cnv_depth__IBNLCO_05031__IBNLCO_05031__gene__promoter,93.75911287246647,1.100229295389664e-18
cnv_depth__IBNLCO_03212__IBNLCO_03212__gene__promoter,93.7489604815339,1.1041876882824223e-18
cnv_depth__IBNLCO_03188__IBNLCO_03188__gene__promoter,93.27550922275466,1.3056797254327355e-18
cnv_depth__IBNLCO_03299__3-demethylubiquinone-9__CDS,93.16768746528481,1.356532954350458e-18
cnv_depth__IBNLCO_03212__Small__CDS,93.11900966433474,1.3801419843304398e-18
cnv_depth__IBNLCO_03463__Amino__CDS__promoter,92.86737469096069,1.5089662202345385e-18
cnv_depth__IBNLCO_03296__flhF__gene,92.72471911811859,1.5873221917548537e-18
cnv_depth__IBNLCO_00074__IBNLCO_00074__gene,92.68732231068964,1.6085341012996132e-18
cnv_depth__IBNLCO_01729__IBNLCO_01729__gene,92.60890075740632,1.65394954426145e-18
cnv_depth__IBNLCO_03462__Methyltransferase__CDS,92.40734356206161,1.7767046159683436e-18
cnv_depth__IBNLCO_03602__gnl|Bakta|IBNLCO_03602__CDS,92.27185521421013,1.8643518425493917e-18
cnv_depth__IBNLCO_03283__fieF__gene__promoter,92.24008652228805,1.8855269366835805e-18
cnv_depth__IBNLCO_03400__IBNLCO_03400__gene,92.20487120911828,1.9092831753168387e-18
cnv_depth__IBNLCO_01648__ABC__CDS,92.08679333827149,1.9911657924538427e-18
cnv_depth__IBNLCO_01468__FAD-binding__CDS__promoter,92.05592926273167,2.0131472705228745e-18
cnv_depth__IBNLCO_01701__Heme-binding__CDS,91.99190027938482,2.0595332427937214e-18
cnv_depth__IBNLCO_04663__IBNLCO_04663__gene__promoter,91.89472683062105,2.1320005743107678e-18
cnv_depth__IBNLCO_03311__flagellar__CDS,91.82574204311567,2.1850033952931745e-18
cnv_depth__IBNLCO_03210__IBNLCO_03210__gene__promoter,91.65466830272808,2.322255870765076e-18
cnv_depth__IBNLCO_05799__IBNLCO_05799__gene,91.39047457226522,2.551522648873749e-18
cnv_depth__IBNLCO_00237__ferredoxin--NADP(+)__CDS__promoter,91.05141055910188,2.8795810007303112e-18
cnv_depth__IBNLCO_01698__hypothetical__CDS__promoter,91.02914521313978,2.902557710779186e-18
cnv_depth__IBNLCO_00892__IBNLCO_00892__gene__promoter,90.69174398914706,3.2742820194145043e-18
cnv_depth__IBNLCO_03287__IBNLCO_03287__gene,90.6743421286271,3.2947080249275942e-18
cnv_depth__IBNLCO_00117__Protease__CDS,90.63092386498819,3.3462342301851693e-18
cnv_depth__IBNLCO_01416__IBNLCO_01416__gene,90.62771368947408,3.35007601357731e-18
cnv_depth__IBNLCO_03097__tssM__gene,90.38166756797602,3.658179105719967e-18
cnv_depth__IBNLCO_03600__IBNLCO_03600__gene,90.16796121935029,3.948921813969195e-18
cnv_depth__IBNLCO_04774__gnl|Bakta|IBNLCO_04774__CDS__promoter,90.02997854991223,4.148929014837222e-18
cnv_depth__IBNLCO_03456__hypothetical__CDS__promoter,89.92021772345872,4.315308289132083e-18
cnv_depth__IBNLCO_04747__P9__gene__promoter,89.71848122265709,4.638878338108866e-18
cnv_depth__IBNLCO_03343__IBNLCO_03343__gene,89.55918143517468,4.9116080908133824e-18
cnv_depth__IBNLCO_03211__Large__CDS,89.55281232392097,4.922842738647622e-18
cnv_depth__IBNLCO_03198__Large__CDS__promoter,89.38024933540838,5.2373062179420774e-18
cnv_depth__IBNLCO_01490__IBNLCO_01490__gene,89.21647514191741,5.554497355575681e-18
cnv_depth__IBNLCO_00382__dsbA__gene,89.14889237298057,5.69097703563471e-18
cnv_depth__IBNLCO_01702__Short-chain__CDS__promoter,89.05422776522579,5.887858453453642e-18
cnv_depth__IBNLCO_05826__IBNLCO_05826__gene__promoter,89.0107276101243,5.9806208682680205e-18
cnv_depth__IBNLCO_00027__fliM__gene,88.93995780314934,6.134697919168366e-18
cnv_depth__IBNLCO_00206__IBNLCO_00206__gene__promoter,88.64125369242285,6.830442301233148e-18
cnv_depth__IBNLCO_04788__IBNLCO_04788__gene,88.62786427810437,6.863430912081478e-18
cnv_depth__IBNLCO_03012__Cell__CDS,88.60798179315864,6.9127139927489496e-18
cnv_depth__IBNLCO_03464__HTH__CDS,88.5960921855158,6.942355491498322e-18
cnv_depth__IBNLCO_00240__gnl|Bakta|IBNLCO_00240__CDS__promoter,88.31133009354193,7.6919308762942e-18
cnv_depth__IBNLCO_03341__IBNLCO_03341__gene,88.24530060904958,7.877103978139804e-18
cnv_depth__IBNLCO_00010__Type__CDS__promoter,88.22282010064048,7.941169813959657e-18
cnv_depth__IBNLCO_00023__lysR__gene__promoter,88.21168620690197,7.973094110752357e-18
cnv_depth__IBNLCO_03269__IBNLCO_03269__gene__promoter,88.15759315710386,8.130048865343323e-18
cnv_depth__IBNLCO_03399__IBNLCO_03399__gene,88.05194064828494,8.445660271741632e-18
cnv_depth__IBNLCO_04758__Membrane-bound__CDS,88.000566669283,8.603568201362896e-18
cnv_depth__IBNLCO_04650__Fatty__CDS__promoter,87.9708031421709,8.696412189414079e-18
cnv_depth__IBNLCO_00042__IBNLCO_00042__gene,87.86420629161246,9.037305660496902e-18
cnv_depth__IBNLCO_01841__Putative__CDS,87.81359745859585,9.203842312462637e-18
cnv_depth__IBNLCO_00207__IBNLCO_00207__gene__promoter,87.72605640714563,9.499258367446608e-18
cnv_depth__IBNLCO_03459__DUF692__CDS,87.65097085712279,9.76025772299734e-18
cnv_depth__IBNLCO_01697__hypothetical__CDS__promoter,87.61140090585464,9.900704381388215e-18
cnv_depth__IBNLCO_03282__asnC__gene__promoter,87.29716086727068,1.1090990987770206e-17
cnv_depth__IBNLCO_05830__IBNLCO_05830__gene,87.04703611951993,1.214094403026476e-17
cnv_depth__IBNLCO_05827__Cyclohexanone__CDS,86.8762487345095,1.2914981053660278e-17
cnv_depth__IBNLCO_05853__IBNLCO_05853__gene__promoter,86.85640073584682,1.300810808849023e-17
cnv_depth__unknown__unknown__rep_origin.1,86.65325057725383,1.4001161862488256e-17
cnv_depth__IBNLCO_03434__IBNLCO_03434__gene,86.60669904266936,1.4239294055064467e-17
cnv_depth__IBNLCO_01947__Putative__CDS,86.55852081063122,1.4490054010804585e-17
cnv_depth__IBNLCO_05852__Chromosome__CDS,86.38132026575695,1.5451326494728887e-17
cnv_depth__IBNLCO_04621__nreB__gene,86.30809644504795,1.5867113381467495e-17
cnv_depth__IBNLCO_00177__mrdA__gene,86.21019631902954,1.6440722005361334e-17
cnv_depth__IBNLCO_03284__IBNLCO_03284__gene,86.01957724193859,1.7618353684964188e-17
cnv_depth__IBNLCO_03025__mraZ__gene,85.92588030226574,1.82280630913603e-17
cnv_depth__IBNLCO_01696__Leucine-%2C__CDS__promoter,85.92063400457134,1.8262825034083703e-17
cnv_depth__IBNLCO_03402__ATP__CDS,85.82520483048079,1.8906948158061142e-17
cnv_depth__IBNLCO_00226__fliF__gene,85.78422241399988,1.919056262106385e-17
cnv_depth__IBNLCO_03293__IBNLCO_03293__gene,85.75585492299415,1.938938822658837e-17
cnv_depth__IBNLCO_00022__IBNLCO_00022__gene,85.5554273133161,2.0854701905953152e-17
cnv_depth__IBNLCO_03124__IBNLCO_03124__gene,85.47876511523124,2.144429366658541e-17
cnv_depth__IBNLCO_05669__HTH__CDS,85.43200534863395,2.181214496828711e-17
cnv_depth__IBNLCO_01693__Glycosyl__CDS,85.34135303800014,2.254353713434693e-17
cnv_depth__IBNLCO_00008__Type__CDS__promoter,85.18321193099976,2.3879215219746868e-17
cnv_depth__IBNLCO_03321__Small__CDS__promoter,85.16599395157428,2.402938076853308e-17
cnv_depth__IBNLCO_03440__yceI__gene__promoter,85.05156778808583,2.5051853591356963e-17
cnv_depth__IBNLCO_03318__IBNLCO_03318__gene,85.04430074813884,2.5118253340725175e-17
cnv_depth__IBNLCO_03211__IBNLCO_03211__gene__promoter,84.997167954087,2.5553244838697677e-17
cnv_depth__IBNLCO_03254__NADP-dependent__CDS__promoter,84.87009186179758,2.6764310181045987e-17
cnv_depth__IBNLCO_01876__IBNLCO_01876__gene,84.83857197988908,2.7073567088050463e-17
cnv_depth__IBNLCO_05735__IBNLCO_05735__gene__promoter,84.77882059764038,2.7669752584323283e-17
cnv_depth__IBNLCO_02854__secD__gene,84.65271766552813,2.8971844923865653e-17
cnv_depth__IBNLCO_03407__Ribosomal__CDS,84.57104745090629,2.9847972499342037e-17
cnv_depth__IBNLCO_03221__30S__CDS,84.5629728122735,2.9936034113807444e-17
cnv_depth__IBNLCO_03272__IBNLCO_03272__gene,84.49736303401528,3.066136381377809e-17
cnv_depth__unknown__unknown__regulatory.13,84.44931510358093,3.1203773902099783e-17
cnv_depth__IBNLCO_01641__IBNLCO_01641__gene,84.31395226558844,3.27845357292041e-17
cnv_depth__IBNLCO_05708__Catalase__CDS,84.31252544714317,3.2801621612664135e-17
cnv_depth__IBNLCO_04666__hcpA__gene,84.22795974513934,3.383049980650379e-17
cnv_depth__IBNLCO_02986__IBNLCO_02986__gene,84.14142242809191,3.49171077400063e-17
cnv_depth__IBNLCO_00358__IBNLCO_00358__gene__promoter,84.07993148739106,3.5710569687586843e-17
cnv_depth__IBNLCO_04572__eamA__gene__promoter,84.05617604256351,3.602195519717076e-17
cnv_depth__IBNLCO_01361__gnl|Bakta|IBNLCO_01361__CDS,83.63585932049754,4.2007954847330623e-17
cnv_depth__IBNLCO_00024__lrgA__gene__promoter,83.51365923142379,4.392990234163282e-17
cnv_depth__IBNLCO_03297__flhA__gene,83.46859370841588,4.4660883090928866e-17
cnv_depth__IBNLCO_00171__IBNLCO_00171__gene,83.44609146996515,4.503046194081468e-17
cnv_depth__IBNLCO_01706__Arginine/ornithine__CDS,83.31803885634785,4.719316470895541e-17
cnv_depth__IBNLCO_03442__50S__CDS,83.16003206004504,5.000688278217047e-17
cnv_depth__IBNLCO_01580__IBNLCO_01580__gene,83.0579636877444,5.1913912804920976e-17
cnv_depth__IBNLCO_01564__IBNLCO_01564__gene,83.01394860245087,5.2758781192233654e-17
cnv_depth__IBNLCO_03462__Methyltransferase__CDS__promoter,82.73869792477596,5.836634523482676e-17
cnv_depth__IBNLCO_03377__Cd(II)/Pb(II)-responsive__CDS,82.69898827516356,5.922357451500217e-17
cnv_depth__IBNLCO_01441__IBNLCO_01441__gene,82.49274913272227,6.388450853034377e-17
cnv_depth__IBNLCO_03340__hypothetical__CDS__promoter,82.48449034674644,6.407867968263953e-17
cnv_depth__IBNLCO_03251__4-hydroxyphenylpyruvate__CDS,82.47292723055997,6.435153982917763e-17
cnv_depth__IBNLCO_04580__Putative__CDS,82.44226165356571,6.508086278748975e-17
cnv_depth__IBNLCO_01568__23S__CDS,82.35811193677665,6.712535946948073e-17
cnv_depth__IBNLCO_00038__IBNLCO_00038__gene,82.18152780723453,7.162893799353344e-17
cnv_depth__IBNLCO_03224__DNA-directed__CDS,82.10308337852254,7.372626557606757e-17
cnv_depth__IBNLCO_02571__hypothetical__CDS,82.00838914108171,7.63408272040832e-17
cnv_depth__IBNLCO_05676__IBNLCO_05676__gene__promoter,81.97063657689985,7.740911379450582e-17
cnv_depth__IBNLCO_03398__ATP__CDS,81.9096094639774,7.91680111034168e-17
cnv_depth__IBNLCO_03027__IBNLCO_03027__gene__promoter,81.87873874096978,8.007306394891551e-17
cnv_depth__IBNLCO_03287__IBNLCO_03287__gene__promoter,81.75595542752231,8.377735569429571e-17
cnv_depth__IBNLCO_03125__IBNLCO_03125__gene__promoter,81.75457251801882,8.382004771662279e-17
cnv_depth__IBNLCO_03204__Large__CDS,81.68613518592218,8.596045343865578e-17
cnv_depth__IBNLCO_03148__mlaD__gene,81.44928079084944,9.380334046715513e-17
cnv_depth__IBNLCO_00235__response__CDS__promoter,81.43586768350404,9.426850741942392e-17
cnv_depth__IBNLCO_03199__IBNLCO_03199__gene,81.41428028831237,9.502205351337443e-17
cnv_depth__IBNLCO_03478__3-oxoadipate__CDS__promoter,81.3978218612525,9.560064653858766e-17
cnv_depth__IBNLCO_03132__IBNLCO_03132__gene,81.28252329649855,9.975492018394269e-17
cnv_depth__IBNLCO_00283__IBNLCO_00283__gene__promoter,81.1191395445801,1.0595582775104007e-16
cnv_depth__IBNLCO_03047__Anthranilate__CDS,81.08246635361316,1.0740033308087754e-16
cnv_depth__IBNLCO_00430__IBNLCO_00430__gene__promoter,80.87133080538898,1.1611200954717548e-16
cnv_depth__IBNLCO_03244__paaC__gene,80.69172299878751,1.2408245755921416e-16
cnv_depth__IBNLCO_03180__msrP__gene,80.5657487675608,1.3000029858960435e-16
cnv_depth__IBNLCO_00011__Type__CDS__promoter,80.49658541902733,1.3336968697383029e-16
cnv_depth__IBNLCO_03137__Imidazoleglycerol-phosphate__CDS__promoter,80.47401512512108,1.3448819984917258e-16
cnv_depth__IBNLCO_03149__Intermembrane__CDS,80.31031307229149,1.428892829014384e-16
cnv_depth__IBNLCO_00981__HTH__CDS__promoter,80.27467983124947,1.4478706718972744e-16
cnv_depth__IBNLCO_00245__IBNLCO_00245__gene__promoter,80.24124859978399,1.465907044343406e-16
cnv_depth__IBNLCO_02137__IBNLCO_02137__gene,80.18774847094431,1.4952438574792996e-16
cnv_depth__IBNLCO_03688__Glycine__CDS__promoter,80.14214818113977,1.5207162477477324e-16
cnv_depth__IBNLCO_03432__IBNLCO_03432__gene__promoter,80.12745191316107,1.5290185889054113e-16
cnv_depth__IBNLCO_01359__Glycogen__CDS,80.0488329450258,1.574216093055151e-16
cnv_depth__IBNLCO_03275__BON__CDS,80.04453241784167,1.5767269860103293e-16
cnv_depth__IBNLCO_03324__fliT__gene__promoter,80.03438921893608,1.5826651877740795e-16
cnv_depth__IBNLCO_00275__flgJ__gene__promoter,79.99985267506236,1.6030539694693209e-16
cnv_depth__IBNLCO_01526__nodT__gene,79.89920176332554,1.663998789819992e-16
cnv_depth__IBNLCO_00176__mrdB__gene,79.72361147640804,1.7759747915658806e-16
cnv_depth__IBNLCO_03595__IBNLCO_03595__gene,79.67647640715175,1.807308080044828e-16
cnv_depth__unknown__unknown__regulatory.5,79.64627003332646,1.827680734972428e-16
cnv_depth__IBNLCO_01649__IBNLCO_01649__gene,79.60800796610907,1.8538197049321226e-16
cnv_depth__IBNLCO_04603__IBNLCO_04603__gene__promoter,79.38509529592399,2.0137865614076355e-16
cnv_depth__IBNLCO_04616__IBNLCO_04616__gene,79.37014076026894,2.025004284546317e-16
cnv_depth__IBNLCO_03427__IBNLCO_03427__gene__promoter,79.3605884579749,2.0322026671474542e-16
cnv_depth__IBNLCO_00006__IBNLCO_00006__gene__promoter,79.3352755708816,2.0514030081844766e-16
cnv_depth__IBNLCO_01906__4-hydroxy-3-methylbut-2-en-1-yl__CDS__promoter,79.2768553788766,2.0964179028067214e-16
cnv_depth__IBNLCO_00015__hypothetical__CDS,79.23486037461237,2.129391427164064e-16
cnv_depth__IBNLCO_01452__IBNLCO_01452__gene,79.1207261960252,2.2216765830499725e-16
cnv_depth__IBNLCO_01970__2-hydoxy-3-oxopropionate__CDS,79.0976019648041,2.2408604550899764e-16
cnv_depth__IBNLCO_03216__IBNLCO_03216__gene,79.02527376782216,2.3019502318545454e-16
cnv_depth__IBNLCO_03396__ATP__CDS__promoter,78.9181067920514,2.3955707982103396e-16
cnv_depth__IBNLCO_03202__IBNLCO_03202__gene__promoter,78.84835113452304,2.4585650259050394e-16
cnv_depth__IBNLCO_01880__rimO__gene,78.84693683726817,2.459859384672297e-16
cnv_depth__IBNLCO_05116__IBNLCO_05116__gene,78.77189827801762,2.529530037568909e-16
cnv_depth__IBNLCO_01409__Spore__CDS,78.43499349973207,2.8677281887129644e-16
cnv_depth__IBNLCO_01408__PapC-like__CDS,78.42178063459448,2.881884887312646e-16
cnv_depth__IBNLCO_03701__IBNLCO_03701__gene,78.17834860850176,3.1557057339931915e-16
cnv_depth__IBNLCO_03436__IBNLCO_03436__gene__promoter,78.15079555851051,3.188308925690058e-16
cnv_depth__IBNLCO_03403__IBNLCO_03403__gene,78.12251729633195,3.2221238778226333e-16
cnv_depth__IBNLCO_00189__AmpG__CDS__promoter,78.02663156404797,3.339501884953901e-16
cnv_depth__IBNLCO_04398__IBNLCO_04398__gene,77.9174661650161,3.478401195883482e-16
cnv_depth__IBNLCO_03410__ABC__CDS,77.79448201270465,3.641884009350168e-16
cnv_depth__IBNLCO_03214__Large__CDS,77.73980939604233,3.7170300854268317e-16
cnv_depth__IBNLCO_03315__IBNLCO_03315__gene,77.72542759004726,3.7370562349748075e-16
cnv_depth__IBNLCO_03461__Anaerobic__CDS,77.63966858723522,3.8587543907432897e-16
cnv_depth__IBNLCO_03279__rlpA__gene,77.61261117124137,3.897975054681599e-16
cnv_depth__IBNLCO_01297__proP__gene__promoter,77.57289552195203,3.9562743345420033e-16
cnv_depth__IBNLCO_04688__corA__gene,77.47845291405332,4.09846860757222e-16
cnv_depth__IBNLCO_03223__DNA-directed__CDS,77.35226919741214,4.296539402939325e-16
cnv_depth__IBNLCO_03438__2-amino-3-ketobutyrate__CDS,77.34668409898005,4.305526326453398e-16
cnv_depth__IBNLCO_03203__Small__CDS,77.31326576035812,4.35969728115195e-16
cnv_depth__IBNLCO_02131__Chromosome__CDS__promoter,77.15864127870934,4.619440019515246e-16
cnv_depth__IBNLCO_04667__PKHD-type__CDS__promoter,77.12770700649743,4.673250963573607e-16
cnv_depth__IBNLCO_03433__IBNLCO_03433__gene,77.01859944734707,4.868149278683382e-16
cnv_depth__IBNLCO_00179__mreC__gene__promoter,76.90231451667061,5.084912729034847e-16
cnv_depth__IBNLCO_01516__IBNLCO_01516__gene,76.89870672022302,5.091791577984831e-16
cnv_depth__IBNLCO_00009__IBNLCO_00009__gene,76.89363176483066,5.101483706801311e-16
cnv_depth__IBNLCO_03319__Glucosamine__CDS__promoter,76.71844628090662,5.447720841353431e-16
cnv_depth__IBNLCO_03150__IBNLCO_03150__gene,76.7118486084176,5.461214335492772e-16
cnv_depth__IBNLCO_01420__IBNLCO_01420__gene,76.61700132230551,5.658966154854856e-16
cnv_depth__IBNLCO_03478__IBNLCO_03478__gene,76.50741149142875,5.896476445336361e-16
cnv_depth__IBNLCO_00201__cobW__gene,76.49454958555046,5.925003523768727e-16
cnv_depth__IBNLCO_00634__IBNLCO_00634__gene,76.39650576894422,6.147088957933629e-16
cnv_depth__IBNLCO_03374__Small-conductance__CDS__promoter,76.37072927102783,6.206859601406953e-16
cnv_depth__IBNLCO_03401__ATP__CDS__promoter,76.34005412927723,6.278754282197717e-16
cnv_depth__IBNLCO_04608__Formate__CDS,76.30370528816444,6.365035803652705e-16
cnv_depth__IBNLCO_02897__Betaproteobacteria_toxic_sRNA__gene__promoter,76.28570265266141,6.408210996280546e-16
cnv_depth__IBNLCO_03652__IBNLCO_03652__gene,76.2405395241445,6.517830122822779e-16
cnv_depth__IBNLCO_03264__IBNLCO_03264__gene__promoter,76.16890407796245,6.695598481846106e-16
cnv_depth__IBNLCO_00982__IBNLCO_00982__gene__promoter,76.12367865879483,6.81034094552067e-16
cnv_depth__unknown__unknown__regulatory.6,76.04896221617962,7.004271405088816e-16
cnv_depth__IBNLCO_01733__Cysteine__CDS__promoter,75.99696984474288,7.142500836333366e-16
cnv_depth__IBNLCO_00054__Short-chain__CDS__promoter,75.96200916340163,7.236994281063246e-16
cnv_depth__IBNLCO_01692__IBNLCO_01692__gene,75.89890517407154,7.410761389529202e-16
cnv_depth__IBNLCO_03312__flagellar__CDS,75.8953369732901,7.42071189150157e-16
cnv_depth__IBNLCO_03309__cheA__gene,75.76831072785751,7.783871580384881e-16
cnv_depth__IBNLCO_00028__flagellar__CDS__promoter,75.70129934676424,7.982628788918239e-16
cnv_depth__IBNLCO_03190__DNA-directed__CDS,75.63954972517564,8.170313039173352e-16
cnv_depth__IBNLCO_04575__ftsH__gene,75.52400170174495,8.533566527586561e-16
cnv_depth__IBNLCO_03308__chemotaxis__CDS,75.45835753513508,8.747153252265227e-16
cnv_depth__IBNLCO_00077__IBNLCO_00077__gene__promoter,75.42422676563328,8.860328872009885e-16
cnv_depth__IBNLCO_03026__IBNLCO_03026__gene__promoter,75.21064616003967,9.602907425038486e-16
cnv_depth__IBNLCO_00003__tRNA__CDS__promoter,75.20809335487687,9.612152994711687e-16
cnv_depth__IBNLCO_00225__flagellar__CDS,75.0428712375721,1.0230058356690477e-15
cnv_depth__IBNLCO_00079__yidC__gene,75.03702179748981,1.0252654701857507e-15
cnv_depth__IBNLCO_01971__IBNLCO_01971__gene__promoter,75.03319341965405,1.0267470969936962e-15
cnv_depth__IBNLCO_03586__IBNLCO_03586__gene__promoter,75.02914646513217,1.028315665612217e-15
cnv_depth__IBNLCO_05817__mlaC__gene,74.9890754994253,1.0439780257800846e-15
cnv_depth__IBNLCO_00116__Lysine__CDS,74.98621342837566,1.0451058823365093e-15
cnv_depth__IBNLCO_04646__IBNLCO_04646__gene__promoter,74.9348518417124,1.0655563479934411e-15
cnv_depth__IBNLCO_00284__IBNLCO_00284__gene,74.89603342497969,1.0812801845282472e-15
cnv_depth__IBNLCO_01679__cobN__gene,74.89209954265118,1.0828866620148907e-15
cnv_depth__IBNLCO_03147__IBNLCO_03147__gene__promoter,74.87720175246238,1.0889923351033143e-15
cnv_depth__IBNLCO_04733__IBNLCO_04733__gene,74.8671725658692,1.0931222325920736e-15
cnv_depth__IBNLCO_04662__Cupin__CDS,74.81694918525247,1.1140426791370167e-15
cnv_depth__IBNLCO_01307__IBNLCO_01307__gene__promoter,74.75125376480275,1.1420194106008265e-15
cnv_depth__IBNLCO_03317__IBNLCO_03317__gene__promoter,74.686956668737,1.1700874330072438e-15
cnv_depth__IBNLCO_03396__ATP__CDS,74.67472513459606,1.1755052709086501e-15
cnv_depth__IBNLCO_01650__Microcin__CDS,74.6207613177985,1.199711969116823e-15
cnv_depth__IBNLCO_03192__Small__CDS,74.6196068846931,1.2002352776519632e-15
cnv_depth__IBNLCO_04541__Cobalt-zinc-cadmium__CDS,74.43785421838466,1.2855660853270081e-15
cnv_depth__IBNLCO_03643__HTH__CDS__promoter,74.35164914134955,1.328154444340529e-15
cnv_depth__IBNLCO_04740__hypothetical__CDS,74.26226032384727,1.373820864421802e-15
cnv_depth__IBNLCO_00274__flgI__gene,74.2492684450589,1.3805887486135356e-15
cnv_depth__IBNLCO_01997__IBNLCO_01997__gene,74.21307423350773,1.3996214971628744e-15
cnv_depth__IBNLCO_00273__flgH__gene,74.19690567748029,1.4082091211712046e-15
cnv_depth__IBNLCO_04779__Glutathione__CDS__promoter,74.10745265711026,1.4566907661273288e-15
cnv_depth__IBNLCO_05798__IBNLCO_05798__gene,74.04461491753017,1.4917518662374566e-15
cnv_depth__IBNLCO_03455__hypothetical__CDS__promoter,74.00699992675062,1.51314597721068e-15
cnv_depth__IBNLCO_02800__Phosphoribosylformylglycinamidine__CDS__promoter,74.00625440825362,1.5135731182408904e-15
cnv_depth__IBNLCO_00036__IBNLCO_00036__gene,73.99942442245762,1.517491993790948e-15
cnv_depth__IBNLCO_03424__HTH__CDS,73.88785162424692,1.582979778070376e-15
cnv_depth__IBNLCO_04737__Alkylation__CDS,73.81038432269582,1.63012063735893e-15
cnv_depth__IBNLCO_01652__AraC__CDS,73.60630415206282,1.7612075760106118e-15
cnv_depth__IBNLCO_02570__gnl|Bakta|IBNLCO_02570__CDS__promoter,73.53448576556183,1.8098285052818935e-15
cnv_depth__IBNLCO_02193__IBNLCO_02193__gene__promoter,73.34693468354608,1.943288466738874e-15
cnv_depth__IBNLCO_03160__Glutamate__CDS,73.33669726801268,1.9508529326379868e-15
cnv_depth__IBNLCO_00182__Glutamyl-tRNA(Gln)__CDS,73.25523071690851,2.0121181490161082e-15
cnv_depth__IBNLCO_03315__IBNLCO_03315__gene__promoter,73.11423629550208,2.12277662918271e-15
cnv_depth__IBNLCO_03747__ceoR__gene,72.91886853657796,2.2863415205839106e-15
cnv_depth__IBNLCO_03412__IBNLCO_03412__gene,72.73811623421285,2.4489869789970077e-15
cnv_depth__IBNLCO_03122__IBNLCO_03122__gene,72.7055224230251,2.479535634144389e-15
cnv_depth__IBNLCO_00063__enoyl-CoA__CDS,72.6097038034055,2.571588244998308e-15
cnv_depth__IBNLCO_01555__IBNLCO_01555__gene,72.57130430089329,2.6094399256407105e-15
cnv_depth__IBNLCO_04632__IBNLCO_04632__gene,72.5636133305894,2.6170885190773273e-15
cnv_depth__IBNLCO_03395__IBNLCO_03395__gene,72.48657795939141,2.6949593557086685e-15
cnv_depth__IBNLCO_01968__Glyoxylate__CDS,72.42483036413049,2.759062515307297e-15
cnv_depth__IBNLCO_03106__IBNLCO_03106__gene,72.40954504529266,2.7751672409922547e-15
cnv_depth__IBNLCO_04698__Xylulose__CDS,72.38991382462429,2.7959901279936095e-15
cnv_depth__IBNLCO_00194__Acetylglutamate__CDS,72.3559989588745,2.832336036021337e-15
cnv_depth__IBNLCO_04741__YigZ__CDS,72.2600134063598,2.9378082847442038e-15
cnv_depth__IBNLCO_00268__flagellar__CDS,72.25495129579254,2.943479513818807e-15
cnv_depth__IBNLCO_03628__Tox-PAAR-like__CDS__promoter,72.24993874561534,2.9491061089924375e-15
cnv_depth__IBNLCO_03451__Acetoacetate__CDS,72.24439122806145,2.955345864398774e-15
cnv_depth__IBNLCO_03227__IBNLCO_03227__gene,72.22531367161474,2.976905884889632e-15
cnv_depth__IBNLCO_03415__IBNLCO_03415__gene,72.14188658245257,3.073070063975223e-15
cnv_depth__IBNLCO_04564__Thiamine__CDS,72.11130561110096,3.1091002027423964e-15
cnv_depth__IBNLCO_00030__fliP__gene,72.08335137985166,3.1424085309210862e-15
cnv_depth__IBNLCO_05837__IBNLCO_05837__gene,71.92478679318096,3.3382776054703476e-15
cnv_depth__IBNLCO_02175__IBNLCO_02175__gene,71.8885544941059,3.3847373686727103e-15
cnv_depth__IBNLCO_04571__IBNLCO_04571__gene,71.84939361692727,3.4356867451560385e-15
cnv_depth__IBNLCO_04697__hypothetical__CDS,71.84116978253472,3.4464841613107673e-15
cnv_depth__IBNLCO_03131__IBNLCO_03131__gene__promoter,71.7720217301851,3.5386372507946326e-15
cnv_depth__IBNLCO_04779__Glutathione__CDS,71.70920116978128,3.624512885755415e-15
cnv_depth__IBNLCO_02005__Phosphoribosylformylglycinamidine__CDS,71.66674190781318,3.683743245142666e-15
cnv_depth__IBNLCO_01572__IBNLCO_01572__gene__promoter,71.63630609572606,3.726801371635406e-15
cnv_depth__IBNLCO_03167__ugpB__gene,71.56697300519892,3.826795023788286e-15
cnv_depth__IBNLCO_01098__IBNLCO_01098__gene,71.52516850852524,3.888390817891063e-15
cnv_depth__IBNLCO_03372__Amino__CDS,71.50956307951631,3.9116399534367954e-15
cnv_depth__IBNLCO_00196__histidine__CDS,71.48936276013194,3.941943130765339e-15
cnv_depth__IBNLCO_02973__IBNLCO_02973__gene,71.47456168865519,3.9642970558988485e-15
cnv_depth__IBNLCO_03091__hypothetical__CDS,71.47413312437978,3.964946215497579e-15
cnv_depth__IBNLCO_00197__Response__CDS,71.46232834949186,3.982869523489094e-15
cnv_depth__IBNLCO_04396__IBNLCO_04396__gene,71.39835848059819,4.081427873340132e-15
cnv_depth__IBNLCO_01352__SAM-dependent__CDS,71.38455439584962,4.1030167529441985e-15
cnv_depth__IBNLCO_00005__yciC__gene,71.35925335338483,4.142886025574154e-15
cnv_depth__IBNLCO_02117__Zinc__CDS,71.30711221803847,4.226287695614936e-15
cnv_depth__IBNLCO_00078__Ribonuclease__CDS__promoter,71.21956990138814,4.370144975496166e-15
cnv_depth__IBNLCO_00436__Glutamate--cysteine__CDS,71.09854831916284,4.5771971384803194e-15
cnv_depth__IBNLCO_05838__gnl|Bakta|IBNLCO_05838__CDS,71.0552273997939,4.653697149203047e-15
cnv_depth__IBNLCO_01523__tRNA__CDS,71.00902706973659,4.736704880499492e-15
cnv_depth__IBNLCO_01425__Succinate--glutarate__CDS,70.99789649919151,4.756925520587385e-15
cnv_depth__IBNLCO_00011__IBNLCO_00011__gene,70.98715421099158,4.776523409645016e-15
cnv_depth__IBNLCO_03354__IBNLCO_03354__gene__promoter,70.94220048315512,4.859423767932696e-15
cnv_depth__IBNLCO_00072__IBNLCO_00072__gene,70.76858725494095,5.193459585085502e-15
cnv_depth__IBNLCO_03642__5-oxoprolinase__CDS__promoter,70.76526530640736,5.20007222923929e-15
cnv_depth__IBNLCO_00354__Sulfate-binding__CDS,70.75233222497042,5.2258977800607435e-15
cnv_depth__IBNLCO_03307__methyl-accepting__CDS,70.65436584149784,5.4257750931591636e-15
cnv_depth__IBNLCO_00293__hypothetical__CDS__promoter,70.5779161200064,5.587100570575953e-15
cnv_depth__IBNLCO_05814__ABC__CDS__promoter,70.54404916028643,5.660106708554797e-15
cnv_depth__IBNLCO_03140__ATP__CDS,70.4858963960694,5.7877190539193184e-15
cnv_depth__IBNLCO_03447__Glutathione__CDS,70.48411380861633,5.7916763760607514e-15
cnv_depth__IBNLCO_03140__IBNLCO_03140__gene__promoter,70.37417485663902,6.0410937690288095e-15
cnv_depth__IBNLCO_04853__IBNLCO_04853__gene,70.3363402073604,6.129414107524332e-15
cnv_depth__IBNLCO_04652__IBNLCO_04652__gene,70.3286740176286,6.147468100700983e-15
cnv_depth__IBNLCO_02920__IBNLCO_02920__gene,70.29361911182707,6.2307093717137474e-15
cnv_depth__IBNLCO_03208__IBNLCO_03208__gene,70.1792510152439,6.510283157970916e-15
cnv_depth__IBNLCO_00627__ubiE__gene,70.10943902434101,6.6871297392726524e-15
cnv_depth__IBNLCO_03500__IBNLCO_03500__gene,70.09436068660249,6.725958372355382e-15
cnv_depth__IBNLCO_00188__hypothetical__CDS__promoter,70.08176108281535,6.7585784560090475e-15
cnv_depth__IBNLCO_01714__Long-chain-fatty-acid--CoA__CDS,70.00189992533866,6.969084423920312e-15
cnv_depth__IBNLCO_03298__flhB__gene,69.98596380569394,7.0118762084920085e-15
cnv_depth__IBNLCO_03216__Large__CDS__promoter,69.97856335817023,7.0318380374576305e-15
cnv_depth__IBNLCO_01935__Chaperone__CDS,69.96953511215696,7.0562683626898004e-15
cnv_depth__IBNLCO_00285__IBNLCO_00285__gene,69.9264970585828,7.173911900431307e-15
cnv_depth__IBNLCO_01851__HTH__CDS,69.62603233326068,8.052308216132368e-15
cnv_depth__IBNLCO_03007__secA__gene,69.57388025388298,8.215482929785792e-15
cnv_depth__IBNLCO_05632__IBNLCO_05632__gene,69.57380303362852,8.215726997003896e-15
cnv_depth__IBNLCO_00273__flgH__gene__promoter,69.53813513423025,8.329247389068993e-15
cnv_depth__IBNLCO_03411__IBNLCO_03411__gene__promoter,69.53480910183657,8.339913551395098e-15
cnv_depth__unknown__unknown__regulatory.17,69.5258414752226,8.368740345579439e-15
cnv_depth__IBNLCO_02988__Proline--tRNA__CDS,69.37257247173523,8.877279007068134e-15
cnv_depth__IBNLCO_05057__bcsG__gene,69.27568880142698,9.214715596706781e-15
cnv_depth__IBNLCO_03521__IBNLCO_03521__gene,69.17743828529821,9.570143591745241e-15
cnv_depth__IBNLCO_00321__IBNLCO_00321__gene__promoter,69.14347096281723,9.696216172020503e-15
cnv_depth__IBNLCO_03586__IBNLCO_03586__gene,69.10811383539414,9.829228597905444e-15
cnv_depth__IBNLCO_03409__ABC__CDS,69.07486354063705,9.955995581582196e-15
cnv_depth__IBNLCO_03419__Lipopolysaccharide__CDS,69.03342216439476,1.0116304303270013e-14
cnv_depth__IBNLCO_05807__Porin__CDS,68.9188491923523,1.0573204181531573e-14
cnv_depth__IBNLCO_03418__IBNLCO_03418__gene,68.82186470492486,1.0976213412138548e-14
cnv_depth__IBNLCO_03158__alsT__gene,68.71578788295238,1.1434788870070285e-14
cnv_depth__IBNLCO_03409__ABC__CDS__promoter,68.70141007115737,1.1498415967244516e-14
cnv_depth__IBNLCO_03073__IBNLCO_03073__gene,68.61094007016803,1.1907061986485799e-14
cnv_depth__IBNLCO_03339__csgG__gene,68.61028319595918,1.1910082034677165e-14
cnv_depth__unknown__unknown__rep_origin,68.55197707167706,1.2181254602277473e-14
cnv_depth__IBNLCO_00084__IBNLCO_00084__gene,68.52805175526025,1.2294323249079372e-14
cnv_depth__IBNLCO_03617__clpB__gene__promoter,68.49055878807044,1.247364636918944e-14
cnv_depth__IBNLCO_03410__ABC__CDS__promoter,68.47711189247103,1.2538602195064421e-14
cnv_depth__IBNLCO_03725__iclR__gene__promoter,68.4380413916009,1.2729278087025569e-14
cnv_depth__IBNLCO_04681__SDR__CDS,68.4168353552095,1.2833992837262338e-14
cnv_depth__IBNLCO_03274__hypothetical__CDS,68.3541660440524,1.3148562550722732e-14
cnv_depth__IBNLCO_03403__IBNLCO_03403__gene__promoter,68.33119588068033,1.3265801287606796e-14
cnv_depth__IBNLCO_00394__IBNLCO_00394__gene__promoter,68.27666804969833,1.3548352974975702e-14
cnv_depth__IBNLCO_01720__IBNLCO_01720__gene,68.27321579517354,1.3566444996414306e-14
cnv_depth__IBNLCO_03321__IBNLCO_03321__gene,68.11842082843047,1.4403240331651846e-14
cnv_depth__IBNLCO_03184__engB__gene,68.08148514945613,1.461049296552209e-14
cnv_depth__IBNLCO_03336__phospholipase__CDS__promoter,68.0594757162978,1.47354206687211e-14
cnv_depth__IBNLCO_03451__Acetoacetate__CDS__promoter,67.8368430617997,1.6061368321886964e-14
cnv_depth__IBNLCO_00110__DNA-binding__CDS__promoter,67.75582576748526,1.657324376377991e-14
cnv_depth__IBNLCO_03189__IBNLCO_03189__gene__promoter,67.59406713175547,1.764506447700767e-14
cnv_depth__IBNLCO_03484__Cysteine/O-acetylserine__CDS,67.58044801894842,1.773843879136291e-14
cnv_depth__IBNLCO_05022__bsaP__gene__promoter,67.57992886783069,1.7742008008703392e-14
cnv_depth__IBNLCO_02981__IBNLCO_02981__gene,67.50502215824964,1.8264673606640127e-14
cnv_depth__IBNLCO_00179__mreC__gene,67.43304994511048,1.8781504533713782e-14
cnv_depth__IBNLCO_03170__IBNLCO_03170__gene,67.43206457468243,1.8788681977517337e-14
cnv_depth__IBNLCO_01658__Short__CDS,67.4228415591361,1.8855996876030754e-14
cnv_depth__IBNLCO_04567__Thymidylate__CDS,67.37431764663376,1.9214183520447217e-14
cnv_depth__IBNLCO_01982__ycfH__gene,67.37128478376103,1.923679781183194e-14
cnv_depth__IBNLCO_05738__SDR__CDS,67.35228983544583,1.9379044503445196e-14
cnv_depth__IBNLCO_05850__Arsenate__CDS,67.34769626468082,1.9413603343933968e-14
cnv_depth__IBNLCO_05665__Putative__CDS,67.34609238811979,1.9425684447321194e-14
cnv_depth__IBNLCO_01302__IBNLCO_01302__gene__promoter,67.33228132513493,1.95300300209945e-14
cnv_depth__IBNLCO_04201__Multidrug__CDS,67.33032919321758,1.9544824373169393e-14
cnv_depth__IBNLCO_05592__IBNLCO_05592__gene,67.13181593542456,2.1109903560848716e-14
cnv_depth__IBNLCO_03632__IBNLCO_03632__gene__promoter,67.0452721887383,2.1831256866542734e-14
cnv_depth__IBNLCO_03696__Sulfate__CDS,67.013731054258,2.2100300552965296e-14
cnv_depth__IBNLCO_01736__IBNLCO_01736__gene,66.95523652691968,2.2608147522013306e-14
cnv_depth__IBNLCO_05844__IBNLCO_05844__gene,66.93822491812003,2.2758041274827892e-14
cnv_depth__IBNLCO_03108__IBNLCO_03108__gene,66.77875077182541,2.4212931773596463e-14
cnv_depth__IBNLCO_03398__IBNLCO_03398__gene__promoter,66.73557243489725,2.4622763501595393e-14
cnv_depth__IBNLCO_04856__IBNLCO_04856__gene__promoter,66.71293527073865,2.484041754041489e-14
cnv_depth__IBNLCO_04717__IBNLCO_04717__gene,66.67811940420452,2.5178965842816344e-14
cnv_depth__IBNLCO_01482__IBNLCO_01482__gene,66.64174162067398,2.5537680050210828e-14
cnv_depth__IBNLCO_02980__Ribonucleoside-diphosphate__CDS__promoter,66.63896988057796,2.5565222249737315e-14
cnv_depth__IBNLCO_00005__yciC__gene__promoter,66.5489701174534,2.6476015842249038e-14
cnv_depth__IBNLCO_01386__Type__CDS,66.5161974157688,2.68157511848837e-14
cnv_depth__IBNLCO_00311__IBNLCO_00311__gene,66.4792334299734,2.720421995138125e-14
cnv_depth__IBNLCO_04738__IBNLCO_04738__gene,66.46796379505088,2.73237833013949e-14
cnv_depth__IBNLCO_01867__IBNLCO_01867__gene,66.38609956137216,2.8208382396512438e-14
cnv_depth__IBNLCO_04780__IBNLCO_04780__gene,66.35055413420773,2.8601424627429225e-14
cnv_depth__IBNLCO_03198__IBNLCO_03198__gene,66.27355585154979,2.9471897131473236e-14
cnv_depth__IBNLCO_00173__IBNLCO_00173__gene,66.20310350638101,3.029178490207762e-14
cnv_depth__IBNLCO_03397__ATP__CDS,66.18833059097474,3.0466604011256396e-14
cnv_depth__IBNLCO_01849__mexB__gene,66.16315674434352,3.076685523379852e-14
cnv_depth__IBNLCO_00081__mnmE__gene__promoter,66.08540323255832,3.171322613675063e-14
cnv_depth__IBNLCO_03130__Transmembrane__CDS__promoter,65.99820933508826,3.2809510686249054e-14
cnv_depth__IBNLCO_03188__Periplasmic__CDS,65.97527058389578,3.3104222797887187e-14
cnv_depth__IBNLCO_01394__vgrG1__gene,65.97509704782131,3.3106462507551936e-14
cnv_depth__IBNLCO_03310__cheY1__gene__promoter,65.96012855282399,3.3300227290018336e-14
cnv_depth__IBNLCO_03134__IBNLCO_03134__gene,65.8098064328632,3.531076376388992e-14
cnv_depth__IBNLCO_03336__phospholipase__CDS,65.76304702175088,3.596082235247743e-14
cnv_depth__IBNLCO_01878__bktB__gene,65.73548165844662,3.634968853298707e-14
cnv_depth__IBNLCO_05853__IBNLCO_05853__gene,65.71694815516251,3.661352577070237e-14
cnv_depth__IBNLCO_00038__IBNLCO_00038__gene__promoter,65.65617784030754,3.749227306996545e-14
cnv_depth__IBNLCO_03272__IBNLCO_03272__gene__promoter,65.64955261578694,3.7589352954706034e-14
cnv_depth__IBNLCO_00443__IBNLCO_00443__gene__promoter,65.58237191057889,3.858820621488589e-14
cnv_depth__IBNLCO_00375__Isocitrate__CDS,65.46624993135542,4.0378344534314237e-14
cnv_depth__IBNLCO_03247__IBNLCO_03247__gene,65.4633164905512,4.0424636380363754e-14
cnv_depth__IBNLCO_03203__Small__CDS__promoter,65.43571589708388,4.0862826273582034e-14
cnv_depth__IBNLCO_03254__IBNLCO_03254__gene,65.43064762506485,4.094381029831906e-14
cnv_depth__IBNLCO_03392__CoA-binding__CDS__promoter,65.42623482147572,4.101445278264472e-14
cnv_depth__IBNLCO_00442__putative__CDS,65.42052897349276,4.110597745023849e-14
cnv_depth__IBNLCO_03435__xerC__gene,65.38093601638298,4.174677353606378e-14
cnv_depth__IBNLCO_02947__Putative__CDS,65.3675331339281,4.196597092939863e-14
cnv_depth__IBNLCO_00313__IBNLCO_00313__gene__promoter,65.34399307224533,4.235377320070804e-14
cnv_depth__IBNLCO_03125__IBNLCO_03125__gene,65.30280680956776,4.304100513388114e-14
cnv_depth__IBNLCO_00001__IBNLCO_00001__gene,65.2469076156986,4.3991782623517116e-14
cnv_depth__IBNLCO_02985__IBNLCO_02985__gene,65.19810119808618,4.483924630923469e-14
cnv_depth__IBNLCO_03231__trnW__gene,65.17211750291936,4.5297125143661044e-14
cnv_depth__IBNLCO_04296__Class__CDS,65.15362090469625,4.562594153194576e-14
cnv_depth__IBNLCO_03469__gnl|Bakta|IBNLCO_03469__CDS,65.13575127008251,4.594590085977113e-14
cnv_depth__IBNLCO_00018__IBNLCO_00018__gene,65.12876782354267,4.607155559341148e-14
cnv_depth__IBNLCO_01645__Outer__CDS__promoter,65.08522409421536,4.686291183771632e-14
cnv_depth__IBNLCO_03213__IBNLCO_03213__gene__promoter,65.04391077916353,4.7626417625755756e-14
cnv_depth__IBNLCO_05330__UDP-glucose:undecaprenyl-phosphate__CDS__promoter,65.04022693581994,4.7695105101042744e-14
cnv_depth__IBNLCO_00191__IBNLCO_00191__gene,64.98988017359146,4.864393683686003e-14
cnv_depth__IBNLCO_01863__IBNLCO_01863__gene,64.9485537632117,4.943699791822751e-14
cnv_depth__IBNLCO_04596__IBNLCO_04596__gene,64.90999128614682,5.018878898048008e-14
cnv_depth__IBNLCO_03131__IBNLCO_03131__gene,64.89446517063979,5.0494726331620264e-14
cnv_depth__IBNLCO_02118__IBNLCO_02118__gene,64.82036980335558,5.198088994877377e-14
cnv_depth__IBNLCO_02283__IBNLCO_02283__gene,64.77987649643873,5.2811664505054306e-14
cnv_depth__IBNLCO_03274__IBNLCO_03274__gene__promoter,64.73949457119126,5.365350513510443e-14
cnv_depth__IBNLCO_01996__IBNLCO_01996__gene,64.7116569797731,5.4241711035520847e-14
cnv_depth__IBNLCO_04397__IBNLCO_04397__gene__promoter,64.6969747179157,5.455456395090391e-14
cnv_depth__IBNLCO_00023__lysR__gene,64.65428400314997,5.547461570063497e-14
cnv_depth__IBNLCO_01572__IBNLCO_01572__gene,64.63550762463457,5.588422106538749e-14
cnv_depth__IBNLCO_00246__Dipeptide__CDS,64.57507211703005,5.72234644822237e-14
cnv_depth__IBNLCO_02244__gnl|Bakta|IBNLCO_02244__CDS,64.53979406956392,5.802015182227392e-14
cnv_depth__IBNLCO_00219__Acyl-CoA__CDS__promoter,64.51389864558853,5.861206914712285e-14
cnv_depth__IBNLCO_03454__NADPH-dependent__CDS__promoter,64.48058043760963,5.93826343396238e-14
cnv_depth__IBNLCO_01059__benE__gene,64.46974446426921,5.963544044498203e-14
cnv_depth__IBNLCO_05235__DUF2946__CDS,64.46960217246657,5.963876736778267e-14
cnv_depth__IBNLCO_03209__Large__CDS,64.45721087925293,5.992920785837438e-14
cnv_depth__IBNLCO_03189__Large__CDS,64.44333270085107,6.025619525796206e-14
cnv_depth__IBNLCO_04533__hypothetical__CDS__promoter,64.4001037780876,6.128631239952922e-14
cnv_depth__IBNLCO_01919__Recombination__CDS,64.36081795294538,6.223788283396242e-14
cnv_depth__IBNLCO_04806__IBNLCO_04806__gene,64.34172087926991,6.27058208725073e-14
cnv_depth__IBNLCO_00181__IBNLCO_00181__gene__promoter,64.30657688431332,6.357626192219027e-14
cnv_depth__IBNLCO_01257__Putative__CDS,64.26291008446431,6.467481072331322e-14
cnv_depth__IBNLCO_00094__IBNLCO_00094__gene,64.11792943091488,6.846151037780409e-14
cnv_depth__IBNLCO_03460__DUF2063__CDS__promoter,64.09672051460512,6.903392561682294e-14
cnv_depth__IBNLCO_01973__IBNLCO_01973__gene,64.08451789579853,6.936545387298526e-14
cnv_depth__IBNLCO_03582__IBNLCO_03582__gene,64.07212481907005,6.970380191771534e-14
cnv_depth__IBNLCO_03501__IBNLCO_03501__gene__promoter,64.06998815680511,6.976230390820961e-14
cnv_depth__IBNLCO_04240__marR__gene__promoter,64.03844536020654,7.063173850434318e-14
cnv_depth__IBNLCO_00284__IBNLCO_00284__gene__promoter,64.00722146958651,7.150315767064374e-14
cnv_depth__IBNLCO_04651__IBNLCO_04651__gene,63.99505261778135,7.184570711260721e-14
cnv_depth__IBNLCO_01977__Glycosyl__CDS,63.977721546411715,7.233643361462163e-14
cnv_depth__IBNLCO_03225__Large__CDS__promoter,63.91901305586833,7.402404274887072e-14
cnv_depth__IBNLCO_03420__IBNLCO_03420__gene,63.830527596370665,7.664302825102754e-14
cnv_depth__IBNLCO_00172__IBNLCO_00172__gene__promoter,63.82978086517393,7.666552346568193e-14
cnv_depth__IBNLCO_03141__UDP-N-acetylglucosamine__CDS,63.81047990778747,7.724928169069446e-14
cnv_depth__IBNLCO_01582__IBNLCO_01582__gene,63.78288322371258,7.809174886602029e-14
cnv_depth__IBNLCO_03297__flhA__gene__promoter,63.770151063688,7.848355529821601e-14
cnv_depth__IBNLCO_03196__Protein__CDS__promoter,63.692611821843464,8.091289051961392e-14
cnv_depth__IBNLCO_01732__AraC__CDS__promoter,63.65184216831003,8.222053073066676e-14
cnv_depth__IBNLCO_03215__IBNLCO_03215__gene,63.645627395756776,8.242172812770788e-14
cnv_depth__IBNLCO_00002__IBNLCO_00002__gene,63.636310468874306,8.272428639059996e-14
cnv_depth__IBNLCO_01383__tssF__gene,63.5869923838771,8.434462168876256e-14
cnv_depth__IBNLCO_00214__Major__CDS,63.516969777920025,8.670040613884918e-14
cnv_depth__IBNLCO_01678__Zinc__CDS__promoter,63.501321272344406,8.723588964273093e-14
cnv_depth__IBNLCO_02122__Uridylate__CDS,63.47763124582174,8.805291050199279e-14
cnv_depth__IBNLCO_03205__Large__CDS__promoter,63.41889878994268,9.011195112268127e-14
cnv_depth__IBNLCO_04342__dmlR__gene,63.410562533078846,9.04081170702537e-14
cnv_depth__IBNLCO_03437__IBNLCO_03437__gene,63.38896668539582,9.117994122646871e-14
cnv_depth__IBNLCO_00537__IBNLCO_00537__gene,63.37766970098797,9.158633613003966e-14
cnv_depth__IBNLCO_04730__IBNLCO_04730__gene,63.2459151036159,9.6463287079254e-14
cnv_depth__IBNLCO_04601__IBNLCO_04601__gene,63.20892928197959,9.7878886650108e-14
cnv_depth__IBNLCO_02254__IBNLCO_02254__gene,63.14049871238845,1.0055354729394313e-13
cnv_depth__IBNLCO_00112__IBNLCO_00112__gene,63.12463082276834,1.0118422321972436e-13
cnv_depth__IBNLCO_03750__ceoB__gene,63.09803924997289,1.0225008364871807e-13
cnv_depth__IBNLCO_02169__ABC-type__CDS,63.07209818899467,1.0330079265985318e-13
cnv_depth__IBNLCO_05299__IBNLCO_05299__gene,63.055972411685616,1.0395943377332818e-13
cnv_depth__IBNLCO_03248__IBNLCO_03248__gene,62.87112331407061,1.1181924750750036e-13
cnv_depth__IBNLCO_04658__Exported__CDS,62.82517088153617,1.138645854161719e-13
cnv_depth__IBNLCO_00277__flgK__gene,62.78845050034154,1.1552612735941375e-13
cnv_depth__IBNLCO_04924__Biotin__CDS,62.76194044125053,1.1674086378829708e-13
cnv_depth__IBNLCO_00186__IBNLCO_00186__gene,62.756392045132394,1.1699672827481946e-13
cnv_depth__IBNLCO_00082__IBNLCO_00082__gene,62.745777010496134,1.1748781980890646e-13
cnv_depth__IBNLCO_03110__IBNLCO_03110__gene,62.723687013878106,1.1851646855331637e-13
cnv_depth__IBNLCO_04349__IBNLCO_04349__gene,62.720383589418226,1.186710763418722e-13
cnv_depth__IBNLCO_03393__Bp1_781__gene__promoter,62.68919156389433,1.2014101059833776e-13
cnv_depth__IBNLCO_00285__IBNLCO_00285__gene__promoter,62.65371503935013,1.218352117199965e-13
cnv_depth__IBNLCO_03264__IBNLCO_03264__gene,62.60921495834265,1.239944870327234e-13
cnv_depth__IBNLCO_03504__C4-dicarboxylate__CDS,62.60084107597707,1.2440511152851245e-13
cnv_depth__IBNLCO_02054__Phenylserine__CDS__promoter,62.594316164757686,1.2472602069418263e-13
cnv_depth__IBNLCO_03400__IBNLCO_03400__gene__promoter,62.56547683061495,1.2615444163268497e-13
cnv_depth__IBNLCO_00585__IBNLCO_00585__gene__promoter,62.541678149701944,1.2734562847662533e-13
cnv_depth__IBNLCO_03058__Ribosome-binding__CDS,62.50402115845078,1.2925370502966098e-13
cnv_depth__IBNLCO_03279__Endolytic__CDS__promoter,62.39218056680615,1.3509255937694486e-13
cnv_depth__IBNLCO_03269__IBNLCO_03269__gene,62.38296076660702,1.3558561911872704e-13
cnv_depth__IBNLCO_01663__Iron__CDS__promoter,62.3513277708277,1.3729115214172603e-13
cnv_depth__IBNLCO_03200__Large__CDS__promoter,62.34766941605582,1.3748978921104398e-13
cnv_depth__IBNLCO_01711__osmF__gene__promoter,62.336271387614396,1.381105282497122e-13
cnv_depth__IBNLCO_03457__Cytochrome__CDS__promoter,62.31682485270722,1.3917612969694862e-13
cnv_depth__IBNLCO_01687__IBNLCO_01687__gene,62.14663681032116,1.4886334984350216e-13
cnv_depth__IBNLCO_01695__IBNLCO_01695__gene,62.127086340641796,1.5001891229938864e-13
cnv_depth__IBNLCO_04496__pksF__gene,62.1238497099759,1.5021109053716504e-13
cnv_depth__IBNLCO_03754__gntR__gene,62.090846273480835,1.521849489501665e-13
cnv_depth__IBNLCO_03002__Cell__CDS,62.083221461503854,1.5264468269731292e-13
cnv_depth__IBNLCO_00523__IBNLCO_00523__gene,62.04632039504153,1.5488950365306341e-13
cnv_depth__IBNLCO_01937__hypothetical__CDS,62.03012134301317,1.5588544785358779e-13
cnv_depth__IBNLCO_01721__IBNLCO_01721__gene,62.006375275074284,1.573570929086844e-13
cnv_depth__IBNLCO_03323__fliD__gene,61.991916752102,1.5826001153215626e-13
cnv_depth__IBNLCO_02334__IBNLCO_02334__gene__promoter,61.978396550921325,1.5910906519178244e-13
cnv_depth__IBNLCO_03738__IBNLCO_03738__gene__promoter,61.972608712579316,1.5947393938236775e-13
cnv_depth__IBNLCO_00003__tRNA__CDS,61.95604127728327,1.6052305270543528e-13
cnv_depth__IBNLCO_03096__Peptidase__CDS__promoter,61.85502198277548,1.6707249392478564e-13
cnv_depth__IBNLCO_01684__IBNLCO_01684__gene,61.83628951719759,1.6831632142526233e-13
cnv_depth__IBNLCO_02542__Thioredoxin__CDS__promoter,61.83048294148618,1.6870377045484889e-13
cnv_depth__IBNLCO_00052__IBNLCO_00052__gene__promoter,61.79308762133117,1.7122067220131708e-13
cnv_depth__IBNLCO_00206__IBNLCO_00206__gene,61.77025197099639,1.7277624108848648e-13
cnv_depth__IBNLCO_01728__IBNLCO_01728__gene,61.759548050965606,1.7351029809667504e-13
cnv_depth__IBNLCO_01575__IBNLCO_01575__gene,61.670635485354794,1.797307751547543e-13
cnv_depth__IBNLCO_03463__Amino__CDS,61.612802651211716,1.8389724553463094e-13
cnv_depth__IBNLCO_03225__Large__CDS,61.507173021471196,1.917605542113468e-13
cnv_depth__IBNLCO_04584__1%2C6-didemethyltoxoflavin__CDS,61.44613236994948,1.9645844761763723e-13
cnv_depth__unknown__unknown__regulatory.7,61.340280303583114,2.04882389856399e-13
cnv_depth__IBNLCO_04795__IBNLCO_04795__gene,61.33781216028729,2.0508310204613766e-13
cnv_depth__IBNLCO_03676__IBNLCO_03676__gene,61.291514420530596,2.0888509257522332e-13
cnv_depth__IBNLCO_01675__Corrinoid__CDS,61.20655059087975,2.160484916672833e-13
cnv_depth__IBNLCO_05624__IBNLCO_05624__gene__promoter,61.17320944913072,2.1892683025756673e-13
cnv_depth__IBNLCO_04743__IBNLCO_04743__gene__promoter,61.15102947930651,2.2086304041473062e-13
cnv_depth__IBNLCO_05234__Enterobactin__CDS__promoter,61.139646413116445,2.2186343411573493e-13
cnv_depth__IBNLCO_03472__IBNLCO_03472__gene,61.09063373856554,2.2622340777648903e-13
cnv_depth__IBNLCO_03024__Ribosomal__CDS__promoter,61.077758118103766,2.273830518633637e-13
cnv_depth__IBNLCO_03306__cheR__gene__promoter,61.04507037585725,2.303541091840511e-13
cnv_depth__IBNLCO_04213__IBNLCO_04213__gene,61.02800332204534,2.3192091292832765e-13
cnv_depth__IBNLCO_04735__IBNLCO_04735__gene,61.00904332845973,2.336741135361317e-13
cnv_depth__IBNLCO_03284__IBNLCO_03284__gene__promoter,60.94966046384233,2.3925221754684024e-13
cnv_depth__IBNLCO_03726__IBNLCO_03726__gene__promoter,60.92815364835545,2.4130545024997e-13
cnv_depth__IBNLCO_05202__DUF1479__CDS,60.91723674444139,2.423544732250634e-13
cnv_depth__IBNLCO_00326__IBNLCO_00326__gene,60.89000265873633,2.4499155582129263e-13
cnv_depth__IBNLCO_01438__IBNLCO_01438__gene,60.86041445055888,2.478894372814304e-13
cnv_depth__IBNLCO_05611__IBNLCO_05611__gene,60.835009368934756,2.504052230474644e-13
cnv_depth__IBNLCO_01471__IBNLCO_01471__gene,60.83209798880157,2.506951693839357e-13
cnv_depth__IBNLCO_03784__IBNLCO_03784__gene,60.77788140646865,2.5615699800773355e-13
cnv_depth__IBNLCO_03162__OmpW__CDS,60.72549790438431,2.615482712938813e-13
cnv_depth__IBNLCO_03258__IBNLCO_03258__gene,60.645131012610555,2.700431730264649e-13
cnv_depth__IBNLCO_01677__IBNLCO_01677__gene,60.6059203571709,2.742883745575535e-13
cnv_depth__IBNLCO_03426__IBNLCO_03426__gene,60.58196054298457,2.769155219343823e-13
cnv_depth__IBNLCO_04574__IBNLCO_04574__gene,60.578397613802174,2.7730835426307513e-13
cnv_depth__IBNLCO_00207__IBNLCO_00207__gene,60.57065694756969,2.781637449444101e-13
cnv_depth__IBNLCO_03182__Cytochrome__CDS,60.48313366092453,2.880229715100826e-13
cnv_depth__IBNLCO_00343__azlC__gene__promoter,60.48289980067408,2.880497823338416e-13
cnv_depth__IBNLCO_02321__IBNLCO_02321__gene,60.47756541904406,2.8866202530137593e-13
cnv_depth__IBNLCO_00248__IBNLCO_00248__gene,60.46777660549197,2.897889364432676e-13
cnv_depth__IBNLCO_03838__IBNLCO_03838__gene__promoter,60.46168787720972,2.904921246831613e-13
cnv_depth__IBNLCO_00053__Molybdenum__CDS,60.459133283791154,2.9078766789340377e-13
cnv_depth__IBNLCO_05836__Glutamate__CDS,60.45729016055991,2.9100108898867826e-13
cnv_depth__IBNLCO_03443__Succinylglutamate__CDS,60.43829478201366,2.932098593802586e-13
cnv_depth__IBNLCO_03384__aidB__gene,60.42741272037912,2.9448283662760874e-13
cnv_depth__IBNLCO_03209__IBNLCO_03209__gene__promoter,60.4163304658532,2.957849674717775e-13
cnv_depth__IBNLCO_03322__gnl|Bakta|IBNLCO_03322__CDS__promoter,60.36416652215895,3.019925876847327e-13
cnv_depth__IBNLCO_03024__IBNLCO_03024__gene,60.332429304371075,3.058335760937715e-13
cnv_depth__IBNLCO_05832__IBNLCO_05832__gene__promoter,60.32340892974086,3.0693423944525436e-13
cnv_depth__IBNLCO_03193__Small__CDS,60.30988713416245,3.085916605334765e-13
cnv_depth__IBNLCO_00245__IBNLCO_00245__gene,60.30742276624316,3.088947001430733e-13
cnv_depth__IBNLCO_01285__IBNLCO_01285__gene__promoter,60.30659117570219,3.0899702736361407e-13
cnv_depth__IBNLCO_05847__2-hydroxy-1%2C4-benzoquinone__CDS,60.295595467640915,3.103532717780184e-13
cnv_depth__IBNLCO_03663__LysR__CDS__promoter,60.24357745086511,3.168512611813843e-13
cnv_depth__IBNLCO_00286__IBNLCO_00286__gene,60.23324450076951,3.1815829687631504e-13
cnv_depth__IBNLCO_00524__IBNLCO_00524__gene,60.22262562244185,3.195071721985012e-13
cnv_depth__IBNLCO_00071__RNA__CDS__promoter,60.07178188803436,3.3930387124354094e-13
cnv_depth__IBNLCO_04240__marR__gene,60.06594803193425,3.4009390485763107e-13
cnv_depth__IBNLCO_03230__Protein__CDS__promoter,60.03702118579971,3.4403876403950485e-13
cnv_depth__IBNLCO_03029__IBNLCO_03029__gene,60.01105936354303,3.4761859857342847e-13
cnv_depth__IBNLCO_04576__Glutamyl-tRNA__CDS__promoter,59.97923206301495,3.5205857343806975e-13
cnv_depth__IBNLCO_03190__IBNLCO_03190__gene__promoter,59.960928435998476,3.5463785500713504e-13
cnv_depth__IBNLCO_03344__hypothetical__CDS,59.93954337379748,3.57675539902053e-13
cnv_depth__IBNLCO_03436__IBNLCO_03436__gene,59.91346319609866,3.614157324306185e-13
cnv_depth__IBNLCO_00060__IBNLCO_00060__gene__promoter,59.90667206234815,3.6239612144757566e-13
cnv_depth__IBNLCO_01434__Acyl-CoA__CDS__promoter,59.86692517057264,3.6818819364340865e-13
cnv_depth__IBNLCO_04098__IBNLCO_04098__gene__promoter,59.86284049551484,3.6878869971748273e-13
cnv_depth__IBNLCO_01674__IBNLCO_01674__gene,59.849018628845386,3.7082805737021604e-13
cnv_depth__IBNLCO_03231__trnW__gene__promoter,59.83129833991736,3.7345927634698173e-13
cnv_depth__IBNLCO_05807__Porin__CDS__promoter,59.822702703596086,3.7474239143870484e-13
cnv_depth__IBNLCO_02136__IBNLCO_02136__gene,59.743266453559684,3.8681292948791705e-13
cnv_depth__IBNLCO_01274__Nitrite/sulfite__CDS,59.72485797635548,3.896657202306618e-13
cnv_depth__IBNLCO_00101__IBNLCO_00101__gene,59.70515151877625,3.9274320869521545e-13
cnv_depth__IBNLCO_03753__IBNLCO_03753__gene__promoter,59.630641348369984,4.046026787962092e-13
cnv_depth__IBNLCO_01873__Iron__CDS__promoter,59.60789272079039,4.0829504152791177e-13
cnv_depth__IBNLCO_03422__LysR__CDS__promoter,59.5597082071551,4.1622868612488916e-13
cnv_depth__IBNLCO_00309__RND__CDS__promoter,59.52943825577451,4.212920961352619e-13
cnv_depth__IBNLCO_03326__vioA__gene,59.493082076296076,4.274558616509301e-13
cnv_depth__IBNLCO_02716__HTH__CDS__promoter,59.47513325460542,4.305323662792389e-13
cnv_depth__IBNLCO_04643__Linear__CDS__promoter,59.464280707893096,4.3240337444472774e-13
cnv_depth__IBNLCO_01558__IBNLCO_01558__gene,59.464107451086186,4.3243331086530345e-13
cnv_depth__IBNLCO_04816__IBNLCO_04816__gene,59.409738596554355,4.4193163333769587e-13
cnv_depth__IBNLCO_03187__Thiol:disulfide__CDS__promoter,59.3976809518934,4.4406650158301775e-13
cnv_depth__IBNLCO_05374__histidine__CDS__promoter,59.355774461299006,4.5156757679589825e-13
cnv_depth__IBNLCO_03205__IBNLCO_03205__gene,59.340309509848986,4.5436793917004467e-13
cnv_depth__IBNLCO_03243__IBNLCO_03243__gene,59.33269149592403,4.557538331706676e-13
cnv_depth__IBNLCO_03363__IBNLCO_03363__gene,59.143685506286474,4.915393198724889e-13
cnv_depth__IBNLCO_03253__Indolepyruvate__CDS__promoter,59.11626970079855,4.969606796952005e-13
cnv_depth__IBNLCO_04615__IBNLCO_04615__gene__promoter,59.07282705359437,5.056751872630934e-13
cnv_depth__IBNLCO_00986__Protoporphyrinogen__CDS,59.068421483382615,5.065675080884462e-13
cnv_depth__IBNLCO_03121__IBNLCO_03121__gene,59.04444501640156,5.114517368049706e-13
cnv_depth__IBNLCO_02233__Alpha/beta__CDS,58.977986647166354,5.252399386385293e-13
cnv_depth__IBNLCO_01925__Transcription__CDS,58.967662308770954,5.274153736756495e-13
cnv_depth__IBNLCO_03228__IBNLCO_03228__gene,58.96727505530124,5.274971483956067e-13
cnv_depth__IBNLCO_05799__hypothetical__CDS__promoter,58.9415583303565,5.329563943470148e-13
cnv_depth__IBNLCO_03165__sn-glycerol-3-phosphate__CDS__promoter,58.91514599629714,5.386226983497585e-13
cnv_depth__IBNLCO_02391__IBNLCO_02391__gene,58.84357452048155,5.542847525405981e-13
cnv_depth__IBNLCO_04495__IBNLCO_04495__gene__promoter,58.77656209505305,5.693658139219215e-13
cnv_depth__IBNLCO_01886__IBNLCO_01886__gene,58.741890539145665,5.773305520915898e-13
cnv_depth__IBNLCO_03311__motB__gene__promoter,58.741001242029306,5.775363141868631e-13
cnv_depth__IBNLCO_01736__gnl|Bakta|IBNLCO_01736__CDS__promoter,58.739684760850906,5.778410524055663e-13
cnv_depth__IBNLCO_03376__Cadmium__CDS__promoter,58.73444117989526,5.790564451280607e-13
cnv_depth__IBNLCO_04507__IBNLCO_04507__gene,58.7112288178882,5.844678431826612e-13
cnv_depth__IBNLCO_04978__sensor__CDS,58.67903253289332,5.920582605310703e-13
cnv_depth__IBNLCO_00241__IBNLCO_00241__gene,58.66607021585307,5.951422152993862e-13
cnv_depth__IBNLCO_03399__IBNLCO_03399__gene__promoter,58.64630364868421,5.998762710577158e-13
cnv_depth__IBNLCO_04953__IBNLCO_04953__gene,58.637256592785086,6.020556896350429e-13
cnv_depth__IBNLCO_01689__IBNLCO_01689__gene__promoter,58.622178553728475,6.05705740623878e-13
cnv_depth__IBNLCO_01540__hypothetical__CDS,58.51026401976332,6.335054260917228e-13
cnv_depth__IBNLCO_01517__IBNLCO_01517__gene__promoter,58.49421919488385,6.375952245910119e-13
cnv_depth__IBNLCO_05804__peptidoglycan__CDS,58.32980382245345,6.810723227319043e-13
cnv_depth__IBNLCO_03404__IBNLCO_03404__gene__promoter,58.23110331864071,7.085978683266247e-13
cnv_depth__IBNLCO_01672__Ferrichrome-iron__CDS,58.186967855775904,7.212671866944405e-13
cnv_depth__IBNLCO_03206__IBNLCO_03206__gene,58.135156565469764,7.36432079935609e-13
cnv_depth__IBNLCO_04490__hypothetical__CDS,58.08421833368687,7.516552951396447e-13
cnv_depth__IBNLCO_04102__DUF899__CDS,58.0832827146171,7.519378627301659e-13
cnv_depth__IBNLCO_01979__Mechanosensitive__CDS,57.98394025511166,7.825589573562591e-13
cnv_depth__IBNLCO_03107__Type__CDS__promoter,57.976768209730515,7.848177865008576e-13
cnv_depth__IBNLCO_00220__Alcohol__CDS__promoter,57.94268231671043,7.956434313011977e-13
cnv_depth__IBNLCO_05703__DUF3175__CDS__promoter,57.91955253477136,8.03075175219083e-13
cnv_depth__IBNLCO_04953__IBNLCO_04953__gene__promoter,57.91871187106149,8.033466018102793e-13
cnv_depth__IBNLCO_03600__hypothetical__CDS__promoter,57.89103491898442,8.123346217681525e-13
cnv_depth__IBNLCO_03406__Sporulation__CDS__promoter,57.83933440719238,8.293971324894584e-13
cnv_depth__IBNLCO_03022__ftsI__gene,57.829303897262136,8.327491423248718e-13
cnv_depth__IBNLCO_05663__HTH__CDS__promoter,57.82147584163697,8.353746331652538e-13
cnv_depth__IBNLCO_01735__IBNLCO_01735__gene,57.761194844112985,8.558745899773027e-13
cnv_depth__IBNLCO_00586__IBNLCO_00586__gene__promoter,57.74481034996635,8.61533801651601e-13
cnv_depth__IBNLCO_05248__trnI__gene,57.743187768590964,8.620962940201398e-13
cnv_depth__IBNLCO_01729__IBNLCO_01729__gene__promoter,57.72721386771509,8.676537212671355e-13
cnv_depth__IBNLCO_01708__ABC__CDS,57.678566566723084,8.848022762590119e-13
cnv_depth__IBNLCO_00107__Thioesterase__CDS,57.66690438420314,8.889638908632483e-13
cnv_depth__IBNLCO_02986__IBNLCO_02986__gene__promoter,57.62693834936025,9.033761537903344e-13
cnv_depth__IBNLCO_03197__IBNLCO_03197__gene,57.56715404752254,9.253768080761048e-13
cnv_depth__IBNLCO_03406__IBNLCO_03406__gene,57.54244298336715,9.346277858037387e-13
cnv_depth__IBNLCO_01316__Phosphoglucosamine__CDS,57.52090499531821,9.427670072355571e-13
cnv_depth__IBNLCO_04944__IBNLCO_04944__gene,57.4999300122099,9.5076225346074e-13
cnv_depth__IBNLCO_04750__hypothetical__CDS__promoter,57.45466770761054,9.682494037759505e-13
cnv_depth__IBNLCO_03249__N-acetyltransferase__CDS__promoter,57.42363685712781,9.8042551848e-13
cnv_depth__IBNLCO_03261__Outer__CDS__promoter,57.330006576762855,1.0181100829820306e-12
cnv_depth__IBNLCO_01559__gnl|Bakta|IBNLCO_01559__CDS,57.246831471673126,1.0528119506268128e-12
cnv_depth__IBNLCO_00026__flagellar__CDS__promoter,57.2156325618756,1.0661344865524949e-12
cnv_depth__IBNLCO_05793__IBNLCO_05793__gene__promoter,57.20376050176196,1.0712486822503208e-12
cnv_depth__IBNLCO_02187__IBNLCO_02187__gene__promoter,57.137867974521356,1.100087218115521e-12
cnv_depth__IBNLCO_00031__flagellar__CDS__promoter,57.1169486024306,1.1094057566627736e-12
cnv_depth__IBNLCO_04213__hypothetical__CDS__promoter,57.11042896006078,1.112326191661609e-12
cnv_depth__IBNLCO_03255__IBNLCO_03255__gene,57.02829077121816,1.1497913942360604e-12
cnv_depth__IBNLCO_00525__trnQ__gene,57.008513489390744,1.1590010432772645e-12
cnv_depth__IBNLCO_03908__hypothetical__CDS,56.98773334565856,1.1687579532093947e-12
cnv_depth__IBNLCO_02148__[Ribosomal__CDS,56.97536143531127,1.174606285639904e-12
cnv_depth__IBNLCO_03429__IBNLCO_03429__gene,56.90121325214975,1.2102814373300725e-12
cnv_depth__IBNLCO_04340__hypothetical__CDS__promoter,56.88090452996724,1.2202421383987617e-12
cnv_depth__IBNLCO_01451__fecR__gene,56.84085009049354,1.2401306940059182e-12
cnv_depth__IBNLCO_04537__IBNLCO_04537__gene,56.83956167029913,1.240775849091496e-12
cnv_depth__IBNLCO_04716__hypothetical__CDS__promoter,56.76829083847935,1.2769964892284653e-12
cnv_depth__IBNLCO_00012__Type__CDS__promoter,56.75115413236494,1.2858636252668952e-12
cnv_depth__IBNLCO_03450__3-hydroxybutyrate__CDS__promoter,56.70342648702753,1.3108886794111433e-12
cnv_depth__IBNLCO_05828__putative__CDS,56.69863980191043,1.3134254610260156e-12
cnv_depth__IBNLCO_05689__ATP-binding__CDS,56.69024234896349,1.3178878092158816e-12
cnv_depth__IBNLCO_01560__ParB-like__CDS__promoter,56.67279100901934,1.3272103537720441e-12
cnv_depth__IBNLCO_00109__D-2-hydroxyacid__CDS,56.66104654624613,1.333521728748287e-12
cnv_depth__IBNLCO_02905__SHSP__CDS__promoter,56.64864845341232,1.3402172437914343e-12
cnv_depth__IBNLCO_00072__Catalase-related__CDS__promoter,56.62192700941064,1.3547636477118858e-12
cnv_depth__IBNLCO_03219__IBNLCO_03219__gene,56.59736528496964,1.368274940740733e-12
cnv_depth__IBNLCO_03411__IBNLCO_03411__gene,56.58825502388825,1.3733209753045206e-12
cnv_depth__IBNLCO_04762__IBNLCO_04762__gene__promoter,56.55000846671557,1.3947110107721015e-12
cnv_depth__IBNLCO_04701__hypothetical__CDS,56.49947082568792,1.423491906550897e-12
cnv_depth__IBNLCO_00001__IBNLCO_00001__gene__promoter,56.45708107524034,1.4480946391369769e-12
cnv_depth__IBNLCO_04097__hypothetical__CDS,56.3667073091861,1.501990163600649e-12
cnv_depth__IBNLCO_03023__ftsL__gene,56.35592266187799,1.5085555562898889e-12
cnv_depth__IBNLCO_02050__IBNLCO_02050__gene,56.267157859191606,1.563705777215059e-12
cnv_depth__IBNLCO_03095__hypothetical__CDS,56.24030494080979,1.5807874852535985e-12
cnv_depth__IBNLCO_01868__IBNLCO_01868__gene__promoter,56.21311753609987,1.598273938187744e-12
cnv_depth__IBNLCO_00381__Sulfoacetaldehyde__CDS__promoter,56.203532809586264,1.6044851194486182e-12
cnv_depth__IBNLCO_01492__GTP__CDS__promoter,56.12786385201922,1.6543843867656266e-12
cnv_depth__IBNLCO_01410__IBNLCO_01410__gene,56.0621077058408,1.699017817420462e-12
cnv_depth__IBNLCO_03415__IBNLCO_03415__gene__promoter,56.029689204191364,1.7214681162389366e-12
cnv_depth__IBNLCO_03192__IBNLCO_03192__gene__promoter,56.02616647587461,1.7239256313687107e-12
cnv_depth__IBNLCO_03587__IBNLCO_03587__gene,56.017670779200536,1.7298669567060678e-12
cnv_depth__IBNLCO_03627__DUF3540__CDS,56.00831581239167,1.7364331191504476e-12
cnv_depth__IBNLCO_04423__HTH__CDS,55.962307704227555,1.7690938635343388e-12
cnv_depth__IBNLCO_03401__IBNLCO_03401__gene,55.89939348056124,1.814762687832304e-12
cnv_depth__IBNLCO_03019__IBNLCO_03019__gene,55.86939916960051,1.8369524989251168e-12
cnv_depth__IBNLCO_02809__Chaperone__CDS,55.83022424370007,1.8663472736312116e-12
cnv_depth__IBNLCO_03502__IBNLCO_03502__gene__promoter,55.825279589877894,1.870091080503333e-12
cnv_depth__IBNLCO_03291__IBNLCO_03291__gene,55.82251159610634,1.872190155421117e-12
cnv_depth__IBNLCO_01712__bioC__gene,55.82086912208702,1.8734368303842825e-12
cnv_depth__IBNLCO_02105__glutathione__CDS,55.79095649875646,1.8962884003414407e-12
cnv_depth__IBNLCO_01287__IBNLCO_01287__gene__promoter,55.790467062279156,1.8966646333725315e-12
cnv_depth__IBNLCO_03390__IBNLCO_03390__gene,55.786839343027935,1.8994556356742706e-12
cnv_depth__IBNLCO_03428__tctD__gene__promoter,55.77958323386057,1.90505060526362e-12
cnv_depth__IBNLCO_00425__IBNLCO_00425__gene,55.76986692953915,1.912568627165517e-12
cnv_depth__IBNLCO_02970__IBNLCO_02970__gene,55.76878111469257,1.9134106386898436e-12
cnv_depth__IBNLCO_03675__IBNLCO_03675__gene__promoter,55.679478395780286,1.983958797648045e-12
cnv_depth__IBNLCO_03353__IBNLCO_03353__gene,55.664916656949856,1.9957089744750283e-12
cnv_depth__IBNLCO_03227__Large__CDS__promoter,55.62723085165492,2.0264457553633374e-12
cnv_depth__IBNLCO_00235__rqpR__gene,55.60614283795761,2.0438533937166096e-12
cnv_depth__IBNLCO_03046__Anthranilate__CDS,55.59645393562916,2.05190189150435e-12
cnv_depth__IBNLCO_00508__IBNLCO_00508__gene,55.58135407068347,2.064509085506184e-12
cnv_depth__IBNLCO_05039__L-lactate__CDS,55.556553130539456,2.0853858746535005e-12
cnv_depth__IBNLCO_00549__IBNLCO_00549__gene__promoter,55.533440680785525,2.1050331960031245e-12
cnv_depth__IBNLCO_03378__padR__gene__promoter,55.51352143840828,2.122115951311336e-12
cnv_depth__IBNLCO_00829__msrA__gene__promoter,55.48071993292903,2.150552148475186e-12
cnv_depth__IBNLCO_00303__IBNLCO_00303__gene,55.415697501308365,2.208063727201151e-12
cnv_depth__IBNLCO_00180__Cell__CDS__promoter,55.40820439360063,2.2147903178127895e-12
cnv_depth__IBNLCO_05789__IBNLCO_05789__gene,55.40163892016552,2.2207011730506696e-12
cnv_depth__IBNLCO_01896__IBNLCO_01896__gene__promoter,55.39707191544815,2.224822210346498e-12
cnv_depth__IBNLCO_02182__IBNLCO_02182__gene,55.397021796855746,2.2248674776737302e-12
cnv_depth__IBNLCO_02854__secD__gene__promoter,55.38723134987295,2.2337281100001965e-12
cnv_depth__IBNLCO_02390__IBNLCO_02390__gene,55.35726316844112,2.2610722431021444e-12
cnv_depth__IBNLCO_05621__IBNLCO_05621__gene,55.335394434101836,2.2812392203068987e-12
cnv_depth__IBNLCO_03122__IBNLCO_03122__gene__promoter,55.3317494234422,2.284618203389194e-12
cnv_depth__IBNLCO_01238__Diguanylate__CDS,55.31519143214399,2.3000314602867117e-12
cnv_depth__IBNLCO_01362__Alpha-1%2C4-glucan:maltose-1-phosphate__CDS,55.31111955118884,2.3038378905668553e-12
cnv_depth__IBNLCO_03423__Adenylate__CDS,55.292834611886384,2.3210093807233904e-12
cnv_depth__IBNLCO_03230__secE__gene,55.28452990438892,2.328850998643532e-12
cnv_depth__IBNLCO_03430__IBNLCO_03430__gene__promoter,55.258914936995076,2.3532065253702205e-12
cnv_depth__IBNLCO_02195__gnl|Bakta|IBNLCO_02195__CDS,55.243932147510286,2.3675716898848267e-12
cnv_depth__IBNLCO_03088__IBNLCO_03088__gene__promoter,55.13751936600631,2.4721782136871753e-12
cnv_depth__IBNLCO_03522__IBNLCO_03522__gene,55.081736467780594,2.5288663171107797e-12
cnv_depth__IBNLCO_02972__IBNLCO_02972__gene,55.06787095633944,2.5431593582645556e-12
cnv_depth__IBNLCO_04896__HTH__CDS,55.03591770700732,2.5764092353155686e-12
cnv_depth__IBNLCO_03219__IBNLCO_03219__gene__promoter,55.02250023786595,2.590501707253386e-12
cnv_depth__IBNLCO_05702__IBNLCO_05702__gene,55.01577693917104,2.5975924861072087e-12
cnv_depth__IBNLCO_03389__Primosomal__CDS__promoter,54.98364135671591,2.631756185359693e-12
cnv_depth__IBNLCO_03500__hypothetical__CDS__promoter,54.976221191880484,2.63970890720169e-12
cnv_depth__IBNLCO_00659__IBNLCO_00659__gene,54.963364861405225,2.6535454450708008e-12
cnv_depth__IBNLCO_02940__IBNLCO_02940__gene,54.949777263358065,2.668248615088479e-12
cnv_depth__IBNLCO_03337__gnl|Bakta|IBNLCO_03337__CDS,54.90974894832978,2.712043249119883e-12
cnv_depth__IBNLCO_05815__Oxygen__CDS__promoter,54.87974919198448,2.7453409565733473e-12
cnv_depth__IBNLCO_03588__dbpA__gene,54.760901687172485,2.8813615612527205e-12
cnv_depth__IBNLCO_03028__IBNLCO_03028__gene,54.75124375590346,2.892709614737333e-12
cnv_depth__IBNLCO_03040__Phenylacetate-coenzyme__CDS,54.66618284446667,2.994625647373396e-12
cnv_depth__IBNLCO_03456__IBNLCO_03456__gene,54.665584133128455,2.9953556991785796e-12
cnv_depth__IBNLCO_03220__Small__CDS,54.66467729981474,2.9964618085244696e-12
cnv_depth__IBNLCO_01543__cpaE__gene__promoter,54.62969107031689,3.0394526312606504e-12
cnv_depth__IBNLCO_03124__IBNLCO_03124__gene__promoter,54.616116857333495,3.0562997451677022e-12
cnv_depth__IBNLCO_00440__Phosphoenolpyruvate-protein__CDS,54.61265481367178,3.060611598184495e-12
cnv_depth__IBNLCO_00043__IBNLCO_00043__gene__promoter,54.585006145144156,3.0952681870918992e-12
cnv_depth__IBNLCO_02974__Zinc__CDS__promoter,54.58390232678416,3.0966599789688197e-12
cnv_depth__IBNLCO_01380__Ricin-type__CDS__promoter,54.5661789027134,3.1190939696563887e-12
cnv_depth__IBNLCO_00360__EAL__CDS__promoter,54.5069704443344,3.1952357673064574e-12
cnv_depth__IBNLCO_01872__Phosphate__CDS,54.457800390122465,3.2598930591596055e-12
cnv_depth__IBNLCO_00211__IBNLCO_00211__gene,54.45603909652664,3.262233465306423e-12
cnv_depth__IBNLCO_01856__IBNLCO_01856__gene,54.29446159085513,3.4843171630471883e-12
cnv_depth__IBNLCO_01855__norR__gene,54.26114884391485,3.5319701312316165e-12
cnv_depth__IBNLCO_01942__IBNLCO_01942__gene,54.255741933688725,3.5397664080397164e-12
cnv_depth__IBNLCO_04536__gnl|Bakta|IBNLCO_04536__CDS,54.080273841817444,3.802434420784907e-12
cnv_depth__IBNLCO_03371__Ethanolamine__CDS,54.06595769824286,3.824714610811712e-12
cnv_depth__IBNLCO_03207__IBNLCO_03207__gene,54.02849369625309,3.8836456696523014e-12
cnv_depth__IBNLCO_01131__Undecaprenyl__CDS,54.0154261013862,3.904416036206397e-12
cnv_depth__IBNLCO_01280__Phosphoenolpyruvate__CDS,54.00344938983415,3.923550992561065e-12
cnv_depth__IBNLCO_03393__Bp1_781__gene,53.99596242373765,3.935560841982061e-12
cnv_depth__IBNLCO_01281__L-gulonate__CDS,53.991027049448476,3.943497973541912e-12
cnv_depth__IBNLCO_03408__mnmG__gene__promoter,53.97281050235936,3.972934247365947e-12
cnv_depth__IBNLCO_01940__Molybdopterin__CDS__promoter,53.970061436664565,3.97739571354275e-12
cnv_depth__IBNLCO_03652__IBNLCO_03652__gene__promoter,53.94804531086819,4.013308723312922e-12
cnv_depth__IBNLCO_00185__IBNLCO_00185__gene,53.915178526462086,4.067531703895519e-12
cnv_depth__IBNLCO_04397__IBNLCO_04397__gene,53.85912459915976,4.161720757140361e-12
cnv_depth__IBNLCO_00323__HTH__CDS__promoter,53.85822639319199,4.163247833316283e-12
cnv_depth__IBNLCO_00237__IBNLCO_00237__gene,53.78305576119553,4.293074379456539e-12
cnv_depth__IBNLCO_05497__DUF4148__CDS__promoter,53.75225799448729,4.347438518391804e-12
cnv_depth__IBNLCO_01360__1%2C4-alpha-glucan__CDS,53.74363446297797,4.3627849561160104e-12
cnv_depth__IBNLCO_02061__2-hydroxy-3-oxopropionate__CDS,53.70376722566624,4.4344468163962595e-12
cnv_depth__IBNLCO_02040__IBNLCO_02040__gene,53.70322220574869,4.435434688328593e-12
cnv_depth__IBNLCO_01674__Cobyrinate__CDS__promoter,53.69991596492253,4.441432155934164e-12
cnv_depth__IBNLCO_04584__IBNLCO_04584__gene__promoter,53.68633996765192,4.466144764929056e-12
cnv_depth__IBNLCO_01421__IBNLCO_01421__gene,53.65556539617644,4.522679574343912e-12
cnv_depth__IBNLCO_00524__IBNLCO_00524__gene__promoter,53.59771121871046,4.630925126995149e-12
cnv_depth__IBNLCO_01850__IBNLCO_01850__gene,53.54212984227283,4.737381905330656e-12
cnv_depth__IBNLCO_02941__IBNLCO_02941__gene,53.52741822805927,4.765970862715296e-12
cnv_depth__unknown__unknown__regulatory.15,53.52109755632441,4.778307214252526e-12
cnv_depth__IBNLCO_04145__IBNLCO_04145__gene,53.489346411799495,4.840766955250841e-12
cnv_depth__IBNLCO_03013__Cell__CDS,53.485685762599864,4.848020858616693e-12
cnv_depth__IBNLCO_01476__IBNLCO_01476__gene,53.41929740797246,4.9814966092945445e-12
cnv_depth__IBNLCO_03968__IBNLCO_03968__gene,53.38002644026113,5.06219261229316e-12
cnv_depth__IBNLCO_01688__IBNLCO_01688__gene__promoter,53.378979184378174,5.064362543528023e-12
cnv_depth__IBNLCO_05826__Putative__CDS,53.37337945769535,5.075981216156196e-12
cnv_depth__IBNLCO_01987__Glycine__CDS,53.36763035101015,5.087937835348358e-12
cnv_depth__IBNLCO_00444__Thiosulfate__CDS__promoter,53.364298079909695,5.0948810914345735e-12
cnv_depth__IBNLCO_05843__diguanylate__CDS,53.35356777738509,5.117304263444188e-12
cnv_depth__IBNLCO_03208__Large__CDS__promoter,53.34529961455457,5.13465024318214e-12
cnv_depth__IBNLCO_05771__2-oxoisovalerate__CDS,53.33941701249333,5.1470276332579205e-12
cnv_depth__IBNLCO_01672__Ferrichrome-iron__CDS__promoter,53.322456267557804,5.182883099390611e-12
cnv_depth__IBNLCO_04903__Aspartyl/asparaginy/proline__CDS,53.27799948740019,5.278067558384874e-12
cnv_depth__IBNLCO_03636__IBNLCO_03636__gene,53.26817913310605,5.299330402324292e-12
cnv_depth__IBNLCO_03344__IBNLCO_03344__gene__promoter,53.22128214183433,5.40206988458749e-12
cnv_depth__IBNLCO_03183__IBNLCO_03183__gene,53.21531340088164,5.415289376061041e-12
cnv_depth__IBNLCO_04722__NADP-dependent__CDS,53.1029449299407,5.670349286422719e-12
cnv_depth__IBNLCO_00066__hypothetical__CDS,53.078603910401505,5.72717935464004e-12
cnv_depth__IBNLCO_01683__hypothetical__CDS__promoter,53.022668965433155,5.8599623760982694e-12
cnv_depth__IBNLCO_01460__hypothetical__CDS__promoter,53.01852019623177,5.869934038143255e-12
cnv_depth__IBNLCO_05798__IBNLCO_05798__gene__promoter,52.94992406341531,6.037312576743205e-12
cnv_depth__IBNLCO_04250__gnl|Bakta|IBNLCO_04250__CDS__promoter,52.93368132754154,6.077646515927318e-12
cnv_depth__IBNLCO_01990__Alpha/beta__CDS__promoter,52.92161278826401,6.107791195316142e-12
cnv_depth__IBNLCO_01252__Calcineurin-like__CDS,52.898793711260794,6.165201707848665e-12
cnv_depth__IBNLCO_03294__flagellar__CDS,52.86494512123786,6.251366627577954e-12
cnv_depth__IBNLCO_04664__IBNLCO_04664__gene__promoter,52.791993329239034,6.441230449659149e-12
cnv_depth__IBNLCO_02976__Adenosine__CDS,52.73597544307124,6.590966220647107e-12
cnv_depth__IBNLCO_03320__IBNLCO_03320__gene,52.70026574564242,6.688247868325393e-12
cnv_depth__IBNLCO_00342__IBNLCO_00342__gene,52.67311053981459,6.763194534213128e-12
cnv_depth__IBNLCO_01677__Nickel/cobalt__CDS__promoter,52.65943685707314,6.801253491088051e-12
cnv_depth__IBNLCO_03359__gnl|Bakta|IBNLCO_03359__CDS__promoter,52.63729400304781,6.863344546991357e-12
cnv_depth__IBNLCO_00044__IBNLCO_00044__gene,52.61591003880983,6.923850880544141e-12
cnv_depth__IBNLCO_03191__Small__CDS,52.601638982600704,6.964530514003228e-12
cnv_depth__IBNLCO_03283__fieF__gene,52.6001597575657,6.968760823977338e-12
cnv_depth__IBNLCO_03437__DNA-binding__CDS__promoter,52.576181640032594,7.0376968590938354e-12
cnv_depth__IBNLCO_03449__PNPLA__CDS,52.52202996196876,7.195925071594043e-12
cnv_depth__IBNLCO_04746__IBNLCO_04746__gene__promoter,52.51514138101928,7.2163090256096214e-12
cnv_depth__IBNLCO_03304__chemotaxis-specific__CDS,52.50738878402096,7.239319428528626e-12
cnv_depth__IBNLCO_01644__Putative__CDS,52.47354482668468,7.340642228575023e-12
cnv_depth__IBNLCO_01878__Beta-ketothiolase__CDS__promoter,52.463388557693214,7.371326750916669e-12
cnv_depth__IBNLCO_00364__IBNLCO_00364__gene__promoter,52.45183811333417,7.406380854792222e-12
cnv_depth__IBNLCO_00039__histidine__CDS__promoter,52.41975697505945,7.504628576283563e-12
cnv_depth__IBNLCO_04542__IBNLCO_04542__gene,52.39993392638158,7.565992966446168e-12
cnv_depth__IBNLCO_03596__IBNLCO_03596__gene,52.3212185826461,7.814707289173193e-12
cnv_depth__IBNLCO_05201__Pyruvate__CDS,52.258987285011,8.017169367022596e-12
cnv_depth__IBNLCO_04708__Nitrate__CDS,52.25404831752521,8.033462810894519e-12
cnv_depth__IBNLCO_01524__emrB__gene,52.2187448606981,8.150905290568154e-12
cnv_depth__IBNLCO_03229__nusG__gene,52.1871963177595,8.257322806970499e-12
cnv_depth__IBNLCO_01547__IBNLCO_01547__gene__promoter,52.12669964889566,8.465327322221575e-12
cnv_depth__IBNLCO_05660__IBNLCO_05660__gene__promoter,52.12595796924491,8.467909989361137e-12
cnv_depth__IBNLCO_03616__Type__CDS,52.122001746710154,8.481699742928698e-12
cnv_depth__IBNLCO_03836__exbB__gene,52.11494216920366,8.506362865826578e-12
cnv_depth__IBNLCO_02028__IBNLCO_02028__gene,52.090556179157886,8.59211550495951e-12
cnv_depth__IBNLCO_01569__N-acetylmuramoyl-L-alanine__CDS__promoter,52.0507507531258,8.73396976694798e-12
cnv_depth__IBNLCO_00409__IBNLCO_00409__gene,52.0489195573793,8.74055219026191e-12
cnv_depth__IBNLCO_03417__Leucine-binding__CDS,52.01466292834218,8.864618818464033e-12
cnv_depth__IBNLCO_01356__hypothetical__CDS,51.98978881014565,8.955818061552355e-12
cnv_depth__IBNLCO_03027__IBNLCO_03027__gene,51.96328528078669,9.054034337650739e-12
cnv_depth__IBNLCO_03108__hypothetical__CDS__promoter,51.93100051597458,9.175145361634012e-12
cnv_depth__IBNLCO_03204__IBNLCO_03204__gene__promoter,51.923126732565,9.204929895258023e-12
cnv_depth__IBNLCO_02026__2-dehydropantoate__CDS__promoter,51.9179504070203,9.224563799619031e-12
cnv_depth__IBNLCO_01654__rbsA__gene,51.91196422840722,9.247322229948207e-12
cnv_depth__IBNLCO_02188__bulE__gene,51.880412849101965,9.368215543763e-12
cnv_depth__IBNLCO_01981__gnl|Bakta|IBNLCO_01981__CDS,51.87968282981611,9.371031521132083e-12
cnv_depth__IBNLCO_01287__Malonate__CDS,51.878186053089564,9.376807862794059e-12
cnv_depth__IBNLCO_03186__IBNLCO_03186__gene__promoter,51.84814553382251,9.493503116500601e-12
cnv_depth__IBNLCO_04044__IBNLCO_04044__gene,51.832854714491816,9.553463866372725e-12
cnv_depth__IBNLCO_05109__hrpB4__gene__promoter,51.82147653185481,9.598329809867714e-12
cnv_depth__IBNLCO_03825__hypothetical__CDS__promoter,51.78309141911131,9.751263945034748e-12
cnv_depth__IBNLCO_03413__IBNLCO_03413__gene,51.78180481310398,9.756432451740644e-12
cnv_depth__IBNLCO_02995__Octaprenyl-diphosphate__CDS,51.770148879072345,9.803382479218181e-12
cnv_depth__IBNLCO_02202__IBNLCO_02202__gene,51.759012032833496,9.848454750054612e-12
cnv_depth__IBNLCO_00256__IBNLCO_00256__gene__promoter,51.70041909014429,1.0089057774142746e-11
cnv_depth__IBNLCO_05854__IBNLCO_05854__gene__promoter,51.67053875333654,1.021403346436854e-11
cnv_depth__IBNLCO_04505__SDR__CDS,51.65852148686517,1.0264735890227245e-11
cnv_depth__IBNLCO_03295__flagellar__CDS__promoter,51.65735593282242,1.026966701641244e-11
cnv_depth__IBNLCO_01076__IBNLCO_01076__gene,51.61317956200296,1.0458338786838394e-11
cnv_depth__IBNLCO_03089__gnl|Bakta|IBNLCO_03089__CDS,51.59943176432367,1.0517765118437714e-11
cnv_depth__IBNLCO_03273__trnA__gene__promoter,51.540516729752675,1.0776318108200182e-11
cnv_depth__IBNLCO_03318__IBNLCO_03318__gene__promoter,51.53452254503356,1.0802981167089758e-11
cnv_depth__IBNLCO_00574__IBNLCO_00574__gene__promoter,51.47348634847703,1.1078301854425298e-11
cnv_depth__IBNLCO_00099__IBNLCO_00099__gene__promoter,51.41567667357156,1.1345600603680356e-11
cnv_depth__IBNLCO_00081__mnmE__gene,51.37692516070571,1.1528415825766844e-11
cnv_depth__IBNLCO_02910__ABC__CDS,51.334126890222166,1.1733781457974494e-11
cnv_depth__IBNLCO_04998__two-component__CDS,51.30580634984227,1.18717036218636e-11
cnv_depth__IBNLCO_03300__IBNLCO_03300__gene,51.2893669192821,1.195251408582031e-11
cnv_depth__IBNLCO_00004__IBNLCO_00004__gene,51.2822747159333,1.198754816108138e-11
cnv_depth__IBNLCO_01440__IBNLCO_01440__gene,51.25692669633664,1.211361214681623e-11
cnv_depth__IBNLCO_03603__L-tyrosine__CDS,51.252287413945005,1.2136829337952058e-11
cnv_depth__IBNLCO_01938__IBNLCO_01938__gene,51.21502397075534,1.2324950930732507e-11
cnv_depth__IBNLCO_00115__IBNLCO_00115__gene__promoter,51.18321669630544,1.2487855386134747e-11
cnv_depth__IBNLCO_04684__Cytochrome__CDS__promoter,51.149007617088685,1.2665488849364244e-11
cnv_depth__IBNLCO_00347__hypothetical__CDS,51.13605555520956,1.2733407502186998e-11
cnv_depth__IBNLCO_01690__IBNLCO_01690__gene,51.125017715618185,1.2791578467658673e-11
cnv_depth__IBNLCO_05583__IBNLCO_05583__gene,51.07933805916965,1.3035184043743404e-11
cnv_depth__IBNLCO_03214__IBNLCO_03214__gene__promoter,51.076925089752955,1.3048181698989043e-11
cnv_depth__IBNLCO_00080__IBNLCO_00080__gene__promoter,51.073215581635026,1.3068188794600585e-11
cnv_depth__IBNLCO_03149__Intermembrane__CDS__promoter,50.99754827044947,1.348312736986945e-11
cnv_depth__IBNLCO_00994__Glutamine-dependent__CDS,50.968974777223195,1.3643255160189375e-11
cnv_depth__IBNLCO_03307__tsr__gene__promoter,50.94102768214516,1.3801730296245168e-11
cnv_depth__IBNLCO_03418__ABC__CDS__promoter,50.939631788466485,1.380969433300323e-11
cnv_depth__IBNLCO_00173__IBNLCO_00173__gene__promoter,50.93084999065893,1.3859903947075445e-11
cnv_depth__IBNLCO_01991__IBNLCO_01991__gene,50.879305241041806,1.4158348211408553e-11
cnv_depth__IBNLCO_03220__IBNLCO_03220__gene__promoter,50.85299405941377,1.4313183394728032e-11
cnv_depth__IBNLCO_03760__IBNLCO_03760__gene,50.83996748699913,1.439047347144526e-11
cnv_depth__IBNLCO_02565__IBNLCO_02565__gene,50.80253884247469,1.461490080845068e-11
cnv_depth__IBNLCO_01956__IBNLCO_01956__gene,50.79393646985222,1.4666979391415643e-11
cnv_depth__IBNLCO_02990__CNP1-like__CDS,50.727025339958196,1.5078508641745427e-11
cnv_depth__IBNLCO_04801__HTH__CDS,50.69470699673353,1.5281435728990984e-11
cnv_depth__IBNLCO_02030__IBNLCO_02030__gene__promoter,50.68847247766186,1.5320898510485936e-11
cnv_depth__IBNLCO_03631__IBNLCO_03631__gene,50.686481516129035,1.533352241310824e-11
cnv_depth__IBNLCO_03355__Fusaric__CDS__promoter,50.668325815756624,1.544912628828775e-11
cnv_depth__IBNLCO_02846__hypothetical__CDS,50.64717617340086,1.558490401790782e-11
cnv_depth__IBNLCO_03091__IBNLCO_03091__gene__promoter,50.63172607522772,1.568485260371525e-11
cnv_depth__IBNLCO_00369__IBNLCO_00369__gene__promoter,50.529518266897746,1.6362554060888716e-11
cnv_depth__IBNLCO_01879__IBNLCO_01879__gene,50.528302721335905,1.6370789354252292e-11
cnv_depth__IBNLCO_03064__GP-PDE__CDS,50.488500540565305,1.6642773206890045e-11
cnv_depth__IBNLCO_02386__IBNLCO_02386__gene,50.48448467073189,1.6670467404280282e-11
cnv_depth__IBNLCO_04536__IBNLCO_04536__gene__promoter,50.47654130770913,1.6725383476442508e-11
cnv_depth__IBNLCO_03800__IBNLCO_03800__gene,50.456216092982686,1.6866734142574292e-11
cnv_depth__IBNLCO_00269__flgD__gene__promoter,50.379640413953005,1.7410197021144296e-11
cnv_depth__IBNLCO_03402__ATP__CDS__promoter,50.35447487164303,1.759263232868709e-11
cnv_depth__IBNLCO_00342__IBNLCO_00342__gene__promoter,50.34099588540187,1.769113968014075e-11
cnv_depth__IBNLCO_03096__Peptidase__CDS,50.288101487232396,1.8083115342653377e-11
cnv_depth__IBNLCO_03095__hypothetical__CDS__promoter,50.26881407376147,1.822821750691327e-11
cnv_depth__IBNLCO_00069__IBNLCO_00069__gene,50.20453479963855,1.8720343996061867e-11
cnv_depth__IBNLCO_00061__mbtN__gene__promoter,50.18292232719293,1.8888807172163423e-11
cnv_depth__IBNLCO_03317__IBNLCO_03317__gene,50.170785803399944,1.8984078354764113e-11
cnv_depth__IBNLCO_01888__DNA__CDS__promoter,50.14991969886307,1.9149012146833265e-11
cnv_depth__IBNLCO_01642__oprM__gene,50.11988095259411,1.9388994583411502e-11
cnv_depth__IBNLCO_03651__2-methylisocitrate__CDS,50.09147045243994,1.961876314352275e-11
cnv_depth__IBNLCO_03246__paaK__gene__promoter,50.082758679487846,1.9689768567022898e-11
cnv_depth__IBNLCO_01665__IBNLCO_01665__gene,50.05749260635959,1.9897171271861457e-11
cnv_depth__IBNLCO_03503__histidine__CDS,50.0564489992609,1.9905785261739697e-11
cnv_depth__IBNLCO_05843__diguanylate__CDS__promoter,50.04513620061463,1.9999403741034634e-11
cnv_depth__IBNLCO_00075__Beta__CDS__promoter,50.040436062872836,2.0038430110524756e-11
cnv_depth__IBNLCO_03342__IBNLCO_03342__gene,50.013472150392666,2.026380873828843e-11
cnv_depth__IBNLCO_03014__D-alanine--D-alanine__CDS,50.00807671920337,2.0309213057720166e-11
cnv_depth__IBNLCO_00178__mreD__gene,49.98088844733787,2.0539579347304146e-11
cnv_depth__IBNLCO_03465__Fumarate/nitrate__CDS,49.96946411677147,2.0637163400459072e-11
cnv_depth__IBNLCO_02114__UDP-3-O-acylglucosamine__CDS,49.91673752196608,2.1093644668889817e-11
cnv_depth__IBNLCO_03191__Small__CDS__promoter,49.89094827687055,2.132061533659333e-11
cnv_depth__IBNLCO_01567__Ribonuclease__CDS,49.85072332947549,2.167956834047261e-11
cnv_depth__IBNLCO_00666__IBNLCO_00666__gene__promoter,49.8409811139257,2.176741858969985e-11
cnv_depth__IBNLCO_03521__Secondary__CDS__promoter,49.829579787198504,2.1870686504627988e-11
cnv_depth__IBNLCO_03244__paaC__gene__promoter,49.799543940569244,2.2145112048517282e-11
cnv_depth__IBNLCO_05649__iclR__gene__promoter,49.79410026359807,2.219521972554823e-11
cnv_depth__IBNLCO_03446__Isoprenylcysteine__CDS,49.78173577481403,2.2309457526793154e-11
cnv_depth__IBNLCO_00382__thiol:disulfide__CDS__promoter,49.75492082806644,2.2559250228051576e-11
cnv_depth__IBNLCO_04727__IBNLCO_04727__gene,49.716230440286445,2.2924654263200303e-11
cnv_depth__IBNLCO_04761__IBNLCO_04761__gene,49.65879318917961,2.347816313657755e-11
cnv_depth__IBNLCO_02211__hypothetical__CDS,49.654499941781914,2.3520074266336173e-11
cnv_depth__IBNLCO_02209__hypothetical__CDS__promoter,49.648997790683,2.357389732029342e-11
cnv_depth__IBNLCO_01710__IBNLCO_01710__gene,49.640619451781696,2.3656094776876108e-11
cnv_depth__IBNLCO_04832__IBNLCO_04832__gene,49.62392571634299,2.3820736080124036e-11
cnv_depth__IBNLCO_04705__Nitrate/nitrite__CDS,49.622204148147894,2.3837780663006722e-11
cnv_depth__IBNLCO_03352__tRNA-Arg(ccg)__tRNA,49.61144378653504,2.3944594275892373e-11
cnv_depth__IBNLCO_00045__AraC__CDS__promoter,49.59592673078344,2.409947725460587e-11
cnv_depth__IBNLCO_03316__IBNLCO_03316__gene,49.57760885368055,2.428361924478231e-11
cnv_depth__IBNLCO_04829__IBNLCO_04829__gene,49.57487465430918,2.4311226623542415e-11
cnv_depth__IBNLCO_03628__IBNLCO_03628__gene,49.57102165955679,2.4350184359262733e-11
cnv_depth__IBNLCO_04719__IBNLCO_04719__gene,49.56627183176553,2.439829677245557e-11
cnv_depth__IBNLCO_04783__estB__gene,49.56381291833408,2.4423241536168707e-11
cnv_depth__IBNLCO_01303__IBNLCO_01303__gene__promoter,49.466923554027666,2.542692567769753e-11
cnv_depth__IBNLCO_04594__2%2C4-dienoyl-CoA__CDS,49.461570450255145,2.5483577879432044e-11
cnv_depth__IBNLCO_03057__HD__CDS__promoter,49.45302574218578,2.557427125434477e-11
cnv_depth__IBNLCO_05067__Toxin__CDS__promoter,49.44633537360892,2.564551017106968e-11
cnv_depth__IBNLCO_02056__Penicillin-binding__CDS,49.441067251014346,2.570174603832995e-11
cnv_depth__IBNLCO_03218__Elongation__CDS__promoter,49.432576795253205,2.5792641697416607e-11
cnv_depth__IBNLCO_04703__IBNLCO_04703__gene,49.421993343375846,2.5906398866897863e-11
cnv_depth__IBNLCO_04572__eamA__gene,49.392162809952794,2.6229769189615783e-11
cnv_depth__IBNLCO_00393__IBNLCO_00393__gene,49.3917518437098,2.6234252514701987e-11
cnv_depth__IBNLCO_01948__Undecaprenyl-phosphate__CDS,49.33403113970107,2.687169075384387e-11
cnv_depth__IBNLCO_02408__IBNLCO_02408__gene__promoter,49.318467668414,2.7046227753715697e-11
cnv_depth__IBNLCO_00307__IBNLCO_00307__gene,49.279974273291366,2.7482846738609072e-11
cnv_depth__IBNLCO_05745__Two__CDS__promoter,49.278087076320745,2.750443476585951e-11
cnv_depth__IBNLCO_00532__IBNLCO_00532__gene,49.26263627432701,2.7681824885906673e-11
cnv_depth__IBNLCO_02006__IBNLCO_02006__gene,49.2555975895975,2.7763018397227184e-11
cnv_depth__IBNLCO_01505__IBNLCO_01505__gene__promoter,49.231355163237744,2.8044507760826124e-11
cnv_depth__IBNLCO_02881__Bifunctional__CDS,49.209510763189755,2.8300620607208764e-11
cnv_depth__IBNLCO_00745__recA__gene__promoter,49.178515111210686,2.8668085654833463e-11
cnv_depth__IBNLCO_03407__IBNLCO_03407__gene__promoter,49.16002598697845,2.8889571674327013e-11
cnv_depth__IBNLCO_04745__IBNLCO_04745__gene__promoter,49.1588117713914,2.8904177403041555e-11
cnv_depth__IBNLCO_03053__IBNLCO_03053__gene,49.15254926515587,2.8979627225787935e-11
cnv_depth__IBNLCO_03048__Anthranilate__CDS__promoter,49.13347567573025,2.9210650847122485e-11
cnv_depth__IBNLCO_04704__assimilatory__CDS__promoter,49.128554426371444,2.927055939055674e-11
cnv_depth__IBNLCO_01969__IBNLCO_01969__gene,49.031413198541024,3.04788351380135e-11
cnv_depth__IBNLCO_00061__Acyl-[acyl-carrier-protein]__CDS,49.02591998809681,3.0548647315547556e-11
cnv_depth__IBNLCO_03196__secY__gene,49.00284509067044,3.084367014635856e-11
cnv_depth__IBNLCO_04548__Adenosine__CDS__promoter,48.97588050174304,3.119207245258655e-11
cnv_depth__IBNLCO_01492__IBNLCO_01492__gene,48.94795759498598,3.155704662202957e-11
cnv_depth__IBNLCO_03224__IBNLCO_03224__gene__promoter,48.9407207417687,3.1652339654766797e-11
cnv_depth__IBNLCO_03280__IBNLCO_03280__gene,48.91674246435069,3.197016102843817e-11
cnv_depth__IBNLCO_02493__IBNLCO_02493__gene,48.91459014682039,3.1998846186223254e-11
cnv_depth__IBNLCO_04558__Polyglutamate__CDS,48.907526177396285,3.2093174485889245e-11
cnv_depth__IBNLCO_05607__lysR__gene,48.865595443795634,3.265890343283356e-11
cnv_depth__IBNLCO_00225__fliG__gene__promoter,48.83014933273168,3.3144991163560426e-11
cnv_depth__IBNLCO_04518__IBNLCO_04518__gene,48.81212310250622,3.3394988657064364e-11
cnv_depth__IBNLCO_04711__gnl|Bakta|IBNLCO_04711__CDS,48.76777737141274,3.401813454152086e-11
cnv_depth__IBNLCO_00111__IBNLCO_00111__gene__promoter,48.75733432585616,3.416658047244492e-11
cnv_depth__IBNLCO_03744__IBNLCO_03744__gene,48.741948024837065,3.43864866789661e-11
cnv_depth__IBNLCO_05159__Luciferase-like__CDS,48.73995067002275,3.441513817383134e-11
cnv_depth__IBNLCO_04522__IBNLCO_04522__gene__promoter,48.70905969548862,3.486134294677154e-11
cnv_depth__IBNLCO_04690__MFS__CDS__promoter,48.686488219987964,3.5191066822451283e-11
cnv_depth__IBNLCO_00196__histidine__CDS__promoter,48.677186078436705,3.532786717136222e-11
cnv_depth__IBNLCO_01250__Membrane-anchored__CDS,48.65687043601917,3.5628505893820816e-11
cnv_depth__IBNLCO_01422__Nudix__CDS,48.6444740129588,3.581322089271537e-11
cnv_depth__IBNLCO_00190__IBNLCO_00190__gene,48.6218644504934,3.615261273608033e-11
cnv_depth__IBNLCO_01888__DNA__CDS,48.608032522776895,3.6361843139253564e-11
cnv_depth__IBNLCO_01459__IBNLCO_01459__gene,48.57827775664913,3.681608668479596e-11
cnv_depth__IBNLCO_04554__IBNLCO_04554__gene,48.549830697511176,3.7255724451625146e-11
cnv_depth__IBNLCO_02095__IBNLCO_02095__gene,48.520065079787955,3.772141780910003e-11
cnv_depth__IBNLCO_03578__IBNLCO_03578__gene__promoter,48.50443051541513,3.796837634739039e-11
cnv_depth__IBNLCO_04488__DUF1453__CDS__promoter,48.50419925535348,3.797204148511254e-11
cnv_depth__IBNLCO_05696__Amino__CDS,48.41430691420857,3.9424114618319396e-11
cnv_depth__IBNLCO_00172__IBNLCO_00172__gene,48.342425171912595,4.062551446905243e-11
cnv_depth__IBNLCO_04620__IBNLCO_04620__gene,48.31137804348785,4.1155792818406233e-11
cnv_depth__IBNLCO_00276__ycgR__gene__promoter,48.31033384828571,4.117374844811627e-11
cnv_depth__IBNLCO_05794__3-keto-5-aminohexanoate__CDS,48.248104768014244,4.2258228174997454e-11
cnv_depth__IBNLCO_03408__mnmG__gene,48.24073327155632,4.2388589372643484e-11
cnv_depth__IBNLCO_03697__Spermidine/putrescine__CDS__promoter,48.2324561565972,4.253545008166742e-11
cnv_depth__IBNLCO_00463__ctaB__gene__promoter,48.21920093816231,4.277170833514479e-11
cnv_depth__IBNLCO_03405__parB__gene__promoter,48.17375629279978,4.3591811309949254e-11
cnv_depth__IBNLCO_01683__IBNLCO_01683__gene,48.15050206063329,4.40175854690786e-11
cnv_depth__IBNLCO_04313__uvrY__gene__promoter,48.13443779513611,4.4314165145391165e-11
cnv_depth__IBNLCO_03123__IBNLCO_03123__gene,48.132850364713484,4.4343581748627895e-11
cnv_depth__IBNLCO_00186__IBNLCO_00186__gene__promoter,48.107422394623214,4.481748342794943e-11
cnv_depth__IBNLCO_05624__IBNLCO_05624__gene,48.08112383174164,4.5312991955441504e-11
cnv_depth__IBNLCO_00007__pilQ__gene__promoter,48.05042536280932,4.589840563548621e-11
cnv_depth__IBNLCO_04611__Phosphocarrier__CDS__promoter,48.03928052991092,4.6112820144582546e-11
cnv_depth__IBNLCO_00360__EAL__CDS,48.024423274012946,4.640023164709305e-11
cnv_depth__IBNLCO_05736__IBNLCO_05736__gene__promoter,48.012675098841484,4.662877877535861e-11
cnv_depth__IBNLCO_02584__Smr__CDS__promoter,47.98845852366646,4.710347766611767e-11
cnv_depth__IBNLCO_00112__hypothetical__CDS__promoter,47.916748537137856,4.8537974390764045e-11
cnv_depth__IBNLCO_03605__pvcC__gene,47.916488924803524,4.854324707255241e-11
cnv_depth__IBNLCO_05706__IBNLCO_05706__gene,47.91221586684454,4.863011530423269e-11
cnv_depth__IBNLCO_04629__IBNLCO_04629__gene,47.893430315450075,4.901387826453901e-11
cnv_depth__IBNLCO_00114__IBNLCO_00114__gene,47.85406574514538,4.9827991356563196e-11
cnv_depth__IBNLCO_04534__Dibenzothiophene__CDS,47.849557762321034,4.992208990535267e-11
cnv_depth__IBNLCO_05701__hypothetical__CDS,47.837836303545245,5.0167601656392474e-11
cnv_depth__IBNLCO_03185__Burkholderia__ncRNA,47.83305292568925,5.026814187522057e-11
cnv_depth__IBNLCO_04525__gnl|Bakta|IBNLCO_04525__CDS,47.79569863628321,5.1060311033006744e-11
cnv_depth__IBNLCO_00183__IBNLCO_00183__gene,47.75406393150046,5.1958122998916926e-11
cnv_depth__IBNLCO_00665__IBNLCO_00665__gene__promoter,47.71267928916617,5.286634426370659e-11
cnv_depth__IBNLCO_02801__dnaA__gene__promoter,47.69351894963631,5.329224773890521e-11
cnv_depth__IBNLCO_03246__paaK__gene,47.6636031548515,5.396416762047566e-11
cnv_depth__IBNLCO_02946__hypothetical__CDS__promoter,47.650671695059266,5.425725536918569e-11
cnv_depth__IBNLCO_01700__IBNLCO_01700__gene,47.57807381885966,5.5932767939036255e-11
cnv_depth__IBNLCO_03866__LysM__CDS,47.53030808534952,5.706357829700291e-11
cnv_depth__IBNLCO_04742__IBNLCO_04742__gene__promoter,47.520712069436385,5.7293525773597535e-11
cnv_depth__IBNLCO_04570__Phosphoethanolamine__CDS,47.49653873610217,5.787694337808003e-11
cnv_depth__IBNLCO_03323__flagellar__CDS__promoter,47.483267160801205,5.819979716741379e-11
cnv_depth__IBNLCO_03473__IBNLCO_03473__gene,47.47497802951764,5.84023666225448e-11
cnv_depth__IBNLCO_00270__flgE__gene,47.44481779327005,5.914544899718288e-11
cnv_depth__IBNLCO_04600__IBNLCO_04600__gene,47.44337410016652,5.918125695799829e-11
cnv_depth__IBNLCO_03135__hisH__gene,47.43933481172577,5.928155990891878e-11
cnv_depth__IBNLCO_01556__IBNLCO_01556__gene,47.41826741141094,5.980749179302868e-11
cnv_depth__IBNLCO_01661__hypothetical__CDS__promoter,47.40831764677831,6.005751603280435e-11
cnv_depth__IBNLCO_02692__IBNLCO_02692__gene,47.40162757940986,6.02262216928942e-11
cnv_depth__IBNLCO_01668__ABC__CDS,47.394736220885356,6.040050382618468e-11
cnv_depth__IBNLCO_00037__cmpD__gene,47.38175636619671,6.073014809435209e-11
cnv_depth__IBNLCO_04331__IBNLCO_04331__gene__promoter,47.36718252122847,6.11024402142815e-11
cnv_depth__IBNLCO_03732__IBNLCO_03732__gene,47.304439810639494,6.27317214223895e-11
cnv_depth__IBNLCO_03229__Transcription__CDS__promoter,47.257094400273154,6.399015986531908e-11
cnv_depth__IBNLCO_03175__Penicillin-binding__CDS,47.23588797202683,6.456206358731623e-11
cnv_depth__IBNLCO_03486__N-6__CDS__promoter,47.14330316289835,6.712002078753476e-11
cnv_depth__IBNLCO_03692__IBNLCO_03692__gene__promoter,47.11345693477469,6.796624824429221e-11
cnv_depth__IBNLCO_02109__IBNLCO_02109__gene,47.10078709519024,6.832872528459858e-11
cnv_depth__IBNLCO_00098__lysR__gene__promoter,47.06831715141604,6.926661098554419e-11
cnv_depth__IBNLCO_00191__Homoserine__CDS__promoter,47.01376896887369,7.087158466862796e-11
cnv_depth__IBNLCO_00639__IBNLCO_00639__gene,47.004119802038005,7.115937780269095e-11
cnv_depth__IBNLCO_01846__Chloride__CDS,47.003664503591644,7.11729865186998e-11
cnv_depth__IBNLCO_01488__LysR__CDS,46.99044967273075,7.156912067291965e-11
cnv_depth__IBNLCO_03081__rutE__gene,46.96207969325384,7.242709101200236e-11
cnv_depth__IBNLCO_04006__Serine__CDS,46.92440986273652,7.358238562977199e-11
cnv_depth__IBNLCO_03481__IBNLCO_03481__gene__promoter,46.91960117438792,7.373119656079185e-11
cnv_depth__IBNLCO_02147__IBNLCO_02147__gene__promoter,46.87175146808633,7.522862833581535e-11
cnv_depth__IBNLCO_03499__Type__CDS__promoter,46.827736314645016,7.663317065166773e-11
cnv_depth__IBNLCO_03133__hisF__gene,46.8040529490042,7.739984589659217e-11
cnv_depth__IBNLCO_03072__IBNLCO_03072__gene,46.75972341160226,7.8855759693322e-11
cnv_depth__IBNLCO_04029__Alpha/beta__CDS,46.755169484039364,7.900688217782847e-11
cnv_depth__IBNLCO_01971__IBNLCO_01971__gene,46.70835865052268,8.057736311974639e-11
cnv_depth__IBNLCO_01843__SdpI__CDS__promoter,46.69931736056994,8.088430790837499e-11
cnv_depth__IBNLCO_01642__oprM__gene__promoter,46.683359658998945,8.142894386182765e-11
cnv_depth__IBNLCO_03428__tctD__gene,46.653921847366796,8.244339332905312e-11
cnv_depth__IBNLCO_00236__IBNLCO_00236__gene,46.63728648941804,8.302229515925179e-11
cnv_depth__IBNLCO_04523__hypothetical__CDS__promoter,46.62647440798576,8.340074952530303e-11
cnv_depth__IBNLCO_01676__Cobalamin__CDS__promoter,46.62161107405981,8.357154803738973e-11
cnv_depth__IBNLCO_00108__PNPLA__CDS__promoter,46.60501198909933,8.415716682391364e-11
cnv_depth__IBNLCO_00386__Methionine__CDS,46.60392414808859,8.419569045013243e-11
cnv_depth__IBNLCO_05022__bsaP__gene,46.52947567711169,8.687489223036608e-11
cnv_depth__IBNLCO_01358__Malto-oligosyltrehalose__CDS,46.51255982615695,8.749555782703337e-11
cnv_depth__IBNLCO_03126__tatC__gene,46.465223516465926,8.925629745677613e-11
cnv_depth__IBNLCO_02985__Signal__CDS__promoter,46.44701441293835,8.994310279283292e-11
cnv_depth__IBNLCO_01325__gnl|Bakta|IBNLCO_01325__CDS,46.42256505556644,9.087367864872075e-11
cnv_depth__IBNLCO_00607__IBNLCO_00607__gene__promoter,46.387978000980766,9.22067423157707e-11
cnv_depth__IBNLCO_01434__IBNLCO_01434__gene,46.371685335859574,9.284152457966053e-11
cnv_depth__IBNLCO_04297__aurF__gene__promoter,46.366011728631314,9.306360984697399e-11
cnv_depth__IBNLCO_04618__IBNLCO_04618__gene,46.35761876583395,9.339312471364529e-11
cnv_depth__IBNLCO_04983__Type__CDS__promoter,46.28234261930577,9.640171875134969e-11
cnv_depth__IBNLCO_04599__Formylmethanofuran__CDS__promoter,46.27445373128475,9.672263097112518e-11
cnv_depth__IBNLCO_01898__Protein__CDS,46.246524642036704,9.786745540947694e-11
cnv_depth__IBNLCO_01669__IBNLCO_01669__gene,46.21764124678765,9.90657953931131e-11
cnv_depth__IBNLCO_03416__Branched-chain__CDS,46.21078267657122,9.935252048035446e-11
cnv_depth__IBNLCO_05668__IBNLCO_05668__gene,46.185997417343714,1.0039568270362012e-10
cnv_depth__IBNLCO_03299__IBNLCO_03299__gene__promoter,46.17139382922898,1.0101549055838178e-10
cnv_depth__IBNLCO_03316__IBNLCO_03316__gene__promoter,46.149741629238356,1.0194157698515536e-10
cnv_depth__IBNLCO_03094__Protein__CDS,46.14864220884912,1.0198882839853381e-10
cnv_depth__IBNLCO_03431__IBNLCO_03431__gene,46.14710924382697,1.0205474982563704e-10
cnv_depth__IBNLCO_04305__DUF4148__CDS__promoter,46.07264441428715,1.0530929006263466e-10
cnv_depth__IBNLCO_04744__Putrescine__CDS,46.06179582535543,1.0579210643573232e-10
cnv_depth__IBNLCO_04113__hypothetical__CDS,46.0480482207251,1.0640715653007827e-10
cnv_depth__IBNLCO_04393__IBNLCO_04393__gene,46.04381534717983,1.0659725602655255e-10
cnv_depth__IBNLCO_03242__Phenylacetate-CoA__CDS,46.01085250830416,1.0808941047109547e-10
cnv_depth__IBNLCO_00310__cusA__gene,46.00550344631329,1.0833353238058519e-10
cnv_depth__IBNLCO_05391__IBNLCO_05391__gene,45.90835066583726,1.1286561040251174e-10
cnv_depth__IBNLCO_03592__lysR__gene__promoter,45.88227029741074,1.1411451441787483e-10
cnv_depth__IBNLCO_00346__IBNLCO_00346__gene,45.878151026688805,1.1431304534650394e-10
cnv_depth__IBNLCO_05836__IBNLCO_05836__gene__promoter,45.86743733132453,1.1483103391786745e-10
cnv_depth__IBNLCO_03169__3-dehydroquinate__CDS__promoter,45.81681205043363,1.1731093038067928e-10
cnv_depth__IBNLCO_04285__fliK__gene__promoter,45.81556549592398,1.1737267090716658e-10
cnv_depth__IBNLCO_03522__Thiol__CDS__promoter,45.76052725031205,1.201316234362833e-10
cnv_depth__IBNLCO_04606__IBNLCO_04606__gene,45.747424909059006,1.2079801266526518e-10
cnv_depth__IBNLCO_00097__IBNLCO_00097__gene,45.71562677948334,1.2243084318574037e-10
cnv_depth__IBNLCO_02318__IBNLCO_02318__gene,45.691407172960524,1.236894581143544e-10
cnv_depth__IBNLCO_04289__IBNLCO_04289__gene,45.68005949499656,1.2428364819676184e-10
cnv_depth__IBNLCO_04967__IBNLCO_04967__gene__promoter,45.67052538412352,1.2478510391217227e-10
cnv_depth__IBNLCO_00981__HTH__CDS,45.66545524116086,1.2505260472439975e-10
cnv_depth__IBNLCO_00526__4-diphosphocytidyl-2-C-methyl-D-erythritol__CDS,45.65547093764482,1.2558107114000024e-10
cnv_depth__IBNLCO_02631__IBNLCO_02631__gene,45.646229260640204,1.2607224053381133e-10
cnv_depth__IBNLCO_00628__IBNLCO_00628__gene__promoter,45.62951825781437,1.2696531532631773e-10
cnv_depth__IBNLCO_00234__bcaP__gene__promoter,45.62172046153816,1.2738423138168e-10
cnv_depth__IBNLCO_03011__ftsZ__gene,45.621607132373185,1.2739032997298147e-10
cnv_depth__IBNLCO_01929__IBNLCO_01929__gene__promoter,45.57407538874814,1.299743353987054e-10
cnv_depth__IBNLCO_00238__IBNLCO_00238__gene,45.56958984283284,1.302209038140297e-10
cnv_depth__IBNLCO_02174__PXPV__CDS,45.553550587615895,1.3110644567426142e-10
cnv_depth__IBNLCO_01700__IBNLCO_01700__gene__promoter,45.540234235052175,1.3184627297835116e-10
cnv_depth__IBNLCO_00246__Dipeptide__CDS__promoter,45.530098062676366,1.3241224155689183e-10
cnv_depth__IBNLCO_03022__Peptidoglycan__CDS__promoter,45.524191437488724,1.3274317783777733e-10
cnv_depth__IBNLCO_02569__clcA__gene__promoter,45.52375054159428,1.3276791382320462e-10
cnv_depth__IBNLCO_03200__Large__CDS,45.453656011814104,1.3676029160690363e-10
cnv_depth__IBNLCO_04322__gnl|Bakta|IBNLCO_04322__CDS,45.407718731886455,1.394423032051503e-10
cnv_depth__IBNLCO_03301__hypothetical__CDS__promoter,45.37938703347712,1.4112284931262408e-10
cnv_depth__IBNLCO_03421__Malonate-semialdehyde__CDS,45.32922297636276,1.4414876007171966e-10
cnv_depth__IBNLCO_04752__IBNLCO_04752__gene,45.282992529775655,1.4699539555888734e-10
cnv_depth__IBNLCO_03054__IBNLCO_03054__gene,45.28284008821391,1.4700487544606106e-10
cnv_depth__IBNLCO_00274__flgI__gene__promoter,45.27205575893332,1.4767709016799686e-10
cnv_depth__IBNLCO_00509__IBNLCO_00509__gene__promoter,45.24493403226809,1.4938141112608003e-10
cnv_depth__IBNLCO_04908__Quaternary__CDS,45.23216391600766,1.5019074673938126e-10
cnv_depth__IBNLCO_05631__IBNLCO_05631__gene__promoter,45.22783779731345,1.504659276137592e-10
cnv_depth__IBNLCO_05625__Uncharacterized__CDS__promoter,45.22562592984321,1.506068193751e-10
cnv_depth__IBNLCO_03308__chemotaxis__CDS__promoter,45.21256232264943,1.5144166805798327e-10
cnv_depth__IBNLCO_02198__IBNLCO_02198__gene,45.20692478209056,1.5180338549562102e-10
cnv_depth__IBNLCO_03150__ABC__CDS__promoter,45.20168996801761,1.521400443671484e-10
cnv_depth__IBNLCO_03755__IBNLCO_03755__gene__promoter,45.13123977616949,1.567448610910781e-10
cnv_depth__IBNLCO_01995__acetyl-CoA__CDS__promoter,45.12951895446887,1.5685908295878005e-10
cnv_depth__IBNLCO_03394__3-[(3aS%2C4S%2C7aS)-7a-methyl-1%2C__CDS__promoter,45.116085371765884,1.5775364975422662e-10
cnv_depth__IBNLCO_01719__AraC__CDS,45.107358050379766,1.583375774247638e-10
cnv_depth__IBNLCO_01437__Branched__CDS__promoter,45.08506677069211,1.5983897101534952e-10
cnv_depth__IBNLCO_01180__Acyl-CoA__CDS,45.05965239697215,1.6156826682314752e-10
cnv_depth__IBNLCO_00059__IBNLCO_00059__gene__promoter,45.031147044452624,1.6353038082670725e-10
cnv_depth__IBNLCO_05745__IBNLCO_05745__gene,45.01564221431629,1.646077150616312e-10
cnv_depth__IBNLCO_03038__IBNLCO_03038__gene,45.01053614890313,1.649640706046686e-10
cnv_depth__IBNLCO_04267__H-NS-like__CDS__promoter,44.99807881009324,1.6583674909171238e-10
cnv_depth__IBNLCO_04197__Methyl-accepting__CDS,44.99590630722655,1.6598941702344654e-10
cnv_depth__IBNLCO_03482__4-hydroxybenzoate__CDS,44.989867751346566,1.6641450948907827e-10
cnv_depth__IBNLCO_04705__Nitrate/nitrite__CDS__promoter,44.79840425156825,1.8047852818438195e-10
cnv_depth__IBNLCO_01731__IBNLCO_01731__gene,44.78188861783417,1.8174655739988425e-10
cnv_depth__IBNLCO_03602__gnl|Bakta|IBNLCO_03602__CDS__promoter,44.7629382439223,1.832126102718928e-10
cnv_depth__IBNLCO_03314__flhD__gene,44.74578413910822,1.845499965263162e-10
cnv_depth__IBNLCO_03378__padR__gene,44.71697150355551,1.868185454835079e-10
cnv_depth__IBNLCO_03383__betI__gene__promoter,44.689692874510605,1.889922678671418e-10
cnv_depth__IBNLCO_03931__IBNLCO_03931__gene__promoter,44.67336903351739,1.9030524718201803e-10
cnv_depth__IBNLCO_03987__Type__CDS__promoter,44.61265911514629,1.9526971507101287e-10
cnv_depth__IBNLCO_04587__IBNLCO_04587__gene,44.53589040490367,2.0173513281722896e-10
cnv_depth__IBNLCO_04524__IBNLCO_04524__gene__promoter,44.5191416831789,2.0317419238818883e-10
cnv_depth__IBNLCO_03376__Cadmium__CDS,44.48281667793946,2.0633098890792595e-10
cnv_depth__IBNLCO_04799__IBNLCO_04799__gene,44.48195478669998,2.064064895727195e-10
cnv_depth__IBNLCO_01468__IBNLCO_01468__gene,44.468722379828414,2.0756914197145415e-10
cnv_depth__IBNLCO_04734__IBNLCO_04734__gene__promoter,44.422514797194005,2.11681255164768e-10
cnv_depth__IBNLCO_00500__IBNLCO_00500__gene,44.414179692105634,2.124317276694672e-10
cnv_depth__IBNLCO_03618__TagK__CDS__promoter,44.387047814556446,2.1489327778548403e-10
cnv_depth__IBNLCO_04721__NADPH-dependent__CDS,44.36453565542254,2.169575585703876e-10
cnv_depth__IBNLCO_00491__IBNLCO_00491__gene,44.36291031505981,2.1710736913796384e-10
cnv_depth__IBNLCO_00283__IBNLCO_00283__gene,44.35887874460036,2.1747941745065296e-10
cnv_depth__IBNLCO_01563__Phospholipase__CDS,44.35672032309696,2.1767886921212623e-10
cnv_depth__IBNLCO_04335__phosphodiesterase__CDS,44.30493821971941,2.2251964492152053e-10
cnv_depth__IBNLCO_03007__secA__gene__promoter,44.29974704377282,2.2301089189030322e-10
cnv_depth__IBNLCO_05715__IBNLCO_05715__gene__promoter,44.20580297248544,2.3209265964871008e-10
cnv_depth__IBNLCO_01578__IBNLCO_01578__gene,44.20458509791259,2.3221281490233615e-10
cnv_depth__IBNLCO_01929__4-Amino-4-deoxy-L-arabinose__CDS,44.204119122653985,2.3225880454154337e-10
cnv_depth__IBNLCO_03523__IBNLCO_03523__gene__promoter,44.17236511031638,2.3541455318107423e-10
cnv_depth__IBNLCO_04830__IBNLCO_04830__gene,44.121790540772224,2.405303828760285e-10
cnv_depth__IBNLCO_02973__Ribosomal__CDS__promoter,44.12091979757112,2.4061943861369113e-10
cnv_depth__IBNLCO_05746__zraR__gene__promoter,44.07646186999943,2.4521093641227907e-10
cnv_depth__IBNLCO_00109__IBNLCO_00109__gene__promoter,44.06395224203852,2.4651878051325434e-10
cnv_depth__IBNLCO_05623__IBNLCO_05623__gene__promoter,44.05791417396724,2.4715256120429303e-10
cnv_depth__IBNLCO_03310__chemotaxis__CDS,44.03465344053921,2.4960952495177623e-10
cnv_depth__IBNLCO_01157__trnL__gene__promoter,44.026845757147846,2.504397461154115e-10
cnv_depth__IBNLCO_00039__IBNLCO_00039__gene,44.002392029969315,2.530580969717135e-10
cnv_depth__IBNLCO_04350__L-Lysine-8-amino-7-oxononanoate__CDS,43.92865657377636,2.611218255681031e-10
cnv_depth__IBNLCO_00214__IBNLCO_00214__gene__promoter,43.92092910871349,2.61981788785167e-10
cnv_depth__IBNLCO_03215__Large__CDS__promoter,43.903896482753716,2.638874069395545e-10
cnv_depth__IBNLCO_04581__RND__CDS__promoter,43.895188190549355,2.648670973900419e-10
cnv_depth__IBNLCO_03194__Large__CDS,43.86137274822651,2.687063216412241e-10
cnv_depth__IBNLCO_03824__IBNLCO_03824__gene,43.856114000573605,2.6930840171109866e-10
cnv_depth__IBNLCO_05582__DUF4123__CDS__promoter,43.841064280968936,2.7103900196727075e-10
cnv_depth__IBNLCO_03325__IBNLCO_03325__gene,43.774368180426144,2.7884475391177807e-10
cnv_depth__IBNLCO_04702__IBNLCO_04702__gene__promoter,43.768430733913874,2.7955055317658e-10
cnv_depth__IBNLCO_03314__Flagellar__CDS__promoter,43.760974895879436,2.804394036919445e-10
cnv_depth__IBNLCO_00314__glmU__gene,43.751026896964625,2.816298050494735e-10
cnv_depth__IBNLCO_05092__N-acetyltransferase__CDS,43.72783622975795,2.8442471144039527e-10
cnv_depth__IBNLCO_04267__IBNLCO_04267__gene,43.695296134846416,2.883937000673203e-10
cnv_depth__IBNLCO_05650__(3S)-malyl-CoA__CDS__promoter,43.69507904672969,2.8842036578781436e-10
cnv_depth__IBNLCO_04467__IBNLCO_04467__gene,43.69199555015019,2.8879939186490087e-10
cnv_depth__IBNLCO_03132__IBNLCO_03132__gene__promoter,43.68970857280777,2.8908083401596097e-10
cnv_depth__IBNLCO_03728__IBNLCO_03728__gene,43.66448669491265,2.922031483300601e-10
cnv_depth__IBNLCO_03109__vasD__gene,43.64467385238486,2.9467972907009715e-10
cnv_depth__IBNLCO_05845__IBNLCO_05845__gene,43.59991858650009,3.003524082592829e-10
cnv_depth__IBNLCO_05683__IBNLCO_05683__gene,43.5792065368809,3.030148470759241e-10
cnv_depth__IBNLCO_02443__D-glycerate__CDS,43.5621986358388,3.0521895096354447e-10
cnv_depth__IBNLCO_00050__IBNLCO_00050__gene,43.54544058160485,3.0740651546174443e-10
cnv_depth__IBNLCO_00332__EamA__CDS__promoter,43.53878912460327,3.0827916806059204e-10
cnv_depth__IBNLCO_03270__gnl|Bakta|IBNLCO_03270__CDS__promoter,43.497825401125645,3.137089272306253e-10
cnv_depth__IBNLCO_03576__IBNLCO_03576__gene__promoter,43.496874597199856,3.138360973047364e-10
cnv_depth__IBNLCO_00272__flgG__gene__promoter,43.4608584887792,3.186917921537988e-10
cnv_depth__IBNLCO_03449__IBNLCO_03449__gene__promoter,43.453409510505416,3.197054963793258e-10
cnv_depth__IBNLCO_04400__IBNLCO_04400__gene,43.42087263791168,3.241716424923593e-10
cnv_depth__IBNLCO_01422__Nudix__CDS__promoter,43.405451934813954,3.263103114480741e-10
cnv_depth__IBNLCO_01225__Cysteine__CDS,43.403223719031324,3.2662051481850543e-10
cnv_depth__IBNLCO_04549__YbaK/aminoacyl-tRNA__CDS__promoter,43.39912997373642,3.271912063383416e-10
cnv_depth__IBNLCO_01977__IBNLCO_01977__gene__promoter,43.39357794369693,3.2796680070089683e-10
cnv_depth__IBNLCO_05824__Outer__CDS,43.35731408503166,3.33078585276377e-10
cnv_depth__IBNLCO_03454__IBNLCO_03454__gene,43.328044736253986,3.372630560084296e-10
cnv_depth__IBNLCO_00366__IBNLCO_00366__gene,43.29600095695421,3.419050897279869e-10
cnv_depth__IBNLCO_00199__clpQ__gene,43.272413020035586,3.453633567882572e-10
cnv_depth__IBNLCO_00846__UDP-N-acetylenolpyruvoylglucosamine__CDS,43.27217397031201,3.453985845194651e-10
cnv_depth__IBNLCO_03377__Cd(II)/Pb(II)-responsive__CDS__promoter,43.2635848006612,3.4666674448682514e-10
cnv_depth__IBNLCO_04599__IBNLCO_04599__gene,43.23996934054302,3.501777772787602e-10
cnv_depth__IBNLCO_04686__hypothetical__CDS,43.22330562933203,3.5267685178189034e-10
cnv_depth__IBNLCO_05841__Presqualene__CDS__promoter,43.14492838895192,3.646749960082697e-10
cnv_depth__IBNLCO_04860__Cardiolipin__CDS,43.13252614399431,3.666109880912719e-10
cnv_depth__IBNLCO_03692__Heme__CDS,43.10795389476943,3.7047743493149254e-10
cnv_depth__IBNLCO_03127__tatB__gene,43.10502140723054,3.7094160489769707e-10
cnv_depth__IBNLCO_05630__lktB__gene,43.102034391357066,3.7141500980978764e-10
cnv_depth__IBNLCO_03840__IBNLCO_03840__gene__promoter,43.10061793908027,3.716397131593987e-10
cnv_depth__IBNLCO_04312__IBNLCO_04312__gene__promoter,43.099165808823315,3.7187021894220735e-10
cnv_depth__IBNLCO_01945__IBNLCO_01945__gene__promoter,43.096823111535834,3.722423944893279e-10
cnv_depth__IBNLCO_00032__flagellar__CDS,43.09090071313603,3.731849424219982e-10
cnv_depth__IBNLCO_01926__IBNLCO_01926__gene__promoter,43.078798425968515,3.751185208972636e-10
cnv_depth__IBNLCO_03221__30S__CDS__promoter,43.07429665178762,3.7584034732163103e-10
cnv_depth__IBNLCO_01895__IBNLCO_01895__gene,43.07179551704904,3.7624199200850507e-10
cnv_depth__IBNLCO_01588__Iron__CDS__promoter,43.06059667746786,3.780456806894567e-10
cnv_depth__IBNLCO_03865__hypothetical__CDS__promoter,43.05170674129217,3.794837132937444e-10
cnv_depth__IBNLCO_04965__Polyketide__CDS,43.03720824223344,3.8184084826061454e-10
cnv_depth__IBNLCO_00108__PNPLA__CDS,43.02042051615231,3.8458864357533155e-10
cnv_depth__IBNLCO_01883__Acetyl-CoA__CDS,43.007609185506524,3.866990171009892e-10
cnv_depth__IBNLCO_00200__RNA__CDS,42.997756454972915,3.883299829562736e-10
cnv_depth__IBNLCO_04320__IBNLCO_04320__gene,42.98446225083717,3.905416493978789e-10
cnv_depth__IBNLCO_03185__anti-hemB__gene__promoter,42.96515623661688,3.9377613508433386e-10
cnv_depth__IBNLCO_01445__IBNLCO_01445__gene,42.95498277032963,3.9549144688993965e-10
cnv_depth__IBNLCO_04515__Ca2+:H+__CDS,42.9051076596582,4.040105451822487e-10
cnv_depth__IBNLCO_01409__IBNLCO_01409__gene__promoter,42.90118377420537,4.046885926696374e-10
cnv_depth__IBNLCO_03637__Allantoin__CDS,42.88882094622712,4.0683241462959166e-10
cnv_depth__IBNLCO_01308__Uncharacterized__CDS,42.87063724472309,4.1000648977684424e-10
cnv_depth__IBNLCO_00170__IBNLCO_00170__gene,42.85816546169356,4.121979655925883e-10
cnv_depth__IBNLCO_04175__IBNLCO_04175__gene,42.853163674148476,4.1308017379197544e-10
cnv_depth__IBNLCO_04897__L-threonate__CDS__promoter,42.84234564297224,4.1499477162470327e-10
cnv_depth__IBNLCO_03135__hisH__gene__promoter,42.826694258004856,4.177806635993519e-10
cnv_depth__IBNLCO_01334__Phosphohistidine__CDS,42.819821188486316,4.190100078918853e-10
cnv_depth__IBNLCO_03313__flhC__gene__promoter,42.80152702976511,4.223000094255169e-10
cnv_depth__IBNLCO_01120__IBNLCO_01120__gene,42.79395742702238,4.2366893908427346e-10
cnv_depth__IBNLCO_01719__AraC__CDS__promoter,42.78185095362136,4.2586766545382053e-10
cnv_depth__IBNLCO_04298__IBNLCO_04298__gene,42.769569335444345,4.281099788713319e-10
cnv_depth__IBNLCO_00287__IBNLCO_00287__gene,42.76855941240397,4.2829489511342023e-10
cnv_depth__IBNLCO_02117__Zinc__CDS__promoter,42.72386629889452,4.365594752364797e-10
cnv_depth__IBNLCO_03801__Shikimate__CDS__promoter,42.71816720407649,4.3762485946782495e-10
cnv_depth__IBNLCO_03023__Cell__CDS__promoter,42.71616276296224,4.3800019202809865e-10
cnv_depth__IBNLCO_03612__tssK__gene,42.68180858339088,4.444838101948489e-10
cnv_depth__IBNLCO_03720__IBNLCO_03720__gene,42.657547363541234,4.4912092551504306e-10
cnv_depth__IBNLCO_03159__Glutamate__CDS,42.637900008100864,4.5291196875207214e-10
cnv_depth__IBNLCO_01689__IBNLCO_01689__gene,42.613639636466246,4.5763774499206917e-10
cnv_depth__IBNLCO_01271__Enoyl-[acyl-carrier-protein]__CDS,42.61183574051052,4.579911163085897e-10
cnv_depth__IBNLCO_01467__cpdA__gene,42.582254240902294,4.638254147670733e-10
cnv_depth__IBNLCO_03364__IBNLCO_03364__gene,42.578584586700195,4.645543881217799e-10
cnv_depth__IBNLCO_01703__Carbamate__CDS,42.51315368306206,4.777482097083926e-10
cnv_depth__IBNLCO_00475__IBNLCO_00475__gene,42.508038911037175,4.787953929746829e-10
cnv_depth__IBNLCO_03162__OmpW__CDS__promoter,42.507832207071296,4.788377616403269e-10
cnv_depth__IBNLCO_02207__tRNA(Ile)-lysidine__CDS,42.494382926545,4.816026518305136e-10
cnv_depth__IBNLCO_02993__Large__CDS,42.47889140489555,4.848073760505848e-10
cnv_depth__IBNLCO_03507__IBNLCO_03507__gene,42.47058630957388,4.865343081282229e-10
cnv_depth__IBNLCO_04319__IBNLCO_04319__gene,42.4643814626408,4.878285761619115e-10
cnv_depth__IBNLCO_03182__resB__gene__promoter,42.452635868710956,4.902881182103363e-10
cnv_depth__IBNLCO_01338__Na+__CDS,42.45076205130808,4.906816548377049e-10
cnv_depth__IBNLCO_03601__IBNLCO_03601__gene,42.44691814214991,4.914899463959959e-10
cnv_depth__IBNLCO_04569__IBNLCO_04569__gene,42.440191501817125,4.929076518878232e-10
cnv_depth__IBNLCO_01912__IBNLCO_01912__gene,42.40548925708003,5.002873833142903e-10
cnv_depth__IBNLCO_04628__IBNLCO_04628__gene,42.38478448818213,5.047434879441535e-10
cnv_depth__IBNLCO_04052__Fe(3+)-pyochelin__CDS__promoter,42.379706923505395,5.058423954889565e-10
cnv_depth__IBNLCO_05705__IBNLCO_05705__gene,42.37924519047448,5.059424454548605e-10
cnv_depth__IBNLCO_03111__dotU__gene__promoter,42.37923130479288,5.059454545636273e-10
cnv_depth__IBNLCO_00193__HAD__CDS__promoter,42.364082880488816,5.092389981055661e-10
cnv_depth__IBNLCO_05819__IBNLCO_05819__gene,42.32955893516399,5.168262874764319e-10
cnv_depth__IBNLCO_01890__IBNLCO_01890__gene__promoter,42.327504028220524,5.172814761277839e-10
cnv_depth__IBNLCO_05692__AsnC__CDS,42.290258368873936,5.256024243640772e-10
cnv_depth__IBNLCO_03754__gntR__gene__promoter,42.23867408918416,5.373505229611805e-10
cnv_depth__IBNLCO_03889__IBNLCO_03889__gene,42.23680559450257,5.377810074670443e-10
cnv_depth__IBNLCO_00037__cmpD__gene__promoter,42.20891993912305,5.442471653410512e-10
cnv_depth__IBNLCO_00026__flagellar__CDS,42.18721624154658,5.493341489977998e-10
cnv_depth__IBNLCO_01734__IBNLCO_01734__gene,42.1651459190238,5.545563218920532e-10
cnv_depth__IBNLCO_03105__Hcp1__CDS__promoter,42.16509768524504,5.545677894793376e-10
cnv_depth__IBNLCO_00122__trnF__gene__promoter,42.15236943921136,5.576023188016903e-10
cnv_depth__IBNLCO_01110__IBNLCO_01110__gene,42.143656925886944,5.596891255116176e-10
cnv_depth__IBNLCO_02971__IBNLCO_02971__gene__promoter,42.134116816289776,5.619832064416224e-10
cnv_depth__IBNLCO_05735__IBNLCO_05735__gene,42.119043704325655,5.656271664120303e-10
cnv_depth__IBNLCO_03525__Cytochrome__CDS__promoter,42.04415976407778,5.840874851638943e-10
cnv_depth__IBNLCO_05777__Ferredoxin--NAD(+)__CDS__promoter,42.0045618524762,5.940939236771699e-10
cnv_depth__IBNLCO_01986__Endolytic__CDS,41.99203335486257,5.972958137206942e-10
cnv_depth__IBNLCO_00198__hslU__gene__promoter,41.98219608500694,5.998221232046896e-10
cnv_depth__IBNLCO_00077__IBNLCO_00077__gene,41.97345684256557,6.020755005626874e-10
cnv_depth__IBNLCO_00378__IBNLCO_00378__gene,41.97256035532817,6.02307139113854e-10
cnv_depth__IBNLCO_05846__IBNLCO_05846__gene__promoter,41.92133340662294,6.156940404469392e-10
cnv_depth__IBNLCO_01542__Pilus__CDS,41.91815030820795,6.165357152221987e-10
cnv_depth__IBNLCO_01474__lplT__gene,41.86825585914299,6.298817362244862e-10
cnv_depth__IBNLCO_01176__IBNLCO_01176__gene,41.85128279272198,6.344879932342285e-10
cnv_depth__IBNLCO_00028__fliN__gene,41.82088054522531,6.428239771611341e-10
cnv_depth__IBNLCO_01553__IBNLCO_01553__gene,41.81463595180865,6.445498289621307e-10
cnv_depth__IBNLCO_05048__IBNLCO_05048__gene,41.805374761898236,6.47118015807132e-10
cnv_depth__IBNLCO_05694__hypothetical__CDS__promoter,41.79866112449261,6.489862104766732e-10
cnv_depth__IBNLCO_01505__gnl|Bakta|IBNLCO_01505__CDS,41.77342225004859,6.560582684474481e-10
cnv_depth__IBNLCO_03669__IBNLCO_03669__gene,41.767195401652266,6.578150022845671e-10
cnv_depth__IBNLCO_05210__Succinate__CDS,41.74629894970754,6.63745165270789e-10
cnv_depth__IBNLCO_00896__IBNLCO_00896__gene,41.73040204245149,6.682926608845878e-10
cnv_depth__IBNLCO_04155__IBNLCO_04155__gene__promoter,41.68936692383688,6.801772516669312e-10
cnv_depth__IBNLCO_01661__IBNLCO_01661__gene,41.651980824631416,6.911908040377943e-10
cnv_depth__IBNLCO_03748__Acetyl__CDS__promoter,41.608609530600944,7.041934726873915e-10
cnv_depth__IBNLCO_00010__gspC__gene,41.5334637177171,7.273098762740263e-10
cnv_depth__IBNLCO_01461__IBNLCO_01461__gene,41.52715099486139,7.292863612473298e-10
cnv_depth__IBNLCO_02216__tRNA__CDS,41.52673509631505,7.294167675419391e-10
cnv_depth__IBNLCO_00573__IBNLCO_00573__gene,41.50967877468366,7.347851712932027e-10
cnv_depth__IBNLCO_02245__Lipoprotein-releasing__CDS,41.47584683185645,7.45552025362796e-10
cnv_depth__IBNLCO_00549__IBNLCO_00549__gene,41.455849656213935,7.519908272486484e-10
cnv_depth__IBNLCO_03313__flhC__gene,41.43378018005557,7.59162109373929e-10
cnv_depth__IBNLCO_02065__5-hydroxyisourate__CDS__promoter,41.420922847079076,7.633717927785068e-10
cnv_depth__IBNLCO_03009__UDP-3-O-acyl-N-acetylglucosamine__CDS,41.41496852362367,7.653293084535114e-10
cnv_depth__IBNLCO_03263__Betaproteobacteria_toxic_sRNA__gene__promoter,41.405329198404246,7.685090428772962e-10
cnv_depth__IBNLCO_00080__IBNLCO_00080__gene,41.376203940410136,7.781979343098234e-10
cnv_depth__IBNLCO_01733__IBNLCO_01733__gene,41.35382945826667,7.857248256766031e-10
cnv_depth__IBNLCO_03199__Small__CDS__promoter,41.29289325566226,8.065991079180359e-10
cnv_depth__IBNLCO_02111__IBNLCO_02111__gene,41.28734033114725,8.085289471914438e-10
cnv_depth__IBNLCO_01660__IBNLCO_01660__gene,41.2641439359616,8.166410895026945e-10
cnv_depth__IBNLCO_01277__SHSP__CDS,41.264029576607086,8.166812857549018e-10
cnv_depth__IBNLCO_01448__tusA__gene,41.22998700930564,8.287362238265171e-10
cnv_depth__IBNLCO_03302__chemotaxis__CDS,41.22130230183383,8.318402717534621e-10
cnv_depth__IBNLCO_04781__HTH-type__CDS,41.152611184270924,8.568090110679071e-10
cnv_depth__IBNLCO_04751__Colicin__CDS,41.12235223149355,8.680468461337181e-10
cnv_depth__IBNLCO_03460__DUF2063__CDS,41.088789141682874,8.806860735101785e-10
cnv_depth__IBNLCO_03121__IBNLCO_03121__gene__promoter,41.05584889572564,8.932715188286273e-10
cnv_depth__IBNLCO_02919__IBNLCO_02919__gene__promoter,41.04200790682653,8.986137941632911e-10
cnv_depth__IBNLCO_04573__Arginine-ornithine__CDS,41.01982811229727,9.07242024326356e-10
cnv_depth__IBNLCO_00209__IBNLCO_00209__gene,41.00450272146174,9.132526468461456e-10
cnv_depth__IBNLCO_02281__Respiratory__CDS,40.988557140684556,9.19549215184367e-10
cnv_depth__IBNLCO_03525__IBNLCO_03525__gene,40.955116064235945,9.328971808843903e-10
cnv_depth__IBNLCO_01340__Acetyl-coenzyme__CDS,40.9533328103557,9.336144366204421e-10
cnv_depth__IBNLCO_04565__Bifunctional__CDS,40.9145772538126,9.49340956346521e-10
cnv_depth__IBNLCO_00062__Bifunctional__CDS,40.90494981106166,9.532889764788558e-10
cnv_depth__IBNLCO_05773__Membrane__CDS,40.89102963964637,9.590267046642263e-10
cnv_depth__IBNLCO_01712__bioC__gene__promoter,40.8249858504492,9.867282468326494e-10
cnv_depth__IBNLCO_01353__Transcriptional__CDS,40.818497674745686,9.894928960346704e-10
cnv_depth__IBNLCO_01406__IBNLCO_01406__gene__promoter,40.8125510530679,9.920336579698028e-10
cnv_depth__IBNLCO_00076__dnaA__gene__promoter,40.761824542265664,1.0139767998291575e-09
cnv_depth__IBNLCO_03504__dctD__gene__promoter,40.750447807011604,1.0189650567196273e-09
cnv_depth__IBNLCO_01309__IBNLCO_01309__gene__promoter,40.741938569157206,1.0227122257274768e-09
cnv_depth__IBNLCO_04504__onnB__gene,40.7222347680931,1.0314426118838397e-09
cnv_depth__IBNLCO_00088__YaeQ__CDS__promoter,40.701455030201814,1.0407313089141958e-09
cnv_depth__IBNLCO_05679__IBNLCO_05679__gene__promoter,40.69164465654557,1.045145938058625e-09
cnv_depth__IBNLCO_01891__IBNLCO_01891__gene__promoter,40.66593586540271,1.056804745941906e-09
cnv_depth__IBNLCO_04575__ATP-dependent__CDS__promoter,40.66293170329554,1.0581756638001718e-09
cnv_depth__IBNLCO_05802__NodB-like__CDS,40.64890765583994,1.0645991972961813e-09
cnv_depth__IBNLCO_05704__Cation/H+__CDS__promoter,40.63822150979193,1.0695202795782209e-09
cnv_depth__IBNLCO_03487__IBNLCO_03487__gene,40.63752751416927,1.0698406653346037e-09
cnv_depth__IBNLCO_05835__IBNLCO_05835__gene__promoter,40.60834550019453,1.0834007730316847e-09
cnv_depth__IBNLCO_04485__hypothetical__CDS__promoter,40.602568928197684,1.0861055103743755e-09
cnv_depth__IBNLCO_01381__Alpha/beta__CDS__promoter,40.56556828299806,1.103592672424609e-09
cnv_depth__IBNLCO_04511__Voltage-gated__CDS,40.504861456022894,1.1329021983237127e-09
cnv_depth__IBNLCO_02342__Ubiquinone__CDS__promoter,40.433658943606446,1.168282926292756e-09
cnv_depth__IBNLCO_05601__FAD-binding__CDS__promoter,40.37851769419617,1.1964481094525005e-09
cnv_depth__IBNLCO_04485__hypothetical__CDS,40.37487298049139,1.1983337556671905e-09
cnv_depth__IBNLCO_00119__IBNLCO_00119__gene,40.340267864093754,1.2163874754594912e-09
cnv_depth__IBNLCO_02367__N-succinylglutamate__CDS,40.33301173862943,1.2202077563882054e-09
cnv_depth__IBNLCO_03296__flagellar__CDS__promoter,40.32653411011228,1.2236284049109295e-09
cnv_depth__IBNLCO_00364__DUF3108__CDS,40.321019544933186,1.226548120291774e-09
cnv_depth__IBNLCO_03601__SMP-30/Gluconolactonase/LRE-like__CDS__promoter,40.3114176133888,1.2316487190858222e-09
cnv_depth__IBNLCO_00387__5-methyltetrahydrofolate--homocysteine__CDS,40.296424339391066,1.2396561152855657e-09
cnv_depth__IBNLCO_00309__IBNLCO_00309__gene,40.29526445909607,1.2402777549929648e-09
cnv_depth__IBNLCO_02057__PspA/IM30__CDS,40.28365680598415,1.2465162670611496e-09
cnv_depth__IBNLCO_01930__Multidrug-efflux__CDS,40.25722134469522,1.2608425237686533e-09
cnv_depth__IBNLCO_00507__rpoH__gene,40.25534574936352,1.2618652684382513e-09
cnv_depth__IBNLCO_05528__Sphinganine-1-phosphate__CDS__promoter,40.242770248814246,1.2687442529117413e-09
cnv_depth__IBNLCO_04955__uxuB__gene,40.231204765409295,1.2751041808151593e-09
cnv_depth__IBNLCO_03633__O-acetylhomoserine/O-acetylserine__CDS,40.21302353047095,1.2851673251706467e-09
cnv_depth__IBNLCO_00292__hypothetical__CDS__promoter,40.15989823936635,1.315033798666987e-09
cnv_depth__IBNLCO_03136__IBNLCO_03136__gene__promoter,40.15445689534305,1.3181321814076253e-09
cnv_depth__IBNLCO_04519__IBNLCO_04519__gene__promoter,40.153226431939075,1.3188338474505066e-09
cnv_depth__IBNLCO_03483__IBNLCO_03483__gene__promoter,40.14530539114457,1.3233598257682275e-09
cnv_depth__IBNLCO_03620__IraD/Gp25-like__CDS__promoter,40.13634150382647,1.3285006016507927e-09
cnv_depth__IBNLCO_03425__gnl|Bakta|IBNLCO_03425__CDS__promoter,40.10650596455104,1.3457570106879126e-09
cnv_depth__IBNLCO_04747__Pseudomonas__ncRNA,40.10127297955643,1.348806946579472e-09
cnv_depth__IBNLCO_04729__IBNLCO_04729__gene__promoter,40.097441673996386,1.3510443697518958e-09
cnv_depth__IBNLCO_01383__Type__CDS__promoter,40.089366982071354,1.3557721506062086e-09
cnv_depth__IBNLCO_04843__IBNLCO_04843__gene,40.07560657237654,1.3638674956461634e-09
cnv_depth__IBNLCO_02232__Polymerase/histidinol__CDS,40.07447956036772,1.3645326842298956e-09
cnv_depth__IBNLCO_04656__TauD/TfdA-like__CDS,40.06645775293445,1.369276818740524e-09
cnv_depth__IBNLCO_02996__trnP__gene__promoter,40.05816210042645,1.3742004331509941e-09
cnv_depth__IBNLCO_05625__yxjC__gene,40.0578428144006,1.3743902919930883e-09
cnv_depth__IBNLCO_00389__IBNLCO_00389__gene,40.04458204596819,1.3822990663456516e-09
cnv_depth__IBNLCO_04617__Nitrate__CDS,40.029286619294915,1.3914784359557441e-09
cnv_depth__IBNLCO_03822__IBNLCO_03822__gene,40.027798547796735,1.3923747649108372e-09
cnv_depth__IBNLCO_00002__Cation/H+__CDS__promoter,40.01098513581834,1.4025428179154963e-09
cnv_depth__IBNLCO_05703__IBNLCO_05703__gene,40.0089878813742,1.4037556484400887e-09
cnv_depth__IBNLCO_01543__Pilus__CDS,40.0077583450237,1.4045028098323751e-09
cnv_depth__IBNLCO_04140__Isoquinoline__CDS,40.00024510224425,1.4090771733305487e-09
cnv_depth__IBNLCO_02409__IBNLCO_02409__gene,39.99782951599834,1.410551074108854e-09
cnv_depth__IBNLCO_02041__Twin-arginine__CDS,39.98927212568092,1.4157850179447247e-09
cnv_depth__IBNLCO_01885__IBNLCO_01885__gene,39.98455372558387,1.4186793126387768e-09
cnv_depth__IBNLCO_03715__IBNLCO_03715__gene__promoter,39.96838107755659,1.4286451430785372e-09
cnv_depth__IBNLCO_04513__HPP__CDS,39.96826028971538,1.4287198398339757e-09
cnv_depth__IBNLCO_04678__Chemotaxis__CDS,39.91270557368997,1.463497238698337e-09
cnv_depth__IBNLCO_04630__IBNLCO_04630__gene,39.898922377125686,1.4722571785270704e-09
cnv_depth__IBNLCO_02912__Extracellular__CDS,39.89598799896872,1.474128957086554e-09
cnv_depth__IBNLCO_03509__IBNLCO_03509__gene,39.86402911263551,1.4946712041019435e-09
cnv_depth__IBNLCO_00527__Outer-membrane__CDS,39.85491961946004,1.500579313179351e-09
cnv_depth__IBNLCO_05634__IBNLCO_05634__gene,39.85085344632514,1.5032241057324745e-09
cnv_depth__IBNLCO_03630__LysR__CDS,39.847029523391235,1.505715626138416e-09
cnv_depth__IBNLCO_01556__Long-chain-fatty-acid--CoA__CDS__promoter,39.837895179865484,1.5116841095715568e-09
cnv_depth__IBNLCO_05669__IBNLCO_05669__gene__promoter,39.818383480623375,1.5245134525547626e-09
cnv_depth__IBNLCO_00204__3'%2C5'-cyclic-nucleotide__CDS,39.7870299150755,1.5453598710787318e-09
cnv_depth__IBNLCO_00434__IBNLCO_00434__gene__promoter,39.76484831771733,1.5602817317745925e-09
cnv_depth__IBNLCO_02142__DNA__CDS,39.762364892540425,1.561961400465329e-09
cnv_depth__IBNLCO_01932__HTH__CDS__promoter,39.75650504947857,1.5659319587700685e-09
cnv_depth__IBNLCO_02126__Bifunctional__CDS,39.75253188566043,1.5686299252572567e-09
cnv_depth__IBNLCO_00259__Lytic__CDS,39.65981521167618,1.632939953535295e-09
cnv_depth__IBNLCO_04943__NADPH--hemoprotein__CDS__promoter,39.64475884297272,1.6436319383582766e-09
cnv_depth__IBNLCO_03926__Spermidine/putrescine__CDS,39.63161294285742,1.6530250607330751e-09
cnv_depth__IBNLCO_00331__asnC__gene__promoter,39.62855858258159,1.6552152411853145e-09
cnv_depth__IBNLCO_05580__hypothetical__CDS__promoter,39.579715353745215,1.6906400805495e-09
cnv_depth__IBNLCO_04493__IBNLCO_04493__gene,39.56375636673481,1.7023799964737355e-09
cnv_depth__IBNLCO_00310__Cation__CDS__promoter,39.55646501191575,1.7077711146086045e-09
cnv_depth__IBNLCO_03256__IBNLCO_03256__gene,39.54384945960062,1.7171396341214935e-09
cnv_depth__IBNLCO_04666__Beta-lactamase__CDS__promoter,39.5324985721949,1.7256133598658142e-09
cnv_depth__IBNLCO_03421__IBNLCO_03421__gene__promoter,39.516718786873454,1.7374636032043552e-09
cnv_depth__IBNLCO_01678__cobW__gene,39.502442453005735,1.7482556144497106e-09
cnv_depth__IBNLCO_01327__IBNLCO_01327__gene__promoter,39.49348688972223,1.7550599964271068e-09
cnv_depth__IBNLCO_00313__IBNLCO_00313__gene,39.48693413970924,1.7600556800932905e-09
cnv_depth__IBNLCO_04260__L-fuconolactone__CDS,39.47843415016359,1.7665573094399174e-09
cnv_depth__IBNLCO_03379__IBNLCO_03379__gene,39.468632702331256,1.7740845486418808e-09
cnv_depth__IBNLCO_02194__Sulfotransferase__CDS,39.46250549006961,1.7788065276523132e-09
cnv_depth__IBNLCO_00184__IBNLCO_00184__gene,39.45605356659026,1.7837924725897399e-09
cnv_depth__IBNLCO_03012__Cell__CDS__promoter,39.45285179010173,1.7862719943024888e-09
cnv_depth__IBNLCO_00395__IBNLCO_00395__gene,39.43406036536022,1.800894809435137e-09
cnv_depth__IBNLCO_00326__IBNLCO_00326__gene__promoter,39.43033331293308,1.8038094087763514e-09
cnv_depth__IBNLCO_03458__Flagellar__CDS__promoter,39.42927556434898,1.8046374485381133e-09
cnv_depth__IBNLCO_03089__IBNLCO_03089__gene__promoter,39.42343834343378,1.8092139253396515e-09
cnv_depth__IBNLCO_01990__Alpha/beta__CDS,39.41134339907979,1.8187339106928988e-09
cnv_depth__IBNLCO_00205__IBNLCO_00205__gene,39.38877683410802,1.836631667144536e-09
cnv_depth__IBNLCO_00195__hypothetical__CDS,39.35349464589369,1.8649715777175353e-09
cnv_depth__IBNLCO_04740__IBNLCO_04740__gene__promoter,39.350690157416494,1.86724310807007e-09
cnv_depth__IBNLCO_03259__DUF2957__CDS__promoter,39.33750301780279,1.877961724814613e-09
cnv_depth__IBNLCO_03370__Ethanolamine__CDS,39.33298593350184,1.88164752337977e-09
cnv_depth__IBNLCO_05264__IBNLCO_05264__gene,39.29815586959048,1.9103142928895405e-09
cnv_depth__IBNLCO_03392__IBNLCO_03392__gene,39.28256219466756,1.9232912152671756e-09
cnv_depth__IBNLCO_00577__IBNLCO_00577__gene,39.27964414602073,1.92572946425766e-09
cnv_depth__IBNLCO_01575__Dihydroorotate__CDS__promoter,39.27073058146442,1.9331967730499417e-09
cnv_depth__IBNLCO_00071__RNA__CDS,39.248185444641464,1.952214717006853e-09
cnv_depth__IBNLCO_04909__IBNLCO_04909__gene__promoter,39.22812394902724,1.9692964645523634e-09
cnv_depth__IBNLCO_03956__Transglutaminase-like__CDS__promoter,39.19701891692606,1.9960805137494972e-09
cnv_depth__IBNLCO_01945__IBNLCO_01945__gene,39.19698855386479,1.9961068378932115e-09
cnv_depth__IBNLCO_02187__IBNLCO_02187__gene,39.192715858199335,1.999814675673777e-09
cnv_depth__IBNLCO_01288__IBNLCO_01288__gene__promoter,39.19117986221548,2.0011493099032772e-09
cnv_depth__IBNLCO_03653__2-methylcitrate__CDS,39.18094739761687,2.0100633410345816e-09
cnv_depth__IBNLCO_03005__ATP-binding__CDS__promoter,39.17624151948808,2.0141763316830646e-09
cnv_depth__IBNLCO_00476__IBNLCO_00476__gene,39.14613095607059,2.0406953112718855e-09
cnv_depth__IBNLCO_01107__IBNLCO_01107__gene__promoter,39.1049024355608,2.0775792597666645e-09
cnv_depth__IBNLCO_04683__IBNLCO_04683__gene,39.098673263575684,2.0832102874774475e-09
cnv_depth__IBNLCO_00063__IBNLCO_00063__gene__promoter,39.070361650128724,2.10899826522614e-09
cnv_depth__IBNLCO_00329__IBNLCO_00329__gene,39.06998291885243,2.1093454144083846e-09
cnv_depth__IBNLCO_05633__IBNLCO_05633__gene__promoter,39.064844711087204,2.1140608595264943e-09
cnv_depth__IBNLCO_01375__IBNLCO_01375__gene,39.05736429941256,2.120944840744331e-09
cnv_depth__IBNLCO_00275__flgJ__gene,38.99689209586963,2.177433563063065e-09
cnv_depth__IBNLCO_01639__IBNLCO_01639__gene__promoter,38.99229423603906,2.1817902268148114e-09
cnv_depth__IBNLCO_04650__IBNLCO_04650__gene,38.9832706862795,2.1903660341865663e-09
cnv_depth__IBNLCO_02078__DUF1993__CDS,38.97039223406358,2.2026644859961558e-09
cnv_depth__IBNLCO_00059__IBNLCO_00059__gene,38.97027616681868,2.202775642594522e-09
cnv_depth__IBNLCO_01436__Amino__CDS__promoter,38.935744557663156,2.2360992017476576e-09
cnv_depth__IBNLCO_05149__L-seryl-tRNA(Sec)__CDS__promoter,38.93500584493519,2.2368176084596967e-09
cnv_depth__IBNLCO_04773__Protocatechuate__CDS,38.927656867469736,2.2439772854105266e-09
cnv_depth__IBNLCO_00433__ubiK__gene__promoter,38.92524782244223,2.24632931153925e-09
cnv_depth__IBNLCO_01875__IBNLCO_01875__gene,38.88201849920076,2.2889613656171505e-09
cnv_depth__IBNLCO_00018__Type__CDS__promoter,38.87374618522625,2.2972120962773783e-09
cnv_depth__IBNLCO_04736__IBNLCO_04736__gene,38.83070936044733,2.3406239223743577e-09
cnv_depth__IBNLCO_03106__Type__CDS__promoter,38.8240035420026,2.3474624158552355e-09
cnv_depth__IBNLCO_04960__eamA__gene,38.802016920603556,2.370025954004734e-09
cnv_depth__IBNLCO_01668__ABC__CDS__promoter,38.780647543211906,2.3921660177109866e-09
cnv_depth__IBNLCO_03432__IBNLCO_03432__gene,38.77757219580902,2.395369431644657e-09
cnv_depth__IBNLCO_02248__recJ__gene,38.73470379050367,2.4404769302517723e-09
cnv_depth__IBNLCO_00065__gnl|Bakta|IBNLCO_00065__CDS__promoter,38.730504142090524,2.444941830914101e-09
cnv_depth__IBNLCO_03820__IBNLCO_03820__gene,38.689675243800245,2.4887819743050607e-09
cnv_depth__IBNLCO_04595__padR__gene,38.687783912163496,2.4908319358289435e-09
cnv_depth__IBNLCO_03609__LysR__CDS,38.66301014371081,2.517841579655911e-09
cnv_depth__IBNLCO_01533__IBNLCO_01533__gene,38.65357159193809,2.528209649199199e-09
cnv_depth__IBNLCO_04519__Helix-turn-helix__CDS,38.6534882150586,2.5283014290491828e-09
cnv_depth__IBNLCO_05621__IBNLCO_05621__gene__promoter,38.63893499894136,2.544373042551996e-09
cnv_depth__IBNLCO_05825__macB__gene,38.62248858973296,2.5626596418605504e-09
cnv_depth__IBNLCO_05831__Hopanoid__CDS,38.60006996103978,2.587800753980939e-09
cnv_depth__IBNLCO_04925__IBNLCO_04925__gene,38.57761837212422,2.6132285880934866e-09
cnv_depth__IBNLCO_01432__UPF0145__CDS__promoter,38.57409223321299,2.617245035106192e-09
cnv_depth__IBNLCO_05331__mannose-1-phosphate__CDS__promoter,38.53953294462721,2.6569414046957163e-09
cnv_depth__IBNLCO_00020__IBNLCO_00020__gene__promoter,38.53075599591289,2.6671195091475104e-09
cnv_depth__IBNLCO_01374__IBNLCO_01374__gene,38.528861841623225,2.6693212096928218e-09
cnv_depth__IBNLCO_01673__phosphoribosylglycinamide__CDS__promoter,38.5098301455295,2.6915451762288752e-09
cnv_depth__IBNLCO_05737__DUF2795__CDS__promoter,38.47925030462379,2.727646502201981e-09
cnv_depth__IBNLCO_03324__Flagellar__CDS,38.477671830265194,2.729523207606148e-09
cnv_depth__IBNLCO_01446__Myo-inositol__CDS__promoter,38.47294959139397,2.7351454412954963e-09
cnv_depth__IBNLCO_02819__Deaminated__CDS,38.45774528963622,2.7533270805798593e-09
cnv_depth__IBNLCO_04734__IBNLCO_04734__gene,38.451273581395796,2.7611030945072946e-09
cnv_depth__IBNLCO_05832__IBNLCO_05832__gene,38.44074056539532,2.7738064017223485e-09
cnv_depth__IBNLCO_02912__IBNLCO_02912__gene__promoter,38.43749515923905,2.7777323996831605e-09
cnv_depth__IBNLCO_01361__IBNLCO_01361__gene__promoter,38.42802994691796,2.7892146474616205e-09
cnv_depth__IBNLCO_01586__ssuB__gene,38.42665369829484,2.7908881628815256e-09
cnv_depth__IBNLCO_04492__IBNLCO_04492__gene,38.38971615592483,2.8361851299143516e-09
cnv_depth__IBNLCO_02253__IBNLCO_02253__gene__promoter,38.38464142654888,2.8424661003871697e-09
cnv_depth__IBNLCO_03109__Type__CDS__promoter,38.356422119656386,2.8776502453435546e-09
cnv_depth__IBNLCO_03625__DUF2169__CDS,38.34546723594891,2.891427184729123e-09
cnv_depth__IBNLCO_00508__IBNLCO_00508__gene__promoter,38.32580975530573,2.9163158640215068e-09
cnv_depth__IBNLCO_02398__HTH__CDS,38.299464880306466,2.9500113511196012e-09
cnv_depth__IBNLCO_01463__IBNLCO_01463__gene,38.28022014456201,2.9748740277536922e-09
cnv_depth__IBNLCO_03387__putA__gene__promoter,38.260497217675116,3.0005741796091556e-09
cnv_depth__IBNLCO_05503__IBNLCO_05503__gene__promoter,38.22670473581662,3.0451303490430392e-09
cnv_depth__IBNLCO_04722__yqhD__gene__promoter,38.197368170203376,3.08435304991977e-09
cnv_depth__IBNLCO_00978__Pili__CDS,38.19155623517032,3.0921839221238e-09
cnv_depth__IBNLCO_01129__gnl|Bakta|IBNLCO_01129__CDS,38.191476104375205,3.0922920288409033e-09
cnv_depth__IBNLCO_00257__IBNLCO_00257__gene__promoter,38.18737388058667,3.097831559317354e-09
cnv_depth__IBNLCO_01435__IBNLCO_01435__gene,38.18336709791778,3.1032518873184607e-09
cnv_depth__IBNLCO_00099__Putrescine-binding__CDS,38.17135049612759,3.1195653319392235e-09
cnv_depth__IBNLCO_02072__Hydantoin__CDS,38.14928225542839,3.1497506486289254e-09
cnv_depth__IBNLCO_03343__IBNLCO_03343__gene__promoter,38.141792729178896,3.160061879017215e-09
cnv_depth__IBNLCO_01643__IBNLCO_01643__gene,38.118907787140955,3.191780599204964e-09
cnv_depth__IBNLCO_03243__1%2C2-phenylacetyl-CoA__CDS__promoter,38.10868472314457,3.206053603563695e-09
cnv_depth__IBNLCO_01577__Leucyl/phenylalanyl-tRNA--protein__CDS__promoter,38.10189008532732,3.2155756413137574e-09
cnv_depth__IBNLCO_05764__Major__CDS,38.101007454614574,3.2168146592515184e-09
cnv_depth__IBNLCO_02910__IBNLCO_02910__gene__promoter,38.047296945661785,3.29312721353598e-09
cnv_depth__IBNLCO_01918__Bile__CDS__promoter,38.0236136448228,3.3273553405623983e-09
cnv_depth__IBNLCO_01994__IBNLCO_01994__gene__promoter,38.020548907007694,3.331810819386423e-09
cnv_depth__IBNLCO_00325__Bile__CDS__promoter,38.002681195938884,3.3579069577648655e-09
cnv_depth__IBNLCO_04972__IBNLCO_04972__gene,37.97001153980978,3.406156815072065e-09
cnv_depth__IBNLCO_01554__IBNLCO_01554__gene,37.95381866505642,3.4303311271865854e-09
cnv_depth__IBNLCO_04148__hypothetical__CDS,37.94873727837406,3.4379527954328655e-09
cnv_depth__IBNLCO_02242__IBNLCO_02242__gene__promoter,37.930949993135016,3.464767304723464e-09
cnv_depth__IBNLCO_03431__IBNLCO_03431__gene__promoter,37.906480509342416,3.5020009438548066e-09
cnv_depth__IBNLCO_03123__IBNLCO_03123__gene__promoter,37.90489069827323,3.504433996696059e-09
cnv_depth__IBNLCO_00315__IBNLCO_00315__gene,37.90132990705107,3.5098896430704905e-09
cnv_depth__IBNLCO_03381__Solute-binding__CDS,37.900178555958846,3.5116555144261292e-09
cnv_depth__IBNLCO_00525__trnQ__gene__promoter,37.87180783876832,3.5554534903118345e-09
cnv_depth__IBNLCO_01851__IBNLCO_01851__gene__promoter,37.86225673980494,3.570322069521411e-09
cnv_depth__IBNLCO_04687__IBNLCO_04687__gene,37.85261623916182,3.585393532935339e-09
cnv_depth__IBNLCO_04554__IBNLCO_04554__gene__promoter,37.85063765386444,3.5884946926881313e-09
cnv_depth__IBNLCO_02366__IBNLCO_02366__gene__promoter,37.823976737588,3.6305472636791135e-09
cnv_depth__IBNLCO_01894__Phosphoribosyltransferase__CDS__promoter,37.82085983188302,3.635495991477987e-09
cnv_depth__IBNLCO_05170__Bacteriophage__CDS__promoter,37.79384031792409,3.678681645410725e-09
cnv_depth__IBNLCO_03728__IBNLCO_03728__gene__promoter,37.79326665460565,3.679604136695117e-09
cnv_depth__IBNLCO_01841__IBNLCO_01841__gene__promoter,37.78122806081982,3.699017057046564e-09
cnv_depth__IBNLCO_00073__Cytochrome__CDS__promoter,37.73109905463104,3.780971875831066e-09
cnv_depth__IBNLCO_03856__DNA__CDS,37.724604272617114,3.791723451054648e-09
cnv_depth__IBNLCO_02132__eamA__gene,37.72097158062871,3.797750537450653e-09
cnv_depth__IBNLCO_00653__lactoylglutathione__CDS__promoter,37.70658662346886,3.821712170365996e-09
cnv_depth__IBNLCO_01949__arnA__gene,37.686134458724155,3.856043431354946e-09
cnv_depth__IBNLCO_05699__IBNLCO_05699__gene,37.660054427081235,3.90027412110802e-09
cnv_depth__IBNLCO_00415__IBNLCO_00415__gene,37.65442019553362,3.9098966857953535e-09
cnv_depth__IBNLCO_05036__IBNLCO_05036__gene,37.64600158519666,3.924319336454472e-09
cnv_depth__IBNLCO_01573__IBNLCO_01573__gene,37.63483385192262,3.943534731085895e-09
cnv_depth__IBNLCO_00270__flgE__gene__promoter,37.62557289361696,3.95954137889375e-09
cnv_depth__IBNLCO_04802__Major__CDS__promoter,37.621486298689,3.966625511427779e-09
cnv_depth__IBNLCO_01670__IBNLCO_01670__gene,37.58614995161598,4.028417833091901e-09
cnv_depth__IBNLCO_04616__peptidylprolyl__CDS__promoter,37.5768735696589,4.04479991814745e-09
cnv_depth__IBNLCO_04422__IBNLCO_04422__gene__promoter,37.56836324991765,4.059888333766339e-09
cnv_depth__IBNLCO_03138__Histidinol-phosphate__CDS,37.557975608174694,4.078382248339034e-09
cnv_depth__IBNLCO_01267__Glutamine--fructose-6-phosphate__CDS,37.55727845878929,4.079626480445641e-09
cnv_depth__IBNLCO_03770__IBNLCO_03770__gene,37.55520416831091,4.083330823365315e-09
cnv_depth__IBNLCO_03725__iclR__gene,37.554732651339556,4.084173349356488e-09
cnv_depth__IBNLCO_02203__Outer__CDS__promoter,37.55368668379398,4.086042954359681e-09
cnv_depth__IBNLCO_05852__Chromosome__CDS__promoter,37.55327404017708,4.086780768203932e-09
cnv_depth__IBNLCO_01906__4-hydroxy-3-methylbut-2-en-1-yl__CDS,37.551107714459384,4.09065640445937e-09
cnv_depth__IBNLCO_03280__IBNLCO_03280__gene__promoter,37.52049991503572,4.145813449592952e-09
cnv_depth__IBNLCO_02054__IBNLCO_02054__gene,37.48038508907508,4.219242235043769e-09
cnv_depth__IBNLCO_04689__IBNLCO_04689__gene,37.474618492144714,4.22990527656617e-09
cnv_depth__IBNLCO_01416__Enoyl-[acyl-carrier-protein]__CDS__promoter,37.47387580727618,4.231280556307769e-09
cnv_depth__IBNLCO_01219__IBNLCO_01219__gene__promoter,37.47092773800536,4.236744152685856e-09
cnv_depth__IBNLCO_04594__IBNLCO_04594__gene__promoter,37.420120549724686,4.332032057533156e-09
cnv_depth__IBNLCO_03840__gnl|Bakta|IBNLCO_03840__CDS,37.38812245681996,4.39315225579646e-09
cnv_depth__IBNLCO_04654__Nonribosomal__CDS,37.37192334285433,4.4244259603682835e-09
cnv_depth__IBNLCO_03863__IBNLCO_03863__gene__promoter,37.33906945352492,4.488545538422764e-09
cnv_depth__IBNLCO_01268__IBNLCO_01268__gene__promoter,37.335227689231274,4.496104405907478e-09
cnv_depth__IBNLCO_00212__IBNLCO_00212__gene__promoter,37.33438422403952,4.497765687831519e-09
cnv_depth__IBNLCO_03635__hypothetical__CDS__promoter,37.32626616571819,4.513786691215927e-09
cnv_depth__IBNLCO_03066__Energy-dependent__CDS,37.30923217442363,4.547590979113591e-09
cnv_depth__IBNLCO_00100__Histone__CDS,37.2990935112723,4.567832668053864e-09
cnv_depth__IBNLCO_05598__IBNLCO_05598__gene,37.29108119425256,4.583893516318089e-09
cnv_depth__IBNLCO_01562__IBNLCO_01562__gene,37.274926164263306,4.616450307780459e-09
cnv_depth__IBNLCO_04649__Phosphopantetheine__CDS__promoter,37.265163061479065,4.636238780734611e-09
cnv_depth__IBNLCO_04296__IBNLCO_04296__gene__promoter,37.23006719760143,4.708083774025226e-09
cnv_depth__IBNLCO_05830__IBNLCO_05830__gene__promoter,37.19488647112422,4.7812316377041944e-09
cnv_depth__IBNLCO_03071__hypothetical__CDS__promoter,37.184991975071284,4.802010437242084e-09
cnv_depth__IBNLCO_02137__Ribosomal__CDS__promoter,37.17047992817998,4.832651423867201e-09
cnv_depth__IBNLCO_05074__hypothetical__CDS__promoter,37.15134409719968,4.873357355544104e-09
cnv_depth__IBNLCO_03629__IBNLCO_03629__gene,37.149794855636614,4.876668037860673e-09
cnv_depth__IBNLCO_02897__Betaproteobacteria_toxic_sRNA__gene,37.14143863768712,4.89456424591526e-09
cnv_depth__IBNLCO_03048__IBNLCO_03048__gene,37.1259542566961,4.927902178169882e-09
cnv_depth__IBNLCO_01491__IBNLCO_01491__gene,37.12108885276547,4.9384247097612216e-09
cnv_depth__IBNLCO_01276__gntR__gene__promoter,37.114282731428794,4.9531825820324344e-09
cnv_depth__IBNLCO_00340__IBNLCO_00340__gene,37.107316528106914,4.968333709890138e-09
cnv_depth__IBNLCO_01246__hypothetical__CDS,37.082177354079235,5.023400564389318e-09
cnv_depth__IBNLCO_03417__IBNLCO_03417__gene__promoter,37.069953601197675,5.050398868417821e-09
cnv_depth__IBNLCO_00291__IBNLCO_00291__gene,37.066122882934785,5.058889817137333e-09
cnv_depth__IBNLCO_05844__IBNLCO_05844__gene__promoter,37.048375879911745,5.098415387412911e-09
cnv_depth__IBNLCO_01380__Ricin-type__CDS,37.014179221582225,5.175459222030973e-09
cnv_depth__IBNLCO_02262__IBNLCO_02262__gene__promoter,37.00108599923351,5.205268258976242e-09
cnv_depth__IBNLCO_01985__Thymidylate__CDS,36.991957257870226,5.226154034557591e-09
cnv_depth__IBNLCO_02934__IBNLCO_02934__gene,36.94078836946737,5.34480146218746e-09
cnv_depth__IBNLCO_01206__C-type__CDS,36.939123248836424,5.348707842180639e-09
cnv_depth__IBNLCO_01546__hypothetical__CDS,36.93114946407137,5.367454395298832e-09
cnv_depth__IBNLCO_02778__gmhA__gene,36.919361150995364,5.395290686100544e-09
cnv_depth__IBNLCO_04577__Uncharacterized__CDS,36.89126408029848,5.462227209361106e-09
cnv_depth__IBNLCO_00045__araC__gene,36.88985497598604,5.465606172300134e-09
cnv_depth__IBNLCO_00431__IBNLCO_00431__gene__promoter,36.86870687610354,5.516572729021706e-09
cnv_depth__IBNLCO_00120__esaS__gene__promoter,36.865048819251896,5.5254371744734654e-09
cnv_depth__IBNLCO_04771__argP__gene,36.79168594567666,5.706285489592408e-09
cnv_depth__IBNLCO_02061__2-hydroxy-3-oxopropionate__CDS__promoter,36.780471234934836,5.734453377578094e-09
cnv_depth__IBNLCO_05580__hypothetical__CDS,36.75755071246619,5.792460417814743e-09
cnv_depth__IBNLCO_05685__IBNLCO_05685__gene,36.73631421853922,5.8467345842176255e-09
cnv_depth__IBNLCO_04193__hypothetical__CDS__promoter,36.6587934924471,6.049253120131536e-09
cnv_depth__IBNLCO_04578__IBNLCO_04578__gene,36.65730735750928,6.053204042469422e-09
cnv_depth__IBNLCO_01955__hypothetical__CDS__promoter,36.655289059502486,6.058573907223174e-09
cnv_depth__IBNLCO_03465__Fumarate/nitrate__CDS__promoter,36.63204015546807,6.1207778799809795e-09
cnv_depth__IBNLCO_05619__H-NS__CDS,36.61191139374922,6.1751547191983595e-09
cnv_depth__IBNLCO_01891__IBNLCO_01891__gene,36.60098622491908,6.204872610335771e-09
cnv_depth__IBNLCO_02190__hypothetical__CDS,36.5866290608714,6.2441458271991714e-09
cnv_depth__IBNLCO_05042__gnl|Bakta|IBNLCO_05042__CDS,36.57842245988332,6.266707240554589e-09
cnv_depth__IBNLCO_03235__trnY__gene__promoter,36.57470536174465,6.276953293283237e-09
cnv_depth__IBNLCO_05248__trnI__gene__promoter,36.56924322711012,6.2920401986429306e-09
cnv_depth__IBNLCO_05612__cysteine__CDS__promoter,36.53015071028263,6.401092152117617e-09
cnv_depth__IBNLCO_01327__Membrane__CDS,36.524614156396424,6.416690486207719e-09
cnv_depth__IBNLCO_01220__ncS54__gene__promoter,36.48740795417008,6.52251387725411e-09
cnv_depth__IBNLCO_04677__IBNLCO_04677__gene,36.47901134827002,6.546638717161623e-09
cnv_depth__IBNLCO_05050__bspI3__gene,36.47432943298399,6.560129767189802e-09
cnv_depth__IBNLCO_02333__MIP18__CDS,36.4678058058292,6.578974607224341e-09
cnv_depth__IBNLCO_03444__D-malate__CDS,36.464185861272675,6.58945514951758e-09
cnv_depth__IBNLCO_04535__ywtG__gene,36.463459629563424,6.5915597821994776e-09
cnv_depth__IBNLCO_04503__Transporter__CDS,36.454098515865006,6.618749341230709e-09
cnv_depth__IBNLCO_00515__IBNLCO_00515__gene,36.40010826746603,6.777791710794791e-09
cnv_depth__IBNLCO_03120__IBNLCO_03120__gene,36.3905073376584,6.8064755525243675e-09
cnv_depth__IBNLCO_02994__Large__CDS,36.35523320088923,6.912918202335478e-09
cnv_depth__IBNLCO_03388__IBNLCO_03388__gene__promoter,36.33715494775777,6.968121154385828e-09
cnv_depth__IBNLCO_00883__Integral__CDS__promoter,36.33215301548508,6.9834733530743465e-09
cnv_depth__IBNLCO_00406__VanZ__CDS__promoter,36.3144797917631,7.037991192033187e-09
cnv_depth__IBNLCO_01179__IBNLCO_01179__gene,36.3055666187738,7.065649214803019e-09
cnv_depth__IBNLCO_00012__Type__CDS,36.29741415086097,7.091042888123765e-09
cnv_depth__IBNLCO_03165__ugpE__gene,36.292514331859685,7.106349411279975e-09
cnv_depth__IBNLCO_00539__Lipopolysaccharide__CDS__promoter,36.290266048719005,7.113383982617529e-09
cnv_depth__IBNLCO_01128__IBNLCO_01128__gene__promoter,36.282311184642246,7.138330205406215e-09
cnv_depth__IBNLCO_03186__IBNLCO_03186__gene,36.280764351991394,7.143191283779071e-09
cnv_depth__IBNLCO_00219__Acyl-CoA__CDS,36.28049538174978,7.144036891330129e-09
cnv_depth__IBNLCO_00461__Heme__CDS,36.23334177067806,7.293855942101061e-09
cnv_depth__IBNLCO_02463__IBNLCO_02463__gene__promoter,36.22787056747675,7.311443655172391e-09
cnv_depth__IBNLCO_04925__Enoyl-CoA__CDS__promoter,36.22663604498578,7.315418069117452e-09
cnv_depth__IBNLCO_00242__L-2-hydroxyglutarate__CDS__promoter,36.22341244022676,7.3258064174162556e-09
cnv_depth__IBNLCO_04861__IBNLCO_04861__gene,36.1724682658756,7.491971884465132e-09
cnv_depth__IBNLCO_01709__Putative__CDS,36.163126284124964,7.522853507941642e-09
cnv_depth__IBNLCO_00279__IBNLCO_00279__gene,36.1508814231599,7.56352600047958e-09
cnv_depth__IBNLCO_01449__gnl|Bakta|IBNLCO_01449__CDS__promoter,36.14822726515416,7.572371303246185e-09
cnv_depth__IBNLCO_04107__IBNLCO_04107__gene__promoter,36.14654088176386,7.577996809544191e-09
cnv_depth__IBNLCO_05293__IBNLCO_05293__gene,36.13393406191279,7.620185151367548e-09
cnv_depth__IBNLCO_04627__Major__CDS,36.12636988642111,7.645612272221063e-09
cnv_depth__IBNLCO_04330__IBNLCO_04330__gene,36.12525100090766,7.649380698991738e-09
cnv_depth__IBNLCO_01850__hypothetical__CDS__promoter,36.11722063351876,7.676482252134344e-09
cnv_depth__IBNLCO_04310__IBNLCO_04310__gene__promoter,36.106624519758,7.712391434480639e-09
cnv_depth__IBNLCO_04692__IBNLCO_04692__gene,36.046789934493326,7.918374022939653e-09
cnv_depth__IBNLCO_02392__IBNLCO_02392__gene,36.03136488113396,7.972370755458881e-09
cnv_depth__IBNLCO_00673__3-phosphoshikimate__CDS__promoter,36.02476491988823,7.995588000866752e-09
cnv_depth__IBNLCO_05209__IBNLCO_05209__gene__promoter,36.018085881983325,8.019152975727157e-09
cnv_depth__IBNLCO_01234__RecBCD__CDS__promoter,36.00580359813043,8.062670658692185e-09
cnv_depth__IBNLCO_01864__IBNLCO_01864__gene,35.99452676530411,8.102836002909494e-09
cnv_depth__IBNLCO_01544__IBNLCO_01544__gene__promoter,35.99156942519395,8.113402754082029e-09
cnv_depth__IBNLCO_04680__IBNLCO_04680__gene,35.98573107234972,8.134304429788914e-09
cnv_depth__IBNLCO_05806__dsbD__gene__promoter,35.97970543335964,8.155933659721768e-09
cnv_depth__IBNLCO_05759__IBNLCO_05759__gene,35.968900458572655,8.194864113696289e-09
cnv_depth__IBNLCO_02062__Dodecin__CDS,35.94343881996421,8.287346936578411e-09
cnv_depth__IBNLCO_03039__paaD__gene,35.93078055697901,8.33371657401028e-09
cnv_depth__IBNLCO_05323__IBNLCO_05323__gene,35.9237413024256,8.359616048814583e-09
cnv_depth__IBNLCO_02865__hypothetical__CDS,35.896198029650165,8.461739942401743e-09
cnv_depth__IBNLCO_00057__DUF1700__CDS,35.83153118677742,8.706491892822023e-09
cnv_depth__IBNLCO_02221__DNA__CDS,35.82776612591288,8.720960362839563e-09
cnv_depth__IBNLCO_04942__IBNLCO_04942__gene,35.82330174554836,8.738147681973654e-09
cnv_depth__IBNLCO_00430__IBNLCO_00430__gene,35.81607296381785,8.766050219315203e-09
cnv_depth__IBNLCO_02896__IBNLCO_02896__gene,35.78521479041459,8.886176453233057e-09
cnv_depth__IBNLCO_00420__IBNLCO_00420__gene,35.778676901178336,8.911840264509494e-09
cnv_depth__IBNLCO_02151__IBNLCO_02151__gene__promoter,35.7752626975393,8.92527212385157e-09
cnv_depth__IBNLCO_02980__IBNLCO_02980__gene,35.693336123177296,9.253788222415127e-09
cnv_depth__IBNLCO_03426__IBNLCO_03426__gene__promoter,35.69097462836321,9.263436615748399e-09
cnv_depth__IBNLCO_03036__IBNLCO_03036__gene,35.68062847175859,9.30582802715761e-09
cnv_depth__IBNLCO_03040__IBNLCO_03040__gene__promoter,35.680051257292554,9.308198818674157e-09
cnv_depth__IBNLCO_00230__IBNLCO_00230__gene,35.66957351641084,9.351340264496127e-09
cnv_depth__IBNLCO_05833__IBNLCO_05833__gene,35.65998461580563,9.390999010745012e-09
cnv_depth__IBNLCO_00578__IBNLCO_00578__gene__promoter,35.639112135075315,9.477914151086835e-09
cnv_depth__IBNLCO_02993__IBNLCO_02993__gene__promoter,35.636763710819054,9.48774396439064e-09
cnv_depth__IBNLCO_03260__IBNLCO_03260__gene,35.62223533022089,9.548784907924045e-09
cnv_depth__IBNLCO_01995__IBNLCO_01995__gene,35.60988109175516,9.601003311906291e-09
cnv_depth__IBNLCO_03093__IBNLCO_03093__gene__promoter,35.59708794457633,9.655381023171091e-09
cnv_depth__IBNLCO_02685__Outer__CDS,35.587810784400915,9.69500848308472e-09
cnv_depth__IBNLCO_02905__SHSP__CDS,35.553242141930944,9.844121370766297e-09
cnv_depth__IBNLCO_02573__minD__gene,35.550817300462725,9.854667571333235e-09
cnv_depth__IBNLCO_02418__rseB__gene,35.539822986012986,9.90262782297763e-09
cnv_depth__IBNLCO_04861__IBNLCO_04861__gene__promoter,35.52476858697003,9.968682128042016e-09
cnv_depth__IBNLCO_01442__IBNLCO_01442__gene,35.50718749261299,1.0046386665729821e-08
cnv_depth__IBNLCO_00188__IBNLCO_00188__gene,35.50053538015551,1.0075946875868005e-08
cnv_depth__IBNLCO_01983__Phosphinothricin__CDS__promoter,35.49947907474925,1.008064889427798e-08
cnv_depth__IBNLCO_01561__IBNLCO_01561__gene,35.498196203180704,1.0086362426802768e-08
cnv_depth__IBNLCO_02115__IBNLCO_02115__gene,35.488028503453535,1.0131762269259369e-08
cnv_depth__IBNLCO_04778__gsiB__gene__promoter,35.48496074798421,1.0145500626021949e-08
cnv_depth__IBNLCO_04700__ftsI__gene,35.47952399131841,1.0169894360098818e-08
cnv_depth__IBNLCO_03133__hisF__gene__promoter,35.47350962632055,1.0196948770494906e-08
cnv_depth__IBNLCO_04655__Syringopeptin__CDS__promoter,35.46545068589834,1.023331434167161e-08
cnv_depth__IBNLCO_03035__IBNLCO_03035__gene,35.44294410887273,1.0335569747741529e-08
cnv_depth__IBNLCO_03572__IBNLCO_03572__gene,35.441614050140224,1.03416448902318e-08
cnv_depth__IBNLCO_03923__IBNLCO_03923__gene__promoter,35.435092502329844,1.0371484808076097e-08
cnv_depth__IBNLCO_01869__IBNLCO_01869__gene__promoter,35.43366863030519,1.0378011423174744e-08
cnv_depth__IBNLCO_02558__Guanylate__CDS,35.42377092197087,1.0423494476919924e-08
cnv_depth__IBNLCO_04776__gsiD__gene,35.413564528536334,1.0470606999124287e-08
cnv_depth__IBNLCO_00040__Transcriptional__CDS__promoter,35.40094450157212,1.0529158446222165e-08
cnv_depth__IBNLCO_05357__DUF3472__CDS__promoter,35.367561351376004,1.0685641991215055e-08
cnv_depth__IBNLCO_01297__L-Proline/Glycine__CDS,35.357051415457924,1.0735392112741613e-08
cnv_depth__IBNLCO_00437__IBNLCO_00437__gene__promoter,35.343717169902774,1.0798848473657973e-08
cnv_depth__IBNLCO_01554__hypothetical__CDS__promoter,35.30705165446481,1.0975297036111666e-08
cnv_depth__IBNLCO_02243__DNA__CDS__promoter,35.30086985879293,1.1005331945411014e-08
cnv_depth__IBNLCO_05688__IBNLCO_05688__gene__promoter,35.29829535535842,1.1017864927993982e-08
cnv_depth__IBNLCO_05025__Type__CDS,35.21954679328982,1.1408270239315275e-08
cnv_depth__IBNLCO_02064__8-oxoguanine__CDS,35.07621810062287,1.21550818343456e-08
cnv_depth__IBNLCO_04660__gabR__gene,35.063707025367826,1.2222570197106393e-08
cnv_depth__IBNLCO_04585__IBNLCO_04585__gene__promoter,35.04744921197532,1.231083562503742e-08
cnv_depth__IBNLCO_00429__IBNLCO_00429__gene,35.04688939407446,1.2313886382053354e-08
cnv_depth__IBNLCO_01499__IBNLCO_01499__gene__promoter,35.02526575491212,1.2432312054562901e-08
cnv_depth__IBNLCO_00025__lrgB__gene,35.015373673596685,1.2486870815594677e-08
cnv_depth__IBNLCO_05623__BON__CDS,35.00288403711228,1.255610186136539e-08
cnv_depth__IBNLCO_02969__IBNLCO_02969__gene__promoter,34.99830743006578,1.258156735150686e-08
cnv_depth__IBNLCO_00640__IBNLCO_00640__gene,34.97705629655879,1.2700500009481603e-08
cnv_depth__IBNLCO_01981__IBNLCO_01981__gene__promoter,34.95608184067928,1.2818998281627878e-08
cnv_depth__IBNLCO_00362__IBNLCO_00362__gene__promoter,34.94716629133597,1.2869705787154088e-08
cnv_depth__IBNLCO_03579__IBNLCO_03579__gene__promoter,34.94656193308932,1.2873150422935886e-08
cnv_depth__IBNLCO_04783__estB__gene__promoter,34.938115782189435,1.292138820923594e-08
cnv_depth__IBNLCO_00027__fliM__gene__promoter,34.93715541560637,1.2926884622062206e-08
cnv_depth__IBNLCO_05678__Pilus__CDS,34.91534017140708,1.3052376988370745e-08
cnv_depth__IBNLCO_00192__slmA__gene,34.88862493644435,1.320773489946471e-08
cnv_depth__IBNLCO_04453__IBNLCO_04453__gene,34.867471208349585,1.333207546397064e-08
cnv_depth__IBNLCO_00087__IBNLCO_00087__gene,34.8620943972218,1.3363868204668974e-08
cnv_depth__IBNLCO_00454__Cytochrome__CDS,34.825506997635365,1.3582251209665206e-08
cnv_depth__IBNLCO_00573__Dienelactone__CDS__promoter,34.82216925202841,1.3602352184919256e-08
cnv_depth__IBNLCO_01657__gnl|Bakta|IBNLCO_01657__CDS__promoter,34.777412600462476,1.387481356079575e-08
cnv_depth__IBNLCO_04318__Theronine__CDS,34.762302579583064,1.3968037493503956e-08
cnv_depth__IBNLCO_04568__IBNLCO_04568__gene__promoter,34.74091961066253,1.410104624782937e-08
cnv_depth__IBNLCO_01127__IBNLCO_01127__gene,34.74023948088461,1.4105297806444138e-08
cnv_depth__IBNLCO_05778__traR__gene,34.72796550958621,1.4182246631141522e-08
cnv_depth__IBNLCO_04607__Formate__CDS,34.671317190637865,1.4542924405979004e-08
cnv_depth__IBNLCO_00102__IBNLCO_00102__gene,34.66069509392609,1.4611579989092767e-08
cnv_depth__IBNLCO_03839__IBNLCO_03839__gene__promoter,34.65757825236649,1.4631787681435764e-08
cnv_depth__IBNLCO_00954__Cobalamin__CDS__promoter,34.60450227116038,1.4980267967018087e-08
cnv_depth__IBNLCO_04713__N-carbamoyl-L-amino-acid__CDS,34.57725423039879,1.5162416252964402e-08
cnv_depth__IBNLCO_04703__IBNLCO_04703__gene__promoter,34.56763147976002,1.522727603248609e-08
cnv_depth__IBNLCO_04969__IBNLCO_04969__gene,34.5598963683909,1.5279615864170255e-08
cnv_depth__IBNLCO_04424__N-acyltransferase__CDS,34.534618685513564,1.5451929178968935e-08
cnv_depth__IBNLCO_04106__MurR/RpiR__CDS,34.500462407465434,1.5687890278081713e-08
cnv_depth__IBNLCO_02161__tRNA-Asp(gtc)__tRNA,34.49643182364958,1.5715973815667894e-08
cnv_depth__IBNLCO_02096__IBNLCO_02096__gene__promoter,34.4925437224637,1.574311273111209e-08
cnv_depth__IBNLCO_04676__hypothetical__CDS,34.47230881760733,1.588511869926904e-08
cnv_depth__IBNLCO_01536__IBNLCO_01536__gene,34.47081331659244,1.5895665162049713e-08
cnv_depth__IBNLCO_00495__lysR__gene__promoter,34.45962605194437,1.5974783948442103e-08
cnv_depth__IBNLCO_02962__Carboxypeptidase__CDS,34.45143845504968,1.6032940531467126e-08
cnv_depth__IBNLCO_05589__Type__CDS,34.443155052827514,1.609199535569522e-08
cnv_depth__IBNLCO_02233__IBNLCO_02233__gene__promoter,34.416773205758524,1.6281548316304587e-08
cnv_depth__IBNLCO_03759__IBNLCO_03759__gene__promoter,34.41404234248934,1.630129793074495e-08
cnv_depth__IBNLCO_04915__IBNLCO_04915__gene__promoter,34.360767364800104,1.669146297755663e-08
cnv_depth__IBNLCO_05690__Type__CDS,34.35074644551111,1.676590010899828e-08
cnv_depth__IBNLCO_03833__lysR__gene,34.31137398250289,1.706162858125249e-08
cnv_depth__IBNLCO_00199__clpQ__gene__promoter,34.30251562030449,1.7128887360711122e-08
cnv_depth__IBNLCO_01649__IBNLCO_01649__gene__promoter,34.27509358681841,1.7338797688720705e-08
cnv_depth__IBNLCO_00009__Type__CDS__promoter,34.27163821927111,1.736543162917757e-08
cnv_depth__IBNLCO_01099__Phospholipase__CDS__promoter,34.26347046624692,1.7428553081903526e-08
cnv_depth__IBNLCO_01915__Murein__CDS__promoter,34.24920415244978,1.753936171764977e-08
cnv_depth__IBNLCO_04560__Transmembrane__CDS,34.23886637057158,1.762010147920348e-08
cnv_depth__IBNLCO_01881__Polyhydroxyalkanoate__CDS__promoter,34.23401880389925,1.7658091020530872e-08
cnv_depth__IBNLCO_05712__RNA__CDS__promoter,34.23154783108104,1.7677487445467226e-08
cnv_depth__IBNLCO_03621__tssF__gene__promoter,34.22307425081419,1.7744166277431586e-08
cnv_depth__IBNLCO_00022__Multidrug__CDS__promoter,34.19912879136626,1.793397099974705e-08
cnv_depth__IBNLCO_05682__SAF__CDS__promoter,34.18810490781561,1.8022040732774013e-08
cnv_depth__IBNLCO_02591__gnl|Bakta|IBNLCO_02591__CDS,34.18341200067164,1.8059664848985702e-08
cnv_depth__IBNLCO_00551__IBNLCO_00551__gene,34.17894117871276,1.8095582287530483e-08
cnv_depth__IBNLCO_00241__Lon__CDS__promoter,34.142275066664304,1.8392885518441786e-08
cnv_depth__IBNLCO_01715__IBNLCO_01715__gene,34.141614454001314,1.8398287055396146e-08
cnv_depth__IBNLCO_03119__IBNLCO_03119__gene,34.13184861704062,1.847832524838529e-08
cnv_depth__IBNLCO_04576__Glutamyl-tRNA__CDS,34.11890338364376,1.8584963566468906e-08
cnv_depth__IBNLCO_00086__Spermidine__CDS,34.106612622871744,1.8686786092846354e-08
cnv_depth__IBNLCO_04510__IBNLCO_04510__gene,34.0979718829696,1.875870742550848e-08
cnv_depth__IBNLCO_03359__IBNLCO_03359__gene,34.080736800517734,1.890300048343034e-08
cnv_depth__IBNLCO_02405__Protein-arginine__CDS,34.05866637745004,1.908941442709529e-08
cnv_depth__IBNLCO_04919__gnl|Bakta|IBNLCO_04919__CDS__promoter,34.05784922182243,1.9096351942789582e-08
cnv_depth__IBNLCO_02874__tRNA-specific__CDS,34.05520247005382,1.9118839922487214e-08
cnv_depth__IBNLCO_04171__IBNLCO_04171__gene__promoter,34.03320154060826,1.9306808467906278e-08
cnv_depth__IBNLCO_05545__gnl|Bakta|IBNLCO_05545__CDS__promoter,34.019946041464955,1.942095946973523e-08
cnv_depth__IBNLCO_02227__IBNLCO_02227__gene__promoter,34.01935537639845,1.9426061882494082e-08
cnv_depth__IBNLCO_00020__Multidrug__CDS,34.00752077823908,1.952858009092624e-08
cnv_depth__IBNLCO_04540__irlR__gene,34.00116563149116,1.9583857546590635e-08
cnv_depth__IBNLCO_05054__Taurine__CDS,33.986623361697696,1.9710942752274384e-08
cnv_depth__IBNLCO_01557__IBNLCO_01557__gene,33.95254022278652,2.001207162763794e-08
cnv_depth__IBNLCO_00016__Type__CDS__promoter,33.94905437860769,2.004313039137883e-08
cnv_depth__IBNLCO_03177__IBNLCO_03177__gene__promoter,33.94647325197003,2.006615953559721e-08
cnv_depth__IBNLCO_00638__IBNLCO_00638__gene__promoter,33.9152364324889,2.0346987688640042e-08
cnv_depth__IBNLCO_01951__IBNLCO_01951__gene,33.912400960152766,2.0372675230188657e-08
cnv_depth__IBNLCO_02523__IBNLCO_02523__gene,33.910430991854035,2.039054115827072e-08
cnv_depth__IBNLCO_05822__IBNLCO_05822__gene__promoter,33.889792236075195,2.0578671628846825e-08
cnv_depth__IBNLCO_01704__Ornithine__CDS,33.871935608125064,2.0742856828003257e-08
cnv_depth__IBNLCO_01400__hypothetical__CDS__promoter,33.86802761043164,2.0778965651465106e-08
cnv_depth__IBNLCO_03771__Polyketide__CDS__promoter,33.83064777173891,2.1127571117847483e-08
cnv_depth__IBNLCO_02848__IBNLCO_02848__gene__promoter,33.80692023354625,2.135191565823218e-08
cnv_depth__IBNLCO_03187__dsbD__gene,33.768411145308065,2.1721156570205735e-08
cnv_depth__IBNLCO_03573__IBNLCO_03573__gene,33.757358255729784,2.182832332777495e-08
cnv_depth__IBNLCO_04702__IBNLCO_04702__gene,33.7327372249343,2.2068969164390276e-08
cnv_depth__IBNLCO_04976__Type__CDS,33.7149264757316,2.224472108391877e-08
cnv_depth__IBNLCO_02954__L-arabinose__CDS,33.69460833755765,2.2446943284118466e-08
cnv_depth__IBNLCO_04394__iclR__gene__promoter,33.66917753967282,2.2702670929750207e-08
cnv_depth__IBNLCO_03028__IBNLCO_03028__gene__promoter,33.65868493772329,2.2809038862215988e-08
cnv_depth__IBNLCO_00325__IBNLCO_00325__gene,33.63625185401047,2.3038145137158057e-08
cnv_depth__IBNLCO_05211__IBNLCO_05211__gene__promoter,33.63369120103602,2.3064444220544407e-08
cnv_depth__IBNLCO_03615__tssC1__gene__promoter,33.63302331761087,2.3071308677794634e-08
cnv_depth__IBNLCO_02295__IBNLCO_02295__gene__promoter,33.63037144103609,2.3098584852781648e-08
cnv_depth__IBNLCO_05620__IBNLCO_05620__gene__promoter,33.626383297858396,2.3139666721174254e-08
cnv_depth__IBNLCO_02989__IBNLCO_02989__gene,33.60174477873893,2.339511056006189e-08
cnv_depth__IBNLCO_00838__tRNA__CDS__promoter,33.594100350181186,2.3474943250986912e-08
cnv_depth__IBNLCO_02676__IBNLCO_02676__gene__promoter,33.59253417847196,2.3491333126601867e-08
cnv_depth__IBNLCO_03414__ncS01__gene,33.58597770850408,2.3560071757516964e-08
cnv_depth__IBNLCO_05686__IBNLCO_05686__gene__promoter,33.58505619797117,2.3569749237580196e-08
cnv_depth__IBNLCO_00355__Peptidase__CDS,33.57746625924121,2.3649609896008728e-08
cnv_depth__IBNLCO_03388__hypothetical__CDS,33.55225177150003,2.39168830636395e-08
cnv_depth__IBNLCO_02244__IBNLCO_02244__gene__promoter,33.52675350914874,2.4190269100452734e-08
cnv_depth__IBNLCO_03164__ugpC__gene__promoter,33.48612988602293,2.4632365266519316e-08
cnv_depth__IBNLCO_01983__ywnH__gene,33.445115834380346,2.5086996051633607e-08
cnv_depth__IBNLCO_00929__uroporphyrinogen-III__CDS,33.41740782855916,2.539892340828009e-08
cnv_depth__IBNLCO_04521__IBNLCO_04521__gene,33.411842940205574,2.5462042179543516e-08
cnv_depth__IBNLCO_05597__IBNLCO_05597__gene__promoter,33.40768309461625,2.5509328019557907e-08
cnv_depth__IBNLCO_04322__IBNLCO_04322__gene__promoter,33.38492592225331,2.5769588870168646e-08
cnv_depth__IBNLCO_02043__IBNLCO_02043__gene,33.384057785398575,2.577957022592401e-08
cnv_depth__IBNLCO_01326__Bacteriophage__CDS,33.37775458759184,2.5852158164252268e-08
cnv_depth__IBNLCO_01433__IBNLCO_01433__gene,33.367929550199335,2.5965715937743884e-08
cnv_depth__IBNLCO_02450__Protein__CDS,33.36579509263627,2.599045257661424e-08
cnv_depth__IBNLCO_03571__IBNLCO_03571__gene,33.363849343645334,2.601302298619442e-08
cnv_depth__IBNLCO_00411__UPF0250__CDS,33.35511459760719,2.6114589103571414e-08
cnv_depth__IBNLCO_05829__3-phenylpropionate-dihydrodiol/cinnamic__CDS__promoter,33.343006164809445,2.6256047096511277e-08
cnv_depth__IBNLCO_01871__AsmA__CDS__promoter,33.29814521045311,2.6786923376297546e-08
cnv_depth__IBNLCO_02514__ssrA__gene__promoter,33.286466004945716,2.6926904082867635e-08
cnv_depth__IBNLCO_04947__IBNLCO_04947__gene,33.271437641033664,2.7108114301532367e-08
cnv_depth__IBNLCO_01916__Protein-L-isoaspartate__CDS,33.244342615309414,2.743794296385569e-08
cnv_depth__IBNLCO_00437__IBNLCO_00437__gene,33.23486727653138,2.7554241313805518e-08
cnv_depth__IBNLCO_05501__IBNLCO_05501__gene__promoter,33.20114735450068,2.797216888120995e-08
cnv_depth__IBNLCO_03379__IBNLCO_03379__gene__promoter,33.19435358212257,2.805714381479332e-08
cnv_depth__IBNLCO_03391__IBNLCO_03391__gene,33.17504204621554,2.8300115588334843e-08
cnv_depth__IBNLCO_01874__IBNLCO_01874__gene__promoter,33.172516481577524,2.8332048313274382e-08
cnv_depth__IBNLCO_00025__LrgB__CDS__promoter,33.16886230272325,2.837831547951215e-08
cnv_depth__IBNLCO_05056__Cellulose__CDS__promoter,33.16530023600999,2.8423489871188378e-08
cnv_depth__IBNLCO_03773__IBNLCO_03773__gene,33.15908946565147,2.850242922269266e-08
cnv_depth__IBNLCO_03259__IBNLCO_03259__gene,33.15577976139578,2.854458626960494e-08
cnv_depth__IBNLCO_01711__Putative__CDS,33.14645176230267,2.8663740182276677e-08
cnv_depth__IBNLCO_03261__IBNLCO_03261__gene,33.14559800113442,2.8674671027949743e-08
cnv_depth__IBNLCO_04460__IBNLCO_04460__gene,33.13490256469103,2.8811963972735305e-08
cnv_depth__IBNLCO_03281__IBNLCO_03281__gene__promoter,33.12945524855917,2.8882144100533887e-08
cnv_depth__IBNLCO_03427__IBNLCO_03427__gene,33.121192793741365,2.8988922789684566e-08
cnv_depth__IBNLCO_03146__IBNLCO_03146__gene,33.04077710280441,3.004923324076108e-08
cnv_depth__IBNLCO_00618__IBNLCO_00618__gene,33.03446021127572,3.01341660903383e-08
cnv_depth__IBNLCO_02207__IBNLCO_02207__gene__promoter,33.02771054254819,3.022518592989032e-08
cnv_depth__IBNLCO_02896__Large__CDS__promoter,32.995233085947206,3.066704751857315e-08
cnv_depth__IBNLCO_00205__IBNLCO_00205__gene__promoter,32.99491633401149,3.0671388979283115e-08
cnv_depth__IBNLCO_01481__Glycoside__CDS__promoter,32.980223863829586,3.087345083449243e-08
cnv_depth__IBNLCO_01264__IBNLCO_01264__gene__promoter,32.97134947284431,3.0996149299188435e-08
cnv_depth__IBNLCO_04972__N-acetylmuramoyl-L-alanine__CDS__promoter,32.96776163085409,3.1045895056606995e-08
cnv_depth__IBNLCO_03603__IBNLCO_03603__gene__promoter,32.963146925387996,3.1109997024614884e-08
cnv_depth__IBNLCO_01301__SAM-dependent__CDS,32.944597326074685,3.13690182983552e-08
cnv_depth__IBNLCO_04927__IBNLCO_04927__gene,32.93482612262133,3.150633594614888e-08
cnv_depth__IBNLCO_02698__IBNLCO_02698__gene__promoter,32.9197221968339,3.1719792303390336e-08
cnv_depth__IBNLCO_04588__IBNLCO_04588__gene__promoter,32.87744838686943,3.232503039972823e-08
cnv_depth__IBNLCO_02423__Acyl__CDS__promoter,32.86216355327182,3.254672652912464e-08
cnv_depth__IBNLCO_01358__IBNLCO_01358__gene__promoter,32.84905656726929,3.27380580091546e-08
cnv_depth__IBNLCO_02234__Ferritin-like__CDS,32.779078031785005,3.377898769189662e-08
cnv_depth__IBNLCO_01897__DUF2065__CDS,32.768178264711636,3.394410633814627e-08
cnv_depth__IBNLCO_05616__ureidoglycolate__CDS__promoter,32.74740708644485,3.426102726831235e-08
cnv_depth__IBNLCO_01222__IBNLCO_01222__gene__promoter,32.73078269228679,3.451683116398332e-08
cnv_depth__IBNLCO_01550__Sigma-54__CDS,32.675539221654354,3.538082528255206e-08
cnv_depth__IBNLCO_02761__IBNLCO_02761__gene__promoter,32.66819037462624,3.549739506808961e-08
cnv_depth__IBNLCO_05007__SctA__CDS,32.64968018290347,3.579273290161503e-08
cnv_depth__IBNLCO_01539__Prepilin__CDS,32.63820412835163,3.5977084081441045e-08
cnv_depth__IBNLCO_05687__TadE-like__CDS,32.6311964362844,3.6090127172454245e-08
cnv_depth__IBNLCO_04561__Cation-translocating__CDS,32.61991003249199,3.627294660030124e-08
cnv_depth__IBNLCO_04200__Methylaspartate__CDS,32.587615054739175,3.6801254999420204e-08
cnv_depth__IBNLCO_01916__IBNLCO_01916__gene__promoter,32.583980843027696,3.686119126216986e-08
cnv_depth__IBNLCO_04748__gnl|Bakta|IBNLCO_04748__CDS,32.58238691300788,3.688750984149133e-08
cnv_depth__IBNLCO_03152__Thiazole__CDS,32.557472378662254,3.730136989169042e-08
cnv_depth__IBNLCO_02970__IBNLCO_02970__gene__promoter,32.55741296492586,3.7302362412994e-08
cnv_depth__IBNLCO_01577__IBNLCO_01577__gene,32.51666526298378,3.798938872355913e-08
cnv_depth__IBNLCO_05070__gnl|Bakta|IBNLCO_05070__CDS,32.50356200344796,3.821302270474935e-08
cnv_depth__IBNLCO_03443__Succinylglutamate__CDS__promoter,32.49187362060996,3.841363156417864e-08
cnv_depth__IBNLCO_02893__AraC_family__CDS,32.491732702017224,3.8416056646588387e-08
cnv_depth__IBNLCO_03084__DUF1415__CDS,32.4733604226708,3.8733555938692515e-08
cnv_depth__IBNLCO_00540__Lipopolysaccharide__CDS,32.46718544841937,3.8840862779018093e-08
cnv_depth__IBNLCO_01663__IBNLCO_01663__gene,32.4626043658573,3.8920665549188724e-08
cnv_depth__IBNLCO_01132__SDR__CDS,32.459024979458015,3.898313401625379e-08
cnv_depth__IBNLCO_00296__IBNLCO_00296__gene,32.44036209624587,3.931048941218601e-08
cnv_depth__IBNLCO_02297__Major__CDS,32.43768932732329,3.93575978929041e-08
cnv_depth__IBNLCO_03143__IBNLCO_03143__gene,32.39838645762039,4.005695021556768e-08
cnv_depth__IBNLCO_02095__IBNLCO_02095__gene__promoter,32.388459023463184,4.023557663394522e-08
cnv_depth__IBNLCO_03575__IBNLCO_03575__gene__promoter,32.38791373317398,4.024541145025213e-08
cnv_depth__IBNLCO_00004__Nucleoid__CDS__promoter,32.38458193743931,4.0305556278085854e-08
cnv_depth__IBNLCO_04550__IBNLCO_04550__gene__promoter,32.38012507475318,4.038615263018315e-08
cnv_depth__IBNLCO_02546__gnl|Bakta|IBNLCO_02546__CDS,32.375155777350564,4.047620775286135e-08
cnv_depth__IBNLCO_02777__D-glycero-d-manno-heptose__CDS,32.359208587871514,4.076658069933196e-08
cnv_depth__IBNLCO_01439__Inosose__CDS__promoter,32.31557420122365,4.157190184878885e-08
cnv_depth__IBNLCO_00040__Transcriptional__CDS,32.28609819619126,4.2124996204088585e-08
cnv_depth__IBNLCO_03592__lysR__gene,32.286050673280975,4.212589391381297e-08
cnv_depth__IBNLCO_03620__IraD/Gp25-like__CDS,32.2816653431603,4.2208816252632015e-08
cnv_depth__IBNLCO_05093__IBNLCO_05093__gene,32.274676146594835,4.2341316323451485e-08
cnv_depth__IBNLCO_01585__IBNLCO_01585__gene,32.26019525350614,4.261718221184837e-08
cnv_depth__IBNLCO_03079__Putative__CDS__promoter,32.2582625212808,4.265413856901874e-08
cnv_depth__IBNLCO_05829__IBNLCO_05829__gene,32.22337267705238,4.332687621202622e-08
cnv_depth__IBNLCO_01489__hypothetical__CDS,32.196235447034155,4.3857536817628317e-08
cnv_depth__IBNLCO_01136__Glycosyltransferase__CDS,32.185589127068845,4.406751234168631e-08
cnv_depth__IBNLCO_02127__hypothetical__CDS__promoter,32.16789953567948,4.4418650391614066e-08
cnv_depth__IBNLCO_01500__IBNLCO_01500__gene,32.16400957156876,4.449624465103927e-08
cnv_depth__IBNLCO_00932__Lipopolysaccharide__CDS,32.15944795434879,4.458741112354425e-08
cnv_depth__IBNLCO_03044__Ribulose-phosphate__CDS,32.14766661559987,4.482374221711169e-08
cnv_depth__IBNLCO_02297__IBNLCO_02297__gene__promoter,32.13925899495921,4.4993171075456464e-08
cnv_depth__IBNLCO_04743__hypothetical__CDS,32.1152748275776,4.548006139148506e-08
cnv_depth__IBNLCO_05168__IBNLCO_05168__gene__promoter,32.10901620821088,4.5607988298075285e-08
cnv_depth__IBNLCO_04311__DUF1488__CDS,32.08121704450586,4.618061655596452e-08
cnv_depth__IBNLCO_03590__IBNLCO_03590__gene,32.05580115773124,4.6710509873922166e-08
cnv_depth__IBNLCO_04782__gnl|Bakta|IBNLCO_04782__CDS__promoter,32.05058597218134,4.681999840145587e-08
cnv_depth__IBNLCO_03011__Cell__CDS__promoter,32.023232240493925,4.739853033245471e-08
cnv_depth__IBNLCO_03598__IBNLCO_03598__gene,32.00060683352443,4.7882514847071696e-08
cnv_depth__IBNLCO_03476__IBNLCO_03476__gene,31.99067145584713,4.809661990450546e-08
cnv_depth__IBNLCO_03273__trnA__gene,31.971596525099518,4.8510396430024906e-08
cnv_depth__IBNLCO_03485__IBNLCO_03485__gene,31.946828623004386,4.9053040044980866e-08
cnv_depth__IBNLCO_01551__hypothetical__CDS,31.935977740262754,4.929270250810669e-08
cnv_depth__IBNLCO_02269__IBNLCO_02269__gene,31.919865200673577,4.965076412737932e-08
cnv_depth__IBNLCO_01541__SAF__CDS,31.914467426355074,4.977130336204621e-08
cnv_depth__IBNLCO_02133__gnl|Bakta|IBNLCO_02133__CDS,31.9124370631344,4.981672049878298e-08
cnv_depth__IBNLCO_03706__luxP__gene,31.89751917334572,5.0151705489635674e-08
cnv_depth__IBNLCO_03458__Flagellar__CDS,31.88894102290321,5.0345360127770256e-08
cnv_depth__IBNLCO_01427__IBNLCO_01427__gene,31.88220412528551,5.049797762038609e-08
cnv_depth__IBNLCO_02898__gnl|Bakta|IBNLCO_02898__CDS__promoter,31.873574824056664,5.069414890502423e-08
cnv_depth__IBNLCO_03026__3-demethoxyubiquinol__CDS,31.87232085433822,5.0722719628961466e-08
cnv_depth__IBNLCO_04115__hypothetical__CDS,31.871570092859255,5.073983293345876e-08
cnv_depth__IBNLCO_04254__Transcriptional__CDS,31.861071141180958,5.09797646721022e-08
cnv_depth__IBNLCO_05813__Putative__CDS,31.85231782235026,5.1180680026336634e-08
cnv_depth__IBNLCO_01684__gnl|Bakta|IBNLCO_01684__CDS__promoter,31.84395286837117,5.137342908463793e-08
cnv_depth__IBNLCO_01527__Transcriptional__CDS,31.83389751972712,5.16061003818082e-08
cnv_depth__IBNLCO_05475__IBNLCO_05475__gene__promoter,31.82008518300932,5.19274423428646e-08
cnv_depth__IBNLCO_04566__N-demethylindolmycin__CDS,31.819957678510807,5.193041811817066e-08
cnv_depth__IBNLCO_03819__IBNLCO_03819__gene,31.805518068883963,5.2268535781838195e-08
cnv_depth__IBNLCO_03111__dotU__gene,31.782546411247644,5.2811031940819925e-08
cnv_depth__IBNLCO_00343__azlC__gene,31.781284500414788,5.284099746657428e-08
cnv_depth__IBNLCO_01984__DNA__CDS,31.766440672052212,5.319477402858176e-08
cnv_depth__IBNLCO_04577__Uncharacterized__CDS__promoter,31.7371828497374,5.389910883076342e-08
cnv_depth__IBNLCO_02388__hypothetical__CDS__promoter,31.729516929616693,5.408520701967547e-08
cnv_depth__IBNLCO_02568__IBNLCO_02568__gene__promoter,31.728120003523635,5.411918874812084e-08
cnv_depth__IBNLCO_04855__hypothetical__CDS__promoter,31.65253170553992,5.599050205888622e-08
cnv_depth__IBNLCO_02821__IBNLCO_02821__gene,31.64676920122754,5.613581774512346e-08
cnv_depth__IBNLCO_04349__IBNLCO_04349__gene__promoter,31.64434053832062,5.61971765755844e-08
cnv_depth__IBNLCO_05124__IBNLCO_05124__gene,31.627802537292368,5.6616806523927056e-08
cnv_depth__IBNLCO_05692__asnC__gene__promoter,31.601256415135314,5.729701225520739e-08
cnv_depth__IBNLCO_02968__IBNLCO_02968__gene,31.580749497348158,5.78281229266825e-08
cnv_depth__IBNLCO_01843__sdpI__gene,31.579187740841885,5.786877435969455e-08
cnv_depth__IBNLCO_00095__RNA__CDS__promoter,31.548062688784437,5.868498944065343e-08
cnv_depth__IBNLCO_02776__gmhB__gene__promoter,31.53207987312802,5.9108630671190414e-08
cnv_depth__IBNLCO_00243__hypothetical__CDS__promoter,31.526073085365496,5.926864490142254e-08
cnv_depth__IBNLCO_04975__IBNLCO_04975__gene,31.518795988097146,5.946308545763888e-08
cnv_depth__IBNLCO_03167__sn-glycerol-3-phosphate-binding__CDS__promoter,31.491500710853394,6.019816502693988e-08
cnv_depth__IBNLCO_03166__sn-glycerol-3-phosphate__CDS__promoter,31.46323103181595,6.096917150927359e-08
cnv_depth__IBNLCO_04649__IBNLCO_04649__gene,31.455187049162294,6.11903759700636e-08
cnv_depth__IBNLCO_04327__Dibenzothiophene__CDS,31.44822450489615,6.138249644368999e-08
cnv_depth__IBNLCO_05249__rpoD__gene,31.441017755941033,6.158199758507535e-08
cnv_depth__IBNLCO_02431__IBNLCO_02431__gene,31.435789157703134,6.172714862429833e-08
cnv_depth__IBNLCO_03761__IBNLCO_03761__gene,31.43265695176262,6.181426733421133e-08
cnv_depth__IBNLCO_02895__Small__CDS__promoter,31.424029853899114,6.205486328934793e-08
cnv_depth__IBNLCO_03483__IBNLCO_03483__gene,31.414635614028004,6.231793036172003e-08
cnv_depth__IBNLCO_04736__Acyl-CoA__CDS__promoter,31.385408357201005,6.314361338311287e-08
cnv_depth__IBNLCO_00401__2'%2C3'-cyclic-nucleotide__CDS,31.385243002327233,6.314831605440475e-08
cnv_depth__IBNLCO_04993__type__CDS__promoter,31.372394680929382,6.351480523358813e-08
cnv_depth__IBNLCO_00907__N-acetyltransferase__CDS,31.36845699327261,6.36275548223505e-08
cnv_depth__IBNLCO_03340__IBNLCO_03340__gene,31.360566968263015,6.385408267949878e-08
cnv_depth__IBNLCO_02820__Acid__CDS__promoter,31.35974355683108,6.387777029688135e-08
cnv_depth__IBNLCO_01857__Sulfide:quinone__CDS__promoter,31.35087563425612,6.41334432950819e-08
cnv_depth__IBNLCO_00269__flgD__gene,31.335162006515116,6.458902950348309e-08
cnv_depth__IBNLCO_03468__Ketoglutarate__CDS,31.30693483867642,6.541565445761024e-08
cnv_depth__IBNLCO_02884__Holliday__CDS__promoter,31.30382289719907,6.550743885191346e-08
cnv_depth__IBNLCO_03810__HD__CDS__promoter,31.30200789572611,6.556103105898145e-08
cnv_depth__IBNLCO_03170__Shikimate__CDS__promoter,31.287588612651803,6.598837216547337e-08
cnv_depth__IBNLCO_03155__IBNLCO_03155__gene,31.253435065926222,6.70118411208892e-08
cnv_depth__IBNLCO_02992__GTPase__CDS,31.24546101736005,6.725309858800948e-08
cnv_depth__IBNLCO_04914__IBNLCO_04914__gene__promoter,31.244730155644895,6.727525492666009e-08
cnv_depth__IBNLCO_01721__hypothetical__CDS__promoter,31.239342161352898,6.743882179402944e-08
cnv_depth__IBNLCO_02923__Gamma-glutamyl__CDS,31.229818258290464,6.772892907963315e-08
cnv_depth__IBNLCO_03502__IBNLCO_03502__gene,31.210284339972336,6.832790446144387e-08
cnv_depth__IBNLCO_00489__IBNLCO_00489__gene,31.197263033022956,6.873015299667234e-08
cnv_depth__IBNLCO_04201__Multidrug__CDS__promoter,31.130265158580823,7.083798375151195e-08
cnv_depth__IBNLCO_01435__ABC__CDS__promoter,31.092611372367237,7.205117712260517e-08
cnv_depth__IBNLCO_03107__IBNLCO_03107__gene,31.08521867949251,7.229182295873687e-08
cnv_depth__IBNLCO_05773__IBNLCO_05773__gene__promoter,31.0442539804593,7.364010098090305e-08
cnv_depth__IBNLCO_01149__Carbonic__CDS__promoter,31.043325897047236,7.36709398578379e-08
cnv_depth__IBNLCO_03039__Phenylacetic__CDS__promoter,31.033933238328608,7.398377998091381e-08
cnv_depth__IBNLCO_01548__IBNLCO_01548__gene__promoter,31.027607187354246,7.419523745141408e-08
cnv_depth__IBNLCO_05668__IBNLCO_05668__gene__promoter,31.022546271768725,7.436484574066791e-08
cnv_depth__IBNLCO_05756__Fusion__CDS__promoter,31.002862701119625,7.502824331659391e-08
cnv_depth__IBNLCO_03572__IBNLCO_03572__gene__promoter,31.00037813270808,7.511240513647632e-08
cnv_depth__IBNLCO_02196__FAD-dependent__CDS,30.99536239616252,7.528259819089179e-08
cnv_depth__IBNLCO_04744__IBNLCO_04744__gene__promoter,30.98365101323102,7.568150601033361e-08
cnv_depth__IBNLCO_03819__IBNLCO_03819__gene__promoter,30.973979430665757,7.601254552411591e-08
cnv_depth__IBNLCO_03071__IBNLCO_03071__gene,30.97071710013259,7.612453859693513e-08
cnv_depth__IBNLCO_02290__Nicotinamide-nucleotide__CDS,30.944113877834326,7.704405337941968e-08
cnv_depth__IBNLCO_02519__IBNLCO_02519__gene,30.928444043391362,7.759091224832916e-08
cnv_depth__IBNLCO_03016__IBNLCO_03016__gene__promoter,30.92545903907132,7.769552948765625e-08
cnv_depth__IBNLCO_00592__IBNLCO_00592__gene__promoter,30.92331270869045,7.777084133163695e-08
cnv_depth__IBNLCO_01940__IBNLCO_01940__gene,30.917375289418228,7.797956203341045e-08
cnv_depth__IBNLCO_02684__IBNLCO_02684__gene__promoter,30.91533549562836,7.805139840667612e-08
cnv_depth__IBNLCO_02918__Gluconate__CDS__promoter,30.902125533491166,7.851824206209157e-08
cnv_depth__IBNLCO_00523__IBNLCO_00523__gene__promoter,30.889922096478056,7.895202284616211e-08
cnv_depth__IBNLCO_05435__TetR-family__CDS__promoter,30.885408240660837,7.9113084455775e-08
cnv_depth__IBNLCO_00606__IBNLCO_00606__gene,30.870235014493186,7.965692825037686e-08
cnv_depth__IBNLCO_04917__IBNLCO_04917__gene,30.86613479844583,7.980453709035387e-08
cnv_depth__IBNLCO_03622__tssG__gene__promoter,30.857452574527503,8.011801269724391e-08
cnv_depth__IBNLCO_00543__Potassium__CDS__promoter,30.84896121223585,8.04258011599313e-08
cnv_depth__IBNLCO_03382__Aspartate__CDS__promoter,30.844546814220532,8.058628285099953e-08
cnv_depth__IBNLCO_01525__Multidrug__CDS,30.81326380936814,8.173286379858317e-08
cnv_depth__IBNLCO_03292__IBNLCO_03292__gene__promoter,30.806534388009094,8.198165719631338e-08
cnv_depth__IBNLCO_03358__IBNLCO_03358__gene,30.79204307016152,8.252001814633869e-08
cnv_depth__IBNLCO_04463__Divalent__CDS,30.768748595067986,8.33929219432908e-08
cnv_depth__IBNLCO_04459__IBNLCO_04459__gene__promoter,30.76823177238467,8.34123941001184e-08
cnv_depth__IBNLCO_00185__Exodeoxyribonuclease__CDS__promoter,30.759695650738056,8.373467241453915e-08
cnv_depth__IBNLCO_03924__Inner__CDS,30.739512945235088,8.450167907162463e-08
cnv_depth__IBNLCO_01713__Major__CDS,30.72474520420535,8.506739620920968e-08
cnv_depth__IBNLCO_03566__IBNLCO_03566__gene__promoter,30.696617336009353,8.61555214802286e-08
cnv_depth__IBNLCO_03624__IBNLCO_03624__gene,30.68299877914599,8.668739936812386e-08
cnv_depth__IBNLCO_05316__DUF2384__CDS__promoter,30.66253137801138,8.749301141980277e-08
cnv_depth__IBNLCO_03599__IBNLCO_03599__gene__promoter,30.650718979574254,8.796139630801645e-08
cnv_depth__IBNLCO_04088__IBNLCO_04088__gene__promoter,30.650406082677907,8.797383768854567e-08
cnv_depth__IBNLCO_00078__Ribonuclease__CDS,30.64030043073142,8.837661573841686e-08
cnv_depth__IBNLCO_04317__UspA__CDS,30.62890330257981,8.883310507106426e-08
cnv_depth__IBNLCO_02242__Putative__CDS,30.628073020686543,8.886645336377358e-08
cnv_depth__IBNLCO_00522__IBNLCO_00522__gene__promoter,30.625880149615956,8.895459094864862e-08
cnv_depth__IBNLCO_04335__phosphodiesterase__CDS__promoter,30.59733014029481,9.011019275502124e-08
cnv_depth__IBNLCO_00488__IBNLCO_00488__gene__promoter,30.57813151055706,9.089580701335989e-08
cnv_depth__IBNLCO_03704__IBNLCO_03704__gene,30.57367283495556,9.107924605640859e-08
cnv_depth__IBNLCO_02062__IBNLCO_02062__gene__promoter,30.57052246512449,9.120908431106714e-08
cnv_depth__IBNLCO_04184__yraA__gene__promoter,30.5450135066192,9.226731690469686e-08
cnv_depth__IBNLCO_03729__IBNLCO_03729__gene,30.54158539067896,9.241047439322986e-08
cnv_depth__IBNLCO_01472__IBNLCO_01472__gene,30.531882418563356,9.28168870925142e-08
cnv_depth__IBNLCO_03252__hypothetical__CDS__promoter,30.491524617308787,9.452676887188128e-08
cnv_depth__IBNLCO_03501__H-NS__CDS,30.47712136951211,9.514468736587693e-08
cnv_depth__IBNLCO_02841__IBNLCO_02841__gene,30.461308523806977,9.582778321710885e-08
cnv_depth__IBNLCO_00084__Lipoprotein-attachment__CDS__promoter,30.45537420648068,9.608541613940344e-08
cnv_depth__IBNLCO_01227__Fe(3+)__CDS,30.432435359873264,9.708788697858348e-08
cnv_depth__IBNLCO_05013__SctT__CDS,30.422959892640307,9.750506247382986e-08
cnv_depth__IBNLCO_00187__yqhC__gene,30.420503085110678,9.761352363448687e-08
cnv_depth__IBNLCO_04003__HTH-type__CDS,30.413324684834688,9.793112918685298e-08
cnv_depth__IBNLCO_04807__IBNLCO_04807__gene,30.37202836841998,9.977866864742934e-08
cnv_depth__IBNLCO_03206__Large__CDS__promoter,30.36745592213514,9.998538835721978e-08
cnv_depth__IBNLCO_00489__IBNLCO_00489__gene__promoter,30.366871188435166,1.0001185529810762e-07
cnv_depth__IBNLCO_01481__IBNLCO_01481__gene,30.35909708771828,1.0036441005644904e-07
cnv_depth__IBNLCO_04944__FAD:protein__CDS__promoter,30.35763420827751,1.004308918261415e-07
cnv_depth__IBNLCO_03375__IBNLCO_03375__gene,30.304890546572008,1.0285784656250977e-07
cnv_depth__IBNLCO_03498__IBNLCO_03498__gene__promoter,30.301751954500798,1.0300412141086977e-07
cnv_depth__IBNLCO_03092__hlyD__gene,30.29883624776045,1.0314019705182019e-07
cnv_depth__IBNLCO_00993__gnl|Bakta|IBNLCO_00993__CDS,30.278858527123617,1.0407745593804069e-07
cnv_depth__IBNLCO_03373__IBNLCO_03373__gene__promoter,30.26879641457175,1.0455277780202803e-07
cnv_depth__IBNLCO_00848__gnl|Bakta|IBNLCO_00848__CDS,30.26362728705038,1.0479781371515407e-07
cnv_depth__IBNLCO_05317__hypothetical__CDS__promoter,30.24553443767695,1.0566006377572819e-07
cnv_depth__IBNLCO_05793__IBNLCO_05793__gene,30.238798091037573,1.0598292670866478e-07
cnv_depth__IBNLCO_02008__Glucose-6-phosphate__CDS,30.22821470372355,1.064921881162553e-07
cnv_depth__IBNLCO_02833__IBNLCO_02833__gene__promoter,30.227629168898936,1.065204355446766e-07
cnv_depth__IBNLCO_01542__IBNLCO_01542__gene__promoter,30.2112206001134,1.0731510720414227e-07
cnv_depth__IBNLCO_04782__IBNLCO_04782__gene,30.199466413325645,1.0788804783839672e-07
cnv_depth__IBNLCO_04653__hypothetical__CDS__promoter,30.193259452234035,1.0819184369466875e-07
cnv_depth__IBNLCO_03471__IBNLCO_03471__gene__promoter,30.189696952897627,1.0836659848365124e-07
cnv_depth__IBNLCO_00550__Major__CDS,30.177146649702653,1.089845174616394e-07
cnv_depth__IBNLCO_04038__High-affinity__CDS,30.164465581845196,1.0961249284806469e-07
cnv_depth__IBNLCO_01889__DUF465__CDS,30.157053690278747,1.0998122751513762e-07
cnv_depth__IBNLCO_03176__cyaY__gene__promoter,30.115506972794318,1.1207147681951294e-07
cnv_depth__IBNLCO_01992__Thioesterase__CDS,30.09993047083096,1.1286545500188729e-07
cnv_depth__IBNLCO_05270__IBNLCO_05270__gene,30.091440681552683,1.1330059539082288e-07
cnv_depth__IBNLCO_01890__IBNLCO_01890__gene,30.020072698490974,1.170262432109605e-07
cnv_depth__IBNLCO_01400__hypothetical__CDS,30.009661547865466,1.1757999788750007e-07
cnv_depth__IBNLCO_01737__Carrier__CDS__promoter,30.00155167331754,1.1801318574793072e-07
cnv_depth__IBNLCO_03110__Type__CDS__promoter,29.998672493610773,1.181673645302434e-07
cnv_depth__IBNLCO_05679__IBNLCO_05679__gene,29.990102764047524,1.1862747586680252e-07
cnv_depth__IBNLCO_04197__Methyl-accepting__CDS__promoter,29.98604076527204,1.1884619808444328e-07
cnv_depth__IBNLCO_03337__gnl|Bakta|IBNLCO_03337__CDS__promoter,29.974804442363443,1.1945335476712586e-07
cnv_depth__IBNLCO_01842__hypothetical__CDS,29.935367499309862,1.2160926432944104e-07
cnv_depth__IBNLCO_02161__trnD__gene__promoter,29.915238778468968,1.2272476663406214e-07
cnv_depth__IBNLCO_02602__ribD__gene__promoter,29.914036175735404,1.227917395603268e-07
cnv_depth__IBNLCO_00637__IBNLCO_00637__gene,29.904804129533073,1.2330710416693348e-07
cnv_depth__IBNLCO_03126__Sec-independent__CDS__promoter,29.87719781079751,1.2486126785275774e-07
cnv_depth__IBNLCO_04636__IBNLCO_04636__gene,29.841008633919675,1.2692866447199197e-07
cnv_depth__IBNLCO_02072__Hydantoin__CDS__promoter,29.839048375471783,1.270416320963818e-07
cnv_depth__IBNLCO_05612__cysteine__CDS,29.82356371656685,1.279375769243439e-07
cnv_depth__IBNLCO_05849__Putative__CDS,29.805522819177433,1.2898948669429563e-07
cnv_depth__IBNLCO_03130__Transmembrane__CDS,29.798992357994578,1.293724097555168e-07
cnv_depth__IBNLCO_02228__IBNLCO_02228__gene__promoter,29.782767031966785,1.3032878776980037e-07
cnv_depth__IBNLCO_01406__Spore__CDS,29.771066648471002,1.3102288251982652e-07
cnv_depth__IBNLCO_04729__IBNLCO_04729__gene,29.743886726881605,1.326497201718943e-07
cnv_depth__IBNLCO_04505__SDR__CDS__promoter,29.721237831560128,1.3402094591002863e-07
cnv_depth__IBNLCO_03278__Ribosomal__CDS,29.709862354969413,1.3471504562104056e-07
cnv_depth__IBNLCO_02079__Major__CDS,29.707252388102194,1.3487481040088414e-07
cnv_depth__IBNLCO_01685__IBNLCO_01685__gene,29.705682414148928,1.3497100600033687e-07
cnv_depth__IBNLCO_04685__IBNLCO_04685__gene,29.694056710267972,1.356854992220406e-07
cnv_depth__IBNLCO_02145__IBNLCO_02145__gene,29.692465646329577,1.3578357995680717e-07
cnv_depth__IBNLCO_04099__terpene__CDS,29.681278647575777,1.3647522644632703e-07
cnv_depth__IBNLCO_01452__histidine__CDS__promoter,29.651058039709785,1.3836150424524408e-07
cnv_depth__IBNLCO_03255__Orotate__CDS__promoter,29.6105545301451,1.4093101810858056e-07
cnv_depth__IBNLCO_05066__hipB__gene,29.596077142395387,1.418611122458463e-07
cnv_depth__IBNLCO_02937__IBNLCO_02937__gene__promoter,29.570947608041827,1.4349030972571785e-07
cnv_depth__IBNLCO_03013__Cell__CDS__promoter,29.543549189415092,1.4528816922999907e-07
cnv_depth__IBNLCO_05216__Aconitate__CDS__promoter,29.528509163179145,1.4628474712533295e-07
cnv_depth__IBNLCO_00583__IBNLCO_00583__gene__promoter,29.502425923798395,1.4802948255503444e-07
cnv_depth__IBNLCO_03609__LysR__CDS__promoter,29.49590732861953,1.4846879469503892e-07
cnv_depth__IBNLCO_02913__IBNLCO_02913__gene,29.48941760579312,1.4890747044166358e-07
cnv_depth__IBNLCO_05815__nreB__gene,29.477857962193113,1.4969209833892885e-07
cnv_depth__IBNLCO_04937__Inner__CDS,29.467886393861644,1.5037229067693257e-07
cnv_depth__IBNLCO_01012__IBNLCO_01012__gene,29.45821692730134,1.5103485995536448e-07
cnv_depth__IBNLCO_01842__hypothetical__CDS__promoter,29.453861322265922,1.5133427733301637e-07
cnv_depth__IBNLCO_02777__wcbM__gene__promoter,29.448735454665776,1.516874136784851e-07
cnv_depth__IBNLCO_04255__ABC__CDS,29.426993747678527,1.5319455021514306e-07
cnv_depth__IBNLCO_00066__IBNLCO_00066__gene__promoter,29.42158188417169,1.535720485304341e-07
cnv_depth__IBNLCO_01847__Transcriptional__CDS,29.40572481382833,1.5468356412291712e-07
cnv_depth__IBNLCO_03831__IBNLCO_03831__gene,29.403499734490154,1.5484018246765756e-07
cnv_depth__IBNLCO_00068__IBNLCO_00068__gene,29.39922213913098,1.5514172333743201e-07
cnv_depth__IBNLCO_01886__Pseudouridine__CDS__promoter,29.396197250555044,1.5535531534988626e-07
cnv_depth__IBNLCO_02892__Disulfide-bond__CDS__promoter,29.392691426868247,1.5560323893001045e-07
cnv_depth__IBNLCO_03975__tssC1__gene__promoter,29.380370349480437,1.5647773413545314e-07
cnv_depth__IBNLCO_00065__IBNLCO_00065__gene,29.343630098962194,1.591150070573854e-07
cnv_depth__IBNLCO_03470__IBNLCO_03470__gene__promoter,29.323353211249145,1.6058971322818906e-07
cnv_depth__IBNLCO_00392__IBNLCO_00392__gene__promoter,29.315300619982523,1.6117919227827973e-07
cnv_depth__IBNLCO_04986__vgrG5__gene,29.303347714187932,1.6205822493664588e-07
cnv_depth__IBNLCO_02466__Dihydrofolate__CDS,29.29837446494822,1.6242539074913437e-07
cnv_depth__IBNLCO_03615__tssC1__gene,29.26427525441222,1.6496562892651243e-07
cnv_depth__IBNLCO_02543__IBNLCO_02543__gene,29.25191858617812,1.6589602841698017e-07
cnv_depth__IBNLCO_01988__NRDE__CDS,29.248834105182276,1.6612910177079224e-07
cnv_depth__IBNLCO_02520__IBNLCO_02520__gene__promoter,29.248221629359378,1.6617542180590673e-07
cnv_depth__IBNLCO_02921__IBNLCO_02921__gene__promoter,29.24120582751591,1.6670694196697986e-07
cnv_depth__IBNLCO_00462__IBNLCO_00462__gene,29.203382914778917,1.6960217734743126e-07
cnv_depth__IBNLCO_00580__IBNLCO_00580__gene,29.182745084596498,1.7120332844175508e-07
cnv_depth__IBNLCO_05771__2-oxoisovalerate__CDS__promoter,29.172688203506077,1.7198910431260696e-07
cnv_depth__IBNLCO_01240__EamA__CDS,29.169791275731534,1.7221612616461656e-07
cnv_depth__IBNLCO_02517__IBNLCO_02517__gene,29.159957024419207,1.729890637151649e-07
cnv_depth__IBNLCO_04926__IBNLCO_04926__gene__promoter,29.159526230119628,1.7302300270639722e-07
cnv_depth__IBNLCO_03573__SnoaL-like__CDS__promoter,29.148811751175003,1.7386928404808257e-07
cnv_depth__IBNLCO_03967__phosphoenolpyruvate__CDS__promoter,29.146754561150985,1.7403224915209677e-07
cnv_depth__IBNLCO_00085__Transmembrane__CDS,29.11431953146717,1.7662217517150292e-07
cnv_depth__IBNLCO_02930__IBNLCO_02930__gene__promoter,29.095235079786484,1.7816423755893967e-07
cnv_depth__IBNLCO_01407__IBNLCO_01407__gene,29.083896349851166,1.7908686920481463e-07
cnv_depth__IBNLCO_02591__IBNLCO_02591__gene__promoter,29.083328742987447,1.7913318209473462e-07
cnv_depth__IBNLCO_01897__IBNLCO_01897__gene__promoter,29.078708235881194,1.795106350806875e-07
cnv_depth__IBNLCO_03217__Small__CDS,29.068231600676956,1.8036946149567926e-07
cnv_depth__IBNLCO_00388__DUF3567__CDS,29.057316100398264,1.8126868361266808e-07
cnv_depth__IBNLCO_03424__IBNLCO_03424__gene__promoter,29.053203109313905,1.816086875817008e-07
cnv_depth__IBNLCO_04644__IBNLCO_04644__gene__promoter,29.017789693201838,1.8456297605737926e-07
cnv_depth__IBNLCO_04950__IBNLCO_04950__gene,29.010252502274504,1.851979954655278e-07
cnv_depth__IBNLCO_01469__IBNLCO_01469__gene,28.968842041609037,1.8872650752122856e-07
cnv_depth__IBNLCO_03785__doxX__gene__promoter,28.96572301146236,1.8899501140665948e-07
cnv_depth__IBNLCO_05258__Exodeoxyribonuclease__CDS__promoter,28.956804844884125,1.897648709696396e-07
cnv_depth__IBNLCO_03675__IBNLCO_03675__gene,28.92402481880347,1.9262195123996734e-07
cnv_depth__IBNLCO_05090__hypothetical__CDS,28.923435387595298,1.9267372172020066e-07
cnv_depth__IBNLCO_03073__IBNLCO_03073__gene__promoter,28.918712452203433,1.930890513567379e-07
cnv_depth__IBNLCO_00967__IBNLCO_00967__gene__promoter,28.91178279221256,1.9370007693002492e-07
cnv_depth__IBNLCO_04148__hypothetical__CDS__promoter,28.902247609475992,1.9454404276435183e-07
cnv_depth__IBNLCO_05026__type__CDS__promoter,28.87335071651517,1.97124504452951e-07
cnv_depth__IBNLCO_05758__Phosphatidylserine__CDS,28.861384449123523,1.9820318688807927e-07
cnv_depth__IBNLCO_02155__(S)-2-haloacid__CDS,28.822093200168187,2.0178719381717037e-07
cnv_depth__IBNLCO_01453__hypothetical__CDS__promoter,28.816089502327166,2.0234057211799167e-07
cnv_depth__IBNLCO_04293__IBNLCO_04293__gene,28.807682097987065,2.031180870011314e-07
cnv_depth__IBNLCO_00344__IBNLCO_00344__gene,28.80616154164942,2.0325902996220402e-07
cnv_depth__IBNLCO_02904__SHSP__CDS__promoter,28.805519456153178,2.0331857565296562e-07
cnv_depth__IBNLCO_02666__IBNLCO_02666__gene,28.794062207100367,2.043840677391297e-07
cnv_depth__IBNLCO_05212__IBNLCO_05212__gene__promoter,28.791865943872473,2.0458895802790377e-07
cnv_depth__IBNLCO_00932__lptF__gene__promoter,28.777894529866597,2.0589722863209512e-07
cnv_depth__IBNLCO_03134__IBNLCO_03134__gene__promoter,28.774151543257098,2.0624915296497146e-07
cnv_depth__IBNLCO_02967__IBNLCO_02967__gene,28.76531743952167,2.0708216965467434e-07
cnv_depth__IBNLCO_04696__ugpC__gene,28.73895822111868,2.0958800148535897e-07
cnv_depth__IBNLCO_00292__IBNLCO_00292__gene,28.732151729496433,2.1024002480108995e-07
cnv_depth__IBNLCO_02747__tolB__gene,28.73116698124477,2.103345277838469e-07
cnv_depth__IBNLCO_04498__IBNLCO_04498__gene__promoter,28.7019538579335,2.131576359112461e-07
cnv_depth__IBNLCO_02003__IBNLCO_02003__gene,28.697658916219314,2.1357591043118228e-07
cnv_depth__IBNLCO_03604__IBNLCO_03604__gene__promoter,28.64398618412661,2.188735044375831e-07
cnv_depth__IBNLCO_01533__IBNLCO_01533__gene__promoter,28.641073806367388,2.191647326420368e-07
cnv_depth__IBNLCO_04585__IBNLCO_04585__gene,28.638117224504953,2.1946078189828687e-07
cnv_depth__IBNLCO_02549__Cold-shock__CDS,28.618098272595535,2.2147599147073847e-07
cnv_depth__IBNLCO_01099__plcR__gene,28.616548842203898,2.2163274298422875e-07
cnv_depth__IBNLCO_03843__eamA__gene__promoter,28.57770359955418,2.2559948080754332e-07
cnv_depth__IBNLCO_01879__gnl|Bakta|IBNLCO_01879__CDS__promoter,28.577370989343304,2.2563375394489262e-07
cnv_depth__IBNLCO_03005__ATP-binding__CDS,28.561568768474803,2.272681428412875e-07
cnv_depth__IBNLCO_00956__IBNLCO_00956__gene,28.554740777420616,2.2797804569498072e-07
cnv_depth__IBNLCO_01213__cyclic__CDS,28.53368153161437,2.3018171908791625e-07
cnv_depth__IBNLCO_04589__IBNLCO_04589__gene,28.529653403533732,2.3060567653830364e-07
cnv_depth__IBNLCO_05029__Type__CDS,28.522756652409146,2.3133338846049373e-07
cnv_depth__IBNLCO_04541__Cobalt-zinc-cadmium__CDS__promoter,28.522650839021793,2.3134457144624471e-07
cnv_depth__IBNLCO_01549__DUF2134__CDS,28.51576292048349,2.3207370464404706e-07
cnv_depth__IBNLCO_00355__IBNLCO_00355__gene__promoter,28.504745669278485,2.332447898918149e-07
cnv_depth__IBNLCO_03486__N-6__CDS,28.4997154019625,2.3378147034043364e-07
cnv_depth__IBNLCO_03077__IBNLCO_03077__gene__promoter,28.497933973140867,2.3397183066710273e-07
cnv_depth__IBNLCO_01589__DUF559__CDS,28.49551548479787,2.342305168986805e-07
cnv_depth__IBNLCO_05680__IBNLCO_05680__gene__promoter,28.48515558645598,2.3534190865353198e-07
cnv_depth__IBNLCO_00074__DNA__CDS__promoter,28.48010446033367,2.3588571679455687e-07
cnv_depth__IBNLCO_00905__IBNLCO_00905__gene,28.472770615269386,2.3667754673686047e-07
cnv_depth__IBNLCO_02290__pncC__gene__promoter,28.45905353447566,2.381657921303967e-07
cnv_depth__IBNLCO_00795__gnl|Bakta|IBNLCO_00795__CDS__promoter,28.3648174159082,2.4864907940565587e-07
cnv_depth__IBNLCO_04096__gnl|Bakta|IBNLCO_04096__CDS,28.35136493272539,2.501831957726249e-07
cnv_depth__IBNLCO_02946__IBNLCO_02946__gene,28.347278984943454,2.506510481139271e-07
cnv_depth__IBNLCO_04706__uroporphyrinogen-III__CDS__promoter,28.326935147719922,2.5299367548997847e-07
cnv_depth__IBNLCO_01717__cheW__gene,28.32172790011129,2.535968494706565e-07
cnv_depth__IBNLCO_03365__IBNLCO_03365__gene,28.315628931377436,2.543051639324363e-07
cnv_depth__IBNLCO_03526__IBNLCO_03526__gene__promoter,28.313769785457154,2.545214767067476e-07
cnv_depth__IBNLCO_01848__hlyD__gene,28.3036825381636,2.5569838162705685e-07
cnv_depth__IBNLCO_00895__L-aspartate__CDS__promoter,28.293229056896582,2.569238227162203e-07
cnv_depth__IBNLCO_02983__gnl|Bakta|IBNLCO_02983__CDS,28.29251547797229,2.5700769038148917e-07
cnv_depth__IBNLCO_04701__hypothetical__CDS__promoter,28.290416056993937,2.572545980576437e-07
cnv_depth__IBNLCO_03285__IBNLCO_03285__gene__promoter,28.269398660572623,2.597396607837982e-07
cnv_depth__IBNLCO_04571__IBNLCO_04571__gene__promoter,28.2674894239265,2.599666050384101e-07
cnv_depth__IBNLCO_04403__IBNLCO_04403__gene,28.25342745893891,2.616442899599015e-07
cnv_depth__IBNLCO_03009__UDP-3-O-acyl-N-acetylglucosamine__CDS__promoter,28.249719595200094,2.6208848363588536e-07
cnv_depth__IBNLCO_05059__Cellulose__CDS__promoter,28.240007168833323,2.6325562846831897e-07
cnv_depth__IBNLCO_02809__dnaK__gene__promoter,28.2237713404947,2.6521844093440947e-07
cnv_depth__IBNLCO_01571__HTH__CDS,28.2192448658321,2.65768297408227e-07
cnv_depth__IBNLCO_00308__IBNLCO_00308__gene__promoter,28.208705879444263,2.6705299834515727e-07
cnv_depth__IBNLCO_00087__IBNLCO_00087__gene__promoter,28.200385894082576,2.680716375778447e-07
cnv_depth__IBNLCO_01130__Citrate-proton__CDS,28.200214879595173,2.680926165211405e-07
cnv_depth__IBNLCO_00408__Xaa-Pro__CDS__promoter,28.198699982204488,2.6827852676830967e-07
cnv_depth__IBNLCO_03018__IBNLCO_03018__gene__promoter,28.186182759070757,2.6981965454145e-07
cnv_depth__IBNLCO_04906__HTH-type__CDS,28.178449168011003,2.70776289738384e-07
cnv_depth__IBNLCO_01282__HTH-type__CDS,28.172431130215095,2.7152308550623714e-07
cnv_depth__IBNLCO_00257__IBNLCO_00257__gene,28.1549003372783,2.737104243095563e-07
cnv_depth__IBNLCO_05150__IBNLCO_05150__gene__promoter,28.143937548742006,2.750873116523239e-07
cnv_depth__IBNLCO_05094__HTH__CDS,28.128374994067546,2.7705395103048863e-07
cnv_depth__IBNLCO_03842__UPF0114__CDS,28.11133252812821,2.792239211965763e-07
cnv_depth__IBNLCO_02756__gnl|Bakta|IBNLCO_02756__CDS,28.10878521494191,2.7954973671294957e-07
cnv_depth__IBNLCO_02911__Glutamate/aspartate__CDS__promoter,28.107938361084326,2.7965813915491987e-07
cnv_depth__IBNLCO_00453__Cytochrome__CDS,28.093103029165963,2.8156406156157046e-07
cnv_depth__IBNLCO_01662__TauD/TfdA-like__CDS__promoter,28.087318358872913,2.8231078331811844e-07
cnv_depth__IBNLCO_01204__IBNLCO_01204__gene,28.0715294693426,2.8435912116440145e-07
cnv_depth__IBNLCO_04982__Type__CDS,28.04504495715531,2.878288392907747e-07
cnv_depth__IBNLCO_01255__IBNLCO_01255__gene__promoter,28.031678705497207,2.8959616698769337e-07
cnv_depth__IBNLCO_01009__gnl|Bakta|IBNLCO_01009__CDS__promoter,27.995431877911304,2.9444426568828743e-07
cnv_depth__IBNLCO_04220__Fusaric__CDS,27.970983404995195,2.977605773488726e-07
cnv_depth__IBNLCO_03041__IBNLCO_03041__gene,27.957436545204835,2.996143770981429e-07
cnv_depth__IBNLCO_03727__IBNLCO_03727__gene__promoter,27.95363634285769,3.001365032272499e-07
cnv_depth__IBNLCO_04591__hypothetical__CDS,27.945368860106733,3.0127558872122255e-07
cnv_depth__IBNLCO_04943__NADPH--hemoprotein__CDS,27.92735480741947,3.037727105259421e-07
cnv_depth__IBNLCO_02969__IBNLCO_02969__gene,27.923674795747043,3.0428540556928824e-07
cnv_depth__IBNLCO_03499__Type__CDS,27.92205577681587,3.045112425253295e-07
cnv_depth__IBNLCO_02511__IBNLCO_02511__gene__promoter,27.921354505661068,3.0460911544156817e-07
cnv_depth__IBNLCO_04985__tssH-5__gene,27.900259441697752,3.075681664627074e-07
cnv_depth__IBNLCO_03843__EamA__CDS,27.895321234740624,3.0826504816900147e-07
cnv_depth__IBNLCO_02706__cntO__gene__promoter,27.871945545685644,3.1158556576949513e-07
cnv_depth__IBNLCO_01343__Galactose__CDS,27.857272216411463,3.1368836761218036e-07
cnv_depth__IBNLCO_03147__hypothetical__CDS,27.846331196149084,3.1526563536899194e-07
cnv_depth__IBNLCO_00113__DprA__CDS,27.830365454073345,3.1758167409639214e-07
cnv_depth__IBNLCO_01969__2-oxo-tetronate__CDS__promoter,27.825908418052737,3.1823129189893964e-07
cnv_depth__IBNLCO_04716__hypothetical__CDS,27.818549608119476,3.1930678855369783e-07
cnv_depth__IBNLCO_00658__IBNLCO_00658__gene,27.815822025432684,3.197063602374303e-07
cnv_depth__IBNLCO_04432__Voltage-gated__CDS,27.808802318921348,3.2073702461935076e-07
cnv_depth__IBNLCO_00271__flgF__gene,27.802209931067438,3.217080074844763e-07
cnv_depth__IBNLCO_04146__Dibenzothiophene__CDS,27.79087880538912,3.233839028487315e-07
cnv_depth__IBNLCO_03951__Chitin-binding__CDS__promoter,27.784737957075084,3.242958321433538e-07
cnv_depth__IBNLCO_00873__IBNLCO_00873__gene__promoter,27.76712866321002,3.2692529730537276e-07
cnv_depth__IBNLCO_01667__DUF1993__CDS,27.765681238060772,3.2714238713588386e-07
cnv_depth__IBNLCO_05582__IBNLCO_05582__gene,27.753768084073904,3.289347098118489e-07
cnv_depth__IBNLCO_00263__IBNLCO_00263__gene,27.75107745118253,3.2934088570608486e-07
cnv_depth__IBNLCO_02792__IBNLCO_02792__gene__promoter,27.74568564174854,3.3015635637807655e-07
cnv_depth__IBNLCO_05330__UDP-glucose:undecaprenyl-phosphate__CDS,27.745412594176287,3.301977070496413e-07
cnv_depth__IBNLCO_00321__IBNLCO_00321__gene,27.728895673289987,3.327088156917681e-07
cnv_depth__IBNLCO_01986__Endolytic__CDS__promoter,27.66382710912511,3.427906983031457e-07
cnv_depth__IBNLCO_02055__gnl|Bakta|IBNLCO_02055__CDS,27.65927866976094,3.435068918377568e-07
cnv_depth__IBNLCO_04299__IBNLCO_04299__gene__promoter,27.654431530252456,3.44271784079587e-07
cnv_depth__IBNLCO_00337__IBNLCO_00337__gene,27.641634243681786,3.4629951897942824e-07
cnv_depth__IBNLCO_01317__pstS__gene__promoter,27.63352081324124,3.475913468448807e-07
cnv_depth__IBNLCO_04946__IBNLCO_04946__gene,27.628532799134987,3.4838796091834817e-07
cnv_depth__IBNLCO_03414__ncS01__gene__promoter,27.624548047354647,3.490256747249653e-07
cnv_depth__IBNLCO_04897__L-threonate__CDS,27.62446138126281,3.4903955774732895e-07
cnv_depth__IBNLCO_04745__hypothetical__CDS,27.624399541890405,3.490494641243068e-07
cnv_depth__IBNLCO_02347__IBNLCO_02347__gene,27.62324568136698,3.492343593170553e-07
cnv_depth__IBNLCO_01426__Alanine--tRNA__CDS,27.617641605221532,3.501337689675753e-07
cnv_depth__IBNLCO_05210__IBNLCO_05210__gene__promoter,27.607076119575098,3.518358215796964e-07
cnv_depth__IBNLCO_04870__hypothetical__CDS,27.605515236165555,3.520879813372745e-07
cnv_depth__IBNLCO_05604__3-oxoacyl-[acyl-carrier-protein]__CDS__promoter,27.598958734187566,3.531491779403661e-07
cnv_depth__IBNLCO_04282__IBNLCO_04282__gene,27.586333580996325,3.552017302279659e-07
cnv_depth__IBNLCO_05164__gnl|Bakta|IBNLCO_05164__CDS,27.584746746949957,3.5546056406926285e-07
cnv_depth__IBNLCO_04795__Putative__CDS__promoter,27.565724738081727,3.585781960584716e-07
cnv_depth__IBNLCO_00655__IBNLCO_00655__gene__promoter,27.53678418258633,3.6337456503476704e-07
cnv_depth__IBNLCO_02351__SUF__CDS,27.524989489068314,3.6534788204983425e-07
cnv_depth__IBNLCO_00331__asnC__gene,27.490772741707055,3.71134072846141e-07
cnv_depth__IBNLCO_00031__fliQ__gene,27.486766661244257,3.7181754987906917e-07
cnv_depth__IBNLCO_03043__apaG__gene,27.485762252751105,3.7198911141022493e-07
cnv_depth__IBNLCO_02920__IBNLCO_02920__gene__promoter,27.481119318392913,3.727832050906283e-07
cnv_depth__IBNLCO_04343__IBNLCO_04343__gene,27.48033639754741,3.729172789827711e-07
cnv_depth__IBNLCO_03452__IBNLCO_03452__gene,27.464706879934415,3.7560403536931634e-07
cnv_depth__IBNLCO_04625__IBNLCO_04625__gene,27.459713711692793,3.76466493853308e-07
cnv_depth__IBNLCO_05817__mlaC__gene__promoter,27.459078693592787,3.7657632252343026e-07
cnv_depth__IBNLCO_00288__IBNLCO_00288__gene__promoter,27.442705409348353,3.79419357276191e-07
cnv_depth__IBNLCO_04417__Haloacetate__CDS,27.442461969264055,3.794617912459386e-07
cnv_depth__IBNLCO_05610__gnl|Bakta|IBNLCO_05610__CDS,27.422947299595855,3.828790474382818e-07
cnv_depth__IBNLCO_01747__Transmembrane__CDS,27.410626982818624,3.8505249484357236e-07
cnv_depth__IBNLCO_01357__IBNLCO_01357__gene__promoter,27.39696178781183,3.874777928621149e-07
cnv_depth__IBNLCO_05367__Haloacid__CDS__promoter,27.39119542608936,3.8850583584412043e-07
cnv_depth__IBNLCO_01718__EamA__CDS,27.383908550070274,3.898089066903624e-07
cnv_depth__IBNLCO_01701__IBNLCO_01701__gene__promoter,27.34737430332934,3.9640906145700506e-07
cnv_depth__IBNLCO_00762__xerC__gene,27.341375204087637,3.975035914267439e-07
cnv_depth__IBNLCO_05648__Succinyl-CoA--L-malate__CDS,27.340611720606436,3.976431073224654e-07
cnv_depth__IBNLCO_04537__IBNLCO_04537__gene__promoter,27.33600845053409,3.9848534037547816e-07
cnv_depth__IBNLCO_00374__Carbonic__CDS,27.319117252536785,4.015913082637907e-07
cnv_depth__IBNLCO_04152__Thioester__CDS,27.315956476606193,4.021752281627029e-07
cnv_depth__IBNLCO_01373__IBNLCO_01373__gene,27.312506734668936,4.0281351149569397e-07
cnv_depth__IBNLCO_00029__fliO__gene,27.31125854038253,4.0304470908554035e-07
cnv_depth__IBNLCO_00986__IBNLCO_00986__gene__promoter,27.302219923584428,4.0472290198414225e-07
cnv_depth__IBNLCO_01974__IBNLCO_01974__gene__promoter,27.299305642842256,4.052654993832945e-07
cnv_depth__IBNLCO_00769__Zinc__CDS__promoter,27.29878669015391,4.053621980897262e-07
cnv_depth__IBNLCO_05659__IBNLCO_05659__gene,27.29602818128563,4.0587659481862067e-07
cnv_depth__IBNLCO_00391__IBNLCO_00391__gene,27.29593134117131,4.058946652013118e-07
cnv_depth__IBNLCO_05613__IBNLCO_05613__gene,27.282864031868908,4.08340504788843e-07
cnv_depth__IBNLCO_00790__efflux__CDS,27.282775649848897,4.0835709810952506e-07
cnv_depth__IBNLCO_00220__Alcohol__CDS,27.280817047702314,4.0872499176789855e-07
cnv_depth__IBNLCO_05660__Radical__CDS,27.273859452147327,4.1003458277370607e-07
cnv_depth__IBNLCO_00946__IBNLCO_00946__gene__promoter,27.251474847813313,4.1427677650456115e-07
cnv_depth__IBNLCO_05705__DNA__CDS__promoter,27.24114610488758,4.1624915578980003e-07
cnv_depth__IBNLCO_04318__IBNLCO_04318__gene__promoter,27.227670498006553,4.1883674647861286e-07
cnv_depth__IBNLCO_04777__Glutathione__CDS__promoter,27.221180435301637,4.2008876866634116e-07
cnv_depth__IBNLCO_03176__Iron-sulfur__CDS,27.209476824157292,4.2235613117115754e-07
cnv_depth__IBNLCO_03509__IBNLCO_03509__gene__promoter,27.194057940766392,4.253621655911944e-07
cnv_depth__IBNLCO_00319__IBNLCO_00319__gene,27.18696409082449,4.267524266700477e-07
cnv_depth__IBNLCO_02744__tolQ__gene,27.1786621038341,4.283852972028712e-07
cnv_depth__IBNLCO_04385__IBNLCO_04385__gene,27.172855924599588,4.29531035004935e-07
cnv_depth__IBNLCO_04816__Cysteine__CDS__promoter,27.16430797655433,4.312234504381199e-07
cnv_depth__IBNLCO_00324__Methyl-accepting__CDS__promoter,27.16169124949098,4.3174288546311427e-07
cnv_depth__IBNLCO_05606__IBNLCO_05606__gene__promoter,27.152921368301257,4.334883748465958e-07
cnv_depth__IBNLCO_00083__IBNLCO_00083__gene__promoter,27.151954807185323,4.3368118781808615e-07
cnv_depth__IBNLCO_05264__DNA__CDS__promoter,27.150577188848384,4.339561498294098e-07
cnv_depth__IBNLCO_04534__Dibenzothiophene__CDS__promoter,27.14168978057097,4.357342506625178e-07
cnv_depth__IBNLCO_05393__Cytochrome__CDS__promoter,27.14046794950128,4.3597927744982546e-07
cnv_depth__IBNLCO_03453__Sperm-specific__CDS,27.116185909991515,4.4087782097019423e-07
cnv_depth__IBNLCO_02321__IBNLCO_02321__gene__promoter,27.104202859664856,4.433157002085733e-07
cnv_depth__IBNLCO_04595__padR__gene__promoter,27.089654748514018,4.462937572698853e-07
cnv_depth__IBNLCO_01936__IBNLCO_01936__gene,27.08820600579593,4.465914262831588e-07
cnv_depth__IBNLCO_05604__IBNLCO_05604__gene,27.076805998462145,4.489407705510816e-07
cnv_depth__IBNLCO_03924__ydcV__gene__promoter,27.045034280170285,4.555545475825502e-07
cnv_depth__IBNLCO_05731__Divalent__CDS,27.044939202436055,4.5557448666214277e-07
cnv_depth__IBNLCO_04667__IBNLCO_04667__gene,27.04376068195871,4.5582171154323063e-07
cnv_depth__IBNLCO_04657__Polyketide__CDS,27.02636357457471,4.5948702602369374e-07
cnv_depth__IBNLCO_01947__Putative__CDS__promoter,27.02343146565291,4.6010770706805264e-07
cnv_depth__IBNLCO_02513__Phosphoglycolate__CDS,27.003446114758443,4.6436093715540876e-07
cnv_depth__IBNLCO_03127__Sec-independent__CDS__promoter,27.000581435240885,4.649738406250985e-07
cnv_depth__IBNLCO_03353__IBNLCO_03353__gene__promoter,26.99486666354975,4.661989717408878e-07
cnv_depth__IBNLCO_03714__IBNLCO_03714__gene__promoter,26.94879925570369,4.76194882727173e-07
cnv_depth__IBNLCO_05684__IBNLCO_05684__gene__promoter,26.918147030098748,4.829657727313119e-07
cnv_depth__IBNLCO_02853__Sec__CDS,26.91630783560869,4.833751224753083e-07
cnv_depth__IBNLCO_04796__IBNLCO_04796__gene,26.91273488335133,4.841713581616493e-07
cnv_depth__IBNLCO_05128__High-copy__CDS,26.907784041879836,4.852768507140831e-07
cnv_depth__IBNLCO_04617__IBNLCO_04617__gene__promoter,26.906749851241972,4.855081012836262e-07
cnv_depth__IBNLCO_03090__gnl|Bakta|IBNLCO_03090__CDS__promoter,26.871806189097004,4.933875445680051e-07
cnv_depth__IBNLCO_02251__Glycine__CDS,26.871242781500044,4.935156412075001e-07
cnv_depth__IBNLCO_00729__L-arginine-specific__CDS,26.867742404821907,4.94312242637609e-07
cnv_depth__IBNLCO_03352__trnR__gene__promoter,26.83397766529341,5.020633768995946e-07
cnv_depth__IBNLCO_01506__IBNLCO_01506__gene,26.83378805442167,5.021072498584072e-07
cnv_depth__IBNLCO_03128__IBNLCO_03128__gene,26.818639209572346,5.056250127123082e-07
cnv_depth__IBNLCO_01912__IBNLCO_01912__gene__promoter,26.814909060927373,5.06495020609947e-07
cnv_depth__IBNLCO_03855__IBNLCO_03855__gene,26.805313326247784,5.08740062565241e-07
cnv_depth__IBNLCO_03986__IBNLCO_03986__gene,26.801215884249572,5.097017741258196e-07
cnv_depth__IBNLCO_02126__Bifunctional__CDS__promoter,26.796059029568713,5.109147544304345e-07
cnv_depth__IBNLCO_01227__fbpC__gene__promoter,26.77711607769451,5.153955746688976e-07
cnv_depth__IBNLCO_02773__wcbQ__gene,26.772461240780615,5.165027133243306e-07
cnv_depth__IBNLCO_03435__xerC__gene__promoter,26.76540653665263,5.181852400893406e-07
cnv_depth__IBNLCO_03245__paaD__gene,26.757505702656747,5.200761479953722e-07
cnv_depth__IBNLCO_02653__IBNLCO_02653__gene,26.75120234917858,5.215897343708259e-07
cnv_depth__IBNLCO_02945__IBNLCO_02945__gene,26.747376115681192,5.22510677025403e-07
cnv_depth__IBNLCO_01647__Fimbrial-type__CDS,26.74737219252452,5.225116221401559e-07
cnv_depth__IBNLCO_02320__IBNLCO_02320__gene__promoter,26.732610498170033,5.2608008453507e-07
cnv_depth__IBNLCO_00306__IBNLCO_00306__gene,26.704748911342794,5.328825967470727e-07
cnv_depth__IBNLCO_03642__5-oxoprolinase__CDS,26.702176661300065,5.335150899421889e-07
cnv_depth__IBNLCO_04762__IBNLCO_04762__gene,26.70090744951497,5.338274574273948e-07
cnv_depth__IBNLCO_04102__IBNLCO_04102__gene__promoter,26.690190738990935,5.364723477030809e-07
cnv_depth__IBNLCO_04090__histidine__CDS,26.678658642191085,5.393332832063744e-07
cnv_depth__IBNLCO_00466__gnl|Bakta|IBNLCO_00466__CDS,26.65711983122754,5.447181231065146e-07
cnv_depth__IBNLCO_00388__DUF3567__CDS__promoter,26.65526240397544,5.451850309674386e-07
cnv_depth__IBNLCO_04829__IBNLCO_04829__gene__promoter,26.64821605035715,5.469599805459574e-07
cnv_depth__IBNLCO_04433__IBNLCO_04433__gene,26.626420693771415,5.524872332701472e-07
cnv_depth__IBNLCO_04289__CheC-like__CDS__promoter,26.60923133578814,5.568862370546337e-07
cnv_depth__IBNLCO_05010__bipB__gene,26.606510725200575,5.575857204590275e-07
cnv_depth__IBNLCO_01511__IBNLCO_01511__gene,26.593001964821575,5.610720773987814e-07
cnv_depth__IBNLCO_02195__islM__gene__promoter,26.579507239533466,5.645768269295776e-07
cnv_depth__IBNLCO_01432__IBNLCO_01432__gene,26.568062446328664,5.675665315625308e-07
cnv_depth__IBNLCO_02199__Adenylyl-sulfate__CDS,26.567848795093266,5.676224953184048e-07
cnv_depth__IBNLCO_01918__Bile__CDS,26.559972545686463,5.696894983794903e-07
cnv_depth__IBNLCO_03057__HD__CDS,26.55202887004766,5.717819078539094e-07
cnv_depth__IBNLCO_04471__hypothetical__CDS__promoter,26.52933317205558,5.778030146741423e-07
cnv_depth__IBNLCO_02065__5-hydroxyisourate__CDS,26.495932206618107,5.867810478139043e-07
cnv_depth__IBNLCO_01153__IBNLCO_01153__gene__promoter,26.4909263672771,5.881387010688159e-07
cnv_depth__IBNLCO_04656__TauD/TfdA-like__CDS__promoter,26.478720991236564,5.914623016093242e-07
cnv_depth__IBNLCO_01687__IBNLCO_01687__gene__promoter,26.472656816026085,5.931206720843741e-07
cnv_depth__IBNLCO_03527__hypothetical__CDS,26.445266891807343,6.006697884124486e-07
cnv_depth__IBNLCO_00055__Glucose-methanol-choline__CDS__promoter,26.42729112361403,6.056769559775244e-07
cnv_depth__IBNLCO_05293__Proline--tRNA__CDS__promoter,26.42030975705098,6.076329857439791e-07
cnv_depth__IBNLCO_03861__IBNLCO_03861__gene__promoter,26.419957150638265,6.077319478572759e-07
cnv_depth__IBNLCO_02108__IBNLCO_02108__gene,26.41790345518981,6.083086597415663e-07
cnv_depth__IBNLCO_00286__IBNLCO_00286__gene__promoter,26.393744417487884,6.151346217651119e-07
cnv_depth__IBNLCO_03731__IBNLCO_03731__gene__promoter,26.388797074164174,6.165419871684426e-07
cnv_depth__IBNLCO_05633__Solute-binding__CDS,26.381456470832955,6.186361640834932e-07
cnv_depth__IBNLCO_04551__IBNLCO_04551__gene,26.377222077871007,6.19847450941656e-07
cnv_depth__IBNLCO_03870__hypothetical__CDS,26.37680349285191,6.199673212299191e-07
cnv_depth__IBNLCO_05756__IBNLCO_05756__gene,26.347675666571046,6.283665085537297e-07
cnv_depth__IBNLCO_03228__Large__CDS__promoter,26.346797441440824,6.286215298682322e-07
cnv_depth__IBNLCO_00183__IBNLCO_00183__gene__promoter,26.344687992595013,6.292345049437568e-07
cnv_depth__IBNLCO_03271__IBNLCO_03271__gene__promoter,26.34240030357313,6.298999573902191e-07
cnv_depth__IBNLCO_01705__IBNLCO_01705__gene__promoter,26.339565030343756,6.30725681273448e-07
cnv_depth__IBNLCO_03668__IBNLCO_03668__gene__promoter,26.332107139483153,6.329028932687231e-07
cnv_depth__IBNLCO_03450__3-hydroxybutyrate__CDS,26.33131254630492,6.331353096905226e-07
cnv_depth__IBNLCO_04100__IBNLCO_04100__gene__promoter,26.324208972382593,6.35216925824142e-07
cnv_depth__IBNLCO_04857__IBNLCO_04857__gene__promoter,26.313129378221525,6.384774941721508e-07
cnv_depth__IBNLCO_03625__IBNLCO_03625__gene__promoter,26.31089555805626,6.391369237753699e-07
cnv_depth__IBNLCO_00362__IBNLCO_00362__gene,26.305114805275004,6.408466170667982e-07
cnv_depth__IBNLCO_02008__IBNLCO_02008__gene__promoter,26.303666621212415,6.412756505510841e-07
cnv_depth__IBNLCO_05814__ABC__CDS,26.296894990385752,6.432856466023327e-07
cnv_depth__IBNLCO_03477__3-oxoadipate__CDS__promoter,26.293670600047346,6.442449678106227e-07
cnv_depth__IBNLCO_03309__cheA__gene__promoter,26.29129946474692,6.449513516213686e-07
cnv_depth__IBNLCO_03526__IBNLCO_03526__gene,26.284834192193642,6.468814007310744e-07
cnv_depth__IBNLCO_02193__Dioxygenase__CDS,26.281192159805,6.479712118167125e-07
cnv_depth__IBNLCO_00376__IBNLCO_00376__gene,26.280029191856553,6.483195995775373e-07
cnv_depth__IBNLCO_04700__ftsI__gene__promoter,26.279986328752237,6.483324436033302e-07
cnv_depth__IBNLCO_00229__fliT__gene__promoter,26.254999732846194,6.558637113328115e-07
cnv_depth__IBNLCO_02442__rmuC__gene__promoter,26.23992538188726,6.604500413941123e-07
cnv_depth__IBNLCO_00475__IBNLCO_00475__gene__promoter,26.238245156668558,6.609632506295885e-07
cnv_depth__IBNLCO_03707__IBNLCO_03707__gene,26.23184077621816,6.629231110393179e-07
cnv_depth__IBNLCO_05579__IBNLCO_05579__gene__promoter,26.23152420846284,6.630201390169495e-07
cnv_depth__IBNLCO_04657__Polyketide__CDS__promoter,26.22939235494687,6.636739260428669e-07
cnv_depth__IBNLCO_04533__IBNLCO_04533__gene,26.22307521004254,6.656150705119862e-07
cnv_depth__IBNLCO_05259__(2Fe-2S)-binding__CDS,26.21543567877238,6.679702339958387e-07
cnv_depth__IBNLCO_05701__IBNLCO_05701__gene__promoter,26.205027081987883,6.711926346472083e-07
cnv_depth__IBNLCO_04113__IBNLCO_04113__gene__promoter,26.20387198569856,6.715512091989744e-07
cnv_depth__IBNLCO_01570__IBNLCO_01570__gene,26.171171093755184,6.817832818172052e-07
cnv_depth__IBNLCO_00798__IBNLCO_00798__gene,26.168603210460855,6.82593416688375e-07
cnv_depth__IBNLCO_03751__nodT__gene__promoter,26.159744311671044,6.853957692740845e-07
cnv_depth__IBNLCO_02153__uspA__gene__promoter,26.154518120889566,6.870544349943466e-07
cnv_depth__IBNLCO_00880__clpA__gene,26.152108715570872,6.878204883919792e-07
cnv_depth__IBNLCO_05368__Protein-glutamate__CDS,26.114529722657867,6.998809075238325e-07
cnv_depth__IBNLCO_03467__IBNLCO_03467__gene__promoter,26.07946343542174,7.113277984194865e-07
cnv_depth__IBNLCO_01692__IBNLCO_01692__gene__promoter,26.077749798852018,7.118920193542012e-07
cnv_depth__IBNLCO_01037__HTH__CDS,26.056826202002622,7.188178071609249e-07
cnv_depth__IBNLCO_00591__novR__gene,26.025985129516418,7.291507908576264e-07
cnv_depth__IBNLCO_00624__IBNLCO_00624__gene,26.0236529718614,7.299382399964236e-07
cnv_depth__IBNLCO_05587__IBNLCO_05587__gene,26.01472329700566,7.329612905475299e-07
cnv_depth__IBNLCO_03235__trnY__gene,26.002206031813927,7.372202144790104e-07
cnv_depth__IBNLCO_04188__IBNLCO_04188__gene__promoter,25.999312516353772,7.382082724481892e-07
cnv_depth__IBNLCO_03471__IBNLCO_03471__gene,25.995664144079342,7.394560032761472e-07
cnv_depth__IBNLCO_05628__IBNLCO_05628__gene,25.97993921156135,7.448583351885065e-07
cnv_depth__IBNLCO_01887__Outer__CDS__promoter,25.95900904993764,7.521109231286849e-07
cnv_depth__IBNLCO_03136__UPF0056__CDS,25.955415242081973,7.533633934310733e-07
cnv_depth__IBNLCO_01576__Aspartate/glutamate__CDS,25.954600805166518,7.536475242097437e-07
cnv_depth__IBNLCO_04465__IBNLCO_04465__gene__promoter,25.941076776738278,7.583814977637627e-07
cnv_depth__IBNLCO_01967__dmlR__gene,25.93303969845928,7.612090478049757e-07
cnv_depth__IBNLCO_04523__IBNLCO_04523__gene,25.932855580659236,7.612739476667355e-07
cnv_depth__IBNLCO_03822__Aspartate__CDS__promoter,25.91271049291684,7.684088246609611e-07
cnv_depth__IBNLCO_01998__IBNLCO_01998__gene__promoter,25.885175357026146,7.782706207975556e-07
cnv_depth__IBNLCO_02603__Riboflavin__CDS__promoter,25.88318543527169,7.789882587307802e-07
cnv_depth__IBNLCO_00363__IBNLCO_00363__gene,25.879707621969164,7.802440919019991e-07
cnv_depth__IBNLCO_04321__IBNLCO_04321__gene,25.87634505111403,7.81460258449485e-07
cnv_depth__IBNLCO_00036__IBNLCO_00036__gene__promoter,25.86429234030612,7.858352301649625e-07
cnv_depth__IBNLCO_05177__IBNLCO_05177__gene,25.854973438156506,7.89234843385478e-07
cnv_depth__IBNLCO_00529__Formamidopyrimidine-DNA__CDS__promoter,25.82769764676373,7.992710230384856e-07
cnv_depth__IBNLCO_00242__lhgO__gene,25.819094834239763,8.024631488337563e-07
cnv_depth__IBNLCO_04793__Iron-containing__CDS,25.809784138471507,8.059324725063391e-07
cnv_depth__IBNLCO_03632__hypothetical__CDS,25.8005516886609,8.093876224615906e-07
cnv_depth__IBNLCO_00422__IBNLCO_00422__gene,25.786993752333604,8.14488719717131e-07
cnv_depth__IBNLCO_04635__IBNLCO_04635__gene,25.780463408845815,8.169573169372167e-07
cnv_depth__IBNLCO_00386__IBNLCO_00386__gene__promoter,25.75519577081782,8.265804871826853e-07
cnv_depth__IBNLCO_01103__dTTP/UTP__CDS__promoter,25.740531750188488,8.322177745772855e-07
cnv_depth__IBNLCO_03475__HTH__CDS__promoter,25.735826588710218,8.340348080842094e-07
cnv_depth__IBNLCO_04170__hypothetical__CDS__promoter,25.71822458407329,8.408679905754985e-07
cnv_depth__IBNLCO_00988__IBNLCO_00988__gene__promoter,25.71773191596328,8.410600592792057e-07
cnv_depth__IBNLCO_00044__Putative__CDS__promoter,25.712167336545743,8.432325174811205e-07
cnv_depth__IBNLCO_00683__IBNLCO_00683__gene,25.70174540720295,8.47316609049627e-07
cnv_depth__IBNLCO_03867__IBNLCO_03867__gene,25.698155381838976,8.487280782699723e-07
cnv_depth__IBNLCO_00346__SCO1/SenC__CDS__promoter,25.695932763531285,8.496031239161687e-07
cnv_depth__IBNLCO_01249__IBNLCO_01249__gene__promoter,25.67467451888885,8.580187494577226e-07
cnv_depth__IBNLCO_01991__Enoyl__CDS__promoter,25.661159395211484,8.634128579958686e-07
cnv_depth__IBNLCO_04196__Acyl-CoA__CDS__promoter,25.656596014254045,8.652419148184859e-07
cnv_depth__IBNLCO_04527__Ferrichrome__CDS,25.62879373538976,8.764703924394168e-07
cnv_depth__IBNLCO_01640__IBNLCO_01640__gene__promoter,25.610286115921678,8.840266587558084e-07
cnv_depth__IBNLCO_03445__HTH-type__CDS,25.610043265044986,8.841262463903103e-07
cnv_depth__IBNLCO_01883__IBNLCO_01883__gene__promoter,25.595135188553506,8.902614926952712e-07
cnv_depth__IBNLCO_00243__IBNLCO_00243__gene,25.58565312523134,8.941861161609248e-07
cnv_depth__IBNLCO_04788__IBNLCO_04788__gene__promoter,25.58375087682197,8.94975561589615e-07
cnv_depth__IBNLCO_01408__PapC-like__CDS__promoter,25.582905029616963,8.953268200830644e-07
cnv_depth__IBNLCO_00723__atsR__gene__promoter,25.582619928286814,8.954452467225732e-07
cnv_depth__unknown__unknown__regulatory.1,25.56961263631703,9.008651597749588e-07
cnv_depth__IBNLCO_00395__IBNLCO_00395__gene__promoter,25.566194411598794,9.02294973126774e-07
cnv_depth__IBNLCO_05631__IBNLCO_05631__gene,25.5584217189561,9.055547730962595e-07
cnv_depth__IBNLCO_04733__IBNLCO_04733__gene__promoter,25.553857401123786,9.074745578705035e-07
cnv_depth__IBNLCO_05781__IBNLCO_05781__gene__promoter,25.545267195115965,9.110988332730765e-07
cnv_depth__IBNLCO_04707__Histidine__CDS,25.542403174980983,9.123104378114635e-07
cnv_depth__IBNLCO_03657__IBNLCO_03657__gene__promoter,25.53413040598099,9.158193388712985e-07
cnv_depth__IBNLCO_03072__Glutamyl-tRNA__CDS__promoter,25.52547600914771,9.195047206623691e-07
cnv_depth__IBNLCO_02602__Riboflavin__CDS,25.51439104458669,9.242470571916458e-07
cnv_depth__IBNLCO_04470__Magnesium-transporting__CDS,25.50800467115166,9.269904823696278e-07
cnv_depth__IBNLCO_02170__Inner__CDS,25.506887630800055,9.274711805296018e-07
cnv_depth__IBNLCO_01121__IBNLCO_01121__gene__promoter,25.497310276944237,9.31602985189817e-07
cnv_depth__IBNLCO_01449__IBNLCO_01449__gene,25.487955198293392,9.356568746121751e-07
cnv_depth__IBNLCO_02925__lptE__gene__promoter,25.47252681640324,9.423815659186583e-07
cnv_depth__IBNLCO_01185__IBNLCO_01185__gene__promoter,25.467709286876637,9.444913590959787e-07
cnv_depth__IBNLCO_01253__Spermidine/putrescine__CDS,25.44154602246102,9.560330465405716e-07
cnv_depth__IBNLCO_02687__DUF2957__CDS__promoter,25.440721550093944,9.563990649832236e-07
cnv_depth__IBNLCO_02077__IBNLCO_02077__gene,25.43380260106101,9.594762733849287e-07
cnv_depth__IBNLCO_01669__non-ribosomal__CDS__promoter,25.428759355166832,9.61725570595994e-07
cnv_depth__IBNLCO_05221__IBNLCO_05221__gene,25.4187648371779,9.6619891773883e-07
cnv_depth__IBNLCO_04699__Family__CDS__promoter,25.377859244553758,9.847279067349418e-07
cnv_depth__IBNLCO_04712__IBNLCO_04712__gene,25.377347403244556,9.849620182766278e-07
cnv_depth__IBNLCO_02238__Cell__CDS,25.37427708930861,9.863675342000685e-07
cnv_depth__IBNLCO_02445__LUD__CDS,25.36653335670931,9.89921447504948e-07
cnv_depth__IBNLCO_03467__gnl|Bakta|IBNLCO_03467__CDS,25.36038447415808,9.927526440311236e-07
cnv_depth__IBNLCO_00955__Bifunctional__CDS,25.337881630947706,1.0031838985343872e-06
cnv_depth__IBNLCO_02731__IBNLCO_02731__gene__promoter,25.32887502602031,1.0073899426897188e-06
cnv_depth__IBNLCO_04026__3-dehydrocarnitine:acetyl-CoA__CDS__promoter,25.31549365158173,1.0136719511909828e-06
cnv_depth__IBNLCO_01902__IBNLCO_01902__gene__promoter,25.30363830833571,1.0192706530718052e-06
cnv_depth__IBNLCO_03060__IBNLCO_03060__gene__promoter,25.302822663110103,1.0196569908404883e-06
cnv_depth__IBNLCO_02031__IBNLCO_02031__gene__promoter,25.297118326957417,1.0223630455154043e-06
cnv_depth__IBNLCO_01328__IBNLCO_01328__gene__promoter,25.287571498300697,1.0269081876913822e-06
cnv_depth__IBNLCO_04489__Histidine__CDS,25.25578694649653,1.0421883190240784e-06
cnv_depth__IBNLCO_03643__HTH__CDS,25.2553447779263,1.042402501868234e-06
cnv_depth__IBNLCO_02760__IBNLCO_02760__gene,25.237470929230547,1.0510978330291287e-06
cnv_depth__IBNLCO_01360__glgB__gene__promoter,25.2347315050091,1.052436987490003e-06
cnv_depth__IBNLCO_00792__bpeB__gene,25.228625501822048,1.0554280925981378e-06
cnv_depth__IBNLCO_04655__IBNLCO_04655__gene,25.206285899111037,1.0664449188850221e-06
cnv_depth__IBNLCO_02497__IBNLCO_02497__gene,25.204167883715066,1.0674954421678607e-06
cnv_depth__IBNLCO_03634__IBNLCO_03634__gene__promoter,25.196454251497446,1.0713302158457804e-06
cnv_depth__IBNLCO_01980__Rap1a__CDS,25.189944786705503,1.0745771878786487e-06
cnv_depth__IBNLCO_00212__IBNLCO_00212__gene,25.166604484519635,1.0863015804870697e-06
cnv_depth__IBNLCO_02902__Glutamine__CDS,25.148042741819527,1.095717911808265e-06
cnv_depth__IBNLCO_02350__sufC__gene,25.12217305830582,1.1089794601342976e-06
cnv_depth__IBNLCO_04526__Iron__CDS__promoter,25.11956651169629,1.1103246239158523e-06
cnv_depth__IBNLCO_02200__Multidrug__CDS,25.101369418561703,1.119761723275294e-06
cnv_depth__IBNLCO_05816__Oxygen__CDS,25.096164679858745,1.12247582012275e-06
cnv_depth__IBNLCO_00551__hypothetical__CDS__promoter,25.088220454919814,1.1266313047537638e-06
cnv_depth__IBNLCO_03104__Type__CDS,25.083598545177384,1.1290561025161867e-06
cnv_depth__IBNLCO_03105__Hcp1__CDS,25.059588068009884,1.1417379669093895e-06
cnv_depth__IBNLCO_02475__Putative__CDS,25.048269670121527,1.147766006611205e-06
cnv_depth__IBNLCO_03345__IBNLCO_03345__gene,25.033105323725625,1.1558928531365077e-06
cnv_depth__IBNLCO_00935__IBNLCO_00935__gene__promoter,24.991663781694044,1.1784003226236696e-06
cnv_depth__IBNLCO_05034__IBNLCO_05034__gene,24.96407360054196,1.1936302993102932e-06
cnv_depth__IBNLCO_02982__ampD__gene__promoter,24.962767087302684,1.1943564223591784e-06
cnv_depth__IBNLCO_01581__IBNLCO_01581__gene__promoter,24.935891244912558,1.2093928064959107e-06
cnv_depth__IBNLCO_03627__DUF3540__CDS__promoter,24.929515576801798,1.2129878564488365e-06
cnv_depth__IBNLCO_00213__eamA__gene,24.922299369005888,1.2170699076986569e-06
cnv_depth__IBNLCO_01932__IBNLCO_01932__gene,24.90348527784883,1.2277781050203097e-06
cnv_depth__IBNLCO_03750__ceoB__gene__promoter,24.900392591854775,1.2295474332417725e-06
cnv_depth__IBNLCO_01216__mdtC__gene,24.88411312574498,1.2389035466136274e-06
cnv_depth__IBNLCO_04154__2-hydroxyhepta-2%2C4-diene-1%2C7-dioate__CDS,24.883572091002346,1.239215723080699e-06
cnv_depth__IBNLCO_00407__IBNLCO_00407__gene,24.882997400465854,1.2395474060680186e-06
cnv_depth__IBNLCO_02340__hypothetical__CDS__promoter,24.87024413974337,1.2469311152428945e-06
cnv_depth__IBNLCO_04628__IBNLCO_04628__gene__promoter,24.867958910708442,1.2482588796792107e-06
cnv_depth__IBNLCO_04173__hypothetical__CDS__promoter,24.861596819814185,1.2519629229552488e-06
cnv_depth__IBNLCO_00949__IBNLCO_00949__gene__promoter,24.859445367206266,1.2532180245899232e-06
cnv_depth__IBNLCO_04732__IBNLCO_04732__gene,24.85866357236792,1.253674418685919e-06
cnv_depth__IBNLCO_00327__IBNLCO_00327__gene,24.858025941165604,1.2540467778209212e-06
cnv_depth__IBNLCO_03270__IBNLCO_03270__gene,24.856878573946204,1.2547170906518952e-06
cnv_depth__IBNLCO_05746__zraR__gene,24.847128650190115,1.2604278218178008e-06
cnv_depth__IBNLCO_01447__IBNLCO_01447__gene,24.838563028984712,1.2654665788055521e-06
cnv_depth__IBNLCO_02503__IBNLCO_02503__gene__promoter,24.82810043076573,1.271648897811592e-06
cnv_depth__IBNLCO_01935__clpB__gene__promoter,24.82755293907229,1.2719732491311212e-06
cnv_depth__IBNLCO_01933__IBNLCO_01933__gene__promoter,24.827269427749197,1.2721412430590046e-06
cnv_depth__IBNLCO_00323__IBNLCO_00323__gene,24.825703514061246,1.2730695257878336e-06
cnv_depth__IBNLCO_05576__CBM6__CDS__promoter,24.815711204048092,1.2790091860023065e-06
cnv_depth__IBNLCO_02196__IBNLCO_02196__gene__promoter,24.81018535711635,1.2823059088800908e-06
cnv_depth__IBNLCO_01049__IBNLCO_01049__gene,24.803212495406907,1.2864781934364535e-06
cnv_depth__IBNLCO_00307__gnl|Bakta|IBNLCO_00307__CDS__promoter,24.800933369192503,1.287844908587212e-06
cnv_depth__IBNLCO_00056__padR__gene__promoter,24.799854631105898,1.2884923035441282e-06
cnv_depth__IBNLCO_03087__IBNLCO_03087__gene,24.793955878043626,1.2920382144670175e-06
cnv_depth__IBNLCO_00110__DNA-binding__CDS,24.779058295852266,1.3010375991117972e-06
cnv_depth__IBNLCO_04899__3-oxo-tetronate__CDS,24.77283297913904,1.3048169737248063e-06
cnv_depth__IBNLCO_03869__IBNLCO_03869__gene__promoter,24.76063496109123,1.3122545972257814e-06
cnv_depth__IBNLCO_03319__gspK__gene,24.754558432772182,1.3159756928930748e-06
cnv_depth__IBNLCO_05693__gnl|Bakta|IBNLCO_05693__CDS,24.75369327692347,1.316506357577549e-06
cnv_depth__IBNLCO_01949__arnA__gene__promoter,24.753689064060385,1.3165089421706823e-06
cnv_depth__IBNLCO_00933__putative__CDS__promoter,24.750227921019754,1.3186340903627583e-06
cnv_depth__IBNLCO_00041__IBNLCO_00041__gene__promoter,24.743084134216296,1.3230313698368263e-06
cnv_depth__IBNLCO_01398__mntH__gene,24.71960962902095,1.3375855922345711e-06
cnv_depth__IBNLCO_05024__IBNLCO_05024__gene__promoter,24.717088790284013,1.3391581160319072e-06
cnv_depth__IBNLCO_04250__IBNLCO_04250__gene,24.71708270009725,1.3391619174138366e-06
cnv_depth__IBNLCO_01966__IBNLCO_01966__gene,24.684231155174235,1.3598269400240705e-06
cnv_depth__IBNLCO_05465__IBNLCO_05465__gene__promoter,24.66817804196428,1.3700420885516023e-06
cnv_depth__IBNLCO_04850__secD__gene__promoter,24.664261801826914,1.3725458857435392e-06
cnv_depth__IBNLCO_00934__IBNLCO_00934__gene,24.650151054003846,1.381605864220542e-06
cnv_depth__IBNLCO_02430__7-methyl-GTP__CDS__promoter,24.63227483096358,1.393170451405124e-06
cnv_depth__IBNLCO_04682__IBNLCO_04682__gene,24.627408853472623,1.396335301542619e-06
cnv_depth__IBNLCO_03650__prpR__gene__promoter,24.624094709183993,1.3984949968673832e-06
cnv_depth__IBNLCO_04935__IBNLCO_04935__gene,24.614158472432933,1.4049903226518756e-06
cnv_depth__IBNLCO_01437__IBNLCO_01437__gene,24.582225060766177,1.4260726326514268e-06
cnv_depth__IBNLCO_03065__hypothetical__CDS__promoter,24.564438244132912,1.4379539174796776e-06
cnv_depth__IBNLCO_03473__IBNLCO_03473__gene__promoter,24.563889395258556,1.4383221276930292e-06
cnv_depth__IBNLCO_04332__Pyrimidine-specific__CDS__promoter,24.555523409072148,1.4439465013857164e-06
cnv_depth__IBNLCO_04133__IBNLCO_04133__gene__promoter,24.54286558974861,1.4524985689290816e-06
cnv_depth__IBNLCO_03657__IBNLCO_03657__gene,24.53433211802361,1.4582929861193362e-06
cnv_depth__IBNLCO_00073__IBNLCO_00073__gene,24.53428632670529,1.4583241424481704e-06
cnv_depth__IBNLCO_04358__HTH__CDS__promoter,24.514802101663506,1.4716424743591264e-06
cnv_depth__IBNLCO_05034__Neutral__CDS__promoter,24.512455830790046,1.473254534677675e-06
cnv_depth__IBNLCO_05097__Type__CDS__promoter,24.500184169593567,1.4817152236993417e-06
cnv_depth__IBNLCO_04938__Putative__CDS,24.49431681996535,1.4857778192303156e-06
cnv_depth__IBNLCO_03913__DUF2946__CDS__promoter,24.49022969449935,1.4886144326107943e-06
cnv_depth__IBNLCO_01298__UPF0060__CDS,24.485256296424087,1.4920735430801515e-06
cnv_depth__IBNLCO_04916__Tash__CDS,24.48524764713023,1.4920795659377398e-06
cnv_depth__IBNLCO_05512__IBNLCO_05512__gene__promoter,24.48003840850212,1.4957114445711837e-06
cnv_depth__IBNLCO_05004__bapC__gene,24.45048115674791,1.5164887684792685e-06
cnv_depth__IBNLCO_00532__IBNLCO_00532__gene__promoter,24.445204736982518,1.520228442212349e-06
cnv_depth__IBNLCO_05115__TauD/TfdA-like__CDS,24.44311406172696,1.5217127925514775e-06
cnv_depth__IBNLCO_02386__IBNLCO_02386__gene__promoter,24.44123192916416,1.5230503347523782e-06
cnv_depth__IBNLCO_03251__4-hydroxyphenylpyruvate__CDS__promoter,24.437784470035965,1.5255033658585753e-06
cnv_depth__IBNLCO_02680__hypothetical__CDS__promoter,24.4145032066659,1.5421740759875275e-06
cnv_depth__IBNLCO_00939__Phosphatidylglycerol--prolipoprotein__CDS__promoter,24.409139048606203,1.5460411751281966e-06
cnv_depth__IBNLCO_00068__gnl|Bakta|IBNLCO_00068__CDS__promoter,24.40410546733776,1.5496788795655062e-06
cnv_depth__IBNLCO_04261__2-keto-3-deoxy-L-fuconate__CDS,24.39601622200062,1.5555430242859818e-06
cnv_depth__IBNLCO_04463__mntH__gene__promoter,24.390029581339256,1.5598973784534158e-06
cnv_depth__IBNLCO_04181__IBNLCO_04181__gene,24.38707922167523,1.5620478428817388e-06
cnv_depth__IBNLCO_01999__selO__gene__promoter,24.37101519950114,1.5738093612756735e-06
cnv_depth__IBNLCO_05298__IBNLCO_05298__gene,24.362578917849522,1.5800219580013006e-06
cnv_depth__IBNLCO_03577__IBNLCO_03577__gene,24.35422911761508,1.5861953029588744e-06
cnv_depth__IBNLCO_02185__Glycosyltransferase__CDS,24.343399825430133,1.5942382042840908e-06
cnv_depth__IBNLCO_00470__lktB__gene,24.342296957003622,1.5950596149563097e-06
cnv_depth__IBNLCO_00984__IBNLCO_00984__gene,24.340333716756763,1.5965228858655148e-06
cnv_depth__IBNLCO_02178__TetR-family__CDS,24.323005319934282,1.609497386270082e-06
cnv_depth__IBNLCO_05638__LysR__CDS__promoter,24.29382642245059,1.6315864108183624e-06
cnv_depth__IBNLCO_02936__cynR__gene__promoter,24.283802422032117,1.6392453678922986e-06
cnv_depth__IBNLCO_05130__histidine__CDS__promoter,24.277261773230556,1.6442624309992337e-06
cnv_depth__IBNLCO_01310__Transcription__CDS,24.26335682276451,1.6549800350439036e-06
cnv_depth__IBNLCO_03709__dhaK__gene,24.261504377213267,1.6564131817478195e-06
cnv_depth__IBNLCO_01659__IBNLCO_01659__gene,24.25210701411829,1.6637028295216343e-06
cnv_depth__IBNLCO_00850__murJ__gene,24.237603467140627,1.6750171698340564e-06
cnv_depth__IBNLCO_03271__IBNLCO_03271__gene,24.232038776062318,1.6793788712222583e-06
cnv_depth__IBNLCO_03258__N-acetyl-gamma-glutamyl-phosphate__CDS__promoter,24.22690915819823,1.6834097338418426e-06
cnv_depth__IBNLCO_01443__xylH__gene,24.2173332307948,1.6909607286791636e-06
cnv_depth__IBNLCO_04965__IBNLCO_04965__gene__promoter,24.19181591506576,1.711249909156198e-06
cnv_depth__IBNLCO_05378__IBNLCO_05378__gene,24.18023797847359,1.7205367596693438e-06
cnv_depth__IBNLCO_05268__IBNLCO_05268__gene__promoter,24.176706457934486,1.7233795869064444e-06
cnv_depth__IBNLCO_04459__IBNLCO_04459__gene,24.1726405278722,1.7266584934338848e-06
cnv_depth__IBNLCO_00352__IBNLCO_00352__gene__promoter,24.165698261918024,1.7322715738443432e-06
cnv_depth__IBNLCO_03461__Anaerobic__CDS__promoter,24.16027683406054,1.7366678367427526e-06
cnv_depth__IBNLCO_05712__IBNLCO_05712__gene,24.15963165112267,1.7371917699474955e-06
cnv_depth__IBNLCO_03327__IBNLCO_03327__gene__promoter,24.1564241535804,1.7397988549795806e-06
cnv_depth__IBNLCO_04990__type__CDS__promoter,24.150792223133653,1.7443861249357595e-06
cnv_depth__IBNLCO_02516__hypothetical__CDS,24.131502345662906,1.7601908954007192e-06
cnv_depth__IBNLCO_02784__wcbG__gene__promoter,24.12973574999022,1.7616455427775411e-06
cnv_depth__IBNLCO_02909__IBNLCO_02909__gene__promoter,24.10380163972835,1.7831407111254033e-06
cnv_depth__IBNLCO_00426__histidine__CDS__promoter,24.098093596700654,1.787907276462272e-06
cnv_depth__IBNLCO_05336__N-acetylmuramoyl-L-alanine__CDS,24.0908619571745,1.7939646573856616e-06
cnv_depth__IBNLCO_01900__GTPase__CDS,24.072749726754505,1.809227159634572e-06
cnv_depth__IBNLCO_02215__IBNLCO_02215__gene,24.059271494399173,1.8206699759155414e-06
cnv_depth__IBNLCO_02318__IBNLCO_02318__gene__promoter,24.051228002909337,1.8275336432347523e-06
cnv_depth__IBNLCO_00058__IBNLCO_00058__gene,24.03897362572097,1.8380409075408683e-06
cnv_depth__IBNLCO_03981__hypothetical__CDS,24.038130277019317,1.838766263823607e-06
cnv_depth__IBNLCO_00418__HTH__CDS,24.036014651168163,1.8405871686850665e-06
cnv_depth__IBNLCO_02228__Methyltransferase__CDS,24.031235772923715,1.8447070355972917e-06
cnv_depth__IBNLCO_02790__capsular__CDS__promoter,24.027722824677525,1.8477414951187961e-06
cnv_depth__IBNLCO_02913__IBNLCO_02913__gene__promoter,24.02139927436835,1.8532164674608302e-06
cnv_depth__IBNLCO_02904__SHSP__CDS,24.020592133662962,1.8539164756626583e-06
cnv_depth__IBNLCO_03060__IBNLCO_03060__gene,24.013952296252523,1.8596851646242765e-06
cnv_depth__IBNLCO_02450__Protein__CDS__promoter,24.01124066209439,1.8620462520499734e-06
cnv_depth__IBNLCO_05627__Rhodanese__CDS__promoter,24.008936011024748,1.864055353610649e-06
cnv_depth__IBNLCO_02751__Flagellar__CDS,24.005925604459517,1.8666830086461903e-06
cnv_depth__IBNLCO_02871__IBNLCO_02871__gene,24.005851792309212,1.8667474831676717e-06
cnv_depth__IBNLCO_01385__IBNLCO_01385__gene,23.995364616185693,1.8759309181278529e-06
cnv_depth__IBNLCO_01480__IBNLCO_01480__gene,23.99075006057162,1.8799862734916542e-06
cnv_depth__IBNLCO_03730__IBNLCO_03730__gene__promoter,23.98055990438702,1.8889730210146407e-06
cnv_depth__IBNLCO_03639__Urea__CDS,23.948245445039245,1.917759825279409e-06
cnv_depth__IBNLCO_00193__HAD__CDS,23.92640579988251,1.9374663284424294e-06
cnv_depth__IBNLCO_04516__IBNLCO_04516__gene__promoter,23.924403329976343,1.939283435376474e-06
cnv_depth__IBNLCO_04331__IBNLCO_04331__gene,23.912146970431362,1.9504428997528135e-06
cnv_depth__IBNLCO_00174__IBNLCO_00174__gene__promoter,23.91069230433464,1.9517716857427935e-06
cnv_depth__IBNLCO_01246__hypothetical__CDS__promoter,23.88336775708314,1.976902612478991e-06
cnv_depth__IBNLCO_01948__Undecaprenyl-phosphate__CDS__promoter,23.8706974604263,1.988666609270245e-06
cnv_depth__IBNLCO_05587__IraD/Gp25-like__CDS__promoter,23.870138405582974,1.98918730392241e-06
cnv_depth__IBNLCO_05106__HrpB1__CDS,23.868248556817477,1.9909485001877034e-06
cnv_depth__IBNLCO_01286__Malonate__CDS,23.854343752916996,2.003955335473681e-06
cnv_depth__IBNLCO_01688__IBNLCO_01688__gene,23.854192252578425,2.004097524490695e-06
cnv_depth__IBNLCO_02051__Transcription-repair-coupling__CDS__promoter,23.853006051761888,2.0052111734940367e-06
cnv_depth__IBNLCO_02931__IBNLCO_02931__gene__promoter,23.85048969003259,2.00757570024246e-06
cnv_depth__IBNLCO_01382__hypothetical__CDS__promoter,23.84607324056553,2.0117324888232727e-06
cnv_depth__IBNLCO_03674__asmA__gene,23.846030273032742,2.011772972871581e-06
cnv_depth__IBNLCO_00951__CHASE2__CDS__promoter,23.842018729170334,2.0155562869038886e-06
cnv_depth__IBNLCO_01887__bamD__gene,23.825651436729213,2.0310671529895676e-06
cnv_depth__IBNLCO_01447__Myo-inositol__CDS__promoter,23.81962355897817,2.0368100056057555e-06
cnv_depth__IBNLCO_00793__efflux__CDS,23.813601492059963,2.042563730484592e-06
cnv_depth__IBNLCO_04307__IBNLCO_04307__gene,23.812719523817258,2.0434077781173457e-06
cnv_depth__IBNLCO_00090__Betaproteobacteria_toxic_sRNA__gene__promoter,23.805343867968332,2.0504801462479908e-06
cnv_depth__IBNLCO_00434__IBNLCO_00434__gene,23.80429648725287,2.0514864650816494e-06
cnv_depth__IBNLCO_02596__1-aminocyclopropane-1-carboxylate__CDS,23.783607217511015,2.071467387128676e-06
cnv_depth__IBNLCO_04271__HTH__CDS,23.78000942759384,2.0749620456118173e-06
cnv_depth__IBNLCO_05599__FHA-family__CDS__promoter,23.771757729782948,2.0829997571921224e-06
cnv_depth__IBNLCO_02952__IBNLCO_02952__gene__promoter,23.768173552739785,2.0865007958458605e-06
cnv_depth__IBNLCO_05716__IBNLCO_05716__gene,23.765006232435923,2.0895996030150173e-06
cnv_depth__IBNLCO_04512__Winged__CDS__promoter,23.75482814805296,2.0995890873093666e-06
cnv_depth__IBNLCO_00177__mrdA__gene__promoter,23.740981553447387,2.113256745945231e-06
cnv_depth__IBNLCO_05386__IBNLCO_05386__gene,23.740873001010364,2.1133642505186786e-06
cnv_depth__IBNLCO_00291__Carbohydrate__CDS__promoter,23.739672621285592,2.114553411929361e-06
cnv_depth__IBNLCO_03973__gnl|Bakta|IBNLCO_03973__CDS__promoter,23.73955020516692,2.114674722032531e-06
cnv_depth__IBNLCO_00047__IBNLCO_00047__gene,23.73934894224508,2.1148741818746845e-06
cnv_depth__IBNLCO_02092__GMP__CDS,23.737429739344805,2.1167771475821713e-06
cnv_depth__IBNLCO_02261__IBNLCO_02261__gene,23.721500965589705,2.1326381788019313e-06
cnv_depth__IBNLCO_04346__IBNLCO_04346__gene__promoter,23.720000701105764,2.1341382462729242e-06
cnv_depth__IBNLCO_05315__IBNLCO_05315__gene,23.716654246100806,2.137488110047939e-06
cnv_depth__IBNLCO_02362__IBNLCO_02362__gene,23.700858404916566,2.1533720191843464e-06
cnv_depth__IBNLCO_05505__IBNLCO_05505__gene__promoter,23.697714161561233,2.156548019805298e-06
cnv_depth__IBNLCO_05670__VOC__CDS,23.69457596354179,2.1597226406924425e-06
cnv_depth__IBNLCO_03256__Phosphatidylethanolamine-binding__CDS__promoter,23.694437026505355,2.159863299544649e-06
cnv_depth__IBNLCO_05617__Transcriptional__CDS__promoter,23.69387554960472,2.160431829141264e-06
cnv_depth__IBNLCO_04097__IBNLCO_04097__gene__promoter,23.685807824810375,2.1686176337416944e-06
cnv_depth__IBNLCO_04149__two-component__CDS,23.68468179210182,2.1697626405389124e-06
cnv_depth__IBNLCO_05188__IBNLCO_05188__gene__promoter,23.67664102388085,2.1779567004650742e-06
cnv_depth__IBNLCO_03660__IBNLCO_03660__gene,23.67581581584702,2.178799410341797e-06
cnv_depth__IBNLCO_05137__IBNLCO_05137__gene__promoter,23.664934892843068,2.1899420163636693e-06
cnv_depth__IBNLCO_03118__trnT__gene,23.65532341607022,2.19983260617061e-06
cnv_depth__IBNLCO_00358__IBNLCO_00358__gene,23.644954745135497,2.2105530733606154e-06
cnv_depth__IBNLCO_00397__IBNLCO_00397__gene,23.644202889379518,2.211332491431584e-06
cnv_depth__IBNLCO_01313__IBNLCO_01313__gene__promoter,23.644150944642778,2.211386350682285e-06
cnv_depth__IBNLCO_02791__hypothetical__CDS__promoter,23.643027998478566,2.2125510095877683e-06
cnv_depth__IBNLCO_00748__Succinate--CoA__CDS__promoter,23.639620123881603,2.2160892740748596e-06
cnv_depth__IBNLCO_03969__IBNLCO_03969__gene__promoter,23.62326118123949,2.2331540152427434e-06
cnv_depth__IBNLCO_04766__IBNLCO_04766__gene,23.62085480582394,2.235675407561738e-06
cnv_depth__IBNLCO_00082__gnl|Bakta|IBNLCO_00082__CDS__promoter,23.620135014676887,2.236430161980928e-06
cnv_depth__IBNLCO_03164__sn-glycerol-3-phosphate__CDS,23.615439481988485,2.241360107961091e-06
cnv_depth__IBNLCO_03484__IBNLCO_03484__gene__promoter,23.615122781165923,2.2416930149424846e-06
cnv_depth__IBNLCO_04134__putative__CDS,23.61467640460769,2.2421623183708143e-06
cnv_depth__IBNLCO_00268__flgC__gene__promoter,23.612496767101035,2.2444553352558913e-06
cnv_depth__IBNLCO_00345__IBNLCO_00345__gene,23.60590858677806,2.251400653754827e-06
cnv_depth__IBNLCO_02536__IBNLCO_02536__gene,23.60385271577901,2.253572420629621e-06
cnv_depth__IBNLCO_02715__Purine__CDS__promoter,23.599295573325282,2.258394024643785e-06
cnv_depth__IBNLCO_01584__IBNLCO_01584__gene,23.578680418086222,2.280336293658449e-06
cnv_depth__IBNLCO_03288__IBNLCO_03288__gene,23.575483844356516,2.2837579171095207e-06
cnv_depth__IBNLCO_01464__IBNLCO_01464__gene,23.57247139810638,2.2869872051278816e-06
cnv_depth__IBNLCO_03527__IBNLCO_03527__gene__promoter,23.53486669927864,2.327689815839744e-06
cnv_depth__IBNLCO_04214__HTH-type__CDS,23.498548232080587,2.3676961407152683e-06
cnv_depth__IBNLCO_05259__(2Fe-2S)-binding__CDS__promoter,23.49440613748829,2.3723028192961637e-06
cnv_depth__IBNLCO_03338__gnl|Bakta|IBNLCO_03338__CDS,23.494356089606303,2.3723585360539025e-06
cnv_depth__IBNLCO_03578__IBNLCO_03578__gene,23.482903371568465,2.385143381051127e-06
cnv_depth__IBNLCO_04506__Polyketide__CDS,23.46538296913907,2.404836737138197e-06
cnv_depth__IBNLCO_02289__Rhodanese__CDS,23.46369870054685,2.4067385443468124e-06
cnv_depth__IBNLCO_01265__Transcriptional__CDS,23.44466315830839,2.4283388059502725e-06
cnv_depth__IBNLCO_02058__hypothetical__CDS__promoter,23.43937307476752,2.434376403010825e-06
cnv_depth__IBNLCO_01917__surE__gene,23.43685812790399,2.4372520492324326e-06
cnv_depth__IBNLCO_00322__IBNLCO_00322__gene__promoter,23.43435375096186,2.4401190256584902e-06
cnv_depth__IBNLCO_05127__HTH__CDS__promoter,23.433393878880175,2.4412187786019018e-06
cnv_depth__IBNLCO_04258__gnl|Bakta|IBNLCO_04258__CDS,23.431032211099673,2.443926744855556e-06
cnv_depth__IBNLCO_03589__IBNLCO_03589__gene,23.421881783814744,2.4544476658174653e-06
cnv_depth__IBNLCO_04183__IBNLCO_04183__gene,23.416636896609532,2.4604987531131704e-06
cnv_depth__IBNLCO_02883__ruvA__gene,23.41239460835402,2.465404173070895e-06
cnv_depth__IBNLCO_02945__IBNLCO_02945__gene__promoter,23.390596279966566,2.4907664274192193e-06
cnv_depth__IBNLCO_02895__IBNLCO_02895__gene,23.381245345601428,2.5017269731167423e-06
cnv_depth__IBNLCO_04062__Bacteriophage__CDS__promoter,23.37699871503169,2.5067206967988806e-06
cnv_depth__IBNLCO_04760__Putative__CDS,23.369482946447224,2.5155834244172587e-06
cnv_depth__IBNLCO_04283__IBNLCO_04283__gene,23.36580271259052,2.519934780745818e-06
cnv_depth__IBNLCO_03974__Type__CDS,23.35380321071409,2.534175475397352e-06
cnv_depth__IBNLCO_05788__Porin__CDS,23.351010471726433,2.5375014919166517e-06
cnv_depth__IBNLCO_02935__IBNLCO_02935__gene__promoter,23.31853274388042,2.576506866079133e-06
cnv_depth__IBNLCO_03567__Major__CDS__promoter,23.31014332231619,2.5866807155058927e-06
cnv_depth__IBNLCO_05787__SHSP__CDS,23.30796585803209,2.5893279652558773e-06
cnv_depth__IBNLCO_05114__hypothetical__CDS,23.305491675257095,2.5923392781132683e-06
cnv_depth__IBNLCO_05385__Anthranilate__CDS__promoter,23.272622674450087,2.6326818849337667e-06
cnv_depth__IBNLCO_02010__gnl|Bakta|IBNLCO_02010__CDS,23.26159719902044,2.646356121833386e-06
cnv_depth__IBNLCO_01589__DUF559__CDS__promoter,23.252593798302676,2.6575758012014617e-06
cnv_depth__IBNLCO_04115__IBNLCO_04115__gene__promoter,23.239897080638077,2.6734798110942206e-06
cnv_depth__IBNLCO_03305__cheD__gene__promoter,23.230576379262036,2.6852162772693325e-06
cnv_depth__IBNLCO_02789__wcbD__gene,23.22854359439749,2.687782843308875e-06
cnv_depth__IBNLCO_02007__Bifunctional__CDS,23.224423375840257,2.6929925928218105e-06
cnv_depth__IBNLCO_01872__Phosphate__CDS__promoter,23.2239125138989,2.6936392563926773e-06
cnv_depth__IBNLCO_04592__LuxR__CDS,23.221447359527463,2.6967619284453713e-06
cnv_depth__IBNLCO_02029__IBNLCO_02029__gene,23.21319955854736,2.7072362818126026e-06
cnv_depth__IBNLCO_00728__Phytanoyl-CoA__CDS,23.20132470928717,2.722389190618354e-06
cnv_depth__IBNLCO_04956__HTH__CDS,23.19723403603042,2.72762895084598e-06
cnv_depth__IBNLCO_01667__IBNLCO_01667__gene__promoter,23.188291130002824,2.7391195314662603e-06
cnv_depth__IBNLCO_00197__Response__CDS__promoter,23.173444200546555,2.7583043747375517e-06
cnv_depth__IBNLCO_00697__IBNLCO_00697__gene,23.165021740907157,2.7692480714798472e-06
cnv_depth__IBNLCO_05089__IBNLCO_05089__gene__promoter,23.161203698514882,2.7742234982726743e-06
cnv_depth__IBNLCO_04557__Molecular__CDS,23.15789373061601,2.7785441560080462e-06
cnv_depth__IBNLCO_00723__atsR__gene,23.157631855518655,2.7788862845501763e-06
cnv_depth__IBNLCO_02344__gnl|Bakta|IBNLCO_02344__CDS,23.155394768410833,2.7818106808973768e-06
cnv_depth__IBNLCO_03939__IBNLCO_03939__gene__promoter,23.140645876863267,2.8011690504307393e-06
cnv_depth__IBNLCO_02156__Malate__CDS,23.139908041456575,2.802141055025045e-06
cnv_depth__IBNLCO_03466__Universal__CDS,23.116188382468685,2.83357125042307e-06
cnv_depth__IBNLCO_05824__IBNLCO_05824__gene__promoter,23.115481395097746,2.8345135140776943e-06
cnv_depth__IBNLCO_02029__IBNLCO_02029__gene__promoter,23.1128589732868,2.8380114146828893e-06
cnv_depth__IBNLCO_00996__IBNLCO_00996__gene__promoter,23.074028938490752,2.8903188548846777e-06
cnv_depth__IBNLCO_05700__IBNLCO_05700__gene,23.069464177577938,2.8965317413061977e-06
cnv_depth__IBNLCO_03588__dbpA__gene__promoter,23.059019210843218,2.910798803215744e-06
cnv_depth__IBNLCO_01377__IBNLCO_01377__gene,23.02774974229756,2.9539372483053497e-06
cnv_depth__IBNLCO_01474__Lysophospholipid__CDS__promoter,23.02408154233257,2.9590400140492665e-06
cnv_depth__IBNLCO_00732__NADP-dependent__CDS,23.024079113675704,2.9590433954629674e-06
cnv_depth__IBNLCO_03920__IBNLCO_03920__gene__promoter,23.018235162919726,2.9671912527077407e-06
cnv_depth__IBNLCO_03312__flagellar__CDS__promoter,23.01813812824213,2.9673267336027883e-06
cnv_depth__IBNLCO_00383__IBNLCO_00383__gene,23.01470341745631,2.972126350152141e-06
cnv_depth__IBNLCO_01019__hypothetical__CDS,23.009911859394396,2.9788351353984822e-06
cnv_depth__IBNLCO_00497__N-acetylglucosamine-6-phosphate__CDS,22.981628201331553,3.0187492617608057e-06
cnv_depth__IBNLCO_01782__histidine__CDS,22.967297407132687,3.0391791776704814e-06
cnv_depth__IBNLCO_04043__Isochorismate__CDS,22.964769620627045,3.0427972710486352e-06
cnv_depth__IBNLCO_05823__hypothetical__CDS,22.963333860572288,3.0448542565893998e-06
cnv_depth__IBNLCO_02162__tRNA-Glu(ttc)__tRNA,22.953958204192364,3.0583212245376854e-06
cnv_depth__IBNLCO_01460__IBNLCO_01460__gene,22.946263188220207,3.069419194472804e-06
cnv_depth__IBNLCO_01453__IBNLCO_01453__gene,22.933351700235317,3.0881321618984824e-06
cnv_depth__IBNLCO_03010__IBNLCO_03010__gene,22.933344468859026,3.0881426748156137e-06
cnv_depth__IBNLCO_00567__IBNLCO_00567__gene,22.931373518874324,3.0910093769672335e-06
cnv_depth__IBNLCO_03171__Type__CDS,22.929543958833104,3.0936728411224667e-06
cnv_depth__IBNLCO_02352__IBNLCO_02352__gene,22.92866370414624,3.0949551389361918e-06
cnv_depth__IBNLCO_01026__hypothetical__CDS,22.909494040606617,3.1230140715653694e-06
cnv_depth__IBNLCO_05727__PRC-barrel__CDS__promoter,22.90355691461212,3.1317564484543207e-06
cnv_depth__IBNLCO_04767__diguanylate__CDS__promoter,22.90023374773836,3.1366605966950606e-06
cnv_depth__IBNLCO_00387__IBNLCO_00387__gene__promoter,22.88670408581447,3.156707308361554e-06
cnv_depth__IBNLCO_01251__Histidine__CDS,22.88086920253991,3.1653927485319686e-06
cnv_depth__IBNLCO_02918__Gluconate__CDS,22.87991560938351,3.166814505058546e-06
cnv_depth__IBNLCO_02997__corB__gene__promoter,22.863233034749896,3.1917921611056783e-06
cnv_depth__IBNLCO_03818__IBNLCO_03818__gene,22.863160102586637,3.1919017939865866e-06
cnv_depth__IBNLCO_02803__IBNLCO_02803__gene__promoter,22.858857141610997,3.1983768295525245e-06
cnv_depth__IBNLCO_01514__Insertion__CDS__promoter,22.853199862937412,3.206910057991784e-06
cnv_depth__IBNLCO_03382__IBNLCO_03382__gene,22.839856895501573,3.227127474121849e-06
cnv_depth__IBNLCO_05243__IBNLCO_05243__gene,22.833911366349117,3.2361777102659284e-06
cnv_depth__IBNLCO_03158__Amino-acid__CDS__promoter,22.826512413452924,3.2474762221184196e-06
cnv_depth__IBNLCO_00498__IBNLCO_00498__gene__promoter,22.821228827591398,3.2555689076926927e-06
cnv_depth__IBNLCO_03955__DUF403__CDS,22.81932606671416,3.2584882971546945e-06
cnv_depth__IBNLCO_04697__IBNLCO_04697__gene__promoter,22.80998066381401,3.2728653805710317e-06
cnv_depth__IBNLCO_03099__OmpA-like__CDS,22.809095704485824,3.274230136407303e-06
cnv_depth__IBNLCO_03003__DNA__CDS__promoter,22.80491152125441,3.2806906535230154e-06
cnv_depth__IBNLCO_05198__LLM__CDS,22.794795629063376,3.296363281725283e-06
cnv_depth__IBNLCO_00495__lysR__gene,22.791590581868988,3.301344677581853e-06
cnv_depth__IBNLCO_00842__Long-chain-fatty-acid--CoA__CDS,22.781104450848805,3.3176958947791832e-06
cnv_depth__IBNLCO_00474__IBNLCO_00474__gene,22.762005653820317,3.3476879133377267e-06
cnv_depth__IBNLCO_01988__IBNLCO_01988__gene__promoter,22.750135864721905,3.3664659052167097e-06
cnv_depth__IBNLCO_03078__Amino__CDS,22.74808117267843,3.3697272338176694e-06
cnv_depth__IBNLCO_04820__hypothetical__CDS,22.744737774837947,3.375040909408737e-06
cnv_depth__IBNLCO_05680__IBNLCO_05680__gene,22.74154376268485,3.380125086751833e-06
cnv_depth__IBNLCO_04706__uroporphyrinogen-III__CDS,22.736747726134574,3.3877739042702948e-06
cnv_depth__IBNLCO_02783__wcbH__gene,22.73372885318674,3.392597446741093e-06
cnv_depth__IBNLCO_01315__Dihydropteroate__CDS,22.715589633409547,3.421726943362038e-06
cnv_depth__IBNLCO_05461__Thymidine__CDS__promoter,22.70231016710118,3.4432126324334327e-06
cnv_depth__IBNLCO_04602__N-acetyltransferase__CDS,22.701966644279654,3.4437702480638223e-06
cnv_depth__IBNLCO_04237__gerE__gene__promoter,22.69848594483469,3.44942537215195e-06
cnv_depth__IBNLCO_05729__IBNLCO_05729__gene,22.69195357336556,3.460063962150565e-06
cnv_depth__IBNLCO_00236__histidine__CDS__promoter,22.689290208315196,3.4644110312742584e-06
cnv_depth__IBNLCO_00299__IBNLCO_00299__gene,22.682595792007106,3.4753618941213225e-06
cnv_depth__IBNLCO_00733__lysR__gene,22.67904495622427,3.4811846379024732e-06
cnv_depth__IBNLCO_04395__IBNLCO_04395__gene__promoter,22.67787164327736,3.4831108337019345e-06
cnv_depth__IBNLCO_00102__IBNLCO_00102__gene__promoter,22.668129372631533,3.499146177058724e-06
cnv_depth__IBNLCO_05334__Cysteine-rich__CDS__promoter,22.66512572488179,3.504105102085884e-06
cnv_depth__IBNLCO_00656__IBNLCO_00656__gene,22.641910521232887,3.5426733938899092e-06
cnv_depth__IBNLCO_03744__IBNLCO_03744__gene__promoter,22.61752323840714,3.5836518238053347e-06
cnv_depth__IBNLCO_03357__gnl|Bakta|IBNLCO_03357__CDS,22.61466339304138,3.58848860394799e-06
cnv_depth__IBNLCO_03857__IBNLCO_03857__gene__promoter,22.601350570732023,3.6110913471111867e-06
cnv_depth__IBNLCO_05693__IBNLCO_05693__gene__promoter,22.59347180317121,3.624535880575664e-06
cnv_depth__IBNLCO_02834__phnL__gene,22.589793193894156,3.6308304946696006e-06
cnv_depth__IBNLCO_01221__IBNLCO_01221__gene__promoter,22.587638819723196,3.6345220662214867e-06
cnv_depth__IBNLCO_01375__hypothetical__CDS__promoter,22.586847980743006,3.6358781407616585e-06
cnv_depth__IBNLCO_03047__IBNLCO_03047__gene__promoter,22.582170447247286,3.6439093224076343e-06
cnv_depth__IBNLCO_00336__IBNLCO_00336__gene__promoter,22.576843042357037,3.6530781880166064e-06
cnv_depth__IBNLCO_04488__DUF1453__CDS,22.565038956341127,3.67347719522882e-06
cnv_depth__IBNLCO_01156__IBNLCO_01156__gene,22.559401398862068,3.68326027854542e-06
cnv_depth__IBNLCO_01911__rlmD__gene,22.55117143135383,3.69758944917398e-06
cnv_depth__IBNLCO_04590__DUF2165__CDS,22.545724490494543,3.707104119408177e-06
cnv_depth__IBNLCO_02950__Nicotinamide-nucleotide__CDS__promoter,22.540248581223736,3.716694372668645e-06
cnv_depth__IBNLCO_03925__Spermidine/putrescine__CDS,22.53844134157616,3.719864996965668e-06
cnv_depth__IBNLCO_05208__Succinate__CDS,22.538411052289945,3.7199181598617214e-06
cnv_depth__IBNLCO_01532__gnl|Bakta|IBNLCO_01532__CDS,22.53322361595644,3.729034355031451e-06
cnv_depth__IBNLCO_04993__tssL__gene,22.504573164657454,3.779792431338603e-06
cnv_depth__IBNLCO_05704__Cation/H+__CDS,22.495735795701158,3.7955897025924774e-06
cnv_depth__IBNLCO_04514__LysR__CDS,22.48739392962703,3.8105625488905015e-06
cnv_depth__IBNLCO_05673__Ubiquinone__CDS__promoter,22.481949418385398,3.82036715365854e-06
cnv_depth__IBNLCO_02994__IBNLCO_02994__gene__promoter,22.478751104620923,3.826138655258499e-06
cnv_depth__IBNLCO_02831__Phosphite__CDS,22.455332231423455,3.868668864691357e-06
cnv_depth__IBNLCO_02962__IBNLCO_02962__gene__promoter,22.448628107896234,3.880931870741675e-06
cnv_depth__IBNLCO_04687__IBNLCO_04687__gene__promoter,22.442872617851474,3.891491047626073e-06
cnv_depth__IBNLCO_04464__YiaAB__CDS,22.44096735352404,3.89499289983809e-06
cnv_depth__IBNLCO_03704__Putative__CDS__promoter,22.43982128252389,3.89710090042758e-06
cnv_depth__IBNLCO_02956__IBNLCO_02956__gene,22.431069239318973,3.9132369091102515e-06
cnv_depth__IBNLCO_04971__IBNLCO_04971__gene,22.42924043670279,3.916617177797224e-06
cnv_depth__IBNLCO_02143__Alanine__CDS,22.415877568053517,3.941406314346729e-06
cnv_depth__IBNLCO_05847__2-hydroxy-1%2C4-benzoquinone__CDS__promoter,22.408863297507466,3.954481820441367e-06
cnv_depth__IBNLCO_04739__IBNLCO_04739__gene,22.404324611229512,3.9629659075227185e-06
cnv_depth__IBNLCO_01112__IBNLCO_01112__gene__promoter,22.398015801222268,3.974789470761544e-06
cnv_depth__IBNLCO_02414__Signal__CDS__promoter,22.378765548388017,4.011088227985489e-06
cnv_depth__IBNLCO_03696__cysW__gene__promoter,22.3704496960088,4.0268724212138065e-06
cnv_depth__IBNLCO_00396__IBNLCO_00396__gene,22.364927182015414,4.037389349032493e-06
cnv_depth__IBNLCO_01671__L-ornithine__CDS__promoter,22.364079806788226,4.0390055263563685e-06
cnv_depth__IBNLCO_00289__IBNLCO_00289__gene,22.362100422368176,4.042783308209655e-06
cnv_depth__IBNLCO_04639__Serine__CDS,22.342827489816134,4.0797544216598616e-06
cnv_depth__IBNLCO_00645__IBNLCO_00645__gene,22.32889664551994,4.106690787021656e-06
cnv_depth__IBNLCO_01384__IBNLCO_01384__gene__promoter,22.326185245809775,4.111954381519445e-06
cnv_depth__IBNLCO_02322__IBNLCO_02322__gene,22.325888904904843,4.112530076946577e-06
cnv_depth__IBNLCO_01256__ABC__CDS,22.312930280779245,4.137784486757852e-06
cnv_depth__IBNLCO_03841__Fumarate__CDS__promoter,22.310366623874895,4.142799239505698e-06
cnv_depth__IBNLCO_00535__Ribosome__CDS,22.301999722633663,4.1592085260873695e-06
cnv_depth__IBNLCO_02392__Trehalose__CDS__promoter,22.282350712264478,4.198003616305016e-06
cnv_depth__IBNLCO_01371__hypothetical__CDS__promoter,22.276645152102702,4.209337177715971e-06
cnv_depth__IBNLCO_01588__IBNLCO_01588__gene,22.276090581917146,4.210440429782127e-06
cnv_depth__IBNLCO_04276__Diguanylate__CDS,22.274114256196448,4.2143744778599785e-06
cnv_depth__IBNLCO_04232__H(+)/Cl(-)__CDS,22.259395033597094,4.2437916677477135e-06
cnv_depth__IBNLCO_02138__IBNLCO_02138__gene__promoter,22.247517045011623,4.267681984538899e-06
cnv_depth__IBNLCO_02275__IBNLCO_02275__gene,22.227785956122972,4.307668637228221e-06
cnv_depth__IBNLCO_02769__IBNLCO_02769__gene,22.213791266094326,4.336259724911456e-06
cnv_depth__IBNLCO_02070__IBNLCO_02070__gene,22.183322695052105,4.399173097448721e-06
cnv_depth__IBNLCO_00507__rpoH__gene__promoter,22.17519856985367,4.4161037908176e-06
cnv_depth__IBNLCO_00056__Transcription__CDS,22.11250068858457,4.549004982131791e-06
cnv_depth__IBNLCO_01685__Siroheme__CDS__promoter,22.085307635953285,4.607898381603838e-06
cnv_depth__IBNLCO_00747__DUF2889__CDS__promoter,22.073120556456047,4.634542479480488e-06
cnv_depth__IBNLCO_04473__hypothetical__CDS,22.063085141949703,4.656599541189579e-06
cnv_depth__IBNLCO_01301__IBNLCO_01301__gene__promoter,22.03277293017398,4.723870871147389e-06
cnv_depth__IBNLCO_04563__Methyltransferase__CDS,22.032182722761604,4.725190426858888e-06
cnv_depth__IBNLCO_02730__glutaryl-CoA__CDS,22.018526782077394,4.7558261049672965e-06
cnv_depth__IBNLCO_02153__uspA__gene,21.9992327940461,4.799453238462996e-06
cnv_depth__IBNLCO_00474__IBNLCO_00474__gene__promoter,21.982660367859037,4.837249790902613e-06
cnv_depth__IBNLCO_00945__TonB-dependent__CDS__promoter,21.98008727885815,4.843145173518307e-06
cnv_depth__IBNLCO_02154__IBNLCO_02154__gene,21.977617004851055,4.848811833185784e-06
cnv_depth__IBNLCO_01381__IBNLCO_01381__gene,21.975399478377206,4.853904422246606e-06
cnv_depth__IBNLCO_04299__Taurine__CDS,21.97090144909175,4.8642508638371425e-06
cnv_depth__IBNLCO_04288__Chemotaxis__CDS,21.97087724052209,4.864306609153846e-06
cnv_depth__IBNLCO_04344__IBNLCO_04344__gene__promoter,21.969120738919518,4.868353049413621e-06
cnv_depth__IBNLCO_02222__Transmembrane__CDS,21.964576626248764,4.878837108034562e-06
cnv_depth__IBNLCO_02979__IBNLCO_02979__gene,21.96212036333739,4.884513647598697e-06
cnv_depth__IBNLCO_01578__IBNLCO_01578__gene__promoter,21.94834661236875,4.916469539206957e-06
cnv_depth__IBNLCO_03469__IBNLCO_03469__gene__promoter,21.942853421202773,4.929273019840434e-06
cnv_depth__IBNLCO_01686__IBNLCO_01686__gene__promoter,21.942058960309218,4.931127534102391e-06
cnv_depth__IBNLCO_04804__IBNLCO_04804__gene__promoter,21.92582865516357,4.9691690230947675e-06
cnv_depth__IBNLCO_03959__IBNLCO_03959__gene,21.910015727895427,5.006517989261895e-06
cnv_depth__IBNLCO_05777__IBNLCO_05777__gene,21.902400908185122,5.0246048856207625e-06
cnv_depth__IBNLCO_05579__IBNLCO_05579__gene,21.895716582276876,5.0405361655787565e-06
cnv_depth__IBNLCO_00190__Demethylrebeccamycin-D-glucose__CDS__promoter,21.8877942211489,5.059484390611081e-06
cnv_depth__IBNLCO_01042__IBNLCO_01042__gene,21.881601661037156,5.074345583162701e-06
cnv_depth__IBNLCO_04735__Phosphopantetheine__CDS__promoter,21.86190232186091,5.12191551960035e-06
cnv_depth__IBNLCO_04110__HTH-type__CDS,21.856126475284764,5.135948434602997e-06
cnv_depth__IBNLCO_04466__IBNLCO_04466__gene,21.84679950847044,5.1586913279569006e-06
cnv_depth__IBNLCO_05059__yhjQ__gene,21.82743044288499,5.2062471596726965e-06
cnv_depth__IBNLCO_02296__putative__CDS,21.821323102558054,5.221334035905609e-06
cnv_depth__IBNLCO_03958__IBNLCO_03958__gene,21.817160159635396,5.2316430550941e-06
cnv_depth__IBNLCO_02552__Porin__CDS__promoter,21.803741987229063,5.265011986706894e-06
cnv_depth__IBNLCO_02458__IBNLCO_02458__gene,21.795937048213318,5.284520708095473e-06
cnv_depth__IBNLCO_01968__Glyoxylate__CDS__promoter,21.79519404220104,5.286381688780978e-06
cnv_depth__IBNLCO_02160__N-acetyltransferase__CDS__promoter,21.788171314764533,5.304004069850483e-06
cnv_depth__IBNLCO_04398__IBNLCO_04398__gene__promoter,21.7833329251761,5.316179805926622e-06
cnv_depth__IBNLCO_02906__Co-chaperonin__CDS__promoter,21.771536725477855,5.34598350089279e-06
cnv_depth__IBNLCO_05504__Glutamate/aspartate__CDS,21.76251665901314,5.368887240903699e-06
cnv_depth__IBNLCO_05730__IBNLCO_05730__gene__promoter,21.75693954093237,5.3830983282334084e-06
cnv_depth__IBNLCO_05632__IBNLCO_05632__gene__promoter,21.749289411381817,5.402653638016535e-06
cnv_depth__IBNLCO_03181__ccsB__gene__promoter,21.72776620761933,5.45805809455548e-06
cnv_depth__IBNLCO_00428__IBNLCO_00428__gene,21.719561844118218,5.479328668345509e-06
cnv_depth__IBNLCO_04945__aldehyde__CDS,21.713204152359012,5.495869274625076e-06
cnv_depth__IBNLCO_02820__Acid__CDS,21.692242537817805,5.5507634116592735e-06
cnv_depth__IBNLCO_01339__hypothetical__CDS,21.68699268536866,5.564598404271523e-06
cnv_depth__IBNLCO_00415__IBNLCO_00415__gene__promoter,21.677675889162423,5.589237072853838e-06
cnv_depth__IBNLCO_05140__Linalool__CDS,21.67666179578121,5.591925543195482e-06
cnv_depth__IBNLCO_01461__Efflux__CDS__promoter,21.674038849122056,5.598885330458595e-06
cnv_depth__IBNLCO_03384__aidB__gene__promoter,21.67115641067313,5.606543774204431e-06
cnv_depth__IBNLCO_01871__AsmA__CDS,21.662516865747975,5.62956205615081e-06
cnv_depth__IBNLCO_02051__IBNLCO_02051__gene,21.657381989410368,5.6432881824294215e-06
cnv_depth__IBNLCO_03577__diguanylate__CDS__promoter,21.641265587815955,5.686589680013826e-06
cnv_depth__IBNLCO_01746__DUF1109__CDS,21.637215925877396,5.697523084285431e-06
cnv_depth__IBNLCO_01456__IBNLCO_01456__gene,21.626687312459694,5.726048268388189e-06
cnv_depth__IBNLCO_05627__IBNLCO_05627__gene,21.623021865846862,5.7360129632105516e-06
cnv_depth__IBNLCO_03373__IBNLCO_03373__gene,21.617726015635554,5.750441006241796e-06
cnv_depth__IBNLCO_02665__dTDP-4-dehydrorhamnose__CDS__promoter,21.604290394748958,5.7872101657529655e-06
cnv_depth__IBNLCO_03090__IBNLCO_03090__gene,21.599052607577367,5.8016087834365615e-06
cnv_depth__IBNLCO_02527__Aspartyl-tRNA(Asn)/glutamyl-tRNA(Gln)__CDS,21.58918000290537,5.828847152087011e-06
cnv_depth__IBNLCO_01501__Transcriptional__CDS,21.58713788904147,5.8344974549713216e-06
cnv_depth__IBNLCO_05635__IBNLCO_05635__gene__promoter,21.581798801327785,5.849296336351352e-06
cnv_depth__IBNLCO_01249__Major__CDS,21.57726742129355,5.861886226251318e-06
cnv_depth__IBNLCO_05002__bopA__gene,21.575195573973083,5.867651739351017e-06
cnv_depth__IBNLCO_01579__trnfM__gene__promoter,21.574361511132157,5.869974380508488e-06
cnv_depth__IBNLCO_05629__IBNLCO_05629__gene__promoter,21.572735711094325,5.874504473291598e-06
cnv_depth__IBNLCO_01535__Heme/hemopexin__CDS__promoter,21.57033308079626,5.881205590033533e-06
cnv_depth__IBNLCO_02592__IBNLCO_02592__gene__promoter,21.545286280586808,5.951525585278695e-06
cnv_depth__IBNLCO_04805__IBNLCO_04805__gene,21.515689812028608,6.0357172354156065e-06
cnv_depth__IBNLCO_00896__IBNLCO_00896__gene__promoter,21.512015276734278,6.046253820502986e-06
cnv_depth__IBNLCO_01682__Carboxylesterase__CDS,21.463792288261217,6.186269870703314e-06
cnv_depth__IBNLCO_05111__IBNLCO_05111__gene__promoter,21.462602680425004,6.189765099372055e-06
cnv_depth__IBNLCO_00444__Thiosulfate__CDS,21.461805254061172,6.192109165161727e-06
cnv_depth__IBNLCO_04862__IBNLCO_04862__gene__promoter,21.44094302058367,6.2537549022913965e-06
cnv_depth__IBNLCO_05055__Taurine__CDS__promoter,21.423543344215776,6.305644183337153e-06
cnv_depth__IBNLCO_00812__IBNLCO_00812__gene,21.423098466782058,6.306976596237696e-06
cnv_depth__IBNLCO_03715__IBNLCO_03715__gene,21.42045675413619,6.314894429554629e-06
cnv_depth__IBNLCO_02317__Gamma-glutamylputrescine__CDS__promoter,21.41866533621445,6.320269455777256e-06
cnv_depth__IBNLCO_02406__Elongation__CDS__promoter,21.402433475409225,6.369183677512667e-06
cnv_depth__IBNLCO_02504__Small__CDS,21.400348267421037,6.3754951104041775e-06
cnv_depth__IBNLCO_04686__IBNLCO_04686__gene__promoter,21.390382983078975,6.405745235663398e-06
cnv_depth__IBNLCO_00638__IBNLCO_00638__gene,21.376515490465675,6.448082708446986e-06
cnv_depth__IBNLCO_00092__Methylated-DNA--protein-cysteine__CDS__promoter,21.36462514061076,6.484609521181612e-06
cnv_depth__IBNLCO_05717__mipA__gene__promoter,21.351754793181954,6.524383033566136e-06
cnv_depth__IBNLCO_02042__DUF1800__CDS,21.346955518878293,6.539277483844019e-06
cnv_depth__IBNLCO_02755__2-dehydro-3-deoxyphosphooctonate__CDS,21.312505147897387,6.64720900070024e-06
cnv_depth__IBNLCO_05387__IBNLCO_05387__gene,21.306717179816882,6.665518647104024e-06
cnv_depth__IBNLCO_01027__Transcriptional__CDS__promoter,21.302715148296755,6.6782085196186025e-06
cnv_depth__IBNLCO_04780__gnl|Bakta|IBNLCO_04780__CDS__promoter,21.299833074238553,6.687362315542794e-06
cnv_depth__IBNLCO_02678__Chaperonin__CDS,21.29670179716294,6.6973220092834815e-06
cnv_depth__IBNLCO_02609__Bp1_738__gene,21.283783761880247,6.73856962170651e-06
cnv_depth__IBNLCO_01473__CBS__CDS__promoter,21.27469307048369,6.767750543953066e-06
cnv_depth__IBNLCO_04386__iclR__gene,21.270345841932198,6.781750244979257e-06
cnv_depth__IBNLCO_02776__D-glycero-alpha-D-manno-heptose-1%2C7-bisphosphate__CDS,21.231848962060063,6.907011358153565e-06
cnv_depth__IBNLCO_04968__Copper-containing__CDS,21.22635733035688,6.9250699734360214e-06
cnv_depth__IBNLCO_02053__IBNLCO_02053__gene,21.225247282855527,6.92872604480306e-06
cnv_depth__IBNLCO_04161__IBNLCO_04161__gene,21.218142302347182,6.952173465320465e-06
cnv_depth__IBNLCO_01508__IBNLCO_01508__gene__promoter,21.216001141881076,6.9592553345302574e-06
cnv_depth__IBNLCO_05133__Regulator__CDS__promoter,21.198759976407114,7.016547217307197e-06
cnv_depth__IBNLCO_00500__IBNLCO_00500__gene__promoter,21.197175904288187,7.02183493898327e-06
cnv_depth__IBNLCO_00345__Hydrolase-related__CDS__promoter,21.183074878620772,7.06908314665588e-06
cnv_depth__IBNLCO_04651__gnl|Bakta|IBNLCO_04651__CDS__promoter,21.170054497951657,7.112996279432744e-06
cnv_depth__IBNLCO_01884__Poly-beta-hydroxybutyrate__CDS__promoter,21.164678224185774,7.1312090278801225e-06
cnv_depth__IBNLCO_03665__mgtC__gene,21.164225223577525,7.132745775119327e-06
cnv_depth__IBNLCO_01738__gnl|Bakta|IBNLCO_01738__CDS,21.1625925384908,7.138287235473238e-06
cnv_depth__IBNLCO_04833__IBNLCO_04833__gene__promoter,21.149333627097796,7.1834507710873725e-06
cnv_depth__IBNLCO_02351__SUF__CDS__promoter,21.136698909604014,7.226757356337827e-06
cnv_depth__IBNLCO_01694__MFS__CDS__promoter,21.13219579296711,7.242256000373516e-06
cnv_depth__IBNLCO_02541__gnl|Bakta|IBNLCO_02541__CDS__promoter,21.11795057525259,7.2915066142320515e-06
cnv_depth__IBNLCO_03566__IBNLCO_03566__gene,21.10831574230647,7.325009679846164e-06
cnv_depth__IBNLCO_00049__Amino__CDS,21.093494333260367,7.376852561859454e-06
cnv_depth__IBNLCO_03853__IBNLCO_03853__gene,21.080674644355845,7.42199334533781e-06
cnv_depth__IBNLCO_03472__Serine__CDS__promoter,21.07832718357207,7.430289491257514e-06
cnv_depth__IBNLCO_04472__Serine__CDS,21.07543251732873,7.4405324424761154e-06
cnv_depth__IBNLCO_04479__Lipid__CDS,21.07498490586499,7.442117618624741e-06
cnv_depth__IBNLCO_00414__gnl|Bakta|IBNLCO_00414__CDS,21.067484244561808,7.468731479999767e-06
cnv_depth__IBNLCO_01098__hypothetical__CDS__promoter,21.06373904423554,7.482056261520701e-06
cnv_depth__IBNLCO_03250__IBNLCO_03250__gene,21.04648573660869,7.543752152588877e-06
cnv_depth__IBNLCO_04603__IBNLCO_04603__gene,21.041183617818387,7.562815225408056e-06
cnv_depth__IBNLCO_01465__IBNLCO_01465__gene,21.038615359647395,7.57206659048639e-06
cnv_depth__IBNLCO_02276__trnfM__gene,21.037064163843226,7.577659849472462e-06
cnv_depth__IBNLCO_04821__Prolyl__CDS,21.00623039285485,7.689711673443166e-06
cnv_depth__IBNLCO_01534__IBNLCO_01534__gene,20.987040356570073,7.760295076411219e-06
cnv_depth__IBNLCO_01302__Hydroxyacylglutathione__CDS,20.978994820008072,7.790082446038811e-06
cnv_depth__IBNLCO_03183__IBNLCO_03183__gene__promoter,20.965513747839303,7.840253837064713e-06
cnv_depth__IBNLCO_00971__sodC__gene,20.96424270888228,7.845001005005288e-06
cnv_depth__IBNLCO_01840__IBNLCO_01840__gene__promoter,20.961628676586493,7.854773232068951e-06
cnv_depth__IBNLCO_01215__IBNLCO_01215__gene__promoter,20.919846051886264,8.012656207225982e-06
cnv_depth__IBNLCO_00311__copper-binding__CDS__promoter,20.9133662641126,8.037427476416526e-06
cnv_depth__IBNLCO_00867__mdtD__gene,20.900036741089636,8.088628398108591e-06
cnv_depth__IBNLCO_03103__Type__CDS,20.886098310271034,8.142521574126382e-06
cnv_depth__IBNLCO_04013__Iron-sulfur__CDS,20.853222347359907,8.271081945886357e-06
cnv_depth__IBNLCO_03103__tssF__gene__promoter,20.851444889700655,8.278090921813145e-06
cnv_depth__IBNLCO_04725__IBNLCO_04725__gene,20.845635362109306,8.301041378536056e-06
cnv_depth__IBNLCO_00252__IBNLCO_00252__gene__promoter,20.833152367372737,8.350573493105433e-06
cnv_depth__IBNLCO_01004__histidine__CDS,20.82443954977856,8.385322933148123e-06
cnv_depth__IBNLCO_00229__Flagellar__CDS,20.80426159326115,8.466362283914392e-06
cnv_depth__IBNLCO_01558__Major__CDS__promoter,20.801896152957724,8.475914235498088e-06
cnv_depth__IBNLCO_04539__irlS__gene,20.799477226474096,8.485693457914761e-06
cnv_depth__IBNLCO_04259__Altronate__CDS__promoter,20.79063677389026,8.521530881884094e-06
cnv_depth__IBNLCO_04817__srpI__gene,20.78680982172326,8.537092079726261e-06
cnv_depth__IBNLCO_03844__Acetyl-coenzyme__CDS,20.78382542425955,8.549247240622385e-06
cnv_depth__IBNLCO_02790__wcbC__gene,20.77499191786066,8.58532806631912e-06
cnv_depth__IBNLCO_04099__IBNLCO_04099__gene__promoter,20.77371889174229,8.590540492742826e-06
cnv_depth__IBNLCO_03375__DZANK-type__CDS__promoter,20.769840516579745,8.606440327293138e-06
cnv_depth__IBNLCO_03069__Xaa-Pro__CDS__promoter,20.768766277488123,8.610849559334276e-06
cnv_depth__IBNLCO_02780__wcbK__gene__promoter,20.76036277638404,8.645420906955102e-06
cnv_depth__IBNLCO_05812__IBNLCO_05812__gene__promoter,20.75836149177528,8.653674738526941e-06
cnv_depth__IBNLCO_05333__DUF3501__CDS,20.756596176182565,8.66096199496847e-06
cnv_depth__IBNLCO_01234__RecBCD__CDS,20.75541310854825,8.66584919845335e-06
cnv_depth__IBNLCO_00319__hypothetical__CDS__promoter,20.75245721419039,8.678072085396633e-06
cnv_depth__IBNLCO_04516__IBNLCO_04516__gene,20.74373798410374,8.714228685154624e-06
cnv_depth__IBNLCO_04597__IBNLCO_04597__gene__promoter,20.734894622514606,8.751055873189948e-06
cnv_depth__IBNLCO_05299__IBNLCO_05299__gene__promoter,20.726756142662264,8.78508692233341e-06
cnv_depth__IBNLCO_04293__IBNLCO_04293__gene__promoter,20.72141693852124,8.807485575813728e-06
cnv_depth__IBNLCO_01326__IBNLCO_01326__gene__promoter,20.716237227777718,8.829270403096434e-06
cnv_depth__IBNLCO_01541__IBNLCO_01541__gene__promoter,20.693067918385474,8.927385840827492e-06
cnv_depth__IBNLCO_05216__Aconitate__CDS,20.683776569096697,8.967041590840766e-06
cnv_depth__IBNLCO_03860__IBNLCO_03860__gene__promoter,20.679238054575254,8.98647690919762e-06
cnv_depth__IBNLCO_03029__4Fe-4S__CDS__promoter,20.665234236703807,9.046714893172376e-06
cnv_depth__IBNLCO_05277__IBNLCO_05277__gene,20.65636505517145,9.085077384505672e-06
cnv_depth__IBNLCO_00402__IBNLCO_00402__gene,20.638040976094082,9.16485844510005e-06
cnv_depth__IBNLCO_01485__IBNLCO_01485__gene,20.632512370919887,9.189068450995233e-06
cnv_depth__IBNLCO_04503__IBNLCO_04503__gene__promoter,20.62654509741542,9.215272093828074e-06
cnv_depth__IBNLCO_03476__IBNLCO_03476__gene__promoter,20.625687744322533,9.219043136958372e-06
cnv_depth__IBNLCO_01097__IBNLCO_01097__gene,20.624535453399844,9.224113917634645e-06
cnv_depth__IBNLCO_02509__DUF2059__CDS__promoter,20.606796567244334,9.302533221317776e-06
cnv_depth__IBNLCO_02666__Glucose-1-phosphate__CDS__promoter,20.604088102621407,9.314565961715152e-06
cnv_depth__IBNLCO_03684__IBNLCO_03684__gene,20.588778078897178,9.382879923275825e-06
cnv_depth__IBNLCO_00952__Cobalamin-binding__CDS,20.56874133997624,9.473051931798289e-06
cnv_depth__IBNLCO_04769__DUF4365__CDS,20.567228277548647,9.479896753629824e-06
cnv_depth__IBNLCO_05626__IBNLCO_05626__gene,20.552763014489983,9.545588383394005e-06
cnv_depth__IBNLCO_01907__IBNLCO_01907__gene__promoter,20.54871090567111,9.564072902655563e-06
cnv_depth__IBNLCO_01680__Mg-protoporphyrin__CDS__promoter,20.548280666633982,9.566037653274105e-06
cnv_depth__IBNLCO_04294__gnl|Bakta|IBNLCO_04294__CDS,20.54496805873089,9.581178867072631e-06
cnv_depth__IBNLCO_03703__IBNLCO_03703__gene__promoter,20.541215269393017,9.598361381677069e-06
cnv_depth__IBNLCO_04948__IBNLCO_04948__gene__promoter,20.534721323845446,9.628168310604715e-06
cnv_depth__IBNLCO_02889__Tyrosine--tRNA__CDS,20.52461786821385,9.674729238788061e-06
cnv_depth__IBNLCO_04484__IBNLCO_04484__gene,20.520494400535206,9.693797360790718e-06
cnv_depth__IBNLCO_01869__eIF4A-inactivating__CDS,20.518035003585833,9.705188448998291e-06
cnv_depth__IBNLCO_04137__HTH__CDS,20.49988143939665,9.789689995649247e-06
cnv_depth__IBNLCO_04932__IBNLCO_04932__gene,20.49702380239708,9.803059496275766e-06
cnv_depth__IBNLCO_01404__IBNLCO_01404__gene__promoter,20.496705427794318,9.804550161391209e-06
cnv_depth__IBNLCO_00266__flagellar__CDS,20.49643990522802,9.805793542992937e-06
cnv_depth__IBNLCO_00740__IBNLCO_00740__gene,20.490140380912884,9.835339664188667e-06
cnv_depth__IBNLCO_04737__IBNLCO_04737__gene__promoter,20.48846747696431,9.843201083410516e-06
cnv_depth__IBNLCO_03080__Heat__CDS,20.480875188776064,9.878959318342601e-06
cnv_depth__IBNLCO_03342__Methyl-accepting__CDS__promoter,20.46568005693159,9.95092116310814e-06
cnv_depth__IBNLCO_04314__Universal__CDS__promoter,20.46275206394631,9.96484858544036e-06
cnv_depth__IBNLCO_01405__IBNLCO_01405__gene,20.45590394968528,9.997499767718909e-06
cnv_depth__IBNLCO_01181__IBNLCO_01181__gene,20.445965492310915,1.0045078264405937e-05
cnv_depth__IBNLCO_01237__IBNLCO_01237__gene__promoter,20.434425050984977,1.0100613806729844e-05
cnv_depth__IBNLCO_05698__IBNLCO_05698__gene__promoter,20.425635079459276,1.0143121938699971e-05
cnv_depth__IBNLCO_02049__2-C-methyl-D-erythritol__CDS__promoter,20.420697731279137,1.0167078282614058e-05
cnv_depth__IBNLCO_04991__Type__CDS,20.41463473273629,1.0196574767118603e-05
cnv_depth__IBNLCO_03978__Type__CDS__promoter,20.401979617074673,1.0258421463381572e-05
cnv_depth__IBNLCO_02561__dITP/XTP__CDS,20.397110299300852,1.0282319358222815e-05
cnv_depth__IBNLCO_01889__DUF465__CDS__promoter,20.393983485653916,1.0297695021291802e-05
cnv_depth__IBNLCO_05054__Taurine__CDS__promoter,20.38521972677633,1.0340913780275748e-05
cnv_depth__IBNLCO_00972__IBNLCO_00972__gene,20.385169047048215,1.0341164242520791e-05
cnv_depth__IBNLCO_02145__Hydroxymethylpyrimidine/phosphomethylpyrimidine__CDS__promoter,20.380579024892626,1.0363873903007055e-05
cnv_depth__IBNLCO_04654__Nonribosomal__CDS__promoter,20.366031824328847,1.0436182121788875e-05
cnv_depth__IBNLCO_04162__IBNLCO_04162__gene,20.364897743081247,1.044184060317162e-05
cnv_depth__IBNLCO_04689__IBNLCO_04689__gene__promoter,20.356548251896246,1.048359603348614e-05
cnv_depth__IBNLCO_04731__hypothetical__CDS,20.35082253021758,1.0512327824988415e-05
cnv_depth__IBNLCO_00304__lemA__gene,20.350722895355577,1.0512828500182143e-05
cnv_depth__IBNLCO_04000__IBNLCO_04000__gene__promoter,20.338250604736068,1.0575694143762612e-05
cnv_depth__IBNLCO_02026__IBNLCO_02026__gene,20.332990346883964,1.06023221098612e-05
cnv_depth__IBNLCO_05258__Exodeoxyribonuclease__CDS,20.3318322359704,1.0608193701521713e-05
cnv_depth__IBNLCO_03664__N-acylglucosamine__CDS__promoter,20.31633322698717,1.0687090990509687e-05
cnv_depth__IBNLCO_03306__chemotaxis__CDS,20.312603183916263,1.0706167240409849e-05
cnv_depth__IBNLCO_01207__IBNLCO_01207__gene,20.303213423682248,1.0754341342440101e-05
cnv_depth__IBNLCO_04051__Glycosyl__CDS,20.289024712142407,1.0827553326894276e-05
cnv_depth__IBNLCO_00440__Phosphoenolpyruvate-protein__CDS__promoter,20.287158510596058,1.0837220186718254e-05
cnv_depth__IBNLCO_04478__Porin__CDS,20.27912627173359,1.0878926790306022e-05
cnv_depth__IBNLCO_03931__HTH__CDS,20.27472941387797,1.0901825853752556e-05
cnv_depth__IBNLCO_04562__Carboxypeptidase__CDS,20.27308386943172,1.0910408483807367e-05
cnv_depth__IBNLCO_03790__Amino__CDS__promoter,20.27167211671333,1.0917777185637334e-05
cnv_depth__IBNLCO_04338__IBNLCO_04338__gene,20.248712581745014,1.1038325536666867e-05
cnv_depth__IBNLCO_04129__Winged__CDS,20.243099805091607,1.106799977273686e-05
cnv_depth__IBNLCO_04191__gntR__gene,20.231278624697822,1.1130761840120334e-05
cnv_depth__IBNLCO_02585__IBNLCO_02585__gene,20.227470745497868,1.1151055639676782e-05
cnv_depth__IBNLCO_02522__hypothetical__CDS,20.22535741980706,1.116233461354225e-05
cnv_depth__IBNLCO_05818__tenA__gene,20.225031452222918,1.1164075354730455e-05
cnv_depth__IBNLCO_02524__IBNLCO_02524__gene__promoter,20.214042093776012,1.1222922206031688e-05
cnv_depth__IBNLCO_04588__IBNLCO_04588__gene,20.204060942143368,1.1276642459236583e-05
cnv_depth__IBNLCO_04317__UspA__CDS__promoter,20.203304854438784,1.128072244848366e-05
cnv_depth__IBNLCO_05019__bsaS__gene__promoter,20.19946529610544,1.1301464503527026e-05
cnv_depth__IBNLCO_03372__IBNLCO_03372__gene__promoter,20.199179167394387,1.1303011773322221e-05
cnv_depth__IBNLCO_00974__IBNLCO_00974__gene,20.19505681598382,1.1325327632808244e-05
cnv_depth__IBNLCO_01269__IBNLCO_01269__gene__promoter,20.16879876864195,1.1468523732293236e-05
cnv_depth__IBNLCO_02990__CNP1-like__CDS__promoter,20.165899763037523,1.1484445221622958e-05
cnv_depth__IBNLCO_02364__GST__CDS,20.160393006318493,1.1514750298396719e-05
cnv_depth__IBNLCO_01551__hypothetical__CDS__promoter,20.158170571036543,1.1527003852925325e-05
cnv_depth__IBNLCO_03356__IBNLCO_03356__gene,20.126108568444188,1.1705256936200967e-05
cnv_depth__IBNLCO_03159__Glutamate__CDS__promoter,20.12399146810617,1.1717125052134504e-05
cnv_depth__IBNLCO_05175__IBNLCO_05175__gene__promoter,20.110623326917324,1.1792346643534642e-05
cnv_depth__IBNLCO_05519__N-acetylglucosamine-1-phosphate__CDS__promoter,20.110358676865737,1.1793840738278589e-05
cnv_depth__IBNLCO_03992__hypothetical__CDS__promoter,20.101774680656245,1.1842406222196373e-05
cnv_depth__IBNLCO_04124__Response__CDS,20.0925900448812,1.1894594292985821e-05
cnv_depth__IBNLCO_01882__Acetoacetyl-CoA__CDS__promoter,20.086467231681112,1.1929514120391395e-05
cnv_depth__IBNLCO_00413__DUF2917__CDS__promoter,20.080740598200997,1.196226842077868e-05
cnv_depth__IBNLCO_01451__FecR__CDS__promoter,20.074588130196695,1.1997559860661267e-05
cnv_depth__IBNLCO_05711__DUF3008__CDS__promoter,20.063677960218016,1.20604017053228e-05
cnv_depth__IBNLCO_03045__IBNLCO_03045__gene,20.061097567211405,1.2075313285966341e-05
cnv_depth__IBNLCO_00446__secB__gene,20.06033169690409,1.2079742691955217e-05
cnv_depth__IBNLCO_02981__Vitamin__CDS__promoter,20.045949617308853,1.2163227680864812e-05
cnv_depth__IBNLCO_00652__eamA__gene__promoter,20.038710934598736,1.2205467599113697e-05
cnv_depth__IBNLCO_01050__IBNLCO_01050__gene,20.035884754506142,1.2221999524528276e-05
cnv_depth__IBNLCO_02549__Cold-shock__CDS__promoter,20.035217023824718,1.22259087702784e-05
cnv_depth__IBNLCO_01262__DUF1326__CDS,20.031572122636067,1.2247270271926684e-05
cnv_depth__IBNLCO_05418__IBNLCO_05418__gene__promoter,20.015862587388785,1.2339771900457107e-05
cnv_depth__IBNLCO_03927__Putrescine-binding__CDS,20.01565797451805,1.234098136905523e-05
cnv_depth__IBNLCO_01584__IBNLCO_01584__gene__promoter,20.013992124566215,1.2350832693300106e-05
cnv_depth__IBNLCO_00035__DUF2938__CDS,20.00969218100629,1.2376298071022644e-05
cnv_depth__IBNLCO_01874__IBNLCO_01874__gene,20.008109329978776,1.238568551102025e-05
cnv_depth__IBNLCO_03045__hypothetical__CDS__promoter,19.99686379444208,1.245258757215384e-05
cnv_depth__IBNLCO_05825__Macrolide__CDS__promoter,19.991416878630584,1.248512389874893e-05
cnv_depth__IBNLCO_04900__Sugar__CDS__promoter,19.990485592563484,1.2490695409167973e-05
cnv_depth__IBNLCO_00948__IBNLCO_00948__gene__promoter,19.98045842161813,1.2550843726567006e-05
cnv_depth__IBNLCO_05714__IBNLCO_05714__gene__promoter,19.977567994478395,1.2568236465955948e-05
cnv_depth__IBNLCO_02282__IBNLCO_02282__gene,19.97091080001651,1.2608388130794759e-05
cnv_depth__IBNLCO_00747__DUF2889__CDS,19.9660458291402,1.263781247543749e-05
cnv_depth__IBNLCO_02048__ahpD__gene,19.941432165995593,1.2787750679471634e-05
cnv_depth__IBNLCO_02861__IBNLCO_02861__gene,19.934786304924994,1.2828543139370491e-05
cnv_depth__IBNLCO_03118__trnT__gene__promoter,19.91921469383434,1.2924639104563124e-05
cnv_depth__IBNLCO_02057__PspA/IM30__CDS__promoter,19.91129416065017,1.2973797977207354e-05
cnv_depth__IBNLCO_00685__rhlE__gene,19.89090542177087,1.3101214033084647e-05
cnv_depth__IBNLCO_02606__nusB__gene__promoter,19.886570976938923,1.3128464406481326e-05
cnv_depth__IBNLCO_03790__IBNLCO_03790__gene,19.88602349276205,1.3131910485747699e-05
cnv_depth__IBNLCO_05770__IBNLCO_05770__gene__promoter,19.88438293784461,1.3142242267003348e-05
cnv_depth__IBNLCO_04193__hypothetical__CDS,19.86954491140068,1.3236063088112705e-05
cnv_depth__IBNLCO_00672__IBNLCO_00672__gene,19.866280171855735,1.3256796932012053e-05
cnv_depth__IBNLCO_03051__IBNLCO_03051__gene,19.85288664427412,1.3342202042359269e-05
cnv_depth__IBNLCO_04487__Major__CDS,19.850947786411478,1.3354611454593727e-05
cnv_depth__IBNLCO_01024__trnR__gene__promoter,19.844461677331296,1.3396210012541547e-05
cnv_depth__IBNLCO_01639__IBNLCO_01639__gene,19.8322472649432,1.347490364499269e-05
cnv_depth__IBNLCO_01276__GntR__CDS,19.822267976435562,1.3539544563221152e-05
cnv_depth__IBNLCO_03334__IBNLCO_03334__gene__promoter,19.82033513642976,1.3552100816594398e-05
cnv_depth__IBNLCO_00677__IBNLCO_00677__gene__promoter,19.81692171428311,1.3574304151409988e-05
cnv_depth__IBNLCO_05774__IBNLCO_05774__gene__promoter,19.811031312255736,1.361270623412759e-05
cnv_depth__IBNLCO_03680__IBNLCO_03680__gene__promoter,19.809471291401053,1.3622895106766993e-05
cnv_depth__IBNLCO_05827__IBNLCO_05827__gene__promoter,19.798336903676297,1.3695841179249294e-05
cnv_depth__IBNLCO_01680__IBNLCO_01680__gene,19.78709054690442,1.376992252239245e-05
cnv_depth__IBNLCO_04619__Nitrate__CDS,19.785429286821564,1.3780899835590396e-05
cnv_depth__IBNLCO_04977__response__CDS__promoter,19.78241282634303,1.3800854741525891e-05
cnv_depth__IBNLCO_00404__ABC__CDS__promoter,19.778731342065118,1.3825248672696727e-05
cnv_depth__IBNLCO_01730__GHMP__CDS__promoter,19.772064941304432,1.3869532215113366e-05
cnv_depth__IBNLCO_01065__EamA__CDS__promoter,19.771018354040642,1.387649751997282e-05
cnv_depth__IBNLCO_03067__IBNLCO_03067__gene__promoter,19.766376046640044,1.3907436003182166e-05
cnv_depth__IBNLCO_03893__Cyclic__CDS__promoter,19.748597648337213,1.4026567117513751e-05
cnv_depth__IBNLCO_03565__IBNLCO_03565__gene,19.748563680921745,1.4026795716164147e-05
cnv_depth__IBNLCO_05751__Glycosyltransferase__CDS,19.74798393530054,1.4030697951092786e-05
cnv_depth__IBNLCO_00483__IBNLCO_00483__gene,19.74791652437577,1.4031151761574815e-05
cnv_depth__IBNLCO_01502__IBNLCO_01502__gene,19.74123364340451,1.4076214816461759e-05
cnv_depth__unknown__unknown__regulatory.18,19.738303947895453,1.4096016122585751e-05
cnv_depth__IBNLCO_03441__IBNLCO_03441__gene,19.736309327445152,1.4109513561569834e-05
cnv_depth__IBNLCO_00606__IBNLCO_00606__gene__promoter,19.731357350257614,1.4143079830788613e-05
cnv_depth__IBNLCO_04831__IBNLCO_04831__gene__promoter,19.73116497060433,1.4144385479937318e-05
cnv_depth__IBNLCO_01735__Low-specificity__CDS__promoter,19.72598687527624,1.417957427597601e-05
cnv_depth__IBNLCO_00583__IBNLCO_00583__gene,19.72209563747144,1.4206076325111429e-05
cnv_depth__IBNLCO_04905__IBNLCO_04905__gene__promoter,19.719220767904524,1.4225688423011526e-05
cnv_depth__IBNLCO_00033__IBNLCO_00033__gene__promoter,19.71840102721396,1.4231285643181075e-05
cnv_depth__IBNLCO_00522__IBNLCO_00522__gene,19.717567992510734,1.4236975920974224e-05
cnv_depth__IBNLCO_03485__IBNLCO_03485__gene__promoter,19.701746231696145,1.4345489605757486e-05
cnv_depth__IBNLCO_02646__Lipopolysaccharide__CDS,19.696879067233866,1.4379039332746176e-05
cnv_depth__IBNLCO_00446__Protein-export__CDS__promoter,19.689085786141053,1.4432924617786256e-05
cnv_depth__IBNLCO_01653__IBNLCO_01653__gene,19.674816235486638,1.4532119743093261e-05
cnv_depth__IBNLCO_01041__IBNLCO_01041__gene,19.663461151034866,1.461154816692011e-05
cnv_depth__IBNLCO_02729__iclR__gene__promoter,19.65762179905717,1.4652565329707509e-05
cnv_depth__IBNLCO_05068__Transmembrane__CDS__promoter,19.63357703073919,1.4822694993212072e-05
cnv_depth__IBNLCO_01531__IBNLCO_01531__gene,19.628895188978845,1.4856053602335977e-05
cnv_depth__IBNLCO_00217__hypothetical__CDS,19.624202031250366,1.4889569173582048e-05
cnv_depth__IBNLCO_02641__hypothetical__CDS__promoter,19.62197941534181,1.4905468412882279e-05
cnv_depth__IBNLCO_00067__IBNLCO_00067__gene__promoter,19.62167288971851,1.4907662459508902e-05
cnv_depth__IBNLCO_03257__wrbA__gene,19.620911129066027,1.491311640074418e-05
cnv_depth__IBNLCO_00095__IBNLCO_00095__gene,19.618299438767803,1.4931830545098358e-05
cnv_depth__IBNLCO_04821__IBNLCO_04821__gene__promoter,19.616506811958157,1.4944689433481577e-05
cnv_depth__IBNLCO_03841__IBNLCO_03841__gene,19.601630007847444,1.5051837685129077e-05
cnv_depth__IBNLCO_03161__Transposase__CDS,19.597662362015615,1.5080545378239665e-05
cnv_depth__IBNLCO_04501__tRNA-Cys(gca)__tRNA,19.593717940026078,1.5109140021590831e-05
cnv_depth__IBNLCO_01696__IBNLCO_01696__gene,19.58221074276456,1.5192874422854414e-05
cnv_depth__IBNLCO_04073__IBNLCO_04073__gene__promoter,19.573973964616616,1.5253099535562665e-05
cnv_depth__IBNLCO_03736__yfcC__gene,19.570340527255404,1.5279743078811947e-05
cnv_depth__IBNLCO_03078__IBNLCO_03078__gene__promoter,19.569523270979722,1.5285742409692208e-05
cnv_depth__IBNLCO_01870__putative__CDS,19.56927135748382,1.5287592142344497e-05
cnv_depth__IBNLCO_03576__IBNLCO_03576__gene,19.56427546494273,1.5324322509469144e-05
cnv_depth__IBNLCO_03265__IBNLCO_03265__gene,19.559018307662896,1.5363070273621962e-05
cnv_depth__IBNLCO_05795__Major__CDS__promoter,19.55612286291725,1.538445346009898e-05
cnv_depth__IBNLCO_03870__IBNLCO_03870__gene__promoter,19.551007942906676,1.5422301431308996e-05
cnv_depth__IBNLCO_01781__IBNLCO_01781__gene,19.549064846130193,1.5436704134328555e-05
cnv_depth__IBNLCO_02076__IBNLCO_02076__gene,19.54867671309912,1.5439582702626008e-05
cnv_depth__IBNLCO_04964__IBNLCO_04964__gene,19.537187708590466,1.5525037051543645e-05
cnv_depth__IBNLCO_04904__Aspartyl/asparaginy/proline__CDS__promoter,19.52969822582521,1.5581001103842626e-05
cnv_depth__IBNLCO_01691__IBNLCO_01691__gene__promoter,19.51644066061011,1.568056791030338e-05
cnv_depth__IBNLCO_01151__IBNLCO_01151__gene,19.51520574354167,1.568987512608413e-05
cnv_depth__IBNLCO_01411__luxR__gene__promoter,19.509711526228724,1.573135135681865e-05
cnv_depth__IBNLCO_00359__Sodium%2C__CDS__promoter,19.50920746080546,1.5735162140670943e-05
cnv_depth__IBNLCO_05476__IBNLCO_05476__gene__promoter,19.502390293794782,1.5786792542124028e-05
cnv_depth__IBNLCO_02484__Radical__CDS,19.495772242300546,1.5837079115392613e-05
cnv_depth__IBNLCO_05308__IBNLCO_05308__gene,19.463262176452915,1.6086470279003556e-05
cnv_depth__IBNLCO_05310__Tyrocidine__CDS,19.4543316417592,1.6155672241792604e-05
cnv_depth__IBNLCO_02260__IBNLCO_02260__gene__promoter,19.44664364166928,1.6215487458223966e-05
cnv_depth__IBNLCO_05700__LysR-family__CDS__promoter,19.445265470730096,1.62262337825057e-05
cnv_depth__IBNLCO_05111__Type__CDS,19.44017850853428,1.6265962012283986e-05
cnv_depth__IBNLCO_02352__IBNLCO_02352__gene__promoter,19.42995849003954,1.634607660643119e-05
cnv_depth__IBNLCO_00215__IBNLCO_00215__gene__promoter,19.426286474465808,1.637495901493178e-05
cnv_depth__IBNLCO_02198__IBNLCO_02198__gene__promoter,19.422608134903545,1.640394300485036e-05
cnv_depth__IBNLCO_01844__HTH-type__CDS,19.413008358334213,1.6479830866760544e-05
cnv_depth__IBNLCO_03362__Alginate__CDS,19.398617588074465,1.659425918103229e-05
cnv_depth__IBNLCO_01104__IBNLCO_01104__gene,19.373436930295473,1.6796423627191706e-05
cnv_depth__IBNLCO_05607__lysR__gene__promoter,19.366089936626324,1.6855878365352678e-05
cnv_depth__IBNLCO_02564__IBNLCO_02564__gene__promoter,19.365919023045592,1.6857263999688316e-05
cnv_depth__IBNLCO_04791__D-lactate__CDS,19.364896263814707,1.686555814775283e-05
cnv_depth__IBNLCO_03101__clpB__gene,19.363640158502683,1.6875750292184214e-05
cnv_depth__IBNLCO_04774__gnl|Bakta|IBNLCO_04774__CDS,19.35830978333472,1.6919070883085363e-05
cnv_depth__IBNLCO_04988__IBNLCO_04988__gene,19.355737528026456,1.6940016194601148e-05
cnv_depth__IBNLCO_00635__IBNLCO_00635__gene,19.34796309881852,1.7003481505746085e-05
cnv_depth__IBNLCO_03633__IBNLCO_03633__gene__promoter,19.34533913120143,1.7024956178895988e-05
cnv_depth__IBNLCO_00252__gnl|Bakta|IBNLCO_00252__CDS,19.34374512557127,1.703801501006958e-05
cnv_depth__IBNLCO_01143__IBNLCO_01143__gene,19.33896689327479,1.7077221339379597e-05
cnv_depth__IBNLCO_04465__Bestrophin-like__CDS,19.31395709953607,1.728392793963078e-05
cnv_depth__IBNLCO_01985__Thymidylate__CDS__promoter,19.31312441219967,1.7290853562269444e-05
cnv_depth__IBNLCO_03302__chemotaxis__CDS__promoter,19.312900604613414,1.729271549290149e-05
cnv_depth__IBNLCO_03423__Adenylate__CDS__promoter,19.2890421870766,1.7492371355877335e-05
cnv_depth__IBNLCO_02186__IBNLCO_02186__gene,19.286176574383145,1.751650843040332e-05
cnv_depth__IBNLCO_02299__Putative__CDS,19.28192365562933,1.7552393014567665e-05
cnv_depth__IBNLCO_00827__HTH__CDS,19.271212276648132,1.7643102142169235e-05
cnv_depth__IBNLCO_00648__lptD__gene,19.254574779841338,1.7784939318591148e-05
cnv_depth__IBNLCO_04163__IBNLCO_04163__gene,19.250880470629177,1.7816590297882925e-05
cnv_depth__IBNLCO_00482__IBNLCO_00482__gene__promoter,19.249087224918295,1.7831974492832348e-05
cnv_depth__IBNLCO_02203__Outer__CDS,19.24490175474041,1.7867933891695957e-05
cnv_depth__IBNLCO_02773__wcbQ__gene__promoter,19.237150681955455,1.793472125027818e-05
cnv_depth__IBNLCO_05019__SctN__CDS,19.23282909042149,1.7972068149590443e-05
cnv_depth__IBNLCO_05818__TenA__CDS__promoter,19.2308250955291,1.7989413269915238e-05
cnv_depth__IBNLCO_04845__IBNLCO_04845__gene,19.220829302204923,1.8076183213826307e-05
cnv_depth__IBNLCO_05257__Octaprenyl__CDS__promoter,19.21677829713934,1.8111469200257724e-05
cnv_depth__IBNLCO_01899__IBNLCO_01899__gene__promoter,19.21231770708275,1.8150403588848113e-05
cnv_depth__IBNLCO_04230__IBNLCO_04230__gene,19.211718100955583,1.815564373037374e-05
cnv_depth__IBNLCO_00619__Transcriptional__CDS__promoter,19.20559024698932,1.8209284886872493e-05
cnv_depth__IBNLCO_04225__Cytosine__CDS__promoter,19.20293064177759,1.823261611538322e-05
cnv_depth__IBNLCO_00765__DUF2946__CDS,19.1859601176187,1.838220399224865e-05
cnv_depth__IBNLCO_05616__ureidoglycolate__CDS,19.1767183602803,1.846418849846929e-05
cnv_depth__IBNLCO_00536__IBNLCO_00536__gene__promoter,19.17356929490676,1.8492208706702354e-05
cnv_depth__IBNLCO_05296__LysE__CDS__promoter,19.170943185416224,1.851560862747436e-05
cnv_depth__IBNLCO_04626__IBNLCO_04626__gene__promoter,19.164155410812214,1.857623011422733e-05
cnv_depth__IBNLCO_03896__IBNLCO_03896__gene__promoter,19.163937419295852,1.857818032195891e-05
cnv_depth__IBNLCO_05006__bapA__gene__promoter,19.16014568229702,1.8612135375391748e-05
cnv_depth__IBNLCO_02778__gmhA__gene__promoter,19.145766491918796,1.874147361219362e-05
cnv_depth__IBNLCO_04057__IBNLCO_04057__gene,19.141915905742874,1.877626328273336e-05
cnv_depth__IBNLCO_00534__IBNLCO_00534__gene,19.132124218468007,1.8865025287723883e-05
cnv_depth__IBNLCO_02294__ATP-dependent__CDS,19.12557424041359,1.8924638302531802e-05
cnv_depth__IBNLCO_00921__HTH__CDS__promoter,19.11861162449897,1.898821615472778e-05
cnv_depth__IBNLCO_02826__glcE__gene,19.115958649954887,1.9012498211796864e-05
cnv_depth__IBNLCO_05046__IBNLCO_05046__gene,19.110438933004435,1.9063119775384323e-05
cnv_depth__IBNLCO_05245__IBNLCO_05245__gene__promoter,19.101736818115068,1.9143204786072305e-05
cnv_depth__IBNLCO_04336__DNA__CDS__promoter,19.077981701759278,1.936356154885178e-05
cnv_depth__IBNLCO_01218__mdtA__gene,19.05448948847852,1.9584007577263057e-05
cnv_depth__IBNLCO_02158__Putative__CDS,19.03862229260944,1.973433933102829e-05
cnv_depth__IBNLCO_05728__IBNLCO_05728__gene__promoter,19.035488317717057,1.976416979450589e-05
cnv_depth__IBNLCO_01013__Glycine__CDS,19.03194335033887,1.9797967331492828e-05
cnv_depth__IBNLCO_03439__L-threonine__CDS__promoter,19.021304573559778,1.989974891424201e-05
cnv_depth__IBNLCO_01103__IBNLCO_01103__gene,19.011474282603114,1.9994266968763924e-05
cnv_depth__IBNLCO_02524__hypothetical__CDS,19.006909806311658,2.0038308847830472e-05
cnv_depth__IBNLCO_04859__IBNLCO_04859__gene,19.00159051576775,2.0089757857281342e-05
cnv_depth__IBNLCO_01987__Glycine__CDS__promoter,18.998677694178465,2.0117987821294808e-05
cnv_depth__IBNLCO_02162__trnE__gene__promoter,18.998429142103834,2.0120398554470094e-05
cnv_depth__IBNLCO_03429__IBNLCO_03429__gene__promoter,18.975930075090897,2.0339836427169727e-05
cnv_depth__IBNLCO_00262__IBNLCO_00262__gene__promoter,18.95743626493364,2.052202528754277e-05
cnv_depth__IBNLCO_04564__Thiamine__CDS__promoter,18.953999854399147,2.05560603002606e-05
cnv_depth__IBNLCO_01100__gnl|Bakta|IBNLCO_01100__CDS__promoter,18.945756662127327,2.0637936161689116e-05
cnv_depth__IBNLCO_00865__IBNLCO_00865__gene,18.926140443189,2.0834106581967916e-05
cnv_depth__IBNLCO_05174__NHL__CDS,18.92334638272057,2.08622016899992e-05
cnv_depth__IBNLCO_04934__JmjC__CDS,18.91756881348335,2.092041870122893e-05
cnv_depth__IBNLCO_00618__IBNLCO_00618__gene__promoter,18.91127350782779,2.0984040063837635e-05
cnv_depth__IBNLCO_02097__IBNLCO_02097__gene__promoter,18.910020166408184,2.0996729916599768e-05
cnv_depth__IBNLCO_04730__IBNLCO_04730__gene__promoter,18.909255288588067,2.100447798544776e-05
cnv_depth__IBNLCO_03245__paaD__gene__promoter,18.89849669978791,2.1113767970174666e-05
cnv_depth__IBNLCO_00786__Carboxypeptidase__CDS__promoter,18.89801765988859,2.1118647624881406e-05
cnv_depth__IBNLCO_04007__Membrane__CDS,18.886526501940573,2.1236043393071096e-05
cnv_depth__IBNLCO_01125__ABC3__CDS,18.88001959998961,2.1302812128798527e-05
cnv_depth__IBNLCO_05156__IBNLCO_05156__gene,18.872516662861734,2.1380065527487196e-05
cnv_depth__IBNLCO_04257__Autoinducer__CDS,18.86982738792775,2.1407824498542503e-05
cnv_depth__IBNLCO_05151__IBNLCO_05151__gene,18.851807934264524,2.159476779415268e-05
cnv_depth__IBNLCO_03233__tRNA-Thr(ggt)__tRNA,18.851713094229247,2.1595756078568703e-05
cnv_depth__IBNLCO_02076__IBNLCO_02076__gene__promoter,18.839693595857483,2.1721377468237447e-05
cnv_depth__IBNLCO_02287__Sensory__CDS__promoter,18.83317350925321,2.178983148235549e-05
cnv_depth__IBNLCO_02009__ATP-binding__CDS__promoter,18.831291656617214,2.1809629570569607e-05
cnv_depth__IBNLCO_02515__hypothetical__CDS,18.828763741087556,2.1836253277683968e-05
cnv_depth__IBNLCO_04942__Tat__CDS__promoter,18.82562401381016,2.1869366376049457e-05
cnv_depth__IBNLCO_04539__heavy__CDS__promoter,18.8249648222542,2.187632499319065e-05
cnv_depth__IBNLCO_01648__ABC__CDS__promoter,18.822019839761644,2.1907440497059234e-05
cnv_depth__IBNLCO_04605__NADH:quinone__CDS,18.814152683475704,2.1990781832044524e-05
cnv_depth__IBNLCO_02157__IBNLCO_02157__gene__promoter,18.81125786218679,2.2021529149616453e-05
cnv_depth__IBNLCO_01431__nudF__gene,18.80710454990617,2.2065719628684828e-05
cnv_depth__IBNLCO_04591__hypothetical__CDS__promoter,18.79510980412393,2.2193846712655287e-05
cnv_depth__IBNLCO_04143__IBNLCO_04143__gene__promoter,18.789745131497895,2.2251395556459167e-05
cnv_depth__IBNLCO_04639__IBNLCO_04639__gene__promoter,18.786122761500067,2.2290339578420398e-05
cnv_depth__IBNLCO_01899__hypothetical__CDS,18.767282251077166,2.2494010250303473e-05
cnv_depth__IBNLCO_04952__hypothetical__CDS,18.766536931126918,2.250210601479775e-05
cnv_depth__IBNLCO_05634__HTH__CDS__promoter,18.764881639434613,2.2520096576412796e-05
cnv_depth__IBNLCO_00423__IBNLCO_00423__gene__promoter,18.755264295374644,2.2624911576239737e-05
cnv_depth__IBNLCO_01707__RNA-binding__CDS,18.75523989796881,2.262517810003559e-05
cnv_depth__IBNLCO_05611__IBNLCO_05611__gene__promoter,18.754567225168735,2.2632527811255178e-05
cnv_depth__IBNLCO_02467__pmbA__gene,18.749053105071226,2.269286709402878e-05
cnv_depth__IBNLCO_02112__IBNLCO_02112__gene,18.74674167933909,2.27182087672526e-05
cnv_depth__IBNLCO_00473__IBNLCO_00473__gene,18.742928544461137,2.2760077358857532e-05
cnv_depth__IBNLCO_00593__IBNLCO_00593__gene,18.739749216736794,2.2795046462882916e-05
cnv_depth__IBNLCO_03853__IBNLCO_03853__gene__promoter,18.722540467340917,2.2985270932874376e-05
cnv_depth__IBNLCO_02881__purH__gene__promoter,18.718303473922273,2.3032352705699817e-05
cnv_depth__IBNLCO_01180__IBNLCO_01180__gene__promoter,18.71724000790291,2.3044185352450814e-05
cnv_depth__IBNLCO_04837__IBNLCO_04837__gene,18.7169544918606,2.3047363193457844e-05
cnv_depth__IBNLCO_04297__p-aminobenzoate__CDS,18.709677286493843,2.312850978975238e-05
cnv_depth__IBNLCO_05676__IBNLCO_05676__gene,18.69902379036331,2.3247827228368534e-05
cnv_depth__IBNLCO_03241__IBNLCO_03241__gene__promoter,18.69723796799305,2.326788911482757e-05
cnv_depth__IBNLCO_03581__IBNLCO_03581__gene,18.693192730823327,2.3313398124253876e-05
cnv_depth__IBNLCO_00344__Branched-chain__CDS__promoter,18.68704306049819,2.3382754923703764e-05
cnv_depth__IBNLCO_05608__gnl|Bakta|IBNLCO_05608__CDS__promoter,18.684127235244798,2.3415713031533403e-05
cnv_depth__IBNLCO_03659__IBNLCO_03659__gene,18.675498448027728,2.351352187126549e-05
cnv_depth__IBNLCO_04226__PucR__CDS,18.674797661829906,2.3521483563804813e-05
cnv_depth__IBNLCO_03977__IBNLCO_03977__gene,18.674454341695846,2.3525385050558393e-05
cnv_depth__IBNLCO_02787__wzt2__gene,18.665439233579328,2.362806770886733e-05
cnv_depth__IBNLCO_00985__Bifunctional__CDS,18.65511690441943,2.3746197638507003e-05
cnv_depth__IBNLCO_02893__AraC_family__CDS__promoter,18.650330549679556,2.3801176180113465e-05
cnv_depth__IBNLCO_02788__wzm__gene,18.64347143568037,2.3880188487114925e-05
cnv_depth__IBNLCO_00501__IBNLCO_00501__gene,18.63847547428991,2.393790582875466e-05
cnv_depth__IBNLCO_01443__Xylose__CDS__promoter,18.63136834837449,2.40202567414923e-05
cnv_depth__IBNLCO_03480__IBNLCO_03480__gene__promoter,18.625645075010922,2.4086781494168365e-05
cnv_depth__IBNLCO_02577__trnS__gene,18.620722821162637,2.4144144895377168e-05
cnv_depth__IBNLCO_03857__hypothetical__CDS,18.607250733182347,2.4301856196464266e-05
cnv_depth__IBNLCO_03589__IBNLCO_03589__gene__promoter,18.604557353344667,2.43335113277254e-05
cnv_depth__IBNLCO_00744__tctD__gene,18.596843010304667,2.4424408991009505e-05
cnv_depth__IBNLCO_02801__dnaA__gene,18.588478620007752,2.4523355030694746e-05
cnv_depth__IBNLCO_02940__Glyceraldehyde-3-phosphate__CDS__promoter,18.574448877886617,2.4690232081553325e-05
cnv_depth__IBNLCO_01652__araC__gene__promoter,18.56528560169695,2.4799845728743718e-05
cnv_depth__IBNLCO_03481__IBNLCO_03481__gene,18.563880137768034,2.481670184934919e-05
cnv_depth__IBNLCO_03383__betI__gene,18.553514886770003,2.4941374323802183e-05
cnv_depth__IBNLCO_02705__hmuV__gene__promoter,18.5521595105225,2.4957723551730346e-05
cnv_depth__IBNLCO_02979__IBNLCO_02979__gene__promoter,18.53766793973598,2.5133208539781724e-05
cnv_depth__IBNLCO_04069__phosphoenolpyruvate__CDS,18.534692418218647,2.51693949439988e-05
cnv_depth__IBNLCO_04664__IBNLCO_04664__gene,18.529558327433666,2.5231956703854108e-05
cnv_depth__IBNLCO_03782__IBNLCO_03782__gene,18.525691871829885,2.5279175643504413e-05
cnv_depth__IBNLCO_00771__Branched-chain__CDS__promoter,18.51334607525521,2.543054860645972e-05
cnv_depth__IBNLCO_04618__Nitrate__CDS__promoter,18.509084708956948,2.5483010623702283e-05
cnv_depth__IBNLCO_05388__araC__gene,18.499495785123234,2.560146210347898e-05
cnv_depth__IBNLCO_03044__Ribulose-phosphate__CDS__promoter,18.47461495748487,2.5911423007948584e-05
cnv_depth__IBNLCO_02159__hypothetical__CDS__promoter,18.46778767450525,2.599713923585134e-05
cnv_depth__IBNLCO_00067__CHAP__CDS,18.463015273851667,2.605722711947492e-05
cnv_depth__IBNLCO_01140__Transmembrane__CDS,18.461921223024245,2.607102181154708e-05
cnv_depth__IBNLCO_03173__Membrane__CDS,18.457989584153847,2.6120656269697766e-05
cnv_depth__IBNLCO_05078__type__CDS,18.449409073617108,2.6229312660022854e-05
cnv_depth__IBNLCO_01333__tRNA-Pro(tgg)__tRNA,18.44511498671101,2.6283861259553742e-05
cnv_depth__IBNLCO_03721__IBNLCO_03721__gene,18.443342633509886,2.6306409307616136e-05
cnv_depth__IBNLCO_04353__HTH-type__CDS,18.431706990697812,2.6454926731842698e-05
cnv_depth__IBNLCO_03716__IBNLCO_03716__gene__promoter,18.431642358687725,2.6455754064304498e-05
cnv_depth__IBNLCO_03916__IBNLCO_03916__gene__promoter,18.426226242203036,2.6525177194989182e-05
cnv_depth__IBNLCO_04720__IBNLCO_04720__gene,18.422813782911888,2.6569012477869174e-05
cnv_depth__IBNLCO_04781__HTH-type__CDS__promoter,18.40970239943063,2.673812095319537e-05
cnv_depth__IBNLCO_01580__UPF0303__CDS__promoter,18.40418168244845,2.6809652263412912e-05
cnv_depth__IBNLCO_00849__Small__CDS,18.384168740580698,2.7070587669056135e-05
cnv_depth__IBNLCO_03355__IBNLCO_03355__gene,18.374617635009646,2.7196024105871306e-05
cnv_depth__IBNLCO_05082__type__CDS__promoter,18.372276677730785,2.7226858121151644e-05
cnv_depth__IBNLCO_01905__IBNLCO_01905__gene,18.359091190718658,2.7401194367126388e-05
cnv_depth__IBNLCO_05828__putative__CDS__promoter,18.35666787347453,2.743335792517602e-05
cnv_depth__IBNLCO_01309__Carbamoyl__CDS,18.354673244487145,2.745986041386894e-05
cnv_depth__IBNLCO_02255__Co-chaperone__CDS,18.348445882211482,2.754277002524211e-05
cnv_depth__IBNLCO_04275__Type__CDS__promoter,18.3455610055316,2.7581264536975058e-05
cnv_depth__IBNLCO_00952__IBNLCO_00952__gene__promoter,18.343216089008823,2.761259423493181e-05
cnv_depth__IBNLCO_03223__IBNLCO_03223__gene__promoter,18.332091293012315,2.7761721392310397e-05
cnv_depth__IBNLCO_03626__Pentapeptide__CDS__promoter,18.325274316674548,2.7853505632890357e-05
cnv_depth__IBNLCO_05834__IBNLCO_05834__gene,18.32295803599136,2.78847621570061e-05
cnv_depth__IBNLCO_00051__IBNLCO_00051__gene,18.305859383318168,2.8116598670122492e-05
cnv_depth__IBNLCO_01954__IBNLCO_01954__gene__promoter,18.300812689034625,2.8185398302075514e-05
cnv_depth__IBNLCO_02180__hypothetical__CDS__promoter,18.297305980126776,2.8233304365614206e-05
cnv_depth__IBNLCO_05066__hipB__gene__promoter,18.2920713291991,2.8304969898589264e-05
cnv_depth__IBNLCO_03695__IBNLCO_03695__gene__promoter,18.286679886004652,2.8378974779089324e-05
cnv_depth__IBNLCO_02771__UDP-3-O-[3-hydroxymyristoyl]__CDS__promoter,18.281971847087846,2.8443759405236406e-05
cnv_depth__IBNLCO_04580__IBNLCO_04580__gene__promoter,18.2711828592862,2.8592786455521502e-05
cnv_depth__IBNLCO_03749__bepF__gene,18.268830991408215,2.8625377463753208e-05
cnv_depth__IBNLCO_05855__IBNLCO_05855__gene,18.266965593620426,2.865125398824403e-05
cnv_depth__IBNLCO_03774__IBNLCO_03774__gene__promoter,18.26329109870518,2.870229541736293e-05
cnv_depth__IBNLCO_04741__yigZ__gene__promoter,18.26135101667563,2.8729281748307843e-05
cnv_depth__IBNLCO_05307__Linear__CDS__promoter,18.257714806877715,2.8779930327921247e-05
cnv_depth__IBNLCO_04007__Membrane__CDS__promoter,18.257180912027835,2.8787374538303147e-05
cnv_depth__IBNLCO_01984__IBNLCO_01984__gene__promoter,18.24865386098341,2.8906533911887247e-05
cnv_depth__IBNLCO_05581__IBNLCO_05581__gene,18.23527970382955,2.909443598845425e-05
cnv_depth__IBNLCO_02319__IBNLCO_02319__gene,18.231934003489535,2.91416351653891e-05
cnv_depth__IBNLCO_03129__IBNLCO_03129__gene__promoter,18.2153749468726,2.9376385855519087e-05
cnv_depth__IBNLCO_00201__cobW__gene__promoter,18.21118846281131,2.94360388367767e-05
cnv_depth__IBNLCO_02472__Small__CDS,18.20640293967318,2.9504377910977272e-05
cnv_depth__IBNLCO_03474__hypothetical__CDS,18.193059069085432,2.9695784073163793e-05
cnv_depth__IBNLCO_05057__Cellulose__CDS__promoter,18.17546643113521,2.9950060271186153e-05
cnv_depth__IBNLCO_03969__Integral__CDS,18.156991089320982,3.0219471241195977e-05
cnv_depth__IBNLCO_04205__lysR__gene__promoter,18.14338961556885,3.041937943335905e-05
cnv_depth__IBNLCO_02894__Putative__CDS__promoter,18.143222945994346,3.0421837362051428e-05
cnv_depth__IBNLCO_02667__dTDP-glucose__CDS,18.134435571846705,3.0551713063063686e-05
cnv_depth__IBNLCO_02439__IBNLCO_02439__gene,18.12864812766623,3.063755722420056e-05
cnv_depth__IBNLCO_01455__IBNLCO_01455__gene,18.121798021011085,3.07394797132559e-05
cnv_depth__IBNLCO_03826__efeU__gene,18.119581450904963,3.0772533529476075e-05
cnv_depth__IBNLCO_03815__rrf__gene,18.106843773658465,3.096317927770183e-05
cnv_depth__IBNLCO_03800__3-dehydroquinate__CDS__promoter,18.09873558404398,3.1085158356396624e-05
cnv_depth__IBNLCO_02678__IBNLCO_02678__gene__promoter,18.08876939942351,3.123575657758028e-05
cnv_depth__IBNLCO_05043__LysE__CDS,18.08800147362735,3.124739128809977e-05
cnv_depth__IBNLCO_03268__pilT__gene,18.078255148683827,3.139543843868924e-05
cnv_depth__IBNLCO_02607__IBNLCO_02607__gene__promoter,18.067154148709037,3.156492958626995e-05
cnv_depth__IBNLCO_04330__DUF3088__CDS__promoter,18.066712243592427,3.157169580098575e-05
cnv_depth__IBNLCO_04294__IBNLCO_04294__gene__promoter,18.06439391994031,3.160721682982179e-05
cnv_depth__IBNLCO_00411__UPF0250__CDS__promoter,18.059543221993216,3.1681669660267116e-05
cnv_depth__IBNLCO_05217__Filamentous__CDS,18.025128766972102,3.2215023813918064e-05
cnv_depth__IBNLCO_03745__IBNLCO_03745__gene__promoter,18.024959250631873,3.221767337773049e-05
cnv_depth__IBNLCO_02935__IBNLCO_02935__gene,18.024047832369295,3.2231922758391294e-05
cnv_depth__IBNLCO_03267__2-hydroxy-3-oxopropionate__CDS__promoter,18.0049874344435,3.2531386935710615e-05
cnv_depth__IBNLCO_00982__hypothetical__CDS,18.004204423687195,3.254374921388479e-05
cnv_depth__IBNLCO_02609__Bp1_738__gene__promoter,18.002644978444412,3.2568384132386324e-05
cnv_depth__IBNLCO_05371__Chemotaxis__CDS__promoter,17.999582584183493,3.261681651320754e-05
cnv_depth__IBNLCO_03447__IBNLCO_03447__gene__promoter,17.992717520103863,3.272565435366772e-05
cnv_depth__IBNLCO_01240__EamA__CDS__promoter,17.990946965131734,3.2753784177687334e-05
cnv_depth__IBNLCO_04769__DUF4365__CDS__promoter,17.985564971899485,3.283944158669149e-05
cnv_depth__IBNLCO_02562__hemW__gene__promoter,17.974929922757156,3.300937264164338e-05
cnv_depth__IBNLCO_04051__IBNLCO_04051__gene__promoter,17.97077936410799,3.307593351428269e-05
cnv_depth__IBNLCO_04792__IBNLCO_04792__gene__promoter,17.96713948313755,3.313441682420967e-05
cnv_depth__IBNLCO_00330__IBNLCO_00330__gene__promoter,17.94080319592197,3.3560706873397446e-05
cnv_depth__IBNLCO_01378__IBNLCO_01378__gene,17.93636480664072,3.363309403928873e-05
cnv_depth__IBNLCO_01930__IBNLCO_01930__gene__promoter,17.935180417336916,3.365243737897004e-05
cnv_depth__IBNLCO_00737__hypothetical__CDS,17.91297783753975,3.401714261084118e-05
cnv_depth__IBNLCO_04793__IBNLCO_04793__gene__promoter,17.91215233026591,3.4030779600313035e-05
cnv_depth__IBNLCO_02464__hypothetical__CDS__promoter,17.91033922028505,3.40607507766428e-05
cnv_depth__IBNLCO_05719__IBNLCO_05719__gene,17.895394322678595,3.430881538008162e-05
cnv_depth__IBNLCO_03195__Translation__CDS__promoter,17.89379744959376,3.433542934019179e-05
cnv_depth__IBNLCO_04347__IBNLCO_04347__gene,17.890895442770027,3.4383848637307616e-05
cnv_depth__IBNLCO_00428__Thioredoxin__CDS__promoter,17.887168700472234,3.44461299929872e-05
cnv_depth__IBNLCO_00854__IBNLCO_00854__gene__promoter,17.885375694407305,3.4476135466488673e-05
cnv_depth__IBNLCO_02253__IBNLCO_02253__gene,17.885217992474633,3.4478775833312326e-05
cnv_depth__IBNLCO_03233__trnT__gene__promoter,17.879526854479796,3.4574198552558324e-05
cnv_depth__IBNLCO_04291__gnl|Bakta|IBNLCO_04291__CDS,17.87387992786954,3.4669144615127764e-05
cnv_depth__IBNLCO_03858__hypothetical__CDS__promoter,17.871824713126554,3.470376607355745e-05
cnv_depth__IBNLCO_02922__Protoporphyrinogen__CDS,17.866446176799872,3.4794537080786894e-05
cnv_depth__IBNLCO_05588__IBNLCO_05588__gene,17.86013899792061,3.490128702997318e-05
cnv_depth__IBNLCO_02679__Co-chaperonin__CDS,17.853033118445442,3.502195294115628e-05
cnv_depth__IBNLCO_03617__clpB__gene,17.852850127082714,3.5025065922468145e-05
cnv_depth__IBNLCO_01243__IBNLCO_01243__gene__promoter,17.851293402616424,3.505155968942445e-05
cnv_depth__IBNLCO_05134__IBNLCO_05134__gene__promoter,17.845430802600813,3.515151726869032e-05
cnv_depth__IBNLCO_03858__hypothetical__CDS,17.839717630409446,3.52492051368432e-05
cnv_depth__IBNLCO_03920__Methyl-accepting__CDS,17.83967589902197,3.524991970131629e-05
cnv_depth__IBNLCO_02762__IBNLCO_02762__gene,17.833670151758938,3.535290910233193e-05
cnv_depth__IBNLCO_03444__D-malate__CDS__promoter,17.830837332905332,3.540159345397446e-05
cnv_depth__IBNLCO_03823__UvrABC__CDS__promoter,17.82824873126078,3.544614016104987e-05
cnv_depth__IBNLCO_02395__Cytochrome__CDS,17.820726258473627,3.557591562999619e-05
cnv_depth__IBNLCO_04775__Beta-peptidyl__CDS,17.820008426077386,3.5588324610809334e-05
cnv_depth__IBNLCO_05294__IBNLCO_05294__gene,17.81670083023664,3.5645558872384116e-05
cnv_depth__IBNLCO_02529__xdhC__gene__promoter,17.81627449522634,3.565294291113385e-05
cnv_depth__IBNLCO_01928__50S__CDS,17.811258088704903,3.573994265081193e-05
cnv_depth__IBNLCO_00455__ctaG__gene,17.802599778292013,3.589061074133655e-05
cnv_depth__IBNLCO_05308__Chlorinating__CDS__promoter,17.797084615423966,3.5986918745179284e-05
cnv_depth__IBNLCO_01211__Bll4479__CDS,17.780482533344614,3.627841546764755e-05
cnv_depth__IBNLCO_05678__Pilus__CDS__promoter,17.779295378672504,3.629935082312752e-05
cnv_depth__IBNLCO_04839__hypothetical__CDS__promoter,17.776424396839268,3.635003094782968e-05
cnv_depth__IBNLCO_03232__Elongation__CDS,17.775309663659666,3.636972815041391e-05
cnv_depth__IBNLCO_02758__IBNLCO_02758__gene,17.769041157230923,3.6480693607019343e-05
cnv_depth__IBNLCO_04623__IBNLCO_04623__gene,17.768548468132362,3.648942975353835e-05
cnv_depth__IBNLCO_02880__Putative__CDS,17.753205305821325,3.6762552128228863e-05
cnv_depth__IBNLCO_01466__IBNLCO_01466__gene,17.742727645952765,3.695025421722713e-05
cnv_depth__IBNLCO_03425__IBNLCO_03425__gene,17.736354122804215,3.706490773301885e-05
cnv_depth__IBNLCO_03303__chemotaxis__CDS,17.732230698285786,3.71392762507441e-05
cnv_depth__IBNLCO_02934__IBNLCO_02934__gene__promoter,17.72948939212513,3.71888011106492e-05
cnv_depth__IBNLCO_05105__bsaZ__gene,17.720723373729005,3.73476192054823e-05
cnv_depth__IBNLCO_05436__Outer__CDS__promoter,17.71937075332478,3.737218643608775e-05
cnv_depth__IBNLCO_05839__Nucleoside__CDS__promoter,17.714664652278167,3.74577896540111e-05
cnv_depth__IBNLCO_03129__IBNLCO_03129__gene,17.70568281303661,3.7621720053540614e-05
cnv_depth__IBNLCO_03818__gnl|Bakta|IBNLCO_03818__CDS__promoter,17.697680717742646,3.776838146960857e-05
cnv_depth__IBNLCO_03869__IBNLCO_03869__gene,17.69676755687845,3.778515457682027e-05
cnv_depth__IBNLCO_01931__IBNLCO_01931__gene__promoter,17.696556483091054,3.7789032693586255e-05
cnv_depth__IBNLCO_00576__IBNLCO_00576__gene,17.69294376510137,3.78554727569281e-05
cnv_depth__IBNLCO_03991__IBNLCO_03991__gene,17.686966827607716,3.796565240897546e-05
cnv_depth__IBNLCO_02597__DUF3088__CDS,17.674012518755212,3.8205571207431314e-05
cnv_depth__IBNLCO_05715__IBNLCO_05715__gene,17.672080262270207,3.8241488856971866e-05
cnv_depth__IBNLCO_05838__gnl|Bakta|IBNLCO_05838__CDS__promoter,17.66602536092513,3.8354261961798295e-05
cnv_depth__IBNLCO_01963__IBNLCO_01963__gene__promoter,17.663884370064714,3.839421876135478e-05
cnv_depth__IBNLCO_05840__IBNLCO_05840__gene,17.658731140884182,3.8490565379037525e-05
cnv_depth__IBNLCO_04545__IBNLCO_04545__gene,17.65457118617126,3.8568520172565876e-05
cnv_depth__IBNLCO_01586__ssuB__gene__promoter,17.65067598770383,3.864165872671086e-05
cnv_depth__IBNLCO_01007__Sulfonate__CDS,17.649504401168457,3.866368462693286e-05
cnv_depth__IBNLCO_04621__Oxygen__CDS__promoter,17.625644687171707,3.9115028645804906e-05
cnv_depth__IBNLCO_05124__hypothetical__CDS__promoter,17.61785363111015,3.9263562816343836e-05
cnv_depth__IBNLCO_04958__gnl|Bakta|IBNLCO_04958__CDS,17.61488418866107,3.93203247635895e-05
cnv_depth__IBNLCO_05849__Putative__CDS__promoter,17.61131032301807,3.9388750816543516e-05
cnv_depth__IBNLCO_04323__IBNLCO_04323__gene,17.60381818123315,3.953258920413964e-05
cnv_depth__IBNLCO_00770__Branched-chain-amino-acid__CDS__promoter,17.598499111817876,3.9635030888241654e-05
cnv_depth__IBNLCO_04124__IBNLCO_04124__gene__promoter,17.5984397581078,3.963617551780947e-05
cnv_depth__IBNLCO_00204__3'%2C5'-cyclic-nucleotide__CDS__promoter,17.59666822439451,3.9670354778266435e-05
cnv_depth__IBNLCO_04685__Transmembrane__CDS__promoter,17.590468604917938,3.979020321368666e-05
cnv_depth__IBNLCO_04149__bprS__gene__promoter,17.58435583862004,3.990873209282034e-05
cnv_depth__IBNLCO_04751__Colicin__CDS__promoter,17.575166691801467,4.0087587139389764e-05
cnv_depth__IBNLCO_02188__bulE__gene__promoter,17.569283271470177,4.0202526980492886e-05
cnv_depth__IBNLCO_03804__IBNLCO_03804__gene,17.5555630478916,4.0471868390464666e-05
cnv_depth__IBNLCO_00725__IBNLCO_00725__gene,17.548566900599408,4.060991323512168e-05
cnv_depth__IBNLCO_05762__Putative__CDS,17.547575661952088,4.062951048900649e-05
cnv_depth__IBNLCO_00540__lptC__gene__promoter,17.538504529465953,4.080929704951488e-05
cnv_depth__IBNLCO_05131__IBNLCO_05131__gene,17.531168265795998,4.095528900998597e-05
cnv_depth__IBNLCO_01664__Fe(3+)-hydroxamate__CDS__promoter,17.526178985039184,4.1054878349350166e-05
cnv_depth__IBNLCO_03363__L-serine__CDS__promoter,17.523297998218403,4.111249654541715e-05
cnv_depth__IBNLCO_04947__IBNLCO_04947__gene__promoter,17.506934500230432,4.1441316722868024e-05
cnv_depth__IBNLCO_02489__Electron__CDS__promoter,17.50024630775252,4.1576480748262146e-05
cnv_depth__IBNLCO_04336__DNA__CDS,17.49241467125576,4.173532134819092e-05
cnv_depth__IBNLCO_02587__ABC__CDS,17.48927709471395,4.1799129928591395e-05
cnv_depth__IBNLCO_05651__IBNLCO_05651__gene,17.478854517822285,4.201180379392637e-05
cnv_depth__IBNLCO_03002__Cell__CDS__promoter,17.465329987524274,4.2289409987272425e-05
cnv_depth__IBNLCO_02064__8-oxoguanine__CDS__promoter,17.457675711196934,4.2447346127412365e-05
cnv_depth__IBNLCO_00029__flagellar__CDS__promoter,17.455152282619625,4.2499544813702874e-05
cnv_depth__IBNLCO_04939__IBNLCO_04939__gene,17.443256849733718,4.2746487227495065e-05
cnv_depth__IBNLCO_00255__IBNLCO_00255__gene,17.441519846695083,4.278266796466515e-05
cnv_depth__IBNLCO_00646__IBNLCO_00646__gene__promoter,17.440067077858988,4.281295211844061e-05
cnv_depth__IBNLCO_03571__Putative__CDS__promoter,17.436132123304436,4.289508868481612e-05
cnv_depth__IBNLCO_04427__Methyl-accepting__CDS,17.433888626557554,4.294198998421755e-05
cnv_depth__IBNLCO_03634__IBNLCO_03634__gene,17.432294233091636,4.297535309648325e-05
cnv_depth__IBNLCO_03856__DNA__CDS__promoter,17.43121309878881,4.299799107575373e-05
cnv_depth__IBNLCO_00210__IBNLCO_00210__gene,17.43041072100683,4.301479996138669e-05
cnv_depth__IBNLCO_04237__gerE__gene,17.426704589380762,4.3092525635914386e-05
cnv_depth__IBNLCO_03702__IBNLCO_03702__gene,17.423071222352306,4.3168863528323504e-05
cnv_depth__IBNLCO_04607__Formate__CDS__promoter,17.41703122364586,4.3296068898212446e-05
cnv_depth__IBNLCO_00778__N5-carboxyaminoimidazole__CDS,17.410858095384853,4.3426470817787976e-05
cnv_depth__IBNLCO_02225__IBNLCO_02225__gene__promoter,17.408731357096976,4.3471488478772965e-05
cnv_depth__IBNLCO_00526__IBNLCO_00526__gene__promoter,17.40721190657634,4.350368037590803e-05
cnv_depth__IBNLCO_01518__Bp1_162__gene__promoter,17.392863319535408,4.380887181838308e-05
cnv_depth__IBNLCO_04136__LuxR__CDS,17.39180267078391,4.3831517586277055e-05
cnv_depth__IBNLCO_02542__IBNLCO_02542__gene,17.388280995634933,4.390679356994303e-05
cnv_depth__IBNLCO_02041__IBNLCO_02041__gene__promoter,17.387559071677735,4.3922240914837407e-05
cnv_depth__IBNLCO_04196__Acyl-CoA__CDS,17.384826309825648,4.398076503118317e-05
cnv_depth__IBNLCO_00989__Aldehyde__CDS,17.382078929611872,4.4039681922977304e-05
cnv_depth__IBNLCO_00749__IBNLCO_00749__gene,17.365635641075563,4.439398101499613e-05
cnv_depth__IBNLCO_04833__IBNLCO_04833__gene,17.343973504699296,4.486514556698327e-05
cnv_depth__IBNLCO_02779__wcbL__gene,17.328356188670075,4.520797468365519e-05
cnv_depth__IBNLCO_00689__IBNLCO_00689__gene,17.312132712779313,4.556692390690456e-05
cnv_depth__IBNLCO_05295__IBNLCO_05295__gene,17.310693132310465,4.5598914329061254e-05
cnv_depth__IBNLCO_00845__UPF0234__CDS,17.28802539579598,4.6105651241271406e-05
cnv_depth__IBNLCO_00457__IBNLCO_00457__gene,17.283471361728893,4.620814351778005e-05
cnv_depth__IBNLCO_03177__gnl|Bakta|IBNLCO_03177__CDS,17.27517454469096,4.6395464505963836e-05
cnv_depth__IBNLCO_04856__IBNLCO_04856__gene,17.27004271720025,4.6511713376359696e-05
cnv_depth__IBNLCO_00203__Tyrosine__CDS,17.26853756573759,4.654586485319855e-05
cnv_depth__IBNLCO_01730__GHMP__CDS,17.26187674420572,4.6697302614940976e-05
cnv_depth__IBNLCO_04614__hypothetical__CDS,17.261522966416557,4.6705359924339066e-05
cnv_depth__IBNLCO_02523__IBNLCO_02523__gene__promoter,17.2604561792548,4.672966459931737e-05
cnv_depth__IBNLCO_03059__IBNLCO_03059__gene,17.25351469023456,4.688812652127678e-05
cnv_depth__IBNLCO_04718__IBNLCO_04718__gene__promoter,17.217363550447644,4.772224586804285e-05
cnv_depth__IBNLCO_02114__UDP-3-O-acylglucosamine__CDS__promoter,17.203383600334213,4.804882766177623e-05
cnv_depth__IBNLCO_02919__2-dehydro-3-deoxy-phosphogluconate__CDS,17.192107820341537,4.8313888773043175e-05
cnv_depth__IBNLCO_04491__gnl|Bakta|IBNLCO_04491__CDS,17.186916840079114,4.843641176977846e-05
cnv_depth__IBNLCO_01378__SCO__CDS__promoter,17.170291948531254,4.883093477885876e-05
cnv_depth__IBNLCO_02943__VOC__CDS__promoter,17.16991447026443,4.8839930402923166e-05
cnv_depth__IBNLCO_02950__IBNLCO_02950__gene,17.156746567227376,4.9154786720074087e-05
cnv_depth__IBNLCO_01655__Ribose__CDS,17.151735321295106,4.92751501609584e-05
cnv_depth__IBNLCO_03772__malR__gene,17.15092168605029,4.92947207799342e-05
cnv_depth__IBNLCO_02494__IBNLCO_02494__gene,17.14934983107263,4.9332551419260894e-05
cnv_depth__IBNLCO_03826__Ferrous__CDS__promoter,17.14856937893971,4.935134589840779e-05
cnv_depth__IBNLCO_04726__IBNLCO_04726__gene__promoter,17.1452227766817,4.9432019556388685e-05
cnv_depth__IBNLCO_00231__Flagellar__CDS__promoter,17.139896159222502,4.9560699678047135e-05
cnv_depth__IBNLCO_04622__Response__CDS__promoter,17.138334651431144,4.959848684863066e-05
cnv_depth__IBNLCO_04790__Alanine--tRNA__CDS__promoter,17.136832663280327,4.963486126342833e-05
cnv_depth__IBNLCO_01925__merR__gene__promoter,17.13653333939393,4.9642113375322006e-05
cnv_depth__IBNLCO_01911__rlmD__gene__promoter,17.134655837301533,4.9687626594407844e-05
cnv_depth__IBNLCO_01109__putative__CDS,17.129703414083306,4.980788325296752e-05
cnv_depth__IBNLCO_00359__Sodium%2C__CDS,17.117820643712534,5.009763051506138e-05
cnv_depth__IBNLCO_02784__capsular__CDS,17.10937421537844,5.030462553559935e-05
cnv_depth__IBNLCO_03772__malR__gene__promoter,17.109290759451287,5.030667509594395e-05
cnv_depth__IBNLCO_01295__Serine__CDS,17.070888521885657,5.1258823521511715e-05
cnv_depth__IBNLCO_00281__IBNLCO_00281__gene__promoter,17.066678527928197,5.136431208223957e-05
cnv_depth__IBNLCO_01641__Efflux__CDS__promoter,17.064710412798497,5.1413702051870635e-05
cnv_depth__IBNLCO_04568__Nucleoside__CDS,17.062385076400055,5.147211858856872e-05
cnv_depth__IBNLCO_01418__mauG__gene,17.053233926534922,5.1702666047717095e-05
cnv_depth__IBNLCO_02788__wzm__gene__promoter,17.047880037331993,5.183803339103083e-05
cnv_depth__IBNLCO_05123__MaoC__CDS__promoter,17.0349265332294,5.216703771688759e-05
cnv_depth__IBNLCO_02802__IBNLCO_02802__gene,17.02615988811763,5.2390901482119196e-05
cnv_depth__IBNLCO_04808__IBNLCO_04808__gene,17.01980899441814,5.255368535230852e-05
cnv_depth__IBNLCO_03445__dmlR__gene__promoter,17.01866252155266,5.2583125956275386e-05
cnv_depth__IBNLCO_01273__IBNLCO_01273__gene__promoter,17.01302520012268,5.272813186750124e-05
cnv_depth__IBNLCO_05588__IBNLCO_05588__gene__promoter,17.00712554307178,5.2880320053465035e-05
cnv_depth__IBNLCO_00773__Phosphoglycerate__CDS__promoter,17.002382198237147,5.300300292527845e-05
cnv_depth__IBNLCO_04081__3-hydroxyisobutyryl-CoA__CDS,16.998425378599865,5.310556376617142e-05
cnv_depth__IBNLCO_03082__Oxalate:formate__CDS,16.995659531884748,5.3177374067926905e-05
cnv_depth__IBNLCO_01233__RecBCD__CDS,16.981068419598056,5.355783990765127e-05
cnv_depth__IBNLCO_05224__IBNLCO_05224__gene__promoter,16.969981597493078,5.384877576209643e-05
cnv_depth__IBNLCO_03817__DUF3563__CDS__promoter,16.96565007586418,5.396287678571983e-05
cnv_depth__IBNLCO_00567__Nudix__CDS__promoter,16.964544229784103,5.3992046277414945e-05
cnv_depth__IBNLCO_01903__Outer__CDS,16.96077827615359,5.409150286392631e-05
cnv_depth__IBNLCO_00577__DUF262__CDS__promoter,16.956766776624807,5.419764857008221e-05
cnv_depth__IBNLCO_01338__IBNLCO_01338__gene__promoter,16.94891286901624,5.440607789016442e-05
cnv_depth__IBNLCO_00901__IBNLCO_00901__gene,16.93808486866698,5.469476838021279e-05
cnv_depth__IBNLCO_00407__NADH-quinone__CDS__promoter,16.932912422622884,5.483322132445465e-05
cnv_depth__IBNLCO_02894__erpA__gene,16.926147867839482,5.501482749217697e-05
cnv_depth__IBNLCO_05848__IBNLCO_05848__gene,16.92497788225068,5.504629960524149e-05
cnv_depth__IBNLCO_03181__ccsB__gene,16.92378404182484,5.507843222691881e-05
cnv_depth__IBNLCO_05741__UDP-glucuronate__CDS,16.908197683891206,5.549969417813339e-05
cnv_depth__IBNLCO_05310__IBNLCO_05310__gene__promoter,16.90605511792958,5.555785755331923e-05
cnv_depth__IBNLCO_04259__Altronate__CDS,16.903068947125718,5.563902507811875e-05
cnv_depth__IBNLCO_05681__IBNLCO_05681__gene,16.902408935310415,5.5656981174990435e-05
cnv_depth__IBNLCO_05007__SctA__CDS__promoter,16.887145903184052,5.6073866597266674e-05
cnv_depth__IBNLCO_03832__gnl|Bakta|IBNLCO_03832__CDS__promoter,16.84892479068365,5.713176691242136e-05
cnv_depth__IBNLCO_02888__D-aminoacyl-tRNA__CDS__promoter,16.8429212101991,5.72997667960068e-05
cnv_depth__IBNLCO_05747__IBNLCO_05747__gene,16.83555852176306,5.7506483252542876e-05
cnv_depth__IBNLCO_02911__Glutamate/aspartate__CDS,16.824815487509333,5.780946498903149e-05
cnv_depth__IBNLCO_02961__IBNLCO_02961__gene,16.813269340718506,5.813690225794673e-05
cnv_depth__IBNLCO_02286__ntrC__gene,16.81118813621837,5.819612295770551e-05
cnv_depth__IBNLCO_01207__Cytochrome__CDS__promoter,16.809429868771307,5.824620216197138e-05
cnv_depth__IBNLCO_01998__3-methylmercaptopropionyl-CoA__CDS,16.80630593968327,5.8335286171697026e-05
cnv_depth__IBNLCO_01882__IBNLCO_01882__gene,16.793418012586926,5.8704270376083704e-05
cnv_depth__IBNLCO_02987__IBNLCO_02987__gene__promoter,16.783873120732355,5.8979067935383466e-05
cnv_depth__IBNLCO_00505__IBNLCO_00505__gene,16.78204503939569,5.903184711970685e-05
cnv_depth__IBNLCO_01966__Nitrous-oxide__CDS__promoter,16.773512109052803,5.927883881749629e-05
cnv_depth__IBNLCO_05686__IBNLCO_05686__gene,16.77025275883154,5.9373459460484696e-05
cnv_depth__IBNLCO_03433__IBNLCO_03433__gene__promoter,16.76163346109513,5.962442113098872e-05
cnv_depth__IBNLCO_00608__IBNLCO_00608__gene,16.7590284019948,5.970048224409627e-05
cnv_depth__IBNLCO_02926__Leucine--tRNA__CDS,16.74553975863173,6.009589348595164e-05
cnv_depth__IBNLCO_02781__wcbJ__gene__promoter,16.74377914647451,6.0147700378893775e-05
cnv_depth__IBNLCO_04006__IBNLCO_04006__gene__promoter,16.743608919197808,6.015271180285805e-05
cnv_depth__IBNLCO_01279__hypothetical__CDS,16.73325586680089,6.045829917170873e-05
cnv_depth__IBNLCO_04391__IBNLCO_04391__gene,16.729205612629244,6.0578277204924395e-05
cnv_depth__IBNLCO_02001__yciB__gene__promoter,16.725476228596868,6.068896388171902e-05
cnv_depth__IBNLCO_00017__Type__CDS,16.720633807707365,6.083299125854928e-05
cnv_depth__IBNLCO_05638__lysR__gene,16.718477497916716,6.0897237574298196e-05
cnv_depth__IBNLCO_01654__rbsA__gene__promoter,16.71335634439584,6.105009610588263e-05
cnv_depth__IBNLCO_01996__gnl|Bakta|IBNLCO_01996__CDS__promoter,16.708528165176578,6.11945662523793e-05
cnv_depth__IBNLCO_04401__IBNLCO_04401__gene__promoter,16.690908900560842,6.172472326469485e-05
cnv_depth__IBNLCO_03218__Elongation__CDS,16.677326835030733,6.213658081558096e-05
cnv_depth__IBNLCO_02237__hypothetical__CDS,16.671652085732692,6.230948449647797e-05
cnv_depth__IBNLCO_02547__Chorismate__CDS__promoter,16.670139452639344,6.235565517856656e-05
cnv_depth__IBNLCO_00730__DUF1611__CDS,16.659394650035345,6.268462332553257e-05
cnv_depth__IBNLCO_05231__Transcriptional__CDS__promoter,16.65778209855975,6.273414570735279e-05
cnv_depth__IBNLCO_00247__ABC__CDS__promoter,16.65218701594341,6.290628187071699e-05
cnv_depth__IBNLCO_00057__IBNLCO_00057__gene__promoter,16.63395839198934,6.347042730952568e-05
cnv_depth__IBNLCO_00019__Efflux__CDS,16.633323729842203,6.349016123634554e-05
cnv_depth__IBNLCO_04727__IBNLCO_04727__gene__promoter,16.623451982244323,6.379791192741477e-05
cnv_depth__IBNLCO_01742__IBNLCO_01742__gene,16.61704030550226,6.399860548021847e-05
cnv_depth__IBNLCO_04350__IBNLCO_04350__gene__promoter,16.61337456767777,6.411363532584753e-05
cnv_depth__IBNLCO_02785__wcbF__gene__promoter,16.609712796043063,6.4228750118024e-05
cnv_depth__IBNLCO_05265__IBNLCO_05265__gene__promoter,16.605809369218267,6.435169270375359e-05
cnv_depth__IBNLCO_00574__IBNLCO_00574__gene,16.598324805214087,6.458809516644783e-05
cnv_depth__IBNLCO_02886__gnl|Bakta|IBNLCO_02886__CDS,16.596923401466235,6.463245680095168e-05
cnv_depth__IBNLCO_05186__Tryptophan__CDS,16.565832089862898,6.562464658092774e-05
cnv_depth__IBNLCO_00716__IBNLCO_00716__gene__promoter,16.563112452869323,6.571216754573106e-05
cnv_depth__IBNLCO_04836__IBNLCO_04836__gene,16.55976770419413,6.581996769174081e-05
cnv_depth__IBNLCO_03626__Pentapeptide__CDS,16.54579425573578,6.627227121803085e-05
cnv_depth__IBNLCO_00047__Branched-chain__CDS__promoter,16.538435018770713,6.651174709973413e-05
cnv_depth__IBNLCO_03139__Histidinol__CDS,16.532330781609804,6.671105019492795e-05
cnv_depth__IBNLCO_00491__IBNLCO_00491__gene__promoter,16.521816234606856,6.705577145862741e-05
cnv_depth__IBNLCO_05133__rpoS__gene,16.501090506954906,6.774056938726601e-05
cnv_depth__IBNLCO_03385__Short-chain-fatty-acid--CoA__CDS__promoter,16.492766120361075,6.801760831201102e-05
cnv_depth__IBNLCO_00253__DUF969__CDS,16.487520253199442,6.819278302596182e-05
cnv_depth__IBNLCO_04565__Bifunctional__CDS__promoter,16.48580669992678,6.825010265429177e-05
cnv_depth__IBNLCO_03195__Translation__CDS,16.482963120515645,6.834533037730801e-05
cnv_depth__IBNLCO_05205__IBNLCO_05205__gene__promoter,16.478784577354446,6.848550891311421e-05
cnv_depth__IBNLCO_02335__nnrS__gene,16.47479424091849,6.861964591031836e-05
cnv_depth__IBNLCO_04558__IBNLCO_04558__gene__promoter,16.47450847410883,6.862926231473418e-05
cnv_depth__IBNLCO_05598__IBNLCO_05598__gene__promoter,16.473766799021174,6.865422697269647e-05
cnv_depth__IBNLCO_03939__IBNLCO_03939__gene,16.462492321957498,6.903486049855142e-05
cnv_depth__IBNLCO_04709__GTP__CDS,16.46123538493519,6.907742792875264e-05
cnv_depth__IBNLCO_00470__lktB__gene__promoter,16.45032204911456,6.944814012040419e-05
cnv_depth__IBNLCO_05164__IBNLCO_05164__gene__promoter,16.449863255728985,6.946376888609289e-05
cnv_depth__IBNLCO_03482__4-hydroxybenzoate__CDS__promoter,16.445758934797823,6.96037411431608e-05
cnv_depth__IBNLCO_03947__IBNLCO_03947__gene__promoter,16.444627099537602,6.96423911504709e-05
cnv_depth__IBNLCO_00989__Aldehyde__CDS__promoter,16.442957091511044,6.969945849659755e-05
cnv_depth__IBNLCO_03717__IBNLCO_03717__gene__promoter,16.442530315974015,6.971404983707426e-05
cnv_depth__IBNLCO_04486__gnl|Bakta|IBNLCO_04486__CDS,16.438381930787056,6.985604357807526e-05
cnv_depth__IBNLCO_02179__IBNLCO_02179__gene,16.438032717494444,6.98680100690565e-05
cnv_depth__IBNLCO_05240__Purine__CDS,16.43526579682478,6.996289768216092e-05
cnv_depth__IBNLCO_00931__LPS__CDS,16.430114137314717,7.013991499762011e-05
cnv_depth__IBNLCO_03366__ADP-heptose--LPS__CDS,16.42800513970806,7.021251375881129e-05
cnv_depth__IBNLCO_01915__Murein__CDS,16.420304179838638,7.047825464788863e-05
cnv_depth__IBNLCO_02696__IBNLCO_02696__gene__promoter,16.406366100215326,7.096182061319698e-05
cnv_depth__IBNLCO_05551__Thioesterase__CDS__promoter,16.39967442533946,7.119517538556623e-05
cnv_depth__IBNLCO_03036__IBNLCO_03036__gene__promoter,16.396512743755604,7.130570149451685e-05
cnv_depth__IBNLCO_04840__DUF3761__CDS__promoter,16.391926548575494,7.146633525855186e-05
cnv_depth__IBNLCO_01858__putative__CDS,16.376265503890004,7.201764387548835e-05
cnv_depth__IBNLCO_05222__Tyrosinase__CDS,16.361575503982454,7.25386909738934e-05
cnv_depth__IBNLCO_05005__bapB__gene__promoter,16.357030561556915,7.270067134405952e-05
cnv_depth__IBNLCO_02159__IBNLCO_02159__gene,16.35643241254355,7.272201650343021e-05
cnv_depth__IBNLCO_01379__Cytochrome__CDS__promoter,16.353509238286815,7.282642251537067e-05
cnv_depth__IBNLCO_01300__IBNLCO_01300__gene__promoter,16.339733439468706,7.332049892142014e-05
cnv_depth__IBNLCO_02758__Serine__CDS__promoter,16.338572228679833,7.336230147353756e-05
cnv_depth__IBNLCO_04224__IBNLCO_04224__gene,16.329716897890755,7.368188184984079e-05
cnv_depth__IBNLCO_03834__ncS011__gene,16.309622241131482,7.441232832030625e-05
cnv_depth__IBNLCO_05530__Chemotaxis__CDS__promoter,16.308847594832365,7.444063355063211e-05
cnv_depth__IBNLCO_01401__IBNLCO_01401__gene__promoter,16.28162815083175,7.544218686042262e-05
cnv_depth__IBNLCO_05784__Sulfate__CDS__promoter,16.27905457939821,7.553758740565249e-05
cnv_depth__IBNLCO_01980__IBNLCO_01980__gene__promoter,16.275723388047265,7.566125419374504e-05
cnv_depth__IBNLCO_02789__capsule__CDS__promoter,16.27424487283655,7.571620823587989e-05
cnv_depth__IBNLCO_02298__IBNLCO_02298__gene,16.27266913593619,7.577482043434036e-05
cnv_depth__IBNLCO_04838__IBNLCO_04838__gene,16.25331101866065,7.649864646163166e-05
cnv_depth__IBNLCO_03825__IBNLCO_03825__gene,16.236805246226755,7.712135872742406e-05
cnv_depth__IBNLCO_05377__IBNLCO_05377__gene,16.23555469286464,7.716874736603676e-05
cnv_depth__IBNLCO_03950__IBNLCO_03950__gene,16.23352565082851,7.724569902877236e-05
cnv_depth__IBNLCO_05228__potB__gene,16.226982159950857,7.749439254418199e-05
cnv_depth__IBNLCO_03824__Pathogen-specific__CDS__promoter,16.22674156852419,7.750355198976483e-05
cnv_depth__IBNLCO_03760__IBNLCO_03760__gene__promoter,16.226701552654163,7.750507552209565e-05
cnv_depth__IBNLCO_04120__IBNLCO_04120__gene__promoter,16.224811783429,7.757705970402771e-05
cnv_depth__IBNLCO_04859__IBNLCO_04859__gene__promoter,16.220535278119275,7.774020885301703e-05
cnv_depth__IBNLCO_03700__IBNLCO_03700__gene__promoter,16.205655000960075,7.831061126152278e-05
cnv_depth__IBNLCO_00412__HTH__CDS,16.198661109223057,7.858017184207584e-05
cnv_depth__IBNLCO_00261__IBNLCO_00261__gene,16.19811204697655,7.860137377369681e-05
cnv_depth__IBNLCO_02422__3-oxoacyl-[acyl-carrier-protein]__CDS__promoter,16.187519823917924,7.901152844500295e-05
cnv_depth__IBNLCO_03574__IBNLCO_03574__gene,16.181897529064635,7.923011795478438e-05
cnv_depth__IBNLCO_04598__IBNLCO_04598__gene,16.177870345812536,7.938706813103917e-05
cnv_depth__IBNLCO_00920__gnl|Bakta|IBNLCO_00920__CDS__promoter,16.176286108947423,7.944889653804793e-05
cnv_depth__IBNLCO_04775__Beta-peptidyl__CDS__promoter,16.162664851314513,7.998251698452462e-05
cnv_depth__IBNLCO_01885__Purine__CDS__promoter,16.157388478820497,8.019019780198625e-05
cnv_depth__IBNLCO_04786__IBNLCO_04786__gene,16.154441998780673,8.03064108370173e-05
cnv_depth__IBNLCO_01187__IBNLCO_01187__gene,16.149626957421983,8.049669032995211e-05
cnv_depth__IBNLCO_00541__3-deoxy-D-manno-octulosonate__CDS,16.147267997629896,8.059007796431519e-05
cnv_depth__IBNLCO_00271__flgF__gene__promoter,16.146010342397673,8.063991154704714e-05
cnv_depth__IBNLCO_03755__IBNLCO_03755__gene,16.13947538039437,8.08993580077628e-05
cnv_depth__IBNLCO_04566__N-demethylindolmycin__CDS__promoter,16.135281151483127,8.106632044478259e-05
cnv_depth__IBNLCO_00357__Potassium__CDS,16.128221385842078,8.134814319445561e-05
cnv_depth__IBNLCO_02412__GTPase__CDS,16.118553162403416,8.173570826096931e-05
cnv_depth__IBNLCO_04403__IBNLCO_04403__gene__promoter,16.104434650229248,8.230503837628863e-05
cnv_depth__IBNLCO_01570__IBNLCO_01570__gene__promoter,16.09808993208115,8.256219859411888e-05
cnv_depth__IBNLCO_01108__IBNLCO_01108__gene__promoter,16.09610927933314,8.264264407164483e-05
cnv_depth__IBNLCO_02781__wcbJ__gene,16.08675991062113,8.302344987318872e-05
cnv_depth__IBNLCO_05661__IBNLCO_05661__gene__promoter,16.083066266046732,8.317438464255618e-05
cnv_depth__IBNLCO_04061__Peptidase__CDS__promoter,16.075992700723695,8.346421205003247e-05
cnv_depth__IBNLCO_01744__IBNLCO_01744__gene,16.065588105187928,8.389238632751208e-05
cnv_depth__IBNLCO_05733__IBNLCO_05733__gene,16.05624501131851,8.427877652755573e-05
cnv_depth__IBNLCO_00118__IBNLCO_00118__gene,16.0532901796626,8.440135116593304e-05
cnv_depth__IBNLCO_00856__Tetraacyldisaccharide__CDS,16.0463450255078,8.469016829955511e-05
cnv_depth__IBNLCO_04235__hypothetical__CDS,16.04019181277,8.494689005346097e-05
cnv_depth__IBNLCO_04945__aldehyde__CDS__promoter,16.03085250951999,8.533805034737392e-05
cnv_depth__IBNLCO_03970__Fe2OG__CDS__promoter,16.017855148019848,8.588546602921096e-05
cnv_depth__IBNLCO_02627__IBNLCO_02627__gene,16.009344144931948,8.62458571882359e-05
cnv_depth__IBNLCO_02978__hypothetical__CDS,15.995142421999534,8.68506374072786e-05
cnv_depth__IBNLCO_02044__BTH_s19__gene,15.990570178065452,8.704626080270755e-05
cnv_depth__IBNLCO_05214__IBNLCO_05214__gene__promoter,15.984326631304139,8.731411329462514e-05
cnv_depth__IBNLCO_00649__surA__gene__promoter,15.952942357580309,8.867324457441168e-05
cnv_depth__IBNLCO_01152__IBNLCO_01152__gene__promoter,15.949702180212888,8.88147812960363e-05
cnv_depth__IBNLCO_01519__rimP__gene__promoter,15.939704826818309,8.925293019861797e-05
cnv_depth__IBNLCO_04610__Alkyl__CDS,15.938583112609217,8.930222766947268e-05
cnv_depth__IBNLCO_04064__IBNLCO_04064__gene__promoter,15.93123422119301,8.962588348089322e-05
cnv_depth__IBNLCO_00281__IBNLCO_00281__gene,15.929853899660321,8.968680750887546e-05
cnv_depth__IBNLCO_02428__Large__CDS,15.924702850500664,8.991453357497406e-05
cnv_depth__IBNLCO_02215__Serine__CDS__promoter,15.903618586408099,9.085279503323018e-05
cnv_depth__IBNLCO_03248__TetR/AcrR__CDS__promoter,15.892417670531744,9.135527732772149e-05
cnv_depth__IBNLCO_01954__IBNLCO_01954__gene,15.890959199572201,9.142091274336527e-05
cnv_depth__IBNLCO_04898__3-oxo-tetronate__CDS,15.883954064826225,9.173683168713148e-05
cnv_depth__IBNLCO_04604__IBNLCO_04604__gene__promoter,15.879930360469224,9.191879424356615e-05
cnv_depth__IBNLCO_00857__Exodeoxyribonuclease__CDS,15.878562495555189,9.198073610724498e-05
cnv_depth__IBNLCO_02465__IBNLCO_02465__gene__promoter,15.876882155585315,9.20568859574886e-05
cnv_depth__IBNLCO_00113__DprA__CDS__promoter,15.865843729253875,9.255871993739394e-05
cnv_depth__IBNLCO_05610__gnl|Bakta|IBNLCO_05610__CDS__promoter,15.8620220646795,9.273310847498668e-05
cnv_depth__IBNLCO_03380__FAD__CDS,15.860595272798339,9.279830067653718e-05
cnv_depth__IBNLCO_02697__IBNLCO_02697__gene,15.83928046256061,9.37777619011478e-05
cnv_depth__IBNLCO_02296__IBNLCO_02296__gene__promoter,15.827504226712096,9.432339834648759e-05
cnv_depth__IBNLCO_00403__Putative__CDS__promoter,15.825006598158549,9.44395362320864e-05
cnv_depth__IBNLCO_04642__IBNLCO_04642__gene,15.823293497000959,9.451927807310332e-05
cnv_depth__IBNLCO_04623__DNA-binding__CDS__promoter,15.822939691834307,9.453575559261182e-05
cnv_depth__IBNLCO_03964__IBNLCO_03964__gene,15.811803252954265,9.505589795963665e-05
cnv_depth__IBNLCO_03621__Type__CDS,15.808496264830728,9.521091392016312e-05
cnv_depth__IBNLCO_03041__peptidoglycan__CDS__promoter,15.800858407524055,9.556992189626743e-05
cnv_depth__IBNLCO_00098__lysR__gene,15.799647028306204,9.562698737139377e-05
cnv_depth__IBNLCO_03120__IBNLCO_03120__gene__promoter,15.795692489255782,9.58135180562298e-05
cnv_depth__IBNLCO_01442__ABC__CDS__promoter,15.79362138641741,9.591135670430215e-05
cnv_depth__IBNLCO_04960__EamA__CDS__promoter,15.78762371523639,9.619525835083173e-05
cnv_depth__IBNLCO_00085__Transmembrane__CDS__promoter,15.783088616233654,9.641049486377656e-05
cnv_depth__IBNLCO_04992__Type__CDS,15.780667213434569,9.652561511657748e-05
cnv_depth__IBNLCO_00431__IBNLCO_00431__gene,15.773197822952223,9.688161054606815e-05
cnv_depth__IBNLCO_00897__Large__CDS,15.772559329953046,9.691210324389982e-05
cnv_depth__IBNLCO_00913__Ribosomal__CDS__promoter,15.769502131486187,9.7058241807092e-05
cnv_depth__IBNLCO_01458__MFS__CDS__promoter,15.768889611735073,9.708754803273452e-05
cnv_depth__IBNLCO_04020__IBNLCO_04020__gene,15.758218385678408,9.759956033725687e-05
cnv_depth__IBNLCO_03817__IBNLCO_03817__gene,15.756415821298189,9.768631872202199e-05
cnv_depth__IBNLCO_02295__IBNLCO_02295__gene,15.755416658765338,9.773444266249559e-05
cnv_depth__IBNLCO_03629__IBNLCO_03629__gene__promoter,15.750622917993052,9.796566459985315e-05
cnv_depth__IBNLCO_00983__Phosphoenolpyruvate__CDS,15.74912287425885,9.803813190272095e-05
cnv_depth__IBNLCO_00203__Tyrosine__CDS__promoter,15.741694785001037,9.839778644614458e-05
cnv_depth__IBNLCO_01012__NadR/Ttd14__CDS__promoter,15.7408981145729,9.843643920624664e-05
cnv_depth__IBNLCO_03938__IBNLCO_03938__gene,15.730383049536579,9.894805431720967e-05
cnv_depth__IBNLCO_02829__Pyrroline-5-carboxylate__CDS__promoter,15.728770544674443,9.902674978511687e-05
cnv_depth__IBNLCO_00784__IBNLCO_00784__gene,15.727833435171117,9.907251295229582e-05
cnv_depth__IBNLCO_00533__IBNLCO_00533__gene,15.719515718767363,9.947964551682626e-05
cnv_depth__IBNLCO_05520__Inner__CDS__promoter,15.714281230138521,9.97367315797948e-05
cnv_depth__IBNLCO_03830__hypothetical__CDS__promoter,15.71156022426614,9.987063702246785e-05
cnv_depth__IBNLCO_05058__Cellulose__CDS,15.700022205337662,0.00010044047351320698
cnv_depth__IBNLCO_03667__IBNLCO_03667__gene,15.696015416852662,0.00010063913075830102
cnv_depth__IBNLCO_03701__IBNLCO_03701__gene__promoter,15.695879462381086,0.00010064587839504787
cnv_depth__IBNLCO_01518__Bp1_162__gene,15.695328891673947,0.00010067320879084639
cnv_depth__IBNLCO_05505__DUF411__CDS,15.68659982244612,0.00010110752871726079
cnv_depth__IBNLCO_04661__Carboxymuconolactone__CDS__promoter,15.68385928703097,0.00010124427755909509
cnv_depth__IBNLCO_05005__bapB__gene,15.676289606667279,0.00010162297011727502
cnv_depth__IBNLCO_03025__Transcriptional__CDS__promoter,15.676187879650977,0.00010162806904921205
cnv_depth__IBNLCO_03647__IBNLCO_03647__gene,15.671920203839813,0.00010184221477654764
cnv_depth__IBNLCO_05148__IBNLCO_05148__gene,15.670845073749208,0.00010189623542108962
cnv_depth__IBNLCO_01483__IBNLCO_01483__gene,15.669487694288433,0.00010196447942040858
cnv_depth__IBNLCO_04065__LysR-family__CDS__promoter,15.669008571758628,0.00010198857899843309
cnv_depth__IBNLCO_00361__IBNLCO_00361__gene,15.666761792942475,0.00010210166778333898
cnv_depth__IBNLCO_05784__Sulfate__CDS,15.657379943277412,0.00010257526847472243
cnv_depth__IBNLCO_04560__Transmembrane__CDS__promoter,15.653081530717479,0.0001027929988499819
cnv_depth__IBNLCO_01401__IBNLCO_01401__gene,15.652061986275,0.00010284471131295458
cnv_depth__IBNLCO_02197__IBNLCO_02197__gene,15.650757911045849,0.00010291089399441787
cnv_depth__IBNLCO_01274__IBNLCO_01274__gene__promoter,15.647336847834161,0.00010308472075393873
cnv_depth__IBNLCO_04742__hypothetical__CDS,15.646392976116681,0.00010313273201098824
cnv_depth__IBNLCO_05797__IBNLCO_05797__gene__promoter,15.629993971230734,0.00010397052107146023
cnv_depth__IBNLCO_04187__IBNLCO_04187__gene,15.617712881012103,0.0001046024562125686
cnv_depth__IBNLCO_00960__Pantothenate__CDS__promoter,15.606798829529133,0.00010516732054894683
cnv_depth__IBNLCO_04752__Lipid__CDS__promoter,15.605448831375734,0.0001052374054932808
cnv_depth__IBNLCO_05436__oprM__gene,15.592296681076856,0.00010592268315147667
cnv_depth__IBNLCO_02551__ncS025__gene__promoter,15.59187460413706,0.00010594474984427362
cnv_depth__IBNLCO_02567__IBNLCO_02567__gene__promoter,15.590777803416136,0.00010600211373306892
cnv_depth__IBNLCO_01989__IBNLCO_01989__gene__promoter,15.586704894995732,0.00010621540740089396
cnv_depth__IBNLCO_05128__High-copy__CDS__promoter,15.584463615327525,0.00010633296649272916
cnv_depth__IBNLCO_05394__IBNLCO_05394__gene,15.58432219357477,0.00010634038874270368
cnv_depth__IBNLCO_04586__ribD__gene__promoter,15.574848954859883,0.0001068387729347424
cnv_depth__IBNLCO_00016__gspL__gene,15.57322588621481,0.00010692439969412385
cnv_depth__IBNLCO_03897__DSBA__CDS,15.569469831876198,0.00010712282167977936
cnv_depth__IBNLCO_01001__IBNLCO_01001__gene__promoter,15.565581481187285,0.00010732862628765649
cnv_depth__IBNLCO_01907__HTH__CDS,15.56029918950636,0.00010760885326140663
cnv_depth__IBNLCO_02525__IBNLCO_02525__gene__promoter,15.5578295765497,0.00010774012155635344
cnv_depth__IBNLCO_02019__trnV__gene__promoter,15.55249208292527,0.00010802438299330265
cnv_depth__IBNLCO_03606__IBNLCO_03606__gene__promoter,15.545645238895698,0.00010839014364458563
cnv_depth__IBNLCO_03070__IBNLCO_03070__gene,15.54499575626297,0.00010842490443544081
cnv_depth__IBNLCO_03868__hypothetical__CDS,15.543808544860541,0.00010848847411882697
cnv_depth__IBNLCO_05699__IBNLCO_05699__gene__promoter,15.541427459262138,0.00010861608430493062
cnv_depth__IBNLCO_04482__Histidine__CDS,15.540363194652008,0.00010867317099774727
cnv_depth__IBNLCO_04241__IBNLCO_04241__gene,15.53065599465895,0.0001091952688903007
cnv_depth__IBNLCO_00064__IBNLCO_00064__gene,15.52433692149437,0.00010953650528669819
cnv_depth__IBNLCO_03277__IBNLCO_03277__gene,15.517468550364347,0.00010990863223155928
cnv_depth__IBNLCO_02201__Multidrug__CDS,15.514456226036502,0.00011007224395363545
cnv_depth__IBNLCO_02782__wcbI__gene__promoter,15.50718060807288,0.00011046843316876369
cnv_depth__IBNLCO_00876__IBNLCO_00876__gene,15.496408021761672,0.00011105770780875634
cnv_depth__IBNLCO_01008__IBNLCO_01008__gene__promoter,15.495090279951894,0.0001111300087233636
cnv_depth__IBNLCO_02381__IBNLCO_02381__gene,15.477606715279617,0.00011209381956202279
cnv_depth__IBNLCO_01466__hypothetical__CDS__promoter,15.465908915442098,0.00011274341444380409
cnv_depth__IBNLCO_05327__Polysaccharide__CDS__promoter,15.46319134306307,0.00011289487120468414
cnv_depth__IBNLCO_04238__hypothetical__CDS__promoter,15.457667432214414,0.00011320336880833566
cnv_depth__IBNLCO_02782__capsular__CDS,15.454771090020829,0.00011336546465379402
cnv_depth__IBNLCO_04199__Cellulose__CDS,15.447908050506303,0.00011375050083872446
cnv_depth__IBNLCO_00660__corC__gene,15.43553580421584,0.00011444797649354912
cnv_depth__IBNLCO_04517__IBNLCO_04517__gene,15.429254909631833,0.00011480371689412895
cnv_depth__IBNLCO_01191__IBNLCO_01191__gene,15.424894567582852,0.00011505134005949163
cnv_depth__IBNLCO_01856__IBNLCO_01856__gene__promoter,15.415009852249902,0.00011561470134312256
cnv_depth__IBNLCO_05020__type__CDS,15.399483723390192,0.00011650524451981291
cnv_depth__IBNLCO_03169__IBNLCO_03169__gene,15.393936597514498,0.00011682510075101882
cnv_depth__IBNLCO_01470__IBNLCO_01470__gene,15.3856050184267,0.00011730718896758295
cnv_depth__IBNLCO_02685__IBNLCO_02685__gene__promoter,15.381721396071157,0.00011753259574677687
cnv_depth__IBNLCO_03079__IBNLCO_03079__gene,15.377539741952281,0.00011777579205320092
cnv_depth__IBNLCO_02120__Isoprenyl__CDS,15.377513412298729,0.00011777732494848131
cnv_depth__IBNLCO_04354__IBNLCO_04354__gene__promoter,15.367817827925197,0.00011834317482267095
cnv_depth__IBNLCO_01516__Segregation__CDS__promoter,15.35969537861242,0.00011881933816978593
cnv_depth__IBNLCO_02102__Modulator__CDS__promoter,15.349123839475359,0.00011944198940139872
cnv_depth__IBNLCO_00575__IBNLCO_00575__gene,15.348428807988153,0.0001194830418075813
cnv_depth__IBNLCO_01473__IBNLCO_01473__gene,15.34595464750472,0.00011962929571321672
cnv_depth__IBNLCO_04851__IBNLCO_04851__gene,15.345648648150288,0.00011964739673665177
cnv_depth__IBNLCO_04192__Pyridoxamine__CDS,15.344177411489895,0.00011973446480141267
cnv_depth__IBNLCO_02669__IBNLCO_02669__gene,15.3428933523234,0.00011981050823598682
cnv_depth__IBNLCO_03390__Uroporphyrinogen__CDS__promoter,15.337578286174734,0.00012012579433890953
cnv_depth__IBNLCO_05415__Acetoacetyl-CoA__CDS,15.328836258283934,0.00012064619870939342
cnv_depth__IBNLCO_04142__AraC__CDS,15.325554921136272,0.00012084212379290048
cnv_depth__IBNLCO_00442__IBNLCO_00442__gene__promoter,15.320334907886513,0.00012115447104654342
cnv_depth__IBNLCO_02999__pilC__gene,15.309282036296828,0.00012181854405016916
cnv_depth__IBNLCO_05696__Amino__CDS__promoter,15.294576779544354,0.00012270779084505603
cnv_depth__IBNLCO_03718__IBNLCO_03718__gene,15.290172039956621,0.00012297543199613604
cnv_depth__IBNLCO_05047__Fe2OG__CDS__promoter,15.282407694577667,0.00012344865381633873
cnv_depth__IBNLCO_03102__Type__CDS,15.281213266757986,0.00012352161579050436
cnv_depth__IBNLCO_05805__IBNLCO_05805__gene__promoter,15.278103674707326,0.0001237117715663766
cnv_depth__IBNLCO_01865__IBNLCO_01865__gene__promoter,15.277625560413245,0.0001237410352553472
cnv_depth__IBNLCO_00528__IBNLCO_00528__gene,15.277443382540783,0.0001237521875692024
cnv_depth__IBNLCO_04404__UspA__CDS__promoter,15.253158074043613,0.00012524802489294052
cnv_depth__IBNLCO_05309__Carrier__CDS,15.245694162380083,0.00012571143768086004
cnv_depth__IBNLCO_05615__Alpha-hydroxy-acid__CDS,15.220223517518859,0.00012730598443382238
cnv_depth__IBNLCO_03834__ncS011__gene__promoter,15.219906265860622,0.00012732597439327385
cnv_depth__IBNLCO_05053__tauB__gene__promoter,15.215427309052638,0.000127608532859923
cnv_depth__IBNLCO_02235__2%2C3%2C4%2C5-tetrahydropyridine-2%2C6-dicarboxylate__CDS,15.205396925073247,0.0001282436190306156
cnv_depth__IBNLCO_01370__IBNLCO_01370__gene,15.202262011681913,0.0001284427674728738
cnv_depth__IBNLCO_05329__UDP-glucose__CDS__promoter,15.200371435409101,0.00012856301993544096
cnv_depth__IBNLCO_01978__ATPase__CDS,15.197801795072984,0.00012872664841285657
cnv_depth__IBNLCO_02949__IBNLCO_02949__gene,15.197756699612437,0.00012872952186986328
cnv_depth__IBNLCO_01978__ATPase__CDS__promoter,15.189023147974073,0.00012928724827223443
cnv_depth__IBNLCO_05018__bsaT__gene__promoter,15.181879170758563,0.00012974528803303854
cnv_depth__IBNLCO_04345__IBNLCO_04345__gene,15.180043356032556,0.00012986325811461226
cnv_depth__IBNLCO_03138__IBNLCO_03138__gene__promoter,15.179501662036119,0.00012989808836102041
cnv_depth__IBNLCO_03894__IBNLCO_03894__gene__promoter,15.164365239899254,0.0001308751864673405
cnv_depth__IBNLCO_00278__flgL__gene,15.163523764603125,0.00013092972449639715
cnv_depth__IBNLCO_03689__Hemin__CDS__promoter,15.162958296152762,0.00013096638682425754
cnv_depth__IBNLCO_01049__Glyoxalase-like__CDS__promoter,15.154333995555985,0.00013152683973034117
cnv_depth__IBNLCO_02941__Transketolase__CDS__promoter,15.148992326176225,0.00013187519048485813
cnv_depth__IBNLCO_03821__3-hydroxybutyrate__CDS__promoter,15.145813464653227,0.00013208294072844352
cnv_depth__IBNLCO_00119__hypothetical__CDS__promoter,15.141548647787548,0.00013236218423290648
cnv_depth__IBNLCO_03779__IBNLCO_03779__gene,15.136601116894601,0.00013268688035609553
cnv_depth__IBNLCO_04292__IBNLCO_04292__gene__promoter,15.136332316272812,0.00013270454432598092
cnv_depth__IBNLCO_05223__IBNLCO_05223__gene__promoter,15.12807374644684,0.00013324841336889983
cnv_depth__IBNLCO_02785__wcbF__gene,15.123309624334947,0.00013356318401129463
cnv_depth__IBNLCO_04352__DUF3156__CDS,15.120803889547695,0.00013372904347234402
cnv_depth__IBNLCO_00466__IBNLCO_00466__gene__promoter,15.11706765780125,0.00013397674041629238
cnv_depth__IBNLCO_04043__IBNLCO_04043__gene__promoter,15.11411580821471,0.00013417276540543622
cnv_depth__IBNLCO_04549__YbaK/aminoacyl-tRNA__CDS,15.112112226298025,0.00013430598419567066
cnv_depth__IBNLCO_04195__Cyclic__CDS,15.111090032333617,0.00013437400192590517
cnv_depth__IBNLCO_02548__dinG__gene__promoter,15.106821906265193,0.0001346583851178764
cnv_depth__IBNLCO_01560__IBNLCO_01560__gene,15.106663261124535,0.00013466896733956056
cnv_depth__IBNLCO_04160__IBNLCO_04160__gene,15.103970690421804,0.00013484870067653333
cnv_depth__IBNLCO_00114__Peptide__CDS__promoter,15.10248338755186,0.0001349480848985223
cnv_depth__IBNLCO_02730__IBNLCO_02730__gene__promoter,15.085267498134451,0.00013610390895925635
cnv_depth__IBNLCO_00090__Betaproteobacteria_toxic_sRNA__gene,15.082935750167529,0.00013626122673432689
cnv_depth__IBNLCO_00637__HTH__CDS__promoter,15.079884497181057,0.0001364673668258226
cnv_depth__IBNLCO_04258__gnl|Bakta|IBNLCO_04258__CDS__promoter,15.055745480282,0.00013810938125363966
cnv_depth__IBNLCO_01528__bipA__gene,15.040989761557618,0.0001391229793925755
cnv_depth__IBNLCO_05025__Type__CDS__promoter,15.038243616393368,0.00013931244940151388
cnv_depth__IBNLCO_03831__IBNLCO_03831__gene__promoter,15.036192138278896,0.00013945416189686309
cnv_depth__unknown__unknown__regulatory.12,15.03179198965265,0.00013975861032015054
cnv_depth__IBNLCO_01913__putative__CDS,15.022454381948275,0.00014040692177450867
cnv_depth__IBNLCO_04200__Methylaspartate__CDS__promoter,15.00769757710435,0.000141437721872895
cnv_depth__IBNLCO_01746__DUF1109__CDS__promoter,14.994727531157885,0.00014235005655022136
cnv_depth__IBNLCO_02741__IBNLCO_02741__gene,14.989893428253769,0.00014269162222079796
cnv_depth__IBNLCO_05391__Catechol__CDS__promoter,14.983937194843614,0.00014311361959458034
cnv_depth__IBNLCO_04211__Secretory__CDS__promoter,14.981139467361434,0.00014331227500188033
cnv_depth__IBNLCO_05230__Spermidine/putrescine__CDS,14.962187735805895,0.00014466535520182033
cnv_depth__IBNLCO_01534__DUF2147__CDS__promoter,14.95951808792308,0.0001448569974326773
cnv_depth__IBNLCO_02843__4-hydroxybenzoate__CDS,14.945924101425748,0.0001458368560584035
cnv_depth__IBNLCO_02550__IBNLCO_02550__gene__promoter,14.938364484139024,0.00014638466516914586
cnv_depth__IBNLCO_04778__gsiB__gene,14.937516263862614,0.00014644626186312542
cnv_depth__IBNLCO_00739__IBNLCO_00739__gene,14.936170772301056,0.00014654402377160878
cnv_depth__IBNLCO_03146__IBNLCO_03146__gene__promoter,14.924357269113447,0.00014740523033845385
cnv_depth__IBNLCO_03217__Small__CDS__promoter,14.910966650738864,0.00014838762598304005
cnv_depth__IBNLCO_04811__IBNLCO_04811__gene__promoter,14.89793845047112,0.00014934981488289416
cnv_depth__IBNLCO_03866__lysM__gene__promoter,14.891947911312805,0.0001497943663160362
cnv_depth__IBNLCO_04382__mgtC__gene,14.890766048443261,0.0001498822296737998
cnv_depth__IBNLCO_02546__gnl|Bakta|IBNLCO_02546__CDS__promoter,14.869385743708447,0.00015148077705344392
cnv_depth__IBNLCO_04055__Major__CDS,14.867511473637824,0.00015162173399533877
cnv_depth__unknown__unknown__regulatory.14,14.8655457756413,0.00015176971001296517
cnv_depth__IBNLCO_00107__IBNLCO_00107__gene__promoter,14.86533117085786,0.0001517858741503193
cnv_depth__IBNLCO_00443__IBNLCO_00443__gene,14.85707411792464,0.00015240912901711624
cnv_depth__IBNLCO_02866__THUMP__CDS__promoter,14.842806479130799,0.00015349220434576863
cnv_depth__IBNLCO_00370__IBNLCO_00370__gene,14.83982297397382,0.00015371967256464896
cnv_depth__IBNLCO_02526__IBNLCO_02526__gene__promoter,14.837500565362214,0.00015389697445133223
cnv_depth__IBNLCO_00329__IBNLCO_00329__gene__promoter,14.829404367080802,0.0001545166960610994
cnv_depth__IBNLCO_02071__IBNLCO_02071__gene__promoter,14.818978944354475,0.00015531844246607652
cnv_depth__IBNLCO_03335__IBNLCO_03335__gene,14.817491270578113,0.00015543319302759338
cnv_depth__IBNLCO_04490__hypothetical__CDS__promoter,14.813268951868752,0.00015575934751462848
cnv_depth__IBNLCO_00528__IBNLCO_00528__gene__promoter,14.807746311365518,0.00015618699521947668
cnv_depth__IBNLCO_01457__IBNLCO_01457__gene,14.797644280840018,0.00015697233791052905
cnv_depth__IBNLCO_03895__Transcriptional__CDS,14.793177522927133,0.00015732086607000108
cnv_depth__IBNLCO_00377__ABC__CDS__promoter,14.784775743203811,0.0001579785635816571
cnv_depth__IBNLCO_04857__IBNLCO_04857__gene,14.781262324736456,0.00015825442400493458
cnv_depth__IBNLCO_04466__IBNLCO_04466__gene__promoter,14.770823259138167,0.00015907695008477812
cnv_depth__IBNLCO_03808__IBNLCO_03808__gene__promoter,14.76698250781179,0.00015938066618981843
cnv_depth__IBNLCO_00096__IBNLCO_00096__gene,14.746247903460509,0.00016103050385328404
cnv_depth__IBNLCO_04214__malT__gene__promoter,14.73985781962107,0.00016154244690262383
cnv_depth__IBNLCO_00496__IBNLCO_00496__gene__promoter,14.733811281240033,0.00016202838887393667
cnv_depth__IBNLCO_02927__exbD__gene__promoter,14.731932122663169,0.0001621797133673136
cnv_depth__IBNLCO_05374__IBNLCO_05374__gene,14.726394781851232,0.00016262645844183202
cnv_depth__IBNLCO_03587__IBNLCO_03587__gene__promoter,14.726246618373205,0.0001626384292230284
cnv_depth__IBNLCO_02173__Enoyl-[acyl-carrier-protein]__CDS__promoter,14.720242700769562,0.00016312426591779124
cnv_depth__IBNLCO_02827__Glycolate__CDS,14.716384287513515,0.00016343726632263536
cnv_depth__IBNLCO_03904__AB__CDS,14.706668099117087,0.0001642281634044536
cnv_depth__IBNLCO_04994__tssM-5__gene,14.706226631475952,0.000164264191028365
cnv_depth__IBNLCO_03524__hypothetical__CDS__promoter,14.700840209197057,0.00016470441729962414
cnv_depth__IBNLCO_04514__LysR__CDS__promoter,14.695392039399694,0.00016515090921763223
cnv_depth__IBNLCO_02505__Cytidylate__CDS,14.687926909914832,0.00016576469344920246
cnv_depth__IBNLCO_05120__Diaminobutyrate--2-oxoglutarate__CDS__promoter,14.686722362297392,0.00016586394843628974
cnv_depth__IBNLCO_01585__IBNLCO_01585__gene__promoter,14.686522120628911,0.00016588045424424127
cnv_depth__IBNLCO_05770__IBNLCO_05770__gene,14.677456400018318,0.00016662948678593194
cnv_depth__IBNLCO_04567__Thymidylate__CDS__promoter,14.671421269138419,0.00016713002831633152
cnv_depth__IBNLCO_01070__IBNLCO_01070__gene,14.65476685131708,0.00016851924929507558
cnv_depth__IBNLCO_05108__IBNLCO_05108__gene__promoter,14.654392486943085,0.00016855061116972074
cnv_depth__IBNLCO_00531__Lon__CDS__promoter,14.654392126484808,0.00016855064136948796
cnv_depth__IBNLCO_01294__IBNLCO_01294__gene__promoter,14.646281971521669,0.00016923151619953092
cnv_depth__IBNLCO_02604__3%2C4-dihydroxy-2-butanone__CDS,14.626282535544176,0.0001709225006288349
cnv_depth__IBNLCO_02496__IBNLCO_02496__gene,14.620679672779884,0.000171399302208364
cnv_depth__IBNLCO_01027__hlyU__gene,14.61326508929124,0.00017203235830220631
cnv_depth__IBNLCO_00419__3-hydroxyacyl-CoA__CDS,14.600731367331607,0.00017310789158732874
cnv_depth__IBNLCO_01065__eamA__gene,14.595354247746695,0.00017357139984266294
cnv_depth__IBNLCO_03966__IBNLCO_03966__gene,14.584335782160863,0.00017452513511276128
cnv_depth__IBNLCO_00975__Phosphoglycolate__CDS,14.576700128868485,0.00017518918245616803
cnv_depth__IBNLCO_02263__Cysteine-rich__CDS__promoter,14.56599715066968,0.00017612430755738472
cnv_depth__IBNLCO_04164__gnl|Bakta|IBNLCO_04164__CDS__promoter,14.563606940133953,0.00017633383325505275
cnv_depth__IBNLCO_03083__HTH__CDS__promoter,14.553785268052904,0.00017719746172213145
cnv_depth__IBNLCO_04316__Universal__CDS__promoter,14.552183657042391,0.00017733869973925805
cnv_depth__IBNLCO_05691__Type__CDS,14.55132601401245,0.00017741437797245662
cnv_depth__IBNLCO_00247__IBNLCO_00247__gene,14.524565112702398,0.00017979230991591968
cnv_depth__IBNLCO_00738__3-phosphoshikimate__CDS,14.520707448941515,0.0001801377560275706
cnv_depth__IBNLCO_04665__bfrD__gene,14.513289927557317,0.00018080387615586102
cnv_depth__IBNLCO_05495__IBNLCO_05495__gene__promoter,14.51210001405553,0.0001809109673419399
cnv_depth__IBNLCO_03160__Glutamate__CDS__promoter,14.506884208801964,0.00018138114609914246
cnv_depth__IBNLCO_01864__IBNLCO_01864__gene__promoter,14.504185381148506,0.00018162491906364495
cnv_depth__IBNLCO_02929__4-hydroxy-tetrahydrodipicolinate__CDS,14.497556927959325,0.0001822250509642097
cnv_depth__IBNLCO_02915__IBNLCO_02915__gene,14.487901448263402,0.00018310285257607445
cnv_depth__IBNLCO_05432__ABC3__CDS,14.47619374482154,0.00018417299119111765
cnv_depth__IBNLCO_00542__IBNLCO_00542__gene__promoter,14.473360109674742,0.00018443295228423562
cnv_depth__IBNLCO_04165__ABC__CDS,14.464685250584834,0.00018523111406656024
cnv_depth__IBNLCO_04287__histidine__CDS,14.444329692417492,0.00018711780713577986
cnv_depth__IBNLCO_02073__Nitrate__CDS,14.437825682212468,0.00018772474998285304
cnv_depth__IBNLCO_04932__Carboxynorspermidine/carboxyspermidine__CDS__promoter,14.421661945656446,0.0001892417980437074
cnv_depth__IBNLCO_00328__IBNLCO_00328__gene__promoter,14.404641999062301,0.0001908526715644439
cnv_depth__IBNLCO_05823__IBNLCO_05823__gene__promoter,14.404250993975866,0.0001908898419666559
cnv_depth__IBNLCO_01187__IBNLCO_01187__gene__promoter,14.391991517547297,0.00019205901153705794
cnv_depth__IBNLCO_02107__Peptidase__CDS,14.38934033713155,0.00019231280629745267
cnv_depth__IBNLCO_01742__DUF2282__CDS__promoter,14.388957238728104,0.00019234950807634862
cnv_depth__IBNLCO_03480__IBNLCO_03480__gene,14.376669713989989,0.00019353046568356425
cnv_depth__IBNLCO_02715__Purine__CDS,14.37253748694636,0.00019392926828831446
cnv_depth__IBNLCO_00265__flgM__gene__promoter,14.37247866054152,0.00019393495166782412
cnv_depth__IBNLCO_02346__Coproporphyrinogen-III__CDS,14.371555766858823,0.00019402413710071083
cnv_depth__IBNLCO_00565__IBNLCO_00565__gene,14.37039015023247,0.00019413683803860888
cnv_depth__IBNLCO_01501__IBNLCO_01501__gene__promoter,14.35945731495845,0.0001951971530505364
cnv_depth__IBNLCO_03846__Uncharacterized__CDS,14.357024924402346,0.00019543385614968086
cnv_depth__IBNLCO_03369__MFS__CDS__promoter,14.352826817425305,0.00019584307254791463
cnv_depth__IBNLCO_04179__IBNLCO_04179__gene,14.348271763429082,0.00019628806768785717
cnv_depth__IBNLCO_02567__Cation:proton__CDS,14.342126209175099,0.0001968900714375095
cnv_depth__IBNLCO_02613__hypothetical__CDS,14.33580639555464,0.00019751110176774385
cnv_depth__IBNLCO_05405__Benzoate__CDS__promoter,14.318038974755689,0.00019926774065970941
cnv_depth__IBNLCO_00228__flagellar__CDS,14.311456692082928,0.00019992254380235512
cnv_depth__IBNLCO_03061__HTH__CDS__promoter,14.306656954603808,0.000200401397934416
cnv_depth__IBNLCO_02798__IBNLCO_02798__gene,14.30371618233182,0.0002006953647469463
cnv_depth__IBNLCO_05012__SctU__CDS__promoter,14.297722592676264,0.00020129585586579446
cnv_depth__IBNLCO_00639__Enoyl-CoA__CDS__promoter,14.296219914573134,0.0002014466935318803
cnv_depth__IBNLCO_02107__Peptidase__CDS__promoter,14.29566858818918,0.0002015020640404629
cnv_depth__IBNLCO_01703__IBNLCO_01703__gene__promoter,14.294276109732584,0.00020164198153198158
cnv_depth__IBNLCO_01972__IBNLCO_01972__gene,14.28748630636734,0.0002023256425966572
cnv_depth__IBNLCO_00582__IBNLCO_00582__gene__promoter,14.28262698704137,0.000202816369931267
cnv_depth__IBNLCO_00224__fliH__gene__promoter,14.275830061019617,0.0002035047995968896
cnv_depth__IBNLCO_00834__gnl|Bakta|IBNLCO_00834__CDS,14.275220186382882,0.00020356668698111023
cnv_depth__IBNLCO_05275__HTH-type__CDS,14.274617758723595,0.0002036278374528708
cnv_depth__IBNLCO_03082__Oxalate:formate__CDS__promoter,14.261330777363863,0.00020498131159073037
cnv_depth__IBNLCO_04128__IBNLCO_04128__gene__promoter,14.255750876806575,0.000205552428471387
cnv_depth__IBNLCO_04652__1-aminocyclopropane-1-carboxylate__CDS__promoter,14.25484800333854,0.00020564499170335363
cnv_depth__IBNLCO_04300__IBNLCO_04300__gene__promoter,14.247451143407517,0.0002064049196610999
cnv_depth__IBNLCO_01934__DUF937__CDS,14.246799472686865,0.00020647200668521504
cnv_depth__IBNLCO_05541__IBNLCO_05541__gene__promoter,14.236202329840495,0.0002075660571411692
cnv_depth__IBNLCO_05609__IBNLCO_05609__gene__promoter,14.231911418388743,0.00020801072517459988
cnv_depth__IBNLCO_02772__capsular__CDS__promoter,14.22338724912156,0.0002088969601789097
cnv_depth__IBNLCO_05395__IBNLCO_05395__gene,14.219297025494253,0.00020932357097109996
cnv_depth__IBNLCO_05583__IBNLCO_05583__gene__promoter,14.218926173774578,0.00020936229459234059
cnv_depth__IBNLCO_01545__hypothetical__CDS,14.218920708224893,0.00020936286534892245
cnv_depth__IBNLCO_01444__luxP__gene,14.20981723782176,0.0002103157206768416
cnv_depth__IBNLCO_04039__IBNLCO_04039__gene,14.19933486150999,0.0002114183653079596
cnv_depth__IBNLCO_01306__Transcriptional__CDS,14.197922566063756,0.00021156737349959664
cnv_depth__IBNLCO_04914__Arsenate__CDS,14.196265920131816,0.00021174229858889106
cnv_depth__IBNLCO_05661__DOPA__CDS,14.190874092667991,0.00021231263933921274
cnv_depth__IBNLCO_02119__Phosphatidate__CDS__promoter,14.189512065760566,0.00021245695964882191
cnv_depth__IBNLCO_00581__IBNLCO_00581__gene__promoter,14.185283305908277,0.00021290567437677745
cnv_depth__IBNLCO_05195__3-isopropylmalate__CDS,14.182578194552091,0.00021319321932059202
cnv_depth__IBNLCO_00175__IBNLCO_00175__gene,14.17564803256398,0.0002139316758478209
cnv_depth__IBNLCO_04542__Efflux__CDS__promoter,14.175033463275588,0.0002139972877792437
cnv_depth__IBNLCO_04882__Secretion__CDS__promoter,14.170054114405756,0.00021452964178603784
cnv_depth__IBNLCO_03413__IBNLCO_03413__gene__promoter,14.164031463488705,0.00021517533627049069
cnv_depth__IBNLCO_03727__IBNLCO_03727__gene,14.162466458653743,0.00021534344504066613
cnv_depth__IBNLCO_05682__IBNLCO_05682__gene,14.148084804124371,0.0002168945473900883
cnv_depth__IBNLCO_03276__IBNLCO_03276__gene__promoter,14.143959990802927,0.00021734151183594395
cnv_depth__IBNLCO_03364__gnl|Bakta|IBNLCO_03364__CDS__promoter,14.130260588133535,0.0002188327057498966
cnv_depth__IBNLCO_02535__IBNLCO_02535__gene,14.124394585785714,0.00021947440117033433
cnv_depth__IBNLCO_05017__BsaU__CDS__promoter,14.12434959976994,0.00021947932967476594
cnv_depth__IBNLCO_05516__Outer__CDS,14.12289476587761,0.00021963877663465112
cnv_depth__IBNLCO_02888__IBNLCO_02888__gene,14.109697367109796,0.00022109057387883886
cnv_depth__IBNLCO_01965__Calcineurin-like__CDS,14.106871444252985,0.0002214027087374833
cnv_depth__IBNLCO_02113__fabZ__gene__promoter,14.10260167376006,0.00022187517222657468
cnv_depth__IBNLCO_03097__Type__CDS__promoter,14.097004456499436,0.00022249607413278428
cnv_depth__IBNLCO_04772__IBNLCO_04772__gene,14.094838022440985,0.00022273687138745377
cnv_depth__IBNLCO_03356__SGNH__CDS__promoter,14.094364857549184,0.00022278949847922763
cnv_depth__IBNLCO_01744__IBNLCO_01744__gene__promoter,14.089981878876223,0.00022327759009645984
cnv_depth__IBNLCO_00584__IBNLCO_00584__gene__promoter,14.088117314530153,0.00022348555864239823
cnv_depth__IBNLCO_00403__mlaF__gene,14.087037317195383,0.00022360610869252148
cnv_depth__IBNLCO_01846__Chloride__CDS__promoter,14.086303862895281,0.00022368801504435182
cnv_depth__IBNLCO_00492__IBNLCO_00492__gene,14.085860464975562,0.00022373754498929127
cnv_depth__IBNLCO_00575__IBNLCO_00575__gene__promoter,14.08430026358352,0.00022391191654207347
cnv_depth__IBNLCO_04802__IBNLCO_04802__gene,14.079402126323076,0.00022446024105518826
cnv_depth__IBNLCO_05778__Conjugal__CDS__promoter,14.079180200995358,0.00022448511688937008
cnv_depth__IBNLCO_00772__azlD__gene,14.077653342932154,0.00022465633991408958
cnv_depth__IBNLCO_05352__Phosphoglycerate__CDS,14.075618214991461,0.00022488476707073786
cnv_depth__IBNLCO_05652__2-methylcitrate__CDS,14.073412202943686,0.0002251326412322513
cnv_depth__IBNLCO_04731__hypothetical__CDS__promoter,14.072054151693447,0.00022528537401930553
cnv_depth__IBNLCO_03631__IBNLCO_03631__gene__promoter,14.059412274693338,0.00022671220080643556
cnv_depth__IBNLCO_00379__IBNLCO_00379__gene,14.057855224271249,0.0002268885715232641
cnv_depth__IBNLCO_01050__Histidinol-phosphate__CDS__promoter,14.049610290877373,0.0002278248210166711
cnv_depth__IBNLCO_03852__IBNLCO_03852__gene__promoter,14.043140689559896,0.00022856222197302573
cnv_depth__IBNLCO_01141__RNA__CDS,14.039051265394527,0.00022902958259238772
cnv_depth__IBNLCO_02793__manC__gene,14.038136361180198,0.00022913427547164732
cnv_depth__IBNLCO_00649__surA__gene,14.037297130329485,0.00022923035178273014
cnv_depth__IBNLCO_00221__flagellar__CDS,14.03494051422542,0.00022950035941216558
cnv_depth__IBNLCO_01863__hypothetical__CDS__promoter,14.031296344151228,0.00022991852411957358
cnv_depth__IBNLCO_01855__norR__gene__promoter,14.028598539854514,0.00023022859307799242
cnv_depth__IBNLCO_04946__Aminotransferase__CDS__promoter,14.023768163309308,0.00023078482875699263
cnv_depth__IBNLCO_01489__hypothetical__CDS__promoter,14.022835922507035,0.00023089233685165905
cnv_depth__IBNLCO_00106__trnK__gene,14.021185073643235,0.00023108284131880902
cnv_depth__IBNLCO_02839__phnG__gene__promoter,14.009764570846151,0.00023240512558071549
cnv_depth__IBNLCO_01670__IBNLCO_01670__gene__promoter,13.989687582170244,0.00023474834252679586
cnv_depth__IBNLCO_03640__IBNLCO_03640__gene,13.988548372486527,0.00023488201911016024
cnv_depth__IBNLCO_02279__IBNLCO_02279__gene,13.958755726549137,0.000238405536498024
cnv_depth__IBNLCO_02011__ppiD__gene,13.95794361928086,0.0002385023313773589
cnv_depth__IBNLCO_05584__Chaperone__CDS,13.956136397216612,0.00023871787712764626
cnv_depth__IBNLCO_04399__IBNLCO_04399__gene__promoter,13.955401086121654,0.00023880563367512802
cnv_depth__IBNLCO_01866__ompW__gene,13.954036324000365,0.00023896859969070353
cnv_depth__IBNLCO_00671__hypothetical__CDS__promoter,13.95104491111754,0.00023932619930526003
cnv_depth__IBNLCO_05295__IBNLCO_05295__gene__promoter,13.950524107432255,0.0002393885128066573
cnv_depth__IBNLCO_05167__IBNLCO_05167__gene__promoter,13.94761986704239,0.00023973630398362134
cnv_depth__IBNLCO_01108__IBNLCO_01108__gene,13.943131293178588,0.00024027483414765618
cnv_depth__IBNLCO_00049__Amino__CDS__promoter,13.940087443700607,0.0002406407285883362
cnv_depth__IBNLCO_01018__hypothetical__CDS,13.938772794919908,0.00024079893468685943
cnv_depth__IBNLCO_01686__IBNLCO_01686__gene,13.932604167367934,0.00024154268618690238
cnv_depth__IBNLCO_01121__IBNLCO_01121__gene,13.92827628314235,0.0002420658925419442
cnv_depth__IBNLCO_02593__IBNLCO_02593__gene__promoter,13.925397369521512,0.00024241456783541626
cnv_depth__IBNLCO_05301__IBNLCO_05301__gene,13.92252574403933,0.00024276286896673325
cnv_depth__IBNLCO_02069__putative__CDS__promoter,13.90963582004,0.00024433257199221953
cnv_depth__IBNLCO_04863__peptidylprolyl__CDS,13.905878763295831,0.0002447920358068059
cnv_depth__IBNLCO_05797__DSBA-like__CDS,13.89877920110579,0.00024566266555093094
cnv_depth__IBNLCO_01676__cbiG__gene,13.887455589411474,0.0002470578148847636
cnv_depth__IBNLCO_05058__IBNLCO_05058__gene__promoter,13.88185207116983,0.00024775118402544754
cnv_depth__IBNLCO_00748__Succinate--CoA__CDS,13.881621472899855,0.0002477797601697041
cnv_depth__IBNLCO_04471__hypothetical__CDS,13.874771637362908,0.0002486301333774383
cnv_depth__IBNLCO_00994__IBNLCO_00994__gene__promoter,13.8665042203002,0.00024966044421146006
cnv_depth__IBNLCO_02996__trnP__gene,13.864967473185144,0.000249852436117353
cnv_depth__IBNLCO_04483__UDP-N-acetylglucosamine__CDS__promoter,13.864396541804782,0.00024992380306422074
cnv_depth__IBNLCO_05501__IBNLCO_05501__gene,13.860912833155288,0.00025035971900325696
cnv_depth__IBNLCO_05734__DUF4142__CDS__promoter,13.840319617161542,0.00025295237860156815
cnv_depth__IBNLCO_02838__IBNLCO_02838__gene__promoter,13.838105129663106,0.0002532327999875878
cnv_depth__IBNLCO_01920__ybaB__gene__promoter,13.830140801011717,0.0002542439403432794
cnv_depth__IBNLCO_04424__yncA__gene__promoter,13.828829903842617,0.00025441076296939204
cnv_depth__IBNLCO_05800__Dmso__CDS__promoter,13.827423434412351,0.00025458987169307644
cnv_depth__IBNLCO_05560__cdiI__gene,13.826627893366924,0.00025469123767356467
cnv_depth__IBNLCO_05032__bprP__gene,13.823104456063627,0.0002551406792542122
cnv_depth__IBNLCO_05691__gspF__gene__promoter,13.818342210730615,0.00025574942180089894
cnv_depth__IBNLCO_03836__exbB__gene__promoter,13.814873418692118,0.00025619375549324304
cnv_depth__IBNLCO_02766__Phosphatidic__CDS__promoter,13.811812604936831,0.0002565864810017679
cnv_depth__IBNLCO_00202__PUA__CDS,13.810029091420253,0.00025681560136177914
cnv_depth__IBNLCO_01568__23S__CDS__promoter,13.808664775503928,0.0002569910095775107
cnv_depth__IBNLCO_02028__Porin%2C__CDS__promoter,13.808028343857888,0.00025707287636573037
cnv_depth__IBNLCO_01205__Peptidase__CDS,13.807446879263201,0.00025714769569224263
cnv_depth__IBNLCO_05445__ATP__CDS__promoter,13.80426271129937,0.0002575578077173845
cnv_depth__IBNLCO_04931__IBNLCO_04931__gene,13.793966849233252,0.00025888844238578635
cnv_depth__IBNLCO_02792__hypothetical__CDS,13.788974284119796,0.0002595361939635131
cnv_depth__IBNLCO_05115__TauD/TfdA-like__CDS__promoter,13.786471255842253,0.0002598615647355427
cnv_depth__IBNLCO_04266__hypothetical__CDS__promoter,13.767504218226932,0.00026234061988872955
cnv_depth__IBNLCO_05194__IBNLCO_05194__gene__promoter,13.767113767858792,0.00026239190482297105
cnv_depth__IBNLCO_03583__IBNLCO_03583__gene,13.75880679473675,0.00026348542858681777
cnv_depth__IBNLCO_03098__Type__CDS__promoter,13.754509762312264,0.0002640529035524172
cnv_depth__IBNLCO_01413__IBNLCO_01413__gene,13.739742314358143,0.0002660126121164701
cnv_depth__IBNLCO_02791__IBNLCO_02791__gene,13.733721712385492,0.00026681581045729584
cnv_depth__IBNLCO_05540__Citronellyl-CoA__CDS,13.728763403288832,0.0002674791410383564
cnv_depth__IBNLCO_04300__DOT1__CDS,13.728386206543567,0.00026752967159051277
cnv_depth__IBNLCO_05176__GDP-mannose__CDS__promoter,13.727118950751045,0.00026769950854141285
cnv_depth__IBNLCO_01535__huxB__gene,13.717568441462138,0.00026898299336101277
cnv_depth__IBNLCO_02978__IBNLCO_02978__gene__promoter,13.710676049528248,0.0002699131408099142
cnv_depth__IBNLCO_04270__IBNLCO_04270__gene__promoter,13.694041887993514,0.0002721714585694291
cnv_depth__IBNLCO_03922__IBNLCO_03922__gene,13.692432044010554,0.000272391034105657
cnv_depth__IBNLCO_03835__IBNLCO_03835__gene,13.689164003599844,0.0002728373342452477
cnv_depth__IBNLCO_00192__slmA__gene__promoter,13.688813166643914,0.00027288529047984965
cnv_depth__IBNLCO_03168__IBNLCO_03168__gene,13.688353695459272,0.00027294810898970237
cnv_depth__IBNLCO_04714__Major__CDS,13.68055616724141,0.000274016424934096
cnv_depth__IBNLCO_04624__IBNLCO_04624__gene,13.676472995775816,0.0002745775427684905
cnv_depth__IBNLCO_05093__IBNLCO_05093__gene__promoter,13.674468495936393,0.00027485343260110504
cnv_depth__IBNLCO_05386__Anthranilate__CDS__promoter,13.668762919263193,0.00027564026473420934
cnv_depth__IBNLCO_02780__GDP__CDS,13.665427698929712,0.0002761012710985297
cnv_depth__IBNLCO_05529__IBNLCO_05529__gene,13.661999106273283,0.0002765760008167804
cnv_depth__IBNLCO_00914__CopC__CDS__promoter,13.656019181923783,0.0002774059796826383
cnv_depth__IBNLCO_03685__Glycine__CDS,13.654569196385602,0.00027760761041485216
cnv_depth__IBNLCO_02850__recG__gene,13.618615053525525,0.00028265522430147543
cnv_depth__IBNLCO_04119__EF-hand__CDS,13.615870649839572,0.0002830443240456801
cnv_depth__IBNLCO_04261__2-keto-3-deoxy-L-fuconate__CDS__promoter,13.614391153847933,0.00028325431187812465
cnv_depth__IBNLCO_03338__gnl|Bakta|IBNLCO_03338__CDS__promoter,13.610687254362015,0.00028378070861299047
cnv_depth__IBNLCO_05161__IBNLCO_05161__gene,13.605451595055676,0.00028452649548421654
cnv_depth__IBNLCO_05776__IBNLCO_05776__gene,13.602653984177218,0.00028492581414496987
cnv_depth__IBNLCO_00494__IBNLCO_00494__gene,13.597714463880921,0.000285632251157978
cnv_depth__IBNLCO_01695__HTH__CDS__promoter,13.592607266838446,0.00028636454139290804
cnv_depth__IBNLCO_01428__IBNLCO_01428__gene,13.590053991130171,0.00028673135558376824
cnv_depth__IBNLCO_05411__IBNLCO_05411__gene,13.588086697032011,0.00028701431102755315
cnv_depth__IBNLCO_05296__LysE__CDS,13.584902109925505,0.0002874729512918246
cnv_depth__IBNLCO_04033__IBNLCO_04033__gene__promoter,13.57947174218406,0.0002882567453798775
cnv_depth__IBNLCO_00418__HTH__CDS__promoter,13.57454854045246,0.00028896921516827364
cnv_depth__IBNLCO_03868__IBNLCO_03868__gene__promoter,13.55959852461514,0.000291143725520089
cnv_depth__IBNLCO_04256__Monosaccharide__CDS,13.558697087363997,0.0002912753719940062
cnv_depth__IBNLCO_04454__IBNLCO_04454__gene,13.554935771541889,0.0002918253304062912
cnv_depth__IBNLCO_03141__IBNLCO_03141__gene__promoter,13.554322313160776,0.0002919151269181531
cnv_depth__IBNLCO_02751__IBNLCO_02751__gene__promoter,13.538151645593738,0.0002942923066141264
cnv_depth__IBNLCO_01140__IBNLCO_01140__gene__promoter,13.518604961656314,0.00029719207344527433
cnv_depth__IBNLCO_02860__hypothetical__CDS__promoter,13.513294294586286,0.00029798492241103
cnv_depth__IBNLCO_05657__IBNLCO_05657__gene,13.506524715185524,0.0002989986966063499
cnv_depth__IBNLCO_05338__Polyketide__CDS,13.50400269038805,0.00029937727685225
cnv_depth__IBNLCO_04986__Type__CDS__promoter,13.49511668310539,0.00030071504037400336
cnv_depth__IBNLCO_00504__IBNLCO_00504__gene,13.493581423896948,0.00030094678438353026
cnv_depth__IBNLCO_01967__HTH-type__CDS__promoter,13.492998366834373,0.0003010348431372195
cnv_depth__IBNLCO_05851__hypothetical__CDS,13.481054109049278,0.0003028445540865228
cnv_depth__IBNLCO_05496__Sensor__CDS,13.47678447837567,0.0003034941394056309
cnv_depth__IBNLCO_01223__Transcriptional__CDS,13.473151045488416,0.00030404804874946027
cnv_depth__IBNLCO_01675__Corrinoid__CDS__promoter,13.466867259330026,0.0003050084262415616
cnv_depth__IBNLCO_00767__SnoaL-like__CDS__promoter,13.457991096745781,0.0003063702658037687
cnv_depth__IBNLCO_05113__IBNLCO_05113__gene__promoter,13.451543806076804,0.0003073633268422859
cnv_depth__IBNLCO_03448__IBNLCO_03448__gene,13.448640465920686,0.0003078115897140324
cnv_depth__IBNLCO_04117__IBNLCO_04117__gene__promoter,13.448535213516076,0.0003078278526997721
cnv_depth__IBNLCO_02423__Acyl__CDS,13.44304803487881,0.0003086769106409343
cnv_depth__IBNLCO_04357__IBNLCO_04357__gene,13.43603669619694,0.00030976527568135707
cnv_depth__IBNLCO_00849__Small__CDS__promoter,13.427929115487473,0.00031102867565675047
cnv_depth__IBNLCO_00277__flgK__gene__promoter,13.42609544517761,0.00031131514130229376
cnv_depth__IBNLCO_03649__IBNLCO_03649__gene,13.414618771272142,0.0003131141924626751
cnv_depth__IBNLCO_01058__IBNLCO_01058__gene,13.398685399043856,0.0003156294049650663
cnv_depth__IBNLCO_02055__IBNLCO_02055__gene__promoter,13.396763607909822,0.00031593416060979074
cnv_depth__IBNLCO_02115__Chaperone__CDS__promoter,13.381979535478257,0.0003182886308057313
cnv_depth__IBNLCO_04885__sctQ__gene__promoter,13.381373458206847,0.00031838553282000266
cnv_depth__IBNLCO_02383__pdxY__gene,13.376616275539574,0.00031914717247373515
cnv_depth__IBNLCO_03910__DJ-1/PfpI__CDS__promoter,13.36861358104878,0.0003204326110630908
cnv_depth__IBNLCO_03707__Short-chain__CDS__promoter,13.365509438291197,0.0003209326322783507
cnv_depth__IBNLCO_00699__hypothetical__CDS__promoter,13.362759971671842,0.0003213761841987343
cnv_depth__IBNLCO_01699__yfcG__gene,13.358523307430055,0.0003220608758443218
cnv_depth__IBNLCO_04773__IBNLCO_04773__gene__promoter,13.357072801054992,0.00032229563438503745
cnv_depth__IBNLCO_00458__IBNLCO_00458__gene__promoter,13.345233774717352,0.0003242182507237738
cnv_depth__IBNLCO_00282__IBNLCO_00282__gene,13.339411778658233,0.0003251679964174759
cnv_depth__IBNLCO_00263__IBNLCO_00263__gene__promoter,13.333592289550017,0.00032612016066282083
cnv_depth__IBNLCO_05153__Formate__CDS,13.331229869860959,0.0003265075001070167
cnv_depth__IBNLCO_05654__Chloramphenicol-sensitive__CDS,13.317978759633954,0.00032868882424171497
cnv_depth__IBNLCO_01130__citH__gene__promoter,13.312942404210403,0.0003295217626578041
cnv_depth__IBNLCO_00399__IBNLCO_00399__gene,13.309824928287442,0.00033003842215579925
cnv_depth__IBNLCO_01239__IBNLCO_01239__gene__promoter,13.29973312875241,0.00033171659360977166
cnv_depth__IBNLCO_05016__bsaV__gene__promoter,13.297968031664452,0.00033201100308993337
cnv_depth__IBNLCO_05155__DUF218__CDS__promoter,13.28087147316753,0.0003348764134030783
cnv_depth__IBNLCO_02605__6%2C7-dimethyl-8-ribityllumazine__CDS,13.278634654382962,0.00033525316372546513
cnv_depth__IBNLCO_05787__IBNLCO_05787__gene__promoter,13.273012720894181,0.000336201977708203
cnv_depth__IBNLCO_01004__IBNLCO_01004__gene__promoter,13.272340297657818,0.00033631564531238394
cnv_depth__IBNLCO_01224__IBNLCO_01224__gene,13.245394677614353,0.00034090289045797485
cnv_depth__IBNLCO_00230__hypothetical__CDS__promoter,13.240435987320751,0.00034175396976841507
cnv_depth__IBNLCO_02246__Cell__CDS__promoter,13.239913934738203,0.0003418436973200057
cnv_depth__IBNLCO_01357__gnl|Bakta|IBNLCO_01357__CDS,13.234196908223884,0.0003428278779229589
cnv_depth__IBNLCO_03722__IBNLCO_03722__gene,13.211602976975108,0.0003467456844539693
cnv_depth__IBNLCO_04141__2Fe-2S__CDS__promoter,13.210826014465447,0.0003468812173557241
cnv_depth__IBNLCO_04798__IBNLCO_04798__gene,13.207971886923088,0.0003473795524122522
cnv_depth__IBNLCO_02007__IBNLCO_02007__gene__promoter,13.205888420305953,0.00034774378859584576
cnv_depth__IBNLCO_01441__gnl|Bakta|IBNLCO_01441__CDS__promoter,13.193188384780024,0.00034997245233038174
cnv_depth__IBNLCO_03275__IBNLCO_03275__gene__promoter,13.189535158412612,0.0003506162246720022
cnv_depth__IBNLCO_01415__IBNLCO_01415__gene__promoter,13.189522480421502,0.0003506184608862371
cnv_depth__IBNLCO_01252__IBNLCO_01252__gene__promoter,13.174568063252481,0.0003532663300521202
cnv_depth__IBNLCO_00338__Alpha/beta__CDS__promoter,13.174092300345038,0.0003533509029275703
cnv_depth__IBNLCO_04825__IBNLCO_04825__gene__promoter,13.172139850023303,0.00035369819139027624
cnv_depth__IBNLCO_04725__IBNLCO_04725__gene__promoter,13.16917805567517,0.0003542256779271953
cnv_depth__IBNLCO_04042__isochorismate__CDS__promoter,13.160171547754793,0.0003558346306681613
cnv_depth__IBNLCO_03268__pilT__gene__promoter,13.159793707567855,0.0003559022915314392
cnv_depth__IBNLCO_04432__Voltage-gated__CDS__promoter,13.1570025731462,0.0003564025130497528
cnv_depth__IBNLCO_04948__Glycine__CDS,13.147149896132884,0.0003581740146757471
cnv_depth__IBNLCO_05229__Spermidine/putrescine-binding__CDS__promoter,13.141522874275942,0.0003591897631041272
cnv_depth__IBNLCO_04222__IBNLCO_04222__gene,13.134024761003797,0.00036054782207230483
cnv_depth__IBNLCO_05578__IBNLCO_05578__gene,13.133544807407912,0.00036063492895585655
cnv_depth__IBNLCO_02530__IBNLCO_02530__gene__promoter,13.13014762946855,0.00036125209579366776
cnv_depth__IBNLCO_03234__trnG__gene,13.109442699813266,0.0003650368665798157
cnv_depth__IBNLCO_01530__IBNLCO_01530__gene__promoter,13.106656113234202,0.0003655493127704439
cnv_depth__IBNLCO_04579__Efflux__CDS,13.094939806275509,0.00036771193055046
cnv_depth__IBNLCO_00735__hypothetical__CDS,13.084665680837324,0.00036961905580663775
cnv_depth__IBNLCO_00890__IBNLCO_00890__gene,13.082763977930394,0.0003699731596776818
cnv_depth__IBNLCO_04937__ydjE__gene__promoter,13.081311382918953,0.0003702438704948493
cnv_depth__IBNLCO_05741__IBNLCO_05741__gene__promoter,13.07843467349791,0.00037078057915212586
cnv_depth__IBNLCO_01992__IBNLCO_01992__gene__promoter,13.070313780126362,0.0003722999714221042
cnv_depth__IBNLCO_05336__N-acetylmuramoyl-L-alanine__CDS__promoter,13.068989719496118,0.0003725482985945983
cnv_depth__IBNLCO_00445__IBNLCO_00445__gene,13.068662271476004,0.00037260973735390486
cnv_depth__IBNLCO_04909__NADPH-dependent__CDS,13.068007015882763,0.0003727327132845296
cnv_depth__IBNLCO_02704__IBNLCO_02704__gene__promoter,13.066518369995208,0.0003730122502658792
cnv_depth__IBNLCO_05088__Phosphate__CDS,13.065484536751343,0.0003732065082826969
cnv_depth__IBNLCO_02320__Formimidoylglutamate__CDS,13.063521709741938,0.00037357560810967336
cnv_depth__IBNLCO_04907__Glycine__CDS__promoter,13.054758729946876,0.0003752279775188122
cnv_depth__IBNLCO_03151__Thiamine-phosphate__CDS__promoter,13.028484106230529,0.00038022709011750056
cnv_depth__IBNLCO_01212__IBNLCO_01212__gene,13.027265477391769,0.0003804605884353004
cnv_depth__IBNLCO_04768__hypothetical__CDS,13.021090068851823,0.0003816460868961456
cnv_depth__IBNLCO_03397__ATP__CDS__promoter,13.018700096349539,0.0003821058999024687
cnv_depth__IBNLCO_02440__IBNLCO_02440__gene__promoter,13.01832926615714,0.00038217729537183207
cnv_depth__IBNLCO_02761__IBNLCO_02761__gene,13.008073668815896,0.000384157179055229
cnv_depth__IBNLCO_01350__DUF4123__CDS,13.004427914861093,0.0003848635174799598
cnv_depth__IBNLCO_04525__gnl|Bakta|IBNLCO_04525__CDS__promoter,12.996699185531897,0.00038636527510783013
cnv_depth__IBNLCO_02344__gnl|Bakta|IBNLCO_02344__CDS__promoter,12.995639769616703,0.000386571592660534
cnv_depth__IBNLCO_04009__IBNLCO_04009__gene,12.985299480837693,0.0003885912228042396
cnv_depth__IBNLCO_03706__luxP__gene__promoter,12.977933153684145,0.0003900365331396314
cnv_depth__IBNLCO_05265__IBNLCO_05265__gene,12.96647463502026,0.00039229562979949795
cnv_depth__IBNLCO_04846__Sarcosine__CDS__promoter,12.96554659915115,0.0003924791777861594
cnv_depth__IBNLCO_04839__IBNLCO_04839__gene,12.948079561693996,0.00039595017216079414
cnv_depth__IBNLCO_03733__IBNLCO_03733__gene,12.947949552229717,0.000395976123978304
cnv_depth__IBNLCO_00990__IBNLCO_00990__gene__promoter,12.94704646059196,0.00039615644222981363
cnv_depth__IBNLCO_02508__Phosphoserine__CDS,12.944523157704172,0.00039666070727868285
cnv_depth__IBNLCO_03035__Enoyl-CoA__CDS__promoter,12.925252463634424,0.0004005334255769156
cnv_depth__IBNLCO_04803__IBNLCO_04803__gene,12.921336840771566,0.00040132501563225944
cnv_depth__IBNLCO_00032__flagellar__CDS__promoter,12.918927038638866,0.00040181297699139266
cnv_depth__IBNLCO_03646__Proline__CDS,12.917687250707843,0.0004020642570283166
cnv_depth__IBNLCO_05474__gnl|Bakta|IBNLCO_05474__CDS,12.910210182624484,0.00040358310130398446
cnv_depth__IBNLCO_05842__hypothetical__CDS__promoter,12.90968631887943,0.00040368973423222346
cnv_depth__IBNLCO_04613__copG__gene__promoter,12.903689820803171,0.0004049123705576864
cnv_depth__IBNLCO_00406__vanZ__gene,12.893063260831775,0.0004070882996603306
cnv_depth__IBNLCO_00943__zapA__gene,12.884214265047,0.0004089093248082571
cnv_depth__IBNLCO_00742__nanT__gene,12.883791132207884,0.0004089966081841734
cnv_depth__IBNLCO_04989__type__CDS__promoter,12.88219755048527,0.0004093255006244143
cnv_depth__IBNLCO_02793__manC__gene__promoter,12.874981487983018,0.0004108181638136965
cnv_depth__IBNLCO_02377__hpnL__gene__promoter,12.86354485184766,0.00041319521764242523
cnv_depth__IBNLCO_01293__IBNLCO_01293__gene__promoter,12.860025023735943,0.0004139296107444907
cnv_depth__IBNLCO_04476__Cytochrome__CDS,12.849417800920527,0.0004161507918860754
cnv_depth__IBNLCO_02586__ugpC__gene,12.843260223784592,0.00041744576457169736
cnv_depth__IBNLCO_05127__IBNLCO_05127__gene,12.84150248471852,0.0004178161785621019
cnv_depth__IBNLCO_01018__IBNLCO_01018__gene__promoter,12.838192733895022,0.00041851456091168736
cnv_depth__IBNLCO_05820__Triacylglycerol__CDS,12.837778773349013,0.0004186019932303502
cnv_depth__IBNLCO_05431__Putative__CDS__promoter,12.836393983549492,0.0004188946088110913
cnv_depth__IBNLCO_02989__IBNLCO_02989__gene__promoter,12.830058405074174,0.00042023601651371823
cnv_depth__IBNLCO_02787__wzt2__gene__promoter,12.828357384630314,0.0004205969107190602
cnv_depth__IBNLCO_00878__cspD__gene,12.821563936151554,0.0004220413789560735
cnv_depth__IBNLCO_05577__Ribose__CDS,12.8172910132778,0.0004229525010479139
cnv_depth__IBNLCO_05578__IBNLCO_05578__gene__promoter,12.812387630223009,0.000424000523586195
cnv_depth__IBNLCO_04898__3-oxo-tetronate__CDS__promoter,12.807845224962573,0.00042497375027487064
cnv_depth__IBNLCO_00435__Ammonium__CDS__promoter,12.802571497055746,0.000426106517265657
cnv_depth__IBNLCO_01994__hypothetical__CDS,12.802325783362347,0.00042615937002242867
cnv_depth__IBNLCO_04428__DNA__CDS,12.799295240219573,0.0004268117854040457
cnv_depth__IBNLCO_02899__RNaseP_bact_a__gene,12.79409702976285,0.000427933223798978
cnv_depth__IBNLCO_01076__C-type__CDS__promoter,12.790932883198172,0.0004286173098990951
cnv_depth__IBNLCO_01507__NlpB/DapX__CDS,12.789837063513392,0.0004288544846092559
cnv_depth__IBNLCO_02795__IBNLCO_02795__gene,12.789309439854277,0.00042896872892917733
cnv_depth__IBNLCO_01315__IBNLCO_01315__gene__promoter,12.781619993262787,0.00043063721383023427
cnv_depth__IBNLCO_00835__Quercetin__CDS,12.778372893293804,0.0004313437632910682
cnv_depth__IBNLCO_05792__IBNLCO_05792__gene,12.773423933161357,0.0004324228969303743
cnv_depth__IBNLCO_00653__IBNLCO_00653__gene,12.772237632571885,0.0004326819807806577
cnv_depth__IBNLCO_00048__IBNLCO_00048__gene,12.770399996611879,0.00043308362584703735
cnv_depth__IBNLCO_00607__IBNLCO_00607__gene,12.767903960765212,0.00043362978254047176
cnv_depth__IBNLCO_03582__Periplasmic__CDS__promoter,12.765442386332595,0.0004341690851319161
cnv_depth__IBNLCO_03360__IBNLCO_03360__gene__promoter,12.756736268825449,0.0004360819767607422
cnv_depth__IBNLCO_01382__hypothetical__CDS,12.754446280284293,0.00043658655172650485
cnv_depth__IBNLCO_05663__IBNLCO_05663__gene,12.750827054623764,0.0004373852218521875
cnv_depth__IBNLCO_00328__IBNLCO_00328__gene,12.74911310883614,0.0004377639642286977
cnv_depth__IBNLCO_02733__Putative__CDS__promoter,12.739979166426098,0.0004397879896746789
cnv_depth__IBNLCO_05560__cdiI__gene__promoter,12.737150232048483,0.0004404167935182912
cnv_depth__IBNLCO_05150__IBNLCO_05150__gene,12.720080374257346,0.0004442304744603017
cnv_depth__IBNLCO_01374__OmpA-like__CDS__promoter,12.71332370215477,0.0004457492916158464
cnv_depth__IBNLCO_03947__hypothetical__CDS,12.709433572437074,0.00044662614105535944
cnv_depth__IBNLCO_05532__IBNLCO_05532__gene,12.701391121095776,0.0004484445086043703
cnv_depth__IBNLCO_02879__dusB__gene,12.699250649522465,0.00044892972916159816
cnv_depth__IBNLCO_03844__IBNLCO_03844__gene__promoter,12.694954698471978,0.0004499051851788369
cnv_depth__IBNLCO_03386__IBNLCO_03386__gene__promoter,12.692463743825117,0.0004504717790266355
cnv_depth__IBNLCO_04605__IBNLCO_04605__gene__promoter,12.688153179779578,0.0004514539782357493
cnv_depth__IBNLCO_00487__IBNLCO_00487__gene__promoter,12.670666007179106,0.00045546098751118424
cnv_depth__IBNLCO_04941__PepSY__CDS,12.669028343533567,0.00045583809019524566
cnv_depth__IBNLCO_02679__IBNLCO_02679__gene__promoter,12.665084767384943,0.00045674747668328396
cnv_depth__IBNLCO_01203__Solute-binding__CDS__promoter,12.661896634505704,0.00045748400782826427
cnv_depth__IBNLCO_05209__Succinate__CDS,12.660854733019882,0.0004577249726998336
cnv_depth__IBNLCO_02576__hypothetical__CDS__promoter,12.657977674159167,0.0004583910329968705
cnv_depth__IBNLCO_01666__IBNLCO_01666__gene,12.656104675398048,0.00045882517597987504
cnv_depth__IBNLCO_04033__FAD__CDS,12.644746096133666,0.00046146696288441093
cnv_depth__IBNLCO_02665__IBNLCO_02665__gene,12.643337322472435,0.0004617956937457768
cnv_depth__IBNLCO_01039__IBNLCO_01039__gene,12.640920968805716,0.0004623600938102146
cnv_depth__IBNLCO_03847__tRNA-Ser(gga)__tRNA,12.635007707131116,0.0004637442473724479
cnv_depth__IBNLCO_00490__IBNLCO_00490__gene,12.62576190976451,0.00046591692490659687
cnv_depth__IBNLCO_02649__IBNLCO_02649__gene__promoter,12.621147747874412,0.0004670050827119786
cnv_depth__IBNLCO_04477__doxX__gene__promoter,12.618645921112616,0.000467596169524066
cnv_depth__IBNLCO_03816__IBNLCO_03816__gene,12.618443399554538,0.00046764405098849676
cnv_depth__IBNLCO_04121__hypothetical__CDS,12.617021878374603,0.00046798027673525754
cnv_depth__IBNLCO_00226__flagellar__CDS__promoter,12.615393821704474,0.00046836565559961777
cnv_depth__IBNLCO_03954__IBNLCO_03954__gene,12.601753875382778,0.00047160709536927533
cnv_depth__IBNLCO_02752__IBNLCO_02752__gene,12.595930290311536,0.00047299797642831923
cnv_depth__IBNLCO_05021__bsaQ__gene__promoter,12.595924127842533,0.0004729994504560607
cnv_depth__IBNLCO_01342__Murein__CDS,12.592750691689156,0.00047375913986067293
cnv_depth__IBNLCO_03174__pilM__gene,12.583664231422219,0.000475941224467187
cnv_depth__IBNLCO_03985__Type__CDS,12.581030199341793,0.00047657568926880167
cnv_depth__IBNLCO_04987__tssF__gene,12.576339997512875,0.0004777075597708091
cnv_depth__IBNLCO_03466__IBNLCO_03466__gene__promoter,12.57149313242846,0.00047888011199606823
cnv_depth__IBNLCO_04520__IBNLCO_04520__gene,12.567815190733077,0.00047977183300014633
cnv_depth__IBNLCO_04920__Tetratricopeptide__CDS,12.56254819036418,0.00048105176684700145
cnv_depth__IBNLCO_03357__gnl|Bakta|IBNLCO_03357__CDS__promoter,12.558943521785567,0.0004819297400217234
cnv_depth__IBNLCO_01781__hypothetical__CDS__promoter,12.555247202849651,0.0004828317297450082
cnv_depth__IBNLCO_03787__Permease__CDS,12.553914363678961,0.00048315739551581146
cnv_depth__IBNLCO_03391__IBNLCO_03391__gene__promoter,12.54789868315495,0.00048463005014744674
cnv_depth__IBNLCO_04469__IBNLCO_04469__gene,12.546782568569109,0.00048490377999981936
cnv_depth__IBNLCO_00703__IBNLCO_00703__gene,12.545011946168,0.000485338352377028
cnv_depth__IBNLCO_04295__IBNLCO_04295__gene__promoter,12.535628049785375,0.0004876481133909093
cnv_depth__IBNLCO_05319__IBNLCO_05319__gene__promoter,12.529124759639988,0.0004892554000069976
cnv_depth__IBNLCO_04806__IBNLCO_04806__gene__promoter,12.524243427207654,0.0004904653618147834
cnv_depth__IBNLCO_00506__IBNLCO_00506__gene__promoter,12.522814106522926,0.0004908202312668685
cnv_depth__IBNLCO_02733__Putative__CDS,12.520977314689565,0.0004912766507406918
cnv_depth__IBNLCO_04819__IBNLCO_04819__gene,12.513164237590358,0.000493222933324939
cnv_depth__IBNLCO_02927__Biopolymer__CDS,12.505423116710995,0.0004951590315308842
cnv_depth__IBNLCO_00244__IBNLCO_00244__gene__promoter,12.502639568495189,0.0004958571020528971
cnv_depth__IBNLCO_04206__IBNLCO_04206__gene,12.50211375298024,0.0004959890808311522
cnv_depth__IBNLCO_05300__lysE__gene,12.498346363040337,0.0004969357355553223
cnv_depth__IBNLCO_03276__Phosphoheptose__CDS,12.494758001227407,0.0004978391148340407
cnv_depth__IBNLCO_03899__gnl|Bakta|IBNLCO_03899__CDS,12.493817765781591,0.0004980760977718408
cnv_depth__IBNLCO_01333__trnP__gene__promoter,12.483012446022991,0.0005008077958342967
cnv_depth__IBNLCO_01200__IBNLCO_01200__gene,12.481276970757403,0.0005012479613769391
cnv_depth__IBNLCO_00721__IBNLCO_00721__gene,12.468916157563424,0.0005043944243832016
cnv_depth__IBNLCO_05212__Malate__CDS,12.466346105664046,0.0005050511553706851
cnv_depth__IBNLCO_01852__IBNLCO_01852__gene__promoter,12.46573423690413,0.000505207635765793
cnv_depth__IBNLCO_01110__Uracil__CDS__promoter,12.463633268722734,0.0005057453168158465
cnv_depth__IBNLCO_03142__BolA__CDS,12.461019335320763,0.0005064150894815317
cnv_depth__IBNLCO_05763__4'-phosphopantetheinyl__CDS__promoter,12.457978361084674,0.0005071954198306492
cnv_depth__IBNLCO_04854__Insertion__CDS__promoter,12.450925416977432,0.0005090099578023958
cnv_depth__IBNLCO_03236__rrf__gene,12.450195955453019,0.0005091980058273783
cnv_depth__IBNLCO_01424__Ornithine__CDS__promoter,12.441540097213355,0.000511434806788195
cnv_depth__IBNLCO_02786__gnl|Bakta|IBNLCO_02786__CDS__promoter,12.437291873508572,0.0005125362666589304
cnv_depth__IBNLCO_01265__gntR__gene__promoter,12.433911280528083,0.0005134144963283609
cnv_depth__IBNLCO_04122__IBNLCO_04122__gene__promoter,12.425437315467112,0.0005156226496277984
cnv_depth__IBNLCO_01536__IBNLCO_01536__gene__promoter,12.414017304972994,0.0005186137880872265
cnv_depth__IBNLCO_00429__gnl|Bakta|IBNLCO_00429__CDS__promoter,12.413584490580435,0.0005187274979478789
cnv_depth__IBNLCO_02308__AAA+__CDS,12.413408099804364,0.0005187738469633066
cnv_depth__IBNLCO_00768__lipopolysaccharide__CDS__promoter,12.41228092478999,0.0005190701267039923
cnv_depth__IBNLCO_04699__IBNLCO_04699__gene,12.4111170741233,0.0005193762274448696
cnv_depth__IBNLCO_04042__isochorismate__CDS,12.402799714414188,0.000521569105837622
cnv_depth__IBNLCO_04021__IBNLCO_04021__gene,12.393280778703232,0.0005240903495691787
cnv_depth__IBNLCO_02273__folD__gene__promoter,12.38868505650207,0.0005253120381747404
cnv_depth__IBNLCO_04021__Porin__CDS__promoter,12.383749495981341,0.000526627295400585
cnv_depth__IBNLCO_05850__Arsenate__CDS__promoter,12.3778416874445,0.0005282060518301053
cnv_depth__IBNLCO_02868__IBNLCO_02868__gene__promoter,12.36577665906543,0.000531445199239734
cnv_depth__IBNLCO_00091__hypothetical__CDS__promoter,12.3650330046886,0.0005316455115222132
cnv_depth__IBNLCO_01298__IBNLCO_01298__gene__promoter,12.364977887011563,0.0005316603611929248
cnv_depth__IBNLCO_00515__Nitrite__CDS__promoter,12.36044881868094,0.0005328820157594095
cnv_depth__IBNLCO_00853__Adenylate__CDS__promoter,12.358675352091257,0.0005333611624802501
cnv_depth__IBNLCO_01415__IBNLCO_01415__gene,12.355712169937501,0.0005341627196936184
cnv_depth__IBNLCO_04292__gnl|Bakta|IBNLCO_04292__CDS,12.346952980174079,0.000536539306842287
cnv_depth__IBNLCO_04962__hypothetical__CDS,12.343906076207416,0.0005373685291977476
cnv_depth__IBNLCO_02748__Peptidoglycan-associated__CDS__promoter,12.343532276132867,0.0005374703496088521
cnv_depth__IBNLCO_00062__IBNLCO_00062__gene__promoter,12.32762159554167,0.0005418225626501077
cnv_depth__IBNLCO_01288__Putative__CDS,12.327225127494554,0.0005419314696296274
cnv_depth__IBNLCO_02740__nrdR__gene,12.32360095229142,0.0005429280385673266
cnv_depth__IBNLCO_03468__IBNLCO_03468__gene__promoter,12.321065223029668,0.0005436264178437189
cnv_depth__IBNLCO_05010__bipB__gene__promoter,12.307467389470427,0.0005473871052165359
cnv_depth__IBNLCO_05229__IBNLCO_05229__gene,12.301588666236528,0.0005490211457527104
cnv_depth__IBNLCO_03738__IBNLCO_03738__gene,12.299577339912833,0.0005495813502902825
cnv_depth__IBNLCO_05300__lysE__gene__promoter,12.298806624796196,0.0005497961678616083
cnv_depth__IBNLCO_04949__gnl|Bakta|IBNLCO_04949__CDS,12.291087587059756,0.0005519523779789687
cnv_depth__IBNLCO_05064__IBNLCO_05064__gene__promoter,12.286086134434708,0.0005533540614388944
cnv_depth__IBNLCO_05447__IBNLCO_05447__gene,12.285862159520923,0.0005534169163003992
cnv_depth__IBNLCO_02183__GHMP__CDS__promoter,12.28445989622317,0.0005538106035914217
cnv_depth__IBNLCO_04543__hypothetical__CDS__promoter,12.275030191707236,0.0005564654217944125
cnv_depth__IBNLCO_05205__Citrate__CDS,12.274579054752028,0.0005565927581860878
cnv_depth__IBNLCO_01259__IBNLCO_01259__gene__promoter,12.260031288307648,0.0005607149037713691
cnv_depth__IBNLCO_00547__Formyltetrahydrofolate__CDS__promoter,12.255797068778062,0.0005619205104259325
cnv_depth__IBNLCO_04284__Circularly__CDS,12.251402126217434,0.0005631746712185581
cnv_depth__IBNLCO_02181__argininosuccinate__CDS,12.250970741916174,0.0005632979265008852
cnv_depth__IBNLCO_00993__IBNLCO_00993__gene__promoter,12.241013223146973,0.0005661506390210156
cnv_depth__IBNLCO_04405__Indoleacetamide__CDS,12.232584442019297,0.0005685768793087607
cnv_depth__IBNLCO_00791__Bcj14__gene__promoter,12.229684471448893,0.0005694140867932114
cnv_depth__IBNLCO_05666__IBNLCO_05666__gene__promoter,12.229474093349591,0.0005694748707418992
cnv_depth__IBNLCO_01849__Multidrug__CDS__promoter,12.222789093494805,0.0005714097930574134
cnv_depth__IBNLCO_02103__IBNLCO_02103__gene,12.222705978014417,0.0005714338922842652
cnv_depth__IBNLCO_04724__IBNLCO_04724__gene__promoter,12.221039529642278,0.0005719172952898368
cnv_depth__IBNLCO_03659__DUF1842__CDS__promoter,12.215437785648751,0.0005735453024058283
cnv_depth__IBNLCO_02922__IBNLCO_02922__gene__promoter,12.210785255058646,0.0005749010308559863
cnv_depth__IBNLCO_02399__IBNLCO_02399__gene__promoter,12.208719545094452,0.0005755040158691939
cnv_depth__IBNLCO_05163__IBNLCO_05163__gene,12.20656887159109,0.0005761324861594176
cnv_depth__IBNLCO_02111__IBNLCO_02111__gene__promoter,12.205757693322505,0.000576369710304933
cnv_depth__IBNLCO_00595__IBNLCO_00595__gene__promoter,12.199745559311719,0.0005781310253417343
cnv_depth__IBNLCO_00729__IBNLCO_00729__gene__promoter,12.196450368385173,0.0005790987086533492
cnv_depth__IBNLCO_05424__hypothetical__CDS,12.193488896185174,0.0005799697974448626
cnv_depth__IBNLCO_02768__IBNLCO_02768__gene,12.180064692268168,0.0005839351610953743
cnv_depth__IBNLCO_03453__Sperm-specific__CDS__promoter,12.175726137360545,0.0005852226170291221
cnv_depth__IBNLCO_00030__flagellar__CDS__promoter,12.163814220335787,0.0005887723326742565
cnv_depth__IBNLCO_03708__IBNLCO_03708__gene,12.160395724852737,0.0005897950772088226
cnv_depth__IBNLCO_01873__fetB__gene,12.159910372252071,0.0005899404314488304
cnv_depth__IBNLCO_00949__Adenosylcobinamide-GDP__CDS,12.14953925483474,0.0005930551241958655
cnv_depth__IBNLCO_05791__UspA__CDS,12.144004481184906,0.000594724195631216
cnv_depth__IBNLCO_05118__IBNLCO_05118__gene,12.142544995398124,0.0005951651159300006
cnv_depth__IBNLCO_00801__Hemin__CDS__promoter,12.137409276921494,0.0005967192986533656
cnv_depth__IBNLCO_01550__Sigma-54__CDS__promoter,12.133967695608222,0.0005977631098449704
cnv_depth__IBNLCO_04671__IBNLCO_04671__gene__promoter,12.129937698467568,0.0005989877476699457
cnv_depth__IBNLCO_02427__Phosphate__CDS__promoter,12.129708452997619,0.000599057487663949
cnv_depth__IBNLCO_05757__BON__CDS,12.129699846229986,0.0005990601061359285
cnv_depth__IBNLCO_04461__IBNLCO_04461__gene,12.122911079396824,0.0006011291147936155
cnv_depth__IBNLCO_04590__DUF2165__CDS__promoter,12.118960130338241,0.0006023365916199943
cnv_depth__IBNLCO_03595__IBNLCO_03595__gene__promoter,12.114097586629043,0.0006038260582275521
cnv_depth__IBNLCO_00737__hypothetical__CDS__promoter,12.103497678967386,0.0006070859746413479
cnv_depth__IBNLCO_05117__non-ribosomal__CDS,12.100782573395602,0.0006079238630777877
cnv_depth__IBNLCO_03630__LysR__CDS__promoter,12.099668866654767,0.0006082678963019937
cnv_depth__IBNLCO_00902__livH__gene,12.091490085110646,0.0006108004714130296
cnv_depth__IBNLCO_05077__type__CDS__promoter,12.083453708103464,0.0006132994104278349
cnv_depth__IBNLCO_04206__Beta-alanine--pyruvate__CDS__promoter,12.072251617452169,0.0006168001211631919
cnv_depth__IBNLCO_05559__IBNLCO_05559__gene__promoter,12.056815758383351,0.0006216572733020212
cnv_depth__IBNLCO_01000__Solute-binding__CDS,12.052661002055599,0.0006229712781180101
cnv_depth__IBNLCO_04308__IBNLCO_04308__gene__promoter,12.045788914671443,0.0006251508917530789
cnv_depth__IBNLCO_02182__Cysteine__CDS__promoter,12.044728664167415,0.0006254878613003823
cnv_depth__IBNLCO_02917__IBNLCO_02917__gene__promoter,12.039856763396461,0.0006270386316166261
cnv_depth__IBNLCO_05278__IBNLCO_05278__gene__promoter,12.035073214171785,0.0006285650886847567
cnv_depth__IBNLCO_01557__IBNLCO_01557__gene__promoter,12.034917147931163,0.0006286149539868081
cnv_depth__IBNLCO_02429__yceD__gene__promoter,12.029183875775598,0.0006304496082408273
cnv_depth__IBNLCO_04194__hypothetical__CDS__promoter,12.020807759283235,0.0006331397842980851
cnv_depth__IBNLCO_04225__Cytosine__CDS,12.008619844933392,0.0006370751014374638
cnv_depth__IBNLCO_03735__IBNLCO_03735__gene,12.00273906216649,0.0006389828298270554
cnv_depth__IBNLCO_05800__IBNLCO_05800__gene,12.002721775225327,0.0006389884462861954
cnv_depth__IBNLCO_02019__tRNA-Val(tac)__tRNA,12.002309271567489,0.0006391224820161233
cnv_depth__IBNLCO_02279__Nitrate__CDS__promoter,11.988616195081377,0.0006435880936337727
cnv_depth__IBNLCO_03042__hypothetical__CDS__promoter,11.98763174044513,0.0006439103676943619
cnv_depth__IBNLCO_02163__trnD__gene,11.977411742910709,0.0006472657429593914
cnv_depth__IBNLCO_00633__IBNLCO_00633__gene__promoter,11.974047949189915,0.0006483740167356175
cnv_depth__IBNLCO_03925__Spermidine/putrescine__CDS__promoter,11.971827150505895,0.0006491067653878259
cnv_depth__IBNLCO_03693__IBNLCO_03693__gene,11.970452473828253,0.0006495607601298653
cnv_depth__IBNLCO_04212__Porin__CDS__promoter,11.96630962996214,0.0006509309146669427
cnv_depth__IBNLCO_02276__trnfM__gene__promoter,11.956485554257458,0.0006541917905505988
cnv_depth__IBNLCO_01260__Transmembrane__CDS,11.954140627639873,0.000654972591627132
cnv_depth__IBNLCO_05294__IBNLCO_05294__gene__promoter,11.938865081311206,0.000660082245887722
cnv_depth__IBNLCO_02060__hypothetical__CDS,11.937233424749335,0.0006606304279037587
cnv_depth__IBNLCO_00017__IBNLCO_00017__gene__promoter,11.934373244003634,0.0006615924720298511
cnv_depth__IBNLCO_02732__IBNLCO_02732__gene,11.932409064300904,0.0006622539655538776
cnv_depth__IBNLCO_02499__RfaE__CDS__promoter,11.928592041971466,0.000663541383947149
cnv_depth__IBNLCO_00736__Mandelate__CDS,11.924644739560545,0.0006648754249894391
cnv_depth__IBNLCO_05380__DUF445__CDS__promoter,11.917433080301251,0.0006673197561004918
cnv_depth__IBNLCO_01414__IBNLCO_01414__gene,11.916324628597103,0.0006676962671975014
cnv_depth__IBNLCO_00676__IBNLCO_00676__gene__promoter,11.911032334499362,0.0006694969015655357
cnv_depth__IBNLCO_04275__Type__CDS,11.902492248560922,0.0006724129920565873
cnv_depth__IBNLCO_03099__OmpA-like__CDS__promoter,11.900238691256817,0.0006731846450304911
cnv_depth__IBNLCO_02942__Polyamine__CDS__promoter,11.896595541157673,0.0006744340244250523
cnv_depth__IBNLCO_05577__IBNLCO_05577__gene__promoter,11.893860553340502,0.0006753735111903478
cnv_depth__IBNLCO_00646__IBNLCO_00646__gene,11.89182493142766,0.0006760736262878851
cnv_depth__IBNLCO_02104__Phosphoenolpyruvate__CDS,11.891313949092543,0.0006762494854071259
cnv_depth__IBNLCO_00312__IBNLCO_00312__gene,11.891023578903,0.0006763494396543193
cnv_depth__IBNLCO_05834__IBNLCO_05834__gene__promoter,11.88391334027713,0.0006788017015467052
cnv_depth__IBNLCO_04199__Cellulose__CDS__promoter,11.883256878605208,0.0006790285658933738
cnv_depth__IBNLCO_05796__Alpha/beta__CDS,11.878425922369713,0.000680700456816153
cnv_depth__IBNLCO_04266__IBNLCO_04266__gene,11.876680583247024,0.0006813055120655347
cnv_depth__IBNLCO_04378__IBNLCO_04378__gene,11.876619762545117,0.0006813266066024396
cnv_depth__IBNLCO_02278__Nitrate/nitrite__CDS,11.8680052364256,0.0006843211264749753
cnv_depth__IBNLCO_04677__IBNLCO_04677__gene__promoter,11.860762995835294,0.0006868489938636206
cnv_depth__IBNLCO_05581__IBNLCO_05581__gene__promoter,11.857487168823301,0.0006879955270284936
cnv_depth__IBNLCO_01126__gnl|Bakta|IBNLCO_01126__CDS,11.856689739358586,0.0006882749207439963
cnv_depth__IBNLCO_04499__IBNLCO_04499__gene,11.855566921805782,0.0006886685159667031
cnv_depth__IBNLCO_04938__Putative__CDS__promoter,11.854604287491986,0.0006890061427089652
cnv_depth__IBNLCO_03835__Biopolymer__CDS__promoter,11.850926028795122,0.0006902977798610269
cnv_depth__IBNLCO_04339__IBNLCO_04339__gene__promoter,11.850003809216492,0.0006906220079894094
cnv_depth__IBNLCO_01057__IBNLCO_01057__gene,11.828904833463227,0.0006980823782381463
cnv_depth__IBNLCO_03720__Lysine/arginine/ornithine-binding__CDS__promoter,11.826866752329359,0.0006988073560950577
cnv_depth__IBNLCO_05413__IBNLCO_05413__gene,11.82677426588286,0.0006988402731806817
cnv_depth__IBNLCO_00202__IBNLCO_00202__gene__promoter,11.81789334474433,0.000702008473768151
cnv_depth__IBNLCO_02704__IBNLCO_02704__gene,11.817062349277954,0.0007023056726435564
cnv_depth__IBNLCO_02396__N-acetyltransferase__CDS,11.808194633703062,0.0007054851333306231
cnv_depth__IBNLCO_02757__gnl|Bakta|IBNLCO_02757__CDS,11.802030111243095,0.0007077040184826561
cnv_depth__IBNLCO_00218__IBNLCO_00218__gene__promoter,11.801686335656887,0.0007078279676595882
cnv_depth__IBNLCO_05373__wspA__gene,11.799248004972497,0.0007087077490516914
cnv_depth__IBNLCO_00562__IBNLCO_00562__gene,11.795722740256604,0.0007099816803417955
cnv_depth__IBNLCO_05597__IBNLCO_05597__gene,11.784465501949924,0.0007140653698529712
cnv_depth__IBNLCO_00195__IBNLCO_00195__gene__promoter,11.780877128144606,0.000715372116001688
cnv_depth__IBNLCO_04012__IBNLCO_04012__gene,11.775396504455149,0.0007173726496574576
cnv_depth__IBNLCO_00733__lysR__gene__promoter,11.774475833543319,0.000717709271062779
cnv_depth__IBNLCO_03753__IBNLCO_03753__gene,11.774473131714814,0.0007177102591588438
cnv_depth__IBNLCO_04631__IBNLCO_04631__gene__promoter,11.770738258559806,0.0007190774799085869
cnv_depth__IBNLCO_00662__ybeY__gene__promoter,11.75971356561248,0.0007231287733845026
cnv_depth__IBNLCO_05835__Peptidase__CDS,11.758893905157485,0.0007234309048261301
cnv_depth__IBNLCO_01267__IBNLCO_01267__gene__promoter,11.752996970960771,0.000725608342151456
cnv_depth__IBNLCO_05158__moxC__gene,11.74162869453685,0.0007298249304104748
cnv_depth__IBNLCO_00504__IBNLCO_00504__gene__promoter,11.741472804976148,0.0007298829243291412
cnv_depth__IBNLCO_04776__Glutathione__CDS__promoter,11.733364433072865,0.0007329058770875125
cnv_depth__IBNLCO_02859__IBNLCO_02859__gene__promoter,11.72541332471818,0.0007358825868262216
cnv_depth__IBNLCO_02906__IBNLCO_02906__gene,11.724710314765623,0.0007361463693522345
cnv_depth__IBNLCO_00223__fliI__gene,11.718719371194313,0.0007383981960154453
cnv_depth__IBNLCO_05534__IBNLCO_05534__gene,11.717653700249947,0.0007387994862730561
cnv_depth__IBNLCO_05788__IBNLCO_05788__gene__promoter,11.716786153248899,0.0007391263348218593
cnv_depth__IBNLCO_02379__IBNLCO_02379__gene__promoter,11.705300561876168,0.0007434674469106013
cnv_depth__IBNLCO_02142__radA__gene__promoter,11.696505471600583,0.0007468092090752551
cnv_depth__IBNLCO_00822__2-dehydropantoate__CDS,11.693266050538151,0.0007480439050767317
cnv_depth__IBNLCO_01564__IBNLCO_01564__gene__promoter,11.69294654776322,0.0007481657952680922
cnv_depth__IBNLCO_05609__Rhodanese-related__CDS,11.682279934248262,0.0007522467409211442
cnv_depth__IBNLCO_05658__IBNLCO_05658__gene__promoter,11.681773697105871,0.00075244098527213
cnv_depth__IBNLCO_00677__IBNLCO_00677__gene,11.6813919209125,0.0007525875074745485
cnv_depth__IBNLCO_02909__ABC__CDS,11.680310830230091,0.0007530025779051384
cnv_depth__IBNLCO_03523__IBNLCO_03523__gene,11.671291144288364,0.0007564746705608134
cnv_depth__IBNLCO_00696__IBNLCO_00696__gene,11.661092011913556,0.0007604204440306775
cnv_depth__IBNLCO_02580__Replication-associated__CDS__promoter,11.657864335055587,0.0007616735099086128
cnv_depth__IBNLCO_05273__IBNLCO_05273__gene,11.64453707694198,0.0007668698086331841
cnv_depth__IBNLCO_05326__Lipopolysaccharide__CDS,11.636729448217645,0.000769930768849341
cnv_depth__IBNLCO_05794__IBNLCO_05794__gene__promoter,11.623499085572245,0.0007751461493997908
cnv_depth__IBNLCO_04316__Universal__CDS,11.620914044841411,0.0007761693635038421
cnv_depth__IBNLCO_00700__lysR__gene,11.62089420099193,0.0007761772234423839
cnv_depth__IBNLCO_02010__IBNLCO_02010__gene__promoter,11.607835402343786,0.0007813673046196782
cnv_depth__IBNLCO_00693__IBNLCO_00693__gene__promoter,11.607114093826326,0.0007816550095525155
cnv_depth__IBNLCO_04765__hypothetical__CDS__promoter,11.593815310043576,0.0007869788183591808
cnv_depth__IBNLCO_05848__RNA__CDS__promoter,11.585969683316444,0.0007901369179651855
cnv_depth__IBNLCO_03049__IBNLCO_03049__gene,11.576394779886167,0.000794008607920677
cnv_depth__IBNLCO_02252__iscX__gene__promoter,11.57476305817826,0.0007946703333516175
cnv_depth__IBNLCO_04070__Metal-dependent__CDS,11.568869988024074,0.0007970648817775165
cnv_depth__IBNLCO_03567__IBNLCO_03567__gene,11.566965254382984,0.0007978404091122017
cnv_depth__IBNLCO_01951__IBNLCO_01951__gene__promoter,11.563529439846528,0.000799241273229976
cnv_depth__IBNLCO_03860__hypothetical__CDS,11.545831899573534,0.0008064967948038931
cnv_depth__IBNLCO_03006__Arginine__CDS,11.53706645471574,0.0008101152153225472
cnv_depth__IBNLCO_01895__Adenylosuccinate__CDS__promoter,11.52526870402213,0.0008150115231569055
cnv_depth__IBNLCO_00686__IBNLCO_00686__gene,11.521605190957771,0.0008165380845250292
cnv_depth__IBNLCO_00809__Mannitol__CDS,11.513345966624732,0.0008199903472709332
cnv_depth__IBNLCO_03907__Flavin__CDS,11.500096331797982,0.0008255596481309815
cnv_depth__IBNLCO_01198__IBNLCO_01198__gene__promoter,11.496100466997353,0.0008272468095437858
cnv_depth__IBNLCO_03003__DNA__CDS,11.485283080323574,0.0008318318559258764
cnv_depth__IBNLCO_02734__IBNLCO_02734__gene__promoter,11.475712015781088,0.0008359102310654314
cnv_depth__IBNLCO_01734__argininosuccinate__CDS__promoter,11.474874201028953,0.0008362682052321119
cnv_depth__IBNLCO_01693__IBNLCO_01693__gene__promoter,11.473608031085162,0.0008368094997779876
cnv_depth__IBNLCO_00445__IBNLCO_00445__gene__promoter,11.473530492957815,0.0008368426593508234
cnv_depth__IBNLCO_02015__Insertion__CDS__promoter,11.473247326255205,0.0008369637684015238
cnv_depth__IBNLCO_05690__Type__CDS__promoter,11.470485981189439,0.0008381457194240406
cnv_depth__IBNLCO_00486__IBNLCO_00486__gene,11.467911680313957,0.0008392491413137507
cnv_depth__IBNLCO_05739__gnl|Bakta|IBNLCO_05739__CDS,11.459084928803513,0.0008430438036985109
cnv_depth__IBNLCO_02880__IBNLCO_02880__gene__promoter,11.457521669014177,0.0008437176771159996
cnv_depth__IBNLCO_02687__DUF2957__CDS,11.454272887739805,0.0008451198838137945
cnv_depth__IBNLCO_05297__AraC__CDS__promoter,11.450486704481145,0.0008467570360315165
cnv_depth__IBNLCO_00282__IBNLCO_00282__gene__promoter,11.43759850673809,0.0008523541846343942
cnv_depth__IBNLCO_01412__IBNLCO_01412__gene,11.437466163593845,0.0008524118544367735
cnv_depth__IBNLCO_05006__type__CDS,11.433305111085472,0.0008542271029731689
cnv_depth__IBNLCO_03909__IBNLCO_03909__gene__promoter,11.429121473280805,0.000856056176710367
cnv_depth__IBNLCO_00881__IBNLCO_00881__gene__promoter,11.427990295548481,0.0008565514094146089
cnv_depth__IBNLCO_02717__D-lactate__CDS,11.418730916017008,0.0008606161853466721
cnv_depth__IBNLCO_00892__IBNLCO_00892__gene,11.416924733132081,0.0008614113706158132
cnv_depth__IBNLCO_02764__Undecaprenyl-phosphate__CDS__promoter,11.409235851110386,0.0008648048459983498
cnv_depth__IBNLCO_04495__IBNLCO_04495__gene,11.406976393547838,0.0008658046420273195
cnv_depth__IBNLCO_02982__ampD__gene,11.401533457979017,0.0008682179478447919
cnv_depth__IBNLCO_05451__ATP__CDS__promoter,11.393393361527009,0.000871839931125384
cnv_depth__IBNLCO_05350__3-oxoacyl-[acyl-carrier__CDS__promoter,11.384705338169562,0.000875722712616132
cnv_depth__IBNLCO_04387__IBNLCO_04387__gene,11.383109062807462,0.0008764380217039696
cnv_depth__IBNLCO_02503__Integration__CDS,11.383038073425471,0.0008764698466795516
cnv_depth__IBNLCO_02049__IBNLCO_02049__gene,11.382200365213322,0.0008768454853906982
cnv_depth__IBNLCO_03710__dhaL__gene,11.377139771611624,0.0008791182108015732
cnv_depth__IBNLCO_05718__IBNLCO_05718__gene,11.360493723881198,0.0008866364432034698
cnv_depth__IBNLCO_01335__IBNLCO_01335__gene__promoter,11.35772053605301,0.0008878953153860136
cnv_depth__IBNLCO_03442__IBNLCO_03442__gene__promoter,11.356772023885696,0.0008883263049047053
cnv_depth__IBNLCO_05401__IBNLCO_05401__gene,11.343452202448207,0.000894401204070699
cnv_depth__IBNLCO_03997__IBNLCO_03997__gene__promoter,11.342351465172555,0.000894905118521698
cnv_depth__IBNLCO_02058__IBNLCO_02058__gene,11.335679269115333,0.0008979658315978497
cnv_depth__IBNLCO_01305__AttH__CDS,11.328286961786665,0.00090136934222548
cnv_depth__IBNLCO_05001__gnl|Bakta|IBNLCO_05001__CDS__promoter,11.327423299359445,0.0009017678402270519
cnv_depth__IBNLCO_00778__N5-carboxyaminoimidazole__CDS__promoter,11.324527886101002,0.0009031051086456424
cnv_depth__IBNLCO_01334__sixA__gene__promoter,11.320368280769914,0.0009050297929112719
cnv_depth__IBNLCO_00509__IBNLCO_00509__gene,11.318871575224378,0.0009057233536723198
cnv_depth__IBNLCO_00262__IBNLCO_00262__gene,11.318862379535497,0.0009057276165515099
cnv_depth__IBNLCO_02226__Outer__CDS__promoter,11.315909728326352,0.0009070974461050315
cnv_depth__IBNLCO_01943__IBNLCO_01943__gene,11.306010472631577,0.0009117054580328612
cnv_depth__IBNLCO_03074__IBNLCO_03074__gene__promoter,11.303731568166095,0.0009127696419269452
cnv_depth__IBNLCO_03660__Radical__CDS__promoter,11.303058430236277,0.0009130842204931605
cnv_depth__IBNLCO_03791__N-acetylneuraminate__CDS__promoter,11.297192039211126,0.000915830453157371
cnv_depth__IBNLCO_04582__IBNLCO_04582__gene,11.289019068432644,0.0009196705087978354
cnv_depth__IBNLCO_04078__IBNLCO_04078__gene__promoter,11.287386693524324,0.0009204394417602465
cnv_depth__IBNLCO_03470__2-oxoglutarate__CDS,11.280226225522979,0.000923820143362478
cnv_depth__IBNLCO_02581__Outer-membrane__CDS__promoter,11.271411870646048,0.0009279990905175672
cnv_depth__IBNLCO_04957__D-mannonate__CDS,11.266057383393646,0.0009305470950712949
cnv_depth__IBNLCO_01263__IBNLCO_01263__gene__promoter,11.265823687733812,0.0009306584645887263
cnv_depth__IBNLCO_03046__Anthranilate__CDS__promoter,11.26000602799716,0.0009334353006119276
cnv_depth__IBNLCO_01458__IBNLCO_01458__gene,11.255138731663658,0.0009357650064734097
cnv_depth__IBNLCO_05158__moxC__gene__promoter,11.255110919109853,0.0009357783358265849
cnv_depth__IBNLCO_00529__Formamidopyrimidine-DNA__CDS,11.243860338982008,0.0009411861604552756
cnv_depth__IBNLCO_04682__RCK__CDS__promoter,11.239638873223795,0.0009432235069111255
cnv_depth__IBNLCO_00947__ABC__CDS,11.238390854310486,0.0009438266813971046
cnv_depth__IBNLCO_00539__lptA__gene,11.233302044548061,0.0009462902052948732
cnv_depth__IBNLCO_02037__DUF2471__CDS__promoter,11.230945331626122,0.0009474333245957719
cnv_depth__IBNLCO_00898__IBNLCO_00898__gene,11.224233354295757,0.0009506966779711818
cnv_depth__IBNLCO_02859__IBNLCO_02859__gene,11.213209689715072,0.0009560812561939313
cnv_depth__IBNLCO_05463__Deoxyribose-phosphate__CDS,11.210773072268237,0.0009572756274852887
cnv_depth__IBNLCO_01390__IBNLCO_01390__gene,11.209895799139707,0.000957706018050177
cnv_depth__IBNLCO_02997__corB__gene,11.204395263685214,0.0009604090835239503
cnv_depth__IBNLCO_01658__Short__CDS__promoter,11.202261379397175,0.0009614598070532224
cnv_depth__IBNLCO_05410__hypothetical__CDS__promoter,11.201662783477737,0.0009617547658357145
cnv_depth__IBNLCO_05506__gnl|Bakta|IBNLCO_05506__CDS,11.195001337853473,0.0009650434335114977
cnv_depth__IBNLCO_04631__IBNLCO_04631__gene,11.193151277946244,0.0009659588164607885
cnv_depth__IBNLCO_04996__IBNLCO_04996__gene__promoter,11.193060171030197,0.0009660039177141384
cnv_depth__IBNLCO_03739__Outer__CDS__promoter,11.186285327258293,0.0009693637364580214
cnv_depth__IBNLCO_01716__IBNLCO_01716__gene__promoter,11.171074530594248,0.0009769506361485564
cnv_depth__IBNLCO_01910__Modulator__CDS,11.166781234087,0.0009791030002286702
cnv_depth__IBNLCO_00584__IBNLCO_00584__gene,11.150614420436042,0.000987251409417066
cnv_depth__IBNLCO_02564__IBNLCO_02564__gene,11.144146250958944,0.000990530837987988
cnv_depth__IBNLCO_00880__clpA__gene__promoter,11.141546461840951,0.0009918520855808934
cnv_depth__IBNLCO_04855__hypothetical__CDS,11.139423772095963,0.0009929321975022626
cnv_depth__IBNLCO_04249__IBNLCO_04249__gene,11.138437230114492,0.0009934345988574778
cnv_depth__IBNLCO_05125__LysR-family__CDS__promoter,11.137218088198182,0.0009940558109866322
cnv_depth__IBNLCO_00825__gnl|Bakta|IBNLCO_00825__CDS__promoter,11.135462483637951,0.000994951072931958
cnv_depth__IBNLCO_01941__IBNLCO_01941__gene,11.127443292653517,0.0009990508870087466
cnv_depth__IBNLCO_01726__IBNLCO_01726__gene__promoter,11.127177768764493,0.0009991869304510144
cnv_depth__IBNLCO_00824__Tryptophan__CDS,11.126215308823834,0.000999680213418845
cnv_depth__IBNLCO_03968__MobA-like__CDS__promoter,11.122869093098085,0.0010013971597432152
cnv_depth__IBNLCO_04520__hypothetical__CDS__promoter,11.119492178019838,0.0010031329066260964
cnv_depth__IBNLCO_03104__Type__CDS__promoter,11.119444700440424,0.0010031573321365042
cnv_depth__IBNLCO_02664__dTDP-4-dehydrorhamnose__CDS__promoter,11.116885551813507,0.0010044748200524587
cnv_depth__IBNLCO_01311__IBNLCO_01311__gene__promoter,11.116067643261907,0.0010048962635625749
cnv_depth__IBNLCO_04813__hypothetical__CDS__promoter,11.102851670384254,0.00101173110584322
cnv_depth__IBNLCO_00093__IBNLCO_00093__gene,11.097197603113978,0.0010146696547505961
cnv_depth__IBNLCO_05372__CheW-like__CDS,11.083029325184185,0.0010220715274355887
cnv_depth__IBNLCO_05483__dmeF__gene,11.081900164393408,0.0010226637940158668
cnv_depth__IBNLCO_01450__IBNLCO_01450__gene,11.065866545389607,0.0010311116072070831
cnv_depth__IBNLCO_00711__IBNLCO_00711__gene__promoter,11.065112497021287,0.0010315106488555088
cnv_depth__IBNLCO_04125__IBNLCO_04125__gene__promoter,11.064946812907829,0.0010315983498264162
cnv_depth__IBNLCO_02263__Cysteine-rich__CDS,11.06491727060876,0.0010316139881432595
cnv_depth__IBNLCO_00696__IBNLCO_00696__gene__promoter,11.056106191939689,0.0010362889689258788
cnv_depth__IBNLCO_05531__IBNLCO_05531__gene,11.054441582626215,0.0010371746007361879
cnv_depth__IBNLCO_00048__Branched-chain__CDS__promoter,11.054440278448796,0.0010371752949078475
cnv_depth__IBNLCO_04508__prnC__gene__promoter,11.050105607147675,0.0010394851208769746
cnv_depth__IBNLCO_00745__recA__gene,11.048893652253868,0.001040131875973431
cnv_depth__IBNLCO_00875__IBNLCO_00875__gene__promoter,11.044934553826684,0.001042247495214563
cnv_depth__IBNLCO_03058__Ribosome-binding__CDS__promoter,11.040947685218855,0.0010443823891103958
cnv_depth__IBNLCO_00599__zraR__gene,11.036749809401833,0.0010466350940654384
cnv_depth__IBNLCO_02703__ABC__CDS__promoter,11.023765317426628,0.0010536343793094392
cnv_depth__IBNLCO_00438__IBNLCO_00438__gene__promoter,11.007423963349776,0.0010625110763671077
cnv_depth__IBNLCO_05761__IBNLCO_05761__gene,10.992008112102626,0.0010709549539640055
cnv_depth__IBNLCO_04995__IBNLCO_04995__gene__promoter,10.990869793723306,0.0010715811634772327
cnv_depth__IBNLCO_05466__yfcG__gene,10.990857594397584,0.0010715878765690636
cnv_depth__IBNLCO_04624__IBNLCO_04624__gene__promoter,10.987666576693224,0.001073345315933762
cnv_depth__IBNLCO_03996__Multidrug__CDS__promoter,10.979354792730705,0.001077936810032969
cnv_depth__IBNLCO_03949__Alkyl__CDS,10.977059975075473,0.0010792080107665226
cnv_depth__IBNLCO_00034__SAM-dependent__CDS,10.976882126936605,0.0010793065925169404
cnv_depth__IBNLCO_00948__Nicotinate-nucleotide--dimethylbenzimidazole__CDS,10.974140714204271,0.001080827328232585
cnv_depth__IBNLCO_02939__IBNLCO_02939__gene__promoter,10.960554571092514,0.0010883962472675627
cnv_depth__IBNLCO_03716__IBNLCO_03716__gene,10.95366202974694,0.0010922567717310567
cnv_depth__IBNLCO_01482__HTH__CDS__promoter,10.95319383440389,0.0010925195148259901
cnv_depth__IBNLCO_02407__IBNLCO_02407__gene,10.952776757467932,0.0010927536254529125
cnv_depth__IBNLCO_01284__hypothetical__CDS,10.950874414605217,0.0010938220840208438
cnv_depth__IBNLCO_00060__IBNLCO_00060__gene,10.949854307418118,0.0010943954702139754
cnv_depth__IBNLCO_04431__FAD__CDS,10.940021961676996,0.0010999378208457185
cnv_depth__IBNLCO_05233__Triacylglycerol__CDS__promoter,10.93248569003837,0.0011042052843096089
cnv_depth__IBNLCO_05537__Acyl-CoA__CDS,10.930722504385418,0.0011052061353288433
cnv_depth__IBNLCO_02672__pyrR__gene,10.922518168281655,0.0011098754125558922
cnv_depth__IBNLCO_03119__hypothetical__CDS__promoter,10.920126398038924,0.001111240408867696
cnv_depth__IBNLCO_02668__Bis(5'-nucleosyl)-tetraphosphatase%2C__CDS,10.911364259735986,0.0011162556541346904
cnv_depth__IBNLCO_05063__IBNLCO_05063__gene__promoter,10.909345186620131,0.0011174145945178787
cnv_depth__IBNLCO_04556__DnaK-related__CDS,10.907699463285129,0.0011183601414573316
cnv_depth__IBNLCO_00655__IBNLCO_00655__gene,10.905990346528215,0.0011193429749396875
cnv_depth__IBNLCO_04881__hypothetical__CDS__promoter,10.904749462997259,0.0011200571013329412
cnv_depth__IBNLCO_02871__proton-translocating__CDS__promoter,10.904072907605665,0.0011204466535878945
cnv_depth__IBNLCO_01743__IBNLCO_01743__gene__promoter,10.893224033591801,0.0011267122133470082
cnv_depth__IBNLCO_02000__msrB__gene__promoter,10.876687742215701,0.0011363312698671236
cnv_depth__IBNLCO_00811__Maltose/maltodextrin__CDS,10.875796479431477,0.0011368520848775003
cnv_depth__IBNLCO_04837__gnl|Bakta|IBNLCO_04837__CDS__promoter,10.874906015014588,0.0011373726765473954
cnv_depth__IBNLCO_00734__Lipocalin-like__CDS__promoter,10.874179789331965,0.00113779742947145
cnv_depth__IBNLCO_02036__IBNLCO_02036__gene,10.871834533477777,0.0011391702218333547
cnv_depth__IBNLCO_05118__Carrier__CDS__promoter,10.86784430608463,0.0011415097804153111
cnv_depth__IBNLCO_01583__IBNLCO_01583__gene__promoter,10.862318511319602,0.0011447577728795556
cnv_depth__IBNLCO_03416__IBNLCO_03416__gene__promoter,10.854716768780843,0.001149241394282388
cnv_depth__IBNLCO_02632__Urea__CDS__promoter,10.848943925365377,0.0011526582691112018
cnv_depth__IBNLCO_00617__IBNLCO_00617__gene__promoter,10.842232585167908,0.0011566436599698717
cnv_depth__IBNLCO_04301__IBNLCO_04301__gene__promoter,10.839649288352854,0.001158181441998597
cnv_depth__IBNLCO_00635__Dihydroneopterin__CDS__promoter,10.839047426589177,0.0011585400170873574
cnv_depth__IBNLCO_00248__ABC-type__CDS__promoter,10.838708473953053,0.0011587420069503307
cnv_depth__IBNLCO_05190__IBNLCO_05190__gene,10.837183469471288,0.0011596512376181893
cnv_depth__IBNLCO_03001__IBNLCO_03001__gene,10.825245677311488,0.0011667939268248976
cnv_depth__IBNLCO_00756__IBNLCO_00756__gene,10.82397752364097,0.0011675553284996893
cnv_depth__IBNLCO_01561__STAS__CDS__promoter,10.823486548784242,0.0011678502467615255
cnv_depth__IBNLCO_02786__wcbE__gene,10.820104237455071,0.0011698839963138765
cnv_depth__IBNLCO_00416__IBNLCO_00416__gene,10.8116917235318,0.0011749580405683313
cnv_depth__IBNLCO_05722__IBNLCO_05722__gene,10.809988704831548,0.0011759879534118673
cnv_depth__IBNLCO_05184__Dihydrofolate__CDS,10.808300259265746,0.0011770099623385915
cnv_depth__IBNLCO_02693__IBNLCO_02693__gene,10.805907252210845,0.0011784599918610134
cnv_depth__IBNLCO_01403__lysR__gene,10.803091720005987,0.0011801683821325354
cnv_depth__IBNLCO_00666__IBNLCO_00666__gene,10.801133690698542,0.0011813579518640037
cnv_depth__IBNLCO_00799__IBNLCO_00799__gene__promoter,10.79935893795725,0.0011824372317598435
cnv_depth__IBNLCO_02024__Glycerate__CDS,10.796128271419457,0.0011844044792943189
cnv_depth__IBNLCO_04374__IBNLCO_04374__gene__promoter,10.781252888721038,0.0011935057136320626
cnv_depth__IBNLCO_00862__IBNLCO_00862__gene__promoter,10.774122058775042,0.0011978938539157426
cnv_depth__IBNLCO_01040__Major__CDS__promoter,10.769084826642803,0.0012010035632883471
cnv_depth__IBNLCO_02774__capsular__CDS,10.756920339282717,0.0012085472560307677
cnv_depth__IBNLCO_01927__IBNLCO_01927__gene,10.755627212528596,0.0012093520142186771
cnv_depth__IBNLCO_03665__mgtC__gene__promoter,10.755601830494282,0.001209367815820399
cnv_depth__IBNLCO_04430__Response__CDS,10.755580239240821,0.0012093812576348985
cnv_depth__IBNLCO_05004__bapC__gene__promoter,10.74901846856253,0.0012134734139190564
cnv_depth__IBNLCO_02800__IBNLCO_02800__gene,10.745897367247961,0.001215424800645941
cnv_depth__IBNLCO_02069__putative__CDS,10.74199515834807,0.0012178690594347853
cnv_depth__IBNLCO_00482__IBNLCO_00482__gene,10.736657905721655,0.0012212203224443788
cnv_depth__IBNLCO_05045__IBNLCO_05045__gene,10.734434755140182,0.001222619014246669
cnv_depth__IBNLCO_02840__IBNLCO_02840__gene__promoter,10.73338005234534,0.0012232831505001717
cnv_depth__IBNLCO_02099__IBNLCO_02099__gene,10.728351745586732,0.001226454491866906
cnv_depth__IBNLCO_05718__IBNLCO_05718__gene__promoter,10.716512329074535,0.0012339547583838783
cnv_depth__IBNLCO_05667__IBNLCO_05667__gene,10.710550555815956,0.0012377492414615747
cnv_depth__IBNLCO_00734__IBNLCO_00734__gene,10.709514372247211,0.00123840995360981
cnv_depth__IBNLCO_01235__IBNLCO_01235__gene__promoter,10.709281764007027,0.0012385583233986148
cnv_depth__IBNLCO_04069__phosphoenolpyruvate__CDS__promoter,10.703729553055243,0.0012421052049785936
cnv_depth__IBNLCO_04474__Twin-arginine__CDS,10.699791503415268,0.0012446272042759266
cnv_depth__IBNLCO_01305__attH__gene__promoter,10.698917225461846,0.0012451878163942545
cnv_depth__IBNLCO_04977__response__CDS,10.69507352562458,0.0012476555654438006
cnv_depth__IBNLCO_01407__Pili__CDS__promoter,10.693365180054403,0.0012487539664299248
cnv_depth__IBNLCO_02268__Burkholderia__ncRNA,10.687525527781004,0.0012525160974196053
cnv_depth__IBNLCO_00942__6S__gene__promoter,10.683506020481758,0.0012551123390149917
cnv_depth__IBNLCO_01370__Fels-1__CDS__promoter,10.679586805445773,0.0012576490888791423
cnv_depth__IBNLCO_04191__Transcriptional__CDS__promoter,10.677920683717767,0.0012587290866494848
cnv_depth__IBNLCO_04185__Xenobiotic__CDS,10.675888937155788,0.0012600473672015407
cnv_depth__IBNLCO_02171__yejB__gene__promoter,10.67216508491332,0.0012624672142680224
cnv_depth__IBNLCO_03083__HTH__CDS,10.667440001204252,0.0012655445132124725
cnv_depth__IBNLCO_01092__IBNLCO_01092__gene,10.665581972702212,0.0012667566848518464
cnv_depth__IBNLCO_02150__ACB__CDS,10.650763130053013,0.0012764669580660444
cnv_depth__IBNLCO_02106__hypothetical__CDS__promoter,10.644715398719807,0.0012804516221622843
cnv_depth__IBNLCO_05500__IBNLCO_05500__gene__promoter,10.643878416629535,0.0012810040830317523
cnv_depth__IBNLCO_04198__RND__CDS__promoter,10.642605069630669,0.0012818450388160632
cnv_depth__IBNLCO_05426__IBNLCO_05426__gene__promoter,10.640977308901657,0.0012829208803817919
cnv_depth__IBNLCO_05208__IBNLCO_05208__gene__promoter,10.639683692034554,0.0012837765322308756
cnv_depth__IBNLCO_00724__IBNLCO_00724__gene,10.638183814922888,0.001284769342313467
cnv_depth__IBNLCO_00439__PTS__CDS,10.637795796304315,0.001285026310107001
cnv_depth__IBNLCO_00640__IBNLCO_00640__gene__promoter,10.627522286040254,0.0012918491214245756
cnv_depth__IBNLCO_01576__IBNLCO_01576__gene__promoter,10.622927743246617,0.0012949123882905799
cnv_depth__IBNLCO_05274__hypothetical__CDS__promoter,10.618525694399644,0.0012978542698857552
cnv_depth__IBNLCO_04949__IBNLCO_04949__gene__promoter,10.61440269596101,0.0013006158489398062
cnv_depth__IBNLCO_02428__Large__CDS__promoter,10.610617215721252,0.0013031566395297293
cnv_depth__IBNLCO_00656__IBNLCO_00656__gene__promoter,10.60801372492623,0.0013049070258419355
cnv_depth__IBNLCO_04586__Riboflavin__CDS,10.604240069133741,0.001307448401549366
cnv_depth__IBNLCO_04800__IBNLCO_04800__gene,10.602229321496308,0.0013088046057626423
cnv_depth__IBNLCO_02998__pilB__gene,10.59799258604453,0.0013116668907162104
cnv_depth__IBNLCO_04215__Amino__CDS,10.591123239890702,0.0013163213183378006
cnv_depth__IBNLCO_02702__lysR__gene,10.590515896868451,0.0013167336428702063
cnv_depth__IBNLCO_02369__Arginine__CDS__promoter,10.578018503925023,0.0013252474371540392
cnv_depth__IBNLCO_00604__IBNLCO_00604__gene__promoter,10.57593667131188,0.0013266711264623842
cnv_depth__IBNLCO_00552__IBNLCO_00552__gene__promoter,10.575281595861318,0.0013271194314568022
cnv_depth__IBNLCO_02627__Bacteriophage__CDS__promoter,10.572609130062716,0.0013289499529111981
cnv_depth__IBNLCO_05289__CBS__CDS,10.566493733306052,0.0013331484326603129
cnv_depth__IBNLCO_02686__gnl|Bakta|IBNLCO_02686__CDS,10.555744219976365,0.0013405612743784747
cnv_depth__IBNLCO_03076__ubiX__gene,10.554039205734817,0.001341740908603173
cnv_depth__IBNLCO_00194__IBNLCO_00194__gene__promoter,10.545226509597883,0.0013478549894609159
cnv_depth__IBNLCO_04127__IBNLCO_04127__gene__promoter,10.539109605561645,0.0013521154946569743
cnv_depth__IBNLCO_02652__IBNLCO_02652__gene,10.530059860430944,0.0013584439910428099
cnv_depth__IBNLCO_03802__IBNLCO_03802__gene,10.525040490758597,0.001361967068849433
cnv_depth__IBNLCO_01500__Integration__CDS__promoter,10.51898445872142,0.0013662301944163825
cnv_depth__IBNLCO_02135__Protein__CDS,10.5130125195983,0.0013704474627520423
cnv_depth__IBNLCO_00717__IBNLCO_00717__gene__promoter,10.507849421285927,0.0013741042531422553
cnv_depth__IBNLCO_02510__DNA__CDS__promoter,10.500878803145879,0.0013790570359517322
cnv_depth__IBNLCO_02492__Methionine__CDS__promoter,10.496424551159784,0.0013822314226497592
cnv_depth__IBNLCO_00184__Polyphosphate__CDS__promoter,10.48789155808837,0.0013883334309706538
cnv_depth__IBNLCO_02814__Heat-inducible__CDS,10.486736221114889,0.0013891617323509194
cnv_depth__IBNLCO_00308__IBNLCO_00308__gene,10.485497741140746,0.0013900502021055089
cnv_depth__IBNLCO_02595__Glutamate__CDS,10.484597795879989,0.0013906961752635665
cnv_depth__IBNLCO_04865__chbP__gene,10.484178001242324,0.001390997605139414
cnv_depth__IBNLCO_01316__IBNLCO_01316__gene__promoter,10.480252456453103,0.001393819538279637
cnv_depth__IBNLCO_05165__IBNLCO_05165__gene__promoter,10.479285826458156,0.0013945153101565248
cnv_depth__IBNLCO_05498__OXA-42__CDS,10.469539718541164,0.0014015503150582634
cnv_depth__IBNLCO_01928__IBNLCO_01928__gene__promoter,10.469409606472995,0.001401644478150613
cnv_depth__IBNLCO_04037__livG__gene__promoter,10.465027526312927,0.0014048195973788682
cnv_depth__IBNLCO_04543__IBNLCO_04543__gene,10.465010683280719,0.0014048318154722091
cnv_depth__IBNLCO_00337__IBNLCO_00337__gene__promoter,10.46297634976117,0.0014063083381974666
cnv_depth__IBNLCO_02501__IBNLCO_02501__gene__promoter,10.454597054811794,0.0014124067662146988
cnv_depth__IBNLCO_02821__3-deoxy-7-phosphoheptulonate__CDS__promoter,10.45067924467459,0.0014152673939379012
cnv_depth__IBNLCO_00232__PepSY-associated__CDS__promoter,10.446650144254448,0.001418215451115401
cnv_depth__IBNLCO_02734__IBNLCO_02734__gene,10.442110153477435,0.001421544835494225
cnv_depth__IBNLCO_03622__Type__CDS,10.43980092945695,0.001423241356362839
cnv_depth__IBNLCO_02224__50S__CDS__promoter,10.435482951315041,0.001426419199902159
cnv_depth__IBNLCO_02891__GSH-dependent__CDS,10.43206036460013,0.0014289432204574871
cnv_depth__IBNLCO_01306__araC__gene__promoter,10.42877431420103,0.00143137084154035
cnv_depth__IBNLCO_00828__Flavin__CDS__promoter,10.421125746301685,0.001437037660400691
cnv_depth__IBNLCO_05782__IBNLCO_05782__gene__promoter,10.417878172983594,0.0014394507079473961
cnv_depth__IBNLCO_05227__Inner__CDS__promoter,10.417210865045206,0.0014399470505510263
cnv_depth__IBNLCO_03446__IBNLCO_03446__gene__promoter,10.416545285661817,0.0014404422815166896
cnv_depth__IBNLCO_01402__Major__CDS__promoter,10.416512543327048,0.001440466648263988
cnv_depth__IBNLCO_04020__IBNLCO_04020__gene__promoter,10.412521645646837,0.0014434398163701723
cnv_depth__IBNLCO_00720__IBNLCO_00720__gene,10.407415227972573,0.0014472531721444009
cnv_depth__IBNLCO_05635__Amino__CDS,10.406720993106624,0.001447772404510819
cnv_depth__IBNLCO_04608__Formate__CDS__promoter,10.40435546599216,0.0014495430589148975
cnv_depth__IBNLCO_00719__tssF__gene__promoter,10.404091837297498,0.0014497405282724901
cnv_depth__IBNLCO_04559__Magnesium__CDS__promoter,10.397825888931262,0.0014544420893313858
cnv_depth__IBNLCO_05723__IBNLCO_05723__gene,10.396789543309517,0.001455221194851084
cnv_depth__IBNLCO_04924__Biotin__CDS__promoter,10.395083967892361,0.0014565043428222495
cnv_depth__IBNLCO_04160__4-hydroxy-2-oxo-heptane-1%2C7-dioate__CDS__promoter,10.393388147759426,0.0014577812969722836
cnv_depth__IBNLCO_01220__ncS54__gene,10.392936052021492,0.0014581219184356868
cnv_depth__IBNLCO_00412__IBNLCO_00412__gene__promoter,10.392551682995187,0.0014584115766297296
cnv_depth__IBNLCO_03649__IBNLCO_03649__gene__promoter,10.389333776884264,0.0014608388773886928
cnv_depth__IBNLCO_00953__IBNLCO_00953__gene__promoter,10.388120825480497,0.0014617548895997604
cnv_depth__IBNLCO_00104__Membrane__CDS,10.3777784019191,0.0014695892726096602
cnv_depth__IBNLCO_01488__LysR__CDS__promoter,10.371494718515828,0.0014743700850101376
cnv_depth__IBNLCO_00664__IBNLCO_00664__gene__promoter,10.360073287804806,0.0014831005531675827
cnv_depth__IBNLCO_04217__hypothetical__CDS,10.354158812836273,0.0014876422671771757
cnv_depth__IBNLCO_01257__IBNLCO_01257__gene__promoter,10.354032297746695,0.0014877395728604738
cnv_depth__unknown__unknown__source,10.353799734240342,0.0014879184597892806
cnv_depth__IBNLCO_01880__rimO__gene__promoter,10.349142385091419,0.001491505502092535
cnv_depth__IBNLCO_04552__IBNLCO_04552__gene__promoter,10.348465216810956,0.0014920277849045326
cnv_depth__IBNLCO_03015__UDP-N-acetylmuramate--L-alanine__CDS,10.345967487677806,0.0014939558356840636
cnv_depth__IBNLCO_03864__Integrase__CDS,10.34508899334202,0.001494634568935281
cnv_depth__IBNLCO_02887__Phosphoglycerate__CDS,10.343766333442895,0.001495657062781837
cnv_depth__IBNLCO_04709__GTP__CDS__promoter,10.342084825436899,0.0014969579986259744
cnv_depth__IBNLCO_02201__IBNLCO_02201__gene__promoter,10.337482695815586,0.0015005244499622014
cnv_depth__IBNLCO_01780__hypothetical__CDS__promoter,10.336404965613351,0.0015013608973485674
cnv_depth__IBNLCO_04959__gnl|Bakta|IBNLCO_04959__CDS,10.326738817495611,0.0015088843015954433
cnv_depth__IBNLCO_01704__IBNLCO_01704__gene__promoter,10.31332696335464,0.001519386897302951
cnv_depth__IBNLCO_05003__type__CDS__promoter,10.313111003577097,0.0015195566210832283
cnv_depth__IBNLCO_05056__bcsR__gene,10.310807584187692,0.001521368093913131
cnv_depth__IBNLCO_01718__EamA__CDS__promoter,10.30800155329887,0.0015235778141728022
cnv_depth__IBNLCO_01060__VWA__CDS__promoter,10.29933582704289,0.0015304226965856134
cnv_depth__IBNLCO_02566__Major__CDS__promoter,10.294507163763098,0.0015342503766602638
cnv_depth__IBNLCO_00843__Cys-tRNA(Pro)/Cys-tRNA(Cys)__CDS,10.292485889265457,0.0015358555418024179
cnv_depth__IBNLCO_03916__Multicopper__CDS,10.288348823904302,0.0015391462803381036
cnv_depth__IBNLCO_02816__DNA__CDS,10.28760435129226,0.0015397392188777033
cnv_depth__IBNLCO_03871__IBNLCO_03871__gene__promoter,10.284199981770156,0.0015424536179842556
cnv_depth__IBNLCO_04812__gnl|Bakta|IBNLCO_04812__CDS,10.283279926432003,0.00154318804232279
cnv_depth__IBNLCO_05744__IBNLCO_05744__gene__promoter,10.273632210581452,0.001550910768383571
cnv_depth__IBNLCO_04645__Chlorinating__CDS,10.273068391456103,0.0015513633086111824
cnv_depth__IBNLCO_05513__hypothetical__CDS__promoter,10.263984341808623,0.0015586730909599635
cnv_depth__IBNLCO_03908__IBNLCO_03908__gene__promoter,10.259412299274947,0.0015623654345051988
cnv_depth__IBNLCO_03635__IBNLCO_03635__gene,10.257133309061274,0.0015642092629706095
cnv_depth__IBNLCO_05533__IBNLCO_05533__gene,10.244468056857436,0.0015744967187308404
cnv_depth__IBNLCO_03918__copC__gene__promoter,10.239228346374695,0.0015787728995940139
cnv_depth__IBNLCO_03859__IBNLCO_03859__gene__promoter,10.237777792614803,0.0015799588062716645
cnv_depth__IBNLCO_05002__bopA__gene__promoter,10.233986853406101,0.0015830624032162775
cnv_depth__IBNLCO_01095__IBNLCO_01095__gene,10.233629599679078,0.0015833552034609235
cnv_depth__IBNLCO_01717__cheW__gene__promoter,10.229364352392261,0.0015868552167299947
cnv_depth__IBNLCO_03143__IBNLCO_03143__gene__promoter,10.228975895250539,0.0015871743725772932
cnv_depth__IBNLCO_02237__IBNLCO_02237__gene__promoter,10.226639950900426,0.0015890949641713392
cnv_depth__IBNLCO_01387__DUF4123__CDS__promoter,10.225750553690363,0.001589826842019569
cnv_depth__IBNLCO_02561__dITP/XTP__CDS__promoter,10.20018819365387,0.001611009704427277
cnv_depth__IBNLCO_04150__two-component__CDS,10.1887172306457,0.0016206088883418132
cnv_depth__IBNLCO_05080__type__CDS__promoter,10.185562082831883,0.0016232594241089894
cnv_depth__IBNLCO_04026__IBNLCO_04026__gene,10.181156565159553,0.0016269677640692824
cnv_depth__IBNLCO_01096__hypothetical__CDS__promoter,10.179673430194121,0.0016282181374179736
cnv_depth__IBNLCO_02270__IBNLCO_02270__gene__promoter,10.167840863265145,0.0016382289335926546
cnv_depth__IBNLCO_04627__IBNLCO_04627__gene__promoter,10.164814326914899,0.0016407995794416623
cnv_depth__IBNLCO_04758__Membrane-bound__CDS__promoter,10.153727637460708,0.0016502515130427146
cnv_depth__IBNLCO_02410__Pyridoxine__CDS,10.151137671218578,0.0016524675861689288
cnv_depth__IBNLCO_03911__IBNLCO_03911__gene__promoter,10.14895891625427,0.001654334165480703
cnv_depth__IBNLCO_00518__rsmD__gene__promoter,10.14881179808878,0.0016544602819085132
cnv_depth__IBNLCO_05087__IBNLCO_05087__gene__promoter,10.141923990024297,0.0016603758333342499
cnv_depth__IBNLCO_00657__Glycine--tRNA__CDS__promoter,10.131770265397494,0.0016691357256620192
cnv_depth__IBNLCO_02433__hypothetical__CDS__promoter,10.129082802535251,0.0016714621641907494
cnv_depth__IBNLCO_04290__peptidoglycan__CDS,10.126149693405354,0.001674005030446321
cnv_depth__IBNLCO_05098__Serine__CDS,10.122459529082276,0.0016772098421383881
cnv_depth__IBNLCO_00552__PIN__CDS,10.118718893291943,0.0016804648842174805
cnv_depth__IBNLCO_02245__Lipoprotein-releasing__CDS__promoter,10.118484805409624,0.0016806687982254753
cnv_depth__IBNLCO_01074__IBNLCO_01074__gene,10.11818796905049,0.0016809274087955127
cnv_depth__IBNLCO_04749__IBNLCO_04749__gene,10.116824478252262,0.0016821158352387801
cnv_depth__IBNLCO_01273__DUF934__CDS,10.101667061329822,0.0016953850806287855
cnv_depth__IBNLCO_01454__IBNLCO_01454__gene,10.097804402914669,0.0016987836301413691
cnv_depth__IBNLCO_01097__Chemotaxis__CDS__promoter,10.09308127677824,0.001702948719946898
cnv_depth__IBNLCO_05615__Alpha-hydroxy-acid__CDS__promoter,10.092591257613055,0.0017033814403688281
cnv_depth__IBNLCO_03459__DUF692__CDS__promoter,10.091320270229463,0.0017045043327309336
cnv_depth__IBNLCO_02023__IBNLCO_02023__gene,10.08410990408142,0.0017108888791434334
cnv_depth__IBNLCO_00905__Leucine/isoleucine/valine__CDS__promoter,10.077493640884704,0.0017167688612382565
cnv_depth__IBNLCO_01359__glgX__gene__promoter,10.073968621691265,0.0017199100298299636
cnv_depth__IBNLCO_00601__IBNLCO_00601__gene__promoter,10.073927512012942,0.001719946697562448
cnv_depth__IBNLCO_04708__Nitrate__CDS__promoter,10.069737456206493,0.0017236882055705594
cnv_depth__IBNLCO_05244__IBNLCO_05244__gene__promoter,10.068536404909496,0.0017247622163065316
cnv_depth__IBNLCO_05809__hypothetical__CDS,10.067069294780564,0.0017260750713622864
cnv_depth__IBNLCO_05711__DUF3008__CDS,10.062795701735688,0.0017299051514090055
cnv_depth__IBNLCO_00612__IBNLCO_00612__gene,10.061720981161889,0.0017308697032432404
cnv_depth__IBNLCO_03823__IBNLCO_03823__gene,10.056619698825926,0.0017354555567346303
cnv_depth__IBNLCO_02218__gnl|Bakta|IBNLCO_02218__CDS,10.055909285158682,0.0017360951748757341
cnv_depth__IBNLCO_02488__Electron__CDS__promoter,10.055190425870814,0.0017367426421634519
cnv_depth__IBNLCO_05683__IBNLCO_05683__gene__promoter,10.049856786774994,0.0017415542945119513
cnv_depth__IBNLCO_00517__IBNLCO_00517__gene__promoter,10.049112722217295,0.0017422266214995412
cnv_depth__IBNLCO_02070__IBNLCO_02070__gene__promoter,10.048551611203608,0.0017427338094519688
cnv_depth__IBNLCO_04125__Response__CDS,10.037090257011794,0.0017531267982694126
cnv_depth__IBNLCO_02668__Bis(5'-nucleosyl)-tetraphosphatase%2C__CDS__promoter,10.034751610896816,0.0017552552156957532
cnv_depth__IBNLCO_03694__IBNLCO_03694__gene,10.03083957274015,0.0017588214917149154
cnv_depth__IBNLCO_01135__IBNLCO_01135__gene__promoter,10.027461533369511,0.0017619069221864983
cnv_depth__IBNLCO_03139__Histidinol__CDS__promoter,10.023728190061341,0.00176532331401146
cnv_depth__IBNLCO_00298__IBNLCO_00298__gene,10.021701396877155,0.001767180871550809
cnv_depth__IBNLCO_00667__sutR__gene__promoter,10.01783005758965,0.0017707345095971103
cnv_depth__IBNLCO_04268__kdgR__gene__promoter,10.0142686124307,0.0017740101331769577
cnv_depth__IBNLCO_04310__hypothetical__CDS,10.004615888089958,0.0017829193512067874
cnv_depth__IBNLCO_01041__N-carbamoyl-L-amino-acid__CDS__promoter,10.000045880415588,0.0017871532848958147
cnv_depth__IBNLCO_01436__IBNLCO_01436__gene,9.989129782370265,0.0017973082524526845
cnv_depth__IBNLCO_05384__Anthranilate__CDS__promoter,9.986886004064292,0.0017994028769617717
cnv_depth__IBNLCO_04004__Formaldehyde__CDS__promoter,9.978299042240353,0.001807442092689139
cnv_depth__IBNLCO_00881__Amino__CDS,9.974531438465938,0.001810980943497662
cnv_depth__IBNLCO_00732__IBNLCO_00732__gene__promoter,9.966975018495633,0.0018180999259506281
cnv_depth__IBNLCO_02325__IBNLCO_02325__gene,9.963985974237099,0.0018209238232990096
cnv_depth__IBNLCO_05504__IBNLCO_05504__gene__promoter,9.960406284146917,0.0018243116318337382
cnv_depth__IBNLCO_00625__IBNLCO_00625__gene__promoter,9.959030654236143,0.0018256152366445504
cnv_depth__IBNLCO_00280__IBNLCO_00280__gene,9.95394598811336,0.0018304419479274739
cnv_depth__IBNLCO_00634__IBNLCO_00634__gene__promoter,9.94608508506529,0.0018379297319064656
cnv_depth__IBNLCO_00233__Putative__CDS__promoter,9.944320304289722,0.0018396150451578945
cnv_depth__IBNLCO_02396__IBNLCO_02396__gene__promoter,9.942435516702009,0.0018414167054207017
cnv_depth__IBNLCO_03799__3-dehydroshikimate__CDS__promoter,9.941895246443085,0.0018419334798602117
cnv_depth__IBNLCO_00730__IBNLCO_00730__gene__promoter,9.924715901655526,0.0018584432288078956
cnv_depth__IBNLCO_05160__IBNLCO_05160__gene__promoter,9.923727933917519,0.0018593972748224535
cnv_depth__IBNLCO_03975__tssC1__gene,9.92247935859682,0.0018606036965265345
cnv_depth__IBNLCO_00673__IBNLCO_00673__gene,9.919577895473816,0.0018634102926578465
cnv_depth__IBNLCO_01067__Electron__CDS__promoter,9.915565382043281,0.0018672987425940536
cnv_depth__IBNLCO_04895__gnl|Bakta|IBNLCO_04895__CDS__promoter,9.899593620758441,0.0018828590527955819
cnv_depth__IBNLCO_05388__AraC__CDS__promoter,9.8955905137678,0.0018867797634285958
cnv_depth__IBNLCO_01322__phoB__gene__promoter,9.895471440630521,0.0018868965133760748
cnv_depth__IBNLCO_02775__hypothetical__CDS,9.87752059657138,0.0019045818577170751
cnv_depth__IBNLCO_01709__Putative__CDS__promoter,9.877094920895455,0.0019050032877471642
cnv_depth__IBNLCO_03277__IBNLCO_03277__gene__promoter,9.873085782883908,0.0019089771180670753
cnv_depth__IBNLCO_01355__IBNLCO_01355__gene__promoter,9.871794770130391,0.001910258563731454
cnv_depth__IBNLCO_05092__N-acetyltransferase__CDS__promoter,9.871127701552265,0.0019109210334497802
cnv_depth__IBNLCO_04295__leucine--tRNA__CDS,9.866782539773073,0.0019152419893587772
cnv_depth__IBNLCO_01377__hypothetical__CDS__promoter,9.863730581834696,0.0019182829149167724
cnv_depth__IBNLCO_04256__Monosaccharide__CDS__promoter,9.857035402753423,0.0019249711915624364
cnv_depth__IBNLCO_05026__type__CDS,9.85315912263459,0.0019288543652871998
cnv_depth__IBNLCO_04790__IBNLCO_04790__gene,9.849616368969329,0.001932410422261699
cnv_depth__IBNLCO_00757__IBNLCO_00757__gene,9.849203751378559,0.001932825024713911
cnv_depth__IBNLCO_00227__fliE__gene__promoter,9.840744945372457,0.0019413445882677724
cnv_depth__IBNLCO_00927__Sulfate__CDS__promoter,9.835091664007289,0.0019470598663569446
cnv_depth__IBNLCO_01208__Cytochrome__CDS__promoter,9.834527816898573,0.0019476308393059324
cnv_depth__IBNLCO_03128__hypothetical__CDS__promoter,9.83424253721393,0.0019479197895247325
cnv_depth__IBNLCO_03574__IBNLCO_03574__gene__promoter,9.825509758196391,0.0019567861619287225
cnv_depth__IBNLCO_01942__Homoserine__CDS__promoter,9.82133871667256,0.001961035558352705
cnv_depth__IBNLCO_02870__NAD(P)__CDS__promoter,9.806479704836041,0.001976250514138952
cnv_depth__IBNLCO_05423__IBNLCO_05423__gene__promoter,9.80111529054748,0.0019817730318677615
cnv_depth__IBNLCO_03381__IBNLCO_03381__gene__promoter,9.795658434534388,0.0019874069027972295
cnv_depth__IBNLCO_01865__IBNLCO_01865__gene,9.793418998829488,0.001989723719375319
cnv_depth__IBNLCO_00786__IBNLCO_00786__gene,9.793261181511657,0.0019898870939747144
cnv_depth__IBNLCO_03859__IBNLCO_03859__gene,9.78833154985022,0.001994997224826991
cnv_depth__IBNLCO_01955__hypothetical__CDS,9.787711824451822,0.0019956405901292093
cnv_depth__IBNLCO_01707__RNA-binding__CDS__promoter,9.782870623896061,0.0020006737677898978
cnv_depth__IBNLCO_02811__hypothetical__CDS,9.782650501759203,0.0020009029270314596
cnv_depth__IBNLCO_02724__hypothetical__CDS__promoter,9.768853326060288,0.0020153202286243895
cnv_depth__IBNLCO_03708__IBNLCO_03708__gene__promoter,9.76345816002517,0.0020209867288446207
cnv_depth__IBNLCO_03619__ImpE/SciE__CDS,9.759895106307557,0.002024737904132455
cnv_depth__IBNLCO_00463__ctaB__gene,9.751248884696263,0.002033870250356608
cnv_depth__IBNLCO_01318__Phosphate__CDS,9.750353595421286,0.0020348182791578118
cnv_depth__IBNLCO_02129__DNA__CDS,9.748673799917984,0.0020365982469379923
cnv_depth__IBNLCO_04118__IBNLCO_04118__gene__promoter,9.743256050221422,0.002042349930628459
cnv_depth__IBNLCO_02599__IBNLCO_02599__gene__promoter,9.737932056514591,0.002048018258687927
cnv_depth__IBNLCO_03827__IBNLCO_03827__gene,9.735974693907336,0.002050106256983661
cnv_depth__IBNLCO_02158__IBNLCO_02158__gene__promoter,9.734070224993605,0.0020521399204413084
cnv_depth__IBNLCO_00320__IBNLCO_00320__gene,9.733999207541308,0.002052215795422213
cnv_depth__IBNLCO_00054__IBNLCO_00054__gene,9.730920032406035,0.0020555083429792493
cnv_depth__IBNLCO_04552__DNA-binding__CDS,9.730104807460991,0.002056380963088735
cnv_depth__IBNLCO_02176__ferredoxin--NADP(+)__CDS,9.727190384753142,0.0020595036715953664
cnv_depth__IBNLCO_02009__ATP-binding__CDS,9.718160515650396,0.00206920969752145
cnv_depth__IBNLCO_02901__gnl|Bakta|IBNLCO_02901__CDS__promoter,9.715607547474152,0.002071962303375432
cnv_depth__IBNLCO_00879__clpS__gene,9.714462755337868,0.002073197831794485
cnv_depth__IBNLCO_04515__IBNLCO_04515__gene__promoter,9.711532125031361,0.0020763641776630074
cnv_depth__IBNLCO_04477__DoxX__CDS,9.703684108860632,0.0020848677950356343
cnv_depth__IBNLCO_00303__Copper-translocating__CDS__promoter,9.701286985518585,0.002087472260105269
cnv_depth__IBNLCO_02025__HTH__CDS,9.699358985890346,0.002089569437770218
cnv_depth__IBNLCO_02552__IBNLCO_02552__gene,9.698133807076601,0.0020909032428572927
cnv_depth__IBNLCO_02629__Thiosulfate__CDS,9.692615135029307,0.002096922009391781
cnv_depth__IBNLCO_05507__prnA__gene__promoter,9.681591823240055,0.0021089973272979015
cnv_depth__IBNLCO_00456__DUF2970__CDS__promoter,9.680831071401185,0.002109833299477315
cnv_depth__IBNLCO_01367__HTH-type__CDS__promoter,9.676408327668485,0.002114700063164285
cnv_depth__IBNLCO_03807__IBNLCO_03807__gene,9.675570836268001,0.002115622926108342
cnv_depth__IBNLCO_01175__Acyl-CoA__CDS__promoter,9.671287067734308,0.002120349814572401
cnv_depth__IBNLCO_00992__hypothetical__CDS,9.669158482925466,0.0021227025984619525
cnv_depth__IBNLCO_01974__hypothetical__CDS,9.668179825856743,0.0021237852309656667
cnv_depth__IBNLCO_03827__4Fe-4S__CDS__promoter,9.66458906797633,0.0021277623202456807
cnv_depth__IBNLCO_02150__IBNLCO_02150__gene__promoter,9.654176908820844,0.0021393378428578324
cnv_depth__IBNLCO_01690__Cobalt-precorrin-5B__CDS__promoter,9.64947363001473,0.0021445877190306973
cnv_depth__IBNLCO_03829__BTH_s39__gene,9.63998189534723,0.002155222705285784
cnv_depth__IBNLCO_01591__IBNLCO_01591__gene,9.639898101669276,0.0021553168314358577
cnv_depth__IBNLCO_03294__flagellar__CDS__promoter,9.63978150763249,0.00215544780950171
cnv_depth__IBNLCO_00990__Inorganic__CDS,9.63785808744145,0.002157609694184651
cnv_depth__IBNLCO_00053__Molybdenum__CDS__promoter,9.631815223670033,0.0021644161861854743
cnv_depth__IBNLCO_02168__hypothetical__CDS__promoter,9.627992409330218,0.002168733419685561
cnv_depth__IBNLCO_02191__IBNLCO_02191__gene__promoter,9.626598759959341,0.002170309504573785
cnv_depth__IBNLCO_00597__IBNLCO_00597__gene__promoter,9.623861491221733,0.002173408505648505
cnv_depth__IBNLCO_02151__DEAD/DEAH__CDS,9.620665550812246,0.0021770325191365985
cnv_depth__IBNLCO_00814__estB__gene,9.611698124350271,0.002187234099344576
cnv_depth__IBNLCO_01590__trnH__gene__promoter,9.586821134837141,0.002215791521922693
cnv_depth__IBNLCO_01349__IBNLCO_01349__gene__promoter,9.582997650510192,0.0022202143612194782
cnv_depth__IBNLCO_00305__TPM__CDS__promoter,9.578628848815358,0.0022252790537802335
cnv_depth__IBNLCO_04394__iclR__gene,9.575057045082488,0.0022294285760246202
cnv_depth__IBNLCO_05485__IBNLCO_05485__gene,9.57276469435364,0.0022320958696956726
cnv_depth__IBNLCO_01555__hypothetical__CDS__promoter,9.565855324721044,0.0022401551154105307
cnv_depth__IBNLCO_04658__Exported__CDS__promoter,9.562202645563401,0.002244427702899714
cnv_depth__IBNLCO_00793__efflux__CDS__promoter,9.557195818054296,0.0022502978019810094
cnv_depth__IBNLCO_03257__Flavoprotein__CDS__promoter,9.555485612630342,0.002252306475024405
cnv_depth__IBNLCO_04799__hypothetical__CDS__promoter,9.553426197390033,0.0022547277365138974
cnv_depth__IBNLCO_00977__IBNLCO_00977__gene,9.552898846016875,0.002255348173347862
cnv_depth__IBNLCO_04174__Enoyl-CoA__CDS__promoter,9.54566401487929,0.002263877713917237
cnv_depth__IBNLCO_05069__IBNLCO_05069__gene,9.536515105158713,0.0022747111304222897
cnv_depth__IBNLCO_05593__tagF__gene__promoter,9.536348425078442,0.0022749089908884255
cnv_depth__IBNLCO_04884__hypothetical__CDS,9.528282763967601,0.0022845045398302635
cnv_depth__IBNLCO_05710__hypothetical__CDS__promoter,9.51748428780174,0.002297416116891299
cnv_depth__IBNLCO_05382__Cardiolipin__CDS__promoter,9.503666498430597,0.0023140467846388185
cnv_depth__IBNLCO_03941__3-oxoacyl-ACP__CDS__promoter,9.503403666544573,0.0023143643117656512
cnv_depth__IBNLCO_02004__IBNLCO_02004__gene__promoter,9.503229007606148,0.0023145753418286983
cnv_depth__IBNLCO_05120__IBNLCO_05120__gene,9.501558509522189,0.0023165947005353298
cnv_depth__IBNLCO_05780__IBNLCO_05780__gene,9.499424520153264,0.002319176966214812
cnv_depth__IBNLCO_00826__hypothetical__CDS,9.489743070254239,0.002330929181959445
cnv_depth__IBNLCO_02226__Outer__CDS,9.472486396929021,0.0023520281832401274
cnv_depth__IBNLCO_01259__Sugar__CDS,9.471554108088462,0.0023531736004346014
cnv_depth__IBNLCO_04018__gcvA__gene,9.47091240751379,0.0023539623302133105
cnv_depth__IBNLCO_01785__IBNLCO_01785__gene,9.468481492187497,0.0023569526809762782
cnv_depth__IBNLCO_01738__gnl|Bakta|IBNLCO_01738__CDS__promoter,9.467016870790323,0.0023587562368424754
cnv_depth__IBNLCO_00352__hypothetical__CDS,9.465477987736321,0.00236065276067839
cnv_depth__IBNLCO_05752__hypothetical__CDS__promoter,9.452907839911697,0.0023762027791265003
cnv_depth__IBNLCO_02977__Glycine__CDS__promoter,9.449696786200107,0.0023801918204148054
cnv_depth__IBNLCO_03475__HTH__CDS,9.447388225599859,0.002383063941526447
cnv_depth__IBNLCO_03801__Shikimate__CDS,9.445503277149625,0.002385411668553045
cnv_depth__IBNLCO_01113__IBNLCO_01113__gene,9.443567578420964,0.002387825068456317
cnv_depth__IBNLCO_00683__Fatty__CDS__promoter,9.442282346950277,0.002389428855420815
cnv_depth__IBNLCO_02647__gnl|Bakta|IBNLCO_02647__CDS,9.440118824647953,0.0023921311144928306
cnv_depth__IBNLCO_02953__NAD(P)-dependent__CDS,9.43691379914429,0.0023961399683210777
cnv_depth__IBNLCO_01020__gnl|Bakta|IBNLCO_01020__CDS,9.421373961032373,0.0024156749155064996
cnv_depth__IBNLCO_00976__Argininosuccinate__CDS,9.413602383437812,0.0024255055203308094
cnv_depth__IBNLCO_01354__gnl|Bakta|IBNLCO_01354__CDS,9.413426728577052,0.0024257281861805213
cnv_depth__IBNLCO_03796__hypothetical__CDS__promoter,9.412311682348658,0.002427142143118659
cnv_depth__IBNLCO_01111__mabA__gene,9.399551447266923,0.0024433831882809064
cnv_depth__IBNLCO_05713__IBNLCO_05713__gene,9.398385970862819,0.0024448721210014045
cnv_depth__IBNLCO_01308__IBNLCO_01308__gene__promoter,9.396626484038125,0.002447121679568132
cnv_depth__IBNLCO_02933__IBNLCO_02933__gene__promoter,9.395488051131963,0.002448578329758753
cnv_depth__IBNLCO_01152__Small__CDS,9.391752980740167,0.0024533636685996696
cnv_depth__IBNLCO_01479__IBNLCO_01479__gene,9.390390191915277,0.0024551120431977958
cnv_depth__IBNLCO_00478__IBNLCO_00478__gene,9.388226970331512,0.0024578899424074724
cnv_depth__IBNLCO_00216__Stress__CDS,9.386348585741096,0.002460304677105742
cnv_depth__IBNLCO_01499__Phenylalanine--tRNA__CDS,9.382502204695582,0.0024652569233438535
cnv_depth__IBNLCO_05512__AB__CDS,9.374870459948232,0.002475113073597535
cnv_depth__IBNLCO_02046__histidine__CDS,9.371014129669588,0.0024801087242577943
cnv_depth__IBNLCO_04306__hypothetical__CDS__promoter,9.37042084639593,0.0024808782033352793
cnv_depth__IBNLCO_04992__Type__CDS__promoter,9.365507141587063,0.00248726059890526
cnv_depth__IBNLCO_05112__hrpB7__gene__promoter,9.363997526010758,0.0024892248057421357
cnv_depth__IBNLCO_03965__2-aminoethylphosphonate--pyruvate__CDS,9.35556033799079,0.002500231951329129
cnv_depth__IBNLCO_04065__LysR-family__CDS,9.351296784767989,0.002505813108742584
cnv_depth__IBNLCO_02439__IBNLCO_02439__gene__promoter,9.34369864236935,0.002515790999088177
cnv_depth__IBNLCO_04615__Major__CDS,9.341161757606413,0.002519131485428505
cnv_depth__IBNLCO_04179__IBNLCO_04179__gene__promoter,9.341100363275018,0.0025192123836915332
cnv_depth__IBNLCO_04098__Terpene__CDS,9.337192864987134,0.0025243667005658012
cnv_depth__IBNLCO_05220__IBNLCO_05220__gene,9.319334138349461,0.0025480615855130143
cnv_depth__IBNLCO_04593__SnoaL-like__CDS__promoter,9.318010030045484,0.0025498274450102185
cnv_depth__IBNLCO_01706__IBNLCO_01706__gene__promoter,9.316997370138392,0.0025511787953159865
cnv_depth__IBNLCO_05088__phoB__gene__promoter,9.309586682178379,0.002561090367857668
cnv_depth__IBNLCO_04882__Secretion__CDS,9.307529225237786,0.0025638491378829117
cnv_depth__IBNLCO_02858__Lipid/polyisoprenoid-binding__CDS,9.303561313107465,0.002569178160145366
cnv_depth__IBNLCO_04764__3-deoxy-7-phosphoheptulonate__CDS,9.289858971888423,0.0025876681305957356
cnv_depth__IBNLCO_04462__oxdC__gene__promoter,9.289669284318329,0.002587925048947894
cnv_depth__IBNLCO_04356__IBNLCO_04356__gene,9.275147288150208,0.002607671771827442
cnv_depth__IBNLCO_03155__IBNLCO_03155__gene__promoter,9.261187160177844,0.002626799867463219
cnv_depth__IBNLCO_00318__IBNLCO_00318__gene,9.258722464989413,0.00263019186697402
cnv_depth__IBNLCO_00789__TetR__CDS__promoter,9.2578390970892,0.002631408679768165
cnv_depth__IBNLCO_02176__IBNLCO_02176__gene__promoter,9.255775777171737,0.0026342530862545938
cnv_depth__IBNLCO_03837__IBNLCO_03837__gene__promoter,9.251898279680875,0.002639606959093799
cnv_depth__IBNLCO_05042__gnl|Bakta|IBNLCO_05042__CDS__promoter,9.249120480877762,0.0026434492641173413
cnv_depth__IBNLCO_02136__Succinyl-diaminopimelate__CDS__promoter,9.247169955913664,0.002646150688808765
cnv_depth__IBNLCO_04810__IBNLCO_04810__gene__promoter,9.243790395494841,0.0026508379805963477
cnv_depth__IBNLCO_02113__fabZ__gene,9.23431629554447,0.0026640234721723452
cnv_depth__IBNLCO_05288__histidine__CDS__promoter,9.232007449475168,0.002667246949026185
cnv_depth__IBNLCO_01779__IBNLCO_01779__gene,9.231111185869299,0.002668499335720188
cnv_depth__IBNLCO_02972__Biotin__CDS__promoter,9.219424650981937,0.0026848846249830924
cnv_depth__IBNLCO_02078__DUF1993__CDS__promoter,9.216144324423226,0.0026895023433905585
cnv_depth__IBNLCO_00465__Methyl-accepting__CDS,9.21553779171899,0.002690357050145159
cnv_depth__IBNLCO_03749__bepF__gene__promoter,9.211901078944743,0.002695487625862121
cnv_depth__IBNLCO_02647__IBNLCO_02647__gene__promoter,9.210621927898645,0.0026972945974733428
cnv_depth__IBNLCO_02819__Deaminated__CDS__promoter,9.21031515273397,0.002697728142668616
cnv_depth__IBNLCO_02932__Ureidoglycolate__CDS,9.20850221105188,0.0027002917109259796
cnv_depth__IBNLCO_00807__IBNLCO_00807__gene__promoter,9.204367493420621,0.0027061476917371735
cnv_depth__IBNLCO_00743__IBNLCO_00743__gene__promoter,9.197916572623981,0.0027153100761394995
cnv_depth__IBNLCO_02577__trnS__gene__promoter,9.197591498130235,0.002715772626158412
cnv_depth__IBNLCO_03951__IBNLCO_03951__gene,9.19558261410219,0.0027186328666550944
cnv_depth__IBNLCO_02243__DNA__CDS,9.19456555505009,0.00272008212664805
cnv_depth__IBNLCO_01303__Soluble__CDS,9.191859422370346,0.0027239420879044056
cnv_depth__IBNLCO_05785__IBNLCO_05785__gene,9.179429090872999,0.0027417445732539495
cnv_depth__IBNLCO_02212__IBNLCO_02212__gene,9.175363915806935,0.002747592450729887
cnv_depth__IBNLCO_00100__Histone__CDS__promoter,9.173748212342215,0.002749920233795117
cnv_depth__IBNLCO_04920__Tetratricopeptide__CDS__promoter,9.171311023664542,0.002753435370828886
cnv_depth__IBNLCO_01867__Inosine-5'-monophosphate__CDS__promoter,9.170465534632367,0.0027546558870794637
cnv_depth__IBNLCO_03837__hypothetical__CDS,9.167674581964608,0.002758688734930376
cnv_depth__IBNLCO_04413__IBNLCO_04413__gene,9.167336978567066,0.0027591769719449294
cnv_depth__IBNLCO_01524__Multidrug__CDS__promoter,9.165315245227212,0.0027621026243322957
cnv_depth__IBNLCO_00493__IBNLCO_00493__gene__promoter,9.164527611257583,0.0027632432697413728
cnv_depth__IBNLCO_01245__DUF1223__CDS,9.161124210615858,0.002768177594881007
cnv_depth__IBNLCO_00542__Arabinose__CDS,9.158040060561035,0.0027726568545952553
cnv_depth__IBNLCO_00890__IBNLCO_00890__gene__promoter,9.153756478937717,0.002778890420126589
cnv_depth__IBNLCO_02367__IBNLCO_02367__gene__promoter,9.14901337194667,0.002785809439223494
cnv_depth__IBNLCO_01539__IBNLCO_01539__gene__promoter,9.136498799469509,0.0028041498901029884
cnv_depth__IBNLCO_03776__metI__gene__promoter,9.130042951521899,0.0028136594031817922
cnv_depth__IBNLCO_01148__SLC26A/SulP__CDS,9.129411591309804,0.002814591172270096
cnv_depth__IBNLCO_05643__Zinc-binding__CDS__promoter,9.129011898998083,0.0028151812063543723
cnv_depth__IBNLCO_03863__Glycerophosphoryl__CDS,9.128452339576345,0.0028160074523468706
cnv_depth__IBNLCO_05335__Acetylglutamate__CDS,9.12703567991228,0.002818100403617695
cnv_depth__IBNLCO_01521__IBNLCO_01521__gene,9.12485342005222,0.002821327557749905
cnv_depth__IBNLCO_03151__Thiamine-phosphate__CDS,9.118352395302395,0.0028309638019759645
cnv_depth__IBNLCO_05303__IBNLCO_05303__gene,9.117956949471733,0.0028315510438013452
cnv_depth__IBNLCO_00477__IBNLCO_00477__gene,9.117661493663947,0.0028319898806434267
cnv_depth__IBNLCO_00891__kefA__gene__promoter,9.11730010244382,0.002832526745217947
cnv_depth__IBNLCO_00603__IBNLCO_00603__gene,9.111292915331012,0.002841465997909548
cnv_depth__IBNLCO_05298__IBNLCO_05298__gene__promoter,9.108432742682878,0.00284573234647808
cnv_depth__IBNLCO_01579__trnfM__gene,9.100593708449187,0.002857459020467114
cnv_depth__IBNLCO_02614__IBNLCO_02614__gene__promoter,9.096527693488532,0.0028635609853572374
cnv_depth__IBNLCO_04559__IBNLCO_04559__gene,9.094901290468325,0.002866005501305012
cnv_depth__IBNLCO_04918__hypothetical__CDS__promoter,9.088519049966248,0.0028756187984078146
cnv_depth__IBNLCO_02650__IBNLCO_02650__gene__promoter,9.078523190484027,0.002890741539325443
cnv_depth__IBNLCO_02092__GMP__CDS__promoter,9.076445849515517,0.002893894556884698
cnv_depth__IBNLCO_00105__Tlde1__CDS__promoter,9.076344864653434,0.002894047922868876
cnv_depth__IBNLCO_02992__IBNLCO_02992__gene__promoter,9.072076156831885,0.002900538438643698
cnv_depth__IBNLCO_01129__IBNLCO_01129__gene__promoter,9.070756253587245,0.0029025483502809245
cnv_depth__IBNLCO_01483__3-oxoacid__CDS__promoter,9.070267668907034,0.0029032927149605127
cnv_depth__IBNLCO_05774__hypothetical__CDS,9.066400891072512,0.002909190697707484
cnv_depth__IBNLCO_02681__yybR__gene__promoter,9.06385691618445,0.002913077703966395
cnv_depth__IBNLCO_05139__IBNLCO_05139__gene__promoter,9.047369565651625,0.0029383984237954484
cnv_depth__IBNLCO_02697__IBNLCO_02697__gene__promoter,9.042720430658925,0.002945579068011173
cnv_depth__IBNLCO_01241__hypothetical__CDS,9.040910631221625,0.0029483791818136376
cnv_depth__IBNLCO_01319__Phosphate__CDS,9.040589282353963,0.0029488766562971616
cnv_depth__IBNLCO_00527__Outer-membrane__CDS__promoter,9.039129732247543,0.0029511372420459496
cnv_depth__IBNLCO_01691__IBNLCO_01691__gene,9.035221268689483,0.0029571995064801774
cnv_depth__IBNLCO_05279__Phosphatidic__CDS__promoter,9.027555156371935,0.0029691271799324385
cnv_depth__IBNLCO_02239__gnl|Bakta|IBNLCO_02239__CDS__promoter,9.024427717466763,0.0029740072894012815
cnv_depth__IBNLCO_05055__IBNLCO_05055__gene,9.017784471444484,0.0029844008014674015
cnv_depth__IBNLCO_00517__hypothetical__CDS,9.017755913660652,0.0029844455609926625
cnv_depth__IBNLCO_05083__pilO__gene,9.016422734357079,0.002986535860837052
cnv_depth__IBNLCO_04251__3-(3-hydroxy-phenyl)propionate__CDS__promoter,9.012728823062632,0.002992335403023234
cnv_depth__IBNLCO_02955__araG__gene,9.011576100428536,0.002994147569570887
cnv_depth__IBNLCO_01036__Copper__CDS,9.011177278072225,0.002994774809948811
cnv_depth__IBNLCO_05644__IBNLCO_05644__gene,9.010748399072352,0.0029954494715244123
cnv_depth__IBNLCO_05511__IBNLCO_05511__gene__promoter,9.010134426601239,0.002996415571138657
cnv_depth__IBNLCO_03000__pilD__gene__promoter,9.006321582126008,0.0030024223172744283
cnv_depth__IBNLCO_00725__Two-component__CDS__promoter,9.003373855515836,0.0030070746107183316
cnv_depth__IBNLCO_00408__IBNLCO_00408__gene,9.003085720429057,0.003007529760158709
cnv_depth__IBNLCO_04281__IBNLCO_04281__gene,9.0014978000799,0.0030100393674072647
cnv_depth__IBNLCO_02063__Transcriptional__CDS,8.999441491938699,0.00301329241927583
cnv_depth__IBNLCO_02438__IBNLCO_02438__gene__promoter,8.977586995686464,0.003048089261009545
cnv_depth__IBNLCO_05217__IBNLCO_05217__gene__promoter,8.975389978187044,0.003051610055194476
cnv_depth__IBNLCO_01372__DNA-binding__CDS__promoter,8.974529525120039,0.0030529900950160586
cnv_depth__IBNLCO_02015__Insertion__CDS,8.9739488800404,0.003053921725317718
cnv_depth__IBNLCO_02641__hypothetical__CDS,8.973807815365603,0.0030541481039727146
cnv_depth__IBNLCO_03803__IBNLCO_03803__gene,8.97087345966228,0.00305886101728158
cnv_depth__IBNLCO_05276__IBNLCO_05276__gene,8.970692715784608,0.0030591515562112715
cnv_depth__IBNLCO_04314__Universal__CDS,8.963384985046718,0.0030709221627746885
cnv_depth__IBNLCO_00854__3-deoxy-manno-octulosonate__CDS,8.96160289834383,0.003073799610129029
cnv_depth__IBNLCO_02067__IBNLCO_02067__gene,8.959876803521144,0.0030765892831464236
cnv_depth__IBNLCO_02098__eamA__gene,8.953454515249552,0.003086991627323151
cnv_depth__IBNLCO_00799__IBNLCO_00799__gene,8.953103073538054,0.0030875619050601782
cnv_depth__IBNLCO_05464__IBNLCO_05464__gene,8.951210470072187,0.003090634852418435
cnv_depth__IBNLCO_02435__Pseudouridine__CDS,8.950151541453282,0.0030923555606727753
cnv_depth__IBNLCO_05311__HTH__CDS,8.949592302559555,0.0030932646930235848
cnv_depth__IBNLCO_04090__IBNLCO_04090__gene__promoter,8.948044669129168,0.0030957820464428327
cnv_depth__IBNLCO_05404__IBNLCO_05404__gene,8.946107237673633,0.003098936396759027
cnv_depth__IBNLCO_05345__AI-2E__CDS__promoter,8.945709419838897,0.003099584495017994
cnv_depth__IBNLCO_05360__Isonitrile__CDS,8.940792163938381,0.0031076068343157343
cnv_depth__IBNLCO_02330__Deoxyribodipyrimidine__CDS__promoter,8.93974018556091,0.003109325862138437
cnv_depth__IBNLCO_05761__gnl|Bakta|IBNLCO_05761__CDS__promoter,8.935710113831027,0.0031159203828364326
cnv_depth__IBNLCO_04596__IBNLCO_04596__gene__promoter,8.930984663968081,0.0031236710227685836
cnv_depth__IBNLCO_02291__IBNLCO_02291__gene,8.928078627880213,0.0031284472815222915
cnv_depth__IBNLCO_00587__IBNLCO_00587__gene__promoter,8.927896186805055,0.0031287473847312216
cnv_depth__IBNLCO_05052__tauC__gene__promoter,8.926977022180775,0.0031302597969048813
cnv_depth__IBNLCO_05032__bprP__gene__promoter,8.92458506522412,0.003134199082977611
cnv_depth__IBNLCO_00599__zraR__gene__promoter,8.919415097864604,0.0031427308023146516
cnv_depth__IBNLCO_01178__IBNLCO_01178__gene__promoter,8.91581015992768,0.003148693913469111
cnv_depth__IBNLCO_00958__Light-independent__CDS__promoter,8.912694492590603,0.0031538570350702682
cnv_depth__IBNLCO_03380__FAD__CDS__promoter,8.912222610012705,0.003154639770249612
cnv_depth__IBNLCO_02000__msrB__gene,8.91111400674824,0.0031564794488862435
cnv_depth__IBNLCO_05137__IBNLCO_05137__gene,8.908687976519952,0.0031605091752832846
cnv_depth__IBNLCO_04804__IBNLCO_04804__gene,8.904271583582249,0.003167858503736548
cnv_depth__IBNLCO_04246__hypothetical__CDS__promoter,8.902409321079888,0.00317096274428024
cnv_depth__IBNLCO_04606__Hydrogenase-4__CDS__promoter,8.900691785653038,0.0031738284990424043
cnv_depth__IBNLCO_03710__dhaL__gene__promoter,8.899671633520112,0.0031755319066441795
cnv_depth__IBNLCO_00419__IBNLCO_00419__gene__promoter,8.897110246843324,0.0031798129329164673
cnv_depth__IBNLCO_03286__hypothetical__CDS__promoter,8.889880958108265,0.0031919276768011436
cnv_depth__IBNLCO_03267__IBNLCO_03267__gene,8.883644574950415,0.003202416511384873
cnv_depth__IBNLCO_01031__gnl|Bakta|IBNLCO_01031__CDS__promoter,8.862780818296553,0.003237764203419081
cnv_depth__IBNLCO_04696__ugpC__gene__promoter,8.857806818544455,0.0032462500841902568
cnv_depth__IBNLCO_00643__IBNLCO_00643__gene,8.84838634574233,0.003262384366251557
cnv_depth__IBNLCO_03178__IBNLCO_03178__gene__promoter,8.847177840969124,0.003264460089739935
cnv_depth__IBNLCO_03717__IBNLCO_03717__gene,8.845048977935265,0.003268119909483454
cnv_depth__IBNLCO_05462__Beta-lactoglobulin__CDS__promoter,8.838761751261027,0.0032789531132005217
cnv_depth__IBNLCO_01665__hypothetical__CDS__promoter,8.836545868855952,0.003282779952260406
cnv_depth__IBNLCO_02173__Enoyl-[acyl-carrier-protein]__CDS,8.834242911391756,0.00328676202035083
cnv_depth__IBNLCO_02835__phnK__gene__promoter,8.828575358924397,0.003296582937805336
cnv_depth__IBNLCO_00559__IBNLCO_00559__gene__promoter,8.828138235390815,0.0032973416474744413
cnv_depth__IBNLCO_02769__gnl|Bakta|IBNLCO_02769__CDS__promoter,8.827877125667385,0.003297794937608469
cnv_depth__IBNLCO_00736__IBNLCO_00736__gene__promoter,8.825617256122648,0.003301720771625083
cnv_depth__IBNLCO_03668__IBNLCO_03668__gene,8.824700474006693,0.0033033147660754747
cnv_depth__IBNLCO_02135__yffB__gene__promoter,8.823003047397307,0.003306268136623728
cnv_depth__IBNLCO_04824__IBNLCO_04824__gene__promoter,8.820883996243271,0.0033099588939340023
cnv_depth__IBNLCO_02140__ABC__CDS,8.816200384187844,0.003318131339421227
cnv_depth__IBNLCO_01547__hypothetical__CDS,8.810303405179036,0.0033284504065269564
cnv_depth__IBNLCO_01459__Methyl-accepting__CDS__promoter,8.808992450269049,0.003330748898558643
cnv_depth__IBNLCO_01295__IBNLCO_01295__gene__promoter,8.803189112166656,0.0033409434223164703
cnv_depth__IBNLCO_00231__flhB__gene,8.797752522107086,0.0033505227011719897
cnv_depth__IBNLCO_03395__hypothetical__CDS__promoter,8.795782579910663,0.003354000685272611
cnv_depth__IBNLCO_05594__Type__CDS,8.793906148351311,0.003357317014494441
cnv_depth__IBNLCO_04083__Macrolide__CDS,8.791214955824767,0.003362079186181745
cnv_depth__IBNLCO_03889__IBNLCO_03889__gene__promoter,8.789922997402138,0.0033643678165246236
cnv_depth__IBNLCO_02208__Acetyl-coenzyme__CDS,8.78850493863625,0.003366881664401788
cnv_depth__IBNLCO_03948__hypothetical__CDS,8.787150706252866,0.003369284161728948
cnv_depth__IBNLCO_02096__IBNLCO_02096__gene,8.786916427856715,0.003369699965239813
cnv_depth__IBNLCO_00104__Membrane__CDS__promoter,8.779821264596865,0.0033823175939625863
cnv_depth__IBNLCO_04257__lsrC__gene__promoter,8.766750885651101,0.0034056881087534394
cnv_depth__IBNLCO_01926__IBNLCO_01926__gene,8.765243140556768,0.0034083946609195152
cnv_depth__IBNLCO_05000__bprB__gene,8.756660396289108,0.003423843586132895
cnv_depth__IBNLCO_00317__IBNLCO_00317__gene,8.749355926317083,0.0034370481438303667
cnv_depth__IBNLCO_01862__IBNLCO_01862__gene__promoter,8.744926793377928,0.003445080258229282
cnv_depth__IBNLCO_04834__IBNLCO_04834__gene,8.744627003681764,0.003445624613515358
cnv_depth__IBNLCO_03606__asparagine__CDS,8.740247740401768,0.0034535864958009825
cnv_depth__IBNLCO_05523__IBNLCO_05523__gene,8.739705220449705,0.0034545741562288707
cnv_depth__IBNLCO_01484__3-oxoadipate__CDS__promoter,8.735694991553846,0.0034618837840078263
cnv_depth__IBNLCO_05614__lysR__gene__promoter,8.735324686314803,0.0034625595553369752
cnv_depth__IBNLCO_03777__Dibenzothiophene__CDS__promoter,8.734280051113576,0.003464466642581028
cnv_depth__IBNLCO_01920__ybaB__gene,8.727572822366815,0.003476737042228799
cnv_depth__IBNLCO_00914__copC__gene,8.719821027083167,0.0034909739098377677
cnv_depth__IBNLCO_01362__IBNLCO_01362__gene__promoter,8.718589016614732,0.003493242104904027
cnv_depth__IBNLCO_03833__LysR__CDS__promoter,8.717460910869356,0.003495320330859903
cnv_depth__IBNLCO_02607__gnl|Bakta|IBNLCO_02607__CDS,8.716396948783498,0.0034972815509858868
cnv_depth__IBNLCO_01069__IBNLCO_01069__gene,8.711340796406278,0.0035066170747203385
cnv_depth__IBNLCO_05206__FAD__CDS,8.709909635975164,0.003509264160822052
cnv_depth__IBNLCO_03952__gnl|Bakta|IBNLCO_03952__CDS,8.709478123293785,0.0035100626920576364
cnv_depth__IBNLCO_04789__eamA__gene,8.706916472357838,0.003514806964519815
cnv_depth__IBNLCO_01972__IBNLCO_01972__gene__promoter,8.704140646172133,0.003519955318505094
cnv_depth__IBNLCO_00739__IBNLCO_00739__gene__promoter,8.700315801035384,0.003527061966019263
cnv_depth__IBNLCO_00013__IBNLCO_00013__gene,8.698397193254758,0.0035306323196143993
cnv_depth__IBNLCO_03098__Type__CDS,8.696112055067859,0.0035348895873243097
cnv_depth__IBNLCO_04968__Copper-containing__CDS__promoter,8.692058452722573,0.0035424544979448234
cnv_depth__IBNLCO_01720__Porin__CDS__promoter,8.68813446848665,0.0035497933215628895
cnv_depth__IBNLCO_01105__hypothetical__CDS__promoter,8.685403883743973,0.0035549093869105715
cnv_depth__IBNLCO_04312__UDP-glucose__CDS,8.677948632709212,0.003568916185838776
cnv_depth__IBNLCO_01462__hypothetical__CDS__promoter,8.669707524230198,0.0035844652927778478
cnv_depth__IBNLCO_04681__SDR__CDS__promoter,8.665723637535878,0.003592006870038993
cnv_depth__IBNLCO_04222__IBNLCO_04222__gene__promoter,8.659791235211058,0.0036032671854381894
cnv_depth__IBNLCO_00697__IBNLCO_00697__gene__promoter,8.656270065963026,0.0036099678383721984
cnv_depth__IBNLCO_01485__2%2C3-dihydro-2%2C3-dihydroxybenzoate__CDS__promoter,8.645533177758194,0.0036304787086277692
cnv_depth__IBNLCO_00966__IBNLCO_00966__gene__promoter,8.639760126171193,0.0036415564261561874
cnv_depth__IBNLCO_00876__IBNLCO_00876__gene__promoter,8.639746741246444,0.003641582150272878
cnv_depth__IBNLCO_03816__Transcriptional__CDS__promoter,8.634553281059869,0.003651577391738102
cnv_depth__IBNLCO_00985__Bifunctional__CDS__promoter,8.63403322360587,0.0036525798332116607
cnv_depth__IBNLCO_00276__ycgR__gene,8.62435014403873,0.0036712961635546847
cnv_depth__IBNLCO_00785__DegQ__CDS,8.6237983169493,0.0036723657417269237
cnv_depth__IBNLCO_04409__DUF2780__CDS,8.620067344338633,0.003679605682310265
cnv_depth__IBNLCO_04710__hypothetical__CDS,8.619528000930487,0.0036806534865324128
cnv_depth__IBNLCO_01938__Molybdopterin__CDS__promoter,8.617414288878289,0.003684762830031569
cnv_depth__IBNLCO_00558__IBNLCO_00558__gene,8.611944103405971,0.0036954194684852082
cnv_depth__IBNLCO_00547__Formyltetrahydrofolate__CDS,8.602251251096046,0.003714380090070073
cnv_depth__IBNLCO_05576__CBM6__CDS,8.592060768751919,0.003734421738142818
cnv_depth__IBNLCO_00481__IBNLCO_00481__gene,8.587661948350865,0.003743107140659117
cnv_depth__IBNLCO_02739__IBNLCO_02739__gene__promoter,8.587343370665854,0.0037437369711885043
cnv_depth__IBNLCO_03178__IBNLCO_03178__gene,8.586707313319174,0.0037449947865479233
cnv_depth__IBNLCO_01507__IBNLCO_01507__gene__promoter,8.584211507959495,0.0037499344762771092
cnv_depth__IBNLCO_04526__Iron__CDS,8.571576459564142,0.0037750444479144442
cnv_depth__IBNLCO_02071__IBNLCO_02071__gene,8.568214353715689,0.0037817550505600595
cnv_depth__IBNLCO_03278__IBNLCO_03278__gene__promoter,8.56449980783778,0.0037891833318553655
cnv_depth__IBNLCO_04517__IBNLCO_04517__gene__promoter,8.562851150183302,0.0037924850801959106
cnv_depth__IBNLCO_02202__IBNLCO_02202__gene__promoter,8.556419344418156,0.0038053942187191037
cnv_depth__IBNLCO_00354__Sulfate-binding__CDS__promoter,8.556222613816185,0.0038057897819461046
cnv_depth__IBNLCO_00558__IBNLCO_00558__gene__promoter,8.545749710384749,0.003826908478417076
cnv_depth__IBNLCO_04755__gnl|Bakta|IBNLCO_04755__CDS__promoter,8.545444206893336,0.003827526329648684
cnv_depth__IBNLCO_04962__hypothetical__CDS__promoter,8.542945277881513,0.0038325840139423746
cnv_depth__IBNLCO_01411__luxR__gene,8.541028428133263,0.0038364682491386242
cnv_depth__IBNLCO_04112__IBNLCO_04112__gene__promoter,8.538863266199948,0.0038408605111300356
cnv_depth__IBNLCO_00290__IBNLCO_00290__gene,8.538498223262545,0.0038416015475642444
cnv_depth__IBNLCO_04787__IBNLCO_04787__gene__promoter,8.528991964152352,0.0038609509506951616
cnv_depth__IBNLCO_00740__IBNLCO_00740__gene__promoter,8.526466648848775,0.0038661078574819705
cnv_depth__IBNLCO_00088__yaeQ__gene,8.519666087750489,0.0038800303328578208
cnv_depth__IBNLCO_04029__IBNLCO_04029__gene__promoter,8.518421321147002,0.003882584248462216
cnv_depth__IBNLCO_01003__Two-component__CDS,8.517228214230267,0.00388503379103013
cnv_depth__IBNLCO_04589__IBNLCO_04589__gene__promoter,8.515275700517991,0.0038890458756144957
cnv_depth__IBNLCO_01174__IBNLCO_01174__gene__promoter,8.509475909896867,0.003900988539773393
cnv_depth__IBNLCO_01403__lysR__gene__promoter,8.503792508991177,0.003912728032289185
cnv_depth__IBNLCO_01147__2-isopropylmalate__CDS__promoter,8.50282052359231,0.003914739366887901
cnv_depth__IBNLCO_05510__prnD__gene__promoter,8.500735601278144,0.0039190572856677855
cnv_depth__IBNLCO_04973__IBNLCO_04973__gene,8.486884990470516,0.00394786649277035
cnv_depth__IBNLCO_02586__ugpC__gene__promoter,8.486200468372788,0.003949295916050763
cnv_depth__IBNLCO_01745__doxX__gene,8.485945197634027,0.003949829109879185
cnv_depth__IBNLCO_05441__IBNLCO_05441__gene__promoter,8.4781583585455,0.003966129311034088
cnv_depth__IBNLCO_05213__IBNLCO_05213__gene__promoter,8.475035115602177,0.003972686573240326
cnv_depth__IBNLCO_02926__IBNLCO_02926__gene__promoter,8.472009700059855,0.0039790490502792306
cnv_depth__IBNLCO_02204__IBNLCO_02204__gene,8.469570428381623,0.0039841864719471
cnv_depth__IBNLCO_02329__Adenylyl-sulfate__CDS__promoter,8.466706305104534,0.003990227371943365
cnv_depth__IBNLCO_05226__IBNLCO_05226__gene__promoter,8.454275036189857,0.004016556021417016
cnv_depth__IBNLCO_05454__IBNLCO_05454__gene,8.453426084301661,0.004018360536251479
cnv_depth__IBNLCO_02584__IBNLCO_02584__gene,8.452456407022344,0.004020422680027823
cnv_depth__IBNLCO_02384__IBNLCO_02384__gene__promoter,8.449245170532581,0.004027259542389451
cnv_depth__IBNLCO_03852__hypothetical__CDS,8.447466632521264,0.004031051258283907
cnv_depth__IBNLCO_02582__DNA__CDS__promoter,8.445474366936141,0.0040353029752387935
cnv_depth__IBNLCO_04556__IBNLCO_04556__gene__promoter,8.441922774409498,0.004042893884169277
cnv_depth__IBNLCO_00941__EVE__CDS,8.440889005821857,0.00404510613538762
cnv_depth__IBNLCO_03616__Type__CDS__promoter,8.437652453281741,0.004052040349276181
cnv_depth__IBNLCO_04984__tssG__gene__promoter,8.43599668317306,0.004055592499495038
cnv_depth__IBNLCO_00215__IBNLCO_00215__gene,8.435771591273232,0.004056075639365638
cnv_depth__IBNLCO_01537__IBNLCO_01537__gene__promoter,8.435419816708722,0.004056830810629858
cnv_depth__IBNLCO_00441__moeB__gene,8.43258521969339,0.004062921241986419
cnv_depth__IBNLCO_02783__wcbH__gene__promoter,8.43238324443197,0.004063355565030736
cnv_depth__IBNLCO_02502__Lipopolysaccharide__CDS,8.426946854781859,0.004075063767344518
cnv_depth__IBNLCO_01264__Transcriptional__CDS,8.421310841444136,0.004087238438430898
cnv_depth__IBNLCO_00287__IBNLCO_00287__gene__promoter,8.41565245854767,0.004099498973713558
cnv_depth__IBNLCO_00556__IBNLCO_00556__gene__promoter,8.408748206634924,0.004114510173027119
cnv_depth__IBNLCO_01939__Molybdopterin__CDS__promoter,8.406975026031821,0.004118374509697689
cnv_depth__IBNLCO_04168__IBNLCO_04168__gene,8.405921950173905,0.004120671266392847
cnv_depth__IBNLCO_03604__IBNLCO_03604__gene,8.397172917153352,0.004139803780468735
cnv_depth__IBNLCO_04905__Choline__CDS,8.396425819992048,0.004141441761577647
cnv_depth__IBNLCO_04419__Short-chain__CDS,8.386921600650208,0.004162337521567879
cnv_depth__IBNLCO_02326__4'-phosphopantetheinyl__CDS__promoter,8.384003100690435,0.004168775754764975
cnv_depth__IBNLCO_00521__IBNLCO_00521__gene,8.383854340954349,0.00416910419343877
cnv_depth__IBNLCO_02928__Biopolymer__CDS__promoter,8.382870157248353,0.004171277789068739
cnv_depth__IBNLCO_05020__bsaR__gene__promoter,8.38258759489272,0.004171902050286265
cnv_depth__IBNLCO_02633__Urea__CDS,8.375812805321145,0.004186898239496189
cnv_depth__IBNLCO_00657__IBNLCO_00657__gene,8.370760961035476,0.00419811663241757
cnv_depth__IBNLCO_02056__Penicillin-binding__CDS__promoter,8.367873382246554,0.004204542791575116
cnv_depth__IBNLCO_05729__IBNLCO_05729__gene__promoter,8.367238228651255,0.0042059576472364725
cnv_depth__IBNLCO_02488__IBNLCO_02488__gene,8.366511929826148,0.00420757613497265
cnv_depth__IBNLCO_02527__IBNLCO_02527__gene__promoter,8.364136756500944,0.00421287344615457
cnv_depth__IBNLCO_02298__CAIB/BAIF__CDS__promoter,8.361085411567553,0.004219688856976264
cnv_depth__IBNLCO_05599__IBNLCO_05599__gene,8.35689244393074,0.004229072628887308
cnv_depth__IBNLCO_01914__rpoS__gene__promoter,8.353302270843399,0.004237124375705763
cnv_depth__IBNLCO_04814__hypothetical__CDS__promoter,8.3527280921506,0.004238413555120053
cnv_depth__IBNLCO_01205__Peptidase__CDS__promoter,8.352715933252805,0.004238440859336577
cnv_depth__IBNLCO_05687__TadE-like__CDS__promoter,8.350534704547318,0.004243341983419393
cnv_depth__IBNLCO_04671__DUF2875__CDS,8.34641151459385,0.004252622501968159
cnv_depth__IBNLCO_04332__rihB__gene,8.345598438968285,0.00425445503826898
cnv_depth__IBNLCO_03714__IBNLCO_03714__gene,8.34247556045012,0.004261501020250715
cnv_depth__IBNLCO_05488__Calcineurin-like__CDS,8.338467495151718,0.004270561752511978
cnv_depth__IBNLCO_01498__IBNLCO_01498__gene,8.337518256874255,0.004272710518231086
cnv_depth__IBNLCO_04718__IBNLCO_04718__gene,8.336604339131606,0.004274780378153492
cnv_depth__IBNLCO_04402__hypothetical__CDS,8.334350531635172,0.004279889247299014
cnv_depth__IBNLCO_02327__Hydrolase__CDS__promoter,8.329007827180066,0.004292024990705817
cnv_depth__IBNLCO_02714__araC__gene__promoter,8.322954097612508,0.004305818485628587
cnv_depth__IBNLCO_05375__MaoC-like__CDS__promoter,8.317467979851289,0.004318357964530053
cnv_depth__IBNLCO_02878__IBNLCO_02878__gene__promoter,8.313495132642124,0.004327461991780555
cnv_depth__IBNLCO_02571__hypothetical__CDS__promoter,8.311495895331365,0.004332050816902614
cnv_depth__IBNLCO_00943__zapA__gene__promoter,8.299471953324513,0.004359754763456131
cnv_depth__IBNLCO_00424__Cation/acetate__CDS,8.295395583832459,0.0043691882035078265
cnv_depth__IBNLCO_00984__Porphobilinogen__CDS__promoter,8.290570890892047,0.004380380473362436
cnv_depth__IBNLCO_03006__argJ__gene__promoter,8.286818227595424,0.004389106203366255
cnv_depth__IBNLCO_05039__L-lactate__CDS__promoter,8.279898221698957,0.004405243481822494
cnv_depth__IBNLCO_02916__Adenylosuccinate__CDS__promoter,8.279151510507424,0.004406988429772292
cnv_depth__IBNLCO_02984__Cytochrome__CDS,8.278919493609978,0.004407530761639615
cnv_depth__IBNLCO_04910__Transcriptional__CDS,8.278547686442955,0.004408399991516464
cnv_depth__IBNLCO_01664__fhuB__gene,8.278115467562476,0.004409410676162025
cnv_depth__IBNLCO_05172__IBNLCO_05172__gene,8.275108725178184,0.004416448116648841
cnv_depth__IBNLCO_05230__Spermidine/putrescine__CDS__promoter,8.27438058016544,0.004418154112131289
cnv_depth__IBNLCO_05642__Succinyl-CoA--L-malate__CDS__promoter,8.270987486357638,0.004426112830633349
cnv_depth__IBNLCO_01345__tRNA-Arg(tct)__tRNA,8.255982345603426,0.0044614851724936585
cnv_depth__IBNLCO_00795__IBNLCO_00795__gene,8.254504629694921,0.004464984322557978
cnv_depth__IBNLCO_00975__Phosphoglycolate__CDS__promoter,8.250420791244863,0.004474669285770471
cnv_depth__IBNLCO_05327__Polysaccharide__CDS,8.245666932607612,0.004485970391795461
cnv_depth__IBNLCO_01877__IBNLCO_01877__gene__promoter,8.244038454629436,0.004489848423476572
cnv_depth__IBNLCO_05100__IBNLCO_05100__gene__promoter,8.243474942376709,0.004491191163969689
cnv_depth__IBNLCO_04081__IBNLCO_04081__gene__promoter,8.240386263009427,0.004498558213673848
cnv_depth__IBNLCO_00965__hypothetical__CDS__promoter,8.232148613332699,0.0045182671976624535
cnv_depth__IBNLCO_04867__IBNLCO_04867__gene__promoter,8.230034780624024,0.004523338923870505
cnv_depth__IBNLCO_02274__IBNLCO_02274__gene,8.229471265658779,0.0045246919537158675
cnv_depth__IBNLCO_04951__HTH-type__CDS,8.227678684971167,0.004528998800368906
cnv_depth__IBNLCO_00690__IBNLCO_00690__gene__promoter,8.209435765449435,0.004573069258111935
cnv_depth__IBNLCO_03855__IBNLCO_03855__gene__promoter,8.208869884867527,0.004574443306702863
cnv_depth__IBNLCO_04901__Hydroxypyruvate__CDS,8.208160894551447,0.004576165446851371
cnv_depth__IBNLCO_02716__IBNLCO_02716__gene,8.206992832583673,0.004579004125548823
cnv_depth__IBNLCO_01070__gnl|Bakta|IBNLCO_01070__CDS__promoter,8.206811906307292,0.004579443982700118
cnv_depth__IBNLCO_03946__IBNLCO_03946__gene,8.2028740068435,0.004589028323151676
cnv_depth__IBNLCO_05276__IBNLCO_05276__gene__promoter,8.200031350575044,0.004595959779770489
cnv_depth__IBNLCO_00887__Isoleucine--tRNA__CDS__promoter,8.19480561121808,0.004608730138792622
cnv_depth__IBNLCO_00751__gspH__gene,8.189774873403493,0.004621058383349243
cnv_depth__IBNLCO_01480__hypothetical__CDS__promoter,8.189589032416281,0.004621514450217623
cnv_depth__IBNLCO_02265__IBNLCO_02265__gene,8.186398656938836,0.004629351066960151
cnv_depth__IBNLCO_04015__betX__gene,8.182080427614592,0.0046399798023699
cnv_depth__IBNLCO_00217__hypothetical__CDS__promoter,8.181113061593297,0.004642364275796057
cnv_depth__IBNLCO_04908__IBNLCO_04908__gene__promoter,8.1807872968945,0.004643167540708634
cnv_depth__IBNLCO_03286__IBNLCO_03286__gene,8.18017916466324,0.004644667444441105
cnv_depth__IBNLCO_04429__IBNLCO_04429__gene__promoter,8.177820043376048,0.00465049071584857
cnv_depth__IBNLCO_04756__Outer__CDS,8.176897741574802,0.004652769369800576
cnv_depth__IBNLCO_05595__OmpA-like__CDS__promoter,8.172603652578617,0.004663393519977453
cnv_depth__IBNLCO_03764__IBNLCO_03764__gene,8.167172201047169,0.00467686734607485
cnv_depth__IBNLCO_01417__IBNLCO_01417__gene__promoter,8.159326708375794,0.00469640030304268
cnv_depth__IBNLCO_00105__Tlde1__CDS,8.15805414946159,0.004699576485298839
cnv_depth__IBNLCO_00093__DNA-3-methyladenine__CDS__promoter,8.157904521180495,0.004699950087708517
cnv_depth__IBNLCO_01976__IBNLCO_01976__gene,8.15561640643746,0.004705667013980661
cnv_depth__IBNLCO_02052__IBNLCO_02052__gene__promoter,8.152994364301534,0.004712227048973809
cnv_depth__IBNLCO_03063__IBNLCO_03063__gene__promoter,8.144089731266504,0.004734575557331184
cnv_depth__IBNLCO_02365__Succinylglutamate__CDS,8.140441197126428,0.004743763916372068
cnv_depth__IBNLCO_01075__IBNLCO_01075__gene,8.138799488454751,0.004747904317838292
cnv_depth__IBNLCO_05816__Oxygen__CDS__promoter,8.13502331630509,0.004757441942857785
cnv_depth__IBNLCO_05677__IBNLCO_05677__gene,8.133334644806645,0.0047617134506038085
cnv_depth__IBNLCO_01979__mscS__gene__promoter,8.130060894701717,0.004770005649480993
cnv_depth__IBNLCO_03967__phosphoenolpyruvate__CDS,8.124839182689174,0.004783262613636809
cnv_depth__IBNLCO_04614__hypothetical__CDS__promoter,8.122667585361016,0.004788787033303793
cnv_depth__IBNLCO_04054__PepSY__CDS__promoter,8.119018291322416,0.004798085391153523
cnv_depth__IBNLCO_04163__Porin__CDS__promoter,8.1168558945933,0.004803603898914307
cnv_depth__IBNLCO_03607__NADPH2:quinone__CDS__promoter,8.108387083522912,0.004825279414688468
cnv_depth__IBNLCO_05444__IBNLCO_05444__gene,8.106869499673937,0.0048291741980992075
cnv_depth__IBNLCO_02876__Glutathione__CDS,8.104800130271276,0.00483449030801582
cnv_depth__IBNLCO_05674__IBNLCO_05674__gene__promoter,8.099346198974994,0.004848530007386113
cnv_depth__IBNLCO_00394__PNPLA__CDS,8.091335370420078,0.004869227727411905
cnv_depth__IBNLCO_02309__IBNLCO_02309__gene,8.089178647213734,0.004874815580867144
cnv_depth__IBNLCO_03528__IBNLCO_03528__gene,8.088968475478067,0.004875360466814918
cnv_depth__IBNLCO_04823__IBNLCO_04823__gene__promoter,8.085235261293565,0.004885049534758812
cnv_depth__IBNLCO_04101__Glutathione__CDS,8.083246236168666,0.00489021986214677
cnv_depth__IBNLCO_00200__dksA__gene__promoter,8.080207443502326,0.004898129840057939
cnv_depth__IBNLCO_00825__gnl|Bakta|IBNLCO_00825__CDS,8.077167679332208,0.0049060554950569055
cnv_depth__IBNLCO_02236__IBNLCO_02236__gene,8.075777143437714,0.0049096854648074464
cnv_depth__IBNLCO_02593__Cystine__CDS,8.07240102276832,0.004918510253434047
cnv_depth__IBNLCO_00826__hypothetical__CDS__promoter,8.071586261948525,0.004920642383215285
cnv_depth__IBNLCO_01367__HTH-type__CDS,8.068531619260172,0.004928644466181777
cnv_depth__IBNLCO_00115__Methionyl-tRNA__CDS,8.063971171238222,0.004940616108853031
cnv_depth__IBNLCO_04492__Methyltransferase__CDS__promoter,8.059702320372182,0.004951849344939788
cnv_depth__IBNLCO_02266__IBNLCO_02266__gene__promoter,8.058226622867867,0.004955738657519835
cnv_depth__IBNLCO_02090__IBNLCO_02090__gene__promoter,8.057473241627923,0.004957725460610556
cnv_depth__IBNLCO_01068__HTH__CDS__promoter,8.035035176909526,0.005017275316683853
cnv_depth__IBNLCO_02623__Undecaprenyl-diphosphatase__CDS__promoter,8.034477936279364,0.005018763529564879
cnv_depth__IBNLCO_03144__IBNLCO_03144__gene,8.034185606793148,0.005019544430189024
cnv_depth__IBNLCO_02169__ABC-type__CDS__promoter,8.029022261060904,0.005033357882510517
cnv_depth__IBNLCO_04268__Transcriptional__CDS,8.028345009098166,0.005035172623382922
cnv_depth__IBNLCO_00625__IBNLCO_00625__gene,8.027133433893916,0.005038420795270625
cnv_depth__IBNLCO_01486__hypothetical__CDS__promoter,8.026990933005235,0.005038802974404559
cnv_depth__IBNLCO_00727__IBNLCO_00727__gene__promoter,8.024121883499518,0.00504650393817703
cnv_depth__IBNLCO_03757__IBNLCO_03757__gene__promoter,8.023240287744857,0.0050488727025040925
cnv_depth__IBNLCO_00895__L-aspartate__CDS,8.022947568158125,0.005049659464891675
cnv_depth__IBNLCO_05073__hypothetical__CDS,8.020753939754423,0.005055559439524844
cnv_depth__IBNLCO_04063__DUF2917__CDS__promoter,8.019981145390144,0.0050576396308172735
cnv_depth__IBNLCO_04030__DUF4148__CDS,8.017945525462482,0.005063123278627081
cnv_depth__IBNLCO_00933__putative__CDS,8.006915435600721,0.005092943049103241
cnv_depth__IBNLCO_02031__IBNLCO_02031__gene,8.00480375969564,0.005098672497349429
cnv_depth__IBNLCO_05783__IBNLCO_05783__gene,8.003879876300324,0.0051011812812873075
cnv_depth__IBNLCO_05392__Muconolactone__CDS__promoter,8.002507232240866,0.005104911006547044
cnv_depth__IBNLCO_02474__Cobalamin__CDS,8.001617285241846,0.005107330652481319
cnv_depth__IBNLCO_00409__serine-type__CDS__promoter,7.993895437624041,0.005128374846299244
cnv_depth__IBNLCO_03658__DUF1842__CDS__promoter,7.993729234705738,0.0051288287738346944
cnv_depth__IBNLCO_05665__IBNLCO_05665__gene__promoter,7.9861646100473225,0.0051495327673916225
cnv_depth__IBNLCO_05537__Acyl-CoA__CDS__promoter,7.97346915294505,0.005184472788967221
cnv_depth__IBNLCO_00338__IBNLCO_00338__gene,7.961895587457723,0.0052165374254246645
cnv_depth__IBNLCO_01993__IBNLCO_01993__gene__promoter,7.960606737595935,0.005220120779679095
cnv_depth__IBNLCO_01160__NADH-quinone__CDS,7.960580804568897,0.005220192906522077
cnv_depth__IBNLCO_01848__HlyD__CDS__promoter,7.958306069885508,0.005226523552118023
cnv_depth__IBNLCO_04227__Cytosine__CDS,7.951368328736576,0.0052458802315638224
cnv_depth__IBNLCO_03290__Aspartyl-tRNA(Asn)__CDS,7.947686023254328,0.005256183977013334
cnv_depth__IBNLCO_03664__IBNLCO_03664__gene,7.946248264444251,0.005260212725026818
cnv_depth__IBNLCO_00046__Branched-chain__CDS,7.941157003036611,0.005274504494473328
cnv_depth__IBNLCO_04663__Entericidin__CDS,7.940691538008467,0.005275813098758096
cnv_depth__IBNLCO_01410__histidine__CDS__promoter,7.93936053261564,0.005279556916975675
cnv_depth__IBNLCO_01366__IBNLCO_01366__gene,7.921546385165506,0.0053299277158380025
cnv_depth__IBNLCO_02103__NfeD-like__CDS__promoter,7.918807599283572,0.005337715521573495
cnv_depth__IBNLCO_04112__M20/M25/M40__CDS,7.907019082405233,0.005371370195047566
cnv_depth__IBNLCO_00938__Dihydroxy-acid__CDS__promoter,7.905442766740291,0.005375886871442588
cnv_depth__IBNLCO_04662__IBNLCO_04662__gene__promoter,7.900885987049014,0.0053889655476691365
cnv_depth__IBNLCO_02074__GntR__CDS,7.899979937759416,0.005391569947196328
cnv_depth__IBNLCO_04202__DNA-binding__CDS__promoter,7.886486343030121,0.005430510162175837
cnv_depth__IBNLCO_04235__hypothetical__CDS__promoter,7.880443035026146,0.005448043729619088
cnv_depth__IBNLCO_04981__type__CDS,7.870074985444007,0.005478260425681106
cnv_depth__IBNLCO_01681__IBNLCO_01681__gene,7.867895092018614,0.005484635404790459
cnv_depth__IBNLCO_02034__Inclusion__CDS__promoter,7.865291187938597,0.005492260375578057
cnv_depth__IBNLCO_05717__mipA__gene,7.856772870816449,0.00551728064502172
cnv_depth__IBNLCO_00958__Light-independent__CDS,7.856597619406322,0.005517796627258855
cnv_depth__IBNLCO_02025__HTH__CDS__promoter,7.850332158484436,0.005536276273832928
cnv_depth__IBNLCO_01281__IBNLCO_01281__gene__promoter,7.847290426654245,0.0055452706302945645
cnv_depth__IBNLCO_04246__hypothetical__CDS,7.845191478112634,0.005551485948310113
cnv_depth__IBNLCO_00769__IBNLCO_00769__gene,7.84373653482352,0.0055557984672400616
cnv_depth__IBNLCO_04228__IBNLCO_04228__gene,7.843500332200624,0.00555649890755588
cnv_depth__IBNLCO_04100__VOC__CDS,7.83030994661781,0.005595758396280614
cnv_depth__IBNLCO_00304__lemA__gene__promoter,7.826256299427933,0.005607880753911873
cnv_depth__IBNLCO_03995__IBNLCO_03995__gene,7.8240537393975025,0.005614478786203583
cnv_depth__IBNLCO_04049__Gfo/Idh/MocA-like__CDS__promoter,7.818455870660314,0.005631283814356606
cnv_depth__IBNLCO_03236__rrf__gene__promoter,7.814243087782566,0.005643964855816647
cnv_depth__IBNLCO_05681__IBNLCO_05681__gene__promoter,7.812749013638479,0.005648469268695253
cnv_depth__IBNLCO_04431__FAD__CDS__promoter,7.809795471901776,0.005657384639102427
cnv_depth__IBNLCO_00831__IBNLCO_00831__gene,7.8095938901065045,0.00565799364805278
cnv_depth__IBNLCO_04082__IBNLCO_04082__gene__promoter,7.809182685498246,0.005659236168071981
cnv_depth__IBNLCO_00368__8-amino-7-oxononanoate__CDS__promoter,7.8069269110624795,0.005666057341208843
cnv_depth__IBNLCO_03999__IBNLCO_03999__gene__promoter,7.806290347407413,0.00566798375706306
cnv_depth__IBNLCO_04058__IBNLCO_04058__gene,7.7911915987884885,0.005713874659371995
cnv_depth__IBNLCO_02855__Protein-export__CDS,7.791116176857545,0.005714104852054167
cnv_depth__IBNLCO_00278__flgL__gene__promoter,7.788301756283776,0.00572270146847871
cnv_depth__IBNLCO_03068__IBNLCO_03068__gene,7.782092600360419,0.0057417143306383355
cnv_depth__IBNLCO_04694__IBNLCO_04694__gene,7.7820106181201165,0.00574196579988048
cnv_depth__IBNLCO_04273__IBNLCO_04273__gene__promoter,7.78029251968397,0.005747238436757997
cnv_depth__IBNLCO_01296__GST__CDS,7.7769759787773,0.0057574305859603245
cnv_depth__IBNLCO_02865__IBNLCO_02865__gene__promoter,7.774985615266248,0.005763556146438971
cnv_depth__IBNLCO_02081__IBNLCO_02081__gene,7.774733626576346,0.005764332146857227
cnv_depth__IBNLCO_04421__IBNLCO_04421__gene,7.766127759292335,0.005790898546948789
cnv_depth__IBNLCO_02397__Pirin__CDS,7.764047188161364,0.005797340169088247
cnv_depth__IBNLCO_00479__IBNLCO_00479__gene__promoter,7.763681276533119,0.005798473823741605
cnv_depth__IBNLCO_03780__IBNLCO_03780__gene,7.763189892199053,0.005799996572183187
cnv_depth__IBNLCO_01491__2-iminobutanoate/2-iminopropanoate__CDS__promoter,7.759561531021396,0.005811253218523135
cnv_depth__IBNLCO_02917__gnl|Bakta|IBNLCO_02917__CDS,7.758117256180406,0.005815740193025395
cnv_depth__IBNLCO_04116__hypothetical__CDS,7.755045420731601,0.00582529541253539
cnv_depth__IBNLCO_01365__IBNLCO_01365__gene__promoter,7.754473875036432,0.005827075037222181
cnv_depth__IBNLCO_04245__YdhG-like__CDS__promoter,7.753541128691882,0.005829980534990612
cnv_depth__IBNLCO_01532__gnl|Bakta|IBNLCO_01532__CDS__promoter,7.748288619367303,0.0058463699010679665
cnv_depth__IBNLCO_00630__ubiB__gene,7.747939887801042,0.005847459721507845
cnv_depth__IBNLCO_05387__Anthranilate__CDS__promoter,7.743316685789013,0.005861927442342881
cnv_depth__IBNLCO_01904__IBNLCO_01904__gene,7.743164801029509,0.005862403370389619
cnv_depth__IBNLCO_01025__DUF982__CDS,7.743040033526437,0.005862794356750444
cnv_depth__IBNLCO_00615__IBNLCO_00615__gene,7.736917197974968,0.005882014592459146
cnv_depth__IBNLCO_05030__SctL__CDS__promoter,7.732991747678718,0.005894371079896531
cnv_depth__IBNLCO_05769__IBNLCO_05769__gene,7.729312278890104,0.005905977508666923
cnv_depth__IBNLCO_02648__Polysaccharide__CDS,7.727801304270684,0.005910750496372521
cnv_depth__IBNLCO_02642__Urease__CDS,7.723563651662827,0.005924157909474786
cnv_depth__IBNLCO_00703__IBNLCO_00703__gene__promoter,7.710217230807724,0.005966589097373944
cnv_depth__IBNLCO_00860__hypothetical__CDS__promoter,7.7080423198774675,0.005973533176574983
cnv_depth__IBNLCO_01270__LysR__CDS,7.700517217175668,0.005997623608169069
cnv_depth__IBNLCO_02736__IBNLCO_02736__gene__promoter,7.693708010322178,0.0060195083308532535
cnv_depth__IBNLCO_05455__Phosphate__CDS,7.691315394030141,0.0060272176629312495
cnv_depth__IBNLCO_01266__asnC__gene__promoter,7.690441351678404,0.006030036477197875
cnv_depth__IBNLCO_03912__IBNLCO_03912__gene__promoter,7.6823345735699435,0.006056245798151429
cnv_depth__IBNLCO_00815__nepI__gene__promoter,7.676945139551235,0.0060737347301934265
cnv_depth__IBNLCO_01235__hypothetical__CDS,7.676206244402246,0.006076136521207343
cnv_depth__IBNLCO_01102__Ribonuclease__CDS__promoter,7.675642743291159,0.006077968847603418
cnv_depth__IBNLCO_04167__tctD__gene,7.675509391206225,0.006078402549337317
cnv_depth__IBNLCO_05083__type__CDS__promoter,7.669816321216376,0.006096947874706317
cnv_depth__IBNLCO_02012__trnD__gene,7.667015606939588,0.006106092625785609
cnv_depth__IBNLCO_02087__Calcineurin-like__CDS,7.66602459391198,0.006109331810182398
cnv_depth__IBNLCO_02322__hypothetical__CDS__promoter,7.6640363048134414,0.006115835982136113
cnv_depth__IBNLCO_01909__Nucleoside__CDS__promoter,7.662483559923199,0.006120920337603011
cnv_depth__IBNLCO_04907__Glycine__CDS,7.661987005466129,0.006122547188179744
cnv_depth__IBNLCO_03667__hypothetical__CDS__promoter,7.659132041959243,0.006131909477880701
cnv_depth__IBNLCO_05412__IBNLCO_05412__gene,7.6584173251864645,0.0061342555547068385
cnv_depth__IBNLCO_03326__vioA__gene__promoter,7.658132955238551,0.006135189263402177
cnv_depth__IBNLCO_03991__Type__CDS__promoter,7.655005077619284,0.006145469082985979
cnv_depth__IBNLCO_00779__IBNLCO_00779__gene__promoter,7.6542393550909456,0.006147988341072187
cnv_depth__IBNLCO_01236__hypothetical__CDS,7.6515888846623925,0.006156716702411518
cnv_depth__IBNLCO_02937__IBNLCO_02937__gene,7.650072679310484,0.00616171550502298
cnv_depth__IBNLCO_03683__IBNLCO_03683__gene,7.648605812718068,0.006166555615746223
cnv_depth__IBNLCO_05053__Taurine__CDS,7.648396226291224,0.006167247491794488
cnv_depth__IBNLCO_02310__IBNLCO_02310__gene,7.647801186883688,0.00616921224087338
cnv_depth__IBNLCO_02167__PNPLA__CDS__promoter,7.647348476502617,0.006170707467814684
cnv_depth__IBNLCO_01312__CRM__CDS,7.641957729594514,0.006188540885597113
cnv_depth__IBNLCO_03838__IBNLCO_03838__gene,7.635943528935011,0.006208499372991237
cnv_depth__IBNLCO_04352__IBNLCO_04352__gene__promoter,7.63063575031619,0.0062261685662235895
cnv_depth__IBNLCO_05590__tssB1__gene,7.629788251777276,0.006228994610975806
cnv_depth__IBNLCO_01026__hypothetical__CDS__promoter,7.6271325148494205,0.006237858907037029
cnv_depth__IBNLCO_02189__IBNLCO_02189__gene,7.615987307317281,0.006275201042914972
cnv_depth__IBNLCO_05806__Thiol:disulfide__CDS,7.604372551008198,0.00631436121746283
cnv_depth__IBNLCO_02260__gnl|Bakta|IBNLCO_02260__CDS,7.602710529790177,0.00631998539872694
cnv_depth__IBNLCO_01398__mntH__gene__promoter,7.60179759060918,0.006323076923842172
cnv_depth__IBNLCO_05181__IBNLCO_05181__gene,7.6012595322446455,0.006324899702734773
cnv_depth__IBNLCO_00728__IBNLCO_00728__gene__promoter,7.600477082112316,0.006327551371856835
cnv_depth__IBNLCO_02370__IBNLCO_02370__gene__promoter,7.598737324714938,0.006333451388932778
cnv_depth__IBNLCO_02086__IBNLCO_02086__gene__promoter,7.597071094754093,0.006339107360428827
cnv_depth__IBNLCO_02848__gnl|Bakta|IBNLCO_02848__CDS,7.594660440520924,0.006347299460231607
cnv_depth__IBNLCO_01859__Inner__CDS,7.592351581717854,0.006355155843381627
cnv_depth__IBNLCO_00731__IBNLCO_00731__gene__promoter,7.589182429323203,0.006365955855315724
cnv_depth__IBNLCO_04858__mgtC__gene,7.586212506376754,0.006376094065075859
cnv_depth__IBNLCO_05076__IBNLCO_05076__gene,7.586114310496536,0.006376429552810921
cnv_depth__IBNLCO_02044__BTH_s19__gene__promoter,7.585719301678491,0.0063777792900283296
cnv_depth__IBNLCO_04327__IBNLCO_04327__gene__promoter,7.584492110911573,0.006381974452135865
cnv_depth__IBNLCO_02285__Exodeoxyribonuclease__CDS__promoter,7.5761588240724205,0.006410537078427339
cnv_depth__IBNLCO_02942__IBNLCO_02942__gene,7.56495780589219,0.006449136336731688
cnv_depth__IBNLCO_00375__Isocitrate__CDS__promoter,7.560379199222046,0.006464983233049356
cnv_depth__IBNLCO_04303__IBNLCO_04303__gene,7.541868310753283,0.006529460418906233
cnv_depth__IBNLCO_02708__IBNLCO_02708__gene__promoter,7.540031086862025,0.006535895842848662
cnv_depth__IBNLCO_02088__S-adenosylhomocysteine__CDS__promoter,7.5388168097501405,0.006540152792982529
cnv_depth__IBNLCO_04613__copG__gene,7.5383883611852145,0.0065416555068882
cnv_depth__IBNLCO_01587__IBNLCO_01587__gene__promoter,7.534896220208644,0.006553916885706519
cnv_depth__IBNLCO_04298__Glutathione__CDS__promoter,7.534762242895077,0.006554387769046341
cnv_depth__IBNLCO_05245__Methyltransferase__CDS,7.532402136113566,0.006562688429841118
cnv_depth__IBNLCO_02916__Adenylosuccinate__CDS,7.5304828153903856,0.00656944679220604
cnv_depth__IBNLCO_05664__gnl|Bakta|IBNLCO_05664__CDS__promoter,7.523165068202828,0.006595280027894692
cnv_depth__IBNLCO_04387__IBNLCO_04387__gene__promoter,7.521302631570047,0.006601871510417521
cnv_depth__unknown__unknown__source.1,7.5206651698548095,0.006604129154016706
cnv_depth__IBNLCO_00978__IBNLCO_00978__gene__promoter,7.517873545974942,0.006614025373607065
cnv_depth__IBNLCO_02705__hmuV__gene,7.5099221373662814,0.006642296612429341
cnv_depth__IBNLCO_00332__eamA__gene,7.5085258085074855,0.006647274086280652
cnv_depth__IBNLCO_02742__putative__CDS__promoter,7.508091389656503,0.006648823435996312
cnv_depth__IBNLCO_01090__MFS__CDS__promoter,7.504088818972503,0.006663116059894524
cnv_depth__IBNLCO_05246__Membrane__CDS__promoter,7.5039592469929035,0.006663579271565865
cnv_depth__IBNLCO_01646__Fimbrial__CDS,7.5037821420024375,0.006664212464378882
cnv_depth__IBNLCO_00452__Integral__CDS__promoter,7.496369920337329,0.006690768550921052
cnv_depth__IBNLCO_00555__IBNLCO_00555__gene,7.49357134006351,0.0067008234533797
cnv_depth__IBNLCO_03610__vasK__gene,7.490871580283886,0.006710538049220595
cnv_depth__IBNLCO_02402__trnG__gene__promoter,7.49028814581295,0.0067126393368058
cnv_depth__IBNLCO_01553__IBNLCO_01553__gene__promoter,7.48583947027569,0.00672868390022965
cnv_depth__IBNLCO_00674__IBNLCO_00674__gene__promoter,7.484043218857009,0.006735173432331921
cnv_depth__IBNLCO_03732__IBNLCO_03732__gene__promoter,7.480733471909212,0.006747147830088115
cnv_depth__IBNLCO_01944__IBNLCO_01944__gene,7.480608010731614,0.006747602169423429
cnv_depth__IBNLCO_00554__IBNLCO_00554__gene__promoter,7.477912411972357,0.006757371498651192
cnv_depth__IBNLCO_03611__IBNLCO_03611__gene,7.475922034925566,0.006764594323599262
cnv_depth__IBNLCO_04003__HTH-type__CDS__promoter,7.4735236734549915,0.006773308232170152
cnv_depth__IBNLCO_04146__Dibenzothiophene__CDS__promoter,7.470635109401451,0.0067838185245860634
cnv_depth__IBNLCO_05365__CPBP__CDS,7.470361885503553,0.006784813542402499
cnv_depth__IBNLCO_01725__IBNLCO_01725__gene,7.4689503099089265,0.00678995656595007
cnv_depth__IBNLCO_03638__IBNLCO_03638__gene__promoter,7.466291114314487,0.0067996561523392994
cnv_depth__IBNLCO_04746__L-threonine__CDS,7.465151445257881,0.006803817534252114
cnv_depth__IBNLCO_05649__iclR__gene,7.46157955944782,0.006816876895314369
cnv_depth__IBNLCO_02083__IBNLCO_02083__gene__promoter,7.461484641336432,0.006817224282252656
cnv_depth__IBNLCO_02662__ABC__CDS,7.45364986050864,0.006845961413737691
cnv_depth__IBNLCO_03242__IBNLCO_03242__gene__promoter,7.450545725519085,0.006857381516360928
cnv_depth__IBNLCO_03016__IBNLCO_03016__gene,7.444895298817165,0.006878219793489656
cnv_depth__IBNLCO_02652__IBNLCO_02652__gene__promoter,7.443978538529625,0.006881606867310434
cnv_depth__IBNLCO_02331__Alkane__CDS__promoter,7.442839052272606,0.0068858192212638706
cnv_depth__IBNLCO_02091__hypothetical__CDS__promoter,7.438084598846186,0.006903423741556084
cnv_depth__IBNLCO_00642__fdhD__gene__promoter,7.4360369855258845,0.006911019799067141
cnv_depth__IBNLCO_02266__IBNLCO_02266__gene,7.435336337584304,0.0069136209775926254
cnv_depth__IBNLCO_03648__IBNLCO_03648__gene__promoter,7.434706059130223,0.006915961768390139
cnv_depth__IBNLCO_04913__VOC__CDS,7.432730864921661,0.006923302728465119
cnv_depth__IBNLCO_03062__IBNLCO_03062__gene__promoter,7.431060379053701,0.0069295174788714265
cnv_depth__IBNLCO_05671__IBNLCO_05671__gene,7.430792588847276,0.006930514279599644
cnv_depth__IBNLCO_05596__tssK1__gene__promoter,7.425189869953013,0.006951403284155951
cnv_depth__IBNLCO_04502__IBNLCO_04502__gene__promoter,7.4224634948162755,0.00696159165680069
cnv_depth__IBNLCO_05495__Heavy__CDS,7.418008984269891,0.0069782711119030436
cnv_depth__IBNLCO_01993__IBNLCO_01993__gene,7.413283821055322,0.006996008982180957
cnv_depth__IBNLCO_00487__IBNLCO_00487__gene,7.399095434832335,0.007049550558083928
cnv_depth__IBNLCO_00601__IBNLCO_00601__gene,7.398999431856988,0.007049914270595527
cnv_depth__IBNLCO_05600__DUF3857__CDS,7.3988051195107065,0.007050650492667875
cnv_depth__IBNLCO_02471__Protease__CDS,7.395330195212216,0.007063829868084826
cnv_depth__IBNLCO_04598__Membrane__CDS__promoter,7.393550453252719,0.007070589732912241
cnv_depth__IBNLCO_02368__IBNLCO_02368__gene__promoter,7.388544407203281,0.007089639582514961
cnv_depth__IBNLCO_01071__gnl|Bakta|IBNLCO_01071__CDS__promoter,7.3859154007255485,0.007099665082027039
cnv_depth__IBNLCO_02304__IBNLCO_02304__gene,7.385758148793544,0.007100265211905198
cnv_depth__IBNLCO_01562__PA__CDS__promoter,7.383798182249718,0.0071077495337592495
cnv_depth__IBNLCO_00701__mnmH__gene,7.382289764458109,0.007113515105625236
cnv_depth__IBNLCO_01077__ATP-dependent__CDS__promoter,7.382260828125177,0.007113625755019931
cnv_depth__IBNLCO_04824__IBNLCO_04824__gene,7.381631826339969,0.007116031427653121
cnv_depth__IBNLCO_01300__Ribonuclease__CDS,7.381349232604459,0.007117112505010514
cnv_depth__IBNLCO_04249__Vanillin__CDS__promoter,7.368994344415968,0.007164542528412639
cnv_depth__IBNLCO_00766__IBNLCO_00766__gene,7.366584142196808,0.007173833103725673
cnv_depth__IBNLCO_03021__UDP-N-acetylmuramoyl-L-alanyl-D-glutamate--2%2C6-di__CDS__promoter,7.364127868710707,0.007183314036862334
cnv_depth__IBNLCO_02453__RNA-binding__CDS,7.36407356936618,0.007183523771830928
cnv_depth__IBNLCO_01078__IBNLCO_01078__gene,7.362691083443765,0.0071888658443939185
cnv_depth__IBNLCO_04868__gnl|Bakta|IBNLCO_04868__CDS__promoter,7.3623276311450665,0.0071902709418735005
cnv_depth__IBNLCO_01724__JmjC__CDS__promoter,7.354748922150625,0.00721963457765427
cnv_depth__IBNLCO_03689__IBNLCO_03689__gene,7.354542872009213,0.007220434639500835
cnv_depth__IBNLCO_01493__trnV__gene,7.353841719202958,0.00722315779504603
cnv_depth__IBNLCO_01538__Pilus__CDS,7.353412500481527,0.007224825327900146
cnv_depth__IBNLCO_02614__NADP__CDS,7.3527242287086985,0.007227500120589867
cnv_depth__IBNLCO_05140__IBNLCO_05140__gene__promoter,7.3488874783426175,0.007242429375410811
cnv_depth__IBNLCO_04692__IBNLCO_04692__gene__promoter,7.348361005432699,0.007244480421553233
cnv_depth__IBNLCO_03638__IBNLCO_03638__gene,7.340708142427376,0.007274362287762896
cnv_depth__IBNLCO_04192__Pyridoxamine__CDS__promoter,7.337429762221106,0.007287202082115195
cnv_depth__IBNLCO_02387__IBNLCO_02387__gene,7.334372821778697,0.007299195640449152
cnv_depth__IBNLCO_01074__Formate-dependent__CDS__promoter,7.327639424301795,0.00732568513731608
cnv_depth__IBNLCO_05256__IBNLCO_05256__gene__promoter,7.3265509434272555,0.007329976560877788
cnv_depth__IBNLCO_00690__IBNLCO_00690__gene,7.323968010156701,0.007340170350905984
cnv_depth__IBNLCO_02089__IBNLCO_02089__gene__promoter,7.321003559281917,0.007351887837776102
cnv_depth__IBNLCO_00464__IBNLCO_00464__gene,7.320470076221647,0.007353998563724661
cnv_depth__IBNLCO_04001__gnl|Bakta|IBNLCO_04001__CDS__promoter,7.317868346749619,0.007364301257424575
cnv_depth__IBNLCO_05750__IBNLCO_05750__gene,7.314310310964176,0.007378414945355983
cnv_depth__IBNLCO_05334__Cysteine-rich__CDS,7.309880242971367,0.007396026687155285
cnv_depth__IBNLCO_02570__gnl|Bakta|IBNLCO_02570__CDS,7.308726591359826,0.007400620134629017
cnv_depth__IBNLCO_04996__GTP__CDS,7.298531142782958,0.0074413429251439815
cnv_depth__IBNLCO_00664__IBNLCO_00664__gene,7.298358573575933,0.007442034186736923
cnv_depth__IBNLCO_02285__IBNLCO_02285__gene,7.297869279798102,0.0074439945137554355
cnv_depth__IBNLCO_01017__hypothetical__CDS,7.296225234337761,0.007450585184071989
cnv_depth__IBNLCO_04328__IBNLCO_04328__gene,7.288872426983328,0.0074801348656129045
cnv_depth__IBNLCO_00330__IBNLCO_00330__gene,7.278871111059862,0.007520522405242923
cnv_depth__IBNLCO_01168__NADH-quinone__CDS,7.2787642976407705,0.007520954952164943
cnv_depth__IBNLCO_04538__IS5__CDS__promoter,7.277618224764802,0.0075255976518921195
cnv_depth__IBNLCO_04940__Two__CDS,7.2742715181379065,0.007539171949301643
cnv_depth__IBNLCO_02671__IBNLCO_02671__gene,7.2742534879248835,0.007539245148430997
cnv_depth__IBNLCO_02305__DUF222__CDS,7.270278275747182,0.007555401623470602
cnv_depth__IBNLCO_00668__IBNLCO_00668__gene,7.268344521816977,0.007563273883939582
cnv_depth__IBNLCO_03798__Insertion__CDS__promoter,7.264315252675189,0.007579704096038934
cnv_depth__IBNLCO_02146__IBNLCO_02146__gene__promoter,7.259201155844649,0.007600610907582416
cnv_depth__IBNLCO_04041__LasA__CDS__promoter,7.2574612997465175,0.007607737109499507
cnv_depth__IBNLCO_03266__Homoserine/Threonine__CDS__promoter,7.25657325841343,0.007611377053508555
cnv_depth__IBNLCO_02077__DnaJ-like__CDS__promoter,7.256155081947522,0.00761309171561446
cnv_depth__IBNLCO_04923__DUF2827__CDS__promoter,7.2445546323231484,0.007660816426464897
cnv_depth__IBNLCO_05622__IBNLCO_05622__gene,7.2439903891196264,0.00766314559320381
cnv_depth__IBNLCO_02509__DUF2059__CDS,7.23928158107094,0.007682611790344147
cnv_depth__IBNLCO_03157__IBNLCO_03157__gene__promoter,7.2288364442300725,0.007725974063726582
cnv_depth__IBNLCO_05008__HNS-like__CDS,7.226422400607185,0.007736031637440879
cnv_depth__IBNLCO_01341__hypothetical__CDS,7.224266141998575,0.007745026616837439
cnv_depth__IBNLCO_00250__hypothetical__CDS__promoter,7.223546494151012,0.007748031075336011
cnv_depth__IBNLCO_00510__IBNLCO_00510__gene__promoter,7.221843310917927,0.007755146483243641
cnv_depth__IBNLCO_02252__Protein__CDS,7.218209824286353,0.007770348660055209
cnv_depth__IBNLCO_02560__IBNLCO_02560__gene,7.205452748520533,0.007823966771990102
cnv_depth__IBNLCO_05081__pilQ__gene,7.203693026607989,0.007831392773659478
cnv_depth__IBNLCO_02004__IBNLCO_02004__gene,7.1952698561788475,0.0078670391816824
cnv_depth__IBNLCO_04195__Cyclic__CDS__promoter,7.194721986406335,0.007869363522349028
cnv_depth__IBNLCO_01079__tRNA__CDS__promoter,7.190833141449528,0.00788588232771517
cnv_depth__IBNLCO_05226__gnl|Bakta|IBNLCO_05226__CDS,7.1888780669122125,0.007894200475273234
cnv_depth__IBNLCO_01982__Putative__CDS__promoter,7.188797327410152,0.007894544187575975
cnv_depth__IBNLCO_05714__IBNLCO_05714__gene,7.1839963288213875,0.007915010047302391
cnv_depth__IBNLCO_03546__PAAR__CDS__promoter,7.180699389116434,0.007929096022240796
cnv_depth__IBNLCO_03647__IBNLCO_03647__gene__promoter,7.176702193365157,0.00794620846289589
cnv_depth__IBNLCO_05305__IBNLCO_05305__gene,7.171486718934031,0.007968593753816023
cnv_depth__IBNLCO_05722__IBNLCO_05722__gene__promoter,7.166024418091822,0.007992108153891703
cnv_depth__IBNLCO_02825__FAD-binding__CDS__promoter,7.164608586375114,0.007998214766643773
cnv_depth__IBNLCO_03645__IBNLCO_03645__gene,7.162479188733774,0.00800740811421972
cnv_depth__IBNLCO_02901__gnl|Bakta|IBNLCO_02901__CDS,7.162463811624872,0.008007474542132196
cnv_depth__IBNLCO_05544__AMP-binding__CDS__promoter,7.15733486735865,0.008029662910342763
cnv_depth__IBNLCO_02707__IBNLCO_02707__gene,7.151679893167809,0.008054200426991452
cnv_depth__IBNLCO_01506__IBNLCO_01506__gene__promoter,7.15080255370937,0.008058014215061882
cnv_depth__IBNLCO_02220__ISL3-like__CDS__promoter,7.14916801344257,0.00806512451588306
cnv_depth__IBNLCO_00256__5-oxoprolinase__CDS,7.1481509996028185,0.008069551821816609
cnv_depth__IBNLCO_01169__IBNLCO_01169__gene__promoter,7.1465489485233284,0.008076531018717194
cnv_depth__IBNLCO_00597__IBNLCO_00597__gene,7.141962419588883,0.008096546268904098
cnv_depth__IBNLCO_01090__IBNLCO_01090__gene,7.136111926044075,0.00812215160904744
cnv_depth__IBNLCO_00315__tRNA-cytidine(32)__CDS__promoter,7.1355261875349125,0.00812471975304693
cnv_depth__IBNLCO_02024__IBNLCO_02024__gene__promoter,7.130504450956189,0.008146771718870478
cnv_depth__IBNLCO_00845__UPF0234__CDS__promoter,7.128380745026083,0.008156116114208918
cnv_depth__IBNLCO_02898__IBNLCO_02898__gene,7.121638513433484,0.00818585552181888
cnv_depth__IBNLCO_00721__IBNLCO_00721__gene__promoter,7.108194802416726,0.00824548881128826
cnv_depth__IBNLCO_00546__NUDIX__CDS,7.102689798536255,0.008270036885999347
cnv_depth__IBNLCO_04763__YCII-related__CDS,7.101421075461464,0.008275705091696286
cnv_depth__IBNLCO_03970__IBNLCO_03970__gene,7.099292714375316,0.008285222855239529
cnv_depth__IBNLCO_02011__ppiD__gene__promoter,7.093632310621369,0.00831059044174303
cnv_depth__IBNLCO_05254__tRNA__CDS,7.092213938450497,0.008316959539968596
cnv_depth__IBNLCO_00681__deoR__gene,7.090241653080808,0.008325824313268245
cnv_depth__IBNLCO_02770__wcbT__gene,7.089811875011512,0.008327757316880778
cnv_depth__IBNLCO_05449__IBNLCO_05449__gene,7.088152233895462,0.008335226194787689
cnv_depth__IBNLCO_01710__IBNLCO_01710__gene__promoter,7.088020505448295,0.00833581930776533
cnv_depth__IBNLCO_01952__thioredoxin-dependent__CDS__promoter,7.087341425845469,0.008338877583402087
cnv_depth__IBNLCO_02862__Intermembrane__CDS__promoter,7.0863136077960025,0.008343508624826933
cnv_depth__IBNLCO_04911__gnl|Bakta|IBNLCO_04911__CDS,7.085419011886856,0.008347541566035146
cnv_depth__IBNLCO_04447__IBNLCO_04447__gene__promoter,7.07707876134213,0.008385237257135452
cnv_depth__IBNLCO_02478__Large__CDS,7.074641886231742,0.008396284387223854
cnv_depth__IBNLCO_03678__IBNLCO_03678__gene__promoter,7.071823554748634,0.008409079501748599
cnv_depth__IBNLCO_02067__hypothetical__CDS__promoter,7.0690812964592595,0.008421548551293205
cnv_depth__IBNLCO_03821__IBNLCO_03821__gene,7.067595082416493,0.008428314333895272
cnv_depth__IBNLCO_05321__IBNLCO_05321__gene__promoter,7.06475123951635,0.008441276164722743
cnv_depth__IBNLCO_03768__IBNLCO_03768__gene__promoter,7.063883031034853,0.008445237430579568
cnv_depth__IBNLCO_04390__IBNLCO_04390__gene__promoter,7.05787078389947,0.008472721420005928
cnv_depth__IBNLCO_00218__Aldehyde__CDS,7.056152787676592,0.00848059188992605
cnv_depth__IBNLCO_03759__IBNLCO_03759__gene,7.055868533164997,0.008481894841224094
cnv_depth__IBNLCO_03847__trnS__gene__promoter,7.052189755513356,0.008498776074813317
cnv_depth__IBNLCO_00848__gnl|Bakta|IBNLCO_00848__CDS__promoter,7.0439955860726124,0.008536502295180371
cnv_depth__IBNLCO_02601__Glutamate-1-semialdehyde__CDS,7.038259907578132,0.008563012288502878
cnv_depth__IBNLCO_00927__IBNLCO_00927__gene,7.036108409542451,0.008572978284795656
cnv_depth__IBNLCO_03562__IBNLCO_03562__gene__promoter,7.033937538831097,0.008583046145275053
cnv_depth__IBNLCO_02223__IBNLCO_02223__gene__promoter,7.033514757531593,0.00858500829926824
cnv_depth__IBNLCO_04182__IBNLCO_04182__gene,7.032201054287825,0.008591108230104692
cnv_depth__IBNLCO_04531__luxP__gene__promoter,7.026296043687954,0.008618582289625686
cnv_depth__IBNLCO_00731__ATP-grasp__CDS,7.021765642455048,0.008639722182473846
cnv_depth__IBNLCO_03503__histidine__CDS__promoter,7.016910572049768,0.008662436445726292
cnv_depth__IBNLCO_03511__IBNLCO_03511__gene,7.013594191113711,0.008677987415383432
cnv_depth__IBNLCO_02075__Muramoyltetrapeptide__CDS__promoter,7.010175169658307,0.008694049835886862
cnv_depth__IBNLCO_01025__DUF982__CDS__promoter,7.0074840758613774,0.008706714053388518
cnv_depth__IBNLCO_05513__IBNLCO_05513__gene,7.005697340228331,0.00871513289673077
cnv_depth__IBNLCO_02875__IBNLCO_02875__gene__promoter,7.0038525679961054,0.008723834013023643
cnv_depth__IBNLCO_05724__hypothetical__CDS,7.003468124260399,0.008725648421847589
cnv_depth__IBNLCO_02603__Riboflavin__CDS,7.002818679568637,0.008728714405487942
cnv_depth__IBNLCO_03152__Thiazole__CDS__promoter,7.000468006094434,0.008739821068581519
cnv_depth__IBNLCO_02849__IBNLCO_02849__gene,6.999633872582951,0.00874376575812991
cnv_depth__IBNLCO_00968__ncS16__gene,6.997240131774666,0.008755096168599144
cnv_depth__IBNLCO_02670__gnl|Bakta|IBNLCO_02670__CDS,6.986761606921971,0.008804873267652997
cnv_depth__IBNLCO_04132__Periplasmic__CDS,6.986660780396729,0.008805353648992986
cnv_depth__IBNLCO_05031__hypothetical__CDS,6.982787340687341,0.008823828887661382
cnv_depth__IBNLCO_03798__IBNLCO_03798__gene,6.981882707912228,0.008828149495148815
cnv_depth__IBNLCO_01739__IBNLCO_01739__gene__promoter,6.981776760189058,0.008828655653785487
cnv_depth__IBNLCO_04265__IBNLCO_04265__gene,6.975203653129092,0.008860116894956551
cnv_depth__IBNLCO_00227__flagellar__CDS,6.968977539724912,0.008890023993698773
cnv_depth__IBNLCO_00636__IBNLCO_00636__gene__promoter,6.9671809018694235,0.008898673485918988
cnv_depth__IBNLCO_00839__Epoxyqueuosine__CDS__promoter,6.965850170256022,0.008905085579468239
cnv_depth__IBNLCO_02149__tsaB__gene__promoter,6.962487109681,0.00892131165357601
cnv_depth__IBNLCO_00846__UDP-N-acetylenolpyruvoylglucosamine__CDS__promoter,6.9589520267679825,0.008938400594220491
cnv_depth__IBNLCO_02640__5_ureB_sRNA__gene,6.9568346923060425,0.008948652170763516
cnv_depth__IBNLCO_02597__IBNLCO_02597__gene__promoter,6.95641794910461,0.008950671360441004
cnv_depth__IBNLCO_01055__hypothetical__CDS__promoter,6.953496333667482,0.008964840279067405
cnv_depth__IBNLCO_00021__hypothetical__CDS,6.952699083755979,0.008968710709650902
cnv_depth__IBNLCO_05144__DUF1842__CDS,6.950840016243265,0.008977742675198089
cnv_depth__IBNLCO_01104__Ribosomal__CDS__promoter,6.948664125610651,0.008988325796173533
cnv_depth__IBNLCO_05614__LysR__CDS,6.94733049505637,0.008994818686419753
cnv_depth__IBNLCO_02531__IBNLCO_02531__gene,6.9449268413404495,0.00900653329948976
cnv_depth__IBNLCO_02669__Phospholipid/glycerol__CDS__promoter,6.942482291889247,0.009018463375412723
cnv_depth__IBNLCO_00555__IBNLCO_00555__gene__promoter,6.935474428266794,0.009052754159999113
cnv_depth__IBNLCO_02533__IBNLCO_02533__gene__promoter,6.934907833343993,0.009055532487881986
cnv_depth__IBNLCO_05532__IBNLCO_05532__gene__promoter,6.9327872351220865,0.00906593876542193
cnv_depth__IBNLCO_04379__N-acylhomoserine__CDS__promoter,6.930090844862727,0.00907918841774024
cnv_depth__IBNLCO_03958__IBNLCO_03958__gene__promoter,6.9296738301039795,0.009081239348744097
cnv_depth__IBNLCO_04280__IBNLCO_04280__gene,6.928677164712085,0.00908614301176318
cnv_depth__IBNLCO_05772__Polyketide__CDS,6.9257478507334005,0.009100571266669749
cnv_depth__IBNLCO_05416__Fumarate/nitrate__CDS,6.92463468023497,0.009106060355899675
cnv_depth__IBNLCO_01261__IBNLCO_01261__gene__promoter,6.91851658079747,0.009136290017752428
cnv_depth__IBNLCO_00249__IBNLCO_00249__gene__promoter,6.918114053896605,0.009138282539971806
cnv_depth__IBNLCO_01251__IBNLCO_01251__gene__promoter,6.916167246543953,0.009147925636845477
cnv_depth__IBNLCO_01939__IBNLCO_01939__gene,6.9157335649194245,0.00915007521682911
cnv_depth__IBNLCO_00496__IBNLCO_00496__gene,6.911849551248676,0.009169349921571618
cnv_depth__IBNLCO_05390__IBNLCO_05390__gene,6.902620911655708,0.0092153160092057
cnv_depth__IBNLCO_03113__IBNLCO_03113__gene__promoter,6.894374707394957,0.009256589996896594
cnv_depth__IBNLCO_02138__IBNLCO_02138__gene,6.892454848112569,0.009266226653395035
cnv_depth__IBNLCO_02618__IBNLCO_02618__gene__promoter,6.8884888403217825,0.009286166679407348
cnv_depth__IBNLCO_00535__IBNLCO_00535__gene__promoter,6.887520209043762,0.009291043425354915
cnv_depth__IBNLCO_04280__Insertion__CDS__promoter,6.885387589494583,0.009301789797554897
cnv_depth__IBNLCO_00014__hypothetical__CDS__promoter,6.88349071381535,0.009311359027535052
cnv_depth__IBNLCO_00519__IBNLCO_00519__gene__promoter,6.882345768241304,0.009317139889369904
cnv_depth__IBNLCO_00834__IBNLCO_00834__gene__promoter,6.879404968588313,0.009332005054611682
cnv_depth__IBNLCO_03917__RND__CDS,6.878284517797529,0.009337675153134104
cnv_depth__IBNLCO_05347__IBNLCO_05347__gene__promoter,6.878096572698405,0.009338626607204786
cnv_depth__IBNLCO_02708__IBNLCO_02708__gene,6.8765758888847515,0.009346328605481968
cnv_depth__IBNLCO_04880__Type__CDS__promoter,6.875456077899094,0.009352004445301392
cnv_depth__IBNLCO_05184__IBNLCO_05184__gene__promoter,6.872626285515333,0.009366363308669605
cnv_depth__IBNLCO_00947__ABC__CDS__promoter,6.871662770559167,0.00937125754543354
cnv_depth__IBNLCO_02699__IBNLCO_02699__gene__promoter,6.868171892419047,0.009389011811140447
cnv_depth__IBNLCO_02366__N-succinylarginine__CDS,6.866136018008504,0.00939938209859839
cnv_depth__IBNLCO_05629__IBNLCO_05629__gene,6.865822578838837,0.009400979737589106
cnv_depth__IBNLCO_04202__DNA-binding__CDS,6.865114289530032,0.009404591010257769
cnv_depth__IBNLCO_03699__ABC__CDS__promoter,6.858238327105083,0.009439723215541426
cnv_depth__IBNLCO_04389__Recombinase-like__CDS,6.854460069054572,0.009459085595907135
cnv_depth__IBNLCO_00384__IBNLCO_00384__gene,6.844267545110524,0.009511523858919802
cnv_depth__IBNLCO_01053__IBNLCO_01053__gene,6.843433624729181,0.00951582745578322
cnv_depth__IBNLCO_02844__IBNLCO_02844__gene__promoter,6.838710884593855,0.0095402379763875
cnv_depth__IBNLCO_04435__Delta(1)-pyrroline-2-carboxylate__CDS,6.837433879602653,0.009546849556687458
cnv_depth__IBNLCO_05358__Putative__CDS,6.831764297065855,0.009576260502712054
cnv_depth__IBNLCO_04673__Rhs__CDS,6.829669498938003,0.009587150920438594
cnv_depth__IBNLCO_01514__IBNLCO_01514__gene,6.821822341884994,0.009628060470599522
cnv_depth__IBNLCO_02810__hypothetical__CDS,6.8188891613894045,0.009643398256049417
cnv_depth__IBNLCO_05065__hypothetical__CDS,6.81348005122299,0.009671749040278347
cnv_depth__IBNLCO_01529__oxoglutarate__CDS,6.813099603848607,0.009673746317348358
cnv_depth__IBNLCO_03965__2-aminoethylphosphonate--pyruvate__CDS__promoter,6.812535850515967,0.009676706699459893
cnv_depth__IBNLCO_04059__IBNLCO_04059__gene,6.811844087470503,0.009680340564758803
cnv_depth__IBNLCO_04901__Hydroxypyruvate__CDS__promoter,6.811422244894055,0.009682557216271866
cnv_depth__IBNLCO_05653__OpgC__CDS,6.809244961278359,0.009694006502412658
cnv_depth__IBNLCO_04411__IBNLCO_04411__gene__promoter,6.8087367766453575,0.009696680812690213
cnv_depth__IBNLCO_03979__tssG__gene,6.806822882542403,0.009706759478012326
cnv_depth__IBNLCO_02180__hypothetical__CDS,6.787073587992172,0.00981139433295194
cnv_depth__IBNLCO_01970__2-hydoxy-3-oxopropionate__CDS__promoter,6.784720331155374,0.00982393970060215
cnv_depth__IBNLCO_02529__Xanthine__CDS,6.783760890274098,0.009829059296961885
cnv_depth__IBNLCO_04247__trnL__gene__promoter,6.77956630905451,0.009851474050432529
cnv_depth__IBNLCO_00988__NAD(P)-dependent__CDS,6.776641052911068,0.009867137104969248
cnv_depth__IBNLCO_00641__IBNLCO_00641__gene,6.7628419256427215,0.009941371078822188
cnv_depth__IBNLCO_05117__non-ribosomal__CDS__promoter,6.762376180634263,0.009943886648225616
cnv_depth__IBNLCO_05303__IBNLCO_05303__gene__promoter,6.758245352691491,0.009966226765140813
cnv_depth__IBNLCO_01262__IBNLCO_01262__gene__promoter,6.757308353978779,0.009971301400444969
cnv_depth__IBNLCO_05484__Putative__CDS__promoter,6.757141642334067,0.00997220456375071
cnv_depth__IBNLCO_05297__araC__gene,6.757117366708677,0.009972336084432458
cnv_depth__IBNLCO_05170__Bacteriophage__CDS,6.756371436455505,0.009976378265063642
cnv_depth__IBNLCO_01563__Phospholipase__CDS__promoter,6.75540980852796,0.009981591804631996
cnv_depth__IBNLCO_02998__pilB__gene__promoter,6.754716524381245,0.009985352243818602
cnv_depth__IBNLCO_00756__hypothetical__CDS__promoter,6.746899918810434,0.010027851671766497
cnv_depth__IBNLCO_01081__ATP-dependent__CDS__promoter,6.745983728585359,0.010032845282501184
cnv_depth__IBNLCO_02770__acyl-CoA__CDS__promoter,6.745935758805949,0.010033106808146456
cnv_depth__IBNLCO_04717__IBNLCO_04717__gene__promoter,6.7429985217393735,0.010049133708231284
cnv_depth__IBNLCO_03154__IBNLCO_03154__gene,6.742869257085857,0.010049839642240854
cnv_depth__IBNLCO_00852__3-hydroxyacyl-CoA__CDS__promoter,6.739194171061626,0.010069931297587474
cnv_depth__IBNLCO_01399__IBNLCO_01399__gene,6.739049550768716,0.010070722783284958
cnv_depth__IBNLCO_00534__IBNLCO_00534__gene__promoter,6.736052929918313,0.010087137322099963
cnv_depth__IBNLCO_04224__IBNLCO_04224__gene__promoter,6.735217629804582,0.01009171775590518
cnv_depth__IBNLCO_02493__IBNLCO_02493__gene__promoter,6.729921844794056,0.010120807653685672
cnv_depth__IBNLCO_00373__Acetyl-CoA__CDS,6.729138136235824,0.010125119940648356
cnv_depth__IBNLCO_04143__IBNLCO_04143__gene,6.729024127204455,0.010125747423403995
cnv_depth__IBNLCO_02311__IBNLCO_02311__gene,6.728926606079976,0.010126284191922219
cnv_depth__IBNLCO_02971__IBNLCO_02971__gene,6.727991527620904,0.010131432473870848
cnv_depth__IBNLCO_03100__impA__gene,6.717716464668087,0.010188182570470054
cnv_depth__IBNLCO_00759__IS3__CDS__promoter,6.7158331923848955,0.010198619618692594
cnv_depth__IBNLCO_04060__MFS__CDS,6.712062738413183,0.010219548595353014
cnv_depth__IBNLCO_05062__Cellulose__CDS,6.711608529635851,0.01022207280368496
cnv_depth__IBNLCO_02590__Glucose-6-phosphate__CDS,6.699896543878829,0.010287383668935798
cnv_depth__IBNLCO_00819__IBNLCO_00819__gene__promoter,6.695955114364191,0.010309459555262693
cnv_depth__IBNLCO_01134__tetR__gene__promoter,6.689159071806322,0.010347639137309461
cnv_depth__IBNLCO_00279__IBNLCO_00279__gene__promoter,6.687986850837625,0.01035423933488462
cnv_depth__IBNLCO_01043__Chromate__CDS__promoter,6.6870954672369605,0.010359261187856897
cnv_depth__IBNLCO_04062__Bacteriophage__CDS,6.686744696691863,0.010361238039606759
cnv_depth__IBNLCO_05149__IBNLCO_05149__gene,6.685119023805234,0.01037040500174201
cnv_depth__IBNLCO_04036__Branched-chain__CDS__promoter,6.6814190509996365,0.010391299937202012
cnv_depth__IBNLCO_00490__IBNLCO_00490__gene__promoter,6.680100472267256,0.010398756886767035
cnv_depth__IBNLCO_00873__Elongation__CDS,6.677302791881676,0.010414596911282815
cnv_depth__IBNLCO_00888__IBNLCO_00888__gene,6.672322507771586,0.010442856230255058
cnv_depth__IBNLCO_03927__IBNLCO_03927__gene__promoter,6.671904269993449,0.010445233015360385
cnv_depth__IBNLCO_05268__IBNLCO_05268__gene,6.664089532220023,0.010489746015945847
cnv_depth__IBNLCO_05102__sctQ__gene__promoter,6.663592733728273,0.010492582416099372
cnv_depth__IBNLCO_02878__IBNLCO_02878__gene,6.660082274449751,0.01051264748740607
cnv_depth__IBNLCO_02703__IBNLCO_02703__gene,6.6583812359798396,0.010522384538247657
cnv_depth__IBNLCO_03101__clpB__gene__promoter,6.641794322598066,0.01061782108423439
cnv_depth__IBNLCO_00813__HTH__CDS,6.64121043444991,0.010621196873501588
cnv_depth__IBNLCO_04475__IBNLCO_04475__gene__promoter,6.637404954578368,0.010643225712383996
cnv_depth__IBNLCO_04190__3-oxoacyl-[acyl-carrier-protein]__CDS,6.637145288137508,0.010644730567688077
cnv_depth__IBNLCO_03803__2-aminoethylphosphonate--pyruvate__CDS__promoter,6.635352141233645,0.010655128469303513
cnv_depth__IBNLCO_05100__Type__CDS,6.634685989216421,0.010658993952140807
cnv_depth__IBNLCO_02149__tRNA__CDS,6.631250186881441,0.01067895392826744
cnv_depth__IBNLCO_02358__IBNLCO_02358__gene__promoter,6.618004174429003,0.010756267767220606
cnv_depth__IBNLCO_04870__hypothetical__CDS__promoter,6.617002164652665,0.01076213975381801
cnv_depth__IBNLCO_00318__IBNLCO_00318__gene__promoter,6.61055984358104,0.010799972338990143
cnv_depth__IBNLCO_05313__Transmembrane__CDS__promoter,6.609903514252834,0.010803834348491175
cnv_depth__IBNLCO_01747__Transmembrane__CDS__promoter,6.599164626465935,0.010867227922400193
cnv_depth__IBNLCO_02086__hypothetical__CDS,6.598413111556579,0.010871678623201616
cnv_depth__IBNLCO_05255__GTP__CDS__promoter,6.598335616492667,0.0108721376798185
cnv_depth__IBNLCO_03370__Ethanolamine__CDS__promoter,6.597395080400607,0.010877710720618126
cnv_depth__IBNLCO_00882__gnl|Bakta|IBNLCO_00882__CDS__promoter,6.592582060474306,0.010906275997500221
cnv_depth__IBNLCO_00469__IBNLCO_00469__gene,6.591288269124708,0.010913967869554139
cnv_depth__IBNLCO_03936__IBNLCO_03936__gene,6.584151971690928,0.01095649563321452
cnv_depth__IBNLCO_02468__Dual-action__CDS,6.575430282280768,0.011008704110692642
cnv_depth__IBNLCO_01424__Ornithine__CDS,6.575250239527616,0.011009784561839533
cnv_depth__IBNLCO_03560__IBNLCO_03560__gene__promoter,6.575021116776634,0.011011159704602397
cnv_depth__IBNLCO_00762__Tyrosine__CDS__promoter,6.572292434718505,0.01102755029520187
cnv_depth__IBNLCO_01171__IBNLCO_01171__gene__promoter,6.571466314544489,0.011032517590719661
cnv_depth__IBNLCO_02312__IBNLCO_02312__gene,6.571358093899349,0.0110331684712198
cnv_depth__IBNLCO_01237__Aminoacyl-tRNA__CDS,6.566706044117954,0.011061185260661795
cnv_depth__IBNLCO_02636__Urease__CDS,6.56077463428013,0.01109701368839672
cnv_depth__IBNLCO_02887__IBNLCO_02887__gene__promoter,6.558252273175181,0.011112286254472178
cnv_depth__IBNLCO_04147__Dimethyl-sulfide__CDS,6.552552739614719,0.011146876292734096
cnv_depth__IBNLCO_04395__IBNLCO_04395__gene,6.551661605935788,0.011152294573836725
cnv_depth__IBNLCO_03912__DNA__CDS,6.549049060081422,0.011168195109102188
cnv_depth__IBNLCO_04451__D-alanyl-D-alanine__CDS,6.5454973513458246,0.011189849212647754
cnv_depth__IBNLCO_02719__Arabinose__CDS,6.541120328790551,0.01121659484668854
cnv_depth__IBNLCO_04468__IBNLCO_04468__gene__promoter,6.537269726838686,0.011240178475684244
cnv_depth__IBNLCO_04835__IBNLCO_04835__gene,6.534716401298742,0.011255845002511655
cnv_depth__IBNLCO_02170__Inner__CDS__promoter,6.533855742594783,0.011261130863758082
cnv_depth__IBNLCO_04288__IBNLCO_04288__gene__promoter,6.533174267360628,0.011265318064880809
cnv_depth__IBNLCO_00837__N-acetylmuramoyl-L-alanine__CDS__promoter,6.528176927997166,0.011296072557803452
cnv_depth__IBNLCO_01113__IBNLCO_01113__gene__promoter,6.523838635977152,0.011322841579021319
cnv_depth__IBNLCO_02837__phnI__gene__promoter,6.5233182804746415,0.011326056787929454
cnv_depth__IBNLCO_00019__Efflux__CDS__promoter,6.523079461220918,0.011327532737176486
cnv_depth__IBNLCO_01000__IBNLCO_01000__gene__promoter,6.515263935770998,0.01137594415653196
cnv_depth__unknown__unknown__regulatory.3,6.511969941377285,0.01139641208948782
cnv_depth__IBNLCO_02264__yiaJ__gene,6.50383934714403,0.011447096495886891
cnv_depth__IBNLCO_02134__IBNLCO_02134__gene,6.500058578643722,0.011470744383489807
cnv_depth__IBNLCO_04940__IBNLCO_04940__gene__promoter,6.498859421645657,0.011478255403320694
cnv_depth__IBNLCO_01893__putative__CDS,6.49502972358798,0.011502277128170193
cnv_depth__IBNLCO_04016__IBNLCO_04016__gene,6.494770231614228,0.011503906668072836
cnv_depth__IBNLCO_04086__IBNLCO_04086__gene__promoter,6.489345688826275,0.01153802607921584
cnv_depth__IBNLCO_02317__puuA__gene,6.48596488458104,0.011559343682134722
cnv_depth__IBNLCO_05822__DUF4345__CDS,6.485905980366717,0.011559715462619
cnv_depth__IBNLCO_03008__IBNLCO_03008__gene,6.478658635986081,0.011605552416540864
cnv_depth__IBNLCO_04092__hypothetical__CDS,6.4741216996474655,0.01163434264964737
cnv_depth__IBNLCO_05040__Carboxypeptidase__CDS,6.469016896729741,0.011666824789504027
cnv_depth__IBNLCO_02862__pqiB__gene,6.46818367292369,0.011672135539846185
cnv_depth__IBNLCO_00916__IBNLCO_00916__gene,6.465997695840506,0.011686080278639861
cnv_depth__IBNLCO_01111__mabA__gene__promoter,6.4616821013952865,0.011713660862495652
cnv_depth__IBNLCO_01643__hypothetical__CDS__promoter,6.46079889287119,0.011719313668661194
cnv_depth__IBNLCO_01170__IBNLCO_01170__gene__promoter,6.460529391280395,0.011721039123767086
cnv_depth__IBNLCO_02737__pilW__gene__promoter,6.46041521440685,0.011721770208262587
cnv_depth__IBNLCO_02675__IBNLCO_02675__gene,6.4580558311915635,0.011736888112148262
cnv_depth__IBNLCO_00851__Protein__CDS__promoter,6.451792695356423,0.011777117519217454
cnv_depth__IBNLCO_01902__GTPase__CDS,6.447279631864801,0.011806194290527707
cnv_depth__IBNLCO_00301__Secreted__CDS__promoter,6.444500195670356,0.011824138602430574
cnv_depth__IBNLCO_01178__IBNLCO_01178__gene,6.443577818143666,0.01183009979767194
cnv_depth__IBNLCO_02818__IBNLCO_02818__gene,6.439670828567513,0.01185538462774271
cnv_depth__IBNLCO_01248__eamA__gene__promoter,6.438106169342522,0.011865526297374623
cnv_depth__IBNLCO_01854__DUF2975__CDS,6.435852879142014,0.011880147252896791
cnv_depth__IBNLCO_01552__IBNLCO_01552__gene,6.434248496701106,0.01189056899525833
cnv_depth__IBNLCO_05324__D-inositol-3-phosphate__CDS__promoter,6.43330843745722,0.011896679824959453
cnv_depth__IBNLCO_02172__IBNLCO_02172__gene,6.433005259560798,0.011898651317770183
cnv_depth__IBNLCO_03061__HTH__CDS,6.42933818118193,0.011922524242606947
cnv_depth__IBNLCO_02498__gnl|Bakta|IBNLCO_02498__CDS,6.429220007297968,0.011923294386469439
cnv_depth__IBNLCO_02750__trnK__gene,6.426467646989846,0.011941246199710882
cnv_depth__IBNLCO_04508__prnC__gene,6.420436143564565,0.011980683570206617
cnv_depth__IBNLCO_04512__IBNLCO_04512__gene,6.419571501115513,0.011986348128300022
cnv_depth__IBNLCO_02250__Lysine--tRNA__CDS__promoter,6.418023641410044,0.011996495592479877
cnv_depth__IBNLCO_01174__IBNLCO_01174__gene,6.415232845236464,0.012014813979332309
cnv_depth__IBNLCO_02089__IBNLCO_02089__gene,6.412750794300778,0.012031130132155744
cnv_depth__IBNLCO_01014__yebQ__gene__promoter,6.411688950868332,0.012038117330327851
cnv_depth__IBNLCO_03804__2-aminoethylphosphonate__CDS__promoter,6.4097244051571955,0.01205105561427679
cnv_depth__IBNLCO_05525__terC__gene,6.409464767812693,0.012052766634093971
cnv_depth__IBNLCO_01861__Spermidine/putrescine__CDS,6.409314242124879,0.01205375871916222
cnv_depth__IBNLCO_02944__IBNLCO_02944__gene__promoter,6.40755846298864,0.01206533695784016
cnv_depth__IBNLCO_02671__Aspartate__CDS__promoter,6.404928720237797,0.012082699965099506
cnv_depth__IBNLCO_03153__thiS__gene,6.404699287465226,0.012084216032612137
cnv_depth__IBNLCO_04724__gnl|Bakta|IBNLCO_04724__CDS,6.403469160579374,0.012092347939951805
cnv_depth__IBNLCO_01941__Threonine__CDS__promoter,6.4015706561482,0.012104909359789964
cnv_depth__IBNLCO_04047__Pyochelin__CDS__promoter,6.398144766980054,0.01212761088414394
cnv_depth__IBNLCO_01289__Biotin-independent__CDS,6.396232686518569,0.012140300371724408
cnv_depth__IBNLCO_05531__IBNLCO_05531__gene__promoter,6.392010128314968,0.012168372019745449
cnv_depth__IBNLCO_02830__phnE__gene,6.390971458527851,0.012175287408208564
cnv_depth__IBNLCO_02219__tnp__gene__promoter,6.390396678979332,0.012179115997516416
cnv_depth__IBNLCO_00250__hypothetical__CDS,6.38697437630725,0.012201937670563769
cnv_depth__IBNLCO_02192__SAM-dependent__CDS,6.383540703827695,0.01222487965939422
cnv_depth__IBNLCO_04180__IBNLCO_04180__gene,6.38329309261663,0.012226535792261427
cnv_depth__IBNLCO_00373__Acetyl-CoA__CDS__promoter,6.3810756435067715,0.012241377427130006
cnv_depth__IBNLCO_04803__Amidohydrolase-related__CDS__promoter,6.377250009668801,0.012267026686249854
cnv_depth__IBNLCO_03901__Amidohydrolase__CDS__promoter,6.374730972930184,0.012283946139190155
cnv_depth__IBNLCO_02082__DUF2399__CDS__promoter,6.372556770112969,0.012298568894172567
cnv_depth__IBNLCO_04983__Type__CDS,6.369724734292583,0.012317642982809691
cnv_depth__IBNLCO_05309__Carrier__CDS__promoter,6.362545742986543,0.012366131673431553
cnv_depth__IBNLCO_05011__bicA__gene,6.3620837367566905,0.012369258939039516
cnv_depth__IBNLCO_02157__Gamma-glutamylcyclotransferase__CDS,6.358828188813428,0.012391318586679492
cnv_depth__IBNLCO_04276__Diguanylate__CDS__promoter,6.358455431734239,0.012393846992760199
cnv_depth__IBNLCO_03691__IBNLCO_03691__gene,6.3564973693240185,0.012407137278846441
cnv_depth__IBNLCO_05509__prnC__gene,6.336526777806804,0.012543532853990446
cnv_depth__IBNLCO_04434__IBNLCO_04434__gene,6.334978937110125,0.01255416895865568
cnv_depth__IBNLCO_02815__NAD__CDS,6.330695659432446,0.012583650537325413
cnv_depth__IBNLCO_04866__IS5__CDS__promoter,6.327648212747824,0.01260466960158015
cnv_depth__IBNLCO_00334__ybaK__gene__promoter,6.3267360501429355,0.012610968101858827
cnv_depth__IBNLCO_00950__Alpha-ribazole__CDS__promoter,6.326586945212383,0.012611997984178296
cnv_depth__IBNLCO_01404__Spore__CDS,6.325677594229216,0.012618280846055959
cnv_depth__IBNLCO_05803__IBNLCO_05803__gene,6.325639467592966,0.012618544340316071
cnv_depth__IBNLCO_02841__IBNLCO_02841__gene__promoter,6.323566693673492,0.012632877919037408
cnv_depth__IBNLCO_05831__hpnN__gene__promoter,6.321860956439335,0.0126446860252358
cnv_depth__IBNLCO_03729__IBNLCO_03729__gene__promoter,6.320556542543602,0.01265372365050676
cnv_depth__IBNLCO_03900__xapX__gene__promoter,6.319945554966337,0.012657959175398631
cnv_depth__IBNLCO_03325__protein__CDS__promoter,6.31910271821962,0.012663804349061166
cnv_depth__IBNLCO_00936__IBNLCO_00936__gene,6.317863191348213,0.012672405695491063
cnv_depth__IBNLCO_01412__hypothetical__CDS__promoter,6.317138834316076,0.012677434967330384
cnv_depth__IBNLCO_00708__IBNLCO_00708__gene__promoter,6.316182887655792,0.01268407534994496
cnv_depth__IBNLCO_05695__IBNLCO_05695__gene,6.315621802503805,0.012687974546394505
cnv_depth__IBNLCO_02081__hypothetical__CDS__promoter,6.315068765151751,0.012691819030488584
cnv_depth__IBNLCO_00908__IBNLCO_00908__gene,6.313232810800291,0.012704590469686455
cnv_depth__IBNLCO_00441__moeB__gene__promoter,6.303415508427201,0.012773108769835161
cnv_depth__IBNLCO_02443__IBNLCO_02443__gene__promoter,6.299273108324299,0.012802134712878417
cnv_depth__IBNLCO_02354__sufT__gene,6.2987027995495515,0.012806136233882652
cnv_depth__IBNLCO_04611__Phosphocarrier__CDS,6.295745244987309,0.012826908443984356
cnv_depth__IBNLCO_01363__hypothetical__CDS,6.295534450100273,0.01282839028123144
cnv_depth__IBNLCO_05008__HNS-like__CDS__promoter,6.295468925609026,0.012828850938738435
cnv_depth__IBNLCO_00448__IBNLCO_00448__gene__promoter,6.290981755600501,0.01286043793724503
cnv_depth__IBNLCO_01248__EamA__CDS,6.289736842978424,0.012869215647525498
cnv_depth__IBNLCO_02795__IBNLCO_02795__gene__promoter,6.287533281752781,0.012884767877389078
cnv_depth__IBNLCO_01161__IBNLCO_01161__gene__promoter,6.28717631983195,0.012887289064613339
cnv_depth__IBNLCO_04939__histidine__CDS__promoter,6.283599628871109,0.012912579115933288
cnv_depth__IBNLCO_02087__Calcineurin-like__CDS__promoter,6.277705176157696,0.012954369829168543
cnv_depth__IBNLCO_03976__IBNLCO_03976__gene,6.2760196101188335,0.012966345963367905
cnv_depth__IBNLCO_02588__IBNLCO_02588__gene,6.2737772304994985,0.01298229610228309
cnv_depth__IBNLCO_05630__lktB__gene__promoter,6.268556001964294,0.01301951373398719
cnv_depth__IBNLCO_00708__IBNLCO_00708__gene,6.267419215792123,0.013027631544774938
cnv_depth__IBNLCO_02084__IBNLCO_02084__gene__promoter,6.265966853630652,0.013038010519792897
cnv_depth__IBNLCO_02284__hypothetical__CDS__promoter,6.264839729803461,0.013046071157079531
cnv_depth__IBNLCO_05072__DNA-binding__CDS,6.264350810710574,0.01304956927225427
cnv_depth__IBNLCO_03528__hypothetical__CDS__promoter,6.251957826988012,0.013138563792481855
cnv_depth__IBNLCO_02042__DUF1800__CDS__promoter,6.251781423837292,0.013139835080137692
cnv_depth__IBNLCO_03709__dhaK__gene__promoter,6.24729942823043,0.013172178351628108
cnv_depth__IBNLCO_02845__non-specific__CDS,6.2461431461931864,0.013180535768496558
cnv_depth__IBNLCO_01660__Extracytoplasmic-function__CDS__promoter,6.243869739364962,0.01319698360538516
cnv_depth__IBNLCO_00902__High-affinity__CDS__promoter,6.242732889745771,0.013205216557101319
cnv_depth__IBNLCO_01508__IBNLCO_01508__gene,6.241969875896028,0.013210745211977478
cnv_depth__IBNLCO_04691__IBNLCO_04691__gene,6.241692655493157,0.01321275449286594
cnv_depth__IBNLCO_01024__tRNA-Arg(cct)__tRNA,6.240974573236637,0.013217960593080507
cnv_depth__IBNLCO_02393__Thioredoxin__CDS__promoter,6.240451377602966,0.013221755102768133
cnv_depth__IBNLCO_03948__hypothetical__CDS__promoter,6.23450110659675,0.013264989326716754
cnv_depth__IBNLCO_05786__IBNLCO_05786__gene,6.230669353149333,0.013292908083503882
cnv_depth__IBNLCO_03892__IBNLCO_03892__gene__promoter,6.229262867471406,0.013303171230540861
cnv_depth__IBNLCO_00619__IBNLCO_00619__gene,6.228578032313504,0.013308171455177984
cnv_depth__IBNLCO_05242__IBNLCO_05242__gene__promoter,6.227284161812983,0.013317623779776857
cnv_depth__IBNLCO_02090__IBNLCO_02090__gene,6.221899575383463,0.013357035471139467
cnv_depth__IBNLCO_02890__Anhydro-N-acetylmuramic__CDS,6.221651281002417,0.013358855738194331
cnv_depth__IBNLCO_02462__gnl|Bakta|IBNLCO_02462__CDS__promoter,6.220284928904344,0.013368877181608016
cnv_depth__IBNLCO_05104__hrcV__gene__promoter,6.220135529648739,0.01336997341565041
cnv_depth__IBNLCO_02682__IBNLCO_02682__gene__promoter,6.208040000412263,0.01345903555894398
cnv_depth__IBNLCO_00089__IBNLCO_00089__gene,6.207072004522882,0.013466189655444265
cnv_depth__IBNLCO_04797__1-aminocyclopropane-1-carboxylate__CDS__promoter,6.204690058707834,0.013483810515187648
cnv_depth__IBNLCO_02736__IBNLCO_02736__gene,6.201834403925537,0.01350496722417374
cnv_depth__IBNLCO_04216__IBNLCO_04216__gene,6.201613600089191,0.013506604527451782
cnv_depth__IBNLCO_05107__Serine__CDS,6.200652827771849,0.01351373123627313
cnv_depth__IBNLCO_03157__IBNLCO_03157__gene,6.199344790928773,0.013523440110768828
cnv_depth__IBNLCO_04844__IBNLCO_04844__gene,6.196247277720846,0.013546460177206879
cnv_depth__IBNLCO_02595__gluA__gene__promoter,6.195118306296737,0.013554860551788119
cnv_depth__IBNLCO_00679__IBNLCO_00679__gene__promoter,6.1946431509179085,0.013558397670262973
cnv_depth__IBNLCO_03888__IBNLCO_03888__gene,6.192235208605119,0.013576337421375245
cnv_depth__IBNLCO_04334__IBNLCO_04334__gene,6.1904712522417755,0.013589494934673717
cnv_depth__IBNLCO_02407__IBNLCO_02407__gene__promoter,6.188510111470865,0.013604138782688766
cnv_depth__IBNLCO_03900__XapX__CDS,6.188333871643601,0.013605455567145448
cnv_depth__IBNLCO_01247__hypothetical__CDS__promoter,6.185239367033331,0.013628597847638162
cnv_depth__IBNLCO_00928__sulfate__CDS,6.184965035819444,0.013630651404145789
cnv_depth__IBNLCO_02475__nudL__gene__promoter,6.1849431454873125,0.013630815282051177
cnv_depth__IBNLCO_04854__IBNLCO_04854__gene,6.182226121182465,0.013651171647326826
cnv_depth__IBNLCO_05061__Cellulose__CDS,6.182206452702528,0.013651319121447236
cnv_depth__IBNLCO_02967__IBNLCO_02967__gene__promoter,6.174685162870461,0.01370783494748957
cnv_depth__IBNLCO_03559__IBNLCO_03559__gene,6.1741544061492215,0.013711832264566544
cnv_depth__IBNLCO_03614__IBNLCO_03614__gene,6.1585954755620715,0.01382955063495137
cnv_depth__IBNLCO_00920__IBNLCO_00920__gene,6.156736213758324,0.013843687668332286
cnv_depth__IBNLCO_01341__IBNLCO_01341__gene__promoter,6.1531716551168305,0.013870832966099172
cnv_depth__unknown__unknown__regulatory,6.151790137505671,0.013881368515626654
cnv_depth__IBNLCO_05470__ethA__gene__promoter,6.149158667632172,0.013901459247866956
cnv_depth__IBNLCO_01870__ybiT__gene__promoter,6.145777286806509,0.013927319666671984
cnv_depth__IBNLCO_05413__Metal-dependent__CDS__promoter,6.143754497936545,0.013942813567944563
cnv_depth__IBNLCO_05185__IBNLCO_05185__gene,6.136881484082183,0.013995592274370316
cnv_depth__IBNLCO_04272__IBNLCO_04272__gene__promoter,6.129703022682716,0.014050937776298828
cnv_depth__IBNLCO_04219__IBNLCO_04219__gene,6.128349664628914,0.014061397486932194
cnv_depth__IBNLCO_03972__IBNLCO_03972__gene,6.12659599750088,0.014074963081420587
cnv_depth__IBNLCO_05136__IBNLCO_05136__gene__promoter,6.126456040525121,0.014076046311401061
cnv_depth__IBNLCO_05023__SctC__CDS__promoter,6.110840280539196,0.014197452795331416
cnv_depth__IBNLCO_04373__porin__CDS__promoter,6.103587948222557,0.014254205677148543
cnv_depth__IBNLCO_02520__IBNLCO_02520__gene,6.1028685239121865,0.014259848321413103
cnv_depth__IBNLCO_03981__hypothetical__CDS__promoter,6.102828374809021,0.014260163290202108
cnv_depth__IBNLCO_00590__IBNLCO_00590__gene,6.101625774191598,0.014269601010130523
cnv_depth__IBNLCO_05460__IBNLCO_05460__gene,6.09494791897177,0.01432212520568886
cnv_depth__IBNLCO_00611__IBNLCO_00611__gene,6.0942738776744,0.014327437959915533
cnv_depth__IBNLCO_03513__IBNLCO_03513__gene__promoter,6.091802034328363,0.014346938385027824
cnv_depth__IBNLCO_02391__Trehalose-6-phosphate__CDS__promoter,6.0898293020128,0.014362521064644546
cnv_depth__IBNLCO_02619__Biotin__CDS,6.088871687122029,0.014370091625602975
cnv_depth__IBNLCO_01587__Mop__CDS,6.087045658621498,0.014384539028114462
cnv_depth__IBNLCO_00294__IBNLCO_00294__gene__promoter,6.085777060929355,0.014394584948343832
cnv_depth__IBNLCO_01292__hypothetical__CDS,6.0848686876254705,0.014401782752477906
cnv_depth__IBNLCO_05410__hypothetical__CDS,6.084365647363768,0.014405770368834211
cnv_depth__IBNLCO_02674__UPF0301__CDS__promoter,6.08357799729949,0.014412016397017767
cnv_depth__IBNLCO_03064__GP-PDE__CDS__promoter,6.078796898958028,0.014449990612375408
cnv_depth__IBNLCO_02538__Fructose-1%2C6-bisphosphatase__CDS__promoter,6.0770094699109505,0.014464214037879073
cnv_depth__IBNLCO_00796__IBNLCO_00796__gene__promoter,6.072337226674335,0.014501461947647879
cnv_depth__IBNLCO_02516__hypothetical__CDS__promoter,6.072174438185926,0.01450276151734581
cnv_depth__IBNLCO_04156__Betaine__CDS,6.070734613800019,0.014514261155121866
cnv_depth__IBNLCO_01429__IBNLCO_01429__gene,6.070647660779854,0.014514955937238998
cnv_depth__IBNLCO_02512__Ubiquinone__CDS,6.069337477950618,0.014525428889851944
cnv_depth__IBNLCO_05328__gnl|Bakta|IBNLCO_05328__CDS,6.068280694857655,0.014533882002013134
cnv_depth__IBNLCO_01277__IBNLCO_01277__gene__promoter,6.057866775263464,0.014617455456769008
cnv_depth__IBNLCO_02775__IBNLCO_02775__gene__promoter,6.053994088259282,0.014648661465004369
cnv_depth__IBNLCO_02300__LysR__CDS__promoter,6.047207401739326,0.014703515216355939
cnv_depth__IBNLCO_04048__IBNLCO_04048__gene,6.045864774160625,0.0147143923029539
cnv_depth__IBNLCO_02512__IBNLCO_02512__gene__promoter,6.042779292402269,0.014739420500702823
cnv_depth__IBNLCO_03385__IBNLCO_03385__gene,6.041988907724842,0.014745838890234111
cnv_depth__IBNLCO_01366__IBNLCO_01366__gene__promoter,6.037129447961297,0.014785364348934425
cnv_depth__IBNLCO_05280__Molybdate__CDS__promoter,6.0343793619856045,0.014807781459889223
cnv_depth__IBNLCO_02085__IBNLCO_02085__gene,6.033446554474206,0.014815393175280665
cnv_depth__IBNLCO_00874__DUF192__CDS,6.032923865111967,0.014819660098714197
cnv_depth__IBNLCO_03052__FMN-dependent__CDS__promoter,6.029568606439172,0.014847080808393408
cnv_depth__IBNLCO_01384__Transmembrane__CDS,6.029490175133684,0.014847722414299437
cnv_depth__IBNLCO_04108__Immunity__CDS,6.023103962098543,0.014900061389049157
cnv_depth__IBNLCO_02802__IBNLCO_02802__gene__promoter,6.022462104558036,0.014905332387520478
cnv_depth__IBNLCO_00951__IBNLCO_00951__gene,6.022338539648415,0.01490634733704534
cnv_depth__IBNLCO_01421__IBNLCO_01421__gene__promoter,6.02106650393108,0.014916799878776003
cnv_depth__IBNLCO_05342__gnl|Bakta|IBNLCO_05342__CDS,6.019125671424946,0.014932762700413948
cnv_depth__IBNLCO_04386__IclR__CDS__promoter,6.0179708015803435,0.014942269603856358
cnv_depth__IBNLCO_03252__IBNLCO_03252__gene,6.013192471418474,0.014981671689954268
cnv_depth__IBNLCO_02951__IBNLCO_02951__gene__promoter,6.01202913723675,0.014991280849752948
cnv_depth__IBNLCO_01495__Translation__CDS__promoter,6.011424563737949,0.01499627716261928
cnv_depth__IBNLCO_02160__N-acetyltransferase__CDS,6.011248620442819,0.014997731516827336
cnv_depth__IBNLCO_04247__tRNA-Leu(gag)__tRNA,6.010640187109668,0.015002761979201773
cnv_depth__IBNLCO_02307__IBNLCO_02307__gene,6.004834439408487,0.015050851457643568
cnv_depth__IBNLCO_00757__IBNLCO_00757__gene__promoter,6.004351469177301,0.015054859140454778
cnv_depth__IBNLCO_05172__Glycosyltransferase__CDS__promoter,6.001879118851815,0.015075392036227037
cnv_depth__IBNLCO_00297__IBNLCO_00297__gene__promoter,5.997628607541945,0.015110760546638673
cnv_depth__IBNLCO_02311__IBNLCO_02311__gene__promoter,5.991181609540425,0.01516457050039664
cnv_depth__IBNLCO_05363__Glycine__CDS,5.990948512834291,0.015166519766704138
cnv_depth__IBNLCO_03809__Phosphonoacetaldehyde__CDS__promoter,5.990438706244203,0.015170783920108958
cnv_depth__IBNLCO_00447__IBNLCO_00447__gene__promoter,5.986016298644101,0.01520782633604755
cnv_depth__IBNLCO_05492__IBNLCO_05492__gene,5.981066242910041,0.015249399751714006
cnv_depth__IBNLCO_00484__IBNLCO_00484__gene,5.979558538024624,0.015262085750024296
cnv_depth__IBNLCO_03596__Solute-binding__CDS__promoter,5.978843790164967,0.01526810354616149
cnv_depth__IBNLCO_05751__Glycosyltransferase__CDS__promoter,5.9733737348668905,0.015314240136237542
cnv_depth__IBNLCO_02112__IBNLCO_02112__gene__promoter,5.970413369005644,0.015339269357271989
cnv_depth__IBNLCO_05521__UDP-N-acetylglucosamine__CDS,5.9679727786366294,0.015359935931060336
cnv_depth__IBNLCO_02034__Inclusion__CDS,5.9672937181381185,0.015365691258083238
cnv_depth__IBNLCO_02083__DNA__CDS,5.965844629569414,0.015377980388696482
cnv_depth__IBNLCO_01875__IBNLCO_01875__gene__promoter,5.958663136431192,0.015439034479780456
cnv_depth__IBNLCO_01694__IBNLCO_01694__gene,5.957311429091117,0.01545055425173113
cnv_depth__IBNLCO_02091__IBNLCO_02091__gene,5.954659446766573,0.015473181406947973
cnv_depth__IBNLCO_03371__Ethanolamine__CDS__promoter,5.9507860117394324,0.015506292043277855
cnv_depth__IBNLCO_01540__IBNLCO_01540__gene__promoter,5.940233130956766,0.015596873234402767
cnv_depth__IBNLCO_03698__IBNLCO_03698__gene,5.939619131689358,0.015602160412780449
cnv_depth__IBNLCO_04411__IBNLCO_04411__gene,5.937088085762532,0.01562397503211225
cnv_depth__IBNLCO_01317__Phosphate-binding__CDS,5.935021461848719,0.01564181037063495
cnv_depth__IBNLCO_02461__Sigma-54__CDS__promoter,5.931418221577144,0.015672957570222457
cnv_depth__IBNLCO_04167__Transcriptional__CDS__promoter,5.926325382394926,0.015717091081680665
cnv_depth__IBNLCO_03795__IBNLCO_03795__gene__promoter,5.925099543274078,0.01572773321269669
cnv_depth__IBNLCO_02628__Protein-L-isoaspartate__CDS,5.9231986353128425,0.01574425076052926
cnv_depth__IBNLCO_00962__Acetyl-CoA__CDS,5.9204502924898375,0.015768163777686577
cnv_depth__IBNLCO_03770__IBNLCO_03770__gene__promoter,5.919258571899063,0.015778544523440175
cnv_depth__IBNLCO_01976__Ysc84__CDS__promoter,5.918679857868554,0.015783588099881896
cnv_depth__IBNLCO_03793__Hydrogen__CDS__promoter,5.9173885729551445,0.015794847871415874
cnv_depth__IBNLCO_00944__IBNLCO_00944__gene,5.9168243524594715,0.015799770390966743
cnv_depth__IBNLCO_00070__Transmembrane__CDS,5.9137023066155505,0.015827037372233444
cnv_depth__IBNLCO_05748__IBNLCO_05748__gene,5.906905282056761,0.015886569638510924
cnv_depth__IBNLCO_04989__IBNLCO_04989__gene,5.8994603265310035,0.01595204382276333
cnv_depth__IBNLCO_01546__IBNLCO_01546__gene__promoter,5.897395170708876,0.01597025531468697
cnv_depth__IBNLCO_05122__4-hydroxybutyrate__CDS,5.894475374193056,0.015996040279287433
cnv_depth__IBNLCO_04956__IBNLCO_04956__gene__promoter,5.893939209997595,0.016000779887251994
cnv_depth__IBNLCO_01052__putative__CDS__promoter,5.892968174052574,0.01600936740739294
cnv_depth__IBNLCO_03508__IBNLCO_03508__gene__promoter,5.882769672796188,0.016099849300148517
cnv_depth__IBNLCO_02085__hypothetical__CDS__promoter,5.8807939535814,0.01611743937222318
cnv_depth__IBNLCO_02130__cell__CDS__promoter,5.880178222000563,0.016122925386079023
cnv_depth__IBNLCO_00934__IBNLCO_00934__gene__promoter,5.877365932575689,0.01614800685400616
cnv_depth__IBNLCO_04756__Outer__CDS__promoter,5.875905982368499,0.0161610434333829
cnv_depth__IBNLCO_02833__IBNLCO_02833__gene,5.875863033138045,0.016161427112699706
cnv_depth__IBNLCO_04928__HTH__CDS,5.874330044320145,0.01617512799452882
cnv_depth__IBNLCO_04678__IBNLCO_04678__gene__promoter,5.873732717995484,0.016180469784773683
cnv_depth__IBNLCO_05132__FIST__CDS,5.873546662939691,0.01618213401858461
cnv_depth__IBNLCO_05640__MmgE/Prp__CDS__promoter,5.873501198620048,0.016182540716955806
cnv_depth__IBNLCO_02001__yciB__gene,5.869535853737196,0.01621805335924932
cnv_depth__IBNLCO_03004__8-oxo-dGTP__CDS__promoter,5.86742915498719,0.016236953354052584
cnv_depth__IBNLCO_01293__phospholipase__CDS,5.863436317812667,0.016272837425485354
cnv_depth__IBNLCO_02590__IBNLCO_02590__gene__promoter,5.8621120385114915,0.016284757058138675
cnv_depth__IBNLCO_03778__coiA__gene__promoter,5.861214585627693,0.01629284004896324
cnv_depth__IBNLCO_04660__gabR__gene__promoter,5.8607542897595515,0.016296987362606253
cnv_depth__IBNLCO_05499__40-residue__CDS,5.859878435639531,0.016304881928840106
cnv_depth__IBNLCO_02309__Toprim__CDS__promoter,5.85955751102991,0.01630777559760792
cnv_depth__IBNLCO_02036__DUF4123__CDS__promoter,5.858672177144508,0.01631576112080368
cnv_depth__IBNLCO_05779__hypothetical__CDS,5.858542305830705,0.016316932874072963
cnv_depth__IBNLCO_00681__deoR__gene__promoter,5.857926159826298,0.01632249319235847
cnv_depth__IBNLCO_01017__IBNLCO_01017__gene__promoter,5.856709093671576,0.01633348221137846
cnv_depth__IBNLCO_05440__IBNLCO_05440__gene__promoter,5.85567404371589,0.01634283383538873
cnv_depth__IBNLCO_01192__IBNLCO_01192__gene__promoter,5.850957683121915,0.0163855163981524
cnv_depth__IBNLCO_03810__HD__CDS,5.850151320293515,0.016392825482913407
cnv_depth__IBNLCO_00924__Sulfite__CDS__promoter,5.842873827171078,0.016458944055487305
cnv_depth__IBNLCO_04388__Ferredoxin__CDS__promoter,5.8411742619648575,0.016474425077522416
cnv_depth__IBNLCO_05021__SctV__CDS,5.841077268806431,0.016475309026363755
cnv_depth__IBNLCO_05666__IBNLCO_05666__gene,5.840345838514986,0.01648197651650579
cnv_depth__IBNLCO_04865__type__CDS__promoter,5.8348451121713545,0.016532209344911484
cnv_depth__IBNLCO_04644__Phosphopantetheine-containing__CDS,5.834130754926318,0.01653874454312581
cnv_depth__IBNLCO_00295__IBNLCO_00295__gene__promoter,5.8331374972394885,0.016547835685167704
cnv_depth__IBNLCO_02341__Ubiquinone__CDS,5.832207873611409,0.016556349098879868
cnv_depth__IBNLCO_02462__IBNLCO_02462__gene,5.831134232438882,0.016566187077287582
cnv_depth__IBNLCO_00761__IBNLCO_00761__gene,5.829136024149274,0.01658451321880885
cnv_depth__IBNLCO_02101__SsrA-binding__CDS,5.818435218400876,0.016683012543253998
cnv_depth__IBNLCO_04791__IBNLCO_04791__gene__promoter,5.816584880003106,0.01670010619517504
cnv_depth__IBNLCO_00738__3-phosphoshikimate__CDS__promoter,5.815119088332151,0.016713660278941122
cnv_depth__IBNLCO_02924__IBNLCO_02924__gene,5.807141720474998,0.016787627211639948
cnv_depth__IBNLCO_03560__hypothetical__CDS,5.806458960386261,0.016793973615870046
cnv_depth__IBNLCO_00997__Histidine__CDS,5.802115929193018,0.016834401467570818
cnv_depth__IBNLCO_02557__DNA-directed__CDS__promoter,5.798506066071271,0.016868081481150057
cnv_depth__IBNLCO_02247__rpfE__gene,5.797856438200285,0.01687414994032111
cnv_depth__IBNLCO_02327__Hydrolase__CDS,5.7955917274533455,0.016895323350090957
cnv_depth__IBNLCO_03683__Cytochrome__CDS__promoter,5.790539007281297,0.016942662240130184
cnv_depth__IBNLCO_05422__STAS__CDS,5.78937696976138,0.016953568848184553
cnv_depth__IBNLCO_02005__IBNLCO_02005__gene__promoter,5.789016725198301,0.016956951499935206
cnv_depth__IBNLCO_04808__gnl|Bakta|IBNLCO_04808__CDS__promoter,5.782756294109445,0.017015848349377135
cnv_depth__IBNLCO_01989__N-acetyltransferase__CDS,5.780413657249958,0.017037942040119852
cnv_depth__IBNLCO_00715__IBNLCO_00715__gene,5.780139181049171,0.01704053260943229
cnv_depth__IBNLCO_01477__IBNLCO_01477__gene,5.778989528985504,0.017051387739720824
cnv_depth__IBNLCO_00788__IBNLCO_00788__gene,5.777559233975977,0.01706490276541374
cnv_depth__IBNLCO_02238__Cell__CDS__promoter,5.773365331315105,0.017104595686756787
cnv_depth__IBNLCO_04759__Membrane__CDS__promoter,5.771977505772381,0.01711775180015853
cnv_depth__IBNLCO_02589__IBNLCO_02589__gene,5.77126615610641,0.017124499230603885
cnv_depth__IBNLCO_03890__HTH-type__CDS__promoter,5.770597280603493,0.01713084629954353
cnv_depth__IBNLCO_05251__Transamidase__CDS__promoter,5.770301631262919,0.01713365254389285
cnv_depth__IBNLCO_01708__ABC__CDS__promoter,5.768262233514128,0.017153023123429995
cnv_depth__IBNLCO_05499__40-residue__CDS__promoter,5.766354153787154,0.017171167038056594
cnv_depth__IBNLCO_03773__IBNLCO_03773__gene__promoter,5.765437422726377,0.017179891321893258
cnv_depth__IBNLCO_05759__IBNLCO_05759__gene__promoter,5.758972711163817,0.017241545247480984
cnv_depth__IBNLCO_04071__NADPH-dependent__CDS,5.7575925002392445,0.01725473808972536
cnv_depth__IBNLCO_02454__Multidrug__CDS__promoter,5.751525900952611,0.01731285069050023
cnv_depth__IBNLCO_02006__D-amino-acid__CDS__promoter,5.749224634435962,0.017334947978583513
cnv_depth__IBNLCO_03932__Gamma-glutamyl-gamma-aminobutyraldehyde__CDS,5.742847184134413,0.01739633911378064
cnv_depth__IBNLCO_03562__IBNLCO_03562__gene,5.7405390668729614,0.017418613386056395
cnv_depth__IBNLCO_02485__Leucine-responsive__CDS,5.739047658548177,0.01743302185664816
cnv_depth__IBNLCO_05067__hipA__gene,5.738843801425473,0.017434992279553547
cnv_depth__IBNLCO_04640__IBNLCO_04640__gene,5.737367135989803,0.017449272209904075
cnv_depth__IBNLCO_00823__Major__CDS,5.736876633471747,0.017454018251210967
cnv_depth__IBNLCO_04358__HTH__CDS,5.7354905340673055,0.017467437235127763
cnv_depth__IBNLCO_00222__flagellar__CDS__promoter,5.73375957290987,0.017484209931740862
cnv_depth__IBNLCO_01445__SIS__CDS__promoter,5.732306382146197,0.01749830401779639
cnv_depth__IBNLCO_04878__IBNLCO_04878__gene,5.732294390443641,0.017498420371069294
cnv_depth__IBNLCO_04265__YadA-like__CDS__promoter,5.731840283808913,0.017502827076023176
cnv_depth__IBNLCO_01448__Sulfurtransferase__CDS__promoter,5.731506484859856,0.017506067036855515
cnv_depth__IBNLCO_03614__Hcp1__CDS__promoter,5.729677793025804,0.017523827985359015
cnv_depth__IBNLCO_00288__IBNLCO_00288__gene,5.7294167298839485,0.01752636505788637
cnv_depth__IBNLCO_01486__IBNLCO_01486__gene,5.721443986441647,0.01760403031180227
cnv_depth__IBNLCO_05448__IBNLCO_05448__gene,5.720909018082925,0.017609254422437347
cnv_depth__IBNLCO_02465__IBNLCO_02465__gene,5.717418713309922,0.01764337779580162
cnv_depth__IBNLCO_00396__IBNLCO_00396__gene__promoter,5.716013466841888,0.01765713576620442
cnv_depth__IBNLCO_02240__2-dehydro-3-deoxyphosphooctonate__CDS,5.714223842227047,0.01767467312172781
cnv_depth__IBNLCO_04216__IBNLCO_04216__gene__promoter,5.708877702006653,0.017727170398841696
cnv_depth__IBNLCO_03787__IBNLCO_03787__gene__promoter,5.7045068479296726,0.01777021120271617
cnv_depth__IBNLCO_00371__IBNLCO_00371__gene,5.700041720422503,0.017814292602989824
cnv_depth__IBNLCO_02984__Cytochrome__CDS__promoter,5.699640409326226,0.01781826006293222
cnv_depth__IBNLCO_02676__IBNLCO_02676__gene,5.696917767617218,0.01784520105117607
cnv_depth__IBNLCO_00614__IBNLCO_00614__gene,5.690769837031597,0.017906191838892815
cnv_depth__IBNLCO_03865__hypothetical__CDS,5.684342142064473,0.017970189982625555
cnv_depth__IBNLCO_01351__IBNLCO_01351__gene__promoter,5.681130301439021,0.01800225819699154
cnv_depth__IBNLCO_02286__ntrC__gene__promoter,5.680313850335741,0.018010419436819892
cnv_depth__IBNLCO_01261__diguanylate__CDS,5.678424873251907,0.018029316399331696
cnv_depth__IBNLCO_04661__Carboxymuconolactone__CDS,5.6771440585084445,0.018042141158350167
cnv_depth__IBNLCO_05506__IBNLCO_05506__gene__promoter,5.672677639745197,0.018086937586895547
cnv_depth__IBNLCO_05238__LysM__CDS__promoter,5.669169627159413,0.018122202715570936
cnv_depth__IBNLCO_03767__IBNLCO_03767__gene,5.662182446963426,0.018192656343313275
cnv_depth__IBNLCO_02417__putative__CDS__promoter,5.661872254097363,0.01819579070171105
cnv_depth__IBNLCO_05350__3-oxoacyl-[acyl-carrier__CDS,5.66153245683358,0.018199224844098864
cnv_depth__IBNLCO_00900__4-hydroxy-3-methylbut-2-enyl__CDS__promoter,5.658729896733483,0.018227574498727354
cnv_depth__IBNLCO_02229__Tryptophan--tRNA__CDS,5.65587547323152,0.018256496027857182
cnv_depth__IBNLCO_00972__dCTP__CDS__promoter,5.655060711369124,0.018264760098794946
cnv_depth__IBNLCO_00791__Bcj14__gene,5.653880963898049,0.018276733092713673
cnv_depth__IBNLCO_00170__hypothetical__CDS__promoter,5.652174816415443,0.018294062852696576
cnv_depth__IBNLCO_00763__IBNLCO_00763__gene__promoter,5.6482425771426445,0.01833406873179649
cnv_depth__IBNLCO_00713__IBNLCO_00713__gene,5.647931837148253,0.018337234022681594
cnv_depth__IBNLCO_05271__hypothetical__CDS__promoter,5.64523277444796,0.018364751421812
cnv_depth__IBNLCO_02374__hisM__gene__promoter,5.637835250881335,0.01844039095785095
cnv_depth__IBNLCO_00979__hypothetical__CDS__promoter,5.6352365486417675,0.018467039539181128
cnv_depth__IBNLCO_02873__Phosphatase__CDS,5.632775103453502,0.01849231757312374
cnv_depth__IBNLCO_03680__hypothetical__CDS,5.632462533667418,0.018495530112935504
cnv_depth__IBNLCO_02014__IBNLCO_02014__gene__promoter,5.632047246611313,0.018499799262256065
cnv_depth__IBNLCO_02528__Disulfide__CDS,5.627083801363054,0.018550902921925128
cnv_depth__IBNLCO_05792__IBNLCO_05792__gene__promoter,5.626607431665752,0.01855581534914499
cnv_depth__IBNLCO_02943__VOC__CDS,5.617291165646842,0.018652159378562728
cnv_depth__IBNLCO_04785__IBNLCO_04785__gene__promoter,5.616330347255338,0.018662125246405262
cnv_depth__IBNLCO_00576__IBNLCO_00576__gene__promoter,5.616252968121478,0.01866292808482603
cnv_depth__IBNLCO_02965__IBNLCO_02965__gene__promoter,5.613856480626525,0.01868781037753245
cnv_depth__IBNLCO_02216__tRNA__CDS__promoter,5.612559685900959,0.018701289158570954
cnv_depth__IBNLCO_03718__IBNLCO_03718__gene__promoter,5.610557734019088,0.01872211716245947
cnv_depth__IBNLCO_04787__IBNLCO_04787__gene,5.607680350527486,0.01875209533192517
cnv_depth__IBNLCO_01368__Two__CDS__promoter,5.607121376657869,0.018757924824958416
cnv_depth__IBNLCO_05144__IBNLCO_05144__gene__promoter,5.606979179191024,0.018759408091782944
cnv_depth__IBNLCO_05301__Cupin__CDS__promoter,5.602504474879887,0.01880614632669059
cnv_depth__IBNLCO_04653__IBNLCO_04653__gene,5.602211383948732,0.01880921188544861
cnv_depth__IBNLCO_01058__gnl|Bakta|IBNLCO_01058__CDS__promoter,5.601361475337699,0.01881810437179005
cnv_depth__IBNLCO_04233__IBNLCO_04233__gene__promoter,5.600894825791524,0.018822988728302986
cnv_depth__IBNLCO_05456__IBNLCO_05456__gene__promoter,5.600202370879313,0.018830238991124463
cnv_depth__IBNLCO_01031__gnl|Bakta|IBNLCO_01031__CDS,5.600197546054634,0.018830289519048686
cnv_depth__IBNLCO_01040__Major__CDS,5.599432674765869,0.018838301410614804
cnv_depth__IBNLCO_05521__UDP-N-acetylglucosamine__CDS__promoter,5.597552209326805,0.018858014046820512
cnv_depth__IBNLCO_05484__IBNLCO_05484__gene,5.59643884620359,0.018869695385988428
cnv_depth__IBNLCO_01163__NADH-quinone__CDS__promoter,5.594990281638609,0.01888490491735003
cnv_depth__IBNLCO_05141__IBNLCO_05141__gene__promoter,5.588037072047079,0.0189580896054746
cnv_depth__IBNLCO_05218__IBNLCO_05218__gene,5.5828535990795745,0.01901283936311178
cnv_depth__IBNLCO_00317__IBNLCO_00317__gene__promoter,5.581562055926767,0.019026506724950435
cnv_depth__IBNLCO_04728__IBNLCO_04728__gene__promoter,5.578697243834816,0.019056859253420783
cnv_depth__IBNLCO_02424__3-oxoacyl-[acyl-carrier-protein]__CDS,5.577636289313196,0.01906811279962409
cnv_depth__IBNLCO_02047__IBNLCO_02047__gene__promoter,5.577347679703956,0.019071175279335436
cnv_depth__IBNLCO_02965__IBNLCO_02965__gene,5.569692275152907,0.01915259518378088
cnv_depth__IBNLCO_05518__YaiO__CDS,5.565050536767915,0.019202139121446617
cnv_depth__IBNLCO_02507__Bifunctional__CDS__promoter,5.560963417350735,0.01924587379706505
cnv_depth__IBNLCO_02803__IBNLCO_02803__gene,5.557780569829116,0.019280004057575663
cnv_depth__IBNLCO_01956__putative__CDS__promoter,5.557423253796202,0.019283839557023345
cnv_depth__IBNLCO_05307__Linear__CDS,5.552741782278071,0.0193341648585363
cnv_depth__IBNLCO_01208__IBNLCO_01208__gene,5.551124472087556,0.01935158254052747
cnv_depth__IBNLCO_01159__IBNLCO_01159__gene__promoter,5.548153114640968,0.019383625294805164
cnv_depth__IBNLCO_03862__Cytochrome__CDS,5.541046738145859,0.019460483933889536
cnv_depth__IBNLCO_02836__IBNLCO_02836__gene,5.5389309385751355,0.019483428529044743
cnv_depth__IBNLCO_05329__UDP-glucose__CDS,5.538148779347486,0.01949191771616023
cnv_depth__IBNLCO_01478__Gluconate__CDS__promoter,5.536481776433601,0.019510023438793756
cnv_depth__IBNLCO_03010__IBNLCO_03010__gene__promoter,5.5342683708749325,0.019534090851822398
cnv_depth__IBNLCO_02413__IBNLCO_02413__gene__promoter,5.529248250988561,0.019588791701838942
cnv_depth__IBNLCO_05086__pilT__gene__promoter,5.5259730263680416,0.019624565606517794
cnv_depth__IBNLCO_02084__hypothetical__CDS,5.525905115716113,0.019625308085937574
cnv_depth__IBNLCO_05198__IBNLCO_05198__gene__promoter,5.522620384129066,0.01966125561403062
cnv_depth__IBNLCO_01215__hypothetical__CDS,5.521653848622413,0.01967184626709635
cnv_depth__IBNLCO_05328__gnl|Bakta|IBNLCO_05328__CDS__promoter,5.520939930401831,0.01967967272427103
cnv_depth__IBNLCO_02621__trnG__gene__promoter,5.515998305923678,0.019733935194897134
cnv_depth__IBNLCO_05600__IBNLCO_05600__gene__promoter,5.515190309283042,0.01974282237691631
cnv_depth__IBNLCO_00594__IBNLCO_00594__gene__promoter,5.514948972876337,0.019745477652816985
cnv_depth__IBNLCO_04000__IBNLCO_04000__gene,5.513410275703658,0.019762415741664534
cnv_depth__IBNLCO_02961__EF-hand__CDS__promoter,5.512662289752869,0.019770655092416187
cnv_depth__IBNLCO_05833__4-carboxymuconolactone__CDS__promoter,5.512561295103586,0.019771767861258834
cnv_depth__IBNLCO_03054__IBNLCO_03054__gene__promoter,5.509518655050389,0.019805322580557245
cnv_depth__IBNLCO_00620__IBNLCO_00620__gene__promoter,5.503837861722225,0.019868130182590066
cnv_depth__IBNLCO_05508__prnB__gene,5.502747646419067,0.01988020746553024
cnv_depth__IBNLCO_05507__prnA__gene,5.5026504494533,0.019881284573973677
cnv_depth__IBNLCO_02185__IBNLCO_02185__gene__promoter,5.502595963336058,0.01988188839984206
cnv_depth__IBNLCO_01852__hypothetical__CDS,5.5024797291442935,0.01988317659388566
cnv_depth__IBNLCO_02121__Ribosome-recycling__CDS,5.502126955729899,0.019887086824673852
cnv_depth__IBNLCO_00706__IBNLCO_00706__gene__promoter,5.498647778512966,0.01992569386452319
cnv_depth__IBNLCO_03559__hypothetical__CDS__promoter,5.497870641882786,0.01993432810526022
cnv_depth__IBNLCO_04796__IBNLCO_04796__gene__promoter,5.497173787939296,0.01994207369470779
cnv_depth__IBNLCO_05628__IBNLCO_05628__gene__promoter,5.493301871962981,0.019985167524490293
cnv_depth__IBNLCO_04684__Cytochrome__CDS,5.4897419699522185,0.02002487431925944
cnv_depth__IBNLCO_04695__D-xylulose__CDS,5.488930969076704,0.020033931635674043
cnv_depth__IBNLCO_02248__recJ__gene__promoter,5.4885063480866405,0.020038675536338105
cnv_depth__IBNLCO_00122__trnF__gene,5.486476929239479,0.020061364544378603
cnv_depth__IBNLCO_05795__Major__CDS,5.473942861594406,0.020202090694950714
cnv_depth__IBNLCO_01044__Diguanylate__CDS__promoter,5.472786164280885,0.02021512925756399
cnv_depth__IBNLCO_05289__IBNLCO_05289__gene__promoter,5.4727674864004365,0.020215339870945603
cnv_depth__IBNLCO_00296__Manganese__CDS__promoter,5.471912694525618,0.02022498102529083
cnv_depth__IBNLCO_02121__IBNLCO_02121__gene__promoter,5.470703131782666,0.020238631812191037
cnv_depth__IBNLCO_05035__Winged__CDS__promoter,5.465638133460455,0.020295898357393552
cnv_depth__IBNLCO_04138__asparagine__CDS,5.459577922957575,0.02036463911966483
cnv_depth__IBNLCO_00392__Enoyl-CoA__CDS,5.457241021352856,0.020391211313354595
cnv_depth__IBNLCO_04308__hypothetical__CDS,5.454420218694354,0.020423333950372862
cnv_depth__IBNLCO_00543__IBNLCO_00543__gene,5.454078792208416,0.020427225612272643
cnv_depth__IBNLCO_00687__IBNLCO_00687__gene__promoter,5.45280104077672,0.020441796594422218
cnv_depth__IBNLCO_04811__YeeE/YedE__CDS,5.451942638012422,0.020451591571266886
cnv_depth__IBNLCO_00554__IBNLCO_00554__gene,5.445399797161016,0.02052641093536662
cnv_depth__IBNLCO_00499__IBNLCO_00499__gene__promoter,5.444764733735003,0.02053368825503957
cnv_depth__IBNLCO_05602__Chorismate__CDS__promoter,5.443362666476857,0.020549764352516074
cnv_depth__IBNLCO_05640__IBNLCO_05640__gene,5.442741905501552,0.02055688618580806
cnv_depth__IBNLCO_00264__flgN__gene,5.438929890376433,0.02060067692743443
cnv_depth__IBNLCO_05519__N-acetylglucosamine-1-phosphate__CDS,5.435936137780052,0.020635136010905844
cnv_depth__IBNLCO_04309__IBNLCO_04309__gene__promoter,5.435254554720817,0.02064298965297543
cnv_depth__IBNLCO_04546__hypothetical__CDS__promoter,5.4351062282706675,0.020644699179408345
cnv_depth__IBNLCO_02409__IBNLCO_02409__gene__promoter,5.434364166143698,0.020653253982882997
cnv_depth__IBNLCO_02864__hypothetical__CDS,5.425855207607499,0.020751613438497088
cnv_depth__IBNLCO_00617__IBNLCO_00617__gene,5.424366934053063,0.02076886728876158
cnv_depth__IBNLCO_01304__Major__CDS,5.419200757290834,0.020828875979972624
cnv_depth__IBNLCO_05367__IBNLCO_05367__gene,5.417810941545992,0.02084505048780927
cnv_depth__IBNLCO_01286__IBNLCO_01286__gene__promoter,5.412358152902766,0.0209086359963379
cnv_depth__IBNLCO_04629__Acetyltransferase__CDS__promoter,5.412030855089573,0.020912459077705954
cnv_depth__IBNLCO_01651__capistruin__CDS__promoter,5.402845450359528,0.021020049281981965
cnv_depth__IBNLCO_03785__DoxX__CDS,5.401541335267209,0.02103537133871729
cnv_depth__IBNLCO_01417__IBNLCO_01417__gene,5.399215253567733,0.0210627294126605
cnv_depth__IBNLCO_02852__IBNLCO_02852__gene__promoter,5.395213398577834,0.02110988387631549
cnv_depth__IBNLCO_05659__IBNLCO_05659__gene__promoter,5.394362208673275,0.021119927769041064
cnv_depth__IBNLCO_03763__fkbH__gene,5.3920712672289905,0.021146985248578918
cnv_depth__IBNLCO_04843__IBNLCO_04843__gene__promoter,5.390539868572106,0.02116509220422977
cnv_depth__IBNLCO_00391__IBNLCO_00391__gene__promoter,5.390469940616363,0.021165919404568908
cnv_depth__IBNLCO_05316__DUF2384__CDS,5.3903171063975845,0.021167727447226392
cnv_depth__IBNLCO_00917__Epoxide__CDS,5.38903290432014,0.021182926039639564
cnv_depth__IBNLCO_05641__(3S)-malyl-CoA__CDS__promoter,5.385992909597828,0.021218949905601452
cnv_depth__IBNLCO_05772__IBNLCO_05772__gene__promoter,5.381491552536499,0.021272408291939337
cnv_depth__IBNLCO_02018__Ribosomal__CDS,5.377814847737805,0.021316177296667415
cnv_depth__IBNLCO_04126__IBNLCO_04126__gene__promoter,5.377702259115964,0.021317519079413885
cnv_depth__IBNLCO_04602__IBNLCO_04602__gene__promoter,5.377543008866452,0.02131941710581287
cnv_depth__IBNLCO_03561__Fimbrial__CDS,5.376842976047414,0.021327762548062627
cnv_depth__IBNLCO_03052__IBNLCO_03052__gene,5.37609608720392,0.021336670342335086
cnv_depth__IBNLCO_02282__IBNLCO_02282__gene__promoter,5.371325346071456,0.021393660392986853
cnv_depth__IBNLCO_03420__IBNLCO_03420__gene__promoter,5.365790230349688,0.021459980530552092
cnv_depth__IBNLCO_03611__OmpA-like__CDS__promoter,5.361885388063043,0.02150689621899719
cnv_depth__IBNLCO_02146__DUF1853__CDS,5.354943462188293,0.02159056611570569
cnv_depth__IBNLCO_00479__IBNLCO_00479__gene,5.354665627932774,0.02159392186672073
cnv_depth__IBNLCO_02378__Chitooligosaccharide__CDS__promoter,5.352999883853238,0.021614052552613554
cnv_depth__IBNLCO_05181__IBNLCO_05181__gene__promoter,5.352389173142391,0.021621437958239075
cnv_depth__IBNLCO_01529__oxoglutarate__CDS__promoter,5.352142333205806,0.02162442377352034
cnv_depth__IBNLCO_05514__IBNLCO_05514__gene,5.351514113307866,0.02163202476275673
cnv_depth__IBNLCO_00265__negative__CDS,5.349885659839893,0.021651740809871468
cnv_depth__IBNLCO_02610__IBNLCO_02610__gene__promoter,5.3480163973900785,0.0216743955019359
cnv_depth__IBNLCO_02144__lplT__gene__promoter,5.33984825758658,0.02177368057873577
cnv_depth__IBNLCO_05152__IBNLCO_05152__gene,5.339587248388947,0.02177686100246847
cnv_depth__IBNLCO_05359__ABC__CDS,5.332403035861916,0.021864591954878266
cnv_depth__IBNLCO_03056__hypothetical__CDS__promoter,5.32940313366489,0.021901334748770745
cnv_depth__IBNLCO_00760__IBNLCO_00760__gene,5.328368391311082,0.0219140232125419
cnv_depth__IBNLCO_02589__IBNLCO_02589__gene__promoter,5.324601250847856,0.021960282386751632
cnv_depth__IBNLCO_02213__IBNLCO_02213__gene__promoter,5.320114061058423,0.022015516550712426
cnv_depth__IBNLCO_04315__uspA__gene__promoter,5.320084925024462,0.022015875668326867
cnv_depth__IBNLCO_01015__Phosphatidylethanolamine-binding__CDS__promoter,5.320031906285377,0.022016529169080007
cnv_depth__IBNLCO_04919__gnl|Bakta|IBNLCO_04919__CDS,5.318118425501913,0.0220401279931054
cnv_depth__IBNLCO_05645__MFS__CDS__promoter,5.317279971882925,0.02205047690039906
cnv_depth__IBNLCO_05643__Zinc-binding__CDS,5.317238570162276,0.022050988047020516
cnv_depth__IBNLCO_00519__IBNLCO_00519__gene,5.316953497058398,0.022054507902072164
cnv_depth__IBNLCO_04797__IBNLCO_04797__gene,5.313275473278142,0.02209997383478863
cnv_depth__IBNLCO_04532__IBNLCO_04532__gene,5.309808340362504,0.02214292242542475
cnv_depth__IBNLCO_02765__AraC__CDS__promoter,5.3092571605448695,0.022149758105191465
cnv_depth__IBNLCO_00494__IBNLCO_00494__gene__promoter,5.302532505661362,0.02223333424785856
cnv_depth__IBNLCO_00921__HTH__CDS,5.299578498921651,0.02227015158667924
cnv_depth__IBNLCO_04104__histidine__CDS,5.299421793724213,0.022272106462810047
cnv_depth__IBNLCO_03972__Succinyl-CoA:coenzyme__CDS__promoter,5.298720879747618,0.02228085246269604
cnv_depth__IBNLCO_04104__IBNLCO_04104__gene__promoter,5.297660315182326,0.022294092997986688
cnv_depth__IBNLCO_02510__DNA__CDS,5.29611626552102,0.022313384251979755
cnv_depth__IBNLCO_02489__IBNLCO_02489__gene,5.295737222084999,0.022318122659188096
cnv_depth__IBNLCO_05658__IBNLCO_05658__gene,5.295697578210902,0.02231861830639013
cnv_depth__IBNLCO_00724__Oxidoreductase__CDS__promoter,5.29476748332952,0.02233025010796423
cnv_depth__IBNLCO_01115__Potassium-transporting__CDS__promoter,5.29402683160207,0.022339517252871706
cnv_depth__IBNLCO_03172__pilP__gene,5.2935464734751,0.02234552971185994
cnv_depth__IBNLCO_04165__ABC__CDS__promoter,5.293450271549565,0.02234673403761442
cnv_depth__IBNLCO_01170__IBNLCO_01170__gene,5.2905695545596725,0.02238282836503848
cnv_depth__IBNLCO_02190__IBNLCO_02190__gene__promoter,5.280058692089802,0.02251504267917113
cnv_depth__IBNLCO_05590__Type__CDS__promoter,5.2777373946902815,0.022544351653282384
cnv_depth__IBNLCO_03788__Delta(1)-pyrroline-2-carboxylate__CDS,5.275652277253381,0.02257071255662186
cnv_depth__IBNLCO_00742__nanT__gene__promoter,5.2746194585171144,0.022583781789320006
cnv_depth__IBNLCO_01858__IBNLCO_01858__gene__promoter,5.27231106051535,0.022613020709860515
cnv_depth__IBNLCO_04017__IBNLCO_04017__gene__promoter,5.268015063114644,0.022667540498640552
cnv_depth__IBNLCO_02437__GTP__CDS,5.267985178196688,0.02266792024356317
cnv_depth__IBNLCO_00548__IBNLCO_00548__gene,5.258314270602413,0.0227911572098546
cnv_depth__IBNLCO_01091__IBNLCO_01091__gene,5.252407359460402,0.02286677337150888
cnv_depth__IBNLCO_04035__livH__gene,5.251623549889265,0.02287682682922877
cnv_depth__IBNLCO_04418__IBNLCO_04418__gene__promoter,5.251426780063786,0.022879351403249832
cnv_depth__IBNLCO_05585__Type__CDS,5.251083991933959,0.022883750099876362
cnv_depth__IBNLCO_02882__ruvC__gene,5.250825832460161,0.022887063414962838
cnv_depth__IBNLCO_03792__4-hydroxyproline__CDS__promoter,5.249587266774011,0.02290296659951707
cnv_depth__IBNLCO_01066__IBNLCO_01066__gene,5.247871294521896,0.022925018759742597
cnv_depth__IBNLCO_05331__mannose-1-phosphate__CDS,5.246431503501335,0.022943538793097
cnv_depth__IBNLCO_02302__gnl|Bakta|IBNLCO_02302__CDS,5.246194421410777,0.022946589878438877
cnv_depth__IBNLCO_05764__Major__CDS__promoter,5.243268510323958,0.02298427927398916
cnv_depth__IBNLCO_04707__Histidine__CDS__promoter,5.242737853253759,0.022991121725142442
cnv_depth__IBNLCO_05041__IBNLCO_05041__gene__promoter,5.240564159266623,0.023019172202741862
cnv_depth__IBNLCO_04166__Iron__CDS__promoter,5.2395828828871185,0.02303184681275497
cnv_depth__IBNLCO_03930__IBNLCO_03930__gene,5.239113751251949,0.023037908904829086
cnv_depth__IBNLCO_03063__hypothetical__CDS,5.238572322055034,0.023044907293676295
cnv_depth__IBNLCO_01973__IBNLCO_01973__gene__promoter,5.236975792103147,0.023065556603225942
cnv_depth__IBNLCO_00571__IBNLCO_00571__gene,5.234163463973406,0.023101977911520428
cnv_depth__IBNLCO_01307__Carbamoyl__CDS,5.230348277499874,0.023151482885216203
cnv_depth__IBNLCO_00570__IBNLCO_00570__gene,5.228532361512271,0.023175084704315507
cnv_depth__IBNLCO_04583__IBNLCO_04583__gene__promoter,5.223958019442727,0.023234649811259785
cnv_depth__IBNLCO_03962__IBNLCO_03962__gene,5.222693195883685,0.02325114800812792
cnv_depth__IBNLCO_05546__Carrier__CDS__promoter,5.220457567514037,0.02328033920104724
cnv_depth__IBNLCO_00459__SURF1-like__CDS__promoter,5.220243016103102,0.023283142668661366
cnv_depth__IBNLCO_05157__IBNLCO_05157__gene,5.216422552939455,0.023333122417608133
cnv_depth__IBNLCO_00964__Autotransporter__CDS,5.215957634441559,0.023339212182044496
cnv_depth__IBNLCO_04713__IBNLCO_04713__gene__promoter,5.2091176212244354,0.02342899872174857
cnv_depth__IBNLCO_05497__DUF4148__CDS,5.207945924059766,0.023444415365634564
cnv_depth__IBNLCO_03723__IBNLCO_03723__gene,5.204845038851072,0.02348526653301065
cnv_depth__IBNLCO_04723__hypothetical__CDS,5.204654889166715,0.023487773990544563
cnv_depth__IBNLCO_05509__prnC__gene__promoter,5.202863790894359,0.02351140649916145
cnv_depth__IBNLCO_02939__MFS__CDS,5.2028210455755595,0.02351197080246011
cnv_depth__IBNLCO_04338__IBNLCO_04338__gene__promoter,5.202505419507103,0.0235161379852784
cnv_depth__IBNLCO_00544__IBNLCO_00544__gene__promoter,5.2011521615384275,0.023534013679775773
cnv_depth__IBNLCO_01559__gnl|Bakta|IBNLCO_01559__CDS__promoter,5.199874351473035,0.023550905788534925
cnv_depth__IBNLCO_01780__hypothetical__CDS,5.196805546365246,0.02359152586882175
cnv_depth__IBNLCO_04726__IBNLCO_04726__gene,5.1964186043202,0.02359665280248678
cnv_depth__IBNLCO_05517__Transmembrane__CDS__promoter,5.190677442656725,0.023672859429981815
cnv_depth__IBNLCO_00586__IBNLCO_00586__gene,5.188018121892383,0.023708245654268267
cnv_depth__IBNLCO_04511__IBNLCO_04511__gene__promoter,5.187082671660985,0.02372070635244853
cnv_depth__IBNLCO_03929__Gamma-glutamylputrescine__CDS,5.183949118719175,0.02376249684612998
cnv_depth__IBNLCO_02110__IBNLCO_02110__gene__promoter,5.18213513097681,0.023786724174852572
cnv_depth__IBNLCO_02811__IBNLCO_02811__gene__promoter,5.17857872904153,0.023834297862554633
cnv_depth__IBNLCO_00937__IBNLCO_00937__gene__promoter,5.176114950818861,0.02386731391977623
cnv_depth__IBNLCO_02766__IBNLCO_02766__gene,5.174088179486935,0.023894509667248452
cnv_depth__IBNLCO_00568__IBNLCO_00568__gene,5.171761010127203,0.023925776186218415
cnv_depth__IBNLCO_00702__IBNLCO_00702__gene__promoter,5.167859776415751,0.023978286909263524
cnv_depth__IBNLCO_02648__IBNLCO_02648__gene__promoter,5.167683042842065,0.023980668598942687
cnv_depth__IBNLCO_03901__Amidohydrolase__CDS,5.16274583020245,0.02404730330676827
cnv_depth__IBNLCO_00556__IBNLCO_00556__gene,5.162283954855994,0.024053546864276486
cnv_depth__IBNLCO_03100__ImpA__CDS__promoter,5.162223296186843,0.02405436696440654
cnv_depth__IBNLCO_04252__IBNLCO_04252__gene,5.161066082808629,0.02407001799165268
cnv_depth__IBNLCO_04710__hypothetical__CDS__promoter,5.15936671810683,0.024093020780486724
cnv_depth__IBNLCO_02303__IBNLCO_02303__gene,5.156579029942817,0.024130805020378086
cnv_depth__IBNLCO_02484__IBNLCO_02484__gene__promoter,5.152017838817831,0.02419276092505076
cnv_depth__IBNLCO_02141__IBNLCO_02141__gene,5.150404181654183,0.0242147194769885
cnv_depth__IBNLCO_04849__cdhR__gene,5.149894417084388,0.024221660653646303
cnv_depth__IBNLCO_00393__IBNLCO_00393__gene__promoter,5.141162905150913,0.02434087625859204
cnv_depth__IBNLCO_04049__Gfo/Idh/MocA-like__CDS,5.1370860649124355,0.024396749302646282
cnv_depth__IBNLCO_02750__trnK__gene__promoter,5.130000922685355,0.024494170376813687
cnv_depth__IBNLCO_02361__Cytochrome__CDS,5.1240344344940825,0.02457652541904766
cnv_depth__IBNLCO_04127__gnl|Bakta|IBNLCO_04127__CDS,5.123829979942052,0.024579352617832662
cnv_depth__IBNLCO_00613__IBNLCO_00613__gene,5.1237099640004935,0.02458101235742469
cnv_depth__IBNLCO_00781__Fatty__CDS,5.120793692401785,0.024621378475601516
cnv_depth__IBNLCO_04491__IBNLCO_04491__gene__promoter,5.11917178058734,0.024643858464830932
cnv_depth__IBNLCO_03564__IBNLCO_03564__gene,5.119104316402835,0.024644793995430046
cnv_depth__IBNLCO_05098__IBNLCO_05098__gene__promoter,5.117074523972805,0.024672958647197145
cnv_depth__IBNLCO_04036__Branched-chain__CDS,5.116522369597895,0.024680625960508143
cnv_depth__IBNLCO_03037__IBNLCO_03037__gene,5.11159902486907,0.02474910267138822
cnv_depth__IBNLCO_01114__NADPH2:quinone__CDS__promoter,5.107620162477493,0.024804588158202558
cnv_depth__IBNLCO_02281__IBNLCO_02281__gene__promoter,5.106374743113068,0.024821982334202686
cnv_depth__IBNLCO_00875__IBNLCO_00875__gene,5.105466563370608,0.024834674489607526
cnv_depth__IBNLCO_04079__3-hydroxyisobutyrate__CDS,5.104452461985349,0.024848854962475842
cnv_depth__IBNLCO_03637__Allantoin__CDS__promoter,5.10436451282095,0.024850085180116076
cnv_depth__IBNLCO_04087__IBNLCO_04087__gene__promoter,5.097770453824015,0.024942503428959907
cnv_depth__IBNLCO_01394__vgrG1__gene__promoter,5.097204165940521,0.02495045691549857
cnv_depth__IBNLCO_02714__araC__gene,5.092005909954828,0.0250235902499423
cnv_depth__IBNLCO_01299__IBNLCO_01299__gene__promoter,5.088537540939846,0.025072510815659612
cnv_depth__IBNLCO_01903__Outer__CDS__promoter,5.081515851849963,0.02517185673873613
cnv_depth__IBNLCO_00493__IBNLCO_00493__gene,5.081031452385429,0.02517872540191857
cnv_depth__IBNLCO_00181__Aspartyl/glutamyl-tRNA(Asn/Gln)__CDS,5.080981506707296,0.025179433730645965
cnv_depth__IBNLCO_02944__IBNLCO_02944__gene,5.073777979652534,0.025281812694591663
cnv_depth__IBNLCO_05427__Chemotaxis__CDS__promoter,5.072040036907966,0.02530657808142677
cnv_depth__IBNLCO_05178__Mannose-6-phosphate__CDS,5.069612631498456,0.02534121068823271
cnv_depth__IBNLCO_04381__bpsR__gene,5.069451356751178,0.02534351340534834
cnv_depth__IBNLCO_04135__IBNLCO_04135__gene__promoter,5.069412211709178,0.02534407236008356
cnv_depth__IBNLCO_05084__type__CDS__promoter,5.068321585017281,0.025359650680796052
cnv_depth__IBNLCO_01269__DUF2239__CDS,5.065898313310231,0.025394300145609408
cnv_depth__IBNLCO_04218__Multiple__CDS,5.060102227604719,0.025477377337241657
cnv_depth__IBNLCO_04757__Glutathione__CDS,5.0570216197501745,0.02552164840669674
cnv_depth__IBNLCO_05536__IS5__CDS__promoter,5.056957621936482,0.02552256896523708
cnv_depth__IBNLCO_02460__Thymidylate__CDS__promoter,5.053836173254003,0.025567510772703094
cnv_depth__IBNLCO_04164__IBNLCO_04164__gene,5.0515616100281235,0.025600311502153618
cnv_depth__IBNLCO_02156__Malate__CDS__promoter,5.050619372779914,0.025613912093962167
cnv_depth__IBNLCO_02232__IBNLCO_02232__gene__promoter,5.049495706801952,0.025630141380598895
cnv_depth__IBNLCO_02541__IBNLCO_02541__gene,5.046461307473871,0.025674021489621144
cnv_depth__IBNLCO_04759__IBNLCO_04759__gene,5.046301374866277,0.025676336437365076
cnv_depth__IBNLCO_04111__hypothetical__CDS,5.0461625912898045,0.025678345440076442
cnv_depth__IBNLCO_04342__dmlR__gene__promoter,5.040945236388326,0.025753990281744226
cnv_depth__IBNLCO_05290__IBNLCO_05290__gene,5.03939843815672,0.025776461636732636
cnv_depth__IBNLCO_01975__hypothetical__CDS__promoter,5.038303745928683,0.02579237735178096
cnv_depth__IBNLCO_00626__IBNLCO_00626__gene__promoter,5.03649738105499,0.02581866256071795
cnv_depth__IBNLCO_03618__TagK__CDS,5.029154200517192,0.025925805436985628
cnv_depth__IBNLCO_02963__IBNLCO_02963__gene,5.027036126489461,0.025956796242525317
cnv_depth__IBNLCO_04126__Taurine__CDS,5.026884923810059,0.02595901006171889
cnv_depth__IBNLCO_01096__IBNLCO_01096__gene,5.024193973756768,0.025998442422408546
cnv_depth__IBNLCO_05780__IBNLCO_05780__gene__promoter,5.022712395102843,0.02602017978605851
cnv_depth__IBNLCO_00580__IBNLCO_00580__gene__promoter,5.0226735024668825,0.026020750665634695
cnv_depth__IBNLCO_01724__jmjC__gene,5.022076044575146,0.026029522007503164
cnv_depth__IBNLCO_04135__Membrane__CDS,5.019758123426615,0.026063580962006276
cnv_depth__IBNLCO_02303__IBNLCO_02303__gene__promoter,5.015603302640417,0.02612474768354691
cnv_depth__IBNLCO_00684__vdcD__gene__promoter,5.015188487119804,0.026130862788822318
cnv_depth__IBNLCO_03366__IBNLCO_03366__gene__promoter,5.011940067155724,0.026178802023981144
cnv_depth__IBNLCO_00372__NADPH-dependent__CDS,5.008450194800688,0.026230407163339946
cnv_depth__IBNLCO_02867__hypothetical__CDS__promoter,5.008259544670187,0.026233229395048994
cnv_depth__IBNLCO_00931__lptG__gene__promoter,5.007877402698143,0.026238887275885386
cnv_depth__IBNLCO_05671__IBNLCO_05671__gene__promoter,5.00487956945456,0.026283316659409344
cnv_depth__IBNLCO_02626__Coproporphyrinogen-III__CDS,4.999216522407847,0.026367460936770448
cnv_depth__IBNLCO_04128__DUF1653__CDS,4.995153466341036,0.026428005546610133
cnv_depth__IBNLCO_05163__IBNLCO_05163__gene__promoter,4.989132042962607,0.02651800017017667
cnv_depth__IBNLCO_01169__NADH-quinone__CDS,4.987841565930612,0.02653732903139192
cnv_depth__IBNLCO_04307__Monooxygenase__CDS__promoter,4.986290470605482,0.026560580980543883
cnv_depth__IBNLCO_00420__Acyl-CoA__CDS__promoter,4.9817326689946535,0.02662902900495305
cnv_depth__IBNLCO_05709__DUF3022__CDS,4.9777706527037955,0.02668867976531637
cnv_depth__IBNLCO_00503__hypothetical__CDS,4.976664546456395,0.0267053579006468
cnv_depth__IBNLCO_03069__IBNLCO_03069__gene,4.976240951378799,0.026711747859385446
cnv_depth__IBNLCO_02670__gnl|Bakta|IBNLCO_02670__CDS__promoter,4.976076154320437,0.026714234266218596
cnv_depth__IBNLCO_02813__gnl|Bakta|IBNLCO_02813__CDS__promoter,4.974884528234993,0.02673222036612536
cnv_depth__IBNLCO_03544__IBNLCO_03544__gene__promoter,4.974871990767564,0.02673240967087325
cnv_depth__IBNLCO_00810__IBNLCO_00810__gene__promoter,4.9748072259503635,0.026733387585099216
cnv_depth__IBNLCO_05498__OXA-42__CDS__promoter,4.973481767933234,0.026753409527800868
cnv_depth__IBNLCO_00465__IBNLCO_00465__gene__promoter,4.9725216822463745,0.02676792208245624
cnv_depth__IBNLCO_02957__Peroxisomal__CDS__promoter,4.970559816118507,0.026797603093155143
cnv_depth__IBNLCO_01270__lysR__gene__promoter,4.9682307061567625,0.026832884888677855
cnv_depth__IBNLCO_02066__Cytochrome__CDS__promoter,4.966633319104356,0.02685711053605792
cnv_depth__IBNLCO_00919__IBNLCO_00919__gene,4.964641761581507,0.02688734618662461
cnv_depth__IBNLCO_00633__IBNLCO_00633__gene,4.9610982653769415,0.026941231433120837
cnv_depth__IBNLCO_05601__IBNLCO_05601__gene,4.9575819234146445,0.026994815597635058
cnv_depth__IBNLCO_04446__gsiA__gene__promoter,4.956609136874145,0.027009659220941045
cnv_depth__IBNLCO_02246__Cell__CDS,4.955286571624533,0.027029853789366114
cnv_depth__IBNLCO_01198__IBNLCO_01198__gene,4.954662624084563,0.02703938648642432
cnv_depth__IBNLCO_00594__IBNLCO_00594__gene,4.9541268002409025,0.027047575637084008
cnv_depth__IBNLCO_01271__fabL__gene__promoter,4.953647379804293,0.027054904960750473
cnv_depth__IBNLCO_05233__IBNLCO_05233__gene,4.951759033235621,0.027083794028201318
cnv_depth__IBNLCO_02473__IBNLCO_02473__gene__promoter,4.950932589574361,0.027096447628975655
cnv_depth__IBNLCO_02406__IBNLCO_02406__gene,4.949015249779761,0.027125827697417598
cnv_depth__IBNLCO_05707__DUF421__CDS__promoter,4.947953783601098,0.027142107267231676
cnv_depth__IBNLCO_02148__IBNLCO_02148__gene__promoter,4.946992030215556,0.027156866394488936
cnv_depth__IBNLCO_00376__IBNLCO_00376__gene__promoter,4.942441076915378,0.027226819736189782
cnv_depth__IBNLCO_04826__Rhamnosyltransferase__CDS,4.941352858369996,0.02724357485143401
cnv_depth__IBNLCO_04834__IBNLCO_04834__gene__promoter,4.940115936246401,0.027262632650842396
cnv_depth__IBNLCO_05768__IBNLCO_05768__gene,4.9306019406824735,0.027409686725259185
cnv_depth__IBNLCO_01016__DUF5594__CDS,4.92720264179123,0.02746242970079488
cnv_depth__IBNLCO_05650__IBNLCO_05650__gene,4.9261816447484925,0.02747829208953359
cnv_depth__IBNLCO_05655__IBNLCO_05655__gene,4.921842085005053,0.02754581946592729
cnv_depth__IBNLCO_03895__Transcriptional__CDS__promoter,4.921382707293219,0.027552977961335032
cnv_depth__IBNLCO_05142__IBNLCO_05142__gene__promoter,4.920747953528128,0.027562872555122707
cnv_depth__IBNLCO_02448__tRNA-Asn(gtt)__tRNA,4.915919638221295,0.02763825874429277
cnv_depth__IBNLCO_00772__Branched-chain__CDS__promoter,4.911805468324736,0.027702665256367855
cnv_depth__IBNLCO_03907__IBNLCO_03907__gene__promoter,4.909300595268542,0.027741955579828156
cnv_depth__IBNLCO_02974__IBNLCO_02974__gene,4.909097889765295,0.027745137681795085
cnv_depth__IBNLCO_02702__lysR__gene__promoter,4.906614926191477,0.027784146684779982
cnv_depth__IBNLCO_00294__IBNLCO_00294__gene,4.9037228041683,0.027829656333433157
cnv_depth__IBNLCO_02191__TupA-like__CDS,4.903313645746984,0.02783610104633351
cnv_depth__IBNLCO_01217__mdtB__gene,4.9020385691070745,0.027856194997911893
cnv_depth__IBNLCO_05167__IBNLCO_05167__gene,4.900740391693942,0.02787666861722797
cnv_depth__IBNLCO_00704__IBNLCO_00704__gene__promoter,4.899980130500103,0.02788866605737046
cnv_depth__IBNLCO_00295__IBNLCO_00295__gene,4.899793827183527,0.027891606876442532
cnv_depth__IBNLCO_02174__PXPV__CDS__promoter,4.899186440198752,0.027901196807042294
cnv_depth__IBNLCO_04071__IBNLCO_04071__gene__promoter,4.897955965390295,0.027920635162383432
cnv_depth__IBNLCO_04011__Electron__CDS__promoter,4.893201429399119,0.02799587819148457
cnv_depth__IBNLCO_05404__Benzoate/toluate__CDS__promoter,4.891482790777575,0.028023128835268543
cnv_depth__IBNLCO_01423__Glutamine--tRNA__CDS__promoter,4.88545469971991,0.02811892997893745
cnv_depth__IBNLCO_00254__5-oxoprolinase__CDS,4.880515625785184,0.028197679901156316
cnv_depth__IBNLCO_01910__Modulator__CDS__promoter,4.8683318064289445,0.028392932512327083
cnv_depth__IBNLCO_05641__IBNLCO_05641__gene,4.867827544933741,0.028401044079474053
cnv_depth__IBNLCO_04513__HPP__CDS__promoter,4.865769805643333,0.028434170144193728
cnv_depth__IBNLCO_03075__IBNLCO_03075__gene,4.864743481560036,0.02845070734016697
cnv_depth__IBNLCO_05670__IBNLCO_05670__gene__promoter,4.863869558573932,0.028464796843320244
cnv_depth__IBNLCO_02832__Phosphonates__CDS,4.861882354364121,0.028496862060751256
cnv_depth__IBNLCO_05094__IBNLCO_05094__gene__promoter,4.857354378022142,0.028570066369079737
cnv_depth__IBNLCO_05546__Carrier__CDS,4.856177813153168,0.02858912029249022
cnv_depth__IBNLCO_04378__IBNLCO_04378__gene__promoter,4.8510468746105495,0.028672369403920255
cnv_depth__IBNLCO_02745__IBNLCO_02745__gene__promoter,4.8445474055286475,0.028778188035804234
cnv_depth__IBNLCO_00369__IBNLCO_00369__gene,4.842171159858409,0.028816978174994755
cnv_depth__IBNLCO_04625__Putative__CDS__promoter,4.840175511631433,0.02884959776740629
cnv_depth__IBNLCO_05130__histidine__CDS,4.838188283832912,0.028882118217844973
cnv_depth__IBNLCO_02449__trnN__gene__promoter,4.8377436585593045,0.028889399654814216
cnv_depth__IBNLCO_01047__2-aminoadipate__CDS__promoter,4.836358919417489,0.028912089273803444
cnv_depth__IBNLCO_01748__IBNLCO_01748__gene,4.835163094690368,0.0289316984826345
cnv_depth__IBNLCO_00628__IBNLCO_00628__gene,4.834703493031075,0.028939238770893418
cnv_depth__IBNLCO_01900__GTPase__CDS__promoter,4.831134963930267,0.028997854749726562
cnv_depth__IBNLCO_00670__eamA__gene,4.82911660422214,0.029031063080112426
cnv_depth__IBNLCO_03763__fkbH__gene__promoter,4.824247258923778,0.029111343399612435
cnv_depth__IBNLCO_04184__Cysteine__CDS,4.821046482735108,0.02916424107340479
cnv_depth__IBNLCO_02756__gnl|Bakta|IBNLCO_02756__CDS__promoter,4.820998330177131,0.029165037636974443
cnv_depth__IBNLCO_02411__recO__gene__promoter,4.820607087575157,0.02917151061309985
cnv_depth__IBNLCO_01339__IBNLCO_01339__gene__promoter,4.818734239244658,0.029202517139813283
cnv_depth__IBNLCO_00356__hypothetical__CDS__promoter,4.816637992963445,0.029237263221850898
cnv_depth__IBNLCO_03646__Proline__CDS__promoter,4.815540029001631,0.0292554797030603
cnv_depth__IBNLCO_00506__DUF4492__CDS,4.811722116478887,0.02931891601969803
cnv_depth__IBNLCO_02171__Microcin__CDS,4.8071703510822585,0.029394734314246457
cnv_depth__IBNLCO_01221__Tat__CDS,4.807017375887957,0.029397285977549557
cnv_depth__IBNLCO_03512__IS30__CDS__promoter,4.806463187586473,0.02940653191936615
cnv_depth__IBNLCO_05173__Polysaccharide__CDS,4.804598365687701,0.029437666570627467
cnv_depth__IBNLCO_03867__IBNLCO_03867__gene__promoter,4.79924986687586,0.029527155975861533
cnv_depth__IBNLCO_02847__gnl|Bakta|IBNLCO_02847__CDS,4.797185310533019,0.029561775824419694
cnv_depth__IBNLCO_01395__DUF4123__CDS__promoter,4.792872797102987,0.029634228422988684
cnv_depth__IBNLCO_00998__hisM__gene__promoter,4.792035397793771,0.029648318789440183
cnv_depth__IBNLCO_00614__IBNLCO_00614__gene__promoter,4.7905306190559065,0.029673656385335707
cnv_depth__IBNLCO_05250__DNA__CDS__promoter,4.788583313738183,0.029706479025924826
cnv_depth__IBNLCO_04530__Ribose__CDS,4.7874560705980675,0.0297254965914831
cnv_depth__IBNLCO_00893__Quinolinate__CDS__promoter,4.786009939271539,0.029749912792657054
cnv_depth__IBNLCO_02271__fixL__gene__promoter,4.783999591740725,0.029783890092527108
cnv_depth__IBNLCO_04691__IBNLCO_04691__gene__promoter,4.776807566527959,0.0299057779387001
cnv_depth__IBNLCO_02827__IBNLCO_02827__gene__promoter,4.774830795059786,0.029939371215110443
cnv_depth__IBNLCO_02470__gnl|Bakta|IBNLCO_02470__CDS,4.774107052818875,0.029951680404597954
cnv_depth__IBNLCO_04117__Family__CDS,4.7741000706275,0.029951799181473823
cnv_depth__IBNLCO_05197__3-isopropylmalate__CDS,4.770689090091944,0.030009883922840336
cnv_depth__IBNLCO_02726__IBNLCO_02726__gene__promoter,4.770543471336373,0.030012366259195306
cnv_depth__IBNLCO_05110__Type__CDS,4.770154865074322,0.03001899181463024
cnv_depth__IBNLCO_05207__Succinate__CDS,4.766320088688127,0.03008445537350282
cnv_depth__IBNLCO_00855__UPF0434__CDS__promoter,4.765867196273313,0.030092196601489388
cnv_depth__IBNLCO_04186__IBNLCO_04186__gene__promoter,4.763663617746215,0.030129891924390376
cnv_depth__IBNLCO_00166__hypothetical__CDS,4.760936590669501,0.03017661023345878
cnv_depth__IBNLCO_04028__L-carnitine__CDS,4.760448360790914,0.03018498241253303
cnv_depth__IBNLCO_02122__Uridylate__CDS__promoter,4.7600119035248944,0.030192468858283476
cnv_depth__IBNLCO_02469__mogA__gene__promoter,4.757074969736351,0.030242896102016758
cnv_depth__IBNLCO_01292__IBNLCO_01292__gene__promoter,4.755306237298979,0.030273307956491368
cnv_depth__IBNLCO_00954__Cobalamin__CDS,4.752584292749093,0.03032017224086589
cnv_depth__IBNLCO_04272__DUF4442__CDS,4.7507035536849,0.030352597818955204
cnv_depth__IBNLCO_00566__IBNLCO_00566__gene,4.746600546691095,0.030423463683387796
cnv_depth__IBNLCO_01294__hypothetical__CDS,4.74366133925601,0.030474335574358347
cnv_depth__IBNLCO_04325__IBNLCO_04325__gene__promoter,4.742204495488031,0.03049958377874411
cnv_depth__IBNLCO_00714__IBNLCO_00714__gene,4.7413958310969955,0.030513608025801747
cnv_depth__IBNLCO_03561__Fimbrial__CDS__promoter,4.741144144970668,0.03051797426966249
cnv_depth__IBNLCO_05802__NodB-like__CDS__promoter,4.74090170491698,0.03052218073341088
cnv_depth__IBNLCO_03569__Pyruvate__CDS__promoter,4.7367975211830435,0.030593482993168296
cnv_depth__IBNLCO_04561__IBNLCO_04561__gene__promoter,4.736750040768749,0.0305943088965698
cnv_depth__IBNLCO_02645__3-deoxy-D-manno-oct-2-ulosonic__CDS__promoter,4.7363519399454095,0.030601234627515392
cnv_depth__IBNLCO_05471__IBNLCO_05471__gene__promoter,4.735287047401572,0.030619768580671617
cnv_depth__IBNLCO_02822__IBNLCO_02822__gene,4.734633595030003,0.030631147448658688
cnv_depth__IBNLCO_05595__IBNLCO_05595__gene,4.728048251078862,0.030746069338364865
cnv_depth__IBNLCO_02884__Holliday__CDS,4.7200141075532205,0.030886888130705625
cnv_depth__IBNLCO_03030__rrf__gene__promoter,4.716590795126809,0.03094709609967488
cnv_depth__IBNLCO_01373__hypothetical__CDS__promoter,4.715654944478651,0.030963576952070263
cnv_depth__IBNLCO_03902__IBNLCO_03902__gene__promoter,4.71558758377363,0.0309647635673938
cnv_depth__IBNLCO_03102__tssG__gene__promoter,4.714804966567392,0.030978553528711816
cnv_depth__IBNLCO_04464__IBNLCO_04464__gene__promoter,4.71110682818151,0.03104380322882839
cnv_depth__IBNLCO_03915__RND__CDS__promoter,4.708380247220138,0.031092003308629167
cnv_depth__IBNLCO_01073__IBNLCO_01073__gene,4.704745361107426,0.031156382593272854
cnv_depth__IBNLCO_02147__Type-4__CDS,4.702891026276555,0.031189279586511184
cnv_depth__IBNLCO_05516__Outer__CDS__promoter,4.69924744409808,0.03125402524857388
cnv_depth__IBNLCO_03700__IBNLCO_03700__gene,4.6963108086466,0.03130631141030307
cnv_depth__IBNLCO_01950__IBNLCO_01950__gene__promoter,4.695534190811252,0.031320154287438465
cnv_depth__IBNLCO_04262__IBNLCO_04262__gene__promoter,4.68743611610011,0.03146488282300988
cnv_depth__IBNLCO_00935__IBNLCO_00935__gene,4.687046553516251,0.031471862768373035
cnv_depth__IBNLCO_01143__IBNLCO_01143__gene__promoter,4.682414499521186,0.031554981924872966
cnv_depth__IBNLCO_00898__IBNLCO_00898__gene__promoter,4.680194334773692,0.03159490308816557
cnv_depth__IBNLCO_04966__ncS54__gene__promoter,4.674614817917463,0.03169546387081657
cnv_depth__IBNLCO_02220__ISL3-like__CDS,4.67253066768598,0.03173311320063325
cnv_depth__IBNLCO_01389__IBNLCO_01389__gene__promoter,4.6723251741559455,0.03173682790334251
cnv_depth__IBNLCO_05332__Insertion__CDS,4.67099647356317,0.03176085783535665
cnv_depth__IBNLCO_04970__IBNLCO_04970__gene,4.668989064669446,0.031797198686100384
cnv_depth__IBNLCO_02035__IBNLCO_02035__gene__promoter,4.664926779465626,0.03187087350976937
cnv_depth__IBNLCO_04039__hypothetical__CDS__promoter,4.660164210662702,0.03195747748924365
cnv_depth__IBNLCO_00492__IBNLCO_00492__gene__promoter,4.658538147708911,0.03198710293570113
cnv_depth__IBNLCO_05791__uspA__gene__promoter,4.658129201116846,0.03199455812858207
cnv_depth__IBNLCO_00705__IBNLCO_00705__gene,4.655323198610728,0.03204576151612624
cnv_depth__IBNLCO_01574__IBNLCO_01574__gene,4.653550179474952,0.03207815963934468
cnv_depth__IBNLCO_05403__IBNLCO_05403__gene,4.649247728675119,0.032156920976330106
cnv_depth__IBNLCO_01310__greA__gene__promoter,4.648585310010891,0.03216906536839976
cnv_depth__IBNLCO_02394__hypothetical__CDS__promoter,4.642618525202839,0.032278674499631343
cnv_depth__IBNLCO_05095__Tir__CDS,4.6419301756131714,0.03229134464410425
cnv_depth__IBNLCO_01934__DUF937__CDS__promoter,4.640979915008451,0.032308844262444875
cnv_depth__IBNLCO_04103__IBNLCO_04103__gene__promoter,4.6367742334627,0.03238641424315099
cnv_depth__IBNLCO_00957__Oxidoreductase__CDS__promoter,4.636499114117517,0.03239149539047911
cnv_depth__IBNLCO_04236__Twin-arginine__CDS__promoter,4.636177174926625,0.03239744231270657
cnv_depth__IBNLCO_04483__UDP-N-acetylglucosamine__CDS,4.63408146107108,0.03243618281747588
cnv_depth__IBNLCO_05591__ImpA__CDS__promoter,4.634000158334797,0.03243768672782416
cnv_depth__IBNLCO_00755__IBNLCO_00755__gene,4.632131253034459,0.03247227732849449
cnv_depth__IBNLCO_00753__IBNLCO_00753__gene__promoter,4.631381161817847,0.03248617128664238
cnv_depth__IBNLCO_02870__IBNLCO_02870__gene,4.629964554708647,0.03251242819301997
cnv_depth__IBNLCO_02872__proton-translocating__CDS__promoter,4.629556054367835,0.03252000391952588
cnv_depth__IBNLCO_03479__3-carboxy-cis%2Ccis-muconate__CDS,4.628670627644747,0.0325364307224428
cnv_depth__IBNLCO_02735__IBNLCO_02735__gene__promoter,4.624578335379252,0.03261246608801176
cnv_depth__IBNLCO_04203__2%2C4-dihydroxyacetophenone__CDS,4.6215307575622155,0.0326692119242148
cnv_depth__IBNLCO_02689__MBL__CDS,4.612774854682967,0.032832825293318296
cnv_depth__IBNLCO_03864__IBNLCO_03864__gene__promoter,4.612430618723757,0.03283927529329652
cnv_depth__IBNLCO_05227__ydcV__gene,4.612043524666727,0.03284652992413087
cnv_depth__IBNLCO_00094__Glutamate--cysteine__CDS__promoter,4.61118169372781,0.032862687779289926
cnv_depth__IBNLCO_05335__Acetylglutamate__CDS__promoter,4.608496714918751,0.0329130801661963
cnv_depth__IBNLCO_05524__nhaR__gene__promoter,4.6074446182075715,0.032932848356929195
cnv_depth__IBNLCO_04219__IBNLCO_04219__gene__promoter,4.607088599298834,0.03293954054158536
cnv_depth__IBNLCO_04357__IBNLCO_04357__gene__promoter,4.605179563689493,0.032975449619051904
cnv_depth__IBNLCO_01144__IBNLCO_01144__gene__promoter,4.599065978042312,0.033090723960088574
cnv_depth__IBNLCO_00722__lysR__gene__promoter,4.598617185460788,0.033099202829775354
cnv_depth__IBNLCO_05753__IBNLCO_05753__gene,4.59597424981571,0.033149181213815916
cnv_depth__IBNLCO_02903__hypothetical__CDS__promoter,4.592734724235975,0.03321054956264567
cnv_depth__IBNLCO_03719__IBNLCO_03719__gene__promoter,4.584071217953124,0.03337525587481208
cnv_depth__IBNLCO_05016__SctQ__CDS,4.584028957807301,0.033376061407500775
cnv_depth__IBNLCO_00341__IBNLCO_00341__gene,4.581638837154132,0.03342165349954686
cnv_depth__IBNLCO_02605__IBNLCO_02605__gene__promoter,4.580705144477919,0.0334394816984711
cnv_depth__IBNLCO_05768__Dihydrolipoyl__CDS__promoter,4.578725540713697,0.03347731394308489
cnv_depth__IBNLCO_01260__IBNLCO_01260__gene__promoter,4.577351053375796,0.033503608292843455
cnv_depth__IBNLCO_03361__IBNLCO_03361__gene__promoter,4.576281336749187,0.033524087330178025
cnv_depth__IBNLCO_02822__gnl|Bakta|IBNLCO_02822__CDS__promoter,4.574443971279043,0.03355929326785549
cnv_depth__IBNLCO_03077__IBNLCO_03077__gene,4.573781088434687,0.033572004380988896
cnv_depth__IBNLCO_01428__Major__CDS__promoter,4.573021472304531,0.033586576634862086
cnv_depth__IBNLCO_04053__Iron__CDS,4.560142051354497,0.03383466778817092
cnv_depth__IBNLCO_02767__gnl|Bakta|IBNLCO_02767__CDS__promoter,4.555706837330898,0.033920547486766775
cnv_depth__IBNLCO_00210__IBNLCO_00210__gene__promoter,4.554102883869345,0.033951661550845114
cnv_depth__IBNLCO_02459__hypothetical__CDS__promoter,4.552266804642711,0.03398731536320847
cnv_depth__IBNLCO_02828__Pyridoxal__CDS,4.546481460645359,0.03409991580919234
cnv_depth__IBNLCO_03898__IBNLCO_03898__gene__promoter,4.545376753393883,0.034121461409795
cnv_depth__IBNLCO_01016__DUF5594__CDS__promoter,4.544853294040304,0.03413167567713023
cnv_depth__IBNLCO_04822__IBNLCO_04822__gene,4.539812710300118,0.03423019757132152
cnv_depth__IBNLCO_02415__IBNLCO_02415__gene,4.538575848492263,0.03425441866775915
cnv_depth__IBNLCO_02120__Isoprenyl__CDS__promoter,4.537418152401145,0.03427710583845027
cnv_depth__IBNLCO_04172__hypothetical__CDS__promoter,4.536955879051804,0.034286169349835624
cnv_depth__IBNLCO_03510__IBNLCO_03510__gene__promoter,4.533151297699504,0.03436085938632341
cnv_depth__IBNLCO_03350__PIN__CDS__promoter,4.530725371688352,0.03440857365573902
cnv_depth__IBNLCO_05765__Flavin__CDS,4.5285749392800865,0.03445092773099092
cnv_depth__IBNLCO_04680__L-arabinose-binding__CDS__promoter,4.523758333245533,0.03454599307468549
cnv_depth__IBNLCO_01245__IBNLCO_01245__gene__promoter,4.523231968396413,0.03455639867109871
cnv_depth__IBNLCO_03734__davT__gene,4.5186274257574155,0.034647565791112826
cnv_depth__IBNLCO_05283__Mop__CDS,4.515836757974604,0.03470294257612859
cnv_depth__IBNLCO_05783__IBNLCO_05783__gene__promoter,4.5157666830005905,0.03470433431249298
cnv_depth__IBNLCO_02956__L-arabinose-binding__CDS__promoter,4.514981167319115,0.03471993920921741
cnv_depth__IBNLCO_02616__PII-like__CDS,4.511633810876637,0.034786520029177856
cnv_depth__IBNLCO_01933__hypothetical__CDS,4.506538056632705,0.034888135834101795
cnv_depth__IBNLCO_02839__phnG__gene,4.505366731943272,0.034911537707654004
cnv_depth__IBNLCO_02573__Septum__CDS__promoter,4.504844063137654,0.034921985433403246
cnv_depth__IBNLCO_01032__DUF4399__CDS,4.503819265244532,0.03494247987497287
cnv_depth__IBNLCO_05169__IBNLCO_05169__gene__promoter,4.500187726593591,0.03501520735166666
cnv_depth__IBNLCO_05419__IBNLCO_05419__gene__promoter,4.498526488757811,0.03504852949486016
cnv_depth__IBNLCO_02825__IBNLCO_02825__gene,4.498147783457548,0.0350561304772326
cnv_depth__IBNLCO_05024__IBNLCO_05024__gene,4.497771876733562,0.03506367700716639
cnv_depth__IBNLCO_05371__cheR__gene,4.496414075496716,0.03509094985937811
cnv_depth__IBNLCO_04506__Polyketide__CDS__promoter,4.490488046163256,0.03521024226065643
cnv_depth__IBNLCO_02742__aabA__gene,4.490372582755656,0.03521257080670719
cnv_depth__IBNLCO_02127__hypothetical__CDS,4.489683263380824,0.035226475660374304
cnv_depth__IBNLCO_00705__IBNLCO_00705__gene__promoter,4.4828056554942854,0.03536552709695618
cnv_depth__IBNLCO_03579__IBNLCO_03579__gene,4.481761360936305,0.0353866911704987
cnv_depth__IBNLCO_00513__IBNLCO_00513__gene,4.480882048817188,0.03540452199818308
cnv_depth__IBNLCO_04345__IBNLCO_04345__gene__promoter,4.479898219509249,0.03542448346649482
cnv_depth__IBNLCO_01135__hypothetical__CDS,4.478482949134483,0.035453219493249755
cnv_depth__IBNLCO_01275__hypothetical__CDS,4.477582665286186,0.03547151188036912
cnv_depth__IBNLCO_04723__IBNLCO_04723__gene__promoter,4.476124399218045,0.03550116271952725
cnv_depth__IBNLCO_05552__AB__CDS__promoter,4.471108651814619,0.03560334723291256
cnv_depth__IBNLCO_04868__gnl|Bakta|IBNLCO_04868__CDS,4.468925248732956,0.03564792594168104
cnv_depth__IBNLCO_04423__IBNLCO_04423__gene__promoter,4.468147479860352,0.03566381991739798
cnv_depth__IBNLCO_04019__gnl|Bakta|IBNLCO_04019__CDS,4.46550341976533,0.03571790808475318
cnv_depth__IBNLCO_00801__Hemin__CDS,4.457481160875296,0.03588254513311902
cnv_depth__IBNLCO_01258__LacI__CDS,4.455140675603346,0.03593072842070682
cnv_depth__IBNLCO_04786__IBNLCO_04786__gene__promoter,4.454333163624372,0.035947368395767995
cnv_depth__IBNLCO_03563__hypothetical__CDS__promoter,4.450899043035787,0.03601822431454473
cnv_depth__IBNLCO_05447__IBNLCO_05447__gene__promoter,4.44838764776093,0.0360701349335775
cnv_depth__IBNLCO_05180__Bp2_287__gene__promoter,4.446471440604442,0.03610979605032362
cnv_depth__IBNLCO_02436__hypothetical__CDS,4.443620149220106,0.03616889641681608
cnv_depth__IBNLCO_02610__3-octaprenyl-4-hydroxybenzoate__CDS,4.441648991086726,0.03620981337622557
cnv_depth__IBNLCO_04119__IBNLCO_04119__gene__promoter,4.440875070171429,0.036225891634350194
cnv_depth__IBNLCO_05101__Hypersensitivity__CDS,4.440635635875405,0.036230867422377265
cnv_depth__IBNLCO_01324__Polyphosphate__CDS,4.439540024727974,0.03625364498900561
cnv_depth__IBNLCO_00228__flagellar__CDS__promoter,4.438012189312623,0.03628543363847487
cnv_depth__IBNLCO_05104__Hypersensitivity__CDS,4.437552869756668,0.03629499613896013
cnv_depth__IBNLCO_05748__IBNLCO_05748__gene__promoter,4.43720917819441,0.036302153136946916
cnv_depth__IBNLCO_04315__UspA__CDS,4.434816195988438,0.03635202562851444
cnv_depth__IBNLCO_04279__IBNLCO_04279__gene,4.433862768950972,0.036371916265521456
cnv_depth__IBNLCO_04147__Dimethyl-sulfide__CDS__promoter,4.432282049238658,0.03640491893566283
cnv_depth__IBNLCO_05540__Citronellyl-CoA__CDS__promoter,4.428866203117963,0.036476343754042025
cnv_depth__IBNLCO_04343__DSBA-like__CDS__promoter,4.425952561745478,0.036537384347994466
cnv_depth__IBNLCO_00520__IBNLCO_00520__gene__promoter,4.4259029368676375,0.03653842491853004
cnv_depth__IBNLCO_04772__Protocatechuate__CDS__promoter,4.425455958460899,0.03654779889571564
cnv_depth__IBNLCO_00368__IBNLCO_00368__gene,4.422892150428116,0.03660161579285886
cnv_depth__IBNLCO_01355__Tryptophan__CDS,4.422655378147055,0.03660659009444105
cnv_depth__IBNLCO_01646__IBNLCO_01646__gene__promoter,4.420131489057775,0.03665965831075282
cnv_depth__IBNLCO_00751__General__CDS__promoter,4.419546169108453,0.03667197705055219
cnv_depth__IBNLCO_04068__IBNLCO_04068__gene__promoter,4.413081326193588,0.0368083280218607
cnv_depth__IBNLCO_00070__Transmembrane__CDS__promoter,4.4127923771217015,0.036814434762071704
cnv_depth__IBNLCO_05760__IBNLCO_05760__gene__promoter,4.411902659666656,0.036833245042735385
cnv_depth__IBNLCO_02907__hypothetical__CDS__promoter,4.411373945011124,0.03684442785587433
cnv_depth__IBNLCO_05790__GerE__CDS,4.409237028633069,0.03688966215743388
cnv_depth__IBNLCO_03796__hypothetical__CDS,4.408024234255042,0.03691536067867397
cnv_depth__IBNLCO_01112__Methylglyoxal__CDS,4.407431403817026,0.03692792933842163
cnv_depth__IBNLCO_05450__atpR__gene__promoter,4.407184018659633,0.03693317551186088
cnv_depth__IBNLCO_00232__IBNLCO_00232__gene,4.406155311602553,0.036954999223121864
cnv_depth__IBNLCO_04860__Cardiolipin__CDS__promoter,4.404666671106859,0.03698660437693
cnv_depth__IBNLCO_02459__hypothetical__CDS,4.404406192743871,0.036992137493802216
cnv_depth__IBNLCO_05639__Cyclase__CDS__promoter,4.397052401462591,0.03714870865364504
cnv_depth__IBNLCO_02737__pilW__gene,4.39186926233888,0.0372594840078665
cnv_depth__IBNLCO_01037__HTH__CDS__promoter,4.385967699915761,0.037386038224261085
cnv_depth__IBNLCO_03594__IBNLCO_03594__gene__promoter,4.3857717862996015,0.037390247204283356
cnv_depth__IBNLCO_02175__4Fe-4S__CDS__promoter,4.384536843654447,0.03741679004892807
cnv_depth__IBNLCO_00996__Outer__CDS,4.381381300367435,0.03748470307498129
cnv_depth__IBNLCO_00349__hypothetical__CDS,4.381174061554928,0.03748916778095622
cnv_depth__IBNLCO_05339__YCII-related__CDS,4.380780943274082,0.037497638574239885
cnv_depth__IBNLCO_04447__ABC-type__CDS,4.380694150554067,0.037499509029620584
cnv_depth__IBNLCO_04670__PAAR__CDS,4.37580925069868,0.03760494159468925
cnv_depth__IBNLCO_01723__IBNLCO_01723__gene__promoter,4.3742109677362855,0.037639505811390195
cnv_depth__IBNLCO_04540__heavy__CDS__promoter,4.3669368358542435,0.03779723920336552
cnv_depth__IBNLCO_04120__Pesticidal__CDS,4.365249166916095,0.037833934504425404
cnv_depth__IBNLCO_02683__DUF4243__CDS__promoter,4.3619795364001375,0.03790513374585191
cnv_depth__IBNLCO_02434__HAD-superfamily__CDS__promoter,4.358799634742763,0.03797451475564087
cnv_depth__IBNLCO_02554__trnR__gene,4.355102624664119,0.03805534693974534
cnv_depth__IBNLCO_01963__IBNLCO_01963__gene,4.354320317016954,0.03807247474992676
cnv_depth__IBNLCO_05443__IBNLCO_05443__gene__promoter,4.353022848112018,0.038100899425052494
cnv_depth__IBNLCO_03055__IBNLCO_03055__gene,4.3511923133521355,0.03814104050803354
cnv_depth__IBNLCO_04785__Phosphoesterase__CDS,4.347042259402021,0.03823221089369299
cnv_depth__IBNLCO_00468__IBNLCO_00468__gene,4.344974186378674,0.038277729202680424
cnv_depth__IBNLCO_02259__Fe-S__CDS__promoter,4.342306254726838,0.0383365349567386
cnv_depth__IBNLCO_04998__bprC__gene__promoter,4.3408627807665106,0.03836839134557906
cnv_depth__IBNLCO_05480__IBNLCO_05480__gene,4.336162171062712,0.03847232417265231
cnv_depth__IBNLCO_00685__rhlE__gene__promoter,4.334836537415218,0.038501688313434396
cnv_depth__IBNLCO_05805__hypothetical__CDS,4.334532147729961,0.03850843419725442
cnv_depth__IBNLCO_05608__IBNLCO_05608__gene,4.330717476554724,0.03859308086786806
cnv_depth__IBNLCO_00980__IBNLCO_00980__gene,4.330404427482311,0.03860003607438198
cnv_depth__IBNLCO_04676__hypothetical__CDS__promoter,4.328330051094948,0.03864615725435851
cnv_depth__IBNLCO_04032__IBNLCO_04032__gene,4.326854251890718,0.038679005249497966
cnv_depth__IBNLCO_05275__HTH-type__CDS__promoter,4.3251060770841265,0.03871795387930537
cnv_depth__IBNLCO_05542__Geranyl-CoA__CDS,4.322965493354614,0.03876570165119409
cnv_depth__IBNLCO_02983__IBNLCO_02983__gene__promoter,4.3214051608041855,0.038800545557190015
cnv_depth__IBNLCO_02355__IBNLCO_02355__gene__promoter,4.319755981140908,0.03883740948114586
cnv_depth__IBNLCO_02497__Exported__CDS__promoter,4.312854364694642,0.03899208241142784
cnv_depth__IBNLCO_03623__ImpA__CDS__promoter,4.311641151907685,0.03901933905268245
cnv_depth__IBNLCO_02299__Putative__CDS__promoter,4.310259017143898,0.0390504153104987
cnv_depth__IBNLCO_04473__hypothetical__CDS__promoter,4.306032469626326,0.03914560840176427
cnv_depth__IBNLCO_02762__gnl|Bakta|IBNLCO_02762__CDS__promoter,4.30298956370243,0.039214294524898045
cnv_depth__IBNLCO_01905__IBNLCO_01905__gene__promoter,4.299290897240093,0.03929795434401391
cnv_depth__IBNLCO_01127__IBNLCO_01127__gene__promoter,4.297306113757719,0.0393429257315392
cnv_depth__IBNLCO_03066__ettA__gene__promoter,4.29528976252019,0.03938866807716725
cnv_depth__IBNLCO_05417__IBNLCO_05417__gene__promoter,4.292245755309428,0.039457830021448606
cnv_depth__IBNLCO_00142__gnl|Bakta|IBNLCO_00142__CDS__promoter,4.286201626883235,0.03959553749543915
cnv_depth__IBNLCO_05547__Cyclopropane-fatty-acyl-phospholipid__CDS__promoter,4.280827671677969,0.03971840258210205
cnv_depth__IBNLCO_01156__IBNLCO_01156__gene__promoter,4.279166108753674,0.03975647251389254
cnv_depth__IBNLCO_04980__Type__CDS__promoter,4.2780470156649475,0.03978213504746693
cnv_depth__IBNLCO_02265__IBNLCO_02265__gene__promoter,4.276597987948968,0.03981538950979575
cnv_depth__IBNLCO_02630__Aspartate__CDS,4.276322596988182,0.039821712917140525
cnv_depth__IBNLCO_04930__IBNLCO_04930__gene__promoter,4.273971421670697,0.039875742823976226
cnv_depth__IBNLCO_04458__hypothetical__CDS,4.273757758615555,0.039880656631448
cnv_depth__IBNLCO_04159__IBNLCO_04159__gene__promoter,4.273302245788486,0.03989113461963746
cnv_depth__IBNLCO_03712__IBNLCO_03712__gene__promoter,4.270602629088612,0.039953292639050286
cnv_depth__IBNLCO_02108__IBNLCO_02108__gene__promoter,4.268252598982795,0.040007484876089114
cnv_depth__IBNLCO_02080__hypothetical__CDS__promoter,4.26537776644459,0.040073884881477735
cnv_depth__IBNLCO_00922__trnL__gene__promoter,4.264841007747484,0.04008629529961904
cnv_depth__IBNLCO_05262__IBNLCO_05262__gene,4.261799478144448,0.04015669541544374
cnv_depth__IBNLCO_03685__Glycine__CDS__promoter,4.2616895285370315,0.04015924278751167
cnv_depth__IBNLCO_01021__Peptidase__CDS,4.260903221516367,0.04017746535553054
cnv_depth__IBNLCO_04719__IBNLCO_04719__gene__promoter,4.251588080053019,0.04039400916765787
cnv_depth__IBNLCO_05085__pilL__gene,4.245406157519833,0.04053839788816716
cnv_depth__IBNLCO_03145__IBNLCO_03145__gene__promoter,4.244206869243932,0.04056647235350838
cnv_depth__IBNLCO_05009__IpaC/SipC__CDS,4.242313902745088,0.04061082717302383
cnv_depth__IBNLCO_05496__IBNLCO_05496__gene__promoter,4.242249111454077,0.04061234623001824
cnv_depth__IBNLCO_03956__IBNLCO_03956__gene,4.24089339592832,0.04064414529617978
cnv_depth__IBNLCO_05645__MFS__CDS,4.237883035483492,0.040714849184343066
cnv_depth__IBNLCO_02017__IBNLCO_02017__gene__promoter,4.236261174107351,0.04075299551696389
cnv_depth__IBNLCO_03113__IBNLCO_03113__gene,4.23385721132591,0.04080960650953121
cnv_depth__IBNLCO_02883__Holliday__CDS__promoter,4.2335624589940375,0.040816553363979435
cnv_depth__IBNLCO_04333__IBNLCO_04333__gene,4.231885405295548,0.04085610272733691
cnv_depth__IBNLCO_05023__bsaO__gene,4.230288466153581,0.04089380045844582
cnv_depth__IBNLCO_04278__IBNLCO_04278__gene__promoter,4.230123104205784,0.04089770613436991
cnv_depth__IBNLCO_01364__hypothetical__CDS,4.228264179619557,0.04094163914730168
cnv_depth__IBNLCO_04457__IBNLCO_04457__gene,4.225574998982763,0.04100528244513385
cnv_depth__IBNLCO_04407__IBNLCO_04407__gene,4.2204720607230115,0.04112633868769423
cnv_depth__IBNLCO_05481__IBNLCO_05481__gene,4.219839294490506,0.04114137603591606
cnv_depth__IBNLCO_02088__S-adenosylhomocysteine__CDS,4.219319725160289,0.04115372767022333
cnv_depth__IBNLCO_03807__ABC__CDS__promoter,4.217041344708997,0.04120793757049281
cnv_depth__IBNLCO_04903__IBNLCO_04903__gene__promoter,4.215550999853489,0.04124343847569396
cnv_depth__IBNLCO_05754__IBNLCO_05754__gene__promoter,4.21452273419074,0.04126795124401497
cnv_depth__IBNLCO_00746__Regulatory__CDS,4.208713832568343,0.04140671917875916
cnv_depth__IBNLCO_05313__Transmembrane__CDS,4.206349042482594,0.04146335262581771
cnv_depth__IBNLCO_02759__IBNLCO_02759__gene__promoter,4.20548920438492,0.04148396487359849
cnv_depth__IBNLCO_02675__IBNLCO_02675__gene__promoter,4.205122140591121,0.04149276751855171
cnv_depth__IBNLCO_04493__IBNLCO_04493__gene__promoter,4.204702740846925,0.041502827664168726
cnv_depth__IBNLCO_01057__Glyoxalase/fosfomycin__CDS__promoter,4.201984309398609,0.04156809732793168
cnv_depth__IBNLCO_05306__IBNLCO_05306__gene,4.201494739251244,0.041579863469013795
cnv_depth__IBNLCO_00610__IBNLCO_00610__gene__promoter,4.201492480680444,0.0415799177588053
cnv_depth__IBNLCO_02813__IBNLCO_02813__gene,4.20107200075639,0.04159002623972573
cnv_depth__IBNLCO_00510__IBNLCO_00510__gene,4.200845521262153,0.0415954719617802
cnv_depth__IBNLCO_00871__NADP-dependent__CDS__promoter,4.197869436143862,0.041667102384203805
cnv_depth__IBNLCO_04095__IBNLCO_04095__gene__promoter,4.1952967806287,0.041729128003452375
cnv_depth__IBNLCO_05458__IBNLCO_05458__gene__promoter,4.191826569095111,0.04181294817805625
cnv_depth__IBNLCO_05672__GtrA/DPMS__CDS,4.189423293408336,0.04187110181296326
cnv_depth__IBNLCO_05384__IBNLCO_05384__gene,4.187620577616045,0.041914779501824144
cnv_depth__IBNLCO_04172__IBNLCO_04172__gene,4.187524005975171,0.041917120680065444
cnv_depth__IBNLCO_03954__IBNLCO_03954__gene__promoter,4.186787612525007,0.04193497755815833
cnv_depth__IBNLCO_05726__CBS__CDS,4.183383749495776,0.042017622877691514
cnv_depth__IBNLCO_04118__Carboxypeptidase__CDS,4.178119739539873,0.042145772011678045
cnv_depth__IBNLCO_04093__mreB__gene__promoter,4.174895602764576,0.04222446595622844
cnv_depth__IBNLCO_00643__IBNLCO_00643__gene__promoter,4.173145730486566,0.04226724153175835
cnv_depth__IBNLCO_03598__IBNLCO_03598__gene__promoter,4.16934583786765,0.042360287876642616
cnv_depth__IBNLCO_03713__IBNLCO_03713__gene__promoter,4.1693328525815385,0.042360606213390904
cnv_depth__IBNLCO_01745__doxX__gene__promoter,4.166266085053122,0.04243585959581585
cnv_depth__IBNLCO_01150__bamE__gene__promoter,4.165579349199982,0.04245273034527998
cnv_depth__IBNLCO_04121__IBNLCO_04121__gene__promoter,4.164598307876619,0.04247684349472279
cnv_depth__IBNLCO_05317__hypothetical__CDS,4.163112715846542,0.042513385681153426
cnv_depth__IBNLCO_02186__IBNLCO_02186__gene__promoter,4.162746758042244,0.04252239252080177
cnv_depth__IBNLCO_00695__rpoS__gene,4.162506986763817,0.04252829479265445
cnv_depth__IBNLCO_05272__IBNLCO_05272__gene__promoter,4.160655465625336,0.04257390154478549
cnv_depth__IBNLCO_05758__IBNLCO_05758__gene__promoter,4.159125197764505,0.04261163426709655
cnv_depth__IBNLCO_04957__D-mannonate__CDS__promoter,4.1576531113419195,0.042647965800321826
cnv_depth__IBNLCO_05035__IBNLCO_05035__gene,4.1536636485564955,0.04274659197183255
cnv_depth__IBNLCO_02143__IBNLCO_02143__gene__promoter,4.1503529076871075,0.04282862242897488
cnv_depth__IBNLCO_00398__Type__CDS__promoter,4.146042953308935,0.04293566037521215
cnv_depth__IBNLCO_03894__AraC-family__CDS,4.14550548784281,0.04294902821758204
cnv_depth__IBNLCO_00870__HTH__CDS,4.143590787161124,0.04299668649985531
cnv_depth__IBNLCO_00168__IBNLCO_00168__gene,4.140930461141159,0.04306299695278949
cnv_depth__IBNLCO_04050__IBNLCO_04050__gene,4.131041330264643,0.04331044183984689
cnv_depth__IBNLCO_02495__Murein__CDS,4.125487277969849,0.04345007507281014
cnv_depth__IBNLCO_04430__IBNLCO_04430__gene__promoter,4.125447996517491,0.04345106433650321
cnv_depth__IBNLCO_04072__Peptidase__CDS,4.119826264146291,0.0435928884254323
cnv_depth__IBNLCO_05372__CheW-like__CDS__promoter,4.119334293785749,0.04360532309113123
cnv_depth__IBNLCO_04239__IBNLCO_04239__gene__promoter,4.113669276782925,0.04374877888866116
cnv_depth__IBNLCO_00999__ABC__CDS,4.112530750489133,0.04377767022401712
cnv_depth__IBNLCO_03670__IBNLCO_03670__gene__promoter,4.112278431074907,0.04378407583896161
cnv_depth__IBNLCO_05605__IBNLCO_05605__gene,4.112258453870943,0.043784583041251005
cnv_depth__IBNLCO_05291__glgB__gene,4.107299219956467,0.043910686167297715
cnv_depth__IBNLCO_04973__Autotransporter__CDS__promoter,4.106758660365823,0.04392445473655573
cnv_depth__IBNLCO_02818__TIGR02099__CDS__promoter,4.103864029845724,0.04399826164995387
cnv_depth__IBNLCO_02743__4-hydroxybenzoyl-CoA__CDS,4.103437849516802,0.04400913943882132
cnv_depth__IBNLCO_02075__Muramoyltetrapeptide__CDS,4.101772329020645,0.04405167738518471
cnv_depth__IBNLCO_00682__IBNLCO_00682__gene__promoter,4.099507932151402,0.04410958076082295
cnv_depth__IBNLCO_05047__Fe2OG__CDS,4.099146984081527,0.044118818094448786
cnv_depth__IBNLCO_04864__Type__CDS__promoter,4.097159873704068,0.0441697086885003
cnv_depth__IBNLCO_05397__IBNLCO_05397__gene,4.096684324053687,0.044181896908634076
cnv_depth__IBNLCO_05407__Carboxylesterase__CDS,4.092725868608556,0.04428348962502059
cnv_depth__IBNLCO_02306__IBNLCO_02306__gene__promoter,4.080981602098724,0.04458636339740038
cnv_depth__IBNLCO_05749__IBNLCO_05749__gene__promoter,4.0801859583587285,0.044606961607299586
cnv_depth__IBNLCO_05246__IBNLCO_05246__gene,4.077160887596617,0.044685369036709596
cnv_depth__IBNLCO_02667__dTDP-glucose__CDS__promoter,4.077026161107988,0.04468886443820219
cnv_depth__IBNLCO_02642__Urease__CDS__promoter,4.075852356793977,0.04471933038991732
cnv_depth__IBNLCO_00436__IBNLCO_00436__gene__promoter,4.074958980171191,0.044742532636583884
cnv_depth__IBNLCO_04555__DUF2760__CDS,4.074884799160256,0.044744459795722114
cnv_depth__IBNLCO_04040__IBNLCO_04040__gene,4.068102757834569,0.04492102393897981
cnv_depth__IBNLCO_03940__Beta-ketoacyl-[acyl-carrier-protein]__CDS__promoter,4.063667892379252,0.04503688106838829
cnv_depth__IBNLCO_05068__Transmembrane__CDS,4.063310274314604,0.045046237339989116
cnv_depth__IBNLCO_03928__IBNLCO_03928__gene__promoter,4.062309599211842,0.045072428710130445
cnv_depth__IBNLCO_02421__IBNLCO_02421__gene,4.06049174629279,0.04512004998683147
cnv_depth__IBNLCO_00615__Major__CDS__promoter,4.053893829757513,0.045293340865799475
cnv_depth__IBNLCO_01369__IBNLCO_01369__gene,4.053293721703669,0.04530913739013642
cnv_depth__IBNLCO_01853__HTH__CDS__promoter,4.048675786145981,0.04543089011999309
cnv_depth__IBNLCO_00874__DUF192__CDS__promoter,4.035882196833414,0.0457700122116182
cnv_depth__IBNLCO_04083__macB__gene__promoter,4.034880524149609,0.04579667690140642
cnv_depth__IBNLCO_02045__Two-component__CDS__promoter,4.034592988623527,0.04580433418916247
cnv_depth__IBNLCO_01475__Bcj11__gene__promoter,4.032079996672848,0.04587131492320006
cnv_depth__IBNLCO_00698__IBNLCO_00698__gene,4.031496629635544,0.04588687872262539
cnv_depth__IBNLCO_04967__IBNLCO_04967__gene,4.030793686549897,0.04590564016860782
cnv_depth__IBNLCO_02754__hypothetical__CDS,4.029032792233,0.0459526739285732
cnv_depth__IBNLCO_04838__IBNLCO_04838__gene__promoter,4.023878430744379,0.046090641959588154
cnv_depth__IBNLCO_02456__Acyl-CoA__CDS,4.020734893554005,0.04617500158737947
cnv_depth__IBNLCO_01304__IBNLCO_01304__gene__promoter,4.020202490170041,0.046189305331665556
cnv_depth__IBNLCO_01128__Transmembrane__CDS,4.013744227950142,0.04636319048807111
cnv_depth__IBNLCO_05173__Polysaccharide__CDS__promoter,4.012487065082891,0.046397119646237724
cnv_depth__IBNLCO_04873__gnl|Bakta|IBNLCO_04873__CDS__promoter,4.010415494766526,0.046453086107392405
cnv_depth__IBNLCO_05820__IBNLCO_05820__gene__promoter,4.007849451578024,0.046522510874165375
cnv_depth__IBNLCO_01045__IBNLCO_01045__gene,4.004192486780759,0.04662164117753422
cnv_depth__IBNLCO_02326__IBNLCO_02326__gene,4.003778818928498,0.04663286869368361
cnv_depth__IBNLCO_04416__Major__CDS__promoter,4.003443016617804,0.04664198494306747
cnv_depth__IBNLCO_04753__Antibiotic__CDS,4.001361083787995,0.04669854681914203
cnv_depth__IBNLCO_01914__RNA__CDS,4.001188159003859,0.04670324810870456
cnv_depth__IBNLCO_02506__hypothetical__CDS__promoter,4.000283007149306,0.046727864588112476
cnv_depth__IBNLCO_04472__mprA__gene__promoter,3.996238613943777,0.04683802422883361
cnv_depth__IBNLCO_04208__IBNLCO_04208__gene__promoter,3.9957856615480276,0.046850378737241447
cnv_depth__IBNLCO_04074__IBNLCO_04074__gene__promoter,3.992964682830551,0.04692740031964452
cnv_depth__IBNLCO_00363__IBNLCO_00363__gene__promoter,3.987195452660806,0.047085337529172336
cnv_depth__IBNLCO_00940__Periplasmic__CDS__promoter,3.9862191000098357,0.0471121217655367
cnv_depth__IBNLCO_00559__IBNLCO_00559__gene,3.9858741785600267,0.04712158784784576
cnv_depth__IBNLCO_04847__Sarcosine__CDS__promoter,3.9830673071156446,0.047198695262417184
cnv_depth__IBNLCO_04535__Metabolite__CDS__promoter,3.9814113034805105,0.04724425010786621
cnv_depth__IBNLCO_05698__IBNLCO_05698__gene,3.9811102623176584,0.04725253643664842
cnv_depth__IBNLCO_02931__IBNLCO_02931__gene,3.9810268059687517,0.047254833893336276
cnv_depth__IBNLCO_03922__IBNLCO_03922__gene__promoter,3.979455268842801,0.047298118656206985
cnv_depth__IBNLCO_05263__Respiratory__CDS__promoter,3.978183411976289,0.04733318018096177
cnv_depth__IBNLCO_00861__IBNLCO_00861__gene__promoter,3.976637102766337,0.04737584478461392
cnv_depth__IBNLCO_05720__hypothetical__CDS__promoter,3.9745031912266806,0.04743478918124241
cnv_depth__IBNLCO_03645__IBNLCO_03645__gene__promoter,3.965436879477375,0.04768609542644248
cnv_depth__IBNLCO_00997__Histidine__CDS__promoter,3.96534097009627,0.04768876145842808
cnv_depth__IBNLCO_05135__IBNLCO_05135__gene,3.961147949922459,0.04780547151764562
cnv_depth__IBNLCO_04174__IBNLCO_04174__gene,3.9598432580142804,0.04784184868065559
cnv_depth__IBNLCO_03795__FAD/NAD(P)-binding__CDS,3.957236349842315,0.047914622127990046
cnv_depth__IBNLCO_03911__hypothetical__CDS,3.956579465309085,0.04793297801604915
cnv_depth__IBNLCO_02470__IBNLCO_02470__gene__promoter,3.951941249039281,0.04806280056948376
cnv_depth__IBNLCO_02779__wcbL__gene__promoter,3.9517474631364773,0.048068232717106606
cnv_depth__IBNLCO_00998__Histidine/lysine/arginine/ornithine__CDS,3.947390235376002,0.04819054566698264
cnv_depth__IBNLCO_02349__ABC__CDS__promoter,3.937349034766138,0.048473676553869784
cnv_depth__IBNLCO_01095__hypothetical__CDS__promoter,3.9355220907947523,0.048525380628542614
cnv_depth__IBNLCO_03335__IBNLCO_03335__gene__promoter,3.931894399434277,0.048628221294325
cnv_depth__IBNLCO_00497__IBNLCO_00497__gene__promoter,3.930464012370371,0.04866883472162475
cnv_depth__IBNLCO_00505__IBNLCO_00505__gene__promoter,3.9291050111678554,0.048707454682693475
cnv_depth__IBNLCO_02966__IBNLCO_02966__gene__promoter,3.920167150315938,0.048962263312822434
cnv_depth__IBNLCO_02511__OmpA-like__CDS,3.916430995949741,0.04906919681477901
cnv_depth__IBNLCO_02035__IBNLCO_02035__gene,3.9144852775989,0.049124984096834676
cnv_depth__IBNLCO_03597__IBNLCO_03597__gene,3.9120748739689053,0.04919418832343279
cnv_depth__IBNLCO_01078__Glutamyl-Q__CDS__promoter,3.909517773029527,0.04926771770022909
cnv_depth__IBNLCO_00907__N-acetyltransferase__CDS__promoter,3.9090690599033713,0.04928063248865593
cnv_depth__IBNLCO_04263__3-oxoacyl-[acyl-carrier-protein]__CDS,3.9084650343648195,0.04929802314095725
cnv_depth__IBNLCO_04238__hypothetical__CDS,3.9059306437624004,0.04937106261945141
cnv_depth__IBNLCO_01214__IBNLCO_01214__gene,3.901490449710477,0.04949930378268457
cnv_depth__IBNLCO_02477__N-acetyltransferase__CDS,3.900347616664338,0.04953236826749879
cnv_depth__IBNLCO_01522__Ribosome-binding__CDS,3.896159076683982,0.04965375228681211
cnv_depth__IBNLCO_02369__IBNLCO_02369__gene,3.896005715061027,0.049658202713622084
cnv_depth__IBNLCO_02359__Ubiquinol__CDS,3.891207308322715,0.04979766310732652
cnv_depth__IBNLCO_04190__3-oxoacyl-[acyl-carrier-protein]__CDS__promoter,3.890740429441921,0.0498112546580203
cnv_depth__IBNLCO_04306__hypothetical__CDS,3.890638044729058,0.049814235759677236
cnv_depth__IBNLCO_05011__bicA__gene__promoter,3.88790527587488,0.04989387508817443
cnv_depth__IBNLCO_03285__IBNLCO_03285__gene,3.887329718854221,0.04991066544435024
cnv_depth__IBNLCO_04721__NADPH-dependent__CDS__promoter,3.883628960917424,0.05001876902488739
cnv_depth__IBNLCO_03298__flhB__gene__promoter,3.8824219186326707,0.05005408205107773
cnv_depth__IBNLCO_04457__IBNLCO_04457__gene__promoter,3.879497899007326,0.050139736722594745
cnv_depth__IBNLCO_03937__Chlorhexidine__CDS__promoter,3.8774196963905294,0.050200709321241224
cnv_depth__IBNLCO_04045__IBNLCO_04045__gene,3.8767542942900346,0.050220248297736254
cnv_depth__IBNLCO_02307__IBNLCO_02307__gene__promoter,3.8764936841947986,0.050227903101315856
cnv_depth__IBNLCO_00777__IBNLCO_00777__gene,3.8762976392604913,0.050233662274942824
cnv_depth__IBNLCO_01075__gnl|Bakta|IBNLCO_01075__CDS__promoter,3.87527592591894,0.05026368832747537
cnv_depth__IBNLCO_05341__YCII-related__CDS__promoter,3.8751353339435393,0.050267821531378945
cnv_depth__IBNLCO_00765__IBNLCO_00765__gene__promoter,3.8738561544914196,0.05030544421133943
cnv_depth__IBNLCO_04871__hypothetical__CDS__promoter,3.87249621138139,0.05034547515320395
cnv_depth__IBNLCO_01964__IBNLCO_01964__gene__promoter,3.8706078077593014,0.05040111797192276
cnv_depth__IBNLCO_03539__IBNLCO_03539__gene__promoter,3.8679684748729004,0.050478997043709256
cnv_depth__IBNLCO_05354__Acyl-CoA__CDS__promoter,3.8665274761326005,0.05052157080314513
cnv_depth__IBNLCO_01356__IBNLCO_01356__gene__promoter,3.865606076807983,0.050548813231072943
cnv_depth__IBNLCO_02727__IBNLCO_02727__gene__promoter,3.8608716881752976,0.050689038751845224
cnv_depth__IBNLCO_00888__IBNLCO_00888__gene__promoter,3.8596464263037675,0.050725396604359006
cnv_depth__IBNLCO_04326__IBNLCO_04326__gene__promoter,3.859565474579751,0.05072779970598548
cnv_depth__IBNLCO_02267__IBNLCO_02267__gene,3.857068233099403,0.050801991435365776
cnv_depth__IBNLCO_02444__Sodium:proton__CDS__promoter,3.8545773040184987,0.05087611074589633
cnv_depth__IBNLCO_00775__IBNLCO_00775__gene,3.85334510622122,0.050912818204468614
cnv_depth__IBNLCO_05760__IBNLCO_05760__gene,3.847425100381259,0.051089570258409
cnv_depth__IBNLCO_04468__IBNLCO_04468__gene,3.8451025153948453,0.051159093459459015
cnv_depth__IBNLCO_00609__IBNLCO_00609__gene,3.8423109608015893,0.051242787950605995
cnv_depth__IBNLCO_04807__IBNLCO_04807__gene__promoter,3.8415305622732037,0.05126621140413854
cnv_depth__IBNLCO_00770__IBNLCO_00770__gene,3.837002223036578,0.05140235358792735
cnv_depth__IBNLCO_05812__Metalloprotease__CDS,3.833302824176674,0.05151385994028275
cnv_depth__IBNLCO_01921__DNA-directed__CDS__promoter,3.8301988876397126,0.05160761683432779
cnv_depth__IBNLCO_02118__IBNLCO_02118__gene__promoter,3.8270425350528265,0.051703143456390835
cnv_depth__IBNLCO_00425__IBNLCO_00425__gene__promoter,3.8192993533648703,0.05193828883780484
cnv_depth__IBNLCO_05396__IBNLCO_05396__gene,3.818181468856227,0.05197233084632149
cnv_depth__IBNLCO_02713__EamA__CDS__promoter,3.8175260003583005,0.05199230234176143
cnv_depth__IBNLCO_01517__IBNLCO_01517__gene,3.8171904130136247,0.05200253053116019
cnv_depth__IBNLCO_04551__IBNLCO_04551__gene__promoter,3.811857166682277,0.05216536788989248
cnv_depth__IBNLCO_05342__gnl|Bakta|IBNLCO_05342__CDS__promoter,3.8109960299957346,0.05219171146561621
cnv_depth__IBNLCO_01387__IBNLCO_01387__gene,3.810541572160897,0.05220561978768704
cnv_depth__IBNLCO_01923__IBNLCO_01923__gene,3.808879147559224,0.0522565306415151
cnv_depth__IBNLCO_02544__IBNLCO_02544__gene,3.805563235307912,0.05235823677499997
cnv_depth__IBNLCO_01727__IBNLCO_01727__gene,3.8028701957125683,0.05244099333936698
cnv_depth__IBNLCO_03114__XRE__CDS__promoter,3.7991905159090793,0.05255429465507476
cnv_depth__IBNLCO_04012__IBNLCO_04012__gene__promoter,3.798210682687949,0.05258450875531759
cnv_depth__IBNLCO_01512__DUF4224__CDS,3.7945489232942347,0.052697586656394776
cnv_depth__IBNLCO_05648__Succinyl-CoA--L-malate__CDS__promoter,3.7870448394095706,0.05293012931420427
cnv_depth__IBNLCO_02964__IBNLCO_02964__gene__promoter,3.781962687395139,0.05308824049708022
cnv_depth__IBNLCO_01371__hypothetical__CDS,3.7796435975055536,0.053160557153966295
cnv_depth__IBNLCO_02874__tRNA-specific__CDS__promoter,3.778103459688647,0.05320864163751519
cnv_depth__IBNLCO_02796__IBNLCO_02796__gene,3.777075055527937,0.05324077516441161
cnv_depth__IBNLCO_04812__gnl|Bakta|IBNLCO_04812__CDS__promoter,3.776004344896507,0.05327425259308624
cnv_depth__IBNLCO_03861__Calcineurin-like__CDS,3.7749764986958367,0.05330641092121341
cnv_depth__IBNLCO_02925__LPS-assembly__CDS,3.770792811887794,0.05343752017086634
cnv_depth__IBNLCO_02747__tolB__gene__promoter,3.7683721054184125,0.05351353782957437
cnv_depth__IBNLCO_04103__hypothetical__CDS,3.7633579300586213,0.05367136562098193
cnv_depth__IBNLCO_00167__IBNLCO_00167__gene,3.7628936648586047,0.053686004079187354
cnv_depth__IBNLCO_00334__ybaK__gene,3.762809415856186,0.05368866093883623
cnv_depth__IBNLCO_04883__Hypersensitivity__CDS__promoter,3.761420897087812,0.05373246920201554
cnv_depth__IBNLCO_00605__Acyl__CDS__promoter,3.7607897119033287,0.053752395927113804
cnv_depth__IBNLCO_02192__SAM-dependent__CDS__promoter,3.760062611881568,0.053775360488334194
cnv_depth__IBNLCO_04982__tssE__gene__promoter,3.7592431794799865,0.05380125380110096
cnv_depth__IBNLCO_00782__IBNLCO_00782__gene,3.759041953810738,0.05380761438200734
cnv_depth__IBNLCO_05322__D-inositol-3-phosphate__CDS__promoter,3.756639104119392,0.053883628543312655
cnv_depth__IBNLCO_05695__Porin__CDS__promoter,3.756249807697238,0.0538959547191953
cnv_depth__IBNLCO_00869__IBNLCO_00869__gene,3.7554872935267265,0.053920106695448826
cnv_depth__IBNLCO_01066__Endonuclease__CDS__promoter,3.7509323293170262,0.05406462200231796
cnv_depth__IBNLCO_03739__IBNLCO_03739__gene,3.748703203344539,0.05413549604155054
cnv_depth__IBNLCO_02680__IBNLCO_02680__gene,3.7483527349365744,0.05414664804084137
cnv_depth__IBNLCO_02558__Guanylate__CDS__promoter,3.7474092934653447,0.05417668078786206
cnv_depth__IBNLCO_02380__IBNLCO_02380__gene,3.7460755194161504,0.054219169399547164
cnv_depth__IBNLCO_01465__HTH__CDS__promoter,3.7429998491835765,0.05431728335172339
cnv_depth__IBNLCO_01927__IBNLCO_01927__gene__promoter,3.739815220805965,0.05441907278451874
cnv_depth__IBNLCO_00626__IBNLCO_00626__gene,3.7348608092412534,0.054577834309944916
cnv_depth__IBNLCO_04619__Nitrate__CDS__promoter,3.727515030950529,0.05481413660455941
cnv_depth__IBNLCO_02850__recG__gene__promoter,3.726786050724983,0.05483764627328634
cnv_depth__IBNLCO_05801__IBNLCO_05801__gene,3.7260307239110317,0.05486201697818625
cnv_depth__IBNLCO_01364__IBNLCO_01364__gene__promoter,3.724406162387131,0.05491447283085658
cnv_depth__IBNLCO_04414__lysR__gene__promoter,3.7242752231226737,0.0549187030912827
cnv_depth__IBNLCO_04027__L-carnitine__CDS,3.7227595891398653,0.05496769407439175
cnv_depth__IBNLCO_04867__ATP/GTP__CDS,3.7204422217867834,0.055042690333223565
cnv_depth__IBNLCO_02960__HTH-type__CDS__promoter,3.7194812212799624,0.05507382294504376
cnv_depth__IBNLCO_00135__hypothetical__CDS,3.7193922369026864,0.055076706637588686
cnv_depth__IBNLCO_02710__IBNLCO_02710__gene,3.7153752827614066,0.055207051054542676
cnv_depth__IBNLCO_02975__Thiol__CDS__promoter,3.7138525654285854,0.05525654712575603
cnv_depth__IBNLCO_01177__MaoC-like__CDS,3.7120600755270723,0.05531487291717682
cnv_depth__IBNLCO_00671__IBNLCO_00671__gene,3.7090965882513016,0.05541144603165956
cnv_depth__IBNLCO_01748__RNA__CDS__promoter,3.707791824410118,0.055454022313947166
cnv_depth__IBNLCO_03511__IBNLCO_03511__gene__promoter,3.707699104756306,0.055457049216331954
cnv_depth__IBNLCO_03971__CDP-alcohol__CDS,3.7027914257974923,0.055617516217884015
cnv_depth__IBNLCO_04632__IBNLCO_04632__gene__promoter,3.702537679872899,0.05562582645405639
cnv_depth__IBNLCO_02128__IBNLCO_02128__gene,3.6983636983337798,0.055762715824822645
cnv_depth__IBNLCO_03422__LysR__CDS,3.6964921868029883,0.05582421049527889
cnv_depth__IBNLCO_04346__IBNLCO_04346__gene,3.693768589786971,0.05591383271466444
cnv_depth__IBNLCO_04211__IBNLCO_04211__gene,3.6932135016401624,0.05593211720136669
cnv_depth__IBNLCO_02765__araC__gene,3.6908927669837976,0.05600863092958653
cnv_depth__IBNLCO_01145__IBNLCO_01145__gene,3.6904947408637403,0.056021764929005534
cnv_depth__IBNLCO_04087__gnl|Bakta|IBNLCO_04087__CDS,3.689686008854748,0.05604846147025892
cnv_depth__IBNLCO_01682__Carboxylesterase__CDS__promoter,3.6895235919922045,0.056053824549597064
cnv_depth__IBNLCO_05353__Aminoglycoside__CDS__promoter,3.6889329501444497,0.05607333243778195
cnv_depth__IBNLCO_02353__IBNLCO_02353__gene__promoter,3.6887406567189887,0.056079685125391125
cnv_depth__IBNLCO_05136__IBNLCO_05136__gene,3.6849439764652114,0.056205271495995815
cnv_depth__IBNLCO_04455__IBNLCO_04455__gene__promoter,3.6845621901527545,0.05621791682152461
cnv_depth__IBNLCO_04810__hypothetical__CDS,3.682664772479329,0.05628080720972176
cnv_depth__IBNLCO_04061__Peptidase__CDS,3.6811446385048696,0.05633124668150069
cnv_depth__IBNLCO_03289__Dienelactone__CDS,3.6793224407284963,0.05639177258583737
cnv_depth__IBNLCO_04889__Secretion-associated__CDS__promoter,3.6782387160323373,0.05642780241352361
cnv_depth__IBNLCO_03004__8-oxo-dGTP__CDS,3.676011176075931,0.056501937139902765
cnv_depth__IBNLCO_05091__IBNLCO_05091__gene,3.6750997422765534,0.05653230056084028
cnv_depth__IBNLCO_04679__Peptidoglycan__CDS__promoter,3.667314303947365,0.056792375842953366
cnv_depth__IBNLCO_05644__gnl|Bakta|IBNLCO_05644__CDS__promoter,3.663160020153622,0.05693167421165452
cnv_depth__IBNLCO_03565__DNA-binding__CDS__promoter,3.6616529126534076,0.05698229968250123
cnv_depth__IBNLCO_03015__UDP-N-acetylmuramate--L-alanine__CDS__promoter,3.6610635049645044,0.057002111653887445
cnv_depth__IBNLCO_02518__Formate__CDS,3.6587741342641027,0.0570791349788737
cnv_depth__IBNLCO_00790__efflux__CDS__promoter,3.6584234165766905,0.05709094431067338
cnv_depth__IBNLCO_00700__lysR__gene__promoter,3.6566794254889823,0.05714970661629018
cnv_depth__IBNLCO_02301__trnV__gene,3.6551868154493055,0.05720005021232652
cnv_depth__IBNLCO_00339__IBNLCO_00339__gene,3.654224315344613,0.05723253910846535
cnv_depth__IBNLCO_02725__IBNLCO_02725__gene__promoter,3.653619122463986,0.05725297731272484
cnv_depth__IBNLCO_04874__Flagellar__CDS,3.653207351337734,0.057266887857336225
cnv_depth__IBNLCO_05702__hypothetical__CDS__promoter,3.651767776785115,0.05731554830023757
cnv_depth__IBNLCO_01160__NADH-quinone__CDS__promoter,3.6514177201561395,0.05732738758276756
cnv_depth__IBNLCO_02247__Regulatory__CDS__promoter,3.6448228291771945,0.05755092318401717
cnv_depth__IBNLCO_05510__prnD__gene,3.641007370385558,0.05768067472556399
cnv_depth__IBNLCO_02402__trnG__gene,3.639327827991805,0.05773788973909437
cnv_depth__IBNLCO_04161__IBNLCO_04161__gene__promoter,3.6392846151890264,0.057739362620114046
cnv_depth__IBNLCO_00324__IBNLCO_00324__gene,3.63473293987958,0.057894728899804175
cnv_depth__IBNLCO_03654__IBNLCO_03654__gene,3.6336670538790594,0.05793117630006209
cnv_depth__IBNLCO_04032__IBNLCO_04032__gene__promoter,3.6313645327017494,0.05800999359308464
cnv_depth__IBNLCO_00153__IBNLCO_00153__gene__promoter,3.630878044620987,0.05802666117724064
cnv_depth__IBNLCO_01715__DUF3562__CDS__promoter,3.63054944310243,0.05803792230386983
cnv_depth__IBNLCO_00678__IBNLCO_00678__gene__promoter,3.621478832059891,0.05834969579816281
cnv_depth__IBNLCO_02414__IBNLCO_02414__gene,3.6186220680187198,0.058448258727470816
cnv_depth__IBNLCO_03921__FAD-dependent__CDS,3.6114668535667325,0.05869590795337341
cnv_depth__IBNLCO_04426__EmrB/QacA__CDS,3.611224988960756,0.058704298730930755
cnv_depth__IBNLCO_02861__Paraquat-inducible__CDS__promoter,3.6080536081515646,0.05881443928250968
cnv_depth__IBNLCO_00400__Sel1__CDS__promoter,3.6067860745309863,0.05885852197709414
cnv_depth__IBNLCO_04836__IBNLCO_04836__gene__promoter,3.6054121777136974,0.05890634375422825
cnv_depth__IBNLCO_00827__IBNLCO_00827__gene__promoter,3.60502364154375,0.05891987523170069
cnv_depth__IBNLCO_02892__yfcG__gene,3.6029056851635146,0.05899369543941568
cnv_depth__IBNLCO_01162__IBNLCO_01162__gene__promoter,3.5951920873259713,0.05926338680663934
cnv_depth__IBNLCO_04941__PepSY__CDS__promoter,3.591132709796359,0.059405845162825884
cnv_depth__IBNLCO_05414__MBL__CDS,3.584956725063321,0.059623286809855465
cnv_depth__IBNLCO_00128__hypothetical__CDS,3.5820984582517124,0.05972420793309399
cnv_depth__IBNLCO_02022__IBNLCO_02022__gene,3.5785169677643944,0.05985092334068511
cnv_depth__IBNLCO_03050__IBNLCO_03050__gene__promoter,3.5768455415963176,0.059910157988941025
cnv_depth__IBNLCO_00940__IBNLCO_00940__gene,3.5722096461468804,0.06007478108992949
cnv_depth__IBNLCO_04198__IBNLCO_04198__gene,3.5689414608801027,0.06019112728780294
cnv_depth__IBNLCO_00553__hypothetical__CDS,3.567056070916882,0.060258356265930534
cnv_depth__IBNLCO_01094__IBNLCO_01094__gene,3.5635106718521468,0.06038499561779689
cnv_depth__IBNLCO_02757__gnl|Bakta|IBNLCO_02757__CDS__promoter,3.5613828462997628,0.06046113707971638
cnv_depth__IBNLCO_05503__hypothetical__CDS,3.5593579805325835,0.0605336898014547
cnv_depth__IBNLCO_04364__hypothetical__CDS__promoter,3.552971659954379,0.06076312913271012
cnv_depth__IBNLCO_05399__Transcriptional__CDS__promoter,3.5516622702774026,0.06081028620108015
cnv_depth__IBNLCO_04448__D-ala-D-ala__CDS,3.5491474941518635,0.06090096475985395
cnv_depth__IBNLCO_02804__IBNLCO_02804__gene__promoter,3.5491215639006586,0.06090190051528623
cnv_depth__IBNLCO_01278__SHSP__CDS,3.549054779448319,0.06090431066371387
cnv_depth__IBNLCO_03543__Type__CDS__promoter,3.5483970911603593,0.060928051086760866
cnv_depth__IBNLCO_04933__IBNLCO_04933__gene,3.5465017607148237,0.06099652189442078
cnv_depth__IBNLCO_04449__Putative__CDS,3.5458120022433772,0.06102146061240731
cnv_depth__IBNLCO_02633__Urea__CDS__promoter,3.544349685080686,0.0610743679074514
cnv_depth__IBNLCO_02824__IBNLCO_02824__gene__promoter,3.542221903410804,0.06115143986284916
cnv_depth__IBNLCO_03923__DUF3138__CDS,3.541451438003735,0.06117937316835967
cnv_depth__IBNLCO_02864__hypothetical__CDS__promoter,3.539297538887509,0.061257535611352595
cnv_depth__IBNLCO_01347__IBNLCO_01347__gene__promoter,3.538826316161606,0.061274649994280075
cnv_depth__IBNLCO_01001__Quercetin__CDS,3.536147134372621,0.06137205293689815
cnv_depth__IBNLCO_02214__IBNLCO_02214__gene,3.5348405902140243,0.0614196131860594
cnv_depth__IBNLCO_04082__Efflux__CDS,3.5331087576442677,0.06148271551662744
cnv_depth__IBNLCO_02283__Sensor__CDS__promoter,3.5307070624291175,0.06157034053583613
cnv_depth__IBNLCO_04409__DUF2780__CDS__promoter,3.5301808937646513,0.06158955549500284
cnv_depth__IBNLCO_02442__rmuC__gene,3.5237962499015865,0.06182322709464611
cnv_depth__IBNLCO_02016__hypothetical__CDS,3.521495535320192,0.061907663851803955
cnv_depth__IBNLCO_00433__Ubiquinone__CDS,3.519818037887979,0.061969306363805036
cnv_depth__IBNLCO_03508__IBNLCO_03508__gene,3.5197597499136095,0.06197144943829682
cnv_depth__IBNLCO_01244__Pentapeptide__CDS__promoter,3.509746922952564,0.06234077366529375
cnv_depth__IBNLCO_05740__IBNLCO_05740__gene__promoter,3.4985911927931093,0.06275503711011134
cnv_depth__IBNLCO_00808__ABC__CDS,3.498028656684598,0.0627760047420337
cnv_depth__IBNLCO_02324__Histidine__CDS__promoter,3.495971994631398,0.06285272754040891
cnv_depth__IBNLCO_03591__IBNLCO_03591__gene,3.4898660140005826,0.06308110176170705
cnv_depth__IBNLCO_02953__IBNLCO_02953__gene__promoter,3.485440664075841,0.06324717412243659
cnv_depth__IBNLCO_01151__IBNLCO_01151__gene__promoter,3.4845160284847188,0.06328193263516518
cnv_depth__IBNLCO_03971__CDP-alcohol__CDS__promoter,3.4843111751154945,0.06328963617155609
cnv_depth__IBNLCO_03037__IBNLCO_03037__gene__promoter,3.4841326917525337,0.06329634888128806
cnv_depth__IBNLCO_03930__IBNLCO_03930__gene__promoter,3.483089281705969,0.06333560654170867
cnv_depth__IBNLCO_03142__bolA__gene__promoter,3.482069264790345,0.06337400931842979
cnv_depth__IBNLCO_00722__lysR__gene,3.4774745038851322,0.06354730840369098
cnv_depth__IBNLCO_04208__hypothetical__CDS,3.47436232454707,0.06366497845051065
cnv_depth__IBNLCO_05027__bsaK__gene__promoter,3.47238008722122,0.06374004787181377
cnv_depth__IBNLCO_05041__PE-PGRS__CDS,3.4683329289443607,0.06389361335931372
cnv_depth__IBNLCO_02748__IBNLCO_02748__gene,3.4663997800369115,0.06396710499563317
cnv_depth__IBNLCO_05361__IBNLCO_05361__gene__promoter,3.465114125335716,0.06401603140562007
cnv_depth__IBNLCO_04074__NfeD-like__CDS,3.4646774402693143,0.06403265887773216
cnv_depth__IBNLCO_03768__IBNLCO_03768__gene,3.4644735256783714,0.06404042483586694
cnv_depth__IBNLCO_02928__exbB__gene,3.462002618534315,0.06413460821239103
cnv_depth__IBNLCO_04375__DUF4148__CDS,3.460173463441696,0.06420442580909645
cnv_depth__IBNLCO_04950__IBNLCO_04950__gene__promoter,3.4599394940340495,0.06421336214872754
cnv_depth__IBNLCO_01244__Pentapeptide__CDS,3.459343536206712,0.06423613048394912
cnv_depth__IBNLCO_00800__High-affinity__CDS,3.4591362353162727,0.06424405236600846
cnv_depth__IBNLCO_03921__FAD-dependent__CDS__promoter,3.4573804038238642,0.06431119254229127
cnv_depth__IBNLCO_02448__trnN__gene__promoter,3.455579052768422,0.06438015165433496
cnv_depth__IBNLCO_01726__IBNLCO_01726__gene,3.4551814360640973,0.06439538387057818
cnv_depth__IBNLCO_00816__IBNLCO_00816__gene,3.449615858427213,0.06460900132268868
cnv_depth__IBNLCO_03979__Type__CDS__promoter,3.4481292944248576,0.06466618722757005
cnv_depth__IBNLCO_04383__IBNLCO_04383__gene,3.447570558935538,0.06468769501057867
cnv_depth__IBNLCO_02694__IBNLCO_02694__gene,3.4462739288006,0.06473763669339686
cnv_depth__IBNLCO_03984__Pentapeptide__CDS__promoter,3.4449526759301152,0.0647885693804195
cnv_depth__IBNLCO_01783__hypothetical__CDS__promoter,3.4441772239398376,0.0648184821601897
cnv_depth__IBNLCO_00454__Cytochrome__CDS__promoter,3.4432027737271063,0.06485609226868255
cnv_depth__IBNLCO_01313__Ribosomal__CDS,3.4380240345146578,0.06505636601009407
cnv_depth__IBNLCO_04634__jamP__gene__promoter,3.435969120731671,0.06513601835226007
cnv_depth__IBNLCO_05015__spaP__gene__promoter,3.435589155921241,0.06515075798586263
cnv_depth__IBNLCO_00518__rsmD__gene,3.434861002579142,0.06517901460360195
cnv_depth__IBNLCO_05270__AMP__CDS__promoter,3.43405033070466,0.06521048892132716
cnv_depth__IBNLCO_04527__Ferrichrome__CDS__promoter,3.432037484908878,0.06528870827718974
cnv_depth__IBNLCO_02455__Fumarate__CDS__promoter,3.431245306507315,0.06531952004743813
cnv_depth__IBNLCO_00961__IBNLCO_00961__gene,3.425916962224631,0.06552717254593125
cnv_depth__IBNLCO_02555__trnR__gene__promoter,3.423151955134613,0.06563520806042038
cnv_depth__IBNLCO_01161__IBNLCO_01161__gene,3.416938294877395,0.0658786902150494
cnv_depth__IBNLCO_01059__Benzoate/H(+)__CDS__promoter,3.4116825251353062,0.06608539571564535
cnv_depth__IBNLCO_02621__trnG__gene,3.4109651983245493,0.06611366169603862
cnv_depth__IBNLCO_00410__IBNLCO_00410__gene,3.4098689606447086,0.06615688363253337
cnv_depth__IBNLCO_01510__hypothetical__CDS__promoter,3.409282935034123,0.06618000163562635
cnv_depth__IBNLCO_04236__IBNLCO_04236__gene,3.4087208465154935,0.06620218351317333
cnv_depth__IBNLCO_05622__DNA-binding__CDS__promoter,3.407780786878074,0.06623929925752227
cnv_depth__IBNLCO_00335__IBNLCO_00335__gene,3.4064349991568466,0.06629247305341308
cnv_depth__IBNLCO_00046__IBNLCO_00046__gene__promoter,3.40637438298453,0.06629486915631262
cnv_depth__IBNLCO_02521__IBNLCO_02521__gene,3.4052462972649087,0.0663394783757958
cnv_depth__IBNLCO_00735__IBNLCO_00735__gene__promoter,3.404727808145952,0.06635999243005546
cnv_depth__IBNLCO_02826__Glycolate__CDS__promoter,3.404270091023997,0.06637810770732329
cnv_depth__IBNLCO_02012__trnD__gene__promoter,3.4035983248356527,0.06640470413452064
cnv_depth__IBNLCO_04084__Macrolide__CDS,3.398417657326842,0.06661020156992699
cnv_depth__IBNLCO_03736__yfcC__gene__promoter,3.3975854071153204,0.06664327751220137
cnv_depth__IBNLCO_00942__6S__gene,3.396489853054965,0.06668684482629401
cnv_depth__IBNLCO_05355__HTH__CDS__promoter,3.3955251082967117,0.06672523557152497
cnv_depth__IBNLCO_04955__uxuB__gene__promoter,3.389115141071546,0.06698091644464359
cnv_depth__IBNLCO_05613__Major__CDS__promoter,3.3888577491837926,0.06699120528818277
cnv_depth__IBNLCO_01081__IBNLCO_01081__gene,3.388254016933912,0.06701534522709071
cnv_depth__IBNLCO_02222__Transmembrane__CDS__promoter,3.3879732608775117,0.0670265743093983
cnv_depth__IBNLCO_05452__IBNLCO_05452__gene,3.38778566313333,0.06703407857258448
cnv_depth__IBNLCO_03656__hypothetical__CDS__promoter,3.386383402711098,0.06709020027783406
cnv_depth__IBNLCO_03086__Release__CDS,3.3863170791244697,0.06709285595322154
cnv_depth__IBNLCO_00427__Sigma-54-dependent__CDS__promoter,3.3831930504960277,0.06721807403794051
cnv_depth__IBNLCO_02249__Peptide__CDS,3.3804982416718072,0.06732629009992773
cnv_depth__IBNLCO_02060__IBNLCO_02060__gene__promoter,3.3789816401830506,0.06738727506836131
cnv_depth__IBNLCO_05000__bprB__gene__promoter,3.378648022386447,0.06740069834988859
cnv_depth__IBNLCO_04008__4-vinyl__CDS__promoter,3.3770720179552938,0.06746414861367186
cnv_depth__IBNLCO_00306__IBNLCO_00306__gene__promoter,3.3752381904623725,0.06753805983417818
cnv_depth__IBNLCO_01296__IBNLCO_01296__gene__promoter,3.372344079639603,0.06765488248035105
cnv_depth__IBNLCO_02810__IBNLCO_02810__gene__promoter,3.37098371995854,0.06770986941784725
cnv_depth__IBNLCO_00240__IBNLCO_00240__gene,3.3672896947834965,0.06785942804640156
cnv_depth__IBNLCO_05121__Pyruvate__CDS__promoter,3.36706452315374,0.0678685559807439
cnv_depth__IBNLCO_02836__Alpha-D-ribose__CDS__promoter,3.3650039937391534,0.06795214648204226
cnv_depth__IBNLCO_03516__IBNLCO_03516__gene__promoter,3.364370682143572,0.06797786060976983
cnv_depth__IBNLCO_03832__IBNLCO_03832__gene,3.362529458749525,0.06805267868708018
cnv_depth__IBNLCO_01861__potA__gene__promoter,3.3613902389737835,0.06809901526399958
cnv_depth__IBNLCO_00239__IBNLCO_00239__gene,3.359946769344488,0.06815777569152202
cnv_depth__IBNLCO_00663__IBNLCO_00663__gene,3.358670076082351,0.06820979253094889
cnv_depth__IBNLCO_02429__Large__CDS,3.356753912241806,0.06828794383934451
cnv_depth__IBNLCO_02432__Signal__CDS__promoter,3.354712763447128,0.06837129878784151
cnv_depth__IBNLCO_04988__type__CDS__promoter,3.353733667268947,0.06841132129013178
cnv_depth__IBNLCO_01975__hypothetical__CDS,3.351369901566043,0.06850804895120394
cnv_depth__IBNLCO_04990__tssI__gene,3.349349488530884,0.06859084305521068
cnv_depth__IBNLCO_03605__pvcC__gene__promoter,3.3486282731031625,0.06862042369855512
cnv_depth__IBNLCO_03517__Rhs__CDS__promoter,3.3479312057222725,0.06864902697042312
cnv_depth__IBNLCO_02384__IBNLCO_02384__gene,3.338943157402835,0.06901899292490829
cnv_depth__IBNLCO_04253__Tannase/feruloyl__CDS,3.338389548587143,0.06904185069313051
cnv_depth__IBNLCO_01138__RDD__CDS,3.3379103921828097,0.0690616410061742
cnv_depth__IBNLCO_04089__hypothetical__CDS,3.3345343062798505,0.06920125487264042
cnv_depth__IBNLCO_00761__DUF4145__CDS__promoter,3.334432493010888,0.0692054699563909
cnv_depth__IBNLCO_00481__IBNLCO_00481__gene__promoter,3.3312722776460806,0.06933644099860432
cnv_depth__IBNLCO_02273__folD__gene,3.326346469399445,0.0695411177550511
cnv_depth__IBNLCO_04415__IBNLCO_04415__gene__promoter,3.3232059760435697,0.06967195116404515
cnv_depth__IBNLCO_03914__IBNLCO_03914__gene__promoter,3.322838311075702,0.0696872854815904
cnv_depth__IBNLCO_05168__IBNLCO_05168__gene,3.322693994072665,0.06969330555015447
cnv_depth__IBNLCO_05742__IBNLCO_05742__gene,3.3207910282961977,0.06977273870465987
cnv_depth__IBNLCO_01829__Regulatory__CDS__promoter,3.3206951276540635,0.06977674434930936
cnv_depth__IBNLCO_05086__twitching__CDS,3.3194543545534825,0.06982859218201587
cnv_depth__IBNLCO_05304__lgrE__gene,3.316247711454899,0.06996277974343741
cnv_depth__IBNLCO_00651__IBNLCO_00651__gene__promoter,3.31324761571887,0.07008857573709798
cnv_depth__IBNLCO_00480__IBNLCO_00480__gene__promoter,3.311542952430449,0.07016016203574112
cnv_depth__IBNLCO_04679__Peptidoglycan__CDS,3.3082592512976885,0.0702982813880111
cnv_depth__IBNLCO_02875__IBNLCO_02875__gene,3.307766121637608,0.07031904876644328
cnv_depth__IBNLCO_00923__HTH__CDS,3.30649079600834,0.07037278778329567
cnv_depth__IBNLCO_04044__IBNLCO_04044__gene__promoter,3.3064517921778176,0.07037443200452409
cnv_depth__IBNLCO_01816__Transcriptional__CDS__promoter,3.304175433214443,0.0704704645860931
cnv_depth__IBNLCO_01028__Translation__CDS,3.3016367166397633,0.07057773196801764
cnv_depth__IBNLCO_01196__rrl__gene__promoter,3.301287343874617,0.0705925076568928
cnv_depth__IBNLCO_00868__IBNLCO_00868__gene,3.299675781652085,0.07066070712535141
cnv_depth__IBNLCO_02869__birA__gene__promoter,3.2976938590705305,0.070744677284221
cnv_depth__IBNLCO_03672__IBNLCO_03672__gene__promoter,3.29725144831439,0.07076343604918199
cnv_depth__IBNLCO_04818__IBNLCO_04818__gene__promoter,3.2952337941646404,0.07084905515280068
cnv_depth__IBNLCO_00817__IBNLCO_00817__gene,3.292911272264264,0.0709477496980962
cnv_depth__IBNLCO_05193__IBNLCO_05193__gene__promoter,3.2921505563577846,0.07098010822498926
cnv_depth__IBNLCO_00910__CDP-6-deoxy-delta-3%2C4-glucoseen__CDS,3.2886444384810947,0.07112945370897808
cnv_depth__IBNLCO_03117__site-specific__CDS,3.287993476083054,0.07115721919627568
cnv_depth__IBNLCO_00953__threonine-phosphate__CDS,3.287039440866556,0.07119793277461538
cnv_depth__IBNLCO_04073__Band__CDS,3.284968110328417,0.07128641363550495
cnv_depth__IBNLCO_01072__FtsK__CDS__promoter,3.2840759396478543,0.07132456097362194
cnv_depth__IBNLCO_02846__hypothetical__CDS__promoter,3.2839940811377133,0.07132806217417438
cnv_depth__IBNLCO_03862__IBNLCO_03862__gene__promoter,3.2807655615033395,0.07146629840138559
cnv_depth__IBNLCO_02498__gnl|Bakta|IBNLCO_02498__CDS__promoter,3.278473710502306,0.07156460454742351
cnv_depth__IBNLCO_02360__IBNLCO_02360__gene__promoter,3.2781437509575206,0.07157876977309637
cnv_depth__IBNLCO_01159__IBNLCO_01159__gene,3.27445293986374,0.07173742340367814
cnv_depth__IBNLCO_02772__wcbR__gene,3.2724648883690857,0.0718230392754764
cnv_depth__IBNLCO_00788__Carbon__CDS__promoter,3.27208014026779,0.07183962127166868
cnv_depth__IBNLCO_05126__IBNLCO_05126__gene,3.2697820823001393,0.07193874980652289
cnv_depth__IBNLCO_02556__guanosine-3'%2C5'-bis(diphosphate)__CDS,3.2695678904527656,0.07194799666017895
cnv_depth__IBNLCO_05444__Alcohol__CDS__promoter,3.26692065197323,0.0720623863062898
cnv_depth__IBNLCO_05190__IBNLCO_05190__gene__promoter,3.2624531776775516,0.07225587558249454
cnv_depth__IBNLCO_01894__Phosphoribosyltransferase__CDS,3.2621088323721685,0.07227081267386186
cnv_depth__IBNLCO_04690__IBNLCO_04690__gene,3.2566928835881126,0.072506186148364
cnv_depth__IBNLCO_00885__Coenzyme__CDS__promoter,3.255744616185322,0.07254748230339522
cnv_depth__IBNLCO_02658__Glycosyltransferase__CDS,3.253368285342086,0.07265108091229416
cnv_depth__IBNLCO_02743__IBNLCO_02743__gene__promoter,3.2528616293058357,0.07267318976648479
cnv_depth__IBNLCO_05740__Glycosyl__CDS,3.2507529368971673,0.07276528447340183
cnv_depth__IBNLCO_04040__hypothetical__CDS__promoter,3.2501242433042896,0.0727927663287937
cnv_depth__IBNLCO_05555__hypothetical__CDS__promoter,3.24859019633428,0.07285987063375889
cnv_depth__IBNLCO_01530__Dihydrolipoyllysine-residue__CDS,3.2386942877667493,0.0732943597649445
cnv_depth__IBNLCO_02316__IBNLCO_02316__gene__promoter,3.2367250626017974,0.0733811539426153
cnv_depth__IBNLCO_04486__gnl|Bakta|IBNLCO_04486__CDS__promoter,3.2356024091269586,0.07343068492524686
cnv_depth__IBNLCO_05642__Succinyl-CoA--L-malate__CDS,3.234450850374973,0.07348152873311695
cnv_depth__IBNLCO_00254__pxpA__gene__promoter,3.2240557787994177,0.0739422192849445
cnv_depth__IBNLCO_02304__IBNLCO_02304__gene__promoter,3.2221881905715564,0.07402531771232196
cnv_depth__IBNLCO_04372__IBNLCO_04372__gene__promoter,3.220504912487814,0.07410030175695911
cnv_depth__IBNLCO_01860__IBNLCO_01860__gene__promoter,3.211270432237719,0.07451312866018965
cnv_depth__IBNLCO_00035__DUF2938__CDS__promoter,3.206402491079535,0.07473175016415834
cnv_depth__IBNLCO_03661__IBNLCO_03661__gene,3.197499292822777,0.07513339379201972
cnv_depth__IBNLCO_02403__IBNLCO_02403__gene__promoter,3.1965090090996116,0.07517821185435801
cnv_depth__IBNLCO_00930__cbiX__gene,3.1894249785386424,0.07549966425110523
cnv_depth__IBNLCO_03087__gnl|Bakta|IBNLCO_03087__CDS__promoter,3.188848359874825,0.07552589487978864
cnv_depth__IBNLCO_05526__IBNLCO_05526__gene,3.186822756159003,0.07561811865196928
cnv_depth__IBNLCO_01782__histidine__CDS__promoter,3.1832616769994195,0.07578054671108624
cnv_depth__IBNLCO_02205__trnS__gene,3.1816389740858484,0.07585468668458342
cnv_depth__IBNLCO_01038__hypothetical__CDS,3.1792777681852002,0.07596270852077586
cnv_depth__IBNLCO_00802__IBNLCO_00802__gene,3.1782064474731206,0.07601177483035046
cnv_depth__IBNLCO_04446__gsiA__gene,3.1767099890788137,0.07608036981016487
cnv_depth__IBNLCO_05796__Alpha/beta__CDS__promoter,3.174754381830426,0.07617011237103931
cnv_depth__IBNLCO_05508__prnB__gene__promoter,3.173697749766257,0.0762186487573576
cnv_depth__IBNLCO_04169__MOSC__CDS__promoter,3.1700691621369357,0.0763855829898668
cnv_depth__IBNLCO_05282__Sulfate/thiosulfate__CDS__promoter,3.16382142418166,0.07667394031420176
cnv_depth__IBNLCO_02763__Polysaccharide__CDS,3.154916928604755,0.07708695648900099
cnv_depth__IBNLCO_05286__Transcriptional__CDS,3.1547114436065273,0.0770965158743047
cnv_depth__IBNLCO_04753__Antibiotic__CDS__promoter,3.1531816309216785,0.07716772479982718
cnv_depth__IBNLCO_02890__IBNLCO_02890__gene__promoter,3.151008833090621,0.07726898554597136
cnv_depth__IBNLCO_01033__ATP-binding__CDS__promoter,3.1497136489506055,0.07732941458218463
cnv_depth__IBNLCO_02578__IBNLCO_02578__gene,3.1458594557039645,0.07750954164550779
cnv_depth__IBNLCO_02464__IBNLCO_02464__gene,3.144553308022801,0.07757068800128615
cnv_depth__IBNLCO_04578__IBNLCO_04578__gene__promoter,3.1441766351683547,0.07758833137567805
cnv_depth__IBNLCO_01909__IBNLCO_01909__gene,3.143879441323129,0.07760225501821041
cnv_depth__IBNLCO_04892__Tir__CDS__promoter,3.1422518452736545,0.07767855653081716
cnv_depth__IBNLCO_00636__IBNLCO_00636__gene,3.141291726837704,0.07772360488930087
cnv_depth__IBNLCO_03891__Quercetin__CDS__promoter,3.1412886207520048,0.07772375067148404
cnv_depth__IBNLCO_00152__IBNLCO_00152__gene__promoter,3.140894676728568,0.07774224258913011
cnv_depth__IBNLCO_00370__hypothetical__CDS__promoter,3.140821461263988,0.0777456798827841
cnv_depth__IBNLCO_00385__hypothetical__CDS,3.1397527314855407,0.07779587298092089
cnv_depth__IBNLCO_04076__Acyl-CoA__CDS,3.136487115671965,0.07794946096459407
cnv_depth__IBNLCO_01238__IBNLCO_01238__gene__promoter,3.133541803249333,0.07808826636118804
cnv_depth__IBNLCO_01014__Uncharacterized__CDS,3.1320737811479797,0.07815755068565687
cnv_depth__IBNLCO_03610__Type__CDS__promoter,3.125863195825692,0.07845140171773779
cnv_depth__IBNLCO_02873__Phosphatase__CDS__promoter,3.1253551906627988,0.07847549068670445
cnv_depth__IBNLCO_00878__cspD__gene__promoter,3.1235182211926147,0.07856266442907364
cnv_depth__IBNLCO_00913__Ribosomal__CDS,3.1230454274153705,0.07858511793368639
cnv_depth__IBNLCO_00806__D-tagatose-1%2C6-bisphosphate__CDS,3.122676675872687,0.07860263518588169
cnv_depth__IBNLCO_01757__Histidine__CDS__promoter,3.1186853088470947,0.07879251310100106
cnv_depth__IBNLCO_02435__IBNLCO_02435__gene__promoter,3.117128330606876,0.07886671670387775
cnv_depth__IBNLCO_00866__IBNLCO_00866__gene,3.113723730164472,0.07902923980022883
cnv_depth__IBNLCO_00629__ubiJ__gene,3.1083350501027165,0.07928721846397513
cnv_depth__IBNLCO_05030__SctL__CDS,3.1075164973882967,0.07932648585733842
cnv_depth__IBNLCO_05618__IBNLCO_05618__gene__promoter,3.1060929223395566,0.07939482747699743
cnv_depth__IBNLCO_05129__hypothetical__CDS__promoter,3.1041240267419847,0.07948945359710649
cnv_depth__IBNLCO_02506__hypothetical__CDS,3.102440960108031,0.07957043963074527
cnv_depth__IBNLCO_05542__IBNLCO_05542__gene__promoter,3.0991494266674007,0.07972908093595914
cnv_depth__IBNLCO_02936__cynR__gene,3.098061164891868,0.07978160710649597
cnv_depth__IBNLCO_05646__IBNLCO_05646__gene,3.0959683365916515,0.07988272537034492
cnv_depth__IBNLCO_01346__IBNLCO_01346__gene__promoter,3.0941772134902363,0.07996937672353767
cnv_depth__IBNLCO_00472__UmuC__CDS__promoter,3.0941275091616447,0.07997178278469862
cnv_depth__IBNLCO_01167__NADH-quinone__CDS,3.0940163343695453,0.07997716476030385
cnv_depth__IBNLCO_02292__Fatty__CDS,3.093274315593579,0.08001309598339618
cnv_depth__IBNLCO_05052__Taurine__CDS,3.0930727215580824,0.08002286091903496
cnv_depth__IBNLCO_04647__hypothetical__CDS__promoter,3.0923686343536674,0.08005697607503176
cnv_depth__IBNLCO_01118__IBNLCO_01118__gene__promoter,3.090799990045609,0.080133038407793
cnv_depth__IBNLCO_04715__HTH__CDS,3.0901353858118763,0.08016528819707162
cnv_depth__IBNLCO_02105__glutathione__CDS__promoter,3.0878754716718375,0.08027505551784349
cnv_depth__IBNLCO_02634__Urea__CDS,3.087076289005472,0.08031391202010131
cnv_depth__IBNLCO_00598__IBNLCO_00598__gene__promoter,3.0862261013493706,0.08035527081240539
cnv_depth__IBNLCO_02889__Tyrosine--tRNA__CDS__promoter,3.0848394214437986,0.08042277777478528
cnv_depth__IBNLCO_04817__srpI__gene__promoter,3.0809263522010464,0.080613607741923
cnv_depth__IBNLCO_01487__IBNLCO_01487__gene,3.079178932895733,0.08069898345172974
cnv_depth__IBNLCO_01854__DUF2975__CDS__promoter,3.076527429723589,0.08082871859624069
cnv_depth__IBNLCO_01200__IBNLCO_01200__gene__promoter,3.0727276575056632,0.08101503225747275
cnv_depth__IBNLCO_00668__IBNLCO_00668__gene__promoter,3.070131102040066,0.08114261697385586
cnv_depth__IBNLCO_05511__IBNLCO_05511__gene,3.0690077641839197,0.08119788106698429
cnv_depth__IBNLCO_01053__Uracil-DNA__CDS__promoter,3.062741506451636,0.08150690891810015
cnv_depth__IBNLCO_01413__IBNLCO_01413__gene__promoter,3.05929265773397,0.08167753781908058
cnv_depth__IBNLCO_02082__IBNLCO_02082__gene,3.055919077468545,0.08184481838281402
cnv_depth__IBNLCO_02420__DNA-directed__CDS__promoter,3.055916782828482,0.0818449322902172
cnv_depth__IBNLCO_02334__gnl|Bakta|IBNLCO_02334__CDS,3.0553065415874494,0.08187523117129732
cnv_depth__IBNLCO_04407__gnl|Bakta|IBNLCO_04407__CDS__promoter,3.0552431608153965,0.08187837876708341
cnv_depth__IBNLCO_00133__hypothetical__CDS,3.052627643283788,0.08200838450241428
cnv_depth__IBNLCO_02504__IBNLCO_02504__gene__promoter,3.050815349150519,0.0820985971240027
cnv_depth__IBNLCO_03669__hypothetical__CDS__promoter,3.050151708888117,0.08213165886843769
cnv_depth__IBNLCO_02947__IBNLCO_02947__gene__promoter,3.049972468724511,0.08214059087508985
cnv_depth__IBNLCO_03260__gnl|Bakta|IBNLCO_03260__CDS__promoter,3.0498570265043914,0.0821463442220563
cnv_depth__IBNLCO_00147__IBNLCO_00147__gene__promoter,3.0486759504128704,0.08220523121990128
cnv_depth__IBNLCO_03088__IBNLCO_03088__gene,3.0456560414290172,0.08235600888061284
cnv_depth__IBNLCO_02223__Peptidyl-prolyl__CDS,3.0454950855844007,0.08236405349737885
cnv_depth__IBNLCO_03661__Chemotaxis__CDS__promoter,3.0452633059868277,0.08237563940502565
cnv_depth__IBNLCO_05125__LysR-family__CDS,3.0445804033315644,0.08240978578518901
cnv_depth__IBNLCO_02732__IBNLCO_02732__gene__promoter,3.0440643735953796,0.08243559841929003
cnv_depth__IBNLCO_01898__hflC__gene__promoter,3.0411341648002366,0.08258233888999707
cnv_depth__IBNLCO_01537__hypothetical__CDS,3.0402029986405466,0.08262902972918447
cnv_depth__IBNLCO_02847__IBNLCO_02847__gene__promoter,3.039921623438397,0.08264314418209522
cnv_depth__IBNLCO_03687__Penicillin-binding__CDS__promoter,3.0392528947237083,0.08267669973102389
cnv_depth__IBNLCO_05014__SctS__CDS__promoter,3.0386747413478465,0.08270572231783356
cnv_depth__IBNLCO_01860__Spermidine/putrescine__CDS,3.0342070461971624,0.08293036895752683
cnv_depth__IBNLCO_03049__IBNLCO_03049__gene__promoter,3.0328629602678063,0.08299808263512652
cnv_depth__IBNLCO_05385__IBNLCO_05385__gene,3.0328454694692315,0.08299896419985257
cnv_depth__IBNLCO_02166__IBNLCO_02166__gene,3.0326042517383427,0.08301112300469751
cnv_depth__IBNLCO_01167__IBNLCO_01167__gene__promoter,3.030804450011927,0.08310190485020959
cnv_depth__IBNLCO_04878__hypothetical__CDS__promoter,3.0287015367051078,0.08320811240035457
cnv_depth__IBNLCO_03479__3-carboxy-cis%2Ccis-muconate__CDS__promoter,3.0286949407426174,0.08320844576129513
cnv_depth__IBNLCO_00405__IBNLCO_00405__gene,3.028662299658243,0.08321009546800719
cnv_depth__IBNLCO_02104__Phosphoenolpyruvate__CDS__promoter,3.023946874566611,0.08344879100395063
cnv_depth__IBNLCO_05536__tnp__gene,3.0225576819854303,0.0835192540803684
cnv_depth__IBNLCO_00457__cytochrome-c__CDS__promoter,3.0217973363599433,0.08355784797897131
cnv_depth__IBNLCO_02426__Beta-ketoacyl-[acyl-carrier-protein]__CDS__promoter,3.0162452726628843,0.08384025034417784
cnv_depth__IBNLCO_02598__IBNLCO_02598__gene,3.015921544979632,0.08385674856180231
cnv_depth__IBNLCO_00160__p2__CDS,3.015017294342968,0.08390285083536066
cnv_depth__IBNLCO_04969__Sulfatase-modifying__CDS__promoter,3.0058322002691114,0.08437270919538004
cnv_depth__IBNLCO_05277__hypothetical__CDS__promoter,3.0057459810693934,0.08437713323219441
cnv_depth__IBNLCO_03792__IBNLCO_03792__gene,3.0037603415358864,0.08447908927241228
cnv_depth__IBNLCO_03262__ISL3-like__CDS,3.003148201337543,0.08451054768539264
cnv_depth__IBNLCO_02629__Thiosulfate__CDS__promoter,3.002564012917825,0.08454058152255935
cnv_depth__IBNLCO_00452__IBNLCO_00452__gene,3.0000259274195984,0.08467120253351107
cnv_depth__IBNLCO_01146__IBNLCO_01146__gene__promoter,2.9990055758942433,0.08472377619207894
cnv_depth__IBNLCO_03154__IBNLCO_03154__gene__promoter,2.9973096228850613,0.08481123888033457
cnv_depth__IBNLCO_02572__Cell__CDS__promoter,2.9960587559414207,0.08487581083299561
cnv_depth__IBNLCO_05348__IBNLCO_05348__gene,2.9915613193928223,0.08510841896285405
cnv_depth__IBNLCO_05383__HIT__CDS__promoter,2.990834014595893,0.08514610043490839
cnv_depth__IBNLCO_05543__3-keto-5-aminohexanoate__CDS,2.9898019937660316,0.0851996003445576
cnv_depth__IBNLCO_00776__IBNLCO_00776__gene,2.989084014288453,0.08523684195569607
cnv_depth__IBNLCO_00501__IBNLCO_00501__gene__promoter,2.9878313629506486,0.08530185945640367
cnv_depth__IBNLCO_05435__IBNLCO_05435__gene,2.9866395402419865,0.0853637698516104
cnv_depth__IBNLCO_03777__IBNLCO_03777__gene,2.986289867937646,0.08538194320392369
cnv_depth__IBNLCO_01239__hypothetical__CDS,2.98120128615794,0.0856468870101589
cnv_depth__IBNLCO_05726__IBNLCO_05726__gene__promoter,2.9806784548075203,0.08567415960745664
cnv_depth__IBNLCO_02579__IBNLCO_02579__gene,2.9805073403450435,0.08568308755320332
cnv_depth__IBNLCO_01043__IBNLCO_01043__gene,2.980336496664298,0.08569200238180659
cnv_depth__IBNLCO_02208__Acetyl-coenzyme__CDS__promoter,2.974323878800003,0.08600639240587678
cnv_depth__IBNLCO_04453__IBNLCO_04453__gene__promoter,2.9737771621879423,0.08603504159024501
cnv_depth__IBNLCO_02528__IBNLCO_02528__gene__promoter,2.9728829163864536,0.08608192450209054
cnv_depth__IBNLCO_01079__IBNLCO_01079__gene,2.972761364863679,0.08608829927133647
cnv_depth__IBNLCO_03737__kdgR__gene,2.9698793998483266,0.08623959468813795
cnv_depth__IBNLCO_02236__IBNLCO_02236__gene__promoter,2.969795222547499,0.08624401812248352
cnv_depth__IBNLCO_01209__Putative__CDS,2.967229617964983,0.0863789567878862
cnv_depth__IBNLCO_05757__BON__CDS__promoter,2.966864054753008,0.0863982024020353
cnv_depth__IBNLCO_04921__IBNLCO_04921__gene__promoter,2.9667945295525233,0.08640186318752198
cnv_depth__IBNLCO_04976__Type__CDS__promoter,2.9629876448507626,0.08660256945806839
cnv_depth__IBNLCO_05603__IBNLCO_05603__gene,2.9623986459144143,0.08663366797585347
cnv_depth__IBNLCO_04963__UPF0261__CDS__promoter,2.9615002139817532,0.08668112767141269
cnv_depth__IBNLCO_05049__N-acyl-homoserine__CDS__promoter,2.9590294090819858,0.08681179421009769
cnv_depth__IBNLCO_04970__IBNLCO_04970__gene__promoter,2.9586733018967233,0.08683064434841392
cnv_depth__IBNLCO_00755__hypothetical__CDS__promoter,2.9558676228792553,0.08697931600086611
cnv_depth__IBNLCO_05206__sdhE__gene__promoter,2.954159437404061,0.08706996786043932
cnv_depth__IBNLCO_01314__ATP-dependent__CDS,2.95359530962713,0.08709992823234103
cnv_depth__IBNLCO_01157__tRNA-Leu(gag)__tRNA,2.9509038113758224,0.08724302635725437
cnv_depth__IBNLCO_00596__IBNLCO_00596__gene,2.950619963501985,0.08725813255188195
cnv_depth__IBNLCO_00667__sutR__gene,2.9475009155468004,0.08742431418972953
cnv_depth__IBNLCO_05046__IBNLCO_05046__gene__promoter,2.946535266697478,0.08747583351466777
cnv_depth__IBNLCO_03014__D-alanine--D-alanine__CDS__promoter,2.9463659174249597,0.08748487205360082
cnv_depth__IBNLCO_03345__hypothetical__CDS__promoter,2.9448280382620977,0.0875669986425105
cnv_depth__IBNLCO_01950__IBNLCO_01950__gene,2.9418668732427915,0.0877253691598483
cnv_depth__IBNLCO_05723__IBNLCO_05723__gene__promoter,2.9401962548262284,0.08781485582992503
cnv_depth__IBNLCO_05522__trnV__gene__promoter,2.9377861757832524,0.08794412717832348
cnv_depth__IBNLCO_00512__ybiB__gene,2.9368676906183695,0.0879934473218687
cnv_depth__IBNLCO_00714__IBNLCO_00714__gene__promoter,2.9338711602533434,0.08815456272499628
cnv_depth__IBNLCO_02181__argininosuccinate__CDS__promoter,2.9312834343988157,0.08829395679288654
cnv_depth__IBNLCO_00941__IBNLCO_00941__gene__promoter,2.9297152348032114,0.08837854864684917
cnv_depth__IBNLCO_02877__IBNLCO_02877__gene__promoter,2.9290675094934,0.08841351406029048
cnv_depth__IBNLCO_02066__IBNLCO_02066__gene,2.9216280846319846,0.08881619218289709
cnv_depth__IBNLCO_05399__lysR__gene,2.915137671326608,0.089169137838929
cnv_depth__IBNLCO_00925__IBNLCO_00925__gene__promoter,2.914917023523652,0.0891811634423755
cnv_depth__IBNLCO_04581__RND__CDS,2.911593973774302,0.08936248843885264
cnv_depth__IBNLCO_04553__IBNLCO_04553__gene,2.908686478699643,0.08952146854153234
cnv_depth__IBNLCO_05724__IBNLCO_05724__gene__promoter,2.9075536390761165,0.08958349512248763
cnv_depth__IBNLCO_05493__Xaa-Pro__CDS__promoter,2.9052854853745482,0.08970782486225042
cnv_depth__IBNLCO_00995__Nitrogen__CDS,2.904519155119202,0.08974987413573579
cnv_depth__IBNLCO_02674__UPF0301__CDS,2.897975454613434,0.09010981121505951
cnv_depth__IBNLCO_04309__hypothetical__CDS,2.896938900044892,0.09016697155377221
cnv_depth__IBNLCO_04848__L-serine__CDS,2.8958321167987737,0.09022804835053932
cnv_depth__IBNLCO_05526__Transcription__CDS__promoter,2.8937224337440655,0.09034459445599352
cnv_depth__IBNLCO_03351__Site-specific__CDS__promoter,2.891833674465708,0.09044907552181161
cnv_depth__IBNLCO_01335__L-ornithine__CDS,2.89076884966252,0.09050803694404477
cnv_depth__IBNLCO_00945__IBNLCO_00945__gene,2.8881123061917595,0.09065531809283446
cnv_depth__IBNLCO_05241__IBNLCO_05241__gene__promoter,2.886044650196974,0.0907701320387349
cnv_depth__IBNLCO_05207__IBNLCO_05207__gene__promoter,2.8860129462581807,0.09077189374906569
cnv_depth__IBNLCO_01957__IBNLCO_01957__gene,2.8823585890508086,0.09097520804853368
cnv_depth__IBNLCO_05527__CENP-V/GFA__CDS__promoter,2.881495534358675,0.09102329769239824
cnv_depth__IBNLCO_00750__TerC__CDS__promoter,2.8801181767080495,0.09110010200170035
cnv_depth__IBNLCO_02315__IBNLCO_02315__gene,2.879555564595412,0.09113149479042845
cnv_depth__IBNLCO_02575__N-acetyltransferase__CDS__promoter,2.878342668480712,0.09119921254119105
cnv_depth__IBNLCO_02197__IBNLCO_02197__gene__promoter,2.875452109668843,0.09136081849547743
cnv_depth__IBNLCO_05810__aaaT__gene__promoter,2.873439142513777,0.09147354478887004
cnv_depth__IBNLCO_02960__HTH-type__CDS,2.8641570305423607,0.091995314857776
cnv_depth__IBNLCO_02594__yecS__gene,2.859151844728843,0.09227801861331654
cnv_depth__IBNLCO_01230__IBNLCO_01230__gene__promoter,2.8584392764949764,0.09231834322925951
cnv_depth__IBNLCO_02324__IBNLCO_02324__gene,2.857082969254149,0.09239515065439986
cnv_depth__IBNLCO_04597__IBNLCO_04597__gene,2.855265784841061,0.09249816706615324
cnv_depth__IBNLCO_05845__IBNLCO_05845__gene__promoter,2.8504488317704895,0.09277184930979776
cnv_depth__IBNLCO_01228__Iron__CDS,2.8497861071528594,0.09280957226657804
cnv_depth__IBNLCO_05522__tRNA-Val(gac)__tRNA,2.8456854780276557,0.09304335781676945
cnv_depth__IBNLCO_04180__IBNLCO_04180__gene__promoter,2.8443160959359535,0.09312157267910169
cnv_depth__IBNLCO_02521__Formate__CDS__promoter,2.8405403723185514,0.09333760333017045
cnv_depth__IBNLCO_00152__IBNLCO_00152__gene,2.8387912910075226,0.09343786411023379
cnv_depth__IBNLCO_01862__Putrescine-binding__CDS,2.83743494599108,0.0935156936360327
cnv_depth__IBNLCO_03590__IBNLCO_03590__gene__promoter,2.8372527526359876,0.0935261536256018
cnv_depth__IBNLCO_04326__IBNLCO_04326__gene,2.8369678356138963,0.09354251370043848
cnv_depth__IBNLCO_04443__lysR__gene__promoter,2.8340358907371686,0.09371104954681211
cnv_depth__IBNLCO_01731__Major__CDS__promoter,2.833700597474691,0.09373034425328261
cnv_depth__IBNLCO_05524__nhaR__gene,2.8328497066946228,0.09377932894144256
cnv_depth__IBNLCO_00557__IBNLCO_00557__gene,2.8325020903339193,0.09379934883280393
cnv_depth__IBNLCO_05345__AI-2E__CDS,2.8314408779413833,0.093860495041483
cnv_depth__IBNLCO_01552__IBNLCO_01552__gene__promoter,2.830425423817402,0.09391904556312576
cnv_depth__IBNLCO_01158__NADH-quinone__CDS,2.8291310506347274,0.09399373639500185
cnv_depth__IBNLCO_03086__IBNLCO_03086__gene__promoter,2.828032837099741,0.09405715899267984
cnv_depth__IBNLCO_02212__IBNLCO_02212__gene__promoter,2.827983125189637,0.09406003099871095
cnv_depth__IBNLCO_03510__IBNLCO_03510__gene,2.82674996383475,0.09413130517617278
cnv_depth__IBNLCO_02431__Tetrapyrrole__CDS__promoter,2.8267337250995475,0.09413224413600009
cnv_depth__IBNLCO_03687__Penicillin-binding__CDS,2.8250163434003674,0.09423160490483348
cnv_depth__IBNLCO_02063__lysR__gene__promoter,2.8243209128671247,0.09427187237814325
cnv_depth__IBNLCO_02447__gnl|Bakta|IBNLCO_02447__CDS,2.8216739417794092,0.09442531227876647
cnv_depth__IBNLCO_03943__IBNLCO_03943__gene__promoter,2.820264235564742,0.09450714190852053
cnv_depth__IBNLCO_01476__Chorismate__CDS__promoter,2.8161959878641927,0.09474372860318367
cnv_depth__IBNLCO_05487__IBNLCO_05487__gene,2.8158137268695027,0.09476599210810092
cnv_depth__IBNLCO_00571__Phage__CDS__promoter,2.815065173125409,0.09480960570615064
cnv_depth__IBNLCO_02480__rimM__gene__promoter,2.812418090061255,0.09496401136328124
cnv_depth__IBNLCO_00585__IBNLCO_00585__gene,2.8098376563849423,0.09511479460522423
cnv_depth__IBNLCO_02039__trnL__gene__promoter,2.809267423822934,0.09514815055707482
cnv_depth__IBNLCO_00641__IBNLCO_00641__gene__promoter,2.8077846836052234,0.09523494398503163
cnv_depth__IBNLCO_03794__(2Fe-2S)-binding__CDS__promoter,2.8047965431012183,0.0954101210407311
cnv_depth__IBNLCO_01165__NADH-quinone__CDS__promoter,2.8047902732962995,0.09541048897352881
cnv_depth__IBNLCO_01758__IBNLCO_01758__gene,2.802651871138971,0.09553606822736015
cnv_depth__IBNLCO_05654__IBNLCO_05654__gene__promoter,2.802611375124022,0.0955384481333437
cnv_depth__IBNLCO_03879__IBNLCO_03879__gene__promoter,2.8026069941827196,0.09553870560031162
cnv_depth__IBNLCO_01369__IBNLCO_01369__gene__promoter,2.800402425056784,0.09566836420036323
cnv_depth__IBNLCO_04429__hypothetical__CDS,2.793758558558263,0.09606028199664417
cnv_depth__IBNLCO_02455__Fumarate__CDS,2.7910021798613993,0.09622339559979978
cnv_depth__IBNLCO_05199__Guanylate__CDS,2.7904558123110883,0.0962557639285108
cnv_depth__IBNLCO_04929__hypothetical__CDS,2.7891943321944157,0.09633054313386612
cnv_depth__IBNLCO_01958__IBNLCO_01958__gene,2.788758968220588,0.09635636583714487
cnv_depth__IBNLCO_00139__Phage__CDS,2.7875549701763553,0.09642781800254542
cnv_depth__IBNLCO_02401__trnG__gene__promoter,2.785135194689269,0.0965715972356805
cnv_depth__IBNLCO_02022__IBNLCO_02022__gene__promoter,2.783274361383074,0.09668232497210053
cnv_depth__IBNLCO_01504__trnP__gene__promoter,2.7831323805497656,0.0966907791709701
cnv_depth__IBNLCO_01052__IBNLCO_01052__gene,2.779340107453609,0.09691688915233201
cnv_depth__IBNLCO_04055__Major__CDS__promoter,2.779263418059737,0.09692146765089582
cnv_depth__IBNLCO_00064__IBNLCO_00064__gene__promoter,2.7784383824954992,0.09697073881238492
cnv_depth__IBNLCO_02615__yggT__gene__promoter,2.7670437698941934,0.09765404443406968
cnv_depth__IBNLCO_03899__gnl|Bakta|IBNLCO_03899__CDS__promoter,2.7636655461961483,0.0978576422403467
cnv_depth__IBNLCO_01953__BcKCsr2__gene,2.762512578181517,0.09792723561312021
cnv_depth__IBNLCO_02189__IBNLCO_02189__gene__promoter,2.761958641270662,0.09796069067627769
cnv_depth__IBNLCO_05095__IBNLCO_05095__gene__promoter,2.758736960477342,0.09815551325466464
cnv_depth__IBNLCO_01193__rrs__gene,2.7583377328069063,0.09817968509968258
cnv_depth__IBNLCO_01764__DNA-binding__CDS,2.7551208649368664,0.09837469396728986
cnv_depth__IBNLCO_02958__2-dehydro-3-deoxy-6-phosphogalactonate__CDS,2.753658142573465,0.09846350591649759
cnv_depth__IBNLCO_04178__IBNLCO_04178__gene,2.7493030804368996,0.09872845360239231
cnv_depth__IBNLCO_04504__gnl|Bakta|IBNLCO_04504__CDS__promoter,2.748913988570603,0.09875216275637355
cnv_depth__IBNLCO_04612__PABS__CDS__promoter,2.745599622498866,0.09895437606026233
cnv_depth__IBNLCO_05346__gnl|Bakta|IBNLCO_05346__CDS__promoter,2.744058005511176,0.09904858686914869
cnv_depth__IBNLCO_01106__IBNLCO_01106__gene__promoter,2.743162396876284,0.09910336427572923
cnv_depth__IBNLCO_02267__Dihydrolipoyl__CDS__promoter,2.7405462377731786,0.09926356508669397
cnv_depth__IBNLCO_03017__putative__CDS__promoter,2.7400380234986916,0.09929471864592714
cnv_depth__IBNLCO_04789__eamA__gene__promoter,2.7394297215123697,0.09933202171486029
cnv_depth__IBNLCO_02461__IBNLCO_02461__gene,2.7304605755107985,0.09988383071521915
cnv_depth__IBNLCO_05477__O-antigen__CDS__promoter,2.729801406967492,0.09992451748142042
cnv_depth__IBNLCO_02040__IBNLCO_02040__gene__promoter,2.7294144703513217,0.09994840938897039
cnv_depth__IBNLCO_04271__IBNLCO_04271__gene__promoter,2.7291089564317774,0.09996727818274631
cnv_depth__IBNLCO_02677__hydroxymethylpyrimidine__CDS,2.7260762160518746,0.10015479530049695
cnv_depth__IBNLCO_00589__IBNLCO_00589__gene,2.725598392055312,0.10018437484808085
cnv_depth__IBNLCO_00630__ubiB__gene__promoter,2.723032063906814,0.10034340704150725
cnv_depth__IBNLCO_04005__HTH-type__CDS__promoter,2.720152683505166,0.10052216925652037
cnv_depth__IBNLCO_05586__Type__CDS,2.715649671247383,0.1008024349579334
cnv_depth__IBNLCO_03163__IBNLCO_03163__gene__promoter,2.7131733372540157,0.10095692724459641
cnv_depth__IBNLCO_01147__IBNLCO_01147__gene,2.7117536915846925,0.10104561284831819
cnv_depth__IBNLCO_01450__Two-component__CDS__promoter,2.7117029831726938,0.10104878219996197
cnv_depth__IBNLCO_02345__IBNLCO_02345__gene,2.7103040015901594,0.10113626378988788
cnv_depth__IBNLCO_04415__Succinyl-diaminopimelate__CDS,2.709348615946472,0.10119605417249285
cnv_depth__IBNLCO_04732__IBNLCO_04732__gene__promoter,2.708174941320406,0.10126955886079361
cnv_depth__IBNLCO_00883__Integral__CDS,2.702930117892828,0.10159874942927584
cnv_depth__IBNLCO_02206__IBNLCO_02206__gene__promoter,2.702234433027054,0.10164250238072418
cnv_depth__IBNLCO_02052__hypothetical__CDS,2.698390005651775,0.10188466004729452
cnv_depth__IBNLCO_00865__Ubiquinone__CDS__promoter,2.695055262447936,0.10209522751303625
cnv_depth__IBNLCO_05153__Formate__CDS__promoter,2.6941521435770923,0.10215233604299558
cnv_depth__IBNLCO_01904__Ancillary__CDS__promoter,2.693943821411484,0.10216551424246709
cnv_depth__IBNLCO_04832__IBNLCO_04832__gene__promoter,2.690715368416616,0.10236998161093484
cnv_depth__IBNLCO_00627__ubiE__gene__promoter,2.6870962010599744,0.102599729935609
cnv_depth__IBNLCO_02835__phnK__gene,2.6839728772851923,0.10279845816744854
cnv_depth__IBNLCO_02328__autoinducer__CDS__promoter,2.6830001996939035,0.10286043343145555
cnv_depth__IBNLCO_01013__Glycine__CDS__promoter,2.681221275572357,0.10297388611217946
cnv_depth__IBNLCO_04815__hypothetical__CDS,2.6810402406314027,0.10298543952396877
cnv_depth__IBNLCO_04771__argP__gene__promoter,2.6784437535535317,0.10315130112942063
cnv_depth__IBNLCO_05656__IBNLCO_05656__gene__promoter,2.6776747695674823,0.10320047970764233
cnv_depth__IBNLCO_00314__glmU__gene__promoter,2.6768873639576154,0.10325086316781631
cnv_depth__IBNLCO_04177__egtB__gene,2.67653348364396,0.10327351561615732
cnv_depth__IBNLCO_00138__IBNLCO_00138__gene__promoter,2.6750529388251967,0.10336834707017878
cnv_depth__IBNLCO_05187__gnl|Bakta|IBNLCO_05187__CDS,2.6746292689839146,0.10339550150986002
cnv_depth__IBNLCO_05465__Pyridoxamine__CDS,2.6722105136954504,0.1035506783739899
cnv_depth__IBNLCO_03114__XRE__CDS,2.6707583956877805,0.10364396325881876
cnv_depth__IBNLCO_02695__Major__CDS,2.66998161947959,0.10369390182269844
cnv_depth__IBNLCO_05662__Glutamate-1-semialdehyde__CDS,2.6648995455035416,0.1040212809854412
cnv_depth__IBNLCO_02094__IBNLCO_02094__gene,2.6641216106682526,0.10407149479109755
cnv_depth__IBNLCO_03655__Medium/long-chain__CDS__promoter,2.660875553642919,0.10428130847671135
cnv_depth__IBNLCO_02532__Guanine__CDS,2.6600290299022546,0.10433610142689341
cnv_depth__IBNLCO_00833__tRNA__CDS__promoter,2.6587523469067196,0.10441879734797059
cnv_depth__IBNLCO_00861__IBNLCO_00861__gene,2.6583306746598927,0.10444612664017411
cnv_depth__IBNLCO_02100__Coenzyme__CDS__promoter,2.6573299369186043,0.10451101772464867
cnv_depth__IBNLCO_04422__Aliphatic__CDS,2.6557391020362577,0.10461426415354826
cnv_depth__IBNLCO_03518__IBNLCO_03518__gene,2.655716564235351,0.10461572768229521
cnv_depth__IBNLCO_05438__Ribosome-dependent__CDS__promoter,2.6544888726107745,0.10469548395949783
cnv_depth__IBNLCO_00249__IBNLCO_00249__gene,2.653263208188575,0.10477517543891565
cnv_depth__IBNLCO_05200__Leucine-responsive__CDS,2.653191786743611,0.1047798212524819
cnv_depth__IBNLCO_04168__histidine__CDS__promoter,2.6485460318711462,0.10508250639992682
cnv_depth__IBNLCO_01908__Dual-specificity__CDS__promoter,2.6431659763323787,0.1054342394014562
cnv_depth__IBNLCO_01188__Peptidase__CDS,2.642840927367202,0.10545553176775632
cnv_depth__IBNLCO_02755__2-dehydro-3-deoxyphosphooctonate__CDS__promoter,2.642777123319173,0.10545971181561495
cnv_depth__IBNLCO_05443__hypothetical__CDS,2.6410920145476426,0.1055701759588902
cnv_depth__IBNLCO_02501__Lipopolysaccharide__CDS,2.6409397100315695,0.10558016628543498
cnv_depth__IBNLCO_00891__kefA__gene,2.639158797377493,0.10569706167604385
cnv_depth__IBNLCO_04155__IBNLCO_04155__gene,2.6390070769129883,0.10570702689109765
cnv_depth__IBNLCO_03872__IBNLCO_03872__gene,2.638318632712,0.10575225791042733
cnv_depth__IBNLCO_05195__IBNLCO_05195__gene__promoter,2.637303520246909,0.10581899011882752
cnv_depth__IBNLCO_04248__IBNLCO_04248__gene,2.634188829093624,0.10602403623104119
cnv_depth__IBNLCO_05430__IBNLCO_05430__gene__promoter,2.631773440137733,0.1061833478679636
cnv_depth__IBNLCO_01913__IBNLCO_01913__gene__promoter,2.631047604125551,0.10623127340586583
cnv_depth__IBNLCO_05736__Glycine__CDS,2.6301664761754098,0.10628948466168768
cnv_depth__IBNLCO_00676__IBNLCO_00676__gene,2.6296054885955615,0.10632656435944583
cnv_depth__IBNLCO_01077__IBNLCO_01077__gene,2.626383498593433,0.10653980558735907
cnv_depth__IBNLCO_02608__Transglycosylase__CDS,2.6258769888440803,0.10657337089522091
cnv_depth__IBNLCO_04918__IBNLCO_04918__gene,2.622913315242743,0.10677000136029936
cnv_depth__IBNLCO_00590__IBNLCO_00590__gene__promoter,2.6221105685636625,0.1068233300221511
cnv_depth__IBNLCO_02458__HTH__CDS__promoter,2.6197205242979726,0.10698228147559563
cnv_depth__IBNLCO_02018__IBNLCO_02018__gene__promoter,2.619503445437022,0.10699673138290772
cnv_depth__IBNLCO_05750__gnl|Bakta|IBNLCO_05750__CDS__promoter,2.618480127253296,0.1070648778483252
cnv_depth__IBNLCO_04188__AI-2E__CDS,2.6182935503039655,0.10707730785002897
cnv_depth__IBNLCO_04450__IBNLCO_04450__gene__promoter,2.6177601572684757,0.10711285198905125
cnv_depth__IBNLCO_03662__IBNLCO_03662__gene,2.6163828481042737,0.10720469313693332
cnv_depth__IBNLCO_02474__cobD__gene__promoter,2.6126241095589084,0.10745577472145121
cnv_depth__IBNLCO_01876__IBNLCO_01876__gene__promoter,2.6118311841810393,0.10750882462774969
cnv_depth__IBNLCO_05099__IBNLCO_05099__gene__promoter,2.6118305514440308,0.10750886697196133
cnv_depth__IBNLCO_00251__BTH_s1__gene__promoter,2.6093995987385656,0.10767168803083696
cnv_depth__IBNLCO_00963__Translocation__CDS,2.6093003462283684,0.10767834158165934
cnv_depth__IBNLCO_00647__IBNLCO_00647__gene,2.6084619156377724,0.10773456525154752
cnv_depth__IBNLCO_04086__gnl|Bakta|IBNLCO_04086__CDS,2.6069501833966457,0.1078360213385284
cnv_depth__IBNLCO_00832__Pyridoxine/pyridoxamine__CDS,2.603730968876231,0.10805242281964353
cnv_depth__IBNLCO_05489__Fucose-specific__CDS__promoter,2.600909024085422,0.10824251395547052
cnv_depth__IBNLCO_00449__IBNLCO_00449__gene,2.5994348575013273,0.10834196337382135
cnv_depth__IBNLCO_01425__Succinate--glutarate__CDS__promoter,2.597908763779827,0.10844502229834414
cnv_depth__IBNLCO_00572__IBNLCO_00572__gene__promoter,2.5974664213231273,0.10847491446819725
cnv_depth__IBNLCO_02799__hypothetical__CDS__promoter,2.5963549082398885,0.10855006738688698
cnv_depth__IBNLCO_03677__IBNLCO_03677__gene,2.589257036800473,0.10903133683825456
cnv_depth__IBNLCO_04850__Preprotein__CDS,2.58712219725738,0.10917655038924118
cnv_depth__IBNLCO_04244__(S)-ureidoglycine__CDS__promoter,2.5833629738787045,0.1094327762069658
cnv_depth__IBNLCO_05517__Transmembrane__CDS,2.5832259582738764,0.10944212764378333
cnv_depth__IBNLCO_00211__IBNLCO_00211__gene__promoter,2.5828879556499857,0.10946520040416925
cnv_depth__IBNLCO_02315__Stability__CDS__promoter,2.5828846087666366,0.10946542889627717
cnv_depth__IBNLCO_02374__Histidine/lysine/arginine/ornithine__CDS,2.580546311472285,0.10962519376635477
cnv_depth__IBNLCO_05461__Thymidine__CDS,2.5803728630718736,0.10963705495540935
cnv_depth__IBNLCO_00096__hypothetical__CDS__promoter,2.57945004820793,0.1097001851060285
cnv_depth__IBNLCO_05710__IBNLCO_05710__gene,2.5782295961721786,0.10978373852523404
cnv_depth__IBNLCO_03957__Transglutaminase-like__CDS,2.5765961556726062,0.10989567578717822
cnv_depth__IBNLCO_02823__Corrinoid__CDS__promoter,2.5742632036155846,0.11005576863590849
cnv_depth__IBNLCO_01743__IBNLCO_01743__gene,2.5736717681909074,0.11009639537599704
cnv_depth__IBNLCO_01258__lacI__gene__promoter,2.5707793786549917,0.11029531795119651
cnv_depth__IBNLCO_02382__3-oxoadipate__CDS__promoter,2.5702427578085607,0.11033226750484844
cnv_depth__IBNLCO_00432__Mg__CDS__promoter,2.569265462566017,0.11039959533355355
cnv_depth__IBNLCO_05420__Metal__CDS,2.568352694595032,0.11046251882955867
cnv_depth__IBNLCO_05462__Beta-lactoglobulin__CDS,2.564373506583469,0.11073729641576614
cnv_depth__IBNLCO_02017__IBNLCO_02017__gene,2.564075656950884,0.1107578944544431
cnv_depth__IBNLCO_04494__IBNLCO_04494__gene__promoter,2.563445554950412,0.11080148366429783
cnv_depth__IBNLCO_03065__IBNLCO_03065__gene,2.5606088581874773,0.1109979561512342
cnv_depth__IBNLCO_04582__IBNLCO_04582__gene__promoter,2.5601031090293835,0.11103302535908907
cnv_depth__IBNLCO_04764__3-deoxy-7-phosphoheptulonate__CDS__promoter,2.5583322509434603,0.11115591536847384
cnv_depth__IBNLCO_03690__Iron__CDS,2.5568517383449736,0.11125877226781271
cnv_depth__IBNLCO_05419__DUF3564__CDS,2.550209036494801,0.11172156592243203
cnv_depth__IBNLCO_05064__Cyclic__CDS,2.5485859166014224,0.11183497184139164
cnv_depth__IBNLCO_00937__Dihydroxy-acid__CDS,2.5477512767646626,0.11189333702955492
cnv_depth__IBNLCO_05306__Putative__CDS__promoter,2.5472457198099727,0.1119287063299792
cnv_depth__IBNLCO_04030__DUF4148__CDS__promoter,2.5468142135520635,0.11195890476585732
cnv_depth__IBNLCO_05417__alcohol__CDS,2.5454120939723786,0.11205709273864531
cnv_depth__IBNLCO_02556__IBNLCO_02556__gene__promoter,2.5442107213848524,0.11214129867315548
cnv_depth__IBNLCO_05072__DNA-binding__CDS__promoter,2.5391853693416495,0.11249429394381473
cnv_depth__IBNLCO_05096__IBNLCO_05096__gene,2.538439758375071,0.11254677267288182
cnv_depth__IBNLCO_01119__kdpC__gene__promoter,2.5341557993214288,0.11284881930728258
cnv_depth__IBNLCO_04961__IBNLCO_04961__gene,2.532494277510196,0.11296620908797017
cnv_depth__IBNLCO_03805__IBNLCO_03805__gene__promoter,2.5312289851251535,0.11305569531088604
cnv_depth__IBNLCO_04231__gntR__gene,2.5281789676087443,0.1132717273268369
cnv_depth__IBNLCO_02759__IBNLCO_02759__gene,2.527247310256009,0.11333780765563323
cnv_depth__IBNLCO_05445__ATP__CDS,2.523271044592322,0.11362031623262718
cnv_depth__IBNLCO_00383__IBNLCO_00383__gene__promoter,2.5226224560819777,0.11366647167928491
cnv_depth__IBNLCO_05721__IBNLCO_05721__gene,2.520519252013112,0.11381628496684154
cnv_depth__IBNLCO_04891__hypothetical__CDS,2.520308819567457,0.11383128632905758
cnv_depth__IBNLCO_02398__IBNLCO_02398__gene__promoter,2.5172733522364386,0.1140479237735975
cnv_depth__IBNLCO_01329__hypothetical__CDS,2.516909883052045,0.11407389476526053
cnv_depth__IBNLCO_03514__IBNLCO_03514__gene__promoter,2.514499262835002,0.11424630721083436
cnv_depth__IBNLCO_00148__gnl|Bakta|IBNLCO_00148__CDS__promoter,2.505763071061559,0.11487356533331733
cnv_depth__IBNLCO_01346__hypothetical__CDS,2.5048295757392904,0.11494081604628918
cnv_depth__IBNLCO_05273__Transmembrane__CDS__promoter,2.5042617600535038,0.1149817439117588
cnv_depth__IBNLCO_04159__IBNLCO_04159__gene,2.502159979428866,0.11513338007079381
cnv_depth__IBNLCO_00701__mnmH__gene__promoter,2.5005793990270235,0.11524755975465359
cnv_depth__IBNLCO_02987__IBNLCO_02987__gene,2.500516810895539,0.11525208365192643
cnv_depth__IBNLCO_02566__Major__CDS,2.5002362975117425,0.11527236170397774
cnv_depth__IBNLCO_02683__DUF4243__CDS,2.5001649604044527,0.11527751922922128
cnv_depth__IBNLCO_02635__braG__gene,2.4926181987305585,0.11582458519022977
cnv_depth__IBNLCO_01082__hypothetical__CDS__promoter,2.492378174705528,0.11584203183231649
cnv_depth__IBNLCO_03748__IBNLCO_03748__gene,2.4923511818126607,0.11584399404914096
cnv_depth__IBNLCO_04414__lysR__gene,2.492118117749885,0.11586093790513066
cnv_depth__IBNLCO_04557__Molecular__CDS__promoter,2.4909714058670906,0.11594434445960004
cnv_depth__IBNLCO_00970__IBNLCO_00970__gene__promoter,2.488545039248496,0.11612104725822188
cnv_depth__IBNLCO_05428__NodB-like__CDS__promoter,2.4885109438938677,0.11612353242091
cnv_depth__IBNLCO_02343__IBNLCO_02343__gene,2.487106392815478,0.11622595957279139
cnv_depth__IBNLCO_04902__D-erythronate__CDS__promoter,2.481907805576427,0.11660594210944196
cnv_depth__IBNLCO_04637__hypothetical__CDS,2.4791876929068413,0.11680531464144224
cnv_depth__IBNLCO_00553__hypothetical__CDS__promoter,2.478094672556387,0.11688553504084302
cnv_depth__IBNLCO_04277__IBNLCO_04277__gene,2.475609846586901,0.1170681327178106
cnv_depth__IBNLCO_02749__Cell__CDS__promoter,2.4734711788038695,0.1172255469491991
cnv_depth__IBNLCO_00691__IBNLCO_00691__gene,2.4724559445038463,0.11730035450907747
cnv_depth__IBNLCO_02720__Putative__CDS,2.4708278716133827,0.11742042996307449
cnv_depth__IBNLCO_02999__pilC__gene__promoter,2.469268035755333,0.11753560097880257
cnv_depth__IBNLCO_03568__IBNLCO_03568__gene__promoter,2.4676747299400987,0.11765337300864637
cnv_depth__IBNLCO_02673__Putative__CDS__promoter,2.4663623502966967,0.1177504784860449
cnv_depth__IBNLCO_02241__IBNLCO_02241__gene,2.4659439653942186,0.11778145432560634
cnv_depth__IBNLCO_05684__IBNLCO_05684__gene,2.463820067235928,0.11793884064077352
cnv_depth__IBNLCO_00461__IBNLCO_00461__gene__promoter,2.461727546833447,0.11809413066225323
cnv_depth__IBNLCO_04015__betX__gene__promoter,2.45417472478055,0.11865653623383109
cnv_depth__IBNLCO_00142__gnl|Bakta|IBNLCO_00142__CDS,2.453431932040069,0.11871200760931672
cnv_depth__IBNLCO_02804__IBNLCO_02804__gene,2.4533456738179984,0.11871845119917632
cnv_depth__IBNLCO_02553__greB__gene__promoter,2.4532325577324423,0.11872690169288858
cnv_depth__IBNLCO_03786__IBNLCO_03786__gene,2.452962736438988,0.11874706176994924
cnv_depth__IBNLCO_02313__int-alpA__gene__promoter,2.4520513638737174,0.11881518443311252
cnv_depth__IBNLCO_02725__3-(3-hydroxy-phenyl)propionate/3-hydroxycinnamic__CDS,2.4519517375946696,0.11882263386885338
cnv_depth__IBNLCO_04562__Carboxypeptidase__CDS__promoter,2.4496304940862954,0.11899634936776456
cnv_depth__IBNLCO_04243__IBNLCO_04243__gene,2.4484936083720847,0.11908153392881987
cnv_depth__IBNLCO_01405__IBNLCO_01405__gene__promoter,2.447278634346948,0.11917264455782495
cnv_depth__IBNLCO_02622__tRNA__CDS__promoter,2.4469320029126442,0.11919865260217809
cnv_depth__IBNLCO_00817__IBNLCO_00817__gene__promoter,2.446594275061669,0.11922399868286955
cnv_depth__IBNLCO_01106__IBNLCO_01106__gene,2.4460622497615074,0.11926393873592055
cnv_depth__IBNLCO_05102__Type__CDS,2.4418826819888957,0.11957822495023776
cnv_depth__IBNLCO_01145__IBNLCO_01145__gene__promoter,2.4411496709531333,0.11963343937460873
cnv_depth__IBNLCO_02579__hypothetical__CDS__promoter,2.4360707050745924,0.12001679613845692
cnv_depth__IBNLCO_01319__pstA__gene__promoter,2.4343303163015193,0.12014847416104872
cnv_depth__IBNLCO_00789__bpeR__gene,2.4321847670243604,0.12031102830104146
cnv_depth__IBNLCO_02047__Alkyl__CDS,2.431477894190911,0.12036463706549444
cnv_depth__IBNLCO_02125__Methionine__CDS,2.431338927776473,0.1203751793167666
cnv_depth__IBNLCO_04154__2-hydroxyhepta-2%2C4-diene-1%2C7-dioate__CDS__promoter,2.430958224745456,0.12040406543014867
cnv_depth__IBNLCO_00960__Pantothenate__CDS,2.4308668541659357,0.12041099938743602
cnv_depth__IBNLCO_04290__peptidoglycan__CDS__promoter,2.4298630908766428,0.12048720257778152
cnv_depth__IBNLCO_00718__IBNLCO_00718__gene__promoter,2.426310741391529,0.12075732010708291
cnv_depth__IBNLCO_05545__jamB__gene,2.4245350577539755,0.12089259453634614
cnv_depth__IBNLCO_00840__Methylated-DNA--[protein]-cysteine__CDS,2.421917420778471,0.12109231853794279
cnv_depth__IBNLCO_02411__DNA__CDS,2.421771025813428,0.12110349923711197
cnv_depth__IBNLCO_01023__Inhibitor__CDS__promoter,2.421752810830521,0.12110489046004237
cnv_depth__IBNLCO_05456__IBNLCO_05456__gene,2.418134647104427,0.12138159206795802
cnv_depth__IBNLCO_00134__Phage-encoded__CDS__promoter,2.4168369758415302,0.12148100411383186
cnv_depth__IBNLCO_02774__wcbP__gene__promoter,2.4158685625944516,0.12155525152208072
cnv_depth__IBNLCO_03726__IBNLCO_03726__gene,2.4158107075026853,0.12155968882405238
cnv_depth__IBNLCO_01197__rrf__gene__promoter,2.4141357377687873,0.12168823205718088
cnv_depth__IBNLCO_05813__Putative__CDS__promoter,2.408991291501584,0.12208398452431242
cnv_depth__IBNLCO_05251__gatB__gene,2.4087648143502594,0.12210143995148487
cnv_depth__IBNLCO_05769__Dihydrolipoamide__CDS__promoter,2.4079859164340123,0.12216149374101232
cnv_depth__IBNLCO_01033__ATP-binding__CDS,2.4073482405156743,0.12221068371411795
cnv_depth__IBNLCO_02048__ahpD__gene__promoter,2.406320900947137,0.1222899786250715
cnv_depth__IBNLCO_03966__Phosphonopyruvate__CDS__promoter,2.4059053921646094,0.12232206585721067
cnv_depth__IBNLCO_04936__IBNLCO_04936__gene,2.4008720205083147,0.12271151000351702
cnv_depth__IBNLCO_00371__YchJ-like__CDS__promoter,2.399552746120917,0.12281381423493597
cnv_depth__IBNLCO_01922__Bacteria_small_SRP__gene,2.398963064858754,0.12285957234721184
cnv_depth__IBNLCO_03080__Heat__CDS__promoter,2.397148870498826,0.12300046968068801
cnv_depth__IBNLCO_05541__Enoyl-CoA__CDS,2.395734233502581,0.12311046103510376
cnv_depth__IBNLCO_05033__bprQ__gene__promoter,2.394664427313433,0.12319371391570726
cnv_depth__IBNLCO_00971__superoxide__CDS__promoter,2.39447341844358,0.12320858493972645
cnv_depth__IBNLCO_02711__IBNLCO_02711__gene,2.3898609193694687,0.12356830115719972
cnv_depth__IBNLCO_05491__IBNLCO_05491__gene__promoter,2.3895156058076528,0.12359527837632081
cnv_depth__IBNLCO_05781__Ribonucleoside-diphosphate__CDS,2.386735316134653,0.12381272514427799
cnv_depth__IBNLCO_03686__HTH__CDS,2.385281219798889,0.12392662036223123
cnv_depth__IBNLCO_03506__IBNLCO_03506__gene__promoter,2.384648699924717,0.12397620036788794
cnv_depth__IBNLCO_00013__IBNLCO_00013__gene__promoter,2.3766763788932126,0.12460301388685276
cnv_depth__IBNLCO_04476__IBNLCO_04476__gene__promoter,2.375775990092359,0.12467402811397171
cnv_depth__IBNLCO_05162__IBNLCO_05162__gene,2.375745196481462,0.12467645762522046
cnv_depth__IBNLCO_04637__IBNLCO_04637__gene__promoter,2.3750519523071567,0.12473116624327386
cnv_depth__IBNLCO_03976__Type__CDS__promoter,2.3745337437528926,0.12477207913587092
cnv_depth__IBNLCO_02719__Arabinose__CDS__promoter,2.3707461865779376,0.12507156511373305
cnv_depth__IBNLCO_04441__IBNLCO_04441__gene__promoter,2.3685158018526224,0.12524829983541882
cnv_depth__IBNLCO_03950__Alkyl__CDS__promoter,2.367679208664194,0.1253146631212518
cnv_depth__IBNLCO_05767__IBNLCO_05767__gene,2.3649837670758846,0.12552874833271294
cnv_depth__IBNLCO_01620__IBNLCO_01620__gene__promoter,2.360161445444054,0.12591278217476848
cnv_depth__IBNLCO_05539__Methylcrotonoyl-CoA__CDS,2.359619784296947,0.125956000328885
cnv_depth__IBNLCO_04341__Flagellar__CDS,2.3584959317653187,0.12604572342012968
cnv_depth__IBNLCO_01762__gnl|Bakta|IBNLCO_01762__CDS,2.358268983879453,0.12606385054671648
cnv_depth__IBNLCO_00743__histidine__CDS,2.3582266516430863,0.12606723209421908
cnv_depth__IBNLCO_02613__IBNLCO_02613__gene__promoter,2.3582020387874745,0.12606919824395918
cnv_depth__IBNLCO_04420__IBNLCO_04420__gene__promoter,2.357499859098361,0.12612530494652083
cnv_depth__IBNLCO_00421__Pimeloyl-CoA__CDS__promoter,2.35648529513808,0.1262064216393408
cnv_depth__IBNLCO_05239__IBNLCO_05239__gene,2.3562636539880195,0.12622415012083912
cnv_depth__IBNLCO_02016__IBNLCO_02016__gene__promoter,2.355062846461943,0.12632024795626304
cnv_depth__IBNLCO_03112__IBNLCO_03112__gene,2.3550039957161917,0.12632495974873045
cnv_depth__IBNLCO_01759__IBNLCO_01759__gene,2.354239949657136,0.12638614975087425
cnv_depth__IBNLCO_03084__DUF1415__CDS__promoter,2.3537617842851195,0.12642446135882046
cnv_depth__IBNLCO_02526__hypothetical__CDS,2.3507046563178067,0.12666971224599882
cnv_depth__IBNLCO_00824__IBNLCO_00824__gene__promoter,2.3499445815143782,0.12673077007980754
cnv_depth__IBNLCO_00810__6-phosphogluconate__CDS,2.347447048554666,0.12693163237355193
cnv_depth__IBNLCO_02200__Multidrug__CDS__promoter,2.3457362597473654,0.127069427009278
cnv_depth__IBNLCO_01005__IBNLCO_01005__gene__promoter,2.3447739715222906,0.12714700762759282
cnv_depth__IBNLCO_01005__Bacteriophage__CDS,2.342732843941975,0.12731174094704487
cnv_depth__IBNLCO_05707__DUF421__CDS,2.3424168597141573,0.12733726444816573
cnv_depth__IBNLCO_00613__IBNLCO_00613__gene__promoter,2.3407128355842173,0.12747500513549131
cnv_depth__IBNLCO_00651__IBNLCO_00651__gene,2.339676906808437,0.127558823493787
cnv_depth__IBNLCO_05439__IBNLCO_05439__gene__promoter,2.3385215259000547,0.1276523797019307
cnv_depth__IBNLCO_02152__Isocitrate__CDS,2.335968054480659,0.1278594181256151
cnv_depth__IBNLCO_04755__gnl|Bakta|IBNLCO_04755__CDS,2.3337857145487173,0.12803666293238705
cnv_depth__IBNLCO_04091__PNPLA__CDS__promoter,2.3331852574118694,0.12808547900555156
cnv_depth__IBNLCO_03679__Farnesyl-diphosphate__CDS__promoter,2.332686065757569,0.1281260782535746
cnv_depth__IBNLCO_00857__Exodeoxyribonuclease__CDS__promoter,2.331387122482435,0.12823178887605768
cnv_depth__IBNLCO_04548__IBNLCO_04548__gene,2.3313139886437426,0.12823774356061882
cnv_depth__IBNLCO_00609__IBNLCO_00609__gene__promoter,2.3311241254009696,0.12825320400300208
cnv_depth__IBNLCO_00390__iclR__gene,2.328941150181449,0.12843111242129704
cnv_depth__IBNLCO_00480__IBNLCO_00480__gene,2.3252265774909966,0.12873447926423573
cnv_depth__IBNLCO_05322__D-inositol-3-phosphate__CDS,2.3248686592433794,0.1287637526226058
cnv_depth__IBNLCO_00654__IBNLCO_00654__gene,2.3227516843593867,0.1289370480741166
cnv_depth__IBNLCO_00458__Twin__CDS,2.3211820549541966,0.1290657066538234
cnv_depth__IBNLCO_01186__IBNLCO_01186__gene__promoter,2.3204971950702067,0.12912188799382596
cnv_depth__IBNLCO_03515__potC__gene__promoter,2.318778742815538,0.12926297912118795
cnv_depth__IBNLCO_03295__flhG__gene,2.317377170238435,0.12937818128431353
cnv_depth__IBNLCO_04260__L-fuconolactone__CDS__promoter,2.316155254670671,0.12947871049999016
cnv_depth__IBNLCO_00488__IBNLCO_00488__gene,2.3146393138779646,0.12960355148355882
cnv_depth__IBNLCO_00629__ubiJ__gene__promoter,2.3145819022663203,0.1296082821056455
cnv_depth__unknown__unknown__regulatory.16,2.312067059057648,0.12981569120850855
cnv_depth__IBNLCO_04077__4-hydroxybutyrate--CoA__CDS,2.311792239942775,0.12983837918818555
cnv_depth__IBNLCO_01470__NAD(P)H:quinone__CDS__promoter,2.3108034512209072,0.1299200464761289
cnv_depth__IBNLCO_05099__IBNLCO_05099__gene,2.3074878672467394,0.13019431226491526
cnv_depth__IBNLCO_00167__hypothetical__CDS__promoter,2.3065924493399605,0.13026849278239003
cnv_depth__IBNLCO_01165__NADH-quinone__CDS,2.3065527156160774,0.13027178560467065
cnv_depth__IBNLCO_00050__Leucine-binding__CDS__promoter,2.3050979430200225,0.1303924101871561
cnv_depth__IBNLCO_02933__IBNLCO_02933__gene,2.305051776858798,0.1303962401727383
cnv_depth__IBNLCO_05196__gnl|Bakta|IBNLCO_05196__CDS,2.303658830549808,0.13051185962230089
cnv_depth__IBNLCO_05408__IBNLCO_05408__gene__promoter,2.3033858298056886,0.1305345331267862
cnv_depth__IBNLCO_03703__IBNLCO_03703__gene,2.3019432153228876,0.13065441987550125
cnv_depth__IBNLCO_02863__IBNLCO_02863__gene__promoter,2.300746672540811,0.13075395089466976
cnv_depth__IBNLCO_02305__IBNLCO_02305__gene__promoter,2.2980252460065604,0.13098064212049176
cnv_depth__IBNLCO_02562__hemW__gene,2.2976624405385846,0.131010896651344
cnv_depth__IBNLCO_05315__IBNLCO_05315__gene__promoter,2.293478755692405,0.13136034373279365
cnv_depth__IBNLCO_00132__Zinc__CDS__promoter,2.2928204026229273,0.13141542867649458
cnv_depth__IBNLCO_03758__IBNLCO_03758__gene__promoter,2.2927796186024128,0.13141884196223053
cnv_depth__IBNLCO_04223__Porin__CDS,2.2927566260295715,0.13142076629459606
cnv_depth__IBNLCO_04052__IBNLCO_04052__gene,2.290452850769989,0.1316137381817353
cnv_depth__IBNLCO_01531__Dihydrolipoyl__CDS__promoter,2.2903050201477964,0.13162613182789115
cnv_depth__IBNLCO_02256__Iron-binding__CDS,2.286873833876912,0.13191416012870533
cnv_depth__IBNLCO_05412__IBNLCO_05412__gene__promoter,2.2867292401290262,0.13192631347671654
cnv_depth__IBNLCO_00033__IBNLCO_00033__gene,2.284806999292738,0.1320880006284096
cnv_depth__IBNLCO_03828__GlcG__CDS__promoter,2.2802771869325853,0.13246990203270492
cnv_depth__IBNLCO_04711__gnl|Bakta|IBNLCO_04711__CDS__promoter,2.2800142011874143,0.13249211202880518
cnv_depth__IBNLCO_02731__IBNLCO_02731__gene,2.2793581617655043,0.13254753492098095
cnv_depth__IBNLCO_02746__Protein__CDS__promoter,2.2789122994651883,0.1325852167027057
cnv_depth__IBNLCO_04915__Arsenical-resistance__CDS,2.278863539590378,0.1325893383442
cnv_depth__IBNLCO_05647__Cyclase__CDS,2.2764671284741698,0.1327920830373441
cnv_depth__IBNLCO_02587__ABC__CDS__promoter,2.276398715957654,0.1327978760872474
cnv_depth__IBNLCO_00870__IBNLCO_00870__gene__promoter,2.273435425974113,0.1330490750624909
cnv_depth__IBNLCO_00859__gnl|Bakta|IBNLCO_00859__CDS,2.273357580532752,0.1330556812405484
cnv_depth__IBNLCO_02487__IBNLCO_02487__gene,2.2693969037657773,0.13339228237794637
cnv_depth__IBNLCO_04034__IBNLCO_04034__gene__promoter,2.255463300458259,0.13458407414627158
cnv_depth__IBNLCO_00135__hypothetical__CDS__promoter,2.2549355951234835,0.1346294455854272
cnv_depth__IBNLCO_03171__pilQ__gene__promoter,2.2525399778758857,0.13483563432506268
cnv_depth__IBNLCO_03910__DJ-1/PfpI__CDS,2.251478367445625,0.1349271198726147
cnv_depth__IBNLCO_01659__hypothetical__CDS__promoter,2.2502930943774175,0.13502934476463216
cnv_depth__IBNLCO_02651__IBNLCO_02651__gene,2.2502161116022026,0.13503598722480817
cnv_depth__IBNLCO_00800__High-affinity__CDS__promoter,2.2497263370882528,0.1350782560439964
cnv_depth__IBNLCO_01197__5S__rRNA,2.248461452171051,0.13518748784264023
cnv_depth__IBNLCO_04046__Regulatory__CDS,2.2449241433842153,0.13549348793933982
cnv_depth__IBNLCO_05261__IBNLCO_05261__gene__promoter,2.244696067689339,0.1355132447127766
cnv_depth__IBNLCO_01166__NADH-quinone__CDS,2.2432329487222002,0.13564006276409749
cnv_depth__IBNLCO_04035__Branched-chain__CDS__promoter,2.2426474245412593,0.1356908514030307
cnv_depth__IBNLCO_00693__IBNLCO_00693__gene,2.2424571143377503,0.13570736361025926
cnv_depth__IBNLCO_02038__IBNLCO_02038__gene__promoter,2.237253353433347,0.13615974462969987
cnv_depth__IBNLCO_01263__Metal-binding__CDS,2.2363210105992954,0.13624097576368752
cnv_depth__IBNLCO_03514__IBNLCO_03514__gene,2.2348221598580342,0.1363716788407769
cnv_depth__IBNLCO_00709__IBNLCO_00709__gene,2.2306061471741137,0.136740082774375
cnv_depth__IBNLCO_02373__IBNLCO_02373__gene,2.230263393315745,0.13677008258471207
cnv_depth__IBNLCO_05224__IBNLCO_05224__gene,2.2293944745611993,0.136846168654141
cnv_depth__IBNLCO_01414__Drug-resistance__CDS__promoter,2.229335121985531,0.1368513675482197
cnv_depth__IBNLCO_04985__tssH-5__gene__promoter,2.2256841489135715,0.1371715972122563
cnv_depth__IBNLCO_02184__IBNLCO_02184__gene,2.224992425861402,0.13723236391865706
cnv_depth__IBNLCO_04091__PNPLA__CDS,2.223492399578961,0.13736424301032327
cnv_depth__IBNLCO_01741__hypothetical__CDS__promoter,2.2233714442290307,0.13737488336975012
cnv_depth__IBNLCO_04728__IBNLCO_04728__gene,2.218190437555557,0.13783152678775829
cnv_depth__IBNLCO_00521__IBNLCO_00521__gene__promoter,2.216797935240245,0.1379545508566774
cnv_depth__IBNLCO_01919__Recombination__CDS__promoter,2.2158251280838517,0.13804056941230547
cnv_depth__IBNLCO_05096__IBNLCO_05096__gene__promoter,2.2148840344557885,0.13812384134750752
cnv_depth__IBNLCO_02615__YggT__CDS,2.2148734910824555,0.13812477459063172
cnv_depth__IBNLCO_00572__IBNLCO_00572__gene,2.2137756834548186,0.13822198560770865
cnv_depth__IBNLCO_01778__gnl|Bakta|IBNLCO_01778__CDS,2.2131418611486127,0.1382781458087012
cnv_depth__IBNLCO_05312__Activator__CDS,2.2121773244817917,0.13836365856128835
cnv_depth__IBNLCO_03733__IBNLCO_03733__gene__promoter,2.210963639412687,0.1384713448156761
cnv_depth__IBNLCO_00129__Phage-encoded__CDS,2.210760379292727,0.1384893886569367
cnv_depth__IBNLCO_01146__CDP-diacylglycerol--glycerol-3-phosphate__CDS,2.2103556219094744,0.1385253277502044
cnv_depth__IBNLCO_01783__hypothetical__CDS,2.20836702338072,0.13870205174123965
cnv_depth__IBNLCO_02101__IBNLCO_02101__gene__promoter,2.208254950059485,0.1387120191135915
cnv_depth__IBNLCO_04895__gnl|Bakta|IBNLCO_04895__CDS,2.205268390567627,0.1389779303600438
cnv_depth__IBNLCO_05572__sn-glycerol-3-phosphate__CDS,2.2048103631711964,0.13901876214691541
cnv_depth__IBNLCO_05344__Ysc84__CDS,2.2029403625483326,0.13918560774945585
cnv_depth__IBNLCO_05290__Thiamine__CDS__promoter,2.2018502770548283,0.13928297189656724
cnv_depth__IBNLCO_00787__DUF427__CDS__promoter,2.200375510553241,0.1394148173688983
cnv_depth__IBNLCO_00159__gnl|Bakta|IBNLCO_00159__CDS,2.199244575907019,0.13951601943954703
cnv_depth__IBNLCO_00127__hypothetical__CDS__promoter,2.1977239184331485,0.1396522267902052
cnv_depth__IBNLCO_01372__IBNLCO_01372__gene,2.1953899955232847,0.13986157168399715
cnv_depth__IBNLCO_05515__Alginate__CDS,2.1950541114495437,0.1398917285027338
cnv_depth__IBNLCO_04176__IBNLCO_04176__gene,2.1946989701122743,0.13992362229355315
cnv_depth__IBNLCO_05434__Universal__CDS__promoter,2.18916538616774,0.14042163356288828
cnv_depth__IBNLCO_00450__comF__gene__promoter,2.1888014924154744,0.1404544533757593
cnv_depth__IBNLCO_05476__Isoprenylcysteine__CDS,2.1885196036765375,0.1404798830618239
cnv_depth__IBNLCO_02572__Cell__CDS,2.185893653401655,0.14071702489089183
cnv_depth__IBNLCO_04158__IBNLCO_04158__gene__promoter,2.183557473750626,0.1409283787668934
cnv_depth__IBNLCO_03612__Type__CDS__promoter,2.183128022114522,0.14096727023472552
cnv_depth__IBNLCO_04116__IBNLCO_04116__gene__promoter,2.182471278083584,0.14102676894235835
cnv_depth__IBNLCO_02637__Urease__CDS__promoter,2.1814485557681054,0.14111948053938894
cnv_depth__IBNLCO_02308__IBNLCO_02308__gene__promoter,2.1790064167254455,0.14134114365636094
cnv_depth__IBNLCO_05101__hrcR__gene__promoter,2.178191446379649,0.14141520282067155
cnv_depth__IBNLCO_01137__UDP-2%2C3-diacylglucosamine__CDS,2.1744430060162294,0.14175640212132096
cnv_depth__IBNLCO_00498__Glucosamine__CDS,2.170574722111283,0.1421094867275115
cnv_depth__IBNLCO_04351__IBNLCO_04351__gene__promoter,2.170137495074155,0.14214945796102668
cnv_depth__IBNLCO_01133__Cytokinin__CDS,2.169345144935923,0.14222192691564978
cnv_depth__IBNLCO_04253__IBNLCO_04253__gene__promoter,2.164818482987964,0.14263674141691174
cnv_depth__IBNLCO_00847__Ornithine__CDS,2.164371967227774,0.1426777333916898
cnv_depth__IBNLCO_00166__hypothetical__CDS__promoter,2.1637339719763973,0.14273632710627224
cnv_depth__IBNLCO_04245__IBNLCO_04245__gene,2.160275421803993,0.14305443603839751
cnv_depth__IBNLCO_01756__Putative__CDS,2.159363307219048,0.1431384637824712
cnv_depth__IBNLCO_00847__Ornithine__CDS__promoter,2.157106048742704,0.14334665209010983
cnv_depth__IBNLCO_04522__Anti-sigma__CDS,2.1554568809549934,0.1434989725989699
cnv_depth__IBNLCO_05489__IBNLCO_05489__gene,2.1532424359200215,0.14370379167037087
cnv_depth__IBNLCO_02234__Ferritin-like__CDS__promoter,2.150403790644044,0.14396682890723056
cnv_depth__IBNLCO_02255__Co-chaperone__CDS__promoter,2.1468019456842415,0.1443013719629163
cnv_depth__IBNLCO_02547__Chorismate__CDS,2.1462393328135767,0.1443537075217059
cnv_depth__IBNLCO_00239__Endonuclease/exonuclease/phosphatase__CDS__promoter,2.1445538821174064,0.14451062085197178
cnv_depth__IBNLCO_01210__IBNLCO_01210__gene__promoter,2.143605392661394,0.14459900901467335
cnv_depth__IBNLCO_03814__rrl__gene__promoter,2.142426170345296,0.14470898424607737
cnv_depth__IBNLCO_00692__IBNLCO_00692__gene__promoter,2.1423211189469886,0.14471878602291338
cnv_depth__IBNLCO_04060__MFS__CDS__promoter,2.1418538576740547,0.14476239275949593
cnv_depth__IBNLCO_00726__IBNLCO_00726__gene,2.1410260429367924,0.1448396843946029
cnv_depth__IBNLCO_05685__IBNLCO_05685__gene__promoter,2.140063013952534,0.14492965962230903
cnv_depth__IBNLCO_01961__Primosomal__CDS,2.1389792144039452,0.14503099416121534
cnv_depth__IBNLCO_01548__hypothetical__CDS,2.138972760472671,0.14503159784004988
cnv_depth__IBNLCO_05114__IBNLCO_05114__gene__promoter,2.1388797605914966,0.14504029704970015
cnv_depth__IBNLCO_00015__IBNLCO_00015__gene__promoter,2.134866424021844,0.14541626884078046
cnv_depth__IBNLCO_01647__Fimbrial-type__CDS__promoter,2.1335570909277513,0.14553916694980293
cnv_depth__IBNLCO_05223__hypothetical__CDS,2.133506001025555,0.14554396479548573
cnv_depth__IBNLCO_04151__IBNLCO_04151__gene__promoter,2.1330462555265175,0.14558714750303745
cnv_depth__IBNLCO_02721__gnl|Bakta|IBNLCO_02721__CDS,2.1311803019620337,0.14576256094427853
cnv_depth__IBNLCO_03144__ABC__CDS__promoter,2.127088666538832,0.14614804484286215
cnv_depth__IBNLCO_03350__PIN__CDS,2.1251740240342145,0.1463288255808311
cnv_depth__IBNLCO_01325__IBNLCO_01325__gene__promoter,2.1242204921065544,0.14641895280709938
cnv_depth__IBNLCO_00926__Adenosine__CDS__promoter,2.120721934267244,0.14675017429633178
cnv_depth__IBNLCO_04412__IBNLCO_04412__gene,2.1187375731925933,0.14693841909598487
cnv_depth__IBNLCO_00663__PhoH-like__CDS__promoter,2.1178984378493766,0.1470181054466663
cnv_depth__IBNLCO_00139__IBNLCO_00139__gene__promoter,2.1175871729491362,0.14704767639898425
cnv_depth__IBNLCO_04094__IBNLCO_04094__gene__promoter,2.1175348152224935,0.1470526511788099
cnv_depth__IBNLCO_00158__IBNLCO_00158__gene,2.1146106747298163,0.1473307925704595
cnv_depth__IBNLCO_00831__IBNLCO_00831__gene__promoter,2.1131028544046835,0.14747444838003312
cnv_depth__IBNLCO_04922__IBNLCO_04922__gene,2.1125819382836397,0.14752411501766666
cnv_depth__IBNLCO_00783__IBNLCO_00783__gene,2.1121308556379508,0.14756713874542016
cnv_depth__IBNLCO_04754__hypothetical__CDS__promoter,2.1119675187714884,0.1475827211362351
cnv_depth__IBNLCO_02419__rseA__gene,2.111942287438715,0.14758512838032173
cnv_depth__IBNLCO_02606__nusB__gene,2.1080518299107616,0.14795683919286837
cnv_depth__IBNLCO_05427__IBNLCO_05427__gene,2.1078871442096543,0.14797259740956228
cnv_depth__IBNLCO_01565__trnL__gene,2.106221323720558,0.14813210136577112
cnv_depth__IBNLCO_04819__serine__CDS__promoter,2.1047500047601257,0.14827314409510614
cnv_depth__IBNLCO_04131__Major__CDS,2.1029538755260972,0.14844553049906592
cnv_depth__IBNLCO_03938__Vitamin__CDS__promoter,2.1008174434558535,0.14865087468870455
cnv_depth__IBNLCO_01471__UPF0761__CDS__promoter,2.1004613448007206,0.14868513266281044
cnv_depth__IBNLCO_03658__IBNLCO_03658__gene,2.100156677327456,0.14871444989545893
cnv_depth__IBNLCO_03780__IBNLCO_03780__gene__promoter,2.0971893497108702,0.14900033082087966
cnv_depth__IBNLCO_05370__Chemotaxis__CDS__promoter,2.096547997238843,0.1490622026548492
cnv_depth__IBNLCO_03904__IBNLCO_03904__gene__promoter,2.0945229397376974,0.1492577535434958
cnv_depth__IBNLCO_03809__IBNLCO_03809__gene,2.092107000845416,0.14949143185560537
cnv_depth__IBNLCO_01931__4-carboxymuconolactone__CDS,2.0916315034653823,0.14953747266257486
cnv_depth__IBNLCO_05314__IBNLCO_05314__gene__promoter,2.091424575809047,0.1495575138055126
cnv_depth__IBNLCO_01497__IBNLCO_01497__gene,2.0902058322489645,0.14967561229552567
cnv_depth__IBNLCO_03512__IBNLCO_03512__gene,2.0888368244137614,0.1498083981907965
cnv_depth__IBNLCO_02177__gnl|Bakta|IBNLCO_02177__CDS,2.08637478455729,0.15004753927870962
cnv_depth__IBNLCO_00222__flagellar__CDS,2.0862069652065243,0.15006385559194346
cnv_depth__IBNLCO_04320__IBNLCO_04320__gene__promoter,2.082399137017367,0.15043461659110413
cnv_depth__IBNLCO_02395__IBNLCO_02395__gene__promoter,2.0820456523737354,0.1504690875646771
cnv_depth__IBNLCO_01241__hypothetical__CDS__promoter,2.081298108880353,0.15054201582354598
cnv_depth__IBNLCO_02027__Helix-turn-helix__CDS__promoter,2.080538797144461,0.15061613334771323
cnv_depth__IBNLCO_04813__IBNLCO_04813__gene,2.0803734805450596,0.15063227564703324
cnv_depth__IBNLCO_05332__Insertion__CDS__promoter,2.079717646807733,0.15069633377888725
cnv_depth__IBNLCO_04609__DUF1275__CDS,2.079660915008319,0.15070187647737204
cnv_depth__IBNLCO_02139__Glutathione__CDS,2.078365835949999,0.15082846887804421
cnv_depth__IBNLCO_01430__IBNLCO_01430__gene,2.077346508312659,0.15092819205483834
cnv_depth__IBNLCO_04852__Glutathione__CDS,2.0767718197491836,0.15098444825364474
cnv_depth__IBNLCO_00695__rpoS__gene__promoter,2.0761656120336602,0.15104381573389603
cnv_depth__IBNLCO_00980__Spore__CDS__promoter,2.0751194458362394,0.15114633200383926
cnv_depth__IBNLCO_04825__IBNLCO_04825__gene,2.0750003737441727,0.15115800517739933
cnv_depth__IBNLCO_00812__IBNLCO_00812__gene__promoter,2.073256266931097,0.15132910552492287
cnv_depth__IBNLCO_04085__IBNLCO_04085__gene__promoter,2.072562052637522,0.1513972706853034
cnv_depth__IBNLCO_04401__IBNLCO_04401__gene,2.072100294534896,0.1514426302507844
cnv_depth__IBNLCO_04092__IBNLCO_04092__gene__promoter,2.0707655489479175,0.15157383245257183
cnv_depth__IBNLCO_04809__hypothetical__CDS,2.0697938414445187,0.1516694303429722
cnv_depth__IBNLCO_05765__Flavin__CDS__promoter,2.0688804880217226,0.15175934990266077
cnv_depth__IBNLCO_02596__IBNLCO_02596__gene__promoter,2.067438327491134,0.1519014541522733
cnv_depth__IBNLCO_01526__Efflux__CDS__promoter,2.066955276778492,0.15194908576380883
cnv_depth__IBNLCO_00665__IBNLCO_00665__gene,2.066419978844146,0.15200188913382823
cnv_depth__IBNLCO_02394__hypothetical__CDS,2.0646710433548825,0.15217455510053401
cnv_depth__IBNLCO_02853__yajC__gene__promoter,2.0641542283779915,0.15222562111412513
cnv_depth__IBNLCO_00423__IBNLCO_00423__gene,2.0640031153388376,0.15224055614429918
cnv_depth__IBNLCO_03339__Curli__CDS__promoter,2.0633175796403025,0.15230833100896643
cnv_depth__IBNLCO_01457__adenosylhomocysteine__CDS__promoter,2.0621386438899174,0.15242496585152326
cnv_depth__IBNLCO_04263__fabG__gene__promoter,2.0612887028510603,0.15250911563509267
cnv_depth__IBNLCO_04011__Electron__CDS,2.057156106644255,0.15291902543344038
cnv_depth__IBNLCO_05252__IBNLCO_05252__gene,2.0567836915238122,0.15295602672390743
cnv_depth__IBNLCO_01527__slyA__gene__promoter,2.0554706463945718,0.15308656574207077
cnv_depth__IBNLCO_02415__Elongation__CDS__promoter,2.0538141085400508,0.15325143504819888
cnv_depth__IBNLCO_01120__IBNLCO_01120__gene__promoter,2.0513567624034277,0.1534963790729688
cnv_depth__IBNLCO_00545__Homoserine/Threonine__CDS__promoter,2.0507565814214552,0.1535562719057224
cnv_depth__IBNLCO_03735__Histidinol-phosphate__CDS__promoter,2.047892875950622,0.15384241206127272
cnv_depth__IBNLCO_02375__IBNLCO_02375__gene,2.0470693131480258,0.1539248146722139
cnv_depth__IBNLCO_02682__Crotonyl-CoA__CDS,2.0457385059597186,0.15405807671697413
cnv_depth__IBNLCO_01176__IBNLCO_01176__gene__promoter,2.043186063775525,0.1543140372802597
cnv_depth__IBNLCO_04669__Mobile__CDS,2.0398399442774444,0.15465032385531732
cnv_depth__IBNLCO_04659__hypothetical__CDS,2.0380701726666066,0.15482852492019877
cnv_depth__IBNLCO_03737__Transcriptional__CDS__promoter,2.0374615822383366,0.15488985899984245
cnv_depth__IBNLCO_05131__hypothetical__CDS__promoter,2.0367530031949275,0.15496130494242102
cnv_depth__IBNLCO_04845__IBNLCO_04845__gene__promoter,2.035738977725169,0.1550636144794406
cnv_depth__IBNLCO_00712__IBNLCO_00712__gene,2.035407766549848,0.1550970485565415
cnv_depth__IBNLCO_05182__Putative__CDS,2.0328231783818334,0.1553582324945532
cnv_depth__IBNLCO_04094__hypothetical__CDS,2.032716561693172,0.15536901736032116
cnv_depth__IBNLCO_01901__IBNLCO_01901__gene__promoter,2.032437054461212,0.1553972951171682
cnv_depth__unknown__unknown__regulatory.10,2.031929747628457,0.15544863438630302
cnv_depth__IBNLCO_01291__putative__CDS,2.0317146219854685,0.15547041087331703
cnv_depth__IBNLCO_01431__ADP-ribose__CDS__promoter,2.0294933203427554,0.155695470071781
cnv_depth__IBNLCO_04875__hrpB7__gene__promoter,2.02864939224413,0.15578107323898852
cnv_depth__IBNLCO_01521__Translation__CDS__promoter,2.025526163306257,0.15609834354306207
cnv_depth__IBNLCO_05189__IBNLCO_05189__gene__promoter,2.01799133950467,0.15686680610811385
cnv_depth__IBNLCO_05196__IBNLCO_05196__gene__promoter,2.0166255546831757,0.15700656248964837
cnv_depth__IBNLCO_03695__IBNLCO_03695__gene,2.0153121962406026,0.15714108854961406
cnv_depth__IBNLCO_04528__Branched-chain__CDS,2.012252891477476,0.1574549617176118
cnv_depth__IBNLCO_03730__IBNLCO_03730__gene,2.0122511467800326,0.15745514092148133
cnv_depth__IBNLCO_05051__NADH:flavin__CDS,2.010447308549394,0.1576405442263669
cnv_depth__IBNLCO_00129__IBNLCO_00129__gene__promoter,2.010188446039204,0.15766717129193888
cnv_depth__IBNLCO_02885__ER-bound__CDS__promoter,2.0079357516066563,0.15789910486964137
cnv_depth__IBNLCO_05392__IBNLCO_05392__gene,2.0070079708484316,0.1579947410754841
cnv_depth__IBNLCO_02390__ATM1-type__CDS__promoter,2.0061495691253017,0.15808328468689775
cnv_depth__IBNLCO_05719__IBNLCO_05719__gene__promoter,2.004240884765379,0.15828036790367828
cnv_depth__IBNLCO_05479__IBNLCO_05479__gene,2.001991075147581,0.15851303557790827
cnv_depth__IBNLCO_00694__IBNLCO_00694__gene,2.0008633336792387,0.15862981006842578
cnv_depth__IBNLCO_01007__IBNLCO_01007__gene__promoter,1.9970840596258628,0.15902186209149288
cnv_depth__IBNLCO_05291__1%2C4-alpha-glucan__CDS__promoter,1.9964980311041394,0.159082754470213
cnv_depth__IBNLCO_02519__IBNLCO_02519__gene__promoter,1.9960031328193881,0.15913419859073585
cnv_depth__IBNLCO_02844__HTH__CDS,1.9955817697079155,0.15917801382957583
cnv_depth__IBNLCO_02033__hypothetical__CDS__promoter,1.9952239435106318,0.1592152330622118
cnv_depth__IBNLCO_04452__IBNLCO_04452__gene__promoter,1.994994268664213,0.15923912790539613
cnv_depth__IBNLCO_04538__tnp__gene,1.9945989422297148,0.1592802663791434
cnv_depth__IBNLCO_00602__IBNLCO_00602__gene__promoter,1.990858711073131,0.15967008549991915
cnv_depth__IBNLCO_03173__IBNLCO_03173__gene__promoter,1.987745559889518,0.1599953819615648
cnv_depth__IBNLCO_02294__ATP-dependent__CDS__promoter,1.9869022132717364,0.1600836348282471
cnv_depth__IBNLCO_00713__IBNLCO_00713__gene__promoter,1.9861110506455109,0.16016647757018512
cnv_depth__IBNLCO_00421__Pimeloyl-CoA__CDS,1.985458355037203,0.16023485840271434
cnv_depth__IBNLCO_03903__Alginate__CDS,1.9840102869754406,0.16038668737432835
cnv_depth__unknown__unknown__regulatory.19,1.981802613029765,0.16061847800106044
cnv_depth__IBNLCO_04675__IBNLCO_04675__gene,1.9811453614573924,0.16068755908025134
cnv_depth__IBNLCO_00261__GST__CDS__promoter,1.975113260946919,0.1613231627788588
cnv_depth__IBNLCO_00103__Presumed__CDS,1.9734529169635102,0.16149861934698687
cnv_depth__IBNLCO_05155__DUF218__CDS,1.9706120505365379,0.16179933544669042
cnv_depth__IBNLCO_00818__IBNLCO_00818__gene,1.9655258610196673,0.16233933375117493
cnv_depth__IBNLCO_05097__Type__CDS,1.9647081507361837,0.16242634254571006
cnv_depth__IBNLCO_00137__IBNLCO_00137__gene,1.9622634134943802,0.16268679529388066
cnv_depth__IBNLCO_02410__IBNLCO_02410__gene__promoter,1.9606469436788547,0.16285927103441863
cnv_depth__IBNLCO_00168__ATP-binding__CDS__promoter,1.9585655566564732,0.16308166234474542
cnv_depth__IBNLCO_05356__gnl|Bakta|IBNLCO_05356__CDS__promoter,1.9576074118341984,0.1631841550931643
cnv_depth__IBNLCO_01279__IBNLCO_01279__gene__promoter,1.9566594137730198,0.16328563526877474
cnv_depth__IBNLCO_03156__hypothetical__CDS__promoter,1.955489937617314,0.1634109238655904
cnv_depth__IBNLCO_02436__hypothetical__CDS__promoter,1.9534898490632968,0.1636254538868606
cnv_depth__IBNLCO_05646__IBNLCO_05646__gene__promoter,1.9522793920030488,0.16375544501264344
cnv_depth__IBNLCO_02079__Major__CDS__promoter,1.94914222955717,0.1640928980035407
cnv_depth__IBNLCO_05572__sn-glycerol-3-phosphate__CDS__promoter,1.9458399423766162,0.1644489766937396
cnv_depth__IBNLCO_05285__Tautomerase__CDS,1.9415040037669713,0.16491786174219097
cnv_depth__IBNLCO_01821__gnl|Bakta|IBNLCO_01821__CDS__promoter,1.9380867909868262,0.16528848008924704
cnv_depth__IBNLCO_04438__Porin__CDS__promoter,1.937798678079751,0.16531977152876817
cnv_depth__IBNLCO_01087__waaE__gene,1.9351682575570766,0.16560577230017717
cnv_depth__IBNLCO_00298__IBNLCO_00298__gene__promoter,1.932350376798626,0.1659127871416373
cnv_depth__IBNLCO_05160__IBNLCO_05160__gene,1.9314340878823102,0.16601276010902197
cnv_depth__IBNLCO_02753__IBNLCO_02753__gene,1.9312544479955134,0.16603236809555413
cnv_depth__IBNLCO_00130__Bacteriophage__CDS,1.9309639138577048,0.16606408601295702
cnv_depth__IBNLCO_04479__IBNLCO_04479__gene__promoter,1.9306812249519714,0.16609495415319983
cnv_depth__IBNLCO_03568__IBNLCO_03568__gene,1.9285040404892344,0.16633291269899045
cnv_depth__IBNLCO_03292__IBNLCO_03292__gene,1.9284642166281198,0.16633726895968612
cnv_depth__IBNLCO_02694__IBNLCO_02694__gene__promoter,1.9272951082392913,0.166465214181518
cnv_depth__IBNLCO_00316__IBNLCO_00316__gene__promoter,1.9254637194724695,0.16666586610201528
cnv_depth__IBNLCO_04891__IBNLCO_04891__gene__promoter,1.9227820050770095,0.1669601847729605
cnv_depth__IBNLCO_05075__DUF2306__CDS,1.9219865355724657,0.16704760279817324
cnv_depth__IBNLCO_02738__IBNLCO_02738__gene,1.9195503355709091,0.16731565690870187
cnv_depth__IBNLCO_04286__hypothetical__CDS__promoter,1.9190366835962216,0.16737223706870552
cnv_depth__IBNLCO_02592__Bifunctional__CDS,1.9174857512715135,0.1675432103063316
cnv_depth__IBNLCO_05081__type__CDS__promoter,1.9162846744617252,0.16767575411062954
cnv_depth__IBNLCO_04273__IBNLCO_04273__gene,1.9147632648821191,0.16784382149071028
cnv_depth__IBNLCO_00209__Ectoine__CDS__promoter,1.9142435405068123,0.16790127899559507
cnv_depth__IBNLCO_00467__IBNLCO_00467__gene,1.9129571144032287,0.16804359583180703
cnv_depth__IBNLCO_01419__Peptidase__CDS,1.9127483588606797,0.16806670349064187
cnv_depth__IBNLCO_01063__IBNLCO_01063__gene,1.9125673793509408,0.16808673951734376
cnv_depth__IBNLCO_03641__Biotin__CDS__promoter,1.9122960744997695,0.16811678051375675
cnv_depth__IBNLCO_01727__IBNLCO_01727__gene__promoter,1.912108480233314,0.1681375560387547
cnv_depth__IBNLCO_02368__IBNLCO_02368__gene,1.9099477331741672,0.16837706608313183
cnv_depth__IBNLCO_02491__D-methionine__CDS__promoter,1.9081558174544004,0.168575991112991
cnv_depth__IBNLCO_01322__Phosphate__CDS,1.906737071621596,0.168733681882633
cnv_depth__IBNLCO_00448__O-acetyl-ADP-ribose__CDS,1.9042831340348991,0.16900683397609306
cnv_depth__IBNLCO_04153__IBNLCO_04153__gene__promoter,1.9029879775290044,0.16915120576088322
cnv_depth__IBNLCO_03778__coiA__gene,1.9024945424872985,0.16920624665488693
cnv_depth__IBNLCO_01515__lysR__gene__promoter,1.899998957553373,0.16948493689095256
cnv_depth__IBNLCO_01188__IBNLCO_01188__gene__promoter,1.899822520153769,0.16950466027984837
cnv_depth__IBNLCO_05183__IBNLCO_05183__gene__promoter,1.8975765596502474,0.16975596085562
cnv_depth__IBNLCO_05247__hypothetical__CDS__promoter,1.8865049482541314,0.1710010679169287
cnv_depth__IBNLCO_04068__Phosphonopyruvate__CDS,1.8854757328902356,0.1711173478001961
cnv_depth__IBNLCO_05547__Cyclopropane-fatty-acyl-phospholipid__CDS,1.8837239742981124,0.171315470161285
cnv_depth__IBNLCO_05113__hypothetical__CDS,1.8827681007486046,0.17142369040331915
cnv_depth__IBNLCO_05448__IBNLCO_05448__gene__promoter,1.8824301163464057,0.17146197457266515
cnv_depth__IBNLCO_00264__flgN__gene__promoter,1.8816762299669592,0.17154740439983815
cnv_depth__IBNLCO_03153__thiS__gene__promoter,1.8780038721664483,0.17196425740935967
cnv_depth__IBNLCO_03789__Aldehyde__CDS,1.8765343374680792,0.1721313937483738
cnv_depth__IBNLCO_04874__Flagellar__CDS__promoter,1.8757400880053439,0.17222180525967226
cnv_depth__IBNLCO_04545__hypothetical__CDS__promoter,1.8744314228729788,0.17237089387878773
cnv_depth__IBNLCO_01226__IBNLCO_01226__gene__promoter,1.873357769739421,0.1724933204172352
cnv_depth__IBNLCO_05790__gerE__gene__promoter,1.867811502682206,0.17312735442299718
cnv_depth__IBNLCO_00305__IBNLCO_00305__gene,1.863051423250531,0.17367366486312522
cnv_depth__IBNLCO_01122__gnl|Bakta|IBNLCO_01122__CDS__promoter,1.8610248220625352,0.17390686171575068
cnv_depth__IBNLCO_04420__Baeyer-Villiger__CDS,1.8600735481697428,0.17401644787127513
cnv_depth__IBNLCO_02749__Cell__CDS,1.858513335301229,0.1741963565930396
cnv_depth__IBNLCO_05110__IBNLCO_05110__gene__promoter,1.8579554620394383,0.17426073743855103
cnv_depth__IBNLCO_01149__IBNLCO_01149__gene,1.8576967227518977,0.17429060635999652
cnv_depth__IBNLCO_04921__DUF2827__CDS,1.8570305474836781,0.17436753707422414
cnv_depth__IBNLCO_01351__PAAR__CDS,1.8555432850820532,0.17453942987914214
cnv_depth__IBNLCO_01402__IBNLCO_01402__gene,1.8511036811076416,0.1750537132865099
cnv_depth__IBNLCO_02900__IBNLCO_02900__gene,1.8499815093734249,0.17518398345183067
cnv_depth__IBNLCO_05514__Glutamine--fructose-6-phosphate__CDS__promoter,1.8496595399967584,0.17522138082762537
cnv_depth__IBNLCO_00469__ABC__CDS__promoter,1.8487267712756108,0.17532977599290825
cnv_depth__IBNLCO_02422__IBNLCO_02422__gene,1.848462235721582,0.17536053127983592
cnv_depth__IBNLCO_00557__hypothetical__CDS__promoter,1.847205541204466,0.17550672185317334
cnv_depth__IBNLCO_03608__hypothetical__CDS,1.8450542668599592,0.17575730647753524
cnv_depth__IBNLCO_00803__Ferric__CDS,1.8447064962692883,0.17579785441126658
cnv_depth__IBNLCO_05471__Proline__CDS,1.8421913105914416,0.17609143289096743
cnv_depth__IBNLCO_00136__IBNLCO_00136__gene__promoter,1.8398272989585716,0.17636788445893808
cnv_depth__IBNLCO_01230__hypothetical__CDS,1.83908383824451,0.17645493006463808
cnv_depth__IBNLCO_00424__IBNLCO_00424__gene__promoter,1.839051400591222,0.1764587290530719
cnv_depth__IBNLCO_01784__IBNLCO_01784__gene,1.8380254013540998,0.17657893960022905
cnv_depth__IBNLCO_04337__IBNLCO_04337__gene,1.8373137858097661,0.17666237138534258
cnv_depth__IBNLCO_02239__gnl|Bakta|IBNLCO_02239__CDS,1.8367340943330845,0.176730369833169
cnv_depth__IBNLCO_04301__IBNLCO_04301__gene,1.8364479682526493,0.1767639439311741
cnv_depth__IBNLCO_02210__Cysteine--tRNA__CDS__promoter,1.834638967329972,0.17697638390864448
cnv_depth__IBNLCO_00164__brnT__gene__promoter,1.833476345795042,0.17711307274938604
cnv_depth__IBNLCO_04532__IBNLCO_04532__gene__promoter,1.8320532753527174,0.17728054926101497
cnv_depth__IBNLCO_05475__IBNLCO_05475__gene,1.8309187209404145,0.1774142029772988
cnv_depth__IBNLCO_03961__Bcr/CflA__CDS__promoter,1.8285045940751412,0.17769898343133933
cnv_depth__IBNLCO_02843__4-hydroxybenzoate__CDS__promoter,1.8265159535369808,0.1779339705178472
cnv_depth__IBNLCO_04421__IBNLCO_04421__gene__promoter,1.8246236447496986,0.1781579097544869
cnv_depth__IBNLCO_03788__Delta(1)-pyrroline-2-carboxylate__CDS__promoter,1.8245089209879901,0.17817149689332332
cnv_depth__IBNLCO_04674__IBNLCO_04674__gene,1.8232579386022492,0.17831973329354053
cnv_depth__IBNLCO_05106__hrpB1__gene__promoter,1.8228220879435615,0.1783714135017067
cnv_depth__IBNLCO_04461__IBNLCO_04461__gene__promoter,1.8211563806616278,0.17856908214803044
cnv_depth__IBNLCO_04902__D-erythronate__CDS,1.819179858399939,0.17880396535105678
cnv_depth__IBNLCO_02959__gnl|Bakta|IBNLCO_02959__CDS,1.8188012492306989,0.17884899894554313
cnv_depth__IBNLCO_02106__IBNLCO_02106__gene,1.8167869983052525,0.17908880537521218
cnv_depth__IBNLCO_01046__Endoribonuclease__CDS__promoter,1.8161974866646307,0.1791590603065559
cnv_depth__IBNLCO_01337__gnl|Bakta|IBNLCO_01337__CDS,1.8153861807318508,0.1792557999224613
cnv_depth__IBNLCO_03662__IBNLCO_03662__gene__promoter,1.8151790202212879,0.17928051134508555
cnv_depth__IBNLCO_02357__IBNLCO_02357__gene__promoter,1.815125634185829,0.17928688021258446
cnv_depth__IBNLCO_05343__DUF883__CDS,1.8132094688003764,0.1795156498991084
cnv_depth__IBNLCO_04377__GTP__CDS,1.8123241578351488,0.17962146120219072
cnv_depth__IBNLCO_00595__IBNLCO_00595__gene,1.8120085496874128,0.17965919984386805
cnv_depth__IBNLCO_00123__hypothetical__CDS,1.810985079313528,0.17978164410783662
cnv_depth__IBNLCO_03593__IBNLCO_03593__gene,1.8109167997257236,0.17978981628155932
cnv_depth__IBNLCO_02387__DUF2214__CDS__promoter,1.8103614538243211,0.17985629997333083
cnv_depth__IBNLCO_04879__gnl|Bakta|IBNLCO_04879__CDS__promoter,1.8077953507950673,0.18016387470340245
cnv_depth__IBNLCO_00151__hypothetical__CDS__promoter,1.8072664287205151,0.180227347671509
cnv_depth__IBNLCO_00611__IBNLCO_00611__gene__promoter,1.8070691896683475,0.18025102388212672
cnv_depth__IBNLCO_00438__IBNLCO_00438__gene,1.8056100788034997,0.1804262853004578
cnv_depth__IBNLCO_04979__Type__CDS,1.8053169845935348,0.18046151428588839
cnv_depth__IBNLCO_01419__IBNLCO_01419__gene__promoter,1.8036081127042956,0.18066707467621457
cnv_depth__IBNLCO_04156__IBNLCO_04156__gene__promoter,1.8035861086235803,0.1806697233259595
cnv_depth__IBNLCO_00131__IBNLCO_00131__gene__promoter,1.8033800276305108,0.18069453166255883
cnv_depth__IBNLCO_03769__IBNLCO_03769__gene__promoter,1.8032001793642132,0.18071618530430053
cnv_depth__IBNLCO_05430__IBNLCO_05430__gene,1.8023765472073243,0.18081538880012696
cnv_depth__IBNLCO_00612__IBNLCO_00612__gene__promoter,1.7981305673671253,0.18132780849130176
cnv_depth__IBNLCO_02701__IBNLCO_02701__gene__promoter,1.7975274719905128,0.18140072919673159
cnv_depth__IBNLCO_04635__IBNLCO_04635__gene__promoter,1.7971389664353523,0.18144772177329574
cnv_depth__IBNLCO_04579__IBNLCO_04579__gene__promoter,1.7965232926538681,0.18152222103865734
cnv_depth__IBNLCO_05460__IBNLCO_05460__gene__promoter,1.7942366273482373,0.18179922974943286
cnv_depth__IBNLCO_03902__VOC__CDS,1.7916956878805113,0.18210761923700763
cnv_depth__IBNLCO_03348__VRR-NUC__CDS__promoter,1.79147092355544,0.1821349278275695
cnv_depth__IBNLCO_04892__Tir__CDS,1.79146377452075,0.18213579650483114
cnv_depth__IBNLCO_02483__TM2__CDS,1.78873701181456,0.18246747706603253
cnv_depth__IBNLCO_00336__IBNLCO_00336__gene,1.7852496039537824,0.182892708144554
cnv_depth__IBNLCO_04826__IBNLCO_04826__gene__promoter,1.7850158708910033,0.18292124926533923
cnv_depth__IBNLCO_00764__Peptidase__CDS__promoter,1.7836309327947653,0.1830904704975161
cnv_depth__IBNLCO_04205__Transcriptional__CDS,1.7827974081964244,0.18319240423283553
cnv_depth__IBNLCO_02721__gnl|Bakta|IBNLCO_02721__CDS__promoter,1.7825378184098564,0.18322416360725977
cnv_depth__IBNLCO_02353__IBNLCO_02353__gene,1.778588721409493,0.18370810656173284
cnv_depth__IBNLCO_05018__type__CDS,1.7756958735497401,0.18406355752996484
cnv_depth__IBNLCO_00779__Threonylcarbamoyl-AMP__CDS,1.7756700324390364,0.18406673630164494
cnv_depth__IBNLCO_02438__Molybdenum__CDS,1.7749878390147231,0.18415067758306639
cnv_depth__IBNLCO_00341__hypothetical__CDS__promoter,1.7738452767877422,0.18429136556168063
cnv_depth__IBNLCO_05483__CDF__CDS__promoter,1.773574581866842,0.18432471562125657
cnv_depth__IBNLCO_05706__hypothetical__CDS__promoter,1.773238551556114,0.18436612490771911
cnv_depth__IBNLCO_01229__IBNLCO_01229__gene__promoter,1.7712635027102959,0.1846097313497734
cnv_depth__IBNLCO_02574__minC__gene,1.7709080005163644,0.18465361958685825
cnv_depth__IBNLCO_04462__Oxalate__CDS,1.7698529664821516,0.1847839396959494
cnv_depth__IBNLCO_02688__HTH__CDS__promoter,1.767086020974676,0.18512622929526842
cnv_depth__IBNLCO_04922__IBNLCO_04922__gene__promoter,1.7652402990582896,0.18535496910497
cnv_depth__IBNLCO_04234__Di-heme__CDS__promoter,1.763481140291642,0.18557328847917348
cnv_depth__IBNLCO_03953__IBNLCO_03953__gene__promoter,1.7620562000110433,0.18575035009837257
cnv_depth__IBNLCO_05785__IBNLCO_05785__gene__promoter,1.7617907981359513,0.1857833504644744
cnv_depth__IBNLCO_05179__IBNLCO_05179__gene,1.7584303749081787,0.18620178234361895
cnv_depth__IBNLCO_04761__IBNLCO_04761__gene__promoter,1.7552392456895642,0.18660015411554756
cnv_depth__IBNLCO_03492__Chromate__CDS,1.7549979886120375,0.18663031247444012
cnv_depth__IBNLCO_03117__IBNLCO_03117__gene__promoter,1.7517788496173574,0.18703326706726162
cnv_depth__IBNLCO_00830__IBNLCO_00830__gene__promoter,1.7510377017621819,0.18712618402556289
cnv_depth__IBNLCO_05851__hypothetical__CDS__promoter,1.7509794094513464,0.18713349436360802
cnv_depth__IBNLCO_00999__ABC__CDS__promoter,1.7471996200493594,0.18760822516147552
cnv_depth__IBNLCO_04994__type__CDS__promoter,1.7449268969108414,0.18789435105244004
cnv_depth__IBNLCO_03765__IBNLCO_03765__gene,1.7445845445871897,0.18793749595314768
cnv_depth__IBNLCO_05222__IBNLCO_05222__gene__promoter,1.7429763790976003,0.18814031999809597
cnv_depth__IBNLCO_01528__bipA__gene__promoter,1.7429659919167142,0.18814163087617108
cnv_depth__IBNLCO_05744__IBNLCO_05744__gene,1.7399390571522437,0.188524090633159
cnv_depth__IBNLCO_05749__Cellulose__CDS,1.7399281019588615,0.1885254764978001
cnv_depth__IBNLCO_01740__hypothetical__CDS__promoter,1.7398997305243458,0.18852906562434477
cnv_depth__IBNLCO_05062__IBNLCO_05062__gene__promoter,1.7369415371805565,0.1889037311886693
cnv_depth__IBNLCO_05563__RHS__CDS,1.7363044225352071,0.18898453808129456
cnv_depth__IBNLCO_02432__Signal__CDS,1.734622519953269,0.18919805272588525
cnv_depth__IBNLCO_04822__IBNLCO_04822__gene__promoter,1.7323588302482398,0.18948587056248115
cnv_depth__IBNLCO_05279__Phosphatidic__CDS,1.7277967520581452,0.19006747851758293
cnv_depth__IBNLCO_04366__IBNLCO_04366__gene,1.727741123586347,0.19007458335486355
cnv_depth__IBNLCO_05776__Cholesterol__CDS__promoter,1.7277395113994836,0.1900747892671097
cnv_depth__IBNLCO_03848__hypothetical__CDS,1.7274942825595208,0.1901061135088523
cnv_depth__IBNLCO_00451__Malonyl-[acyl-carrier__CDS,1.7269392576646445,0.19017703182062673
cnv_depth__IBNLCO_00251__Burkholderia__ncRNA,1.7267508792555992,0.19020110892359096
cnv_depth__IBNLCO_02807__Isochorismate__CDS__promoter,1.7251173178083201,0.19041004833394304
cnv_depth__IBNLCO_04360__IBNLCO_04360__gene,1.7247748908193732,0.190453880306388
cnv_depth__IBNLCO_05272__IBNLCO_05272__gene,1.7240673619197877,0.19054448421585532
cnv_depth__IBNLCO_02141__hypothetical__CDS__promoter,1.7209208397421134,0.19094803069110966
cnv_depth__IBNLCO_04642__IBNLCO_04642__gene__promoter,1.7205777503316002,0.19099209304022094
cnv_depth__IBNLCO_00162__Terminase__CDS,1.7195299841626839,0.19112672960199184
cnv_depth__IBNLCO_01223__IBNLCO_01223__gene__promoter,1.7190040005944813,0.19119435977182533
cnv_depth__IBNLCO_05377__hypothetical__CDS__promoter,1.717413654522145,0.1913990149290549
cnv_depth__IBNLCO_04274__IBNLCO_04274__gene__promoter,1.716845617282253,0.19147217562733268
cnv_depth__IBNLCO_02365__IBNLCO_02365__gene__promoter,1.7167428229215052,0.1914854185955785
cnv_depth__IBNLCO_04846__IBNLCO_04846__gene,1.716483786615735,0.19151879493689616
cnv_depth__IBNLCO_03775__metN__gene__promoter,1.7149230789536665,0.19172003375080618
cnv_depth__IBNLCO_01186__PIN__CDS,1.713433589881128,0.19191232109988743
cnv_depth__IBNLCO_00564__IBNLCO_00564__gene,1.7117074807935642,0.1921354384834873
cnv_depth__IBNLCO_05323__IBNLCO_05323__gene__promoter,1.7114212643949755,0.19217246433337093
cnv_depth__IBNLCO_03783__IBNLCO_03783__gene__promoter,1.7102772695337305,0.19232053878817953
cnv_depth__IBNLCO_04928__IBNLCO_04928__gene__promoter,1.710071219701491,0.19234722335248536
cnv_depth__IBNLCO_00562__IBNLCO_00562__gene__promoter,1.7063451651733494,0.1928305186717618
cnv_depth__IBNLCO_00161__IBNLCO_00161__gene__promoter,1.704836988685449,0.19302654517937984
cnv_depth__IBNLCO_00537__RNA__CDS__promoter,1.704483865431323,0.19307247649486464
cnv_depth__IBNLCO_02952__hypothetical__CDS,1.7019403816287524,0.19340369126552712
cnv_depth__IBNLCO_04286__IBNLCO_04286__gene,1.70185677837024,0.19341458948844936
cnv_depth__IBNLCO_03291__IBNLCO_03291__gene__promoter,1.6996087384224854,0.19370790682319067
cnv_depth__IBNLCO_00300__IBNLCO_00300__gene__promoter,1.6980454031905592,0.19391219429695936
cnv_depth__IBNLCO_00468__IBNLCO_00468__gene__promoter,1.6950903852451513,0.1942990311345465
cnv_depth__IBNLCO_05090__IBNLCO_05090__gene__promoter,1.6950023869952653,0.19431056475850159
cnv_depth__IBNLCO_02045__Two-component__CDS,1.6944894671073545,0.1943778074096187
cnv_depth__IBNLCO_04487__Major__CDS__promoter,1.6942382454776965,0.19441075198991944
cnv_depth__IBNLCO_01629__IBNLCO_01629__gene__promoter,1.6939043871843205,0.19445454350183064
cnv_depth__IBNLCO_00134__IBNLCO_00134__gene,1.6915668749485622,0.19476147548624823
cnv_depth__IBNLCO_00140__Phage__CDS,1.6912352625748428,0.19480506470236075
cnv_depth__IBNLCO_00924__IBNLCO_00924__gene,1.6906498227104578,0.19488204662568376
cnv_depth__IBNLCO_04500__Polyketide__CDS,1.6903585457164405,0.1949203611851791
cnv_depth__IBNLCO_01036__IBNLCO_01036__gene__promoter,1.690072502401891,0.19495799593402596
cnv_depth__IBNLCO_04368__hypothetical__CDS__promoter,1.6878657128306154,0.19524863113486463
cnv_depth__IBNLCO_05349__Enoyl__CDS,1.6876311251496534,0.19527955641644879
cnv_depth__IBNLCO_00752__Lipid__CDS__promoter,1.6875800236344847,0.1952862938041292
cnv_depth__IBNLCO_01163__IBNLCO_01163__gene,1.68726498122344,0.1953278360500163
cnv_depth__IBNLCO_01299__DNA__CDS,1.68551406585862,0.19555890560475397
cnv_depth__IBNLCO_04750__IBNLCO_04750__gene,1.6850683852730264,0.19561777376547093
cnv_depth__IBNLCO_04975__gnl|Bakta|IBNLCO_04975__CDS__promoter,1.6835894319349864,0.19581327234061108
cnv_depth__IBNLCO_05228__Spermidine__CDS__promoter,1.683138921414576,0.19587286973644016
cnv_depth__IBNLCO_05379__IBNLCO_05379__gene,1.682534162580342,0.1959529060105283
cnv_depth__IBNLCO_02540__IBNLCO_02540__gene,1.6820804436128174,0.19601297833589415
cnv_depth__IBNLCO_05191__fimV__gene__promoter,1.6805956374154125,0.19620971815937843
cnv_depth__IBNLCO_03854__IBNLCO_03854__gene,1.6791652513801336,0.19639946721981774
cnv_depth__IBNLCO_00143__IBNLCO_00143__gene,1.6783515480034934,0.19650750619531562
cnv_depth__IBNLCO_04075__HTH__CDS,1.6776074490002515,0.19660636479415017
cnv_depth__IBNLCO_04587__IBNLCO_04587__gene__promoter,1.6762345999959773,0.19678891094506146
cnv_depth__IBNLCO_00486__IBNLCO_00486__gene__promoter,1.6751394263857533,0.19693467816166282
cnv_depth__IBNLCO_00709__IBNLCO_00709__gene__promoter,1.6750423826986292,0.19694760077860704
cnv_depth__IBNLCO_05192__IBNLCO_05192__gene,1.6748232184854002,0.19697678899428536
cnv_depth__IBNLCO_00758__Insertion__CDS__promoter,1.673513549543471,0.19715131657491805
cnv_depth__IBNLCO_04668__Mutator__CDS__promoter,1.6722106626471513,0.19732512128475926
cnv_depth__IBNLCO_02583__Thioredoxin__CDS,1.6715351350093355,0.1974153075744899
cnv_depth__IBNLCO_05840__Squalene--hopene__CDS__promoter,1.6695819484172352,0.19767634122843097
cnv_depth__IBNLCO_00717__IBNLCO_00717__gene,1.6682704661165848,0.19785184272925335
cnv_depth__IBNLCO_05716__IBNLCO_05716__gene__promoter,1.6644786917904064,0.19836028977048306
cnv_depth__IBNLCO_04917__hypothetical__CDS__promoter,1.6640873394359352,0.19841285475196743
cnv_depth__IBNLCO_04248__Trans-feruloyl-CoA__CDS__promoter,1.6617900116537294,0.19872175490329622
cnv_depth__IBNLCO_03815__rrf__gene__promoter,1.660660044927301,0.1988738991847932
cnv_depth__IBNLCO_04863__IBNLCO_04863__gene__promoter,1.660657516211861,0.19887423981765268
cnv_depth__IBNLCO_05437__HlyD__CDS__promoter,1.6605601770469602,0.19888735249986308
cnv_depth__IBNLCO_00147__Gp5/Type__CDS,1.6601684948756574,0.1989401268187869
cnv_depth__IBNLCO_03644__IBNLCO_03644__gene,1.658997259016076,0.1990980349966195
cnv_depth__IBNLCO_00530__IBNLCO_00530__gene__promoter,1.656492083767011,0.19943628442313707
cnv_depth__IBNLCO_04171__Porin__CDS,1.656450806687388,0.19944186334557826
cnv_depth__IBNLCO_02388__IBNLCO_02388__gene,1.6549368577847208,0.19964661288255406
cnv_depth__IBNLCO_05348__Transport-related__CDS__promoter,1.6535575495686898,0.19983336951661818
cnv_depth__IBNLCO_05235__DUF2946__CDS__promoter,1.6534543589333703,0.1998473496971342
cnv_depth__IBNLCO_01363__hypothetical__CDS__promoter,1.6534301144506331,0.19985063448689655
cnv_depth__IBNLCO_04952__IBNLCO_04952__gene__promoter,1.6513117932161867,0.20013788394493182
cnv_depth__IBNLCO_04158__5-carboxymethyl-2-hydroxymuconate__CDS,1.6511992244648357,0.20015316218453694
cnv_depth__IBNLCO_00426__IBNLCO_00426__gene,1.6506032159934994,0.20023407758855014
cnv_depth__IBNLCO_05151__IBNLCO_05151__gene__promoter,1.6505156123923328,0.20024597410186548
cnv_depth__IBNLCO_05187__IBNLCO_05187__gene__promoter,1.6492793455409178,0.20041394745752186
cnv_depth__IBNLCO_00132__Zinc__CDS,1.6492740849805445,0.2004146625731614
cnv_depth__IBNLCO_01042__Acetylpolyamine__CDS__promoter,1.6449269098542745,0.20100664603349616
cnv_depth__IBNLCO_05362__Tryptophan--tRNA__CDS__promoter,1.6441852009805331,0.2011078557587999
cnv_depth__IBNLCO_00569__Tyr__CDS__promoter,1.643154583574818,0.20124858850372196
cnv_depth__IBNLCO_01962__IBNLCO_01962__gene,1.6406519768664845,0.20159080928665635
cnv_depth__IBNLCO_02364__GST__CDS__promoter,1.6384811406534672,0.2018882195894321
cnv_depth__IBNLCO_00579__tcdB__gene__promoter,1.6382962438797997,0.20191357492125603
cnv_depth__IBNLCO_02727__IBNLCO_02727__gene,1.6363029143559307,0.20218716436369574
cnv_depth__IBNLCO_05107__IBNLCO_05107__gene__promoter,1.6361043311922836,0.20221444442224226
cnv_depth__IBNLCO_03980__IBNLCO_03980__gene,1.636097117573308,0.20221543546412227
cnv_depth__IBNLCO_00621__IBNLCO_00621__gene__promoter,1.634026786960017,0.20250010527056445
cnv_depth__IBNLCO_01173__IBNLCO_01173__gene,1.6330852178479058,0.2026297276588429
cnv_depth__IBNLCO_01853__HTH__CDS,1.6324152757838415,0.20272201596105327
cnv_depth__IBNLCO_00699__IBNLCO_00699__gene,1.6322651978031453,0.20274269687340668
cnv_depth__IBNLCO_05378__Acetolactate__CDS__promoter,1.6317053071932093,0.20281987247006636
cnv_depth__IBNLCO_05651__IBNLCO_05651__gene__promoter,1.6311852827257534,0.2028915840615469
cnv_depth__IBNLCO_04037__High-affinity__CDS,1.628883617632367,0.20320934546289224
cnv_depth__IBNLCO_02306__hypothetical__CDS,1.6287753446799857,0.20322430783323103
cnv_depth__IBNLCO_05267__IBNLCO_05267__gene,1.6248953736329903,0.2037613481980901
cnv_depth__IBNLCO_00919__N-acetylneuraminate__CDS__promoter,1.6219969307742244,0.20416362947084882
cnv_depth__IBNLCO_02424__3-oxoacyl-[acyl-carrier-protein]__CDS__promoter,1.6212598392949027,0.20426608212840963
cnv_depth__IBNLCO_05573__araP__gene__promoter,1.6211345890119038,0.20428349745621172
cnv_depth__IBNLCO_04609__DUF1275__CDS__promoter,1.6199217403740758,0.20445222814162006
cnv_depth__IBNLCO_04454__IBNLCO_04454__gene__promoter,1.6188610024575045,0.20459993276613833
cnv_depth__IBNLCO_04458__IBNLCO_04458__gene__promoter,1.618573526087144,0.2046399847947357
cnv_depth__IBNLCO_00885__Coenzyme__CDS,1.61834268165594,0.20467215343123463
cnv_depth__IBNLCO_00157__IBNLCO_00157__gene__promoter,1.6181760648263757,0.20469537554856185
cnv_depth__IBNLCO_02168__hypothetical__CDS,1.6180895903094619,0.2047074291125064
cnv_depth__IBNLCO_05525__terC__gene__promoter,1.6176319547610138,0.20477123231963748
cnv_depth__IBNLCO_03734__davT__gene__promoter,1.6174937628327746,0.2047905035716246
cnv_depth__IBNLCO_00377__IBNLCO_00377__gene,1.616119691148793,0.20498223880843783
cnv_depth__IBNLCO_02211__IBNLCO_02211__gene__promoter,1.6159480616954918,0.20500620259880398
cnv_depth__IBNLCO_04381__bpsR__gene__promoter,1.6158692422263692,0.20501720889360325
cnv_depth__IBNLCO_00511__Acetyltransferase__CDS,1.6154311359182882,0.2050783985265442
cnv_depth__IBNLCO_00930__Cobalamin__CDS__promoter,1.6146660585846508,0.2051853076634219
cnv_depth__IBNLCO_03623__ImpA__CDS,1.6108164066973558,0.20572424871052652
cnv_depth__IBNLCO_02740__nrdR__gene__promoter,1.6104794258419328,0.20577150505677202
cnv_depth__IBNLCO_01454__UTP--glucose-1-phosphate__CDS__promoter,1.6104519608078558,0.20577535717032072
cnv_depth__IBNLCO_02557__IBNLCO_02557__gene,1.6103112238181287,0.205795097606649
cnv_depth__IBNLCO_00631__IBNLCO_00631__gene__promoter,1.6087978047347498,0.2060075190648516
cnv_depth__IBNLCO_03987__tssJ__gene,1.6085770681234106,0.20603852310499107
cnv_depth__IBNLCO_01203__IBNLCO_01203__gene,1.6044319434259715,0.2066217658647331
cnv_depth__IBNLCO_03694__IBNLCO_03694__gene__promoter,1.6008010803235835,0.20713426093328585
cnv_depth__IBNLCO_05420__IBNLCO_05420__gene__promoter,1.6003545388930531,0.207197394347577
cnv_depth__IBNLCO_01080__DNA__CDS__promoter,1.5993676020049659,0.20733701169607024
cnv_depth__IBNLCO_00864__IBNLCO_00864__gene__promoter,1.5958499428223054,0.20783554894243023
cnv_depth__IBNLCO_01420__IBNLCO_01420__gene__promoter,1.5958248298699131,0.20783911317426068
cnv_depth__IBNLCO_01456__DNA__CDS__promoter,1.5955370056027323,0.20787996869560346
cnv_depth__IBNLCO_02700__C4-dicarboxylate__CDS__promoter,1.5946193194146974,0.2080102944149193
cnv_depth__IBNLCO_01030__DUF2306__CDS,1.5942528739697694,0.2080623625142459
cnv_depth__IBNLCO_03903__Alginate__CDS__promoter,1.592732269417333,0.20827859034268556
cnv_depth__IBNLCO_02397__IBNLCO_02397__gene__promoter,1.5913863123358105,0.2084702065782614
cnv_depth__IBNLCO_02611__IBNLCO_02611__gene,1.5909517073124133,0.2085321236024189
cnv_depth__IBNLCO_00361__IBNLCO_00361__gene__promoter,1.5873782317084666,0.20904205766497663
cnv_depth__IBNLCO_02002__bolA__gene,1.585367571212977,0.20932963081544562
cnv_depth__IBNLCO_02543__Glycosyl__CDS__promoter,1.5845803261191782,0.2094423542074158
cnv_depth__IBNLCO_00155__IBNLCO_00155__gene,1.5845031842724213,0.20945340381688637
cnv_depth__IBNLCO_02938__IBNLCO_02938__gene,1.5841350252439108,0.2095061475771713
cnv_depth__IBNLCO_04974__actin-based__CDS__promoter,1.5819081918837437,0.20982550891450863
cnv_depth__IBNLCO_05080__pilR__gene,1.5800620704758952,0.2100907100816851
cnv_depth__IBNLCO_01118__IBNLCO_01118__gene,1.5792985361377412,0.21020051090260702
cnv_depth__IBNLCO_00154__IBNLCO_00154__gene__promoter,1.577264141514352,0.2104934029931219
cnv_depth__IBNLCO_00127__hypothetical__CDS,1.5767092164870333,0.2105733800264452
cnv_depth__IBNLCO_01397__hypothetical__CDS,1.5758114576579505,0.2107028437281254
cnv_depth__IBNLCO_02851__IBNLCO_02851__gene,1.575330180403039,0.21077228665376058
cnv_depth__IBNLCO_05339__YCII-related__CDS__promoter,1.5730511580181357,0.2111014947846829
cnv_depth__IBNLCO_00141__IBNLCO_00141__gene,1.5695518760723683,0.21160816532558452
cnv_depth__IBNLCO_05406__IBNLCO_05406__gene,1.568933800909593,0.21169780874010957
cnv_depth__IBNLCO_05253__IBNLCO_05253__gene,1.5674305797413497,0.21191601969667664
cnv_depth__IBNLCO_01679__Aerobic__CDS__promoter,1.5649627866289424,0.21227483224786703
cnv_depth__IBNLCO_01272__hypothetical__CDS,1.5618213867221626,0.2127326354343646
cnv_depth__IBNLCO_00417__IBNLCO_00417__gene__promoter,1.5602483876469322,0.2129623148843689
cnv_depth__IBNLCO_04694__IBNLCO_04694__gene__promoter,1.5593254886695396,0.2130972086182945
cnv_depth__IBNLCO_03636__IBNLCO_03636__gene__promoter,1.5592306905416993,0.21311107037987734
cnv_depth__IBNLCO_03301__hypothetical__CDS,1.5583019874195687,0.21324692603023715
cnv_depth__IBNLCO_00124__IBNLCO_00124__gene__promoter,1.557946145843733,0.21329900784198852
cnv_depth__IBNLCO_04529__Branched-chain__CDS,1.5575519850871105,0.21335671587488053
cnv_depth__IBNLCO_04329__IBNLCO_04329__gene,1.5552203759540797,0.21369846230424577
cnv_depth__IBNLCO_05398__araC__gene,1.5538417341611104,0.21390083896419207
cnv_depth__IBNLCO_00966__hypothetical__CDS,1.5520254143698393,0.21416781396767232
cnv_depth__IBNLCO_00126__IBNLCO_00126__gene__promoter,1.5462843753460311,0.2150142940773117
cnv_depth__IBNLCO_01503__Acyltransferase__CDS__promoter,1.5458894375539907,0.2150726721090953
cnv_depth__IBNLCO_05575__ugpC__gene__promoter,1.5455433856665768,0.21512383961771253
cnv_depth__IBNLCO_02389__Glycosyl__CDS__promoter,1.5444008265753286,0.21529288275736827
cnv_depth__IBNLCO_01390__IBNLCO_01390__gene__promoter,1.544168912589762,0.21532721413853573
cnv_depth__IBNLCO_01080__IBNLCO_01080__gene,1.5421279376446755,0.2156296324618629
cnv_depth__IBNLCO_02858__Lipid/polyisoprenoid-binding__CDS__promoter,1.5416076408962367,0.21570680791027994
cnv_depth__IBNLCO_03496__EfeO-type__CDS__promoter,1.5411209226348057,0.21577903259912912
cnv_depth__IBNLCO_02752__IBNLCO_02752__gene__promoter,1.5407149474606998,0.21583929786676262
cnv_depth__IBNLCO_02124__Small__CDS,1.540329417215094,0.21589654682265072
cnv_depth__IBNLCO_02339__Zinc-binding__CDS__promoter,1.539421097252528,0.21603149882317782
cnv_depth__IBNLCO_03871__Acetolactate__CDS,1.538607218633183,0.21615250515495738
cnv_depth__IBNLCO_05396__Ubiquinol__CDS__promoter,1.5361705812050837,0.2165152664538985
cnv_depth__IBNLCO_00034__IBNLCO_00034__gene__promoter,1.5354197266644245,0.21662719895849267
cnv_depth__IBNLCO_04008__4-vinyl__CDS,1.5332710942173025,0.21694788623313438
cnv_depth__IBNLCO_04369__DUF2786__CDS,1.533160129952522,0.2169644632872055
cnv_depth__IBNLCO_04622__Response__CDS,1.5307863948496605,0.2173194415031335
cnv_depth__IBNLCO_04144__DUF3564__CDS__promoter,1.530640947722368,0.21734121488939823
cnv_depth__IBNLCO_01423__Glutamine--tRNA__CDS,1.5306031506615054,0.21734687352469614
cnv_depth__IBNLCO_02316__gnl|Bakta|IBNLCO_02316__CDS,1.5305766160935974,0.21735084614653316
cnv_depth__IBNLCO_03684__IBNLCO_03684__gene__promoter,1.530571423932761,0.21735162350087686
cnv_depth__IBNLCO_00153__Peptidoglycan-binding__CDS,1.529790247654153,0.21746861677964413
cnv_depth__IBNLCO_00704__IBNLCO_00704__gene,1.5295681668794168,0.21750189060119943
cnv_depth__IBNLCO_05549__IBNLCO_05549__gene,1.528439972502999,0.21767101948523265
cnv_depth__IBNLCO_00977__Outer__CDS__promoter,1.52797376663043,0.21774095495831938
cnv_depth__IBNLCO_04229__3-keto-5-aminohexanoate__CDS__promoter,1.5269676079337067,0.21789198049381822
cnv_depth__IBNLCO_03845__Sodium__CDS,1.5258202816810458,0.2180643487202583
cnv_depth__IBNLCO_01206__C-type__CDS__promoter,1.5250631867063158,0.2181781802089208
cnv_depth__IBNLCO_04014__IBNLCO_04014__gene__promoter,1.5198448393004944,0.21896471589155095
cnv_depth__IBNLCO_05450__atpR__gene,1.5170271752988451,0.21939082283866004
cnv_depth__IBNLCO_05457__IBNLCO_05457__gene__promoter,1.5124884898223283,0.22007928992917403
cnv_depth__IBNLCO_05655__IBNLCO_05655__gene__promoter,1.51041691523217,0.2203943865587435
cnv_depth__IBNLCO_02357__hypothetical__CDS,1.5086539281603049,0.22066297250568237
cnv_depth__IBNLCO_02336__IBNLCO_02336__gene__promoter,1.5074841848584615,0.2208413965661363
cnv_depth__IBNLCO_02534__DUF4136__CDS__promoter,1.5062925703034853,0.2210233350266651
cnv_depth__IBNLCO_01574__Amino__CDS__promoter,1.500396206220538,0.22192626208187471
cnv_depth__IBNLCO_01429__putative__CDS__promoter,1.4996412247090745,0.22204219467333444
cnv_depth__IBNLCO_02163__trnD__gene__promoter,1.4955481507824968,0.22267198423570192
cnv_depth__IBNLCO_01921__IBNLCO_01921__gene,1.48885839443844,0.22370595412847183
cnv_depth__IBNLCO_03092__HlyD__CDS__promoter,1.4883365206724393,0.22378685792938416
cnv_depth__IBNLCO_01139__hypothetical__CDS,1.4883235850587697,0.22378886372852075
cnv_depth__IBNLCO_00760__Sensory__CDS__promoter,1.48732891405794,0.2239431625294375
cnv_depth__IBNLCO_00297__IBNLCO_00297__gene,1.483075717699829,0.22460438961796064
cnv_depth__IBNLCO_02257__Iron-sulfur__CDS,1.481660947739315,0.22482485964211182
cnv_depth__IBNLCO_02229__IBNLCO_02229__gene__promoter,1.48165184186081,0.22482627949748518
cnv_depth__IBNLCO_04518__IBNLCO_04518__gene__promoter,1.4797560749360574,0.2251221170215305
cnv_depth__IBNLCO_03805__IBNLCO_03805__gene,1.4776425530629302,0.22545248931454206
cnv_depth__IBNLCO_03983__DUF2169__CDS,1.4760190094935495,0.22570666864025501
cnv_depth__IBNLCO_02328__autoinducer__CDS,1.4723056623781865,0.22628932557581263
cnv_depth__IBNLCO_00174__IBNLCO_00174__gene,1.4706256905558222,0.22655352452642033
cnv_depth__IBNLCO_00811__malK__gene__promoter,1.4689969564121543,0.22681002137504158
cnv_depth__IBNLCO_05028__basJ__gene__promoter,1.4689032225839755,0.2268247934680462
cnv_depth__IBNLCO_00918__MOSC__CDS__promoter,1.4680700802540918,0.22695614460302613
cnv_depth__IBNLCO_04437__hypothetical__CDS__promoter,1.467219140032215,0.22709039658018318
cnv_depth__IBNLCO_00819__IBNLCO_00819__gene,1.4663440025481815,0.2272285662322096
cnv_depth__IBNLCO_03008__IBNLCO_03008__gene__promoter,1.4648869013188974,0.2274588437367881
cnv_depth__IBNLCO_05361__Isonitrile__CDS,1.4643214109163913,0.227548288727026
cnv_depth__IBNLCO_05185__IBNLCO_05185__gene__promoter,1.4637877827438828,0.2276327329824039
cnv_depth__IBNLCO_01826__Saccharopine__CDS__promoter,1.4624938038304802,0.22783765667502537
cnv_depth__IBNLCO_00820__IBNLCO_00820__gene__promoter,1.4615617204200015,0.227985406227036
cnv_depth__IBNLCO_05552__IBNLCO_05552__gene,1.4614165260088234,0.22800843220128636
cnv_depth__IBNLCO_02645__IBNLCO_02645__gene,1.4611695881361284,0.2280475998442664
cnv_depth__IBNLCO_05252__IBNLCO_05252__gene__promoter,1.461161923972186,0.22804881561314735
cnv_depth__IBNLCO_02032__Exported__CDS__promoter,1.4609996280478201,0.22807456251011832
cnv_depth__IBNLCO_01192__DUF2863__CDS,1.4603506474930081,0.22817755301004528
cnv_depth__IBNLCO_05269__IBNLCO_05269__gene__promoter,1.459491744718983,0.2283139437792944
cnv_depth__IBNLCO_05354__Acyl-CoA__CDS,1.4588417096990398,0.22841723263349936
cnv_depth__IBNLCO_02954__L-arabinose__CDS__promoter,1.4573895746281433,0.22864817732738138
cnv_depth__IBNLCO_04107__DUF2158__CDS,1.4573318588826665,0.2286573621609727
cnv_depth__IBNLCO_04207__IBNLCO_04207__gene__promoter,1.45661539786012,0.228771416319541
cnv_depth__IBNLCO_01393__hypothetical__CDS,1.456279162576436,0.2288249656880922
cnv_depth__IBNLCO_03952__gnl|Bakta|IBNLCO_03952__CDS__promoter,1.4561052541188726,0.22885266857806028
cnv_depth__IBNLCO_00912__Zinc__CDS__promoter,1.4544988350958479,0.22910875640486197
cnv_depth__IBNLCO_00140__IBNLCO_00140__gene__promoter,1.454072127078967,0.22917683849522213
cnv_depth__IBNLCO_03594__IBNLCO_03594__gene,1.451618213198247,0.22956884094418292
cnv_depth__IBNLCO_02710__Xanthine__CDS__promoter,1.4514317813510964,0.2295986558164963
cnv_depth__IBNLCO_05421__Cytokinin__CDS__promoter,1.4507558133037022,0.2297067984608856
cnv_depth__IBNLCO_01809__Copper__CDS__promoter,1.4496253004787176,0.2298877979157417
cnv_depth__IBNLCO_03076__ubiX__gene__promoter,1.4493161784362993,0.2299373196134349
cnv_depth__IBNLCO_03349__PAAR__CDS__promoter,1.4491317181085357,0.22996687652018794
cnv_depth__IBNLCO_02830__Phosphonate__CDS__promoter,1.4490204906164887,0.22998470122482248
cnv_depth__IBNLCO_04137__IBNLCO_04137__gene__promoter,1.448691949509011,0.23003736118402268
cnv_depth__IBNLCO_05379__Sodium:proton__CDS__promoter,1.448280341355487,0.23010335609400254
cnv_depth__IBNLCO_00138__hypothetical__CDS,1.4464201884521724,0.23040188863354075
cnv_depth__IBNLCO_02594__L-cysteine__CDS__promoter,1.4444287373957105,0.23072201329713965
cnv_depth__IBNLCO_03808__Phosphonoacetate__CDS,1.4419333301206836,0.23112390999742394
cnv_depth__IBNLCO_00661__IBNLCO_00661__gene__promoter,1.4414457385541946,0.23120253792766116
cnv_depth__IBNLCO_02292__IBNLCO_02292__gene__promoter,1.439951311122816,0.2314437280985147
cnv_depth__IBNLCO_04034__Leucine-binding__CDS,1.4394952109908168,0.23151740024697573
cnv_depth__IBNLCO_01397__IBNLCO_01397__gene__promoter,1.4378788199250778,0.23177871897679983
cnv_depth__IBNLCO_01010__IBNLCO_01010__gene,1.4373472806276621,0.23186473004445002
cnv_depth__IBNLCO_01644__IBNLCO_01644__gene__promoter,1.4368611366450939,0.23194342937194137
cnv_depth__IBNLCO_00813__HTH__CDS__promoter,1.4367352651211407,0.2319638113417105
cnv_depth__IBNLCO_02634__urtD__gene__promoter,1.4341499969843376,0.23238291660614432
cnv_depth__IBNLCO_00692__IBNLCO_00692__gene,1.433876565021143,0.23242729716723726
cnv_depth__IBNLCO_01153__IBNLCO_01153__gene,1.433794850778947,0.23244056214843636
cnv_depth__IBNLCO_00485__3-oxoacyl-ACP__CDS__promoter,1.433788466649444,0.23244159854696272
cnv_depth__IBNLCO_01845__IBNLCO_01845__gene,1.4323633642248104,0.2326730898903779
cnv_depth__IBNLCO_01010__IBNLCO_01010__gene__promoter,1.4314415811145562,0.23282297192882953
cnv_depth__IBNLCO_03524__hypothetical__CDS,1.4310155230526658,0.23289228863184702
cnv_depth__IBNLCO_05180__Burkholderia__ncRNA,1.4309766715993422,0.23289861074152118
cnv_depth__IBNLCO_02698__IBNLCO_02698__gene,1.4307048725405767,0.23294284512104887
cnv_depth__IBNLCO_02507__Bifunctional__CDS,1.4304941264950768,0.2329771503508905
cnv_depth__IBNLCO_05438__Ribosome-dependent__CDS,1.4303061243541786,0.23300775850699126
cnv_depth__IBNLCO_01254__IBNLCO_01254__gene__promoter,1.4293650233319166,0.2331610502297879
cnv_depth__IBNLCO_03585__IBNLCO_03585__gene__promoter,1.4272402554819952,0.23350759485232267
cnv_depth__IBNLCO_01318__pstC__gene__promoter,1.4252959392993991,0.2338252566797398
cnv_depth__IBNLCO_05839__Nucleoside__CDS,1.4249347949026878,0.23388431816405503
cnv_depth__IBNLCO_05562__IBNLCO_05562__gene,1.424684180744162,0.23392531421113585
cnv_depth__IBNLCO_04480__ABC__CDS,1.4238559663871933,0.23406085758051534
cnv_depth__IBNLCO_04173__IBNLCO_04173__gene,1.4236795476312725,0.2340897421388231
cnv_depth__IBNLCO_03996__IBNLCO_03996__gene,1.421579569182213,0.23443389884421567
cnv_depth__IBNLCO_01219__HTH-type__CDS,1.4202829191865718,0.2346467086195746
cnv_depth__IBNLCO_00079__Membrane__CDS__promoter,1.4190685424432552,0.23484622856272333
cnv_depth__IBNLCO_02205__trnS__gene__promoter,1.4183352372786957,0.23496680922596103
cnv_depth__IBNLCO_04648__Alpha/beta__CDS__promoter,1.4162890531222148,0.23530367100115981
cnv_depth__IBNLCO_04340__hypothetical__CDS,1.4137756948174076,0.2357182479366589
cnv_depth__IBNLCO_04894__Cupin__CDS,1.413641492757686,0.23574040947759775
cnv_depth__IBNLCO_05606__putative__CDS,1.4114326520304679,0.236105532483541
cnv_depth__IBNLCO_05564__IBNLCO_05564__gene,1.4107491435167188,0.2362186564241978
cnv_depth__IBNLCO_01217__mdtB__gene__promoter,1.407612900798885,0.23673856679950037
cnv_depth__IBNLCO_02221__mutS__gene__promoter,1.405165233246026,0.23714529752059252
cnv_depth__IBNLCO_00266__flgA__gene__promoter,1.403988798972008,0.23734108947993976
cnv_depth__IBNLCO_05389__HTH__CDS__promoter,1.4039475347022545,0.23734796059844498
cnv_depth__IBNLCO_00561__IBNLCO_00561__gene,1.4038848886086688,0.2373583925741521
cnv_depth__IBNLCO_04376__IBNLCO_04376__gene__promoter,1.4033597475080688,0.23744586229697082
cnv_depth__IBNLCO_00538__lptB__gene__promoter,1.4014732147021551,0.23776041553138708
cnv_depth__IBNLCO_05589__Type__CDS__promoter,1.4012335995264935,0.23780040440211653
cnv_depth__IBNLCO_02617__Fluoride-specific__CDS,1.4009167578132324,0.23785329404049296
cnv_depth__IBNLCO_05302__IBNLCO_05302__gene,1.3991635264270181,0.2381462162876331
cnv_depth__IBNLCO_01006__hypothetical__CDS__promoter,1.3981671762164336,0.2383128782253701
cnv_depth__IBNLCO_00912__IBNLCO_00912__gene,1.3945324537096049,0.238922074989284
cnv_depth__IBNLCO_01681__VWFA__CDS__promoter,1.393336876268663,0.23912287477135066
cnv_depth__IBNLCO_03897__IBNLCO_03897__gene__promoter,1.3932685356752594,0.23913435894358165
cnv_depth__IBNLCO_00427__IBNLCO_00427__gene,1.392800213931561,0.2392130753509609
cnv_depth__IBNLCO_02551__Burkholderia__ncRNA,1.3910866024001174,0.2395013722515508
cnv_depth__IBNLCO_02098__eamA__gene__promoter,1.389647338693808,0.23974384098037446
cnv_depth__IBNLCO_02837__phnI__gene,1.3894121241250739,0.23978349542068217
cnv_depth__IBNLCO_01155__IBNLCO_01155__gene,1.3886441421083109,0.23991302405792383
cnv_depth__IBNLCO_00783__Transcriptional__CDS__promoter,1.3886036288351158,0.23991985944164074
cnv_depth__IBNLCO_01141__IBNLCO_01141__gene__promoter,1.3879631797839591,0.24002794737535463
cnv_depth__IBNLCO_05337__RNA__CDS__promoter,1.3878024229584518,0.24005508748190277
cnv_depth__IBNLCO_01741__hypothetical__CDS,1.386694006280688,0.2402423203398601
cnv_depth__IBNLCO_03740__IBNLCO_03740__gene__promoter,1.386269468543088,0.24031408017854128
cnv_depth__IBNLCO_04601__IBNLCO_04601__gene__promoter,1.3855265125595015,0.2404397254720346
cnv_depth__IBNLCO_01272__IBNLCO_01272__gene__promoter,1.383467612271285,0.24078833705344094
cnv_depth__IBNLCO_01195__tRNA-Ala(tgc)__tRNA,1.3826413158790087,0.24092841874493087
cnv_depth__IBNLCO_02123__IBNLCO_02123__gene__promoter,1.3810700761859749,0.2411950654044245
cnv_depth__IBNLCO_01201__D-3-phosphoglycerate__CDS,1.3803317825122223,0.2413204819042237
cnv_depth__IBNLCO_04848__L-serine__CDS__promoter,1.3796280218474455,0.2414401064340906
cnv_depth__IBNLCO_04341__IBNLCO_04341__gene__promoter,1.372917316416739,0.24258443836566188
cnv_depth__IBNLCO_04067__IBNLCO_04067__gene__promoter,1.3707647025721055,0.2429529152711099
cnv_depth__IBNLCO_01336__IBNLCO_01336__gene__promoter,1.3697451523519406,0.24312767756597542
cnv_depth__IBNLCO_04391__IBNLCO_04391__gene__promoter,1.3694799281175902,0.24317316520391216
cnv_depth__IBNLCO_00991__Endo/excinuclease__CDS,1.36871783092679,0.2433039277471662
cnv_depth__IBNLCO_04353__rhaR__gene__promoter,1.36790956099678,0.2434427068920334
cnv_depth__IBNLCO_05084__pilN__gene,1.3678856106998274,0.24344682061391876
cnv_depth__IBNLCO_00400__Sel1__CDS,1.36783742855794,0.2434550966746887
cnv_depth__IBNLCO_05122__4-hydroxybutyrate__CDS__promoter,1.3678047596291276,0.24346070828680882
cnv_depth__IBNLCO_01101__Xanthine__CDS__promoter,1.3634615593884594,0.2442081630014965
cnv_depth__IBNLCO_04481__Histidine/lysine/arginine/ornithine__CDS__promoter,1.3623859065835937,0.24439371491700962
cnv_depth__IBNLCO_02116__bamA__gene,1.362213272187979,0.24442351074154678
cnv_depth__IBNLCO_02729__iclR__gene,1.3620452563362229,0.2444525137075359
cnv_depth__IBNLCO_05266__IBNLCO_05266__gene__promoter,1.3587112984362961,0.24502889700637503
cnv_depth__IBNLCO_02204__gnl|Bakta|IBNLCO_02204__CDS__promoter,1.3570046939650287,0.2453245845650686
cnv_depth__IBNLCO_00864__2-dehydropantoate__CDS,1.357002109026897,0.24532503276548145
cnv_depth__IBNLCO_04109__Rhodanese__CDS,1.3567372758960827,0.2453709573038888
cnv_depth__IBNLCO_02588__ABC__CDS__promoter,1.3561310181237127,0.24547612780624964
cnv_depth__IBNLCO_01183__2%2C3-dehydroadipyl-CoA__CDS,1.3544094222687084,0.24577508336312492
cnv_depth__IBNLCO_01190__IBNLCO_01190__gene__promoter,1.3521268703771285,0.2461721388368198
cnv_depth__IBNLCO_00863__IBNLCO_00863__gene,1.34963005957064,0.24660736806854744
cnv_depth__IBNLCO_05734__DUF4142__CDS,1.349267767185826,0.24667059925894116
cnv_depth__IBNLCO_05617__Transcriptional__CDS,1.346993185038054,0.2470680396263112
cnv_depth__IBNLCO_03915__RND__CDS,1.3464265041175287,0.2471671789141657
cnv_depth__IBNLCO_05569__IBNLCO_05569__gene__promoter,1.34636452589777,0.2471780248026197
cnv_depth__IBNLCO_00349__IBNLCO_00349__gene__promoter,1.3458531679546002,0.24726753230474924
cnv_depth__IBNLCO_02469__Molybdenum__CDS,1.3440442512844901,0.24758448306817119
cnv_depth__IBNLCO_02023__Trigger__CDS__promoter,1.3413602072522743,0.24805569145706574
cnv_depth__IBNLCO_02849__IBNLCO_02849__gene__promoter,1.3383083727285154,0.24859281045101572
cnv_depth__IBNLCO_02728__IBNLCO_02728__gene,1.3377894070392171,0.24868429013502413
cnv_depth__IBNLCO_01761__IBNLCO_01761__gene__promoter,1.3351632863663905,0.2491478407022778
cnv_depth__IBNLCO_03672__IBNLCO_03672__gene,1.333774133809029,0.249393477833808
cnv_depth__IBNLCO_03368__IBNLCO_03368__gene__promoter,1.3332616484062212,0.24948417348672022
cnv_depth__IBNLCO_01177__MaoC-like__CDS__promoter,1.3318026202250541,0.24974260352762187
cnv_depth__IBNLCO_02241__CTP__CDS__promoter,1.3288407523899963,0.2502682392816624
cnv_depth__IBNLCO_00836__EamA__CDS,1.3286028848803255,0.2503105122138133
cnv_depth__IBNLCO_02508__Phosphoserine__CDS__promoter,1.3269907988487781,0.2505972383514854
cnv_depth__IBNLCO_04186__Enoyl-[acyl-carrier-protein]__CDS,1.324880824100283,0.2509731315317992
cnv_depth__IBNLCO_00397__hypothetical__CDS__promoter,1.3243402276370384,0.251069551018682
cnv_depth__IBNLCO_01392__hypothetical__CDS__promoter,1.3233488264389963,0.2512464937663507
cnv_depth__IBNLCO_05381__IBNLCO_05381__gene,1.3228284351233746,0.25133943346875354
cnv_depth__IBNLCO_02651__IBNLCO_02651__gene__promoter,1.32114979263765,0.25163952133362966
cnv_depth__IBNLCO_05074__IBNLCO_05074__gene,1.3208887595117318,0.2516862254808521
cnv_depth__IBNLCO_02319__IBNLCO_02319__gene__promoter,1.3188724149866242,0.2520473515160424
cnv_depth__IBNLCO_02154__HTH__CDS__promoter,1.3150326827820642,0.25273681672309056
cnv_depth__IBNLCO_01396__vasX__gene,1.3138626347702678,0.25294737455977917
cnv_depth__IBNLCO_05091__IBNLCO_05091__gene__promoter,1.313564913465324,0.25300098606759663
cnv_depth__IBNLCO_02291__IBNLCO_02291__gene__promoter,1.312807529054993,0.25313743372713565
cnv_depth__IBNLCO_00169__IBNLCO_00169__gene__promoter,1.3127560779025036,0.25314670628182107
cnv_depth__IBNLCO_05762__Putative__CDS__promoter,1.310533770303154,0.2535476128909597
cnv_depth__IBNLCO_00390__iclR__gene__promoter,1.3099264799400594,0.2536573052768765
cnv_depth__IBNLCO_00887__Isoleucine--tRNA__CDS,1.307216856519507,0.25414744942660594
cnv_depth__IBNLCO_03997__IBNLCO_03997__gene,1.3060453557522975,0.2543597251878778
cnv_depth__IBNLCO_00472__umuC__gene,1.305691148729874,0.25442395064568474
cnv_depth__IBNLCO_01509__DNA-binding__CDS,1.3055367887473261,0.2544519457563418
cnv_depth__IBNLCO_05369__histidine__CDS,1.3051112015027355,0.2545291510691168
cnv_depth__IBNLCO_00644__IBNLCO_00644__gene,1.3027276002562063,0.2549620940108558
cnv_depth__IBNLCO_02505__IBNLCO_02505__gene__promoter,1.3018601253699142,0.2551198832008405
cnv_depth__IBNLCO_01467__3'%2C5'-cyclic__CDS__promoter,1.3009196405966552,0.2552910891764657
cnv_depth__IBNLCO_04380__DUF4902__CDS,1.2980358410737345,0.2558169445328943
cnv_depth__IBNLCO_01028__IBNLCO_01028__gene__promoter,1.2979294615021102,0.25583636830187406
cnv_depth__IBNLCO_05482__IBNLCO_05482__gene,1.297198215428214,0.2559699354713576
cnv_depth__IBNLCO_00161__hypothetical__CDS,1.295813183837709,0.2562231580898478
cnv_depth__IBNLCO_05728__IBNLCO_05728__gene,1.2957336785921367,0.2562377033012653
cnv_depth__IBNLCO_05423__BON__CDS,1.2947209148055256,0.25642307456574215
cnv_depth__IBNLCO_01116__K(+)-transporting__CDS,1.29207365957623,0.2569084011188423
cnv_depth__IBNLCO_00844__Glycerol-3-phosphate__CDS,1.2913222037604521,0.2570463745843147
cnv_depth__IBNLCO_02381__2%2C5-diketocamphane__CDS__promoter,1.290306560734927,0.2572330011281077
cnv_depth__IBNLCO_02681__Uncharacterized__CDS,1.2900649429808144,0.2572774236539994
cnv_depth__IBNLCO_04777__gsiC__gene,1.2893504114858236,0.2574088492470351
cnv_depth__IBNLCO_01242__IBNLCO_01242__gene,1.287670022914321,0.25771825595645026
cnv_depth__IBNLCO_02109__IBNLCO_02109__gene__promoter,1.2868906766155532,0.2578619122039997
cnv_depth__IBNLCO_01158__IBNLCO_01158__gene__promoter,1.2862487851502753,0.2579803061924478
cnv_depth__IBNLCO_02492__metN__gene,1.285725747322336,0.25807682807725
cnv_depth__IBNLCO_05801__hypothetical__CDS__promoter,1.284722775905537,0.2582620428448976
cnv_depth__IBNLCO_00797__Transcriptional__CDS__promoter,1.2840310754626214,0.2583898726324343
cnv_depth__IBNLCO_01923__IBNLCO_01923__gene__promoter,1.2835931444073143,0.2584708451709406
cnv_depth__IBNLCO_00956__Cobyric__CDS__promoter,1.2811731530721315,0.25891886544089376
cnv_depth__IBNLCO_01329__IBNLCO_01329__gene__promoter,1.2803210612303666,0.25907684546475535
cnv_depth__IBNLCO_01513__gnl|Bakta|IBNLCO_01513__CDS__promoter,1.2802657193817133,0.2590871101291315
cnv_depth__IBNLCO_05782__IBNLCO_05782__gene,1.2796187252282758,0.2592071504597737
cnv_depth__IBNLCO_01073__DUF306__CDS__promoter,1.2795376599264938,0.25922219581818245
cnv_depth__IBNLCO_05138__hypothetical__CDS,1.279464124464983,0.2592358446109308
cnv_depth__IBNLCO_05556__IBNLCO_05556__gene,1.2769487674937847,0.25970325428265656
cnv_depth__IBNLCO_01056__IBNLCO_01056__gene,1.276178049749831,0.2598466806332942
cnv_depth__IBNLCO_02857__Polyisoprenoid-binding__CDS__promoter,1.2757871199279194,0.25991946819510026
cnv_depth__IBNLCO_02250__Lysine--tRNA__CDS,1.2755474945976815,0.25996409678134313
cnv_depth__IBNLCO_05283__IBNLCO_05283__gene__promoter,1.2752618575419585,0.26001730719337734
cnv_depth__IBNLCO_02532__IBNLCO_02532__gene__promoter,1.2750228330992515,0.26006184470507876
cnv_depth__IBNLCO_05366__Voltage-gated__CDS,1.2745479465976128,0.2601503586453672
cnv_depth__IBNLCO_05637__IBNLCO_05637__gene,1.272344482346588,0.26056155250655866
cnv_depth__IBNLCO_03973__gnl|Bakta|IBNLCO_03973__CDS,1.2723031485577898,0.26056927363241084
cnv_depth__IBNLCO_02314__Chromosome__CDS,1.2720904897011094,0.260609002675903
cnv_depth__IBNLCO_02231__Threonylcarbamoyl-AMP__CDS,1.2714059889906784,0.2607369326800646
cnv_depth__IBNLCO_04695__IBNLCO_04695__gene__promoter,1.2712584467439922,0.2607645178819539
cnv_depth__unknown__unknown__regulatory.2,1.270680353597043,0.26087263594802435
cnv_depth__IBNLCO_02408__gnl|Bakta|IBNLCO_02408__CDS,1.2704926513086627,0.2609077530347931
cnv_depth__IBNLCO_01571__HTH__CDS__promoter,1.2693129999318817,0.2611285879657661
cnv_depth__IBNLCO_00632__IBNLCO_00632__gene,1.2688665551307519,0.2612122247341469
cnv_depth__IBNLCO_00548__IBNLCO_00548__gene__promoter,1.2687256417869996,0.2612386303037484
cnv_depth__IBNLCO_03487__IBNLCO_03487__gene__promoter,1.266240175813956,0.26170492560080494
cnv_depth__IBNLCO_02167__PNPLA__CDS,1.2649276277691637,0.26195158960839815
cnv_depth__IBNLCO_03942__IBNLCO_03942__gene,1.2642472600815378,0.262079563502178
cnv_depth__IBNLCO_00401__IBNLCO_00401__gene__promoter,1.2638019380875176,0.2621633686289754
cnv_depth__IBNLCO_01749__Rhodanese__CDS,1.263744789768043,0.2621741257871883
cnv_depth__IBNLCO_02217__Putative__CDS__promoter,1.2629675002902727,0.2623204914092494
cnv_depth__IBNLCO_01418__Methylamine__CDS__promoter,1.2626473164875582,0.26238081247342526
cnv_depth__IBNLCO_01226__IBNLCO_01226__gene,1.25922720713526,0.263026224864361
cnv_depth__IBNLCO_05743__IBNLCO_05743__gene__promoter,1.2584622655500364,0.2631708486943265
cnv_depth__IBNLCO_01332__IBNLCO_01332__gene__promoter,1.25772437830374,0.26331045152418014
cnv_depth__IBNLCO_00582__IBNLCO_00582__gene,1.2573036024089885,0.263390100598232
cnv_depth__IBNLCO_05557__tnp__gene,1.2560006201372895,0.26363693417316203
cnv_depth__IBNLCO_01114__IBNLCO_01114__gene,1.255636264678493,0.2637060083785727
cnv_depth__IBNLCO_03828__glcG__gene,1.2515087031101626,0.2644900883580699
cnv_depth__IBNLCO_04058__hypothetical__CDS__promoter,1.2508753244287498,0.2646106638300777
cnv_depth__IBNLCO_04529__Branched-chain__CDS__promoter,1.249671752078056,0.26483997564534073
cnv_depth__IBNLCO_05179__IBNLCO_05179__gene__promoter,1.2494756888348502,0.2648773543074579
cnv_depth__IBNLCO_02020__Lon__CDS,1.2485401646920957,0.26505579900725545
cnv_depth__IBNLCO_01168__NADH-quinone__CDS__promoter,1.2474771000900848,0.2652587535925207
cnv_depth__IBNLCO_05543__IBNLCO_05543__gene__promoter,1.246806765757442,0.26538683010796865
cnv_depth__IBNLCO_00821__IBNLCO_00821__gene__promoter,1.2423640128850528,0.26623763643664394
cnv_depth__IBNLCO_02287__Sensory__CDS,1.2408465152314645,0.26652902547703483
cnv_depth__IBNLCO_01231__Uncharacterized__CDS,1.24064632794996,0.26656749512111855
cnv_depth__IBNLCO_00781__IBNLCO_00781__gene__promoter,1.2361411006098029,0.2674350986124621
cnv_depth__IBNLCO_00774__Pyruvate__CDS__promoter,1.2338749047689739,0.2678728530890814
cnv_depth__IBNLCO_05672__GtrA/DPMS__CDS__promoter,1.2334148759387336,0.2679618251376974
cnv_depth__IBNLCO_00416__IBNLCO_00416__gene__promoter,1.2299757216077685,0.2686281511827159
cnv_depth__IBNLCO_00901__gnl|Bakta|IBNLCO_00901__CDS__promoter,1.2291327401380427,0.2687917933257156
cnv_depth__IBNLCO_03779__IBNLCO_03779__gene__promoter,1.2290222773132697,0.26881324597239264
cnv_depth__IBNLCO_02271__fixL__gene,1.2251143300308742,0.26957358075674276
cnv_depth__IBNLCO_04080__IBNLCO_04080__gene__promoter,1.2214921254650752,0.27028073335356056
cnv_depth__IBNLCO_01892__ISL3-like__CDS__promoter,1.2214263203769142,0.2702936018248232
cnv_depth__IBNLCO_00889__Phosphoribosylglycinamide__CDS,1.2203442904337185,0.27050530790848937
cnv_depth__IBNLCO_05260__IBNLCO_05260__gene,1.2196572105364611,0.2706398476401368
cnv_depth__IBNLCO_05502__IBNLCO_05502__gene,1.2172629341931986,0.27110933761091055
cnv_depth__IBNLCO_00868__IBNLCO_00868__gene__promoter,1.2146475080776546,0.2716233632359403
cnv_depth__IBNLCO_03756__IBNLCO_03756__gene,1.2142408021215692,0.27170340571383733
cnv_depth__IBNLCO_02323__Urocanate__CDS__promoter,1.2129944166797988,0.2719488876481932
cnv_depth__IBNLCO_03874__IBNLCO_03874__gene__promoter,1.2120028078951266,0.2721443893689161
cnv_depth__IBNLCO_04818__hypothetical__CDS,1.2112007413157688,0.27230265108294477
cnv_depth__IBNLCO_01786__trimeric__CDS__promoter,1.210080662366283,0.2725238560639394
cnv_depth__IBNLCO_04123__Integrase__CDS__promoter,1.2098119158246423,0.2725769646037717
cnv_depth__IBNLCO_02400__trnC__gene__promoter,1.2092206695893555,0.2726938500231162
cnv_depth__IBNLCO_00679__IBNLCO_00679__gene,1.2079462723342096,0.27294600451498047
cnv_depth__IBNLCO_02808__dnaJ__gene__promoter,1.2079284771989278,0.27294952756997065
cnv_depth__IBNLCO_02522__hypothetical__CDS__promoter,1.2079078255454057,0.27295361622608116
cnv_depth__IBNLCO_00259__IBNLCO_00259__gene__promoter,1.2067497517342003,0.27318301751657237
cnv_depth__IBNLCO_01444__Autoinducer__CDS__promoter,1.2063788489608678,0.2732565404902798
cnv_depth__IBNLCO_03791__IBNLCO_03791__gene,1.2016604240944966,0.27419403990193264
cnv_depth__IBNLCO_02258__Cysteine__CDS,1.2012667937288155,0.2742724330450717
cnv_depth__IBNLCO_04886__Hypersensitivity__CDS__promoter,1.2012087020105353,0.27428400464815406
cnv_depth__IBNLCO_01859__Inner__CDS__promoter,1.2000526007602943,0.27451442279889526
cnv_depth__IBNLCO_04954__MFS__CDS,1.1988511436662093,0.2747541394050109
cnv_depth__IBNLCO_02393__IBNLCO_02393__gene,1.1971687786309584,0.2750902515003051
cnv_depth__IBNLCO_02074__GntR__CDS__promoter,1.1963235940152797,0.2752593029162993
cnv_depth__IBNLCO_03034__rrs__gene__promoter,1.1961437116624172,0.27529529939248737
cnv_depth__IBNLCO_05244__IBNLCO_05244__gene,1.1953827382694948,0.2754476444557752
cnv_depth__IBNLCO_05267__DUF523__CDS__promoter,1.19238168527423,0.2760494867601179
cnv_depth__IBNLCO_01801__IBNLCO_01801__gene__promoter,1.188406167175397,0.27684931204724866
cnv_depth__IBNLCO_03020__IBNLCO_03020__gene__promoter,1.1872163740433386,0.2770892530701056
cnv_depth__IBNLCO_05257__Octaprenyl__CDS,1.1869503044019407,0.2771429462831148
cnv_depth__IBNLCO_02382__3-oxoadipate__CDS,1.1845306912162143,0.2776318319032315
cnv_depth__IBNLCO_02711__Uncharacterized__CDS__promoter,1.1844432320735176,0.2776495235421247
cnv_depth__IBNLCO_00877__cueO__gene__promoter,1.1840416284163102,0.277730780096281
cnv_depth__IBNLCO_00968__ncS16__gene__promoter,1.1806962862384027,0.2784088146238705
cnv_depth__IBNLCO_04641__IBNLCO_04641__gene,1.1788431726109245,0.27878530595427314
cnv_depth__IBNLCO_00157__IBNLCO_00157__gene,1.1786550779587142,0.27882355659173974
cnv_depth__IBNLCO_00675__ridA__gene__promoter,1.177306489457765,0.27909799823908715
cnv_depth__IBNLCO_02635__High-affinity__CDS__promoter,1.1763886169341482,0.27928498367946575
cnv_depth__IBNLCO_04384__rutE__gene__promoter,1.1762364146188138,0.2793160050868569
cnv_depth__IBNLCO_02457__hypothetical__CDS,1.175254619661753,0.27951621647317165
cnv_depth__IBNLCO_03112__IBNLCO_03112__gene__promoter,1.1751936678116908,0.2795286520027449
cnv_depth__IBNLCO_04500__pksG__gene__promoter,1.1743452021968985,0.27970183065216553
cnv_depth__IBNLCO_05603__hypothetical__CDS__promoter,1.1714659613202916,0.2802905217553882
cnv_depth__IBNLCO_00603__Aminoacyl-transfer__CDS__promoter,1.1712873151910166,0.28032709958182017
cnv_depth__IBNLCO_05469__sadH__gene,1.1711402456455402,0.28035721664104124
cnv_depth__IBNLCO_00405__IBNLCO_00405__gene__promoter,1.169996584448421,0.28059155692085613
cnv_depth__IBNLCO_01154__IBNLCO_01154__gene,1.1693228758381304,0.2807297185464659
cnv_depth__IBNLCO_00367__ATP-dependent__CDS,1.1679739757966692,0.2810066054394726
cnv_depth__IBNLCO_01728__Argininosuccinate__CDS__promoter,1.1678838004616128,0.2810251279657466
cnv_depth__IBNLCO_00568__IBNLCO_00568__gene__promoter,1.1675552171400223,0.2810926339597359
cnv_depth__IBNLCO_04367__hypothetical__CDS,1.1675552170914716,0.28109263396971196
cnv_depth__IBNLCO_04370__IBNLCO_04370__gene__promoter,1.1675552170472276,0.281092633978803
cnv_depth__IBNLCO_04359__IBNLCO_04359__gene,1.1675552170340149,0.281092633981518
cnv_depth__IBNLCO_03849__hypothetical__CDS,1.1675552170188603,0.2810926339846319
cnv_depth__IBNLCO_03851__hypothetical__CDS,1.1675552170182941,0.28109263398474826
cnv_depth__IBNLCO_00541__kdsC__gene__promoter,1.166315161821425,0.28134758336031457
cnv_depth__IBNLCO_00165__gnl|Bakta|IBNLCO_00165__CDS,1.1661269101599128,0.28138631265716857
cnv_depth__IBNLCO_04014__3-ketosteroid-9-alpha-monooxygenase%2C__CDS,1.1659982184097961,0.28141279249954626
cnv_depth__IBNLCO_01490__2-succinyl-6-hydroxy-2%2C__CDS__promoter,1.1641686507118334,0.2817895900883712
cnv_depth__IBNLCO_05689__IBNLCO_05689__gene__promoter,1.16206999745234,0.2822225950835366
cnv_depth__IBNLCO_04963__IBNLCO_04963__gene,1.1599958947322242,0.28265136574054023
cnv_depth__IBNLCO_05473__IBNLCO_05473__gene,1.1575021789426096,0.2831679782965145
cnv_depth__IBNLCO_02622__tRNA__CDS,1.153871717016821,0.28392223483581375
cnv_depth__IBNLCO_03681__pilT__gene,1.1536679720268608,0.28396464015663836
cnv_depth__IBNLCO_05017__BsaU__CDS,1.152979405150741,0.28410801083871134
cnv_depth__IBNLCO_03946__IBNLCO_03946__gene__promoter,1.15278850726182,0.28414777515952067
cnv_depth__IBNLCO_00123__IBNLCO_00123__gene__promoter,1.1500567294458677,0.2847175857424986
cnv_depth__IBNLCO_04108__IBNLCO_04108__gene__promoter,1.1482986044547878,0.2850850759130836
cnv_depth__IBNLCO_00938__IBNLCO_00938__gene,1.147480574454274,0.28525626977935586
cnv_depth__IBNLCO_01337__IBNLCO_01337__gene__promoter,1.1471805812688973,0.2853190839204998
cnv_depth__IBNLCO_01959__Large__CDS__promoter,1.1455224043080274,0.28566659993378324
cnv_depth__IBNLCO_00136__Phage__CDS,1.1451802471043928,0.28573837542134367
cnv_depth__IBNLCO_02891__GSH-dependent__CDS__promoter,1.1443347954938095,0.2859158273400263
cnv_depth__IBNLCO_01117__IBNLCO_01117__gene__promoter,1.1441767764702053,0.2859490095551882
cnv_depth__IBNLCO_04964__IBNLCO_04964__gene__promoter,1.1437288656161015,0.2860430924861526
cnv_depth__IBNLCO_05138__IBNLCO_05138__gene__promoter,1.1427660946551894,0.2862454546172435
cnv_depth__IBNLCO_00347__IBNLCO_00347__gene__promoter,1.1417147845701452,0.28646663519653875
cnv_depth__IBNLCO_04460__IBNLCO_04460__gene__promoter,1.1416139822330733,0.28648785401927884
cnv_depth__IBNLCO_04304__gnl|Bakta|IBNLCO_04304__CDS,1.1404936315254262,0.2867238221590864
cnv_depth__IBNLCO_01253__potA__gene__promoter,1.1388439607200325,0.2870717274161764
cnv_depth__IBNLCO_01566__trnL__gene__promoter,1.1380469848807189,0.28723999772648123
cnv_depth__IBNLCO_05292__Methyltransferase__CDS,1.1378254536298265,0.28728679332395135
cnv_depth__IBNLCO_03347__IBNLCO_03347__gene__promoter,1.1366792776078254,0.2875290636839852
cnv_depth__IBNLCO_02845__non-specific__CDS__promoter,1.1360434677292814,0.2876635690980525
cnv_depth__IBNLCO_05157__IBNLCO_05157__gene__promoter,1.1349771396927677,0.28788933103594544
cnv_depth__IBNLCO_03743__IBNLCO_03743__gene,1.1341749220528625,0.28805932503087633
cnv_depth__IBNLCO_00258__5-formyltetrahydrofolate__CDS,1.1319977435947557,0.28852132727462776
cnv_depth__IBNLCO_03766__IBNLCO_03766__gene__promoter,1.130290097632213,0.2888843568049969
cnv_depth__IBNLCO_02499__rfaE__gene,1.1275252638391526,0.2894733744195511
cnv_depth__IBNLCO_04227__Cytosine__CDS__promoter,1.1232412455442475,0.290389077526277
cnv_depth__IBNLCO_02718__IBNLCO_02718__gene,1.1225662107917007,0.2905337034570045
cnv_depth__IBNLCO_01045__IBNLCO_01045__gene__promoter,1.122022115701623,0.2906503427931765
cnv_depth__IBNLCO_01199__IBNLCO_01199__gene,1.1217148678113869,0.2907162349761907
cnv_depth__IBNLCO_02924__IBNLCO_02924__gene__promoter,1.119714127766845,0.2911457809687402
cnv_depth__IBNLCO_01352__IBNLCO_01352__gene__promoter,1.1192221402805416,0.29125153211890653
cnv_depth__IBNLCO_00707__IBNLCO_00707__gene,1.118142717040704,0.29148372334762856
cnv_depth__IBNLCO_01044__IBNLCO_01044__gene,1.1172320785616685,0.2916797924762087
cnv_depth__IBNLCO_05287__eamA__gene,1.1169466309685625,0.29174128688118073
cnv_depth__IBNLCO_05109__Type__CDS,1.1134190298326843,0.2925026181743183
cnv_depth__IBNLCO_05405__Benzoate__CDS,1.1106796343121323,0.29309559800582935
cnv_depth__IBNLCO_05253__Ferredoxin--NADP__CDS__promoter,1.1076446413878251,0.29375436835715285
cnv_depth__IBNLCO_01123__Guanidinium__CDS__promoter,1.107113876389309,0.29386977072184145
cnv_depth__IBNLCO_00645__IBNLCO_00645__gene__promoter,1.10658810340813,0.2939841451581827
cnv_depth__IBNLCO_00596__IBNLCO_00596__gene__promoter,1.1049421832507542,0.2943425619350858
cnv_depth__IBNLCO_04067__TauD/TfdA__CDS,1.1039641283716162,0.29455581010084847
cnv_depth__IBNLCO_02709__IBNLCO_02709__gene,1.1036705207810038,0.29461986500558035
cnv_depth__IBNLCO_05141__hypothetical__CDS,1.1034123324415221,0.2946762074777883
cnv_depth__IBNLCO_03781__IBNLCO_03781__gene__promoter,1.1026639187915561,0.2948396064363335
cnv_depth__IBNLCO_04610__Alkyl__CDS__promoter,1.1024440879406519,0.29488762361252824
cnv_depth__IBNLCO_05119__Non-ribosomal__CDS,1.1020750630977956,0.2949682515371392
cnv_depth__IBNLCO_04025__IBNLCO_04025__gene__promoter,1.1017734393538425,0.2950341741257955
cnv_depth__IBNLCO_03613__IBNLCO_03613__gene,1.1015213657468377,0.2950892816314761
cnv_depth__IBNLCO_02094__IBNLCO_02094__gene__promoter,1.10138775627113,0.2951184962693323
cnv_depth__IBNLCO_05558__IBNLCO_05558__gene__promoter,1.1006642318566986,0.2952767645833225
cnv_depth__IBNLCO_04150__bprR__gene__promoter,1.09991737160327,0.2954402521579243
cnv_depth__IBNLCO_02452__hypothetical__CDS__promoter,1.0990021448393066,0.2956407540940553
cnv_depth__IBNLCO_04739__IBNLCO_04739__gene__promoter,1.09882515964882,0.29567954707775124
cnv_depth__IBNLCO_01034__DNA__CDS,1.0950722677039444,0.2965036809588725
cnv_depth__IBNLCO_05321__Glycosyltransferase__CDS,1.094721458474133,0.2965808697605913
cnv_depth__IBNLCO_01427__HTH__CDS__promoter,1.0934517831186992,0.29686045396544736
cnv_depth__IBNLCO_04204__hypothetical__CDS__promoter,1.0932877318711953,0.2968966030551
cnv_depth__IBNLCO_05415__IBNLCO_05415__gene__promoter,1.0914986604124213,0.29729119807092497
cnv_depth__IBNLCO_02722__Homogentisate__CDS__promoter,1.0910300131560342,0.2973946740282562
cnv_depth__IBNLCO_00741__trnM__gene,1.090611752010036,0.2974870641226179
cnv_depth__IBNLCO_02194__IBNLCO_02194__gene__promoter,1.0900749596737564,0.2976056909537052
cnv_depth__IBNLCO_02576__IBNLCO_02576__gene,1.090004151542896,0.2976213435433548
cnv_depth__IBNLCO_05533__IBNLCO_05533__gene__promoter,1.0894993211845874,0.29773297031301327
cnv_depth__IBNLCO_03156__hypothetical__CDS,1.0871127972452468,0.2982614044677639
cnv_depth__IBNLCO_00710__IBNLCO_00710__gene,1.0867649254524805,0.2983385327918972
cnv_depth__IBNLCO_01119__kdpC__gene,1.083877156437961,0.2989797895381116
cnv_depth__IBNLCO_00706__IBNLCO_00706__gene,1.0833265651776045,0.2991022556766553
cnv_depth__IBNLCO_03758__IBNLCO_03758__gene,1.0829282360393921,0.2991908950899011
cnv_depth__IBNLCO_05240__Purine__CDS__promoter,1.082846688238576,0.2992090459511347
cnv_depth__IBNLCO_04269__hypothetical__CDS,1.0824910426997434,0.29928822196620686
cnv_depth__IBNLCO_01800__IBNLCO_01800__gene,1.0805678781852923,0.29971683835455387
cnv_depth__IBNLCO_04674__Transcriptional__CDS__promoter,1.0799580998040792,0.2998529056069522
cnv_depth__IBNLCO_03936__IBNLCO_03936__gene__promoter,1.079073061432765,0.3000505371366806
cnv_depth__IBNLCO_04638__N-acyl-homoserine__CDS,1.077929160957038,0.30030622302230237
cnv_depth__IBNLCO_04038__High-affinity__CDS__promoter,1.0771023386768863,0.30049121080521674
cnv_depth__IBNLCO_03989__OmpA-like__CDS__promoter,1.0745043628418978,0.3010734255686391
cnv_depth__IBNLCO_04910__IBNLCO_04910__gene__promoter,1.0735543735649176,0.3012866859186526
cnv_depth__IBNLCO_04376__IBNLCO_04376__gene,1.0727992544470717,0.30145634002570676
cnv_depth__IBNLCO_01242__hypothetical__CDS__promoter,1.07218096751774,0.3015953439405037
cnv_depth__IBNLCO_01344__IBNLCO_01344__gene__promoter,1.0717505035378005,0.30169217034460405
cnv_depth__IBNLCO_04221__IBNLCO_04221__gene,1.0702501424575377,0.3020299691019022
cnv_depth__IBNLCO_03776__metI__gene,1.0694328663042318,0.30221418100062747
cnv_depth__IBNLCO_00569__IBNLCO_00569__gene,1.0682800490982052,0.3024742707159296
cnv_depth__IBNLCO_00455__Cytochrome__CDS__promoter,1.067493213203109,0.30265195725300437
cnv_depth__IBNLCO_02482__IBNLCO_02482__gene__promoter,1.0668253746043614,0.3028028775709458
cnv_depth__IBNLCO_03116__Insertion__CDS,1.066066613504877,0.30297446335031925
cnv_depth__IBNLCO_02938__IBNLCO_02938__gene__promoter,1.0657279515142923,0.30305108889086807
cnv_depth__IBNLCO_02611__IBNLCO_02611__gene__promoter,1.0653271234569979,0.303141812603239
cnv_depth__IBNLCO_02535__IBNLCO_02535__gene__promoter,1.0639976048455129,0.30344298929822494
cnv_depth__IBNLCO_03959__IBNLCO_03959__gene__promoter,1.063139685598233,0.30363754051192804
cnv_depth__IBNLCO_05553__GDP-mannose__CDS__promoter,1.0629501947929216,0.3036805333679142
cnv_depth__IBNLCO_00911__Nucleoside-diphosphate-sugar__CDS__promoter,1.0623817375181333,0.30380955593737624
cnv_depth__IBNLCO_01389__T6SS__CDS,1.0621929165904938,0.30385242831410236
cnv_depth__IBNLCO_03943__IBNLCO_03943__gene,1.061672481855958,0.3039706353157664
cnv_depth__IBNLCO_00447__IBNLCO_00447__gene,1.061162456242573,0.3040865360386449
cnv_depth__IBNLCO_02817__IBNLCO_02817__gene__promoter,1.0605841066154573,0.30421803251498564
cnv_depth__IBNLCO_01764__DNA-binding__CDS__promoter,1.0604923697240198,0.304238897063453
cnv_depth__IBNLCO_05442__DUF1269__CDS,1.0594121580367797,0.3044847192583847
cnv_depth__IBNLCO_05362__Tryptophan--tRNA__CDS,1.0591819557468432,0.30453713941814203
cnv_depth__IBNLCO_00566__IBNLCO_00566__gene__promoter,1.0588445660089187,0.3046139887973828
cnv_depth__IBNLCO_05811__IBNLCO_05811__gene__promoter,1.058195745689207,0.30476184553728014
cnv_depth__IBNLCO_04866__IS5__CDS,1.057211189945807,0.3049863897695178
cnv_depth__IBNLCO_04448__D-ala-D-ala__CDS__promoter,1.0566841882737925,0.3051066696144547
cnv_depth__IBNLCO_02828__Pyridoxal__CDS__promoter,1.0553818763992786,0.3054041665265741
cnv_depth__IBNLCO_05593__tagF__gene,1.0536275049879993,0.305805527668706
cnv_depth__IBNLCO_00749__Succinate--CoA__CDS__promoter,1.0527240756627645,0.3060124799553623
cnv_depth__IBNLCO_05063__gnl|Bakta|IBNLCO_05063__CDS,1.0525275002875318,0.30605753443447414
cnv_depth__IBNLCO_04844__IBNLCO_04844__gene__promoter,1.0524731388909818,0.306069995425614
cnv_depth__IBNLCO_00963__Translocation__CDS__promoter,1.0520841489780417,0.3061591809130136
cnv_depth__IBNLCO_02794__IBNLCO_02794__gene,1.0495885327778687,0.3067321678969887
cnv_depth__IBNLCO_03909__IBNLCO_03909__gene,1.049465106316898,0.3067605425228757
cnv_depth__IBNLCO_01229__Iron__CDS,1.0483776508970988,0.3070106865295541
cnv_depth__IBNLCO_00398__Type__CDS,1.0465750718912694,0.3074259139899496
cnv_depth__IBNLCO_00289__IBNLCO_00289__gene__promoter,1.0458341785057337,0.3075967924414894
cnv_depth__IBNLCO_04555__IBNLCO_04555__gene__promoter,1.0457924386138362,0.30760642294690044
cnv_depth__IBNLCO_01138__IBNLCO_01138__gene__promoter,1.0427603814427444,0.3083070524073064
cnv_depth__IBNLCO_04765__hypothetical__CDS,1.0416452136507082,0.3085652622718541
cnv_depth__IBNLCO_04405__IBNLCO_04405__gene__promoter,1.0415087854550276,0.3085968707078487
cnv_depth__IBNLCO_05369__histidine__CDS__promoter,1.0410132297072026,0.3087117193558453
cnv_depth__IBNLCO_03960__HTH-type__CDS,1.039853451951142,0.3089807244703276
cnv_depth__IBNLCO_05204__araC__gene__promoter,1.0398026016212993,0.3089925259725125
cnv_depth__IBNLCO_04971__hypothetical__CDS__promoter,1.0390228978723495,0.3091735557653589
cnv_depth__IBNLCO_01105__IBNLCO_01105__gene,1.0368291789435025,0.30968363203389143
cnv_depth__IBNLCO_00162__IBNLCO_00162__gene__promoter,1.0362526547658917,0.3098178659460498
cnv_depth__IBNLCO_03797__Preprotein__CDS,1.0356617423983159,0.30995552882685384
cnv_depth__IBNLCO_02383__pdxY__gene__promoter,1.035405639405494,0.3100152171198004
cnv_depth__IBNLCO_02568__Lipopolysaccharide__CDS,1.0348607935927332,0.3101422508557497
cnv_depth__IBNLCO_01960__Small__CDS,1.034108478867,0.31031776896734986
cnv_depth__IBNLCO_00763__IBNLCO_00763__gene,1.0340478612541006,0.3103319169584225
cnv_depth__IBNLCO_05775__IBNLCO_05775__gene__promoter,1.0326671449606701,0.3106544010532668
cnv_depth__IBNLCO_05292__Methyltransferase__CDS__promoter,1.0326210698992682,0.31066517003337285
cnv_depth__IBNLCO_01952__thioredoxin-dependent__CDS,1.0317320892099242,0.3108730443538374
cnv_depth__IBNLCO_04497__IBNLCO_04497__gene__promoter,1.0314771494909774,0.3109326916198086
cnv_depth__IBNLCO_00208__Integron__CDS__promoter,1.0310939316453829,0.31102237980127045
cnv_depth__IBNLCO_04048__Carrier__CDS__promoter,1.0304489251057483,0.31117341338199556
cnv_depth__IBNLCO_03115__tnp__gene,1.030340734843698,0.31119875642027267
cnv_depth__IBNLCO_00410__branched-chain-amino-acid__CDS__promoter,1.0297162860007343,0.3113450833057473
cnv_depth__IBNLCO_03953__Putative__CDS,1.0273714484959058,0.3118953531405951
cnv_depth__IBNLCO_05409__IBNLCO_05409__gene,1.0262257923030862,0.31216467081194904
cnv_depth__IBNLCO_05320__IBNLCO_05320__gene,1.023924226380767,0.3127066381518261
cnv_depth__IBNLCO_03020__UDP-N-acetylmuramoyl-tripeptide--D-alanyl-D-alani__CDS,1.0236066133068298,0.31278152574424345
cnv_depth__IBNLCO_02487__3-methylmercaptopropionyl-CoA__CDS__promoter,1.0219545942222619,0.3131714223377534
cnv_depth__IBNLCO_00672__IBNLCO_00672__gene__promoter,1.0216880358813756,0.31323439305438544
cnv_depth__IBNLCO_02486__IBNLCO_02486__gene__promoter,1.0214560004705826,0.313289221727955
cnv_depth__IBNLCO_04145__IBNLCO_04145__gene__promoter,1.0190933230801797,0.3138482267094262
cnv_depth__IBNLCO_00151__hypothetical__CDS,1.0189612911341903,0.3138795038185054
cnv_depth__IBNLCO_01201__IBNLCO_01201__gene__promoter,1.0175339326949935,0.31421789277906914
cnv_depth__IBNLCO_01280__IBNLCO_01280__gene__promoter,1.016861038126808,0.3143775844240746
cnv_depth__IBNLCO_05478__Glycoside__CDS,1.0152868188865571,0.3147515954331408
cnv_depth__IBNLCO_01503__Acyltransferase__CDS,1.0146948691455466,0.3148923850775247
cnv_depth__IBNLCO_04022__IBNLCO_04022__gene__promoter,1.0144304755090663,0.3149552953346556
cnv_depth__IBNLCO_03723__Proline__CDS__promoter,1.0138438430820378,0.315094938607787
cnv_depth__IBNLCO_01818__IBNLCO_01818__gene__promoter,1.0124353585031154,0.3154305497729459
cnv_depth__IBNLCO_00299__Argininosuccinate__CDS__promoter,1.010842720818761,0.31581060699203145
cnv_depth__IBNLCO_00669__IBNLCO_00669__gene__promoter,1.0105108867395172,0.31588986962541504
cnv_depth__IBNLCO_01266__AsnC__CDS,1.0097817349355878,0.3160641284076532
cnv_depth__IBNLCO_05575__ugpC__gene,1.007687687864399,0.3165652849838644
cnv_depth__IBNLCO_05029__Type__CDS__promoter,1.0070161268573847,0.31672622739268014
cnv_depth__IBNLCO_00844__Glycerol-3-phosphate__CDS__promoter,1.0044036743840907,0.3173533383457496
cnv_depth__IBNLCO_02712__hypothetical__CDS__promoter,1.003585717179676,0.31755002255818277
cnv_depth__IBNLCO_00267__flgB__gene__promoter,1.0029534725050089,0.3177021608118374
cnv_depth__IBNLCO_04041__LasA__CDS,1.002402398219662,0.3178348452415397
cnv_depth__IBNLCO_02838__hypothetical__CDS,1.0023349717531846,0.3178510848047747
cnv_depth__IBNLCO_00366__Biotin__CDS__promoter,1.0013182370531002,0.31809609648729426
cnv_depth__IBNLCO_02707__IBNLCO_02707__gene__promoter,1.0003695029320363,0.31832494609575696
cnv_depth__IBNLCO_04425__hypothetical__CDS,0.9985148807799908,0.31877293768747694
cnv_depth__IBNLCO_05202__IBNLCO_05202__gene__promoter,0.9979833723449214,0.31890147906148164
cnv_depth__IBNLCO_00917__Epoxide__CDS__promoter,0.9974746893582733,0.31902456433408244
cnv_depth__IBNLCO_00133__hypothetical__CDS__promoter,0.9972661623480201,0.3190750394264503
cnv_depth__IBNLCO_05152__Formate__CDS__promoter,0.9959744093965703,0.31938795025133104
cnv_depth__IBNLCO_04355__IBNLCO_04355__gene__promoter,0.9949623886464868,0.31963338258710244
cnv_depth__IBNLCO_05491__IBNLCO_05491__gene,0.9948924452424102,0.31965035425854493
cnv_depth__IBNLCO_04842__IBNLCO_04842__gene,0.9947509765885837,0.3196846850723256
cnv_depth__IBNLCO_00632__hypothetical__CDS__promoter,0.9942005268787366,0.3198183114470606
cnv_depth__IBNLCO_05077__pilV__gene,0.9941176728684722,0.3198384313545573
cnv_depth__IBNLCO_02445__IBNLCO_02445__gene__promoter,0.9931762030472796,0.3200671712865589
cnv_depth__IBNLCO_04954__IBNLCO_04954__gene__promoter,0.9922833921440997,0.3202842887459063
cnv_depth__IBNLCO_03362__IBNLCO_03362__gene__promoter,0.9920008484289419,0.32035303944153204
cnv_depth__IBNLCO_05189__IBNLCO_05189__gene,0.9916253708093006,0.3204444337120804
cnv_depth__IBNLCO_01278__IBNLCO_01278__gene__promoter,0.9912843054575868,0.32052748163429906
cnv_depth__IBNLCO_00399__IBNLCO_00399__gene__promoter,0.9876449032407485,0.3214154349134949
cnv_depth__IBNLCO_05044__decR__gene__promoter,0.9871799010708916,0.32152912201037365
cnv_depth__IBNLCO_03914__hypothetical__CDS,0.9870727373485996,0.32155532971772055
cnv_depth__IBNLCO_04509__IBNLCO_04509__gene,0.9858413037117003,0.32185668924153993
cnv_depth__IBNLCO_05079__pilS__gene,0.9853648454878048,0.3219733896036034
cnv_depth__IBNLCO_00588__IBNLCO_00588__gene,0.9837483116385111,0.3223697499414224
cnv_depth__IBNLCO_02722__Homogentisate__CDS,0.9812443760436267,0.3229849706115485
cnv_depth__IBNLCO_01342__nlpD__gene__promoter,0.9800179207447863,0.3232868802939767
cnv_depth__IBNLCO_02332__Nitric__CDS,0.9787924471320525,0.32358892217308044
cnv_depth__IBNLCO_02231__IBNLCO_02231__gene__promoter,0.9781118095494706,0.3237568402597928
cnv_depth__IBNLCO_02300__LysR__CDS,0.9752846663175977,0.3244555552405111
cnv_depth__IBNLCO_00923__IBNLCO_00923__gene__promoter,0.9747883666903309,0.3245784197961185
cnv_depth__IBNLCO_04906__cdhR__gene__promoter,0.9732446654347279,0.3249609755853758
cnv_depth__IBNLCO_04229__IBNLCO_04229__gene,0.9699965073498789,0.32576788363948095
cnv_depth__IBNLCO_01365__hypothetical__CDS,0.9694502295017625,0.32590385161986307
cnv_depth__IBNLCO_00803__IBNLCO_00803__gene__promoter,0.9666858545063406,0.32659306025593327
cnv_depth__IBNLCO_01126__IBNLCO_01126__gene__promoter,0.9647866474332694,0.32706769120363144
cnv_depth__IBNLCO_04749__IBNLCO_04749__gene__promoter,0.9643684798137954,0.3271723188294947
cnv_depth__IBNLCO_03811__rrs__gene__promoter,0.9635325155402201,0.3273816149134136
cnv_depth__IBNLCO_00404__IBNLCO_00404__gene,0.962067237095193,0.3277488996125653
cnv_depth__IBNLCO_02545__DUF2946__CDS,0.961417429437268,0.3279119552353524
cnv_depth__IBNLCO_03240__rrs__gene__promoter,0.9610670611183463,0.32799991768771053
cnv_depth__IBNLCO_02581__IBNLCO_02581__gene,0.9601041215001316,0.32824183256881667
cnv_depth__IBNLCO_02440__Transmembrane__CDS,0.9599814278257024,0.3282726734167841
cnv_depth__IBNLCO_03784__IBNLCO_03784__gene__promoter,0.9596304891555766,0.3283609083113057
cnv_depth__IBNLCO_01060__IBNLCO_01060__gene,0.9586462061589883,0.32860855084677315
cnv_depth__IBNLCO_00838__tsaE__gene,0.9586258554254398,0.328613673655609
cnv_depth__IBNLCO_00208__IBNLCO_00208__gene,0.9581594952227857,0.3287310978408436
cnv_depth__IBNLCO_00840__Methylated-DNA--[protein]-cysteine__CDS__promoter,0.9576302748373965,0.32886441730817906
cnv_depth__IBNLCO_02860__IBNLCO_02860__gene,0.9568853482290117,0.329052199037126
cnv_depth__IBNLCO_04348__HTH__CDS,0.9564193378127387,0.3291697440889503
cnv_depth__IBNLCO_02533__GDT1__CDS,0.9550966274355731,0.329503685964494
cnv_depth__IBNLCO_03845__IBNLCO_03845__gene__promoter,0.9535940195461653,0.3298835951644804
cnv_depth__IBNLCO_00356__IBNLCO_00356__gene,0.952231139338,0.33022868267854316
cnv_depth__IBNLCO_04274__Hemolysin__CDS,0.9516677438455414,0.3303714778955817
cnv_depth__IBNLCO_00903__ABC__CDS__promoter,0.9516365520220754,0.33037938601910316
cnv_depth__IBNLCO_03067__Gph_2__CDS,0.9498407681125466,0.3308351015126551
cnv_depth__IBNLCO_04912__arsR__gene,0.9473610960226154,0.3314657497252028
cnv_depth__IBNLCO_02815__IBNLCO_02815__gene__promoter,0.9469451622675306,0.3315716904751794
cnv_depth__IBNLCO_00872__IBNLCO_00872__gene,0.9468686182451734,0.3315911916194624
cnv_depth__IBNLCO_03913__DUF2946__CDS,0.9461342100393456,0.33177837505998653
cnv_depth__IBNLCO_00780__IBNLCO_00780__gene,0.9426646723310458,0.332664594307613
cnv_depth__IBNLCO_00886__Lipoprotein__CDS,0.9423855245682127,0.33273603437876487
cnv_depth__IBNLCO_00516__IBNLCO_00516__gene__promoter,0.9420731222634459,0.3328160093981679
cnv_depth__unknown__unknown__regulatory.4,0.9413616160448448,0.33299825122219123
cnv_depth__IBNLCO_04426__IBNLCO_04426__gene__promoter,0.9406326272954149,0.3331851096817429
cnv_depth__IBNLCO_00156__IBNLCO_00156__gene,0.94048838459315,0.3332220994309493
cnv_depth__IBNLCO_05467__dmlR__gene__promoter,0.9397553319333237,0.33341016933249124
cnv_depth__IBNLCO_04620__nitrate__CDS__promoter,0.9394699187112191,0.33348343262974056
cnv_depth__IBNLCO_02446__IBNLCO_02446__gene,0.9387636775456135,0.33366481193209147
cnv_depth__IBNLCO_00432__Mg__CDS,0.9386875212191205,0.333684378565864
cnv_depth__IBNLCO_03448__IBNLCO_03448__gene__promoter,0.9370015847521221,0.3341179360515501
cnv_depth__IBNLCO_04404__uspA__gene,0.9352599686990066,0.3345666063558128
cnv_depth__IBNLCO_01799__Sodium:proton__CDS__promoter,0.9327181052974105,0.3352228873092869
cnv_depth__IBNLCO_04877__IBNLCO_04877__gene,0.9314175079751283,0.3355593560773564
cnv_depth__IBNLCO_05486__hypothetical__CDS__promoter,0.9311352631478106,0.33563243366670337
cnv_depth__IBNLCO_00959__Aspartate__CDS,0.9299634561252927,0.335936061699384
cnv_depth__IBNLCO_04974__actin-based__CDS,0.9299192974763529,0.3359475109085807
cnv_depth__IBNLCO_03771__IBNLCO_03771__gene,0.9287294250776291,0.3362562120939544
cnv_depth__IBNLCO_02637__IBNLCO_02637__gene,0.9286547120661499,0.33627560840964643
cnv_depth__IBNLCO_04057__Sigma-54__CDS__promoter,0.9283114596993672,0.33636473982656434
cnv_depth__IBNLCO_03580__IBNLCO_03580__gene__promoter,0.927739042716338,0.3365134485133075
cnv_depth__IBNLCO_05424__IBNLCO_05424__gene__promoter,0.9271110614205571,0.33667669408087775
cnv_depth__IBNLCO_01797__IBNLCO_01797__gene,0.9255760366398026,0.3370761772016752
cnv_depth__IBNLCO_04630__Metallo-beta-lactamase__CDS__promoter,0.9250179138693829,0.33722158427372384
cnv_depth__IBNLCO_04904__Aspartyl/asparaginy/proline__CDS,0.9247845117686194,0.3372824172977363
cnv_depth__IBNLCO_04162__Zinc-containing__CDS__promoter,0.92414936540169,0.33744803425064496
cnv_depth__IBNLCO_05186__IBNLCO_05186__gene__promoter,0.9239071305442614,0.33751122681228535
cnv_depth__IBNLCO_04056__IBNLCO_04056__gene,0.9238688732106141,0.337521208579663
cnv_depth__IBNLCO_02219__IS5__CDS,0.9229211929451915,0.33776859598783726
cnv_depth__IBNLCO_04389__IBNLCO_04389__gene__promoter,0.9226770835420651,0.33783235915141185
cnv_depth__IBNLCO_04531__Autoinducer__CDS,0.9220388952533825,0.3379991352650552
cnv_depth__IBNLCO_05159__IBNLCO_05159__gene__promoter,0.9218032793448089,0.33806073621464333
cnv_depth__IBNLCO_02437__GTP__CDS__promoter,0.9208785608533109,0.33830264691796375
cnv_depth__IBNLCO_02866__THUMP__CDS,0.9207789700135867,0.3383287142692513
cnv_depth__IBNLCO_04883__Hypersensitivity__CDS,0.9204287880628393,0.33842039396452267
cnv_depth__IBNLCO_05416__IBNLCO_05416__gene__promoter,0.9200969596058324,0.338507299523074
cnv_depth__IBNLCO_01089__Integral__CDS__promoter,0.9197014472543428,0.3386109231545008
cnv_depth__IBNLCO_00858__superoxide__CDS,0.9189070812833067,0.3388191751271586
cnv_depth__IBNLCO_00460__Cytochrome__CDS__promoter,0.9171900337601917,0.33926990927700057
cnv_depth__IBNLCO_02649__IBNLCO_02649__gene,0.9162664113982701,0.3395126998743212
cnv_depth__IBNLCO_02235__IBNLCO_02235__gene__promoter,0.9162107442951752,0.339527340458272
cnv_depth__IBNLCO_04862__hypothetical__CDS,0.9160473332355438,0.33957032289001315
cnv_depth__IBNLCO_02206__Aspartate__CDS,0.9150118435731014,0.339842861280503
cnv_depth__IBNLCO_00156__IBNLCO_00156__gene__promoter,0.9148334126147009,0.3398898537160011
cnv_depth__IBNLCO_00456__IBNLCO_00456__gene,0.9140026918558966,0.3401087519348109
cnv_depth__IBNLCO_01714__IBNLCO_01714__gene__promoter,0.913599791279223,0.34021498642842923
cnv_depth__IBNLCO_05480__hypothetical__CDS__promoter,0.9135327528514346,0.3402326670840403
cnv_depth__IBNLCO_00130__IBNLCO_00130__gene__promoter,0.9131970728327031,0.34032121771234003
cnv_depth__IBNLCO_05079__type__CDS__promoter,0.9131666593308935,0.3403292421732718
cnv_depth__IBNLCO_04828__HTH-type__CDS,0.9124367843406936,0.3405218930243947
cnv_depth__IBNLCO_04408__hypothetical__CDS__promoter,0.9110208496793509,0.34089605027353637
cnv_depth__IBNLCO_00103__IBNLCO_00103__gene__promoter,0.910794819105853,0.3409558297415251
cnv_depth__IBNLCO_02217__Putative__CDS,0.9104430340832816,0.3410488963418255
cnv_depth__IBNLCO_00516__Maleylacetoacetate__CDS,0.9103544099566042,0.341072347744411
cnv_depth__IBNLCO_04239__hypothetical__CDS,0.9079178058828076,0.3417179687545858
cnv_depth__IBNLCO_01233__recC__gene__promoter,0.9058023264946681,0.34227984438952
cnv_depth__IBNLCO_05269__hypothetical__CDS,0.9051672600883306,0.34244876348136977
cnv_depth__IBNLCO_02623__Undecaprenyl-diphosphatase__CDS,0.9048267967397844,0.3425393686392605
cnv_depth__IBNLCO_01011__Trehalose-6-phosphate__CDS__promoter,0.9037141341048643,0.34283570049254675
cnv_depth__IBNLCO_04209__IBNLCO_04209__gene,0.902552413931942,0.3431454685735275
cnv_depth__IBNLCO_01877__IBNLCO_01877__gene,0.901865418285476,0.34332883181040713
cnv_depth__IBNLCO_04544__tnp__gene,0.9013165020666604,0.34347543633367833
cnv_depth__IBNLCO_02691__IBNLCO_02691__gene,0.9007836496182151,0.34361783177531957
cnv_depth__IBNLCO_04004__IBNLCO_04004__gene,0.90051871081744,0.3436886618160253
cnv_depth__IBNLCO_05278__Esterase__CDS,0.8993219875079087,0.3440088466544907
cnv_depth__IBNLCO_04270__EAL__CDS,0.8992783314182928,0.3440205345477103
cnv_depth__IBNLCO_00402__ABC__CDS__promoter,0.8985977381772793,0.3442028171318775
cnv_depth__IBNLCO_00909__BcKCsr7__gene,0.8967539656218393,0.34469729208373967
cnv_depth__IBNLCO_04402__IBNLCO_04402__gene__promoter,0.8963976681968974,0.344792957457686
cnv_depth__IBNLCO_01189__Lipoprotein__CDS,0.8960372575862214,0.3448897639133759
cnv_depth__IBNLCO_04792__hypothetical__CDS,0.8954259534028935,0.3450540449487521
cnv_depth__IBNLCO_02882__Crossover__CDS__promoter,0.8936023788510007,0.34554474206694874
cnv_depth__IBNLCO_00348__IBNLCO_00348__gene__promoter,0.8928599016461829,0.34574480353214176
cnv_depth__IBNLCO_04547__hypothetical__CDS__promoter,0.8916232526359087,0.34607837008024056
cnv_depth__IBNLCO_00785__DegQ__CDS__promoter,0.8906148071763504,0.34635070647420707
cnv_depth__IBNLCO_03569__IBNLCO_03569__gene,0.8889035217280551,0.34681351659585374
cnv_depth__IBNLCO_04233__IBNLCO_04233__gene,0.886784325229141,0.34738781246212014
cnv_depth__IBNLCO_03998__RND__CDS__promoter,0.8865368446289027,0.3474549634156228
cnv_depth__IBNLCO_01376__DNA-binding__CDS__promoter,0.8863608223508029,0.3475027357572722
cnv_depth__IBNLCO_05103__sctP__gene__promoter,0.8861545749598783,0.3475587225652942
cnv_depth__IBNLCO_04210__IBNLCO_04210__gene,0.8860732539257509,0.34758080091493976
cnv_depth__IBNLCO_00882__gnl|Bakta|IBNLCO_00882__CDS,0.8856428211375446,0.34769769360978864
cnv_depth__IBNLCO_03935__IBNLCO_03935__gene__promoter,0.8854125890543116,0.3477602397652585
cnv_depth__IBNLCO_04105__qseB__gene__promoter,0.8842491723275947,0.34807653485925427
cnv_depth__IBNLCO_02472__rsgA__gene__promoter,0.8842139385892336,0.3480861198825957
cnv_depth__IBNLCO_04814__IBNLCO_04814__gene,0.8838643169243059,0.34818125083801843
cnv_depth__IBNLCO_05048__Long-chain-fatty-acid-CoA__CDS__promoter,0.8838537113616209,0.3481841371323135
cnv_depth__IBNLCO_02389__IBNLCO_02389__gene,0.8836130068744082,0.3482496534163903
cnv_depth__IBNLCO_00764__IBNLCO_00764__gene,0.8826396283233608,0.34851476455187813
cnv_depth__IBNLCO_03764__IBNLCO_03764__gene__promoter,0.8807853454319859,0.3490205628468936
cnv_depth__IBNLCO_01778__gnl|Bakta|IBNLCO_01778__CDS__promoter,0.8807512569560445,0.34902987063824453
cnv_depth__IBNLCO_05754__IBNLCO_05754__gene,0.8788943015111307,0.34953742120373926
cnv_depth__IBNLCO_00150__Phage__CDS__promoter,0.8781861625535374,0.3497312381080895
cnv_depth__IBNLCO_04368__IBNLCO_04368__gene,0.8763098622240985,0.35024549012888584
cnv_depth__IBNLCO_02013__IBNLCO_02013__gene__promoter,0.875459657170764,0.35047885267120366
cnv_depth__IBNLCO_05352__Phosphoglycerate__CDS__promoter,0.8753297156505347,0.3505145374817978
cnv_depth__IBNLCO_00182__IBNLCO_00182__gene__promoter,0.8743327900041312,0.350788480652983
cnv_depth__IBNLCO_03962__FUSC__CDS__promoter,0.8742750281535178,0.3508043618885691
cnv_depth__IBNLCO_05459__IBNLCO_05459__gene,0.8739755684668067,0.3508867121022321
cnv_depth__IBNLCO_02585__Glycine__CDS__promoter,0.8735037312077122,0.35101651913252424
cnv_depth__IBNLCO_00340__IBNLCO_00340__gene__promoter,0.8733482549967199,0.35105930654643946
cnv_depth__IBNLCO_00889__IBNLCO_00889__gene__promoter,0.8717642706755013,0.351495629795833
cnv_depth__IBNLCO_04066__NADP-dependent__CDS,0.8701915763864366,0.35192957796810237
cnv_depth__IBNLCO_02224__50S__CDS,0.8699214628627706,0.3520041832957809
cnv_depth__IBNLCO_02354__sufT__gene__promoter,0.8697508396105685,0.352051320586244
cnv_depth__IBNLCO_02539__trnT__gene__promoter,0.8681699265966418,0.35248848366616764
cnv_depth__IBNLCO_05325__Glycosyltransferase__CDS__promoter,0.8679637205258777,0.3525455597842385
cnv_depth__IBNLCO_05548__Fatty__CDS,0.8665114575869256,0.35294789311302655
cnv_depth__IBNLCO_04244__IBNLCO_04244__gene,0.8660906893321486,0.35306457992222084
cnv_depth__IBNLCO_04815__IBNLCO_04815__gene__promoter,0.8658157338432858,0.3531408587453486
cnv_depth__IBNLCO_01331__hypothetical__CDS,0.8653306444025527,0.3532754885772219
cnv_depth__IBNLCO_02482__Glucose/Sorbosone__CDS,0.864569966285647,0.35348674604825037
cnv_depth__IBNLCO_02948__IBNLCO_02948__gene__promoter,0.8632721499896665,0.353847579337938
cnv_depth__IBNLCO_02370__Succinylornithine__CDS,0.862309471306646,0.35411556068262834
cnv_depth__IBNLCO_04392__Mannose-6-phosphate__CDS__promoter,0.8612820164011561,0.35440188140133444
cnv_depth__IBNLCO_05134__Ricin__CDS,0.8607004932573141,0.35456407532886214
cnv_depth__IBNLCO_02355__DUF2249__CDS,0.8602320052228236,0.3546948165724497
cnv_depth__IBNLCO_00644__IBNLCO_00644__gene__promoter,0.8595752958094889,0.3548781964275898
cnv_depth__IBNLCO_04362__IBNLCO_04362__gene,0.8591388076019313,0.35500015370842475
cnv_depth__IBNLCO_01124__DUF4126__CDS,0.8585010642714178,0.35517844643326096
cnv_depth__IBNLCO_00916__Putative__CDS__promoter,0.8575906102095869,0.3554331938359006
cnv_depth__IBNLCO_03980__ATP-dependent__CDS__promoter,0.8573504941651805,0.35550042080334704
cnv_depth__IBNLCO_04362__IBNLCO_04362__gene__promoter,0.856584093946551,0.35571511228533625
cnv_depth__IBNLCO_04359__Protein__CDS__promoter,0.8565840938918448,0.3557151123006673
cnv_depth__IBNLCO_00560__araC__gene__promoter,0.8565840938723256,0.3557151123061376
cnv_depth__IBNLCO_00563__IBNLCO_00563__gene__promoter,0.856584093870577,0.3557151123066276
cnv_depth__IBNLCO_03850__IBNLCO_03850__gene__promoter,0.8565840937755136,0.35571511233326897
cnv_depth__IBNLCO_04569__hypothetical__CDS__promoter,0.8560516454029092,0.3558643719838725
cnv_depth__IBNLCO_03597__D-amino__CDS__promoter,0.8551139628986947,0.35612743933471325
cnv_depth__IBNLCO_01107__IBNLCO_01107__gene,0.8547482595203605,0.35623011018417167
cnv_depth__IBNLCO_02696__putative__CDS,0.8547383400733323,0.35623289562642185
cnv_depth__IBNLCO_01094__Lipocalin-like__CDS__promoter,0.8545321922587955,0.3562907899994442
cnv_depth__IBNLCO_03745__IBNLCO_03745__gene,0.8540309085688433,0.3564316241413601
cnv_depth__IBNLCO_02050__2-C-methyl-D-erythritol__CDS__promoter,0.852025701343209,0.3569957485335427
cnv_depth__IBNLCO_05174__NHL__CDS__promoter,0.8491534337233926,0.3578059486129205
cnv_depth__IBNLCO_01549__IBNLCO_01549__gene__promoter,0.848602441833615,0.35796166045696365
cnv_depth__IBNLCO_03887__IBNLCO_03887__gene,0.8471851740363195,0.3583626140955245
cnv_depth__IBNLCO_04101__IBNLCO_04101__gene__promoter,0.8465347762753843,0.35854682307684776
cnv_depth__IBNLCO_02991__Glutamate__CDS,0.8460520367491828,0.3586836315690736
cnv_depth__IBNLCO_04820__IBNLCO_04820__gene__promoter,0.8445474628976484,0.3591104909259282
cnv_depth__IBNLCO_05364__hypothetical__CDS,0.8441031574369346,0.35923667806333903
cnv_depth__IBNLCO_03743__IBNLCO_03743__gene__promoter,0.8436932017642798,0.3593531638754245
cnv_depth__IBNLCO_02797__mutL__gene__promoter,0.840936310579623,0.3601378715754925
cnv_depth__IBNLCO_00485__IBNLCO_00485__gene,0.8408348163095251,0.3601668056021883
cnv_depth__IBNLCO_01136__IBNLCO_01136__gene__promoter,0.8402884193012558,0.36032262794918496
cnv_depth__IBNLCO_01247__hypothetical__CDS,0.8392374770920585,0.36062259963907506
cnv_depth__IBNLCO_03584__rbsA__gene__promoter,0.8391437510809728,0.3606493687500379
cnv_depth__IBNLCO_02744__Tol-Pal__CDS__promoter,0.8384257592034616,0.3608545258743241
cnv_depth__IBNLCO_01064__IBNLCO_01064__gene,0.8376200772165074,0.3610849317760464
cnv_depth__IBNLCO_05574__IBNLCO_05574__gene,0.8362859938295768,0.3614668961499161
cnv_depth__IBNLCO_00125__IBNLCO_00125__gene__promoter,0.8355649786868095,0.3616735646466685
cnv_depth__IBNLCO_04023__Metallopeptidase__CDS__promoter,0.8345905032509718,0.361953144168948
cnv_depth__IBNLCO_04847__Sarcosine__CDS,0.8332632303192864,0.3623344244073713
cnv_depth__IBNLCO_05437__HlyD__CDS,0.8329601593557349,0.3624215644652924
cnv_depth__IBNLCO_01172__IBNLCO_01172__gene,0.8328353616772053,0.36245745519410844
cnv_depth__IBNLCO_00146__IraD/Gp25-like__CDS,0.8292149383082424,0.3635008082598854
cnv_depth__IBNLCO_00969__OmpA-like__CDS,0.8289968105424685,0.36356380261067456
cnv_depth__IBNLCO_00720__IBNLCO_00720__gene__promoter,0.8284566293894009,0.3637198698727038
cnv_depth__IBNLCO_00417__IBNLCO_00417__gene,0.8279809401633835,0.3638573814336681
cnv_depth__IBNLCO_05425__hypothetical__CDS,0.8279281491126468,0.36387264664813035
cnv_depth__IBNLCO_04031__IBNLCO_04031__gene__promoter,0.8264323383398716,0.3643055498314615
cnv_depth__IBNLCO_03705__IBNLCO_03705__gene__promoter,0.8257619156953525,0.36449980949686106
cnv_depth__IBNLCO_00839__Epoxyqueuosine__CDS,0.8255835911197406,0.36455150454565777
cnv_depth__IBNLCO_03846__IBNLCO_03846__gene__promoter,0.8254866526534429,0.36457961060787575
cnv_depth__IBNLCO_04553__IBNLCO_04553__gene__promoter,0.8248050949168664,0.3647773046265384
cnv_depth__IBNLCO_02534__DUF4136__CDS,0.8225760895707868,0.36542489699790837
cnv_depth__IBNLCO_03671__Lead%2C__CDS__promoter,0.8222018930511831,0.3655337690631938
cnv_depth__IBNLCO_03519__IBNLCO_03519__gene,0.8219630701841286,0.36560327792566916
cnv_depth__IBNLCO_01340__IBNLCO_01340__gene__promoter,0.8217357883470487,0.36566944489149045
cnv_depth__IBNLCO_01519__Ribosome__CDS,0.8213564245269777,0.3657799235721503
cnv_depth__IBNLCO_05468__IBNLCO_05468__gene,0.8208059805557167,0.36594030705682334
cnv_depth__IBNLCO_02068__IBNLCO_02068__gene__promoter,0.8192643613834616,0.3663900121913216
cnv_depth__IBNLCO_02907__hypothetical__CDS,0.8175024893023395,0.36690491106009876
cnv_depth__IBNLCO_00922__trnL__gene,0.817500843027215,0.3669053926480224
cnv_depth__IBNLCO_00159__IBNLCO_00159__gene__promoter,0.817116713802229,0.3670177867932025
cnv_depth__IBNLCO_03641__IBNLCO_03641__gene,0.8142320818609938,0.36786335161244943
cnv_depth__IBNLCO_01881__phaR__gene,0.8140974268668235,0.3679028890956847
cnv_depth__IBNLCO_01866__OmpW__CDS__promoter,0.8115755608503765,0.36864445886865865
cnv_depth__IBNLCO_03786__IBNLCO_03786__gene__promoter,0.8114655533422671,0.3686768547602709
cnv_depth__IBNLCO_03518__Antibacterial__CDS__promoter,0.811188217410346,0.3687585445303433
cnv_depth__IBNLCO_03691__IBNLCO_03691__gene__promoter,0.8083676520107974,0.3695907864721733
cnv_depth__IBNLCO_03712__IBNLCO_03712__gene,0.8078483805282444,0.36974429015961013
cnv_depth__IBNLCO_03053__PDZ__CDS__promoter,0.8055195691817283,0.3704338172404237
cnv_depth__IBNLCO_03289__Dienelactone__CDS__promoter,0.8051892937490741,0.37053175276285016
cnv_depth__IBNLCO_04022__Leucyl__CDS,0.8039306616462222,0.3709053036856233
cnv_depth__IBNLCO_01943__alanine__CDS__promoter,0.8036123881842971,0.37099984805068154
cnv_depth__IBNLCO_02569__clcA__gene,0.8025169196223871,0.3713255196339742
cnv_depth__IBNLCO_03670__DUF4087__CDS,0.802211935896397,0.3714162595103362
cnv_depth__IBNLCO_01463__hypothetical__CDS__promoter,0.8019904093669378,0.37148218839571323
cnv_depth__IBNLCO_01349__DUF2471__CDS,0.80182924146889,0.3715301641627527
cnv_depth__IBNLCO_05060__IBNLCO_05060__gene__promoter,0.801592841687193,0.37160055035907796
cnv_depth__IBNLCO_01056__Sodium:solute__CDS__promoter,0.8001680097710593,0.3720251794609105
cnv_depth__IBNLCO_02555__trnR__gene,0.7986130111356082,0.3724893785862416
cnv_depth__IBNLCO_02093__IBNLCO_02093__gene__promoter,0.7955381613560003,0.3734096826784975
cnv_depth__IBNLCO_00853__Adenylate__CDS,0.7948675662286717,0.37361081660274836
cnv_depth__IBNLCO_05340__ISL3-like__CDS__promoter,0.7932339087029758,0.3741014434287498
cnv_depth__IBNLCO_03882__IBNLCO_03882__gene,0.7925286979337961,0.37431351543418123
cnv_depth__IBNLCO_04010__IBNLCO_04010__gene,0.7913158626312883,0.37467863703547105
cnv_depth__IBNLCO_03985__IBNLCO_03985__gene__promoter,0.7894335029445103,0.37524631173125866
cnv_depth__IBNLCO_05574__putative__CDS__promoter,0.7887164380674685,0.37546288015431123
cnv_depth__IBNLCO_02139__Glutathione__CDS__promoter,0.7878649470423009,0.37572027696916327
cnv_depth__IBNLCO_05119__Non-ribosomal__CDS__promoter,0.7868591904796847,0.37602462729944863
cnv_depth__IBNLCO_04693__IBNLCO_04693__gene,0.7821371287488093,0.37745822452176503
cnv_depth__IBNLCO_04176__DUF427__CDS__promoter,0.7818808301074851,0.3775362564056839
cnv_depth__IBNLCO_05169__IBNLCO_05169__gene,0.781192846700849,0.37774583047036664
cnv_depth__IBNLCO_01399__hypothetical__CDS__promoter,0.7809850959944354,0.3778091479893738
cnv_depth__IBNLCO_01567__Ribonuclease__CDS__promoter,0.7792248180639686,0.3783462420690976
cnv_depth__IBNLCO_02460__IBNLCO_02460__gene,0.7790959940989234,0.37838559110156045
cnv_depth__IBNLCO_03682__IBNLCO_03682__gene,0.7787745929007939,0.3784837877282946
cnv_depth__IBNLCO_00926__Adenosine__CDS,0.7786287490839151,0.37852835879371527
cnv_depth__IBNLCO_00316__IBNLCO_00316__gene,0.7762277477287033,0.37926319376318834
cnv_depth__IBNLCO_04828__betI__gene__promoter,0.7760455122717066,0.37931905002835287
cnv_depth__IBNLCO_02798__IBNLCO_02798__gene__promoter,0.7751575532329391,0.37959138163550044
cnv_depth__IBNLCO_05166__IBNLCO_05166__gene__promoter,0.7741587116002117,0.37989805150909783
cnv_depth__IBNLCO_03369__MFS__CDS,0.7734758412840957,0.380107912297875
cnv_depth__IBNLCO_05254__IBNLCO_05254__gene__promoter,0.7724817103244193,0.3804137241954467
cnv_depth__IBNLCO_01368__Two__CDS,0.7712578655964786,0.3807906795757653
cnv_depth__IBNLCO_00680__IBNLCO_00680__gene__promoter,0.7705660389444108,0.38100400308213866
cnv_depth__IBNLCO_04063__DUF2917__CDS,0.77030362774024,0.38108496148473137
cnv_depth__IBNLCO_00662__ybeY__gene,0.7688568861452871,0.38153174522860966
cnv_depth__IBNLCO_05261__IBNLCO_05261__gene,0.7680243770072599,0.381789178618007
cnv_depth__IBNLCO_03619__ImpE/SciE__CDS__promoter,0.7674945442908969,0.3819531451697036
cnv_depth__IBNLCO_00893__IBNLCO_00893__gene,0.7661358493489583,0.3823740762618027
cnv_depth__IBNLCO_05376__IBNLCO_05376__gene,0.7657711918815805,0.3824871614038821
cnv_depth__IBNLCO_04436__IBNLCO_04436__gene,0.7657647591576753,0.3824891567042605
cnv_depth__IBNLCO_04885__gnl|Bakta|IBNLCO_04885__CDS,0.7657327402916513,0.3824990885268064
cnv_depth__IBNLCO_03892__DUF1275__CDS,0.7656687582430359,0.3825189359985539
cnv_depth__IBNLCO_05675__Rhodanese__CDS,0.765667692741365,0.3825192665335741
cnv_depth__IBNLCO_04827__IBNLCO_04827__gene,0.764547571375255,0.3828669702895625
cnv_depth__IBNLCO_05148__IBNLCO_05148__gene__promoter,0.7644634135989345,0.3828931123827231
cnv_depth__IBNLCO_04243__IBNLCO_04243__gene__promoter,0.7642509965134182,0.3829591072122508
cnv_depth__IBNLCO_03062__GABA__CDS,0.7639599475186999,0.3830495580970368
cnv_depth__IBNLCO_04573__Arginine-ornithine__CDS__promoter,0.7636449562213691,0.38314748392971465
cnv_depth__IBNLCO_01172__IBNLCO_01172__gene__promoter,0.761073275494464,0.3839483142487466
cnv_depth__IBNLCO_00126__Bacteriophage__CDS,0.7600642318560881,0.3842631854465681
cnv_depth__IBNLCO_05561__cdiA-2__gene,0.7587407952946124,0.38467672103685135
cnv_depth__IBNLCO_02116__Outer__CDS__promoter,0.7585880962632958,0.384724475896307
cnv_depth__IBNLCO_01150__bamE__gene,0.7585458576875722,0.3847376870164404
cnv_depth__IBNLCO_05733__DUF892__CDS__promoter,0.75792294357461,0.3849325934092229
cnv_depth__IBNLCO_01173__IBNLCO_01173__gene__promoter,0.7578177208934578,0.38496553091391184
cnv_depth__IBNLCO_02899__RNaseP_bact_a__gene__promoter,0.7578049502748943,0.3849695287316745
cnv_depth__IBNLCO_00797__glxA__gene,0.7576379149931579,0.3850218242631862
cnv_depth__IBNLCO_03767__gnl|Bakta|IBNLCO_03767__CDS__promoter,0.757476508769159,0.38507236707647013
cnv_depth__IBNLCO_01101__xanP__gene,0.7548514095356361,0.38589572324429033
cnv_depth__IBNLCO_00828__Flavin__CDS,0.7541275443180275,0.3861232041129185
cnv_depth__IBNLCO_01204__histidine__CDS__promoter,0.7535932396113809,0.3862912369060946
cnv_depth__IBNLCO_02805__Deoxyadenosine__CDS__promoter,0.7528759129738267,0.38651699243759086
cnv_depth__IBNLCO_05073__hypothetical__CDS__promoter,0.7506473010356073,0.38721958142712076
cnv_depth__IBNLCO_05353__Aminoglycoside__CDS,0.7502914383068854,0.38733193935049726
cnv_depth__IBNLCO_03982__hypothetical__CDS__promoter,0.7488883966523452,0.38777538218812807
cnv_depth__IBNLCO_00829__msrA__gene,0.7482751175867036,0.3879694424320286
cnv_depth__IBNLCO_00929__IBNLCO_00929__gene__promoter,0.7482410570119702,0.38798022431623985
cnv_depth__IBNLCO_00806__kbaZ__gene__promoter,0.7482335247216025,0.3879826087227644
cnv_depth__IBNLCO_04356__IBNLCO_04356__gene__promoter,0.7478875498676392,0.3880921524503332
cnv_depth__IBNLCO_05383__IBNLCO_05383__gene,0.747232085995617,0.3882998091773076
cnv_depth__IBNLCO_03934__EVE__CDS__promoter,0.746007368570395,0.38868823742337216
cnv_depth__IBNLCO_00837__N-acetylmuramoyl-L-alanine__CDS,0.7450762097174246,0.3889839342977407
cnv_depth__IBNLCO_03608__hypothetical__CDS__promoter,0.7425777461190742,0.38977893779225176
cnv_depth__IBNLCO_05400__IBNLCO_05400__gene,0.7420066529189165,0.3899609853820048
cnv_depth__IBNLCO_02430__7-methyl-GTP__CDS,0.7407929585726459,0.390348280964662
cnv_depth__IBNLCO_05249__rpoD__gene__promoter,0.7404704919574915,0.3904512745029469
cnv_depth__IBNLCO_01831__IBNLCO_01831__gene__promoter,0.739400142108711,0.39079341674262136
cnv_depth__IBNLCO_00682__IBNLCO_00682__gene,0.7370383170867096,0.39154991186828675
cnv_depth__IBNLCO_02038__IBNLCO_02038__gene,0.7348177511674211,0.39226308534664844
cnv_depth__IBNLCO_03519__DUF2875__CDS__promoter,0.7345417778722764,0.3923518496581624
cnv_depth__IBNLCO_02337__Oxygen-sensitive__CDS__promoter,0.73387266995181,0.3925671823470638
cnv_depth__IBNLCO_04157__3%2C4-dihydroxyphenylacetate__CDS,0.7330281724838509,0.3928392022227975
cnv_depth__IBNLCO_00777__N5-carboxyaminoimidazole__CDS__promoter,0.7321410951980434,0.39312523016307727
cnv_depth__IBNLCO_05203__VOC__CDS,0.7317386941790301,0.39325507880506916
cnv_depth__IBNLCO_03412__IBNLCO_03412__gene__promoter,0.7316626165921075,0.39327963482988515
cnv_depth__IBNLCO_05078__type__CDS__promoter,0.7310700715697334,0.39347096991919556
cnv_depth__IBNLCO_02544__TonB-dependent__CDS__promoter,0.7303514547355531,0.39370319436126444
cnv_depth__IBNLCO_00141__IBNLCO_00141__gene__promoter,0.7298429604464853,0.3938676362340144
cnv_depth__IBNLCO_05647__Cyclase__CDS__promoter,0.7292864455307349,0.3940477211576583
cnv_depth__IBNLCO_03583__Ribose__CDS__promoter,0.7287318013096498,0.39422731905844327
cnv_depth__IBNLCO_01228__IBNLCO_01228__gene__promoter,0.7286789728255016,0.39424443147835764
cnv_depth__IBNLCO_01469__hypothetical__CDS__promoter,0.7283720783921332,0.3943438632099228
cnv_depth__IBNLCO_03877__IBNLCO_03877__gene__promoter,0.7259540719578608,0.395128550080099
cnv_depth__IBNLCO_02110__IBNLCO_02110__gene,0.7254067540722456,0.3953064779184142
cnv_depth__IBNLCO_03888__Glycosyltransferase__CDS__promoter,0.7223765559777527,0.3962936673342999
cnv_depth__IBNLCO_02342__Ubiquinone__CDS,0.7221307182029111,0.3963739137696437
cnv_depth__IBNLCO_05428__IBNLCO_05428__gene,0.7220712442931241,0.3963933307956559
cnv_depth__IBNLCO_04444__Type__CDS,0.7207953668224898,0.39681021102848313
cnv_depth__IBNLCO_05382__IBNLCO_05382__gene,0.7197290817604751,0.3971590966192524
cnv_depth__IBNLCO_03933__gnl|Bakta|IBNLCO_03933__CDS,0.7194345975107354,0.39725552944393394
cnv_depth__IBNLCO_00560__araC__gene,0.7188055311755057,0.39746163944684937
cnv_depth__IBNLCO_00348__4-hydroxy-tetrahydrodipicolinate__CDS,0.7183966640280393,0.3975956856240127
cnv_depth__IBNLCO_01102__IBNLCO_01102__gene,0.7183076691771233,0.39762487107768746
cnv_depth__IBNLCO_02486__D-amino__CDS,0.7180869411630916,0.39769727123578413
cnv_depth__IBNLCO_05657__IBNLCO_05657__gene__promoter,0.7175172148868391,0.3978842334243822
cnv_depth__IBNLCO_05482__Metal/formaldehyde-sensitive__CDS__promoter,0.7175129469773402,0.39788563446898145
cnv_depth__IBNLCO_00471__imuA__gene,0.7150858181813192,0.3986835600582241
cnv_depth__IBNLCO_01035__DNA__CDS__promoter,0.7144681161240337,0.3988870024286197
cnv_depth__IBNLCO_01323__Phosphate__CDS,0.7135529045006934,0.39918870813849944
cnv_depth__IBNLCO_02491__metI__gene,0.7133457669412294,0.3992570384769898
cnv_depth__IBNLCO_04999__bprD__gene,0.7130745518540893,0.3993465323649655
cnv_depth__IBNLCO_05347__TonB-dependent__CDS,0.7113342754246833,0.3999214730075632
cnv_depth__IBNLCO_01388__gnl|Bakta|IBNLCO_01388__CDS,0.710647967729219,0.4001485418669408
cnv_depth__IBNLCO_04961__NH(3)-dependent__CDS__promoter,0.7096556039519165,0.4004772032152971
cnv_depth__IBNLCO_02604__IBNLCO_02604__gene__promoter,0.7088958659224844,0.40072908693668124
cnv_depth__IBNLCO_05747__IBNLCO_05747__gene__promoter,0.7086860308408933,0.4007986963845205
cnv_depth__IBNLCO_00267__flagellar__CDS,0.7079228705010444,0.401052011313336
cnv_depth__IBNLCO_05493__Xaa-Pro__CDS,0.7073115746412122,0.4012550864030324
cnv_depth__IBNLCO_01142__IBNLCO_01142__gene,0.7070610193211267,0.4013383652669427
cnv_depth__IBNLCO_05596__tssK1__gene,0.7039321639410246,0.40238045220331164
cnv_depth__IBNLCO_01020__IBNLCO_01020__gene__promoter,0.7033187342103763,0.4025852222419492
cnv_depth__IBNLCO_05288__histidine__CDS,0.7028784368441009,0.4027322925119286
cnv_depth__IBNLCO_01193__rrs__gene__promoter,0.7027737449612308,0.4027672737543606
cnv_depth__IBNLCO_01137__IBNLCO_01137__gene__promoter,0.7027539307851357,0.4027738948674949
cnv_depth__IBNLCO_05753__IBNLCO_05753__gene__promoter,0.7023745038020078,0.40290071502983515
cnv_depth__IBNLCO_05739__IBNLCO_05739__gene__promoter,0.7021149130606719,0.4029875145925851
cnv_depth__IBNLCO_01573__ABC__CDS__promoter,0.7007063811685192,0.4034589633881319
cnv_depth__IBNLCO_01917__surE__gene__promoter,0.6997462528270175,0.40378078971927434
cnv_depth__IBNLCO_00255__IBNLCO_00255__gene__promoter,0.6997280636465768,0.4037868901919314
cnv_depth__IBNLCO_00300__IBNLCO_00300__gene,0.6996461756761411,0.4038143562839543
cnv_depth__IBNLCO_03074__IBNLCO_03074__gene,0.6976097216908829,0.4044982849788263
cnv_depth__IBNLCO_03237__23S__rRNA,0.6970783128471927,0.404677033908481
cnv_depth__IBNLCO_01806__Heme__CDS,0.695978022670362,0.4050475043404596
cnv_depth__IBNLCO_01009__IBNLCO_01009__gene,0.6927005519179851,0.40615398803419883
cnv_depth__IBNLCO_02531__IBNLCO_02531__gene__promoter,0.690493490886057,0.40690159938929854
cnv_depth__IBNLCO_00478__gnl|Bakta|IBNLCO_00478__CDS__promoter,0.6897812524424285,0.40714329176235153
cnv_depth__IBNLCO_04189__IBNLCO_04189__gene__promoter,0.6897668486034746,0.4071481817652923
cnv_depth__IBNLCO_02538__IBNLCO_02538__gene,0.6893145671318389,0.4073017720981286
cnv_depth__IBNLCO_04784__IBNLCO_04784__gene,0.6880148028115357,0.4077436337468926
cnv_depth__IBNLCO_02323__Urocanate__CDS,0.6871623602442186,0.40803380899509645
cnv_depth__IBNLCO_01656__Putative__CDS__promoter,0.6867313030425,0.40818065848237906
cnv_depth__IBNLCO_00959__Aspartate__CDS__promoter,0.6858938801581054,0.40846616818845843
cnv_depth__IBNLCO_01937__IBNLCO_01937__gene__promoter,0.6847331290932835,0.4088623994807181
cnv_depth__IBNLCO_02258__Cysteine__CDS__promoter,0.6842366353394752,0.4090320543479964
cnv_depth__IBNLCO_02879__tRNA__CDS__promoter,0.6833510068621852,0.4093349365504047
cnv_depth__IBNLCO_02073__IBNLCO_02073__gene__promoter,0.6833123924222113,0.4093481500903139
cnv_depth__IBNLCO_05472__diguanylate__CDS__promoter,0.6816933161342174,0.40990275111153995
cnv_depth__IBNLCO_03599__IBNLCO_03599__gene,0.6796973630415698,0.41058797526184293
cnv_depth__IBNLCO_04075__HTH__CDS__promoter,0.6770896991371279,0.41148575578727625
cnv_depth__IBNLCO_05602__IBNLCO_05602__gene,0.6766192962231298,0.41164801752891256
cnv_depth__IBNLCO_00598__IBNLCO_00598__gene,0.676093878248607,0.41182936818656574
cnv_depth__IBNLCO_00459__IBNLCO_00459__gene,0.67496441587026,0.41221960818699505
cnv_depth__IBNLCO_05472__diguanylate__CDS,0.6749405413120143,0.41222786297933767
cnv_depth__IBNLCO_05446__IBNLCO_05446__gene,0.6743673743285518,0.41242611287627956
cnv_depth__IBNLCO_01100__IBNLCO_01100__gene,0.6740075665051358,0.41255063715695034
cnv_depth__IBNLCO_05653__opgC__gene__promoter,0.6733748585460103,0.41276974330728744
cnv_depth__IBNLCO_04277__Leucine-responsive__CDS__promoter,0.6724777467323564,0.4130807078702779
cnv_depth__IBNLCO_03581__IBNLCO_03581__gene__promoter,0.6719632812546107,0.41325919294109587
cnv_depth__IBNLCO_02177__IBNLCO_02177__gene__promoter,0.6709608318739657,0.41360730432959986
cnv_depth__IBNLCO_05376__hypothetical__CDS__promoter,0.6703428108218744,0.41382213555538844
cnv_depth__IBNLCO_04291__IBNLCO_04291__gene__promoter,0.6679393306701411,0.4146591890190307
cnv_depth__IBNLCO_03929__puuA__gene__promoter,0.6672851061980265,0.41488746928862963
cnv_depth__IBNLCO_03607__IBNLCO_03607__gene,0.6667218902987119,0.415084143291356
cnv_depth__IBNLCO_03030__rrf__gene,0.6658297974197039,0.4153959442285713
cnv_depth__IBNLCO_05486__hypothetical__CDS,0.6655094339048476,0.415508001454654
cnv_depth__IBNLCO_04494__IBNLCO_04494__gene,0.6651025913441313,0.41565037225236623
cnv_depth__IBNLCO_00983__Phosphoenolpyruvate__CDS__promoter,0.6642594319224582,0.41594565921699483
cnv_depth__IBNLCO_00622__IBNLCO_00622__gene__promoter,0.6641456452950459,0.4159855328858465
cnv_depth__IBNLCO_00520__IBNLCO_00520__gene,0.6631537899439671,0.41633334475361494
cnv_depth__IBNLCO_05284__CHAD__CDS,0.6620380838575024,0.41672510478010555
cnv_depth__IBNLCO_00149__IBNLCO_00149__gene,0.6620312414599581,0.4167275090579058
cnv_depth__IBNLCO_02812__IBNLCO_02812__gene__promoter,0.6615787230455628,0.41688656060926244
cnv_depth__IBNLCO_01054__IBNLCO_01054__gene,0.6612529063488645,0.4170011349454575
cnv_depth__IBNLCO_01523__IBNLCO_01523__gene__promoter,0.6611867754634742,0.41702439578125766
cnv_depth__IBNLCO_00513__IBNLCO_00513__gene__promoter,0.6609896700939941,0.41709373697088264
cnv_depth__IBNLCO_01048__EamA__CDS__promoter,0.6606958130786069,0.41719714706522604
cnv_depth__IBNLCO_04510__Major__CDS__promoter,0.6600757055923477,0.41741549216935064
cnv_depth__IBNLCO_04178__IBNLCO_04178__gene__promoter,0.6598605923251841,0.4174912751789267
cnv_depth__IBNLCO_05402__hypothetical__CDS__promoter,0.6588952653638714,0.4178316063909339
cnv_depth__IBNLCO_02760__gnl|Bakta|IBNLCO_02760__CDS__promoter,0.6584296218953513,0.41799591948884013
cnv_depth__IBNLCO_00290__IBNLCO_00290__gene__promoter,0.65627568630198,0.41875724205264814
cnv_depth__IBNLCO_02684__PPE-repeat__CDS,0.6512167189970749,0.4205535380192459
cnv_depth__IBNLCO_01139__hypothetical__CDS__promoter,0.6507378887291403,0.420724154201793
cnv_depth__IBNLCO_00616__IBNLCO_00616__gene,0.6502892043323243,0.4208841229719077
cnv_depth__IBNLCO_02441__IBNLCO_02441__gene__promoter,0.6490403925764999,0.4213298401657565
cnv_depth__IBNLCO_01320__pstB__gene__promoter,0.6489115245095173,0.4213758751318066
cnv_depth__IBNLCO_04528__Branched-chain__CDS__promoter,0.6484909587773718,0.42152616444285335
cnv_depth__IBNLCO_05194__3-isopropylmalate__CDS,0.6482672811613895,0.4216061284672725
cnv_depth__IBNLCO_05490__IBNLCO_05490__gene__promoter,0.6476975408270744,0.4218099116222641
cnv_depth__IBNLCO_00718__IBNLCO_00718__gene,0.6476624872348339,0.42182245432011406
cnv_depth__IBNLCO_03663__lysR__gene,0.6466972509465952,0.42216805027119664
cnv_depth__IBNLCO_04166__IBNLCO_04166__gene,0.6459142336906973,0.4224487163542938
cnv_depth__IBNLCO_01345__trnR__gene__promoter,0.6457206269465359,0.42251815630207595
cnv_depth__IBNLCO_00807__Sugar__CDS,0.6451446682416824,0.42272483388377097
cnv_depth__IBNLCO_04440__IBNLCO_04440__gene,0.6450284129976828,0.4227665694502356
cnv_depth__IBNLCO_05129__IBNLCO_05129__gene,0.6426121661594179,0.42363540468975674
cnv_depth__IBNLCO_00904__ABC__CDS__promoter,0.6402928577228972,0.4244719118865678
cnv_depth__IBNLCO_02612__IBNLCO_02612__gene__promoter,0.6402832530100093,0.42447538119658473
cnv_depth__IBNLCO_01520__Transcription__CDS,0.6400103984584958,0.42457395659685737
cnv_depth__IBNLCO_03349__PAAR__CDS,0.6398973367424811,0.4246148130206049
cnv_depth__IBNLCO_03488__YncE__CDS,0.639467888788127,0.42477005400337997
cnv_depth__IBNLCO_00908__IBNLCO_00908__gene__promoter,0.6393190977329991,0.42482386037560216
cnv_depth__IBNLCO_04337__hypothetical__CDS__promoter,0.6375791076468393,0.4254538453526482
cnv_depth__IBNLCO_02548__3'-5'__CDS,0.6369444761059643,0.42568397224982574
cnv_depth__IBNLCO_04770__hypothetical__CDS__promoter,0.6362802909767851,0.42592501691742035
cnv_depth__IBNLCO_03168__IBNLCO_03168__gene__promoter,0.6361571076442339,0.4259697449981397
cnv_depth__IBNLCO_05742__IBNLCO_05742__gene__promoter,0.6356074744050655,0.4261694042036164
cnv_depth__IBNLCO_01191__IBNLCO_01191__gene__promoter,0.6343620243639434,0.4266223483657493
cnv_depth__IBNLCO_01353__gntR__gene__promoter,0.6341994528214572,0.42668152589320857
cnv_depth__IBNLCO_02923__IBNLCO_02923__gene__promoter,0.6332499231535519,0.4270274113235218
cnv_depth__IBNLCO_05473__hypothetical__CDS__promoter,0.6329412820735213,0.4271399313729517
cnv_depth__IBNLCO_04433__AB__CDS__promoter,0.632727380345219,0.4272179389766617
cnv_depth__IBNLCO_04933__DUF3326__CDS__promoter,0.6320523511247055,0.427464256029111
cnv_depth__IBNLCO_04840__IBNLCO_04840__gene,0.6304744827816573,0.42804085641947776
cnv_depth__IBNLCO_05494__IBNLCO_05494__gene__promoter,0.629654972552372,0.4283407947077405
cnv_depth__IBNLCO_01117__IBNLCO_01117__gene,0.6296166303109314,0.42835483564715865
cnv_depth__IBNLCO_02701__IBNLCO_02701__gene,0.6294101301781744,0.42843046804300466
cnv_depth__IBNLCO_05570__IBNLCO_05570__gene,0.6293847687456215,0.428439758273981
cnv_depth__IBNLCO_02425__Malonyl__CDS__promoter,0.6286308641769157,0.42871606302628573
cnv_depth__IBNLCO_02249__IBNLCO_02249__gene__promoter,0.6250659410756534,0.43002626805136085
cnv_depth__IBNLCO_05570__IBNLCO_05570__gene__promoter,0.6243443339446527,0.43029221755135466
cnv_depth__IBNLCO_05341__YCII-related__CDS,0.6234325224822677,0.4306286246482621
cnv_depth__IBNLCO_00563__IBNLCO_00563__gene,0.6232208335897668,0.43070678309671573
cnv_depth__IBNLCO_04231__gntR__gene__promoter,0.6229976108859353,0.43078922334519926
cnv_depth__IBNLCO_05045__hypothetical__CDS__promoter,0.6225697849638332,0.43094729438485185
cnv_depth__IBNLCO_05411__IBNLCO_05411__gene__promoter,0.622357547044267,0.43102574374674185
cnv_depth__IBNLCO_04441__IBNLCO_04441__gene,0.6214595791361931,0.43135789949593756
cnv_depth__IBNLCO_04139__IBNLCO_04139__gene__promoter,0.6210575777945025,0.4315067248348301
cnv_depth__IBNLCO_04287__histidine__CDS__promoter,0.6207267955200283,0.43162924269528985
cnv_depth__IBNLCO_02400__tRNA-Cys(gca)__tRNA,0.6200687734360271,0.431873123816883
cnv_depth__IBNLCO_02812__IBNLCO_02812__gene,0.6184493967871922,0.4324742038832065
cnv_depth__IBNLCO_04228__IBNLCO_04228__gene__promoter,0.6182526932168605,0.43254730309924866
cnv_depth__IBNLCO_00389__DUF3108__CDS__promoter,0.617603078349566,0.4327888475993966
cnv_depth__IBNLCO_00460__Cytochrome__CDS,0.6175171360825168,0.4328208186760531
cnv_depth__IBNLCO_00979__IBNLCO_00979__gene,0.6158616649084242,0.4334373682550862
cnv_depth__IBNLCO_02251__Glycine__CDS__promoter,0.6154755121958504,0.43358137642381567
cnv_depth__IBNLCO_04851__IBNLCO_04851__gene__promoter,0.6141526817853739,0.4340752545161123
cnv_depth__IBNLCO_04995__Ubiquitin-specific__CDS,0.6134213214798596,0.4343486764794477
cnv_depth__IBNLCO_00686__IBNLCO_00686__gene__promoter,0.6132418326849705,0.434415819299079
cnv_depth__IBNLCO_02372__HTH-type__CDS,0.6125894014781252,0.43466001318373904
cnv_depth__IBNLCO_04028__L-carnitine__CDS__promoter,0.6120680165672461,0.4348553095715516
cnv_depth__IBNLCO_02741__Serine__CDS__promoter,0.6120246978000117,0.43487154162255776
cnv_depth__IBNLCO_02618__gnl|Bakta|IBNLCO_02618__CDS,0.6119941655371395,0.4348829829769022
cnv_depth__IBNLCO_04144__IBNLCO_04144__gene,0.6093507141981176,0.43587531244608185
cnv_depth__IBNLCO_05337__RNA__CDS,0.6076316532780718,0.43652249547866045
cnv_depth__IBNLCO_02463__IBNLCO_02463__gene,0.6068216665301456,0.4368279457025052
cnv_depth__IBNLCO_02346__IBNLCO_02346__gene__promoter,0.6056596703505133,0.437266713397504
cnv_depth__IBNLCO_01328__Histidine__CDS,0.6039752224585323,0.4379039600923996
cnv_depth__IBNLCO_05232__hypothetical__CDS,0.6028580862655438,0.4383273731808855
cnv_depth__IBNLCO_02280__IBNLCO_02280__gene__promoter,0.6011024532519473,0.43899406018470993
cnv_depth__IBNLCO_01115__Potassium-transporting__CDS,0.5988344816964924,0.4398576162519265
cnv_depth__IBNLCO_04241__IBNLCO_04241__gene__promoter,0.5955082925615119,0.44112884418606596
cnv_depth__IBNLCO_00710__IBNLCO_00710__gene__promoter,0.5943198022081079,0.4415844455869382
cnv_depth__IBNLCO_00213__eamA__gene__promoter,0.5922379805604983,0.4423842549251939
cnv_depth__IBNLCO_05165__Porin__CDS,0.5908573986939313,0.4429158931072335
cnv_depth__IBNLCO_02362__IBNLCO_02362__gene__promoter,0.5903264734842193,0.44312060652167495
cnv_depth__IBNLCO_03222__recQ__gene__promoter,0.5899032102018724,0.44328391277865764
cnv_depth__IBNLCO_03992__IBNLCO_03992__gene,0.5895583007278451,0.44341705698971834
cnv_depth__IBNLCO_03756__IBNLCO_03756__gene__promoter,0.5893757850739804,0.44348753794379003
cnv_depth__IBNLCO_05040__IBNLCO_05040__gene__promoter,0.5890434628402371,0.44361591337322104
cnv_depth__IBNLCO_04670__PAAR__CDS__promoter,0.5884564926844317,0.44384279953434036
cnv_depth__IBNLCO_02046__IBNLCO_02046__gene__promoter,0.5877185749393542,0.44412828797952125
cnv_depth__IBNLCO_01391__gnl|Bakta|IBNLCO_01391__CDS__promoter,0.5872602850572101,0.4443057363065137
cnv_depth__IBNLCO_03580__IBNLCO_03580__gene,0.5867043176500437,0.4445211527403963
cnv_depth__IBNLCO_01032__IBNLCO_01032__gene__promoter,0.5857326941797716,0.444898009616665
cnv_depth__IBNLCO_05727__PRC-barrel__CDS,0.5854395668581668,0.4450118002839847
cnv_depth__IBNLCO_02433__IBNLCO_02433__gene,0.5849182455578769,0.44521428650707034
cnv_depth__IBNLCO_04189__gnl|Bakta|IBNLCO_04189__CDS,0.5835678461423627,0.4457394608533157
cnv_depth__IBNLCO_02329__IBNLCO_02329__gene,0.583309988191725,0.4458398520676753
cnv_depth__IBNLCO_02102__hflK__gene,0.582869809594403,0.4460113069991875
cnv_depth__IBNLCO_00451__Malonyl-[acyl-carrier__CDS__promoter,0.5822364986602766,0.44625816932236195
cnv_depth__IBNLCO_00823__IBNLCO_00823__gene__promoter,0.5802540075555366,0.4470323135917644
cnv_depth__IBNLCO_03702__IBNLCO_03702__gene__promoter,0.5787175500427625,0.4476337257875741
cnv_depth__IBNLCO_04738__IBNLCO_04738__gene__promoter,0.5783599069053723,0.4477738982338016
cnv_depth__IBNLCO_05730__Type-4__CDS,0.5783475668022408,0.44777873595939943
cnv_depth__IBNLCO_03698__IBNLCO_03698__gene__promoter,0.5779929200594517,0.4479178039729725
cnv_depth__IBNLCO_05530__IBNLCO_05530__gene,0.5773591757806013,0.4481664826518763
cnv_depth__IBNLCO_02646__IBNLCO_02646__gene__promoter,0.5772002314117926,0.44822888556868035
cnv_depth__IBNLCO_03774__IBNLCO_03774__gene,0.5756578546885635,0.44883514099907335
cnv_depth__IBNLCO_05470__ethA__gene,0.5754954260316542,0.4488990606640718
cnv_depth__IBNLCO_03674__asmA__gene__promoter,0.5752183782200947,0.4490081186035808
cnv_depth__IBNLCO_04425__IBNLCO_04425__gene__promoter,0.5750799709070891,0.4490626171860246
cnv_depth__IBNLCO_00453__IBNLCO_00453__gene__promoter,0.5740325870018925,0.44947536529154375
cnv_depth__IBNLCO_02955__araG__gene__promoter,0.5736365668188083,0.4496315816124421
cnv_depth__IBNLCO_03906__NAD-dependent__CDS,0.5731641747227829,0.4498180351182032
cnv_depth__IBNLCO_03990__tssM__gene,0.5728806420953533,0.44993000375211145
cnv_depth__IBNLCO_04410__Arylamine__CDS__promoter,0.5723515153452414,0.45013907557506866
cnv_depth__IBNLCO_00381__IBNLCO_00381__gene,0.5710323517553101,0.4506609744229717
cnv_depth__IBNLCO_05263__IBNLCO_05263__gene,0.5708052997266364,0.450750898299477
cnv_depth__IBNLCO_00531__IBNLCO_00531__gene,0.5691705694790553,0.45139916360920784
cnv_depth__IBNLCO_03367__IBNLCO_03367__gene__promoter,0.5672026575540432,0.452181496643928
cnv_depth__IBNLCO_03850__hypothetical__CDS,0.5668451709190536,0.4523238420226784
cnv_depth__IBNLCO_05639__IBNLCO_05639__gene,0.5663790002697772,0.45250956937571524
cnv_depth__IBNLCO_05318__Metal-dependent__CDS__promoter,0.5660475215484634,0.45264170693003625
cnv_depth__IBNLCO_03963__HTH__CDS,0.5642889260963744,0.453343752445508
cnv_depth__IBNLCO_01255__hypothetical__CDS,0.5631476083508746,0.45380029269677236
cnv_depth__IBNLCO_03081__Malonic__CDS__promoter,0.5631331213417147,0.45380609231786234
cnv_depth__IBNLCO_02254__Chaperone__CDS__promoter,0.5618759414359209,0.45430982726060787
cnv_depth__IBNLCO_03873__gnl|Bakta|IBNLCO_03873__CDS__promoter,0.5615689485192191,0.45443296897568053
cnv_depth__IBNLCO_05370__Chemotaxis__CDS,0.5614720762333674,0.45447183753090126
cnv_depth__IBNLCO_05238__lysM__gene,0.56031920300872,0.4549348132647799
cnv_depth__IBNLCO_03999__IBNLCO_03999__gene,0.559477288922479,0.45527338282205576
cnv_depth__IBNLCO_00886__Lipoprotein__CDS__promoter,0.5583487339722119,0.4557278470348625
cnv_depth__IBNLCO_05474__gnl|Bakta|IBNLCO_05474__CDS__promoter,0.5573372010081087,0.4561357961143666
cnv_depth__IBNLCO_02449__trnN__gene,0.5572457746894793,0.45617269658070736
cnv_depth__IBNLCO_00688__IBNLCO_00688__gene__promoter,0.5564180178733021,0.4565070013591181
cnv_depth__IBNLCO_04489__IBNLCO_04489__gene__promoter,0.5563053647853033,0.4565525283167059
cnv_depth__IBNLCO_02373__Histidine__CDS__promoter,0.555089007875367,0.4570445573695846
cnv_depth__IBNLCO_04809__IBNLCO_04809__gene__promoter,0.5550779228492071,0.4570490452351414
cnv_depth__IBNLCO_00622__IBNLCO_00622__gene,0.5545215855043346,0.457274372682604
cnv_depth__IBNLCO_05453__IBNLCO_05453__gene__promoter,0.5543858473225411,0.45732937597245427
cnv_depth__IBNLCO_03945__IBNLCO_03945__gene,0.5542056651453174,0.4574024048646768
cnv_depth__IBNLCO_04935__IBNLCO_04935__gene__promoter,0.5537408825348555,0.4575908692550385
cnv_depth__IBNLCO_04442__blaPEN-I__gene,0.5519092735255474,0.45833476621298924
cnv_depth__IBNLCO_01148__IBNLCO_01148__gene__promoter,0.5518148604239929,0.4583731634695464
cnv_depth__IBNLCO_02134__2%2C3%2C4%2C5-tetrahydropyridine-2%2C6-dicarboxylate__CDS__promoter,0.5516447471097385,0.4584423604377134
cnv_depth__IBNLCO_05454__IBNLCO_05454__gene__promoter,0.5512812750886873,0.4585902654300375
cnv_depth__IBNLCO_02639__Urease__CDS,0.5511576523501146,0.4586405875716298
cnv_depth__IBNLCO_02485__IBNLCO_02485__gene__promoter,0.5502960831107448,0.45899154328147895
cnv_depth__IBNLCO_02616__IBNLCO_02616__gene__promoter,0.5501986242011432,0.45903126948989753
cnv_depth__IBNLCO_03988__tssK__gene,0.5486616183406348,0.4596585067079255
cnv_depth__IBNLCO_00715__Putative__CDS__promoter,0.548374394149777,0.45977587111764395
cnv_depth__IBNLCO_02427__IBNLCO_02427__gene,0.5479573322798463,0.4599463740967714
cnv_depth__IBNLCO_01805__IBNLCO_01805__gene__promoter,0.547591482440893,0.46009602338450045
cnv_depth__IBNLCO_05539__IBNLCO_05539__gene__promoter,0.5462045392875201,0.46066405036217795
cnv_depth__IBNLCO_01185__gnl|Bakta|IBNLCO_01185__CDS,0.5456821247341374,0.46087829629278526
cnv_depth__IBNLCO_01762__IBNLCO_01762__gene__promoter,0.5455482257432673,0.46093323476399184
cnv_depth__IBNLCO_04010__4Fe-4S__CDS__promoter,0.5443542867933172,0.46142356687889363
cnv_depth__IBNLCO_00654__IBNLCO_00654__gene__promoter,0.5440217676535962,0.4615602752766371
cnv_depth__IBNLCO_02261__IBNLCO_02261__gene__promoter,0.5439659270523158,0.4615832393208552
cnv_depth__IBNLCO_05528__IBNLCO_05528__gene,0.5439467290464536,0.4615911347828884
cnv_depth__IBNLCO_02518__IBNLCO_02518__gene__promoter,0.5413423792891917,0.46266421188520696
cnv_depth__IBNLCO_03782__Iron-sulfur__CDS__promoter,0.5411885815609406,0.46272770603768254
cnv_depth__IBNLCO_02144__Lysophospholipid__CDS,0.5407320355581451,0.4629162693670671
cnv_depth__IBNLCO_02301__trnV__gene__promoter,0.5393299776725248,0.46349611758524184
cnv_depth__IBNLCO_02771__UDP-3-O-[3-hydroxymyristoyl]__CDS,0.5387097418268741,0.4637529986722815
cnv_depth__IBNLCO_05203__IBNLCO_05203__gene__promoter,0.5371638174413789,0.4643942615498199
cnv_depth__IBNLCO_02583__Thioredoxin__CDS__promoter,0.5350711570529294,0.46526458014572497
cnv_depth__IBNLCO_04319__Rhodanese__CDS__promoter,0.5349463055902753,0.46531658736919507
cnv_depth__IBNLCO_02794__IBNLCO_02794__gene__promoter,0.5343968438968677,0.4655455780080457
cnv_depth__IBNLCO_04830__IBNLCO_04830__gene__promoter,0.5339447649984037,0.46573411951913307
cnv_depth__IBNLCO_00253__IBNLCO_00253__gene__promoter,0.5338456357457779,0.4657754781929972
cnv_depth__IBNLCO_04251__IBNLCO_04251__gene,0.5331681360143091,0.46605830230087286
cnv_depth__IBNLCO_00118__16S__CDS__promoter,0.5330675436858835,0.46610031834832916
cnv_depth__IBNLCO_02930__hypothetical__CDS,0.5330494825885617,0.4661078628670793
cnv_depth__IBNLCO_02688__HTH__CDS,0.5322366756556118,0.46644759337973485
cnv_depth__IBNLCO_04355__Homoserine/homoserine__CDS,0.5318641162248225,0.46660344575044693
cnv_depth__IBNLCO_04157__IBNLCO_04157__gene__promoter,0.5317322007196529,0.46665864987768374
cnv_depth__IBNLCO_05225__hypothetical__CDS,0.5312070494984534,0.46687851978008255
cnv_depth__IBNLCO_00145__IBNLCO_00145__gene__promoter,0.5310943721125205,0.46692571715981646
cnv_depth__IBNLCO_05356__gnl|Bakta|IBNLCO_05356__CDS,0.5303093911505893,0.46725473657923455
cnv_depth__IBNLCO_01323__phoR__gene__promoter,0.530268513436766,0.46727188040901446
cnv_depth__IBNLCO_04443__LysR__CDS,0.5265200514039234,0.468848274836999
cnv_depth__IBNLCO_05183__IBNLCO_05183__gene,0.5261798554804273,0.4689917664561444
cnv_depth__IBNLCO_02807__Isochorismate__CDS,0.5260572520851667,0.46904349684737284
cnv_depth__IBNLCO_02480__rimM__gene,0.5232434969607834,0.4702332488447214
cnv_depth__IBNLCO_01811__IBNLCO_01811__gene,0.5229138285923993,0.47037296299407066
cnv_depth__IBNLCO_02975__IBNLCO_02975__gene,0.5225478206757217,0.47052815656874325
cnv_depth__IBNLCO_01243__Phosphomethylpyrimidine__CDS,0.5222356916629713,0.47066057001209377
cnv_depth__IBNLCO_04873__gnl|Bakta|IBNLCO_04873__CDS,0.5212535752190152,0.4710776035423605
cnv_depth__IBNLCO_01019__hypothetical__CDS__promoter,0.5199341022562323,0.4716388304230239
cnv_depth__IBNLCO_02638__IBNLCO_02638__gene,0.5189053469706039,0.4720771549827782
cnv_depth__IBNLCO_05192__IBNLCO_05192__gene__promoter,0.517883499749095,0.47251319051486823
cnv_depth__IBNLCO_05555__hypothetical__CDS,0.5162354487354577,0.47321781399835866
cnv_depth__IBNLCO_00160__IBNLCO_00160__gene__promoter,0.5151653553506012,0.4736762464064239
cnv_depth__IBNLCO_00327__Porin__CDS__promoter,0.5148490652095663,0.47381188464712715
cnv_depth__IBNLCO_05538__IBNLCO_05538__gene__promoter,0.514197422790683,0.4740915349818911
cnv_depth__IBNLCO_05071__gnl|Bakta|IBNLCO_05071__CDS,0.513890545433157,0.47422332347049634
cnv_depth__IBNLCO_00669__IBNLCO_00669__gene,0.5137137546176479,0.47429927335849725
cnv_depth__IBNLCO_00879__clpS__gene__promoter,0.5121492600250366,0.4749722491322535
cnv_depth__IBNLCO_01581__IBNLCO_01581__gene,0.5117607671116676,0.4751396025544706
cnv_depth__IBNLCO_02690__HTH__CDS__promoter,0.5115015868667958,0.4752513046350864
cnv_depth__IBNLCO_03775__metN__gene,0.5113560057907784,0.4753140662694152
cnv_depth__IBNLCO_03751__nodT__gene,0.5110725741198954,0.47543629561315937
cnv_depth__IBNLCO_03766__IBNLCO_03766__gene,0.5103844822200583,0.4757332472533302
cnv_depth__IBNLCO_05343__DUF883__CDS__promoter,0.5102423012882772,0.47579464430662916
cnv_depth__IBNLCO_00675__ridA__gene,0.5098590498371087,0.4759602056661157
cnv_depth__IBNLCO_03347__DUF3396__CDS,0.5098369146275442,0.47596977075977054
cnv_depth__IBNLCO_01071__IBNLCO_01071__gene,0.5066602661888101,0.47734573085958243
cnv_depth__IBNLCO_05855__IBNLCO_05855__gene__promoter,0.5066287921871387,0.4773593962928387
cnv_depth__IBNLCO_04234__Di-heme__CDS,0.5052833813400681,0.47794414813555375
cnv_depth__IBNLCO_05213__Citrate__CDS,0.5034925796265992,0.4787243008212486
cnv_depth__IBNLCO_03351__Site-specific__CDS,0.5028117187182501,0.47902146192364464
cnv_depth__IBNLCO_02767__IBNLCO_02767__gene,0.5016514607298835,0.4795285532693582
cnv_depth__IBNLCO_01124__DUF4126__CDS__promoter,0.5015862270455237,0.4795570898469203
cnv_depth__IBNLCO_02348__nnrS__gene,0.5010593063079399,0.479787694431078
cnv_depth__IBNLCO_01493__trnV__gene__promoter,0.5005606489748041,0.4800060974737629
cnv_depth__IBNLCO_04408__IBNLCO_04408__gene,0.5004434816481845,0.480057438381268
cnv_depth__IBNLCO_03854__IBNLCO_03854__gene__promoter,0.49835672728668207,0.4809733364440399
cnv_depth__IBNLCO_00101__gnl|Bakta|IBNLCO_00101__CDS__promoter,0.4983152518454892,0.48099156957596767
cnv_depth__IBNLCO_02869__birA__gene,0.49818619897933036,0.4810483101374518
cnv_depth__IBNLCO_02851__S-adenosylmethionine:tRNA__CDS__promoter,0.4976983869013825,0.48126288563675335
cnv_depth__IBNLCO_00869__IBNLCO_00869__gene__promoter,0.4976203988253087,0.48129720512060814
cnv_depth__IBNLCO_01184__IBNLCO_01184__gene,0.4966931023873005,0.48170558094907956
cnv_depth__IBNLCO_05085__type__CDS__promoter,0.4965708028113114,0.4817594835701487
cnv_depth__IBNLCO_01807__IBNLCO_01807__gene,0.4959890072641971,0.4820160418031832
cnv_depth__IBNLCO_04131__IBNLCO_04131__gene__promoter,0.49498099647503824,0.4824610847193142
cnv_depth__IBNLCO_02963__IBNLCO_02963__gene__promoter,0.4947282277981055,0.48257278995789976
cnv_depth__IBNLCO_00658__IBNLCO_00658__gene__promoter,0.4937782422074819,0.48299299601476015
cnv_depth__IBNLCO_04385__IBNLCO_04385__gene__promoter,0.49242529827152137,0.4835924864488083
cnv_depth__IBNLCO_01385__PAAR__CDS__promoter,0.49208098928477434,0.4837452463662408
cnv_depth__IBNLCO_04823__IBNLCO_04823__gene,0.49194564550738207,0.4838053163286809
cnv_depth__IBNLCO_04880__hrpB2__gene,0.4909411386475212,0.48425153503817964
cnv_depth__IBNLCO_00780__IBNLCO_00780__gene__promoter,0.49012205832141026,0.48461588862160576
cnv_depth__IBNLCO_04841__IBNLCO_04841__gene,0.48977292931343536,0.4847713305934136
cnv_depth__IBNLCO_05015__spaP__gene,0.48961260838899523,0.4848427376167055
cnv_depth__IBNLCO_02728__CENP-V/GFA__CDS__promoter,0.48822274918370684,0.4854625130478354
cnv_depth__IBNLCO_02376__bamE__gene,0.48778625003551956,0.48565743085801727
cnv_depth__IBNLCO_03000__type__CDS,0.48776497686553993,0.48566693366717173
cnv_depth__IBNLCO_01699__Disulfide-bond__CDS__promoter,0.48591369136966056,0.48649509408402924
cnv_depth__IBNLCO_00784__histidine__CDS__promoter,0.4852778017403522,0.48678009656193827
cnv_depth__IBNLCO_01395__IBNLCO_01395__gene,0.4852676140874137,0.48678466487457417
cnv_depth__IBNLCO_00884__Deoxyuridine__CDS__promoter,0.4847200955972635,0.4870302861602508
cnv_depth__IBNLCO_03290__Aspartyl-tRNA(Asn)__CDS__promoter,0.4838884033960889,0.4874037847330054
cnv_depth__IBNLCO_01061__IBNLCO_01061__gene,0.48344605104092936,0.487602631751387
cnv_depth__IBNLCO_02178__IBNLCO_02178__gene__promoter,0.48295040890454566,0.4878255941912192
cnv_depth__IBNLCO_04031__IBNLCO_04031__gene,0.48197346185184864,0.4882655671387155
cnv_depth__IBNLCO_04936__DUF2891__CDS__promoter,0.48168455532743637,0.48839580433665536
cnv_depth__IBNLCO_03793__hcnC__gene,0.48083877356330107,0.4887774105071269
cnv_depth__IBNLCO_03934__IBNLCO_03934__gene,0.4793576861098599,0.4894468582980164
cnv_depth__IBNLCO_05393__IBNLCO_05393__gene,0.4790885244909043,0.489568683075334
cnv_depth__IBNLCO_05394__Cytochrome__CDS__promoter,0.47908085867538464,0.4895721534287664
cnv_depth__IBNLCO_02080__hypothetical__CDS,0.47862091171459314,0.4897804489850877
cnv_depth__IBNLCO_03935__IBNLCO_03935__gene,0.47836280392296293,0.4898974027946606
cnv_depth__IBNLCO_04987__tssF__gene__promoter,0.47829507027311624,0.4899281020005432
cnv_depth__IBNLCO_01924__IBNLCO_01924__gene,0.47824491829868926,0.4899508346621912
cnv_depth__IBNLCO_00805__IBNLCO_00805__gene__promoter,0.4778822915032223,0.49011525699487907
cnv_depth__IBNLCO_01638__IBNLCO_01638__gene,0.4775655743151605,0.4902589384836502
cnv_depth__IBNLCO_00754__tonB__gene,0.47744345013981887,0.49031435999221246
cnv_depth__IBNLCO_02600__IBNLCO_02600__gene__promoter,0.477073453442107,0.49048233320983065
cnv_depth__IBNLCO_01109__IBNLCO_01109__gene__promoter,0.4770720838381211,0.49048295516933704
cnv_depth__IBNLCO_05586__Type__CDS__promoter,0.47539808924731836,0.4912441316079577
cnv_depth__IBNLCO_05455__IBNLCO_05455__gene__promoter,0.4749916712481529,0.4914292311035319
cnv_depth__IBNLCO_03757__IBNLCO_03757__gene,0.474946879200667,0.491449638397835
cnv_depth__IBNLCO_00911__IBNLCO_00911__gene,0.4748260360058602,0.4915047017446707
cnv_depth__IBNLCO_04869__hypothetical__CDS,0.4747207946639199,0.4915526643852278
cnv_depth__IBNLCO_05324__IBNLCO_05324__gene,0.4738189824039057,0.49196397785490936
cnv_depth__IBNLCO_04437__IBNLCO_04437__gene,0.4737211305167467,0.49200864248114723
cnv_depth__IBNLCO_04889__Secretion-associated__CDS,0.4727705593514425,0.49244288636830924
cnv_depth__IBNLCO_05225__hypothetical__CDS__promoter,0.4726543638796991,0.4924960113979979
cnv_depth__IBNLCO_00339__IBNLCO_00339__gene__promoter,0.4726197141374717,0.49251185526016766
cnv_depth__IBNLCO_02481__Small__CDS,0.4723053340328655,0.49265564711636967
cnv_depth__IBNLCO_03752__IBNLCO_03752__gene__promoter,0.46821376103163936,0.4945335163792261
cnv_depth__IBNLCO_02628__Protein-L-isoaspartate__CDS__promoter,0.4681145639069192,0.4945791934812678
cnv_depth__IBNLCO_02358__Ubiquinol__CDS,0.467939368848605,0.4946598825718583
cnv_depth__IBNLCO_00238__IBNLCO_00238__gene__promoter,0.46707491440427124,0.49505834704655854
cnv_depth__IBNLCO_05395__Ubiquinol__CDS__promoter,0.4664697957993367,0.4953375946631999
cnv_depth__IBNLCO_01006__hypothetical__CDS,0.4662797836941148,0.49542533550175755
cnv_depth__IBNLCO_02020__Lon__CDS__promoter,0.46604168411759517,0.4955353184656565
cnv_depth__IBNLCO_04054__IBNLCO_04054__gene,0.46581194042256463,0.49564148076332964
cnv_depth__IBNLCO_02537__metR__gene,0.4631129146040612,0.49689155756503445
cnv_depth__IBNLCO_02539__tRNA-Thr(cgt)__tRNA,0.4625273755498204,0.4971634590473658
cnv_depth__IBNLCO_02302__IBNLCO_02302__gene__promoter,0.4619039272791808,0.49745324112779454
cnv_depth__IBNLCO_04899__IBNLCO_04899__gene__promoter,0.4599824607910748,0.4983481520650752
cnv_depth__IBNLCO_05380__IBNLCO_05380__gene,0.45995593242296806,0.4983605265907541
cnv_depth__IBNLCO_02454__Multidrug__CDS,0.4596430422477189,0.49850651791123446
cnv_depth__IBNLCO_02624__Transmembrane__CDS__promoter,0.4594952210500577,0.49857551500221353
cnv_depth__IBNLCO_02100__Coenzyme__CDS,0.4569414693035924,0.4997700711036321
cnv_depth__IBNLCO_00137__IBNLCO_00137__gene__promoter,0.45621673991284173,0.5001099610131897
cnv_depth__IBNLCO_03585__IBNLCO_03585__gene,0.4562062742395203,0.5001148721772688
cnv_depth__IBNLCO_01069__Poly(3-hydroxybutyrate)__CDS__promoter,0.45497549661204845,0.5006930051023136
cnv_depth__IBNLCO_04002__IBNLCO_04002__gene,0.45493571012872364,0.5007117129930528
cnv_depth__IBNLCO_03993__IBNLCO_03993__gene__promoter,0.45431372843757534,0.5010043282197346
cnv_depth__IBNLCO_01494__IBNLCO_01494__gene,0.45403128603581844,0.5011373013008726
cnv_depth__IBNLCO_04207__Malonate-semialdehyde__CDS,0.4539302640454443,0.5011848767808014
cnv_depth__IBNLCO_00467__IBNLCO_00467__gene__promoter,0.4537737316876466,0.5012586096312607
cnv_depth__IBNLCO_02164__trnE__gene,0.45351698657068146,0.5013795866743754
cnv_depth__IBNLCO_02723__IBNLCO_02723__gene,0.45228048409119387,0.5019629190899413
cnv_depth__IBNLCO_04323__IBNLCO_04323__gene__promoter,0.45201691608242583,0.5020874097779918
cnv_depth__IBNLCO_02209__hypothetical__CDS,0.4515782103892415,0.5022947399907345
cnv_depth__IBNLCO_00608__IBNLCO_00608__gene__promoter,0.45134918010566133,0.5024030367415374
cnv_depth__IBNLCO_04417__Haloacetate__CDS__promoter,0.44870688517495283,0.5036553373921223
cnv_depth__IBNLCO_00969__OmpA-like__CDS__promoter,0.4474087131247301,0.5042725584749613
cnv_depth__IBNLCO_05803__DUF4015__CDS__promoter,0.44703601695746537,0.5044499980194169
cnv_depth__IBNLCO_05426__Adenylyl-sulfate__CDS,0.4461137807883771,0.5048895328101946
cnv_depth__IBNLCO_05211__HTH__CDS,0.4459712188363397,0.5049575360488621
cnv_depth__IBNLCO_05221__DUF2784__CDS__promoter,0.4453909685107959,0.5052344826738631
cnv_depth__IBNLCO_03671__Lead%2C__CDS,0.4444808610170185,0.5056693922970007
cnv_depth__IBNLCO_02735__Fimbrial__CDS,0.44420877795369657,0.5057995365860916
cnv_depth__IBNLCO_04321__IBNLCO_04321__gene__promoter,0.4439292381206585,0.5059333076497944
cnv_depth__IBNLCO_05237__IBNLCO_05237__gene,0.441246394652399,0.5072202599273118
cnv_depth__IBNLCO_05082__pilP__gene,0.4410106701617664,0.5073336058699575
cnv_depth__IBNLCO_02554__trnR__gene__promoter,0.43965389438208796,0.507986849495422
cnv_depth__IBNLCO_03038__IBNLCO_03038__gene__promoter,0.43922046292602795,0.5081958388176185
cnv_depth__IBNLCO_04853__IBNLCO_04853__gene__promoter,0.43911770098776925,0.5082454097201478
cnv_depth__IBNLCO_03019__Phospho-N-acetylmuramoyl-pentapeptide-transferase__CDS__promoter,0.4386275438139751,0.5084819696038823
cnv_depth__IBNLCO_02805__IBNLCO_02805__gene,0.4372995085250502,0.509123864145344
cnv_depth__IBNLCO_04152__Thioester__CDS__promoter,0.4368880244907051,0.509323035977616
cnv_depth__IBNLCO_04509__hypothetical__CDS__promoter,0.4358785897284708,0.5098122075159808
cnv_depth__IBNLCO_03624__IBNLCO_03624__gene__promoter,0.435337751783103,0.5100746322799431
cnv_depth__IBNLCO_02347__IBNLCO_02347__gene__promoter,0.4352405001510679,0.5101218454421543
cnv_depth__IBNLCO_04210__hypothetical__CDS__promoter,0.43450818402194374,0.5104776095733242
cnv_depth__IBNLCO_00866__IBNLCO_00866__gene__promoter,0.4333716663422243,0.5110305907476804
cnv_depth__IBNLCO_02003__IBNLCO_02003__gene__promoter,0.43324306805060453,0.5110932267031001
cnv_depth__IBNLCO_01777__hypothetical__CDS__promoter,0.43253004030951236,0.5114407609319623
cnv_depth__IBNLCO_03507__IBNLCO_03507__gene__promoter,0.43160023433533895,0.511894571694038
cnv_depth__IBNLCO_02275__IBNLCO_02275__gene__promoter,0.43143907365956574,0.5119733006577682
cnv_depth__unknown__unknown__regulatory.9,0.4306357898761732,0.5123660290483512
cnv_depth__IBNLCO_04374__IBNLCO_04374__gene,0.4306131055903049,0.5123771270915076
cnv_depth__IBNLCO_03995__Rhamnosyltransferase__CDS__promoter,0.42800180377726865,0.5136574835482853
cnv_depth__IBNLCO_05232__hypothetical__CDS__promoter,0.4274195175902173,0.513943747386377
cnv_depth__IBNLCO_02617__fluC__gene__promoter,0.4255326986937971,0.5148732636795071
cnv_depth__IBNLCO_05709__IBNLCO_05709__gene__promoter,0.42395568929497096,0.5156524147250907
cnv_depth__IBNLCO_02490__gnl|Bakta|IBNLCO_02490__CDS__promoter,0.423771542144256,0.5157435306954175
cnv_depth__IBNLCO_00775__Fructose-1%2C6-bisphosphate__CDS__promoter,0.42372180359481676,0.5157681461574805
cnv_depth__IBNLCO_00530__Adenine__CDS,0.423696220698405,0.5157808078594943
cnv_depth__IBNLCO_05569__IBNLCO_05569__gene,0.4232123112618834,0.5160204110232729
cnv_depth__IBNLCO_03884__Glycosyl__CDS__promoter,0.4228660121840325,0.5161919975273688
cnv_depth__IBNLCO_05594__Type__CDS__promoter,0.42231413705789633,0.5164656510510574
cnv_depth__IBNLCO_02371__IBNLCO_02371__gene__promoter,0.4209570548535389,0.517139659526981
cnv_depth__IBNLCO_04574__hypothetical__CDS__promoter,0.4206210540381039,0.5173067763160987
cnv_depth__IBNLCO_01166__NADH-quinone__CDS__promoter,0.4198065617484202,0.5177122746615351
cnv_depth__IBNLCO_00752__IBNLCO_00752__gene,0.419179424868346,0.5180248783967368
cnv_depth__IBNLCO_02706__cntO__gene,0.418888734366648,0.5181698891572032
cnv_depth__IBNLCO_01023__Inhibitor__CDS,0.41862577998389894,0.5183011253341769
cnv_depth__IBNLCO_01038__IBNLCO_01038__gene__promoter,0.418063873405843,0.5185817598378702
cnv_depth__IBNLCO_00936__hypothetical__CDS__promoter,0.4162716168760551,0.5194786629729371
cnv_depth__IBNLCO_05314__IBNLCO_05314__gene,0.4157734556347655,0.5197284450478874
cnv_depth__IBNLCO_05304__Linear__CDS__promoter,0.4156227887577587,0.5198040323992078
cnv_depth__IBNLCO_03051__IBNLCO_03051__gene__promoter,0.4154431618319546,0.5198941739489877
cnv_depth__IBNLCO_03334__IBNLCO_03334__gene,0.4150828340095931,0.5200750792532726
cnv_depth__IBNLCO_05242__tRNA__CDS,0.4149291847308596,0.5201522538549224
cnv_depth__IBNLCO_05075__DUF2306__CDS__promoter,0.41317273545292177,0.5210359196433354
cnv_depth__IBNLCO_03880__Putative__CDS__promoter,0.4130189295010396,0.5211134255312004
cnv_depth__IBNLCO_05237__Integral__CDS__promoter,0.41295144677907036,0.5211474378626786
cnv_depth__IBNLCO_00925__IBNLCO_00925__gene,0.412583582803238,0.521332916100702
cnv_depth__IBNLCO_04078__Methylmalonate-semialdehyde__CDS,0.41216113382950464,0.5215460605288775
cnv_depth__IBNLCO_05738__SDR__CDS__promoter,0.4120627047290576,0.5215957445929831
cnv_depth__IBNLCO_04981__type__CDS__promoter,0.4110121046215815,0.5221265791340434
cnv_depth__IBNLCO_00859__gnl|Bakta|IBNLCO_00859__CDS__promoter,0.4110030993078483,0.5221311333702021
cnv_depth__IBNLCO_02416__gnl|Bakta|IBNLCO_02416__CDS__promoter,0.41065504380347206,0.5223072086687761
cnv_depth__IBNLCO_00858__superoxide__CDS__promoter,0.4098800482160293,0.5226996443357863
cnv_depth__IBNLCO_04400__IBNLCO_04400__gene__promoter,0.40987082202503805,0.5227043193682346
cnv_depth__IBNLCO_03944__2-succinylbenzoate--CoA__CDS,0.4095993200795295,0.5228419262267936
cnv_depth__IBNLCO_03719__IBNLCO_03719__gene,0.40892629313252876,0.5231833178697048
cnv_depth__IBNLCO_05842__hypothetical__CDS,0.40853320012785305,0.5233828968485119
cnv_depth__IBNLCO_05527__CENP-V/GFA__CDS,0.40846857333716796,0.5234157217556196
cnv_depth__IBNLCO_02599__IBNLCO_02599__gene,0.4084264345128534,0.5234371266619676
cnv_depth__IBNLCO_05199__IBNLCO_05199__gene__promoter,0.40776137491282627,0.5237751577095393
cnv_depth__IBNLCO_00450__comF__gene,0.40758506426998975,0.5238648365674005
cnv_depth__IBNLCO_00149__hypothetical__CDS__promoter,0.4075482161620644,0.5238835824853533
cnv_depth__IBNLCO_05281__Molybdenum__CDS__promoter,0.40706814883142817,0.5241279186311
cnv_depth__IBNLCO_02877__IBNLCO_02877__gene,0.4061759768032864,0.5245825398692339
cnv_depth__IBNLCO_01785__hypothetical__CDS__promoter,0.4061238551026325,0.5246091210762192
cnv_depth__IBNLCO_02500__IBNLCO_02500__gene,0.4056491058880869,0.5248513459001689
cnv_depth__IBNLCO_01093__ECF__CDS__promoter,0.4049858024538567,0.5251901082998044
cnv_depth__IBNLCO_02500__UDP-glucose__CDS__promoter,0.4048546298954346,0.5252571469580802
cnv_depth__IBNLCO_04482__Histidine__CDS__promoter,0.4044779314789904,0.5254497519969399
cnv_depth__IBNLCO_01162__IBNLCO_01162__gene,0.40410485501977855,0.5256406294291238
cnv_depth__IBNLCO_03746__IBNLCO_03746__gene__promoter,0.4036806228712107,0.5258578301916674
cnv_depth__IBNLCO_00805__IBNLCO_00805__gene,0.4029445401260841,0.526235074682543
cnv_depth__IBNLCO_02537__HTH-type__CDS__promoter,0.4028739100179835,0.5262712982472241
cnv_depth__IBNLCO_05789__AMP-binding__CDS__promoter,0.40277262979512746,0.5263232489001272
cnv_depth__IBNLCO_03873__gnl|Bakta|IBNLCO_03873__CDS,0.4023372588919711,0.5265466724253055
cnv_depth__IBNLCO_03570__IBNLCO_03570__gene,0.40216068666642496,0.5266373340724482
cnv_depth__IBNLCO_01830__IBNLCO_01830__gene__promoter,0.40194905003189346,0.5267460364731625
cnv_depth__IBNLCO_03644__hypothetical__CDS__promoter,0.4003460308411254,0.527570697459378
cnv_depth__IBNLCO_05535__TetR__CDS__promoter,0.4000797685611577,0.5277078980970344
cnv_depth__IBNLCO_03974__Type__CDS__promoter,0.39981466185926734,0.5278445668536371
cnv_depth__IBNLCO_04979__Type__CDS__promoter,0.3995818957155138,0.5279646156332858
cnv_depth__IBNLCO_01051__htpG__gene,0.3987013618319458,0.5284191931208703
cnv_depth__IBNLCO_02763__Polysaccharide__CDS__promoter,0.3985795047024036,0.5284821574645069
cnv_depth__IBNLCO_05359__ABC__CDS__promoter,0.3984359340953607,0.5285563585870345
cnv_depth__IBNLCO_02640__5_ureB_sRNA__gene__promoter,0.3984223331719308,0.5285633888775068
cnv_depth__IBNLCO_05076__Type__CDS__promoter,0.39792295211520523,0.5288216343103358
cnv_depth__IBNLCO_05467__dmlR__gene,0.3965176857644507,0.5295495595391267
cnv_depth__IBNLCO_00863__IBNLCO_00863__gene__promoter,0.39577133105086004,0.5299369031560072
cnv_depth__IBNLCO_05652__IBNLCO_05652__gene__promoter,0.3939216856977631,0.5308990363996701
cnv_depth__IBNLCO_05767__IBNLCO_05767__gene__promoter,0.39349499922982856,0.5311214339133667
cnv_depth__IBNLCO_01133__IBNLCO_01133__gene__promoter,0.3925354505559299,0.531622184767841
cnv_depth__IBNLCO_04445__hypothetical__CDS,0.3923068984128758,0.5317415829490392
cnv_depth__IBNLCO_02691__gnl|Bakta|IBNLCO_02691__CDS__promoter,0.3922477270585163,0.5317725026200341
cnv_depth__IBNLCO_04080__Putative__CDS,0.38955804945725114,0.5331814210822454
cnv_depth__IBNLCO_04220__Fusaric__CDS__promoter,0.389327271445254,0.5333026231050281
cnv_depth__IBNLCO_05009__IpaC/SipC__CDS__promoter,0.3879854947100745,0.5340083001267418
cnv_depth__IBNLCO_01761__hypothetical__CDS,0.3866003011101398,0.5347385916322968
cnv_depth__IBNLCO_03789__IBNLCO_03789__gene__promoter,0.38580704843498337,0.535157622401703
cnv_depth__IBNLCO_04978__virA__gene__promoter,0.3857845138256619,0.5351695348934293
cnv_depth__IBNLCO_02360__IBNLCO_02360__gene,0.38557436296570896,0.5352806503778104
cnv_depth__IBNLCO_05260__gnl|Bakta|IBNLCO_05260__CDS__promoter,0.384773796882443,0.5357043279075754
cnv_depth__IBNLCO_03806__IBNLCO_03806__gene__promoter,0.3844262606410751,0.5358884420527886
cnv_depth__IBNLCO_04456__IBNLCO_04456__gene__promoter,0.3842172583027613,0.5359992206741421
cnv_depth__IBNLCO_01330__IBNLCO_01330__gene__promoter,0.38420646912984274,0.5360049404497517
cnv_depth__IBNLCO_04329__Metal-dependent__CDS__promoter,0.38395553415629663,0.5361380025912296
cnv_depth__IBNLCO_00899__Peptidyl-prolyl__CDS__promoter,0.38281667228355143,0.5367426595638273
cnv_depth__IBNLCO_02631__Urea__CDS__promoter,0.3821249062845145,0.5371105474517167
cnv_depth__IBNLCO_04507__Polyketide__CDS__promoter,0.38197488159235704,0.5371903928174295
cnv_depth__IBNLCO_02377__hpnL__gene,0.3815020381011163,0.5374421890980428
cnv_depth__IBNLCO_00992__IBNLCO_00992__gene__promoter,0.3813031233329727,0.5375481786817995
cnv_depth__IBNLCO_00804__polS__gene,0.3810087410674982,0.5377051072418202
cnv_depth__IBNLCO_03688__Glycine__CDS,0.3802637884094493,0.5381025993410927
cnv_depth__IBNLCO_03879__IBNLCO_03879__gene,0.37913480888276074,0.5387060269823721
cnv_depth__IBNLCO_04085__Alkanesulfonate__CDS,0.37891080986538056,0.5388258995021422
cnv_depth__IBNLCO_01067__rsxB__gene,0.37834827378685554,0.5391271550124687
cnv_depth__IBNLCO_04669__Mobile__CDS__promoter,0.3782419332881767,0.5391841383639985
cnv_depth__IBNLCO_04313__uvrY__gene,0.37778976778022344,0.5394265580679262
cnv_depth__IBNLCO_03713__IBNLCO_03713__gene,0.37756651953410364,0.5395463220262787
cnv_depth__IBNLCO_01311__TMEM205-like__CDS,0.37736675372473133,0.5396535299642837
cnv_depth__IBNLCO_01164__IBNLCO_01164__gene__promoter,0.3769991617157737,0.539850907120378
cnv_depth__IBNLCO_05116__non-ribosomal__CDS__promoter,0.3756198064671595,0.5405927310481664
cnv_depth__IBNLCO_05255__GTP__CDS,0.37540386784320423,0.5407090336069791
cnv_depth__IBNLCO_00964__tamB__gene__promoter,0.37471368389459847,0.5410810693446458
cnv_depth__IBNLCO_02574__putative__CDS__promoter,0.37426275145213705,0.541324393983829
cnv_depth__IBNLCO_05775__hypothetical__CDS,0.3742506705005522,0.54133091567786
cnv_depth__IBNLCO_05440__histidine__CDS,0.3738694409438126,0.5415367902997122
cnv_depth__IBNLCO_01510__IBNLCO_01510__gene,0.37252858959103174,0.5422620357661135
cnv_depth__IBNLCO_03266__IBNLCO_03266__gene,0.3719778653993079,0.542560433365424
cnv_depth__IBNLCO_01072__ftsK__gene,0.3715810083031456,0.5427756496019146
cnv_depth__IBNLCO_00741__trnM__gene__promoter,0.3715489649266543,0.5427930336584952
cnv_depth__IBNLCO_05162__IBNLCO_05162__gene__promoter,0.3714624478255521,0.542839975742973
cnv_depth__IBNLCO_00302__IBNLCO_00302__gene__promoter,0.3705051503598739,0.5433598835806134
cnv_depth__IBNLCO_02672__pyrR__gene__promoter,0.37015138487650134,0.5435522466095505
cnv_depth__IBNLCO_02361__Cytochrome__CDS__promoter,0.37009862487182843,0.5435809461169823
cnv_depth__IBNLCO_03682__IBNLCO_03682__gene__promoter,0.3698035350333607,0.5437415159006517
cnv_depth__IBNLCO_02467__PmbA__CDS__promoter,0.36974318081043067,0.5437743677833488
cnv_depth__IBNLCO_03584__rbsA__gene,0.36970097476608077,0.543797343471866
cnv_depth__IBNLCO_03516__IBNLCO_03516__gene,0.36970021489936866,0.543797757136697
cnv_depth__IBNLCO_04375__IBNLCO_04375__gene__promoter,0.3694292345683957,0.5439453136437522
cnv_depth__IBNLCO_05571__hypothetical__CDS__promoter,0.3687789001702041,0.5442997420533702
cnv_depth__IBNLCO_05239__Mannose-6-phosphate__CDS__promoter,0.36809553337286016,0.5446726344864116
cnv_depth__IBNLCO_00820__Benzoylformate__CDS,0.3680212187849408,0.5447132142586928
cnv_depth__IBNLCO_05028__SctJ__CDS,0.3676976303076376,0.5448899764302824
cnv_depth__IBNLCO_01093__sigJ__gene,0.3675409727935541,0.544975589798484
cnv_depth__IBNLCO_02059__IBNLCO_02059__gene__promoter,0.36746187539847186,0.5450188260307923
cnv_depth__IBNLCO_00512__ybiB__gene__promoter,0.36711894235890896,0.5452063538385609
cnv_depth__IBNLCO_03330__fabG__gene__promoter,0.3670099264811577,0.545265992644784
cnv_depth__IBNLCO_05286__lysR__gene__promoter,0.36666879140258973,0.5454526941353569
cnv_depth__IBNLCO_02639__IBNLCO_02639__gene__promoter,0.3657928906506855,0.5459326147608846
cnv_depth__IBNLCO_04766__gnl|Bakta|IBNLCO_04766__CDS__promoter,0.36439675840160624,0.5466992049300168
cnv_depth__IBNLCO_05662__IBNLCO_05662__gene__promoter,0.36436254810633273,0.5467180143229858
cnv_depth__IBNLCO_02625__IBNLCO_02625__gene,0.364190990251931,0.5468123578903196
cnv_depth__IBNLCO_01183__IBNLCO_01183__gene__promoter,0.363652452420859,0.5471087093080841
cnv_depth__IBNLCO_05003__bopE__gene,0.3635466778863044,0.547166951049011
cnv_depth__IBNLCO_05363__Glycine__CDS__promoter,0.363044492186774,0.5474436231805618
cnv_depth__IBNLCO_03874__hypothetical__CDS,0.3622217297940621,0.5478974771811729
cnv_depth__IBNLCO_04546__IBNLCO_04546__gene,0.36140349716234615,0.5483495299081609
cnv_depth__IBNLCO_01386__vgrG__gene__promoter,0.36039401937641563,0.5489082024004066
cnv_depth__IBNLCO_04890__Type__CDS,0.35988715959568984,0.549189114226983
cnv_depth__IBNLCO_04017__Formyltetrahydrofolate__CDS,0.3597476968885396,0.5492664544763168
cnv_depth__IBNLCO_04698__Xylulose__CDS__promoter,0.35888219954239703,0.5497468801429655
cnv_depth__IBNLCO_01002__hypothetical__CDS,0.3585821595576839,0.5499136121190845
cnv_depth__IBNLCO_01797__Iron-containing__CDS__promoter,0.35802722621877936,0.5502222382029694
cnv_depth__IBNLCO_03876__IBNLCO_03876__gene,0.35741740520070253,0.5505617651684396
cnv_depth__IBNLCO_04139__hypothetical__CDS,0.3570779369077117,0.550750939735295
cnv_depth__IBNLCO_03655__yigI__gene,0.356849236231011,0.5508784560011811
cnv_depth__IBNLCO_05285__IBNLCO_05285__gene__promoter,0.35675988498390543,0.5509282905054592
cnv_depth__IBNLCO_04396__IBNLCO_04396__gene__promoter,0.3564969633492321,0.5510749808190578
cnv_depth__IBNLCO_04110__cdhR__gene__promoter,0.3555004058684614,0.5516316517223658
cnv_depth__IBNLCO_00372__IBNLCO_00372__gene__promoter,0.3538337714807348,0.5525649930740048
cnv_depth__IBNLCO_05351__Phosphoglucosamine__CDS,0.35378697092238315,0.5525912450843897
cnv_depth__IBNLCO_04869__IBNLCO_04869__gene__promoter,0.3536231916552039,0.5526831329197616
cnv_depth__IBNLCO_02166__Glutamate--tRNA__CDS__promoter,0.3533322359543945,0.5528464438018952
cnv_depth__IBNLCO_00698__IBNLCO_00698__gene__promoter,0.3518586549106369,0.5536749531021643
cnv_depth__IBNLCO_03963__HTH__CDS__promoter,0.3513610588784765,0.5539552527037914
cnv_depth__IBNLCO_05357__DUF3472__CDS,0.35113488469076704,0.5540827470735524
cnv_depth__IBNLCO_01063__Cytochrome__CDS__promoter,0.3511319757425157,0.554084387209036
cnv_depth__IBNLCO_04455__IBNLCO_04455__gene,0.3507251423596559,0.5543138602579635
cnv_depth__IBNLCO_00163__Phage__CDS__promoter,0.3503223625578114,0.5545412241949677
cnv_depth__IBNLCO_01034__DNA__CDS__promoter,0.3502858267803936,0.5545618569007679
cnv_depth__IBNLCO_03986__Tox-PAAR-like__CDS__promoter,0.3501295962155111,0.5546501007786423
cnv_depth__IBNLCO_00987__MFS__CDS__promoter,0.35004654272982483,0.5546970227983394
cnv_depth__IBNLCO_00660__corC__gene__promoter,0.3499831641214969,0.554732834329939
cnv_depth__IBNLCO_00841__Tyrosine__CDS__promoter,0.3493579104038737,0.5550863634888685
cnv_depth__IBNLCO_01391__IBNLCO_01391__gene,0.34870595336680776,0.5554554464211957
cnv_depth__IBNLCO_02172__Solute-binding__CDS__promoter,0.348129008609067,0.5557824523588007
cnv_depth__IBNLCO_05479__IBNLCO_05479__gene__promoter,0.3477062275873402,0.5560223121729686
cnv_depth__IBNLCO_00473__IBNLCO_00473__gene__promoter,0.3476621303810703,0.5560473415273482
cnv_depth__IBNLCO_02345__IBNLCO_02345__gene__promoter,0.34754274130788204,0.5561151169158677
cnv_depth__IBNLCO_05061__bcsE__gene__promoter,0.3471348909046904,0.5563467659603331
cnv_depth__IBNLCO_04496__Polyketide__CDS__promoter,0.346482920365534,0.5567174505881143
cnv_depth__IBNLCO_00145__Baseplate__CDS,0.34591123428600606,0.5570428755650632
cnv_depth__IBNLCO_00688__IBNLCO_00688__gene,0.34468938148185707,0.5577396157377946
cnv_depth__IBNLCO_00604__IBNLCO_00604__gene,0.344686424278941,0.5577413040459286
cnv_depth__IBNLCO_04835__IBNLCO_04835__gene__promoter,0.344163350834443,0.5580400873606152
cnv_depth__IBNLCO_05553__GDP-mannose__CDS,0.3434633698512112,0.5584403997381182
cnv_depth__IBNLCO_04088__DNA-binding__CDS,0.34305629907422813,0.5586734518766806
cnv_depth__IBNLCO_01821__gnl|Bakta|IBNLCO_01821__CDS,0.3430100630580084,0.5586999342158496
cnv_depth__IBNLCO_00910__CDP-6-deoxy-delta-3%2C4-glucoseen__CDS__promoter,0.34278563737523376,0.558828511325004
cnv_depth__IBNLCO_00903__IBNLCO_00903__gene,0.3426646178148925,0.5588978688670777
cnv_depth__IBNLCO_03955__IBNLCO_03955__gene__promoter,0.34093243165736375,0.5598924101628252
cnv_depth__IBNLCO_01029__Alpha/beta__CDS,0.3400606154887817,0.5603942500455024
cnv_depth__IBNLCO_00588__IBNLCO_00588__gene__promoter,0.3394615922545634,0.5607395635385044
cnv_depth__IBNLCO_04434__4-carboxymuconolactone__CDS__promoter,0.3393264173335608,0.5608175430760927
cnv_depth__IBNLCO_00146__IBNLCO_00146__gene__promoter,0.3384258778543097,0.5613375771243148
cnv_depth__IBNLCO_05147__trnU__gene,0.33674164791946615,0.5623126608778627
cnv_depth__IBNLCO_01155__Triosephosphate__CDS__promoter,0.33629823294466116,0.5625699180991619
cnv_depth__IBNLCO_00462__Protoheme__CDS__promoter,0.3360862089735541,0.5626930087619803
cnv_depth__IBNLCO_00928__sulfate__CDS__promoter,0.33604134397088536,0.5627190618250907
cnv_depth__IBNLCO_02738__IBNLCO_02738__gene__promoter,0.33572360136066504,0.5629036412281833
cnv_depth__IBNLCO_05284__CHAD__CDS__promoter,0.335401619529897,0.5630908023762008
cnv_depth__IBNLCO_00476__IBNLCO_00476__gene__promoter,0.3349310240519085,0.5633645655403963
cnv_depth__IBNLCO_02709__IBNLCO_02709__gene__promoter,0.33358361148214927,0.5641498297651979
cnv_depth__IBNLCO_03886__Heptosyltransferase__CDS__promoter,0.33264622800727,0.564697380807439
cnv_depth__IBNLCO_04951__nicS__gene__promoter,0.3319703247297857,0.5650928329757523
cnv_depth__IBNLCO_00069__hypothetical__CDS__promoter,0.33193504159489223,0.5651134908886436
cnv_depth__IBNLCO_05214__Exported__CDS,0.3304596353599535,0.5659786389190916
cnv_depth__IBNLCO_04449__Putative__CDS__promoter,0.33024406878601603,0.5661052579828664
cnv_depth__IBNLCO_00092__IBNLCO_00092__gene,0.32902253047065044,0.5668238035953534
cnv_depth__IBNLCO_00578__IBNLCO_00578__gene,0.3283885727911877,0.5671974161294216
cnv_depth__IBNLCO_02908__IBNLCO_02908__gene,0.32805550972809894,0.5673938935099746
cnv_depth__IBNLCO_00794__hypothetical__CDS,0.32805131546847405,0.5673963685925939
cnv_depth__IBNLCO_05305__Branched-chain-amino-acid__CDS__promoter,0.3278451615361,0.5675180484123198
cnv_depth__IBNLCO_05175__IBNLCO_05175__gene,0.3275382549041091,0.5676992904834548
cnv_depth__IBNLCO_05819__IBNLCO_05819__gene__promoter,0.3271454654747284,0.5679314148325852
cnv_depth__IBNLCO_01035__IBNLCO_01035__gene,0.32675471014787083,0.5681625208169121
cnv_depth__IBNLCO_00841__Tyrosine__CDS,0.3267141484280149,0.5681865209071081
cnv_depth__IBNLCO_01348__IBNLCO_01348__gene__promoter,0.3262419186017314,0.5684660817077618
cnv_depth__IBNLCO_01958__Replicative__CDS__promoter,0.3261291618726254,0.5685328735830297
cnv_depth__IBNLCO_04805__IBNLCO_04805__gene__promoter,0.3254750303789224,0.5689206534243484
cnv_depth__IBNLCO_02401__trnG__gene,0.3253654894236338,0.5689856416140832
cnv_depth__IBNLCO_03676__Nucleotide__CDS__promoter,0.32477619763768434,0.569335504400092
cnv_depth__IBNLCO_05262__DUF2134__CDS__promoter,0.3241223671470342,0.569724176647234
cnv_depth__IBNLCO_05466__Disulfide-bond__CDS__promoter,0.3232596490866804,0.5702378186836186
cnv_depth__IBNLCO_02638__Urease__CDS__promoter,0.32194840116268264,0.5710202456918686
cnv_depth__IBNLCO_05697__gntR__gene,0.3210104630721833,0.571581211393566
cnv_depth__IBNLCO_01775__hypothetical__CDS,0.32059377368029607,0.5718307742675867
cnv_depth__IBNLCO_02133__gnl|Bakta|IBNLCO_02133__CDS__promoter,0.3198238173385154,0.5722924796386276
cnv_depth__IBNLCO_03783__LUD__CDS,0.3194913192739079,0.5724920895352873
cnv_depth__IBNLCO_03994__3-(3-hydroxydecanoyloxy)decanoate__CDS__promoter,0.3188918060741559,0.5728523445535709
cnv_depth__IBNLCO_05568__IBNLCO_05568__gene,0.31881247223337955,0.5729000507375612
cnv_depth__IBNLCO_03769__IBNLCO_03769__gene,0.31877317230786617,0.5729236860444529
cnv_depth__IBNLCO_02278__IBNLCO_02278__gene__promoter,0.3176170302215184,0.5736198614427641
cnv_depth__IBNLCO_05408__IBNLCO_05408__gene,0.31757359494528686,0.5736460487097483
cnv_depth__IBNLCO_01290__Phosphoribosyl-dephospho-CoA__CDS,0.31752670521968673,0.5736743213259499
cnv_depth__IBNLCO_05619__H-NS__CDS__promoter,0.3173286165247556,0.573793791215217
cnv_depth__IBNLCO_02713__EamA__CDS,0.3162941679980102,0.5744184804999874
cnv_depth__IBNLCO_04264__IBNLCO_04264__gene__promoter,0.3155740529616305,0.5748541430079024
cnv_depth__IBNLCO_02426__Beta-ketoacyl-[acyl-carrier-protein]__CDS,0.3143767525446325,0.5755799486959308
cnv_depth__IBNLCO_01763__Exported__CDS,0.313155529143489,0.5763221317833143
cnv_depth__IBNLCO_00610__IBNLCO_00610__gene,0.3126710540229035,0.5766170923822646
cnv_depth__IBNLCO_05105__bsaZ__gene__promoter,0.3125846611079276,0.5766697220901271
cnv_depth__IBNLCO_05636__hypothetical__CDS__promoter,0.3122274946099922,0.5768874058237156
cnv_depth__IBNLCO_04324__IBNLCO_04324__gene,0.31202749518557427,0.5770093717167067
cnv_depth__IBNLCO_04418__Metal-dependent__CDS,0.31116861253656325,0.5775337293286983
cnv_depth__IBNLCO_01484__IBNLCO_01484__gene,0.31096103746257625,0.5776605987320729
cnv_depth__IBNLCO_01655__Ribose__CDS__promoter,0.3107649958630565,0.5777804699218538
cnv_depth__IBNLCO_04888__Type__CDS,0.3102718170555184,0.5780822474807331
cnv_depth__IBNLCO_05154__hypothetical__CDS,0.3102263238716612,0.5781101007337557
cnv_depth__IBNLCO_02832__Phosphonates__CDS__promoter,0.3100095306641926,0.5782428694163768
cnv_depth__IBNLCO_05333__DUF3501__CDS__promoter,0.30868539197270106,0.5790551231949359
cnv_depth__IBNLCO_05346__gnl|Bakta|IBNLCO_05346__CDS,0.30839261549099345,0.5792350262374719
cnv_depth__IBNLCO_00533__HPr__CDS__promoter,0.3083921325051416,0.5792353231112752
cnv_depth__IBNLCO_01800__IBNLCO_01800__gene__promoter,0.3077260022064508,0.5796450591418575
cnv_depth__IBNLCO_05500__Iron__CDS,0.3061658520992432,0.5806069820057794
cnv_depth__IBNLCO_03731__IBNLCO_03731__gene,0.3060573892540496,0.5806739746612387
cnv_depth__IBNLCO_05368__Protein-glutamate__CDS__promoter,0.3055813876597373,0.5809681631699698
cnv_depth__IBNLCO_01494__Threonine--tRNA__CDS__promoter,0.305424019609473,0.5810654889266811
cnv_depth__IBNLCO_01350__IBNLCO_01350__gene__promoter,0.30488031464312404,0.5814020006762864
cnv_depth__IBNLCO_05014__bsaX__gene,0.3028709406416284,0.5826490589891489
cnv_depth__IBNLCO_01218__mdtA__gene__promoter,0.3021579869430487,0.5830928290962102
cnv_depth__IBNLCO_04390__IBNLCO_04390__gene,0.30095982404591604,0.5838401513345342
cnv_depth__IBNLCO_02718__IBNLCO_02718__gene__promoter,0.30061735010754437,0.5840541162333124
cnv_depth__IBNLCO_04659__IBNLCO_04659__gene__promoter,0.2995777762344773,0.5847045761129814
cnv_depth__IBNLCO_03056__hypothetical__CDS,0.299295648521753,0.5848813562199127
cnv_depth__IBNLCO_05287__eamA__gene__promoter,0.29875345374906526,0.5852213976982653
cnv_depth__IBNLCO_01062__Cytochrome__CDS__promoter,0.2972569190953923,0.5861620460215087
cnv_depth__IBNLCO_03262__ISL3-like__CDS__promoter,0.2970279230610081,0.5863062527711773
cnv_depth__IBNLCO_02478__Large__CDS__promoter,0.2968780357823444,0.5864006810664918
cnv_depth__IBNLCO_01815__IBNLCO_01815__gene,0.29638503983397335,0.5867114846179187
cnv_depth__IBNLCO_01590__tRNA-His(gtg)__tRNA,0.2961270363374643,0.5868742736112164
cnv_depth__IBNLCO_05049__N-acyl-homoserine__CDS,0.2956847220380562,0.5871535688540586
cnv_depth__IBNLCO_02213__IBNLCO_02213__gene,0.29363652319878203,0.5884504269585302
cnv_depth__IBNLCO_02612__IBNLCO_02612__gene,0.29340070404713575,0.5886001162158406
cnv_depth__IBNLCO_01015__Phosphatidylethanolamine-binding__CDS,0.2931694860136241,0.5887469604716444
cnv_depth__IBNLCO_01054__Polyamine__CDS__promoter,0.29201280254444173,0.5894826856527038
cnv_depth__IBNLCO_05808__IBNLCO_05808__gene,0.2909353961432333,0.5901696822102032
cnv_depth__IBNLCO_00621__IBNLCO_00621__gene,0.28970826823987406,0.5909541517186522
cnv_depth__IBNLCO_01957__IBNLCO_01957__gene__promoter,0.2894847702332476,0.5910972586905977
cnv_depth__IBNLCO_00623__IBNLCO_00623__gene,0.28902397164523136,0.5913925356439548
cnv_depth__IBNLCO_04720__IBNLCO_04720__gene__promoter,0.28824464756267026,0.591892613537656
cnv_depth__IBNLCO_04084__macA__gene__promoter,0.2880351699419008,0.5920271800684483
cnv_depth__IBNLCO_05550__Inner__CDS__promoter,0.2879930422790823,0.5920542501157786
cnv_depth__IBNLCO_04111__IBNLCO_04111__gene__promoter,0.28674503982718647,0.5928573412268927
cnv_depth__IBNLCO_00652__eamA__gene,0.2864338502513504,0.5930579425806237
cnv_depth__IBNLCO_00712__IBNLCO_00712__gene__promoter,0.28624877513122615,0.5931773136247683
cnv_depth__IBNLCO_02842__Ribose__CDS,0.2858701677473649,0.5934216652852299
cnv_depth__IBNLCO_03765__IBNLCO_03765__gene__promoter,0.285267588318894,0.5938109973446503
cnv_depth__IBNLCO_01132__IBNLCO_01132__gene__promoter,0.28520067415071854,0.5938542638177144
cnv_depth__IBNLCO_05145__Tlde1__CDS__promoter,0.28421637431035673,0.5944914642172908
cnv_depth__IBNLCO_04169__MOSC__CDS,0.28372264704047634,0.5948116197189997
cnv_depth__IBNLCO_01091__PRC-barrel__CDS__promoter,0.2835690183744324,0.5949113126207016
cnv_depth__IBNLCO_01029__Alpha/beta__CDS__promoter,0.28288849132228355,0.5953533386631692
cnv_depth__IBNLCO_04181__IBNLCO_04181__gene__promoter,0.2827133133170357,0.5954672333429355
cnv_depth__IBNLCO_01817__IBNLCO_01817__gene__promoter,0.2819372836008687,0.5959723264510325
cnv_depth__IBNLCO_01092__Carboxymuconolactone__CDS__promoter,0.28173335514500825,0.596105204958308
cnv_depth__IBNLCO_02490__gnl|Bakta|IBNLCO_02490__CDS,0.28115334132494324,0.5964834758486943
cnv_depth__IBNLCO_02630__Aspartate__CDS__promoter,0.28099429564260864,0.5965872889587287
cnv_depth__IBNLCO_02650__IBNLCO_02650__gene,0.28067635891286785,0.5967949271906207
cnv_depth__IBNLCO_04474__IBNLCO_04474__gene__promoter,0.2800274320626338,0.5972191967485739
cnv_depth__IBNLCO_01282__yofA__gene__promoter,0.2797170950516388,0.5974223182711307
cnv_depth__IBNLCO_03520__IBNLCO_03520__gene,0.27957053269097326,0.5975182963158508
cnv_depth__IBNLCO_04693__IBNLCO_04693__gene__promoter,0.27951996822464703,0.5975514165114537
cnv_depth__IBNLCO_02363__IBNLCO_02363__gene,0.27887074122992656,0.5979770073949144
cnv_depth__IBNLCO_00538__lptB__gene,0.27882218799545233,0.5980088612028792
cnv_depth__IBNLCO_03333__IBNLCO_03333__gene,0.2782838584422026,0.5983622754368336
cnv_depth__IBNLCO_04410__IBNLCO_04410__gene,0.2767606627669587,0.5993646303803304
cnv_depth__IBNLCO_04469__IBNLCO_04469__gene__promoter,0.2761626034711867,0.5997591532783574
cnv_depth__IBNLCO_03666__IBNLCO_03666__gene,0.2759957540735204,0.5998693164604604
cnv_depth__IBNLCO_05429__IBNLCO_05429__gene,0.27549221217852554,0.6002020406070273
cnv_depth__IBNLCO_02331__IBNLCO_02331__gene,0.2748784424095615,0.6006081250266792
cnv_depth__IBNLCO_04647__hypothetical__CDS,0.27467012015853765,0.6007460873725129
cnv_depth__IBNLCO_00591__novR__gene__promoter,0.27386127839270236,0.6012823798523564
cnv_depth__IBNLCO_05469__Oxidoreductase__CDS__promoter,0.2737757038875091,0.6013391780019581
cnv_depth__IBNLCO_00233__IBNLCO_00233__gene,0.27333226068473515,0.6016336848025979
cnv_depth__IBNLCO_00894__nicotinate-nucleotide__CDS,0.2731483724396649,0.6017559009884802
cnv_depth__IBNLCO_03648__gnl|Bakta|IBNLCO_03648__CDS,0.2727588242040928,0.6020149765630286
cnv_depth__IBNLCO_02958__2-dehydro-3-deoxy-6-phosphogalactonate__CDS__promoter,0.27238852177495304,0.6022614709409758
cnv_depth__IBNLCO_00678__IBNLCO_00678__gene,0.27184248179120696,0.6026253357629168
cnv_depth__IBNLCO_05737__DUF2795__CDS,0.27182236742913174,0.6026387482559313
cnv_depth__IBNLCO_02753__Arabinose__CDS__promoter,0.2716406826056602,0.6027599264575528
cnv_depth__IBNLCO_05231__gntR__gene,0.2710675292724234,0.6031425403914855
cnv_depth__IBNLCO_05282__Sulfate/thiosulfate__CDS,0.2706924470785213,0.6033932086817693
cnv_depth__IBNLCO_04800__IBNLCO_04800__gene__promoter,0.27043673863303413,0.6035642258461787
cnv_depth__IBNLCO_03085__gnl|Bakta|IBNLCO_03085__CDS,0.2699946046213534,0.6038601666283254
cnv_depth__IBNLCO_01321__IBNLCO_01321__gene,0.2680297756702736,0.6051790547563297
cnv_depth__IBNLCO_02872__IBNLCO_02872__gene,0.26748610920716814,0.6055450732366876
cnv_depth__IBNLCO_02964__IBNLCO_02964__gene,0.26698001260163834,0.6058862224159791
cnv_depth__IBNLCO_03593__PhnD/SsuA/transferrin__CDS__promoter,0.2665450908585116,0.6061797217932104
cnv_depth__IBNLCO_03984__IBNLCO_03984__gene,0.2660959559083136,0.6064831314078395
cnv_depth__IBNLCO_01291__putative__CDS__promoter,0.2653908094858821,0.6069601427380871
cnv_depth__IBNLCO_00955__Bifunctional__CDS__promoter,0.26497268758599973,0.6072433693186566
cnv_depth__IBNLCO_05439__Transport__CDS,0.2648972456112359,0.6072945021739601
cnv_depth__IBNLCO_05566__hypothetical__CDS__promoter,0.264544243879154,0.6075338812503922
cnv_depth__IBNLCO_01478__IBNLCO_01478__gene,0.2645208969246158,0.6075497205133953
cnv_depth__IBNLCO_05215__2-methylcitrate__CDS,0.2642469345129849,0.607735650817371
cnv_depth__IBNLCO_05492__IBNLCO_05492__gene__promoter,0.263932063235568,0.6079494954458874
cnv_depth__IBNLCO_01232__yccS__gene__promoter,0.26330293702524693,0.6083772497943517
cnv_depth__IBNLCO_03872__IBNLCO_03872__gene__promoter,0.2628351252593353,0.608695742513155
cnv_depth__IBNLCO_04278__Amino__CDS,0.2610304443037341,0.6099277604162753
cnv_depth__IBNLCO_03878__IBNLCO_03878__gene__promoter,0.2607935989775535,0.6100898484416206
cnv_depth__IBNLCO_03964__Isonitrile__CDS__promoter,0.26003679764293336,0.610608397983263
cnv_depth__IBNLCO_05325__Glycosyltransferase__CDS,0.2598030074648393,0.6107687800530271
cnv_depth__IBNLCO_01802__dhaK__gene__promoter,0.258502305462115,0.6116627375278093
cnv_depth__IBNLCO_00915__HTH__CDS,0.2581354648348659,0.6119153748556609
cnv_depth__IBNLCO_05256__IBNLCO_05256__gene,0.25771863866546685,0.6122027108836654
cnv_depth__IBNLCO_05161__IBNLCO_05161__gene__promoter,0.25735502177129094,0.6124536064264297
cnv_depth__IBNLCO_01224__IBNLCO_01224__gene__promoter,0.2566837247120124,0.6129173876947176
cnv_depth__IBNLCO_02746__tolA__gene,0.2562796503466207,0.61319691973216
cnv_depth__IBNLCO_01321__IBNLCO_01321__gene__promoter,0.2558562337538788,0.6134901298089338
cnv_depth__IBNLCO_04714__Major__CDS__promoter,0.25580909789265877,0.613522789591703
cnv_depth__IBNLCO_03761__Fatty__CDS__promoter,0.2554709609581626,0.6137571908967488
cnv_depth__IBNLCO_01801__IBNLCO_01801__gene,0.25478342403534615,0.6142344028608872
cnv_depth__IBNLCO_03906__NAD-dependent__CDS__promoter,0.2537153986090103,0.6149773137256753
cnv_depth__IBNLCO_02425__Malonyl__CDS,0.25326076505653944,0.6152941489488979
cnv_depth__IBNLCO_00852__3-hydroxyacyl-CoA__CDS,0.2531209143451586,0.615391682974343
cnv_depth__IBNLCO_02404__UvrABC__CDS,0.2517983780135788,0.6163157146235902
cnv_depth__IBNLCO_05108__hypothetical__CDS,0.2513305849337764,0.6166432807683524
cnv_depth__IBNLCO_02868__IBNLCO_02868__gene,0.2511786775663684,0.6167497340711686
cnv_depth__IBNLCO_01142__IBNLCO_01142__gene__promoter,0.25051850018316474,0.617212840414407
cnv_depth__IBNLCO_00302__IBNLCO_00302__gene,0.25023294144368485,0.6174133929748459
cnv_depth__IBNLCO_02885__ER-bound__CDS,0.24936351714761865,0.6180248866362894
cnv_depth__IBNLCO_05051__IBNLCO_05051__gene__promoter,0.24868829261520795,0.6185007135684296
cnv_depth__IBNLCO_04530__Ribose__CDS__promoter,0.24866637663709198,0.618516171153973
cnv_depth__IBNLCO_05112__Type__CDS,0.24863801781131414,0.6185361742156318
cnv_depth__IBNLCO_03762__IBNLCO_03762__gene,0.24849816186425977,0.6186348432690743
cnv_depth__IBNLCO_02097__IBNLCO_02097__gene,0.24703512488143325,0.6196691081584276
cnv_depth__IBNLCO_01822__IBNLCO_01822__gene__promoter,0.24696641581520776,0.6197177745455397
cnv_depth__IBNLCO_02419__Anti__CDS__promoter,0.245879677148082,0.6204886334019145
cnv_depth__IBNLCO_05087__Secretion__CDS,0.24551155479041867,0.6207502360433166
cnv_depth__IBNLCO_04887__Surface__CDS__promoter,0.24542122318595908,0.6208144666840285
cnv_depth__IBNLCO_03348__VRR-NUC__CDS,0.2447136183320029,0.6213181222354215
cnv_depth__IBNLCO_05433__gnl|Bakta|IBNLCO_05433__CDS,0.24464705918110297,0.6213655440380615
cnv_depth__IBNLCO_04383__IBNLCO_04383__gene__promoter,0.24463372232399563,0.6213750471959075
cnv_depth__IBNLCO_03878__IBNLCO_03878__gene,0.2445789419649953,0.6214140842443804
cnv_depth__IBNLCO_04876__IBNLCO_04876__gene,0.24438639872061707,0.6215513357595077
cnv_depth__IBNLCO_05592__IBNLCO_05592__gene__promoter,0.24432152466735704,0.6215975954027418
cnv_depth__IBNLCO_00058__IBNLCO_00058__gene__promoter,0.24356529568609422,0.6221374034078578
cnv_depth__IBNLCO_00623__IBNLCO_00623__gene__promoter,0.24293803497901004,0.6225859436388045
cnv_depth__IBNLCO_01231__ytnA__gene__promoter,0.24261891821341228,0.6228144134317438
cnv_depth__IBNLCO_02852__IBNLCO_02852__gene,0.24239586537372465,0.6229742177748693
cnv_depth__IBNLCO_03993__IBNLCO_03993__gene,0.24211080138844657,0.6231785826014209
cnv_depth__IBNLCO_02857__Polyisoprenoid-binding__CDS,0.24208870179313305,0.6231944322366472
cnv_depth__IBNLCO_00647__N-acetylmuramate__CDS__promoter,0.24169830766920508,0.6234745678176599
cnv_depth__IBNLCO_04153__hypothetical__CDS,0.24095108078282457,0.6240115412113076
cnv_depth__IBNLCO_01116__IBNLCO_01116__gene__promoter,0.23818234999138563,0.6260102692214163
cnv_depth__IBNLCO_00970__Iron-sulfur__CDS,0.23787749867857771,0.6262312178213397
cnv_depth__IBNLCO_01088__IBNLCO_01088__gene,0.2370989446836595,0.6267962911994046
cnv_depth__IBNLCO_05585__Type__CDS__promoter,0.23694728239166582,0.6269065010962903
cnv_depth__IBNLCO_05755__tetR__gene__promoter,0.23629289758846644,0.6273825303732967
cnv_depth__IBNLCO_04209__IBNLCO_04209__gene__promoter,0.23589633961762918,0.6276714016299763
cnv_depth__IBNLCO_01803__IBNLCO_01803__gene,0.23566359524004116,0.6278410833165526
cnv_depth__IBNLCO_05050__bspI3__gene__promoter,0.23508197931891786,0.6282655623022808
cnv_depth__IBNLCO_02530__Adenine__CDS,0.23500721389668297,0.6283201751856767
cnv_depth__IBNLCO_03050__IBNLCO_03050__gene,0.23471078079906194,0.6285368123737618
cnv_depth__IBNLCO_00754__TonB__CDS__promoter,0.23458029756360207,0.628632224808399
cnv_depth__IBNLCO_04912__ArsR__CDS__promoter,0.23344992737878303,0.6294601534258911
cnv_depth__IBNLCO_04177__egtB__gene__promoter,0.23309216976122998,0.6297227048772509
cnv_depth__IBNLCO_02517__IBNLCO_02517__gene__promoter,0.23289169686506303,0.6298699367959679
cnv_depth__IBNLCO_04959__IBNLCO_04959__gene__promoter,0.23259722974252295,0.6300863420607922
cnv_depth__IBNLCO_00973__Arginine__CDS__promoter,0.2316393658417634,0.6307914514512848
cnv_depth__IBNLCO_04379__N-acylhomoserine__CDS,0.23090889882981638,0.6313303764095735
cnv_depth__IBNLCO_05457__IBNLCO_05457__gene,0.23007698544026556,0.631945426935841
cnv_depth__IBNLCO_05725__IBNLCO_05725__gene,0.22958234283704604,0.6323117753998404
cnv_depth__IBNLCO_02378__IBNLCO_02378__gene,0.22894926605973748,0.632781361849727
cnv_depth__IBNLCO_04305__DUF4148__CDS,0.22885861235825541,0.6328486698145952
cnv_depth__IBNLCO_02799__IBNLCO_02799__gene,0.22867309797526897,0.6329864604280308
cnv_depth__IBNLCO_00774__IBNLCO_00774__gene,0.22820883361252295,0.6333315937215258
cnv_depth__IBNLCO_02293__Virginiamycin__CDS__promoter,0.22743878631936673,0.6339049980223928
cnv_depth__IBNLCO_04406__asnC__gene,0.2268042249688123,0.6343784114519327
cnv_depth__IBNLCO_04218__IBNLCO_04218__gene__promoter,0.22669583143464384,0.6344593595440694
cnv_depth__IBNLCO_02277__IBNLCO_02277__gene,0.22639662607559735,0.6346829289122904
cnv_depth__IBNLCO_04436__Enterochelin__CDS__promoter,0.22619926346125244,0.6348304995736022
cnv_depth__IBNLCO_01314__ftsH__gene__promoter,0.2257190711715694,0.6351898759475688
cnv_depth__IBNLCO_03884__Glycosyl__CDS,0.22562160727453026,0.6352628752525765
cnv_depth__IBNLCO_04132__IBNLCO_04132__gene__promoter,0.22512450700797174,0.6356354985873094
cnv_depth__IBNLCO_04754__hypothetical__CDS,0.22333324803899934,0.6369824127647528
cnv_depth__IBNLCO_00483__citrate__CDS__promoter,0.22331470864598363,0.6369963877491728
cnv_depth__IBNLCO_02348__nnrS__gene__promoter,0.223274819639392,0.6370264584684673
cnv_depth__IBNLCO_01666__Fe/B12__CDS__promoter,0.2230680757482665,0.63718236708656
cnv_depth__IBNLCO_02021__ClpX-type__CDS__promoter,0.2227517459231156,0.6374210873117173
cnv_depth__IBNLCO_02032__IBNLCO_02032__gene,0.2220076282978326,0.6379834590500423
cnv_depth__IBNLCO_02723__4-hydroxybenzoate__CDS__promoter,0.22188502156487466,0.6380762304391182
cnv_depth__IBNLCO_04881__hypothetical__CDS,0.22156637451749886,0.6383174839865173
cnv_depth__IBNLCO_01051__Molecular__CDS__promoter,0.2214926383493156,0.6383733412072262
cnv_depth__IBNLCO_05312__IBNLCO_05312__gene__promoter,0.2212598174638466,0.6385497841979876
cnv_depth__IBNLCO_04980__Type__CDS,0.22081513083856272,0.6388871048613203
cnv_depth__IBNLCO_00143__Phage__CDS__promoter,0.22024947029655517,0.639316791392887
cnv_depth__IBNLCO_01810__ABC__CDS__promoter,0.22005309167677728,0.6394661218845029
cnv_depth__IBNLCO_05044__decR__gene,0.21859714110265632,0.6405758026763168
cnv_depth__IBNLCO_04269__hypothetical__CDS__promoter,0.2175807548408105,0.6413531347945438
cnv_depth__IBNLCO_01392__hypothetical__CDS,0.21679765520000496,0.6419535594234395
cnv_depth__IBNLCO_00809__IBNLCO_00809__gene__promoter,0.21647285660310464,0.642202979102659
cnv_depth__IBNLCO_00484__Acyl-CoA__CDS__promoter,0.2160202227979081,0.6425509462854472
cnv_depth__IBNLCO_03949__IBNLCO_03949__gene__promoter,0.21541325437914577,0.6430182568164052
cnv_depth__IBNLCO_01836__DUF3022__CDS,0.21518803796881178,0.6431918566604589
cnv_depth__IBNLCO_03762__IBNLCO_03762__gene__promoter,0.21517447218794009,0.6432023168738858
cnv_depth__IBNLCO_03513__IBNLCO_03513__gene,0.2150548868920895,0.6432945432699373
cnv_depth__IBNLCO_00944__hypothetical__CDS__promoter,0.21408989326083555,0.6440399074174589
cnv_depth__IBNLCO_04999__type__CDS__promoter,0.21369343672436994,0.6443467232075721
cnv_depth__IBNLCO_05544__IBNLCO_05544__gene,0.21111781410751193,0.646348448057765
cnv_depth__IBNLCO_05171__IBNLCO_05171__gene,0.2108638096859756,0.6465466558406334
cnv_depth__IBNLCO_05494__Serine__CDS,0.2107844869673306,0.6466085835351489
cnv_depth__IBNLCO_03932__Gamma-glutamyl-gamma-aminobutyraldehyde__CDS__promoter,0.2105227562202838,0.6468130183999733
cnv_depth__IBNLCO_02957__IBNLCO_02957__gene,0.2104260779324618,0.6468885716253916
cnv_depth__IBNLCO_04109__IBNLCO_04109__gene__promoter,0.21031441370420584,0.646975862396761
cnv_depth__IBNLCO_01455__Valine--tRNA__CDS__promoter,0.21021059362313657,0.6470570463784
cnv_depth__IBNLCO_02840__IBNLCO_02840__gene,0.21017109413986856,0.6470879400858882
cnv_depth__IBNLCO_02405__Protein-arginine__CDS__promoter,0.20898573961786762,0.6480166807540609
cnv_depth__IBNLCO_04570__IBNLCO_04570__gene__promoter,0.20851108590376868,0.6483894715964333
cnv_depth__IBNLCO_04279__IBNLCO_04279__gene__promoter,0.20740576653444842,0.6492595772420787
cnv_depth__IBNLCO_01953__BcKCsr2__gene__promoter,0.20735856168940878,0.6492967991376855
cnv_depth__IBNLCO_05490__IBNLCO_05490__gene,0.20672286262139686,0.6497985589452165
cnv_depth__IBNLCO_04444__IBNLCO_04444__gene__promoter,0.20659542883436854,0.6498992550012092
cnv_depth__IBNLCO_05338__Polyketide__CDS__promoter,0.20553936898514075,0.6507351821667883
cnv_depth__IBNLCO_03885__IBNLCO_03885__gene,0.20551616439059384,0.6507535788901937
cnv_depth__IBNLCO_01002__IBNLCO_01002__gene__promoter,0.2052218241325613,0.6509870421837267
cnv_depth__IBNLCO_04757__Glutathione__CDS__promoter,0.20481628986298142,0.6513090327267729
cnv_depth__IBNLCO_03994__IBNLCO_03994__gene,0.20284712695830473,0.6528780170606536
cnv_depth__IBNLCO_02525__Major__CDS,0.2028192457220887,0.652900297898108
cnv_depth__IBNLCO_02471__htpX__gene__promoter,0.20258407367415276,0.653088305203533
cnv_depth__IBNLCO_04262__ureidoglycolate__CDS,0.20234705147822163,0.6532779245153535
cnv_depth__IBNLCO_04645__IBNLCO_04645__gene__promoter,0.2019214324010448,0.6536187582133388
cnv_depth__IBNLCO_01430__RiboL-PSP-HEPN__CDS__promoter,0.2004019484510682,0.6548390892050424
cnv_depth__IBNLCO_01812__Copper-binding__CDS__promoter,0.1999697943841634,0.6551871762879437
cnv_depth__IBNLCO_01324__IBNLCO_01324__gene__promoter,0.19984109037234138,0.655290930763736
cnv_depth__IBNLCO_04151__Exported__CDS,0.19984046893073404,0.6552914318349119
cnv_depth__IBNLCO_03515__potC__gene,0.19715390705386446,0.6574664179665121
cnv_depth__IBNLCO_01525__emrA__gene__promoter,0.1966651553509114,0.6578640075535647
cnv_depth__IBNLCO_04646__Acyl__CDS,0.1950860423977244,0.6591526409029104
cnv_depth__IBNLCO_03978__tssF__gene,0.19487081178249274,0.6593287621079353
cnv_depth__IBNLCO_02124__Small__CDS__promoter,0.1946354043213982,0.6595215270348994
cnv_depth__IBNLCO_01283__madL__gene__promoter,0.1929586435664585,0.6608986003238103
cnv_depth__IBNLCO_04024__HTH__CDS,0.192713435716904,0.6611005801898222
cnv_depth__IBNLCO_05366__Voltage-gated__CDS__promoter,0.19245502564014008,0.661313600876513
cnv_depth__IBNLCO_01134__Transcriptional__CDS,0.19188544609244665,0.6617837377975729
cnv_depth__IBNLCO_00957__Oxidoreductase__CDS,0.19188058070318445,0.6617877573234108
cnv_depth__IBNLCO_05373__Methyl-accepting__CDS__promoter,0.19038788967211212,0.6630238195019559
cnv_depth__IBNLCO_00116__lysE__gene__promoter,0.1901560714083838,0.6632163000613284
cnv_depth__IBNLCO_05559__IBNLCO_05559__gene,0.19004965741709087,0.6633047032409617
cnv_depth__IBNLCO_00223__flagellum-specific__CDS__promoter,0.19002550829381853,0.6633247691725117
cnv_depth__IBNLCO_04911__gnl|Bakta|IBNLCO_04911__CDS__promoter,0.1897973761121041,0.6635144031739837
cnv_depth__IBNLCO_04223__IBNLCO_04223__gene__promoter,0.18915318627679661,0.6640506170231578
cnv_depth__IBNLCO_03891__Quercetin__CDS,0.18898541670148863,0.6641904441555733
cnv_depth__IBNLCO_03781__IBNLCO_03781__gene,0.18846294816592174,0.6646263678203536
cnv_depth__IBNLCO_02288__Glutamine__CDS__promoter,0.18725310704129763,0.66563856901723
cnv_depth__IBNLCO_01790__fimC__gene,0.18686118756900646,0.6659672972855563
cnv_depth__IBNLCO_00815__nepI__gene,0.18630716556070268,0.6664326905884923
cnv_depth__IBNLCO_01520__Transcription__CDS__promoter,0.18597343320526352,0.6667134312280885
cnv_depth__IBNLCO_04141__IBNLCO_04141__gene,0.1851644260178152,0.6673952229120745
cnv_depth__IBNLCO_05397__NADPH-dependent__CDS__promoter,0.18514908203880737,0.6674081711213464
cnv_depth__IBNLCO_02991__IBNLCO_02991__gene__promoter,0.18507517538885307,0.667470547089818
cnv_depth__IBNLCO_01046__IBNLCO_01046__gene,0.18505488503185613,0.6674876743932675
cnv_depth__IBNLCO_00514__IBNLCO_00514__gene,0.18497573549536464,0.6675544959926596
cnv_depth__IBNLCO_04893__Conserved__CDS__promoter,0.18479822636739796,0.6677044188432122
cnv_depth__IBNLCO_02341__Ubiquinone__CDS__promoter,0.18465153053855574,0.6678283814507651
cnv_depth__IBNLCO_04392__IBNLCO_04392__gene,0.18382216951449146,0.6685303177071299
cnv_depth__IBNLCO_01022__IBNLCO_01022__gene__promoter,0.18377865380328043,0.6685671993248674
cnv_depth__IBNLCO_03883__Polysaccharide__CDS,0.1837311753580058,0.6686074454469483
cnv_depth__IBNLCO_00939__Phosphatidylglycerol--prolipoprotein__CDS,0.18362147900369757,0.6687004554731615
cnv_depth__IBNLCO_05311__IBNLCO_05311__gene__promoter,0.18346715932373422,0.6688313567200553
cnv_depth__IBNLCO_05755__TetR__CDS,0.18276480712992177,0.6694279499679588
cnv_depth__IBNLCO_04013__Iron-sulfur__CDS__promoter,0.18268789370647817,0.6694933642785786
cnv_depth__IBNLCO_02210__IBNLCO_02210__gene,0.18185294744021022,0.6702045308574537
cnv_depth__IBNLCO_03905__LysR__CDS__promoter,0.18149923638722393,0.6705063869357248
cnv_depth__IBNLCO_05156__IBNLCO_05156__gene__promoter,0.1811702102593707,0.6707874892879012
cnv_depth__IBNLCO_04934__jmjC__gene__promoter,0.18090960449544838,0.6710103511098229
cnv_depth__IBNLCO_04916__Tash__CDS__promoter,0.18046568570945007,0.6713904135512399
cnv_depth__IBNLCO_00579__tcdB__gene,0.18034393350261543,0.671494748547637
cnv_depth__IBNLCO_02272__fixJ__gene,0.1795627770383449,0.6721651484729173
cnv_depth__IBNLCO_04872__hypothetical__CDS__promoter,0.1790917254472157,0.6725702440597948
cnv_depth__IBNLCO_05176__GDP-mannose__CDS,0.17906502095303667,0.6725932282447973
cnv_depth__IBNLCO_02644__3-deoxy-D-manno-octulosonic__CDS,0.17862740105398175,0.672970169963303
cnv_depth__IBNLCO_05069__HTH__CDS__promoter,0.1786153893964094,0.6729805238195249
cnv_depth__IBNLCO_00900__IBNLCO_00900__gene,0.17861354134296034,0.6729821168484068
cnv_depth__IBNLCO_04203__IBNLCO_04203__gene__promoter,0.1784088345816351,0.6731586350255546
cnv_depth__IBNLCO_00711__IBNLCO_00711__gene,0.17692527562140034,0.6744414864565164
cnv_depth__IBNLCO_03346__gnl|Bakta|IBNLCO_03346__CDS,0.17637135050164615,0.6749220960618324
cnv_depth__IBNLCO_05401__HTH__CDS__promoter,0.1757651673533774,0.6754490660943132
cnv_depth__IBNLCO_03328__Carrier__CDS__promoter,0.17521286613339815,0.6759301267630904
cnv_depth__IBNLCO_03303__cheY__gene__promoter,0.17518935099349794,0.6759506284955967
cnv_depth__IBNLCO_04170__hypothetical__CDS,0.17393834912691558,0.6770436580571987
cnv_depth__IBNLCO_02644__3-deoxy-D-manno-octulosonic__CDS__promoter,0.17387374635969605,0.6771002282265904
cnv_depth__IBNLCO_02399__Free__CDS,0.17293535522106618,0.6779233367673625
cnv_depth__IBNLCO_04675__IBNLCO_04675__gene__promoter,0.17261999193638314,0.6782005455695882
cnv_depth__IBNLCO_02227__4-hydroxy-tetrahydrodipicolinate__CDS,0.1726010912149725,0.6782171690057031
cnv_depth__IBNLCO_02699__IBNLCO_02699__gene,0.172509372248896,0.678297852225311
cnv_depth__IBNLCO_05414__IBNLCO_05414__gene__promoter,0.17238404777695182,0.6784081381833126
cnv_depth__IBNLCO_03989__OmpA-like__CDS,0.17218852948030108,0.6785802888935081
cnv_depth__IBNLCO_05766__hypothetical__CDS__promoter,0.17218074788837276,0.6785871428313069
cnv_depth__IBNLCO_00991__IBNLCO_00991__gene__promoter,0.17092868090966518,0.6796923234437499
cnv_depth__IBNLCO_05563__RHS__CDS__promoter,0.1693697354184543,0.6810750293312636
cnv_depth__IBNLCO_05551__Thioesterase__CDS,0.16903962775379655,0.681368772600987
cnv_depth__IBNLCO_05013__SctT__CDS__promoter,0.168480346848611,0.6818672101981335
cnv_depth__IBNLCO_02403__IBNLCO_02403__gene,0.16804944111716916,0.6822518984335085
cnv_depth__IBNLCO_00750__terC__gene,0.1680045139245287,0.6822920400563892
cnv_depth__IBNLCO_02371__IBNLCO_02371__gene,0.16791796802787975,0.6823693849111908
cnv_depth__IBNLCO_05620__N-acetyltransferase__CDS,0.16742577140812953,0.6828096976083067
cnv_depth__IBNLCO_05591__ImpA__CDS,0.16712856748964044,0.6830759385447248
cnv_depth__IBNLCO_00659__IBNLCO_00659__gene__promoter,0.16683836737182822,0.6833361722230039
cnv_depth__IBNLCO_05554__IS__CDS__promoter,0.1666157975381413,0.6835359383020478
cnv_depth__IBNLCO_05037__Putative__CDS,0.16650890610797198,0.6836319333591061
cnv_depth__IBNLCO_02385__IBNLCO_02385__gene,0.16560584733171801,0.6844443743948206
cnv_depth__IBNLCO_03896__Major__CDS,0.16549176647591043,0.6845471914297153
cnv_depth__IBNLCO_05841__IBNLCO_05841__gene,0.165475108728977,0.6845622079244119
cnv_depth__IBNLCO_01794__IBNLCO_01794__gene,0.16494910273489505,0.6850368416904216
cnv_depth__IBNLCO_02643__ureG__gene,0.16460191018811618,0.6853506092343619
cnv_depth__IBNLCO_04760__Putative__CDS__promoter,0.16381841266273925,0.6860600972709643
cnv_depth__IBNLCO_02420__rpoE__gene,0.16357175234141036,0.6862838667760769
cnv_depth__IBNLCO_05566__hypothetical__CDS,0.1632072129835973,0.686614935728704
cnv_depth__IBNLCO_02140__IBNLCO_02140__gene__promoter,0.16299280910519529,0.6868098549959541
cnv_depth__IBNLCO_00163__Phage__CDS,0.16261780448495183,0.6871511388645488
cnv_depth__IBNLCO_00374__Carbonic__CDS__promoter,0.16213013959001693,0.6875956378608767
cnv_depth__IBNLCO_05429__Efflux__CDS__promoter,0.16202586686084647,0.6876907816808695
cnv_depth__IBNLCO_05487__DUF3025__CDS__promoter,0.1617713202846069,0.6879231927148368
cnv_depth__IBNLCO_04450__ABC-type__CDS,0.16169884788737904,0.6879894017311631
cnv_depth__IBNLCO_05449__ATP__CDS__promoter,0.16121869874626937,0.6884284904917275
cnv_depth__IBNLCO_05811__Acetyltransferase__CDS,0.16000606123041353,0.6895408206308464
cnv_depth__IBNLCO_03001__Dephospho-CoA__CDS__promoter,0.15912194319985337,0.6903548932105739
cnv_depth__IBNLCO_05656__IBNLCO_05656__gene,0.15845072531357396,0.6909746861449242
cnv_depth__IBNLCO_04399__IBNLCO_04399__gene,0.1584480770901461,0.6909771344873501
cnv_depth__IBNLCO_05452__IBNLCO_05452__gene__promoter,0.15792502248172632,0.6914611759382822
cnv_depth__IBNLCO_04842__IBNLCO_04842__gene__promoter,0.15790846585662238,0.6914765128059346
cnv_depth__IBNLCO_04563__IBNLCO_04563__gene__promoter,0.15784554955609356,0.6915348024421094
cnv_depth__IBNLCO_02183__IBNLCO_02183__gene,0.15760755119389966,0.6917554209812445
cnv_depth__IBNLCO_03724__IBNLCO_03724__gene,0.15753224438854233,0.6918252686881534
cnv_depth__IBNLCO_05071__gnl|Bakta|IBNLCO_05071__CDS__promoter,0.15708363801686817,0.6922417561104063
cnv_depth__IBNLCO_02132__EamA__CDS__promoter,0.15587698073232495,0.693365447497316
cnv_depth__IBNLCO_02099__IBNLCO_02099__gene__promoter,0.15527434841897714,0.6939285287517298
cnv_depth__IBNLCO_01804__IBNLCO_01804__gene__promoter,0.1548694066319872,0.6943076038475144
cnv_depth__IBNLCO_00822__IBNLCO_00822__gene__promoter,0.15465838483867975,0.6945053730781813
cnv_depth__IBNLCO_01497__Large__CDS__promoter,0.1536519607768978,0.69545074240843
cnv_depth__IBNLCO_00642__fdhD__gene,0.15363965691060333,0.6954623219451392
cnv_depth__IBNLCO_04064__putative__CDS,0.15346386795660097,0.6956278206652533
cnv_depth__IBNLCO_05688__Pilus__CDS,0.15301523415539653,0.6960506890173503
cnv_depth__IBNLCO_02014__IBNLCO_02014__gene,0.1529982804356165,0.6960666830853978
cnv_depth__IBNLCO_00477__Diaminobutyrate--2-oxoglutarate__CDS__promoter,0.15184864671587478,0.6971536362514804
cnv_depth__IBNLCO_04456__IBNLCO_04456__gene,0.15082309154260218,0.6981272848876939
cnv_depth__IBNLCO_02876__Glutathione__CDS__promoter,0.15074366927738833,0.6982028461924698
cnv_depth__IBNLCO_05142__Major__CDS,0.15004388298011878,0.6988696063953194
cnv_depth__IBNLCO_05488__IBNLCO_05488__gene__promoter,0.1497875648665404,0.6991142753133085
cnv_depth__IBNLCO_00148__IBNLCO_00148__gene,0.14954910846914055,0.6993421106225824
cnv_depth__IBNLCO_00544__IBNLCO_00544__gene,0.14954288774797336,0.6993480570618311
cnv_depth__IBNLCO_04130__ncS035__gene__promoter,0.14927892027671766,0.6996005169643525
cnv_depth__IBNLCO_00439__PTS__CDS__promoter,0.14814966683001748,0.7006834482169014
cnv_depth__IBNLCO_01924__Transcription__CDS__promoter,0.14794749522753323,0.7008778266731522
cnv_depth__IBNLCO_04876__Type__CDS__promoter,0.1463188988751201,0.702449236912371
cnv_depth__IBNLCO_03885__hypothetical__CDS__promoter,0.1460911884204989,0.702669749699341
cnv_depth__IBNLCO_00860__hypothetical__CDS,0.14499159943223225,0.7037373645170315
cnv_depth__IBNLCO_01504__trnP__gene,0.14479065153012688,0.7039329699833802
cnv_depth__IBNLCO_05446__hypothetical__CDS__promoter,0.14465853431054013,0.7040616594342409
cnv_depth__IBNLCO_03330__fabG__gene,0.14453043113930392,0.7041865032612615
cnv_depth__IBNLCO_05407__Carboxylesterase__CDS__promoter,0.1441140719920447,0.7045927070536614
cnv_depth__IBNLCO_03656__IBNLCO_03656__gene,0.14362020387386007,0.7050754011250735
cnv_depth__IBNLCO_00546__IBNLCO_00546__gene__promoter,0.14353237841576502,0.7051613388924332
cnv_depth__IBNLCO_02817__IBNLCO_02817__gene,0.14336881248264718,0.7053214694076806
cnv_depth__IBNLCO_04442__blaPEN-I__gene__promoter,0.14270865170716507,0.70596882871683
cnv_depth__IBNLCO_05215__IBNLCO_05215__gene__promoter,0.14243297983879188,0.7062396615923737
cnv_depth__IBNLCO_04303__hypothetical__CDS__promoter,0.14230048744168416,0.7063699348855617
cnv_depth__IBNLCO_02416__IBNLCO_02416__gene,0.14215087472102386,0.7065171251063783
cnv_depth__IBNLCO_03998__IBNLCO_03998__gene,0.1414687441616863,0.7071893348532283
cnv_depth__IBNLCO_05143__gnl|Bakta|IBNLCO_05143__CDS,0.1414072135905191,0.7072500614686478
cnv_depth__IBNLCO_01343__IBNLCO_01343__gene__promoter,0.14133069940334492,0.7073255969745079
cnv_depth__IBNLCO_05326__Lipopolysaccharide__CDS__promoter,0.14031661848461738,0.7083289196843446
cnv_depth__IBNLCO_02764__IBNLCO_02764__gene,0.13949517579733847,0.7091446843911691
cnv_depth__IBNLCO_04875__Type__CDS,0.13938295397573633,0.7092563429458686
cnv_depth__IBNLCO_04794__Methyltransferase__CDS__promoter,0.13899812573859294,0.709639629225728
cnv_depth__IBNLCO_00221__fliK__gene__promoter,0.1389884379837714,0.709649285960969
cnv_depth__IBNLCO_01786__trimeric__CDS,0.13889987049283278,0.7097375876493743
cnv_depth__IBNLCO_04419__Short-chain__CDS__promoter,0.13813545786038106,0.7105010427572502
cnv_depth__IBNLCO_05219__gnl|Bakta|IBNLCO_05219__CDS__promoter,0.13724552268797502,0.7113928995432993
cnv_depth__IBNLCO_04252__IBNLCO_04252__gene__promoter,0.13671461564849055,0.711926520639167
cnv_depth__IBNLCO_02289__Rhodanese__CDS__promoter,0.13645415371423622,0.7121887449929835
cnv_depth__IBNLCO_00581__IBNLCO_00581__gene,0.13632511157263558,0.7123187657186596
cnv_depth__IBNLCO_00600__IBNLCO_00600__gene,0.13626336620862792,0.7123810040721803
cnv_depth__IBNLCO_04929__IBNLCO_04929__gene__promoter,0.13592449899870995,0.7127228625944009
cnv_depth__IBNLCO_04140__IBNLCO_04140__gene__promoter,0.1358562214123438,0.7127918014980079
cnv_depth__IBNLCO_02496__Cysteine__CDS__promoter,0.1357083776613112,0.712941144714724
cnv_depth__IBNLCO_00814__estB__gene__promoter,0.1350826360796425,0.7135742582819503
cnv_depth__IBNLCO_00175__hypothetical__CDS__promoter,0.13485118612237018,0.7138088568425022
cnv_depth__IBNLCO_05675__IBNLCO_05675__gene__promoter,0.13470300038743632,0.7139591785164501
cnv_depth__IBNLCO_04640__IBNLCO_04640__gene__promoter,0.1344076571158857,0.7142590590519052
cnv_depth__IBNLCO_00830__DUF72__CDS,0.13393543976263322,0.7147393088074863
cnv_depth__IBNLCO_02580__IBNLCO_02580__gene,0.1337593937225906,0.7149185951441408
cnv_depth__IBNLCO_00771__IBNLCO_00771__gene,0.13301325937974598,0.7156799520008901
cnv_depth__IBNLCO_01211__IBNLCO_01211__gene__promoter,0.1326052179371824,0.7160973424470668
cnv_depth__IBNLCO_00946__Iron__CDS,0.1321280108560701,0.7165864074320226
cnv_depth__IBNLCO_00511__IBNLCO_00511__gene__promoter,0.13180259074043033,0.7169204877011299
cnv_depth__IBNLCO_04435__Delta(1)-pyrroline-2-carboxylate__CDS__promoter,0.1315705084864679,0.7171590315694998
cnv_depth__IBNLCO_03075__IBNLCO_03075__gene__promoter,0.13075611250781174,0.7179979912035804
cnv_depth__IBNLCO_01175__Acyl-CoA__CDS,0.13041767319753766,0.7183475078206559
cnv_depth__IBNLCO_01064__DUF1841__CDS__promoter,0.13011299612811253,0.7186625960974714
cnv_depth__IBNLCO_04831__IBNLCO_04831__gene,0.12994359213993975,0.7188379692965469
cnv_depth__IBNLCO_05280__Molybdate__CDS,0.12994103241303018,0.7188406202102171
cnv_depth__IBNLCO_04001__IBNLCO_04001__gene,0.12991473515096366,0.7188678559856149
cnv_depth__IBNLCO_01003__Two-component__CDS__promoter,0.12991159382392437,0.7188711096306615
cnv_depth__IBNLCO_00833__IBNLCO_00833__gene,0.12982353424540383,0.7189623358766736
cnv_depth__IBNLCO_04138__IBNLCO_04138__gene__promoter,0.12967599689052778,0.7191152571635915
cnv_depth__IBNLCO_02155__(S)-2-haloacid__CDS__promoter,0.1294288799044139,0.7193716123445477
cnv_depth__IBNLCO_03474__hypothetical__CDS__promoter,0.12928438163864298,0.7195216406610124
cnv_depth__IBNLCO_02601__Glutamate-1-semialdehyde__CDS__promoter,0.1286604973672726,0.7201704911170527
cnv_depth__IBNLCO_05349__IBNLCO_05349__gene__promoter,0.12841235546760235,0.720429056744074
cnv_depth__IBNLCO_05567__IBNLCO_05567__gene,0.12706686154370672,0.7218360047616164
cnv_depth__IBNLCO_00367__ATP-dependent__CDS__promoter,0.12629897705986057,0.7226427292384576
cnv_depth__IBNLCO_05568__IBNLCO_05568__gene__promoter,0.1261043820222569,0.7228476056576708
cnv_depth__IBNLCO_04283__IBNLCO_04283__gene__promoter,0.12566861582662528,0.7233070422649512
cnv_depth__IBNLCO_01777__hypothetical__CDS,0.1255660393339577,0.7234153210123501
cnv_depth__IBNLCO_00144__IBNLCO_00144__gene__promoter,0.125542151447205,0.7234405439820729
cnv_depth__IBNLCO_01061__AAA+__CDS__promoter,0.12529678640127728,0.7236997789309858
cnv_depth__IBNLCO_02043__DUF4148__CDS__promoter,0.12520066117880663,0.7238014157853868
cnv_depth__IBNLCO_02856__IBNLCO_02856__gene,0.12477626191700684,0.7242506750825222
cnv_depth__IBNLCO_01776__hypothetical__CDS__promoter,0.12457737056771265,0.7244615127813134
cnv_depth__IBNLCO_02550__Bacteriophage__CDS,0.12338435875204568,0.7257301740970363
cnv_depth__IBNLCO_01213__cdpA__gene__promoter,0.12329465663935561,0.7258258424540593
cnv_depth__IBNLCO_01393__IBNLCO_01393__gene__promoter,0.12307124625651843,0.7260642823763684
cnv_depth__IBNLCO_04302__tRNA-Pro(tgg)__tRNA,0.12285061259174754,0.7262999975473037
cnv_depth__IBNLCO_00877__cueO__gene,0.12243376806411149,0.7267459854653205
cnv_depth__IBNLCO_03175__Penicillin-binding__CDS__promoter,0.1223433641867581,0.7268428223265787
cnv_depth__IBNLCO_04230__IBNLCO_04230__gene__promoter,0.12226087102959989,0.7269312206143346
cnv_depth__IBNLCO_00464__IBNLCO_00464__gene__promoter,0.12215877998907229,0.7270406660386276
cnv_depth__IBNLCO_00899__Peptidyl-prolyl__CDS,0.12157083270168281,0.7276719690105169
cnv_depth__IBNLCO_04478__IBNLCO_04478__gene__promoter,0.12141249354399196,0.7278422768813226
cnv_depth__IBNLCO_04282__IBNLCO_04282__gene__promoter,0.12138643051313651,0.727870321932827
cnv_depth__IBNLCO_05463__Deoxyribose-phosphate__CDS__promoter,0.12136536625129203,0.7278929905411137
cnv_depth__IBNLCO_05441__IBNLCO_05441__gene,0.12065921093492368,0.7286542104052668
cnv_depth__IBNLCO_04893__Conserved__CDS,0.12006843005718168,0.7292929800881539
cnv_depth__IBNLCO_00687__IBNLCO_00687__gene,0.1198773020531521,0.7295000102270692
cnv_depth__IBNLCO_00124__Toprim__CDS,0.11921667900486015,0.7302170255308702
cnv_depth__IBNLCO_02814__hrcA__gene__promoter,0.11853736974705709,0.7309566456136786
cnv_depth__IBNLCO_05538__Peroxisomal__CDS,0.1183239719019624,0.7311894788318749
cnv_depth__IBNLCO_02356__hypothetical__CDS,0.11760690864230629,0.73197357441297
cnv_depth__IBNLCO_04871__hypothetical__CDS,0.11747058717750052,0.732122941582142
cnv_depth__IBNLCO_03942__IBNLCO_03942__gene__promoter,0.1172789353676769,0.732333098055595
cnv_depth__IBNLCO_01332__Tlde1__CDS,0.11680014526070381,0.7328589571209576
cnv_depth__IBNLCO_03724__IBNLCO_03724__gene__promoter,0.11660737273994805,0.733071020758514
cnv_depth__IBNLCO_04185__IBNLCO_04185__gene__promoter,0.11637685815026229,0.7333248606159123
cnv_depth__IBNLCO_03830__IBNLCO_03830__gene,0.11547798432308808,0.7343173805830853
cnv_depth__IBNLCO_01212__IBNLCO_01212__gene__promoter,0.11521074710002442,0.7346132899265435
cnv_depth__IBNLCO_02453__RNA-binding__CDS__promoter,0.11514572768353545,0.7346853432338661
cnv_depth__IBNLCO_02037__IBNLCO_02037__gene,0.11507436177252349,0.7347644557391994
cnv_depth__IBNLCO_02856__Major__CDS__promoter,0.11477863029826639,0.7350925801268023
cnv_depth__IBNLCO_00904__IBNLCO_00904__gene,0.11471022046374563,0.7351685503479946
cnv_depth__IBNLCO_02375__ABC__CDS__promoter,0.11445605471803322,0.73545102699203
cnv_depth__IBNLCO_01784__IBNLCO_01784__gene__promoter,0.1138565183188064,0.7361187324339152
cnv_depth__IBNLCO_05027__type__CDS,0.11357613140872377,0.7364316725297327
cnv_depth__IBNLCO_00650__IBNLCO_00650__gene__promoter,0.11298671814015294,0.7370909231823582
cnv_depth__IBNLCO_00014__hypothetical__CDS,0.11207627134445362,0.7381130189882663
cnv_depth__IBNLCO_03654__2-methylaconitate__CDS__promoter,0.11203253233526131,0.7381622378562124
cnv_depth__IBNLCO_03697__potA__gene,0.11198813957064482,0.7382122033162457
cnv_depth__IBNLCO_03070__GlsB/YeaQ/YmgE__CDS__promoter,0.11185634367018532,0.7383606087063442
cnv_depth__IBNLCO_02379__2-hydroxyethylphosphonate__CDS,0.11152100238723536,0.7387386501954066
cnv_depth__IBNLCO_05425__IBNLCO_05425__gene__promoter,0.11059576784310399,0.7397849869364259
cnv_depth__IBNLCO_01651__capistruin__CDS,0.11051736495491211,0.7398738750124412
cnv_depth__IBNLCO_03876__IBNLCO_03876__gene__promoter,0.11035118062441517,0.740062399834212
cnv_depth__IBNLCO_01131__IBNLCO_01131__gene__promoter,0.11028530601883793,0.7401371737343906
cnv_depth__IBNLCO_03705__IBNLCO_03705__gene,0.11019973526225744,0.7402343416737358
cnv_depth__IBNLCO_01396__vasX__gene__promoter,0.1098095643420308,0.7406779233549731
cnv_depth__IBNLCO_00593__IBNLCO_00593__gene__promoter,0.10938022282049768,0.7411670500172427
cnv_depth__IBNLCO_02739__IBNLCO_02739__gene,0.10900771318636235,0.7415922949528385
cnv_depth__IBNLCO_00707__IBNLCO_00707__gene__promoter,0.10880405099350829,0.741825130027846
cnv_depth__IBNLCO_01790__fimC__gene__promoter,0.10810622884652532,0.7426247472987201
cnv_depth__IBNLCO_03679__IBNLCO_03679__gene,0.10799185091646511,0.7427560828245411
cnv_depth__IBNLCO_04445__IBNLCO_04445__gene__promoter,0.1079553899629586,0.7427979656584545
cnv_depth__IBNLCO_02514__transfer-messenger__tmRNA,0.10766782301226399,0.7431285699673079
cnv_depth__IBNLCO_04672__IBNLCO_04672__gene__promoter,0.10755192265180179,0.7432619543308747
cnv_depth__IBNLCO_00950__Alpha-ribazole__CDS,0.10640790744963101,0.7445828419447311
cnv_depth__IBNLCO_00680__IBNLCO_00680__gene,0.10606331692596106,0.7449822476192429
cnv_depth__IBNLCO_01653__IBNLCO_01653__gene__promoter,0.10585290302643881,0.7452264858781833
cnv_depth__IBNLCO_04328__hypothetical__CDS__promoter,0.10564075413794399,0.7454730100590463
cnv_depth__IBNLCO_05302__4-hydroxy-2-oxovalerate__CDS__promoter,0.10533039562832336,0.7458341508872547
cnv_depth__IBNLCO_00832__Pyridoxine/pyridoxamine__CDS__promoter,0.1051063883266857,0.7460951770315443
cnv_depth__IBNLCO_03721__IBNLCO_03721__gene__promoter,0.1046902647674997,0.7465808854566436
cnv_depth__IBNLCO_01775__IBNLCO_01775__gene__promoter,0.10468513751830553,0.7465868767405598
cnv_depth__IBNLCO_01805__IBNLCO_01805__gene,0.10436812791464149,0.7469576236148594
cnv_depth__IBNLCO_00414__gnl|Bakta|IBNLCO_00414__CDS__promoter,0.1041693629794596,0.7471903991875083
cnv_depth__IBNLCO_04045__IBNLCO_04045__gene__promoter,0.10398528714269234,0.747406191096946
cnv_depth__IBNLCO_02559__Stress-induced__CDS__promoter,0.10387431202817846,0.7475363890418218
cnv_depth__IBNLCO_02559__Stress-induced__CDS,0.10381766883821632,0.7476028734290494
cnv_depth__IBNLCO_04501__trnC__gene__promoter,0.10304315004546331,0.7485139735300188
cnv_depth__IBNLCO_00503__IBNLCO_00503__gene__promoter,0.10223654937861353,0.7494668383275382
cnv_depth__IBNLCO_04005__HTH-type__CDS,0.10155901685752532,0.7502704385163059
cnv_depth__IBNLCO_05464__Nucleoside__CDS__promoter,0.1013533391529651,0.750514970641963
cnv_depth__IBNLCO_04592__luxR__gene__promoter,0.10131001017209294,0.7505665197207703
cnv_depth__IBNLCO_00380__Short-chain__CDS__promoter,0.10109680309118363,0.7508203521651705
cnv_depth__IBNLCO_02280__Nitrate__CDS,0.10108897725010267,0.7508296747817749
cnv_depth__IBNLCO_00967__Methionine--tRNA__CDS,0.1008177074691449,0.7511530738046253
cnv_depth__IBNLCO_05422__IBNLCO_05422__gene__promoter,0.10061588524637882,0.751393990668225
cnv_depth__IBNLCO_03890__dmlR__gene,0.10060070335648742,0.7514121241713342
cnv_depth__IBNLCO_04114__NnrU__CDS,0.10054190978293182,0.7514823624157683
cnv_depth__IBNLCO_02686__IBNLCO_02686__gene__promoter,0.10032211683763272,0.7517451403755777
cnv_depth__IBNLCO_05697__gntR__gene__promoter,0.10020481902681053,0.7518855078602728
cnv_depth__IBNLCO_05191__FimV__CDS,0.10015399033770465,0.751946361417573
cnv_depth__IBNLCO_02230__IBNLCO_02230__gene__promoter,0.09974565182384362,0.7524358537745862
cnv_depth__IBNLCO_02338__Radical__CDS,0.09968809156261332,0.7525049422437468
cnv_depth__IBNLCO_04849__cdhR__gene__promoter,0.09968322050249262,0.7525107898899908
cnv_depth__IBNLCO_01068__IBNLCO_01068__gene,0.09959845901723226,0.7526125701576313
cnv_depth__IBNLCO_04913__VOC__CDS__promoter,0.09957287733407995,0.7526432976015509
cnv_depth__IBNLCO_04129__IBNLCO_04129__gene__promoter,0.09933550025081749,0.7529286304283357
cnv_depth__IBNLCO_05636__hypothetical__CDS,0.09925959911467395,0.7530199444729638
cnv_depth__IBNLCO_02921__Regulatory__CDS,0.0987439256828733,0.7536413523315459
cnv_depth__IBNLCO_00413__DUF2917__CDS,0.09856010960001761,0.7538632894196693
cnv_depth__IBNLCO_01048__eamA__gene,0.09854763205112164,0.7538783628865026
cnv_depth__IBNLCO_00746__Regulatory__CDS__promoter,0.09840988902774939,0.7540448326804686
cnv_depth__IBNLCO_04416__IBNLCO_04416__gene,0.09829992864869419,0.7541778175772004
cnv_depth__IBNLCO_02689__MBL__CDS__promoter,0.09824642867791179,0.7542425494186794
cnv_depth__IBNLCO_01154__IBNLCO_01154__gene__promoter,0.09794308926458911,0.7546099390509751
cnv_depth__IBNLCO_05318__IBNLCO_05318__gene,0.09787212874680505,0.7546959730647763
cnv_depth__IBNLCO_04984__Type__CDS,0.09752205878514746,0.7551209073135196
cnv_depth__IBNLCO_02335__nnrS__gene__promoter,0.0973168669353456,0.7553703698682317
cnv_depth__IBNLCO_00384__IBNLCO_00384__gene__promoter,0.09716078337480456,0.7555603222729385
cnv_depth__IBNLCO_04887__Surface__CDS,0.09677695795518247,0.7560281479982981
cnv_depth__IBNLCO_04347__Oxidoreductase__CDS__promoter,0.0965519927744245,0.7563028201396738
cnv_depth__IBNLCO_05821__4'-phosphopantetheinyl__CDS,0.09625671861890381,0.7566638695500232
cnv_depth__IBNLCO_05810__L-amino__CDS,0.09588885579195554,0.7571145280985592
cnv_depth__IBNLCO_01202__IBNLCO_01202__gene,0.09549631044077715,0.7575964709430006
cnv_depth__IBNLCO_03941__3-oxoacyl-ACP__CDS,0.09536033782962998,0.7577636627654788
cnv_depth__IBNLCO_02259__Fe-S__CDS,0.09517761486411805,0.75798854461118
cnv_depth__IBNLCO_05442__DUF1269__CDS__promoter,0.09511928081495248,0.7580603876201572
cnv_depth__IBNLCO_04380__IBNLCO_04380__gene__promoter,0.0944697048232921,0.7588620278567503
cnv_depth__IBNLCO_04114__nnrU__gene__promoter,0.09445874143186295,0.7588755836105239
cnv_depth__IBNLCO_05200__IBNLCO_05200__gene__promoter,0.09434223426770394,0.7590196928616466
cnv_depth__IBNLCO_00871__NADP-dependent__CDS,0.09410907069061311,0.7593083887977347
cnv_depth__IBNLCO_02636__Urease__CDS__promoter,0.09405572725014882,0.7593744920033694
cnv_depth__IBNLCO_02560__Ribonuclease__CDS__promoter,0.09352545511111895,0.760032723936121
cnv_depth__IBNLCO_01650__Microcin__CDS__promoter,0.092742307697725,0.7610085966920422
cnv_depth__IBNLCO_02553__Transcription__CDS,0.09232874937789896,0.7615257457876611
cnv_depth__IBNLCO_03977__IraD/Gp25-like__CDS__promoter,0.0922203311533283,0.7616615306158899
cnv_depth__IBNLCO_05147__trnU__gene__promoter,0.09184649816684538,0.762130395328868
cnv_depth__IBNLCO_05618__hypothetical__CDS,0.09170414818600749,0.7623092059124648
cnv_depth__IBNLCO_05274__IBNLCO_05274__gene,0.09132413091763107,0.762787301972913
cnv_depth__IBNLCO_04888__Type__CDS__promoter,0.0910533406768605,0.7631286435387652
cnv_depth__IBNLCO_04076__IBNLCO_04076__gene__promoter,0.09067063276108778,0.7636120077281836
cnv_depth__IBNLCO_02262__4Fe-4S__CDS,0.09053299481231615,0.7637861180003583
cnv_depth__IBNLCO_00702__IBNLCO_00702__gene,0.09041485226976612,0.7639356820194994
cnv_depth__IBNLCO_03740__IBNLCO_03740__gene,0.09006057834473755,0.7643848195765933
cnv_depth__IBNLCO_01997__IBNLCO_01997__gene__promoter,0.08998546063015374,0.7644801752218735
cnv_depth__IBNLCO_03678__hypothetical__CDS,0.08961989484623631,0.7649448509648338
cnv_depth__IBNLCO_02338__Radical__CDS__promoter,0.08928735052107395,0.7653684507695777
cnv_depth__IBNLCO_05468__IBNLCO_05468__gene__promoter,0.08807866226431153,0.7669153776529062
cnv_depth__IBNLCO_02418__Sigma-E__CDS__promoter,0.08796249311394985,0.7670646626570304
cnv_depth__IBNLCO_04886__Hypersensitivity__CDS,0.08747404245311308,0.7676935306587905
cnv_depth__IBNLCO_05389__IBNLCO_05389__gene,0.08670569487440549,0.7686866362480009
cnv_depth__IBNLCO_01509__IBNLCO_01509__gene__promoter,0.08664796390741594,0.7687614476494367
cnv_depth__IBNLCO_05070__gnl|Bakta|IBNLCO_05070__CDS__promoter,0.08663603106420889,0.7687769143530025
cnv_depth__IBNLCO_04136__luxR__gene__promoter,0.08638773811912634,0.7690990012363161
cnv_depth__IBNLCO_03021__UDP-N-acetylmuramoyl-L-alanyl-D-glutamate--2%2C6-di__CDS,0.0861968124788764,0.7693470132276171
cnv_depth__IBNLCO_00169__IBNLCO_00169__gene,0.0860979883766773,0.769475502749149
cnv_depth__IBNLCO_04966__Burkholderia__ncRNA,0.0857046265331337,0.7699877412413744
cnv_depth__IBNLCO_00787__IBNLCO_00787__gene,0.08560685025598365,0.7701152642049047
cnv_depth__IBNLCO_02257__Iron-sulfur__CDS__promoter,0.08560571169929916,0.7701167496128375
cnv_depth__IBNLCO_00097__hypothetical__CDS__promoter,0.08542760202857597,0.770349251051977
cnv_depth__IBNLCO_04841__hypothetical__CDS__promoter,0.08529399224425917,0.7705238358771922
cnv_depth__IBNLCO_02693__IBNLCO_02693__gene__promoter,0.08519022583863037,0.7706595274908837
cnv_depth__IBNLCO_04134__IBNLCO_04134__gene__promoter,0.08506004014793193,0.7708298935966122
cnv_depth__IBNLCO_04451__IBNLCO_04451__gene__promoter,0.08484087681169199,0.7711170192763577
cnv_depth__IBNLCO_05808__gnl|Bakta|IBNLCO_05808__CDS__promoter,0.08396394584167544,0.7722699306875306
cnv_depth__IBNLCO_03875__IBNLCO_03875__gene,0.08389225869901268,0.772364466728383
cnv_depth__IBNLCO_03333__IBNLCO_03333__gene__promoter,0.08340971974607857,0.7730019482077068
cnv_depth__IBNLCO_02444__Sodium:proton__CDS,0.08266401506493753,0.7739910402745569
cnv_depth__IBNLCO_05708__Catalase__CDS__promoter,0.0825863940272858,0.7740942729346606
cnv_depth__IBNLCO_02059__IBNLCO_02059__gene,0.0823808857740832,0.7743678440572866
cnv_depth__IBNLCO_03797__Preprotein__CDS__promoter,0.0822417889422559,0.7745532184863727
cnv_depth__IBNLCO_03893__Cyclic__CDS,0.08171912057629595,0.7752513000440688
cnv_depth__IBNLCO_04498__IBNLCO_04498__gene,0.08133597634017752,0.7757645674768058
cnv_depth__IBNLCO_05432__ABC3__CDS__promoter,0.08111660955680736,0.7760590243074575
cnv_depth__IBNLCO_03722__Metal-dependent__CDS__promoter,0.0810741534401964,0.7761160630227586
cnv_depth__IBNLCO_00502__IBNLCO_00502__gene__promoter,0.08026792465789277,0.7772022909403178
cnv_depth__IBNLCO_03575__IBNLCO_03575__gene,0.07961785190900376,0.7780824310765139
cnv_depth__IBNLCO_04047__Pyochelin__CDS,0.07915628378666986,0.7787097110866533
cnv_depth__IBNLCO_03488__yncE__gene__promoter,0.07913379889006739,0.7787403188682999
cnv_depth__IBNLCO_01740__hypothetical__CDS,0.07877721647038909,0.7792263489479311
cnv_depth__IBNLCO_00694__IBNLCO_00694__gene__promoter,0.07834753572533175,0.7798135933497428
cnv_depth__IBNLCO_02959__gnl|Bakta|IBNLCO_02959__CDS__promoter,0.07772133815339408,0.7806725359504602
cnv_depth__IBNLCO_05043__lysE__gene__promoter,0.07744544021528481,0.7810521634030074
cnv_depth__IBNLCO_04372__hypothetical__CDS,0.07710409853300669,0.7815228495230235
cnv_depth__IBNLCO_05178__IBNLCO_05178__gene__promoter,0.07704962799018178,0.7815980643562601
cnv_depth__IBNLCO_02626__IBNLCO_02626__gene__promoter,0.07700714387826733,0.7816567477907677
cnv_depth__IBNLCO_05481__hypothetical__CDS__promoter,0.0769820233619262,0.7816914550421027
cnv_depth__IBNLCO_05431__hrtA__gene,0.07687433274805913,0.7818403127688366
cnv_depth__IBNLCO_01776__IBNLCO_01776__gene,0.07673917781422179,0.782027292677027
cnv_depth__IBNLCO_00514__IBNLCO_00514__gene__promoter,0.0767232583272213,0.7820493281409239
cnv_depth__IBNLCO_05033__bprQ__gene,0.07635803356330206,0.7825555433769755
cnv_depth__IBNLCO_01511__DUF218__CDS__promoter,0.07630280478283417,0.7826322059182165
cnv_depth__IBNLCO_00843__Cys-tRNA(Pro)/Cys-tRNA(Cys)__CDS__promoter,0.07559016596502922,0.7836241043154504
cnv_depth__IBNLCO_00258__IBNLCO_00258__gene__promoter,0.0749997968944923,0.7844496361482497
cnv_depth__IBNLCO_02230__Peptidase__CDS,0.07483018471940875,0.7846874559204119
cnv_depth__IBNLCO_04053__Iron__CDS__promoter,0.07460452796687385,0.7850043076190666
cnv_depth__IBNLCO_02240__IBNLCO_02240__gene__promoter,0.07405428044499564,0.7857790931015639
cnv_depth__IBNLCO_01964__IBNLCO_01964__gene,0.07340972463452933,0.7866906143537504
cnv_depth__IBNLCO_00661__IBNLCO_00661__gene,0.07333802202790501,0.7867922803043532
cnv_depth__IBNLCO_01008__IBNLCO_01008__gene,0.07331384653485894,0.7868265703674162
cnv_depth__IBNLCO_03919__Copper__CDS__promoter,0.0731917790006524,0.7869998014218389
cnv_depth__IBNLCO_02831__ptxB__gene__promoter,0.0729988301020306,0.7872739397125955
cnv_depth__IBNLCO_02165__tRNA-Ala(ggc)__tRNA,0.07293262874187605,0.7873680869873644
cnv_depth__IBNLCO_04373__porin__CDS,0.07285070646291338,0.7874846550406988
cnv_depth__IBNLCO_03517__IBNLCO_03517__gene,0.07270767700020295,0.7876883418565384
cnv_depth__IBNLCO_04382__mgtC__gene__promoter,0.07259242779736934,0.7878526235351696
cnv_depth__IBNLCO_04105__QseB__CDS,0.07227808598654324,0.7883014137593296
cnv_depth__IBNLCO_01502__gnl|Bakta|IBNLCO_01502__CDS__promoter,0.07195750329836308,0.7887601936024707
cnv_depth__IBNLCO_04302__trnP__gene__promoter,0.07193457164624475,0.7887930526189708
cnv_depth__IBNLCO_02903__hypothetical__CDS,0.07187702356242698,0.7888755386394493
cnv_depth__IBNLCO_02447__IBNLCO_02447__gene__promoter,0.0718488979193909,0.7889158651533272
cnv_depth__IBNLCO_05434__Universal__CDS,0.07158893955158868,0.7892889944102469
cnv_depth__IBNLCO_00320__IBNLCO_00320__gene__promoter,0.0715510447926168,0.7893434469731628
cnv_depth__IBNLCO_02199__IBNLCO_02199__gene__promoter,0.0713159884190264,0.789681555083701
cnv_depth__IBNLCO_03742__IBNLCO_03742__gene,0.07070707620893346,0.7905602087531917
cnv_depth__IBNLCO_05204__AraC__CDS,0.07066559853584609,0.7906202077520309
cnv_depth__IBNLCO_05038__lysR__gene__promoter,0.07066045155780823,0.7906276543625628
cnv_depth__IBNLCO_01236__IBNLCO_01236__gene__promoter,0.07048432927485657,0.7908826420341502
cnv_depth__IBNLCO_00144__IBNLCO_00144__gene,0.07033700067461274,0.7910962047187616
cnv_depth__IBNLCO_02479__IBNLCO_02479__gene__promoter,0.07004968206551679,0.7915133822374437
cnv_depth__IBNLCO_04232__clcA__gene__promoter,0.07002634747674848,0.7915473034971836
cnv_depth__IBNLCO_03673__DUF1254__CDS,0.06951125152314921,0.7922976394028454
cnv_depth__IBNLCO_00965__hypothetical__CDS,0.06947391568590887,0.79235214164191
cnv_depth__IBNLCO_03881__IBNLCO_03881__gene,0.06896209914369841,0.7931008679633688
cnv_depth__IBNLCO_05433__IBNLCO_05433__gene__promoter,0.06876305919494072,0.7933928416996376
cnv_depth__IBNLCO_05558__IBNLCO_05558__gene,0.06858311517537745,0.7936571924890521
cnv_depth__IBNLCO_02330__Deoxyribodipyrimidine__CDS,0.06848140953646016,0.7938067694211455
cnv_depth__IBNLCO_02483__IBNLCO_02483__gene__promoter,0.06794723984239778,0.7945943205335819
cnv_depth__IBNLCO_00862__IBNLCO_00862__gene,0.06758167760597719,0.7951351935056734
cnv_depth__IBNLCO_03055__2-octaprenyl-3-methyl-6-methoxy-1%2C4-benzoquinol__CDS__promoter,0.06757456962372181,0.7951457256895512
cnv_depth__IBNLCO_01144__Ketol-acid__CDS,0.06705850862270303,0.7959119804603105
cnv_depth__IBNLCO_04683__Metal-dependent__CDS__promoter,0.06691372004304298,0.796127529575044
cnv_depth__IBNLCO_03933__IBNLCO_03933__gene__promoter,0.06668305343678163,0.7964714414003086
cnv_depth__IBNLCO_03711__aac(6')-III__gene,0.065989173600908,0.7975098226041517
cnv_depth__IBNLCO_05809__hypothetical__CDS__promoter,0.06566630074820116,0.797994981816093
cnv_depth__IBNLCO_04056__gnl|Bakta|IBNLCO_04056__CDS__promoter,0.06545875924181466,0.7983075119962111
cnv_depth__IBNLCO_04864__IBNLCO_04864__gene,0.06527749366195522,0.7985809063472374
cnv_depth__IBNLCO_05520__Inner__CDS,0.0650653355454434,0.7989014087038007
cnv_depth__IBNLCO_05234__Enterobactin__CDS,0.06456730471081296,0.799655966169299
cnv_depth__IBNLCO_01388__gnl|Bakta|IBNLCO_01388__CDS__promoter,0.06442715858614849,0.7998688573371576
cnv_depth__IBNLCO_04333__gnl|Bakta|IBNLCO_04333__CDS__promoter,0.06431425968848144,0.800040537537408
cnv_depth__IBNLCO_03928__gnl|Bakta|IBNLCO_03928__CDS,0.06405815673710444,0.8004305772219867
cnv_depth__IBNLCO_02816__DNA__CDS__promoter,0.06379255702238211,0.8008359578593712
cnv_depth__IBNLCO_04370__ATPase__CDS,0.06340065176174013,0.8014357601126537
cnv_depth__IBNLCO_04325__IBNLCO_04325__gene,0.06324385211391917,0.8016762906654691
cnv_depth__IBNLCO_00158__IBNLCO_00158__gene__promoter,0.06271110300338222,0.8024959050242351
cnv_depth__IBNLCO_04688__Magnesium__CDS__promoter,0.062347007746547424,0.8030581826469212
cnv_depth__IBNLCO_01184__IBNLCO_01184__gene__promoter,0.06228211811327384,0.8031585756780234
cnv_depth__IBNLCO_02502__Lipopolysaccharide__CDS__promoter,0.06210332734969508,0.8034354769749902
cnv_depth__IBNLCO_03639__Urea__CDS__promoter,0.06188825241772745,0.8037691348588519
cnv_depth__IBNLCO_02325__Histidine__CDS__promoter,0.06175878431965208,0.8039702830194516
cnv_depth__IBNLCO_00973__Arginine__CDS,0.061568876705293554,0.8042657385888075
cnv_depth__IBNLCO_03613__hypothetical__CDS__promoter,0.06111370088809465,0.8049758700742438
cnv_depth__IBNLCO_05478__Glycoside__CDS__promoter,0.06102215585369853,0.8051190305395637
cnv_depth__IBNLCO_02165__trnA__gene__promoter,0.06091604499178759,0.8052851120992779
cnv_depth__IBNLCO_02886__gnl|Bakta|IBNLCO_02886__CDS__promoter,0.06022495252918658,0.8063705644706666
cnv_depth__IBNLCO_02929__IBNLCO_02929__gene__promoter,0.0601174893025175,0.8065399420544884
cnv_depth__IBNLCO_00915__HTH__CDS__promoter,0.05980710455973708,0.8070300566082702
cnv_depth__IBNLCO_04877__Type__CDS__promoter,0.059800973217658496,0.8070397518979081
cnv_depth__IBNLCO_04242__IBNLCO_04242__gene,0.059761974583047654,0.8071014314936064
cnv_depth__IBNLCO_01844__HTH-type__CDS__promoter,0.059735243886069135,0.8071437206451254
cnv_depth__IBNLCO_01802__dhaK__gene,0.0596333140887283,0.8073050702259904
cnv_depth__IBNLCO_03367__IBNLCO_03367__gene,0.05956591703623922,0.8074118365454105
cnv_depth__IBNLCO_02949__hypothetical__CDS__promoter,0.05956549740239687,0.8074125015043483
cnv_depth__IBNLCO_05459__IBNLCO_05459__gene__promoter,0.059533221026929074,0.8074636546393767
cnv_depth__IBNLCO_02495__IBNLCO_02495__gene__promoter,0.05925801495619867,0.8079004124465619
cnv_depth__IBNLCO_00794__IBNLCO_00794__gene__promoter,0.05876326432001118,0.8086883026774189
cnv_depth__IBNLCO_05565__hypothetical__CDS__promoter,0.058600631917656944,0.8089480613928289
cnv_depth__IBNLCO_05123__maoC__gene,0.05825054127899514,0.8095085290750652
cnv_depth__IBNLCO_04801__IBNLCO_04801__gene__promoter,0.058212689697352576,0.8095692331758809
cnv_depth__IBNLCO_01062__IBNLCO_01062__gene,0.05809835804229869,0.8097527183867657
cnv_depth__IBNLCO_05564__Tetratricopeptide__CDS__promoter,0.05798274863915755,0.809938448585065
cnv_depth__IBNLCO_03877__IBNLCO_03877__gene,0.05786911995343137,0.8101211877305892
cnv_depth__IBNLCO_02494__Histone__CDS__promoter,0.05786292723327741,0.8101311523972746
cnv_depth__IBNLCO_02824__D-lactate__CDS,0.057434765348306806,0.8108214779914145
cnv_depth__IBNLCO_01827__psiF__gene,0.05718136825537111,0.8112313128040114
cnv_depth__IBNLCO_03887__O-acetyl__CDS__promoter,0.05715700409398698,0.8112707690328366
cnv_depth__IBNLCO_04130__Burkholderia__ncRNA,0.0570574595226619,0.8114320676665583
cnv_depth__IBNLCO_01222__gnl|Bakta|IBNLCO_01222__CDS,0.057043755946506805,0.811454284120937
cnv_depth__IBNLCO_05485__Nucleoside__CDS__promoter,0.056767490909984154,0.8119027725589151
cnv_depth__IBNLCO_02068__Ureidoglycolate__CDS,0.05672647228375716,0.8119694604400935
cnv_depth__IBNLCO_04665__bfrD__gene__promoter,0.056570241092419246,0.812223694004162
cnv_depth__IBNLCO_01179__IBNLCO_01179__gene__promoter,0.05613419112747957,0.8129352431068229
cnv_depth__IBNLCO_01779__DNA-binding__CDS__promoter,0.055965803566353424,0.8132108001523534
cnv_depth__IBNLCO_02039__trnL__gene,0.05585223089460122,0.8133969029495324
cnv_depth__IBNLCO_02314__Chromosome__CDS__promoter,0.0557151805945861,0.813621742988836
cnv_depth__IBNLCO_04242__IBNLCO_04242__gene__promoter,0.05469185478369396,0.8153098857853391
cnv_depth__IBNLCO_02745__IBNLCO_02745__gene,0.05466429946056767,0.815355572220525
cnv_depth__IBNLCO_04093__Cell__CDS,0.05463582135511165,0.8154028013849125
cnv_depth__IBNLCO_01285__hypothetical__CDS,0.05453928091495985,0.8155630043803783
cnv_depth__IBNLCO_02932__Ureidoglycolate__CDS__promoter,0.054360581644832665,0.8158599400663814
cnv_depth__IBNLCO_00260__IBNLCO_00260__gene__promoter,0.05381017834057938,0.8167777657004014
cnv_depth__IBNLCO_02421__gnl|Bakta|IBNLCO_02421__CDS__promoter,0.05358893643696114,0.8171480915688221
cnv_depth__IBNLCO_04072__IBNLCO_04072__gene__promoter,0.05313776022724881,0.8179057976295051
cnv_depth__IBNLCO_02620__IBNLCO_02620__gene,0.05267441593564355,0.8186874738352625
cnv_depth__IBNLCO_02385__IBNLCO_02385__gene__promoter,0.05240870087043236,0.8191373773475868
cnv_depth__IBNLCO_01839__Glyoxylate/hydroxypyruvate__CDS__promoter,0.052404288280929974,0.8191448587798529
cnv_depth__IBNLCO_04351__hypothetical__CDS,0.0520790869488975,0.8196971447109611
cnv_depth__IBNLCO_04894__Cupin__CDS__promoter,0.05196166364046007,0.8198970091953729
cnv_depth__IBNLCO_05182__IBNLCO_05182__gene__promoter,0.05139531591940437,0.8208643343535449
cnv_depth__IBNLCO_05355__HTH__CDS,0.051242837622426644,0.8211257247741109
cnv_depth__IBNLCO_05319__Peptidyl-prolyl__CDS,0.0511789022633039,0.8212354495192761
cnv_depth__IBNLCO_02823__IBNLCO_02823__gene,0.05108572727806586,0.8213954839064307
cnv_depth__IBNLCO_05518__yaiO__gene__promoter,0.05079994703547465,0.8218872901748893
cnv_depth__IBNLCO_04046__Regulatory__CDS__promoter,0.050784453511861644,0.8219139948636085
cnv_depth__IBNLCO_02563__trnS__gene__promoter,0.05063612524486894,0.8221698709477453
cnv_depth__IBNLCO_04096__IBNLCO_04096__gene__promoter,0.0505170438861682,0.8223755793196268
cnv_depth__IBNLCO_00995__Nitrogen__CDS__promoter,0.050322875597391,0.8227115445076199
cnv_depth__IBNLCO_05132__FIST__CDS__promoter,0.05029165214552968,0.8227656332848362
cnv_depth__IBNLCO_03570__IBNLCO_03570__gene__promoter,0.05016536692570743,0.8229845788918078
cnv_depth__IBNLCO_00987__IBNLCO_00987__gene,0.050001656880246,0.8232688406790879
cnv_depth__IBNLCO_01182__Phosphoglycerate/bisphosphoglycerate__CDS__promoter,0.049895649778346755,0.823453169368223
cnv_depth__IBNLCO_04019__IBNLCO_04019__gene__promoter,0.049557242072538525,0.824042983869809
cnv_depth__IBNLCO_04212__IBNLCO_04212__gene,0.04925530222765443,0.8245710252987544
cnv_depth__IBNLCO_05554__IS__CDS,0.049198333354937424,0.8246708444768949
cnv_depth__IBNLCO_03988__Type__CDS__promoter,0.049094991834927375,0.8248520713506303
cnv_depth__IBNLCO_00502__IBNLCO_00502__gene,0.04878738126598769,0.825392706252981
cnv_depth__IBNLCO_02270__Pyruvate__CDS,0.048664296296864876,0.8256095325402164
cnv_depth__IBNLCO_03944__2-succinylbenzoate--CoA__CDS__promoter,0.048582045134088286,0.8257545864115609
cnv_depth__IBNLCO_00624__IBNLCO_00624__gene__promoter,0.048460461180247716,0.8259692416289404
cnv_depth__IBNLCO_03839__IBNLCO_03839__gene,0.04845992407785772,0.8259701905037918
cnv_depth__IBNLCO_04668__Mutator__CDS,0.048061986277536585,0.8266747311657867
cnv_depth__IBNLCO_00856__IBNLCO_00856__gene__promoter,0.047909873588204616,0.8269448510032534
cnv_depth__IBNLCO_02948__IBNLCO_02948__gene,0.04782252904944262,0.827100159524505
cnv_depth__IBNLCO_05713__IBNLCO_05713__gene__promoter,0.04766616990853447,0.8273785555137356
cnv_depth__IBNLCO_02412__GTPase__CDS__promoter,0.04760995204388002,0.8274787678175168
cnv_depth__IBNLCO_01538__IBNLCO_01538__gene__promoter,0.04759543128172618,0.8275046621721093
cnv_depth__IBNLCO_04016__HTH__CDS__promoter,0.04687710634698155,0.8287908302789608
cnv_depth__IBNLCO_01962__IBNLCO_01962__gene__promoter,0.04666166183102291,0.829178594814099
cnv_depth__IBNLCO_00499__Phosphoenolpyruvate-protein__CDS,0.046439031677161846,0.8295802781243098
cnv_depth__IBNLCO_04077__4-hydroxybutyrate--CoA__CDS__promoter,0.04634770782147016,0.8297453417994587
cnv_depth__IBNLCO_04827__IBNLCO_04827__gene__promoter,0.04621675693085147,0.829982326786177
cnv_depth__IBNLCO_02130__cell__CDS,0.04616258376952275,0.8300804679874392
cnv_depth__IBNLCO_00471__Translesion__CDS__promoter,0.04590610097462446,0.8305459374327551
cnv_depth__IBNLCO_04023__Metallopeptidase__CDS,0.0457903895668199,0.8307563777613478
cnv_depth__IBNLCO_00909__BcKCsr7__gene__promoter,0.04561219187457955,0.8310810044106065
cnv_depth__IBNLCO_02013__IBNLCO_02013__gene,0.04560905040203496,0.8310867332436204
cnv_depth__IBNLCO_02726__IBNLCO_02726__gene,0.045605938363514543,0.8310924086037851
cnv_depth__IBNLCO_03742__IBNLCO_03742__gene__promoter,0.04554440149645135,0.8312046737325905
cnv_depth__IBNLCO_00224__flagellar__CDS,0.045086880342858626,0.8320418535753851
cnv_depth__IBNLCO_00719__tssF__gene,0.044754161360086156,0.8326534604385043
cnv_depth__IBNLCO_01959__Large__CDS,0.04457360777015994,0.8329863502290268
cnv_depth__IBNLCO_05236__IBNLCO_05236__gene,0.04392106725813803,0.8341953609758057
cnv_depth__IBNLCO_00150__IBNLCO_00150__gene,0.043014433304860655,0.8358908216235609
cnv_depth__IBNLCO_02456__Acyl-CoA__CDS__promoter,0.04295752395115333,0.8359978646988362
cnv_depth__IBNLCO_03520__PAAR__CDS__promoter,0.042253309324398115,0.8373286186268335
cnv_depth__IBNLCO_05779__IBNLCO_05779__gene__promoter,0.04202323437850378,0.8377658935529333
cnv_depth__IBNLCO_00592__IBNLCO_00592__gene,0.04187519156350479,0.8380479201215818
cnv_depth__IBNLCO_01123__IBNLCO_01123__gene,0.04177775578765802,0.8382338221337264
cnv_depth__IBNLCO_05218__DNA-binding__CDS__promoter,0.04175268792491427,0.8382816867375295
cnv_depth__IBNLCO_05351__Phosphoglucosamine__CDS__promoter,0.04170187317301415,0.8383787584331541
cnv_depth__IBNLCO_03247__IBNLCO_03247__gene__promoter,0.04130978737830845,0.8391298431497676
cnv_depth__IBNLCO_02349__ABC__CDS,0.04093450261727216,0.839852228644332
cnv_depth__IBNLCO_05135__Cytochrome__CDS__promoter,0.04083205144267058,0.840050035382458
cnv_depth__IBNLCO_04481__Histidine/lysine/arginine/ornithine__CDS,0.04060253738497298,0.8404941073721475
cnv_depth__IBNLCO_00897__Large__CDS__promoter,0.04057890282985715,0.840539910460952
cnv_depth__IBNLCO_02720__ycaD__gene__promoter,0.04032322095249594,0.8410363046711193
cnv_depth__IBNLCO_05146__IBNLCO_05146__gene,0.04019884301104503,0.8412783705958505
cnv_depth__IBNLCO_01022__Transmembrane__CDS,0.04012751164077974,0.8414173724309315
cnv_depth__IBNLCO_00776__Phosphoribosylaminoimidazole-succinocarboxamide__CDS__promoter,0.04005441575965451,0.8415599461268993
cnv_depth__IBNLCO_02340__hypothetical__CDS,0.0400115579506932,0.8416436033283772
cnv_depth__IBNLCO_05565__hypothetical__CDS,0.039923599267121426,0.8418154422282736
cnv_depth__IBNLCO_00565__IBNLCO_00565__gene__promoter,0.03972084190102991,0.8422123070294774
cnv_depth__IBNLCO_04255__IBNLCO_04255__gene__promoter,0.03945882811803371,0.8427267199899184
cnv_depth__IBNLCO_05344__Ysc84__CDS__promoter,0.03873392976506406,0.8441592385516111
cnv_depth__IBNLCO_05409__Isochorismatase-like__CDS__promoter,0.03858613919134463,0.8444530018996274
cnv_depth__IBNLCO_05364__hypothetical__CDS__promoter,0.03847288902000433,0.8446785049794214
cnv_depth__IBNLCO_00816__Transcriptional__CDS__promoter,0.03844759339406009,0.8447289205630188
cnv_depth__IBNLCO_02452__hypothetical__CDS,0.03797858870753215,0.8456668117679077
cnv_depth__IBNLCO_04187__IBNLCO_04187__gene__promoter,0.037713122820446005,0.8462003427001286
cnv_depth__IBNLCO_00804__Sorbitol__CDS__promoter,0.03748895608412145,0.846652390640636
cnv_depth__IBNLCO_02582__DNA__CDS,0.037131961740777805,0.8473751994653438
cnv_depth__IBNLCO_02339__Zinc-binding__CDS,0.0371157728239393,0.8474080625267117
cnv_depth__IBNLCO_02673__IBNLCO_02673__gene,0.036861753094878005,0.8479246923779058
cnv_depth__IBNLCO_00589__IBNLCO_00589__gene__promoter,0.03667273446841226,0.8483103208062263
cnv_depth__IBNLCO_05247__IBNLCO_05247__gene,0.036250812255994205,0.849174843885067
cnv_depth__IBNLCO_03918__CopC__CDS,0.036224611318982414,0.8492287014294863
cnv_depth__IBNLCO_04304__gnl|Bakta|IBNLCO_04304__CDS__promoter,0.0362094370326204,0.8492599022855367
cnv_depth__IBNLCO_01946__4-amino-4-deoxy-L-arabinose__CDS__promoter,0.03613180951589955,0.8494196234599096
cnv_depth__IBNLCO_03961__IBNLCO_03961__gene,0.03608684749128524,0.8495122156329082
cnv_depth__IBNLCO_02434__HAD-superfamily__CDS,0.036046954168353386,0.8495944196748804
cnv_depth__IBNLCO_05694__IBNLCO_05694__gene,0.03583163024303121,0.8500389313937418
cnv_depth__IBNLCO_05241__6-phosphogluconate__CDS,0.034977643131589777,0.8518156601436621
cnv_depth__IBNLCO_02184__Sulfate__CDS__promoter,0.0349496319501545,0.8518743159638429
cnv_depth__IBNLCO_02274__IBNLCO_02274__gene__promoter,0.03481201252403175,0.8521628470730063
cnv_depth__IBNLCO_04438__Porin__CDS,0.034781054743697006,0.852227834038908
cnv_depth__IBNLCO_01344__Undecaprenyl-diphosphatase__CDS,0.03426593310892541,0.8533136081703122
cnv_depth__IBNLCO_04070__IBNLCO_04070__gene__promoter,0.033610843656954804,0.8547066744024422
cnv_depth__IBNLCO_02808__dnaJ__gene,0.03336326659880847,0.8552368048020004
cnv_depth__IBNLCO_04025__ABC-type__CDS,0.033168626317108756,0.855655012009396
cnv_depth__IBNLCO_01788__IBNLCO_01788__gene__promoter,0.033058048463892306,0.8558931662792989
cnv_depth__IBNLCO_03681__Twitching__CDS__promoter,0.03260117268272573,0.8568815404368004
cnv_depth__IBNLCO_05637__SPOR__CDS__promoter,0.032524612381487135,0.8570478640144763
cnv_depth__IBNLCO_04285__fliK__gene,0.032393068808458256,0.8573341088440244
cnv_depth__IBNLCO_01713__IBNLCO_01713__gene__promoter,0.03206510802113675,0.8580503903637517
cnv_depth__IBNLCO_01826__IBNLCO_01826__gene,0.03199535851037007,0.85820321344551
cnv_depth__IBNLCO_00767__SnoaL-like__CDS,0.03185436669577398,0.8585126562629356
cnv_depth__IBNLCO_04852__Glutathione__CDS__promoter,0.031808322878133864,0.8586138643024401
cnv_depth__IBNLCO_05266__hypothetical__CDS,0.03125528995805261,0.8598354313409592
cnv_depth__IBNLCO_01379__Cytochrome__CDS,0.03121429379449929,0.8599264279474705
cnv_depth__IBNLCO_00842__IBNLCO_00842__gene__promoter,0.031137224974876955,0.8600976597431692
cnv_depth__IBNLCO_04354__Porin__CDS,0.03108041419100185,0.8602240221244027
cnv_depth__IBNLCO_05320__HTH__CDS__promoter,0.03107979721778547,0.8602253950913108
cnv_depth__IBNLCO_01182__IBNLCO_01182__gene,0.03078547542888716,0.8608819671060898
cnv_depth__IBNLCO_05515__IBNLCO_05515__gene__promoter,0.030410888299078665,0.8617222920031096
cnv_depth__IBNLCO_00906__DUF2278__CDS__promoter,0.0300884592535021,0.8624498900254629
cnv_depth__IBNLCO_02128__Peptide__CDS__promoter,0.030038109262530574,0.8625638724796685
cnv_depth__IBNLCO_04991__tssJ__gene__promoter,0.029953847504634975,0.8627548448629822
cnv_depth__IBNLCO_00867__mdtD__gene__promoter,0.029928290800323065,0.8628128217164963
cnv_depth__IBNLCO_02269__Acetyltransferase__CDS__promoter,0.029440480633053892,0.8639243742033168
cnv_depth__IBNLCO_04066__IBNLCO_04066__gene__promoter,0.029345229910026673,0.8641425218561082
cnv_depth__IBNLCO_04633__IBNLCO_04633__gene__promoter,0.02932256412155871,0.8641944857663196
cnv_depth__IBNLCO_03018__UDP-N-acetylmuramoylalanine--D-glutamate__CDS,0.029050286402824435,0.8648203366724045
cnv_depth__IBNLCO_01946__IBNLCO_01946__gene,0.029011896084511976,0.8649088221434874
cnv_depth__IBNLCO_02119__IBNLCO_02119__gene,0.028979669689062123,0.8649831469763148
cnv_depth__IBNLCO_04712__Acetylpolyamine__CDS__promoter,0.02854116792171086,0.8659987357898608
cnv_depth__IBNLCO_00851__Protein__CDS,0.027801505650755714,0.8677301808116532
cnv_depth__IBNLCO_01806__Heme__CDS__promoter,0.02772533133801839,0.8679098322017934
cnv_depth__IBNLCO_01225__IBNLCO_01225__gene__promoter,0.02760303583324177,0.8681987883121106
cnv_depth__IBNLCO_05550__IBNLCO_05550__gene,0.02742314818937056,0.8686250195019993
cnv_depth__IBNLCO_02692__IBNLCO_02692__gene__promoter,0.026609775462428698,0.870570420889905
cnv_depth__IBNLCO_05786__IBNLCO_05786__gene__promoter,0.026402712265941968,0.8710705271262714
cnv_depth__IBNLCO_04182__IBNLCO_04182__gene__promoter,0.02637444868453105,0.8711389462433584
cnv_depth__IBNLCO_03085__gnl|Bakta|IBNLCO_03085__CDS__promoter,0.026248623659100877,0.871443995040156
cnv_depth__IBNLCO_05535__TetR__CDS,0.0258970150995323,0.8723004313981217
cnv_depth__IBNLCO_04284__Circularly__CDS__promoter,0.025701858696484146,0.8727783624552338
cnv_depth__IBNLCO_04439__HTH-type__CDS,0.02568415743762487,0.8728218041408131
cnv_depth__IBNLCO_00689__IBNLCO_00689__gene__promoter,0.025487286168874208,0.873305996248672
cnv_depth__IBNLCO_02624__Transmembrane__CDS,0.024974211948169192,0.8745769555398427
cnv_depth__IBNLCO_03180__Protein-methionine-sulfoxide__CDS__promoter,0.02487743350423872,0.8748181855918259
cnv_depth__IBNLCO_00335__hydroxymethylglutaryl-CoA__CDS__promoter,0.024622535812708568,0.8754558549819026
cnv_depth__IBNLCO_04059__IBNLCO_04059__gene__promoter,0.024534006561552527,0.8756781165776638
cnv_depth__IBNLCO_05743__IBNLCO_05743__gene,0.024529785067581574,0.8756887253189244
cnv_depth__IBNLCO_01791__IBNLCO_01791__gene,0.02449387085096642,0.8757790166788079
cnv_depth__IBNLCO_01566__trnL__gene,0.024319716787999747,0.8762178195626457
cnv_depth__IBNLCO_03917__RND__CDS__promoter,0.024300796378846877,0.8762655886938818
cnv_depth__IBNLCO_02536__5-methyltetrahydropteroyltriglutamate--homocystei__CDS__promoter,0.023940022009378,0.8771801217700781
cnv_depth__IBNLCO_05177__IBNLCO_05177__gene__promoter,0.023838707606175576,0.8774382125691461
cnv_depth__IBNLCO_00976__IBNLCO_00976__gene__promoter,0.02358071767053964,0.878097969287617
cnv_depth__IBNLCO_01330__hypothetical__CDS,0.023185816280010936,0.8791150461477824
cnv_depth__IBNLCO_04027__L-carnitine__CDS__promoter,0.023024629094685608,0.8795327327274336
cnv_depth__IBNLCO_04106__IBNLCO_04106__gene__promoter,0.022528021687719932,0.880829088098465
cnv_depth__IBNLCO_00164__BrnT__CDS,0.022260259942738482,0.8815341265669655
cnv_depth__IBNLCO_04175__IBNLCO_04175__gene__promoter,0.022245750584817182,0.8815724543911279
cnv_depth__IBNLCO_02477__IBNLCO_02477__gene__promoter,0.022135204435671713,0.8818648929100323
cnv_depth__IBNLCO_01181__IBNLCO_01181__gene__promoter,0.022113584887570464,0.881922172418104
cnv_depth__IBNLCO_05458__IBNLCO_05458__gene,0.022032919647712357,0.8821361424532456
cnv_depth__IBNLCO_02914__IBNLCO_02914__gene,0.022029612691377844,0.8821449229158548
cnv_depth__IBNLCO_05667__IBNLCO_05667__gene__promoter,0.02195240109559717,0.8823501230251833
cnv_depth__IBNLCO_04344__IBNLCO_04344__gene,0.02174065609428816,0.8829147637543816
cnv_depth__IBNLCO_01284__IBNLCO_01284__gene__promoter,0.021608039429937446,0.8832698322276293
cnv_depth__IBNLCO_05365__CPBP__CDS__promoter,0.021429273570391413,0.883750227173791
cnv_depth__IBNLCO_03263__Betaproteobacteria__ncRNA,0.02139696801550665,0.8838372595310935
cnv_depth__IBNLCO_01763__Exported__CDS__promoter,0.021358151870565462,0.8839419204708867
cnv_depth__IBNLCO_04324__IBNLCO_04324__gene__promoter,0.021277355532142134,0.8841600856587507
cnv_depth__IBNLCO_05121__IBNLCO_05121__gene,0.02103184650728178,0.8848256143419526
cnv_depth__IBNLCO_03799__IBNLCO_03799__gene,0.02100185814763498,0.8849071784008034
cnv_depth__IBNLCO_04334__IBNLCO_04334__gene__promoter,0.020851177257179533,0.8853179118191953
cnv_depth__IBNLCO_01893__IBNLCO_01893__gene__promoter,0.020843231210945286,0.8853396135368777
cnv_depth__IBNLCO_03806__hypothetical__CDS,0.02060071663221083,0.8860039963973395
cnv_depth__IBNLCO_02966__IBNLCO_02966__gene,0.020525913482136546,0.8862097286379932
cnv_depth__IBNLCO_03034__rrs__gene,0.020250611325753568,0.8869702108295614
cnv_depth__IBNLCO_00545__IBNLCO_00545__gene,0.02024699462336449,0.8869802364336139
cnv_depth__IBNLCO_02363__ABC__CDS__promoter,0.02014741330602117,0.8872566384985638
cnv_depth__IBNLCO_05154__hypothetical__CDS__promoter,0.019871332278760635,0.888026605512369
cnv_depth__IBNLCO_00974__IBNLCO_00974__gene__promoter,0.01979006190568024,0.888254299804257
cnv_depth__IBNLCO_02829__Pyrroline-5-carboxylate__CDS,0.019767991556811276,0.8883162163438251
cnv_depth__IBNLCO_05001__bicP__gene,0.019670638155488862,0.8885897548670292
cnv_depth__IBNLCO_02256__Iron-binding__CDS__promoter,0.019298447370485604,0.8896419339808735
cnv_depth__IBNLCO_00670__eamA__gene__promoter,0.01926786955170575,0.8897288351321504
cnv_depth__IBNLCO_00042__IBNLCO_00042__gene__promoter,0.01913037306626099,0.8901204670093142
cnv_depth__IBNLCO_02806__IBNLCO_02806__gene,0.019038561050550223,0.8903827748297213
cnv_depth__IBNLCO_03677__IBNLCO_03677__gene__promoter,0.019012115127934395,0.8904584506037281
cnv_depth__IBNLCO_05219__gnl|Bakta|IBNLCO_05219__CDS,0.018992781764562715,0.890513807528112
cnv_depth__IBNLCO_05166__hypothetical__CDS,0.018939374252160045,0.8906668778277554
cnv_depth__IBNLCO_00600__Alpha/beta__CDS__promoter,0.018898145577625883,0.8907851930614221
cnv_depth__IBNLCO_04930__hypothetical__CDS,0.018732787875929177,0.8912610518361965
cnv_depth__IBNLCO_04672__Antibacterial__CDS,0.0185920614756455,0.8916677159023257
cnv_depth__IBNLCO_05720__hypothetical__CDS,0.01833029167569385,0.8924283573463977
cnv_depth__IBNLCO_05360__Isonitrile__CDS__promoter,0.018309422086058385,0.8924892368471828
cnv_depth__IBNLCO_00616__IBNLCO_00616__gene__promoter,0.018161157014164927,0.892922767758108
cnv_depth__IBNLCO_03650__Propionate__CDS,0.01807533729005399,0.8931745305240341
cnv_depth__IBNLCO_04884__hypothetical__CDS__promoter,0.01804494904981484,0.8932638240223618
cnv_depth__IBNLCO_02164__trnE__gene__promoter,0.018039142561944776,0.8932808946474311
cnv_depth__IBNLCO_00855__UPF0434__CDS,0.017709454201850102,0.8942547829841772
cnv_depth__IBNLCO_05038__lysR__gene,0.017541643331635704,0.8947540347932423
cnv_depth__IBNLCO_01283__Malonate__CDS,0.017433387243025254,0.8950773964705274
cnv_depth__IBNLCO_01348__Tox-REase-5__CDS,0.017431747539550044,0.8950823021183938
cnv_depth__IBNLCO_04133__DUF4386__CDS,0.01741653242770794,0.895127833733078
cnv_depth__IBNLCO_02806__3-methyl-2-oxobutanoate__CDS__promoter,0.017255179135464798,0.8956119383257058
cnv_depth__IBNLCO_04673__Rhs__CDS__promoter,0.01721485362194439,0.895733285299887
cnv_depth__IBNLCO_05390__Muconate__CDS__promoter,0.01709055537097316,0.8961082343086147
cnv_depth__IBNLCO_03752__IBNLCO_03752__gene,0.017069557321643475,0.896171712265946
cnv_depth__IBNLCO_02632__Urea__CDS,0.01697423531640421,0.8964603751431173
cnv_depth__IBNLCO_04393__IBNLCO_04393__gene__promoter,0.01678763347458592,0.8970278562606767
cnv_depth__IBNLCO_03919__Copper__CDS,0.016778117517384245,0.8970568812948678
cnv_depth__IBNLCO_02332__Nitric__CDS__promoter,0.016457949755730658,0.8980383631493957
cnv_depth__IBNLCO_02272__fixJ__gene__promoter,0.01632003593005263,0.8984641301529973
cnv_depth__IBNLCO_03960__HTH-type__CDS__promoter,0.016247740590807316,0.8986880506223378
cnv_depth__IBNLCO_01290__IBNLCO_01290__gene__promoter,0.015999677511911576,0.899460251198985
cnv_depth__IBNLCO_01498__IBNLCO_01498__gene__promoter,0.015477498992939417,0.9011058821225684
cnv_depth__IBNLCO_05188__IBNLCO_05188__gene,0.015439115300294336,0.9012279519222299
cnv_depth__IBNLCO_01202__Insertion__CDS__promoter,0.015254934596932604,0.9018158480993109
cnv_depth__IBNLCO_01961__IBNLCO_01961__gene__promoter,0.015213504395979611,0.9019485870181475
cnv_depth__IBNLCO_00894__nicotinate-nucleotide__CDS__promoter,0.015203978363179823,0.9019791335730597
cnv_depth__IBNLCO_05281__IBNLCO_05281__gene,0.014969042611751807,0.9027355857794208
cnv_depth__IBNLCO_04123__Integrase__CDS,0.014953013009410704,0.9027874171720618
cnv_depth__IBNLCO_05243__IBNLCO_05243__gene__promoter,0.014901736521184851,0.9029534083041147
cnv_depth__IBNLCO_02712__hypothetical__CDS,0.014791738164956035,0.9033104732309992
cnv_depth__IBNLCO_00449__IBNLCO_00449__gene__promoter,0.014754889482596865,0.9034303886032761
cnv_depth__IBNLCO_01565__trnL__gene__promoter,0.01456061935834298,0.9040651224902697
cnv_depth__IBNLCO_05358__Putative__CDS__promoter,0.014542532586259958,0.9041244349877859
cnv_depth__IBNLCO_05534__SH3__CDS__promoter,0.014534111828905743,0.9041520621987457
cnv_depth__IBNLCO_03882__IBNLCO_03882__gene__promoter,0.014395873631750562,0.9046067666743748
cnv_depth__IBNLCO_00796__IBNLCO_00796__gene,0.014382247892119256,0.904651705266617
cnv_depth__IBNLCO_01475__Bcj11__gene,0.014345286141283414,0.9047737164264233
cnv_depth__IBNLCO_03983__DUF2169__CDS__promoter,0.014261833771569728,0.9050497813999191
cnv_depth__IBNLCO_05557__tnp__gene__promoter,0.014245605938939131,0.9051035590149481
cnv_depth__IBNLCO_00650__IBNLCO_00650__gene,0.014145443368550146,0.9054361789102052
cnv_depth__IBNLCO_04480__IBNLCO_04480__gene__promoter,0.01411454351051599,0.9055390320767801
cnv_depth__IBNLCO_03288__Propionate__CDS__promoter,0.014077731837439152,0.905661712443561
cnv_depth__IBNLCO_01808__IBNLCO_01808__gene__promoter,0.014023621294080559,0.9058423395306281
cnv_depth__IBNLCO_04499__IBNLCO_04499__gene__promoter,0.013825014243604843,0.9065083597996858
cnv_depth__IBNLCO_03741__IBNLCO_03741__gene,0.013692903996133047,0.9069540755777222
cnv_depth__IBNLCO_00821__Aldehyde__CDS,0.01354139551866992,0.9074679292730715
cnv_depth__IBNLCO_02578__Serine--tRNA__CDS__promoter,0.013443349240722602,0.9078020157170348
cnv_depth__IBNLCO_00620__IBNLCO_00620__gene,0.013372579543494554,0.9080439268666027
cnv_depth__IBNLCO_01787__hypothetical__CDS__promoter,0.013180335875741443,0.9087043649092781
cnv_depth__IBNLCO_03802__IBNLCO_03802__gene__promoter,0.012998988337137895,0.9093318582126506
cnv_depth__IBNLCO_02417__IBNLCO_02417__gene,0.012747977406921653,0.9102077611491666
cnv_depth__IBNLCO_00727__hypothetical__CDS,0.012679906422902235,0.9104467971332835
cnv_depth__IBNLCO_04204__hypothetical__CDS,0.012607000055252705,0.9107035346952828
cnv_depth__IBNLCO_04475__Membrane-bound__CDS,0.01260152502836505,0.9107228451471636
cnv_depth__IBNLCO_02021__ClpX-type__CDS,0.01253973744789799,0.9109410654783735
cnv_depth__IBNLCO_02451__IBNLCO_02451__gene__promoter,0.012521976043822264,0.911003895592646
cnv_depth__IBNLCO_01795__IBNLCO_01795__gene__promoter,0.012413048804181846,0.9113902112985939
cnv_depth__IBNLCO_02336__IBNLCO_02336__gene,0.011762176159202683,0.9137352122846413
cnv_depth__IBNLCO_01440__3D-(3%2C5/4)-trihydroxycyclohexane-1%2C2-dione__CDS__promoter,0.011295834592498121,0.9154560108228564
cnv_depth__IBNLCO_04095__gnl|Bakta|IBNLCO_04095__CDS,0.011295370653904563,0.9154577404645715
cnv_depth__IBNLCO_02288__Glutamine__CDS,0.011284513811590607,0.9154982268746541
cnv_depth__IBNLCO_02700__C4-dicarboxylate__CDS,0.011191577604125818,0.915845605738856
cnv_depth__IBNLCO_00333__DUF1289__CDS__promoter,0.011046865812987234,0.9163894291075126
cnv_depth__IBNLCO_05220__Cytochrome__CDS__promoter,0.010751474382744656,0.9175107968117515
cnv_depth__IBNLCO_01189__IBNLCO_01189__gene__promoter,0.010302430101691603,0.9192457219258096
cnv_depth__IBNLCO_05143__IBNLCO_05143__gene__promoter,0.010178014294593888,0.9197331420416015
cnv_depth__IBNLCO_05421__Cytokinin__CDS,0.010110539440157123,0.9199987453635846
cnv_depth__IBNLCO_02600__gnl|Bakta|IBNLCO_02600__CDS,0.009906030167138615,0.9208092771195696
cnv_depth__IBNLCO_00773__IBNLCO_00773__gene,0.009806302876745089,0.9212075912702995
cnv_depth__IBNLCO_01796__IBNLCO_01796__gene__promoter,0.009793001033199524,0.9212608735988425
cnv_depth__IBNLCO_02479__IBNLCO_02479__gene,0.009698828522253221,0.9216391441254073
cnv_depth__IBNLCO_01513__gnl|Bakta|IBNLCO_01513__CDS,0.009605920304534873,0.9220141577976204
cnv_depth__IBNLCO_00872__hypothetical__CDS__promoter,0.009497334368854835,0.922454781059366
cnv_depth__IBNLCO_01582__IBNLCO_01582__gene__promoter,0.009273328596356541,0.9233718652760301
cnv_depth__IBNLCO_01796__IBNLCO_01796__gene,0.009211017112535153,0.9236289521682676
cnv_depth__IBNLCO_01960__IBNLCO_01960__gene__promoter,0.00899461325489701,0.9245286848897621
cnv_depth__IBNLCO_02565__hypothetical__CDS__promoter,0.008817179880061086,0.9252745727258237
cnv_depth__IBNLCO_05398__Transcriptional__CDS__promoter,0.008748761910803957,0.9255642061746098
cnv_depth__IBNLCO_02218__IBNLCO_02218__gene__promoter,0.008741967241544222,0.9255930322821772
cnv_depth__IBNLCO_05549__Amidohydrolase-related__CDS__promoter,0.008657288348276958,0.9259532314786181
cnv_depth__IBNLCO_02152__IBNLCO_02152__gene__promoter,0.008644159015365388,0.9260092386640708
cnv_depth__IBNLCO_02125__Methionine__CDS__promoter,0.008572917218368696,0.9263138931487166
cnv_depth__IBNLCO_05548__Fatty__CDS__promoter,0.008490128561739118,0.9266695343909677
cnv_depth__IBNLCO_05821__IBNLCO_05821__gene__promoter,0.008482207211495871,0.9267036541998146
cnv_depth__IBNLCO_05201__IBNLCO_05201__gene__promoter,0.008465507156341692,0.9267756394046573
cnv_depth__IBNLCO_03329__IBNLCO_03329__gene,0.00842375634357763,0.926955919235329
cnv_depth__IBNLCO_01254__ABC__CDS,0.008409440285854415,0.9270178396029775
cnv_depth__IBNLCO_01725__IBNLCO_01725__gene__promoter,0.008340391167253389,0.92731724269618
cnv_depth__IBNLCO_01838__lacI__gene__promoter,0.007854887143713345,0.9294587058859739
cnv_depth__IBNLCO_02123__Elongation__CDS,0.007603388283929759,0.9305942741484017
cnv_depth__IBNLCO_04281__IBNLCO_04281__gene__promoter,0.007548472469860523,0.9308447361674469
cnv_depth__IBNLCO_05451__IBNLCO_05451__gene,0.0074451161858264696,0.9313186295729527
cnv_depth__IBNLCO_04024__IBNLCO_04024__gene__promoter,0.007243659448774859,0.9322519407910753
cnv_depth__IBNLCO_02333__IBNLCO_02333__gene__promoter,0.00718435367150906,0.9325291772392968
cnv_depth__IBNLCO_03693__TonB-dependent__CDS__promoter,0.006989209060776533,0.9334496497136799
cnv_depth__IBNLCO_02863__IBNLCO_02863__gene,0.00692686948787873,0.9337464183373837
cnv_depth__IBNLCO_03945__Class__CDS__promoter,0.006535120969116323,0.9356429493334856
cnv_depth__IBNLCO_05763__IBNLCO_05763__gene,0.006522044917823961,0.9357072265984252
cnv_depth__IBNLCO_00333__IBNLCO_00333__gene,0.006519760552337458,0.9357184623877507
cnv_depth__IBNLCO_00674__IBNLCO_00674__gene,0.0065180825827193855,0.9357267168446689
cnv_depth__IBNLCO_00726__hypothetical__CDS__promoter,0.006407438177767603,0.9362733915324369
cnv_depth__IBNLCO_02350__sufC__gene__promoter,0.00638262910008127,0.9363966193397018
cnv_depth__IBNLCO_01171__IBNLCO_01171__gene,0.0063259417967066085,0.9366790954498859
cnv_depth__IBNLCO_04890__Type__CDS__promoter,0.00621567172617172,0.9372322501015639
cnv_depth__IBNLCO_04626__IBNLCO_04626__gene,0.006095098581577077,0.9378427699513271
cnv_depth__IBNLCO_01011__IBNLCO_01011__gene,0.00591038412339435,0.9387899746937518
cnv_depth__IBNLCO_01210__IBNLCO_01210__gene,0.005788868620951991,0.9394212398046548
cnv_depth__IBNLCO_04600__DUF2249__CDS__promoter,0.005653652320113186,0.9401315647814521
cnv_depth__IBNLCO_02717__D-lactate__CDS__promoter,0.005599679160058779,0.9404174820992154
cnv_depth__IBNLCO_04215__IBNLCO_04215__gene__promoter,0.00557470735883889,0.9405502364686059
cnv_depth__IBNLCO_02380__IBNLCO_02380__gene__promoter,0.005455014466171292,0.9411907359841607
cnv_depth__IBNLCO_04183__IBNLCO_04183__gene__promoter,0.005447990847911603,0.9412285391295033
cnv_depth__IBNLCO_02900__IBNLCO_02900__gene__promoter,0.005239034312848334,0.9423646273464658
cnv_depth__IBNLCO_04547__IBNLCO_04547__gene,0.00521984117825635,0.9424701126997369
cnv_depth__IBNLCO_04018__gcvA__gene__promoter,0.005149320570683422,0.9428593774617027
cnv_depth__IBNLCO_02372__HTH-type__CDS__promoter,0.0051454304846986435,0.9428809279815363
cnv_depth__IBNLCO_03346__IBNLCO_03346__gene__promoter,0.005082564433531304,0.9432303391118851
cnv_depth__IBNLCO_01426__Alanine--tRNA__CDS__promoter,0.005033287622399079,0.9435057420896629
cnv_depth__IBNLCO_04264__IBNLCO_04264__gene,0.004910383261865695,0.9441986044994177
cnv_depth__IBNLCO_01522__Ribosome-binding__CDS__promoter,0.004877704143380753,0.9443842924603894
cnv_depth__IBNLCO_03905__lysR__gene,0.004857633726915182,0.9444986457286305
cnv_depth__IBNLCO_04958__gnl|Bakta|IBNLCO_04958__CDS__promoter,0.004848237667795081,0.94455226232229
cnv_depth__IBNLCO_01216__mdtC__gene__promoter,0.0047687274576797755,0.9450080766725512
cnv_depth__IBNLCO_04365__hypothetical__CDS,0.004637341797158652,0.9457697309773964
cnv_depth__IBNLCO_03163__Glycerophosphoryl__CDS,0.004561064396837768,0.9462168975976525
cnv_depth__IBNLCO_00836__eamA__gene__promoter,0.004532076222071065,0.9463878211826208
cnv_depth__IBNLCO_02619__Biotin__CDS__promoter,0.004513489605527436,0.9464977028930608
cnv_depth__IBNLCO_00301__IBNLCO_00301__gene,0.004507176073489518,0.9465350793859836
cnv_depth__IBNLCO_04923__DUF2827__CDS,0.00449309158601177,0.9466185552879941
cnv_depth__IBNLCO_00365__PF03932__CDS,0.004474647529317188,0.9467280684694229
cnv_depth__IBNLCO_05584__clpB__gene__promoter,0.0043285869532889995,0.9476034472314543
cnv_depth__IBNLCO_02643__Urease__CDS__promoter,0.004125553878366581,0.9488453016169376
cnv_depth__IBNLCO_02002__bolA__gene__promoter,0.004064244468365666,0.9492263057007795
cnv_depth__IBNLCO_05406__IBNLCO_05406__gene__promoter,0.004050948608156842,0.949309312055589
cnv_depth__IBNLCO_03957__IBNLCO_03957__gene__promoter,0.003983299372965992,0.9497337821981067
cnv_depth__IBNLCO_04763__YCII-related__CDS__promoter,0.003968649259584136,0.9498261810078332
cnv_depth__IBNLCO_02129__DNA__CDS__promoter,0.003923203521724988,0.9501139036369495
cnv_depth__IBNLCO_00802__IBNLCO_00802__gene__promoter,0.003878675691517183,0.9503974421461047
cnv_depth__IBNLCO_02563__trnS__gene,0.0038342773380779216,0.9506817876595206
cnv_depth__IBNLCO_02976__IBNLCO_02976__gene__promoter,0.0038265665040520653,0.95073133916394
cnv_depth__IBNLCO_04348__IBNLCO_04348__gene__promoter,0.0036070661070046034,0.9521635295378846
cnv_depth__IBNLCO_00818__D-arabinitol__CDS__promoter,0.0035819702144801228,0.9523300291277522
cnv_depth__IBNLCO_04009__Putative__CDS__promoter,0.0035359964041555836,0.9526365695461178
cnv_depth__unknown__unknown__regulatory.11,0.003502084167075218,0.9528639704823384
cnv_depth__IBNLCO_05139__4-hydroxybenzoate__CDS,0.0035018217680210634,0.952865734315497
cnv_depth__IBNLCO_03940__Beta-ketoacyl-[acyl-carrier-protein]__CDS,0.0034593839004738833,0.9531518774891956
cnv_depth__IBNLCO_03300__gnl|Bakta|IBNLCO_03300__CDS__promoter,0.00344869493806374,0.9532242265468512
cnv_depth__IBNLCO_02620__IBNLCO_02620__gene__promoter,0.0033245767582606037,0.9540727131060008
cnv_depth__IBNLCO_02376__Outer__CDS__promoter,0.003321840694474273,0.9540915946193408
cnv_depth__IBNLCO_05126__hypothetical__CDS__promoter,0.0033103691891663866,0.9541708442728761
cnv_depth__IBNLCO_00357__IBNLCO_00357__gene__promoter,0.0031989952374594363,0.9549475376343276
cnv_depth__IBNLCO_05400__NAD-dependent__CDS__promoter,0.0030945884895357796,0.9556880586662369
cnv_depth__IBNLCO_01908__rlmN__gene,0.0030552206689153497,0.9559705280140032
cnv_depth__IBNLCO_01021__IBNLCO_01021__gene__promoter,0.002999897580183343,0.9563705819224141
cnv_depth__IBNLCO_03068__IBNLCO_03068__gene__promoter,0.002998338875921798,0.9563819066303747
cnv_depth__IBNLCO_01376__IBNLCO_01376__gene,0.0029939614045826663,0.9564137267845504
cnv_depth__IBNLCO_05271__hypothetical__CDS,0.002931700631619038,0.9568688563680415
cnv_depth__IBNLCO_02413__IBNLCO_02413__gene,0.0029224579353279625,0.9569368326438841
cnv_depth__IBNLCO_04502__[acyl-carrier-protein]__CDS,0.0029116900016661197,0.9570161625263112
cnv_depth__IBNLCO_05037__Putative__CDS__promoter,0.0029092717011656145,0.9570339989309006
cnv_depth__IBNLCO_00906__IBNLCO_00906__gene,0.0028698617243387145,0.957325725726287
cnv_depth__IBNLCO_00587__IBNLCO_00587__gene,0.0028263111082664463,0.9576504493798625
cnv_depth__IBNLCO_01275__IBNLCO_01275__gene__promoter,0.0027135482194876447,0.9585030868851466
cnv_depth__IBNLCO_01190__IBNLCO_01190__gene,0.0026863948899664954,0.9587110422857932
cnv_depth__IBNLCO_02540__hypothetical__CDS__promoter,0.002657960731716334,0.9589299397015544
cnv_depth__IBNLCO_04648__IBNLCO_04648__gene,0.0026514734893309526,0.9589800453037384
cnv_depth__IBNLCO_01901__RNA-binding__CDS,0.0026435126443476943,0.9590416166507141
cnv_depth__IBNLCO_02466__Dihydrofolate__CDS__promoter,0.0025911842346479385,0.9594486739579922
cnv_depth__IBNLCO_00808__IBNLCO_00808__gene__promoter,0.002563366246711221,0.9596667455001038
cnv_depth__IBNLCO_02476__IBNLCO_02476__gene__promoter,0.002489976873657241,0.9602478221012748
cnv_depth__IBNLCO_01125__IBNLCO_01125__gene__promoter,0.0023701155475574693,0.9612156298736929
cnv_depth__IBNLCO_03926__potA__gene__promoter,0.0023511767450566023,0.961370774699337
cnv_depth__IBNLCO_05732__IBNLCO_05732__gene,0.0022921766930474536,0.9618581552032456
cnv_depth__IBNLCO_04428__IBNLCO_04428__gene__promoter,0.002272231117312887,0.9620243383032051
cnv_depth__IBNLCO_00422__Acetyl-CoA:oxalate__CDS__promoter,0.0022554582469540827,0.9621646536876334
cnv_depth__IBNLCO_00602__IBNLCO_00602__gene,0.002233466512890248,0.9623494227737001
cnv_depth__IBNLCO_04900__Sugar__CDS,0.0021872092280975685,0.962741064446879
cnv_depth__IBNLCO_03172__Type__CDS__promoter,0.002093962500412267,0.9635433711553496
cnv_depth__IBNLCO_04641__DUF4902__CDS__promoter,0.0020603309920176043,0.9638371209101229
cnv_depth__IBNLCO_01722__IBNLCO_01722__gene__promoter,0.0020503839819564535,0.9639244613022406
cnv_depth__IBNLCO_01495__IBNLCO_01495__gene,0.002048584273657613,0.9639402864246431
cnv_depth__IBNLCO_05012__bsaZ__gene,0.0020419450392839154,0.9639987266032626
cnv_depth__IBNLCO_05567__hypothetical__CDS__promoter,0.0019596772361563752,0.9647309231497438
cnv_depth__IBNLCO_01845__IBNLCO_01845__gene__promoter,0.0018283793155297499,0.9659321667559676
cnv_depth__IBNLCO_04931__hypothetical__CDS__promoter,0.0017996348939994648,0.966200859591873
cnv_depth__IBNLCO_02359__IBNLCO_02359__gene__promoter,0.0017770641435356635,0.9664133533382897
cnv_depth__IBNLCO_00716__IBNLCO_00716__gene,0.0017283424590379035,0.9668767048237787
cnv_depth__IBNLCO_02834__phnL__gene__promoter,0.0016885259328014751,0.9672602471019639
cnv_depth__IBNLCO_02033__IBNLCO_02033__gene,0.0016414006435655935,0.9677200944531825
cnv_depth__IBNLCO_02867__IBNLCO_02867__gene,0.0016360733311033377,0.9677724919466896
cnv_depth__IBNLCO_01496__Large__CDS__promoter,0.001590701123677821,0.9682222652811118
cnv_depth__IBNLCO_04388__Ferredoxin__CDS,0.0015759341101398028,0.9683700327208581
cnv_depth__IBNLCO_03881__Putative__CDS__promoter,0.0015685357448246154,0.968444325856083
cnv_depth__IBNLCO_00684__vdcD__gene,0.0014828702949433808,0.9693176893276687
cnv_depth__IBNLCO_02515__hypothetical__CDS__promoter,0.0014286875477274653,0.9698831844531686
cnv_depth__IBNLCO_02513__IBNLCO_02513__gene__promoter,0.0013842798239200994,0.9703547175673622
cnv_depth__IBNLCO_00365__cutC__gene__promoter,0.0013701467215787508,0.9705063709876474
cnv_depth__IBNLCO_02293__Virginiamycin__CDS,0.0013138287062295871,0.9711186065580555
cnv_depth__IBNLCO_00380__IBNLCO_00380__gene,0.0013079845202178288,0.971182885210288
cnv_depth__IBNLCO_03653__IBNLCO_03653__gene__promoter,0.0011985960387415296,0.9724136929392986
cnv_depth__IBNLCO_00884__Deoxyuridine__CDS,0.0011015948666542167,0.9735530769969173
cnv_depth__IBNLCO_04050__ABC__CDS__promoter,0.0011001120164521058,0.9735708764522284
cnv_depth__IBNLCO_01289__IBNLCO_01289__gene__promoter,0.0010853964275903258,0.973748170758304
cnv_depth__IBNLCO_02214__IBNLCO_02214__gene__promoter,0.001058336654136266,0.9740773579569458
cnv_depth__IBNLCO_04079__IBNLCO_04079__gene__promoter,0.0009810296772308992,0.9750417553665696
cnv_depth__IBNLCO_02842__phnN__gene__promoter,0.0009479242603174441,0.9754663485730944
cnv_depth__IBNLCO_00631__IBNLCO_00631__gene,0.0009035277289107253,0.976047583112817
cnv_depth__IBNLCO_03690__IBNLCO_03690__gene__promoter,0.0008956593086941302,0.9761520752200188
cnv_depth__IBNLCO_03982__IBNLCO_03982__gene,0.0008825102449216039,0.9763277245789355
cnv_depth__IBNLCO_04217__IBNLCO_04217__gene__promoter,0.0008647812922272779,0.9765666402882663
cnv_depth__IBNLCO_00766__IBNLCO_00766__gene__promoter,0.0006568136231249731,0.9795770905143308
cnv_depth__IBNLCO_01832__IBNLCO_01832__gene,0.0006508090640711736,0.979670637051581
cnv_depth__IBNLCO_05250__IBNLCO_05250__gene,0.0006484089602395519,0.9797081496189014
cnv_depth__IBNLCO_05453__IBNLCO_05453__gene,0.000614522762774542,0.9802453837040932
cnv_depth__IBNLCO_02575__IBNLCO_02575__gene,0.0006010078283613352,0.9804637745489435
cnv_depth__IBNLCO_01347__Immunity__CDS,0.000595037238964933,0.9805610366462504
cnv_depth__IBNLCO_05089__histidine__CDS,0.0005751579768617755,0.9808884440065551
cnv_depth__IBNLCO_03937__IBNLCO_03937__gene,0.0005535359779419452,0.9812510490695094
cnv_depth__IBNLCO_05731__Divalent__CDS__promoter,0.0005393342772223985,0.9814930824805008
cnv_depth__IBNLCO_05673__Ubiquinone__CDS,0.0005173999893417019,0.9818732526908301
cnv_depth__IBNLCO_01122__IBNLCO_01122__gene,0.0005151799720450662,0.9819121761505342
cnv_depth__IBNLCO_01047__IBNLCO_01047__gene,0.0005134912597641311,0.9819418404850511
cnv_depth__IBNLCO_04439__argP__gene__promoter,0.0004899002963138181,0.9823614645029836
cnv_depth__IBNLCO_03990__Type__CDS__promoter,0.000464308116740411,0.9828282850331405
cnv_depth__IBNLCO_02768__gnl|Bakta|IBNLCO_02768__CDS__promoter,0.00043946137841310216,0.9832939915599005
cnv_depth__IBNLCO_01922__Bacteria_small_SRP__gene__promoter,0.00039104958856883205,0.9842408867577732
cnv_depth__IBNLCO_01320__Phosphate__CDS,0.0003727272698010444,0.9846144588572978
cnv_depth__IBNLCO_00165__IBNLCO_00165__gene__promoter,0.00034247758637296857,0.985251920556694
cnv_depth__IBNLCO_03886__IBNLCO_03886__gene,0.00032492348486347133,0.9856348151484646
cnv_depth__IBNLCO_04452__IBNLCO_04452__gene,0.0003224929328882242,0.9856886387191561
cnv_depth__IBNLCO_05236__Cytochrome__CDS__promoter,0.00032181455533963676,0.9857036972969959
cnv_depth__IBNLCO_03880__IBNLCO_03880__gene,0.0003214629849708105,0.9857115076780019
cnv_depth__IBNLCO_02473__hypothetical__CDS,0.0002936273032365065,0.9863440737899117
cnv_depth__IBNLCO_01232__Integral__CDS,0.0002700390813445825,0.9869040210233104
cnv_depth__IBNLCO_02093__hypothetical__CDS,0.0002580472328337801,0.9871980792802342
cnv_depth__IBNLCO_02951__IBNLCO_02951__gene,0.00025574186155998696,0.9872553882744243
cnv_depth__IBNLCO_02468__darP__gene__promoter,0.0002503219510080921,0.9873911476416897
cnv_depth__IBNLCO_03711__tobramycin__CDS__promoter,0.00023987845376224453,0.9876569504722706
cnv_depth__IBNLCO_04879__gnl|Bakta|IBNLCO_04879__CDS,0.00023634163875405707,0.9877482752947263
cnv_depth__IBNLCO_03489__DUF1259__CDS,0.00022158966835195015,0.9881367704266926
cnv_depth__IBNLCO_05477__O-antigen__CDS,0.00021369818734766363,0.9883499128535357
cnv_depth__IBNLCO_00260__IBNLCO_00260__gene,0.00020237374403489676,0.9886627777223497
cnv_depth__IBNLCO_03115__IS3__CDS__promoter,0.00019673325008776903,0.9888218773189781
cnv_depth__IBNLCO_02797__mutL__gene,0.00017917044135903957,0.989332455894235
cnv_depth__IBNLCO_01164__NADH-quinone__CDS,0.00017623134946090306,0.9894203070753679
cnv_depth__IBNLCO_05197__IBNLCO_05197__gene__promoter,0.0001674231999026115,0.9896880704178295
cnv_depth__IBNLCO_00918__IBNLCO_00918__gene,0.00016641285654527826,0.9897192302960124
cnv_depth__IBNLCO_05725__DUF4304__CDS__promoter,0.000157983124319587,0.9899829888979063
cnv_depth__IBNLCO_05732__IBNLCO_05732__gene__promoter,0.00014305409876743492,0.9904679997666789
cnv_depth__IBNLCO_01479__gnl|Bakta|IBNLCO_01479__CDS__promoter,0.00013272244867025573,0.9908186438231704
cnv_depth__IBNLCO_01256__IBNLCO_01256__gene__promoter,0.00012662192934702752,0.9910321249291448
cnv_depth__IBNLCO_03898__hypothetical__CDS,0.00011643759288864776,0.9914003171287308
cnv_depth__IBNLCO_00753__hypothetical__CDS,0.00010865428598223519,0.9916927013487115
cnv_depth__IBNLCO_00378__putative__CDS__promoter,0.00010844586771705925,0.9917006723224377
cnv_depth__IBNLCO_02695__Major__CDS__promoter,0.00010450730143115886,0.9918527693572082
cnv_depth__IBNLCO_02441__Protease__CDS,0.00010254491195861886,0.991929621654834
cnv_depth__IBNLCO_01336__hypothetical__CDS,0.00010211521618135784,0.9919465475512026
cnv_depth__IBNLCO_00768__IBNLCO_00768__gene,9.801948685694499e-05,0.9921097025013365
cnv_depth__IBNLCO_01089__IBNLCO_01089__gene,9.607441789591238e-05,0.9921883785668013
cnv_depth__IBNLCO_05664__IBNLCO_05664__gene,9.579395581875624e-05,0.9921997884430319
cnv_depth__IBNLCO_04715__IBNLCO_04715__gene__promoter,9.302710694828466e-05,0.9923132583184413
cnv_depth__IBNLCO_02284__IBNLCO_02284__gene,8.011348460032369e-05,0.9928666870266282
cnv_depth__IBNLCO_04770__IBNLCO_04770__gene,7.561050843189361e-05,0.9930700536147459
cnv_depth__IBNLCO_02451__DUF4088__CDS,5.320011009048845e-05,0.9941870486208362
cnv_depth__IBNLCO_02476__hypothetical__CDS,5.1035743782417656e-05,0.9943065199065311
cnv_depth__IBNLCO_02690__HTH__CDS,3.493357769087082e-05,0.9952895403709295
cnv_depth__IBNLCO_02754__hypothetical__CDS__promoter,3.222281029018978e-05,0.9954759889455512
cnv_depth__IBNLCO_05103__Type__CDS,2.5232842082206897e-05,0.9959966317240595
cnv_depth__IBNLCO_04384__rutE__gene,2.5016967012307014e-05,0.9960137934159139
cnv_depth__IBNLCO_02446__Nicotinate__CDS__promoter,2.0255712433703786e-05,0.9964131221943494
cnv_depth__IBNLCO_04593__IBNLCO_04593__gene,1.273980681397142e-05,0.9971553765353461
cnv_depth__IBNLCO_01030__DUF2306__CDS__promoter,8.027837182585447e-06,0.9977419009534361
cnv_depth__IBNLCO_04872__hypothetical__CDS,6.981115244739578e-06,0.9978942530062442
cnv_depth__IBNLCO_04226__PucR__CDS__promoter,6.011869193199332e-06,0.998045891753892
cnv_depth__IBNLCO_03145__IBNLCO_03145__gene,2.932079786496943e-06,0.9986353164013843
cnv_depth__IBNLCO_00691__IBNLCO_00691__gene__promoter,1.351966664826572e-06,0.999073325554878
cnv_depth__IBNLCO_03699__IBNLCO_03699__gene,4.920962656740425e-07,0.9994409260045202
cnv_depth__IBNLCO_03673__IBNLCO_03673__gene__promoter,2.5873906655717017e-07,0.9995946079030413
cnv_depth__IBNLCO_01774__IBNLCO_01774__gene__promoter,2.4371629435323896e-07,0.9996065527097258
