feature,coefficient,abs_coefficient
cnv_depth__IBNLCO_04534__Dibenzothiophene__CDS__promoter,0.041573179563785194,0.041573179563785194
cnv_depth__IBNLCO_02342__Ubiquinone__CDS__promoter,0.040460463310868146,0.040460463310868146
cnv_depth__IBNLCO_00951__CHASE2__CDS__promoter,0.03942901759379805,0.03942901759379805
cnv_depth__IBNLCO_05031__IBNLCO_05031__gene__promoter,0.034929865710065434,0.034929865710065434
cnv_depth__IBNLCO_01548__IBNLCO_01548__gene__promoter,0.03463894060236232,0.03463894060236232
cnv_depth__IBNLCO_04459__IBNLCO_04459__gene__promoter,0.033226121675858866,0.033226121675858866
cnv_depth__IBNLCO_00829__msrA__gene__promoter,0.032245749527750465,0.032245749527750465
cnv_depth__IBNLCO_02855__secF__gene__promoter,0.03211066029487346,0.03211066029487346
cnv_depth__IBNLCO_05067__Toxin__CDS__promoter,0.03192029392746538,0.03192029392746538
cnv_depth__IBNLCO_04115__IBNLCO_04115__gene__promoter,0.03183765862252252,0.03183765862252252
cnv_depth__IBNLCO_02368__IBNLCO_02368__gene__promoter,0.031665970026948716,0.031665970026948716
cnv_depth__IBNLCO_05777__Ferredoxin--NAD(+)__CDS__promoter,0.030925680643352292,0.030925680643352292
cnv_depth__IBNLCO_04141__2Fe-2S__CDS__promoter,0.0306354821903337,0.0306354821903337
cnv_depth__IBNLCO_03094__Protein__CDS__promoter,0.030622195007886755,0.030622195007886755
cnv_depth__IBNLCO_02043__IBNLCO_02043__gene,0.030358756010914888,0.030358756010914888
cnv_depth__IBNLCO_04313__uvrY__gene__promoter,0.030296743531489118,0.030296743531489118
cnv_depth__IBNLCO_04919__gnl|Bakta|IBNLCO_04919__CDS__promoter,0.030250202299044935,0.030250202299044935
cnv_depth__IBNLCO_05109__hrpB4__gene__promoter,0.030155533208474587,0.030155533208474587
cnv_depth__IBNLCO_01306__araC__gene__promoter,0.03012441693568113,0.03012441693568113
cnv_depth__IBNLCO_04276__Diguanylate__CDS__promoter,0.030028696915390035,0.030028696915390035
cnv_depth__IBNLCO_00792__bpeB__gene__promoter,0.029747194256085206,0.029747194256085206
cnv_depth__IBNLCO_02529__xdhC__gene__promoter,0.02973253577234965,0.02973253577234965
cnv_depth__IBNLCO_01305__attH__gene__promoter,0.02967718555863747,0.02967718555863747
cnv_depth__IBNLCO_00981__HTH__CDS__promoter,-0.029599986354889262,0.029599986354889262
cnv_depth__IBNLCO_03896__IBNLCO_03896__gene__promoter,0.029555353052548618,0.029555353052548618
cnv_depth__IBNLCO_05735__IBNLCO_05735__gene__promoter,0.029470707917987723,0.029470707917987723
cnv_depth__IBNLCO_03941__3-oxoacyl-ACP__CDS__promoter,0.029454656641768658,0.029454656641768658
cnv_depth__unknown__unknown__regulatory.1,-0.02930231361668496,0.02930231361668496
cnv_depth__IBNLCO_04505__SDR__CDS__promoter,-0.029178593680233397,0.029178593680233397
cnv_depth__IBNLCO_05752__hypothetical__CDS__promoter,-0.028497019095681274,0.028497019095681274
cnv_depth__IBNLCO_00982__IBNLCO_00982__gene__promoter,-0.028426913605321222,0.028426913605321222
cnv_depth__IBNLCO_05684__IBNLCO_05684__gene__promoter,0.028119238524647674,0.028119238524647674
cnv_depth__IBNLCO_02607__IBNLCO_02607__gene__promoter,-0.028076233214147928,0.028076233214147928
cnv_depth__IBNLCO_00235__response__CDS__promoter,0.02790503042415535,0.02790503042415535
cnv_depth__IBNLCO_03897__DSBA__CDS,0.027728475009537533,0.027728475009537533
cnv_depth__IBNLCO_04685__Transmembrane__CDS__promoter,0.027608863953754184,0.027608863953754184
cnv_depth__IBNLCO_01157__trnL__gene__promoter,0.0275451391109799,0.0275451391109799
cnv_depth__IBNLCO_05127__HTH__CDS__promoter,-0.027493648368734247,0.027493648368734247
cnv_depth__IBNLCO_01328__IBNLCO_01328__gene__promoter,0.027321591800539738,0.027321591800539738
cnv_depth__IBNLCO_02295__IBNLCO_02295__gene__promoter,0.027283799364174532,0.027283799364174532
cnv_depth__IBNLCO_00892__IBNLCO_00892__gene__promoter,0.027188907084812905,0.027188907084812905
cnv_depth__IBNLCO_04701__hypothetical__CDS,0.027174379436939372,0.027174379436939372
cnv_depth__IBNLCO_05694__hypothetical__CDS__promoter,0.027147182903567123,0.027147182903567123
cnv_depth__IBNLCO_02800__Phosphoribosylformylglycinamidine__CDS__promoter,0.027065779732960874,0.027065779732960874
cnv_depth__IBNLCO_04942__Tat__CDS__promoter,0.026862975032223554,0.026862975032223554
cnv_depth__IBNLCO_02542__Thioredoxin__CDS__promoter,-0.026814423883913318,0.026814423883913318
cnv_depth__IBNLCO_03265__IBNLCO_03265__gene__promoter,0.026812091922453905,0.026812091922453905
cnv_depth__IBNLCO_00176__Peptidoglycan__CDS__promoter,0.02671603837262245,0.02671603837262245
cnv_depth__IBNLCO_05753__IBNLCO_05753__gene,-0.026611652921654218,0.026611652921654218
cnv_depth__IBNLCO_04115__hypothetical__CDS,0.026563814047907114,0.026563814047907114
cnv_depth__IBNLCO_02977__Glycine__CDS,0.02648540086963192,0.02648540086963192
cnv_depth__IBNLCO_03586__IBNLCO_03586__gene,0.026468717088976336,0.026468717088976336
cnv_depth__IBNLCO_05223__IBNLCO_05223__gene__promoter,-0.026428236021594362,0.026428236021594362
cnv_depth__IBNLCO_05703__DUF3175__CDS__promoter,0.026401115028729202,0.026401115028729202
cnv_depth__IBNLCO_01019__hypothetical__CDS,-0.026298183213638523,0.026298183213638523
cnv_depth__IBNLCO_04404__UspA__CDS__promoter,0.026217068644389583,0.026217068644389583
cnv_depth__IBNLCO_03688__Glycine__CDS__promoter,0.026103714114183354,0.026103714114183354
cnv_depth__IBNLCO_01929__IBNLCO_01929__gene__promoter,-0.026048254033804254,0.026048254033804254
cnv_depth__IBNLCO_03923__IBNLCO_03923__gene__promoter,0.025899287063933043,0.025899287063933043
cnv_depth__IBNLCO_05702__IBNLCO_05702__gene,0.0258930067243315,0.0258930067243315
cnv_depth__IBNLCO_04222__IBNLCO_04222__gene__promoter,-0.025774532344380676,0.025774532344380676
cnv_depth__IBNLCO_02269__IBNLCO_02269__gene,0.025658000894439884,0.025658000894439884
cnv_depth__IBNLCO_01121__IBNLCO_01121__gene__promoter,0.025647032386590142,0.025647032386590142
cnv_depth__IBNLCO_02233__IBNLCO_02233__gene__promoter,-0.025646219557629836,0.025646219557629836
cnv_depth__IBNLCO_05066__hipB__gene,0.025636308050365157,0.025636308050365157
cnv_depth__IBNLCO_02883__Holliday__CDS__promoter,-0.025594889412823358,0.025594889412823358
cnv_depth__IBNLCO_02736__IBNLCO_02736__gene,-0.025592972970240192,0.025592972970240192
cnv_depth__IBNLCO_04352__DUF3156__CDS,0.025534134011574835,0.025534134011574835
cnv_depth__IBNLCO_04148__hypothetical__CDS__promoter,0.0253518284265423,0.0253518284265423
cnv_depth__IBNLCO_04857__IBNLCO_04857__gene__promoter,0.025338459217804216,0.025338459217804216
cnv_depth__IBNLCO_00491__IBNLCO_00491__gene,0.025300119735746595,0.025300119735746595
cnv_depth__IBNLCO_04517__IBNLCO_04517__gene__promoter,0.02493492293090703,0.02493492293090703
cnv_depth__IBNLCO_04184__yraA__gene__promoter,0.024871442154285828,0.024871442154285828
cnv_depth__IBNLCO_04972__N-acetylmuramoyl-L-alanine__CDS__promoter,-0.02474860421358297,0.02474860421358297
cnv_depth__IBNLCO_05717__mipA__gene__promoter,0.02474410436478686,0.02474410436478686
cnv_depth__IBNLCO_00883__Integral__CDS__promoter,0.02473799302576018,0.02473799302576018
cnv_depth__IBNLCO_03842__IBNLCO_03842__gene__promoter,0.024717080875741093,0.024717080875741093
cnv_depth__IBNLCO_05256__IBNLCO_05256__gene__promoter,-0.024678760097336782,0.024678760097336782
cnv_depth__IBNLCO_04765__hypothetical__CDS__promoter,0.024529114434584973,0.024529114434584973
cnv_depth__IBNLCO_00312__IBNLCO_00312__gene__promoter,0.024358670972093505,0.024358670972093505
cnv_depth__IBNLCO_03791__N-acetylneuraminate__CDS__promoter,-0.02434094842919687,0.02434094842919687
cnv_depth__IBNLCO_01079__tRNA__CDS__promoter,0.02432171987683178,0.02432171987683178
cnv_depth__IBNLCO_04983__Type__CDS__promoter,-0.024084039052233747,0.024084039052233747
cnv_depth__IBNLCO_05592__IBNLCO_05592__gene,0.02405028990840637,0.02405028990840637
cnv_depth__IBNLCO_01963__IBNLCO_01963__gene__promoter,0.023969739535603336,0.023969739535603336
cnv_depth__IBNLCO_03666__IBNLCO_03666__gene__promoter,0.023967286429515695,0.023967286429515695
cnv_depth__IBNLCO_03751__nodT__gene__promoter,0.023913294430203045,0.023913294430203045
cnv_depth__IBNLCO_01112__IBNLCO_01112__gene__promoter,0.023807952689517894,0.023807952689517894
cnv_depth__IBNLCO_04463__mntH__gene__promoter,0.023783474217191795,0.023783474217191795
cnv_depth__IBNLCO_04748__gnl|Bakta|IBNLCO_04748__CDS__promoter,-0.02370318855388129,0.02370318855388129
cnv_depth__IBNLCO_05682__SAF__CDS__promoter,0.023699630281724726,0.023699630281724726
cnv_depth__IBNLCO_05088__phoB__gene__promoter,0.023641480391996855,0.023641480391996855
cnv_depth__IBNLCO_03792__4-hydroxyproline__CDS__promoter,-0.023516839258246276,0.023516839258246276
cnv_depth__IBNLCO_03072__Glutamyl-tRNA__CDS__promoter,0.023357300641599518,0.023357300641599518
cnv_depth__IBNLCO_05826__IBNLCO_05826__gene__promoter,0.023304097766573408,0.023304097766573408
cnv_depth__IBNLCO_02590__Glucose-6-phosphate__CDS,-0.023140337339707964,0.023140337339707964
cnv_depth__IBNLCO_02668__Bis(5'-nucleosyl)-tetraphosphatase%2C__CDS,-0.023122605935875395,0.023122605935875395
cnv_depth__IBNLCO_01000__Solute-binding__CDS,-0.023055956080434876,0.023055956080434876
cnv_depth__IBNLCO_00673__3-phosphoshikimate__CDS__promoter,-0.023048155530619282,0.023048155530619282
cnv_depth__IBNLCO_04962__hypothetical__CDS,0.023011911934977074,0.023011911934977074
cnv_depth__IBNLCO_02801__dnaA__gene__promoter,0.02300732259628481,0.02300732259628481
cnv_depth__IBNLCO_04219__IBNLCO_04219__gene__promoter,-0.022919125049406706,0.022919125049406706
cnv_depth__IBNLCO_05736__IBNLCO_05736__gene__promoter,0.022794769013960374,0.022794769013960374
cnv_depth__IBNLCO_02650__IBNLCO_02650__gene__promoter,-0.02278670523892648,0.02278670523892648
cnv_depth__IBNLCO_04703__IBNLCO_04703__gene__promoter,-0.022758143397723713,0.022758143397723713
cnv_depth__IBNLCO_03970__Fe2OG__CDS__promoter,-0.02274453560035661,0.02274453560035661
cnv_depth__IBNLCO_05782__IBNLCO_05782__gene__promoter,0.022609539753436107,0.022609539753436107
cnv_depth__IBNLCO_00394__IBNLCO_00394__gene__promoter,0.022592292727087616,0.022592292727087616
cnv_depth__IBNLCO_02692__IBNLCO_02692__gene,-0.022526553827682885,0.022526553827682885
cnv_depth__IBNLCO_05363__Glycine__CDS,-0.022490327697620292,0.022490327697620292
cnv_depth__IBNLCO_04081__IBNLCO_04081__gene__promoter,0.022447567545528534,0.022447567545528534
cnv_depth__IBNLCO_00828__Flavin__CDS__promoter,0.02240586196269533,0.02240586196269533
cnv_depth__IBNLCO_05758__IBNLCO_05758__gene__promoter,-0.022396832547229108,0.022396832547229108
cnv_depth__IBNLCO_02632__Urea__CDS__promoter,0.022381786451953958,0.022381786451953958
cnv_depth__IBNLCO_03730__IBNLCO_03730__gene__promoter,-0.02232681188568044,0.02232681188568044
cnv_depth__IBNLCO_00786__IBNLCO_00786__gene,-0.022290689500964262,0.022290689500964262
cnv_depth__IBNLCO_02150__ACB__CDS,0.022274215779356076,0.022274215779356076
cnv_depth__IBNLCO_02171__yejB__gene__promoter,0.022202880429763077,0.022202880429763077
cnv_depth__IBNLCO_00328__IBNLCO_00328__gene,-0.022132985114441048,0.022132985114441048
cnv_depth__IBNLCO_02914__IBNLCO_02914__gene__promoter,0.022127951958578633,0.022127951958578633
cnv_depth__IBNLCO_04107__IBNLCO_04107__gene__promoter,0.021977760836570878,0.021977760836570878
cnv_depth__IBNLCO_00681__deoR__gene__promoter,-0.021951478056704044,0.021951478056704044
cnv_depth__IBNLCO_02571__hypothetical__CDS,-0.021944395835379327,0.021944395835379327
cnv_depth__IBNLCO_05128__High-copy__CDS__promoter,-0.02193588152929042,0.02193588152929042
cnv_depth__IBNLCO_00320__IBNLCO_00320__gene,-0.021868636519926977,0.021868636519926977
cnv_depth__IBNLCO_04222__IBNLCO_04222__gene,-0.021806925376306633,0.021806925376306633
cnv_depth__IBNLCO_00945__TonB-dependent__CDS__promoter,-0.02179623394288557,0.02179623394288557
cnv_depth__IBNLCO_02396__IBNLCO_02396__gene__promoter,-0.021785808517855828,0.021785808517855828
cnv_depth__IBNLCO_04237__gerE__gene__promoter,-0.021746938464360068,0.021746938464360068
cnv_depth__IBNLCO_04305__DUF4148__CDS__promoter,0.021684814389330984,0.021684814389330984
cnv_depth__IBNLCO_05125__LysR-family__CDS__promoter,0.021667188852700504,0.021667188852700504
cnv_depth__IBNLCO_04148__hypothetical__CDS,0.02166626375127164,0.02166626375127164
cnv_depth__IBNLCO_04004__Formaldehyde__CDS__promoter,-0.021615077706499307,0.021615077706499307
cnv_depth__IBNLCO_02474__Cobalamin__CDS,0.021578068010158352,0.021578068010158352
cnv_depth__IBNLCO_00838__tRNA__CDS__promoter,-0.021568071247533002,0.021568071247533002
cnv_depth__IBNLCO_05168__IBNLCO_05168__gene__promoter,0.021485933343187,0.021485933343187
cnv_depth__IBNLCO_02433__hypothetical__CDS__promoter,0.021370940005603134,0.021370940005603134
cnv_depth__IBNLCO_04106__MurR/RpiR__CDS,-0.021365654491655055,0.021365654491655055
cnv_depth__IBNLCO_02078__DUF1993__CDS__promoter,0.02135048945027486,0.02135048945027486
cnv_depth__IBNLCO_00439__PTS__CDS,-0.02126724189790367,0.02126724189790367
cnv_depth__IBNLCO_04026__3-dehydrocarnitine:acetyl-CoA__CDS__promoter,-0.021231722079118845,0.021231722079118845
cnv_depth__IBNLCO_04948__IBNLCO_04948__gene__promoter,-0.021113011713447673,0.021113011713447673
cnv_depth__IBNLCO_01899__IBNLCO_01899__gene__promoter,-0.021069038893859145,0.021069038893859145
cnv_depth__IBNLCO_05255__GTP__CDS__promoter,-0.02103305535660777,0.02103305535660777
cnv_depth__IBNLCO_04666__Beta-lactamase__CDS__promoter,-0.021021189497732753,0.021021189497732753
cnv_depth__IBNLCO_02604__3%2C4-dihydroxy-2-butanone__CDS,-0.020928600563218994,0.020928600563218994
cnv_depth__IBNLCO_03856__DNA__CDS,0.02090692108513136,0.02090692108513136
cnv_depth__IBNLCO_05683__IBNLCO_05683__gene,0.020894825482546217,0.020894825482546217
cnv_depth__IBNLCO_03355__Fusaric__CDS__promoter,0.020878575293749885,0.020878575293749885
cnv_depth__IBNLCO_02201__IBNLCO_02201__gene__promoter,0.020832677706271504,0.020832677706271504
cnv_depth__IBNLCO_02888__D-aminoacyl-tRNA__CDS__promoter,0.020825798872903863,0.020825798872903863
cnv_depth__IBNLCO_04565__Bifunctional__CDS__promoter,0.020769977886736443,0.020769977886736443
cnv_depth__IBNLCO_04088__IBNLCO_04088__gene__promoter,0.020694325278933903,0.020694325278933903
cnv_depth__IBNLCO_02126__Bifunctional__CDS__promoter,0.020678066239522258,0.020678066239522258
cnv_depth__IBNLCO_03675__IBNLCO_03675__gene__promoter,0.020662956994857342,0.020662956994857342
cnv_depth__IBNLCO_04143__IBNLCO_04143__gene__promoter,-0.02058097056932029,0.02058097056932029
cnv_depth__IBNLCO_04850__secD__gene__promoter,-0.02055455229725516,0.02055455229725516
cnv_depth__IBNLCO_01312__CRM__CDS,0.020542301375097143,0.020542301375097143
cnv_depth__IBNLCO_02915__MFS__CDS__promoter,0.020457470725328327,0.020457470725328327
cnv_depth__IBNLCO_02698__IBNLCO_02698__gene__promoter,0.02044750507973077,0.02044750507973077
cnv_depth__IBNLCO_03567__IBNLCO_03567__gene,-0.020425232707546544,0.020425232707546544
cnv_depth__IBNLCO_05426__IBNLCO_05426__gene__promoter,0.02036307722815223,0.02036307722815223
cnv_depth__IBNLCO_02377__hpnL__gene__promoter,0.020342325595681214,0.020342325595681214
cnv_depth__IBNLCO_02614__IBNLCO_02614__gene__promoter,0.020334262586493606,0.020334262586493606
cnv_depth__IBNLCO_05056__Cellulose__CDS__promoter,-0.020291367679607514,0.020291367679607514
cnv_depth__IBNLCO_01297__proP__gene__promoter,-0.020229502077473985,0.020229502077473985
cnv_depth__IBNLCO_04197__Methyl-accepting__CDS__promoter,0.020211606772164124,0.020211606772164124
cnv_depth__IBNLCO_02584__IBNLCO_02584__gene,0.020193461449511892,0.020193461449511892
cnv_depth__IBNLCO_05164__gnl|Bakta|IBNLCO_05164__CDS,0.020163652472793635,0.020163652472793635
cnv_depth__IBNLCO_02512__IBNLCO_02512__gene__promoter,0.020121758064203635,0.020121758064203635
cnv_depth__IBNLCO_03095__hypothetical__CDS,0.020118300317515533,0.020118300317515533
cnv_depth__IBNLCO_00236__IBNLCO_00236__gene,0.02004555775150483,0.02004555775150483
cnv_depth__IBNLCO_03972__Succinyl-CoA:coenzyme__CDS__promoter,0.019961919819232066,0.019961919819232066
cnv_depth__IBNLCO_00653__lactoylglutathione__CDS__promoter,0.019920494919039095,0.019920494919039095
cnv_depth__IBNLCO_03663__LysR__CDS__promoter,0.0199114921981442,0.0199114921981442
cnv_depth__IBNLCO_01697__hypothetical__CDS__promoter,-0.019889850298938395,0.019889850298938395
cnv_depth__IBNLCO_00946__IBNLCO_00946__gene__promoter,0.019879365526157485,0.019879365526157485
cnv_depth__IBNLCO_05064__IBNLCO_05064__gene__promoter,0.01986855068242568,0.01986855068242568
cnv_depth__IBNLCO_02309__IBNLCO_02309__gene,0.019857364413613125,0.019857364413613125
cnv_depth__IBNLCO_02297__IBNLCO_02297__gene__promoter,-0.019854946884930544,0.019854946884930544
cnv_depth__IBNLCO_02833__IBNLCO_02833__gene__promoter,-0.019814914503118092,0.019814914503118092
cnv_depth__IBNLCO_03979__tssG__gene,-0.019787403901264006,0.019787403901264006
cnv_depth__IBNLCO_02173__Enoyl-[acyl-carrier-protein]__CDS__promoter,0.01975990475557975,0.01975990475557975
cnv_depth__IBNLCO_04316__Universal__CDS__promoter,0.019706484355893988,0.019706484355893988
cnv_depth__IBNLCO_04350__IBNLCO_04350__gene__promoter,-0.01970167566599651,0.01970167566599651
cnv_depth__IBNLCO_04097__hypothetical__CDS,-0.019655297251401554,0.019655297251401554
cnv_depth__IBNLCO_02402__trnG__gene__promoter,0.01964779473553746,0.01964779473553746
cnv_depth__IBNLCO_05234__Enterobactin__CDS__promoter,-0.019576863114089255,0.019576863114089255
cnv_depth__IBNLCO_04596__IBNLCO_04596__gene,-0.019557447585826875,0.019557447585826875
cnv_depth__IBNLCO_00581__IBNLCO_00581__gene__promoter,-0.01954962241562258,0.01954962241562258
cnv_depth__IBNLCO_05198__LLM__CDS,-0.019509818009328307,0.019509818009328307
cnv_depth__IBNLCO_04160__4-hydroxy-2-oxo-heptane-1%2C7-dioate__CDS__promoter,-0.01946705183401549,0.01946705183401549
cnv_depth__IBNLCO_04779__Glutathione__CDS__promoter,-0.019442078101013078,0.019442078101013078
cnv_depth__IBNLCO_04982__Type__CDS,-0.019418361407623187,0.019418361407623187
cnv_depth__IBNLCO_05022__bsaP__gene__promoter,-0.019413091401621795,0.019413091401621795
cnv_depth__IBNLCO_04741__yigZ__gene__promoter,-0.019396459072441533,0.019396459072441533
cnv_depth__IBNLCO_00406__VanZ__CDS__promoter,0.019361211268756996,0.019361211268756996
cnv_depth__IBNLCO_04283__IBNLCO_04283__gene,-0.019356197146687522,0.019356197146687522
cnv_depth__IBNLCO_05163__IBNLCO_05163__gene,0.01927332576912487,0.01927332576912487
cnv_depth__IBNLCO_04240__marR__gene__promoter,-0.019254093724366636,0.019254093724366636
cnv_depth__IBNLCO_05352__Phosphoglycerate__CDS,0.019253897107744153,0.019253897107744153
cnv_depth__IBNLCO_00297__IBNLCO_00297__gene__promoter,-0.019253752043947005,0.019253752043947005
cnv_depth__IBNLCO_01543__cpaE__gene__promoter,-0.019209430491050023,0.019209430491050023
cnv_depth__IBNLCO_04927__IBNLCO_04927__gene,-0.019192664674626846,0.019192664674626846
cnv_depth__IBNLCO_02826__glcE__gene,0.019147782389842646,0.019147782389842646
cnv_depth__IBNLCO_01058__IBNLCO_01058__gene,-0.019147601667564556,0.019147601667564556
cnv_depth__IBNLCO_01544__Bacterial__CDS,-0.019049434892908546,0.019049434892908546
cnv_depth__IBNLCO_03689__Hemin__CDS__promoter,-0.018983446598301278,0.018983446598301278
cnv_depth__IBNLCO_05039__L-lactate__CDS__promoter,0.018962276504922132,0.018962276504922132
cnv_depth__IBNLCO_01009__gnl|Bakta|IBNLCO_01009__CDS__promoter,0.01896144092589528,0.01896144092589528
cnv_depth__IBNLCO_04713__IBNLCO_04713__gene__promoter,-0.018946603677982798,0.018946603677982798
cnv_depth__IBNLCO_04238__hypothetical__CDS__promoter,-0.018919782041197857,0.018919782041197857
cnv_depth__IBNLCO_05149__L-seryl-tRNA(Sec)__CDS__promoter,-0.018901202550941815,0.018901202550941815
cnv_depth__IBNLCO_01364__hypothetical__CDS,-0.0188743459324372,0.0188743459324372
cnv_depth__IBNLCO_02391__IBNLCO_02391__gene,-0.018862602160396754,0.018862602160396754
cnv_depth__IBNLCO_04275__Type__CDS,-0.018850197394162105,0.018850197394162105
cnv_depth__IBNLCO_02453__RNA-binding__CDS,-0.01884561351062268,0.01884561351062268
cnv_depth__IBNLCO_05089__IBNLCO_05089__gene__promoter,-0.018764583822559702,0.018764583822559702
cnv_depth__IBNLCO_05243__IBNLCO_05243__gene,-0.018722509266232257,0.018722509266232257
cnv_depth__IBNLCO_05778__traR__gene,0.018621519761384042,0.018621519761384042
cnv_depth__IBNLCO_00323__HTH__CDS__promoter,0.018557389390573244,0.018557389390573244
cnv_depth__IBNLCO_02570__gnl|Bakta|IBNLCO_02570__CDS__promoter,-0.018525270525411176,0.018525270525411176
cnv_depth__IBNLCO_00646__IBNLCO_00646__gene,-0.01852324293356617,0.01852324293356617
cnv_depth__IBNLCO_01575__Dihydroorotate__CDS__promoter,-0.01852247362495465,0.01852247362495465
cnv_depth__IBNLCO_01013__Glycine__CDS,-0.018501102645157703,0.018501102645157703
cnv_depth__IBNLCO_04331__IBNLCO_04331__gene__promoter,-0.018496713654859734,0.018496713654859734
cnv_depth__IBNLCO_03022__Peptidoglycan__CDS__promoter,0.018487527170188627,0.018487527170188627
cnv_depth__IBNLCO_05705__DNA__CDS__promoter,0.0184373416048204,0.0184373416048204
cnv_depth__IBNLCO_00951__IBNLCO_00951__gene,0.01842438432308485,0.01842438432308485
cnv_depth__IBNLCO_02017__IBNLCO_02017__gene__promoter,0.018415458979421765,0.018415458979421765
cnv_depth__IBNLCO_03285__IBNLCO_03285__gene__promoter,0.018334842014415563,0.018334842014415563
cnv_depth__IBNLCO_04473__hypothetical__CDS__promoter,0.01831621823576834,0.01831621823576834
cnv_depth__IBNLCO_00659__IBNLCO_00659__gene,0.018310549999695416,0.018310549999695416
cnv_depth__IBNLCO_05626__IBNLCO_05626__gene__promoter,0.01829470264776213,0.01829470264776213
cnv_depth__IBNLCO_00321__IBNLCO_00321__gene__promoter,0.018280427923566312,0.018280427923566312
cnv_depth__IBNLCO_00491__IBNLCO_00491__gene__promoter,0.018251296598988883,0.018251296598988883
cnv_depth__IBNLCO_04273__IBNLCO_04273__gene__promoter,0.01824322207636107,0.01824322207636107
cnv_depth__IBNLCO_01000__IBNLCO_01000__gene__promoter,-0.018242469336605307,0.018242469336605307
cnv_depth__IBNLCO_01907__IBNLCO_01907__gene__promoter,-0.01824057907368721,0.01824057907368721
cnv_depth__IBNLCO_05177__IBNLCO_05177__gene,-0.018232683062352418,0.018232683062352418
cnv_depth__IBNLCO_03776__metI__gene__promoter,0.01821431523708355,0.01821431523708355
cnv_depth__IBNLCO_02220__ISL3-like__CDS__promoter,-0.018177470041003844,0.018177470041003844
cnv_depth__IBNLCO_00364__DUF3108__CDS,0.01815362097414156,0.01815362097414156
cnv_depth__IBNLCO_03745__IBNLCO_03745__gene__promoter,0.01815031015819525,0.01815031015819525
cnv_depth__IBNLCO_00230__IBNLCO_00230__gene,0.018139736284151036,0.018139736284151036
cnv_depth__IBNLCO_01026__hypothetical__CDS,0.018099920162027935,0.018099920162027935
cnv_depth__IBNLCO_00721__IBNLCO_00721__gene__promoter,0.018094444762479477,0.018094444762479477
cnv_depth__IBNLCO_03369__MFS__CDS__promoter,0.018074347954825428,0.018074347954825428
cnv_depth__IBNLCO_04709__GTP__CDS__promoter,-0.018049432184016143,0.018049432184016143
cnv_depth__IBNLCO_01781__hypothetical__CDS__promoter,-0.01795625281178104,0.01795625281178104
cnv_depth__IBNLCO_02985__Signal__CDS__promoter,0.017940910668528563,0.017940910668528563
cnv_depth__IBNLCO_02219__tnp__gene__promoter,-0.017924002214779404,0.017924002214779404
cnv_depth__IBNLCO_05327__Polysaccharide__CDS__promoter,-0.017920570486015926,0.017920570486015926
cnv_depth__IBNLCO_01400__hypothetical__CDS__promoter,-0.017904566643536752,0.017904566643536752
cnv_depth__IBNLCO_01406__IBNLCO_01406__gene__promoter,-0.017893953926422734,0.017893953926422734
cnv_depth__IBNLCO_03286__hypothetical__CDS__promoter,0.01787896925445582,0.01787896925445582
cnv_depth__IBNLCO_02714__araC__gene__promoter,0.017874051181571978,0.017874051181571978
cnv_depth__IBNLCO_00178__mreD__gene__promoter,0.017836041453525527,0.017836041453525527
cnv_depth__IBNLCO_02137__IBNLCO_02137__gene,-0.01782698052531863,0.01782698052531863
cnv_depth__IBNLCO_01372__DNA-binding__CDS__promoter,-0.01780621968657289,0.01780621968657289
cnv_depth__IBNLCO_02044__BTH_s19__gene,0.01779778678076059,0.01779778678076059
cnv_depth__IBNLCO_04536__IBNLCO_04536__gene__promoter,-0.01778439328427525,0.01778439328427525
cnv_depth__IBNLCO_01140__Transmembrane__CDS,0.01773668839215297,0.01773668839215297
cnv_depth__IBNLCO_01099__Phospholipase__CDS__promoter,-0.01770449966078597,0.01770449966078597
cnv_depth__IBNLCO_02767__gnl|Bakta|IBNLCO_02767__CDS__promoter,0.017698121770967797,0.017698121770967797
cnv_depth__IBNLCO_05150__IBNLCO_05150__gene__promoter,0.017689716024923467,0.017689716024923467
cnv_depth__IBNLCO_01057__IBNLCO_01057__gene,-0.01765661362964468,0.01765661362964468
cnv_depth__IBNLCO_05781__IBNLCO_05781__gene__promoter,0.017649506524128063,0.017649506524128063
cnv_depth__IBNLCO_05108__IBNLCO_05108__gene__promoter,-0.017649396111941447,0.017649396111941447
cnv_depth__IBNLCO_04947__IBNLCO_04947__gene__promoter,-0.017636999426138906,0.017636999426138906
cnv_depth__IBNLCO_00865__IBNLCO_00865__gene,-0.017626063761966435,0.017626063761966435
cnv_depth__IBNLCO_00971__sodC__gene,-0.01762200161973343,0.01762200161973343
cnv_depth__IBNLCO_04740__IBNLCO_04740__gene__promoter,-0.01755923101486314,0.01755923101486314
cnv_depth__IBNLCO_04747__P9__gene__promoter,-0.017511153270662806,0.017511153270662806
cnv_depth__IBNLCO_03466__IBNLCO_03466__gene__promoter,-0.017497199880797953,0.017497199880797953
cnv_depth__IBNLCO_00743__IBNLCO_00743__gene__promoter,0.017479855784001762,0.017479855784001762
cnv_depth__IBNLCO_04102__DUF899__CDS,-0.017473802253501758,0.017473802253501758
cnv_depth__IBNLCO_02475__Putative__CDS,-0.01746195252134239,0.01746195252134239
cnv_depth__IBNLCO_05194__IBNLCO_05194__gene__promoter,0.0174549729722102,0.0174549729722102
cnv_depth__IBNLCO_03372__IBNLCO_03372__gene__promoter,-0.017453460304031203,0.017453460304031203
cnv_depth__IBNLCO_05597__IBNLCO_05597__gene,-0.01744840663419477,0.01744840663419477
cnv_depth__IBNLCO_03463__Amino__CDS,0.017425548701913093,0.017425548701913093
cnv_depth__IBNLCO_03958__IBNLCO_03958__gene__promoter,-0.01739774012594131,0.01739774012594131
cnv_depth__IBNLCO_00487__IBNLCO_00487__gene__promoter,0.01737794522056268,0.01737794522056268
cnv_depth__IBNLCO_04791__IBNLCO_04791__gene__promoter,0.01732216004430074,0.01732216004430074
cnv_depth__IBNLCO_02209__hypothetical__CDS__promoter,-0.01731553894875211,0.01731553894875211
cnv_depth__IBNLCO_05367__Haloacid__CDS__promoter,0.01731328624975591,0.01731328624975591
cnv_depth__IBNLCO_00763__IBNLCO_00763__gene__promoter,0.01724775380498202,0.01724775380498202
cnv_depth__IBNLCO_01300__IBNLCO_01300__gene__promoter,-0.01722570670235256,0.01722570670235256
cnv_depth__IBNLCO_04626__IBNLCO_04626__gene__promoter,0.01721447506439169,0.01721447506439169
cnv_depth__IBNLCO_05476__IBNLCO_05476__gene__promoter,-0.017194994771065803,0.017194994771065803
cnv_depth__IBNLCO_05334__Cysteine-rich__CDS__promoter,0.017180182065320196,0.017180182065320196
cnv_depth__IBNLCO_04926__Carboxyl__CDS,-0.017161975289345092,0.017161975289345092
cnv_depth__IBNLCO_05026__type__CDS,-0.01715062197175382,0.01715062197175382
cnv_depth__IBNLCO_05648__Succinyl-CoA--L-malate__CDS,-0.01714712485299381,0.01714712485299381
cnv_depth__IBNLCO_02497__IBNLCO_02497__gene,-0.017141914069808032,0.017141914069808032
cnv_depth__IBNLCO_03606__asparagine__CDS,-0.017134309783105494,0.017134309783105494
cnv_depth__IBNLCO_03967__phosphoenolpyruvate__CDS__promoter,-0.017115182464719405,0.017115182464719405
cnv_depth__IBNLCO_02524__IBNLCO_02524__gene__promoter,-0.017115075841315424,0.017115075841315424
cnv_depth__IBNLCO_04041__LasA__CDS__promoter,-0.017072367962606486,0.017072367962606486
cnv_depth__IBNLCO_01136__Glycosyltransferase__CDS,-0.01706580987706727,0.01706580987706727
cnv_depth__IBNLCO_00914__CopC__CDS__promoter,-0.017020136074333937,0.017020136074333937
cnv_depth__IBNLCO_00024__lrgA__gene,0.01695819595412912,0.01695819595412912
cnv_depth__IBNLCO_03798__Insertion__CDS__promoter,-0.016931516869208792,0.016931516869208792
cnv_depth__IBNLCO_02318__IBNLCO_02318__gene__promoter,-0.016905869470182504,0.016905869470182504
cnv_depth__IBNLCO_03485__IBNLCO_03485__gene,0.01689421551578979,0.01689421551578979
cnv_depth__IBNLCO_01925__merR__gene__promoter,-0.016878230944500364,0.016878230944500364
cnv_depth__IBNLCO_02928__Biopolymer__CDS__promoter,0.016870137995212996,0.016870137995212996
cnv_depth__IBNLCO_05120__Diaminobutyrate--2-oxoglutarate__CDS__promoter,-0.01686766323454933,0.01686766323454933
cnv_depth__IBNLCO_01481__Glycoside__CDS__promoter,-0.016858473403364774,0.016858473403364774
cnv_depth__IBNLCO_01027__Transcriptional__CDS__promoter,0.016858434600509765,0.016858434600509765
cnv_depth__IBNLCO_04159__IBNLCO_04159__gene__promoter,0.01684882399319699,0.01684882399319699
cnv_depth__IBNLCO_01569__N-acetylmuramoyl-L-alanine__CDS,-0.016814299400342198,0.016814299400342198
cnv_depth__IBNLCO_05345__AI-2E__CDS__promoter,0.016811480618070737,0.016811480618070737
cnv_depth__IBNLCO_04492__Methyltransferase__CDS__promoter,0.016789433077412038,0.016789433077412038
cnv_depth__IBNLCO_02406__Elongation__CDS__promoter,-0.01675931741479157,0.01675931741479157
cnv_depth__IBNLCO_03763__fkbH__gene__promoter,-0.016747003074767095,0.016747003074767095
cnv_depth__IBNLCO_05792__IBNLCO_05792__gene__promoter,-0.016724772464935544,0.016724772464935544
cnv_depth__IBNLCO_00212__IBNLCO_00212__gene,-0.016721066829350952,0.016721066829350952
cnv_depth__IBNLCO_04750__hypothetical__CDS__promoter,-0.01671785405477641,0.01671785405477641
cnv_depth__IBNLCO_02182__IBNLCO_02182__gene,-0.01671033337340194,0.01671033337340194
cnv_depth__IBNLCO_05164__IBNLCO_05164__gene__promoter,0.016665669303862016,0.016665669303862016
cnv_depth__IBNLCO_02203__Outer__CDS__promoter,-0.0166530995852688,0.0166530995852688
cnv_depth__IBNLCO_01180__IBNLCO_01180__gene__promoter,-0.016645158361781598,0.016645158361781598
cnv_depth__IBNLCO_01910__Modulator__CDS__promoter,0.01659090090551436,0.01659090090551436
cnv_depth__IBNLCO_00360__EAL__CDS__promoter,0.01658681449000777,0.01658681449000777
cnv_depth__IBNLCO_01580__UPF0303__CDS__promoter,-0.016583326952778157,0.016583326952778157
cnv_depth__IBNLCO_02058__IBNLCO_02058__gene,0.016578040679849075,0.016578040679849075
cnv_depth__IBNLCO_05691__gspF__gene__promoter,-0.016571399317748547,0.016571399317748547
cnv_depth__IBNLCO_02024__IBNLCO_02024__gene__promoter,0.01656408651886065,0.01656408651886065
cnv_depth__IBNLCO_00972__dCTP__CDS__promoter,-0.016532836798269883,0.016532836798269883
cnv_depth__IBNLCO_01925__Transcription__CDS,-0.016517180290478006,0.016517180290478006
cnv_depth__IBNLCO_02501__IBNLCO_02501__gene__promoter,0.01651225220067997,0.01651225220067997
cnv_depth__IBNLCO_01579__trnfM__gene__promoter,-0.016509894405333535,0.016509894405333535
cnv_depth__IBNLCO_01115__Potassium-transporting__CDS__promoter,0.016500391597374486,0.016500391597374486
cnv_depth__IBNLCO_02850__recG__gene,0.016492006563580516,0.016492006563580516
cnv_depth__IBNLCO_02290__Nicotinamide-nucleotide__CDS,-0.016465655724900243,0.016465655724900243
cnv_depth__IBNLCO_01868__IBNLCO_01868__gene__promoter,-0.016456566648336165,0.016456566648336165
cnv_depth__IBNLCO_04614__hypothetical__CDS,-0.01645411267159995,0.01645411267159995
cnv_depth__IBNLCO_04885__sctQ__gene__promoter,0.016421567694964025,0.016421567694964025
cnv_depth__IBNLCO_02844__IBNLCO_02844__gene__promoter,-0.016391616958148388,0.016391616958148388
cnv_depth__IBNLCO_04473__hypothetical__CDS,-0.01637698812953864,0.01637698812953864
cnv_depth__IBNLCO_02795__IBNLCO_02795__gene,-0.01637204675350716,0.01637204675350716
cnv_depth__IBNLCO_02769__gnl|Bakta|IBNLCO_02769__CDS__promoter,-0.016365093426710896,0.016365093426710896
cnv_depth__IBNLCO_00117__IBNLCO_00117__gene__promoter,0.016351559033160237,0.016351559033160237
cnv_depth__IBNLCO_05737__DUF2795__CDS__promoter,0.016334082935831197,0.016334082935831197
cnv_depth__IBNLCO_00054__Short-chain__CDS__promoter,0.016331538851809144,0.016331538851809144
cnv_depth__IBNLCO_05380__DUF445__CDS__promoter,0.016310654275686887,0.016310654275686887
cnv_depth__IBNLCO_01267__IBNLCO_01267__gene__promoter,0.01630842894779106,0.01630842894779106
cnv_depth__IBNLCO_01334__Phosphohistidine__CDS,-0.016257202568053495,0.016257202568053495
cnv_depth__IBNLCO_00393__IBNLCO_00393__gene,0.01624813223990945,0.01624813223990945
cnv_depth__IBNLCO_02317__Gamma-glutamylputrescine__CDS__promoter,-0.016149871850140357,0.016149871850140357
cnv_depth__IBNLCO_01947__Putative__CDS__promoter,-0.016145590314231198,0.016145590314231198
cnv_depth__IBNLCO_04465__IBNLCO_04465__gene__promoter,-0.016144786008405326,0.016144786008405326
cnv_depth__IBNLCO_05330__UDP-glucose:undecaprenyl-phosphate__CDS__promoter,0.016132911334150624,0.016132911334150624
cnv_depth__IBNLCO_04098__IBNLCO_04098__gene__promoter,-0.016106409685118186,0.016106409685118186
cnv_depth__IBNLCO_05321__IBNLCO_05321__gene__promoter,-0.01610520154064941,0.01610520154064941
cnv_depth__IBNLCO_02238__Cell__CDS,-0.016098798010908688,0.016098798010908688
cnv_depth__IBNLCO_01262__DUF1326__CDS,-0.01609205828577125,0.01609205828577125
cnv_depth__IBNLCO_05054__Taurine__CDS__promoter,0.01607474328429299,0.01607474328429299
cnv_depth__IBNLCO_00540__lptC__gene__promoter,0.016034582679844995,0.016034582679844995
cnv_depth__IBNLCO_00142__gnl|Bakta|IBNLCO_00142__CDS__promoter,0.01601019471699718,0.01601019471699718
cnv_depth__IBNLCO_00646__IBNLCO_00646__gene__promoter,0.01600291453442104,0.01600291453442104
cnv_depth__IBNLCO_03595__IBNLCO_03595__gene,0.015996592205084547,0.015996592205084547
cnv_depth__IBNLCO_00612__IBNLCO_00612__gene,-0.015988402519599723,0.015988402519599723
cnv_depth__IBNLCO_01551__hypothetical__CDS__promoter,-0.015976716393185,0.015976716393185
cnv_depth__IBNLCO_00986__IBNLCO_00986__gene__promoter,-0.01597393435201351,0.01597393435201351
cnv_depth__IBNLCO_03675__IBNLCO_03675__gene,0.015946283865681678,0.015946283865681678
cnv_depth__IBNLCO_03968__IBNLCO_03968__gene,-0.015916906542069956,0.015916906542069956
cnv_depth__IBNLCO_03246__paaK__gene__promoter,0.01591678039713822,0.01591678039713822
cnv_depth__IBNLCO_04977__response__CDS__promoter,-0.015911600347275102,0.015911600347275102
cnv_depth__IBNLCO_00326__IBNLCO_00326__gene,0.015906423939920346,0.015906423939920346
cnv_depth__IBNLCO_01134__tetR__gene__promoter,0.015895722691431025,0.015895722691431025
cnv_depth__IBNLCO_00875__IBNLCO_00875__gene__promoter,0.015874662261262645,0.015874662261262645
cnv_depth__IBNLCO_03685__Glycine__CDS,0.01586609999646507,0.01586609999646507
cnv_depth__IBNLCO_00633__IBNLCO_00633__gene__promoter,0.01585707095245449,0.01585707095245449
cnv_depth__IBNLCO_04657__Polyketide__CDS__promoter,0.01583424577042612,0.01583424577042612
cnv_depth__IBNLCO_02761__IBNLCO_02761__gene__promoter,0.01581897846143184,0.01581897846143184
cnv_depth__IBNLCO_00024__lrgA__gene__promoter,0.015816056449691782,0.015816056449691782
cnv_depth__IBNLCO_04213__IBNLCO_04213__gene,-0.015789610100792252,0.015789610100792252
cnv_depth__IBNLCO_05393__Cytochrome__CDS__promoter,0.015787588064252973,0.015787588064252973
cnv_depth__IBNLCO_02326__4'-phosphopantetheinyl__CDS__promoter,0.015784020549325317,0.015784020549325317
cnv_depth__IBNLCO_04663__IBNLCO_04663__gene__promoter,-0.015767897940351508,0.015767897940351508
cnv_depth__IBNLCO_02916__Adenylosuccinate__CDS__promoter,0.01575535794371974,0.01575535794371974
cnv_depth__IBNLCO_01735__Low-specificity__CDS__promoter,0.015734982787368616,0.015734982787368616
cnv_depth__IBNLCO_00023__lysR__gene__promoter,0.015726097954736232,0.015726097954736232
cnv_depth__IBNLCO_02250__Lysine--tRNA__CDS__promoter,0.01572183945619859,0.01572183945619859
cnv_depth__IBNLCO_02193__IBNLCO_02193__gene__promoter,-0.015710990823717817,0.015710990823717817
cnv_depth__IBNLCO_02460__Thymidylate__CDS__promoter,-0.015706248630443686,0.015706248630443686
cnv_depth__IBNLCO_04768__hypothetical__CDS,-0.01569408305439096,0.01569408305439096
cnv_depth__IBNLCO_02706__cntO__gene__promoter,-0.01569023374402696,0.01569023374402696
cnv_depth__IBNLCO_02736__IBNLCO_02736__gene__promoter,-0.01565512641699979,0.01565512641699979
cnv_depth__IBNLCO_04514__LysR__CDS__promoter,-0.015639526781312727,0.015639526781312727
cnv_depth__IBNLCO_00242__L-2-hydroxyglutarate__CDS__promoter,0.015634677007191185,0.015634677007191185
cnv_depth__IBNLCO_02671__IBNLCO_02671__gene,-0.015598934725464267,0.015598934725464267
cnv_depth__IBNLCO_00762__xerC__gene,0.01559239841403455,0.01559239841403455
cnv_depth__IBNLCO_05715__IBNLCO_05715__gene__promoter,0.015590992818384334,0.015590992818384334
cnv_depth__IBNLCO_05832__IBNLCO_05832__gene__promoter,0.015552867217369624,0.015552867217369624
cnv_depth__IBNLCO_02771__UDP-3-O-[3-hydroxymyristoyl]__CDS__promoter,-0.015487979668803858,0.015487979668803858
cnv_depth__IBNLCO_05447__IBNLCO_05447__gene,0.015474508872583862,0.015474508872583862
cnv_depth__IBNLCO_04710__hypothetical__CDS,-0.015469686727209407,0.015469686727209407
cnv_depth__IBNLCO_01424__Ornithine__CDS,0.015463248604777128,0.015463248604777128
cnv_depth__IBNLCO_02105__glutathione__CDS,-0.015460999416142944,0.015460999416142944
cnv_depth__IBNLCO_05713__IBNLCO_05713__gene,-0.015460017266909891,0.015460017266909891
cnv_depth__IBNLCO_02276__trnfM__gene,0.015448299190962921,0.015448299190962921
cnv_depth__IBNLCO_04943__NADPH--hemoprotein__CDS__promoter,-0.01541886381003594,0.01541886381003594
cnv_depth__IBNLCO_01152__Small__CDS,-0.015416472610647623,0.015416472610647623
cnv_depth__IBNLCO_01098__hypothetical__CDS__promoter,-0.015414418057090443,0.015414418057090443
cnv_depth__IBNLCO_02972__Biotin__CDS__promoter,0.015378170975959884,0.015378170975959884
cnv_depth__IBNLCO_00478__IBNLCO_00478__gene,0.015351946912384286,0.015351946912384286
cnv_depth__IBNLCO_05114__hypothetical__CDS,-0.015351690276201308,0.015351690276201308
cnv_depth__IBNLCO_00008__Type__CDS__promoter,0.015330089954406134,0.015330089954406134
cnv_depth__IBNLCO_03827__4Fe-4S__CDS__promoter,-0.015319655708924185,0.015319655708924185
cnv_depth__IBNLCO_00846__UDP-N-acetylenolpyruvoylglucosamine__CDS,-0.015309590681353003,0.015309590681353003
cnv_depth__IBNLCO_02092__GMP__CDS__promoter,0.015295163393876163,0.015295163393876163
cnv_depth__IBNLCO_05220__IBNLCO_05220__gene,-0.015293317307429635,0.015293317307429635
cnv_depth__IBNLCO_01036__Copper__CDS,-0.015289345522626596,0.015289345522626596
cnv_depth__IBNLCO_03924__Inner__CDS,0.015285624676539362,0.015285624676539362
cnv_depth__IBNLCO_05722__IBNLCO_05722__gene,-0.015251928247754282,0.015251928247754282
cnv_depth__IBNLCO_01919__Recombination__CDS,-0.015238222809269682,0.015238222809269682
cnv_depth__IBNLCO_02107__Peptidase__CDS__promoter,-0.015233942714919062,0.015233942714919062
cnv_depth__IBNLCO_02187__IBNLCO_02187__gene__promoter,-0.015218440568101314,0.015218440568101314
cnv_depth__IBNLCO_02543__IBNLCO_02543__gene,-0.015207138366716607,0.015207138366716607
cnv_depth__IBNLCO_04926__IBNLCO_04926__gene__promoter,-0.015207019705260505,0.015207019705260505
cnv_depth__IBNLCO_01578__IBNLCO_01578__gene__promoter,0.015190020876221634,0.015190020876221634
cnv_depth__IBNLCO_00392__IBNLCO_00392__gene__promoter,0.015188261792525479,0.015188261792525479
cnv_depth__IBNLCO_03764__IBNLCO_03764__gene,-0.015183786486883568,0.015183786486883568
cnv_depth__IBNLCO_01107__IBNLCO_01107__gene__promoter,-0.015151972855911812,0.015151972855911812
cnv_depth__IBNLCO_04914__IBNLCO_04914__gene__promoter,0.015150742899995018,0.015150742899995018
cnv_depth__IBNLCO_01732__araC__gene,-0.015144975111145015,0.015144975111145015
cnv_depth__IBNLCO_01104__Ribosomal__CDS__promoter,0.015142582508587616,0.015142582508587616
cnv_depth__IBNLCO_02390__IBNLCO_02390__gene,-0.015132421528361807,0.015132421528361807
cnv_depth__IBNLCO_03464__HTH__CDS__promoter,0.015124000428799418,0.015124000428799418
cnv_depth__IBNLCO_02175__IBNLCO_02175__gene,-0.015119416234655339,0.015119416234655339
cnv_depth__IBNLCO_04915__IBNLCO_04915__gene__promoter,-0.015118901933157385,0.015118901933157385
cnv_depth__IBNLCO_00891__kefA__gene__promoter,-0.015115330287246698,0.015115330287246698
cnv_depth__IBNLCO_02546__gnl|Bakta|IBNLCO_02546__CDS,0.01510312369332586,0.01510312369332586
cnv_depth__IBNLCO_02211__hypothetical__CDS,-0.0150942440123599,0.0150942440123599
cnv_depth__IBNLCO_01303__IBNLCO_01303__gene__promoter,-0.015077612395315874,0.015077612395315874
cnv_depth__IBNLCO_04795__Putative__CDS__promoter,-0.015070679078502269,0.015070679078502269
cnv_depth__IBNLCO_00773__Phosphoglycerate__CDS__promoter,0.015059897218335883,0.015059897218335883
cnv_depth__IBNLCO_00178__mreD__gene,0.01505861380627889,0.01505861380627889
cnv_depth__IBNLCO_01560__ParB-like__CDS__promoter,-0.015014568169656628,0.015014568169656628
cnv_depth__IBNLCO_05214__IBNLCO_05214__gene__promoter,0.015006399028707136,0.015006399028707136
cnv_depth__IBNLCO_01257__Putative__CDS,-0.01498480499496817,0.01498480499496817
cnv_depth__IBNLCO_05756__Fusion__CDS__promoter,0.01495959962016125,0.01495959962016125
cnv_depth__IBNLCO_05158__moxC__gene,-0.014941494536244047,0.014941494536244047
cnv_depth__IBNLCO_00703__IBNLCO_00703__gene,-0.014934595635167606,0.014934595635167606
cnv_depth__IBNLCO_03071__hypothetical__CDS__promoter,0.014925424606240533,0.014925424606240533
cnv_depth__IBNLCO_03959__IBNLCO_03959__gene,0.014916688231053552,0.014916688231053552
cnv_depth__IBNLCO_02232__Polymerase/histidinol__CDS,-0.014913828587273971,0.014913828587273971
cnv_depth__IBNLCO_00496__IBNLCO_00496__gene__promoter,0.014902381686863999,0.014902381686863999
cnv_depth__IBNLCO_01913__putative__CDS,0.014902000657336795,0.014902000657336795
cnv_depth__IBNLCO_01545__IBNLCO_01545__gene__promoter,-0.01487040137442848,0.01487040137442848
cnv_depth__IBNLCO_03214__Large__CDS,0.014841480870670184,0.014841480870670184
cnv_depth__IBNLCO_01547__hypothetical__CDS,0.014794313575780264,0.014794313575780264
cnv_depth__IBNLCO_04725__IBNLCO_04725__gene__promoter,0.014786824619143567,0.014786824619143567
cnv_depth__IBNLCO_00406__vanZ__gene,0.014776412346882997,0.014776412346882997
cnv_depth__IBNLCO_00745__recA__gene__promoter,0.014726276568743394,0.014726276568743394
cnv_depth__IBNLCO_04272__IBNLCO_04272__gene__promoter,-0.014721161867873592,0.014721161867873592
cnv_depth__IBNLCO_04017__IBNLCO_04017__gene__promoter,-0.014720985919080491,0.014720985919080491
cnv_depth__IBNLCO_02992__IBNLCO_02992__gene__promoter,-0.014720754802715409,0.014720754802715409
cnv_depth__IBNLCO_04354__IBNLCO_04354__gene__promoter,-0.014714612462941114,0.014714612462941114
cnv_depth__IBNLCO_04539__heavy__CDS__promoter,0.014706135433033524,0.014706135433033524
cnv_depth__IBNLCO_02846__hypothetical__CDS,0.014698109488252556,0.014698109488252556
cnv_depth__IBNLCO_04589__IBNLCO_04589__gene,0.014687987950996078,0.014687987950996078
cnv_depth__IBNLCO_01909__Nucleoside__CDS__promoter,0.014678601406764259,0.014678601406764259
cnv_depth__IBNLCO_00769__Zinc__CDS__promoter,-0.014672563491189129,0.014672563491189129
cnv_depth__IBNLCO_03023__ftsL__gene,0.014636434463477201,0.014636434463477201
cnv_depth__IBNLCO_00996__IBNLCO_00996__gene__promoter,0.014613597457996588,0.014613597457996588
cnv_depth__IBNLCO_03620__IraD/Gp25-like__CDS__promoter,0.014612223275247,0.014612223275247
cnv_depth__IBNLCO_01698__hypothetical__CDS,-0.014605625472779701,0.014605625472779701
cnv_depth__IBNLCO_05692__AsnC__CDS,0.01459654216410498,0.01459654216410498
cnv_depth__IBNLCO_05368__Protein-glutamate__CDS,0.014572881043059,0.014572881043059
cnv_depth__IBNLCO_02149__tRNA__CDS,0.014572700992918738,0.014572700992918738
cnv_depth__IBNLCO_04846__Sarcosine__CDS__promoter,-0.014549214813396239,0.014549214813396239
cnv_depth__IBNLCO_02182__Cysteine__CDS__promoter,-0.014545781664311466,0.014545781664311466
cnv_depth__IBNLCO_03667__hypothetical__CDS__promoter,0.01454492872469225,0.01454492872469225
cnv_depth__IBNLCO_02408__IBNLCO_02408__gene__promoter,-0.014518496451383334,0.014518496451383334
cnv_depth__IBNLCO_05021__SctV__CDS,-0.01449969478220164,0.01449969478220164
cnv_depth__IBNLCO_00397__IBNLCO_00397__gene,0.01447471341319305,0.01447471341319305
cnv_depth__IBNLCO_03912__DNA__CDS,-0.014453244269775607,0.014453244269775607
cnv_depth__IBNLCO_03992__hypothetical__CDS__promoter,0.014407206443659538,0.014407206443659538
cnv_depth__IBNLCO_05465__IBNLCO_05465__gene__promoter,-0.01440402207770321,0.01440402207770321
cnv_depth__IBNLCO_04213__hypothetical__CDS__promoter,-0.014402769835906716,0.014402769835906716
cnv_depth__IBNLCO_02117__Zinc__CDS__promoter,-0.014387275324012872,0.014387275324012872
cnv_depth__IBNLCO_00731__ATP-grasp__CDS,0.014380328562978406,0.014380328562978406
cnv_depth__IBNLCO_02852__IBNLCO_02852__gene__promoter,-0.014375684515893359,0.014375684515893359
cnv_depth__IBNLCO_05588__IBNLCO_05588__gene,-0.014365840271319258,0.014365840271319258
cnv_depth__IBNLCO_05055__Taurine__CDS__promoter,0.01436170274506258,0.01436170274506258
cnv_depth__IBNLCO_01185__IBNLCO_01185__gene__promoter,-0.014361342613840637,0.014361342613840637
cnv_depth__IBNLCO_00442__IBNLCO_00442__gene__promoter,0.014355435403995864,0.014355435403995864
cnv_depth__IBNLCO_04215__Amino__CDS,-0.014348132983638701,0.014348132983638701
cnv_depth__IBNLCO_00519__IBNLCO_00519__gene__promoter,-0.014337877734406423,0.014337877734406423
cnv_depth__IBNLCO_01156__IBNLCO_01156__gene,0.014304345986751264,0.014304345986751264
cnv_depth__IBNLCO_05559__IBNLCO_05559__gene__promoter,0.014293420185872064,0.014293420185872064
cnv_depth__IBNLCO_02054__IBNLCO_02054__gene,-0.014285620574828801,0.014285620574828801
cnv_depth__IBNLCO_05350__3-oxoacyl-[acyl-carrier__CDS__promoter,-0.01425752451856032,0.01425752451856032
cnv_depth__IBNLCO_00986__Protoporphyrinogen__CDS,-0.014256228310596577,0.014256228310596577
cnv_depth__IBNLCO_05213__IBNLCO_05213__gene__promoter,0.01420709196193774,0.01420709196193774
cnv_depth__IBNLCO_02866__THUMP__CDS__promoter,0.014191335719039634,0.014191335719039634
cnv_depth__IBNLCO_04165__ABC__CDS,-0.014189153520729369,0.014189153520729369
cnv_depth__IBNLCO_03852__IBNLCO_03852__gene__promoter,0.014174647786092807,0.014174647786092807
cnv_depth__IBNLCO_02054__Phenylserine__CDS__promoter,-0.014162061988462676,0.014162061988462676
cnv_depth__IBNLCO_03435__xerC__gene__promoter,-0.014146806212832022,0.014146806212832022
cnv_depth__IBNLCO_05057__bcsG__gene,-0.014135226439568837,0.014135226439568837
cnv_depth__IBNLCO_00628__IBNLCO_00628__gene__promoter,0.014123364584416572,0.014123364584416572
cnv_depth__IBNLCO_04112__M20/M25/M40__CDS,-0.014120082031320836,0.014120082031320836
cnv_depth__IBNLCO_04422__IBNLCO_04422__gene__promoter,-0.014117326165462324,0.014117326165462324
cnv_depth__IBNLCO_01505__IBNLCO_01505__gene__promoter,-0.014079404223189105,0.014079404223189105
cnv_depth__IBNLCO_04729__IBNLCO_04729__gene,-0.014068087628197288,0.014068087628197288
cnv_depth__IBNLCO_01468__FAD-binding__CDS__promoter,-0.0140652140579033,0.0140652140579033
cnv_depth__IBNLCO_02627__IBNLCO_02627__gene,-0.014050612605700208,0.014050612605700208
cnv_depth__IBNLCO_05741__IBNLCO_05741__gene__promoter,0.014041066645048053,0.014041066645048053
cnv_depth__IBNLCO_04831__IBNLCO_04831__gene__promoter,0.014018417591191478,0.014018417591191478
cnv_depth__IBNLCO_00084__IBNLCO_00084__gene,0.014014998859318093,0.014014998859318093
cnv_depth__IBNLCO_03987__Type__CDS__promoter,0.014010675613287797,0.014010675613287797
cnv_depth__IBNLCO_04468__IBNLCO_04468__gene__promoter,-0.013996727057644579,0.013996727057644579
cnv_depth__IBNLCO_03916__IBNLCO_03916__gene__promoter,0.013995640178133392,0.013995640178133392
cnv_depth__IBNLCO_03710__dhaL__gene,-0.013983523133148615,0.013983523133148615
cnv_depth__IBNLCO_03986__IBNLCO_03986__gene,0.013974852978810983,0.013974852978810983
cnv_depth__IBNLCO_05435__TetR-family__CDS__promoter,-0.013972657671103034,0.013972657671103034
cnv_depth__IBNLCO_04495__IBNLCO_04495__gene__promoter,-0.013965815709874534,0.013965815709874534
cnv_depth__IBNLCO_02505__Cytidylate__CDS,-0.013961866520025738,0.013961866520025738
cnv_depth__IBNLCO_02986__IBNLCO_02986__gene__promoter,0.01395786011199094,0.01395786011199094
cnv_depth__IBNLCO_03026__IBNLCO_03026__gene__promoter,0.013944767223573708,0.013944767223573708
cnv_depth__IBNLCO_03727__IBNLCO_03727__gene__promoter,-0.01393500074303746,0.01393500074303746
cnv_depth__IBNLCO_03274__hypothetical__CDS,0.013914613050747296,0.013914613050747296
cnv_depth__IBNLCO_00092__Methylated-DNA--protein-cysteine__CDS__promoter,0.013897504296722369,0.013897504296722369
cnv_depth__IBNLCO_03952__gnl|Bakta|IBNLCO_03952__CDS,-0.013888296068082744,0.013888296068082744
cnv_depth__IBNLCO_02591__IBNLCO_02591__gene__promoter,-0.013882819822812066,0.013882819822812066
cnv_depth__IBNLCO_05034__IBNLCO_05034__gene,-0.013880734850141147,0.013880734850141147
cnv_depth__IBNLCO_04020__IBNLCO_04020__gene,0.013871787025123533,0.013871787025123533
cnv_depth__IBNLCO_04998__two-component__CDS,-0.013871250344514438,0.013871250344514438
cnv_depth__IBNLCO_00110__DNA-binding__CDS,-0.01385823551782776,0.01385823551782776
cnv_depth__IBNLCO_01977__IBNLCO_01977__gene__promoter,-0.013853670652317877,0.013853670652317877
cnv_depth__IBNLCO_05338__Polyketide__CDS,-0.013848018097663225,0.013848018097663225
cnv_depth__IBNLCO_05560__cdiI__gene__promoter,0.01383994317362829,0.01383994317362829
cnv_depth__IBNLCO_02567__Cation:proton__CDS,-0.013834904185080679,0.013834904185080679
cnv_depth__IBNLCO_05800__IBNLCO_05800__gene,0.013823979496457015,0.013823979496457015
cnv_depth__IBNLCO_00465__IBNLCO_00465__gene__promoter,-0.013823928867991123,0.013823928867991123
cnv_depth__IBNLCO_01255__IBNLCO_01255__gene__promoter,-0.013816809478559719,0.013816809478559719
cnv_depth__IBNLCO_00489__IBNLCO_00489__gene__promoter,0.013816624209907577,0.013816624209907577
cnv_depth__IBNLCO_04344__IBNLCO_04344__gene__promoter,-0.013811501093455449,0.013811501093455449
cnv_depth__IBNLCO_03212__IBNLCO_03212__gene__promoter,0.013809713977963383,0.013809713977963383
cnv_depth__IBNLCO_01948__Undecaprenyl-phosphate__CDS__promoter,-0.013788470159713082,0.013788470159713082
cnv_depth__IBNLCO_03852__hypothetical__CDS,0.013787180289484228,0.013787180289484228
cnv_depth__IBNLCO_05749__IBNLCO_05749__gene__promoter,-0.013780089986411738,0.013780089986411738
cnv_depth__IBNLCO_01937__hypothetical__CDS,-0.01376327716988459,0.01376327716988459
cnv_depth__IBNLCO_02523__IBNLCO_02523__gene__promoter,-0.013740880300326903,0.013740880300326903
cnv_depth__IBNLCO_02273__folD__gene__promoter,-0.013732511726152027,0.013732511726152027
cnv_depth__IBNLCO_03790__Amino__CDS__promoter,0.013731556789688211,0.013731556789688211
cnv_depth__IBNLCO_00358__IBNLCO_00358__gene__promoter,0.013719565102530156,0.013719565102530156
cnv_depth__IBNLCO_00649__surA__gene__promoter,0.013718490938166225,0.013718490938166225
cnv_depth__IBNLCO_04102__IBNLCO_04102__gene__promoter,-0.01371019619860102,0.01371019619860102
cnv_depth__IBNLCO_01178__IBNLCO_01178__gene,-0.013705721836486292,0.013705721836486292
cnv_depth__IBNLCO_02196__IBNLCO_02196__gene__promoter,-0.013699053540408773,0.013699053540408773
cnv_depth__IBNLCO_04108__Immunity__CDS,-0.013687328696316364,0.013687328696316364
cnv_depth__IBNLCO_04513__HPP__CDS__promoter,-0.013676831438477774,0.013676831438477774
cnv_depth__IBNLCO_05310__IBNLCO_05310__gene__promoter,0.013665513152287426,0.013665513152287426
cnv_depth__IBNLCO_00250__hypothetical__CDS__promoter,-0.013658063152987076,0.013658063152987076
cnv_depth__IBNLCO_05334__Cysteine-rich__CDS,0.013653153720629446,0.013653153720629446
cnv_depth__IBNLCO_02515__hypothetical__CDS,-0.013652002555940509,0.013652002555940509
cnv_depth__IBNLCO_03274__IBNLCO_03274__gene__promoter,0.013639723568445778,0.013639723568445778
cnv_depth__IBNLCO_04590__DUF2165__CDS__promoter,0.013639253549209399,0.013639253549209399
cnv_depth__IBNLCO_02463__IBNLCO_02463__gene__promoter,-0.01363866690743444,0.01363866690743444
cnv_depth__IBNLCO_02429__yceD__gene__promoter,-0.013638584848565399,0.013638584848565399
cnv_depth__IBNLCO_01024__trnR__gene__promoter,0.013618211706706802,0.013618211706706802
cnv_depth__IBNLCO_02191__TupA-like__CDS,0.013610669787811341,0.013610669787811341
cnv_depth__IBNLCO_02898__IBNLCO_02898__gene,-0.01356630436502738,0.01356630436502738
cnv_depth__IBNLCO_01555__IBNLCO_01555__gene,-0.013566174624749619,0.013566174624749619
cnv_depth__IBNLCO_02290__pncC__gene__promoter,-0.013561931207402693,0.013561931207402693
cnv_depth__IBNLCO_04073__IBNLCO_04073__gene__promoter,0.01356165314472226,0.01356165314472226
cnv_depth__IBNLCO_03630__LysR__CDS,0.013547323757320604,0.013547323757320604
cnv_depth__IBNLCO_00939__Phosphatidylglycerol--prolipoprotein__CDS__promoter,0.013544749449676692,0.013544749449676692
cnv_depth__IBNLCO_05072__DNA-binding__CDS,-0.013537239719083579,0.013537239719083579
cnv_depth__IBNLCO_01359__Glycogen__CDS,-0.013519843593902514,0.013519843593902514
cnv_depth__IBNLCO_03757__IBNLCO_03757__gene__promoter,-0.01349757259248271,0.01349757259248271
cnv_depth__IBNLCO_05316__DUF2384__CDS__promoter,0.013491307162341043,0.013491307162341043
cnv_depth__IBNLCO_00278__flgL__gene__promoter,-0.013488771949465041,0.013488771949465041
cnv_depth__IBNLCO_00456__DUF2970__CDS__promoter,-0.013482671619622619,0.013482671619622619
cnv_depth__IBNLCO_02613__hypothetical__CDS,-0.013476979911510574,0.013476979911510574
cnv_depth__IBNLCO_03213__IBNLCO_03213__gene__promoter,0.013471851606295,0.013471851606295
cnv_depth__IBNLCO_04775__Beta-peptidyl__CDS__promoter,0.013463230867098368,0.013463230867098368
cnv_depth__IBNLCO_04884__hypothetical__CDS,0.013454268550079786,0.013454268550079786
cnv_depth__IBNLCO_00298__IBNLCO_00298__gene,-0.013453948407116079,0.013453948407116079
cnv_depth__IBNLCO_05042__gnl|Bakta|IBNLCO_05042__CDS,-0.01344838516625408,0.01344838516625408
cnv_depth__IBNLCO_05423__IBNLCO_05423__gene__promoter,-0.01344086950941739,0.01344086950941739
cnv_depth__unknown__unknown__regulatory.18,0.013440128133848464,0.013440128133848464
cnv_depth__IBNLCO_02714__araC__gene,-0.013437965011319561,0.013437965011319561
cnv_depth__IBNLCO_03689__IBNLCO_03689__gene,0.013410232841520904,0.013410232841520904
cnv_depth__IBNLCO_01380__Ricin-type__CDS__promoter,-0.013403361339138045,0.013403361339138045
cnv_depth__IBNLCO_02399__IBNLCO_02399__gene__promoter,0.013392045403647697,0.013392045403647697
cnv_depth__IBNLCO_03306__cheR__gene__promoter,0.013382457697553377,0.013382457697553377
cnv_depth__IBNLCO_00179__mreC__gene__promoter,0.013381857537930248,0.013381857537930248
cnv_depth__IBNLCO_01580__IBNLCO_01580__gene,-0.013378132752029526,0.013378132752029526
cnv_depth__IBNLCO_05101__Hypersensitivity__CDS,-0.013371623185078538,0.013371623185078538
cnv_depth__IBNLCO_00060__IBNLCO_00060__gene,-0.01336871350575482,0.01336871350575482
cnv_depth__IBNLCO_01251__IBNLCO_01251__gene__promoter,-0.013350939688616977,0.013350939688616977
cnv_depth__IBNLCO_05726__CBS__CDS,-0.013350486703552567,0.013350486703552567
cnv_depth__IBNLCO_04332__rihB__gene,0.013324594115003167,0.013324594115003167
cnv_depth__IBNLCO_00492__IBNLCO_00492__gene,0.013313756405408963,0.013313756405408963
cnv_depth__IBNLCO_02308__AAA+__CDS,0.013307202665771659,0.013307202665771659
cnv_depth__IBNLCO_03586__IBNLCO_03586__gene__promoter,0.013301082798801548,0.013301082798801548
cnv_depth__IBNLCO_00177__mrdA__gene__promoter,0.013291826512769426,0.013291826512769426
cnv_depth__IBNLCO_05560__cdiI__gene,0.013269336860631859,0.013269336860631859
cnv_depth__IBNLCO_00989__Aldehyde__CDS__promoter,-0.013264697750859644,0.013264697750859644
cnv_depth__IBNLCO_00309__RND__CDS__promoter,0.013231478553222605,0.013231478553222605
cnv_depth__IBNLCO_03843__eamA__gene__promoter,0.013227747235105577,0.013227747235105577
cnv_depth__IBNLCO_04514__LysR__CDS,-0.013226630701960264,0.013226630701960264
cnv_depth__IBNLCO_04953__IBNLCO_04953__gene,-0.013216206090583826,0.013216206090583826
cnv_depth__IBNLCO_03912__IBNLCO_03912__gene__promoter,0.013214461960571725,0.013214461960571725
cnv_depth__IBNLCO_01179__IBNLCO_01179__gene,-0.013203445122699407,0.013203445122699407
cnv_depth__IBNLCO_01417__IBNLCO_01417__gene__promoter,0.013187693280939664,0.013187693280939664
cnv_depth__IBNLCO_01926__IBNLCO_01926__gene__promoter,-0.01318365204000247,0.01318365204000247
cnv_depth__IBNLCO_02450__Protein__CDS,-0.013168715946477505,0.013168715946477505
cnv_depth__IBNLCO_05730__IBNLCO_05730__gene__promoter,0.013162143904923991,0.013162143904923991
cnv_depth__IBNLCO_00076__dnaA__gene,0.013148591170233138,0.013148591170233138
cnv_depth__IBNLCO_03059__IBNLCO_03059__gene,-0.013144234216382916,0.013144234216382916
cnv_depth__IBNLCO_05031__hypothetical__CDS,0.013141145726192197,0.013141145726192197
cnv_depth__IBNLCO_01276__gntR__gene__promoter,-0.013135619361529379,0.013135619361529379
cnv_depth__IBNLCO_00463__ctaB__gene,-0.013130975850061054,0.013130975850061054
cnv_depth__IBNLCO_04531__luxP__gene__promoter,0.013121533877461506,0.013121533877461506
cnv_depth__IBNLCO_05523__IBNLCO_05523__gene,-0.013120995706219728,0.013120995706219728
cnv_depth__IBNLCO_03383__betI__gene__promoter,0.013113075136933348,0.013113075136933348
cnv_depth__IBNLCO_03063__IBNLCO_03063__gene__promoter,0.013112971713276505,0.013112971713276505
cnv_depth__IBNLCO_01040__Major__CDS__promoter,0.013107808617634968,0.013107808617634968
cnv_depth__IBNLCO_05738__SDR__CDS,0.01308662403998738,0.01308662403998738
cnv_depth__IBNLCO_00057__IBNLCO_00057__gene__promoter,-0.013085153268814435,0.013085153268814435
cnv_depth__IBNLCO_05133__rpoS__gene,-0.013083595151511366,0.013083595151511366
cnv_depth__IBNLCO_03304__chemotaxis-specific__CDS__promoter,0.013074585062674348,0.013074585062674348
cnv_depth__IBNLCO_04782__gnl|Bakta|IBNLCO_04782__CDS__promoter,0.013046839583929786,0.013046839583929786
cnv_depth__IBNLCO_01733__Cysteine__CDS__promoter,-0.013046671897995589,0.013046671897995589
cnv_depth__IBNLCO_03370__Ethanolamine__CDS,0.01304248283703353,0.01304248283703353
cnv_depth__IBNLCO_02172__IBNLCO_02172__gene,0.013007279545755151,0.013007279545755151
cnv_depth__IBNLCO_03027__IBNLCO_03027__gene__promoter,0.01299164628620849,0.01299164628620849
cnv_depth__IBNLCO_00435__IBNLCO_00435__gene,0.012991293173625856,0.012991293173625856
cnv_depth__IBNLCO_05658__IBNLCO_05658__gene__promoter,0.012987983879793491,0.012987983879793491
cnv_depth__IBNLCO_03913__DUF2946__CDS__promoter,0.012983395733380998,0.012983395733380998
cnv_depth__IBNLCO_03148__Outer__CDS__promoter,0.012961212803932972,0.012961212803932972
cnv_depth__IBNLCO_00577__IBNLCO_00577__gene,0.012947103913905926,0.012947103913905926
cnv_depth__IBNLCO_04129__Winged__CDS,-0.012936596388959918,0.012936596388959918
cnv_depth__IBNLCO_05394__IBNLCO_05394__gene,0.012911972105579652,0.012911972105579652
cnv_depth__IBNLCO_05195__3-isopropylmalate__CDS,0.012899334431674792,0.012899334431674792
cnv_depth__IBNLCO_05663__IBNLCO_05663__gene,-0.012897667251097525,0.012897667251097525
cnv_depth__IBNLCO_01287__IBNLCO_01287__gene__promoter,-0.012892704495751615,0.012892704495751615
cnv_depth__IBNLCO_01706__Arginine/ornithine__CDS,-0.012891994558151647,0.012891994558151647
cnv_depth__IBNLCO_00607__IBNLCO_00607__gene__promoter,0.01288435571970634,0.01288435571970634
cnv_depth__IBNLCO_02566__Major__CDS__promoter,-0.012870025065460214,0.012870025065460214
cnv_depth__IBNLCO_05798__IBNLCO_05798__gene__promoter,0.01286890239962494,0.01286890239962494
cnv_depth__IBNLCO_04496__pksF__gene,-0.012855686514666067,0.012855686514666067
cnv_depth__IBNLCO_05167__IBNLCO_05167__gene__promoter,0.012854940819178167,0.012854940819178167
cnv_depth__IBNLCO_01906__4-hydroxy-3-methylbut-2-en-1-yl__CDS__promoter,-0.012843376819581857,0.012843376819581857
cnv_depth__IBNLCO_04708__Nitrate__CDS__promoter,0.012839714424737414,0.012839714424737414
cnv_depth__IBNLCO_00062__Bifunctional__CDS,-0.01283544712624226,0.01283544712624226
cnv_depth__IBNLCO_02494__IBNLCO_02494__gene,-0.012834025534691191,0.012834025534691191
cnv_depth__IBNLCO_03642__5-oxoprolinase__CDS__promoter,0.012822690167843884,0.012822690167843884
cnv_depth__IBNLCO_03010__IBNLCO_03010__gene,0.012816052310865947,0.012816052310865947
cnv_depth__IBNLCO_02245__Lipoprotein-releasing__CDS,-0.012813225775062782,0.012813225775062782
cnv_depth__IBNLCO_04704__IBNLCO_04704__gene,-0.012768677740736067,0.012768677740736067
cnv_depth__IBNLCO_02986__IBNLCO_02986__gene,0.012763333844082287,0.012763333844082287
cnv_depth__IBNLCO_05441__IBNLCO_05441__gene__promoter,0.012757923507015958,0.012757923507015958
cnv_depth__IBNLCO_02276__trnfM__gene__promoter,0.01274098639116713,0.01274098639116713
cnv_depth__IBNLCO_02646__Lipopolysaccharide__CDS,-0.01272606337903425,0.01272606337903425
cnv_depth__IBNLCO_03668__IBNLCO_03668__gene__promoter,0.01269724084372448,0.01269724084372448
cnv_depth__IBNLCO_04104__IBNLCO_04104__gene__promoter,-0.0126963680431779,0.0126963680431779
cnv_depth__IBNLCO_00009__Type__CDS__promoter,0.012695435915471414,0.012695435915471414
cnv_depth__IBNLCO_04606__IBNLCO_04606__gene,-0.01269501376081477,0.01269501376081477
cnv_depth__IBNLCO_00517__IBNLCO_00517__gene__promoter,0.012685102797493292,0.012685102797493292
cnv_depth__unknown__unknown__regulatory.5,-0.012682421758002526,0.012682421758002526
cnv_depth__IBNLCO_04246__hypothetical__CDS,-0.012669573063005648,0.012669573063005648
cnv_depth__IBNLCO_00482__IBNLCO_00482__gene__promoter,0.01266688295389875,0.01266688295389875
cnv_depth__IBNLCO_04128__IBNLCO_04128__gene__promoter,0.012656744193487718,0.012656744193487718
cnv_depth__IBNLCO_01701__IBNLCO_01701__gene__promoter,-0.012656483408681168,0.012656483408681168
cnv_depth__IBNLCO_05100__IBNLCO_05100__gene__promoter,-0.012637742174203015,0.012637742174203015
cnv_depth__IBNLCO_03062__IBNLCO_03062__gene__promoter,-0.012629482532829047,0.012629482532829047
cnv_depth__IBNLCO_00876__IBNLCO_00876__gene__promoter,0.012611532265184943,0.012611532265184943
cnv_depth__IBNLCO_00920__IBNLCO_00920__gene,0.012598021845463393,0.012598021845463393
cnv_depth__IBNLCO_03374__Small-conductance__CDS__promoter,0.012593023824391338,0.012593023824391338
cnv_depth__IBNLCO_00529__Formamidopyrimidine-DNA__CDS__promoter,0.012583692657146848,0.012583692657146848
cnv_depth__IBNLCO_00055__Glucose-methanol-choline__CDS__promoter,-0.012577305403116192,0.012577305403116192
cnv_depth__IBNLCO_03264__IBNLCO_03264__gene__promoter,0.012570577687734487,0.012570577687734487
cnv_depth__IBNLCO_02676__IBNLCO_02676__gene__promoter,0.012554200763138824,0.012554200763138824
cnv_depth__IBNLCO_03996__Multidrug__CDS__promoter,0.012549519120402516,0.012549519120402516
cnv_depth__IBNLCO_02493__IBNLCO_02493__gene,-0.012541039884219752,0.012541039884219752
cnv_depth__IBNLCO_01871__AsmA__CDS__promoter,-0.012535306310046668,0.012535306310046668
cnv_depth__IBNLCO_01220__ncS54__gene__promoter,0.012533263819030766,0.012533263819030766
cnv_depth__IBNLCO_02865__hypothetical__CDS,0.012495993126960326,0.012495993126960326
cnv_depth__IBNLCO_02772__capsular__CDS__promoter,-0.01248012524081416,0.01248012524081416
cnv_depth__IBNLCO_04226__PucR__CDS,-0.012453774484825764,0.012453774484825764
cnv_depth__IBNLCO_03305__chemoreceptor__CDS,0.012448376460385407,0.012448376460385407
cnv_depth__IBNLCO_00796__IBNLCO_00796__gene__promoter,0.012445571838451712,0.012445571838451712
cnv_depth__IBNLCO_02254__IBNLCO_02254__gene,-0.012434911771545737,0.012434911771545737
cnv_depth__IBNLCO_05676__IBNLCO_05676__gene,-0.012426538214657546,0.012426538214657546
cnv_depth__IBNLCO_04206__Beta-alanine--pyruvate__CDS__promoter,0.01241670670341619,0.01241670670341619
cnv_depth__IBNLCO_02735__IBNLCO_02735__gene__promoter,-0.012389496853761348,0.012389496853761348
cnv_depth__IBNLCO_04643__Linear__CDS,-0.012386664691368121,0.012386664691368121
cnv_depth__IBNLCO_02296__IBNLCO_02296__gene__promoter,0.012382493368195566,0.012382493368195566
cnv_depth__IBNLCO_04964__IBNLCO_04964__gene,-0.01237755551530949,0.01237755551530949
cnv_depth__IBNLCO_01266__asnC__gene__promoter,0.012376388264671153,0.012376388264671153
cnv_depth__IBNLCO_01559__gnl|Bakta|IBNLCO_01559__CDS,-0.012370308455880082,0.012370308455880082
cnv_depth__IBNLCO_03803__2-aminoethylphosphonate--pyruvate__CDS__promoter,-0.012355030504750748,0.012355030504750748
cnv_depth__IBNLCO_04797__1-aminocyclopropane-1-carboxylate__CDS__promoter,0.012351369041080616,0.012351369041080616
cnv_depth__IBNLCO_00786__Carboxypeptidase__CDS__promoter,0.012345231533847822,0.012345231533847822
cnv_depth__IBNLCO_00518__rsmD__gene__promoter,0.012343704032338112,0.012343704032338112
cnv_depth__IBNLCO_04859__IBNLCO_04859__gene__promoter,-0.012341677522324243,0.012341677522324243
cnv_depth__IBNLCO_05201__Pyruvate__CDS,-0.012323008566672839,0.012323008566672839
cnv_depth__IBNLCO_02120__Isoprenyl__CDS,-0.012318099344710563,0.012318099344710563
cnv_depth__IBNLCO_02331__Alkane__CDS__promoter,0.012317864091536315,0.012317864091536315
cnv_depth__IBNLCO_04145__IBNLCO_04145__gene,-0.01231325060157354,0.01231325060157354
cnv_depth__IBNLCO_04599__Formylmethanofuran__CDS__promoter,-0.012303466958186966,0.012303466958186966
cnv_depth__IBNLCO_04594__2%2C4-dienoyl-CoA__CDS,-0.012299895824911198,0.012299895824911198
cnv_depth__IBNLCO_01966__Nitrous-oxide__CDS__promoter,0.01228659450158797,0.01228659450158797
cnv_depth__IBNLCO_03247__IBNLCO_03247__gene,0.012279253689538213,0.012279253689538213
cnv_depth__IBNLCO_02503__IBNLCO_02503__gene__promoter,0.012266020004324885,0.012266020004324885
cnv_depth__IBNLCO_02849__IBNLCO_02849__gene,-0.012259847307770388,0.012259847307770388
cnv_depth__IBNLCO_03179__Protein-methionine-sulfoxide__CDS__promoter,0.0122446639132667,0.0122446639132667
cnv_depth__IBNLCO_04908__IBNLCO_04908__gene__promoter,0.012240328092986344,0.012240328092986344
cnv_depth__IBNLCO_00801__Hemin__CDS,-0.012232201583694905,0.012232201583694905
cnv_depth__IBNLCO_00854__IBNLCO_00854__gene__promoter,0.012230586792099468,0.012230586792099468
cnv_depth__IBNLCO_05642__Succinyl-CoA--L-malate__CDS__promoter,0.012210880057557875,0.012210880057557875
cnv_depth__IBNLCO_01407__IBNLCO_01407__gene,0.012178760090864472,0.012178760090864472
cnv_depth__IBNLCO_00010__Type__CDS__promoter,0.012178451116964589,0.012178451116964589
cnv_depth__IBNLCO_00551__IBNLCO_00551__gene,0.01216466415315035,0.01216466415315035
cnv_depth__IBNLCO_04299__Taurine__CDS,-0.012136872970271982,0.012136872970271982
cnv_depth__IBNLCO_04740__hypothetical__CDS,-0.012131751341959325,0.012131751341959325
cnv_depth__IBNLCO_05520__Inner__CDS__promoter,-0.012111488985848157,0.012111488985848157
cnv_depth__IBNLCO_04052__Fe(3+)-pyochelin__CDS__promoter,-0.012108691781882763,0.012108691781882763
cnv_depth__IBNLCO_03336__phospholipase__CDS__promoter,0.012099094206227328,0.012099094206227328
cnv_depth__IBNLCO_01352__SAM-dependent__CDS,-0.012084897078847185,0.012084897078847185
cnv_depth__IBNLCO_05066__hipB__gene__promoter,0.012080539375534702,0.012080539375534702
cnv_depth__IBNLCO_05331__mannose-1-phosphate__CDS__promoter,0.012072668786453501,0.012072668786453501
cnv_depth__IBNLCO_03728__IBNLCO_03728__gene__promoter,0.012059254308965473,0.012059254308965473
cnv_depth__IBNLCO_02260__gnl|Bakta|IBNLCO_02260__CDS,-0.012057505867881256,0.012057505867881256
cnv_depth__IBNLCO_03387__putA__gene__promoter,0.012056383574512552,0.012056383574512552
cnv_depth__IBNLCO_04537__IBNLCO_04537__gene__promoter,-0.012050754608283643,0.012050754608283643
cnv_depth__IBNLCO_01295__IBNLCO_01295__gene__promoter,-0.012041947012722274,0.012041947012722274
cnv_depth__IBNLCO_05210__IBNLCO_05210__gene__promoter,0.012026420210524096,0.012026420210524096
cnv_depth__IBNLCO_01327__IBNLCO_01327__gene__promoter,-0.012022759985698099,0.012022759985698099
cnv_depth__IBNLCO_02031__IBNLCO_02031__gene__promoter,-0.012018185693350902,0.012018185693350902
cnv_depth__IBNLCO_01198__IBNLCO_01198__gene__promoter,0.01200792535909239,0.01200792535909239
cnv_depth__IBNLCO_02597__DUF3088__CDS,-0.012004300143457112,0.012004300143457112
cnv_depth__IBNLCO_04696__ugpC__gene__promoter,0.011995447577134622,0.011995447577134622
cnv_depth__IBNLCO_01301__IBNLCO_01301__gene__promoter,-0.01197956290943127,0.01197956290943127
cnv_depth__IBNLCO_01480__hypothetical__CDS__promoter,0.011971226445608782,0.011971226445608782
cnv_depth__IBNLCO_01153__IBNLCO_01153__gene__promoter,-0.011970902057939456,0.011970902057939456
cnv_depth__IBNLCO_04179__IBNLCO_04179__gene__promoter,0.011969091918763464,0.011969091918763464
cnv_depth__IBNLCO_02734__IBNLCO_02734__gene,0.011968743152187919,0.011968743152187919
cnv_depth__IBNLCO_02980__Ribonucleoside-diphosphate__CDS__promoter,0.011959625774783095,0.011959625774783095
cnv_depth__IBNLCO_04387__IBNLCO_04387__gene__promoter,0.01195743835074544,0.01195743835074544
cnv_depth__IBNLCO_00990__IBNLCO_00990__gene__promoter,-0.011956263871162744,0.011956263871162744
cnv_depth__IBNLCO_00551__hypothetical__CDS__promoter,-0.011947440974628146,0.011947440974628146
cnv_depth__IBNLCO_05092__N-acetyltransferase__CDS,-0.011946857422794827,0.011946857422794827
cnv_depth__IBNLCO_03202__IBNLCO_03202__gene__promoter,0.011946494040089935,0.011946494040089935
cnv_depth__IBNLCO_00901__IBNLCO_00901__gene,-0.0119463653581549,0.0119463653581549
cnv_depth__IBNLCO_03503__histidine__CDS,-0.011942588281708919,0.011942588281708919
cnv_depth__IBNLCO_02108__IBNLCO_02108__gene,-0.011938475333270904,0.011938475333270904
cnv_depth__IBNLCO_03245__paaD__gene,0.011935059971647155,0.011935059971647155
cnv_depth__IBNLCO_04972__IBNLCO_04972__gene,-0.011926387988369792,0.011926387988369792
cnv_depth__IBNLCO_00509__IBNLCO_00509__gene__promoter,0.011914737676535675,0.011914737676535675
cnv_depth__IBNLCO_02366__IBNLCO_02366__gene__promoter,-0.01190220621194761,0.01190220621194761
cnv_depth__IBNLCO_03155__IBNLCO_03155__gene,-0.011900561149734855,0.011900561149734855
cnv_depth__IBNLCO_04527__Ferrichrome__CDS,0.011898368659882178,0.011898368659882178
cnv_depth__IBNLCO_01111__mabA__gene__promoter,-0.011895786536250423,0.011895786536250423
cnv_depth__IBNLCO_03699__ABC__CDS__promoter,-0.011895587397820925,0.011895587397820925
cnv_depth__IBNLCO_00768__lipopolysaccharide__CDS__promoter,0.011889813687223912,0.011889813687223912
cnv_depth__IBNLCO_00359__Sodium%2C__CDS__promoter,0.011888034950118143,0.011888034950118143
cnv_depth__IBNLCO_01098__IBNLCO_01098__gene,-0.011882318085555182,0.011882318085555182
cnv_depth__IBNLCO_00363__IBNLCO_00363__gene,-0.011870804166007533,0.011870804166007533
cnv_depth__IBNLCO_02512__Ubiquinone__CDS,0.011869108813973512,0.011869108813973512
cnv_depth__IBNLCO_05705__IBNLCO_05705__gene,0.011852578830771267,0.011852578830771267
cnv_depth__IBNLCO_02834__phnL__gene,-0.011851859080578018,0.011851859080578018
cnv_depth__IBNLCO_05692__asnC__gene__promoter,0.011851387154035647,0.011851387154035647
cnv_depth__IBNLCO_03609__LysR__CDS__promoter,0.011842170290080726,0.011842170290080726
cnv_depth__IBNLCO_04825__IBNLCO_04825__gene__promoter,0.011830034335314533,0.011830034335314533
cnv_depth__IBNLCO_03718__IBNLCO_03718__gene,0.01182815234330937,0.01182815234330937
cnv_depth__IBNLCO_01353__Transcriptional__CDS,-0.011827887263986127,0.011827887263986127
cnv_depth__IBNLCO_03487__IBNLCO_03487__gene,0.011827851992130309,0.011827851992130309
cnv_depth__IBNLCO_01505__gnl|Bakta|IBNLCO_01505__CDS,-0.011819639994999643,0.011819639994999643
cnv_depth__IBNLCO_04397__IBNLCO_04397__gene,-0.011819064982081002,0.011819064982081002
cnv_depth__IBNLCO_03901__Amidohydrolase__CDS__promoter,0.011812595226980596,0.011812595226980596
cnv_depth__IBNLCO_04726__IBNLCO_04726__gene__promoter,0.011811233423259215,0.011811233423259215
cnv_depth__IBNLCO_04395__IBNLCO_04395__gene__promoter,-0.011807374805636666,0.011807374805636666
cnv_depth__IBNLCO_03318__IBNLCO_03318__gene__promoter,0.01180377400585627,0.01180377400585627
cnv_depth__IBNLCO_04691__IBNLCO_04691__gene__promoter,0.011794239725678722,0.011794239725678722
cnv_depth__IBNLCO_05375__MaoC-like__CDS__promoter,-0.011792223115729084,0.011792223115729084
cnv_depth__IBNLCO_03056__hypothetical__CDS__promoter,-0.011790931812693878,0.011790931812693878
cnv_depth__IBNLCO_00541__3-deoxy-D-manno-octulosonate__CDS,0.011789894858971339,0.011789894858971339
cnv_depth__IBNLCO_00094__Glutamate--cysteine__CDS__promoter,-0.011771035677549108,0.011771035677549108
cnv_depth__IBNLCO_02589__IBNLCO_02589__gene__promoter,-0.01176567139502823,0.01176567139502823
cnv_depth__IBNLCO_01235__hypothetical__CDS,0.011764058444050644,0.011764058444050644
cnv_depth__IBNLCO_01981__IBNLCO_01981__gene__promoter,-0.01176160440440386,0.01176160440440386
cnv_depth__IBNLCO_02243__DNA__CDS,0.011759777499942007,0.011759777499942007
cnv_depth__IBNLCO_02062__Dodecin__CDS,-0.011755954625713499,0.011755954625713499
cnv_depth__IBNLCO_00304__lemA__gene,-0.011735110982673705,0.011735110982673705
cnv_depth__IBNLCO_02987__IBNLCO_02987__gene__promoter,0.011731575947620573,0.011731575947620573
cnv_depth__IBNLCO_02330__Deoxyribodipyrimidine__CDS__promoter,-0.011730867007116626,0.011730867007116626
cnv_depth__IBNLCO_00708__IBNLCO_00708__gene__promoter,0.01172363345282385,0.01172363345282385
cnv_depth__IBNLCO_04752__Lipid__CDS__promoter,-0.01172234853975811,0.01172234853975811
cnv_depth__IBNLCO_03595__IBNLCO_03595__gene__promoter,-0.01171367125353312,0.01171367125353312
cnv_depth__IBNLCO_05587__IraD/Gp25-like__CDS__promoter,-0.011709092165530592,0.011709092165530592
cnv_depth__IBNLCO_00257__IBNLCO_00257__gene,-0.011706948193640489,0.011706948193640489
cnv_depth__IBNLCO_04807__IBNLCO_04807__gene,-0.01168911954889662,0.01168911954889662
cnv_depth__IBNLCO_01368__Two__CDS__promoter,0.011662524249744906,0.011662524249744906
cnv_depth__IBNLCO_00570__IBNLCO_00570__gene,0.011659873814770174,0.011659873814770174
cnv_depth__IBNLCO_05174__NHL__CDS,-0.011653683185529395,0.011653683185529395
cnv_depth__IBNLCO_04143__IBNLCO_04143__gene,-0.011650259468438463,0.011650259468438463
cnv_depth__IBNLCO_00464__IBNLCO_00464__gene,-0.01164218285919509,0.01164218285919509
cnv_depth__IBNLCO_02882__ruvC__gene,-0.011636373567394375,0.011636373567394375
cnv_depth__IBNLCO_01374__OmpA-like__CDS__promoter,-0.011622182145972201,0.011622182145972201
cnv_depth__IBNLCO_01538__Pilus__CDS,-0.011614481167357898,0.011614481167357898
cnv_depth__IBNLCO_04524__Lipoprotein__CDS,-0.011608432333752023,0.011608432333752023
cnv_depth__IBNLCO_02207__IBNLCO_02207__gene__promoter,-0.011593935974465423,0.011593935974465423
cnv_depth__IBNLCO_03436__IBNLCO_03436__gene__promoter,0.011588422992837672,0.011588422992837672
cnv_depth__IBNLCO_03073__IBNLCO_03073__gene,0.011583040150460059,0.011583040150460059
cnv_depth__IBNLCO_02279__Nitrate__CDS__promoter,-0.011569899442876891,0.011569899442876891
cnv_depth__IBNLCO_02004__IBNLCO_02004__gene,0.011568741436895739,0.011568741436895739
cnv_depth__IBNLCO_04318__IBNLCO_04318__gene__promoter,-0.011564842268345733,0.011564842268345733
cnv_depth__IBNLCO_05202__DUF1479__CDS,-0.011563178960944614,0.011563178960944614
cnv_depth__IBNLCO_05727__PRC-barrel__CDS__promoter,0.011552364923618712,0.011552364923618712
cnv_depth__IBNLCO_00090__Betaproteobacteria_toxic_sRNA__gene__promoter,0.011550285279458405,0.011550285279458405
cnv_depth__IBNLCO_03389__IBNLCO_03389__gene,0.011549995621867926,0.011549995621867926
cnv_depth__IBNLCO_00276__ycgR__gene,-0.011539301206209301,0.011539301206209301
cnv_depth__IBNLCO_03441__IBNLCO_03441__gene__promoter,0.011537809583874443,0.011537809583874443
cnv_depth__IBNLCO_02593__IBNLCO_02593__gene__promoter,-0.011537319674124642,0.011537319674124642
cnv_depth__IBNLCO_02202__IBNLCO_02202__gene,-0.011537011415130773,0.011537011415130773
cnv_depth__IBNLCO_00905__IBNLCO_00905__gene,0.01151793672593258,0.01151793672593258
cnv_depth__IBNLCO_03931__HTH__CDS,0.011509063176556613,0.011509063176556613
cnv_depth__IBNLCO_04432__Voltage-gated__CDS__promoter,-0.011501628909542807,0.011501628909542807
cnv_depth__IBNLCO_00914__copC__gene,-0.011474217706178088,0.011474217706178088
cnv_depth__IBNLCO_01577__Leucyl/phenylalanyl-tRNA--protein__CDS__promoter,0.011469043721723825,0.011469043721723825
cnv_depth__IBNLCO_01508__IBNLCO_01508__gene__promoter,-0.011467523423185804,0.011467523423185804
cnv_depth__IBNLCO_04796__IBNLCO_04796__gene,-0.011467145549257388,0.011467145549257388
cnv_depth__IBNLCO_04029__Alpha/beta__CDS,-0.011453993630181444,0.011453993630181444
cnv_depth__IBNLCO_02061__2-hydroxy-3-oxopropionate__CDS__promoter,-0.011448297780572075,0.011448297780572075
cnv_depth__IBNLCO_04882__Secretion__CDS__promoter,0.011446884756366826,0.011446884756366826
cnv_depth__IBNLCO_04003__HTH-type__CDS__promoter,-0.011435904513060003,0.011435904513060003
cnv_depth__IBNLCO_04855__hypothetical__CDS__promoter,-0.011434678541811391,0.011434678541811391
cnv_depth__IBNLCO_04764__3-deoxy-7-phosphoheptulonate__CDS,0.011429568432657335,0.011429568432657335
cnv_depth__IBNLCO_01501__Transcriptional__CDS,-0.011422422531526645,0.011422422531526645
cnv_depth__IBNLCO_04594__IBNLCO_04594__gene__promoter,-0.01142158318913085,0.01142158318913085
cnv_depth__IBNLCO_00212__IBNLCO_00212__gene__promoter,-0.011419881331258598,0.011419881331258598
cnv_depth__IBNLCO_02511__IBNLCO_02511__gene__promoter,0.011406889773862817,0.011406889773862817
cnv_depth__IBNLCO_04405__Indoleacetamide__CDS,0.011403100679951284,0.011403100679951284
cnv_depth__IBNLCO_00548__IBNLCO_00548__gene,-0.0113943464004151,0.0113943464004151
cnv_depth__IBNLCO_00957__Oxidoreductase__CDS__promoter,0.011388001602483502,0.011388001602483502
cnv_depth__IBNLCO_00278__flgL__gene,-0.01138660381071538,0.01138660381071538
cnv_depth__IBNLCO_02708__IBNLCO_02708__gene,-0.011381018807585358,0.011381018807585358
cnv_depth__IBNLCO_03486__N-6__CDS__promoter,0.011377797745281812,0.011377797745281812
cnv_depth__IBNLCO_04293__IBNLCO_04293__gene__promoter,0.011376569993847148,0.011376569993847148
cnv_depth__IBNLCO_04680__IBNLCO_04680__gene,0.011375685317691113,0.011375685317691113
cnv_depth__IBNLCO_00483__IBNLCO_00483__gene,0.011373616659726445,0.011373616659726445
cnv_depth__IBNLCO_04800__IBNLCO_04800__gene,0.011362027424146413,0.011362027424146413
cnv_depth__IBNLCO_02854__secD__gene,0.011361715311239555,0.011361715311239555
cnv_depth__IBNLCO_04550__IBNLCO_04550__gene__promoter,-0.011357253621257073,0.011357253621257073
cnv_depth__IBNLCO_02607__gnl|Bakta|IBNLCO_02607__CDS,-0.01135308965830665,0.01135308965830665
cnv_depth__IBNLCO_02245__Lipoprotein-releasing__CDS__promoter,-0.011349563896406517,0.011349563896406517
cnv_depth__IBNLCO_05309__Carrier__CDS,-0.011335362149588139,0.011335362149588139
cnv_depth__IBNLCO_04880__Type__CDS__promoter,-0.011332695771419347,0.011332695771419347
cnv_depth__IBNLCO_00778__N5-carboxyaminoimidazole__CDS,-0.011332120067880593,0.011332120067880593
cnv_depth__IBNLCO_01695__IBNLCO_01695__gene,-0.01133172398046008,0.01133172398046008
cnv_depth__IBNLCO_00795__gnl|Bakta|IBNLCO_00795__CDS__promoter,0.011321724488476076,0.011321724488476076
cnv_depth__IBNLCO_02670__gnl|Bakta|IBNLCO_02670__CDS,-0.011306272394515456,0.011306272394515456
cnv_depth__IBNLCO_04896__HTH__CDS,-0.01130615082941279,0.01130615082941279
cnv_depth__IBNLCO_00793__efflux__CDS,-0.011301277964894127,0.011301277964894127
cnv_depth__IBNLCO_01366__IBNLCO_01366__gene__promoter,-0.011296858283058467,0.011296858283058467
cnv_depth__IBNLCO_02030__IBNLCO_02030__gene,-0.01129375743034472,0.01129375743034472
cnv_depth__IBNLCO_04735__Phosphopantetheine__CDS__promoter,0.011279361383871096,0.011279361383871096
cnv_depth__IBNLCO_05780__IBNLCO_05780__gene,0.011276016258266805,0.011276016258266805
cnv_depth__IBNLCO_00988__NAD(P)-dependent__CDS,-0.011275976006886413,0.011275976006886413
cnv_depth__IBNLCO_04167__tctD__gene,-0.011274107714659897,0.011274107714659897
cnv_depth__IBNLCO_03433__IBNLCO_03433__gene__promoter,-0.011270943843779734,0.011270943843779734
cnv_depth__IBNLCO_02307__IBNLCO_02307__gene,0.011269278648173163,0.011269278648173163
cnv_depth__IBNLCO_04099__IBNLCO_04099__gene__promoter,0.011262487995139755,0.011262487995139755
cnv_depth__IBNLCO_04550__IBNLCO_04550__gene,-0.011260811911342304,0.011260811911342304
cnv_depth__IBNLCO_02246__Cell__CDS__promoter,0.011260733169346167,0.011260733169346167
cnv_depth__IBNLCO_05628__IBNLCO_05628__gene__promoter,-0.011259985389320128,0.011259985389320128
cnv_depth__IBNLCO_00362__IBNLCO_00362__gene__promoter,-0.01124958505021208,0.01124958505021208
cnv_depth__IBNLCO_01656__Putative__CDS,-0.011242731233825,0.011242731233825
cnv_depth__IBNLCO_04612__PABS__CDS,-0.011236089858447164,0.011236089858447164
cnv_depth__IBNLCO_00759__IS3__CDS__promoter,-0.011235391471337496,0.011235391471337496
cnv_depth__IBNLCO_05342__gnl|Bakta|IBNLCO_05342__CDS,0.011217116335344033,0.011217116335344033
cnv_depth__IBNLCO_00576__IBNLCO_00576__gene__promoter,0.011212825517607291,0.011212825517607291
cnv_depth__IBNLCO_02523__IBNLCO_02523__gene,-0.011210511935479619,0.011210511935479619
cnv_depth__IBNLCO_02584__Smr__CDS__promoter,-0.011209141663970678,0.011209141663970678
cnv_depth__IBNLCO_03692__Heme__CDS,0.011207881007166156,0.011207881007166156
cnv_depth__IBNLCO_02136__IBNLCO_02136__gene,-0.011200625956999907,0.011200625956999907
cnv_depth__IBNLCO_01055__hypothetical__CDS__promoter,-0.011193038644580341,0.011193038644580341
cnv_depth__IBNLCO_01918__Bile__CDS__promoter,-0.01118264780688125,0.01118264780688125
cnv_depth__IBNLCO_03804__2-aminoethylphosphonate__CDS__promoter,-0.011174029262279676,0.011174029262279676
cnv_depth__IBNLCO_03480__IBNLCO_03480__gene,-0.011156830373385907,0.011156830373385907
cnv_depth__IBNLCO_00340__IBNLCO_00340__gene,-0.01114924904447649,0.01114924904447649
cnv_depth__IBNLCO_01521__IBNLCO_01521__gene,0.01113604719904399,0.01113604719904399
cnv_depth__IBNLCO_05211__IBNLCO_05211__gene__promoter,0.011135174628359326,0.011135174628359326
cnv_depth__IBNLCO_02971__IBNLCO_02971__gene__promoter,0.011134506982135476,0.011134506982135476
cnv_depth__IBNLCO_04087__IBNLCO_04087__gene__promoter,0.011128696523715571,0.011128696523715571
cnv_depth__IBNLCO_04287__histidine__CDS,-0.011124804619866969,0.011124804619866969
cnv_depth__IBNLCO_01310__Transcription__CDS,-0.0111236588697953,0.0111236588697953
cnv_depth__IBNLCO_05436__Outer__CDS__promoter,-0.011120154715591054,0.011120154715591054
cnv_depth__IBNLCO_02347__IBNLCO_02347__gene,-0.011109184895568848,0.011109184895568848
cnv_depth__IBNLCO_02008__IBNLCO_02008__gene__promoter,0.01110391165203012,0.01110391165203012
cnv_depth__IBNLCO_04179__IBNLCO_04179__gene,-0.01109989861905605,0.01109989861905605
cnv_depth__IBNLCO_04135__Membrane__CDS,-0.011089640280705866,0.011089640280705866
cnv_depth__IBNLCO_03859__IBNLCO_03859__gene__promoter,0.011085057363521625,0.011085057363521625
cnv_depth__IBNLCO_04464__YiaAB__CDS,-0.011078828249993301,0.011078828249993301
cnv_depth__IBNLCO_05074__hypothetical__CDS__promoter,-0.01107874879584035,0.01107874879584035
cnv_depth__IBNLCO_04767__diguanylate__CDS__promoter,-0.01107329862097457,0.01107329862097457
cnv_depth__IBNLCO_01896__IBNLCO_01896__gene__promoter,-0.01105754267209256,0.01105754267209256
cnv_depth__IBNLCO_04616__peptidylprolyl__CDS__promoter,-0.01105554210897221,0.01105554210897221
cnv_depth__IBNLCO_04960__eamA__gene,-0.011051506236021929,0.011051506236021929
cnv_depth__IBNLCO_02069__putative__CDS__promoter,-0.011047601823831929,0.011047601823831929
cnv_depth__IBNLCO_04787__IBNLCO_04787__gene,0.011031065953588434,0.011031065953588434
cnv_depth__IBNLCO_05240__Purine__CDS,-0.011017292546067647,0.011017292546067647
cnv_depth__IBNLCO_04705__Nitrate/nitrite__CDS__promoter,-0.01101669673424532,0.01101669673424532
cnv_depth__IBNLCO_02671__Aspartate__CDS__promoter,-0.011015388099779087,0.011015388099779087
cnv_depth__IBNLCO_03900__XapX__CDS,0.011014437960806193,0.011014437960806193
cnv_depth__IBNLCO_01673__phosphoribosylglycinamide__CDS,-0.01101269731082381,0.01101269731082381
cnv_depth__IBNLCO_00423__IBNLCO_00423__gene__promoter,0.011003669742974221,0.011003669742974221
cnv_depth__IBNLCO_00839__Epoxyqueuosine__CDS__promoter,-0.010998637073526012,0.010998637073526012
cnv_depth__IBNLCO_00465__Methyl-accepting__CDS,-0.010987240351244404,0.010987240351244404
cnv_depth__IBNLCO_05611__IBNLCO_05611__gene__promoter,-0.01098657126641711,0.01098657126641711
cnv_depth__IBNLCO_03283__fieF__gene__promoter,0.010982804630208726,0.010982804630208726
cnv_depth__IBNLCO_00310__cusA__gene,-0.010981449758861669,0.010981449758861669
cnv_depth__IBNLCO_00064__IBNLCO_00064__gene,-0.010978276035485868,0.010978276035485868
cnv_depth__IBNLCO_04799__IBNLCO_04799__gene,-0.010974712671199588,0.010974712671199588
cnv_depth__IBNLCO_02282__IBNLCO_02282__gene,0.010966392531950182,0.010966392531950182
cnv_depth__IBNLCO_04568__IBNLCO_04568__gene__promoter,-0.010956423170020468,0.010956423170020468
cnv_depth__IBNLCO_01027__hlyU__gene,0.010953647234570308,0.010953647234570308
cnv_depth__IBNLCO_00355__Peptidase__CDS,-0.010949622162977278,0.010949622162977278
cnv_depth__IBNLCO_05793__IBNLCO_05793__gene__promoter,0.010945654848537302,0.010945654848537302
cnv_depth__IBNLCO_04490__hypothetical__CDS,-0.01093839878378843,0.01093839878378843
cnv_depth__IBNLCO_02393__Thioredoxin__CDS__promoter,0.01092218725819318,0.01092218725819318
cnv_depth__IBNLCO_00742__nanT__gene__promoter,0.010919379566110844,0.010919379566110844
cnv_depth__IBNLCO_01983__Phosphinothricin__CDS__promoter,-0.010912967897018861,0.010912967897018861
cnv_depth__IBNLCO_05221__IBNLCO_05221__gene,-0.0109062083419062,0.0109062083419062
cnv_depth__unknown__unknown__regulatory.13,0.010901564399653741,0.010901564399653741
cnv_depth__IBNLCO_00119__hypothetical__CDS__promoter,0.010889247998611786,0.010889247998611786
cnv_depth__IBNLCO_04164__gnl|Bakta|IBNLCO_04164__CDS__promoter,-0.010880441150158873,0.010880441150158873
cnv_depth__unknown__unknown__regulatory.12,0.010876159799514683,0.010876159799514683
cnv_depth__IBNLCO_04881__hypothetical__CDS__promoter,0.010873286276071046,0.010873286276071046
cnv_depth__IBNLCO_04643__Linear__CDS__promoter,-0.010855238921664815,0.010855238921664815
cnv_depth__IBNLCO_02423__Acyl__CDS__promoter,-0.010854118164470666,0.010854118164470666
cnv_depth__IBNLCO_04306__hypothetical__CDS__promoter,0.010851269039259993,0.010851269039259993
cnv_depth__IBNLCO_02437__GTP__CDS,-0.010850815107287085,0.010850815107287085
cnv_depth__IBNLCO_03991__Type__CDS__promoter,-0.010849151488609921,0.010849151488609921
cnv_depth__IBNLCO_04479__Lipid__CDS,-0.01084790528585141,0.01084790528585141
cnv_depth__IBNLCO_01926__IBNLCO_01926__gene,0.010844697851582371,0.010844697851582371
cnv_depth__IBNLCO_04537__IBNLCO_04537__gene,-0.010831798069389024,0.010831798069389024
cnv_depth__IBNLCO_01729__IBNLCO_01729__gene,-0.01083120446502511,0.01083120446502511
cnv_depth__IBNLCO_03716__IBNLCO_03716__gene,0.010821852303034174,0.010821852303034174
cnv_depth__IBNLCO_01902__IBNLCO_01902__gene__promoter,-0.010796032556717669,0.010796032556717669
cnv_depth__IBNLCO_05456__IBNLCO_05456__gene__promoter,-0.010791217648748306,0.010791217648748306
cnv_depth__IBNLCO_03053__IBNLCO_03053__gene,0.010791185467866848,0.010791185467866848
cnv_depth__IBNLCO_04707__Histidine__CDS,0.01078754398604574,0.01078754398604574
cnv_depth__IBNLCO_05521__UDP-N-acetylglucosamine__CDS,0.010785844228885965,0.010785844228885965
cnv_depth__IBNLCO_03946__IBNLCO_03946__gene,-0.010774829633999514,0.010774829633999514
cnv_depth__IBNLCO_03439__L-threonine__CDS__promoter,-0.01076301667489687,0.01076301667489687
cnv_depth__IBNLCO_00527__Outer-membrane__CDS,0.010751993019938415,0.010751993019938415
cnv_depth__IBNLCO_01849__Multidrug__CDS__promoter,0.010745480460322069,0.010745480460322069
cnv_depth__IBNLCO_00051__Phenylacetaldehyde__CDS__promoter,0.010735325201829718,0.010735325201829718
cnv_depth__IBNLCO_04734__IBNLCO_04734__gene__promoter,-0.010727604935110914,0.010727604935110914
cnv_depth__IBNLCO_02287__Sensory__CDS__promoter,-0.010722695565056669,0.010722695565056669
cnv_depth__IBNLCO_00861__IBNLCO_00861__gene__promoter,-0.010715645410796108,0.010715645410796108
cnv_depth__IBNLCO_05288__histidine__CDS__promoter,-0.010695039341080608,0.010695039341080608
cnv_depth__IBNLCO_05703__IBNLCO_05703__gene,0.010690955087014984,0.010690955087014984
cnv_depth__IBNLCO_04960__EamA__CDS__promoter,-0.010685639429027094,0.010685639429027094
cnv_depth__IBNLCO_01300__Ribonuclease__CDS,-0.010676622108317895,0.010676622108317895
cnv_depth__IBNLCO_03444__D-malate__CDS,-0.010670919371662358,0.010670919371662358
cnv_depth__IBNLCO_03600__IBNLCO_03600__gene,0.010659320175575152,0.010659320175575152
cnv_depth__IBNLCO_01110__Uracil__CDS__promoter,-0.01065374607624529,0.01065374607624529
cnv_depth__IBNLCO_03486__N-6__CDS,0.0106285271829535,0.0106285271829535
cnv_depth__IBNLCO_00934__IBNLCO_00934__gene__promoter,-0.010623712881692476,0.010623712881692476
cnv_depth__IBNLCO_04281__IBNLCO_04281__gene,-0.010612360594994943,0.010612360594994943
cnv_depth__IBNLCO_01500__IBNLCO_01500__gene,-0.010605996323061946,0.010605996323061946
cnv_depth__IBNLCO_02226__Outer__CDS,-0.010597759812482914,0.010597759812482914
cnv_depth__IBNLCO_04895__gnl|Bakta|IBNLCO_04895__CDS__promoter,0.010596973054530535,0.010596973054530535
cnv_depth__IBNLCO_01452__histidine__CDS__promoter,-0.01059052682097024,0.01059052682097024
cnv_depth__IBNLCO_04726__IBNLCO_04726__gene,0.010590289002115456,0.010590289002115456
cnv_depth__IBNLCO_04092__hypothetical__CDS,0.010574636864381762,0.010574636864381762
cnv_depth__IBNLCO_02379__IBNLCO_02379__gene__promoter,-0.01055339407621438,0.01055339407621438
cnv_depth__IBNLCO_05670__IBNLCO_05670__gene__promoter,-0.010550554274254236,0.010550554274254236
cnv_depth__IBNLCO_04696__ugpC__gene,0.010546926581105093,0.010546926581105093
cnv_depth__IBNLCO_01149__Carbonic__CDS__promoter,0.010528826581633453,0.010528826581633453
cnv_depth__IBNLCO_04968__Copper-containing__CDS__promoter,-0.010526666494416935,0.010526666494416935
cnv_depth__IBNLCO_02478__Large__CDS,-0.010521214967633448,0.010521214967633448
cnv_depth__IBNLCO_01381__Alpha/beta__CDS__promoter,-0.010519789179013653,0.010519789179013653
cnv_depth__IBNLCO_01940__Molybdopterin__CDS__promoter,-0.010516577906605174,0.010516577906605174
cnv_depth__IBNLCO_00779__IBNLCO_00779__gene__promoter,-0.010513317047372708,0.010513317047372708
cnv_depth__IBNLCO_05850__Arsenate__CDS,0.01050516146054528,0.01050516146054528
cnv_depth__IBNLCO_03179__msrQ__gene,0.010502756164313218,0.010502756164313218
cnv_depth__IBNLCO_05062__Cellulose__CDS,0.01049586010069512,0.01049586010069512
cnv_depth__IBNLCO_04992__Type__CDS__promoter,-0.010485814762576538,0.010485814762576538
cnv_depth__IBNLCO_05175__IBNLCO_05175__gene__promoter,0.010479175018369018,0.010479175018369018
cnv_depth__IBNLCO_01071__gnl|Bakta|IBNLCO_01071__CDS__promoter,-0.010475131486436619,0.010475131486436619
cnv_depth__IBNLCO_03245__paaD__gene__promoter,0.01047015166807033,0.01047015166807033
cnv_depth__IBNLCO_02489__Electron__CDS__promoter,0.010464527185616745,0.010464527185616745
cnv_depth__IBNLCO_03069__Xaa-Pro__CDS__promoter,0.010454874065642581,0.010454874065642581
cnv_depth__IBNLCO_04913__VOC__CDS,0.010451108366436259,0.010451108366436259
cnv_depth__IBNLCO_04536__gnl|Bakta|IBNLCO_04536__CDS,-0.010442548590777,0.010442548590777
cnv_depth__IBNLCO_00369__IBNLCO_00369__gene__promoter,-0.01043654252127246,0.01043654252127246
cnv_depth__IBNLCO_03750__ceoB__gene__promoter,0.010436112801955142,0.010436112801955142
cnv_depth__IBNLCO_02715__Purine__CDS,0.010430108791264032,0.010430108791264032
cnv_depth__IBNLCO_04434__IBNLCO_04434__gene,0.010429677013102162,0.010429677013102162
cnv_depth__IBNLCO_02237__hypothetical__CDS,-0.010428744241827423,0.010428744241827423
cnv_depth__IBNLCO_03421__Malonate-semialdehyde__CDS,-0.01040620942364005,0.01040620942364005
cnv_depth__IBNLCO_02286__ntrC__gene,-0.010406098765767832,0.010406098765767832
cnv_depth__IBNLCO_04853__IBNLCO_04853__gene,-0.010405453327817482,0.010405453327817482
cnv_depth__IBNLCO_04475__IBNLCO_04475__gene__promoter,-0.010402490072949331,0.010402490072949331
cnv_depth__IBNLCO_05837__Glutamine__CDS__promoter,0.010398861140910659,0.010398861140910659
cnv_depth__IBNLCO_00888__IBNLCO_00888__gene,-0.010383070250350557,0.010383070250350557
cnv_depth__IBNLCO_05690__Type__CDS,-0.010379497048866138,0.010379497048866138
cnv_depth__IBNLCO_03808__IBNLCO_03808__gene__promoter,-0.010379395652379502,0.010379395652379502
cnv_depth__IBNLCO_03669__IBNLCO_03669__gene,0.010374873097372448,0.010374873097372448
cnv_depth__IBNLCO_03525__Cytochrome__CDS__promoter,0.010370333137128858,0.010370333137128858
cnv_depth__IBNLCO_03768__IBNLCO_03768__gene__promoter,0.010358622969039657,0.010358622969039657
cnv_depth__IBNLCO_04512__IBNLCO_04512__gene,0.010350027174586747,0.010350027174586747
cnv_depth__IBNLCO_05729__IBNLCO_05729__gene,0.010349803671076716,0.010349803671076716
cnv_depth__IBNLCO_02034__Inclusion__CDS__promoter,0.010336518939261734,0.010336518939261734
cnv_depth__IBNLCO_00399__IBNLCO_00399__gene,0.010336383142112849,0.010336383142112849
cnv_depth__IBNLCO_03790__IBNLCO_03790__gene,0.010334732070188183,0.010334732070188183
cnv_depth__IBNLCO_00913__Ribosomal__CDS__promoter,-0.010329285691976355,0.010329285691976355
cnv_depth__IBNLCO_02943__VOC__CDS__promoter,0.010324898958603546,0.010324898958603546
cnv_depth__IBNLCO_02262__IBNLCO_02262__gene__promoter,-0.010323423274175743,0.010323423274175743
cnv_depth__IBNLCO_04044__IBNLCO_04044__gene,-0.010321175646361515,0.010321175646361515
cnv_depth__IBNLCO_01438__5-deoxy-glucuronate__CDS__promoter,-0.01032063004058733,0.01032063004058733
cnv_depth__IBNLCO_04061__Peptidase__CDS__promoter,0.010316670162745728,0.010316670162745728
cnv_depth__IBNLCO_02927__Biopolymer__CDS,0.010311361724084962,0.010311361724084962
cnv_depth__IBNLCO_02168__hypothetical__CDS__promoter,0.010302774628359213,0.010302774628359213
cnv_depth__IBNLCO_04310__IBNLCO_04310__gene__promoter,-0.01029403580074723,0.01029403580074723
cnv_depth__IBNLCO_04294__gnl|Bakta|IBNLCO_04294__CDS,0.010291073086749395,0.010291073086749395
cnv_depth__IBNLCO_03865__hypothetical__CDS__promoter,0.010288621966378544,0.010288621966378544
cnv_depth__IBNLCO_04423__HTH__CDS,-0.010288421989970955,0.010288421989970955
cnv_depth__IBNLCO_02696__IBNLCO_02696__gene__promoter,-0.010284674665977137,0.010284674665977137
cnv_depth__IBNLCO_05308__Chlorinating__CDS__promoter,-0.010284018185404642,0.010284018185404642
cnv_depth__IBNLCO_04843__IBNLCO_04843__gene,-0.010282607041760178,0.010282607041760178
cnv_depth__IBNLCO_05701__IBNLCO_05701__gene__promoter,-0.01025895458528185,0.01025895458528185
cnv_depth__IBNLCO_01174__IBNLCO_01174__gene__promoter,0.010253909268655253,0.010253909268655253
cnv_depth__IBNLCO_03636__IBNLCO_03636__gene,0.01025376410922342,0.01025376410922342
cnv_depth__IBNLCO_02990__CNP1-like__CDS__promoter,-0.010246770807036265,0.010246770807036265
cnv_depth__IBNLCO_04059__IBNLCO_04059__gene,-0.010240046281817131,0.010240046281817131
cnv_depth__IBNLCO_03110__IBNLCO_03110__gene,-0.010232709789004354,0.010232709789004354
cnv_depth__IBNLCO_01557__IBNLCO_01557__gene,0.01023134221934202,0.01023134221934202
cnv_depth__IBNLCO_03051__IBNLCO_03051__gene,0.01022348557328679,0.01022348557328679
cnv_depth__IBNLCO_05497__DUF4148__CDS__promoter,0.010214389169759093,0.010214389169759093
cnv_depth__IBNLCO_00965__hypothetical__CDS__promoter,0.010209018344723401,0.010209018344723401
cnv_depth__IBNLCO_04397__IBNLCO_04397__gene__promoter,-0.010207353290836095,0.010207353290836095
cnv_depth__IBNLCO_00633__IBNLCO_00633__gene,-0.010204404806155472,0.010204404806155472
cnv_depth__IBNLCO_00345__IBNLCO_00345__gene,-0.010204065948341359,0.010204065948341359
cnv_depth__IBNLCO_00324__Methyl-accepting__CDS__promoter,0.010201990532973295,0.010201990532973295
cnv_depth__IBNLCO_03136__IBNLCO_03136__gene__promoter,0.010199412749200335,0.010199412749200335
cnv_depth__IBNLCO_04020__IBNLCO_04020__gene__promoter,0.010196786717081276,0.010196786717081276
cnv_depth__IBNLCO_00932__lptF__gene__promoter,0.010195912641386232,0.010195912641386232
cnv_depth__IBNLCO_03738__IBNLCO_03738__gene__promoter,0.010182149874602992,0.010182149874602992
cnv_depth__IBNLCO_05335__Acetylglutamate__CDS,0.010173250376479016,0.010173250376479016
cnv_depth__IBNLCO_01861__Spermidine/putrescine__CDS,0.010172272652987563,0.010172272652987563
cnv_depth__IBNLCO_03466__Universal__CDS,-0.010168792788463917,0.010168792788463917
cnv_depth__IBNLCO_01439__Inosose__CDS__promoter,-0.01016414340495281,0.01016414340495281
cnv_depth__IBNLCO_04323__IBNLCO_04323__gene,-0.01016272457555457,0.01016272457555457
cnv_depth__IBNLCO_04739__IBNLCO_04739__gene,-0.010156561365332013,0.010156561365332013
cnv_depth__IBNLCO_05683__IBNLCO_05683__gene__promoter,0.010137716438859122,0.010137716438859122
cnv_depth__IBNLCO_02216__tRNA__CDS,-0.010137665017799249,0.010137665017799249
cnv_depth__IBNLCO_01069__IBNLCO_01069__gene,0.010129754199683233,0.010129754199683233
cnv_depth__IBNLCO_03431__IBNLCO_03431__gene,-0.010123657189357576,0.010123657189357576
cnv_depth__IBNLCO_01286__IBNLCO_01286__gene__promoter,0.010120389688516895,0.010120389688516895
cnv_depth__IBNLCO_03710__dhaL__gene__promoter,0.010119746387312122,0.010119746387312122
cnv_depth__IBNLCO_01495__Translation__CDS__promoter,0.010119063295565882,0.010119063295565882
cnv_depth__IBNLCO_01939__IBNLCO_01939__gene,0.010117306452142299,0.010117306452142299
cnv_depth__IBNLCO_03155__IBNLCO_03155__gene__promoter,0.01011704676373313,0.01011704676373313
cnv_depth__IBNLCO_01869__IBNLCO_01869__gene__promoter,-0.010114703906668715,0.010114703906668715
cnv_depth__IBNLCO_03643__HTH__CDS__promoter,0.010112963592313937,0.010112963592313937
cnv_depth__IBNLCO_04345__IBNLCO_04345__gene__promoter,0.01011181808969525,0.01011181808969525
cnv_depth__IBNLCO_02886__gnl|Bakta|IBNLCO_02886__CDS,-0.01010746692249151,0.01010746692249151
cnv_depth__IBNLCO_03600__hypothetical__CDS__promoter,0.010099898865191822,0.010099898865191822
cnv_depth__IBNLCO_02000__msrB__gene,-0.010098288154997179,0.010098288154997179
cnv_depth__IBNLCO_04790__Alanine--tRNA__CDS__promoter,-0.010098047468107552,0.010098047468107552
cnv_depth__IBNLCO_02896__IBNLCO_02896__gene,0.010096062860595766,0.010096062860595766
cnv_depth__IBNLCO_04501__tRNA-Cys(gca)__tRNA,-0.010091556684400309,0.010091556684400309
cnv_depth__IBNLCO_03477__3-oxoadipate__CDS__promoter,-0.010091299101305217,0.010091299101305217
cnv_depth__IBNLCO_03447__Glutathione__CDS,0.010087181526770595,0.010087181526770595
cnv_depth__IBNLCO_03458__Flagellar__CDS,-0.010085611484150485,0.010085611484150485
cnv_depth__IBNLCO_02770__wcbT__gene,-0.010081486824097478,0.010081486824097478
cnv_depth__IBNLCO_02571__hypothetical__CDS__promoter,-0.01008082760151297,0.01008082760151297
cnv_depth__IBNLCO_01361__IBNLCO_01361__gene__promoter,-0.010077613896993923,0.010077613896993923
cnv_depth__IBNLCO_02225__MBL__CDS,-0.010070812444196008,0.010070812444196008
cnv_depth__IBNLCO_01333__tRNA-Pro(tgg)__tRNA,-0.01006203215357546,0.01006203215357546
cnv_depth__IBNLCO_01070__gnl|Bakta|IBNLCO_01070__CDS__promoter,-0.010057069716232783,0.010057069716232783
cnv_depth__IBNLCO_03560__IBNLCO_03560__gene__promoter,0.010047409682490042,0.010047409682490042
cnv_depth__IBNLCO_04897__L-threonate__CDS__promoter,-0.010047365647652021,0.010047365647652021
cnv_depth__IBNLCO_04266__IBNLCO_04266__gene,-0.010046924645468662,0.010046924645468662
cnv_depth__IBNLCO_02897__Betaproteobacteria_toxic_sRNA__gene,0.010029275752150419,0.010029275752150419
cnv_depth__IBNLCO_01400__hypothetical__CDS,-0.010022838082857598,0.010022838082857598
cnv_depth__IBNLCO_00827__HTH__CDS,0.010009508290243413,0.010009508290243413
cnv_depth__IBNLCO_03213__Large__CDS,0.010001475450617971,0.010001475450617971
cnv_depth__IBNLCO_03073__IBNLCO_03073__gene__promoter,0.009999594172926606,0.009999594172926606
cnv_depth__IBNLCO_04934__JmjC__CDS,-0.00999408824032302,0.00999408824032302
cnv_depth__IBNLCO_03265__IBNLCO_03265__gene,0.009993286455577705,0.009993286455577705
cnv_depth__IBNLCO_01012__IBNLCO_01012__gene,-0.009991928413944187,0.009991928413944187
cnv_depth__IBNLCO_00585__IBNLCO_00585__gene__promoter,0.0099887449843498,0.0099887449843498
cnv_depth__IBNLCO_05290__IBNLCO_05290__gene,0.009968344481484332,0.009968344481484332
cnv_depth__IBNLCO_00121__esaR__gene,0.009962837456775984,0.009962837456775984
cnv_depth__IBNLCO_05625__Uncharacterized__CDS__promoter,0.009961727355043866,0.009961727355043866
cnv_depth__IBNLCO_02299__Putative__CDS__promoter,-0.009958891477538336,0.009958891477538336
cnv_depth__IBNLCO_01884__Poly-beta-hydroxybutyrate__CDS,-0.00995466190793485,0.00995466190793485
cnv_depth__IBNLCO_01292__hypothetical__CDS,0.009945419447482243,0.009945419447482243
cnv_depth__IBNLCO_02115__Chaperone__CDS__promoter,-0.009941292593413881,0.009941292593413881
cnv_depth__IBNLCO_00824__Tryptophan__CDS,0.00993387642417232,0.00993387642417232
cnv_depth__IBNLCO_00590__IBNLCO_00590__gene,-0.009920390930718172,0.009920390930718172
cnv_depth__IBNLCO_02549__Cold-shock__CDS,0.009916222756645448,0.009916222756645448
cnv_depth__IBNLCO_03627__DUF3540__CDS__promoter,0.009909274681094893,0.009909274681094893
cnv_depth__IBNLCO_02831__Phosphite__CDS,0.009906584978052375,0.009906584978052375
cnv_depth__IBNLCO_05388__araC__gene,-0.00990027156435327,0.00990027156435327
cnv_depth__IBNLCO_01012__NadR/Ttd14__CDS__promoter,-0.009896238193673093,0.009896238193673093
cnv_depth__IBNLCO_01700__IBNLCO_01700__gene__promoter,-0.009891123810310895,0.009891123810310895
cnv_depth__IBNLCO_00610__IBNLCO_00610__gene__promoter,-0.009887528633024013,0.009887528633024013
cnv_depth__IBNLCO_03562__IBNLCO_03562__gene__promoter,0.009879141835299097,0.009879141835299097
cnv_depth__IBNLCO_04986__Type__CDS__promoter,-0.009875010884871924,0.009875010884871924
cnv_depth__IBNLCO_02854__secD__gene__promoter,0.009873886244480531,0.009873886244480531
cnv_depth__IBNLCO_04240__marR__gene,-0.009871856306300265,0.009871856306300265
cnv_depth__IBNLCO_04716__hypothetical__CDS__promoter,-0.009862272220783815,0.009862272220783815
cnv_depth__IBNLCO_00011__Type__CDS__promoter,0.009858201389586556,0.009858201389586556
cnv_depth__IBNLCO_04184__Cysteine__CDS,-0.009857573835915097,0.009857573835915097
cnv_depth__IBNLCO_01541__IBNLCO_01541__gene__promoter,-0.009854758882617706,0.009854758882617706
cnv_depth__IBNLCO_03042__hypothetical__CDS__promoter,-0.009850173010737505,0.009850173010737505
cnv_depth__IBNLCO_03307__tsr__gene__promoter,0.009845141256327019,0.009845141256327019
cnv_depth__IBNLCO_00700__lysR__gene,-0.00984330334489011,0.00984330334489011
cnv_depth__IBNLCO_00116__Lysine__CDS,0.009840428015556079,0.009840428015556079
cnv_depth__IBNLCO_03910__DJ-1/PfpI__CDS__promoter,0.009835831420959755,0.009835831420959755
cnv_depth__IBNLCO_01365__IBNLCO_01365__gene__promoter,-0.00982297082860995,0.00982297082860995
cnv_depth__IBNLCO_00732__NADP-dependent__CDS,0.009811155358591351,0.009811155358591351
cnv_depth__IBNLCO_01311__IBNLCO_01311__gene__promoter,-0.009803212116937183,0.009803212116937183
cnv_depth__IBNLCO_02405__Protein-arginine__CDS,-0.009792959132691703,0.009792959132691703
cnv_depth__IBNLCO_00801__Hemin__CDS__promoter,-0.009791416873991392,0.009791416873991392
cnv_depth__IBNLCO_02509__DUF2059__CDS__promoter,0.009782981636848357,0.009782981636848357
cnv_depth__IBNLCO_03002__Cell__CDS__promoter,-0.009782772895037027,0.009782772895037027
cnv_depth__IBNLCO_00341__IBNLCO_00341__gene,-0.009779316947831816,0.009779316947831816
cnv_depth__IBNLCO_03720__Lysine/arginine/ornithine-binding__CDS__promoter,0.009772868847312793,0.009772868847312793
cnv_depth__IBNLCO_04100__IBNLCO_04100__gene__promoter,0.009767707109317127,0.009767707109317127
cnv_depth__IBNLCO_03821__IBNLCO_03821__gene,-0.009751571737866808,0.009751571737866808
cnv_depth__IBNLCO_01732__AraC__CDS__promoter,-0.009750141376247209,0.009750141376247209
cnv_depth__IBNLCO_05667__IBNLCO_05667__gene,-0.009750086399899768,0.009750086399899768
cnv_depth__IBNLCO_04861__IBNLCO_04861__gene__promoter,-0.009746796552461023,0.009746796552461023
cnv_depth__IBNLCO_05693__gnl|Bakta|IBNLCO_05693__CDS,0.009746405151394485,0.009746405151394485
cnv_depth__IBNLCO_02320__IBNLCO_02320__gene__promoter,-0.009732737049719449,0.009732737049719449
cnv_depth__IBNLCO_03588__dbpA__gene__promoter,0.009731887591008527,0.009731887591008527
cnv_depth__IBNLCO_01539__Prepilin__CDS,-0.00972747901945648,0.00972747901945648
cnv_depth__IBNLCO_05676__IBNLCO_05676__gene__promoter,0.009727209219183762,0.009727209219183762
cnv_depth__IBNLCO_04942__IBNLCO_04942__gene,-0.009713106604072406,0.009713106604072406
cnv_depth__IBNLCO_03499__Type__CDS,-0.009704872549750079,0.009704872549750079
cnv_depth__IBNLCO_02012__trnD__gene,-0.009702265050969484,0.009702265050969484
cnv_depth__IBNLCO_03070__IBNLCO_03070__gene,0.009693073819381694,0.009693073819381694
cnv_depth__IBNLCO_03138__Histidinol-phosphate__CDS,-0.009688189513133171,0.009688189513133171
cnv_depth__IBNLCO_01583__IBNLCO_01583__gene,-0.009683119863205561,0.009683119863205561
cnv_depth__IBNLCO_01881__Polyhydroxyalkanoate__CDS__promoter,-0.009682970597590431,0.009682970597590431
cnv_depth__IBNLCO_04967__IBNLCO_04967__gene__promoter,-0.009681450784925905,0.009681450784925905
cnv_depth__IBNLCO_03502__IBNLCO_03502__gene,-0.009679765381070862,0.009679765381070862
cnv_depth__IBNLCO_02865__IBNLCO_02865__gene__promoter,-0.009677389230234767,0.009677389230234767
cnv_depth__IBNLCO_02317__puuA__gene,-0.009662247507546731,0.009662247507546731
cnv_depth__IBNLCO_00482__IBNLCO_00482__gene,0.009658951316914141,0.009658951316914141
cnv_depth__IBNLCO_02940__Glyceraldehyde-3-phosphate__CDS__promoter,-0.00964467692204049,0.00964467692204049
cnv_depth__IBNLCO_02030__IBNLCO_02030__gene__promoter,-0.00962379947483763,0.00962379947483763
cnv_depth__IBNLCO_03126__tatC__gene,-0.009623610254578023,0.009623610254578023
cnv_depth__IBNLCO_01436__IBNLCO_01436__gene,0.009623532805444762,0.009623532805444762
cnv_depth__IBNLCO_04631__IBNLCO_04631__gene,0.00960686687630416,0.00960686687630416
cnv_depth__IBNLCO_03103__Type__CDS,-0.009598329255352896,0.009598329255352896
cnv_depth__IBNLCO_00231__Flagellar__CDS__promoter,0.009595748425404307,0.009595748425404307
cnv_depth__IBNLCO_00577__DUF262__CDS__promoter,0.009575807330689912,0.009575807330689912
cnv_depth__IBNLCO_04909__IBNLCO_04909__gene__promoter,-0.009564318262689456,0.009564318262689456
cnv_depth__IBNLCO_05679__IBNLCO_05679__gene,-0.009561676737254351,0.009561676737254351
cnv_depth__IBNLCO_00263__IBNLCO_00263__gene__promoter,-0.009558366046711364,0.009558366046711364
cnv_depth__IBNLCO_03939__IBNLCO_03939__gene__promoter,0.009550402942766377,0.009550402942766377
cnv_depth__IBNLCO_00531__Lon__CDS__promoter,-0.009548045261816815,0.009548045261816815
cnv_depth__IBNLCO_05186__Tryptophan__CDS,-0.009547714791885186,0.009547714791885186
cnv_depth__IBNLCO_02803__IBNLCO_02803__gene__promoter,0.009546243803839649,0.009546243803839649
cnv_depth__IBNLCO_02893__AraC_family__CDS,-0.009545952734474167,0.009545952734474167
cnv_depth__IBNLCO_04577__Uncharacterized__CDS,0.009545781240930895,0.009545781240930895
cnv_depth__IBNLCO_02878__IBNLCO_02878__gene__promoter,0.009543917742180552,0.009543917742180552
cnv_depth__IBNLCO_00638__IBNLCO_00638__gene__promoter,0.009538642452607056,0.009538642452607056
cnv_depth__IBNLCO_04600__IBNLCO_04600__gene,-0.00953634905074352,0.00953634905074352
cnv_depth__IBNLCO_04301__IBNLCO_04301__gene__promoter,0.00953149949536635,0.00953149949536635
cnv_depth__IBNLCO_02858__Lipid/polyisoprenoid-binding__CDS,-0.009528679334708964,0.009528679334708964
cnv_depth__IBNLCO_01731__IBNLCO_01731__gene,-0.009520313087559974,0.009520313087559974
cnv_depth__IBNLCO_02764__Undecaprenyl-phosphate__CDS__promoter,-0.009519903959704026,0.009519903959704026
cnv_depth__IBNLCO_01537__IBNLCO_01537__gene__promoter,0.009515113785759718,0.009515113785759718
cnv_depth__IBNLCO_03838__IBNLCO_03838__gene__promoter,0.00951379748228443,0.00951379748228443
cnv_depth__IBNLCO_04267__H-NS-like__CDS__promoter,-0.009513549149137917,0.009513549149137917
cnv_depth__IBNLCO_03634__IBNLCO_03634__gene,-0.009512682240395422,0.009512682240395422
cnv_depth__IBNLCO_05634__HTH__CDS__promoter,-0.009510971582518856,0.009510971582518856
cnv_depth__IBNLCO_04690__MFS__CDS__promoter,-0.009509296418610196,0.009509296418610196
cnv_depth__IBNLCO_02102__Modulator__CDS__promoter,-0.00950052518838498,0.00950052518838498
cnv_depth__IBNLCO_01474__Lysophospholipid__CDS__promoter,-0.009498425005717336,0.009498425005717336
cnv_depth__IBNLCO_04317__UspA__CDS__promoter,-0.009497598661587298,0.009497598661587298
cnv_depth__IBNLCO_04773__IBNLCO_04773__gene__promoter,-0.009493289266934638,0.009493289266934638
cnv_depth__IBNLCO_04910__Transcriptional__CDS,-0.009486535563882138,0.009486535563882138
cnv_depth__IBNLCO_01554__IBNLCO_01554__gene,-0.009486450691452155,0.009486450691452155
cnv_depth__IBNLCO_03012__Cell__CDS__promoter,0.009485640873362566,0.009485640873362566
cnv_depth__IBNLCO_03667__IBNLCO_03667__gene,0.009484063846719288,0.009484063846719288
cnv_depth__IBNLCO_00744__tctD__gene,0.009482342447983157,0.009482342447983157
cnv_depth__IBNLCO_01721__IBNLCO_01721__gene,-0.009468853142438081,0.009468853142438081
cnv_depth__IBNLCO_05384__Anthranilate__CDS__promoter,-0.009468136130868918,0.009468136130868918
cnv_depth__IBNLCO_05229__Spermidine/putrescine-binding__CDS__promoter,0.00946309463493065,0.00946309463493065
cnv_depth__IBNLCO_02599__IBNLCO_02599__gene__promoter,0.009460857777381888,0.009460857777381888
cnv_depth__IBNLCO_00180__mreB__gene,0.009459699860753535,0.009459699860753535
cnv_depth__IBNLCO_01060__VWA__CDS__promoter,0.009449137925486609,0.009449137925486609
cnv_depth__IBNLCO_03836__exbB__gene,0.009444284399837627,0.009444284399837627
cnv_depth__IBNLCO_00508__IBNLCO_00508__gene,0.009441790543946145,0.009441790543946145
cnv_depth__IBNLCO_00197__Response__CDS,0.009436928425891764,0.009436928425891764
cnv_depth__IBNLCO_01880__rimO__gene,-0.0094340254728295,0.0094340254728295
cnv_depth__IBNLCO_05774__IBNLCO_05774__gene__promoter,0.009428138530359176,0.009428138530359176
cnv_depth__IBNLCO_01409__Spore__CDS,-0.00941209156838755,0.00941209156838755
cnv_depth__IBNLCO_02252__iscX__gene__promoter,-0.009407713533147464,0.009407713533147464
cnv_depth__IBNLCO_03176__cyaY__gene__promoter,0.009406745657164515,0.009406745657164515
cnv_depth__IBNLCO_02586__ugpC__gene,-0.00940482398150398,0.00940482398150398
cnv_depth__IBNLCO_03074__IBNLCO_03074__gene__promoter,0.009401599483209466,0.009401599483209466
cnv_depth__IBNLCO_01564__IBNLCO_01564__gene,-0.009396332081696612,0.009396332081696612
cnv_depth__IBNLCO_03017__ftsW__gene,0.009391903827331937,0.009391903827331937
cnv_depth__IBNLCO_01645__Outer__CDS__promoter,-0.009386656280262785,0.009386656280262785
cnv_depth__IBNLCO_00027__fliM__gene__promoter,-0.009386052891496317,0.009386052891496317
cnv_depth__IBNLCO_00826__hypothetical__CDS,-0.009380113457452162,0.009380113457452162
cnv_depth__IBNLCO_02111__IBNLCO_02111__gene,-0.009374855821894646,0.009374855821894646
cnv_depth__IBNLCO_01915__Murein__CDS,0.009365582431982425,0.009365582431982425
cnv_depth__IBNLCO_01710__IBNLCO_01710__gene__promoter,0.00936143925861522,0.00936143925861522
cnv_depth__IBNLCO_01099__plcR__gene,-0.009356203792038248,0.009356203792038248
cnv_depth__IBNLCO_04603__IBNLCO_04603__gene__promoter,-0.009354872712835492,0.009354872712835492
cnv_depth__IBNLCO_03222__DNA__CDS,0.009345836000191178,0.009345836000191178
cnv_depth__IBNLCO_00873__IBNLCO_00873__gene__promoter,0.009341739133541981,0.009341739133541981
cnv_depth__IBNLCO_05583__IBNLCO_05583__gene__promoter,-0.009336626339166511,0.009336626339166511
cnv_depth__IBNLCO_03203__Small__CDS,0.00933486517536639,0.00933486517536639
cnv_depth__IBNLCO_01969__2-oxo-tetronate__CDS__promoter,-0.009332144495328525,0.009332144495328525
cnv_depth__IBNLCO_00994__Glutamine-dependent__CDS,-0.009331478236325522,0.009331478236325522
cnv_depth__IBNLCO_01382__hypothetical__CDS,-0.009330580269595077,0.009330580269595077
cnv_depth__IBNLCO_05100__Type__CDS,-0.009322174522369392,0.009322174522369392
cnv_depth__IBNLCO_04026__IBNLCO_04026__gene,-0.009321319110925269,0.009321319110925269
cnv_depth__IBNLCO_02007__IBNLCO_02007__gene__promoter,0.009320879884090569,0.009320879884090569
cnv_depth__IBNLCO_01223__Transcriptional__CDS,-0.009319433237272464,0.009319433237272464
cnv_depth__IBNLCO_01938__Molybdopterin__CDS__promoter,0.009319029346203801,0.009319029346203801
cnv_depth__IBNLCO_03463__Amino__CDS__promoter,0.009309844982744704,0.009309844982744704
cnv_depth__IBNLCO_01215__IBNLCO_01215__gene__promoter,-0.009305200611699737,0.009305200611699737
cnv_depth__IBNLCO_05034__Neutral__CDS__promoter,0.009302769228344526,0.009302769228344526
cnv_depth__IBNLCO_03049__IBNLCO_03049__gene,-0.009301714856287453,0.009301714856287453
cnv_depth__IBNLCO_03793__Hydrogen__CDS__promoter,0.009297205943816538,0.009297205943816538
cnv_depth__IBNLCO_02848__IBNLCO_02848__gene__promoter,0.009296719847173264,0.009296719847173264
cnv_depth__IBNLCO_01916__IBNLCO_01916__gene__promoter,-0.009285576166468967,0.009285576166468967
cnv_depth__IBNLCO_04636__IBNLCO_04636__gene,-0.00927971417252188,0.00927971417252188
cnv_depth__IBNLCO_04751__Colicin__CDS,-0.00927724142499345,0.00927724142499345
cnv_depth__IBNLCO_02999__pilC__gene,0.009274823275072348,0.009274823275072348
cnv_depth__IBNLCO_03317__IBNLCO_03317__gene__promoter,0.009266168821078953,0.009266168821078953
cnv_depth__IBNLCO_01664__fhuB__gene,0.00925791822989015,0.00925791822989015
cnv_depth__IBNLCO_03800__IBNLCO_03800__gene,0.009255594428218947,0.009255594428218947
cnv_depth__IBNLCO_01584__IBNLCO_01584__gene__promoter,-0.009253938603942788,0.009253938603942788
cnv_depth__IBNLCO_03647__IBNLCO_03647__gene__promoter,-0.009250294956821682,0.009250294956821682
cnv_depth__IBNLCO_01927__IBNLCO_01927__gene,0.009237777641768582,0.009237777641768582
cnv_depth__IBNLCO_01702__IBNLCO_01702__gene,-0.009236875759643735,0.009236875759643735
cnv_depth__IBNLCO_02730__glutaryl-CoA__CDS,0.00923498450324071,0.00923498450324071
cnv_depth__IBNLCO_04330__IBNLCO_04330__gene,-0.00923165709549015,0.00923165709549015
cnv_depth__IBNLCO_00014__hypothetical__CDS__promoter,-0.009229533014295884,0.009229533014295884
cnv_depth__IBNLCO_02261__IBNLCO_02261__gene,-0.009226887918369049,0.009226887918369049
cnv_depth__IBNLCO_01572__IBNLCO_01572__gene__promoter,-0.00922297075666528,0.00922297075666528
cnv_depth__IBNLCO_00510__IBNLCO_00510__gene__promoter,-0.009219809282188103,0.009219809282188103
cnv_depth__IBNLCO_03459__DUF692__CDS__promoter,-0.009215781781042832,0.009215781781042832
cnv_depth__IBNLCO_01527__Transcriptional__CDS,-0.00921385147313527,0.00921385147313527
cnv_depth__IBNLCO_00379__IBNLCO_00379__gene,-0.009199192056350338,0.009199192056350338
cnv_depth__IBNLCO_00277__flgK__gene__promoter,0.009196827808805454,0.009196827808805454
cnv_depth__IBNLCO_02699__IBNLCO_02699__gene__promoter,0.009195920514990723,0.009195920514990723
cnv_depth__IBNLCO_05701__hypothetical__CDS,-0.00917704401134596,0.00917704401134596
cnv_depth__IBNLCO_01219__IBNLCO_01219__gene__promoter,0.009174612148742453,0.009174612148742453
cnv_depth__IBNLCO_00488__IBNLCO_00488__gene__promoter,0.009174501714375477,0.009174501714375477
cnv_depth__IBNLCO_01018__IBNLCO_01018__gene__promoter,-0.009171831510196479,0.009171831510196479
cnv_depth__IBNLCO_02953__NAD(P)-dependent__CDS,-0.009171112266760121,0.009171112266760121
cnv_depth__IBNLCO_02595__gluA__gene__promoter,-0.009158560972651296,0.009158560972651296
cnv_depth__IBNLCO_01405__IBNLCO_01405__gene,-0.009153466616102836,0.009153466616102836
cnv_depth__IBNLCO_01357__gnl|Bakta|IBNLCO_01357__CDS,0.009152394781940328,0.009152394781940328
cnv_depth__IBNLCO_00765__DUF2946__CDS,-0.009140858283116449,0.009140858283116449
cnv_depth__IBNLCO_00224__fliH__gene__promoter,0.009140163635626404,0.009140163635626404
cnv_depth__IBNLCO_04965__IBNLCO_04965__gene__promoter,-0.009120041508146227,0.009120041508146227
cnv_depth__IBNLCO_01539__IBNLCO_01539__gene__promoter,-0.009118337379009089,0.009118337379009089
cnv_depth__IBNLCO_01682__Carboxylesterase__CDS,-0.00910828020484443,0.00910828020484443
cnv_depth__IBNLCO_01698__hypothetical__CDS__promoter,-0.009099190271555894,0.009099190271555894
cnv_depth__IBNLCO_04195__Cyclic__CDS,-0.009096916865160202,0.009096916865160202
cnv_depth__IBNLCO_00295__IBNLCO_00295__gene__promoter,-0.009095531946366349,0.009095531946366349
cnv_depth__IBNLCO_01544__IBNLCO_01544__gene__promoter,-0.00909425125903516,0.00909425125903516
cnv_depth__IBNLCO_00084__Lipoprotein-attachment__CDS__promoter,0.0090921739814827,0.0090921739814827
cnv_depth__IBNLCO_01227__fbpC__gene__promoter,-0.00909142635060804,0.00909142635060804
cnv_depth__IBNLCO_02984__Cytochrome__CDS,0.009090975262398519,0.009090975262398519
cnv_depth__IBNLCO_03653__2-methylcitrate__CDS,-0.0090893162304719,0.0090893162304719
cnv_depth__IBNLCO_03236__rrf__gene,0.009085137888006982,0.009085137888006982
cnv_depth__IBNLCO_03753__IBNLCO_03753__gene__promoter,0.009083279010393937,0.009083279010393937
cnv_depth__IBNLCO_00981__HTH__CDS,-0.009078323631486264,0.009078323631486264
cnv_depth__IBNLCO_05000__bprB__gene,-0.00907351818536101,0.00907351818536101
cnv_depth__IBNLCO_02310__IBNLCO_02310__gene,0.00907202976580429,0.00907202976580429
cnv_depth__IBNLCO_02243__DNA__CDS__promoter,-0.009067091704731266,0.009067091704731266
cnv_depth__IBNLCO_03354__IBNLCO_03354__gene__promoter,0.009057647224780188,0.009057647224780188
cnv_depth__IBNLCO_04777__Glutathione__CDS__promoter,-0.009052570155119856,0.009052570155119856
cnv_depth__IBNLCO_02484__Radical__CDS,-0.009049090185636198,0.009049090185636198
cnv_depth__IBNLCO_01995__acetyl-CoA__CDS__promoter,0.009047446160094874,0.009047446160094874
cnv_depth__IBNLCO_04681__SDR__CDS,-0.009042471528835092,0.009042471528835092
cnv_depth__IBNLCO_00217__hypothetical__CDS,0.009041794037292102,0.009041794037292102
cnv_depth__IBNLCO_03938__IBNLCO_03938__gene,-0.009041260911931552,0.009041260911931552
cnv_depth__IBNLCO_03561__Fimbrial__CDS__promoter,0.009037776002449186,0.009037776002449186
cnv_depth__IBNLCO_02127__hypothetical__CDS__promoter,-0.009032661838006321,0.009032661838006321
cnv_depth__IBNLCO_00501__IBNLCO_00501__gene,0.009032509142315823,0.009032509142315823
cnv_depth__IBNLCO_03564__IBNLCO_03564__gene,0.009030730952079695,0.009030730952079695
cnv_depth__IBNLCO_01956__IBNLCO_01956__gene,-0.009027458742291345,0.009027458742291345
cnv_depth__IBNLCO_01540__hypothetical__CDS,-0.009026158165676755,0.009026158165676755
cnv_depth__IBNLCO_02202__IBNLCO_02202__gene__promoter,-0.009021921827053733,0.009021921827053733
cnv_depth__IBNLCO_02971__IBNLCO_02971__gene,0.009019143698438504,0.009019143698438504
cnv_depth__IBNLCO_03859__IBNLCO_03859__gene,0.009012656971344723,0.009012656971344723
cnv_depth__IBNLCO_03253__Indolepyruvate__CDS__promoter,0.009011561141092339,0.009011561141092339
cnv_depth__IBNLCO_05360__Isonitrile__CDS,-0.009003413965668216,0.009003413965668216
cnv_depth__IBNLCO_03969__IBNLCO_03969__gene__promoter,0.008999126561861668,0.008999126561861668
cnv_depth__IBNLCO_01135__IBNLCO_01135__gene__promoter,-0.008986544606692709,0.008986544606692709
cnv_depth__IBNLCO_00218__IBNLCO_00218__gene__promoter,0.008985052158907875,0.008985052158907875
cnv_depth__IBNLCO_05311__HTH__CDS,-0.008983614110098907,0.008983614110098907
cnv_depth__IBNLCO_04358__HTH__CDS__promoter,0.008981486165310948,0.008981486165310948
cnv_depth__IBNLCO_02982__ampD__gene__promoter,0.008968757920426538,0.008968757920426538
cnv_depth__IBNLCO_03562__IBNLCO_03562__gene,0.008964501320491787,0.008964501320491787
cnv_depth__IBNLCO_00115__IBNLCO_00115__gene__promoter,0.008960725479725469,0.008960725479725469
cnv_depth__IBNLCO_02752__IBNLCO_02752__gene,-0.008960363620932058,0.008960363620932058
cnv_depth__IBNLCO_04378__IBNLCO_04378__gene,-0.008957703875007222,0.008957703875007222
cnv_depth__IBNLCO_00668__IBNLCO_00668__gene,-0.008957241604040943,0.008957241604040943
cnv_depth__IBNLCO_00323__IBNLCO_00323__gene,0.008954048671039792,0.008954048671039792
cnv_depth__IBNLCO_04767__diguanylate__CDS,-0.008952312170060378,0.008952312170060378
cnv_depth__IBNLCO_00679__IBNLCO_00679__gene__promoter,-0.00894724370143347,0.00894724370143347
cnv_depth__IBNLCO_01724__JmjC__CDS__promoter,-0.008945603313896381,0.008945603313896381
cnv_depth__IBNLCO_04951__HTH-type__CDS,-0.00894339409632853,0.00894339409632853
cnv_depth__IBNLCO_03559__IBNLCO_03559__gene,0.008931838328530992,0.008931838328530992
cnv_depth__IBNLCO_03113__IBNLCO_03113__gene__promoter,0.008923114792666548,0.008923114792666548
cnv_depth__IBNLCO_04200__Methylaspartate__CDS__promoter,0.008916137400503787,0.008916137400503787
cnv_depth__IBNLCO_03708__IBNLCO_03708__gene,-0.008914307348344697,0.008914307348344697
cnv_depth__IBNLCO_01238__Diguanylate__CDS,-0.008914297227150734,0.008914297227150734
cnv_depth__IBNLCO_03900__xapX__gene__promoter,0.008896429769381218,0.008896429769381218
cnv_depth__IBNLCO_05170__Bacteriophage__CDS,-0.008895875718731084,0.008895875718731084
cnv_depth__IBNLCO_04149__bprS__gene__promoter,-0.008895380244988729,0.008895380244988729
cnv_depth__IBNLCO_05607__lysR__gene__promoter,-0.008892843351028875,0.008892843351028875
cnv_depth__IBNLCO_05723__IBNLCO_05723__gene,-0.008880735391259456,0.008880735391259456
cnv_depth__IBNLCO_01553__IBNLCO_01553__gene__promoter,-0.00887186615550589,0.00887186615550589
cnv_depth__IBNLCO_01097__IBNLCO_01097__gene,-0.008867801518643633,0.008867801518643633
cnv_depth__IBNLCO_01385__IBNLCO_01385__gene,-0.008867706048803015,0.008867706048803015
cnv_depth__IBNLCO_03642__5-oxoprolinase__CDS,0.008864575029885986,0.008864575029885986
cnv_depth__IBNLCO_01384__IBNLCO_01384__gene__promoter,-0.008864065456404635,0.008864065456404635
cnv_depth__IBNLCO_01059__benE__gene,-0.008862822436898182,0.008862822436898182
cnv_depth__IBNLCO_05848__RNA__CDS__promoter,-0.008862498434350394,0.008862498434350394
cnv_depth__IBNLCO_01886__Pseudouridine__CDS__promoter,-0.008862087808710674,0.008862087808710674
cnv_depth__IBNLCO_02475__nudL__gene__promoter,0.008855349113480841,0.008855349113480841
cnv_depth__IBNLCO_04560__Transmembrane__CDS,-0.008854105348634126,0.008854105348634126
cnv_depth__IBNLCO_02260__IBNLCO_02260__gene__promoter,-0.008852981591703562,0.008852981591703562
cnv_depth__IBNLCO_04686__IBNLCO_04686__gene__promoter,0.008847928100159445,0.008847928100159445
cnv_depth__IBNLCO_03003__DNA__CDS,-0.008845766408448235,0.008845766408448235
cnv_depth__IBNLCO_01176__IBNLCO_01176__gene,-0.008843782704495597,0.008843782704495597
cnv_depth__IBNLCO_01547__IBNLCO_01547__gene__promoter,-0.008843657336928008,0.008843657336928008
cnv_depth__IBNLCO_05455__Phosphate__CDS,-0.00883205308358951,0.00883205308358951
cnv_depth__IBNLCO_04666__hcpA__gene,-0.008831787766634073,0.008831787766634073
cnv_depth__IBNLCO_03357__gnl|Bakta|IBNLCO_03357__CDS__promoter,-0.008829551125046771,0.008829551125046771
cnv_depth__IBNLCO_04516__IBNLCO_04516__gene__promoter,0.008828668945610463,0.008828668945610463
cnv_depth__IBNLCO_05746__zraR__gene__promoter,-0.008824949399442002,0.008824949399442002
cnv_depth__IBNLCO_02115__IBNLCO_02115__gene,-0.008823727571625988,0.008823727571625988
cnv_depth__IBNLCO_00790__efflux__CDS,0.00882055693220725,0.00882055693220725
cnv_depth__IBNLCO_01717__cheW__gene__promoter,0.008815451022817224,0.008815451022817224
cnv_depth__IBNLCO_05521__UDP-N-acetylglucosamine__CDS__promoter,0.008812555866098535,0.008812555866098535
cnv_depth__IBNLCO_01275__hypothetical__CDS,0.00881110497043217,0.00881110497043217
cnv_depth__IBNLCO_03843__EamA__CDS,0.008810864326799717,0.008810864326799717
cnv_depth__IBNLCO_03231__trnW__gene,0.00879528476976214,0.00879528476976214
cnv_depth__IBNLCO_05259__(2Fe-2S)-binding__CDS,0.008793327011374521,0.008793327011374521
cnv_depth__IBNLCO_01982__ycfH__gene,-0.008787180062958977,0.008787180062958977
cnv_depth__IBNLCO_04398__IBNLCO_04398__gene,-0.008785710208493952,0.008785710208493952
cnv_depth__IBNLCO_02531__IBNLCO_02531__gene,0.00878554202697979,0.00878554202697979
cnv_depth__IBNLCO_04334__IBNLCO_04334__gene,0.008780265927649177,0.008780265927649177
cnv_depth__IBNLCO_02026__2-dehydropantoate__CDS__promoter,-0.008780118644181791,0.008780118644181791
cnv_depth__IBNLCO_03523__IBNLCO_03523__gene,-0.008771918380401743,0.008771918380401743
cnv_depth__IBNLCO_02108__IBNLCO_02108__gene__promoter,-0.008770082553628537,0.008770082553628537
cnv_depth__IBNLCO_01026__hypothetical__CDS__promoter,0.008750941309014448,0.008750941309014448
cnv_depth__IBNLCO_00238__IBNLCO_00238__gene,0.008741510251752432,0.008741510251752432
cnv_depth__IBNLCO_01279__hypothetical__CDS,0.008734186562829115,0.008734186562829115
cnv_depth__IBNLCO_03958__IBNLCO_03958__gene,-0.008733569504426542,0.008733569504426542
cnv_depth__IBNLCO_00525__trnQ__gene,0.008731727950738408,0.008731727950738408
cnv_depth__IBNLCO_00637__IBNLCO_00637__gene,0.008715202852295219,0.008715202852295219
cnv_depth__IBNLCO_01641__IBNLCO_01641__gene,-0.008712798569592253,0.008712798569592253
cnv_depth__IBNLCO_00968__ncS16__gene,-0.008710642205591541,0.008710642205591541
cnv_depth__IBNLCO_03576__IBNLCO_03576__gene__promoter,0.008700427577288393,0.008700427577288393
cnv_depth__IBNLCO_03173__Membrane__CDS,0.008695182514572915,0.008695182514572915
cnv_depth__IBNLCO_03296__flhF__gene,0.0086915367711088,0.0086915367711088
cnv_depth__IBNLCO_02208__Acetyl-coenzyme__CDS,-0.008690815194496437,0.008690815194496437
cnv_depth__IBNLCO_04650__Fatty__CDS__promoter,-0.008686515755472328,0.008686515755472328
cnv_depth__IBNLCO_00733__lysR__gene,0.008686512868580442,0.008686512868580442
cnv_depth__IBNLCO_04595__padR__gene__promoter,-0.00868493644250706,0.00868493644250706
cnv_depth__IBNLCO_05746__zraR__gene,-0.008683855531111529,0.008683855531111529
cnv_depth__IBNLCO_04597__IBNLCO_04597__gene__promoter,0.008674637545129395,0.008674637545129395
cnv_depth__IBNLCO_04312__UDP-glucose__CDS,0.008666522775276606,0.008666522775276606
cnv_depth__IBNLCO_02593__Cystine__CDS,-0.008656597542771894,0.008656597542771894
cnv_depth__IBNLCO_05612__cysteine__CDS__promoter,-0.008655191459558688,0.008655191459558688
cnv_depth__IBNLCO_02592__IBNLCO_02592__gene__promoter,-0.008654635983123913,0.008654635983123913
cnv_depth__IBNLCO_00662__ybeY__gene__promoter,0.008648824830805608,0.008648824830805608
cnv_depth__IBNLCO_04616__IBNLCO_04616__gene,-0.008636866445142678,0.008636866445142678
cnv_depth__IBNLCO_05817__mlaC__gene,0.00863659012479633,0.00863659012479633
cnv_depth__IBNLCO_03575__IBNLCO_03575__gene__promoter,-0.00863604613397776,0.00863604613397776
cnv_depth__IBNLCO_04781__HTH-type__CDS__promoter,0.008634701462764948,0.008634701462764948
cnv_depth__IBNLCO_03147__IBNLCO_03147__gene__promoter,0.008633839774346834,0.008633839774346834
cnv_depth__IBNLCO_01342__Murein__CDS,0.008629628598165023,0.008629628598165023
cnv_depth__IBNLCO_01416__Enoyl-[acyl-carrier-protein]__CDS__promoter,-0.008629429330503938,0.008629429330503938
cnv_depth__IBNLCO_00240__gnl|Bakta|IBNLCO_00240__CDS__promoter,0.00862634772853591,0.00862634772853591
cnv_depth__IBNLCO_05751__Glycosyltransferase__CDS,0.008619793103431818,0.008619793103431818
cnv_depth__IBNLCO_03744__IBNLCO_03744__gene__promoter,0.008619636969078618,0.008619636969078618
cnv_depth__IBNLCO_01899__hypothetical__CDS,0.008619265251976963,0.008619265251976963
cnv_depth__IBNLCO_00900__4-hydroxy-3-methylbut-2-enyl__CDS__promoter,-0.008615222981074403,0.008615222981074403
cnv_depth__IBNLCO_05235__DUF2946__CDS,-0.008607730563599775,0.008607730563599775
cnv_depth__IBNLCO_03244__paaC__gene,0.008602098237919206,0.008602098237919206
cnv_depth__IBNLCO_01081__ATP-dependent__CDS__promoter,0.008591705039646737,0.008591705039646737
cnv_depth__IBNLCO_02915__IBNLCO_02915__gene,0.008587088652888633,0.008587088652888633
cnv_depth__IBNLCO_03863__IBNLCO_03863__gene__promoter,0.0085842416155917,0.0085842416155917
cnv_depth__IBNLCO_04900__Sugar__CDS__promoter,-0.008578845486352635,0.008578845486352635
cnv_depth__IBNLCO_01720__Porin__CDS__promoter,0.008577453732033676,0.008577453732033676
cnv_depth__IBNLCO_05664__gnl|Bakta|IBNLCO_05664__CDS__promoter,-0.008569104515563574,0.008569104515563574
cnv_depth__IBNLCO_04042__isochorismate__CDS__promoter,0.00856533639328323,0.00856533639328323
cnv_depth__IBNLCO_01449__gnl|Bakta|IBNLCO_01449__CDS__promoter,-0.00856024493702588,0.00856024493702588
cnv_depth__IBNLCO_03267__IBNLCO_03267__gene,-0.008558258315148686,0.008558258315148686
cnv_depth__IBNLCO_05107__Serine__CDS,-0.008552746466140447,0.008552746466140447
cnv_depth__IBNLCO_03701__IBNLCO_03701__gene,0.008552443526732826,0.008552443526732826
cnv_depth__IBNLCO_01441__gnl|Bakta|IBNLCO_01441__CDS__promoter,0.00855161001005347,0.00855161001005347
cnv_depth__IBNLCO_02715__Purine__CDS__promoter,0.00855042965638386,0.00855042965638386
cnv_depth__IBNLCO_02305__DUF222__CDS,0.008550354479112895,0.008550354479112895
cnv_depth__IBNLCO_03784__IBNLCO_03784__gene,0.008548121756118724,0.008548121756118724
cnv_depth__IBNLCO_02926__IBNLCO_02926__gene__promoter,0.00854505196257756,0.00854505196257756
cnv_depth__IBNLCO_04314__Universal__CDS__promoter,-0.00854246726849912,0.00854246726849912
cnv_depth__IBNLCO_05329__UDP-glucose__CDS__promoter,-0.008541292541661902,0.008541292541661902
cnv_depth__IBNLCO_05328__gnl|Bakta|IBNLCO_05328__CDS,-0.008541262395559012,0.008541262395559012
cnv_depth__IBNLCO_02983__gnl|Bakta|IBNLCO_02983__CDS,0.008539769720337813,0.008539769720337813
cnv_depth__IBNLCO_03125__IBNLCO_03125__gene__promoter,0.008538554281925716,0.008538554281925716
cnv_depth__IBNLCO_01684__gnl|Bakta|IBNLCO_01684__CDS__promoter,-0.008533686386203058,0.008533686386203058
cnv_depth__IBNLCO_05313__Transmembrane__CDS__promoter,-0.008532075585792593,0.008532075585792593
cnv_depth__IBNLCO_03296__flagellar__CDS__promoter,0.008520979022061424,0.008520979022061424
cnv_depth__IBNLCO_05016__SctQ__CDS,0.008516517227892166,0.008516517227892166
cnv_depth__IBNLCO_04047__Pyochelin__CDS__promoter,-0.008512211287968353,0.008512211287968353
cnv_depth__IBNLCO_04624__IBNLCO_04624__gene__promoter,0.008497399293150994,0.008497399293150994
cnv_depth__IBNLCO_05056__bcsR__gene,-0.008495128703329495,0.008495128703329495
cnv_depth__IBNLCO_02944__IBNLCO_02944__gene,0.008492286379346382,0.008492286379346382
cnv_depth__IBNLCO_05739__gnl|Bakta|IBNLCO_05739__CDS,0.008484681086710799,0.008484681086710799
cnv_depth__IBNLCO_01511__IBNLCO_01511__gene,-0.008481428890385206,0.008481428890385206
cnv_depth__IBNLCO_00342__IBNLCO_00342__gene,0.008474162906468316,0.008474162906468316
cnv_depth__IBNLCO_04233__IBNLCO_04233__gene__promoter,0.008473475612590304,0.008473475612590304
cnv_depth__IBNLCO_01280__Phosphoenolpyruvate__CDS,-0.00846804253535786,0.00846804253535786
cnv_depth__IBNLCO_04603__IBNLCO_04603__gene,0.008459454298501635,0.008459454298501635
cnv_depth__IBNLCO_05630__lktB__gene,-0.00845717870559956,0.00845717870559956
cnv_depth__IBNLCO_01848__HlyD__CDS__promoter,-0.00844447052626518,0.00844447052626518
cnv_depth__IBNLCO_01531__IBNLCO_01531__gene,-0.008443240056047959,0.008443240056047959
cnv_depth__IBNLCO_04722__yqhD__gene__promoter,-0.008441942498608197,0.008441942498608197
cnv_depth__IBNLCO_02703__IBNLCO_02703__gene,-0.008423414413619525,0.008423414413619525
cnv_depth__IBNLCO_00305__TPM__CDS__promoter,-0.008422957781560837,0.008422957781560837
cnv_depth__IBNLCO_00470__lktB__gene__promoter,0.008422009435476607,0.008422009435476607
cnv_depth__IBNLCO_03561__Fimbrial__CDS,0.008413238927739247,0.008413238927739247
cnv_depth__IBNLCO_03306__chemotaxis__CDS,-0.008405300466345375,0.008405300466345375
cnv_depth__IBNLCO_05020__bsaR__gene__promoter,-0.008404566414920567,0.008404566414920567
cnv_depth__IBNLCO_03788__Delta(1)-pyrroline-2-carboxylate__CDS,0.0083993638070406,0.0083993638070406
cnv_depth__IBNLCO_00799__IBNLCO_00799__gene,-0.0083926477425871,0.0083926477425871
cnv_depth__IBNLCO_03297__flhA__gene__promoter,0.008383167461581456,0.008383167461581456
cnv_depth__IBNLCO_03827__IBNLCO_03827__gene,0.008380432593780863,0.008380432593780863
cnv_depth__IBNLCO_03817__IBNLCO_03817__gene,-0.00837910104903752,0.00837910104903752
cnv_depth__IBNLCO_00415__IBNLCO_00415__gene__promoter,0.008377160207390237,0.008377160207390237
cnv_depth__IBNLCO_00444__Thiosulfate__CDS__promoter,0.008371430942336477,0.008371430942336477
cnv_depth__IBNLCO_01552__IBNLCO_01552__gene,0.008371122952505689,0.008371122952505689
cnv_depth__IBNLCO_05265__IBNLCO_05265__gene__promoter,0.008367981124800923,0.008367981124800923
cnv_depth__IBNLCO_00443__IBNLCO_00443__gene__promoter,0.008364754946020167,0.008364754946020167
cnv_depth__IBNLCO_05503__IBNLCO_05503__gene__promoter,0.008349625313573228,0.008349625313573228
cnv_depth__IBNLCO_05388__AraC__CDS__promoter,-0.008347756037700963,0.008347756037700963
cnv_depth__IBNLCO_05264__DNA__CDS__promoter,0.008342163636225348,0.008342163636225348
cnv_depth__IBNLCO_03388__IBNLCO_03388__gene__promoter,0.00834064123385958,0.00834064123385958
cnv_depth__IBNLCO_02827__Glycolate__CDS,0.008330366440684061,0.008330366440684061
cnv_depth__IBNLCO_05205__IBNLCO_05205__gene__promoter,0.008329604409579154,0.008329604409579154
cnv_depth__IBNLCO_00041__IBNLCO_00041__gene__promoter,-0.00832266947632286,0.00832266947632286
cnv_depth__IBNLCO_04698__Xylulose__CDS,-0.008317637018169193,0.008317637018169193
cnv_depth__IBNLCO_05050__bspI3__gene,-0.008311418020869588,0.008311418020869588
cnv_depth__IBNLCO_03772__malR__gene__promoter,0.008310302925730378,0.008310302925730378
cnv_depth__IBNLCO_00359__Sodium%2C__CDS,-0.008307746126477307,0.008307746126477307
cnv_depth__IBNLCO_00887__Isoleucine--tRNA__CDS__promoter,-0.0083048123305049,0.0083048123305049
cnv_depth__IBNLCO_05596__tssK1__gene__promoter,-0.008300143617532042,0.008300143617532042
cnv_depth__IBNLCO_03450__3-hydroxybutyrate__CDS,0.008296768168575207,0.008296768168575207
cnv_depth__IBNLCO_01722__Syringopeptin__CDS,-0.00829616516982186,0.00829616516982186
cnv_depth__IBNLCO_05418__IBNLCO_05418__gene__promoter,-0.008290945933073422,0.008290945933073422
cnv_depth__IBNLCO_01065__eamA__gene,0.008289429137920957,0.008289429137920957
cnv_depth__IBNLCO_01524__emrB__gene,-0.008289226185074515,0.008289226185074515
cnv_depth__IBNLCO_01986__Endolytic__CDS,-0.008286358894800805,0.008286358894800805
cnv_depth__IBNLCO_02680__hypothetical__CDS__promoter,0.00828531180341472,0.00828531180341472
cnv_depth__IBNLCO_04769__DUF4365__CDS,-0.008280201145493469,0.008280201145493469
cnv_depth__IBNLCO_02503__Integration__CDS,-0.008272407781511455,0.008272407781511455
cnv_depth__IBNLCO_03544__IBNLCO_03544__gene__promoter,0.008266519334068112,0.008266519334068112
cnv_depth__IBNLCO_02942__IBNLCO_02942__gene,0.008266187269860682,0.008266187269860682
cnv_depth__IBNLCO_01271__Enoyl-[acyl-carrier-protein]__CDS,-0.008264593668949084,0.008264593668949084
cnv_depth__IBNLCO_02811__hypothetical__CDS,-0.008257509766907907,0.008257509766907907
cnv_depth__IBNLCO_03124__IBNLCO_03124__gene,0.008254073916558002,0.008254073916558002
cnv_depth__IBNLCO_03157__IBNLCO_03157__gene__promoter,-0.008253859398214308,0.008253859398214308
cnv_depth__IBNLCO_05624__IBNLCO_05624__gene__promoter,0.008251279871690402,0.008251279871690402
cnv_depth__IBNLCO_00586__IBNLCO_00586__gene__promoter,0.008246364974835392,0.008246364974835392
cnv_depth__IBNLCO_02268__Burkholderia__ncRNA,0.008244697650473125,0.008244697650473125
cnv_depth__IBNLCO_05151__IBNLCO_05151__gene,0.008241573941645368,0.008241573941645368
cnv_depth__IBNLCO_04350__L-Lysine-8-amino-7-oxononanoate__CDS,-0.008239381157978821,0.008239381157978821
cnv_depth__IBNLCO_04258__gnl|Bakta|IBNLCO_04258__CDS,-0.008226006580596476,0.008226006580596476
cnv_depth__IBNLCO_01657__gnl|Bakta|IBNLCO_01657__CDS__promoter,-0.00820929199408198,0.00820929199408198
cnv_depth__IBNLCO_02027__IBNLCO_02027__gene,-0.008203535618207566,0.008203535618207566
cnv_depth__IBNLCO_02259__Fe-S__CDS__promoter,0.008202174719517522,0.008202174719517522
cnv_depth__IBNLCO_03322__fliC__gene,0.0082018264208658,0.0082018264208658
cnv_depth__IBNLCO_00287__IBNLCO_00287__gene,0.008199372766438368,0.008199372766438368
cnv_depth__IBNLCO_01411__luxR__gene__promoter,0.008198973957191191,0.008198973957191191
cnv_depth__IBNLCO_01873__Iron__CDS__promoter,-0.008198549166740319,0.008198549166740319
cnv_depth__IBNLCO_02921__IBNLCO_02921__gene__promoter,0.008195247735483548,0.008195247735483548
cnv_depth__IBNLCO_04577__Uncharacterized__CDS__promoter,-0.008193908995194937,0.008193908995194937
cnv_depth__IBNLCO_00719__tssF__gene__promoter,0.008192932115048705,0.008192932115048705
cnv_depth__IBNLCO_05532__IBNLCO_05532__gene__promoter,-0.008191506797831217,0.008191506797831217
cnv_depth__IBNLCO_02092__GMP__CDS,-0.008184688425487906,0.008184688425487906
cnv_depth__IBNLCO_05226__IBNLCO_05226__gene__promoter,0.008181385524136794,0.008181385524136794
cnv_depth__IBNLCO_01451__fecR__gene,-0.008179058791296236,0.008179058791296236
cnv_depth__IBNLCO_04755__gnl|Bakta|IBNLCO_04755__CDS__promoter,0.008177925902561145,0.008177925902561145
cnv_depth__IBNLCO_03780__IBNLCO_03780__gene,-0.008176770282928432,0.008176770282928432
cnv_depth__IBNLCO_00023__lysR__gene,0.008170144425309089,0.008170144425309089
cnv_depth__IBNLCO_02614__NADP__CDS,-0.00816607176934146,0.00816607176934146
cnv_depth__IBNLCO_02309__Toprim__CDS__promoter,0.008163623934200597,0.008163623934200597
cnv_depth__IBNLCO_01535__Heme/hemopexin__CDS__promoter,-0.008158939281676344,0.008158939281676344
cnv_depth__IBNLCO_01515__DNA-binding__CDS,-0.008157332860635351,0.008157332860635351
cnv_depth__IBNLCO_01856__IBNLCO_01856__gene__promoter,-0.008152993295135086,0.008152993295135086
cnv_depth__IBNLCO_01108__IBNLCO_01108__gene,-0.00814782086871665,0.00814782086871665
cnv_depth__IBNLCO_01207__Cytochrome__CDS__promoter,0.008144145662077112,0.008144145662077112
cnv_depth__IBNLCO_00967__IBNLCO_00967__gene__promoter,-0.008143960031441013,0.008143960031441013
cnv_depth__IBNLCO_02580__Replication-associated__CDS__promoter,0.008142530976473921,0.008142530976473921
cnv_depth__IBNLCO_03257__wrbA__gene,-0.008139688324074423,0.008139688324074423
cnv_depth__IBNLCO_04564__Thiamine__CDS,-0.008136498873350193,0.008136498873350193
cnv_depth__IBNLCO_05046__IBNLCO_05046__gene,-0.00813536885551125,0.00813536885551125
cnv_depth__IBNLCO_01583__IBNLCO_01583__gene__promoter,-0.008131012790250832,0.008131012790250832
cnv_depth__IBNLCO_03255__Orotate__CDS__promoter,-0.00812741061442865,0.00812741061442865
cnv_depth__IBNLCO_01685__IBNLCO_01685__gene,0.008123595415487917,0.008123595415487917
cnv_depth__IBNLCO_03647__IBNLCO_03647__gene,-0.008123103589501718,0.008123103589501718
cnv_depth__IBNLCO_04598__Membrane__CDS__promoter,-0.008120958340619589,0.008120958340619589
cnv_depth__IBNLCO_04615__Major__CDS,0.008120408866329759,0.008120408866329759
cnv_depth__IBNLCO_05068__Transmembrane__CDS__promoter,-0.008114565619471843,0.008114565619471843
cnv_depth__IBNLCO_03844__IBNLCO_03844__gene__promoter,0.008110015364500471,0.008110015364500471
cnv_depth__IBNLCO_03280__IBNLCO_03280__gene,-0.008108791490639474,0.008108791490639474
cnv_depth__IBNLCO_04374__IBNLCO_04374__gene__promoter,-0.008098774646164588,0.008098774646164588
cnv_depth__IBNLCO_03511__IBNLCO_03511__gene,0.008098745373848089,0.008098745373848089
cnv_depth__IBNLCO_00667__sutR__gene__promoter,0.008096378534440098,0.008096378534440098
cnv_depth__IBNLCO_03810__HD__CDS__promoter,-0.008095045372847462,0.008095045372847462
cnv_depth__IBNLCO_04684__Cytochrome__CDS__promoter,-0.00808804841015296,0.00808804841015296
cnv_depth__IBNLCO_02060__hypothetical__CDS,0.008087998996179922,0.008087998996179922
cnv_depth__IBNLCO_01453__IBNLCO_01453__gene,0.008086563479714355,0.008086563479714355
cnv_depth__IBNLCO_05829__3-phenylpropionate-dihydrodiol/cinnamic__CDS__promoter,-0.008076661194451175,0.008076661194451175
cnv_depth__IBNLCO_04343__IBNLCO_04343__gene,-0.008075693800835265,0.008075693800835265
cnv_depth__IBNLCO_02078__DUF1993__CDS,-0.008071524535264413,0.008071524535264413
cnv_depth__IBNLCO_02526__IBNLCO_02526__gene__promoter,-0.008060472760846005,0.008060472760846005
cnv_depth__IBNLCO_01947__Putative__CDS,-0.008054313383733717,0.008054313383733717
cnv_depth__IBNLCO_05773__IBNLCO_05773__gene__promoter,0.008048162896182329,0.008048162896182329
cnv_depth__IBNLCO_05686__IBNLCO_05686__gene__promoter,0.008047118420622758,0.008047118420622758
cnv_depth__IBNLCO_02516__hypothetical__CDS,-0.008041096229556554,0.008041096229556554
cnv_depth__IBNLCO_00186__IBNLCO_00186__gene__promoter,0.008040076556960676,0.008040076556960676
cnv_depth__IBNLCO_04289__IBNLCO_04289__gene,-0.008034993080469809,0.008034993080469809
cnv_depth__IBNLCO_02707__IBNLCO_02707__gene,-0.008030935390419955,0.008030935390419955
cnv_depth__IBNLCO_02436__hypothetical__CDS,0.00802600999995655,0.00802600999995655
cnv_depth__IBNLCO_05754__IBNLCO_05754__gene__promoter,-0.008020589322414244,0.008020589322414244
cnv_depth__IBNLCO_01669__non-ribosomal__CDS__promoter,0.008018598188616471,0.008018598188616471
cnv_depth__IBNLCO_00522__IBNLCO_00522__gene__promoter,0.008006627864928322,0.008006627864928322
cnv_depth__IBNLCO_00313__IBNLCO_00313__gene__promoter,0.007998762463562613,0.007998762463562613
cnv_depth__IBNLCO_01893__putative__CDS,0.007997517185414985,0.007997517185414985
cnv_depth__IBNLCO_02283__IBNLCO_02283__gene,-0.007995605682074646,0.007995605682074646
cnv_depth__IBNLCO_04714__Major__CDS,-0.007990767962807135,0.007990767962807135
cnv_depth__IBNLCO_00415__IBNLCO_00415__gene,0.007984962514552349,0.007984962514552349
cnv_depth__IBNLCO_01432__UPF0145__CDS__promoter,-0.007977268182923393,0.007977268182923393
cnv_depth__IBNLCO_04055__Major__CDS,-0.007977208288650662,0.007977208288650662
cnv_depth__IBNLCO_00386__IBNLCO_00386__gene__promoter,-0.007976560338222855,0.007976560338222855
cnv_depth__IBNLCO_04413__IBNLCO_04413__gene,0.007968685575288015,0.007968685575288015
cnv_depth__IBNLCO_03016__IBNLCO_03016__gene__promoter,-0.007967260775458063,0.007967260775458063
cnv_depth__IBNLCO_04205__lysR__gene__promoter,0.00796282159142455,0.00796282159142455
cnv_depth__IBNLCO_03319__gspK__gene,0.007960705490851108,0.007960705490851108
cnv_depth__IBNLCO_03908__hypothetical__CDS,0.007960387717597604,0.007960387717597604
cnv_depth__IBNLCO_00762__Tyrosine__CDS__promoter,0.007945816198877095,0.007945816198877095
cnv_depth__IBNLCO_02157__IBNLCO_02157__gene__promoter,-0.007945778018704518,0.007945778018704518
cnv_depth__IBNLCO_05093__IBNLCO_05093__gene__promoter,-0.007944417002255654,0.007944417002255654
cnv_depth__IBNLCO_04230__IBNLCO_04230__gene,0.007937556146988168,0.007937556146988168
cnv_depth__IBNLCO_00701__mnmH__gene,-0.007934751362511953,0.007934751362511953
cnv_depth__IBNLCO_00703__IBNLCO_00703__gene__promoter,-0.007933695375747804,0.007933695375747804
cnv_depth__IBNLCO_01489__hypothetical__CDS__promoter,0.00793205990076553,0.00793205990076553
cnv_depth__IBNLCO_01651__capistruin__CDS__promoter,0.007928110022370314,0.007928110022370314
cnv_depth__IBNLCO_00292__IBNLCO_00292__gene,0.007926070715714826,0.007926070715714826
cnv_depth__IBNLCO_05706__IBNLCO_05706__gene,0.007923851952187406,0.007923851952187406
cnv_depth__IBNLCO_01252__Calcineurin-like__CDS,-0.007922713091865905,0.007922713091865905
cnv_depth__IBNLCO_00113__DprA__CDS,0.007921486705393607,0.007921486705393607
cnv_depth__IBNLCO_02498__gnl|Bakta|IBNLCO_02498__CDS,0.007914638367065858,0.007914638367065858
cnv_depth__IBNLCO_00429__IBNLCO_00429__gene,0.007911530767334887,0.007911530767334887
cnv_depth__IBNLCO_02920__IBNLCO_02920__gene__promoter,0.007910956920050746,0.007910956920050746
cnv_depth__IBNLCO_02816__DNA__CDS,-0.007909303678455841,0.007909303678455841
cnv_depth__IBNLCO_04903__Aspartyl/asparaginy/proline__CDS,0.007908409600873481,0.007908409600873481
cnv_depth__IBNLCO_01359__glgX__gene__promoter,0.007903433002979082,0.007903433002979082
cnv_depth__IBNLCO_00751__General__CDS__promoter,-0.007899968805768046,0.007899968805768046
cnv_depth__IBNLCO_00997__Histidine__CDS,0.007899480235604687,0.007899480235604687
cnv_depth__IBNLCO_00318__IBNLCO_00318__gene,-0.007898154889843719,0.007898154889843719
cnv_depth__IBNLCO_00508__IBNLCO_00508__gene__promoter,0.007894683381935469,0.007894683381935469
cnv_depth__IBNLCO_03340__hypothetical__CDS__promoter,0.00788926715927956,0.00788926715927956
cnv_depth__IBNLCO_01298__IBNLCO_01298__gene__promoter,-0.007885280620876563,0.007885280620876563
cnv_depth__IBNLCO_04664__IBNLCO_04664__gene,0.007880488688700822,0.007880488688700822
cnv_depth__IBNLCO_02835__phnK__gene__promoter,-0.007876390705649976,0.007876390705649976
cnv_depth__IBNLCO_04746__L-threonine__CDS,-0.007873990585449598,0.007873990585449598
cnv_depth__IBNLCO_00266__flagellar__CDS,0.007873559140464614,0.007873559140464614
cnv_depth__IBNLCO_04811__IBNLCO_04811__gene__promoter,-0.007870547114067953,0.007870547114067953
cnv_depth__IBNLCO_04300__IBNLCO_04300__gene__promoter,-0.007870357636990712,0.007870357636990712
cnv_depth__IBNLCO_04699__IBNLCO_04699__gene,0.007869785997995433,0.007869785997995433
cnv_depth__IBNLCO_04526__Iron__CDS,0.007868863313706663,0.007868863313706663
cnv_depth__IBNLCO_02530__IBNLCO_02530__gene__promoter,-0.00786752736122936,0.00786752736122936
cnv_depth__IBNLCO_00015__hypothetical__CDS,0.007860541933081546,0.007860541933081546
cnv_depth__IBNLCO_05693__IBNLCO_05693__gene__promoter,0.007860154000430079,0.007860154000430079
cnv_depth__IBNLCO_04217__hypothetical__CDS,-0.007857608316733695,0.007857608316733695
cnv_depth__IBNLCO_00311__copper-binding__CDS__promoter,-0.007856701082178634,0.007856701082178634
cnv_depth__IBNLCO_05660__IBNLCO_05660__gene__promoter,0.007854069465831373,0.007854069465831373
cnv_depth__IBNLCO_03275__IBNLCO_03275__gene__promoter,-0.007850164970025587,0.007850164970025587
cnv_depth__IBNLCO_01675__Corrinoid__CDS__promoter,0.007846677295346183,0.007846677295346183
cnv_depth__IBNLCO_00943__zapA__gene__promoter,0.007840795312529044,0.007840795312529044
cnv_depth__IBNLCO_02769__IBNLCO_02769__gene,-0.007836102019141596,0.007836102019141596
cnv_depth__IBNLCO_04493__IBNLCO_04493__gene,-0.007829233958813821,0.007829233958813821
cnv_depth__IBNLCO_05136__IBNLCO_05136__gene__promoter,-0.00782816843801838,0.00782816843801838
cnv_depth__IBNLCO_00988__IBNLCO_00988__gene__promoter,-0.007821185605689075,0.007821185605689075
cnv_depth__IBNLCO_04649__Phosphopantetheine__CDS__promoter,-0.007820942863387267,0.007820942863387267
cnv_depth__IBNLCO_05021__bsaQ__gene__promoter,-0.007819840759509655,0.007819840759509655
cnv_depth__IBNLCO_00592__IBNLCO_00592__gene__promoter,0.007818060987026544,0.007818060987026544
cnv_depth__IBNLCO_00322__IBNLCO_00322__gene__promoter,0.007813459238312545,0.007813459238312545
cnv_depth__IBNLCO_01355__IBNLCO_01355__gene__promoter,-0.007810415440878164,0.007810415440878164
cnv_depth__IBNLCO_04802__Major__CDS__promoter,-0.007809364665142111,0.007809364665142111
cnv_depth__IBNLCO_03909__IBNLCO_03909__gene__promoter,0.007805563951451455,0.007805563951451455
cnv_depth__IBNLCO_00115__Methionyl-tRNA__CDS,-0.007803700375455284,0.007803700375455284
cnv_depth__IBNLCO_01872__Phosphate__CDS__promoter,-0.007798463202919767,0.007798463202919767
cnv_depth__IBNLCO_02841__IBNLCO_02841__gene,0.007795640606312113,0.007795640606312113
cnv_depth__IBNLCO_02065__5-hydroxyisourate__CDS__promoter,-0.007794632911250722,0.007794632911250722
cnv_depth__IBNLCO_01578__IBNLCO_01578__gene,0.007791245700061342,0.007791245700061342
cnv_depth__IBNLCO_03563__hypothetical__CDS__promoter,0.007788028332833028,0.007788028332833028
cnv_depth__IBNLCO_00056__Transcription__CDS,-0.007787913770265207,0.007787913770265207
cnv_depth__IBNLCO_02993__IBNLCO_02993__gene__promoter,0.007784285132277212,0.007784285132277212
cnv_depth__IBNLCO_02939__MFS__CDS,-0.007782846634859776,0.007782846634859776
cnv_depth__IBNLCO_03559__hypothetical__CDS__promoter,0.007765072811183802,0.007765072811183802
cnv_depth__IBNLCO_05728__IBNLCO_05728__gene__promoter,0.007763183565891458,0.007763183565891458
cnv_depth__IBNLCO_03121__IBNLCO_03121__gene__promoter,0.0077533921047694375,0.0077533921047694375
cnv_depth__IBNLCO_01460__hypothetical__CDS__promoter,-0.007749019755192655,0.007749019755192655
cnv_depth__IBNLCO_02053__IBNLCO_02053__gene,0.007746839059191337,0.007746839059191337
cnv_depth__IBNLCO_01174__IBNLCO_01174__gene,-0.007743501645793835,0.007743501645793835
cnv_depth__IBNLCO_03631__IBNLCO_03631__gene__promoter,0.00773539541429925,0.00773539541429925
cnv_depth__IBNLCO_00493__IBNLCO_00493__gene,0.007732225452813222,0.007732225452813222
cnv_depth__IBNLCO_02896__Large__CDS__promoter,0.0077313406076240905,0.0077313406076240905
cnv_depth__IBNLCO_03969__Integral__CDS,-0.007718689485948449,0.007718689485948449
cnv_depth__IBNLCO_03140__ATP__CDS,0.007714519643022422,0.007714519643022422
cnv_depth__IBNLCO_04345__IBNLCO_04345__gene,-0.007713346365781981,0.007713346365781981
cnv_depth__IBNLCO_05826__Putative__CDS,0.007708976023288261,0.007708976023288261
cnv_depth__IBNLCO_03067__IBNLCO_03067__gene__promoter,0.007698430672471067,0.007698430672471067
cnv_depth__IBNLCO_04704__assimilatory__CDS__promoter,-0.007693346243102331,0.007693346243102331
cnv_depth__IBNLCO_02252__Protein__CDS,-0.007687196897039978,0.007687196897039978
cnv_depth__IBNLCO_03967__phosphoenolpyruvate__CDS,-0.007684350527325694,0.007684350527325694
cnv_depth__IBNLCO_02090__IBNLCO_02090__gene__promoter,0.007682657600141209,0.007682657600141209
cnv_depth__IBNLCO_03292__IBNLCO_03292__gene__promoter,0.007682257856729384,0.007682257856729384
cnv_depth__IBNLCO_01704__Ornithine__CDS,-0.007681397159829544,0.007681397159829544
cnv_depth__IBNLCO_04070__Metal-dependent__CDS,0.007678692060277766,0.007678692060277766
cnv_depth__IBNLCO_03964__IBNLCO_03964__gene,-0.007677788761838525,0.007677788761838525
cnv_depth__IBNLCO_04596__IBNLCO_04596__gene__promoter,-0.007673297929034296,0.007673297929034296
cnv_depth__IBNLCO_00601__IBNLCO_00601__gene__promoter,-0.00766322126218409,0.00766322126218409
cnv_depth__IBNLCO_01993__IBNLCO_01993__gene__promoter,0.007660243509791993,0.007660243509791993
cnv_depth__IBNLCO_02346__Coproporphyrinogen-III__CDS,-0.007657569547250799,0.007657569547250799
cnv_depth__IBNLCO_05599__IBNLCO_05599__gene,0.00764645731306246,0.00764645731306246
cnv_depth__IBNLCO_00625__IBNLCO_00625__gene__promoter,-0.007644885657985039,0.007644885657985039
cnv_depth__IBNLCO_01464__IBNLCO_01464__gene,0.0076412382374321545,0.0076412382374321545
cnv_depth__IBNLCO_03560__hypothetical__CDS,0.007640389167806211,0.007640389167806211
cnv_depth__IBNLCO_05124__IBNLCO_05124__gene,-0.007637067039704844,0.007637067039704844
cnv_depth__IBNLCO_00364__IBNLCO_00364__gene__promoter,0.007636872459161224,0.007636872459161224
cnv_depth__IBNLCO_03462__Methyltransferase__CDS,0.007635968284461508,0.007635968284461508
cnv_depth__IBNLCO_00617__IBNLCO_00617__gene__promoter,0.00763520283490747,0.00763520283490747
cnv_depth__IBNLCO_01678__Zinc__CDS__promoter,-0.007633385570425883,0.007633385570425883
cnv_depth__IBNLCO_01851__IBNLCO_01851__gene__promoter,-0.007629526293122494,0.007629526293122494
cnv_depth__IBNLCO_03276__IBNLCO_03276__gene__promoter,0.0076251796940799135,0.0076251796940799135
cnv_depth__IBNLCO_05785__IBNLCO_05785__gene,0.007622756598979928,0.007622756598979928
cnv_depth__IBNLCO_05212__IBNLCO_05212__gene__promoter,0.007620590418593275,0.007620590418593275
cnv_depth__IBNLCO_04821__IBNLCO_04821__gene__promoter,-0.007617319782312446,0.007617319782312446
cnv_depth__IBNLCO_01147__2-isopropylmalate__CDS__promoter,-0.0076102788591863035,0.0076102788591863035
cnv_depth__IBNLCO_02062__IBNLCO_02062__gene__promoter,-0.007608955899641319,0.007608955899641319
cnv_depth__IBNLCO_03190__IBNLCO_03190__gene__promoter,0.007608122630875725,0.007608122630875725
cnv_depth__IBNLCO_02454__Multidrug__CDS__promoter,-0.007607946263408449,0.007607946263408449
cnv_depth__IBNLCO_05812__IBNLCO_05812__gene__promoter,0.0076070484485361144,0.0076070484485361144
cnv_depth__IBNLCO_00270__flgE__gene,-0.0076061496641253055,0.0076061496641253055
cnv_depth__IBNLCO_04856__IBNLCO_04856__gene__promoter,-0.007602231018296062,0.007602231018296062
cnv_depth__IBNLCO_00446__Protein-export__CDS__promoter,-0.007599687923004322,0.007599687923004322
cnv_depth__IBNLCO_01525__Multidrug__CDS,-0.00759728051198294,0.00759728051198294
cnv_depth__IBNLCO_02225__IBNLCO_02225__gene__promoter,-0.007595280490430222,0.007595280490430222
cnv_depth__IBNLCO_02962__Carboxypeptidase__CDS,-0.007591882643432154,0.007591882643432154
cnv_depth__IBNLCO_01325__gnl|Bakta|IBNLCO_01325__CDS,0.007580154299021765,0.007580154299021765
cnv_depth__IBNLCO_02681__yybR__gene__promoter,-0.007573535847517856,0.007573535847517856
cnv_depth__IBNLCO_05105__bsaZ__gene,-0.007570154317964931,0.007570154317964931
cnv_depth__IBNLCO_01065__EamA__CDS__promoter,-0.007569837736445247,0.007569837736445247
cnv_depth__IBNLCO_05007__SctA__CDS,-0.0075696970295029,0.0075696970295029
cnv_depth__IBNLCO_00890__IBNLCO_00890__gene,-0.0075682479729138295,0.0075682479729138295
cnv_depth__IBNLCO_01742__IBNLCO_01742__gene,-0.007566056069640661,0.007566056069640661
cnv_depth__IBNLCO_03617__clpB__gene__promoter,0.007556919813028288,0.007556919813028288
cnv_depth__IBNLCO_02922__IBNLCO_02922__gene__promoter,-0.007553784168291129,0.007553784168291129
cnv_depth__IBNLCO_01859__Inner__CDS,-0.0075537501681236475,0.0075537501681236475
cnv_depth__IBNLCO_05791__UspA__CDS,0.007551194994800289,0.007551194994800289
cnv_depth__IBNLCO_05816__Oxygen__CDS,-0.007545882743292904,0.007545882743292904
cnv_depth__IBNLCO_00725__Two-component__CDS__promoter,-0.007545256280727137,0.007545256280727137
cnv_depth__IBNLCO_04667__PKHD-type__CDS__promoter,-0.007542494982026787,0.007542494982026787
cnv_depth__IBNLCO_04271__HTH__CDS,-0.007541051234129415,0.007541051234129415
cnv_depth__IBNLCO_03825__hypothetical__CDS__promoter,0.007538227445719906,0.007538227445719906
cnv_depth__IBNLCO_03582__IBNLCO_03582__gene,0.007535855355246666,0.007535855355246666
cnv_depth__IBNLCO_03016__IBNLCO_03016__gene,-0.007532911096920211,0.007532911096920211
cnv_depth__IBNLCO_04241__IBNLCO_04241__gene,-0.007528582605808118,0.007528582605808118
cnv_depth__IBNLCO_01225__Cysteine__CDS,-0.007525632981998702,0.007525632981998702
cnv_depth__IBNLCO_03704__IBNLCO_03704__gene,-0.0075201287713071285,0.0075201287713071285
cnv_depth__IBNLCO_02716__HTH__CDS__promoter,0.007518318615319938,0.007518318615319938
cnv_depth__IBNLCO_03384__aidB__gene,0.007514148016411538,0.007514148016411538
cnv_depth__IBNLCO_04671__IBNLCO_04671__gene__promoter,0.007512488369692508,0.007512488369692508
cnv_depth__IBNLCO_04201__Multidrug__CDS,-0.007507403333145223,0.007507403333145223
cnv_depth__IBNLCO_05612__cysteine__CDS,-0.007501514525215826,0.007501514525215826
cnv_depth__IBNLCO_02860__hypothetical__CDS__promoter,0.007500024564211386,0.007500024564211386
cnv_depth__IBNLCO_01378__SCO__CDS__promoter,-0.007497289754677864,0.007497289754677864
cnv_depth__IBNLCO_01573__IBNLCO_01573__gene,-0.007490486023808354,0.007490486023808354
cnv_depth__IBNLCO_02450__Protein__CDS__promoter,-0.007485564945917412,0.007485564945917412
cnv_depth__IBNLCO_03728__IBNLCO_03728__gene,0.007475371491478967,0.007475371491478967
cnv_depth__IBNLCO_03725__iclR__gene__promoter,0.007468104499901328,0.007468104499901328
cnv_depth__IBNLCO_04421__IBNLCO_04421__gene,0.00745712566283177,0.00745712566283177
cnv_depth__IBNLCO_04295__IBNLCO_04295__gene__promoter,0.0074462187619278785,0.0074462187619278785
cnv_depth__IBNLCO_02649__IBNLCO_02649__gene__promoter,-0.007445887769904988,0.007445887769904988
cnv_depth__IBNLCO_03660__Radical__CDS__promoter,0.007435876735064884,0.007435876735064884
cnv_depth__IBNLCO_05813__Putative__CDS,0.007432417158069944,0.007432417158069944
cnv_depth__IBNLCO_00189__AmpG__CDS__promoter,0.007432002409219127,0.007432002409219127
cnv_depth__IBNLCO_04519__Helix-turn-helix__CDS,0.0074307242062558,0.0074307242062558
cnv_depth__IBNLCO_01309__IBNLCO_01309__gene__promoter,-0.0074207842458514925,0.0074207842458514925
cnv_depth__IBNLCO_03261__Outer__CDS__promoter,0.007415822001003091,0.007415822001003091
cnv_depth__IBNLCO_00430__IBNLCO_00430__gene__promoter,0.007415758886843831,0.007415758886843831
cnv_depth__IBNLCO_00716__IBNLCO_00716__gene__promoter,-0.007403359425559471,0.007403359425559471
cnv_depth__IBNLCO_05176__GDP-mannose__CDS__promoter,-0.007401634508112843,0.007401634508112843
cnv_depth__IBNLCO_03301__hypothetical__CDS__promoter,0.0074012207045534555,0.0074012207045534555
cnv_depth__IBNLCO_01738__gnl|Bakta|IBNLCO_01738__CDS__promoter,-0.007396410081155415,0.007396410081155415
cnv_depth__IBNLCO_00389__IBNLCO_00389__gene,0.007395736913619544,0.007395736913619544
cnv_depth__IBNLCO_00187__yqhC__gene,0.0073905457129582915,0.0073905457129582915
cnv_depth__IBNLCO_04095__IBNLCO_04095__gene__promoter,0.007389307832453594,0.007389307832453594
cnv_depth__IBNLCO_03148__mlaD__gene,0.007387012602107636,0.007387012602107636
cnv_depth__IBNLCO_05445__ATP__CDS__promoter,0.007382093729455029,0.007382093729455029
cnv_depth__IBNLCO_02387__IBNLCO_02387__gene,0.007378556805080654,0.007378556805080654
cnv_depth__IBNLCO_04459__IBNLCO_04459__gene,0.007373827921501262,0.007373827921501262
cnv_depth__IBNLCO_00673__IBNLCO_00673__gene,-0.007366380285608862,0.007366380285608862
cnv_depth__IBNLCO_02517__IBNLCO_02517__gene,-0.007362404108986062,0.007362404108986062
cnv_depth__IBNLCO_00608__IBNLCO_00608__gene,-0.007357239896894721,0.007357239896894721
cnv_depth__IBNLCO_05673__Ubiquinone__CDS__promoter,0.007354463615425649,0.007354463615425649
cnv_depth__IBNLCO_00943__zapA__gene,0.007350857635891993,0.007350857635891993
cnv_depth__IBNLCO_05212__Malate__CDS,0.0073506924001097325,0.0073506924001097325
cnv_depth__IBNLCO_01285__IBNLCO_01285__gene__promoter,-0.007343803561117347,0.007343803561117347
cnv_depth__IBNLCO_00276__ycgR__gene__promoter,-0.007342336775527714,0.007342336775527714
cnv_depth__IBNLCO_05242__IBNLCO_05242__gene__promoter,-0.007341694300351481,0.007341694300351481
cnv_depth__IBNLCO_05317__hypothetical__CDS__promoter,0.007340854411979624,0.007340854411979624
cnv_depth__IBNLCO_03818__gnl|Bakta|IBNLCO_03818__CDS__promoter,-0.007337851430090762,0.007337851430090762
cnv_depth__IBNLCO_05022__bsaP__gene,-0.007337347346221361,0.007337347346221361
cnv_depth__IBNLCO_00486__IBNLCO_00486__gene,0.007335000117907166,0.007335000117907166
cnv_depth__IBNLCO_02174__PXPV__CDS,-0.007334599119445747,0.007334599119445747
cnv_depth__IBNLCO_02064__8-oxoguanine__CDS__promoter,-0.007331344334341171,0.007331344334341171
cnv_depth__IBNLCO_00407__NADH-quinone__CDS__promoter,0.007327660270863208,0.007327660270863208
cnv_depth__IBNLCO_05131__IBNLCO_05131__gene,-0.0073218217771323256,0.0073218217771323256
cnv_depth__IBNLCO_02067__IBNLCO_02067__gene,-0.007321462426287279,0.007321462426287279
cnv_depth__IBNLCO_03366__ADP-heptose--LPS__CDS,-0.007317293264018509,0.007317293264018509
cnv_depth__IBNLCO_02951__IBNLCO_02951__gene__promoter,-0.007314471115153523,0.007314471115153523
cnv_depth__IBNLCO_02761__IBNLCO_02761__gene,-0.007308494669286529,0.007308494669286529
cnv_depth__IBNLCO_01305__AttH__CDS,0.007304237003869125,0.007304237003869125
cnv_depth__IBNLCO_01674__Cobyrinate__CDS__promoter,0.0073039902203397246,0.0073039902203397246
cnv_depth__IBNLCO_03858__hypothetical__CDS__promoter,0.007302418845116269,0.007302418845116269
cnv_depth__IBNLCO_03574__IBNLCO_03574__gene,-0.007302356832572209,0.007302356832572209
cnv_depth__IBNLCO_02263__Cysteine-rich__CDS__promoter,0.007302225370818757,0.007302225370818757
cnv_depth__IBNLCO_02793__manC__gene__promoter,0.0073018017492387545,0.0073018017492387545
cnv_depth__IBNLCO_04967__IBNLCO_04967__gene,-0.00730144576046915,0.00730144576046915
cnv_depth__IBNLCO_01658__Short__CDS__promoter,0.007300171533180174,0.007300171533180174
cnv_depth__IBNLCO_00862__IBNLCO_00862__gene__promoter,0.0072946129066570175,0.0072946129066570175
cnv_depth__IBNLCO_00735__hypothetical__CDS,0.007288472220804787,0.007288472220804787
cnv_depth__IBNLCO_04539__irlS__gene,0.007285965271963802,0.007285965271963802
cnv_depth__IBNLCO_01998__3-methylmercaptopropionyl-CoA__CDS,0.0072859550392509985,0.0072859550392509985
cnv_depth__IBNLCO_01354__gnl|Bakta|IBNLCO_01354__CDS,-0.007284108182092806,0.007284108182092806
cnv_depth__IBNLCO_00751__gspH__gene,-0.007281590371937867,0.007281590371937867
cnv_depth__IBNLCO_02320__Formimidoylglutamate__CDS,0.007276434800200254,0.007276434800200254
cnv_depth__IBNLCO_00051__IBNLCO_00051__gene,-0.007275123629814559,0.007275123629814559
cnv_depth__IBNLCO_05128__High-copy__CDS,-0.007270177534945374,0.007270177534945374
cnv_depth__IBNLCO_02888__IBNLCO_02888__gene,0.007264581523315805,0.007264581523315805
cnv_depth__IBNLCO_02304__IBNLCO_02304__gene,0.007263066294795708,0.007263066294795708
cnv_depth__IBNLCO_03140__IBNLCO_03140__gene__promoter,0.007263051713147486,0.007263051713147486
cnv_depth__IBNLCO_04580__IBNLCO_04580__gene__promoter,-0.007257048740571734,0.007257048740571734
cnv_depth__IBNLCO_04154__2-hydroxyhepta-2%2C4-diene-1%2C7-dioate__CDS,-0.007248563572484678,0.007248563572484678
cnv_depth__IBNLCO_01292__IBNLCO_01292__gene__promoter,0.00724378900823787,0.00724378900823787
cnv_depth__IBNLCO_04744__IBNLCO_04744__gene__promoter,-0.0072403181292444154,0.0072403181292444154
cnv_depth__IBNLCO_03303__chemotaxis__CDS,-0.007237410530366755,0.007237410530366755
cnv_depth__IBNLCO_03509__IBNLCO_03509__gene__promoter,-0.0072363391981113715,0.0072363391981113715
cnv_depth__IBNLCO_03948__hypothetical__CDS,-0.007234404719780163,0.007234404719780163
cnv_depth__IBNLCO_01932__HTH__CDS__promoter,-0.007230190729175656,0.007230190729175656
cnv_depth__IBNLCO_05649__iclR__gene__promoter,0.00722998517632455,0.00722998517632455
cnv_depth__IBNLCO_03236__rrf__gene__promoter,0.007226475408945679,0.007226475408945679
cnv_depth__IBNLCO_04758__Membrane-bound__CDS,-0.007224897990161605,0.007224897990161605
cnv_depth__IBNLCO_01420__IBNLCO_01420__gene,-0.007221877406458092,0.007221877406458092
cnv_depth__IBNLCO_02131__Chromosome__CDS,-0.0072174395116581525,0.0072174395116581525
cnv_depth__IBNLCO_03358__hypothetical__CDS__promoter,0.007212753371839201,0.007212753371839201
cnv_depth__IBNLCO_02148__IBNLCO_02148__gene__promoter,0.007201845992953924,0.007201845992953924
cnv_depth__IBNLCO_04379__N-acylhomoserine__CDS__promoter,0.007200708293786729,0.007200708293786729
cnv_depth__IBNLCO_02056__Penicillin-binding__CDS__promoter,0.007195312142550331,0.007195312142550331
cnv_depth__IBNLCO_01450__IBNLCO_01450__gene,-0.007193287241595448,0.007193287241595448
cnv_depth__IBNLCO_01100__gnl|Bakta|IBNLCO_01100__CDS__promoter,-0.007192799320649301,0.007192799320649301
cnv_depth__IBNLCO_03307__methyl-accepting__CDS,0.007191619425729179,0.007191619425729179
cnv_depth__IBNLCO_05061__Cellulose__CDS,0.007187890550916011,0.007187890550916011
cnv_depth__IBNLCO_01955__hypothetical__CDS__promoter,-0.0071861173001761145,0.0071861173001761145
cnv_depth__IBNLCO_03868__IBNLCO_03868__gene__promoter,-0.007182971267092279,0.007182971267092279
cnv_depth__IBNLCO_03208__IBNLCO_03208__gene,0.007180851059076214,0.007180851059076214
cnv_depth__IBNLCO_05628__IBNLCO_05628__gene,0.007176930611522747,0.007176930611522747
cnv_depth__IBNLCO_00534__IBNLCO_00534__gene,-0.007174402222361631,0.007174402222361631
cnv_depth__IBNLCO_02859__IBNLCO_02859__gene__promoter,0.007169661749261603,0.007169661749261603
cnv_depth__IBNLCO_05307__Linear__CDS,-0.0071688056577720585,0.0071688056577720585
cnv_depth__IBNLCO_00630__ubiB__gene,-0.007168534960210702,0.007168534960210702
cnv_depth__IBNLCO_00203__Tyrosine__CDS,-0.007165851409604579,0.007165851409604579
cnv_depth__IBNLCO_02906__Co-chaperonin__CDS__promoter,-0.007165355850803657,0.007165355850803657
cnv_depth__IBNLCO_01945__IBNLCO_01945__gene,0.007163491310365857,0.007163491310365857
cnv_depth__IBNLCO_02552__Porin__CDS__promoter,0.007156067067777775,0.007156067067777775
cnv_depth__IBNLCO_03386__IBNLCO_03386__gene,0.007149355840085518,0.007149355840085518
cnv_depth__IBNLCO_00424__Cation/acetate__CDS,-0.007147748746670473,0.007147748746670473
cnv_depth__IBNLCO_03192__IBNLCO_03192__gene__promoter,0.007144210263998044,0.007144210263998044
cnv_depth__IBNLCO_00247__IBNLCO_00247__gene,-0.007142831227667474,0.007142831227667474
cnv_depth__IBNLCO_04038__High-affinity__CDS,0.007139125785556486,0.007139125785556486
cnv_depth__IBNLCO_04003__HTH-type__CDS,-0.007137604595902563,0.007137604595902563
cnv_depth__IBNLCO_05501__IBNLCO_05501__gene__promoter,-0.007132908748618528,0.007132908748618528
cnv_depth__IBNLCO_04599__IBNLCO_04599__gene,-0.007126575531751294,0.007126575531751294
cnv_depth__IBNLCO_05796__Alpha/beta__CDS,-0.0071131614141790025,0.0071131614141790025
cnv_depth__IBNLCO_03313__flhC__gene,0.007112331670193821,0.007112331670193821
cnv_depth__IBNLCO_02010__gnl|Bakta|IBNLCO_02010__CDS,0.007099083210799279,0.007099083210799279
cnv_depth__IBNLCO_05268__IBNLCO_05268__gene__promoter,0.007098178260355756,0.007098178260355756
cnv_depth__IBNLCO_02565__IBNLCO_02565__gene,-0.007096133460753319,0.007096133460753319
cnv_depth__IBNLCO_04259__Altronate__CDS,-0.0070956628048855054,0.0070956628048855054
cnv_depth__IBNLCO_02609__Bp1_738__gene,0.0070939290134614625,0.0070939290134614625
cnv_depth__IBNLCO_02088__S-adenosylhomocysteine__CDS__promoter,0.007093491432502001,0.007093491432502001
cnv_depth__IBNLCO_04586__Riboflavin__CDS,0.007090350224114775,0.007090350224114775
cnv_depth__IBNLCO_00205__IBNLCO_00205__gene__promoter,0.007089788863613704,0.007089788863613704
cnv_depth__IBNLCO_03226__Large__CDS__promoter,0.007086781340975887,0.007086781340975887
cnv_depth__IBNLCO_02055__IBNLCO_02055__gene__promoter,-0.007084097479518074,0.007084097479518074
cnv_depth__IBNLCO_04001__gnl|Bakta|IBNLCO_04001__CDS__promoter,-0.007083336960069207,0.007083336960069207
cnv_depth__IBNLCO_03203__Small__CDS__promoter,0.007081764674970915,0.007081764674970915
cnv_depth__IBNLCO_03405__parB__gene__promoter,-0.0070795484862972245,0.0070795484862972245
cnv_depth__IBNLCO_03180__msrP__gene,0.007077193054909492,0.007077193054909492
cnv_depth__IBNLCO_02980__IBNLCO_02980__gene,0.007076363306268151,0.007076363306268151
cnv_depth__IBNLCO_02138__IBNLCO_02138__gene__promoter,-0.0070674012931821635,0.0070674012931821635
cnv_depth__IBNLCO_02675__IBNLCO_02675__gene__promoter,-0.007066486764121344,0.007066486764121344
cnv_depth__IBNLCO_03621__tssF__gene__promoter,0.007064153355883418,0.007064153355883418
cnv_depth__IBNLCO_04483__UDP-N-acetylglucosamine__CDS__promoter,-0.007063965605120925,0.007063965605120925
cnv_depth__IBNLCO_00455__ctaG__gene,-0.007060380527149471,0.007060380527149471
cnv_depth__IBNLCO_04725__IBNLCO_04725__gene,0.007057193942200917,0.007057193942200917
cnv_depth__IBNLCO_00388__DUF3567__CDS,0.0070518956881978154,0.0070518956881978154
cnv_depth__IBNLCO_00849__Small__CDS,0.007051318124954928,0.007051318124954928
cnv_depth__IBNLCO_00565__IBNLCO_00565__gene,0.007048628816631988,0.007048628816631988
cnv_depth__IBNLCO_00625__IBNLCO_00625__gene,-0.007047874244003167,0.007047874244003167
cnv_depth__IBNLCO_01001__IBNLCO_01001__gene__promoter,-0.007046147166667262,0.007046147166667262
cnv_depth__IBNLCO_05025__Type__CDS,-0.0070429278785798955,0.0070429278785798955
cnv_depth__IBNLCO_01394__vgrG1__gene,-0.007040522200295224,0.007040522200295224
cnv_depth__IBNLCO_04652__1-aminocyclopropane-1-carboxylate__CDS__promoter,0.007040009038888254,0.007040009038888254
cnv_depth__IBNLCO_00274__flgI__gene__promoter,0.007034670097067663,0.007034670097067663
cnv_depth__IBNLCO_00095__RNA__CDS__promoter,-0.007030724355739523,0.007030724355739523
cnv_depth__IBNLCO_04801__HTH__CDS,-0.007029082912955493,0.007029082912955493
cnv_depth__IBNLCO_01895__Adenylosuccinate__CDS__promoter,-0.007026262655755365,0.007026262655755365
cnv_depth__IBNLCO_02861__IBNLCO_02861__gene,0.00702431633839188,0.00702431633839188
cnv_depth__IBNLCO_03460__DUF2063__CDS,-0.007023642360296022,0.007023642360296022
cnv_depth__IBNLCO_01676__Cobalamin__CDS__promoter,-0.007023202421199353,0.007023202421199353
cnv_depth__IBNLCO_05718__IBNLCO_05718__gene,0.007016549032833716,0.007016549032833716
cnv_depth__IBNLCO_01462__hypothetical__CDS__promoter,0.007008598202527359,0.007008598202527359
cnv_depth__IBNLCO_02603__Riboflavin__CDS__promoter,-0.007002338272666474,0.007002338272666474
cnv_depth__IBNLCO_03955__DUF403__CDS,0.006994161463852891,0.006994161463852891
cnv_depth__IBNLCO_02161__tRNA-Asp(gtc)__tRNA,-0.0069933191928898825,0.0069933191928898825
cnv_depth__IBNLCO_00666__IBNLCO_00666__gene,0.0069751024875657685,0.0069751024875657685
cnv_depth__IBNLCO_02091__hypothetical__CDS__promoter,0.0069741890703950765,0.0069741890703950765
cnv_depth__IBNLCO_00082__IBNLCO_00082__gene,0.006974089140962004,0.006974089140962004
cnv_depth__IBNLCO_03210__IBNLCO_03210__gene__promoter,0.006968347526795122,0.006968347526795122
cnv_depth__IBNLCO_04295__leucine--tRNA__CDS,0.0069668682169091185,0.0069668682169091185
cnv_depth__IBNLCO_04917__IBNLCO_04917__gene,-0.006960276618203909,0.006960276618203909
cnv_depth__IBNLCO_00426__histidine__CDS__promoter,-0.0069589696792554615,0.0069589696792554615
cnv_depth__IBNLCO_02895__Small__CDS__promoter,0.006955569702682729,0.006955569702682729
cnv_depth__IBNLCO_00785__DegQ__CDS,0.006950719372874035,0.006950719372874035
cnv_depth__IBNLCO_02913__IBNLCO_02913__gene,-0.006941089280403256,0.006941089280403256
cnv_depth__IBNLCO_00241__IBNLCO_00241__gene,0.006940805413555974,0.006940805413555974
cnv_depth__IBNLCO_03684__IBNLCO_03684__gene,-0.006940402493305819,0.006940402493305819
cnv_depth__IBNLCO_02814__Heat-inducible__CDS,-0.006933199342708294,0.006933199342708294
cnv_depth__IBNLCO_00897__Large__CDS,-0.006926573279678384,0.006926573279678384
cnv_depth__IBNLCO_00402__IBNLCO_00402__gene,-0.006925973517331948,0.006925973517331948
cnv_depth__IBNLCO_04671__DUF2875__CDS,0.006923178608017313,0.006923178608017313
cnv_depth__IBNLCO_04251__3-(3-hydroxy-phenyl)propionate__CDS__promoter,-0.006923144964548661,0.006923144964548661
cnv_depth__IBNLCO_01007__Sulfonate__CDS,0.0069164506143839614,0.0069164506143839614
cnv_depth__IBNLCO_00784__IBNLCO_00784__gene,-0.006908968655197582,0.006908968655197582
cnv_depth__IBNLCO_04794__IBNLCO_04794__gene,-0.006907019233431704,0.006907019233431704
cnv_depth__IBNLCO_01865__IBNLCO_01865__gene,-0.00690522646606116,0.00690522646606116
cnv_depth__IBNLCO_00087__IBNLCO_00087__gene,-0.0069012804897543994,0.0069012804897543994
cnv_depth__IBNLCO_02104__Phosphoenolpyruvate__CDS,-0.00690104579989181,0.00690104579989181
cnv_depth__IBNLCO_03385__Short-chain-fatty-acid--CoA__CDS__promoter,0.006898658665533849,0.006898658665533849
cnv_depth__IBNLCO_00878__cspD__gene,0.006898462934903593,0.006898462934903593
cnv_depth__IBNLCO_02742__putative__CDS__promoter,-0.006896438837470219,0.006896438837470219
cnv_depth__IBNLCO_00778__N5-carboxyaminoimidazole__CDS__promoter,-0.006891227756975072,0.006891227756975072
cnv_depth__IBNLCO_01666__IBNLCO_01666__gene,0.006889491957339026,0.006889491957339026
cnv_depth__IBNLCO_00081__mnmE__gene__promoter,0.0068891792137035735,0.0068891792137035735
cnv_depth__IBNLCO_04113__hypothetical__CDS,-0.0068846114377211,0.0068846114377211
cnv_depth__IBNLCO_03352__tRNA-Arg(ccg)__tRNA,0.006884483428132473,0.006884483428132473
cnv_depth__IBNLCO_05048__IBNLCO_05048__gene,-0.006881366439400881,0.006881366439400881
cnv_depth__IBNLCO_02235__2%2C3%2C4%2C5-tetrahydropyridine-2%2C6-dicarboxylate__CDS,-0.006880318697354506,0.006880318697354506
cnv_depth__IBNLCO_04140__Isoquinoline__CDS,-0.0068797365267189185,0.0068797365267189185
cnv_depth__IBNLCO_04824__IBNLCO_04824__gene__promoter,-0.006876788689624148,0.006876788689624148
cnv_depth__IBNLCO_01243__IBNLCO_01243__gene__promoter,-0.006873742822550166,0.006873742822550166
cnv_depth__IBNLCO_05054__Taurine__CDS,-0.006872014352069875,0.006872014352069875
cnv_depth__IBNLCO_04587__IBNLCO_04587__gene,-0.006868686858052308,0.006868686858052308
cnv_depth__IBNLCO_04829__IBNLCO_04829__gene,-0.006860923628015408,0.006860923628015408
cnv_depth__IBNLCO_02472__Small__CDS,-0.006860111801795271,0.006860111801795271
cnv_depth__IBNLCO_01587__IBNLCO_01587__gene__promoter,0.006856738079992559,0.006856738079992559
cnv_depth__IBNLCO_00172__IBNLCO_00172__gene,-0.006854639638210696,0.006854639638210696
cnv_depth__IBNLCO_03221__30S__CDS__promoter,-0.006851978916778557,0.006851978916778557
cnv_depth__IBNLCO_00080__IBNLCO_00080__gene,-0.00685195050563606,0.00685195050563606
cnv_depth__IBNLCO_03726__IBNLCO_03726__gene__promoter,0.006846514620865859,0.006846514620865859
cnv_depth__IBNLCO_03030__rrf__gene__promoter,-0.00683997704811944,0.00683997704811944
cnv_depth__IBNLCO_00307__gnl|Bakta|IBNLCO_00307__CDS__promoter,0.00683857189763919,0.00683857189763919
cnv_depth__IBNLCO_03054__IBNLCO_03054__gene,-0.006833254326918221,0.006833254326918221
cnv_depth__IBNLCO_00090__Betaproteobacteria_toxic_sRNA__gene,0.006832063138944352,0.006832063138944352
cnv_depth__IBNLCO_03635__hypothetical__CDS__promoter,0.0068226405706129836,0.0068226405706129836
cnv_depth__IBNLCO_05735__IBNLCO_05735__gene,0.006820713120260917,0.006820713120260917
cnv_depth__IBNLCO_02585__IBNLCO_02585__gene,-0.006817373305743791,0.006817373305743791
cnv_depth__IBNLCO_02282__IBNLCO_02282__gene__promoter,0.006816440075718957,0.006816440075718957
cnv_depth__IBNLCO_04182__IBNLCO_04182__gene,0.006811046468664853,0.006811046468664853
cnv_depth__IBNLCO_05601__FAD-binding__CDS__promoter,0.006805611293418444,0.006805611293418444
cnv_depth__IBNLCO_02186__IBNLCO_02186__gene,-0.006803432889610718,0.006803432889610718
cnv_depth__IBNLCO_00349__hypothetical__CDS,0.00679572029717397,0.00679572029717397
cnv_depth__IBNLCO_02597__IBNLCO_02597__gene__promoter,-0.006791430537307516,0.006791430537307516
cnv_depth__IBNLCO_01687__IBNLCO_01687__gene,-0.006791031475650561,0.006791031475650561
cnv_depth__IBNLCO_03113__IBNLCO_03113__gene,0.00678464766980161,0.00678464766980161
cnv_depth__IBNLCO_00374__Carbonic__CDS,-0.0067845982091759224,0.0067845982091759224
cnv_depth__IBNLCO_03076__ubiX__gene,0.00678178039000172,0.00678178039000172
cnv_depth__IBNLCO_01506__IBNLCO_01506__gene,-0.006777883574263259,0.006777883574263259
cnv_depth__IBNLCO_01848__hlyD__gene,0.006775488621970022,0.006775488621970022
cnv_depth__IBNLCO_02798__IBNLCO_02798__gene,-0.006774414732505248,0.006774414732505248
cnv_depth__IBNLCO_05823__IBNLCO_05823__gene__promoter,-0.006769770867558482,0.006769770867558482
cnv_depth__IBNLCO_00172__IBNLCO_00172__gene__promoter,-0.006766692578710922,0.006766692578710922
cnv_depth__IBNLCO_03186__IBNLCO_03186__gene__promoter,0.006765768694699293,0.006765768694699293
cnv_depth__IBNLCO_03015__UDP-N-acetylmuramate--L-alanine__CDS,-0.0067623076273587105,0.0067623076273587105
cnv_depth__IBNLCO_05657__IBNLCO_05657__gene,0.006761837339345766,0.006761837339345766
cnv_depth__IBNLCO_05323__IBNLCO_05323__gene,0.006758631607759569,0.006758631607759569
cnv_depth__IBNLCO_03258__N-acetyl-gamma-glutamyl-phosphate__CDS__promoter,0.006757574140761965,0.006757574140761965
cnv_depth__IBNLCO_04564__Thiamine__CDS__promoter,0.006756971679447674,0.006756971679447674
cnv_depth__IBNLCO_02158__Putative__CDS,-0.006753942932606715,0.006753942932606715
cnv_depth__IBNLCO_04228__IBNLCO_04228__gene,0.006753439805030569,0.006753439805030569
cnv_depth__IBNLCO_03639__Urea__CDS,-0.006746166172776553,0.006746166172776553
cnv_depth__IBNLCO_02083__IBNLCO_02083__gene__promoter,0.00674511754994752,0.00674511754994752
cnv_depth__IBNLCO_00665__IBNLCO_00665__gene__promoter,0.006743983662419605,0.006743983662419605
cnv_depth__IBNLCO_05184__IBNLCO_05184__gene__promoter,0.006742106236484183,0.006742106236484183
cnv_depth__IBNLCO_00559__IBNLCO_00559__gene__promoter,0.006741030029880342,0.006741030029880342
cnv_depth__IBNLCO_05760__IBNLCO_05760__gene__promoter,-0.006740028974123735,0.006740028974123735
cnv_depth__IBNLCO_03039__paaD__gene,-0.006735800435718206,0.006735800435718206
cnv_depth__IBNLCO_04778__gsiB__gene,-0.006733844439091107,0.006733844439091107
cnv_depth__IBNLCO_00343__azlC__gene__promoter,0.006725524192172452,0.006725524192172452
cnv_depth__IBNLCO_00361__IBNLCO_00361__gene,-0.006724140617342327,0.006724140617342327
cnv_depth__IBNLCO_03981__hypothetical__CDS,0.006722252737815957,0.006722252737815957
cnv_depth__IBNLCO_02010__IBNLCO_02010__gene__promoter,0.006719690017161199,0.006719690017161199
cnv_depth__IBNLCO_04165__ABC__CDS__promoter,-0.006717877131567368,0.006717877131567368
cnv_depth__IBNLCO_00248__IBNLCO_00248__gene,-0.00670984606619302,0.00670984606619302
cnv_depth__IBNLCO_03344__IBNLCO_03344__gene__promoter,0.006708987031498784,0.006708987031498784
cnv_depth__IBNLCO_03871__IBNLCO_03871__gene__promoter,-0.006707847767212164,0.006707847767212164
cnv_depth__IBNLCO_03761__IBNLCO_03761__gene,0.006707626581619434,0.006707626581619434
cnv_depth__IBNLCO_02318__IBNLCO_02318__gene,-0.006703355071056297,0.006703355071056297
cnv_depth__IBNLCO_01485__IBNLCO_01485__gene,-0.006701222349306049,0.006701222349306049
cnv_depth__IBNLCO_04707__Histidine__CDS__promoter,0.0066952326887843175,0.0066952326887843175
cnv_depth__IBNLCO_04855__hypothetical__CDS,0.006693817299125199,0.006693817299125199
cnv_depth__IBNLCO_03377__Cd(II)/Pb(II)-responsive__CDS,0.006689352198527118,0.006689352198527118
cnv_depth__IBNLCO_03324__fliT__gene__promoter,0.0066873242078065364,0.0066873242078065364
cnv_depth__IBNLCO_04793__Iron-containing__CDS,-0.006683148314088471,0.006683148314088471
cnv_depth__IBNLCO_01456__IBNLCO_01456__gene,0.0066823628252911,0.0066823628252911
cnv_depth__IBNLCO_02082__DUF2399__CDS__promoter,0.0066822401406995925,0.0066822401406995925
cnv_depth__IBNLCO_03717__IBNLCO_03717__gene__promoter,-0.006677166368610941,0.006677166368610941
cnv_depth__IBNLCO_01970__2-hydoxy-3-oxopropionate__CDS__promoter,-0.006673813017494393,0.006673813017494393
cnv_depth__IBNLCO_05210__Succinate__CDS,0.006673309401468867,0.006673309401468867
cnv_depth__IBNLCO_05392__Muconolactone__CDS__promoter,-0.006664631565847737,0.006664631565847737
cnv_depth__IBNLCO_05019__bsaS__gene__promoter,-0.006660358025595459,0.006660358025595459
cnv_depth__IBNLCO_03473__IBNLCO_03473__gene,0.006656865568280487,0.006656865568280487
cnv_depth__IBNLCO_03104__Type__CDS__promoter,0.006655846568189376,0.006655846568189376
cnv_depth__IBNLCO_04712__IBNLCO_04712__gene,0.0066553517264382875,0.0066553517264382875
cnv_depth__IBNLCO_05184__Dihydrofolate__CDS,-0.006654570403839014,0.006654570403839014
cnv_depth__IBNLCO_00506__IBNLCO_00506__gene__promoter,-0.006642646106318708,0.006642646106318708
cnv_depth__IBNLCO_03217__Small__CDS__promoter,-0.006637226415336359,0.006637226415336359
cnv_depth__IBNLCO_04432__Voltage-gated__CDS,-0.006635503048817602,0.006635503048817602
cnv_depth__IBNLCO_00221__flagellar__CDS,0.006633899395860728,0.006633899395860728
cnv_depth__IBNLCO_03968__MobA-like__CDS__promoter,-0.006631483759038486,0.006631483759038486
cnv_depth__IBNLCO_04746__IBNLCO_04746__gene__promoter,-0.006629886765937464,0.006629886765937464
cnv_depth__IBNLCO_01470__IBNLCO_01470__gene,0.006628790426738505,0.006628790426738505
cnv_depth__IBNLCO_00053__Molybdenum__CDS__promoter,-0.006628303457996914,0.006628303457996914
cnv_depth__IBNLCO_02820__Acid__CDS__promoter,0.006628203971919104,0.006628203971919104
cnv_depth__IBNLCO_01920__ybaB__gene,0.006617357233897517,0.006617357233897517
cnv_depth__IBNLCO_00428__IBNLCO_00428__gene,0.006616912094670149,0.006616912094670149
cnv_depth__IBNLCO_04099__terpene__CDS,-0.0066084790060417994,0.0066084790060417994
cnv_depth__IBNLCO_02561__dITP/XTP__CDS,-0.006606608855028315,0.006606608855028315
cnv_depth__IBNLCO_01739__Family__CDS,-0.00660418793521442,0.00660418793521442
cnv_depth__IBNLCO_04247__trnL__gene__promoter,0.006603138016407883,0.006603138016407883
cnv_depth__IBNLCO_00437__IBNLCO_00437__gene,0.006597060997533801,0.006597060997533801
cnv_depth__IBNLCO_05209__IBNLCO_05209__gene__promoter,0.006596282742298308,0.006596282742298308
cnv_depth__IBNLCO_03273__trnA__gene__promoter,0.006592334616766597,0.006592334616766597
cnv_depth__IBNLCO_04540__irlR__gene,0.006585953443316306,0.006585953443316306
cnv_depth__IBNLCO_04424__N-acyltransferase__CDS,-0.0065857057225257466,0.0065857057225257466
cnv_depth__IBNLCO_02776__D-glycero-alpha-D-manno-heptose-1%2C7-bisphosphate__CDS,-0.006583290373556414,0.006583290373556414
cnv_depth__IBNLCO_00313__IBNLCO_00313__gene,-0.006579275089374822,0.006579275089374822
cnv_depth__IBNLCO_03571__IBNLCO_03571__gene,-0.006578093880827139,0.006578093880827139
cnv_depth__IBNLCO_05300__lysE__gene__promoter,0.006578060828116008,0.006578060828116008
cnv_depth__IBNLCO_03310__chemotaxis__CDS,0.006568430394160803,0.006568430394160803
cnv_depth__IBNLCO_04589__IBNLCO_04589__gene__promoter,0.006567170854533674,0.006567170854533674
cnv_depth__IBNLCO_03177__gnl|Bakta|IBNLCO_03177__CDS,0.006563850896372181,0.006563850896372181
cnv_depth__IBNLCO_04183__IBNLCO_04183__gene,-0.006563793563565423,0.006563793563565423
cnv_depth__IBNLCO_04573__Arginine-ornithine__CDS,0.00655788955498055,0.00655788955498055
cnv_depth__IBNLCO_05845__IBNLCO_05845__gene,-0.006554408238135064,0.006554408238135064
cnv_depth__IBNLCO_03398__IBNLCO_03398__gene__promoter,-0.006553733296367841,0.006553733296367841
cnv_depth__IBNLCO_02369__Arginine__CDS__promoter,-0.00654574535662787,0.00654574535662787
cnv_depth__IBNLCO_04328__IBNLCO_04328__gene,-0.006544576087439585,0.006544576087439585
cnv_depth__IBNLCO_03294__flagellar__CDS,0.006537370534424747,0.006537370534424747
cnv_depth__IBNLCO_03472__IBNLCO_03472__gene,0.006537293299660865,0.006537293299660865
cnv_depth__IBNLCO_04511__IBNLCO_04511__gene__promoter,0.006534489476288738,0.006534489476288738
cnv_depth__IBNLCO_01017__hypothetical__CDS,-0.006533647698844713,0.006533647698844713
cnv_depth__IBNLCO_02662__ABC__CDS,0.006529160450605846,0.006529160450605846
cnv_depth__IBNLCO_04015__betX__gene,-0.006527419380937952,0.006527419380937952
cnv_depth__IBNLCO_01451__FecR__CDS__promoter,-0.006527417845540253,0.006527417845540253
cnv_depth__IBNLCO_00206__IBNLCO_00206__gene__promoter,0.006520653328729449,0.006520653328729449
cnv_depth__IBNLCO_04774__gnl|Bakta|IBNLCO_04774__CDS__promoter,-0.006516307431642018,0.006516307431642018
cnv_depth__IBNLCO_03787__IBNLCO_03787__gene__promoter,0.006514251988249408,0.006514251988249408
cnv_depth__IBNLCO_03796__hypothetical__CDS__promoter,0.006514179940661615,0.006514179940661615
cnv_depth__IBNLCO_00772__azlD__gene,-0.0065111610019335815,0.0065111610019335815
cnv_depth__IBNLCO_01303__Soluble__CDS,-0.006511036459925426,0.006511036459925426
cnv_depth__IBNLCO_05620__IBNLCO_05620__gene__promoter,0.006510286257933283,0.006510286257933283
cnv_depth__IBNLCO_00834__gnl|Bakta|IBNLCO_00834__CDS,-0.006504244960362693,0.006504244960362693
cnv_depth__IBNLCO_00942__6S__gene__promoter,0.00650384244263919,0.00650384244263919
cnv_depth__IBNLCO_04285__fliK__gene__promoter,0.006503636846332407,0.006503636846332407
cnv_depth__IBNLCO_02397__Pirin__CDS,-0.006498401297021163,0.006498401297021163
cnv_depth__IBNLCO_01276__GntR__CDS,0.006496834946500852,0.006496834946500852
cnv_depth__IBNLCO_03093__IBNLCO_03093__gene__promoter,0.006490389305818104,0.006490389305818104
cnv_depth__IBNLCO_02215__IBNLCO_02215__gene,-0.006489227866002792,0.006489227866002792
cnv_depth__IBNLCO_00386__Methionine__CDS,-0.006485898305194949,0.006485898305194949
cnv_depth__IBNLCO_03170__Shikimate__CDS__promoter,-0.006473294388813372,0.006473294388813372
cnv_depth__IBNLCO_00099__IBNLCO_00099__gene__promoter,0.006469285446534039,0.006469285446534039
cnv_depth__IBNLCO_01972__IBNLCO_01972__gene,0.006468276941080243,0.006468276941080243
cnv_depth__IBNLCO_03271__IBNLCO_03271__gene__promoter,0.006456893667936122,0.006456893667936122
cnv_depth__IBNLCO_03779__IBNLCO_03779__gene,0.006456633038404727,0.006456633038404727
cnv_depth__IBNLCO_05616__ureidoglycolate__CDS,-0.006455447612830777,0.006455447612830777
cnv_depth__IBNLCO_03005__ATP-binding__CDS__promoter,0.006451946092094897,0.006451946092094897
cnv_depth__IBNLCO_00433__ubiK__gene__promoter,0.006448988162497333,0.006448988162497333
cnv_depth__IBNLCO_03700__IBNLCO_03700__gene,0.006447814293225735,0.006447814293225735
cnv_depth__IBNLCO_00020__Multidrug__CDS,-0.0064447614051592545,0.0064447614051592545
cnv_depth__IBNLCO_02791__hypothetical__CDS__promoter,0.006444579177618417,0.006444579177618417
cnv_depth__IBNLCO_05631__IBNLCO_05631__gene,0.006436475111628373,0.006436475111628373
cnv_depth__IBNLCO_02089__IBNLCO_02089__gene,0.006433968907603625,0.006433968907603625
cnv_depth__IBNLCO_05086__pilT__gene__promoter,0.006430819438615119,0.006430819438615119
cnv_depth__IBNLCO_01432__IBNLCO_01432__gene,-0.006429742152849883,0.006429742152849883
cnv_depth__IBNLCO_01287__Malonate__CDS,-0.00642856238264937,0.00642856238264937
cnv_depth__IBNLCO_01841__Putative__CDS,-0.006424668897418278,0.006424668897418278
cnv_depth__IBNLCO_01855__norR__gene__promoter,-0.006421066767306031,0.006421066767306031
cnv_depth__IBNLCO_02619__Biotin__CDS,-0.006416897106207504,0.006416897106207504
cnv_depth__IBNLCO_01131__Undecaprenyl__CDS,-0.006410551895921459,0.006410551895921459
cnv_depth__IBNLCO_01550__Sigma-54__CDS__promoter,0.006407729332776558,0.006407729332776558
cnv_depth__IBNLCO_03603__IBNLCO_03603__gene__promoter,-0.006402473455170042,0.006402473455170042
cnv_depth__IBNLCO_01571__HTH__CDS,-0.006398515489729039,0.006398515489729039
cnv_depth__IBNLCO_02499__RfaE__CDS__promoter,0.006398276188826466,0.006398276188826466
cnv_depth__IBNLCO_02902__Glutamine__CDS,-0.0063969394252875655,0.0063969394252875655
cnv_depth__IBNLCO_01676__cbiG__gene,0.006387506954673749,0.006387506954673749
cnv_depth__IBNLCO_00273__flgH__gene__promoter,0.006383876921596296,0.006383876921596296
cnv_depth__IBNLCO_04664__IBNLCO_04664__gene__promoter,-0.006382831896128078,0.006382831896128078
cnv_depth__IBNLCO_04775__Beta-peptidyl__CDS,0.006382488459213208,0.006382488459213208
cnv_depth__IBNLCO_04482__Histidine__CDS,-0.006381319477374736,0.006381319477374736
cnv_depth__IBNLCO_05300__lysE__gene,0.006378328670311491,0.006378328670311491
cnv_depth__IBNLCO_01150__bamE__gene__promoter,0.006378215975452198,0.006378215975452198
cnv_depth__IBNLCO_00724__IBNLCO_00724__gene,-0.006375740883270481,0.006375740883270481
cnv_depth__IBNLCO_04381__bpsR__gene,-0.006375720105507569,0.006375720105507569
cnv_depth__IBNLCO_02008__Glucose-6-phosphate__CDS,0.006373664902553801,0.006373664902553801
cnv_depth__IBNLCO_00799__IBNLCO_00799__gene__promoter,0.006367612561814305,0.006367612561814305
cnv_depth__IBNLCO_02647__gnl|Bakta|IBNLCO_02647__CDS,0.0063657430937665935,0.0063657430937665935
cnv_depth__IBNLCO_02742__aabA__gene,-0.006365349012980717,0.006365349012980717
cnv_depth__IBNLCO_01690__Cobalt-precorrin-5B__CDS__promoter,0.006359156117375112,0.006359156117375112
cnv_depth__IBNLCO_00061__mbtN__gene__promoter,-0.006357194562935056,0.006357194562935056
cnv_depth__IBNLCO_03962__IBNLCO_03962__gene,-0.006348212106131768,0.006348212106131768
cnv_depth__IBNLCO_03973__gnl|Bakta|IBNLCO_03973__CDS__promoter,0.006341526607222616,0.006341526607222616
cnv_depth__IBNLCO_04760__Putative__CDS,0.0063409212234356955,0.0063409212234356955
cnv_depth__IBNLCO_01268__gnl|Bakta|IBNLCO_01268__CDS,-0.006338182154621632,0.006338182154621632
cnv_depth__IBNLCO_03357__gnl|Bakta|IBNLCO_03357__CDS,-0.006336914365160626,0.006336914365160626
cnv_depth__IBNLCO_02762__IBNLCO_02762__gene,0.006335180451698999,0.006335180451698999
cnv_depth__IBNLCO_04508__prnC__gene,0.006329474966535552,0.006329474966535552
cnv_depth__IBNLCO_03694__IBNLCO_03694__gene,-0.006328933921736062,0.006328933921736062
cnv_depth__IBNLCO_00183__IBNLCO_00183__gene,-0.006326324447057149,0.006326324447057149
cnv_depth__IBNLCO_03131__IBNLCO_03131__gene__promoter,0.0063200357594911764,0.0063200357594911764
cnv_depth__IBNLCO_02970__IBNLCO_02970__gene,0.00631997004342293,0.00631997004342293
cnv_depth__IBNLCO_03302__chemotaxis__CDS__promoter,-0.006318924961247994,0.006318924961247994
cnv_depth__IBNLCO_00188__hypothetical__CDS__promoter,0.006317850979967393,0.006317850979967393
cnv_depth__IBNLCO_00371__IBNLCO_00371__gene,0.006314699388729347,0.006314699388729347
cnv_depth__IBNLCO_01141__RNA__CDS,-0.006301926541196352,0.006301926541196352
cnv_depth__IBNLCO_00378__IBNLCO_00378__gene,-0.006298754248897552,0.006298754248897552
cnv_depth__IBNLCO_05792__IBNLCO_05792__gene,0.006298453622919701,0.006298453622919701
cnv_depth__IBNLCO_00493__IBNLCO_00493__gene__promoter,0.006296847901912519,0.006296847901912519
cnv_depth__IBNLCO_02070__IBNLCO_02070__gene__promoter,-0.0062828240293590215,0.0062828240293590215
cnv_depth__IBNLCO_01398__mntH__gene,0.006282507150215254,0.006282507150215254
cnv_depth__IBNLCO_02996__trnP__gene__promoter,0.006281177311892035,0.006281177311892035
cnv_depth__IBNLCO_01894__Phosphoribosyltransferase__CDS__promoter,-0.006267073958045054,0.006267073958045054
cnv_depth__IBNLCO_04618__IBNLCO_04618__gene,-0.0062667305368717926,0.0062667305368717926
cnv_depth__IBNLCO_02666__Glucose-1-phosphate__CDS__promoter,0.006262413109679342,0.006262413109679342
cnv_depth__IBNLCO_03379__IBNLCO_03379__gene__promoter,0.006261337963396875,0.006261337963396875
cnv_depth__IBNLCO_05588__IBNLCO_05588__gene__promoter,-0.006260598388991128,0.006260598388991128
cnv_depth__IBNLCO_00441__moeB__gene__promoter,-0.006259091795516116,0.006259091795516116
cnv_depth__IBNLCO_02396__N-acetyltransferase__CDS,-0.006257129534537417,0.006257129534537417
cnv_depth__IBNLCO_00479__IBNLCO_00479__gene,0.006255196015863326,0.006255196015863326
cnv_depth__IBNLCO_03630__LysR__CDS__promoter,0.006255099556488282,0.006255099556488282
cnv_depth__IBNLCO_03476__IBNLCO_03476__gene,-0.0062468912408211565,0.0062468912408211565
cnv_depth__IBNLCO_02244__IBNLCO_02244__gene__promoter,-0.006245309895601964,0.006245309895601964
cnv_depth__IBNLCO_03128__hypothetical__CDS__promoter,-0.006243417215767659,0.006243417215767659
cnv_depth__IBNLCO_03904__AB__CDS,-0.006239946394278393,0.006239946394278393
cnv_depth__IBNLCO_01236__hypothetical__CDS,0.006239385368484864,0.006239385368484864
cnv_depth__IBNLCO_03035__Enoyl-CoA__CDS__promoter,-0.006237761312304217,0.006237761312304217
cnv_depth__IBNLCO_05466__yfcG__gene,-0.006236901683898211,0.006236901683898211
cnv_depth__IBNLCO_02428__Large__CDS__promoter,0.006235146116803858,0.006235146116803858
cnv_depth__IBNLCO_03122__IBNLCO_03122__gene,0.006233905761645154,0.006233905761645154
cnv_depth__IBNLCO_01680__Mg-protoporphyrin__CDS__promoter,-0.006232298897216811,0.006232298897216811
cnv_depth__IBNLCO_05711__DUF3008__CDS__promoter,0.006230424426413609,0.006230424426413609
cnv_depth__IBNLCO_05758__Phosphatidylserine__CDS,-0.006229431444374116,0.006229431444374116
cnv_depth__IBNLCO_02675__IBNLCO_02675__gene,-0.006227143059103649,0.006227143059103649
cnv_depth__IBNLCO_02800__IBNLCO_02800__gene,-0.006226696801634407,0.006226696801634407
cnv_depth__IBNLCO_01934__DUF937__CDS,-0.006224674026432893,0.006224674026432893
cnv_depth__IBNLCO_00272__flgG__gene,0.006210911101502248,0.006210911101502248
cnv_depth__IBNLCO_02838__IBNLCO_02838__gene__promoter,-0.006203831816508086,0.006203831816508086
cnv_depth__IBNLCO_01288__IBNLCO_01288__gene__promoter,-0.006201189487126344,0.006201189487126344
cnv_depth__IBNLCO_05828__putative__CDS,0.006199078862696104,0.006199078862696104
cnv_depth__IBNLCO_05217__Filamentous__CDS,0.00619804430445411,0.00619804430445411
cnv_depth__IBNLCO_01685__Siroheme__CDS__promoter,0.006195308442263752,0.006195308442263752
cnv_depth__IBNLCO_00122__trnF__gene__promoter,0.006187389460930347,0.006187389460930347
cnv_depth__IBNLCO_04975__IBNLCO_04975__gene,-0.00618628078224341,0.00618628078224341
cnv_depth__IBNLCO_03299__3-demethylubiquinone-9__CDS,0.006185524235031706,0.006185524235031706
cnv_depth__IBNLCO_04628__IBNLCO_04628__gene,-0.006184003589367501,0.006184003589367501
cnv_depth__IBNLCO_02089__IBNLCO_02089__gene__promoter,0.006174619413928184,0.006174619413928184
cnv_depth__IBNLCO_02669__IBNLCO_02669__gene,-0.006169061529520226,0.006169061529520226
cnv_depth__IBNLCO_04260__L-fuconolactone__CDS,-0.006165116442778081,0.006165116442778081
cnv_depth__IBNLCO_00197__Response__CDS__promoter,0.0061624705033051,0.0061624705033051
cnv_depth__IBNLCO_00311__IBNLCO_00311__gene,0.006161909590709417,0.006161909590709417
cnv_depth__IBNLCO_04624__IBNLCO_04624__gene,0.006157057145116577,0.006157057145116577
cnv_depth__IBNLCO_00627__ubiE__gene,0.006156461699278651,0.006156461699278651
cnv_depth__IBNLCO_03001__IBNLCO_03001__gene,-0.00615580836736826,0.00615580836736826
cnv_depth__IBNLCO_03456__IBNLCO_03456__gene,0.006154652179991855,0.006154652179991855
cnv_depth__IBNLCO_02015__Insertion__CDS__promoter,0.006154555875424189,0.006154555875424189
cnv_depth__IBNLCO_04279__IBNLCO_04279__gene,-0.006154156889032216,0.006154156889032216
cnv_depth__IBNLCO_00068__IBNLCO_00068__gene,-0.006151597436248451,0.006151597436248451
cnv_depth__IBNLCO_02693__IBNLCO_02693__gene,-0.006148440591421384,0.006148440591421384
cnv_depth__IBNLCO_03249__IBNLCO_03249__gene,0.006145945771900466,0.006145945771900466
cnv_depth__IBNLCO_01693__IBNLCO_01693__gene__promoter,0.006135025813599823,0.006135025813599823
cnv_depth__IBNLCO_02086__hypothetical__CDS,0.006130919601872902,0.006130919601872902
cnv_depth__IBNLCO_03922__IBNLCO_03922__gene,-0.006127626648805881,0.006127626648805881
cnv_depth__IBNLCO_02664__dTDP-4-dehydrorhamnose__CDS__promoter,0.006126198676994382,0.006126198676994382
cnv_depth__IBNLCO_01308__IBNLCO_01308__gene__promoter,-0.006123267590568481,0.006123267590568481
cnv_depth__IBNLCO_04796__IBNLCO_04796__gene__promoter,-0.006120126034009206,0.006120126034009206
cnv_depth__IBNLCO_01729__IBNLCO_01729__gene__promoter,-0.006119077986489459,0.006119077986489459
cnv_depth__IBNLCO_03925__Spermidine/putrescine__CDS,0.006116997737687658,0.006116997737687658
cnv_depth__IBNLCO_04467__IBNLCO_04467__gene,-0.006116281510994506,0.006116281510994506
cnv_depth__IBNLCO_02178__TetR-family__CDS,-0.006109847726907892,0.006109847726907892
cnv_depth__IBNLCO_05814__ABC__CDS__promoter,0.006109595308948016,0.006109595308948016
cnv_depth__IBNLCO_03931__IBNLCO_03931__gene__promoter,0.0061033695321454666,0.0061033695321454666
cnv_depth__IBNLCO_04920__Tetratricopeptide__CDS,0.006102574113074124,0.006102574113074124
cnv_depth__IBNLCO_02997__corB__gene,-0.006102552965726645,0.006102552965726645
cnv_depth__IBNLCO_04742__hypothetical__CDS,0.0061008278076791185,0.0061008278076791185
cnv_depth__IBNLCO_03461__Anaerobic__CDS__promoter,-0.006098495096716675,0.006098495096716675
cnv_depth__IBNLCO_04989__IBNLCO_04989__gene,0.00609031346171912,0.00609031346171912
cnv_depth__IBNLCO_02079__Major__CDS,-0.006089789530901924,0.006089789530901924
cnv_depth__IBNLCO_04235__hypothetical__CDS,-0.006088366471295232,0.006088366471295232
cnv_depth__IBNLCO_00083__DUF4382__CDS,0.00606949417509306,0.00606949417509306
cnv_depth__IBNLCO_02119__Phosphatidate__CDS__promoter,-0.006068347223121033,0.006068347223121033
cnv_depth__IBNLCO_01205__Peptidase__CDS,-0.006066644061591013,0.006066644061591013
cnv_depth__IBNLCO_01896__ATP__CDS,-0.006064609771414736,0.006064609771414736
cnv_depth__IBNLCO_03202__IBNLCO_03202__gene,0.006063280004260516,0.006063280004260516
cnv_depth__IBNLCO_03214__IBNLCO_03214__gene__promoter,0.006056121070569683,0.006056121070569683
cnv_depth__IBNLCO_04465__Bestrophin-like__CDS,0.006055751850812322,0.006055751850812322
cnv_depth__IBNLCO_01890__IBNLCO_01890__gene,0.0060512742293792575,0.0060512742293792575
cnv_depth__IBNLCO_05714__IBNLCO_05714__gene,-0.006037568674730978,0.006037568674730978
cnv_depth__IBNLCO_00184__Polyphosphate__CDS__promoter,-0.006037415421236781,0.006037415421236781
cnv_depth__IBNLCO_05814__ABC__CDS,-0.006036510026306321,0.006036510026306321
cnv_depth__IBNLCO_02200__Multidrug__CDS,-0.006033492233490128,0.006033492233490128
cnv_depth__IBNLCO_00031__fliQ__gene,-0.006026585548091234,0.006026585548091234
cnv_depth__IBNLCO_00050__IBNLCO_00050__gene,-0.006024564824261188,0.006024564824261188
cnv_depth__IBNLCO_04488__DUF1453__CDS,0.006020081248037821,0.006020081248037821
cnv_depth__IBNLCO_00214__IBNLCO_00214__gene__promoter,0.006018671873215081,0.006018671873215081
cnv_depth__IBNLCO_00329__IBNLCO_00329__gene__promoter,-0.006016730743281381,0.006016730743281381
cnv_depth__IBNLCO_04098__Terpene__CDS,-0.006015727487585334,0.006015727487585334
cnv_depth__IBNLCO_02737__pilW__gene__promoter,0.006014114832860282,0.006014114832860282
cnv_depth__IBNLCO_03287__IBNLCO_03287__gene__promoter,0.006013103216809413,0.006013103216809413
cnv_depth__IBNLCO_05581__IBNLCO_05581__gene__promoter,-0.006010122162684759,0.006010122162684759
cnv_depth__IBNLCO_04124__Response__CDS,0.006005908745511531,0.006005908745511531
cnv_depth__IBNLCO_03649__IBNLCO_03649__gene,-0.006001869375452207,0.006001869375452207
cnv_depth__IBNLCO_04905__IBNLCO_04905__gene__promoter,0.006000004875175409,0.006000004875175409
cnv_depth__IBNLCO_03501__H-NS__CDS,-0.005999688032033357,0.005999688032033357
cnv_depth__IBNLCO_03344__hypothetical__CDS,0.005994173960080804,0.005994173960080804
cnv_depth__IBNLCO_00649__surA__gene,-0.005993982050945259,0.005993982050945259
cnv_depth__IBNLCO_05231__Transcriptional__CDS__promoter,0.005990174835092375,0.005990174835092375
cnv_depth__IBNLCO_05511__IBNLCO_05511__gene__promoter,0.00598776717005623,0.00598776717005623
cnv_depth__IBNLCO_00431__IBNLCO_00431__gene__promoter,0.005985660757271079,0.005985660757271079
cnv_depth__IBNLCO_04267__IBNLCO_04267__gene,-0.00598565117450511,0.00598565117450511
cnv_depth__IBNLCO_02009__ATP-binding__CDS__promoter,0.005982292437704099,0.005982292437704099
cnv_depth__IBNLCO_00016__Type__CDS__promoter,-0.005981968147150898,0.005981968147150898
cnv_depth__IBNLCO_02159__hypothetical__CDS__promoter,-0.005981380032687951,0.005981380032687951
cnv_depth__IBNLCO_02981__IBNLCO_02981__gene,0.005978000009499771,0.005978000009499771
cnv_depth__IBNLCO_03188__IBNLCO_03188__gene__promoter,0.005976718908379407,0.005976718908379407
cnv_depth__IBNLCO_04127__IBNLCO_04127__gene__promoter,0.005976535441415196,0.005976535441415196
cnv_depth__IBNLCO_04819__IBNLCO_04819__gene,-0.00597549655539792,0.00597549655539792
cnv_depth__IBNLCO_04581__RND__CDS__promoter,-0.005974848553213344,0.005974848553213344
cnv_depth__IBNLCO_02946__hypothetical__CDS__promoter,0.005972484533105265,0.005972484533105265
cnv_depth__IBNLCO_01577__IBNLCO_01577__gene,0.005967477377236502,0.005967477377236502
cnv_depth__IBNLCO_04780__gnl|Bakta|IBNLCO_04780__CDS__promoter,0.005966408004396964,0.005966408004396964
cnv_depth__IBNLCO_04569__IBNLCO_04569__gene,-0.005966359377372499,0.005966359377372499
cnv_depth__IBNLCO_05589__Type__CDS,-0.005964335187038111,0.005964335187038111
cnv_depth__IBNLCO_04857__IBNLCO_04857__gene,0.005963846603517262,0.005963846603517262
cnv_depth__IBNLCO_00263__IBNLCO_00263__gene,-0.005956130851279094,0.005956130851279094
cnv_depth__IBNLCO_03184__engB__gene,0.005948049548326367,0.005948049548326367
cnv_depth__IBNLCO_00715__IBNLCO_00715__gene,-0.005944217985535961,0.005944217985535961
cnv_depth__IBNLCO_02954__L-arabinose__CDS,-0.005942468504789525,0.005942468504789525
cnv_depth__IBNLCO_03701__IBNLCO_03701__gene__promoter,0.005939075947855172,0.005939075947855172
cnv_depth__IBNLCO_02344__gnl|Bakta|IBNLCO_02344__CDS__promoter,0.005936072683285838,0.005936072683285838
cnv_depth__IBNLCO_05365__CPBP__CDS,-0.00593375637262088,0.00593375637262088
cnv_depth__IBNLCO_00690__IBNLCO_00690__gene__promoter,0.005931521481468409,0.005931521481468409
cnv_depth__IBNLCO_03870__IBNLCO_03870__gene__promoter,-0.00592958807125322,0.00592958807125322
cnv_depth__IBNLCO_03185__Burkholderia__ncRNA,0.005927937236771899,0.005927937236771899
cnv_depth__IBNLCO_00201__cobW__gene__promoter,-0.005922008867124528,0.005922008867124528
cnv_depth__IBNLCO_01436__Amino__CDS__promoter,-0.00592147885152087,0.00592147885152087
cnv_depth__IBNLCO_03999__IBNLCO_03999__gene__promoter,-0.005918607258018942,0.005918607258018942
cnv_depth__IBNLCO_03230__Protein__CDS__promoter,0.005914509214371979,0.005914509214371979
cnv_depth__IBNLCO_03101__clpB__gene,-0.005907798380019083,0.005907798380019083
cnv_depth__IBNLCO_05712__RNA__CDS__promoter,0.005906439602551009,0.005906439602551009
cnv_depth__IBNLCO_00438__IBNLCO_00438__gene__promoter,0.005906236589296618,0.005906236589296618
cnv_depth__IBNLCO_00496__IBNLCO_00496__gene,0.005902189476795821,0.005902189476795821
cnv_depth__IBNLCO_04431__FAD__CDS,-0.005893715243374564,0.005893715243374564
cnv_depth__IBNLCO_05496__Sensor__CDS,-0.005893043306024057,0.005893043306024057
cnv_depth__IBNLCO_02686__gnl|Bakta|IBNLCO_02686__CDS,-0.005891239742961882,0.005891239742961882
cnv_depth__IBNLCO_03606__IBNLCO_03606__gene__promoter,-0.005889776902315064,0.005889776902315064
cnv_depth__IBNLCO_00292__hypothetical__CDS__promoter,0.005889450826303981,0.005889450826303981
cnv_depth__IBNLCO_04602__IBNLCO_04602__gene__promoter,-0.005886327062546448,0.005886327062546448
cnv_depth__IBNLCO_00244__Proline/betaine__CDS,0.005883561892738905,0.005883561892738905
cnv_depth__IBNLCO_01343__Galactose__CDS,0.005876075992497799,0.005876075992497799
cnv_depth__IBNLCO_01489__hypothetical__CDS,0.005873467765127041,0.005873467765127041
cnv_depth__IBNLCO_01246__hypothetical__CDS,0.005873261298708324,0.005873261298708324
cnv_depth__IBNLCO_00317__IBNLCO_00317__gene,0.00586576366427432,0.00586576366427432
cnv_depth__IBNLCO_04290__peptidoglycan__CDS,0.005864495085629614,0.005864495085629614
cnv_depth__IBNLCO_03046__Anthranilate__CDS__promoter,-0.005862440375073535,0.005862440375073535
cnv_depth__IBNLCO_00319__IBNLCO_00319__gene,0.005861909491268283,0.005861909491268283
cnv_depth__IBNLCO_02758__Serine__CDS__promoter,-0.005861428765650342,0.005861428765650342
cnv_depth__IBNLCO_04258__gnl|Bakta|IBNLCO_04258__CDS__promoter,-0.005846486508044353,0.005846486508044353
cnv_depth__IBNLCO_03343__IBNLCO_03343__gene__promoter,-0.005844297160560339,0.005844297160560339
cnv_depth__IBNLCO_05797__DSBA-like__CDS,-0.0058344541736181695,0.0058344541736181695
cnv_depth__IBNLCO_04485__hypothetical__CDS,-0.005832580107890007,0.005832580107890007
cnv_depth__IBNLCO_02470__gnl|Bakta|IBNLCO_02470__CDS,-0.005831594416869854,0.005831594416869854
cnv_depth__IBNLCO_04966__ncS54__gene__promoter,0.0058289753889338445,0.0058289753889338445
cnv_depth__IBNLCO_02837__phnI__gene__promoter,-0.00582457287562907,0.00582457287562907
cnv_depth__IBNLCO_03037__IBNLCO_03037__gene,0.005822907430426333,0.005822907430426333
cnv_depth__IBNLCO_03243__IBNLCO_03243__gene,-0.005820665296157553,0.005820665296157553
cnv_depth__IBNLCO_03748__Acetyl__CDS__promoter,0.005818927817514485,0.005818927817514485
cnv_depth__IBNLCO_04738__IBNLCO_04738__gene,-0.005818157187670651,0.005818157187670651
cnv_depth__IBNLCO_04282__IBNLCO_04282__gene,-0.005808529273240175,0.005808529273240175
cnv_depth__IBNLCO_03413__IBNLCO_03413__gene__promoter,-0.005805220936259134,0.005805220936259134
cnv_depth__IBNLCO_05788__IBNLCO_05788__gene__promoter,0.005801922445399993,0.005801922445399993
cnv_depth__IBNLCO_04265__IBNLCO_04265__gene,-0.005800095878497156,0.005800095878497156
cnv_depth__IBNLCO_01108__IBNLCO_01108__gene__promoter,-0.005799969522496368,0.005799969522496368
cnv_depth__IBNLCO_05839__Nucleoside__CDS__promoter,0.005799729191815798,0.005799729191815798
cnv_depth__IBNLCO_01558__Major__CDS__promoter,-0.005798223909891412,0.005798223909891412
cnv_depth__IBNLCO_05629__IBNLCO_05629__gene,0.005797770912168969,0.005797770912168969
cnv_depth__IBNLCO_02757__gnl|Bakta|IBNLCO_02757__CDS,-0.005797301237896584,0.005797301237896584
cnv_depth__IBNLCO_00960__Pantothenate__CDS__promoter,-0.005792448204018192,0.005792448204018192
cnv_depth__IBNLCO_03976__IBNLCO_03976__gene,0.005788577822042192,0.005788577822042192
cnv_depth__IBNLCO_03244__paaC__gene__promoter,-0.005787318766441182,0.005787318766441182
cnv_depth__IBNLCO_01371__hypothetical__CDS__promoter,-0.005785644097379062,0.005785644097379062
cnv_depth__IBNLCO_03521__Secondary__CDS__promoter,-0.0057837285806994175,0.0057837285806994175
cnv_depth__IBNLCO_05386__Anthranilate__CDS__promoter,0.00577976230422789,0.00577976230422789
cnv_depth__IBNLCO_04907__Glycine__CDS__promoter,-0.005778500097358377,0.005778500097358377
cnv_depth__IBNLCO_01680__IBNLCO_01680__gene,0.005777169710509767,0.005777169710509767
cnv_depth__IBNLCO_01645__Outer__CDS,-0.0057732032682700374,0.0057732032682700374
cnv_depth__IBNLCO_04898__3-oxo-tetronate__CDS__promoter,-0.005769972539719066,0.005769972539719066
cnv_depth__IBNLCO_00798__IBNLCO_00798__gene,0.005766064094577134,0.005766064094577134
cnv_depth__IBNLCO_04971__IBNLCO_04971__gene,-0.005764665462952109,0.005764665462952109
cnv_depth__IBNLCO_04959__gnl|Bakta|IBNLCO_04959__CDS,-0.005762975118622233,0.005762975118622233
cnv_depth__IBNLCO_00896__IBNLCO_00896__gene__promoter,-0.0057608777549050015,0.0057608777549050015
cnv_depth__IBNLCO_03147__hypothetical__CDS,0.005759363954221515,0.005759363954221515
cnv_depth__IBNLCO_02993__Large__CDS,0.005755523901686973,0.005755523901686973
cnv_depth__IBNLCO_05804__peptidoglycan__CDS,0.0057522511639922875,0.0057522511639922875
cnv_depth__IBNLCO_04751__Colicin__CDS__promoter,-0.0057474033113207494,0.0057474033113207494
cnv_depth__IBNLCO_04349__IBNLCO_04349__gene,-0.005744899152892333,0.005744899152892333
cnv_depth__IBNLCO_03193__Small__CDS,0.005744611705932715,0.005744611705932715
cnv_depth__IBNLCO_03620__IraD/Gp25-like__CDS,0.005743756375773604,0.005743756375773604
cnv_depth__IBNLCO_05124__hypothetical__CDS__promoter,-0.00574137794473221,0.00574137794473221
cnv_depth__IBNLCO_03187__Thiol:disulfide__CDS__promoter,0.005740919265790781,0.005740919265790781
cnv_depth__IBNLCO_01044__Diguanylate__CDS__promoter,-0.005739533368610792,0.005739533368610792
cnv_depth__IBNLCO_03857__IBNLCO_03857__gene__promoter,0.005738741231205541,0.005738741231205541
cnv_depth__IBNLCO_01334__sixA__gene__promoter,-0.005738105199751455,0.005738105199751455
cnv_depth__IBNLCO_01874__IBNLCO_01874__gene,0.005725148108513105,0.005725148108513105
cnv_depth__IBNLCO_03445__dmlR__gene__promoter,-0.005725112229156257,0.005725112229156257
cnv_depth__IBNLCO_04940__IBNLCO_04940__gene__promoter,-0.005724601353077931,0.005724601353077931
cnv_depth__IBNLCO_01550__Sigma-54__CDS,-0.00571970214207766,0.00571970214207766
cnv_depth__IBNLCO_04568__Nucleoside__CDS,-0.005714850093232586,0.005714850093232586
cnv_depth__IBNLCO_03216__IBNLCO_03216__gene,0.005710329432360318,0.005710329432360318
cnv_depth__IBNLCO_02212__IBNLCO_02212__gene,-0.005708403402730011,0.005708403402730011
cnv_depth__IBNLCO_02095__IBNLCO_02095__gene,-0.005707350282552769,0.005707350282552769
cnv_depth__IBNLCO_05771__2-oxoisovalerate__CDS__promoter,0.00570502285286329,0.00570502285286329
cnv_depth__IBNLCO_03077__IBNLCO_03077__gene__promoter,0.005703555715453458,0.005703555715453458
cnv_depth__IBNLCO_02237__IBNLCO_02237__gene__promoter,-0.005702709826493787,0.005702709826493787
cnv_depth__IBNLCO_02278__Nitrate/nitrite__CDS,-0.005695398861328442,0.005695398861328442
cnv_depth__IBNLCO_00842__Long-chain-fatty-acid--CoA__CDS,-0.005690822439148867,0.005690822439148867
cnv_depth__IBNLCO_00105__Tlde1__CDS,0.005686917719235956,0.005686917719235956
cnv_depth__IBNLCO_02145__Hydroxymethylpyrimidine/phosphomethylpyrimidine__CDS__promoter,0.005682984168670753,0.005682984168670753
cnv_depth__IBNLCO_01465__IBNLCO_01465__gene,0.00568212645346608,0.00568212645346608
cnv_depth__IBNLCO_01928__IBNLCO_01928__gene__promoter,0.005666159381590323,0.005666159381590323
cnv_depth__IBNLCO_03753__IBNLCO_03753__gene,-0.005663868777452577,0.005663868777452577
cnv_depth__IBNLCO_04216__IBNLCO_04216__gene__promoter,-0.005659867337574454,0.005659867337574454
cnv_depth__IBNLCO_04837__IBNLCO_04837__gene,-0.005655730768826581,0.005655730768826581
cnv_depth__IBNLCO_01696__Leucine-%2C__CDS__promoter,-0.005655232818369469,0.005655232818369469
cnv_depth__IBNLCO_05576__CBM6__CDS__promoter,0.005654283589022993,0.005654283589022993
cnv_depth__IBNLCO_03826__Ferrous__CDS__promoter,0.005651013487326658,0.005651013487326658
cnv_depth__IBNLCO_03374__IBNLCO_03374__gene,0.005648400623202448,0.005648400623202448
cnv_depth__IBNLCO_03819__IBNLCO_03819__gene,0.00564281288938068,0.00564281288938068
cnv_depth__IBNLCO_03404__IBNLCO_03404__gene__promoter,0.005642297232283643,0.005642297232283643
cnv_depth__IBNLCO_03576__IBNLCO_03576__gene,-0.005641094339461695,0.005641094339461695
cnv_depth__IBNLCO_05680__IBNLCO_05680__gene,0.005640019681647795,0.005640019681647795
cnv_depth__IBNLCO_02998__pilB__gene__promoter,0.005638681047767984,0.005638681047767984
cnv_depth__IBNLCO_03251__4-hydroxyphenylpyruvate__CDS__promoter,-0.005638237584208999,0.005638237584208999
cnv_depth__IBNLCO_03462__Methyltransferase__CDS__promoter,0.005629884051088738,0.005629884051088738
cnv_depth__IBNLCO_04645__Chlorinating__CDS,0.005628749944046186,0.005628749944046186
cnv_depth__IBNLCO_00230__hypothetical__CDS__promoter,0.005624968579469698,0.005624968579469698
cnv_depth__IBNLCO_00252__IBNLCO_00252__gene__promoter,0.005624964748645191,0.005624964748645191
cnv_depth__IBNLCO_00387__IBNLCO_00387__gene__promoter,0.005622528163739625,0.005622528163739625
cnv_depth__IBNLCO_02569__clcA__gene__promoter,0.005620176273274018,0.005620176273274018
cnv_depth__IBNLCO_03524__hypothetical__CDS__promoter,-0.005619986799037972,0.005619986799037972
cnv_depth__IBNLCO_01730__GHMP__CDS__promoter,-0.0056153690467890096,0.0056153690467890096
cnv_depth__IBNLCO_00396__IBNLCO_00396__gene__promoter,0.005612115478855015,0.005612115478855015
cnv_depth__IBNLCO_05537__Acyl-CoA__CDS__promoter,0.0056072962692168896,0.0056072962692168896
cnv_depth__IBNLCO_03125__IBNLCO_03125__gene,0.005604030861532358,0.005604030861532358
cnv_depth__IBNLCO_00098__lysR__gene,0.0056038822661489225,0.0056038822661489225
cnv_depth__IBNLCO_01442__ABC__CDS__promoter,-0.0056012979338433255,0.0056012979338433255
cnv_depth__IBNLCO_05112__hrpB7__gene__promoter,0.005599838416472293,0.005599838416472293
cnv_depth__IBNLCO_05116__IBNLCO_05116__gene,-0.005597207082378093,0.005597207082378093
cnv_depth__IBNLCO_02418__rseB__gene,-0.005591937517343922,0.005591937517343922
cnv_depth__IBNLCO_00404__ABC__CDS__promoter,0.005578718490232953,0.005578718490232953
cnv_depth__IBNLCO_04566__N-demethylindolmycin__CDS,0.00557855929546087,0.00557855929546087
cnv_depth__IBNLCO_02568__IBNLCO_02568__gene__promoter,0.005574700403847192,0.005574700403847192
cnv_depth__IBNLCO_05670__VOC__CDS,-0.005567587819816933,0.005567587819816933
cnv_depth__IBNLCO_04639__IBNLCO_04639__gene__promoter,0.00556335516298421,0.00556335516298421
cnv_depth__IBNLCO_04300__DOT1__CDS,0.005555643864763377,0.005555643864763377
cnv_depth__IBNLCO_04093__mreB__gene__promoter,0.005555056061207681,0.005555056061207681
cnv_depth__IBNLCO_02974__Zinc__CDS__promoter,0.00554546485222369,0.00554546485222369
cnv_depth__IBNLCO_00073__Cytochrome__CDS__promoter,0.005544820698856488,0.005544820698856488
cnv_depth__IBNLCO_04678__Chemotaxis__CDS,-0.00554327514388926,0.00554327514388926
cnv_depth__IBNLCO_02011__ppiD__gene__promoter,-0.005543049721501902,0.005543049721501902
cnv_depth__IBNLCO_03007__secA__gene__promoter,0.005541328081063472,0.005541328081063472
cnv_depth__IBNLCO_01398__mntH__gene__promoter,0.005539794652029983,0.005539794652029983
cnv_depth__IBNLCO_03256__Phosphatidylethanolamine-binding__CDS__promoter,0.0055354830546979735,0.0055354830546979735
cnv_depth__IBNLCO_03065__hypothetical__CDS__promoter,0.005532222633095302,0.005532222633095302
cnv_depth__IBNLCO_02169__ABC-type__CDS,-0.005530943587929121,0.005530943587929121
cnv_depth__IBNLCO_03003__DNA__CDS__promoter,0.005528895020833718,0.005528895020833718
cnv_depth__IBNLCO_01514__IBNLCO_01514__gene,-0.005527931689942823,0.005527931689942823
cnv_depth__IBNLCO_04799__hypothetical__CDS__promoter,-0.0055273767406968785,0.0055273767406968785
cnv_depth__IBNLCO_01935__clpB__gene__promoter,-0.005522692110078689,0.005522692110078689
cnv_depth__IBNLCO_05139__IBNLCO_05139__gene__promoter,0.005521792911611467,0.005521792911611467
cnv_depth__IBNLCO_04488__DUF1453__CDS__promoter,-0.005517448715386442,0.005517448715386442
cnv_depth__IBNLCO_03665__mgtC__gene__promoter,-0.005517168950725966,0.005517168950725966
cnv_depth__IBNLCO_00104__Membrane__CDS,0.00551614757949318,0.00551614757949318
cnv_depth__IBNLCO_03622__tssG__gene__promoter,0.0055121460370495924,0.0055121460370495924
cnv_depth__IBNLCO_05634__IBNLCO_05634__gene,-0.005511369544362373,0.005511369544362373
cnv_depth__IBNLCO_02560__IBNLCO_02560__gene,-0.005510926129796363,0.005510926129796363
cnv_depth__IBNLCO_05711__DUF3008__CDS,0.005502791782796171,0.005502791782796171
cnv_depth__IBNLCO_03308__chemotaxis__CDS,0.005501070829421506,0.005501070829421506
cnv_depth__IBNLCO_05519__N-acetylglucosamine-1-phosphate__CDS__promoter,-0.005498652061250534,0.005498652061250534
cnv_depth__IBNLCO_03470__2-oxoglutarate__CDS,-0.005498422895113732,0.005498422895113732
cnv_depth__IBNLCO_02091__IBNLCO_02091__gene,0.0054973706872876215,0.0054973706872876215
cnv_depth__IBNLCO_04343__DSBA-like__CDS__promoter,-0.005497353149158389,0.005497353149158389
cnv_depth__IBNLCO_01872__Phosphate__CDS,-0.005495928900968266,0.005495928900968266
cnv_depth__IBNLCO_05710__hypothetical__CDS__promoter,0.005490950915752355,0.005490950915752355
cnv_depth__IBNLCO_00507__rpoH__gene__promoter,0.005489082792185037,0.005489082792185037
cnv_depth__IBNLCO_02412__GTPase__CDS,0.00548744173487368,0.00548744173487368
cnv_depth__IBNLCO_00728__Phytanoyl-CoA__CDS,0.0054868311510965296,0.0054868311510965296
cnv_depth__IBNLCO_05185__IBNLCO_05185__gene,0.005484452545815233,0.005484452545815233
cnv_depth__IBNLCO_02161__trnD__gene__promoter,-0.005482796687644869,0.005482796687644869
cnv_depth__IBNLCO_05770__IBNLCO_05770__gene,-0.005482199049442198,0.005482199049442198
cnv_depth__IBNLCO_01224__IBNLCO_01224__gene,0.005480070355364118,0.005480070355364118
cnv_depth__IBNLCO_04830__IBNLCO_04830__gene,-0.005479338786814539,0.005479338786814539
cnv_depth__IBNLCO_01935__Chaperone__CDS,-0.005478274817672894,0.005478274817672894
cnv_depth__IBNLCO_02898__gnl|Bakta|IBNLCO_02898__CDS__promoter,-0.005477823438192716,0.005477823438192716
cnv_depth__IBNLCO_01319__Phosphate__CDS,-0.005475550191404179,0.005475550191404179
cnv_depth__IBNLCO_04882__Secretion__CDS,0.005475037524122712,0.005475037524122712
cnv_depth__IBNLCO_03911__IBNLCO_03911__gene__promoter,-0.005470219283502561,0.005470219283502561
cnv_depth__IBNLCO_04991__Type__CDS,-0.005469956615225682,0.005469956615225682
cnv_depth__IBNLCO_02443__D-glycerate__CDS,-0.005467731117792159,0.005467731117792159
cnv_depth__IBNLCO_04136__LuxR__CDS,-0.005461253797814192,0.005461253797814192
cnv_depth__IBNLCO_00330__IBNLCO_00330__gene__promoter,-0.005458154460399727,0.005458154460399727
cnv_depth__IBNLCO_03632__IBNLCO_03632__gene__promoter,0.005455258496322062,0.005455258496322062
cnv_depth__IBNLCO_03082__Oxalate:formate__CDS,-0.005448242306920081,0.005448242306920081
cnv_depth__IBNLCO_05761__gnl|Bakta|IBNLCO_05761__CDS__promoter,-0.005446662850488091,0.005446662850488091
cnv_depth__IBNLCO_05098__Serine__CDS,0.005446515656034344,0.005446515656034344
cnv_depth__IBNLCO_01990__Alpha/beta__CDS__promoter,-0.005444113364754346,0.005444113364754346
cnv_depth__IBNLCO_05030__SctL__CDS__promoter,0.0054415150567224055,0.0054415150567224055
cnv_depth__IBNLCO_00895__L-aspartate__CDS,0.005441212071009585,0.005441212071009585
cnv_depth__IBNLCO_02383__pdxY__gene,-0.0054408109171693924,0.0054408109171693924
cnv_depth__IBNLCO_03857__hypothetical__CDS,0.0054381271455101006,0.0054381271455101006
cnv_depth__IBNLCO_01691__IBNLCO_01691__gene,0.005435476944207007,0.005435476944207007
cnv_depth__IBNLCO_01339__hypothetical__CDS,-0.005434624627110899,0.005434624627110899
cnv_depth__IBNLCO_00038__IBNLCO_00038__gene__promoter,0.005433213035655642,0.005433213035655642
cnv_depth__IBNLCO_01090__MFS__CDS__promoter,-0.005433040677053329,0.005433040677053329
cnv_depth__IBNLCO_01338__IBNLCO_01338__gene__promoter,-0.0054320529148846,0.0054320529148846
cnv_depth__IBNLCO_04570__Phosphoethanolamine__CDS,-0.005428288469854125,0.005428288469854125
cnv_depth__IBNLCO_01569__N-acetylmuramoyl-L-alanine__CDS__promoter,-0.005425757544691424,0.005425757544691424
cnv_depth__IBNLCO_03465__Fumarate/nitrate__CDS,-0.005425220361046873,0.005425220361046873
cnv_depth__IBNLCO_05156__IBNLCO_05156__gene,-0.005423122750634721,0.005423122750634721
cnv_depth__IBNLCO_03355__IBNLCO_03355__gene,0.005422211942672268,0.005422211942672268
cnv_depth__IBNLCO_02508__Phosphoserine__CDS,-0.005420102156116289,0.005420102156116289
cnv_depth__IBNLCO_02969__IBNLCO_02969__gene__promoter,-0.005418869085427722,0.005418869085427722
cnv_depth__IBNLCO_03736__yfcC__gene,0.00541716526471976,0.00541716526471976
cnv_depth__IBNLCO_03188__Periplasmic__CDS,0.005416383393127427,0.005416383393127427
cnv_depth__IBNLCO_03309__cheA__gene,0.005411844902732786,0.005411844902732786
cnv_depth__IBNLCO_01333__trnP__gene__promoter,-0.005404701973446756,0.005404701973446756
cnv_depth__IBNLCO_04398__IBNLCO_04398__gene__promoter,-0.005400901632655943,0.005400901632655943
cnv_depth__IBNLCO_05224__IBNLCO_05224__gene__promoter,0.005400617538984607,0.005400617538984607
cnv_depth__IBNLCO_04592__LuxR__CDS,0.005392773625171362,0.005392773625171362
cnv_depth__IBNLCO_00031__flagellar__CDS__promoter,-0.0053902558326404774,0.0053902558326404774
cnv_depth__IBNLCO_05216__Aconitate__CDS__promoter,0.005389002071819459,0.005389002071819459
cnv_depth__IBNLCO_04197__Methyl-accepting__CDS,-0.0053861973995228815,0.0053861973995228815
cnv_depth__IBNLCO_00994__IBNLCO_00994__gene__promoter,-0.005384272636723829,0.005384272636723829
cnv_depth__IBNLCO_04558__IBNLCO_04558__gene__promoter,0.0053703470396870385,0.0053703470396870385
cnv_depth__IBNLCO_01542__Pilus__CDS,-0.005358034516693952,0.005358034516693952
cnv_depth__IBNLCO_02957__Peroxisomal__CDS__promoter,-0.005356814168249267,0.005356814168249267
cnv_depth__IBNLCO_05849__Putative__CDS,0.00535515039455656,0.00535515039455656
cnv_depth__IBNLCO_04043__Isochorismate__CDS,0.005352984980212946,0.005352984980212946
cnv_depth__IBNLCO_02381__IBNLCO_02381__gene,-0.005351415245764385,0.005351415245764385
cnv_depth__IBNLCO_05671__IBNLCO_05671__gene__promoter,-0.005344083199026575,0.005344083199026575
cnv_depth__IBNLCO_00448__IBNLCO_00448__gene__promoter,-0.00534368752910793,0.00534368752910793
cnv_depth__IBNLCO_05685__IBNLCO_05685__gene,0.005340310009345762,0.005340310009345762
cnv_depth__IBNLCO_04292__gnl|Bakta|IBNLCO_04292__CDS,0.005339924150288066,0.005339924150288066
cnv_depth__IBNLCO_01561__IBNLCO_01561__gene,-0.005337969855054748,0.005337969855054748
cnv_depth__IBNLCO_03150__ABC__CDS__promoter,0.005337151625910205,0.005337151625910205
cnv_depth__IBNLCO_04541__Cobalt-zinc-cadmium__CDS__promoter,0.0053350710191313235,0.0053350710191313235
cnv_depth__IBNLCO_03097__Type__CDS__promoter,0.005332751080935555,0.005332751080935555
cnv_depth__IBNLCO_00120__esaS__gene__promoter,-0.0053307789308210006,0.0053307789308210006
cnv_depth__IBNLCO_00194__IBNLCO_00194__gene__promoter,-0.00532955688981057,0.00532955688981057
cnv_depth__IBNLCO_03100__impA__gene,-0.005327522305039893,0.005327522305039893
cnv_depth__IBNLCO_00040__Transcriptional__CDS,-0.0053183112083772304,0.0053183112083772304
cnv_depth__IBNLCO_05228__potB__gene,-0.005316891208165885,0.005316891208165885
cnv_depth__IBNLCO_03801__Shikimate__CDS__promoter,0.005314651743384978,0.005314651743384978
cnv_depth__IBNLCO_00604__IBNLCO_00604__gene__promoter,-0.005308257467655016,0.005308257467655016
cnv_depth__IBNLCO_01586__ssuB__gene__promoter,-0.005307758886588837,0.005307758886588837
cnv_depth__IBNLCO_01500__Integration__CDS__promoter,-0.005298655003770685,0.005298655003770685
cnv_depth__IBNLCO_03869__IBNLCO_03869__gene__promoter,-0.005297232504969754,0.005297232504969754
cnv_depth__IBNLCO_03668__IBNLCO_03668__gene,-0.005295680197668234,0.005295680197668234
cnv_depth__IBNLCO_00383__IBNLCO_00383__gene,0.005284325771900523,0.005284325771900523
cnv_depth__IBNLCO_04813__hypothetical__CDS__promoter,0.00527599493978525,0.00527599493978525
cnv_depth__IBNLCO_03194__Large__CDS,0.005275934473005636,0.005275934473005636
cnv_depth__IBNLCO_04385__IBNLCO_04385__gene,-0.005268575240010866,0.005268575240010866
cnv_depth__IBNLCO_03714__IBNLCO_03714__gene,-0.005264856487394908,0.005264856487394908
cnv_depth__IBNLCO_02586__ugpC__gene__promoter,-0.005263581570903886,0.005263581570903886
cnv_depth__IBNLCO_03399__IBNLCO_03399__gene,-0.005261127894678554,0.005261127894678554
cnv_depth__IBNLCO_00285__IBNLCO_00285__gene,0.00526035027537398,0.00526035027537398
cnv_depth__IBNLCO_03657__IBNLCO_03657__gene,0.005259267124839828,0.005259267124839828
cnv_depth__IBNLCO_02424__3-oxoacyl-[acyl-carrier-protein]__CDS,0.005256685341766745,0.005256685341766745
cnv_depth__IBNLCO_02919__IBNLCO_02919__gene__promoter,0.00525142347788695,0.00525142347788695
cnv_depth__IBNLCO_01480__IBNLCO_01480__gene,-0.005251407699842743,0.005251407699842743
cnv_depth__IBNLCO_04822__IBNLCO_04822__gene,0.0052446652717937905,0.0052446652717937905
cnv_depth__IBNLCO_04110__HTH-type__CDS,-0.005242512659800707,0.005242512659800707
cnv_depth__IBNLCO_05531__IBNLCO_05531__gene,0.005240661728627257,0.005240661728627257
cnv_depth__IBNLCO_03754__gntR__gene__promoter,0.0052388017001259255,0.0052388017001259255
cnv_depth__IBNLCO_02384__IBNLCO_02384__gene__promoter,0.005237031085904771,0.005237031085904771
cnv_depth__IBNLCO_01482__HTH__CDS__promoter,-0.0052337819043109845,0.0052337819043109845
cnv_depth__IBNLCO_01562__PA__CDS__promoter,0.005227825243671159,0.005227825243671159
cnv_depth__IBNLCO_00225__flagellar__CDS,0.00522611856864742,0.00522611856864742
cnv_depth__IBNLCO_02215__Serine__CDS__promoter,-0.005222215023786391,0.005222215023786391
cnv_depth__IBNLCO_03604__IBNLCO_03604__gene__promoter,0.005221762214262999,0.005221762214262999
cnv_depth__IBNLCO_00921__HTH__CDS__promoter,0.005219147031061324,0.005219147031061324
cnv_depth__IBNLCO_01640__IBNLCO_01640__gene,-0.005217059570668719,0.005217059570668719
cnv_depth__IBNLCO_03120__IBNLCO_03120__gene__promoter,-0.005207514937234513,0.005207514937234513
cnv_depth__IBNLCO_00352__hypothetical__CDS,0.00520644833390914,0.00520644833390914
cnv_depth__IBNLCO_03485__IBNLCO_03485__gene__promoter,0.005203286341668613,0.005203286341668613
cnv_depth__IBNLCO_02864__hypothetical__CDS,0.00519846658395918,0.00519846658395918
cnv_depth__IBNLCO_00065__IBNLCO_00065__gene,-0.005192739312973682,0.005192739312973682
cnv_depth__IBNLCO_03747__ceoR__gene,0.005191409487222437,0.005191409487222437
cnv_depth__IBNLCO_03083__HTH__CDS,-0.005186121221516358,0.005186121221516358
cnv_depth__IBNLCO_04676__hypothetical__CDS,-0.005185076702968533,0.005185076702968533
cnv_depth__IBNLCO_03220__Small__CDS,0.0051844593005077036,0.0051844593005077036
cnv_depth__IBNLCO_03853__IBNLCO_03853__gene,0.005179862852032158,0.005179862852032158
cnv_depth__IBNLCO_02266__IBNLCO_02266__gene__promoter,0.0051797754603939905,0.0051797754603939905
cnv_depth__IBNLCO_00489__IBNLCO_00489__gene,0.005169995258712249,0.005169995258712249
cnv_depth__IBNLCO_00558__IBNLCO_00558__gene,0.00516975061357812,0.00516975061357812
cnv_depth__IBNLCO_05830__IBNLCO_05830__gene,0.005168102953441602,0.005168102953441602
cnv_depth__IBNLCO_04805__IBNLCO_04805__gene,0.005167896496696986,0.005167896496696986
cnv_depth__IBNLCO_01743__IBNLCO_01743__gene__promoter,-0.005167221454451956,0.005167221454451956
cnv_depth__IBNLCO_03612__tssK__gene,-0.005165869317419336,0.005165869317419336
cnv_depth__IBNLCO_01665__hypothetical__CDS__promoter,0.005157871609985773,0.005157871609985773
cnv_depth__IBNLCO_05590__tssB1__gene,-0.0051526046756034125,0.0051526046756034125
cnv_depth__IBNLCO_03226__Large__CDS,0.005149537842520997,0.005149537842520997
cnv_depth__IBNLCO_04548__Adenosine__CDS__promoter,-0.005147460229163967,0.005147460229163967
cnv_depth__IBNLCO_03271__IBNLCO_03271__gene,0.005141482485433763,0.005141482485433763
cnv_depth__IBNLCO_01689__IBNLCO_01689__gene,0.005140220509714196,0.005140220509714196
cnv_depth__IBNLCO_01965__Calcineurin-like__CDS,0.005137878617121449,0.005137878617121449
cnv_depth__IBNLCO_02409__IBNLCO_02409__gene,-0.005136978392109769,0.005136978392109769
cnv_depth__IBNLCO_02087__Calcineurin-like__CDS__promoter,0.00513169428254201,0.00513169428254201
cnv_depth__IBNLCO_03167__sn-glycerol-3-phosphate-binding__CDS__promoter,0.005129221768991322,0.005129221768991322
cnv_depth__IBNLCO_00037__cmpD__gene__promoter,0.005128952823734788,0.005128952823734788
cnv_depth__IBNLCO_00558__IBNLCO_00558__gene__promoter,0.005122922318153531,0.005122922318153531
cnv_depth__IBNLCO_00658__IBNLCO_00658__gene,0.005121556892962395,0.005121556892962395
cnv_depth__IBNLCO_05536__IS5__CDS__promoter,-0.005116284540039189,0.005116284540039189
cnv_depth__IBNLCO_04161__IBNLCO_04161__gene,-0.005116213706552649,0.005116213706552649
cnv_depth__IBNLCO_03189__IBNLCO_03189__gene__promoter,0.005116059245295271,0.005116059245295271
cnv_depth__IBNLCO_02142__radA__gene__promoter,0.005113557294948207,0.005113557294948207
cnv_depth__IBNLCO_00567__IBNLCO_00567__gene,0.005109122436863447,0.005109122436863447
cnv_depth__IBNLCO_05668__IBNLCO_05668__gene__promoter,-0.005108841945828552,0.005108841945828552
cnv_depth__IBNLCO_01782__histidine__CDS,-0.005108013996977734,0.005108013996977734
cnv_depth__IBNLCO_01516__IBNLCO_01516__gene,-0.005106651039813873,0.005106651039813873
cnv_depth__IBNLCO_01326__Bacteriophage__CDS,-0.005105252886856029,0.005105252886856029
cnv_depth__IBNLCO_01875__IBNLCO_01875__gene,-0.005104306638344161,0.005104306638344161
cnv_depth__IBNLCO_00006__IBNLCO_00006__gene,0.005103500024286677,0.005103500024286677
cnv_depth__IBNLCO_03424__HTH__CDS,0.005102821805319688,0.005102821805319688
cnv_depth__IBNLCO_02242__IBNLCO_02242__gene__promoter,-0.005102482517511249,0.005102482517511249
cnv_depth__IBNLCO_05319__IBNLCO_05319__gene__promoter,-0.005101921626528638,0.005101921626528638
cnv_depth__IBNLCO_05745__Two__CDS__promoter,0.005101772909632134,0.005101772909632134
cnv_depth__IBNLCO_05615__Alpha-hydroxy-acid__CDS,0.005101653488851844,0.005101653488851844
cnv_depth__IBNLCO_02887__Phosphoglycerate__CDS,-0.005100309447431595,0.005100309447431595
cnv_depth__IBNLCO_03254__NADP-dependent__CDS__promoter,0.005096099450268563,0.005096099450268563
cnv_depth__IBNLCO_01403__lysR__gene__promoter,0.005093762380677909,0.005093762380677909
cnv_depth__IBNLCO_02024__Glycerate__CDS,0.005092385454882662,0.005092385454882662
cnv_depth__IBNLCO_02289__Rhodanese__CDS,-0.0050876119854996495,0.0050876119854996495
cnv_depth__IBNLCO_04673__Rhs__CDS,-0.0050872514873923184,0.0050872514873923184
cnv_depth__IBNLCO_02927__exbD__gene__promoter,-0.005084979760601504,0.005084979760601504
cnv_depth__IBNLCO_04788__IBNLCO_04788__gene__promoter,-0.0050812047739059035,0.0050812047739059035
cnv_depth__IBNLCO_03057__HD__CDS__promoter,0.005074647377481952,0.005074647377481952
cnv_depth__IBNLCO_03735__IBNLCO_03735__gene,0.005062743668780102,0.005062743668780102
cnv_depth__IBNLCO_04700__ftsI__gene__promoter,-0.005062284652987609,0.005062284652987609
cnv_depth__IBNLCO_02802__IBNLCO_02802__gene__promoter,0.005059981546494615,0.005059981546494615
cnv_depth__IBNLCO_02299__Putative__CDS,0.0050573448482931545,0.0050573448482931545
cnv_depth__IBNLCO_02031__IBNLCO_02031__gene,-0.005055919046508149,0.005055919046508149
cnv_depth__IBNLCO_04906__HTH-type__CDS,-0.005055303182020032,0.005055303182020032
cnv_depth__IBNLCO_04706__uroporphyrinogen-III__CDS,0.0050523842295275515,0.0050523842295275515
cnv_depth__IBNLCO_01672__Ferrichrome-iron__CDS__promoter,-0.005049085059564774,0.005049085059564774
cnv_depth__IBNLCO_03785__doxX__gene__promoter,0.005047630855038407,0.005047630855038407
cnv_depth__IBNLCO_01435__ABC__CDS__promoter,0.005047492304246365,0.005047492304246365
cnv_depth__IBNLCO_05005__bapB__gene__promoter,-0.005046759416780291,0.005046759416780291
cnv_depth__IBNLCO_05714__IBNLCO_05714__gene__promoter,-0.005046454236763418,0.005046454236763418
cnv_depth__IBNLCO_02648__IBNLCO_02648__gene__promoter,0.005035992073540347,0.005035992073540347
cnv_depth__IBNLCO_04486__gnl|Bakta|IBNLCO_04486__CDS,-0.00503329778014558,0.00503329778014558
cnv_depth__IBNLCO_00218__Aldehyde__CDS,0.005021118804562546,0.005021118804562546
cnv_depth__IBNLCO_04382__mgtC__gene,-0.005013011056097066,0.005013011056097066
cnv_depth__IBNLCO_01938__IBNLCO_01938__gene,-0.005011856942622155,0.005011856942622155
cnv_depth__IBNLCO_03402__ATP__CDS__promoter,-0.005010963202400046,0.005010963202400046
cnv_depth__IBNLCO_00013__IBNLCO_00013__gene,-0.005009007842152121,0.005009007842152121
cnv_depth__IBNLCO_02414__Signal__CDS__promoter,0.0050077398920507854,0.0050077398920507854
cnv_depth__IBNLCO_05650__(3S)-malyl-CoA__CDS__promoter,0.005006885706137151,0.005006885706137151
cnv_depth__IBNLCO_01269__IBNLCO_01269__gene__promoter,-0.005001872082674985,0.005001872082674985
cnv_depth__IBNLCO_01221__Tat__CDS,-0.004995351908677829,0.004995351908677829
cnv_depth__IBNLCO_05598__IBNLCO_05598__gene__promoter,-0.004995229224069107,0.004995229224069107
cnv_depth__IBNLCO_02988__Proline--tRNA__CDS,0.004992352538829215,0.004992352538829215
cnv_depth__IBNLCO_04713__N-carbamoyl-L-amino-acid__CDS,0.004991121535671207,0.004991121535671207
cnv_depth__IBNLCO_04716__hypothetical__CDS,-0.0049837089675974396,0.0049837089675974396
cnv_depth__IBNLCO_00594__IBNLCO_00594__gene,-0.004981881505078819,0.004981881505078819
cnv_depth__IBNLCO_03096__Peptidase__CDS,-0.004979435020302427,0.004979435020302427
cnv_depth__IBNLCO_01684__IBNLCO_01684__gene,0.004979269153836198,0.004979269153836198
cnv_depth__IBNLCO_05012__SctU__CDS__promoter,-0.004975989230094161,0.004975989230094161
cnv_depth__IBNLCO_03546__PAAR__CDS__promoter,0.0049673920871489054,0.0049673920871489054
cnv_depth__IBNLCO_03402__ATP__CDS,0.00496015006865355,0.00496015006865355
cnv_depth__IBNLCO_05233__Triacylglycerol__CDS__promoter,0.004959004638905597,0.004959004638905597
cnv_depth__IBNLCO_01702__Short-chain__CDS__promoter,-0.004956713300456668,0.004956713300456668
cnv_depth__IBNLCO_03965__2-aminoethylphosphonate--pyruvate__CDS,0.004956203120087792,0.004956203120087792
cnv_depth__IBNLCO_04391__IBNLCO_04391__gene,0.004955267046082367,0.004955267046082367
cnv_depth__IBNLCO_03454__IBNLCO_03454__gene,-0.004952937865507904,0.004952937865507904
cnv_depth__IBNLCO_05715__IBNLCO_05715__gene,-0.004951828990052993,0.004951828990052993
cnv_depth__IBNLCO_03078__Amino__CDS,-0.004949504881241882,0.004949504881241882
cnv_depth__IBNLCO_00170__hypothetical__CDS__promoter,0.004949370871892028,0.004949370871892028
cnv_depth__IBNLCO_00461__Heme__CDS,-0.004946178311755544,0.004946178311755544
cnv_depth__IBNLCO_00382__dsbA__gene,0.004945731620554888,0.004945731620554888
cnv_depth__IBNLCO_00243__hypothetical__CDS__promoter,-0.004944921553866577,0.004944921553866577
cnv_depth__IBNLCO_03755__IBNLCO_03755__gene__promoter,0.004942823483616951,0.004942823483616951
cnv_depth__IBNLCO_02201__Multidrug__CDS,-0.004942176975612739,0.004942176975612739
cnv_depth__IBNLCO_00354__Sulfate-binding__CDS__promoter,0.004940043948783133,0.004940043948783133
cnv_depth__IBNLCO_04069__phosphoenolpyruvate__CDS,0.004939884164270187,0.004939884164270187
cnv_depth__IBNLCO_02015__Insertion__CDS,0.004936935000842082,0.004936935000842082
cnv_depth__IBNLCO_05835__IBNLCO_05835__gene__promoter,-0.004936729482003058,0.004936729482003058
cnv_depth__IBNLCO_03659__DUF1842__CDS__promoter,-0.004932396788677709,0.004932396788677709
cnv_depth__IBNLCO_01264__IBNLCO_01264__gene__promoter,-0.004932184969377476,0.004932184969377476
cnv_depth__IBNLCO_03313__flhC__gene__promoter,0.004923558071571502,0.004923558071571502
cnv_depth__IBNLCO_04727__IBNLCO_04727__gene__promoter,0.004920656526108566,0.004920656526108566
cnv_depth__IBNLCO_00729__L-arginine-specific__CDS,0.004914922263557069,0.004914922263557069
cnv_depth__IBNLCO_03135__hisH__gene__promoter,-0.004914456772677799,0.004914456772677799
cnv_depth__unknown__unknown__regulatory.14,-0.004912633601617063,0.004912633601617063
cnv_depth__IBNLCO_04944__FAD:protein__CDS__promoter,-0.004912079131642699,0.004912079131642699
cnv_depth__IBNLCO_00664__IBNLCO_00664__gene__promoter,0.004911142196571992,0.004911142196571992
cnv_depth__IBNLCO_00938__Dihydroxy-acid__CDS__promoter,0.004909647120481988,0.004909647120481988
cnv_depth__IBNLCO_01857__Sulfide:quinone__CDS__promoter,0.004909479307126406,0.004909479307126406
cnv_depth__IBNLCO_01940__IBNLCO_01940__gene,-0.0049073043040593345,0.0049073043040593345
cnv_depth__IBNLCO_05316__DUF2384__CDS,-0.004906571525318676,0.004906571525318676
cnv_depth__IBNLCO_00749__IBNLCO_00749__gene,-0.004903438020794225,0.004903438020794225
cnv_depth__IBNLCO_02513__Phosphoglycolate__CDS,0.004903113775990482,0.004903113775990482
cnv_depth__IBNLCO_05800__Dmso__CDS__promoter,0.0049027742716787025,0.0049027742716787025
cnv_depth__IBNLCO_04613__copG__gene__promoter,-0.004900720700911333,0.004900720700911333
cnv_depth__IBNLCO_05687__TadE-like__CDS__promoter,-0.004898382473329579,0.004898382473329579
cnv_depth__IBNLCO_02765__AraC__CDS__promoter,-0.004896641535802931,0.004896641535802931
cnv_depth__IBNLCO_01526__nodT__gene,-0.004896447459660066,0.004896447459660066
cnv_depth__IBNLCO_03801__Shikimate__CDS,0.004895547975291038,0.004895547975291038
cnv_depth__IBNLCO_03482__4-hydroxybenzoate__CDS,-0.004895256427576187,0.004895256427576187
cnv_depth__IBNLCO_01931__IBNLCO_01931__gene__promoter,-0.004895104480383188,0.004895104480383188
cnv_depth__IBNLCO_01425__Succinate--glutarate__CDS,-0.004894565821092883,0.004894565821092883
cnv_depth__IBNLCO_01945__IBNLCO_01945__gene__promoter,-0.004893605128710925,0.004893605128710925
cnv_depth__IBNLCO_01589__DUF559__CDS,0.004890288159543672,0.004890288159543672
cnv_depth__IBNLCO_04386__iclR__gene,-0.004886393067096037,0.004886393067096037
cnv_depth__IBNLCO_04311__DUF1488__CDS,-0.004885647308596514,0.004885647308596514
cnv_depth__IBNLCO_00229__Flagellar__CDS,0.004877661839803588,0.004877661839803588
cnv_depth__IBNLCO_01446__IBNLCO_01446__gene,-0.004874521852655865,0.004874521852655865
cnv_depth__IBNLCO_01884__Poly-beta-hydroxybutyrate__CDS__promoter,-0.004874319989751138,0.004874319989751138
cnv_depth__IBNLCO_05582__IBNLCO_05582__gene,-0.004872261662956378,0.004872261662956378
cnv_depth__IBNLCO_01641__Efflux__CDS__promoter,0.0048719920107163275,0.0048719920107163275
cnv_depth__IBNLCO_00555__IBNLCO_00555__gene,0.004866542965979937,0.004866542965979937
cnv_depth__IBNLCO_01250__Membrane-anchored__CDS,-0.004866479534273894,0.004866479534273894
cnv_depth__IBNLCO_05148__IBNLCO_05148__gene,-0.0048587222898908025,0.0048587222898908025
cnv_depth__IBNLCO_01076__IBNLCO_01076__gene,-0.004856135610227245,0.004856135610227245
cnv_depth__IBNLCO_04752__IBNLCO_04752__gene,-0.0048553188517332655,0.0048553188517332655
cnv_depth__IBNLCO_01868__IBNLCO_01868__gene,-0.004852492258853772,0.004852492258853772
cnv_depth__IBNLCO_04275__Type__CDS__promoter,-0.004849855386731419,0.004849855386731419
cnv_depth__IBNLCO_00038__IBNLCO_00038__gene,0.004848247235848727,0.004848247235848727
cnv_depth__IBNLCO_01545__hypothetical__CDS,0.004844568109989093,0.004844568109989093
cnv_depth__IBNLCO_04720__IBNLCO_04720__gene,0.004836715488174902,0.004836715488174902
cnv_depth__IBNLCO_01558__IBNLCO_01558__gene,-0.004835763006673806,0.004835763006673806
cnv_depth__IBNLCO_03930__IBNLCO_03930__gene,-0.004831571970270896,0.004831571970270896
cnv_depth__IBNLCO_01915__Murein__CDS__promoter,-0.004827055649769847,0.004827055649769847
cnv_depth__IBNLCO_01127__IBNLCO_01127__gene,-0.004822975041144914,0.004822975041144914
cnv_depth__IBNLCO_00012__Type__CDS,0.004822093223134608,0.004822093223134608
cnv_depth__IBNLCO_03528__IBNLCO_03528__gene,0.004820191134958898,0.004820191134958898
cnv_depth__IBNLCO_03345__IBNLCO_03345__gene,0.004816098223542058,0.004816098223542058
cnv_depth__IBNLCO_03649__IBNLCO_03649__gene__promoter,0.00480943125847377,0.00480943125847377
cnv_depth__IBNLCO_04719__IBNLCO_04719__gene,-0.004806881898094325,0.004806881898094325
cnv_depth__IBNLCO_04571__IBNLCO_04571__gene,-0.004803547642505246,0.004803547642505246
cnv_depth__IBNLCO_02998__pilB__gene,0.004803195961113747,0.004803195961113747
cnv_depth__IBNLCO_02821__IBNLCO_02821__gene,0.004802057057272074,0.004802057057272074
cnv_depth__IBNLCO_01008__IBNLCO_01008__gene__promoter,0.004801594640448773,0.004801594640448773
cnv_depth__IBNLCO_02520__IBNLCO_02520__gene,-0.004795445916782611,0.004795445916782611
cnv_depth__IBNLCO_05505__DUF411__CDS,-0.004794440821084872,0.004794440821084872
cnv_depth__IBNLCO_01383__Type__CDS__promoter,-0.004783183881433237,0.004783183881433237
cnv_depth__IBNLCO_00336__IBNLCO_00336__gene__promoter,-0.00478192331513526,0.00478192331513526
cnv_depth__IBNLCO_03457__Cytochrome__CDS__promoter,0.004781150573086674,0.004781150573086674
cnv_depth__IBNLCO_00035__DUF2938__CDS,0.004777357638879995,0.004777357638879995
cnv_depth__IBNLCO_00287__IBNLCO_00287__gene__promoter,-0.0047748545190134965,0.0047748545190134965
cnv_depth__IBNLCO_03319__Glucosamine__CDS__promoter,0.004774364398476227,0.004774364398476227
cnv_depth__IBNLCO_05594__Type__CDS,-0.00477120024667962,0.00477120024667962
cnv_depth__IBNLCO_03026__3-demethoxyubiquinol__CDS,0.004770954300213512,0.004770954300213512
cnv_depth__IBNLCO_03920__Methyl-accepting__CDS,-0.00476450577395559,0.00476450577395559
cnv_depth__IBNLCO_02485__Leucine-responsive__CDS,-0.0047614853993879925,0.0047614853993879925
cnv_depth__IBNLCO_00543__IBNLCO_00543__gene,-0.004760177164698949,0.004760177164698949
cnv_depth__IBNLCO_00041__IBNLCO_00041__gene,0.004756296615563839,0.004756296615563839
cnv_depth__IBNLCO_00283__IBNLCO_00283__gene__promoter,0.0047546174550910664,0.0047546174550910664
cnv_depth__IBNLCO_02023__IBNLCO_02023__gene,0.004747873929570033,0.004747873929570033
cnv_depth__IBNLCO_00528__IBNLCO_00528__gene__promoter,0.004746362262502247,0.004746362262502247
cnv_depth__IBNLCO_01670__IBNLCO_01670__gene,0.004743969903479289,0.004743969903479289
cnv_depth__IBNLCO_03836__exbB__gene__promoter,0.004743024348227229,0.004743024348227229
cnv_depth__IBNLCO_03099__OmpA-like__CDS,0.004742086427595817,0.004742086427595817
cnv_depth__IBNLCO_01885__Purine__CDS__promoter,-0.00474195673834944,0.00474195673834944
cnv_depth__IBNLCO_04064__IBNLCO_04064__gene__promoter,-0.004741089228413302,0.004741089228413302
cnv_depth__IBNLCO_00075__Beta__CDS__promoter,0.00474083024752012,0.00474083024752012
cnv_depth__IBNLCO_00077__IBNLCO_00077__gene,-0.004736356580595499,0.004736356580595499
cnv_depth__IBNLCO_00262__IBNLCO_00262__gene,-0.004733219659521368,0.004733219659521368
cnv_depth__IBNLCO_00490__IBNLCO_00490__gene__promoter,0.004732503841057186,0.004732503841057186
cnv_depth__IBNLCO_00521__IBNLCO_00521__gene,-0.0047293432430559525,0.0047293432430559525
cnv_depth__IBNLCO_01886__IBNLCO_01886__gene,-0.0047290026732417275,0.0047290026732417275
cnv_depth__IBNLCO_04000__IBNLCO_04000__gene__promoter,-0.004725860834786666,0.004725860834786666
cnv_depth__IBNLCO_05297__araC__gene,-0.004724387914411217,0.004724387914411217
cnv_depth__IBNLCO_05095__Tir__CDS,0.004722599212203458,0.004722599212203458
cnv_depth__IBNLCO_03168__IBNLCO_03168__gene,-0.0047184885831487245,0.0047184885831487245
cnv_depth__IBNLCO_01110__IBNLCO_01110__gene,-0.00471661186629061,0.00471661186629061
cnv_depth__IBNLCO_02183__GHMP__CDS__promoter,-0.004716276955084362,0.004716276955084362
cnv_depth__IBNLCO_05597__IBNLCO_05597__gene__promoter,-0.004711022318407908,0.004711022318407908
cnv_depth__IBNLCO_02007__Bifunctional__CDS,0.004705938139555697,0.004705938139555697
cnv_depth__IBNLCO_02913__IBNLCO_02913__gene__promoter,0.004704983335765378,0.004704983335765378
cnv_depth__IBNLCO_02087__Calcineurin-like__CDS,0.004701923224712748,0.004701923224712748
cnv_depth__IBNLCO_02213__IBNLCO_02213__gene__promoter,-0.0046969772457915076,0.0046969772457915076
cnv_depth__IBNLCO_02829__Pyrroline-5-carboxylate__CDS__promoter,0.004695973654129181,0.004695973654129181
cnv_depth__IBNLCO_02155__(S)-2-haloacid__CDS,-0.004692625687976657,0.004692625687976657
cnv_depth__IBNLCO_04060__MFS__CDS,-0.004689714725259627,0.004689714725259627
cnv_depth__IBNLCO_05716__IBNLCO_05716__gene,-0.004687715492384227,0.004687715492384227
cnv_depth__IBNLCO_04806__IBNLCO_04806__gene,-0.0046867760033389196,0.0046867760033389196
cnv_depth__IBNLCO_04063__DUF2917__CDS__promoter,-0.004686312545292583,0.004686312545292583
cnv_depth__IBNLCO_00408__IBNLCO_00408__gene,-0.004683596266483955,0.004683596266483955
cnv_depth__IBNLCO_03822__Aspartate__CDS__promoter,-0.004682821115011248,0.004682821115011248
cnv_depth__IBNLCO_05424__hypothetical__CDS,0.00468076478516585,0.00468076478516585
cnv_depth__IBNLCO_00853__Adenylate__CDS__promoter,-0.004677687847955416,0.004677687847955416
cnv_depth__IBNLCO_00293__IBNLCO_00293__gene,0.00467594203424438,0.00467594203424438
cnv_depth__IBNLCO_03406__IBNLCO_03406__gene,-0.004675067886842682,0.004675067886842682
cnv_depth__IBNLCO_03834__ncS011__gene,0.004674541001295563,0.004674541001295563
cnv_depth__IBNLCO_01233__RecBCD__CDS,0.004673977860977028,0.004673977860977028
cnv_depth__IBNLCO_01092__IBNLCO_01092__gene,0.004668586846511164,0.004668586846511164
cnv_depth__IBNLCO_01220__ncS54__gene,0.004668548697532874,0.004668548697532874
cnv_depth__IBNLCO_03870__hypothetical__CDS,-0.004665893400856117,0.004665893400856117
cnv_depth__IBNLCO_02270__IBNLCO_02270__gene__promoter,0.0046657211020429195,0.0046657211020429195
cnv_depth__IBNLCO_02077__IBNLCO_02077__gene,0.004661883105633418,0.004661883105633418
cnv_depth__IBNLCO_05140__Linalool__CDS,-0.004660086910275592,0.004660086910275592
cnv_depth__IBNLCO_05374__histidine__CDS__promoter,0.004659180363711308,0.004659180363711308
cnv_depth__IBNLCO_02311__IBNLCO_02311__gene,0.004658267040285869,0.004658267040285869
cnv_depth__IBNLCO_01983__ywnH__gene,-0.004654614176219533,0.004654614176219533
cnv_depth__IBNLCO_02665__IBNLCO_02665__gene,0.0046545165626931135,0.0046545165626931135
cnv_depth__IBNLCO_02084__hypothetical__CDS,0.004654112735468013,0.004654112735468013
cnv_depth__IBNLCO_04387__IBNLCO_04387__gene,-0.004652925761440594,0.004652925761440594
cnv_depth__IBNLCO_04945__aldehyde__CDS__promoter,-0.0046528808870312036,0.0046528808870312036
cnv_depth__IBNLCO_05173__Polysaccharide__CDS__promoter,0.004646521600430806,0.004646521600430806
cnv_depth__IBNLCO_04238__hypothetical__CDS,-0.0046446277375818855,0.0046446277375818855
cnv_depth__IBNLCO_02227__IBNLCO_02227__gene__promoter,-0.00464325616098581,0.00464325616098581
cnv_depth__IBNLCO_02036__DUF4123__CDS__promoter,0.004640862533472417,0.004640862533472417
cnv_depth__IBNLCO_02672__pyrR__gene,-0.004640847118065976,0.004640847118065976
cnv_depth__IBNLCO_01554__hypothetical__CDS__promoter,-0.0046380524182001595,0.0046380524182001595
cnv_depth__IBNLCO_02628__Protein-L-isoaspartate__CDS,-0.004636864612836261,0.004636864612836261
cnv_depth__IBNLCO_04261__2-keto-3-deoxy-L-fuconate__CDS,-0.004636762716837023,0.004636762716837023
cnv_depth__IBNLCO_01358__IBNLCO_01358__gene__promoter,-0.004635356201715593,0.004635356201715593
cnv_depth__IBNLCO_02940__IBNLCO_02940__gene,-0.00463441900556417,0.00463441900556417
cnv_depth__IBNLCO_00207__IBNLCO_00207__gene__promoter,0.004629348513572901,0.004629348513572901
cnv_depth__IBNLCO_01378__IBNLCO_01378__gene,0.004628915209885799,0.004628915209885799
cnv_depth__IBNLCO_02090__IBNLCO_02090__gene,0.004626349575622892,0.004626349575622892
cnv_depth__IBNLCO_02596__1-aminocyclopropane-1-carboxylate__CDS,-0.004624411186711059,0.004624411186711059
cnv_depth__IBNLCO_02366__N-succinylarginine__CDS,-0.0046210488207870494,0.0046210488207870494
cnv_depth__IBNLCO_03277__IBNLCO_03277__gene,0.004620842961323522,0.004620842961323522
cnv_depth__IBNLCO_04987__tssF__gene,0.004617050211218813,0.004617050211218813
cnv_depth__IBNLCO_03815__rrf__gene,0.004614974079985118,0.004614974079985118
cnv_depth__IBNLCO_00354__Sulfate-binding__CDS,-0.004612311165271877,0.004612311165271877
cnv_depth__IBNLCO_03700__IBNLCO_03700__gene__promoter,-0.004604018546959879,0.004604018546959879
cnv_depth__IBNLCO_01648__ABC__CDS__promoter,0.004602315162994322,0.004602315162994322
cnv_depth__IBNLCO_04945__aldehyde__CDS,-0.004600257692484911,0.004600257692484911
cnv_depth__IBNLCO_05373__wspA__gene,-0.004599893624929375,0.004599893624929375
cnv_depth__IBNLCO_04741__YigZ__CDS,-0.004594874598651739,0.004594874598651739
cnv_depth__IBNLCO_00193__HAD__CDS,0.0045932814158360855,0.0045932814158360855
cnv_depth__IBNLCO_03137__Imidazoleglycerol-phosphate__CDS,0.004587861197959611,0.004587861197959611
cnv_depth__IBNLCO_00587__IBNLCO_00587__gene__promoter,-0.004584313961030706,0.004584313961030706
cnv_depth__IBNLCO_05436__oprM__gene,-0.0045837492104555755,0.0045837492104555755
cnv_depth__IBNLCO_02070__IBNLCO_02070__gene,-0.004582345291329497,0.004582345291329497
cnv_depth__IBNLCO_00102__IBNLCO_00102__gene__promoter,-0.004581657779569978,0.004581657779569978
cnv_depth__IBNLCO_00466__gnl|Bakta|IBNLCO_00466__CDS,0.004579788132806901,0.004579788132806901
cnv_depth__IBNLCO_01842__hypothetical__CDS,0.004579517989489669,0.004579517989489669
cnv_depth__IBNLCO_02950__IBNLCO_02950__gene,0.004579348760350528,0.004579348760350528
cnv_depth__IBNLCO_01916__Protein-L-isoaspartate__CDS,0.004575501536900752,0.004575501536900752
cnv_depth__IBNLCO_00443__IBNLCO_00443__gene,0.004570822790838863,0.004570822790838863
cnv_depth__IBNLCO_03452__gnl|Bakta|IBNLCO_03452__CDS__promoter,0.0045702173595925715,0.0045702173595925715
cnv_depth__IBNLCO_05073__hypothetical__CDS,0.004567228774949415,0.004567228774949415
cnv_depth__IBNLCO_05680__IBNLCO_05680__gene__promoter,-0.004560393504527238,0.004560393504527238
cnv_depth__IBNLCO_00984__Porphobilinogen__CDS__promoter,0.004558043869047359,0.004558043869047359
cnv_depth__IBNLCO_03138__IBNLCO_03138__gene__promoter,-0.00455750659699848,0.00455750659699848
cnv_depth__IBNLCO_00032__flagellar__CDS__promoter,-0.0045560492609445944,0.0045560492609445944
cnv_depth__IBNLCO_00601__IBNLCO_00601__gene,-0.004554577485546264,0.004554577485546264
cnv_depth__IBNLCO_05155__DUF218__CDS__promoter,-0.004553542023836011,0.004553542023836011
cnv_depth__IBNLCO_02251__Glycine__CDS,-0.004552759091028171,0.004552759091028171
cnv_depth__IBNLCO_04353__HTH-type__CDS,-0.004548289760486882,0.004548289760486882
cnv_depth__IBNLCO_03320__DNA-3-methyladenine__CDS__promoter,0.004547528150277527,0.004547528150277527
cnv_depth__IBNLCO_00666__IBNLCO_00666__gene__promoter,0.004544967739210462,0.004544967739210462
cnv_depth__IBNLCO_00504__IBNLCO_00504__gene,-0.004541605995741926,0.004541605995741926
cnv_depth__IBNLCO_04607__Formate__CDS,-0.004540673785500422,0.004540673785500422
cnv_depth__IBNLCO_03325__IBNLCO_03325__gene,-0.004539262477635908,0.004539262477635908
cnv_depth__IBNLCO_03853__IBNLCO_03853__gene__promoter,0.004536221530670834,0.004536221530670834
cnv_depth__IBNLCO_00446__secB__gene,-0.0045330062113571965,0.0045330062113571965
cnv_depth__IBNLCO_00025__LrgB__CDS__promoter,0.0045328327954691095,0.0045328327954691095
cnv_depth__IBNLCO_02035__IBNLCO_02035__gene,0.0045295907361905885,0.0045295907361905885
cnv_depth__IBNLCO_03696__cysW__gene__promoter,0.00452923337221313,0.00452923337221313
cnv_depth__IBNLCO_02935__IBNLCO_02935__gene,-0.004528593965146281,0.004528593965146281
cnv_depth__IBNLCO_05682__IBNLCO_05682__gene,0.004527984801036621,0.004527984801036621
cnv_depth__IBNLCO_01895__IBNLCO_01895__gene,-0.004527460017960785,0.004527460017960785
cnv_depth__IBNLCO_03327__IBNLCO_03327__gene__promoter,0.0045257275069526285,0.0045257275069526285
cnv_depth__IBNLCO_04729__IBNLCO_04729__gene__promoter,-0.0045232626405967286,0.0045232626405967286
cnv_depth__IBNLCO_00265__flgM__gene__promoter,0.004519545293858607,0.004519545293858607
cnv_depth__IBNLCO_05599__FHA-family__CDS__promoter,-0.004518384892571507,0.004518384892571507
cnv_depth__IBNLCO_00513__IBNLCO_00513__gene,-0.004517948624419633,0.004517948624419633
cnv_depth__IBNLCO_02203__Outer__CDS,0.004515805002530134,0.004515805002530134
cnv_depth__IBNLCO_00026__flagellar__CDS__promoter,0.004515109574862464,0.004515109574862464
cnv_depth__IBNLCO_05619__H-NS__CDS,0.0045108656996702585,0.0045108656996702585
cnv_depth__IBNLCO_05295__IBNLCO_05295__gene,-0.004507881721391071,0.004507881721391071
cnv_depth__IBNLCO_03918__copC__gene__promoter,0.0045022914098058935,0.0045022914098058935
cnv_depth__IBNLCO_04254__Transcriptional__CDS,-0.004494658041887543,0.004494658041887543
cnv_depth__IBNLCO_04658__Exported__CDS__promoter,0.004493773723426253,0.004493773723426253
cnv_depth__IBNLCO_05806__dsbD__gene__promoter,0.0044931191335043,0.0044931191335043
cnv_depth__IBNLCO_02121__Ribosome-recycling__CDS,0.0044913299051871506,0.0044913299051871506
cnv_depth__IBNLCO_00495__lysR__gene__promoter,0.004490959849071035,0.004490959849071035
cnv_depth__IBNLCO_00344__Branched-chain__CDS__promoter,0.0044899551387459205,0.0044899551387459205
cnv_depth__IBNLCO_01414__IBNLCO_01414__gene,-0.004476784478847789,0.004476784478847789
cnv_depth__IBNLCO_02930__IBNLCO_02930__gene__promoter,0.004476003000866535,0.004476003000866535
cnv_depth__IBNLCO_05299__IBNLCO_05299__gene,0.004474272530451765,0.004474272530451765
cnv_depth__IBNLCO_04266__hypothetical__CDS__promoter,-0.004474243910751151,0.004474243910751151
cnv_depth__IBNLCO_03185__anti-hemB__gene__promoter,0.004469431834347555,0.004469431834347555
cnv_depth__IBNLCO_00690__IBNLCO_00690__gene,0.004464958438072742,0.004464958438072742
cnv_depth__IBNLCO_04202__DNA-binding__CDS__promoter,0.004464505047577309,0.004464505047577309
cnv_depth__IBNLCO_00195__IBNLCO_00195__gene__promoter,-0.004464341487060354,0.004464341487060354
cnv_depth__IBNLCO_02462__gnl|Bakta|IBNLCO_02462__CDS__promoter,0.004460058744039744,0.004460058744039744
cnv_depth__IBNLCO_00039__histidine__CDS__promoter,0.004456714334995203,0.004456714334995203
cnv_depth__IBNLCO_05784__Sulfate__CDS__promoter,0.004456051071661685,0.004456051071661685
cnv_depth__IBNLCO_04995__IBNLCO_04995__gene__promoter,-0.004448373668571057,0.004448373668571057
cnv_depth__IBNLCO_01715__IBNLCO_01715__gene,-0.0044482088003089185,0.0044482088003089185
cnv_depth__IBNLCO_01584__IBNLCO_01584__gene,-0.004447533107808984,0.004447533107808984
cnv_depth__IBNLCO_02071__IBNLCO_02071__gene__promoter,-0.0044473237350782365,0.0044473237350782365
cnv_depth__IBNLCO_04953__IBNLCO_04953__gene__promoter,-0.004445594026551197,0.004445594026551197
cnv_depth__IBNLCO_01037__HTH__CDS,-0.0044452892616078325,0.0044452892616078325
cnv_depth__IBNLCO_04549__YbaK/aminoacyl-tRNA__CDS__promoter,-0.004445073209434452,0.004445073209434452
cnv_depth__IBNLCO_00559__IBNLCO_00559__gene,0.004444498456913303,0.004444498456913303
cnv_depth__IBNLCO_00825__gnl|Bakta|IBNLCO_00825__CDS__promoter,-0.004441503617273517,0.004441503617273517
cnv_depth__IBNLCO_05621__IBNLCO_05621__gene__promoter,0.004430810508329024,0.004430810508329024
cnv_depth__IBNLCO_01461__Efflux__CDS__promoter,0.004428793294865831,0.004428793294865831
cnv_depth__IBNLCO_04188__IBNLCO_04188__gene__promoter,0.004426716548328906,0.004426716548328906
cnv_depth__IBNLCO_02162__tRNA-Glu(ttc)__tRNA,-0.0044232307228460385,0.0044232307228460385
cnv_depth__IBNLCO_03272__IBNLCO_03272__gene,-0.0044219698028165715,0.0044219698028165715
cnv_depth__IBNLCO_05137__IBNLCO_05137__gene,0.004421021654969802,0.004421021654969802
cnv_depth__IBNLCO_05097__Type__CDS__promoter,-0.004419529488632531,0.004419529488632531
cnv_depth__IBNLCO_01991__Enoyl__CDS__promoter,-0.004417604050827292,0.004417604050827292
cnv_depth__IBNLCO_03807__IBNLCO_03807__gene,-0.004415661960173781,0.004415661960173781
cnv_depth__IBNLCO_00189__ampG__gene,0.00441513233580134,0.00441513233580134
cnv_depth__IBNLCO_05528__Sphinganine-1-phosphate__CDS__promoter,0.004412771881912446,0.004412771881912446
cnv_depth__IBNLCO_03072__IBNLCO_03072__gene,0.004408935787495321,0.004408935787495321
cnv_depth__IBNLCO_05258__Exodeoxyribonuclease__CDS__promoter,0.004408841557555041,0.004408841557555041
cnv_depth__IBNLCO_04390__IBNLCO_04390__gene__promoter,-0.0044086496732103,0.0044086496732103
cnv_depth__IBNLCO_04905__Choline__CDS,-0.004405904940819364,0.004405904940819364
cnv_depth__IBNLCO_04419__Short-chain__CDS,-0.004405397286506707,0.004405397286506707
cnv_depth__IBNLCO_04030__DUF4148__CDS,-0.0043990883216628125,0.0043990883216628125
cnv_depth__IBNLCO_05278__IBNLCO_05278__gene__promoter,0.004397976081924071,0.004397976081924071
cnv_depth__IBNLCO_00368__8-amino-7-oxononanoate__CDS__promoter,-0.004397582688650448,0.004397582688650448
cnv_depth__IBNLCO_04225__Cytosine__CDS__promoter,0.004394310625809256,0.004394310625809256
cnv_depth__IBNLCO_04009__IBNLCO_04009__gene,-0.004393046537273268,0.004393046537273268
cnv_depth__IBNLCO_05615__Alpha-hydroxy-acid__CDS__promoter,-0.004390319755501538,0.004390319755501538
cnv_depth__IBNLCO_02311__IBNLCO_02311__gene__promoter,0.004390042736034756,0.004390042736034756
cnv_depth__IBNLCO_00523__IBNLCO_00523__gene,0.004388801553082672,0.004388801553082672
cnv_depth__IBNLCO_01070__IBNLCO_01070__gene,-0.004385741463054411,0.004385741463054411
cnv_depth__IBNLCO_03582__Periplasmic__CDS__promoter,0.00438007717559007,0.00438007717559007
cnv_depth__IBNLCO_00854__3-deoxy-manno-octulosonate__CDS,-0.004374500341223597,0.004374500341223597
cnv_depth__IBNLCO_05222__Tyrosinase__CDS,0.00437429624945954,0.00437429624945954
cnv_depth__IBNLCO_01701__Heme-binding__CDS,-0.004369504128236818,0.004369504128236818
cnv_depth__IBNLCO_03036__IBNLCO_03036__gene__promoter,-0.004369448469820904,0.004369448469820904
cnv_depth__IBNLCO_05504__IBNLCO_05504__gene__promoter,-0.004365996832845611,0.004365996832845611
cnv_depth__IBNLCO_03447__IBNLCO_03447__gene__promoter,-0.004365825865679944,0.004365825865679944
cnv_depth__IBNLCO_04559__Magnesium__CDS__promoter,0.004356969246390481,0.004356969246390481
cnv_depth__IBNLCO_03432__IBNLCO_03432__gene,-0.004356328599867212,0.004356328599867212
cnv_depth__IBNLCO_03122__IBNLCO_03122__gene__promoter,0.004354619213206871,0.004354619213206871
cnv_depth__IBNLCO_04006__Serine__CDS,-0.004351349518407169,0.004351349518407169
cnv_depth__IBNLCO_01524__Multidrug__CDS__promoter,0.004351238251196879,0.004351238251196879
cnv_depth__IBNLCO_03480__IBNLCO_03480__gene__promoter,0.00434702309980854,0.00434702309980854
cnv_depth__IBNLCO_01557__IBNLCO_01557__gene__promoter,-0.004342283882165206,0.004342283882165206
cnv_depth__IBNLCO_03212__Small__CDS,0.004341770482083637,0.004341770482083637
cnv_depth__IBNLCO_03124__IBNLCO_03124__gene__promoter,0.004341561387457669,0.004341561387457669
cnv_depth__IBNLCO_03471__IBNLCO_03471__gene,-0.004341323508316243,0.004341323508316243
cnv_depth__IBNLCO_03098__Type__CDS__promoter,0.004340509558263137,0.004340509558263137
cnv_depth__IBNLCO_02076__IBNLCO_02076__gene__promoter,0.0043390990010265034,0.0043390990010265034
cnv_depth__IBNLCO_00093__DNA-3-methyladenine__CDS__promoter,-0.0043373448950784314,0.0043373448950784314
cnv_depth__IBNLCO_04608__Formate__CDS,0.004336849471273865,0.004336849471273865
cnv_depth__IBNLCO_04993__type__CDS__promoter,-0.004329838631835907,0.004329838631835907
cnv_depth__IBNLCO_04617__Nitrate__CDS,-0.004322272220196421,0.004322272220196421
cnv_depth__IBNLCO_01490__IBNLCO_01490__gene,-0.004321181230858663,0.004321181230858663
cnv_depth__IBNLCO_02551__ncS025__gene__promoter,0.004316599067337505,0.004316599067337505
cnv_depth__IBNLCO_03397__ATP__CDS__promoter,0.004315042889573289,0.004315042889573289
cnv_depth__IBNLCO_03267__2-hydroxy-3-oxopropionate__CDS__promoter,0.004311421239919167,0.004311421239919167
cnv_depth__IBNLCO_04284__Circularly__CDS,-0.004309241330074578,0.004309241330074578
cnv_depth__IBNLCO_03174__pilM__gene,0.004309228683419205,0.004309228683419205
cnv_depth__IBNLCO_02773__wcbQ__gene,-0.0043087921297886465,0.0043087921297886465
cnv_depth__IBNLCO_04859__IBNLCO_04859__gene,0.004305822140964283,0.004305822140964283
cnv_depth__IBNLCO_04185__Xenobiotic__CDS,0.004303464066818486,0.004303464066818486
cnv_depth__IBNLCO_00196__histidine__CDS__promoter,0.0043029450426517605,0.0043029450426517605
cnv_depth__IBNLCO_02392__IBNLCO_02392__gene,0.0043027511435145376,0.0043027511435145376
cnv_depth__IBNLCO_03770__IBNLCO_03770__gene,0.004301093721043015,0.004301093721043015
cnv_depth__IBNLCO_00105__Tlde1__CDS__promoter,0.004297970809997981,0.004297970809997981
cnv_depth__IBNLCO_03440__yceI__gene,0.00429783499001905,0.00429783499001905
cnv_depth__IBNLCO_02136__Succinyl-diaminopimelate__CDS__promoter,0.004296562487528043,0.004296562487528043
cnv_depth__IBNLCO_02641__hypothetical__CDS__promoter,-0.0042965312587984516,0.0042965312587984516
cnv_depth__IBNLCO_03437__DNA-binding__CDS__promoter,0.004295554418228156,0.004295554418228156
cnv_depth__IBNLCO_03090__IBNLCO_03090__gene,-0.0042879579084654585,0.0042879579084654585
cnv_depth__IBNLCO_00114__IBNLCO_00114__gene,0.00428389495995756,0.00428389495995756
cnv_depth__IBNLCO_05172__IBNLCO_05172__gene,0.004281506863413716,0.004281506863413716
cnv_depth__IBNLCO_04870__hypothetical__CDS,-0.004281213374397501,0.004281213374397501
cnv_depth__IBNLCO_03024__IBNLCO_03024__gene,0.004277585306171341,0.004277585306171341
cnv_depth__IBNLCO_03908__IBNLCO_03908__gene__promoter,0.0042755166026664125,0.0042755166026664125
cnv_depth__IBNLCO_01390__IBNLCO_01390__gene,-0.004272827806893763,0.004272827806893763
cnv_depth__IBNLCO_01181__IBNLCO_01181__gene,-0.004270721865028583,0.004270721865028583
cnv_depth__IBNLCO_05799__hypothetical__CDS__promoter,0.004269443065801401,0.004269443065801401
cnv_depth__IBNLCO_02439__IBNLCO_02439__gene__promoter,0.004253692560437712,0.004253692560437712
cnv_depth__IBNLCO_04605__NADH:quinone__CDS,-0.004253100383530439,0.004253100383530439
cnv_depth__IBNLCO_01411__luxR__gene,0.004248615182804516,0.004248615182804516
cnv_depth__IBNLCO_01889__DUF465__CDS__promoter,0.004246725883405604,0.004246725883405604
cnv_depth__IBNLCO_01366__IBNLCO_01366__gene,-0.004245104845760516,0.004245104845760516
cnv_depth__IBNLCO_02997__corB__gene__promoter,-0.004244290182647878,0.004244290182647878
cnv_depth__IBNLCO_04565__Bifunctional__CDS,0.004243194359233543,0.004243194359233543
cnv_depth__IBNLCO_02731__IBNLCO_02731__gene__promoter,0.004241884769765295,0.004241884769765295
cnv_depth__IBNLCO_05604__IBNLCO_05604__gene,0.004240476267805214,0.004240476267805214
cnv_depth__IBNLCO_00104__Membrane__CDS__promoter,0.004237719317094344,0.004237719317094344
cnv_depth__IBNLCO_05063__IBNLCO_05063__gene__promoter,-0.004237429583000128,0.004237429583000128
cnv_depth__IBNLCO_04192__Pyridoxamine__CDS,-0.004233812671855617,0.004233812671855617
cnv_depth__IBNLCO_04737__Alkylation__CDS,-0.004232383626934846,0.004232383626934846
cnv_depth__IBNLCO_02029__IBNLCO_02029__gene,0.004231679789035388,0.004231679789035388
cnv_depth__IBNLCO_00935__IBNLCO_00935__gene__promoter,-0.004229930181862939,0.004229930181862939
cnv_depth__IBNLCO_01120__IBNLCO_01120__gene,-0.004228822562572812,0.004228822562572812
cnv_depth__IBNLCO_00306__IBNLCO_00306__gene,0.00422847710725148,0.00422847710725148
cnv_depth__IBNLCO_00008__hxcR__gene,0.004227872192899568,0.004227872192899568
cnv_depth__IBNLCO_00048__Branched-chain__CDS__promoter,0.004226237897142932,0.004226237897142932
cnv_depth__IBNLCO_04339__IBNLCO_04339__gene__promoter,0.004224410922918209,0.004224410922918209
cnv_depth__IBNLCO_00476__IBNLCO_00476__gene,0.004222020962550636,0.004222020962550636
cnv_depth__IBNLCO_02086__IBNLCO_02086__gene__promoter,0.004220703484205496,0.004220703484205496
cnv_depth__IBNLCO_03320__IBNLCO_03320__gene,0.0042197335306014445,0.0042197335306014445
cnv_depth__IBNLCO_01307__IBNLCO_01307__gene__promoter,-0.0042180745065301005,0.0042180745065301005
cnv_depth__IBNLCO_04551__IBNLCO_04551__gene,-0.0042175025349075555,0.0042175025349075555
cnv_depth__IBNLCO_03025__mraZ__gene,0.0042170887151772455,0.0042170887151772455
cnv_depth__IBNLCO_01326__IBNLCO_01326__gene__promoter,-0.004213650081809479,0.004213650081809479
cnv_depth__IBNLCO_00420__IBNLCO_00420__gene,-0.004212380050769319,0.004212380050769319
cnv_depth__IBNLCO_03626__Pentapeptide__CDS__promoter,0.004211985931320328,0.004211985931320328
cnv_depth__IBNLCO_05817__mlaC__gene__promoter,0.0042093559047202325,0.0042093559047202325
cnv_depth__IBNLCO_01049__IBNLCO_01049__gene,-0.0042081609793566295,0.0042081609793566295
cnv_depth__IBNLCO_00809__Mannitol__CDS,-0.004205722413533135,0.004205722413533135
cnv_depth__IBNLCO_04155__IBNLCO_04155__gene__promoter,-0.004204239484225102,0.004204239484225102
cnv_depth__IBNLCO_03223__DNA-directed__CDS,-0.0042037497461575955,0.0042037497461575955
cnv_depth__IBNLCO_03455__hypothetical__CDS__promoter,0.0042001783178466845,0.0042001783178466845
cnv_depth__IBNLCO_01448__tusA__gene,-0.0041992778803369825,0.0041992778803369825
cnv_depth__IBNLCO_02911__Glutamate/aspartate__CDS,-0.0041922086018240465,0.0041922086018240465
cnv_depth__IBNLCO_00554__IBNLCO_00554__gene__promoter,0.004186134175759008,0.004186134175759008
cnv_depth__IBNLCO_01553__IBNLCO_01553__gene,-0.004185472295444981,0.004185472295444981
cnv_depth__IBNLCO_02327__Hydrolase__CDS__promoter,-0.004185238808491387,0.004185238808491387
cnv_depth__IBNLCO_00411__UPF0250__CDS,-0.004183146683485554,0.004183146683485554
cnv_depth__IBNLCO_05580__hypothetical__CDS__promoter,-0.004182905723387935,0.004182905723387935
cnv_depth__IBNLCO_03640__IBNLCO_03640__gene,0.004178789282194486,0.004178789282194486
cnv_depth__IBNLCO_01263__IBNLCO_01263__gene__promoter,-0.004176020990057211,0.004176020990057211
cnv_depth__IBNLCO_02668__Bis(5'-nucleosyl)-tetraphosphatase%2C__CDS__promoter,-0.004175453842233454,0.004175453842233454
cnv_depth__IBNLCO_00232__PepSY-associated__CDS__promoter,0.0041749847775796696,0.0041749847775796696
cnv_depth__IBNLCO_02936__cynR__gene__promoter,0.004173034375787146,0.004173034375787146
cnv_depth__IBNLCO_00355__IBNLCO_00355__gene__promoter,0.004167002846781577,0.004167002846781577
cnv_depth__IBNLCO_05180__Bp2_287__gene__promoter,0.004166647780134187,0.004166647780134187
cnv_depth__IBNLCO_02929__4-hydroxy-tetrahydrodipicolinate__CDS,0.0041617466019625285,0.0041617466019625285
cnv_depth__IBNLCO_01911__rlmD__gene__promoter,0.004161282326090265,0.004161282326090265
cnv_depth__IBNLCO_02244__gnl|Bakta|IBNLCO_02244__CDS,-0.004160672049318116,0.004160672049318116
cnv_depth__IBNLCO_05020__type__CDS,-0.004157389967293666,0.004157389967293666
cnv_depth__IBNLCO_03504__dctD__gene__promoter,-0.004157033611267672,0.004157033611267672
cnv_depth__IBNLCO_05251__Transamidase__CDS__promoter,0.004154465280262871,0.004154465280262871
cnv_depth__IBNLCO_04117__IBNLCO_04117__gene__promoter,0.0041514273920396,0.0041514273920396
cnv_depth__IBNLCO_01273__IBNLCO_01273__gene__promoter,-0.004149062342533458,0.004149062342533458
cnv_depth__IBNLCO_02917__gnl|Bakta|IBNLCO_02917__CDS,-0.004143478470407555,0.004143478470407555
cnv_depth__IBNLCO_03149__Intermembrane__CDS,0.004142041082184179,0.004142041082184179
cnv_depth__IBNLCO_03721__IBNLCO_03721__gene,0.004141926005052587,0.004141926005052587
cnv_depth__IBNLCO_00573__Dienelactone__CDS__promoter,-0.0041416622627743465,0.0041416622627743465
cnv_depth__IBNLCO_05577__Ribose__CDS,-0.0041400304678391115,0.0041400304678391115
cnv_depth__IBNLCO_03272__IBNLCO_03272__gene__promoter,0.00413807908884704,0.00413807908884704
cnv_depth__IBNLCO_04835__IBNLCO_04835__gene,-0.004134348186670228,0.004134348186670228
cnv_depth__IBNLCO_04623__DNA-binding__CDS__promoter,0.004131885101878415,0.004131885101878415
cnv_depth__IBNLCO_05627__IBNLCO_05627__gene,-0.004122560300090419,0.004122560300090419
cnv_depth__IBNLCO_05206__FAD__CDS,0.004117529912431183,0.004117529912431183
cnv_depth__IBNLCO_04340__hypothetical__CDS__promoter,-0.004116718774802271,0.004116718774802271
cnv_depth__IBNLCO_01486__hypothetical__CDS__promoter,0.004115825488664866,0.004115825488664866
cnv_depth__IBNLCO_00005__yciC__gene__promoter,0.004107643517295201,0.004107643517295201
cnv_depth__IBNLCO_02321__IBNLCO_02321__gene,-0.004105919984861465,0.004105919984861465
cnv_depth__IBNLCO_04332__Pyrimidine-specific__CDS__promoter,-0.0041054518609090354,0.0041054518609090354
cnv_depth__IBNLCO_01421__IBNLCO_01421__gene,-0.00410325078524723,0.00410325078524723
cnv_depth__IBNLCO_04193__hypothetical__CDS__promoter,-0.0040971671198069565,0.0040971671198069565
cnv_depth__IBNLCO_03341__IBNLCO_03341__gene,0.0040954434100629435,0.0040954434100629435
cnv_depth__IBNLCO_03629__IBNLCO_03629__gene__promoter,-0.00409362946886837,0.00409362946886837
cnv_depth__IBNLCO_01302__IBNLCO_01302__gene__promoter,-0.004093251504387837,0.004093251504387837
cnv_depth__IBNLCO_00284__IBNLCO_00284__gene,0.004092714695588945,0.004092714695588945
cnv_depth__IBNLCO_03318__IBNLCO_03318__gene,0.004091860401445976,0.004091860401445976
cnv_depth__IBNLCO_03362__Alginate__CDS,0.004082357712613779,0.004082357712613779
cnv_depth__IBNLCO_04567__Thymidylate__CDS__promoter,-0.0040790556740283234,0.0040790556740283234
cnv_depth__IBNLCO_02131__Chromosome__CDS__promoter,-0.004078060304300838,0.004078060304300838
cnv_depth__IBNLCO_03106__Type__CDS__promoter,0.004076993451096541,0.004076993451096541
cnv_depth__IBNLCO_00624__IBNLCO_00624__gene,-0.004071850567268663,0.004071850567268663
cnv_depth__IBNLCO_00756__IBNLCO_00756__gene,0.004071349716994144,0.004071349716994144
cnv_depth__IBNLCO_03744__IBNLCO_03744__gene,0.004065774857843887,0.004065774857843887
cnv_depth__IBNLCO_03096__Peptidase__CDS__promoter,0.004064835383109311,0.004064835383109311
cnv_depth__IBNLCO_04854__Insertion__CDS__promoter,0.004061832731025633,0.004061832731025633
cnv_depth__IBNLCO_00978__IBNLCO_00978__gene__promoter,-0.004061718735190424,0.004061718735190424
cnv_depth__IBNLCO_05047__Fe2OG__CDS__promoter,-0.004058012844865385,0.004058012844865385
cnv_depth__IBNLCO_02083__DNA__CDS,0.004057901021412786,0.004057901021412786
cnv_depth__IBNLCO_02296__putative__CDS,0.004054856419965542,0.004054856419965542
cnv_depth__IBNLCO_05834__IBNLCO_05834__gene__promoter,-0.004054196929658605,0.004054196929658605
cnv_depth__IBNLCO_04518__IBNLCO_04518__gene,-0.004051204994905356,0.004051204994905356
cnv_depth__IBNLCO_04652__IBNLCO_04652__gene,-0.004049407192314244,0.004049407192314244
cnv_depth__IBNLCO_03159__Glutamate__CDS__promoter,-0.004044299763086659,0.004044299763086659
cnv_depth__IBNLCO_03045__hypothetical__CDS__promoter,-0.004043570259697575,0.004043570259697575
cnv_depth__IBNLCO_04058__IBNLCO_04058__gene,-0.004043300002862188,0.004043300002862188
cnv_depth__IBNLCO_01560__IBNLCO_01560__gene,0.004042818010740336,0.004042818010740336
cnv_depth__IBNLCO_04069__phosphoenolpyruvate__CDS__promoter,0.004041656785789039,0.004041656785789039
cnv_depth__IBNLCO_03840__gnl|Bakta|IBNLCO_03840__CDS,0.004041529628674476,0.004041529628674476
cnv_depth__IBNLCO_05840__IBNLCO_05840__gene,-0.004040680776389821,0.004040680776389821
cnv_depth__IBNLCO_02427__Phosphate__CDS__promoter,-0.004032993855943195,0.004032993855943195
cnv_depth__IBNLCO_05849__Putative__CDS__promoter,0.004032439404566859,0.004032439404566859
cnv_depth__IBNLCO_01468__IBNLCO_01468__gene,0.004031763197578944,0.004031763197578944
cnv_depth__IBNLCO_03196__Protein__CDS__promoter,0.004030874871974859,0.004030874871974859
cnv_depth__IBNLCO_01686__IBNLCO_01686__gene,0.004026125564865977,0.004026125564865977
cnv_depth__IBNLCO_03000__pilD__gene__promoter,0.004024231176526398,0.004024231176526398
cnv_depth__IBNLCO_03925__Spermidine/putrescine__CDS__promoter,0.004020708583627221,0.004020708583627221
cnv_depth__IBNLCO_00434__IBNLCO_00434__gene__promoter,0.004017286355711668,0.004017286355711668
cnv_depth__IBNLCO_00044__Putative__CDS__promoter,0.004013366708969506,0.004013366708969506
cnv_depth__IBNLCO_02629__Thiosulfate__CDS,-0.004011627130996458,0.004011627130996458
cnv_depth__IBNLCO_02504__Small__CDS,0.004011494630796009,0.004011494630796009
cnv_depth__IBNLCO_03465__Fumarate/nitrate__CDS__promoter,-0.0040103938639854605,0.0040103938639854605
cnv_depth__IBNLCO_03439__IBNLCO_03439__gene,0.0040102883633432234,0.0040102883633432234
cnv_depth__IBNLCO_04947__IBNLCO_04947__gene,-0.0040057239920122095,0.0040057239920122095
cnv_depth__IBNLCO_04523__IBNLCO_04523__gene,0.0040033853503224,0.0040033853503224
cnv_depth__IBNLCO_03141__IBNLCO_03141__gene__promoter,-0.0039998728738971775,0.0039998728738971775
cnv_depth__IBNLCO_02036__IBNLCO_02036__gene,0.0039939302971868694,0.0039939302971868694
cnv_depth__IBNLCO_03634__IBNLCO_03634__gene__promoter,0.0039931487365162,0.0039931487365162
cnv_depth__IBNLCO_01466__IBNLCO_01466__gene,0.003992767043776427,0.003992767043776427
cnv_depth__IBNLCO_02648__Polysaccharide__CDS,-0.003987539406804719,0.003987539406804719
cnv_depth__IBNLCO_03093__IBNLCO_03093__gene,0.003986872236472968,0.003986872236472968
cnv_depth__IBNLCO_04590__DUF2165__CDS,0.003984398633293247,0.003984398633293247
cnv_depth__IBNLCO_01357__IBNLCO_01357__gene__promoter,-0.003983996372301731,0.003983996372301731
cnv_depth__IBNLCO_02825__FAD-binding__CDS__promoter,0.003983211095697307,0.003983211095697307
cnv_depth__IBNLCO_03924__ydcV__gene__promoter,0.003980351922776262,0.003980351922776262
cnv_depth__IBNLCO_04294__IBNLCO_04294__gene__promoter,-0.003979250245694288,0.003979250245694288
cnv_depth__IBNLCO_00057__DUF1700__CDS,-0.003978488161484825,0.003978488161484825
cnv_depth__IBNLCO_01882__Acetoacetyl-CoA__CDS__promoter,0.003973167841296355,0.003973167841296355
cnv_depth__IBNLCO_01585__IBNLCO_01585__gene,-0.003972926932670129,0.003972926932670129
cnv_depth__IBNLCO_02362__IBNLCO_02362__gene,-0.003972535499505496,0.003972535499505496
cnv_depth__IBNLCO_01249__Major__CDS,0.003967576357170376,0.003967576357170376
cnv_depth__IBNLCO_03592__lysR__gene__promoter,0.003964345351723017,0.003964345351723017
cnv_depth__IBNLCO_01716__IBNLCO_01716__gene__promoter,-0.003960811587974264,0.003960811587974264
cnv_depth__IBNLCO_04743__IBNLCO_04743__gene__promoter,-0.003959561379264881,0.003959561379264881
cnv_depth__IBNLCO_02618__IBNLCO_02618__gene__promoter,-0.0039540625608186315,0.0039540625608186315
cnv_depth__IBNLCO_01514__Insertion__CDS__promoter,-0.003949418373714254,0.003949418373714254
cnv_depth__IBNLCO_05042__gnl|Bakta|IBNLCO_05042__CDS__promoter,-0.0039486434848729855,0.0039486434848729855
cnv_depth__IBNLCO_04610__Alkyl__CDS,0.003947972018513413,0.003947972018513413
cnv_depth__IBNLCO_03774__IBNLCO_03774__gene__promoter,0.003944956168192534,0.003944956168192534
cnv_depth__IBNLCO_01588__Iron__CDS__promoter,-0.0039410565149033015,0.0039410565149033015
cnv_depth__IBNLCO_01979__Mechanosensitive__CDS,-0.003939958296262045,0.003939958296262045
cnv_depth__IBNLCO_00556__IBNLCO_00556__gene,0.003936737172115978,0.003936737172115978
cnv_depth__IBNLCO_05230__Spermidine/putrescine__CDS,0.003936630613089732,0.003936630613089732
cnv_depth__IBNLCO_03018__IBNLCO_03018__gene__promoter,0.003934488904180424,0.003934488904180424
cnv_depth__IBNLCO_01442__IBNLCO_01442__gene,-0.003932299882945745,0.003932299882945745
cnv_depth__IBNLCO_02839__phnG__gene,-0.00393088617802134,0.00393088617802134
cnv_depth__IBNLCO_00720__IBNLCO_00720__gene,0.003930801055960045,0.003930801055960045
cnv_depth__IBNLCO_05336__N-acetylmuramoyl-L-alanine__CDS,0.003927796942981935,0.003927796942981935
cnv_depth__IBNLCO_02524__hypothetical__CDS,-0.003927075551960171,0.003927075551960171
cnv_depth__IBNLCO_03356__IBNLCO_03356__gene,0.0039203739060362265,0.0039203739060362265
cnv_depth__IBNLCO_04389__Recombinase-like__CDS,-0.003919790773145108,0.003919790773145108
cnv_depth__IBNLCO_05844__IBNLCO_05844__gene__promoter,-0.003919019798896345,0.003919019798896345
cnv_depth__IBNLCO_03353__IBNLCO_03353__gene__promoter,0.003917358207917093,0.003917358207917093
cnv_depth__IBNLCO_00052__IBNLCO_00052__gene,0.0039167396879904925,0.0039167396879904925
cnv_depth__IBNLCO_03893__Cyclic__CDS__promoter,0.003914590698524693,0.003914590698524693
cnv_depth__IBNLCO_05617__Transcriptional__CDS__promoter,0.00391369369094124,0.00391369369094124
cnv_depth__IBNLCO_04043__IBNLCO_04043__gene__promoter,-0.003912558971042775,0.003912558971042775
cnv_depth__IBNLCO_03928__IBNLCO_03928__gene__promoter,0.003911114565826689,0.003911114565826689
cnv_depth__IBNLCO_05704__Cation/H+__CDS__promoter,0.003910130684267987,0.003910130684267987
cnv_depth__IBNLCO_04342__dmlR__gene,-0.003907883214353428,0.003907883214353428
cnv_depth__IBNLCO_03199__IBNLCO_03199__gene,-0.0039042908917708455,0.0039042908917708455
cnv_depth__IBNLCO_01460__IBNLCO_01460__gene,0.0039015932450681403,0.0039015932450681403
cnv_depth__IBNLCO_02937__IBNLCO_02937__gene__promoter,0.003901591806818533,0.003901591806818533
cnv_depth__IBNLCO_01712__bioC__gene,-0.00390035352081219,0.00390035352081219
cnv_depth__IBNLCO_02577__trnS__gene,0.00389970100181453,0.00389970100181453
cnv_depth__IBNLCO_02941__Transketolase__CDS__promoter,0.0038988346709101615,0.0038988346709101615
cnv_depth__IBNLCO_03047__Anthranilate__CDS,-0.003891583202866007,0.003891583202866007
cnv_depth__IBNLCO_05688__IBNLCO_05688__gene__promoter,0.0038883549824312406,0.0038883549824312406
cnv_depth__IBNLCO_02943__VOC__CDS,-0.0038871267955897315,0.0038871267955897315
cnv_depth__IBNLCO_01433__IBNLCO_01433__gene,-0.0038843862445385353,0.0038843862445385353
cnv_depth__IBNLCO_01437__IBNLCO_01437__gene,0.0038836508503370436,0.0038836508503370436
cnv_depth__IBNLCO_04021__IBNLCO_04021__gene,-0.0038823543550689896,0.0038823543550689896
cnv_depth__IBNLCO_02895__IBNLCO_02895__gene,0.0038815976683033732,0.0038815976683033732
cnv_depth__IBNLCO_04296__Class__CDS,-0.0038792291326607536,0.0038792291326607536
cnv_depth__IBNLCO_05581__IBNLCO_05581__gene,-0.0038764170777552363,0.0038764170777552363
cnv_depth__IBNLCO_05160__IBNLCO_05160__gene__promoter,-0.0038736875209985262,0.0038736875209985262
cnv_depth__IBNLCO_00929__uroporphyrinogen-III__CDS,-0.003862057858111246,0.003862057858111246
cnv_depth__IBNLCO_03383__betI__gene,-0.0038598122752958844,0.0038598122752958844
cnv_depth__IBNLCO_01955__hypothetical__CDS,0.003857943200241156,0.003857943200241156
cnv_depth__IBNLCO_03577__diguanylate__CDS__promoter,0.0038563469975284644,0.0038563469975284644
cnv_depth__IBNLCO_03927__Putrescine-binding__CDS,0.0038563412682234,0.0038563412682234
cnv_depth__IBNLCO_04633__IBNLCO_04633__gene,-0.0038558194089220728,0.0038558194089220728
cnv_depth__IBNLCO_03451__Acetoacetate__CDS,0.0038556335223567917,0.0038556335223567917
cnv_depth__IBNLCO_03413__IBNLCO_03413__gene,-0.0038520715061632223,0.0038520715061632223
cnv_depth__IBNLCO_05851__hypothetical__CDS,0.0038447758681462055,0.0038447758681462055
cnv_depth__IBNLCO_05552__AB__CDS__promoter,-0.003840934607972577,0.003840934607972577
cnv_depth__IBNLCO_04122__IBNLCO_04122__gene__promoter,0.0038388104893051322,0.0038388104893051322
cnv_depth__IBNLCO_01058__gnl|Bakta|IBNLCO_01058__CDS__promoter,0.0038375587127746423,0.0038375587127746423
cnv_depth__IBNLCO_04621__nreB__gene,-0.0038337800855829875,0.0038337800855829875
cnv_depth__IBNLCO_01256__ABC__CDS,-0.0038297025609607747,0.0038297025609607747
cnv_depth__IBNLCO_03123__IBNLCO_03123__gene__promoter,-0.0038291857915596496,0.0038291857915596496
cnv_depth__IBNLCO_05127__IBNLCO_05127__gene,-0.003829045113623692,0.003829045113623692
cnv_depth__IBNLCO_00106__trnK__gene,0.0038270065490201917,0.0038270065490201917
cnv_depth__IBNLCO_00032__flagellar__CDS,0.0038269428114399116,0.0038269428114399116
cnv_depth__IBNLCO_03464__HTH__CDS,0.003822966438034995,0.003822966438034995
cnv_depth__IBNLCO_01567__Ribonuclease__CDS,0.0038226991134200157,0.0038226991134200157
cnv_depth__IBNLCO_05850__Arsenate__CDS__promoter,0.00382092302418653,0.00382092302418653
cnv_depth__IBNLCO_02049__2-C-methyl-D-erythritol__CDS__promoter,-0.0038209135296180478,0.0038209135296180478
cnv_depth__IBNLCO_00411__UPF0250__CDS__promoter,0.0038114316942743894,0.0038114316942743894
cnv_depth__IBNLCO_02734__IBNLCO_02734__gene__promoter,0.0038099433407607574,0.0038099433407607574
cnv_depth__IBNLCO_04965__Polyketide__CDS,-0.003809662303310834,0.003809662303310834
cnv_depth__IBNLCO_00237__ferredoxin--NADP(+)__CDS__promoter,0.003807763992145928,0.003807763992145928
cnv_depth__IBNLCO_00006__IBNLCO_00006__gene__promoter,0.003803545406651769,0.003803545406651769
cnv_depth__IBNLCO_04533__IBNLCO_04533__gene,-0.003803056935549826,0.003803056935549826
cnv_depth__IBNLCO_00403__Putative__CDS__promoter,-0.003802146268222929,0.003802146268222929
cnv_depth__IBNLCO_05696__Amino__CDS,-0.0037970649057487964,0.0037970649057487964
cnv_depth__IBNLCO_05776__IBNLCO_05776__gene,0.0037969987276705156,0.0037969987276705156
cnv_depth__IBNLCO_03341__AB__CDS__promoter,0.003795178868836215,0.003795178868836215
cnv_depth__IBNLCO_01206__C-type__CDS,0.0037939630681348047,0.0037939630681348047
cnv_depth__IBNLCO_04996__GTP__CDS,0.00379344767809323,0.00379344767809323
cnv_depth__IBNLCO_03978__Type__CDS__promoter,-0.0037878759870573963,0.0037878759870573963
cnv_depth__IBNLCO_03837__hypothetical__CDS,0.003782969309638227,0.003782969309638227
cnv_depth__IBNLCO_03839__IBNLCO_03839__gene__promoter,0.0037819105639036433,0.0037819105639036433
cnv_depth__IBNLCO_00370__IBNLCO_00370__gene,-0.0037812268006897818,0.0037812268006897818
cnv_depth__IBNLCO_02255__Co-chaperone__CDS,-0.0037791641627657434,0.0037791641627657434
cnv_depth__IBNLCO_00606__IBNLCO_00606__gene__promoter,-0.0037767855823236775,0.0037767855823236775
cnv_depth__IBNLCO_01274__Nitrite/sulfite__CDS,-0.0037739161291716226,0.0037739161291716226
cnv_depth__IBNLCO_05768__IBNLCO_05768__gene,-0.0037737865852029593,0.0037737865852029593
cnv_depth__IBNLCO_02187__IBNLCO_02187__gene,-0.003771523706770353,0.003771523706770353
cnv_depth__IBNLCO_04120__IBNLCO_04120__gene__promoter,0.00376964013832469,0.00376964013832469
cnv_depth__IBNLCO_03429__IBNLCO_03429__gene__promoter,0.0037662346880221634,0.0037662346880221634
cnv_depth__IBNLCO_02973__Ribosomal__CDS__promoter,0.003765983776091989,0.003765983776091989
cnv_depth__IBNLCO_01852__IBNLCO_01852__gene__promoter,0.003762852227334404,0.003762852227334404
cnv_depth__IBNLCO_04250__gnl|Bakta|IBNLCO_04250__CDS__promoter,-0.0037601908379669385,0.0037601908379669385
cnv_depth__IBNLCO_04512__Winged__CDS__promoter,0.003758731216111446,0.003758731216111446
cnv_depth__IBNLCO_04762__IBNLCO_04762__gene,-0.0037566080578995123,0.0037566080578995123
cnv_depth__IBNLCO_02755__2-dehydro-3-deoxyphosphooctonate__CDS,-0.00375553204096853,0.00375553204096853
cnv_depth__IBNLCO_05649__iclR__gene,-0.0037552486685278395,0.0037552486685278395
cnv_depth__IBNLCO_05276__IBNLCO_05276__gene,0.0037492411737825716,0.0037492411737825716
cnv_depth__IBNLCO_00635__Dihydroneopterin__CDS__promoter,0.003746591325941692,0.003746591325941692
cnv_depth__IBNLCO_04265__YadA-like__CDS__promoter,0.003745790689405679,0.003745790689405679
cnv_depth__IBNLCO_00555__IBNLCO_00555__gene__promoter,0.0037443495672621523,0.0037443495672621523
cnv_depth__IBNLCO_02461__Sigma-54__CDS__promoter,-0.003742101710621599,0.003742101710621599
cnv_depth__IBNLCO_01043__Chromate__CDS__promoter,-0.003741527568591146,0.003741527568591146
cnv_depth__IBNLCO_01941__IBNLCO_01941__gene,0.0037410565872157808,0.0037410565872157808
cnv_depth__IBNLCO_02134__IBNLCO_02134__gene,-0.0037408767873899425,0.0037408767873899425
cnv_depth__IBNLCO_05500__IBNLCO_05500__gene__promoter,-0.003740385292264845,0.003740385292264845
cnv_depth__IBNLCO_04677__IBNLCO_04677__gene,-0.0037374889217248832,0.0037374889217248832
cnv_depth__IBNLCO_05665__Putative__CDS,-0.0037373554860516364,0.0037373554860516364
cnv_depth__IBNLCO_01907__HTH__CDS,0.0037366819631442674,0.0037366819631442674
cnv_depth__IBNLCO_01301__SAM-dependent__CDS,-0.0037348111322946295,0.0037348111322946295
cnv_depth__IBNLCO_00634__IBNLCO_00634__gene,0.0037344241966621263,0.0037344241966621263
cnv_depth__IBNLCO_05153__Formate__CDS,0.003733415721877351,0.003733415721877351
cnv_depth__IBNLCO_00073__IBNLCO_00073__gene,0.003729516139797041,0.003729516139797041
cnv_depth__IBNLCO_04952__hypothetical__CDS,-0.0037291519712952474,0.0037291519712952474
cnv_depth__IBNLCO_04029__IBNLCO_04029__gene__promoter,0.0037263908735622594,0.0037263908735622594
cnv_depth__IBNLCO_01993__IBNLCO_01993__gene,0.0037250556392719857,0.0037250556392719857
cnv_depth__IBNLCO_04663__Entericidin__CDS,-0.003723543600405001,0.003723543600405001
cnv_depth__IBNLCO_05378__IBNLCO_05378__gene,-0.003718090892711702,0.003718090892711702
cnv_depth__IBNLCO_03818__IBNLCO_03818__gene,0.0037176147930989517,0.0037176147930989517
cnv_depth__IBNLCO_03430__IBNLCO_03430__gene,0.0037173247875630457,0.0037173247875630457
cnv_depth__IBNLCO_03696__Sulfate__CDS,-0.003715060742982761,0.003715060742982761
cnv_depth__IBNLCO_00321__IBNLCO_00321__gene,0.003713048419500427,0.003713048419500427
cnv_depth__IBNLCO_02430__7-methyl-GTP__CDS__promoter,-0.003711302181743639,0.003711302181743639
cnv_depth__IBNLCO_05093__IBNLCO_05093__gene,-0.003705956387711041,0.003705956387711041
cnv_depth__IBNLCO_02891__GSH-dependent__CDS,0.0037043029670451684,0.0037043029670451684
cnv_depth__IBNLCO_00286__IBNLCO_00286__gene__promoter,-0.003702689863645157,0.003702689863645157
cnv_depth__IBNLCO_01745__doxX__gene,-0.003702516891369057,0.003702516891369057
cnv_depth__IBNLCO_05838__gnl|Bakta|IBNLCO_05838__CDS__promoter,-0.0036958178584825504,0.0036958178584825504
cnv_depth__IBNLCO_03204__Large__CDS,0.0036953354136899817,0.0036953354136899817
cnv_depth__IBNLCO_05786__IBNLCO_05786__gene,0.003694076108203367,0.003694076108203367
cnv_depth__IBNLCO_03444__D-malate__CDS__promoter,-0.003693866746953288,0.003693866746953288
cnv_depth__IBNLCO_03437__IBNLCO_03437__gene,0.0036920236351091324,0.0036920236351091324
cnv_depth__IBNLCO_02766__Phosphatidic__CDS__promoter,0.00369164053461145,0.00369164053461145
cnv_depth__IBNLCO_04062__Bacteriophage__CDS__promoter,0.00369064923356861,0.00369064923356861
cnv_depth__IBNLCO_01370__IBNLCO_01370__gene,-0.0036868952844069758,0.0036868952844069758
cnv_depth__IBNLCO_03054__IBNLCO_03054__gene__promoter,-0.0036860239285016667,0.0036860239285016667
cnv_depth__IBNLCO_05748__IBNLCO_05748__gene,0.0036847132011510425,0.0036847132011510425
cnv_depth__IBNLCO_03652__IBNLCO_03652__gene__promoter,0.003682754809733399,0.003682754809733399
cnv_depth__IBNLCO_05607__lysR__gene,0.003680360692330716,0.003680360692330716
cnv_depth__IBNLCO_01985__Thymidylate__CDS__promoter,-0.0036797904909329597,0.0036797904909329597
cnv_depth__IBNLCO_02992__GTPase__CDS,-0.003678849366609694,0.003678849366609694
cnv_depth__IBNLCO_02170__Inner__CDS__promoter,0.0036787148511226255,0.0036787148511226255
cnv_depth__IBNLCO_05294__IBNLCO_05294__gene__promoter,-0.003677445104383783,0.003677445104383783
cnv_depth__IBNLCO_00984__IBNLCO_00984__gene,-0.0036746217773678397,0.0036746217773678397
cnv_depth__IBNLCO_02388__hypothetical__CDS__promoter,-0.0036719886677731165,0.0036719886677731165
cnv_depth__IBNLCO_00046__Branched-chain__CDS,-0.003666188940907918,0.003666188940907918
cnv_depth__IBNLCO_03902__IBNLCO_03902__gene__promoter,0.0036661303142636,0.0036661303142636
cnv_depth__IBNLCO_02520__IBNLCO_02520__gene__promoter,-0.0036615215497182263,0.0036615215497182263
cnv_depth__IBNLCO_04249__IBNLCO_04249__gene,0.003658774544097466,0.003658774544097466
cnv_depth__IBNLCO_00027__fliM__gene,-0.0036562204068912823,0.0036562204068912823
cnv_depth__IBNLCO_04268__Transcriptional__CDS,-0.003655501231195903,0.003655501231195903
cnv_depth__IBNLCO_02744__tolQ__gene,0.0036545305354571712,0.0036545305354571712
cnv_depth__IBNLCO_01121__IBNLCO_01121__gene,-0.003653538703230359,0.003653538703230359
cnv_depth__IBNLCO_04862__IBNLCO_04862__gene__promoter,-0.003646565012724822,0.003646565012724822
cnv_depth__IBNLCO_00825__gnl|Bakta|IBNLCO_00825__CDS,-0.0036464352555207608,0.0036464352555207608
cnv_depth__IBNLCO_03856__DNA__CDS__promoter,0.003640593143090283,0.003640593143090283
cnv_depth__IBNLCO_02950__Nicotinamide-nucleotide__CDS__promoter,0.003638111289787738,0.003638111289787738
cnv_depth__IBNLCO_05422__STAS__CDS,0.003637918177047559,0.003637918177047559
cnv_depth__IBNLCO_04484__IBNLCO_04484__gene,0.003635932404107007,0.003635932404107007
cnv_depth__IBNLCO_02542__IBNLCO_02542__gene,-0.003632418654133218,0.003632418654133218
cnv_depth__IBNLCO_02117__Zinc__CDS,-0.003628766759929294,0.003628766759929294
cnv_depth__IBNLCO_03855__IBNLCO_03855__gene,0.0036264877190715656,0.0036264877190715656
cnv_depth__IBNLCO_05188__IBNLCO_05188__gene__promoter,-0.0036262139273579284,0.0036262139273579284
cnv_depth__IBNLCO_04962__hypothetical__CDS__promoter,-0.0036255949262716494,0.0036255949262716494
cnv_depth__IBNLCO_04744__Putrescine__CDS,0.003624771589334481,0.003624771589334481
cnv_depth__IBNLCO_01735__IBNLCO_01735__gene,-0.003619442355559969,0.003619442355559969
cnv_depth__IBNLCO_02335__nnrS__gene,0.0036174705222345826,0.0036174705222345826
cnv_depth__IBNLCO_04615__IBNLCO_04615__gene__promoter,-0.0036174657420233102,0.0036174657420233102
cnv_depth__IBNLCO_04336__DNA__CDS,0.003615958564098044,0.003615958564098044
cnv_depth__IBNLCO_03602__gnl|Bakta|IBNLCO_03602__CDS__promoter,0.003614495482342368,0.003614495482342368
cnv_depth__IBNLCO_03242__Phenylacetate-CoA__CDS,0.003614348995470673,0.003614348995470673
cnv_depth__IBNLCO_03579__IBNLCO_03579__gene__promoter,0.003614150625714015,0.003614150625714015
cnv_depth__IBNLCO_02647__IBNLCO_02647__gene__promoter,0.003613448272929783,0.003613448272929783
cnv_depth__IBNLCO_03352__trnR__gene__promoter,0.003609791137068612,0.003609791137068612
cnv_depth__IBNLCO_04554__IBNLCO_04554__gene,-0.003609202198258036,0.003609202198258036
cnv_depth__IBNLCO_01341__hypothetical__CDS,-0.0036055118477067126,0.0036055118477067126
cnv_depth__IBNLCO_02976__Adenosine__CDS,0.003604311483543145,0.003604311483543145
cnv_depth__IBNLCO_03169__3-dehydroquinate__CDS__promoter,-0.0036023751476923515,0.0036023751476923515
cnv_depth__IBNLCO_01452__IBNLCO_01452__gene,-0.003601780520287733,0.003601780520287733
cnv_depth__IBNLCO_01109__putative__CDS,-0.003601235608444466,0.003601235608444466
cnv_depth__IBNLCO_04542__Efflux__CDS__promoter,0.0035897429137416704,0.0035897429137416704
cnv_depth__IBNLCO_03414__ncS01__gene,0.0035883905682745723,0.0035883905682745723
cnv_depth__IBNLCO_00429__gnl|Bakta|IBNLCO_00429__CDS__promoter,0.0035875898892745437,0.0035875898892745437
cnv_depth__IBNLCO_00100__Histone__CDS__promoter,0.003586592218750864,0.003586592218750864
cnv_depth__IBNLCO_04816__Cysteine__CDS__promoter,0.0035852127759584368,0.0035852127759584368
cnv_depth__IBNLCO_00246__Dipeptide__CDS__promoter,-0.0035832986636887155,0.0035832986636887155
cnv_depth__IBNLCO_00940__Periplasmic__CDS__promoter,0.003581384811644588,0.003581384811644588
cnv_depth__IBNLCO_00736__Mandelate__CDS,0.0035768227375156452,0.0035768227375156452
cnv_depth__IBNLCO_04677__IBNLCO_04677__gene__promoter,0.0035673641749449417,0.0035673641749449417
cnv_depth__IBNLCO_01402__Major__CDS__promoter,0.003567321042164159,0.003567321042164159
cnv_depth__IBNLCO_03443__Succinylglutamate__CDS,-0.0035664950648242157,0.0035664950648242157
cnv_depth__IBNLCO_03339__csgG__gene,0.003564641626138086,0.003564641626138086
cnv_depth__IBNLCO_01900__GTPase__CDS,-0.0035630217117892035,0.0035630217117892035
cnv_depth__IBNLCO_04735__IBNLCO_04735__gene,-0.003557542565973741,0.003557542565973741
cnv_depth__IBNLCO_00532__IBNLCO_00532__gene,-0.0035568384388538297,0.0035568384388538297
cnv_depth__IBNLCO_04149__two-component__CDS,-0.003556224155292274,0.003556224155292274
cnv_depth__IBNLCO_02519__IBNLCO_02519__gene,-0.0035502244249519203,0.0035502244249519203
cnv_depth__IBNLCO_00723__atsR__gene__promoter,0.0035479410324509297,0.0035479410324509297
cnv_depth__IBNLCO_04147__Dimethyl-sulfide__CDS,-0.003544415098374712,0.003544415098374712
cnv_depth__IBNLCO_00174__IBNLCO_00174__gene__promoter,0.003543501449523133,0.003543501449523133
cnv_depth__IBNLCO_04431__FAD__CDS__promoter,0.0035426698573009425,0.0035426698573009425
cnv_depth__IBNLCO_01849__mexB__gene,0.003538187880690785,0.003538187880690785
cnv_depth__IBNLCO_02185__Glycosyltransferase__CDS,0.0035377287805067274,0.0035377287805067274
cnv_depth__IBNLCO_04132__Periplasmic__CDS,0.003533994349342164,0.003533994349342164
cnv_depth__IBNLCO_05763__4'-phosphopantetheinyl__CDS__promoter,-0.0035336116845653786,0.0035336116845653786
cnv_depth__IBNLCO_03382__Aspartate__CDS__promoter,-0.003533285853157446,0.003533285853157446
cnv_depth__IBNLCO_02894__Putative__CDS__promoter,-0.00353293003522784,0.00353293003522784
cnv_depth__IBNLCO_02133__gnl|Bakta|IBNLCO_02133__CDS,0.003532801188897574,0.003532801188897574
cnv_depth__IBNLCO_02435__Pseudouridine__CDS,0.0035321818540961186,0.0035321818540961186
cnv_depth__IBNLCO_00002__Cation/H+__CDS__promoter,-0.003531232187361635,0.003531232187361635
cnv_depth__IBNLCO_04071__NADPH-dependent__CDS,0.003531022999006932,0.003531022999006932
cnv_depth__IBNLCO_03134__IBNLCO_03134__gene,-0.003530871395430324,0.003530871395430324
cnv_depth__IBNLCO_00088__YaeQ__CDS__promoter,0.003529601748353577,0.003529601748353577
cnv_depth__IBNLCO_03221__30S__CDS,0.003529143348416616,0.003529143348416616
cnv_depth__IBNLCO_05855__IBNLCO_05855__gene,-0.0035285157819033987,0.0035285157819033987
cnv_depth__IBNLCO_03646__Proline__CDS,-0.0035244843627115206,0.0035244843627115206
cnv_depth__IBNLCO_05666__IBNLCO_05666__gene__promoter,-0.003524454628844921,0.003524454628844921
cnv_depth__IBNLCO_04621__Oxygen__CDS__promoter,0.0035242582241199107,0.0035242582241199107
cnv_depth__IBNLCO_00723__atsR__gene,-0.0035219033909891883,0.0035219033909891883
cnv_depth__IBNLCO_00325__IBNLCO_00325__gene,0.003520621635580871,0.003520621635580871
cnv_depth__IBNLCO_00059__IBNLCO_00059__gene__promoter,0.003520518224166461,0.003520518224166461
cnv_depth__IBNLCO_02878__IBNLCO_02878__gene,-0.003519948330543366,0.003519948330543366
cnv_depth__IBNLCO_05595__OmpA-like__CDS__promoter,-0.0035174769536316145,0.0035174769536316145
cnv_depth__IBNLCO_03064__GP-PDE__CDS,0.0035170748428154353,0.0035170748428154353
cnv_depth__IBNLCO_04342__dmlR__gene__promoter,-0.0035148186536683662,0.0035148186536683662
cnv_depth__IBNLCO_01736__gnl|Bakta|IBNLCO_01736__CDS__promoter,-0.003512337102599097,0.003512337102599097
cnv_depth__IBNLCO_05336__N-acetylmuramoyl-L-alanine__CDS__promoter,-0.0035111715026299355,0.0035111715026299355
cnv_depth__IBNLCO_01985__Thymidylate__CDS,-0.0035091380993389916,0.0035091380993389916
cnv_depth__IBNLCO_00992__hypothetical__CDS,-0.0035089441576888645,0.0035089441576888645
cnv_depth__IBNLCO_05036__IBNLCO_05036__gene,-0.00350674963961488,0.00350674963961488
cnv_depth__IBNLCO_01530__IBNLCO_01530__gene__promoter,-0.003504138622874512,0.003504138622874512
cnv_depth__IBNLCO_03729__IBNLCO_03729__gene,-0.0034989643856601343,0.0034989643856601343
cnv_depth__IBNLCO_01130__citH__gene__promoter,-0.003494140309338487,0.003494140309338487
cnv_depth__IBNLCO_03936__IBNLCO_03936__gene,-0.0034917512726535594,0.0034917512726535594
cnv_depth__IBNLCO_05841__Presqualene__CDS__promoter,0.003490124284310275,0.003490124284310275
cnv_depth__IBNLCO_03110__Type__CDS__promoter,-0.0034884212123662745,0.0034884212123662745
cnv_depth__IBNLCO_04331__IBNLCO_04331__gene,-0.0034834916594306754,0.0034834916594306754
cnv_depth__IBNLCO_01401__IBNLCO_01401__gene__promoter,-0.003477214051889091,0.003477214051889091
cnv_depth__IBNLCO_03201__Large__CDS__promoter,0.0034721108289424507,0.0034721108289424507
cnv_depth__IBNLCO_03103__tssF__gene__promoter,-0.0034704594127390274,0.0034704594127390274
cnv_depth__IBNLCO_00740__IBNLCO_00740__gene,0.003468924234438546,0.003468924234438546
cnv_depth__IBNLCO_00788__IBNLCO_00788__gene,-0.0034663780769949226,0.0034663780769949226
cnv_depth__IBNLCO_04731__hypothetical__CDS,-0.003465810391168355,0.003465810391168355
cnv_depth__IBNLCO_05632__IBNLCO_05632__gene,0.003462846640440191,0.003462846640440191
cnv_depth__IBNLCO_04662__Cupin__CDS,-0.00345811115309037,0.00345811115309037
cnv_depth__IBNLCO_01207__IBNLCO_01207__gene,0.003457494482504221,0.003457494482504221
cnv_depth__IBNLCO_03021__UDP-N-acetylmuramoyl-L-alanyl-D-glutamate--2%2C6-di__CDS__promoter,-0.003457344823039874,0.003457344823039874
cnv_depth__IBNLCO_05149__IBNLCO_05149__gene,0.00345380513563007,0.00345380513563007
cnv_depth__IBNLCO_00524__IBNLCO_00524__gene__promoter,0.0034506822145661947,0.0034506822145661947
cnv_depth__IBNLCO_04357__IBNLCO_04357__gene,0.003448609904257721,0.003448609904257721
cnv_depth__IBNLCO_00314__glmU__gene,-0.0034484719030866257,0.0034484719030866257
cnv_depth__IBNLCO_00640__IBNLCO_00640__gene__promoter,-0.0034484364250941856,0.0034484364250941856
cnv_depth__IBNLCO_00074__IBNLCO_00074__gene,0.0034463075705511576,0.0034463075705511576
cnv_depth__IBNLCO_00615__IBNLCO_00615__gene,-0.0034448810219208552,0.0034448810219208552
cnv_depth__IBNLCO_00445__IBNLCO_00445__gene__promoter,-0.0034448048573174307,0.0034448048573174307
cnv_depth__IBNLCO_00259__Lytic__CDS,0.0034432662891991706,0.0034432662891991706
cnv_depth__IBNLCO_01221__IBNLCO_01221__gene__promoter,-0.003436289902058036,0.003436289902058036
cnv_depth__IBNLCO_04584__1%2C6-didemethyltoxoflavin__CDS,0.003436098244894527,0.003436098244894527
cnv_depth__IBNLCO_02730__IBNLCO_02730__gene__promoter,-0.0034356210057193445,0.0034356210057193445
cnv_depth__IBNLCO_03388__hypothetical__CDS,0.0034285334908660545,0.0034285334908660545
cnv_depth__IBNLCO_03091__hypothetical__CDS,0.0034234961877265967,0.0034234961877265967
cnv_depth__IBNLCO_00993__gnl|Bakta|IBNLCO_00993__CDS,-0.003422937222110968,0.003422937222110968
cnv_depth__IBNLCO_02005__Phosphoribosylformylglycinamidine__CDS,-0.003421665650618687,0.003421665650618687
cnv_depth__IBNLCO_03372__Amino__CDS,-0.0034181008059018434,0.0034181008059018434
cnv_depth__IBNLCO_00079__yidC__gene,0.0034168130104374043,0.0034168130104374043
cnv_depth__IBNLCO_03415__IBNLCO_03415__gene,0.0034153293403704865,0.0034153293403704865
cnv_depth__IBNLCO_04837__gnl|Bakta|IBNLCO_04837__CDS__promoter,-0.003414609939477094,0.003414609939477094
cnv_depth__IBNLCO_00373__Acetyl-CoA__CDS,-0.0034090882256981904,0.0034090882256981904
cnv_depth__IBNLCO_03629__IBNLCO_03629__gene,-0.0034067563371823835,0.0034067563371823835
cnv_depth__IBNLCO_01687__IBNLCO_01687__gene__promoter,-0.0034060007194736974,0.0034060007194736974
cnv_depth__IBNLCO_05013__SctT__CDS,-0.0034033310428866065,0.0034033310428866065
cnv_depth__IBNLCO_00332__EamA__CDS__promoter,-0.0034022295864604844,0.0034022295864604844
cnv_depth__IBNLCO_04706__uroporphyrinogen-III__CDS__promoter,0.003401147540748028,0.003401147540748028
cnv_depth__IBNLCO_02561__dITP/XTP__CDS__promoter,-0.0033989198803447127,0.0033989198803447127
cnv_depth__IBNLCO_01977__Glycosyl__CDS,-0.003398899596992445,0.003398899596992445
cnv_depth__IBNLCO_00078__Ribonuclease__CDS__promoter,0.003391425162448662,0.003391425162448662
cnv_depth__IBNLCO_03108__hypothetical__CDS__promoter,-0.003390990539841496,0.003390990539841496
cnv_depth__IBNLCO_01021__Peptidase__CDS,0.003386068156946584,0.003386068156946584
cnv_depth__IBNLCO_04016__IBNLCO_04016__gene,-0.003384570169865774,0.003384570169865774
cnv_depth__IBNLCO_01869__eIF4A-inactivating__CDS,-0.003383313681928944,0.003383313681928944
cnv_depth__IBNLCO_04347__IBNLCO_04347__gene,-0.003380935266420954,0.003380935266420954
cnv_depth__IBNLCO_05787__IBNLCO_05787__gene__promoter,0.0033801622811191726,0.0033801622811191726
cnv_depth__IBNLCO_02502__Lipopolysaccharide__CDS,0.0033771928772696135,0.0033771928772696135
cnv_depth__IBNLCO_03094__Protein__CDS,0.0033737846015262185,0.0033737846015262185
cnv_depth__IBNLCO_05674__Bactoprenol__CDS,0.003373014141059587,0.003373014141059587
cnv_depth__IBNLCO_05708__Catalase__CDS,0.003368512527861752,0.003368512527861752
cnv_depth__IBNLCO_01590__trnH__gene__promoter,-0.0033659321326074848,0.0033659321326074848
cnv_depth__IBNLCO_04654__Nonribosomal__CDS__promoter,-0.0033651971946826583,0.0033651971946826583
cnv_depth__IBNLCO_05744__IBNLCO_05744__gene__promoter,-0.0033631753719691984,0.0033631753719691984
cnv_depth__IBNLCO_04150__two-component__CDS,-0.0033587825914250667,0.0033587825914250667
cnv_depth__IBNLCO_00188__IBNLCO_00188__gene,0.003355825187460028,0.003355825187460028
cnv_depth__IBNLCO_03356__SGNH__CDS__promoter,0.0033524077962471823,0.0033524077962471823
cnv_depth__IBNLCO_02042__DUF1800__CDS,0.0033518343448569474,0.0033518343448569474
cnv_depth__IBNLCO_01671__IBNLCO_01671__gene,-0.0033516076403640295,0.0033516076403640295
cnv_depth__IBNLCO_02606__nusB__gene__promoter,0.0033499755052680256,0.0033499755052680256
cnv_depth__IBNLCO_03830__hypothetical__CDS__promoter,-0.0033457713205134014,0.0033457713205134014
cnv_depth__IBNLCO_05678__Pilus__CDS,-0.003345069570147145,0.003345069570147145
cnv_depth__IBNLCO_03598__IBNLCO_03598__gene,0.0033446387686975267,0.0033446387686975267
cnv_depth__IBNLCO_04086__IBNLCO_04086__gene__promoter,0.0033421880912431136,0.0033421880912431136
cnv_depth__IBNLCO_00173__IBNLCO_00173__gene__promoter,-0.0033400980088072255,0.0033400980088072255
cnv_depth__IBNLCO_04201__Multidrug__CDS__promoter,-0.003337230378505893,0.003337230378505893
cnv_depth__IBNLCO_05208__IBNLCO_05208__gene__promoter,-0.003335339344847935,0.003335339344847935
cnv_depth__IBNLCO_04506__Polyketide__CDS,0.0033290643533528622,0.0033290643533528622
cnv_depth__IBNLCO_01912__IBNLCO_01912__gene,0.0033260202361842153,0.0033260202361842153
cnv_depth__IBNLCO_04194__hypothetical__CDS__promoter,-0.003325482658764038,0.003325482658764038
cnv_depth__IBNLCO_01518__Bp1_162__gene__promoter,-0.003323253977011681,0.003323253977011681
cnv_depth__IBNLCO_05825__Macrolide__CDS__promoter,-0.0033231585652830466,0.0033231585652830466
cnv_depth__IBNLCO_02884__Holliday__CDS__promoter,0.0033219821364428967,0.0033219821364428967
cnv_depth__IBNLCO_03714__IBNLCO_03714__gene__promoter,-0.0033206583517910444,0.0033206583517910444
cnv_depth__IBNLCO_03081__rutE__gene,-0.0033155003807980635,0.0033155003807980635
cnv_depth__IBNLCO_00003__tRNA__CDS,0.0033151682640582465,0.0033151682640582465
cnv_depth__IBNLCO_01932__IBNLCO_01932__gene,-0.0033151455213971544,0.0033151455213971544
cnv_depth__IBNLCO_00975__Phosphoglycolate__CDS,-0.0033144434805531366,0.0033144434805531366
cnv_depth__IBNLCO_03617__clpB__gene,0.0033144131452329034,0.0033144131452329034
cnv_depth__IBNLCO_03014__D-alanine--D-alanine__CDS,0.0033134625569935044,0.0033134625569935044
cnv_depth__IBNLCO_02773__wcbQ__gene__promoter,-0.0033111596913973553,0.0033111596913973553
cnv_depth__IBNLCO_03841__IBNLCO_03841__gene,-0.0033110863601582764,0.0033110863601582764
cnv_depth__IBNLCO_03975__tssC1__gene__promoter,0.0033104440432090753,0.0033104440432090753
cnv_depth__IBNLCO_03141__UDP-N-acetylglucosamine__CDS,0.0033080303665116544,0.0033080303665116544
cnv_depth__IBNLCO_03659__IBNLCO_03659__gene,-0.0033079361874406928,0.0033079361874406928
cnv_depth__IBNLCO_00190__Demethylrebeccamycin-D-glucose__CDS__promoter,-0.003303471867328791,0.003303471867328791
cnv_depth__IBNLCO_01887__Outer__CDS__promoter,-0.003301018761836006,0.003301018761836006
cnv_depth__IBNLCO_03224__IBNLCO_03224__gene__promoter,0.0033001594587026986,0.0033001594587026986
cnv_depth__IBNLCO_04090__IBNLCO_04090__gene__promoter,0.00330012562103382,0.00330012562103382
cnv_depth__IBNLCO_00848__gnl|Bakta|IBNLCO_00848__CDS,0.0032955693106968024,0.0032955693106968024
cnv_depth__IBNLCO_04146__Dibenzothiophene__CDS,-0.0032924945114001258,0.0032924945114001258
cnv_depth__IBNLCO_04692__IBNLCO_04692__gene__promoter,-0.003292256069789768,0.003292256069789768
cnv_depth__IBNLCO_00645__IBNLCO_00645__gene,-0.0032909871316661446,0.0032909871316661446
cnv_depth__IBNLCO_03619__ImpE/SciE__CDS,0.0032841306285266705,0.0032841306285266705
cnv_depth__IBNLCO_00990__Inorganic__CDS,-0.0032817346223624087,0.0032817346223624087
cnv_depth__IBNLCO_02297__Major__CDS,-0.003281329781906234,0.003281329781906234
cnv_depth__IBNLCO_02096__IBNLCO_02096__gene__promoter,-0.0032792818241471314,0.0032792818241471314
cnv_depth__IBNLCO_03178__IBNLCO_03178__gene__promoter,0.003279038638941306,0.003279038638941306
cnv_depth__IBNLCO_00352__IBNLCO_00352__gene__promoter,0.0032785874626851744,0.0032785874626851744
cnv_depth__IBNLCO_03409__ABC__CDS__promoter,0.0032774152208340534,0.0032774152208340534
cnv_depth__IBNLCO_01712__bioC__gene__promoter,-0.003271962649160151,0.003271962649160151
cnv_depth__IBNLCO_05679__IBNLCO_05679__gene__promoter,-0.0032697657846651592,0.0032697657846651592
cnv_depth__IBNLCO_03219__IBNLCO_03219__gene__promoter,0.003269680967987131,0.003269680967987131
cnv_depth__IBNLCO_04776__Glutathione__CDS__promoter,0.003266231220132971,0.003266231220132971
cnv_depth__IBNLCO_02159__IBNLCO_02159__gene,0.0032631796371936183,0.0032631796371936183
cnv_depth__IBNLCO_01362__IBNLCO_01362__gene__promoter,0.003262452430124831,0.003262452430124831
cnv_depth__IBNLCO_04125__IBNLCO_04125__gene__promoter,0.0032600938490488277,0.0032600938490488277
cnv_depth__IBNLCO_05440__IBNLCO_05440__gene__promoter,-0.003259771056701319,0.003259771056701319
cnv_depth__IBNLCO_05818__tenA__gene,0.0032591711482784177,0.0032591711482784177
cnv_depth__IBNLCO_03263__Betaproteobacteria_toxic_sRNA__gene__promoter,-0.0032591474135886035,0.0032591474135886035
cnv_depth__IBNLCO_05280__Molybdate__CDS__promoter,0.003257976967278394,0.003257976967278394
cnv_depth__IBNLCO_02733__Putative__CDS,0.0032562467154635213,0.0032562467154635213
cnv_depth__IBNLCO_03132__IBNLCO_03132__gene,0.0032469033799505426,0.0032469033799505426
cnv_depth__IBNLCO_01991__IBNLCO_01991__gene,-0.0032397019128507483,0.0032397019128507483
cnv_depth__IBNLCO_02740__nrdR__gene,0.0032365154831954243,0.0032365154831954243
cnv_depth__IBNLCO_00070__Transmembrane__CDS,0.0032339353479917707,0.0032339353479917707
cnv_depth__IBNLCO_01887__bamD__gene,0.0032314071084329887,0.0032314071084329887
cnv_depth__IBNLCO_02985__IBNLCO_02985__gene,0.003228903058794639,0.003228903058794639
cnv_depth__IBNLCO_03823__UvrABC__CDS__promoter,-0.0032276174248266035,0.0032276174248266035
cnv_depth__IBNLCO_01257__IBNLCO_01257__gene__promoter,0.003226254125402078,0.003226254125402078
cnv_depth__IBNLCO_02193__Dioxygenase__CDS,-0.0032241890076933023,0.0032241890076933023
cnv_depth__IBNLCO_02236__IBNLCO_02236__gene,-0.0032228749731694553,0.0032228749731694553
cnv_depth__IBNLCO_01692__IBNLCO_01692__gene__promoter,0.0032200518404113467,0.0032200518404113467
cnv_depth__IBNLCO_02670__gnl|Bakta|IBNLCO_02670__CDS__promoter,-0.003217341154861806,0.003217341154861806
cnv_depth__IBNLCO_03364__gnl|Bakta|IBNLCO_03364__CDS__promoter,0.0032102141311166196,0.0032102141311166196
cnv_depth__IBNLCO_02595__Glutamate__CDS,-0.003209569622877582,0.003209569622877582
cnv_depth__IBNLCO_00346__IBNLCO_00346__gene,-0.0032090544588515278,0.0032090544588515278
cnv_depth__IBNLCO_04276__Diguanylate__CDS,-0.0032064195100509115,0.0032064195100509115
cnv_depth__IBNLCO_04834__IBNLCO_04834__gene__promoter,-0.003206353467901987,0.003206353467901987
cnv_depth__IBNLCO_05246__Membrane__CDS__promoter,0.003204660535038811,0.003204660535038811
cnv_depth__IBNLCO_02994__IBNLCO_02994__gene__promoter,-0.0032020647210790195,0.0032020647210790195
cnv_depth__IBNLCO_02334__IBNLCO_02334__gene__promoter,-0.003201025277828329,0.003201025277828329
cnv_depth__IBNLCO_00837__N-acetylmuramoyl-L-alanine__CDS__promoter,0.0032007717475919894,0.0032007717475919894
cnv_depth__IBNLCO_02781__wcbJ__gene__promoter,0.003197198356781572,0.003197198356781572
cnv_depth__IBNLCO_00029__fliO__gene,0.0031924484205170856,0.0031924484205170856
cnv_depth__IBNLCO_05106__HrpB1__CDS,-0.0031881084684970847,0.0031881084684970847
cnv_depth__IBNLCO_04571__IBNLCO_04571__gene__promoter,0.0031856405993989792,0.0031856405993989792
cnv_depth__IBNLCO_00049__Amino__CDS__promoter,-0.0031818996938100283,0.0031818996938100283
cnv_depth__IBNLCO_04986__vgrG5__gene,-0.0031814799825485903,0.0031814799825485903
cnv_depth__IBNLCO_00176__mrdB__gene,0.0031810140879785075,0.0031810140879785075
cnv_depth__IBNLCO_04747__Pseudomonas__ncRNA,-0.0031803413728369793,0.0031803413728369793
cnv_depth__IBNLCO_00748__Succinate--CoA__CDS,-0.0031781357840189543,0.0031781357840189543
cnv_depth__IBNLCO_02442__rmuC__gene__promoter,-0.003175366225909958,0.003175366225909958
cnv_depth__IBNLCO_03192__Small__CDS,0.0031743896291933933,0.0031743896291933933
cnv_depth__IBNLCO_00537__IBNLCO_00537__gene,-0.003171822042277941,0.003171822042277941
cnv_depth__IBNLCO_00285__IBNLCO_00285__gene__promoter,0.003170917630831615,0.003170917630831615
cnv_depth__IBNLCO_01360__glgB__gene__promoter,0.0031697975700003263,0.0031697975700003263
cnv_depth__IBNLCO_02069__putative__CDS,-0.0031623520271293567,0.0031623520271293567
cnv_depth__IBNLCO_05778__Conjugal__CDS__promoter,0.0031612265921039467,0.0031612265921039467
cnv_depth__IBNLCO_03200__Large__CDS,0.003160061382023177,0.003160061382023177
cnv_depth__IBNLCO_03394__3-[(3aS%2C4S%2C7aS)-7a-methyl-1%2C__CDS__promoter,-0.0031598659847138495,0.0031598659847138495
cnv_depth__IBNLCO_04330__DUF3088__CDS__promoter,-0.003154368618639269,0.003154368618639269
cnv_depth__IBNLCO_05824__Outer__CDS,-0.0031517031757177304,0.0031517031757177304
cnv_depth__IBNLCO_00113__DprA__CDS__promoter,0.0031473287230363487,0.0031473287230363487
cnv_depth__IBNLCO_02279__IBNLCO_02279__gene,-0.003147115527898371,0.003147115527898371
cnv_depth__IBNLCO_03248__TetR/AcrR__CDS__promoter,0.0031465150221537306,0.0031465150221537306
cnv_depth__IBNLCO_01454__IBNLCO_01454__gene,0.0031436034965854156,0.0031436034965854156
cnv_depth__IBNLCO_02609__Bp1_738__gene__promoter,0.003142642566729299,0.003142642566729299
cnv_depth__IBNLCO_03432__IBNLCO_03432__gene__promoter,-0.003139801387122158,0.003139801387122158
cnv_depth__IBNLCO_03079__Putative__CDS__promoter,0.0031391701723343848,0.0031391701723343848
cnv_depth__IBNLCO_00036__IBNLCO_00036__gene__promoter,-0.0031377799022206197,0.0031377799022206197
cnv_depth__IBNLCO_02224__50S__CDS__promoter,0.003136689646402753,0.003136689646402753
cnv_depth__IBNLCO_05083__pilO__gene,0.0031351537362492975,0.0031351537362492975
cnv_depth__IBNLCO_01987__Glycine__CDS__promoter,-0.0031323072599845204,0.0031323072599845204
cnv_depth__IBNLCO_00811__Maltose/maltodextrin__CDS,0.0031319348730466045,0.0031319348730466045
cnv_depth__IBNLCO_03118__trnT__gene__promoter,-0.0031309082652978028,0.0031309082652978028
cnv_depth__IBNLCO_00319__hypothetical__CDS__promoter,-0.003128958299451359,0.003128958299451359
cnv_depth__IBNLCO_01692__IBNLCO_01692__gene,-0.003128819523966846,0.003128819523966846
cnv_depth__IBNLCO_01864__IBNLCO_01864__gene__promoter,0.003128180621846992,0.003128180621846992
cnv_depth__IBNLCO_01843__sdpI__gene,0.0031261480789688332,0.0031261480789688332
cnv_depth__IBNLCO_01240__EamA__CDS__promoter,0.0031258066510782704,0.0031258066510782704
cnv_depth__IBNLCO_02156__Malate__CDS,-0.0031240224259286476,0.0031240224259286476
cnv_depth__IBNLCO_03006__argJ__gene__promoter,-0.003123409084182175,0.003123409084182175
cnv_depth__IBNLCO_04520__IBNLCO_04520__gene,0.003118778222281189,0.003118778222281189
cnv_depth__IBNLCO_02233__Alpha/beta__CDS,-0.0031186635026285926,0.0031186635026285926
cnv_depth__IBNLCO_02779__wcbL__gene,-0.0031169477562394575,0.0031169477562394575
cnv_depth__IBNLCO_01074__Formate-dependent__CDS__promoter,-0.003115865444830415,0.003115865444830415
cnv_depth__IBNLCO_00435__Ammonium__CDS__promoter,-0.003114854993909859,0.003114854993909859
cnv_depth__IBNLCO_03381__IBNLCO_03381__gene__promoter,-0.003112184217680328,0.003112184217680328
cnv_depth__IBNLCO_03393__Bp1_781__gene__promoter,0.0031116946665264373,0.0031116946665264373
cnv_depth__IBNLCO_01891__IBNLCO_01891__gene,0.003106515125088035,0.003106515125088035
cnv_depth__IBNLCO_03215__Large__CDS__promoter,0.003105571195669638,0.003105571195669638
cnv_depth__IBNLCO_04033__IBNLCO_04033__gene__promoter,-0.003104322846175059,0.003104322846175059
cnv_depth__IBNLCO_05158__moxC__gene__promoter,0.0031037941005449795,0.0031037941005449795
cnv_depth__IBNLCO_01078__IBNLCO_01078__gene,0.0031019870843996982,0.0031019870843996982
cnv_depth__IBNLCO_02567__IBNLCO_02567__gene__promoter,-0.0031012708950747337,0.0031012708950747337
cnv_depth__IBNLCO_01042__IBNLCO_01042__gene,-0.0031004355216121466,0.0031004355216121466
cnv_depth__IBNLCO_04280__IBNLCO_04280__gene,0.0030971404289282757,0.0030971404289282757
cnv_depth__IBNLCO_01322__phoB__gene__promoter,0.0030951698512168757,0.0030951698512168757
cnv_depth__IBNLCO_04471__hypothetical__CDS__promoter,0.0030950569283563724,0.0030950569283563724
cnv_depth__IBNLCO_04598__IBNLCO_04598__gene,0.0030943819845525946,0.0030943819845525946
cnv_depth__IBNLCO_00277__flgK__gene,-0.003090371180899157,0.003090371180899157
cnv_depth__IBNLCO_05198__IBNLCO_05198__gene__promoter,0.0030760592121560717,0.0030760592121560717
cnv_depth__IBNLCO_05545__gnl|Bakta|IBNLCO_05545__CDS__promoter,0.0030752176095410737,0.0030752176095410737
cnv_depth__IBNLCO_02439__IBNLCO_02439__gene,0.003075128175328652,0.003075128175328652
cnv_depth__IBNLCO_01867__Inosine-5'-monophosphate__CDS__promoter,0.003071109392817918,0.003071109392817918
cnv_depth__IBNLCO_03079__IBNLCO_03079__gene,0.003067091385480121,0.003067091385480121
cnv_depth__IBNLCO_03604__IBNLCO_03604__gene,0.0030659754648850704,0.0030659754648850704
cnv_depth__IBNLCO_01720__IBNLCO_01720__gene,-0.0030649746905069045,0.0030649746905069045
cnv_depth__IBNLCO_01981__gnl|Bakta|IBNLCO_01981__CDS,-0.003058143134619208,0.003058143134619208
cnv_depth__IBNLCO_00211__IBNLCO_00211__gene,0.0030558859272514405,0.0030558859272514405
cnv_depth__IBNLCO_03816__Transcriptional__CDS__promoter,-0.003051144879070222,0.003051144879070222
cnv_depth__IBNLCO_00210__IBNLCO_00210__gene,-0.003051041687564955,0.003051041687564955
cnv_depth__IBNLCO_05626__IBNLCO_05626__gene,0.0030487620770669297,0.0030487620770669297
cnv_depth__IBNLCO_03250__IBNLCO_03250__gene,-0.003037810478085229,0.003037810478085229
cnv_depth__IBNLCO_01999__selO__gene,-0.003029938847868274,0.003029938847868274
cnv_depth__IBNLCO_03225__Large__CDS,-0.0030290816770793586,0.0030290816770793586
cnv_depth__IBNLCO_00898__IBNLCO_00898__gene,-0.0030271863160554946,0.0030271863160554946
cnv_depth__IBNLCO_05633__IBNLCO_05633__gene__promoter,0.0030269255829666235,0.0030269255829666235
cnv_depth__IBNLCO_01688__IBNLCO_01688__gene,0.003024802292304102,0.003024802292304102
cnv_depth__IBNLCO_04976__Type__CDS,-0.0030230230575261042,0.0030230230575261042
cnv_depth__IBNLCO_03029__4Fe-4S__CDS__promoter,-0.0030224416376307796,0.0030224416376307796
cnv_depth__IBNLCO_04931__IBNLCO_04931__gene,0.0030199541946882573,0.0030199541946882573
cnv_depth__IBNLCO_00072__IBNLCO_00072__gene,0.0030153769246241604,0.0030153769246241604
cnv_depth__IBNLCO_04097__IBNLCO_04097__gene__promoter,-0.0030144122829324016,0.0030144122829324016
cnv_depth__IBNLCO_03610__vasK__gene,-0.0030143795509949057,0.0030143795509949057
cnv_depth__IBNLCO_00291__IBNLCO_00291__gene,-0.0030122474110269807,0.0030122474110269807
cnv_depth__IBNLCO_03453__Sperm-specific__CDS,-0.003011215196806991,0.003011215196806991
cnv_depth__IBNLCO_05385__Anthranilate__CDS__promoter,-0.0030095764675992305,0.0030095764675992305
cnv_depth__IBNLCO_03158__Amino-acid__CDS__promoter,-0.0030089222265370905,0.0030089222265370905
cnv_depth__IBNLCO_03450__3-hydroxybutyrate__CDS__promoter,0.0030080795130374522,0.0030080795130374522
cnv_depth__IBNLCO_04660__gabR__gene,0.003005219925130236,0.003005219925130236
cnv_depth__IBNLCO_04125__Response__CDS,0.0030033760522673214,0.0030033760522673214
cnv_depth__IBNLCO_04042__isochorismate__CDS,0.003003233847700903,0.003003233847700903
cnv_depth__IBNLCO_04259__Altronate__CDS__promoter,-0.003001679915393085,0.003001679915393085
cnv_depth__IBNLCO_02151__DEAD/DEAH__CDS,0.0030000797467859184,0.0030000797467859184
cnv_depth__IBNLCO_04829__IBNLCO_04829__gene__promoter,-0.0029999806910299552,0.0029999806910299552
cnv_depth__IBNLCO_05293__Proline--tRNA__CDS__promoter,-0.00299937916363688,0.00299937916363688
cnv_depth__IBNLCO_05537__Acyl-CoA__CDS,0.0029932907365741715,0.0029932907365741715
cnv_depth__IBNLCO_02977__Glycine__CDS__promoter,-0.002992754514638892,0.002992754514638892
cnv_depth__IBNLCO_04476__Cytochrome__CDS,0.002987021695251884,0.002987021695251884
cnv_depth__IBNLCO_00282__IBNLCO_00282__gene__promoter,0.002985312538116619,0.002985312538116619
cnv_depth__IBNLCO_01974__hypothetical__CDS,-0.0029814308263975673,0.0029814308263975673
cnv_depth__IBNLCO_04787__IBNLCO_04787__gene__promoter,-0.0029802276097322337,0.0029802276097322337
cnv_depth__IBNLCO_00463__ctaB__gene__promoter,0.0029777468801111006,0.0029777468801111006
cnv_depth__IBNLCO_04867__IBNLCO_04867__gene__promoter,0.0029750754470453966,0.0029750754470453966
cnv_depth__IBNLCO_03393__Bp1_781__gene,0.002973680975339236,0.002973680975339236
cnv_depth__IBNLCO_01517__IBNLCO_01517__gene__promoter,-0.0029706246225481513,0.0029706246225481513
cnv_depth__IBNLCO_02546__gnl|Bakta|IBNLCO_02546__CDS__promoter,0.002966158511769477,0.002966158511769477
cnv_depth__IBNLCO_01469__IBNLCO_01469__gene,-0.0029647235810825647,0.0029647235810825647
cnv_depth__IBNLCO_01890__IBNLCO_01890__gene__promoter,-0.0029646177236327485,0.0029646177236327485
cnv_depth__IBNLCO_04646__IBNLCO_04646__gene__promoter,-0.002964600933665909,0.002964600933665909
cnv_depth__IBNLCO_00373__Acetyl-CoA__CDS__promoter,-0.0029636689894224086,0.0029636689894224086
cnv_depth__IBNLCO_00195__hypothetical__CDS,0.002963122114025069,0.002963122114025069
cnv_depth__IBNLCO_01699__yfcG__gene,-0.002960862214922737,0.002960862214922737
cnv_depth__IBNLCO_03228__IBNLCO_03228__gene,0.0029603138671774644,0.0029603138671774644
cnv_depth__IBNLCO_01418__mauG__gene,0.002956616864284915,0.002956616864284915
cnv_depth__IBNLCO_05170__Bacteriophage__CDS__promoter,0.0029533856618958174,0.0029533856618958174
cnv_depth__IBNLCO_03389__Primosomal__CDS__promoter,0.0029523030176341445,0.0029523030176341445
cnv_depth__IBNLCO_00618__IBNLCO_00618__gene__promoter,0.0029508896519166105,0.0029508896519166105
cnv_depth__IBNLCO_02137__Ribosomal__CDS__promoter,0.002949340401680099,0.002949340401680099
cnv_depth__IBNLCO_03573__SnoaL-like__CDS__promoter,-0.002948630650319355,0.002948630650319355
cnv_depth__IBNLCO_05245__IBNLCO_05245__gene__promoter,0.0029472785948676796,0.0029472785948676796
cnv_depth__IBNLCO_03288__IBNLCO_03288__gene,-0.0029403628385045455,0.0029403628385045455
cnv_depth__IBNLCO_03499__Type__CDS__promoter,-0.002935818425108502,0.002935818425108502
cnv_depth__IBNLCO_05831__hpnN__gene__promoter,0.002935063837094296,0.002935063837094296
cnv_depth__IBNLCO_02198__IBNLCO_02198__gene__promoter,-0.00293396959919065,0.00293396959919065
cnv_depth__IBNLCO_00554__IBNLCO_00554__gene,0.002931238373170291,0.002931238373170291
cnv_depth__IBNLCO_05762__Putative__CDS,-0.002928332427949129,0.002928332427949129
cnv_depth__IBNLCO_01533__IBNLCO_01533__gene__promoter,-0.002926988481811808,0.002926988481811808
cnv_depth__IBNLCO_03024__Ribosomal__CDS__promoter,0.002926189177986774,0.002926189177986774
cnv_depth__IBNLCO_02122__Uridylate__CDS,-0.002923615593166757,0.002923615593166757
cnv_depth__IBNLCO_03422__LysR__CDS__promoter,0.0029199468704681005,0.0029199468704681005
cnv_depth__IBNLCO_01851__HTH__CDS,-0.002919856395418824,0.002919856395418824
cnv_depth__IBNLCO_01410__IBNLCO_01410__gene,0.002918475966945999,0.002918475966945999
cnv_depth__IBNLCO_05080__type__CDS__promoter,0.002913808502667656,0.002913808502667656
cnv_depth__IBNLCO_02815__NAD__CDS,0.002911308422276828,0.002911308422276828
cnv_depth__IBNLCO_00401__2'%2C3'-cyclic-nucleotide__CDS,-0.002909775513055342,0.002909775513055342
cnv_depth__IBNLCO_03170__IBNLCO_03170__gene,-0.0029067188319382565,0.0029067188319382565
cnv_depth__IBNLCO_03651__2-methylisocitrate__CDS,0.002905759185861125,0.002905759185861125
cnv_depth__IBNLCO_01262__IBNLCO_01262__gene__promoter,-0.002904159569248891,0.002904159569248891
cnv_depth__IBNLCO_03419__Lipopolysaccharide__CDS__promoter,0.002902614856363748,0.002902614856363748
cnv_depth__IBNLCO_00819__IBNLCO_00819__gene__promoter,-0.002902127937393272,0.002902127937393272
cnv_depth__IBNLCO_03160__Glutamate__CDS,-0.0028975756371049095,0.0028975756371049095
cnv_depth__IBNLCO_03835__IBNLCO_03835__gene,-0.002896703312431831,0.002896703312431831
cnv_depth__IBNLCO_00576__IBNLCO_00576__gene,0.002893963220391698,0.002893963220391698
cnv_depth__IBNLCO_00242__lhgO__gene,-0.0028921924088491425,0.0028921924088491425
cnv_depth__IBNLCO_05248__trnI__gene,0.0028851642813019734,0.0028851642813019734
cnv_depth__IBNLCO_04050__IBNLCO_04050__gene,0.0028851598266399184,0.0028851598266399184
cnv_depth__IBNLCO_00037__cmpD__gene,-0.0028816761147025427,0.0028816761147025427
cnv_depth__IBNLCO_01997__IBNLCO_01997__gene,-0.0028811428281402675,0.0028811428281402675
cnv_depth__IBNLCO_03281__IBNLCO_03281__gene,-0.002879803572399685,0.002879803572399685
cnv_depth__IBNLCO_03012__Cell__CDS,0.002877413527088499,0.002877413527088499
cnv_depth__IBNLCO_05498__OXA-42__CDS__promoter,-0.0028773130903545887,0.0028773130903545887
cnv_depth__IBNLCO_01534__IBNLCO_01534__gene,-0.0028756073044897417,0.0028756073044897417
cnv_depth__IBNLCO_04737__IBNLCO_04737__gene__promoter,-0.00287474546851229,0.00287474546851229
cnv_depth__IBNLCO_01942__IBNLCO_01942__gene,-0.002871151980181443,0.002871151980181443
cnv_depth__IBNLCO_05296__LysE__CDS__promoter,0.002870983111903518,0.002870983111903518
cnv_depth__IBNLCO_04949__IBNLCO_04949__gene__promoter,0.002870129847740077,0.002870129847740077
cnv_depth__IBNLCO_05443__IBNLCO_05443__gene__promoter,0.0028671304248956784,0.0028671304248956784
cnv_depth__IBNLCO_02398__HTH__CDS,-0.0028669807046517136,0.0028669807046517136
cnv_depth__IBNLCO_00042__IBNLCO_00042__gene,0.0028661398990908666,0.0028661398990908666
cnv_depth__IBNLCO_00362__IBNLCO_00362__gene,-0.0028660450189986236,0.0028660450189986236
cnv_depth__IBNLCO_02158__IBNLCO_02158__gene__promoter,0.0028655287554840924,0.0028655287554840924
cnv_depth__IBNLCO_02051__Transcription-repair-coupling__CDS__promoter,-0.0028623088690571557,0.0028623088690571557
cnv_depth__IBNLCO_04687__IBNLCO_04687__gene__promoter,-0.002862073362104558,0.002862073362104558
cnv_depth__IBNLCO_00244__IBNLCO_00244__gene__promoter,-0.002861014942975492,0.002861014942975492
cnv_depth__IBNLCO_01709__Putative__CDS,-0.00285777005916626,0.00285777005916626
cnv_depth__IBNLCO_02783__wcbH__gene__promoter,-0.0028564459159562466,0.0028564459159562466
cnv_depth__IBNLCO_00286__IBNLCO_00286__gene,-0.0028526185890451047,0.0028526185890451047
cnv_depth__IBNLCO_00440__Phosphoenolpyruvate-protein__CDS__promoter,0.0028508578727249293,0.0028508578727249293
cnv_depth__IBNLCO_02386__IBNLCO_02386__gene__promoter,-0.002850130187686195,0.002850130187686195
cnv_depth__IBNLCO_04461__IBNLCO_04461__gene,-0.0028457409192472775,0.0028457409192472775
cnv_depth__IBNLCO_04225__Cytosine__CDS,0.002843795660247938,0.002843795660247938
cnv_depth__IBNLCO_05070__gnl|Bakta|IBNLCO_05070__CDS,-0.0028424957718737177,0.0028424957718737177
cnv_depth__IBNLCO_03475__HTH__CDS__promoter,-0.002841678858194153,0.002841678858194153
cnv_depth__IBNLCO_03150__IBNLCO_03150__gene,0.0028389391913478082,0.0028389391913478082
cnv_depth__IBNLCO_03578__IBNLCO_03578__gene,0.0028314294137889136,0.0028314294137889136
cnv_depth__IBNLCO_03325__protein__CDS__promoter,-0.002831242391645455,0.002831242391645455
cnv_depth__IBNLCO_00985__Bifunctional__CDS,-0.002828822537799678,0.002828822537799678
cnv_depth__IBNLCO_01689__IBNLCO_01689__gene__promoter,0.002825254567188804,0.002825254567188804
cnv_depth__IBNLCO_03120__IBNLCO_03120__gene,0.0028232574398858123,0.0028232574398858123
cnv_depth__IBNLCO_01493__trnV__gene,0.002822102398085694,0.002822102398085694
cnv_depth__IBNLCO_00357__Potassium__CDS,-0.0028201468723542994,0.0028201468723542994
cnv_depth__IBNLCO_04224__IBNLCO_04224__gene__promoter,-0.0028188612920342117,0.0028188612920342117
cnv_depth__IBNLCO_01980__IBNLCO_01980__gene__promoter,-0.002817809595838694,0.002817809595838694
cnv_depth__IBNLCO_02076__IBNLCO_02076__gene,0.00281547530738653,0.00281547530738653
cnv_depth__IBNLCO_02253__IBNLCO_02253__gene,-0.002814600145761823,0.002814600145761823
cnv_depth__IBNLCO_04477__doxX__gene__promoter,0.0028107634897154414,0.0028107634897154414
cnv_depth__IBNLCO_05405__Benzoate__CDS__promoter,0.0028094024816170053,0.0028094024816170053
cnv_depth__IBNLCO_01296__GST__CDS,-0.002808282725649374,0.002808282725649374
cnv_depth__IBNLCO_05674__IBNLCO_05674__gene__promoter,0.0028066726331433616,0.0028066726331433616
cnv_depth__IBNLCO_03456__hypothetical__CDS__promoter,0.00280615911000509,0.00280615911000509
cnv_depth__IBNLCO_01655__Ribose__CDS,0.0028046579469164393,0.0028046579469164393
cnv_depth__IBNLCO_00376__IBNLCO_00376__gene,0.00280296277300621,0.00280296277300621
cnv_depth__IBNLCO_02196__FAD-dependent__CDS,-0.0028013120801233856,0.0028013120801233856
cnv_depth__IBNLCO_01111__mabA__gene,-0.0028013096086002887,0.0028013096086002887
cnv_depth__IBNLCO_04270__IBNLCO_04270__gene__promoter,0.002800163392468269,0.002800163392468269
cnv_depth__IBNLCO_00696__IBNLCO_00696__gene,-0.002798240129214831,0.002798240129214831
cnv_depth__IBNLCO_00256__5-oxoprolinase__CDS,-0.0027928573994225017,0.0027928573994225017
cnv_depth__IBNLCO_01535__huxB__gene,-0.0027924858203432173,0.0027924858203432173
cnv_depth__IBNLCO_04588__IBNLCO_04588__gene,0.0027887943862619914,0.0027887943862619914
cnv_depth__IBNLCO_05297__AraC__CDS__promoter,0.002786907569353092,0.002786907569353092
cnv_depth__IBNLCO_01576__Aspartate/glutamate__CDS,-0.0027863152577577836,0.0027863152577577836
cnv_depth__IBNLCO_03002__Cell__CDS,0.0027810140823140406,0.0027810140823140406
cnv_depth__IBNLCO_01132__SDR__CDS,0.0027795761621848543,0.0027795761621848543
cnv_depth__IBNLCO_05668__IBNLCO_05668__gene,0.002776204570948177,0.002776204570948177
cnv_depth__IBNLCO_04956__HTH__CDS,0.0027744078305624535,0.0027744078305624535
cnv_depth__IBNLCO_04118__IBNLCO_04118__gene__promoter,0.0027732742023671778,0.0027732742023671778
cnv_depth__IBNLCO_00315__IBNLCO_00315__gene,-0.0027730869223740293,0.0027730869223740293
cnv_depth__IBNLCO_02979__IBNLCO_02979__gene__promoter,-0.0027675568017359762,0.0027675568017359762
cnv_depth__IBNLCO_03143__IBNLCO_03143__gene,0.002766561611735172,0.002766561611735172
cnv_depth__IBNLCO_04786__IBNLCO_04786__gene,0.0027647870265042553,0.0027647870265042553
cnv_depth__IBNLCO_01483__3-oxoacid__CDS__promoter,-0.002758512035810276,0.002758512035810276
cnv_depth__IBNLCO_05299__IBNLCO_05299__gene__promoter,0.002757882717092159,0.002757882717092159
cnv_depth__IBNLCO_01842__hypothetical__CDS__promoter,0.0027563956115985396,0.0027563956115985396
cnv_depth__IBNLCO_04255__ABC__CDS,-0.002756208793015066,0.002756208793015066
cnv_depth__IBNLCO_03468__IBNLCO_03468__gene__promoter,0.0027541374083000347,0.0027541374083000347
cnv_depth__IBNLCO_02697__IBNLCO_02697__gene,-0.002752187226925301,0.002752187226925301
cnv_depth__IBNLCO_02351__SUF__CDS,-0.0027476620895498073,0.0027476620895498073
cnv_depth__IBNLCO_02234__Ferritin-like__CDS,-0.002746590911694099,0.002746590911694099
cnv_depth__IBNLCO_05410__hypothetical__CDS__promoter,0.0027435212775902846,0.0027435212775902846
cnv_depth__IBNLCO_04778__gsiB__gene__promoter,-0.002740426006223246,0.002740426006223246
cnv_depth__IBNLCO_04944__IBNLCO_04944__gene,-0.0027385368430566013,0.0027385368430566013
cnv_depth__IBNLCO_03648__IBNLCO_03648__gene__promoter,0.0027380780764114324,0.0027380780764114324
cnv_depth__IBNLCO_01281__IBNLCO_01281__gene__promoter,0.0027357419501499894,0.0027357419501499894
cnv_depth__IBNLCO_04316__Universal__CDS,0.002735500543426723,0.002735500543426723
cnv_depth__IBNLCO_01152__IBNLCO_01152__gene__promoter,-0.0027325765612925173,0.0027325765612925173
cnv_depth__IBNLCO_00268__flagellar__CDS,0.00273026634865581,0.00273026634865581
cnv_depth__IBNLCO_02924__IBNLCO_02924__gene,-0.002728372479588738,0.002728372479588738
cnv_depth__IBNLCO_01683__hypothetical__CDS__promoter,-0.002725953228088483,0.002725953228088483
cnv_depth__IBNLCO_03951__Chitin-binding__CDS__promoter,0.0027234809202667646,0.0027234809202667646
cnv_depth__IBNLCO_00475__IBNLCO_00475__gene,-0.0027228872691027394,0.0027228872691027394
cnv_depth__IBNLCO_01718__EamA__CDS__promoter,0.0027219415467034202,0.0027219415467034202
cnv_depth__IBNLCO_01659__IBNLCO_01659__gene,0.002719482477711329,0.002719482477711329
cnv_depth__IBNLCO_00203__Tyrosine__CDS__promoter,-0.0027146812473623104,0.0027146812473623104
cnv_depth__IBNLCO_03522__IBNLCO_03522__gene,-0.0027094138459487606,0.0027094138459487606
cnv_depth__IBNLCO_04630__IBNLCO_04630__gene,0.002709283877848608,0.002709283877848608
cnv_depth__IBNLCO_01377__hypothetical__CDS__promoter,0.0027086389073715735,0.0027086389073715735
cnv_depth__IBNLCO_00556__IBNLCO_00556__gene__promoter,0.00270577991195449,0.00270577991195449
cnv_depth__IBNLCO_03201__Large__CDS,0.0027052610079132513,0.0027052610079132513
cnv_depth__IBNLCO_00543__Potassium__CDS__promoter,0.002704894560964407,0.002704894560964407
cnv_depth__IBNLCO_01664__Fe(3+)-hydroxamate__CDS__promoter,0.0027044003149998496,0.0027044003149998496
cnv_depth__IBNLCO_03223__IBNLCO_03223__gene__promoter,-0.0027040868984200142,0.0027040868984200142
cnv_depth__IBNLCO_05614__LysR__CDS,-0.002700241977664244,0.002700241977664244
cnv_depth__IBNLCO_03416__Branched-chain__CDS,-0.0027000728022720318,0.0027000728022720318
cnv_depth__IBNLCO_00641__IBNLCO_00641__gene,0.002698989761854421,0.002698989761854421
cnv_depth__IBNLCO_01652__araC__gene__promoter,-0.002698892869417074,0.002698892869417074
cnv_depth__IBNLCO_00175__IBNLCO_00175__gene,0.0026977908458139586,0.0026977908458139586
cnv_depth__IBNLCO_02989__IBNLCO_02989__gene__promoter,-0.0026976485202464292,0.0026976485202464292
cnv_depth__IBNLCO_00186__IBNLCO_00186__gene,-0.0026973443743971495,0.0026973443743971495
cnv_depth__IBNLCO_00527__Outer-membrane__CDS__promoter,0.0026920448098346145,0.0026920448098346145
cnv_depth__IBNLCO_01318__Phosphate__CDS,-0.002690557314385228,0.002690557314385228
cnv_depth__IBNLCO_02874__tRNA-specific__CDS,-0.00268495804269301,0.00268495804269301
cnv_depth__IBNLCO_00214__Major__CDS,0.0026843939228235075,0.0026843939228235075
cnv_depth__IBNLCO_03458__Flagellar__CDS__promoter,-0.0026835301706519036,0.0026835301706519036
cnv_depth__IBNLCO_00018__IBNLCO_00018__gene,0.002682801997909563,0.002682801997909563
cnv_depth__IBNLCO_01075__IBNLCO_01075__gene,-0.0026812941070431433,0.0026812941070431433
cnv_depth__IBNLCO_03284__IBNLCO_03284__gene__promoter,0.002680762855807353,0.002680762855807353
cnv_depth__IBNLCO_00272__flgG__gene__promoter,-0.002678754063749934,0.002678754063749934
cnv_depth__IBNLCO_01050__IBNLCO_01050__gene,-0.002678556420727127,0.002678556420727127
cnv_depth__IBNLCO_01862__IBNLCO_01862__gene__promoter,-0.00267775052086213,0.00267775052086213
cnv_depth__IBNLCO_03824__IBNLCO_03824__gene,0.0026764545851697993,0.0026764545851697993
cnv_depth__IBNLCO_04620__IBNLCO_04620__gene,0.0026761177522112464,0.0026761177522112464
cnv_depth__IBNLCO_02422__3-oxoacyl-[acyl-carrier-protein]__CDS__promoter,-0.002674701039844669,0.002674701039844669
cnv_depth__IBNLCO_04220__Fusaric__CDS,0.0026745919437761887,0.0026745919437761887
cnv_depth__IBNLCO_04554__IBNLCO_04554__gene__promoter,-0.002673637232554371,0.002673637232554371
cnv_depth__IBNLCO_03527__hypothetical__CDS,-0.0026721608910445626,0.0026721608910445626
cnv_depth__IBNLCO_04533__hypothetical__CDS__promoter,-0.002671682405280733,0.002671682405280733
cnv_depth__IBNLCO_00595__IBNLCO_00595__gene__promoter,-0.0026702606787482176,0.0026702606787482176
cnv_depth__IBNLCO_00358__IBNLCO_00358__gene,-0.0026690687182348675,0.0026690687182348675
cnv_depth__IBNLCO_05802__NodB-like__CDS,0.0026666008896653014,0.0026666008896653014
cnv_depth__IBNLCO_02961__IBNLCO_02961__gene,0.002665812563844297,0.002665812563844297
cnv_depth__IBNLCO_04538__IS5__CDS__promoter,-0.0026626460435865513,0.0026626460435865513
cnv_depth__IBNLCO_02602__Riboflavin__CDS,-0.002661580468674018,0.002661580468674018
cnv_depth__IBNLCO_04601__IBNLCO_04601__gene,-0.0026605089410152187,0.0026605089410152187
cnv_depth__IBNLCO_05390__IBNLCO_05390__gene,-0.002659389656841752,0.002659389656841752
cnv_depth__IBNLCO_02892__Disulfide-bond__CDS__promoter,-0.002659291626510187,0.002659291626510187
cnv_depth__IBNLCO_05264__IBNLCO_05264__gene,0.002658902677601934,0.002658902677601934
cnv_depth__IBNLCO_04504__onnB__gene,0.002657439152823986,0.002657439152823986
cnv_depth__IBNLCO_03665__mgtC__gene,0.002654318977794011,0.002654318977794011
cnv_depth__IBNLCO_03592__lysR__gene,-0.002652681820683342,0.002652681820683342
cnv_depth__IBNLCO_04307__Monooxygenase__CDS__promoter,-0.0026522349955295545,0.0026522349955295545
cnv_depth__IBNLCO_03321__Small__CDS__promoter,0.002650975383711431,0.002650975383711431
cnv_depth__IBNLCO_04173__hypothetical__CDS__promoter,-0.002649204366945098,0.002649204366945098
cnv_depth__IBNLCO_03227__Large__CDS__promoter,0.002649043083373537,0.002649043083373537
cnv_depth__IBNLCO_01211__Bll4479__CDS,0.002643660433301479,0.002643660433301479
cnv_depth__IBNLCO_03633__IBNLCO_03633__gene__promoter,-0.002640474108490199,0.002640474108490199
cnv_depth__IBNLCO_02084__IBNLCO_02084__gene__promoter,0.002638162441078675,0.002638162441078675
cnv_depth__IBNLCO_00562__IBNLCO_00562__gene,-0.002637028758596041,0.002637028758596041
cnv_depth__IBNLCO_04309__IBNLCO_04309__gene__promoter,0.002636391501519346,0.002636391501519346
cnv_depth__IBNLCO_02386__IBNLCO_02386__gene,-0.0026356410627716505,0.0026356410627716505
cnv_depth__IBNLCO_05008__HNS-like__CDS__promoter,0.0026341495657068318,0.0026341495657068318
cnv_depth__IBNLCO_01205__Peptidase__CDS__promoter,-0.0026323908580103256,0.0026323908580103256
cnv_depth__IBNLCO_02679__Co-chaperonin__CDS,-0.0026311138733272174,0.0026311138733272174
cnv_depth__IBNLCO_03105__Hcp1__CDS,0.0026298680548799795,0.0026298680548799795
cnv_depth__IBNLCO_03011__Cell__CDS__promoter,0.0026288876469230216,0.0026288876469230216
cnv_depth__IBNLCO_02194__Sulfotransferase__CDS,-0.0026284507399272432,0.0026284507399272432
cnv_depth__IBNLCO_05289__CBS__CDS,-0.0026274995494183708,0.0026274995494183708
cnv_depth__IBNLCO_00199__clpQ__gene__promoter,0.0026274154895428834,0.0026274154895428834
cnv_depth__IBNLCO_05690__Type__CDS__promoter,-0.0026199422186402137,0.0026199422186402137
cnv_depth__IBNLCO_03334__IBNLCO_03334__gene__promoter,0.0026197755929737235,0.0026197755929737235
cnv_depth__IBNLCO_04718__IBNLCO_04718__gene__promoter,-0.0026169921908725715,0.0026169921908725715
cnv_depth__IBNLCO_01996__gnl|Bakta|IBNLCO_01996__CDS__promoter,0.0026139323110421346,0.0026139323110421346
cnv_depth__IBNLCO_05331__mannose-1-phosphate__CDS,-0.0026138022278239994,0.0026138022278239994
cnv_depth__IBNLCO_03727__IBNLCO_03727__gene,-0.002607283501121452,0.002607283501121452
cnv_depth__IBNLCO_03414__ncS01__gene__promoter,0.002604978988236958,0.002604978988236958
cnv_depth__IBNLCO_04280__Insertion__CDS__promoter,0.0026034821895403455,0.0026034821895403455
cnv_depth__IBNLCO_02748__Peptidoglycan-associated__CDS__promoter,0.002599408106010771,0.002599408106010771
cnv_depth__IBNLCO_04417__Haloacetate__CDS,-0.002595772973605124,0.002595772973605124
cnv_depth__IBNLCO_04996__IBNLCO_04996__gene__promoter,0.0025950381563022806,0.0025950381563022806
cnv_depth__IBNLCO_00010__gspC__gene,-0.0025946866347931765,0.0025946866347931765
cnv_depth__IBNLCO_04543__IBNLCO_04543__gene,0.002594613653704602,0.002594613653704602
cnv_depth__IBNLCO_02990__CNP1-like__CDS,0.002592363155078568,0.002592363155078568
cnv_depth__IBNLCO_05431__Putative__CDS__promoter,0.0025921894967661616,0.0025921894967661616
cnv_depth__IBNLCO_04795__IBNLCO_04795__gene,-0.0025872579625006048,0.0025872579625006048
cnv_depth__IBNLCO_01235__IBNLCO_01235__gene__promoter,0.0025857417448694273,0.0025857417448694273
cnv_depth__IBNLCO_01387__DUF4123__CDS__promoter,-0.00258451338917893,0.00258451338917893
cnv_depth__IBNLCO_01457__IBNLCO_01457__gene,0.002577519816880626,0.002577519816880626
cnv_depth__IBNLCO_01340__Acetyl-coenzyme__CDS,-0.0025747091677978512,0.0025747091677978512
cnv_depth__IBNLCO_00048__IBNLCO_00048__gene,0.0025738147444317612,0.0025738147444317612
cnv_depth__IBNLCO_03392__CoA-binding__CDS__promoter,0.002572408498005713,0.002572408498005713
cnv_depth__IBNLCO_00525__trnQ__gene__promoter,0.002569602680249708,0.002569602680249708
cnv_depth__IBNLCO_04068__IBNLCO_04068__gene__promoter,0.0025676669625011995,0.0025676669625011995
cnv_depth__IBNLCO_05832__IBNLCO_05832__gene,0.00256597952986067,0.00256597952986067
cnv_depth__IBNLCO_02028__Porin%2C__CDS__promoter,0.0025652858711954925,0.0025652858711954925
cnv_depth__IBNLCO_01025__DUF982__CDS__promoter,0.002564342221068472,0.002564342221068472
cnv_depth__IBNLCO_00025__lrgB__gene,-0.0025625724281239273,0.0025625724281239273
cnv_depth__IBNLCO_03107__Type__CDS__promoter,0.002554696338478552,0.002554696338478552
cnv_depth__IBNLCO_00059__IBNLCO_00059__gene,-0.0025531343519372115,0.0025531343519372115
cnv_depth__IBNLCO_04232__H(+)/Cl(-)__CDS,-0.0025493135590748933,0.0025493135590748933
cnv_depth__IBNLCO_01647__Fimbrial-type__CDS,-0.0025490050261646052,0.0025490050261646052
cnv_depth__IBNLCO_01746__DUF1109__CDS__promoter,-0.0025481345609194048,0.0025481345609194048
cnv_depth__IBNLCO_03360__Glycine__CDS,0.002547586286246637,0.002547586286246637
cnv_depth__IBNLCO_04396__IBNLCO_04396__gene,-0.002544013689739909,0.002544013689739909
cnv_depth__IBNLCO_00524__IBNLCO_00524__gene,-0.002542706783303426,0.002542706783303426
cnv_depth__IBNLCO_02862__Intermembrane__CDS__promoter,0.002540254722763216,0.002540254722763216
cnv_depth__IBNLCO_05123__MaoC__CDS__promoter,-0.0025390291321054797,0.0025390291321054797
cnv_depth__IBNLCO_05092__N-acetyltransferase__CDS__promoter,-0.0025376977141533244,0.0025376977141533244
cnv_depth__IBNLCO_02945__IBNLCO_02945__gene,0.0025374055647202328,0.0025374055647202328
cnv_depth__IBNLCO_05004__bapC__gene,0.0025340180678300626,0.0025340180678300626
cnv_depth__IBNLCO_05774__hypothetical__CDS,-0.0025333816486931846,0.0025333816486931846
cnv_depth__IBNLCO_05512__IBNLCO_05512__gene__promoter,0.002532167273521935,0.002532167273521935
cnv_depth__IBNLCO_00408__Xaa-Pro__CDS__promoter,-0.0025292719067929927,0.0025292719067929927
cnv_depth__IBNLCO_03378__padR__gene__promoter,0.002528469659634326,0.002528469659634326
cnv_depth__IBNLCO_01076__C-type__CDS__promoter,-0.002525732998066714,0.002525732998066714
cnv_depth__IBNLCO_01485__2%2C3-dihydro-2%2C3-dihydroxybenzoate__CDS__promoter,0.002524706831284046,0.002524706831284046
cnv_depth__IBNLCO_01563__Phospholipase__CDS__promoter,-0.002523442506855666,0.002523442506855666
cnv_depth__IBNLCO_00660__corC__gene,-0.00252294454399849,0.00252294454399849
cnv_depth__IBNLCO_03055__IBNLCO_03055__gene,0.002519269468258919,0.002519269468258919
cnv_depth__IBNLCO_03732__IBNLCO_03732__gene,0.0025185392074522747,0.0025185392074522747
cnv_depth__IBNLCO_05130__histidine__CDS,-0.00251340129393853,0.00251340129393853
cnv_depth__IBNLCO_01650__Microcin__CDS,-0.002511635186547031,0.002511635186547031
cnv_depth__IBNLCO_03133__hisF__gene__promoter,-0.00250765453872425,0.00250765453872425
cnv_depth__IBNLCO_03235__trnY__gene,0.002502084372119372,0.002502084372119372
cnv_depth__IBNLCO_00338__IBNLCO_00338__gene,0.0025007357335438563,0.0025007357335438563
cnv_depth__IBNLCO_00656__IBNLCO_00656__gene__promoter,0.002499249640286613,0.002499249640286613
cnv_depth__IBNLCO_05470__ethA__gene__promoter,-0.002498266803295185,0.002498266803295185
cnv_depth__IBNLCO_03826__efeU__gene,-0.002497333697549404,0.002497333697549404
cnv_depth__IBNLCO_00045__AraC__CDS__promoter,0.002493737758128277,0.002493737758128277
cnv_depth__IBNLCO_01930__IBNLCO_01930__gene__promoter,-0.0024919932097324333,0.0024919932097324333
cnv_depth__IBNLCO_00856__Tetraacyldisaccharide__CDS,-0.0024875272471167843,0.0024875272471167843
cnv_depth__IBNLCO_01126__gnl|Bakta|IBNLCO_01126__CDS,-0.002486800416741922,0.002486800416741922
cnv_depth__IBNLCO_03139__Histidinol__CDS,-0.0024834887516437566,0.0024834887516437566
cnv_depth__IBNLCO_00044__IBNLCO_00044__gene,0.0024809244767723102,0.0024809244767723102
cnv_depth__IBNLCO_02825__IBNLCO_02825__gene,-0.0024795626926155502,0.0024795626926155502
cnv_depth__IBNLCO_05788__Porin__CDS,-0.0024795588638488538,0.0024795588638488538
cnv_depth__IBNLCO_02564__IBNLCO_02564__gene__promoter,0.0024777055570756124,0.0024777055570756124
cnv_depth__IBNLCO_03858__hypothetical__CDS,0.0024766745715424777,0.0024766745715424777
cnv_depth__IBNLCO_00444__Thiosulfate__CDS,-0.0024766030617775023,0.0024766030617775023
cnv_depth__IBNLCO_05798__IBNLCO_05798__gene,-0.0024758031320447752,0.0024758031320447752
cnv_depth__IBNLCO_05006__type__CDS,0.0024744142975359927,0.0024744142975359927
cnv_depth__IBNLCO_03831__IBNLCO_03831__gene,0.002472770090782026,0.002472770090782026
cnv_depth__IBNLCO_00098__lysR__gene__promoter,0.0024711497326178017,0.0024711497326178017
cnv_depth__IBNLCO_05488__Calcineurin-like__CDS,-0.0024689086789008046,0.0024689086789008046
cnv_depth__IBNLCO_02423__Acyl__CDS,-0.002467906592071204,0.002467906592071204
cnv_depth__IBNLCO_01200__IBNLCO_01200__gene,0.0024671594333261584,0.0024671594333261584
cnv_depth__IBNLCO_02410__Pyridoxine__CDS,-0.0024651705061798884,0.0024651705061798884
cnv_depth__IBNLCO_03396__ATP__CDS__promoter,0.002463757466736658,0.002463757466736658
cnv_depth__IBNLCO_00711__IBNLCO_00711__gene__promoter,-0.0024576792461718064,0.0024576792461718064
cnv_depth__IBNLCO_04585__IBNLCO_04585__gene__promoter,-0.002457636676767392,0.002457636676767392
cnv_depth__IBNLCO_02678__IBNLCO_02678__gene__promoter,-0.0024557240159631902,0.0024557240159631902
cnv_depth__IBNLCO_05609__Rhodanese-related__CDS,-0.002450858306203829,0.002450858306203829
cnv_depth__IBNLCO_02978__hypothetical__CDS,-0.002448910297015403,0.002448910297015403
cnv_depth__IBNLCO_01555__hypothetical__CDS__promoter,-0.0024446818133942016,0.0024446818133942016
cnv_depth__IBNLCO_04984__tssG__gene__promoter,0.0024441194744273687,0.0024441194744273687
cnv_depth__IBNLCO_04774__gnl|Bakta|IBNLCO_04774__CDS,0.0024425662291578483,0.0024425662291578483
cnv_depth__IBNLCO_00078__Ribonuclease__CDS,0.002441859724441765,0.002441859724441765
cnv_depth__IBNLCO_01703__IBNLCO_01703__gene__promoter,-0.002441279681733308,0.002441279681733308
cnv_depth__IBNLCO_02642__Urease__CDS,-0.002441136927754022,0.002441136927754022
cnv_depth__IBNLCO_01686__IBNLCO_01686__gene__promoter,-0.002440951328012596,0.002440951328012596
cnv_depth__IBNLCO_01706__IBNLCO_01706__gene__promoter,0.002439897515879773,0.002439897515879773
cnv_depth__IBNLCO_05614__lysR__gene__promoter,-0.0024389676683962925,0.0024389676683962925
cnv_depth__IBNLCO_01992__Thioesterase__CDS,-0.002438740032559144,0.002438740032559144
cnv_depth__IBNLCO_05395__IBNLCO_05395__gene,-0.0024379638334139798,0.0024379638334139798
cnv_depth__IBNLCO_01144__IBNLCO_01144__gene__promoter,0.0024371245400693657,0.0024371245400693657
cnv_depth__IBNLCO_02684__IBNLCO_02684__gene__promoter,0.002434981149838857,0.002434981149838857
cnv_depth__IBNLCO_00431__IBNLCO_00431__gene,-0.0024335705444184694,0.0024335705444184694
cnv_depth__IBNLCO_02527__Aspartyl-tRNA(Asn)/glutamyl-tRNA(Gln)__CDS,0.002432931747774893,0.002432931747774893
cnv_depth__IBNLCO_01408__PapC-like__CDS__promoter,0.0024324768912216918,0.0024324768912216918
cnv_depth__IBNLCO_04065__LysR-family__CDS,0.0024323225466949976,0.0024323225466949976
cnv_depth__IBNLCO_05134__IBNLCO_05134__gene__promoter,0.002431607409948903,0.002431607409948903
cnv_depth__IBNLCO_04904__Aspartyl/asparaginy/proline__CDS__promoter,-0.0024315549058307106,0.0024315549058307106
cnv_depth__IBNLCO_04503__Transporter__CDS,-0.002430435578363732,0.002430435578363732
cnv_depth__IBNLCO_03803__IBNLCO_03803__gene,-0.0024300409220900845,0.0024300409220900845
cnv_depth__IBNLCO_02064__8-oxoguanine__CDS,-0.0024280002292312902,0.0024280002292312902
cnv_depth__IBNLCO_01421__IBNLCO_01421__gene__promoter,-0.00242585663564562,0.00242585663564562
cnv_depth__IBNLCO_04319__IBNLCO_04319__gene,0.002425602296095972,0.002425602296095972
cnv_depth__IBNLCO_02535__IBNLCO_02535__gene,-0.0024217418107527733,0.0024217418107527733
cnv_depth__IBNLCO_03441__IBNLCO_03441__gene,-0.002419523504565041,0.002419523504565041
cnv_depth__IBNLCO_00307__IBNLCO_00307__gene,0.002418665721793905,0.002418665721793905
cnv_depth__IBNLCO_04742__IBNLCO_04742__gene__promoter,-0.0024185824129370425,0.0024185824129370425
cnv_depth__IBNLCO_01877__IBNLCO_01877__gene__promoter,0.002413060649928858,0.002413060649928858
cnv_depth__IBNLCO_01856__IBNLCO_01856__gene,-0.002411803496288892,0.002411803496288892
cnv_depth__IBNLCO_04000__IBNLCO_04000__gene,-0.0024116823139928405,0.0024116823139928405
cnv_depth__IBNLCO_02897__Betaproteobacteria_toxic_sRNA__gene__promoter,0.0024074774792411874,0.0024074774792411874
cnv_depth__IBNLCO_02785__wcbF__gene__promoter,-0.0024035654585732777,0.0024035654585732777
cnv_depth__IBNLCO_02003__IBNLCO_02003__gene,-0.0024022976750773532,0.0024022976750773532
cnv_depth__IBNLCO_03087__IBNLCO_03087__gene,-0.0024014612509650375,0.0024014612509650375
cnv_depth__IBNLCO_01237__IBNLCO_01237__gene__promoter,-0.002401253225950065,0.002401253225950065
cnv_depth__IBNLCO_03209__IBNLCO_03209__gene__promoter,0.002396311439512473,0.002396311439512473
cnv_depth__IBNLCO_05794__3-keto-5-aminohexanoate__CDS,-0.0023946995355248746,0.0023946995355248746
cnv_depth__IBNLCO_00009__IBNLCO_00009__gene,0.0023932612964438532,0.0023932612964438532
cnv_depth__IBNLCO_00789__TetR__CDS__promoter,0.002390035618072022,0.002390035618072022
cnv_depth__IBNLCO_03268__pilT__gene__promoter,0.002387738664038905,0.002387738664038905
cnv_depth__IBNLCO_00721__IBNLCO_00721__gene,-0.002387698048570171,0.002387698048570171
cnv_depth__IBNLCO_03523__IBNLCO_03523__gene__promoter,0.002387163932625275,0.002387163932625275
cnv_depth__IBNLCO_02983__IBNLCO_02983__gene__promoter,0.002382470830575942,0.002382470830575942
cnv_depth__IBNLCO_05387__IBNLCO_05387__gene,0.002381215465568839,0.002381215465568839
cnv_depth__IBNLCO_00454__Cytochrome__CDS,0.0023806430984759184,0.0023806430984759184
cnv_depth__IBNLCO_01249__IBNLCO_01249__gene__promoter,0.0023799704565905726,0.0023799704565905726
cnv_depth__IBNLCO_03204__IBNLCO_03204__gene__promoter,-0.00237988306986842,0.00237988306986842
cnv_depth__IBNLCO_04808__gnl|Bakta|IBNLCO_04808__CDS__promoter,-0.00237985980920805,0.00237985980920805
cnv_depth__IBNLCO_02678__Chaperonin__CDS,-0.002378436191911123,0.002378436191911123
cnv_depth__IBNLCO_03472__Serine__CDS__promoter,-0.0023722517734831353,0.0023722517734831353
cnv_depth__IBNLCO_04810__IBNLCO_04810__gene__promoter,0.002368944899893893,0.002368944899893893
cnv_depth__IBNLCO_05296__LysE__CDS,0.0023656126005219495,0.0023656126005219495
cnv_depth__IBNLCO_02009__ATP-binding__CDS,0.0023629546039473496,0.0023629546039473496
cnv_depth__IBNLCO_05699__IBNLCO_05699__gene,0.0023620733097181787,0.0023620733097181787
cnv_depth__IBNLCO_03322__gnl|Bakta|IBNLCO_03322__CDS__promoter,0.002360986883465161,0.002360986883465161
cnv_depth__IBNLCO_00096__IBNLCO_00096__gene,-0.0023606469688312775,0.0023606469688312775
cnv_depth__IBNLCO_00907__N-acetyltransferase__CDS__promoter,0.0023602380481796575,0.0023602380481796575
cnv_depth__IBNLCO_00262__IBNLCO_00262__gene__promoter,-0.0023597323790937666,0.0023597323790937666
cnv_depth__IBNLCO_01294__IBNLCO_01294__gene__promoter,-0.002358751414360167,0.002358751414360167
cnv_depth__IBNLCO_02996__trnP__gene,-0.0023551131562599063,0.0023551131562599063
cnv_depth__IBNLCO_03403__IBNLCO_03403__gene,-0.0023539445393959946,0.0023539445393959946
cnv_depth__IBNLCO_04168__IBNLCO_04168__gene,-0.0023537547837847294,0.0023537547837847294
cnv_depth__IBNLCO_01841__IBNLCO_01841__gene__promoter,0.0023506496343427947,0.0023506496343427947
cnv_depth__IBNLCO_00523__IBNLCO_00523__gene__promoter,-0.0023476412226972774,0.0023476412226972774
cnv_depth__IBNLCO_00978__Pili__CDS,-0.0023468720464209234,0.0023468720464209234
cnv_depth__unknown__unknown__regulatory.15,0.002346243245844895,0.002346243245844895
cnv_depth__IBNLCO_03844__Acetyl-coenzyme__CDS,0.002345979462976847,0.002345979462976847
cnv_depth__IBNLCO_03387__Bifunctional__CDS,0.0023458516763969137,0.0023458516763969137
cnv_depth__IBNLCO_05118__Carrier__CDS__promoter,0.002345758810523408,0.002345758810523408
cnv_depth__IBNLCO_04994__tssM-5__gene,0.0023456785686510745,0.0023456785686510745
cnv_depth__IBNLCO_04761__IBNLCO_04761__gene,-0.0023430608435875432,0.0023430608435875432
cnv_depth__IBNLCO_04661__Carboxymuconolactone__CDS__promoter,0.0023401303575902046,0.0023401303575902046
cnv_depth__IBNLCO_01439__IBNLCO_01439__gene,-0.0023393724787356108,0.0023393724787356108
cnv_depth__IBNLCO_04854__IBNLCO_04854__gene,0.002338910927344554,0.002338910927344554
cnv_depth__IBNLCO_02197__IBNLCO_02197__gene,-0.0023389012498828236,0.0023389012498828236
cnv_depth__IBNLCO_01943__IBNLCO_01943__gene,0.0023363606463209746,0.0023363606463209746
cnv_depth__IBNLCO_01406__Spore__CDS,-0.0023311705772465718,0.0023311705772465718
cnv_depth__IBNLCO_02780__wcbK__gene__promoter,0.002329680617947674,0.002329680617947674
cnv_depth__IBNLCO_01936__IBNLCO_01936__gene,0.002325518967780343,0.002325518967780343
cnv_depth__IBNLCO_00228__flagellar__CDS,-0.002323414612240258,0.002323414612240258
cnv_depth__IBNLCO_02901__gnl|Bakta|IBNLCO_02901__CDS,-0.00232252306374346,0.00232252306374346
cnv_depth__IBNLCO_05295__IBNLCO_05295__gene__promoter,-0.0023213795624484382,0.0023213795624484382
cnv_depth__IBNLCO_03058__Ribosome-binding__CDS__promoter,-0.0023210494743523954,0.0023210494743523954
cnv_depth__IBNLCO_01251__Histidine__CDS,0.002320747178012955,0.002320747178012955
cnv_depth__IBNLCO_01129__IBNLCO_01129__gene__promoter,0.0023203709984637383,0.0023203709984637383
cnv_depth__IBNLCO_00597__IBNLCO_00597__gene__promoter,0.0023182807801315278,0.0023182807801315278
cnv_depth__IBNLCO_02756__gnl|Bakta|IBNLCO_02756__CDS,0.0023178856323099327,0.0023178856323099327
cnv_depth__IBNLCO_02679__IBNLCO_02679__gene__promoter,0.0023134769114649596,0.0023134769114649596
cnv_depth__IBNLCO_03817__DUF3563__CDS__promoter,-0.0023084426504181355,0.0023084426504181355
cnv_depth__IBNLCO_01308__Uncharacterized__CDS,-0.0023082739789354167,0.0023082739789354167
cnv_depth__IBNLCO_02994__Large__CDS,0.0023076278629714717,0.0023076278629714717
cnv_depth__IBNLCO_01541__SAF__CDS,0.002303970477083289,0.002303970477083289
cnv_depth__IBNLCO_03457__Cytochrome__CDS,0.0022982741274727996,0.0022982741274727996
cnv_depth__IBNLCO_02879__dusB__gene,-0.0022967964180499907,0.0022967964180499907
cnv_depth__IBNLCO_05828__putative__CDS__promoter,0.0022964659381983317,0.0022964659381983317
cnv_depth__IBNLCO_00170__IBNLCO_00170__gene,0.002296217558338536,0.002296217558338536
cnv_depth__IBNLCO_00895__L-aspartate__CDS__promoter,0.002292660828266013,0.002292660828266013
cnv_depth__IBNLCO_02097__IBNLCO_02097__gene__promoter,-0.0022912191231836744,0.0022912191231836744
cnv_depth__IBNLCO_04627__Major__CDS,-0.0022895870601162415,0.0022895870601162415
cnv_depth__IBNLCO_04901__Hydroxypyruvate__CDS__promoter,0.002286420092119968,0.002286420092119968
cnv_depth__IBNLCO_01969__IBNLCO_01969__gene,-0.002286241148521102,0.002286241148521102
cnv_depth__IBNLCO_05853__IBNLCO_05853__gene__promoter,0.002284903359258405,0.002284903359258405
cnv_depth__IBNLCO_01416__IBNLCO_01416__gene,-0.002283529488212966,0.002283529488212966
cnv_depth__IBNLCO_04134__putative__CDS,-0.002282584727547356,0.002282584727547356
cnv_depth__IBNLCO_03632__hypothetical__CDS,0.002279440026884464,0.002279440026884464
cnv_depth__IBNLCO_04821__Prolyl__CDS,0.002276990324088288,0.002276990324088288
cnv_depth__IBNLCO_04314__Universal__CDS,-0.002276579375967824,0.002276579375967824
cnv_depth__IBNLCO_03142__BolA__CDS,-0.0022744828395245952,0.0022744828395245952
cnv_depth__IBNLCO_02547__Chorismate__CDS__promoter,0.002271495729331515,0.002271495729331515
cnv_depth__IBNLCO_01050__Histidinol-phosphate__CDS__promoter,0.0022687371142873763,0.0022687371142873763
cnv_depth__IBNLCO_04133__IBNLCO_04133__gene__promoter,-0.002268706297887782,0.002268706297887782
cnv_depth__IBNLCO_02967__IBNLCO_02967__gene,0.002268037054677836,0.002268037054677836
cnv_depth__IBNLCO_05799__IBNLCO_05799__gene,0.002267078617869391,0.002267078617869391
cnv_depth__IBNLCO_04788__IBNLCO_04788__gene,-0.0022652163844422025,0.0022652163844422025
cnv_depth__IBNLCO_04196__Acyl-CoA__CDS,-0.0022639729390864756,0.0022639729390864756
cnv_depth__IBNLCO_00953__IBNLCO_00953__gene__promoter,0.0022600546475048627,0.0022600546475048627
cnv_depth__IBNLCO_01546__hypothetical__CDS,-0.002259061168994737,0.002259061168994737
cnv_depth__IBNLCO_03211__IBNLCO_03211__gene__promoter,0.0022569140490240505,0.0022569140490240505
cnv_depth__IBNLCO_03738__IBNLCO_03738__gene,0.0022565067983650036,0.0022565067983650036
cnv_depth__IBNLCO_01471__IBNLCO_01471__gene,-0.0022564053386296377,0.0022564053386296377
cnv_depth__IBNLCO_02263__Cysteine-rich__CDS,-0.002256194225280442,0.002256194225280442
cnv_depth__IBNLCO_04525__gnl|Bakta|IBNLCO_04525__CDS,-0.0022558945972222626,0.0022558945972222626
cnv_depth__IBNLCO_04186__IBNLCO_04186__gene__promoter,0.0022557415869619408,0.0022557415869619408
cnv_depth__IBNLCO_02088__S-adenosylhomocysteine__CDS,0.0022552149211556775,0.0022552149211556775
cnv_depth__IBNLCO_00030__flagellar__CDS__promoter,0.002251056135144133,0.002251056135144133
cnv_depth__IBNLCO_05135__IBNLCO_05135__gene,-0.0022499266810742384,0.0022499266810742384
cnv_depth__IBNLCO_05475__IBNLCO_05475__gene__promoter,0.0022406688531791444,0.0022406688531791444
cnv_depth__IBNLCO_02488__Electron__CDS__promoter,0.0022381752898901013,0.0022381752898901013
cnv_depth__IBNLCO_03035__IBNLCO_03035__gene,0.002235865590288645,0.002235865590288645
cnv_depth__IBNLCO_04471__hypothetical__CDS,0.002235557801526414,0.002235557801526414
cnv_depth__IBNLCO_02776__gmhB__gene__promoter,-0.002231911469481506,0.002231911469481506
cnv_depth__IBNLCO_02719__Arabinose__CDS,-0.002230982710093407,0.002230982710093407
cnv_depth__IBNLCO_03799__3-dehydroshikimate__CDS__promoter,-0.0022299668768511038,0.0022299668768511038
cnv_depth__IBNLCO_01536__IBNLCO_01536__gene,-0.0022296659740201783,0.0022296659740201783
cnv_depth__IBNLCO_03097__tssM__gene,0.00222929526791766,0.00222929526791766
cnv_depth__IBNLCO_02819__Deaminated__CDS__promoter,-0.002227931914196596,0.002227931914196596
cnv_depth__IBNLCO_01736__IBNLCO_01736__gene,-0.002227277344535393,0.002227277344535393
cnv_depth__IBNLCO_00382__thiol:disulfide__CDS__promoter,0.002225129195156172,0.002225129195156172
cnv_depth__IBNLCO_00634__IBNLCO_00634__gene__promoter,-0.002221576852556406,0.002221576852556406
cnv_depth__IBNLCO_00653__IBNLCO_00653__gene,0.0022168618824917542,0.0022168618824917542
cnv_depth__IBNLCO_03475__HTH__CDS,-0.0022128613216934523,0.0022128613216934523
cnv_depth__IBNLCO_02702__lysR__gene,-0.0022126160173721794,0.0022126160173721794
cnv_depth__IBNLCO_02631__IBNLCO_02631__gene,0.0022113407870976995,0.0022113407870976995
cnv_depth__IBNLCO_03200__Large__CDS__promoter,0.002208175800041184,0.002208175800041184
cnv_depth__IBNLCO_05161__IBNLCO_05161__gene,-0.0022064184046529703,0.0022064184046529703
cnv_depth__IBNLCO_00822__2-dehydropantoate__CDS,-0.002203148067516656,0.002203148067516656
cnv_depth__IBNLCO_02367__N-succinylglutamate__CDS,-0.0021979624738017725,0.0021979624738017725
cnv_depth__IBNLCO_04657__Polyketide__CDS,0.0021978463620614306,0.0021978463620614306
cnv_depth__IBNLCO_02181__argininosuccinate__CDS,0.0021977292469209718,0.0021977292469209718
cnv_depth__IBNLCO_02783__wcbH__gene,0.002195024604094018,0.002195024604094018
cnv_depth__IBNLCO_04472__Serine__CDS,0.0021915373028890254,0.0021915373028890254
cnv_depth__IBNLCO_04101__Glutathione__CDS,-0.002190503513389561,0.002190503513389561
cnv_depth__IBNLCO_00215__IBNLCO_00215__gene__promoter,-0.0021896565013038204,0.0021896565013038204
cnv_depth__IBNLCO_05691__Type__CDS,-0.002189299968328026,0.002189299968328026
cnv_depth__IBNLCO_04462__oxdC__gene__promoter,0.0021886312651831835,0.0021886312651831835
cnv_depth__IBNLCO_00043__IBNLCO_00043__gene__promoter,-0.0021867248437557837,0.0021867248437557837
cnv_depth__IBNLCO_03702__IBNLCO_03702__gene,-0.002183977902913142,0.002183977902913142
cnv_depth__IBNLCO_00547__Formyltetrahydrofolate__CDS__promoter,0.0021831096775251344,0.0021831096775251344
cnv_depth__IBNLCO_04899__3-oxo-tetronate__CDS,-0.0021824178132869017,0.0021824178132869017
cnv_depth__IBNLCO_02820__Acid__CDS,-0.002178872680253059,0.002178872680253059
cnv_depth__IBNLCO_03045__IBNLCO_03045__gene,-0.0021788353713442163,0.0021788353713442163
cnv_depth__IBNLCO_04576__Glutamyl-tRNA__CDS__promoter,-0.002170087379179457,0.002170087379179457
cnv_depth__IBNLCO_03256__IBNLCO_03256__gene,0.0021680346756642608,0.0021680346756642608
cnv_depth__IBNLCO_03566__IBNLCO_03566__gene,-0.002167470576950708,0.002167470576950708
cnv_depth__IBNLCO_05854__IBNLCO_05854__gene,0.002163975641009722,0.002163975641009722
cnv_depth__IBNLCO_04489__Histidine__CDS,-0.00216329624715074,0.00216329624715074
cnv_depth__IBNLCO_04113__IBNLCO_04113__gene__promoter,-0.0021626390824543307,0.0021626390824543307
cnv_depth__IBNLCO_02549__Cold-shock__CDS__promoter,0.0021618155495543383,0.0021618155495543383
cnv_depth__IBNLCO_05764__Major__CDS,0.0021614188141137543,0.0021614188141137543
cnv_depth__IBNLCO_05244__IBNLCO_05244__gene__promoter,-0.0021601336211034797,0.0021601336211034797
cnv_depth__IBNLCO_03954__IBNLCO_03954__gene,0.0021580207910599034,0.0021580207910599034
cnv_depth__IBNLCO_04727__IBNLCO_04727__gene,0.002156263775740241,0.002156263775740241
cnv_depth__IBNLCO_03602__gnl|Bakta|IBNLCO_03602__CDS,0.0021562428558433433,0.0021562428558433433
cnv_depth__IBNLCO_02065__5-hydroxyisourate__CDS,-0.0021551567996066215,0.0021551567996066215
cnv_depth__IBNLCO_03364__IBNLCO_03364__gene,0.002154222397205426,0.002154222397205426
cnv_depth__IBNLCO_02972__IBNLCO_02972__gene,0.0021487486943072205,0.0021487486943072205
cnv_depth__IBNLCO_01441__IBNLCO_01441__gene,-0.0021471878660279113,0.0021471878660279113
cnv_depth__IBNLCO_03189__Large__CDS,0.002143974298199253,0.002143974298199253
cnv_depth__IBNLCO_04399__IBNLCO_04399__gene__promoter,0.002141719504417811,0.002141719504417811
cnv_depth__IBNLCO_00007__Type__CDS,0.002140412038574672,0.002140412038574672
cnv_depth__IBNLCO_04748__gnl|Bakta|IBNLCO_04748__CDS,-0.0021388597140950746,0.0021388597140950746
cnv_depth__IBNLCO_03708__IBNLCO_03708__gene__promoter,0.0021305469588348024,0.0021305469588348024
cnv_depth__IBNLCO_02019__trnV__gene__promoter,-0.002130058249248081,0.002130058249248081
cnv_depth__IBNLCO_03308__chemotaxis__CDS__promoter,-0.002125355990079904,0.002125355990079904
cnv_depth__IBNLCO_00114__Peptide__CDS__promoter,0.0021238996877376514,0.0021238996877376514
cnv_depth__IBNLCO_05386__IBNLCO_05386__gene,-0.002123196310029431,0.002123196310029431
cnv_depth__IBNLCO_03907__Flavin__CDS,-0.0021224032082572623,0.0021224032082572623
cnv_depth__IBNLCO_00001__IBNLCO_00001__gene,0.0021220011189501597,0.0021220011189501597
cnv_depth__IBNLCO_04946__IBNLCO_04946__gene,-0.0021218657451238724,0.0021218657451238724
cnv_depth__IBNLCO_00253__DUF969__CDS,-0.0021189489839678276,0.0021189489839678276
cnv_depth__IBNLCO_03427__IBNLCO_03427__gene__promoter,0.002114423313724911,0.002114423313724911
cnv_depth__IBNLCO_00110__DNA-binding__CDS__promoter,0.0021116126502952904,0.0021116126502952904
cnv_depth__IBNLCO_01403__lysR__gene,-0.002109399430363812,0.002109399430363812
cnv_depth__IBNLCO_03104__Type__CDS,0.002109359312449009,0.002109359312449009
cnv_depth__IBNLCO_03484__Cysteine/O-acetylserine__CDS,0.0021042948058569723,0.0021042948058569723
cnv_depth__IBNLCO_01704__IBNLCO_01704__gene__promoter,-0.0020963653851628185,0.0020963653851628185
cnv_depth__IBNLCO_04745__IBNLCO_04745__gene__promoter,-0.0020940776352378876,0.0020940776352378876
cnv_depth__IBNLCO_01105__hypothetical__CDS__promoter,0.0020940428482347675,0.0020940428482347675
cnv_depth__IBNLCO_02146__DUF1853__CDS,0.0020936947458152456,0.0020936947458152456
cnv_depth__IBNLCO_04980__Type__CDS__promoter,0.002088609480288335,0.002088609480288335
cnv_depth__IBNLCO_00185__Exodeoxyribonuclease__CDS__promoter,0.002084066131491302,0.002084066131491302
cnv_depth__IBNLCO_03008__IBNLCO_03008__gene,0.0020832575174522107,0.0020832575174522107
cnv_depth__IBNLCO_01705__IBNLCO_01705__gene,-0.0020831511474628645,0.0020831511474628645
cnv_depth__IBNLCO_03917__RND__CDS,0.0020790326856883643,0.0020790326856883643
cnv_depth__IBNLCO_01380__Ricin-type__CDS,-0.002078815925583457,0.002078815925583457
cnv_depth__IBNLCO_05512__AB__CDS,0.002078299778908941,0.002078299778908941
cnv_depth__IBNLCO_04460__IBNLCO_04460__gene,-0.0020728374236775996,0.0020728374236775996
cnv_depth__IBNLCO_03773__IBNLCO_03773__gene,0.002072041173453593,0.002072041173453593
cnv_depth__IBNLCO_05002__bopA__gene,-0.0020707870943096154,0.0020707870943096154
cnv_depth__IBNLCO_03209__Large__CDS,-0.002067187597757119,0.002067187597757119
cnv_depth__IBNLCO_02459__hypothetical__CDS,0.002061692015017459,0.002061692015017459
cnv_depth__IBNLCO_02653__IBNLCO_02653__gene,0.0020597383804119834,0.0020597383804119834
cnv_depth__IBNLCO_01024__tRNA-Arg(cct)__tRNA,0.0020593579045262967,0.0020593579045262967
cnv_depth__IBNLCO_03446__Isoprenylcysteine__CDS,0.0020592359683347327,0.0020592359683347327
cnv_depth__IBNLCO_05032__bprP__gene__promoter,0.0020575785596899134,0.0020575785596899134
cnv_depth__IBNLCO_01143__IBNLCO_01143__gene__promoter,-0.0020545240101913116,0.0020545240101913116
cnv_depth__IBNLCO_05846__histidine__CDS,0.0020532660442511676,0.0020532660442511676
cnv_depth__IBNLCO_02947__Putative__CDS,-0.0020513389170375507,0.0020513389170375507
cnv_depth__IBNLCO_03309__cheA__gene__promoter,0.0020513231289535066,0.0020513231289535066
cnv_depth__IBNLCO_02687__DUF2957__CDS__promoter,0.0020486597955495763,0.0020486597955495763
cnv_depth__IBNLCO_03577__IBNLCO_03577__gene,0.0020479335059914367,0.0020479335059914367
cnv_depth__IBNLCO_05008__HNS-like__CDS,-0.0020455435323270825,0.0020455435323270825
cnv_depth__IBNLCO_05262__IBNLCO_05262__gene,0.0020445121909230656,0.0020445121909230656
cnv_depth__IBNLCO_02050__IBNLCO_02050__gene,-0.0020422207841689047,0.0020422207841689047
cnv_depth__IBNLCO_05653__OpgC__CDS,0.0020411809183486776,0.0020411809183486776
cnv_depth__IBNLCO_02361__Cytochrome__CDS,0.002039484691649699,0.002039484691649699
cnv_depth__IBNLCO_03208__Large__CDS__promoter,-0.0020386679880311535,0.0020386679880311535
cnv_depth__IBNLCO_02550__IBNLCO_02550__gene__promoter,0.002036570740953617,0.002036570740953617
cnv_depth__IBNLCO_02564__IBNLCO_02564__gene,0.0020335881794818662,0.0020335881794818662
cnv_depth__IBNLCO_03220__IBNLCO_03220__gene__promoter,0.002031432563783681,0.002031432563783681
cnv_depth__IBNLCO_02705__hmuV__gene__promoter,-0.0020298989461833943,0.0020298989461833943
cnv_depth__IBNLCO_04938__Putative__CDS__promoter,-0.002029856798861895,0.002029856798861895
cnv_depth__IBNLCO_03442__50S__CDS,0.0020253721291853466,0.0020253721291853466
cnv_depth__IBNLCO_02541__gnl|Bakta|IBNLCO_02541__CDS__promoter,0.002020343109166909,0.002020343109166909
cnv_depth__IBNLCO_03716__IBNLCO_03716__gene__promoter,-0.002020235268698751,0.002020235268698751
cnv_depth__IBNLCO_03136__UPF0056__CDS,-0.0020192664296259702,0.0020192664296259702
cnv_depth__IBNLCO_01277__SHSP__CDS,-0.0020188908955447856,0.0020188908955447856
cnv_depth__IBNLCO_03270__IBNLCO_03270__gene,0.0020182711107498696,0.0020182711107498696
cnv_depth__IBNLCO_00947__ABC__CDS,0.0020179161378156203,0.0020179161378156203
cnv_depth__IBNLCO_02801__dnaA__gene,0.002017873599607401,0.002017873599607401
cnv_depth__IBNLCO_02489__IBNLCO_02489__gene,0.0020159570187796814,0.0020159570187796814
cnv_depth__IBNLCO_04322__IBNLCO_04322__gene__promoter,-0.0020147807118312696,0.0020147807118312696
cnv_depth__IBNLCO_04625__IBNLCO_04625__gene,-0.002011807215010794,0.002011807215010794
cnv_depth__IBNLCO_02548__dinG__gene__promoter,0.0020101866514510938,0.0020101866514510938
cnv_depth__IBNLCO_03152__Thiazole__CDS__promoter,0.0020088007622892476,0.0020088007622892476
cnv_depth__IBNLCO_01986__Endolytic__CDS__promoter,-0.001999729525241059,0.001999729525241059
cnv_depth__IBNLCO_04686__hypothetical__CDS,-0.0019996701755833294,0.0019996701755833294
cnv_depth__IBNLCO_02880__IBNLCO_02880__gene__promoter,-0.001999555038394988,0.001999555038394988
cnv_depth__IBNLCO_03206__Large__CDS__promoter,0.0019983682704805992,0.0019983682704805992
cnv_depth__IBNLCO_01978__ATPase__CDS,-0.0019965743304950134,0.0019965743304950134
cnv_depth__IBNLCO_03707__Short-chain__CDS__promoter,0.0019963199803721024,0.0019963199803721024
cnv_depth__IBNLCO_00490__IBNLCO_00490__gene,0.0019947027507845015,0.0019947027507845015
cnv_depth__IBNLCO_04542__IBNLCO_04542__gene,-0.0019937860180914216,0.0019937860180914216
cnv_depth__IBNLCO_05053__tauB__gene__promoter,0.0019936040934042986,0.0019936040934042986
cnv_depth__IBNLCO_02778__gmhA__gene,0.001990942301322997,0.001990942301322997
cnv_depth__IBNLCO_04604__hypothetical__CDS,-0.0019906637760378518,0.0019906637760378518
cnv_depth__IBNLCO_03821__3-hydroxybutyrate__CDS__promoter,-0.001989806840746617,0.001989806840746617
cnv_depth__IBNLCO_03215__IBNLCO_03215__gene,0.001976177459753302,0.001976177459753302
cnv_depth__IBNLCO_04562__Carboxypeptidase__CDS,0.0019667776010251522,0.0019667776010251522
cnv_depth__IBNLCO_02942__Polyamine__CDS__promoter,0.001966721594958218,0.001966721594958218
cnv_depth__IBNLCO_00434__IBNLCO_00434__gene,-0.001962575535546003,0.001962575535546003
cnv_depth__IBNLCO_03633__O-acetylhomoserine/O-acetylserine__CDS,-0.001959474251103466,0.001959474251103466
cnv_depth__IBNLCO_02925__lptE__gene__promoter,0.00195568509280586,0.00195568509280586
cnv_depth__IBNLCO_00664__IBNLCO_00664__gene,-0.0019527056510413663,0.0019527056510413663
cnv_depth__IBNLCO_04491__gnl|Bakta|IBNLCO_04491__CDS,-0.0019459859649296073,0.0019459859649296073
cnv_depth__IBNLCO_03134__IBNLCO_03134__gene__promoter,-0.0019439207817680373,0.0019439207817680373
cnv_depth__IBNLCO_02514__ssrA__gene__promoter,-0.0019433416204074896,0.0019433416204074896
cnv_depth__IBNLCO_01730__GHMP__CDS,-0.0019418383667323144,0.0019418383667323144
cnv_depth__IBNLCO_00685__rhlE__gene,0.0019410410476374976,0.0019410410476374976
cnv_depth__IBNLCO_01885__IBNLCO_01885__gene,0.0019404597986486516,0.0019404597986486516
cnv_depth__IBNLCO_05172__Glycosyltransferase__CDS__promoter,0.0019398877202659172,0.0019398877202659172
cnv_depth__IBNLCO_01415__IBNLCO_01415__gene,-0.001939647940332801,0.001939647940332801
cnv_depth__IBNLCO_02192__SAM-dependent__CDS,0.0019393219338752414,0.0019393219338752414
cnv_depth__IBNLCO_03340__IBNLCO_03340__gene,0.0019389041452000447,0.0019389041452000447
cnv_depth__IBNLCO_03378__padR__gene,-0.0019361131761670583,0.0019361131761670583
cnv_depth__IBNLCO_05783__IBNLCO_05783__gene,-0.0019313279845047206,0.0019313279845047206
cnv_depth__IBNLCO_05326__Lipopolysaccharide__CDS,-0.0019284360485981914,0.0019284360485981914
cnv_depth__IBNLCO_02708__IBNLCO_02708__gene__promoter,-0.0019262484750664074,0.0019262484750664074
cnv_depth__IBNLCO_02026__IBNLCO_02026__gene,0.0019230942092587858,0.0019230942092587858
cnv_depth__IBNLCO_03820__IBNLCO_03820__gene,0.0019213643240145106,0.0019213643240145106
cnv_depth__IBNLCO_02904__SHSP__CDS,-0.0019178820429981893,0.0019178820429981893
cnv_depth__IBNLCO_01663__Iron__CDS__promoter,-0.0019178369573606086,0.0019178369573606086
cnv_depth__IBNLCO_03625__IBNLCO_03625__gene__promoter,-0.0019170786416993681,0.0019170786416993681
cnv_depth__IBNLCO_01670__IBNLCO_01670__gene__promoter,0.0019150440469421842,0.0019150440469421842
cnv_depth__IBNLCO_00993__IBNLCO_00993__gene__promoter,-0.001912088195862766,0.001912088195862766
cnv_depth__IBNLCO_02912__IBNLCO_02912__gene__promoter,0.0019120202719929292,0.0019120202719929292
cnv_depth__IBNLCO_02905__SHSP__CDS,-0.0019112269141442267,0.0019112269141442267
cnv_depth__IBNLCO_05820__Triacylglycerol__CDS,-0.0019101367636849037,0.0019101367636849037
cnv_depth__IBNLCO_00275__flgJ__gene__promoter,0.0019079638415513865,0.0019079638415513865
cnv_depth__IBNLCO_00295__IBNLCO_00295__gene,0.0019071774265141132,0.0019071774265141132
cnv_depth__IBNLCO_03823__IBNLCO_03823__gene,-0.0019040411177043666,0.0019040411177043666
cnv_depth__IBNLCO_04037__livG__gene__promoter,-0.0019029010736824853,0.0019029010736824853
cnv_depth__IBNLCO_03315__IBNLCO_03315__gene__promoter,0.0019022411017068756,0.0019022411017068756
cnv_depth__IBNLCO_04403__IBNLCO_04403__gene__promoter,0.0019021283941775063,0.0019021283941775063
cnv_depth__IBNLCO_05277__IBNLCO_05277__gene,-0.0018991929121422906,0.0018991929121422906
cnv_depth__IBNLCO_04730__IBNLCO_04730__gene__promoter,0.0018922304217400458,0.0018922304217400458
cnv_depth__IBNLCO_03242__IBNLCO_03242__gene__promoter,-0.0018906332913785479,0.0018906332913785479
cnv_depth__IBNLCO_01582__IBNLCO_01582__gene,0.0018834762114710013,0.0018834762114710013
cnv_depth__IBNLCO_03361__Glycine__CDS,0.0018748593684340081,0.0018748593684340081
cnv_depth__IBNLCO_01507__NlpB/DapX__CDS,-0.0018732820490218857,0.0018732820490218857
cnv_depth__IBNLCO_02905__SHSP__CDS__promoter,-0.0018707247238270316,0.0018707247238270316
cnv_depth__IBNLCO_04918__hypothetical__CDS__promoter,-0.0018701909808927382,0.0018701909808927382
cnv_depth__IBNLCO_03255__IBNLCO_03255__gene,-0.0018580099007274682,0.0018580099007274682
cnv_depth__IBNLCO_05004__bapC__gene__promoter,0.001850554886781435,0.001850554886781435
cnv_depth__IBNLCO_02956__IBNLCO_02956__gene,0.0018501383893295546,0.0018501383893295546
cnv_depth__IBNLCO_00219__Acyl-CoA__CDS,-0.0018492788693506873,0.0018492788693506873
cnv_depth__IBNLCO_03299__IBNLCO_03299__gene__promoter,-0.0018445085874258572,0.0018445085874258572
cnv_depth__IBNLCO_02275__IBNLCO_02275__gene,-0.0018406854307270535,0.0018406854307270535
cnv_depth__IBNLCO_05577__IBNLCO_05577__gene__promoter,-0.001840455654427021,0.001840455654427021
cnv_depth__IBNLCO_04303__IBNLCO_04303__gene,-0.00184025675296977,0.00184025675296977
cnv_depth__IBNLCO_00196__histidine__CDS,0.0018351230491198574,0.0018351230491198574
cnv_depth__IBNLCO_01268__IBNLCO_01268__gene__promoter,-0.0018315491719552242,0.0018315491719552242
cnv_depth__IBNLCO_01461__IBNLCO_01461__gene,0.0018291992620591026,0.0018291992620591026
cnv_depth__IBNLCO_03310__cheY1__gene__promoter,0.0018215910052542185,0.0018215910052542185
cnv_depth__IBNLCO_03066__Energy-dependent__CDS,-0.0018171568305748553,0.0018171568305748553
cnv_depth__IBNLCO_00083__IBNLCO_00083__gene__promoter,-0.0018169151165449335,0.0018169151165449335
cnv_depth__IBNLCO_01990__Alpha/beta__CDS,-0.0018168468128761293,0.0018168468128761293
cnv_depth__IBNLCO_03822__IBNLCO_03822__gene,-0.0018143706772995223,0.0018143706772995223
cnv_depth__IBNLCO_04297__aurF__gene__promoter,-0.0018100076201401547,0.0018100076201401547
cnv_depth__IBNLCO_04623__IBNLCO_04623__gene,0.0018091897599120106,0.0018091897599120106
cnv_depth__IBNLCO_05451__ATP__CDS__promoter,-0.0018080246516379908,0.0018080246516379908
cnv_depth__IBNLCO_02147__IBNLCO_02147__gene__promoter,0.0018076271178550812,0.0018076271178550812
cnv_depth__IBNLCO_01695__HTH__CDS__promoter,0.0018072222013205642,0.0018072222013205642
cnv_depth__IBNLCO_03615__tssC1__gene,-0.0018026940478581058,0.0018026940478581058
cnv_depth__IBNLCO_00815__nepI__gene__promoter,-0.0018003185251860433,0.0018003185251860433
cnv_depth__IBNLCO_02285__IBNLCO_02285__gene,0.001797597919560679,0.001797597919560679
cnv_depth__IBNLCO_03754__gntR__gene,0.0017943515320174041,0.0017943515320174041
cnv_depth__IBNLCO_03676__IBNLCO_03676__gene,-0.0017917784107218298,0.0017917784107218298
cnv_depth__IBNLCO_05010__bipB__gene,0.0017904659902773768,0.0017904659902773768
cnv_depth__IBNLCO_04112__IBNLCO_04112__gene__promoter,-0.0017903770680354372,0.0017903770680354372
cnv_depth__IBNLCO_03390__Uroporphyrinogen__CDS__promoter,-0.0017903172381232622,0.0017903172381232622
cnv_depth__IBNLCO_01281__L-gulonate__CDS,-0.0017893075174106128,0.0017893075174106128
cnv_depth__IBNLCO_00099__Putrescine-binding__CDS,0.0017849928037571852,0.0017849928037571852
cnv_depth__IBNLCO_02135__yffB__gene__promoter,-0.0017846975520525903,0.0017846975520525903
cnv_depth__IBNLCO_04836__IBNLCO_04836__gene,-0.001780578047590471,0.001780578047590471
cnv_depth__IBNLCO_01998__IBNLCO_01998__gene__promoter,0.0017784089893957207,0.0017784089893957207
cnv_depth__IBNLCO_01140__IBNLCO_01140__gene__promoter,-0.0017763609477766075,0.0017763609477766075
cnv_depth__IBNLCO_01570__IBNLCO_01570__gene,0.0017744246037588694,0.0017744246037588694
cnv_depth__IBNLCO_00273__flgH__gene,0.0017693783485747381,0.0017693783485747381
cnv_depth__IBNLCO_03407__Ribosomal__CDS,0.001768269243074051,0.001768269243074051
cnv_depth__IBNLCO_05797__IBNLCO_05797__gene__promoter,0.0017671998828729764,0.0017671998828729764
cnv_depth__IBNLCO_02085__IBNLCO_02085__gene,0.0017670404180240669,0.0017670404180240669
cnv_depth__IBNLCO_04522__IBNLCO_04522__gene__promoter,-0.0017659879148103999,0.0017659879148103999
cnv_depth__IBNLCO_04614__hypothetical__CDS__promoter,0.0017641326733439783,0.0017641326733439783
cnv_depth__IBNLCO_03186__IBNLCO_03186__gene,0.001760919683196076,0.001760919683196076
cnv_depth__IBNLCO_00279__IBNLCO_00279__gene__promoter,-0.0017607452366644222,0.0017607452366644222
cnv_depth__IBNLCO_05144__DUF1842__CDS,-0.0017593626308101548,0.0017593626308101548
cnv_depth__IBNLCO_02037__DUF2471__CDS__promoter,0.001758446696762415,0.001758446696762415
cnv_depth__IBNLCO_00975__Phosphoglycolate__CDS__promoter,-0.0017561448152796054,0.0017561448152796054
cnv_depth__IBNLCO_00606__IBNLCO_00606__gene,0.0017560257027744559,0.0017560257027744559
cnv_depth__IBNLCO_03426__IBNLCO_03426__gene__promoter,0.0017555411147420997,0.0017555411147420997
cnv_depth__IBNLCO_01424__Ornithine__CDS__promoter,0.0017549128340826445,0.0017549128340826445
cnv_depth__IBNLCO_05293__IBNLCO_05293__gene,-0.0017547678172407622,0.0017547678172407622
cnv_depth__IBNLCO_02466__Dihydrofolate__CDS,-0.0017543496463934567,0.0017543496463934567
cnv_depth__IBNLCO_02853__Sec__CDS,0.0017531611570025885,0.0017531611570025885
cnv_depth__IBNLCO_02978__IBNLCO_02978__gene__promoter,-0.001751289732569145,0.001751289732569145
cnv_depth__IBNLCO_03146__IBNLCO_03146__gene__promoter,0.0017497627270676862,0.0017497627270676862
cnv_depth__IBNLCO_04507__IBNLCO_04507__gene,0.0017496560114984132,0.0017496560114984132
cnv_depth__IBNLCO_01717__cheW__gene,0.0017478577713304492,0.0017478577713304492
cnv_depth__IBNLCO_00191__Homoserine__CDS__promoter,-0.0017454014663783096,0.0017454014663783096
cnv_depth__IBNLCO_05540__Citronellyl-CoA__CDS,-0.001743230135814475,0.001743230135814475
cnv_depth__IBNLCO_03257__Flavoprotein__CDS__promoter,-0.0017424350940898315,0.0017424350940898315
cnv_depth__IBNLCO_04943__NADPH--hemoprotein__CDS,-0.00173894100395671,0.00173894100395671
cnv_depth__IBNLCO_05501__IBNLCO_05501__gene,-0.0017382290535836638,0.0017382290535836638
cnv_depth__IBNLCO_01363__hypothetical__CDS,-0.001736992326037486,0.001736992326037486
cnv_depth__IBNLCO_02295__IBNLCO_02295__gene,0.0017359063248473924,0.0017359063248473924
cnv_depth__IBNLCO_00643__IBNLCO_00643__gene,-0.0017342393037098533,0.0017342393037098533
cnv_depth__IBNLCO_01988__IBNLCO_01988__gene__promoter,-0.001733466391523244,0.001733466391523244
cnv_depth__IBNLCO_05590__Type__CDS__promoter,-0.0017270876716272093,0.0017270876716272093
cnv_depth__IBNLCO_02989__IBNLCO_02989__gene,0.0017259251203050792,0.0017259251203050792
cnv_depth__IBNLCO_01491__2-iminobutanoate/2-iminopropanoate__CDS__promoter,-0.0017201801277682961,0.0017201801277682961
cnv_depth__IBNLCO_04907__Glycine__CDS,-0.0017187619559679607,0.0017187619559679607
cnv_depth__IBNLCO_05505__IBNLCO_05505__gene__promoter,-0.0017174841058086542,0.0017174841058086542
cnv_depth__IBNLCO_00063__IBNLCO_00063__gene__promoter,-0.0017138952232717004,0.0017138952232717004
cnv_depth__IBNLCO_05831__Hopanoid__CDS,-0.0017138751720198581,0.0017138751720198581
cnv_depth__IBNLCO_01708__ABC__CDS,-0.0017123970352302652,0.0017123970352302652
cnv_depth__IBNLCO_05307__Linear__CDS__promoter,0.001711241307086926,0.001711241307086926
cnv_depth__IBNLCO_04499__IBNLCO_04499__gene,-0.0017093206644458634,0.0017093206644458634
cnv_depth__IBNLCO_00407__IBNLCO_00407__gene,-0.0017086810626894475,0.0017086810626894475
cnv_depth__IBNLCO_04119__EF-hand__CDS,-0.0017061747078240415,0.0017061747078240415
cnv_depth__IBNLCO_03478__3-oxoadipate__CDS__promoter,0.0017060973055908696,0.0017060973055908696
cnv_depth__IBNLCO_04312__IBNLCO_04312__gene__promoter,-0.0017044204141083506,0.0017044204141083506
cnv_depth__IBNLCO_00507__rpoH__gene,-0.0017027047684541653,0.0017027047684541653
cnv_depth__IBNLCO_04100__VOC__CDS,-0.0016999060105396457,0.0016999060105396457
cnv_depth__IBNLCO_03650__prpR__gene__promoter,-0.0016995315321176006,0.0016995315321176006
cnv_depth__IBNLCO_03755__IBNLCO_03755__gene,0.0016989471756599934,0.0016989471756599934
cnv_depth__IBNLCO_05686__IBNLCO_05686__gene,-0.0016975607559766824,0.0016975607559766824
cnv_depth__IBNLCO_03420__IBNLCO_03420__gene,-0.0016947879779051808,0.0016947879779051808
cnv_depth__IBNLCO_00702__IBNLCO_00702__gene__promoter,-0.001693932240708066,0.001693932240708066
cnv_depth__IBNLCO_01734__argininosuccinate__CDS__promoter,0.0016934265126950284,0.0016934265126950284
cnv_depth__IBNLCO_03601__SMP-30/Gluconolactonase/LRE-like__CDS__promoter,-0.0016911728255488523,0.0016911728255488523
cnv_depth__IBNLCO_04655__Syringopeptin__CDS__promoter,-0.0016911675390115445,0.0016911675390115445
cnv_depth__IBNLCO_02085__hypothetical__CDS__promoter,0.0016898763247745457,0.0016898763247745457
cnv_depth__IBNLCO_02809__dnaK__gene__promoter,0.001689216451377919,0.001689216451377919
cnv_depth__IBNLCO_00580__IBNLCO_00580__gene,0.0016866790207889324,0.0016866790207889324
cnv_depth__IBNLCO_03057__HD__CDS,-0.0016864964081064649,0.0016864964081064649
cnv_depth__IBNLCO_03395__hypothetical__CDS__promoter,-0.001683667368805165,0.001683667368805165
cnv_depth__IBNLCO_03625__DUF2169__CDS,-0.0016828294670393298,0.0016828294670393298
cnv_depth__IBNLCO_05010__bipB__gene__promoter,-0.0016805579618018574,0.0016805579618018574
cnv_depth__IBNLCO_04007__Membrane__CDS,0.0016803145455925902,0.0016803145455925902
cnv_depth__IBNLCO_03376__Cadmium__CDS,0.0016798439680322395,0.0016798439680322395
cnv_depth__IBNLCO_05416__Fumarate/nitrate__CDS,0.001677813433186183,0.001677813433186183
cnv_depth__IBNLCO_03578__IBNLCO_03578__gene__promoter,-0.0016758306500289633,0.0016758306500289633
cnv_depth__IBNLCO_00474__IBNLCO_00474__gene,-0.0016733644451415953,0.0016733644451415953
cnv_depth__IBNLCO_03227__IBNLCO_03227__gene,0.0016713065396225999,0.0016713065396225999
cnv_depth__IBNLCO_04268__kdgR__gene__promoter,-0.0016712850975643522,0.0016712850975643522
cnv_depth__IBNLCO_00907__N-acetyltransferase__CDS,-0.0016696887182768056,0.0016696887182768056
cnv_depth__IBNLCO_05274__hypothetical__CDS__promoter,0.0016696609628868804,0.0016696609628868804
cnv_depth__IBNLCO_01721__hypothetical__CDS__promoter,-0.0016685575918118005,0.0016685575918118005
cnv_depth__IBNLCO_05731__Divalent__CDS,-0.0016664433434564114,0.0016664433434564114
cnv_depth__IBNLCO_01652__AraC__CDS,-0.0016663225052227333,0.0016663225052227333
cnv_depth__IBNLCO_05357__DUF3472__CDS__promoter,0.0016619746065472643,0.0016619746065472643
cnv_depth__IBNLCO_02367__IBNLCO_02367__gene__promoter,-0.001658019518176332,0.001658019518176332
cnv_depth__IBNLCO_03106__IBNLCO_03106__gene,-0.0016527626026949626,0.0016527626026949626
cnv_depth__IBNLCO_02716__IBNLCO_02716__gene,0.0016520624990880811,0.0016520624990880811
cnv_depth__IBNLCO_03130__Transmembrane__CDS,-0.001651077146516116,0.001651077146516116
cnv_depth__IBNLCO_00905__Leucine/isoleucine/valine__CDS__promoter,-0.0016487002083996464,0.0016487002083996464
cnv_depth__IBNLCO_04394__iclR__gene__promoter,0.001647597769530587,0.001647597769530587
cnv_depth__IBNLCO_03044__Ribulose-phosphate__CDS,-0.0016457845153764997,0.0016457845153764997
cnv_depth__IBNLCO_00026__flagellar__CDS,-0.0016431012385369308,0.0016431012385369308
cnv_depth__IBNLCO_00599__zraR__gene,0.0016413107950468922,0.0016413107950468922
cnv_depth__IBNLCO_05759__IBNLCO_05759__gene,-0.0016398760558591057,0.0016398760558591057
cnv_depth__IBNLCO_01459__IBNLCO_01459__gene,-0.0016394566870834451,0.0016394566870834451
cnv_depth__IBNLCO_03337__gnl|Bakta|IBNLCO_03337__CDS__promoter,0.0016303984991991054,0.0016303984991991054
cnv_depth__IBNLCO_02431__IBNLCO_02431__gene,0.0016282771820637703,0.0016282771820637703
cnv_depth__IBNLCO_00826__hypothetical__CDS__promoter,0.0016261065067535538,0.0016261065067535538
cnv_depth__IBNLCO_04785__IBNLCO_04785__gene__promoter,0.0016249075232709013,0.0016249075232709013
cnv_depth__IBNLCO_01737__Carrier__CDS__promoter,0.0016242633832939325,0.0016242633832939325
cnv_depth__IBNLCO_02095__IBNLCO_02095__gene__promoter,-0.0016227052033593893,0.0016227052033593893
cnv_depth__IBNLCO_05270__IBNLCO_05270__gene,-0.001621479614685872,0.001621479614685872
cnv_depth__IBNLCO_00453__Cytochrome__CDS,-0.0016207101345046722,0.0016207101345046722
cnv_depth__IBNLCO_00746__Regulatory__CDS,-0.0016195910527118309,0.0016195910527118309
cnv_depth__IBNLCO_04901__Hydroxypyruvate__CDS,-0.0016181646070021847,0.0016181646070021847
cnv_depth__IBNLCO_01669__IBNLCO_01669__gene,0.0016158847996749028,0.0016158847996749028
cnv_depth__IBNLCO_04839__IBNLCO_04839__gene,0.0016149790803800387,0.0016149790803800387
cnv_depth__IBNLCO_02294__ATP-dependent__CDS,0.0016147379390758412,0.0016147379390758412
cnv_depth__IBNLCO_03428__tctD__gene__promoter,0.001614211244265788,0.001614211244265788
cnv_depth__IBNLCO_02729__iclR__gene__promoter,0.001607737227457403,0.001607737227457403
cnv_depth__IBNLCO_00017__Type__CDS,0.0016062659828831706,0.0016062659828831706
cnv_depth__IBNLCO_04711__gnl|Bakta|IBNLCO_04711__CDS,-0.0016041910473593146,0.0016041910473593146
cnv_depth__IBNLCO_00395__IBNLCO_00395__gene__promoter,0.0016012092709314634,0.0016012092709314634
cnv_depth__IBNLCO_04627__IBNLCO_04627__gene__promoter,-0.0015997999555853136,0.0015997999555853136
cnv_depth__IBNLCO_01113__IBNLCO_01113__gene,-0.0015989273780245112,0.0015989273780245112
cnv_depth__IBNLCO_01697__hypothetical__CDS,-0.001597919030703241,0.001597919030703241
cnv_depth__IBNLCO_00635__IBNLCO_00635__gene,0.0015962228541680132,0.0015962228541680132
cnv_depth__IBNLCO_03337__gnl|Bakta|IBNLCO_03337__CDS,0.0015950304094395301,0.0015950304094395301
cnv_depth__IBNLCO_03181__ccsB__gene__promoter,-0.0015929502266223484,0.0015929502266223484
cnv_depth__IBNLCO_01472__IBNLCO_01472__gene,0.0015923325818626025,0.0015923325818626025
cnv_depth__IBNLCO_03312__flagellar__CDS__promoter,-0.0015902219963678794,0.0015902219963678794
cnv_depth__IBNLCO_04923__DUF2827__CDS__promoter,-0.0015831944240640684,0.0015831944240640684
cnv_depth__IBNLCO_02887__IBNLCO_02887__gene__promoter,-0.0015825159478208236,0.0015825159478208236
cnv_depth__IBNLCO_02046__histidine__CDS,-0.0015814241289049907,0.0015814241289049907
cnv_depth__IBNLCO_05077__type__CDS__promoter,-0.0015813389904025712,0.0015813389904025712
cnv_depth__IBNLCO_05432__ABC3__CDS,0.0015801545927200983,0.0015801545927200983
cnv_depth__IBNLCO_05625__yxjC__gene,0.0015748893653490137,0.0015748893653490137
cnv_depth__IBNLCO_00950__Alpha-ribazole__CDS__promoter,-0.0015608100562877981,0.0015608100562877981
cnv_depth__IBNLCO_02142__DNA__CDS,-0.0015590113372743214,0.0015590113372743214
cnv_depth__IBNLCO_04477__DoxX__CDS,0.0015586811449412195,0.0015586811449412195
cnv_depth__IBNLCO_03431__IBNLCO_03431__gene__promoter,0.001557137145769021,0.001557137145769021
cnv_depth__IBNLCO_01453__hypothetical__CDS__promoter,0.0015557948901153374,0.0015557948901153374
cnv_depth__IBNLCO_05824__IBNLCO_05824__gene__promoter,-0.0015538443892774863,0.0015538443892774863
cnv_depth__IBNLCO_03061__HTH__CDS,0.001553179029757177,0.001553179029757177
cnv_depth__IBNLCO_04021__Porin__CDS__promoter,0.0015526841353582894,0.0015526841353582894
cnv_depth__IBNLCO_00107__IBNLCO_00107__gene__promoter,-0.0015525200171071154,0.0015525200171071154
cnv_depth__IBNLCO_02717__D-lactate__CDS,0.001551790806783252,0.001551790806783252
cnv_depth__IBNLCO_00599__zraR__gene__promoter,0.0015510816963359702,0.0015510816963359702
cnv_depth__IBNLCO_01568__23S__CDS,-0.0015501025837930974,0.0015501025837930974
cnv_depth__IBNLCO_04824__IBNLCO_04824__gene,0.001549077492283864,0.001549077492283864
cnv_depth__IBNLCO_01041__N-carbamoyl-L-amino-acid__CDS__promoter,-0.0015482350401242757,0.0015482350401242757
cnv_depth__IBNLCO_02591__gnl|Bakta|IBNLCO_02591__CDS,-0.0015440944475525248,0.0015440944475525248
cnv_depth__IBNLCO_02140__ABC__CDS,-0.001543095284526583,0.001543095284526583
cnv_depth__IBNLCO_01169__IBNLCO_01169__gene__promoter,0.0015416420056776736,0.0015416420056776736
cnv_depth__IBNLCO_03199__Small__CDS__promoter,0.0015413481910702645,0.0015413481910702645
cnv_depth__IBNLCO_00549__IBNLCO_00549__gene__promoter,0.001540006169859484,0.001540006169859484
cnv_depth__IBNLCO_04160__IBNLCO_04160__gene,-0.0015390701456206364,0.0015390701456206364
cnv_depth__IBNLCO_00395__IBNLCO_00395__gene,-0.00153830875928384,0.00153830875928384
cnv_depth__IBNLCO_01843__SdpI__CDS__promoter,-0.0015351450761462247,0.0015351450761462247
cnv_depth__IBNLCO_00414__gnl|Bakta|IBNLCO_00414__CDS,0.0015351246414504556,0.0015351246414504556
cnv_depth__IBNLCO_03704__Putative__CDS__promoter,0.0015323121590887674,0.0015323121590887674
cnv_depth__IBNLCO_03166__ugpA__gene,0.0015319225501687996,0.0015319225501687996
cnv_depth__IBNLCO_03412__IBNLCO_03412__gene,0.001531190126952173,0.001531190126952173
cnv_depth__IBNLCO_00956__IBNLCO_00956__gene,-0.0015307356691681654,0.0015307356691681654
cnv_depth__IBNLCO_03254__IBNLCO_03254__gene,0.0015272058509667372,0.0015272058509667372
cnv_depth__IBNLCO_04613__copG__gene,0.0015270872166870688,0.0015270872166870688
cnv_depth__IBNLCO_04717__IBNLCO_04717__gene,-0.001523664508560319,0.001523664508560319
cnv_depth__IBNLCO_05809__hypothetical__CDS,0.0015201137214364395,0.0015201137214364395
cnv_depth__IBNLCO_00445__IBNLCO_00445__gene,0.0015177244602216345,0.0015177244602216345
cnv_depth__IBNLCO_04845__IBNLCO_04845__gene,-0.0015137126151583632,0.0015137126151583632
cnv_depth__IBNLCO_03951__IBNLCO_03951__gene,-0.001510764082724386,0.001510764082724386
cnv_depth__IBNLCO_05226__gnl|Bakta|IBNLCO_05226__CDS,0.0015040986013725478,0.0015040986013725478
cnv_depth__IBNLCO_03216__Large__CDS__promoter,0.001502884625533771,0.001502884625533771
cnv_depth__IBNLCO_05462__Beta-lactoglobulin__CDS__promoter,-0.0014990905046205413,0.0014990905046205413
cnv_depth__IBNLCO_00118__IBNLCO_00118__gene,-0.0014976402956991936,0.0014976402956991936
cnv_depth__IBNLCO_03261__IBNLCO_03261__gene,-0.0014968580164986909,0.0014968580164986909
cnv_depth__IBNLCO_01409__IBNLCO_01409__gene__promoter,-0.0014956381561215058,0.0014956381561215058
cnv_depth__IBNLCO_05259__(2Fe-2S)-binding__CDS__promoter,0.0014926311013540717,0.0014926311013540717
cnv_depth__IBNLCO_04870__hypothetical__CDS__promoter,-0.001484129367747442,0.001484129367747442
cnv_depth__IBNLCO_03449__IBNLCO_03449__gene__promoter,0.0014816450742479318,0.0014816450742479318
cnv_depth__IBNLCO_03706__luxP__gene__promoter,0.001481475334263535,0.001481475334263535
cnv_depth__IBNLCO_03723__IBNLCO_03723__gene,-0.0014798797203234722,0.0014798797203234722
cnv_depth__IBNLCO_00299__IBNLCO_00299__gene,-0.0014748899399129164,0.0014748899399129164
cnv_depth__IBNLCO_02242__Putative__CDS,-0.0014730047823983032,0.0014730047823983032
cnv_depth__IBNLCO_00216__Stress__CDS,-0.001472503450011876,0.001472503450011876
cnv_depth__IBNLCO_05789__IBNLCO_05789__gene,0.001470801261116368,0.001470801261116368
cnv_depth__IBNLCO_02602__ribD__gene__promoter,-0.0014698650561480856,0.0014698650561480856
cnv_depth__IBNLCO_04065__LysR-family__CDS__promoter,0.0014687353628214236,0.0014687353628214236
cnv_depth__IBNLCO_04082__IBNLCO_04082__gene__promoter,-0.0014609242042801084,0.0014609242042801084
cnv_depth__IBNLCO_03195__Translation__CDS__promoter,-0.001460468409305892,0.001460468409305892
cnv_depth__IBNLCO_03572__IBNLCO_03572__gene__promoter,0.0014574482089740708,0.0014574482089740708
cnv_depth__IBNLCO_03581__IBNLCO_03581__gene,-0.00145408769596792,0.00145408769596792
cnv_depth__IBNLCO_04478__Porin__CDS,-0.0014532992604479893,0.0014532992604479893
cnv_depth__IBNLCO_03956__Transglutaminase-like__CDS__promoter,0.0014506763256745077,0.0014506763256745077
cnv_depth__IBNLCO_00067__IBNLCO_00067__gene__promoter,-0.0014447708099226773,0.0014447708099226773
cnv_depth__IBNLCO_01180__Acyl-CoA__CDS,-0.0014442410426286979,0.0014442410426286979
cnv_depth__IBNLCO_04152__Thioester__CDS,0.0014437510986555868,0.0014437510986555868
cnv_depth__IBNLCO_03376__Cadmium__CDS__promoter,0.0014421200173922975,0.0014421200173922975
cnv_depth__IBNLCO_05040__Carboxypeptidase__CDS,-0.0014381445914410642,0.0014381445914410642
cnv_depth__IBNLCO_03091__IBNLCO_03091__gene__promoter,-0.0014372466971313551,0.0014372466971313551
cnv_depth__IBNLCO_03089__IBNLCO_03089__gene__promoter,0.0014341040290531354,0.0014341040290531354
cnv_depth__IBNLCO_03290__Aspartyl-tRNA(Asn)__CDS,-0.0014334269627203058,0.0014334269627203058
cnv_depth__IBNLCO_01846__Chloride__CDS,0.0014328688817562324,0.0014328688817562324
cnv_depth__IBNLCO_00757__IBNLCO_00757__gene,0.0014306104636646073,0.0014306104636646073
cnv_depth__IBNLCO_01911__rlmD__gene,0.0014227756561190708,0.0014227756561190708
cnv_depth__IBNLCO_05458__IBNLCO_05458__gene__promoter,0.0014218670615220844,0.0014218670615220844
cnv_depth__IBNLCO_05805__IBNLCO_05805__gene__promoter,0.0014214922342476169,0.0014214922342476169
cnv_depth__IBNLCO_00071__RNA__CDS__promoter,-0.0014206755330799365,0.0014206755330799365
cnv_depth__IBNLCO_01483__IBNLCO_01483__gene,-0.001417324459924755,0.001417324459924755
cnv_depth__IBNLCO_05248__trnI__gene__promoter,0.0014140296527697354,0.0014140296527697354
cnv_depth__IBNLCO_00388__DUF3567__CDS__promoter,-0.0014105856702613807,0.0014105856702613807
cnv_depth__IBNLCO_03013__Cell__CDS__promoter,-0.0014098361675277157,0.0014098361675277157
cnv_depth__IBNLCO_05669__IBNLCO_05669__gene__promoter,-0.0014093338050485686,0.0014093338050485686
cnv_depth__IBNLCO_05009__IpaC/SipC__CDS,0.0014088980963204319,0.0014088980963204319
cnv_depth__IBNLCO_03739__Outer__CDS__promoter,0.0014083103327752278,0.0014083103327752278
cnv_depth__IBNLCO_04762__IBNLCO_04762__gene__promoter,0.0014075301779944765,0.0014075301779944765
cnv_depth__IBNLCO_04978__sensor__CDS,-0.0014049831083049384,0.0014049831083049384
cnv_depth__IBNLCO_04256__Monosaccharide__CDS__promoter,-0.0014032197003713551,0.0014032197003713551
cnv_depth__IBNLCO_04935__IBNLCO_04935__gene,0.0014019882133685974,0.0014019882133685974
cnv_depth__IBNLCO_05190__IBNLCO_05190__gene,0.001400105099170262,0.001400105099170262
cnv_depth__IBNLCO_00007__pilQ__gene__promoter,0.001399464639345612,0.001399464639345612
cnv_depth__IBNLCO_00748__Succinate--CoA__CDS__promoter,-0.0013981092489307957,0.0013981092489307957
cnv_depth__IBNLCO_04081__3-hydroxyisobutyryl-CoA__CDS,0.0013967330960037933,0.0013967330960037933
cnv_depth__IBNLCO_02795__IBNLCO_02795__gene__promoter,-0.001396278357957224,0.001396278357957224
cnv_depth__IBNLCO_05533__IBNLCO_05533__gene,-0.0013959371350964625,0.0013959371350964625
cnv_depth__IBNLCO_04681__SDR__CDS__promoter,-0.0013956786274560028,0.0013956786274560028
cnv_depth__IBNLCO_05779__hypothetical__CDS,-0.00139075336611687,0.00139075336611687
cnv_depth__IBNLCO_00422__IBNLCO_00422__gene,0.0013895318688409435,0.0013895318688409435
cnv_depth__IBNLCO_03846__Uncharacterized__CDS,-0.0013865535331036513,0.0013865535331036513
cnv_depth__IBNLCO_00437__IBNLCO_00437__gene__promoter,0.0013848225109064167,0.0013848225109064167
cnv_depth__IBNLCO_00583__IBNLCO_00583__gene__promoter,-0.0013811911219789668,0.0013811911219789668
cnv_depth__IBNLCO_01858__putative__CDS,-0.0013799882307051008,0.0013799882307051008
cnv_depth__IBNLCO_05696__Amino__CDS__promoter,-0.0013755365453376872,0.0013755365453376872
cnv_depth__IBNLCO_03469__IBNLCO_03469__gene__promoter,0.0013744831126582101,0.0013744831126582101
cnv_depth__IBNLCO_01882__IBNLCO_01882__gene,-0.001371005806969428,0.001371005806969428
cnv_depth__IBNLCO_02222__Transmembrane__CDS,-0.0013699320668467318,0.0013699320668467318
cnv_depth__IBNLCO_04990__type__CDS__promoter,-0.001366554376087115,0.001366554376087115
cnv_depth__IBNLCO_02941__IBNLCO_02941__gene,-0.0013661130188713892,0.0013661130188713892
cnv_depth__IBNLCO_04191__Transcriptional__CDS__promoter,0.0013648439467480245,0.0013648439467480245
cnv_depth__IBNLCO_05622__IBNLCO_05622__gene,-0.001363717655283423,0.001363717655283423
cnv_depth__IBNLCO_03133__hisF__gene,-0.001363702403296158,0.001363702403296158
cnv_depth__IBNLCO_02704__IBNLCO_02704__gene,0.001363319776356853,0.001363319776356853
cnv_depth__IBNLCO_04816__IBNLCO_04816__gene,-0.0013613377498756527,0.0013613377498756527
cnv_depth__IBNLCO_05227__Inner__CDS__promoter,0.0013601354785861587,0.0013601354785861587
cnv_depth__IBNLCO_03224__DNA-directed__CDS,0.0013543858741228846,0.0013543858741228846
cnv_depth__IBNLCO_00500__IBNLCO_00500__gene__promoter,-0.00135420759072124,0.00135420759072124
cnv_depth__IBNLCO_02153__uspA__gene,-0.0013538167979468179,0.0013538167979468179
cnv_depth__IBNLCO_00582__IBNLCO_00582__gene__promoter,0.0013525522828174064,0.0013525522828174064
cnv_depth__IBNLCO_02169__ABC-type__CDS__promoter,0.0013521841015616417,0.0013521841015616417
cnv_depth__IBNLCO_02626__Coproporphyrinogen-III__CDS,-0.0013507795726024863,0.0013507795726024863
cnv_depth__IBNLCO_00578__IBNLCO_00578__gene__promoter,0.0013494503074002497,0.0013494503074002497
cnv_depth__IBNLCO_04656__TauD/TfdA-like__CDS,-0.0013463970615558458,0.0013463970615558458
cnv_depth__IBNLCO_03445__HTH-type__CDS,-0.0013439756398209832,0.0013439756398209832
cnv_depth__IBNLCO_01222__IBNLCO_01222__gene__promoter,-0.0013436384870806858,0.0013436384870806858
cnv_depth__IBNLCO_05333__DUF3501__CDS,0.0013420790868517965,0.0013420790868517965
cnv_depth__IBNLCO_05017__BsaU__CDS__promoter,0.0013410418633672274,0.0013410418633672274
cnv_depth__IBNLCO_04492__IBNLCO_04492__gene,0.0013407050107469975,0.0013407050107469975
cnv_depth__IBNLCO_04699__Family__CDS__promoter,-0.0013401036308454818,0.0013401036308454818
cnv_depth__IBNLCO_00835__Quercetin__CDS,-0.0013387535513114557,0.0013387535513114557
cnv_depth__IBNLCO_01327__Membrane__CDS,-0.0013364671771639068,0.0013364671771639068
cnv_depth__IBNLCO_05747__IBNLCO_05747__gene,0.0013323939319096173,0.0013323939319096173
cnv_depth__IBNLCO_02788__wzm__gene__promoter,0.001331785822681342,0.001331785822681342
cnv_depth__IBNLCO_03375__IBNLCO_03375__gene,0.0013310724367919643,0.0013310724367919643
cnv_depth__IBNLCO_00366__IBNLCO_00366__gene,0.001328810527858001,0.001328810527858001
cnv_depth__IBNLCO_01302__Hydroxyacylglutathione__CDS,0.0013282280676094717,0.0013282280676094717
cnv_depth__IBNLCO_01375__hypothetical__CDS__promoter,0.001327403463294098,0.001327403463294098
cnv_depth__IBNLCO_04505__SDR__CDS,0.0013245193459519794,0.0013245193459519794
cnv_depth__IBNLCO_04851__IBNLCO_04851__gene,0.0013240079631979536,0.0013240079631979536
cnv_depth__IBNLCO_00927__Sulfate__CDS__promoter,-0.0013231356252179334,0.0013231356252179334
cnv_depth__IBNLCO_01426__Alanine--tRNA__CDS,0.0013214938701351768,0.0013214938701351768
cnv_depth__IBNLCO_01160__NADH-quinone__CDS,-0.0013213938571228123,0.0013213938571228123
cnv_depth__IBNLCO_03130__Transmembrane__CDS__promoter,-0.0013194855888836567,0.0013194855888836567
cnv_depth__IBNLCO_00529__Formamidopyrimidine-DNA__CDS,0.0013191749373769432,0.0013191749373769432
cnv_depth__IBNLCO_04732__IBNLCO_04732__gene,0.001316292856678767,0.001316292856678767
cnv_depth__IBNLCO_02641__hypothetical__CDS,0.0013138957442486502,0.0013138957442486502
cnv_depth__IBNLCO_00101__IBNLCO_00101__gene,-0.0013073184136666645,0.0013073184136666645
cnv_depth__IBNLCO_04776__gsiD__gene,0.0013040313593013924,0.0013040313593013924
cnv_depth__IBNLCO_00834__IBNLCO_00834__gene__promoter,-0.0013034458605993646,0.0013034458605993646
cnv_depth__IBNLCO_05660__Radical__CDS,-0.001303290714407123,0.001303290714407123
cnv_depth__IBNLCO_03526__IBNLCO_03526__gene__promoter,-0.0012999944977223666,0.0012999944977223666
cnv_depth__IBNLCO_04856__IBNLCO_04856__gene,0.0012998484668364232,0.0012998484668364232
cnv_depth__IBNLCO_03218__Elongation__CDS,0.001299184553762733,0.001299184553762733
cnv_depth__IBNLCO_00985__Bifunctional__CDS__promoter,-0.0012988530640209754,0.0012988530640209754
cnv_depth__IBNLCO_01345__tRNA-Arg(tct)__tRNA,-0.001296126326803156,0.001296126326803156
cnv_depth__IBNLCO_03165__sn-glycerol-3-phosphate__CDS__promoter,0.0012946031502751886,0.0012946031502751886
cnv_depth__IBNLCO_01315__IBNLCO_01315__gene__promoter,-0.0012929012845631638,0.0012929012845631638
cnv_depth__IBNLCO_04703__IBNLCO_04703__gene,-0.001292659088576295,0.001292659088576295
cnv_depth__IBNLCO_02873__Phosphatase__CDS,0.0012906309500237889,0.0012906309500237889
cnv_depth__IBNLCO_03395__IBNLCO_03395__gene,-0.0012885510166787564,0.0012885510166787564
cnv_depth__IBNLCO_03258__IBNLCO_03258__gene,0.001287780588288497,0.001287780588288497
cnv_depth__IBNLCO_04466__IBNLCO_04466__gene__promoter,-0.001285001717817071,0.001285001717817071
cnv_depth__IBNLCO_03643__HTH__CDS,0.001284893126776891,0.001284893126776891
cnv_depth__IBNLCO_03427__IBNLCO_03427__gene,0.0012821748563930954,0.0012821748563930954
cnv_depth__IBNLCO_01984__IBNLCO_01984__gene__promoter,0.001279652643611889,0.001279652643611889
cnv_depth__IBNLCO_01728__IBNLCO_01728__gene,-0.0012789083609492853,0.0012789083609492853
cnv_depth__IBNLCO_05035__Winged__CDS__promoter,0.0012782646032964769,0.0012782646032964769
cnv_depth__IBNLCO_05819__IBNLCO_05819__gene,-0.0012753314516118295,0.0012753314516118295
cnv_depth__IBNLCO_00655__IBNLCO_00655__gene__promoter,0.001271328718164636,0.001271328718164636
cnv_depth__IBNLCO_03092__hlyD__gene,0.001271099070906075,0.001271099070906075
cnv_depth__IBNLCO_01096__hypothetical__CDS__promoter,-0.00126747409388809,0.00126747409388809
cnv_depth__IBNLCO_03605__pvcC__gene,-0.0012604661924421566,0.0012604661924421566
cnv_depth__IBNLCO_00515__IBNLCO_00515__gene,-0.0012591366683266372,0.0012591366683266372
cnv_depth__IBNLCO_03225__Large__CDS__promoter,0.0012568505343653748,0.0012568505343653748
cnv_depth__IBNLCO_05516__Outer__CDS,0.0012563937283887724,0.0012563937283887724
cnv_depth__IBNLCO_04174__Enoyl-CoA__CDS__promoter,0.0012563705413668083,0.0012563705413668083
cnv_depth__IBNLCO_00022__IBNLCO_00022__gene,-0.0012552318013177033,0.0012552318013177033
cnv_depth__IBNLCO_04289__CheC-like__CDS__promoter,0.0012517252409203839,0.0012517252409203839
cnv_depth__IBNLCO_05661__IBNLCO_05661__gene__promoter,0.0012506963558359663,0.0012506963558359663
cnv_depth__IBNLCO_03264__IBNLCO_03264__gene,0.0012504136030450934,0.0012504136030450934
cnv_depth__IBNLCO_04863__peptidylprolyl__CDS,0.0012497183305927142,0.0012497183305927142
cnv_depth__IBNLCO_02325__IBNLCO_02325__gene,-0.0012474274980976063,0.0012474274980976063
cnv_depth__IBNLCO_00391__IBNLCO_00391__gene,-0.0012468881959604914,0.0012468881959604914
cnv_depth__IBNLCO_05771__2-oxoisovalerate__CDS,0.0012430085585127544,0.0012430085585127544
cnv_depth__IBNLCO_05724__hypothetical__CDS,0.001239514876183432,0.001239514876183432
cnv_depth__IBNLCO_00730__DUF1611__CDS,0.0012384788460511936,0.0012384788460511936
cnv_depth__IBNLCO_00954__Cobalamin__CDS__promoter,-0.0012383242268354888,0.0012383242268354888
cnv_depth__IBNLCO_04199__Cellulose__CDS,0.0012368364327744583,0.0012368364327744583
cnv_depth__IBNLCO_00004__Nucleoid__CDS__promoter,-0.0012353355104797038,0.0012353355104797038
cnv_depth__IBNLCO_00499__IBNLCO_00499__gene__promoter,0.001233476788753213,0.001233476788753213
cnv_depth__IBNLCO_05700__IBNLCO_05700__gene,0.0012311307991429603,0.0012311307991429603
cnv_depth__IBNLCO_02162__trnE__gene__promoter,-0.0012311166834074105,0.0012311166834074105
cnv_depth__IBNLCO_05401__IBNLCO_05401__gene,-0.0012270407595450018,0.0012270407595450018
cnv_depth__IBNLCO_01897__IBNLCO_01897__gene__promoter,-0.0012258636403100218,0.0012258636403100218
cnv_depth__IBNLCO_03947__hypothetical__CDS,0.0012217617911928456,0.0012217617911928456
cnv_depth__IBNLCO_01265__gntR__gene__promoter,-0.0012195747879314928,0.0012195747879314928
cnv_depth__IBNLCO_05208__Succinate__CDS,0.0012167945607612558,0.0012167945607612558
cnv_depth__IBNLCO_00245__IBNLCO_00245__gene__promoter,0.001215495943199784,0.001215495943199784
cnv_depth__IBNLCO_05613__IBNLCO_05613__gene,-0.0012142722347692372,0.0012142722347692372
cnv_depth__IBNLCO_05783__IBNLCO_05783__gene__promoter,-0.0012140141624772552,0.0012140141624772552
cnv_depth__IBNLCO_03599__IBNLCO_03599__gene__promoter,0.00121269174829493,0.00121269174829493
cnv_depth__IBNLCO_03401__ATP__CDS__promoter,0.0012111221807663349,0.0012111221807663349
cnv_depth__IBNLCO_04090__histidine__CDS,0.00120633111846867,0.00120633111846867
cnv_depth__IBNLCO_04619__Nitrate__CDS,-0.0012041368009047602,0.0012041368009047602
cnv_depth__IBNLCO_02868__IBNLCO_02868__gene__promoter,0.0012025125793192774,0.0012025125793192774
cnv_depth__IBNLCO_03949__Alkyl__CDS,-0.0012024145679965926,0.0012024145679965926
cnv_depth__IBNLCO_04773__Protocatechuate__CDS,-0.0012013584451763344,0.0012013584451763344
cnv_depth__IBNLCO_03833__lysR__gene,0.0012011376393259684,0.0012011376393259684
cnv_depth__IBNLCO_05055__IBNLCO_05055__gene,0.0011965992128634656,0.0011965992128634656
cnv_depth__IBNLCO_01876__IBNLCO_01876__gene,-0.0011950410955976233,0.0011950410955976233
cnv_depth__IBNLCO_05633__Solute-binding__CDS,-0.0011925018462765173,0.0011925018462765173
cnv_depth__IBNLCO_03407__IBNLCO_03407__gene__promoter,-0.0011896561849692945,0.0011896561849692945
cnv_depth__IBNLCO_05018__bsaT__gene__promoter,-0.0011893331025018472,0.0011893331025018472
cnv_depth__IBNLCO_00584__IBNLCO_00584__gene,0.0011886855334820232,0.0011886855334820232
cnv_depth__IBNLCO_00896__IBNLCO_00896__gene,-0.0011876845244271912,0.0011876845244271912
cnv_depth__IBNLCO_05294__IBNLCO_05294__gene,-0.001185493962904163,0.001185493962904163
cnv_depth__IBNLCO_04605__IBNLCO_04605__gene__promoter,-0.0011833390128204715,0.0011833390128204715
cnv_depth__IBNLCO_05803__IBNLCO_05803__gene,0.0011833089400291384,0.0011833089400291384
cnv_depth__IBNLCO_04128__DUF1653__CDS,0.001180828201177187,0.001180828201177187
cnv_depth__IBNLCO_01709__Putative__CDS__promoter,0.0011766040101573016,0.0011766040101573016
cnv_depth__IBNLCO_02106__hypothetical__CDS__promoter,0.0011763137980768624,0.0011763137980768624
cnv_depth__IBNLCO_01447__IBNLCO_01447__gene,0.001172602129706761,0.001172602129706761
cnv_depth__IBNLCO_03198__IBNLCO_03198__gene,-0.0011711206377794951,0.0011711206377794951
cnv_depth__IBNLCO_01187__IBNLCO_01187__gene__promoter,0.0011675060263830182,0.0011675060263830182
cnv_depth__IBNLCO_01361__gnl|Bakta|IBNLCO_01361__CDS,-0.0011652018505075882,0.0011652018505075882
cnv_depth__IBNLCO_00087__IBNLCO_00087__gene__promoter,-0.001162719905558698,0.001162719905558698
cnv_depth__IBNLCO_00028__fliN__gene,0.0011626949918875074,0.0011626949918875074
cnv_depth__IBNLCO_05209__Succinate__CDS,-0.0011602884548340946,0.0011602884548340946
cnv_depth__IBNLCO_03948__hypothetical__CDS__promoter,-0.0011577814806886487,0.0011577814806886487
cnv_depth__IBNLCO_04556__DnaK-related__CDS,0.001156238251093521,0.001156238251093521
cnv_depth__IBNLCO_03231__trnW__gene__promoter,0.0011527848492861518,0.0011527848492861518
cnv_depth__IBNLCO_01437__Branched__CDS__promoter,0.0011526209821496691,0.0011526209821496691
cnv_depth__IBNLCO_01564__IBNLCO_01564__gene__promoter,0.0011502528081105568,0.0011502528081105568
cnv_depth__IBNLCO_04924__Biotin__CDS,-0.001148643270692699,0.001148643270692699
cnv_depth__IBNLCO_02195__islM__gene__promoter,0.0011436845751395823,0.0011436845751395823
cnv_depth__IBNLCO_01443__xylH__gene,0.001143512575788438,0.001143512575788438
cnv_depth__IBNLCO_04511__Voltage-gated__CDS,-0.0011430009968126755,0.0011430009968126755
cnv_depth__IBNLCO_03411__IBNLCO_03411__gene,-0.001142496533569221,0.001142496533569221
cnv_depth__IBNLCO_00207__IBNLCO_00207__gene,-0.0011403360857432166,0.0011403360857432166
cnv_depth__IBNLCO_02949__IBNLCO_02949__gene,0.001140294625951835,0.001140294625951835
cnv_depth__IBNLCO_01888__DNA__CDS,0.001135441108425607,0.001135441108425607
cnv_depth__IBNLCO_02918__Gluconate__CDS,-0.0011346230380602819,0.0011346230380602819
cnv_depth__IBNLCO_05631__IBNLCO_05631__gene__promoter,0.0011344467474130673,0.0011344467474130673
cnv_depth__IBNLCO_00704__IBNLCO_00704__gene__promoter,-0.0011335638005508495,0.0011335638005508495
cnv_depth__IBNLCO_05815__Oxygen__CDS__promoter,0.001133432477304117,0.001133432477304117
cnv_depth__IBNLCO_03048__Anthranilate__CDS__promoter,-0.001119783753918247,0.001119783753918247
cnv_depth__IBNLCO_01954__IBNLCO_01954__gene__promoter,-0.001117662758220683,0.001117662758220683
cnv_depth__unknown__unknown__regulatory.7,0.0011115975877677665,0.0011115975877677665
cnv_depth__IBNLCO_04702__IBNLCO_04702__gene__promoter,0.0011055093830243884,0.0011055093830243884
cnv_depth__IBNLCO_00440__Phosphoenolpyruvate-protein__CDS,-0.001105073408905749,0.001105073408905749
cnv_depth__IBNLCO_01653__IBNLCO_01653__gene,-0.001103901303477053,0.001103901303477053
cnv_depth__IBNLCO_00497__N-acetylglucosamine-6-phosphate__CDS,-0.001103246079133095,0.001103246079133095
cnv_depth__IBNLCO_03459__DUF692__CDS,-0.0011013929277553882,0.0011013929277553882
cnv_depth__IBNLCO_01502__IBNLCO_01502__gene,-0.0011012176249142014,0.0011012176249142014
cnv_depth__IBNLCO_01097__Chemotaxis__CDS__promoter,-0.0010993011751961376,0.0010993011751961376
cnv_depth__IBNLCO_00737__hypothetical__CDS,-0.0010981761553374636,0.0010981761553374636
cnv_depth__IBNLCO_00055__Glucose-methanol-choline__CDS,0.001097556165049496,0.001097556165049496
cnv_depth__IBNLCO_03311__motB__gene__promoter,0.0010915768873536837,0.0010915768873536837
cnv_depth__IBNLCO_01492__IBNLCO_01492__gene,-0.0010887321472699823,0.0010887321472699823
cnv_depth__IBNLCO_04116__hypothetical__CDS,-0.0010880809620665258,0.0010880809620665258
cnv_depth__IBNLCO_00183__IBNLCO_00183__gene__promoter,-0.0010877501439576836,0.0010877501439576836
cnv_depth__IBNLCO_04814__hypothetical__CDS__promoter,0.001085079057777729,0.001085079057777729
cnv_depth__IBNLCO_05382__Cardiolipin__CDS__promoter,-0.001083472277639265,0.001083472277639265
cnv_depth__IBNLCO_01476__IBNLCO_01476__gene,-0.0010816976727855978,0.0010816976727855978
cnv_depth__IBNLCO_05113__IBNLCO_05113__gene__promoter,-0.0010814010737835277,0.0010814010737835277
cnv_depth__IBNLCO_04866__IS5__CDS__promoter,-0.0010801342179475096,0.0010801342179475096
cnv_depth__IBNLCO_02051__IBNLCO_02051__gene,-0.0010769301619467,0.0010769301619467
cnv_depth__IBNLCO_00674__IBNLCO_00674__gene__promoter,0.0010761566780993364,0.0010761566780993364
cnv_depth__IBNLCO_00457__IBNLCO_00457__gene,0.0010758438037028078,0.0010758438037028078
cnv_depth__IBNLCO_03467__IBNLCO_03467__gene__promoter,0.0010728709504445263,0.0010728709504445263
cnv_depth__IBNLCO_03394__IBNLCO_03394__gene,0.0010725463737825225,0.0010725463737825225
cnv_depth__IBNLCO_02871__proton-translocating__CDS__promoter,-0.0010723924266096896,0.0010723924266096896
cnv_depth__IBNLCO_05087__IBNLCO_05087__gene__promoter,0.0010715805204827076,0.0010715805204827076
cnv_depth__IBNLCO_02057__PspA/IM30__CDS,-0.0010699092294250271,0.0010699092294250271
cnv_depth__IBNLCO_05593__tagF__gene__promoter,-0.0010679920942291833,0.0010679920942291833
cnv_depth__IBNLCO_04400__IBNLCO_04400__gene,0.0010676338246701884,0.0010676338246701884
cnv_depth__IBNLCO_05023__bsaO__gene,0.0010649734324070566,0.0010649734324070566
cnv_depth__IBNLCO_01967__dmlR__gene,0.0010638660581162311,0.0010638660581162311
cnv_depth__IBNLCO_00509__IBNLCO_00509__gene,-0.0010588821196097673,0.0010588821196097673
cnv_depth__IBNLCO_02883__ruvA__gene,-0.0010584310877814606,0.0010584310877814606
cnv_depth__IBNLCO_03866__LysM__CDS,-0.0010583245002126656,0.0010583245002126656
cnv_depth__IBNLCO_04199__Cellulose__CDS__promoter,-0.001057604140695921,0.001057604140695921
cnv_depth__IBNLCO_01004__histidine__CDS,-0.001056801392045757,0.001056801392045757
cnv_depth__IBNLCO_00425__IBNLCO_00425__gene,-0.0010538269539489896,0.0010538269539489896
cnv_depth__IBNLCO_03286__IBNLCO_03286__gene,0.0010534140189205198,0.0010534140189205198
cnv_depth__IBNLCO_04973__Autotransporter__CDS__promoter,0.0010530741143033508,0.0010530741143033508
cnv_depth__IBNLCO_03428__tctD__gene,0.0010487946124616728,0.0010487946124616728
cnv_depth__IBNLCO_03380__FAD__CDS,0.0010472350740689917,0.0010472350740689917
cnv_depth__IBNLCO_04018__gcvA__gene,-0.0010444021183219985,0.0010444021183219985
cnv_depth__IBNLCO_04427__Methyl-accepting__CDS,-0.0010432759518574973,0.0010432759518574973
cnv_depth__IBNLCO_05847__2-hydroxy-1%2C4-benzoquinone__CDS__promoter,-0.0010425788633220338,0.0010425788633220338
cnv_depth__IBNLCO_00505__IBNLCO_00505__gene,-0.0010419442615655975,0.0010419442615655975
cnv_depth__IBNLCO_05460__IBNLCO_05460__gene,0.0010417043597148172,0.0010417043597148172
cnv_depth__IBNLCO_00535__Ribosome__CDS,0.0010408192764152636,0.0010408192764152636
cnv_depth__IBNLCO_00328__IBNLCO_00328__gene__promoter,-0.001040633139873278,0.001040633139873278
cnv_depth__IBNLCO_03484__IBNLCO_03484__gene__promoter,-0.001039203787582676,0.001039203787582676
cnv_depth__IBNLCO_00522__IBNLCO_00522__gene,0.0010387165963908693,0.0010387165963908693
cnv_depth__IBNLCO_03991__IBNLCO_03991__gene,0.001038395432641851,0.001038395432641851
cnv_depth__IBNLCO_04650__IBNLCO_04650__gene,-0.0010365955599889141,0.0010365955599889141
cnv_depth__IBNLCO_03126__Sec-independent__CDS__promoter,0.0010364826833588914,0.0010364826833588914
cnv_depth__IBNLCO_00902__livH__gene,0.0010360328873673,0.0010360328873673
cnv_depth__IBNLCO_05600__IBNLCO_05600__gene__promoter,0.0010356747927302624,0.0010356747927302624
cnv_depth__IBNLCO_04840__DUF3761__CDS__promoter,-0.001034290318159592,0.001034290318159592
cnv_depth__IBNLCO_00241__Lon__CDS__promoter,0.0010311899549938018,0.0010311899549938018
cnv_depth__IBNLCO_01435__IBNLCO_01435__gene,-0.0010302115734947916,0.0010302115734947916
cnv_depth__IBNLCO_01672__Ferrichrome-iron__CDS,0.0010298440786923216,0.0010298440786923216
cnv_depth__IBNLCO_02055__gnl|Bakta|IBNLCO_02055__CDS,0.0010284905518538427,0.0010284905518538427
cnv_depth__IBNLCO_01218__mdtA__gene,0.0010277378100540387,0.0010277378100540387
cnv_depth__IBNLCO_02777__wcbM__gene__promoter,0.0010194271088442067,0.0010194271088442067
cnv_depth__IBNLCO_01665__IBNLCO_01665__gene,-0.0010190864426562988,0.0010190864426562988
cnv_depth__IBNLCO_02063__Transcriptional__CDS,-0.0010189544356888187,0.0010189544356888187
cnv_depth__IBNLCO_04946__Aminotransferase__CDS__promoter,-0.001018702862533878,0.001018702862533878
cnv_depth__IBNLCO_01581__IBNLCO_01581__gene__promoter,0.0010137307978524668,0.0010137307978524668
cnv_depth__IBNLCO_01649__IBNLCO_01649__gene,-0.0010123316450233242,0.0010123316450233242
cnv_depth__IBNLCO_03324__Flagellar__CDS,0.0010117018036680297,0.0010117018036680297
cnv_depth__IBNLCO_05230__Spermidine/putrescine__CDS__promoter,0.0010100583274833773,0.0010100583274833773
cnv_depth__IBNLCO_01379__Cytochrome__CDS__promoter,-0.0010096242468749393,0.0010096242468749393
cnv_depth__IBNLCO_00475__IBNLCO_00475__gene__promoter,-0.0010095102156964157,0.0010095102156964157
cnv_depth__IBNLCO_05830__IBNLCO_05830__gene__promoter,0.0010082744379492114,0.0010082744379492114
cnv_depth__IBNLCO_04608__Formate__CDS__promoter,-0.0010069316109300186,0.0010069316109300186
cnv_depth__IBNLCO_00500__IBNLCO_00500__gene,-0.0010050256887491895,0.0010050256887491895
cnv_depth__IBNLCO_04631__IBNLCO_04631__gene__promoter,0.0010039021997283175,0.0010039021997283175
cnv_depth__IBNLCO_01846__Chloride__CDS__promoter,0.0010027421264957178,0.0010027421264957178
cnv_depth__IBNLCO_00094__IBNLCO_00094__gene,-0.0010022881828485233,0.0010022881828485233
cnv_depth__IBNLCO_01883__Acetyl-CoA__CDS,0.0010004887079933672,0.0010004887079933672
cnv_depth__IBNLCO_01739__IBNLCO_01739__gene__promoter,0.001000225179508973,0.001000225179508973
cnv_depth__IBNLCO_00318__IBNLCO_00318__gene__promoter,0.0009999234592404788,0.0009999234592404788
cnv_depth__IBNLCO_04977__response__CDS,-0.0009996813586261124,0.0009996813586261124
cnv_depth__IBNLCO_01956__putative__CDS__promoter,-0.0009969798200222858,0.0009969798200222858
cnv_depth__IBNLCO_04864__Type__CDS__promoter,-0.0009967135100135034,0.0009967135100135034
cnv_depth__IBNLCO_01694__MFS__CDS__promoter,-0.0009945344152142242,0.0009945344152142242
cnv_depth__IBNLCO_01440__IBNLCO_01440__gene,-0.0009914016682353232,0.0009914016682353232
cnv_depth__IBNLCO_04705__Nitrate/nitrite__CDS,0.0009894862727429816,0.0009894862727429816
cnv_depth__IBNLCO_00377__ABC__CDS__promoter,0.000986746568740916,0.000986746568740916
cnv_depth__IBNLCO_04595__padR__gene,0.000985088455379759,0.000985088455379759
cnv_depth__IBNLCO_01970__2-hydoxy-3-oxopropionate__CDS,0.000982850162707139,0.000982850162707139
cnv_depth__IBNLCO_05258__Exodeoxyribonuclease__CDS,0.000976595964315835,0.000976595964315835
cnv_depth__IBNLCO_05454__IBNLCO_05454__gene,0.0009750179655297888,0.0009750179655297888
cnv_depth__IBNLCO_00075__IBNLCO_00075__gene,-0.0009731066940764484,0.0009731066940764484
cnv_depth__IBNLCO_04911__gnl|Bakta|IBNLCO_04911__CDS,-0.0009730007604575369,0.0009730007604575369
cnv_depth__IBNLCO_00396__IBNLCO_00396__gene,0.0009726788744937469,0.0009726788744937469
cnv_depth__IBNLCO_02207__tRNA(Ile)-lysidine__CDS,-0.0009700417849848449,0.0009700417849848449
cnv_depth__IBNLCO_04466__IBNLCO_04466__gene,-0.0009695248261057045,0.0009695248261057045
cnv_depth__IBNLCO_04137__HTH__CDS,-0.0009631613432595043,0.0009631613432595043
cnv_depth__IBNLCO_04924__Biotin__CDS__promoter,-0.0009630470093461275,0.0009630470093461275
cnv_depth__IBNLCO_02527__IBNLCO_02527__gene__promoter,-0.0009627306369638022,0.0009627306369638022
cnv_depth__IBNLCO_02365__Succinylglutamate__CDS,0.0009614431524764098,0.0009614431524764098
cnv_depth__IBNLCO_02768__IBNLCO_02768__gene,0.0009596457826455389,0.0009596457826455389
cnv_depth__IBNLCO_03248__IBNLCO_03248__gene,0.0009558958279121181,0.0009558958279121181
cnv_depth__IBNLCO_01944__IBNLCO_01944__gene,0.0009545110077675196,0.0009545110077675196
cnv_depth__IBNLCO_04291__gnl|Bakta|IBNLCO_04291__CDS,0.0009514233967769997,0.0009514233967769997
cnv_depth__IBNLCO_03280__IBNLCO_03280__gene__promoter,-0.0009512032317521427,0.0009512032317521427
cnv_depth__IBNLCO_05485__IBNLCO_05485__gene,-0.0009475120168477078,0.0009475120168477078
cnv_depth__IBNLCO_01422__Nudix__CDS__promoter,-0.0009463732182732781,0.0009463732182732781
cnv_depth__IBNLCO_05504__Glutamate/aspartate__CDS,0.0009451633872600501,0.0009451633872600501
cnv_depth__IBNLCO_04521__IBNLCO_04521__gene,0.000944706539016856,0.000944706539016856
cnv_depth__IBNLCO_01576__IBNLCO_01576__gene__promoter,0.0009367006676786885,0.0009367006676786885
cnv_depth__IBNLCO_02074__GntR__CDS,-0.0009355094197895671,0.0009355094197895671
cnv_depth__IBNLCO_04682__IBNLCO_04682__gene,-0.0009350211316024408,0.0009350211316024408
cnv_depth__IBNLCO_02000__msrB__gene__promoter,0.0009336203750010232,0.0009336203750010232
cnv_depth__IBNLCO_04318__Theronine__CDS,-0.0009287956010752121,0.0009287956010752121
cnv_depth__IBNLCO_03177__IBNLCO_03177__gene__promoter,0.0009254324736824493,0.0009254324736824493
cnv_depth__IBNLCO_02939__IBNLCO_02939__gene__promoter,-0.0009253941567213058,0.0009253941567213058
cnv_depth__IBNLCO_04338__IBNLCO_04338__gene,0.0009183754210069254,0.0009183754210069254
cnv_depth__IBNLCO_03048__IBNLCO_03048__gene,-0.0009143377060326546,0.0009143377060326546
cnv_depth__IBNLCO_03469__gnl|Bakta|IBNLCO_03469__CDS,-0.0009135694444169621,0.0009135694444169621
cnv_depth__IBNLCO_01434__Acyl-CoA__CDS__promoter,-0.0009082112957753253,0.0009082112957753253
cnv_depth__IBNLCO_03029__IBNLCO_03029__gene,0.0009067498062853054,0.0009067498062853054
cnv_depth__IBNLCO_00180__Cell__CDS__promoter,0.0009057157015555278,0.0009057157015555278
cnv_depth__IBNLCO_01870__putative__CDS,0.0009039721200661338,0.0009039721200661338
cnv_depth__IBNLCO_03302__chemotaxis__CDS,-0.0009007669967000035,0.0009007669967000035
cnv_depth__IBNLCO_03398__ATP__CDS,-0.0009003790129486063,0.0009003790129486063
cnv_depth__IBNLCO_02871__IBNLCO_02871__gene,0.0008996967029310509,0.0008996967029310509
cnv_depth__IBNLCO_00108__PNPLA__CDS__promoter,-0.0008982721831357661,0.0008982721831357661
cnv_depth__IBNLCO_04914__Arsenate__CDS,-0.0008979717474720456,0.0008979717474720456
cnv_depth__IBNLCO_00652__eamA__gene__promoter,0.0008971057607420218,0.0008971057607420218
cnv_depth__IBNLCO_01987__Glycine__CDS,-0.0008967024458904944,0.0008967024458904944
cnv_depth__IBNLCO_03410__ABC__CDS,0.0008959076982061154,0.0008959076982061154
cnv_depth__IBNLCO_01367__HTH-type__CDS__promoter,0.0008950138977182196,0.0008950138977182196
cnv_depth__IBNLCO_01928__50S__CDS,-0.0008928599461351411,0.0008928599461351411
cnv_depth__IBNLCO_02322__IBNLCO_02322__gene,0.0008905376352499338,0.0008905376352499338
cnv_depth__IBNLCO_03151__Thiamine-phosphate__CDS,0.0008905012769017107,0.0008905012769017107
cnv_depth__IBNLCO_05315__IBNLCO_05315__gene,0.0008858037309143695,0.0008858037309143695
cnv_depth__IBNLCO_03171__Type__CDS,0.000885774580888972,0.000885774580888972
cnv_depth__IBNLCO_05273__IBNLCO_05273__gene,-0.0008828587467734902,0.0008828587467734902
cnv_depth__IBNLCO_04743__hypothetical__CDS,-0.0008822895670312997,0.0008822895670312997
cnv_depth__IBNLCO_05309__Carrier__CDS__promoter,0.000881590207110045,0.000881590207110045
cnv_depth__IBNLCO_05463__Deoxyribose-phosphate__CDS,-0.0008792407426618448,0.0008792407426618448
cnv_depth__IBNLCO_04658__Exported__CDS,0.0008750883827500398,0.0008750883827500398
cnv_depth__IBNLCO_02931__IBNLCO_02931__gene__promoter,0.0008692557195835285,0.0008692557195835285
cnv_depth__IBNLCO_04078__IBNLCO_04078__gene__promoter,0.0008674312535830134,0.0008674312535830134
cnv_depth__IBNLCO_02186__IBNLCO_02186__gene__promoter,0.0008671550092075764,0.0008671550092075764
cnv_depth__IBNLCO_02465__IBNLCO_02465__gene__promoter,-0.0008651786309858383,0.0008651786309858383
cnv_depth__IBNLCO_01449__IBNLCO_01449__gene,-0.0008647775052345863,0.0008647775052345863
cnv_depth__IBNLCO_02724__hypothetical__CDS__promoter,0.0008621056537413931,0.0008621056537413931
cnv_depth__IBNLCO_01234__RecBCD__CDS,0.0008590357297077034,0.0008590357297077034
cnv_depth__IBNLCO_04736__IBNLCO_04736__gene,-0.0008587868803442082,0.0008587868803442082
cnv_depth__IBNLCO_03916__Multicopper__CDS,-0.0008576289877236645,0.0008576289877236645
cnv_depth__IBNLCO_02573__minD__gene,0.0008564973067448503,0.0008564973067448503
cnv_depth__IBNLCO_00068__gnl|Bakta|IBNLCO_00068__CDS__promoter,0.0008561593665738805,0.0008561593665738805
cnv_depth__IBNLCO_00334__ybaK__gene__promoter,0.0008540866754604439,0.0008540866754604439
cnv_depth__IBNLCO_03759__IBNLCO_03759__gene__promoter,0.0008529844647919211,0.0008529844647919211
cnv_depth__IBNLCO_05750__IBNLCO_05750__gene,-0.0008522444216270956,0.0008522444216270956
cnv_depth__IBNLCO_01551__hypothetical__CDS,-0.000849989142023917,0.000849989142023917
cnv_depth__IBNLCO_01840__IBNLCO_01840__gene__promoter,-0.0008483330568651846,0.0008483330568651846
cnv_depth__IBNLCO_01240__EamA__CDS,-0.0008458459292571716,0.0008458459292571716
cnv_depth__IBNLCO_02066__Cytochrome__CDS__promoter,-0.0008446372754982398,0.0008446372754982398
cnv_depth__IBNLCO_01187__IBNLCO_01187__gene,0.000842948400523862,0.000842948400523862
cnv_depth__IBNLCO_05854__IBNLCO_05854__gene__promoter,0.0008398914777955795,0.0008398914777955795
cnv_depth__IBNLCO_00271__flgF__gene__promoter,-0.0008345695809244852,0.0008345695809244852
cnv_depth__IBNLCO_01356__hypothetical__CDS,0.0008300717734821004,0.0008300717734821004
cnv_depth__IBNLCO_05843__diguanylate__CDS,0.0008297302507088697,0.0008297302507088697
cnv_depth__IBNLCO_04053__Iron__CDS,0.0008288762455460945,0.0008288762455460945
cnv_depth__IBNLCO_03187__dsbD__gene,0.0008269380404713411,0.0008269380404713411
cnv_depth__IBNLCO_02081__hypothetical__CDS__promoter,-0.000825668241625382,0.000825668241625382
cnv_depth__IBNLCO_04832__IBNLCO_04832__gene,-0.0008249874234734217,0.0008249874234734217
cnv_depth__IBNLCO_02126__Bifunctional__CDS,-0.0008249410849678358,0.0008249410849678358
cnv_depth__IBNLCO_04721__NADPH-dependent__CDS,0.0008201634459055935,0.0008201634459055935
cnv_depth__IBNLCO_03500__IBNLCO_03500__gene,0.0008201413695696777,0.0008201413695696777
cnv_depth__IBNLCO_02112__IBNLCO_02112__gene__promoter,0.0008195512073060922,0.0008195512073060922
cnv_depth__IBNLCO_05580__hypothetical__CDS,0.0008182920088550558,0.0008182920088550558
cnv_depth__IBNLCO_03596__Solute-binding__CDS__promoter,0.000817854809592842,0.000817854809592842
cnv_depth__IBNLCO_01245__DUF1223__CDS,-0.0008173519043568512,0.0008173519043568512
cnv_depth__IBNLCO_02281__Respiratory__CDS,-0.0008134126234833176,0.0008134126234833176
cnv_depth__IBNLCO_00200__dksA__gene__promoter,-0.0008128211511881197,0.0008128211511881197
cnv_depth__IBNLCO_04861__IBNLCO_04861__gene,0.0008114475237203199,0.0008114475237203199
cnv_depth__IBNLCO_00061__Acyl-[acyl-carrier-protein]__CDS,-0.0008104435031594092,0.0008104435031594092
cnv_depth__IBNLCO_05822__DUF4345__CDS,-0.0008060617455589914,0.0008060617455589914
cnv_depth__IBNLCO_03232__Elongation__CDS,0.0008029205640478545,0.0008029205640478545
cnv_depth__IBNLCO_05347__IBNLCO_05347__gene__promoter,0.0008028288510018306,0.0008028288510018306
cnv_depth__IBNLCO_04611__Phosphocarrier__CDS,0.000801215993232047,0.000801215993232047
cnv_depth__IBNLCO_00540__Lipopolysaccharide__CDS,0.0008008231570955553,0.0008008231570955553
cnv_depth__IBNLCO_01667__IBNLCO_01667__gene__promoter,0.0008000695759226518,0.0008000695759226518
cnv_depth__IBNLCO_04588__IBNLCO_04588__gene__promoter,0.000799997298019007,0.000799997298019007
cnv_depth__IBNLCO_01719__AraC__CDS,0.0007999322838688397,0.0007999322838688397
cnv_depth__IBNLCO_01661__hypothetical__CDS__promoter,-0.0007995903107812954,0.0007995903107812954
cnv_depth__IBNLCO_05279__Phosphatidic__CDS__promoter,0.0007943264474884113,0.0007943264474884113
cnv_depth__IBNLCO_03522__Thiol__CDS__promoter,0.0007879849829143891,0.0007879849829143891
cnv_depth__IBNLCO_04700__ftsI__gene,-0.0007876747538557017,0.0007876747538557017
cnv_depth__IBNLCO_03446__IBNLCO_03446__gene__promoter,0.0007868313612625935,0.0007868313612625935
cnv_depth__IBNLCO_02786__gnl|Bakta|IBNLCO_02786__CDS__promoter,0.0007860689734672904,0.0007860689734672904
cnv_depth__IBNLCO_03660__IBNLCO_03660__gene,0.0007813653814327258,0.0007813653814327258
cnv_depth__IBNLCO_00474__IBNLCO_00474__gene__promoter,-0.0007805230102795188,0.0007805230102795188
cnv_depth__IBNLCO_01878__bktB__gene,0.000776274364547756,0.000776274364547756
cnv_depth__IBNLCO_02919__2-dehydro-3-deoxy-phosphogluconate__CDS,0.0007753120470626773,0.0007753120470626773
cnv_depth__IBNLCO_03842__UPF0114__CDS,0.0007723817687205032,0.0007723817687205032
cnv_depth__IBNLCO_02932__Ureidoglycolate__CDS,0.0007707323911284196,0.0007707323911284196
cnv_depth__IBNLCO_05598__IBNLCO_05598__gene,-0.000770371525423168,0.000770371525423168
cnv_depth__IBNLCO_00045__araC__gene,-0.0007691717743824757,0.0007691717743824757
cnv_depth__IBNLCO_02344__gnl|Bakta|IBNLCO_02344__CDS,0.0007642346186122142,0.0007642346186122142
cnv_depth__IBNLCO_00481__IBNLCO_00481__gene,-0.0007636220935018696,0.0007636220935018696
cnv_depth__IBNLCO_00346__SCO1/SenC__CDS__promoter,-0.0007615346696591253,0.0007615346696591253
cnv_depth__IBNLCO_00546__NUDIX__CDS,-0.0007611435329093131,0.0007611435329093131
cnv_depth__IBNLCO_03323__flagellar__CDS__promoter,-0.0007591526736102878,0.0007591526736102878
cnv_depth__IBNLCO_00618__IBNLCO_00618__gene,0.0007585629858027401,0.0007585629858027401
cnv_depth__IBNLCO_03359__gnl|Bakta|IBNLCO_03359__CDS__promoter,0.0007536983651244328,0.0007536983651244328
cnv_depth__IBNLCO_03386__IBNLCO_03386__gene__promoter,-0.0007535107606769882,0.0007535107606769882
cnv_depth__IBNLCO_02047__IBNLCO_02047__gene__promoter,-0.000750112516425523,0.000750112516425523
cnv_depth__IBNLCO_05111__IBNLCO_05111__gene__promoter,-0.0007453994131245984,0.0007453994131245984
cnv_depth__IBNLCO_02061__2-hydroxy-3-oxopropionate__CDS,0.0007443671750498949,0.0007443671750498949
cnv_depth__IBNLCO_04680__L-arabinose-binding__CDS__promoter,0.0007435642910156386,0.0007435642910156386
cnv_depth__IBNLCO_00528__IBNLCO_00528__gene,-0.0007433007593971416,0.0007433007593971416
cnv_depth__IBNLCO_00095__IBNLCO_00095__gene,-0.0007427482081088215,0.0007427482081088215
cnv_depth__IBNLCO_03252__hypothetical__CDS__promoter,0.0007398293363879289,0.0007398293363879289
cnv_depth__IBNLCO_00892__IBNLCO_00892__gene,0.0007395808915573512,0.0007395808915573512
cnv_depth__IBNLCO_03720__IBNLCO_03720__gene,0.0007387436195238766,0.0007387436195238766
cnv_depth__IBNLCO_03416__IBNLCO_03416__gene__promoter,-0.0007380308108741362,0.0007380308108741362
cnv_depth__IBNLCO_02819__Deaminated__CDS,0.0007369695782932585,0.0007369695782932585
cnv_depth__IBNLCO_05761__IBNLCO_05761__gene,-0.0007344087558260923,0.0007344087558260923
cnv_depth__IBNLCO_04453__IBNLCO_04453__gene,-0.0007338585222175653,0.0007338585222175653
cnv_depth__IBNLCO_00198__hslU__gene__promoter,0.0007336202612559797,0.0007336202612559797
cnv_depth__IBNLCO_01696__IBNLCO_01696__gene,-0.0007327934191805754,0.0007327934191805754
cnv_depth__IBNLCO_00552__PIN__CDS,0.0007306355853017433,0.0007306355853017433
cnv_depth__IBNLCO_03281__IBNLCO_03281__gene__promoter,-0.0007304485764706616,0.0007304485764706616
cnv_depth__IBNLCO_01516__Segregation__CDS__promoter,0.0007302632374101559,0.0007302632374101559
cnv_depth__IBNLCO_01003__Two-component__CDS,-0.0007279897067163443,0.0007279897067163443
cnv_depth__IBNLCO_02934__IBNLCO_02934__gene__promoter,0.0007278604918115809,0.0007278604918115809
cnv_depth__IBNLCO_00058__IBNLCO_00058__gene,-0.0007244188256668244,0.0007244188256668244
cnv_depth__IBNLCO_02970__IBNLCO_02970__gene__promoter,0.0007243599775857545,0.0007243599775857545
cnv_depth__IBNLCO_01374__IBNLCO_01374__gene,-0.0007217648031843751,0.0007217648031843751
cnv_depth__IBNLCO_04817__srpI__gene,0.0007205703119054987,0.0007205703119054987
cnv_depth__IBNLCO_00412__IBNLCO_00412__gene__promoter,0.0007174756459124574,0.0007174756459124574
cnv_depth__IBNLCO_00054__IBNLCO_00054__gene,-0.0007162735141342331,0.0007162735141342331
cnv_depth__IBNLCO_03624__IBNLCO_03624__gene,-0.0007119192529407582,0.0007119192529407582
cnv_depth__IBNLCO_02180__hypothetical__CDS,0.000711185887799215,0.000711185887799215
cnv_depth__IBNLCO_05666__IBNLCO_05666__gene,-0.0007105284173822786,0.0007105284173822786
cnv_depth__IBNLCO_03985__Type__CDS,-0.0007094091875906008,0.0007094091875906008
cnv_depth__IBNLCO_01941__Threonine__CDS__promoter,0.0007085515416827071,0.0007085515416827071
cnv_depth__IBNLCO_05057__Cellulose__CDS__promoter,-0.0007075152981203225,0.0007075152981203225
cnv_depth__IBNLCO_03408__mnmG__gene__promoter,0.0007043461553648116,0.0007043461553648116
cnv_depth__unknown__unknown__regulatory.6,0.0007042422953386657,0.0007042422953386657
cnv_depth__IBNLCO_03892__IBNLCO_03892__gene__promoter,-0.0006989507559815067,0.0006989507559815067
cnv_depth__IBNLCO_02352__IBNLCO_02352__gene__promoter,0.0006950906470351954,0.0006950906470351954
cnv_depth__IBNLCO_04048__IBNLCO_04048__gene,0.0006944171869552686,0.0006944171869552686
cnv_depth__IBNLCO_01642__oprM__gene,0.0006934674172780998,0.0006934674172780998
cnv_depth__IBNLCO_01459__Methyl-accepting__CDS__promoter,-0.0006933454167973412,0.0006933454167973412
cnv_depth__IBNLCO_03869__IBNLCO_03869__gene,0.0006924315230563516,0.0006924315230563516
cnv_depth__IBNLCO_02587__ABC__CDS,0.0006904496223626751,0.0006904496223626751
cnv_depth__IBNLCO_03664__IBNLCO_03664__gene,-0.000688277120513369,0.000688277120513369
cnv_depth__IBNLCO_01897__DUF2065__CDS,-0.0006867435028410811,0.0006867435028410811
cnv_depth__IBNLCO_00419__3-hydroxyacyl-CoA__CDS,0.0006850681272673976,0.0006850681272673976
cnv_depth__IBNLCO_04519__IBNLCO_04519__gene__promoter,-0.0006822769772456317,0.0006822769772456317
cnv_depth__IBNLCO_02103__IBNLCO_02103__gene,0.0006817591480878315,0.0006817591480878315
cnv_depth__IBNLCO_02894__erpA__gene,0.0006813180443564029,0.0006813180443564029
cnv_depth__IBNLCO_01968__Glyoxylate__CDS__promoter,-0.0006801040407554774,0.0006801040407554774
cnv_depth__IBNLCO_05842__hypothetical__CDS__promoter,0.0006768401545155314,0.0006768401545155314
cnv_depth__IBNLCO_03293__IBNLCO_03293__gene,0.0006733206690195709,0.0006733206690195709
cnv_depth__IBNLCO_05410__hypothetical__CDS,0.0006733018989265758,0.0006733018989265758
cnv_depth__IBNLCO_05530__Chemotaxis__CDS__promoter,-0.0006692854166587619,0.0006692854166587619
cnv_depth__IBNLCO_00308__IBNLCO_00308__gene__promoter,0.0006691240591303484,0.0006691240591303484
cnv_depth__IBNLCO_03111__dotU__gene__promoter,-0.0006680466227081702,0.0006680466227081702
cnv_depth__IBNLCO_01293__IBNLCO_01293__gene__promoter,0.0006663294069253283,0.0006663294069253283
cnv_depth__IBNLCO_01781__IBNLCO_01781__gene,-0.0006648883007036894,0.0006648883007036894
cnv_depth__IBNLCO_03707__IBNLCO_03707__gene,0.0006621641269433658,0.0006621641269433658
cnv_depth__IBNLCO_00053__Molybdenum__CDS,0.0006605460930383428,0.0006605460930383428
cnv_depth__IBNLCO_03210__Small__CDS,0.000659050613452286,0.000659050613452286
cnv_depth__IBNLCO_04485__hypothetical__CDS__promoter,0.0006546283933853285,0.0006546283933853285
cnv_depth__IBNLCO_00671__hypothetical__CDS__promoter,-0.0006524010619174344,0.0006524010619174344
cnv_depth__IBNLCO_04250__IBNLCO_04250__gene,-0.000651351149380414,0.000651351149380414
cnv_depth__IBNLCO_01644__Putative__CDS,0.0006503299017826153,0.0006503299017826153
cnv_depth__IBNLCO_01995__IBNLCO_01995__gene,0.0006469923987254302,0.0006469923987254302
cnv_depth__IBNLCO_05026__type__CDS__promoter,-0.0006438739201750969,0.0006438739201750969
cnv_depth__IBNLCO_01678__cobW__gene,-0.0006431804401086788,0.0006431804401086788
cnv_depth__IBNLCO_00270__flgE__gene__promoter,0.0006405802034756935,0.0006405802034756935
cnv_depth__IBNLCO_02467__pmbA__gene,-0.0006390039388546359,0.0006390039388546359
cnv_depth__IBNLCO_02228__Methyltransferase__CDS,-0.0006372697637871643,0.0006372697637871643
cnv_depth__IBNLCO_01705__IBNLCO_01705__gene__promoter,-0.000634899265126189,0.000634899265126189
cnv_depth__IBNLCO_01523__tRNA__CDS,0.0006343060221708308,0.0006343060221708308
cnv_depth__IBNLCO_04804__IBNLCO_04804__gene__promoter,-0.0006288345446139804,0.0006288345446139804
cnv_depth__IBNLCO_00112__hypothetical__CDS__promoter,0.0006276225615923631,0.0006276225615923631
cnv_depth__IBNLCO_05078__type__CDS,-0.0006273460171255139,0.0006273460171255139
cnv_depth__IBNLCO_02048__ahpD__gene,0.0006271867686696264,0.0006271867686696264
cnv_depth__IBNLCO_05669__HTH__CDS,-0.0006255082634554191,0.0006255082634554191
cnv_depth__IBNLCO_01445__IBNLCO_01445__gene,0.0006253387502367766,0.0006253387502367766
cnv_depth__IBNLCO_00011__IBNLCO_00011__gene,0.0006224211128967588,0.0006224211128967588
cnv_depth__IBNLCO_05111__Type__CDS,-0.0006203819666867927,0.0006203819666867927
cnv_depth__IBNLCO_03997__IBNLCO_03997__gene__promoter,-0.0006196648472448247,0.0006196648472448247
cnv_depth__IBNLCO_02995__Octaprenyl-diphosphate__CDS,-0.0006195097413527429,0.0006195097413527429
cnv_depth__IBNLCO_02253__IBNLCO_02253__gene__promoter,-0.0006169345094996125,0.0006169345094996125
cnv_depth__IBNLCO_02640__5_ureB_sRNA__gene,0.0006168307266735932,0.0006168307266735932
cnv_depth__IBNLCO_03424__IBNLCO_03424__gene__promoter,-0.0006167671702960796,0.0006167671702960796
cnv_depth__IBNLCO_04563__Methyltransferase__CDS,-0.0006160024916128796,0.0006160024916128796
cnv_depth__IBNLCO_05310__Tyrocidine__CDS,0.0006156236441672072,0.0006156236441672072
cnv_depth__IBNLCO_02922__Protoporphyrinogen__CDS,-0.0006147307414416548,0.0006147307414416548
cnv_depth__IBNLCO_00112__IBNLCO_00112__gene,-0.0006076706810828744,0.0006076706810828744
cnv_depth__IBNLCO_03235__trnY__gene__promoter,0.0006073985902306111,0.0006073985902306111
cnv_depth__IBNLCO_00876__IBNLCO_00876__gene,0.0006067474080273373,0.0006067474080273373
cnv_depth__IBNLCO_04191__gntR__gene,0.000603864468873542,0.000603864468873542
cnv_depth__IBNLCO_00583__IBNLCO_00583__gene,-0.0006020643989813255,0.0006020643989813255
cnv_depth__IBNLCO_01951__IBNLCO_01951__gene,-0.0006015325499818593,0.0006015325499818593
cnv_depth__IBNLCO_04039__IBNLCO_04039__gene,0.0006009633665057621,0.0006009633665057621
cnv_depth__IBNLCO_03233__trnT__gene__promoter,0.0005992445897281791,0.0005992445897281791
cnv_depth__IBNLCO_01298__UPF0060__CDS,-0.0005987566944007397,0.0005987566944007397
cnv_depth__IBNLCO_03282__asnC__gene__promoter,-0.0005982702755307706,0.0005982702755307706
cnv_depth__IBNLCO_05848__IBNLCO_05848__gene,-0.0005980682449336666,0.0005980682449336666
cnv_depth__IBNLCO_01865__IBNLCO_01865__gene__promoter,-0.0005978397813375718,0.0005978397813375718
cnv_depth__IBNLCO_02926__Leucine--tRNA__CDS,-0.0005967986524074241,0.0005967986524074241
cnv_depth__IBNLCO_00948__IBNLCO_00948__gene__promoter,-0.0005955108587679829,0.0005955108587679829
cnv_depth__IBNLCO_05308__IBNLCO_05308__gene,-0.0005951817678775896,0.0005951817678775896
cnv_depth__IBNLCO_03868__hypothetical__CDS,-0.0005951454121518042,0.0005951454121518042
cnv_depth__IBNLCO_05773__Membrane__CDS,0.0005942144436385527,0.0005942144436385527
cnv_depth__IBNLCO_01726__IBNLCO_01726__gene__promoter,-0.0005934170992716571,0.0005934170992716571
cnv_depth__IBNLCO_02935__IBNLCO_02935__gene__promoter,0.0005906281314370282,0.0005906281314370282
cnv_depth__IBNLCO_02945__IBNLCO_02945__gene__promoter,-0.000589098517164218,0.000589098517164218
cnv_depth__IBNLCO_00428__Thioredoxin__CDS__promoter,0.0005859490379518989,0.0005859490379518989
cnv_depth__IBNLCO_01949__arnA__gene,0.0005843257340829636,0.0005843257340829636
cnv_depth__IBNLCO_03415__IBNLCO_03415__gene__promoter,0.0005841470274963929,0.0005841470274963929
cnv_depth__IBNLCO_05852__Chromosome__CDS,0.0005819400530655503,0.0005819400530655503
cnv_depth__IBNLCO_04812__gnl|Bakta|IBNLCO_04812__CDS,-0.0005782599754504471,0.0005782599754504471
cnv_depth__IBNLCO_03832__gnl|Bakta|IBNLCO_03832__CDS__promoter,-0.0005765823643566433,0.0005765823643566433
cnv_depth__IBNLCO_03196__secY__gene,0.0005760310195049327,0.0005760310195049327
cnv_depth__IBNLCO_04772__Protocatechuate__CDS__promoter,0.0005714630224141537,0.0005714630224141537
cnv_depth__IBNLCO_04985__tssH-5__gene,0.0005705315829922181,0.0005705315829922181
cnv_depth__IBNLCO_03040__Phenylacetate-coenzyme__CDS,0.0005701853371526089,0.0005701853371526089
cnv_depth__IBNLCO_05205__Citrate__CDS,0.0005692996246848332,0.0005692996246848332
cnv_depth__IBNLCO_04180__IBNLCO_04180__gene,-0.0005690235118749847,0.0005690235118749847
cnv_depth__IBNLCO_02018__Ribosomal__CDS,0.0005680788910225311,0.0005680788910225311
cnv_depth__IBNLCO_03430__IBNLCO_03430__gene__promoter,-0.000564279563772384,0.000564279563772384
cnv_depth__IBNLCO_03482__4-hydroxybenzoate__CDS__promoter,-0.0005642582774525737,0.0005642582774525737
cnv_depth__IBNLCO_03169__IBNLCO_03169__gene,0.0005637403074812182,0.0005637403074812182
cnv_depth__IBNLCO_03044__Ribulose-phosphate__CDS__promoter,-0.0005628478874502562,0.0005628478874502562
cnv_depth__IBNLCO_04925__IBNLCO_04925__gene,-0.000561684770461129,0.000561684770461129
cnv_depth__IBNLCO_01383__tssF__gene,-0.0005592144304171288,0.0005592144304171288
cnv_depth__IBNLCO_03268__pilT__gene,0.0005560234861358033,0.0005560234861358033
cnv_depth__IBNLCO_02041__Twin-arginine__CDS,-0.0005535378241487552,0.0005535378241487552
cnv_depth__IBNLCO_03260__IBNLCO_03260__gene,-0.0005516240481878743,0.0005516240481878743
cnv_depth__IBNLCO_04292__IBNLCO_04292__gene__promoter,0.0005502356654473831,0.0005502356654473831
cnv_depth__IBNLCO_00845__UPF0234__CDS,0.0005490621641627289,0.0005490621641627289
cnv_depth__IBNLCO_01989__IBNLCO_01989__gene__promoter,0.0005487592945862874,0.0005487592945862874
cnv_depth__IBNLCO_00081__mnmE__gene,-0.0005475740148295317,0.0005475740148295317
cnv_depth__IBNLCO_00708__IBNLCO_00708__gene,-0.000546561022428447,0.000546561022428447
cnv_depth__IBNLCO_03146__IBNLCO_03146__gene,0.0005460712707166685,0.0005460712707166685
cnv_depth__IBNLCO_00916__IBNLCO_00916__gene,-0.0005443956154401055,0.0005443956154401055
cnv_depth__IBNLCO_03895__Transcriptional__CDS__promoter,-0.0005417214419075226,0.0005417214419075226
cnv_depth__IBNLCO_03253__IBNLCO_03253__gene,0.0005398870343939092,0.0005398870343939092
cnv_depth__IBNLCO_05084__type__CDS__promoter,-0.0005387630727255972,0.0005387630727255972
cnv_depth__IBNLCO_05616__ureidoglycolate__CDS__promoter,0.0005382419604750909,0.0005382419604750909
cnv_depth__IBNLCO_01362__Alpha-1%2C4-glucan:maltose-1-phosphate__CDS,-0.0005370966837252349,0.0005370966837252349
cnv_depth__IBNLCO_03377__Cd(II)/Pb(II)-responsive__CDS__promoter,-0.0005370798900639557,0.0005370798900639557
cnv_depth__IBNLCO_05053__Taurine__CDS,-0.0005354453262261034,0.0005354453262261034
cnv_depth__IBNLCO_04171__IBNLCO_04171__gene__promoter,0.0005340379402475345,0.0005340379402475345
cnv_depth__IBNLCO_02792__hypothetical__CDS,0.0005328202475095968,0.0005328202475095968
cnv_depth__IBNLCO_01529__oxoglutarate__CDS,-0.000532235384274085,0.000532235384274085
cnv_depth__IBNLCO_04190__3-oxoacyl-[acyl-carrier-protein]__CDS__promoter,0.0005321720809202451,0.0005321720809202451
cnv_depth__IBNLCO_01163__NADH-quinone__CDS__promoter,-0.0005318558421242173,0.0005318558421242173
cnv_depth__IBNLCO_04028__L-carnitine__CDS,0.0005292666556417356,0.0005292666556417356
cnv_depth__IBNLCO_02001__yciB__gene,0.0005247336586277975,0.0005247336586277975
cnv_depth__IBNLCO_04463__Divalent__CDS,0.000523714387129908,0.000523714387129908
cnv_depth__IBNLCO_01711__Putative__CDS,0.0005211331565027628,0.0005211331565027628
cnv_depth__IBNLCO_05120__IBNLCO_05120__gene,-0.0005196326082950546,0.0005196326082950546
cnv_depth__IBNLCO_04424__yncA__gene__promoter,-0.0005188476583756391,0.0005188476583756391
cnv_depth__IBNLCO_00360__EAL__CDS,0.0005182925155634209,0.0005182925155634209
cnv_depth__IBNLCO_00225__fliG__gene__promoter,0.0005174387893410829,0.0005174387893410829
cnv_depth__IBNLCO_03373__IBNLCO_03373__gene,-0.0005135775830006478,0.0005135775830006478
cnv_depth__IBNLCO_02541__IBNLCO_02541__gene,-0.0005091836471457112,0.0005091836471457112
cnv_depth__unknown__unknown__source,-0.0005052272735061838,0.0005052272735061838
cnv_depth__IBNLCO_00280__IBNLCO_00280__gene,-0.0004931944042921015,0.0004931944042921015
cnv_depth__IBNLCO_03297__flhA__gene,0.0004903890570369413,0.0004903890570369413
cnv_depth__IBNLCO_05137__IBNLCO_05137__gene__promoter,-0.0004892156171816694,0.0004892156171816694
cnv_depth__IBNLCO_04969__IBNLCO_04969__gene,-0.0004890328735951229,0.0004890328735951229
cnv_depth__IBNLCO_00237__IBNLCO_00237__gene,0.0004887254513592182,0.0004887254513592182
cnv_depth__IBNLCO_03190__DNA-directed__CDS,0.0004868742415406668,0.0004868742415406668
cnv_depth__IBNLCO_05016__bsaV__gene__promoter,0.0004859435536696418,0.0004859435536696418
cnv_depth__IBNLCO_01654__rbsA__gene,-0.000485498180306326,0.000485498180306326
cnv_depth__IBNLCO_03867__IBNLCO_03867__gene,-0.00048515370555384657,0.00048515370555384657
cnv_depth__IBNLCO_03589__IBNLCO_03589__gene__promoter,0.000484451416457979,0.000484451416457979
cnv_depth__IBNLCO_00192__slmA__gene__promoter,0.00048038549230528167,0.00048038549230528167
cnv_depth__IBNLCO_04033__FAD__CDS,-0.00047931255749828844,0.00047931255749828844
cnv_depth__IBNLCO_05069__IBNLCO_05069__gene,-0.0004779716315929185,0.0004779716315929185
cnv_depth__IBNLCO_02148__[Ribosomal__CDS,0.00047726968283403514,0.00047726968283403514
cnv_depth__IBNLCO_01536__IBNLCO_01536__gene__promoter,0.00047562872049980063,0.00047562872049980063
cnv_depth__IBNLCO_03423__Adenylate__CDS__promoter,-0.000473805194205679,0.000473805194205679
cnv_depth__IBNLCO_04418__IBNLCO_04418__gene__promoter,-0.0004728345155738977,0.0004728345155738977
cnv_depth__IBNLCO_04320__IBNLCO_04320__gene,-0.00047278307946481234,0.00047278307946481234
cnv_depth__IBNLCO_01660__Extracytoplasmic-function__CDS__promoter,0.00047215403919002,0.00047215403919002
cnv_depth__IBNLCO_01671__L-ornithine__CDS__promoter,0.000471945774519561,0.000471945774519561
cnv_depth__IBNLCO_00017__IBNLCO_00017__gene__promoter,-0.00047126479466563716,0.00047126479466563716
cnv_depth__IBNLCO_00256__IBNLCO_00256__gene__promoter,-0.00046804553702851546,0.00046804553702851546
cnv_depth__IBNLCO_03178__IBNLCO_03178__gene,-0.00046682188565572695,0.00046682188565572695
cnv_depth__IBNLCO_00657__IBNLCO_00657__gene,-0.00046628892713141307,0.00046628892713141307
cnv_depth__IBNLCO_00771__Branched-chain__CDS__promoter,0.00046613541895307455,0.00046613541895307455
cnv_depth__IBNLCO_04683__IBNLCO_04683__gene,-0.0004648359097499929,0.0004648359097499929
cnv_depth__IBNLCO_03098__Type__CDS,-0.0004635675627654646,0.0004635675627654646
cnv_depth__IBNLCO_04321__IBNLCO_04321__gene,0.0004633923371946803,0.0004633923371946803
cnv_depth__IBNLCO_04688__corA__gene,0.0004613542196505955,0.0004613542196505955
cnv_depth__IBNLCO_02751__Flagellar__CDS,0.00046096375868461085,0.00046096375868461085
cnv_depth__IBNLCO_02973__IBNLCO_02973__gene,0.0004602592023593868,0.0004602592023593868
cnv_depth__IBNLCO_02784__wcbG__gene__promoter,-0.0004597273200495258,0.0004597273200495258
cnv_depth__IBNLCO_03709__dhaK__gene,-0.00045507098350765343,0.00045507098350765343
cnv_depth__IBNLCO_00867__mdtD__gene,0.00045356554353512604,0.00045356554353512604
cnv_depth__IBNLCO_05834__IBNLCO_05834__gene,-0.00045241258329209265,0.00045241258329209265
cnv_depth__IBNLCO_01677__IBNLCO_01677__gene,-0.00045184603449776315,0.00045184603449776315
cnv_depth__IBNLCO_03058__Ribosome-binding__CDS,0.00044825057943294875,0.00044825057943294875
cnv_depth__IBNLCO_03338__gnl|Bakta|IBNLCO_03338__CDS,0.0004441251936614083,0.0004441251936614083
cnv_depth__IBNLCO_02703__ABC__CDS__promoter,-0.0004391532625548627,0.0004391532625548627
cnv_depth__IBNLCO_01273__DUF934__CDS,-0.0004386709823488853,0.0004386709823488853
cnv_depth__IBNLCO_03833__LysR__CDS__promoter,-0.0004375258170684758,0.0004375258170684758
cnv_depth__IBNLCO_01855__norR__gene,-0.000433033840960283,0.000433033840960283
cnv_depth__IBNLCO_05019__SctN__CDS,-0.00043297626387929917,0.00043297626387929917
cnv_depth__IBNLCO_00807__IBNLCO_00807__gene__promoter,-0.0004318485651752242,0.0004318485651752242
cnv_depth__IBNLCO_02218__gnl|Bakta|IBNLCO_02218__CDS,-0.00043170013606239787,0.00043170013606239787
cnv_depth__IBNLCO_00394__PNPLA__CDS,0.00043104442142213753,0.00043104442142213753
cnv_depth__IBNLCO_02881__Bifunctional__CDS,-0.0004306502829320847,0.0004306502829320847
cnv_depth__IBNLCO_02793__manC__gene,-0.00042790526757359204,0.00042790526757359204
cnv_depth__IBNLCO_03023__Cell__CDS__promoter,0.00042477529202599216,0.00042477529202599216
cnv_depth__IBNLCO_01742__DUF2282__CDS__promoter,-0.0004223144760849475,0.0004223144760849475
cnv_depth__IBNLCO_01994__hypothetical__CDS,0.00042164960962703414,0.00042164960962703414
cnv_depth__IBNLCO_03425__IBNLCO_03425__gene,-0.00041676452395909445,0.00041676452395909445
cnv_depth__IBNLCO_01675__Corrinoid__CDS,0.0004135144745393697,0.0004135144745393697
cnv_depth__IBNLCO_01857__IBNLCO_01857__gene,0.00041136883656749953,0.00041136883656749953
cnv_depth__IBNLCO_01103__IBNLCO_01103__gene,0.0004103464885278484,0.0004103464885278484
cnv_depth__IBNLCO_01942__Homoserine__CDS__promoter,-0.00040997039549087687,0.00040997039549087687
cnv_depth__IBNLCO_04820__hypothetical__CDS,0.00040742347133447814,0.00040742347133447814
cnv_depth__IBNLCO_00693__IBNLCO_00693__gene__promoter,0.0004069550778770482,0.0004069550778770482
cnv_depth__IBNLCO_05327__Polysaccharide__CDS,-0.0004055323168610694,0.0004055323168610694
cnv_depth__IBNLCO_04552__IBNLCO_04552__gene__promoter,0.00040551158753551465,0.00040551158753551465
cnv_depth__IBNLCO_02780__GDP__CDS,-0.0004043195924021446,0.0004043195924021446
cnv_depth__IBNLCO_03840__IBNLCO_03840__gene__promoter,-0.0004014754799374457,0.0004014754799374457
cnv_depth__IBNLCO_00342__IBNLCO_00342__gene__promoter,0.00039855789895127563,0.00039855789895127563
cnv_depth__IBNLCO_04769__DUF4365__CDS__promoter,-0.0003967755923208726,0.0003967755923208726
cnv_depth__IBNLCO_00097__IBNLCO_00097__gene,0.00039381155838343784,0.00039381155838343784
cnv_depth__IBNLCO_01175__Acyl-CoA__CDS__promoter,-0.0003934169040087479,0.0003934169040087479
cnv_depth__IBNLCO_04373__porin__CDS__promoter,0.0003903909978803414,0.0003903909978803414
cnv_depth__IBNLCO_03336__phospholipase__CDS,0.0003903793239231925,0.0003903793239231925
cnv_depth__IBNLCO_04307__IBNLCO_04307__gene,-0.00038954480598563486,0.00038954480598563486
cnv_depth__IBNLCO_04956__IBNLCO_04956__gene__promoter,0.0003886286365703364,0.0003886286365703364
cnv_depth__IBNLCO_00029__flagellar__CDS__promoter,-0.00038486497933483486,0.00038486497933483486
cnv_depth__IBNLCO_01591__IBNLCO_01591__gene,-0.00038457521614018665,0.00038457521614018665
cnv_depth__IBNLCO_00544__IBNLCO_00544__gene__promoter,0.00038406772568158815,0.00038406772568158815
cnv_depth__IBNLCO_02153__uspA__gene__promoter,0.0003816610718815796,0.0003816610718815796
cnv_depth__IBNLCO_00498__IBNLCO_00498__gene__promoter,-0.00038155385388599254,0.00038155385388599254
cnv_depth__IBNLCO_04632__IBNLCO_04632__gene,0.0003791870324916409,0.0003791870324916409
cnv_depth__IBNLCO_00102__IBNLCO_00102__gene,-0.00037758248844134255,0.00037758248844134255
cnv_depth__IBNLCO_00201__cobW__gene,-0.0003762862376118998,0.0003762862376118998
cnv_depth__IBNLCO_00338__Alpha/beta__CDS__promoter,0.00037512834037675913,0.00037512834037675913
cnv_depth__unknown__unknown__regulatory.17,0.00037415747075977986,0.00037415747075977986
cnv_depth__IBNLCO_03697__Spermidine/putrescine__CDS__promoter,-0.00036823898776971146,0.00036823898776971146
cnv_depth__IBNLCO_01542__IBNLCO_01542__gene__promoter,-0.0003659266923983713,0.0003659266923983713
cnv_depth__IBNLCO_02352__IBNLCO_02352__gene,0.00036582363691530493,0.00036582363691530493
cnv_depth__IBNLCO_02073__Nitrate__CDS,-0.00036570024508063737,0.00036570024508063737
cnv_depth__IBNLCO_03230__secE__gene,0.00036148170291247224,0.00036148170291247224
cnv_depth__IBNLCO_04749__IBNLCO_04749__gene,-0.00036126030398072413,0.00036126030398072413
cnv_depth__IBNLCO_00697__IBNLCO_00697__gene,0.0003609624523565419,0.0003609624523565419
cnv_depth__IBNLCO_00345__Hydrolase-related__CDS__promoter,-0.0003579507802258166,0.0003579507802258166
cnv_depth__IBNLCO_01556__IBNLCO_01556__gene,-0.00035732927547010385,0.00035732927547010385
cnv_depth__IBNLCO_04667__IBNLCO_04667__gene,-0.0003530190414693948,0.0003530190414693948
cnv_depth__IBNLCO_00269__flgD__gene,-0.0003527560456784233,0.0003527560456784233
cnv_depth__IBNLCO_03977__IBNLCO_03977__gene,-0.0003521406794812737,0.0003521406794812737
cnv_depth__IBNLCO_03771__Polyketide__CDS__promoter,0.0003518660707190068,0.0003518660707190068
cnv_depth__IBNLCO_04692__IBNLCO_04692__gene,0.000350807839709361,0.000350807839709361
cnv_depth__IBNLCO_03392__IBNLCO_03392__gene,0.0003507822231171337,0.0003507822231171337
cnv_depth__IBNLCO_05245__Methyltransferase__CDS,0.00034749569855494937,0.00034749569855494937
cnv_depth__IBNLCO_00284__IBNLCO_00284__gene__promoter,0.00034651263062688534,0.00034651263062688534
cnv_depth__IBNLCO_01498__IBNLCO_01498__gene,-0.000342480979602702,0.000342480979602702
cnv_depth__IBNLCO_00416__IBNLCO_00416__gene,-0.00034186319641421576,0.00034186319641421576
cnv_depth__IBNLCO_01317__pstS__gene__promoter,-0.0003400065052387474,0.0003400065052387474
cnv_depth__IBNLCO_02944__IBNLCO_02944__gene__promoter,0.0003399907581010846,0.0003399907581010846
cnv_depth__IBNLCO_00019__Efflux__CDS,-0.0003396960904888735,0.0003396960904888735
cnv_depth__IBNLCO_00315__tRNA-cytidine(32)__CDS__promoter,0.000339507273831732,0.000339507273831732
cnv_depth__IBNLCO_02407__IBNLCO_02407__gene,-0.0003383577946730787,0.0003383577946730787
cnv_depth__IBNLCO_04642__IBNLCO_04642__gene,0.00033594847748206385,0.00033594847748206385
cnv_depth__IBNLCO_02285__Exodeoxyribonuclease__CDS__promoter,0.0003308412243994445,0.0003308412243994445
cnv_depth__IBNLCO_00185__IBNLCO_00185__gene,0.00032925069563522293,0.00032925069563522293
cnv_depth__IBNLCO_01640__IBNLCO_01640__gene__promoter,-0.0003277136852489611,0.0003277136852489611
cnv_depth__IBNLCO_02627__Bacteriophage__CDS__promoter,-0.0003265661804440508,0.0003265661804440508
cnv_depth__IBNLCO_05142__IBNLCO_05142__gene__promoter,0.0003261050219155508,0.0003261050219155508
cnv_depth__IBNLCO_04766__IBNLCO_04766__gene,-0.00032599905876555557,0.00032599905876555557
cnv_depth__IBNLCO_02011__ppiD__gene,-0.0003253604249393126,0.0003253604249393126
cnv_depth__IBNLCO_01971__IBNLCO_01971__gene,-0.00032464174621269496,0.00032464174621269496
cnv_depth__IBNLCO_00177__mrdA__gene,-0.0003243982618353599,0.0003243982618353599
cnv_depth__IBNLCO_01501__IBNLCO_01501__gene__promoter,-0.0003196966746536611,0.0003196966746536611
cnv_depth__IBNLCO_01191__IBNLCO_01191__gene,0.00031811211100866125,0.00031811211100866125
cnv_depth__IBNLCO_01370__Fels-1__CDS__promoter,0.0003161850962000405,0.0003161850962000405
cnv_depth__IBNLCO_03259__DUF2957__CDS__promoter,0.00031616785709816524,0.00031616785709816524
cnv_depth__IBNLCO_00672__IBNLCO_00672__gene,0.00031607659487405793,0.00031607659487405793
cnv_depth__IBNLCO_01253__Spermidine/putrescine__CDS,0.00031310761602368483,0.00031310761602368483
cnv_depth__IBNLCO_05029__Type__CDS,-0.00031265821682781314,0.00031265821682781314
cnv_depth__IBNLCO_03135__hisH__gene,0.0003036713325760925,0.0003036713325760925
cnv_depth__IBNLCO_03317__IBNLCO_03317__gene,-0.0003013264950750645,0.0003013264950750645
cnv_depth__IBNLCO_03047__IBNLCO_03047__gene__promoter,-0.00029945240372337257,0.00029945240372337257
cnv_depth__IBNLCO_05024__IBNLCO_05024__gene__promoter,0.0002962928279626018,0.0002962928279626018
cnv_depth__IBNLCO_03090__gnl|Bakta|IBNLCO_03090__CDS__promoter,0.0002954326849408983,0.0002954326849408983
cnv_depth__IBNLCO_03342__IBNLCO_03342__gene,-0.00029336865209078384,0.00029336865209078384
cnv_depth__IBNLCO_03452__IBNLCO_03452__gene,-0.00029319328856275965,0.00029319328856275965
cnv_depth__IBNLCO_03572__IBNLCO_03572__gene,0.00029208552077206667,0.00029208552077206667
cnv_depth__IBNLCO_00109__IBNLCO_00109__gene__promoter,-0.0002916419122594674,0.0002916419122594674
cnv_depth__IBNLCO_00479__IBNLCO_00479__gene__promoter,0.00028966866169769683,0.00028966866169769683
cnv_depth__IBNLCO_01297__L-Proline/Glycine__CDS,-0.00028751068486784694,0.00028751068486784694
cnv_depth__IBNLCO_00403__mlaF__gene,0.00028517425168539346,0.00028517425168539346
cnv_depth__IBNLCO_04181__IBNLCO_04181__gene,-0.00028440461973709875,0.00028440461973709875
cnv_depth__IBNLCO_03622__Type__CDS,0.0002823909681746045,0.0002823909681746045
cnv_depth__IBNLCO_02005__IBNLCO_02005__gene__promoter,0.0002822741318111337,0.0002822741318111337
cnv_depth__IBNLCO_03343__IBNLCO_03343__gene,-0.00028188368490031325,0.00028188368490031325
cnv_depth__IBNLCO_02369__IBNLCO_02369__gene,-0.00028035924531602237,0.00028035924531602237
cnv_depth__IBNLCO_02786__wcbE__gene,-0.00027679457936759634,0.00027679457936759634
cnv_depth__IBNLCO_02782__capsular__CDS,0.00027616965786505897,0.00027616965786505897
cnv_depth__IBNLCO_04200__Methylaspartate__CDS,-0.0002744963908877339,0.0002744963908877339
cnv_depth__IBNLCO_03939__IBNLCO_03939__gene,-0.0002743097155945517,0.0002743097155945517
cnv_depth__IBNLCO_05629__IBNLCO_05629__gene__promoter,-0.0002719125158552906,0.0002719125158552906
cnv_depth__IBNLCO_01148__SLC26A/SulP__CDS,-0.0002685457411120949,0.0002685457411120949
cnv_depth__IBNLCO_05630__lktB__gene__promoter,0.0002664543223771328,0.0002664543223771328
cnv_depth__IBNLCO_04124__IBNLCO_04124__gene__promoter,0.0002640777745735731,0.0002640777745735731
cnv_depth__IBNLCO_01129__gnl|Bakta|IBNLCO_01129__CDS,-0.0002631527532433258,0.0002631527532433258
cnv_depth__IBNLCO_01662__TauD/TfdA-like__CDS,-0.0002627089865339177,0.0002627089865339177
cnv_depth__IBNLCO_00550__Major__CDS,0.00026196970511184204,0.00026196970511184204
cnv_depth__IBNLCO_01867__IBNLCO_01867__gene,-0.00026059208476452176,0.00026059208476452176
cnv_depth__IBNLCO_04591__hypothetical__CDS__promoter,0.0002587391281294544,0.0002587391281294544
cnv_depth__IBNLCO_05663__HTH__CDS__promoter,0.0002578273417418921,0.0002578273417418921
cnv_depth__IBNLCO_02229__Tryptophan--tRNA__CDS,-0.0002563485017912342,0.0002563485017912342
cnv_depth__IBNLCO_03400__IBNLCO_03400__gene,-0.00025539376965770354,0.00025539376965770354
cnv_depth__IBNLCO_00344__IBNLCO_00344__gene,0.0002499911472365128,0.0002499911472365128
cnv_depth__IBNLCO_01549__DUF2134__CDS,0.0002484031552232298,0.0002484031552232298
cnv_depth__IBNLCO_01688__IBNLCO_01688__gene__promoter,0.00024488711858918844,0.00024488711858918844
cnv_depth__IBNLCO_00076__dnaA__gene__promoter,-0.00024204330205511478,0.00024204330205511478
cnv_depth__IBNLCO_03835__Biopolymer__CDS__promoter,0.00024149907645798702,0.00024149907645798702
cnv_depth__IBNLCO_00747__DUF2889__CDS__promoter,0.00024104826360662194,0.00024104826360662194
cnv_depth__IBNLCO_05846__IBNLCO_05846__gene__promoter,0.00023973203930064584,0.00023973203930064584
cnv_depth__IBNLCO_03442__IBNLCO_03442__gene__promoter,0.00023900478187469231,0.00023900478187469231
cnv_depth__IBNLCO_03731__IBNLCO_03731__gene__promoter,-0.0002377479398102301,0.0002377479398102301
cnv_depth__IBNLCO_04349__IBNLCO_04349__gene__promoter,-0.00023527932874646898,0.00023527932874646898
cnv_depth__IBNLCO_00181__IBNLCO_00181__gene__promoter,0.0002333061280376519,0.0002333061280376519
cnv_depth__IBNLCO_04745__hypothetical__CDS,0.0002324343744030791,0.0002324343744030791
cnv_depth__IBNLCO_00200__RNA__CDS,-0.00022994389082187742,0.00022994389082187742
cnv_depth__IBNLCO_02041__IBNLCO_02041__gene__promoter,-0.00022545091307478565,0.00022545091307478565
cnv_depth__IBNLCO_03695__IBNLCO_03695__gene__promoter,0.00022459128104097235,0.00022459128104097235
cnv_depth__IBNLCO_05324__D-inositol-3-phosphate__CDS__promoter,0.00022294747116123015,0.00022294747116123015
cnv_depth__IBNLCO_05610__gnl|Bakta|IBNLCO_05610__CDS__promoter,0.00021973621245568718,0.00021973621245568718
cnv_depth__IBNLCO_05461__Thymidine__CDS__promoter,-0.0002175808770112167,0.0002175808770112167
cnv_depth__IBNLCO_01648__ABC__CDS,-0.00021517838685462383,0.00021517838685462383
cnv_depth__IBNLCO_05787__SHSP__CDS,0.00021501007093842898,0.00021501007093842898
cnv_depth__IBNLCO_00795__IBNLCO_00795__gene,-0.0002140944965371816,0.0002140944965371816
cnv_depth__IBNLCO_05495__IBNLCO_05495__gene__promoter,0.00021358196904148403,0.00021358196904148403
cnv_depth__IBNLCO_04472__mprA__gene__promoter,-0.00021204080943066538,0.00021204080943066538
cnv_depth__IBNLCO_00466__IBNLCO_00466__gene__promoter,0.00020958870091091194,0.00020958870091091194
cnv_depth__IBNLCO_04019__gnl|Bakta|IBNLCO_04019__CDS,-0.00020910726416012177,0.00020910726416012177
cnv_depth__IBNLCO_02358__IBNLCO_02358__gene__promoter,0.00020871346405365427,0.00020871346405365427
cnv_depth__IBNLCO_03282__AsnC__CDS,0.0002084790179137744,0.0002084790179137744
cnv_depth__IBNLCO_00725__IBNLCO_00725__gene,-0.00020839992078282857,0.00020839992078282857
cnv_depth__IBNLCO_00831__IBNLCO_00831__gene,0.00020821060383109636,0.00020821060383109636
cnv_depth__IBNLCO_04572__eamA__gene,0.00020794607181495172,0.00020794607181495172
cnv_depth__IBNLCO_04916__Tash__CDS,0.0002073055584165506,0.0002073055584165506
cnv_depth__IBNLCO_04575__ftsH__gene,-0.0002046360981959917,0.0002046360981959917
cnv_depth__IBNLCO_02889__Tyrosine--tRNA__CDS,-0.00020393663677277215,0.00020393663677277215
cnv_depth__IBNLCO_00814__estB__gene,0.0002014818993229987,0.0002014818993229987
cnv_depth__IBNLCO_04981__type__CDS,-0.000201388433417569,0.000201388433417569
cnv_depth__IBNLCO_01413__IBNLCO_01413__gene,0.00020065780880369706,0.00020065780880369706
cnv_depth__IBNLCO_01067__Electron__CDS__promoter,-0.00019666679397866503,0.00019666679397866503
cnv_depth__IBNLCO_03311__flagellar__CDS,0.0001960825433978921,0.0001960825433978921
cnv_depth__IBNLCO_02552__IBNLCO_02552__gene,0.00018990065473390317,0.00018990065473390317
cnv_depth__IBNLCO_00274__flgI__gene,-0.00018966141807697743,0.00018966141807697743
cnv_depth__IBNLCO_02302__gnl|Bakta|IBNLCO_02302__CDS,0.00018627574932196677,0.00018627574932196677
cnv_depth__IBNLCO_05094__HTH__CDS,-0.00018381067187366767,0.00018381067187366767
cnv_depth__IBNLCO_00494__IBNLCO_00494__gene,0.0001825612452217607,0.0001825612452217607
cnv_depth__IBNLCO_02112__IBNLCO_02112__gene,0.00017816828259360214,0.00017816828259360214
cnv_depth__IBNLCO_04535__ywtG__gene,-0.00017184414929837807,0.00017184414929837807
cnv_depth__IBNLCO_00458__IBNLCO_00458__gene__promoter,0.00017093559667017642,0.00017093559667017642
cnv_depth__IBNLCO_00657__Glycine--tRNA__CDS__promoter,0.00016935895993699292,0.00016935895993699292
cnv_depth__IBNLCO_05335__Acetylglutamate__CDS__promoter,0.00016853419772718556,0.00016853419772718556
cnv_depth__IBNLCO_00347__hypothetical__CDS,0.0001670317969986941,0.0001670317969986941
cnv_depth__IBNLCO_00387__5-methyltetrahydrofolate--homocysteine__CDS,0.00016691712692353482,0.00016691712692353482
cnv_depth__IBNLCO_01844__HTH-type__CDS,0.00016641985835251237,0.00016641985835251237
cnv_depth__IBNLCO_03025__Transcriptional__CDS__promoter,0.0001658049733038305,0.0001658049733038305
cnv_depth__IBNLCO_01871__AsmA__CDS,0.00016364219321722803,0.00016364219321722803
cnv_depth__IBNLCO_01905__IBNLCO_01905__gene,-0.0001626207568565401,0.0001626207568565401
cnv_depth__IBNLCO_05795__Major__CDS__promoter,0.00016235783112582644,0.00016235783112582644
cnv_depth__IBNLCO_01917__surE__gene,-0.00016199976748529723,0.00016199976748529723
cnv_depth__IBNLCO_05659__IBNLCO_05659__gene,0.00016033243147462148,0.00016033243147462148
cnv_depth__IBNLCO_00091__hypothetical__CDS__promoter,0.00015722235266112604,0.00015722235266112604
cnv_depth__IBNLCO_04543__hypothetical__CDS__promoter,-0.00015501139987393297,0.00015501139987393297
cnv_depth__IBNLCO_03295__flagellar__CDS__promoter,0.00015297819397055187,0.00015297819397055187
cnv_depth__IBNLCO_03574__IBNLCO_03574__gene__promoter,0.0001522386645875402,0.0001522386645875402
cnv_depth__IBNLCO_01683__IBNLCO_01683__gene,0.0001506455740593416,0.0001506455740593416
cnv_depth__IBNLCO_03565__IBNLCO_03565__gene,-0.00014932017796473235,0.00014932017796473235
cnv_depth__IBNLCO_03039__Phenylacetic__CDS__promoter,-0.0001464466510543402,0.0001464466510543402
cnv_depth__IBNLCO_03474__hypothetical__CDS,-0.00014435954430251315,0.00014435954430251315
cnv_depth__IBNLCO_05769__IBNLCO_05769__gene,0.00014368096217098284,0.00014368096217098284
cnv_depth__IBNLCO_00542__Arabinose__CDS,-0.00014348753805852206,0.00014348753805852206
cnv_depth__IBNLCO_01677__Nickel/cobalt__CDS__promoter,-0.0001433901101737049,0.0001433901101737049
cnv_depth__IBNLCO_00028__flagellar__CDS__promoter,0.00014271529555752476,0.00014271529555752476
cnv_depth__IBNLCO_03368__IBNLCO_03368__gene,-0.00014270070171431515,0.00014270070171431515
cnv_depth__IBNLCO_01974__IBNLCO_01974__gene__promoter,0.00013963349731472598,0.00013963349731472598
cnv_depth__IBNLCO_03760__IBNLCO_03760__gene__promoter,0.00013916113424105258,0.00013916113424105258
cnv_depth__IBNLCO_03278__Ribosomal__CDS,-0.00013908308011253702,0.00013908308011253702
cnv_depth__IBNLCO_04006__IBNLCO_04006__gene__promoter,0.0001390136145156712,0.0001390136145156712
cnv_depth__IBNLCO_02832__Phosphonates__CDS,-0.00013628642712886586,0.00013628642712886586
cnv_depth__IBNLCO_05734__DUF4142__CDS__promoter,-0.00013587790925285946,0.00013587790925285946
cnv_depth__IBNLCO_04865__chbP__gene,-0.0001323950769990232,0.0001323950769990232
cnv_depth__IBNLCO_04932__Carboxynorspermidine/carboxyspermidine__CDS__promoter,-0.00012458586519628959,0.00012458586519628959
cnv_depth__IBNLCO_01879__IBNLCO_01879__gene,0.00012444189444745348,0.00012444189444745348
cnv_depth__IBNLCO_05815__nreB__gene,0.0001244044247923717,0.0001244044247923717
cnv_depth__IBNLCO_02918__Gluconate__CDS__promoter,0.00012431548156822462,0.00012431548156822462
cnv_depth__IBNLCO_04955__uxuB__gene,-0.0001232233493027539,0.0001232233493027539
cnv_depth__IBNLCO_05039__L-lactate__CDS,-0.00012291362221689478,0.00012291362221689478
cnv_depth__IBNLCO_03082__Oxalate:formate__CDS__promoter,-0.0001165576475188171,0.0001165576475188171
cnv_depth__IBNLCO_04644__IBNLCO_04644__gene__promoter,0.00011078807447573414,0.00011078807447573414
cnv_depth__IBNLCO_00052__IBNLCO_00052__gene__promoter,-0.00010997055877676305,0.00010997055877676305
cnv_depth__IBNLCO_03920__IBNLCO_03920__gene__promoter,0.00010542660873864526,0.00010542660873864526
cnv_depth__IBNLCO_00533__IBNLCO_00533__gene,-0.0001040651731331712,0.0001040651731331712
cnv_depth__IBNLCO_02099__IBNLCO_02099__gene,0.00010195407161800443,0.00010195407161800443
cnv_depth__IBNLCO_03504__C4-dicarboxylate__CDS,-0.00010152730198642018,0.00010152730198642018
cnv_depth__IBNLCO_04560__Transmembrane__CDS__promoter,-9.847931807773553e-05,9.847931807773553e-05
cnv_depth__IBNLCO_02836__IBNLCO_02836__gene,9.194999145110392e-05,9.194999145110392e-05
cnv_depth__IBNLCO_02666__IBNLCO_02666__gene,-9.016661618283287e-05,9.016661618283287e-05
cnv_depth__IBNLCO_00982__hypothetical__CDS,-8.965290906113884e-05,8.965290906113884e-05
cnv_depth__IBNLCO_02370__IBNLCO_02370__gene__promoter,-8.782606197427061e-05,8.782606197427061e-05
cnv_depth__IBNLCO_05756__IBNLCO_05756__gene,-8.572367024291139e-05,8.572367024291139e-05
cnv_depth__IBNLCO_03399__IBNLCO_03399__gene__promoter,8.415198063959646e-05,8.415198063959646e-05
cnv_depth__IBNLCO_00418__HTH__CDS__promoter,-8.380457369371757e-05,8.380457369371757e-05
cnv_depth__IBNLCO_05654__Chloramphenicol-sensitive__CDS,-8.257194406142614e-05,8.257194406142614e-05
cnv_depth__IBNLCO_05681__IBNLCO_05681__gene__promoter,-8.116607786991805e-05,8.116607786991805e-05
cnv_depth__IBNLCO_02923__Gamma-glutamyl__CDS,-8.073013694683836e-05,8.073013694683836e-05
cnv_depth__IBNLCO_01178__IBNLCO_01178__gene__promoter,7.997835886584093e-05,7.997835886584093e-05
cnv_depth__IBNLCO_01492__GTP__CDS__promoter,-7.834328269872113e-05,7.834328269872113e-05
cnv_depth__IBNLCO_03269__IBNLCO_03269__gene__promoter,-7.682420488862432e-05,7.682420488862432e-05
cnv_depth__IBNLCO_05827__Cyclohexanone__CDS,-7.244418190118922e-05,7.244418190118922e-05
cnv_depth__IBNLCO_05303__IBNLCO_05303__gene__promoter,-7.208482451209889e-05,7.208482451209889e-05
cnv_depth__IBNLCO_01691__IBNLCO_01691__gene__promoter,7.088510219887731e-05,7.088510219887731e-05
cnv_depth__IBNLCO_02464__hypothetical__CDS__promoter,7.018042415643289e-05,7.018042415643289e-05
cnv_depth__IBNLCO_03573__IBNLCO_03573__gene,6.972847054441652e-05,6.972847054441652e-05
cnv_depth__IBNLCO_04296__IBNLCO_04296__gene__promoter,-6.903277336285341e-05,6.903277336285341e-05
cnv_depth__IBNLCO_04701__hypothetical__CDS__promoter,-6.369850538292584e-05,6.369850538292584e-05
cnv_depth__IBNLCO_02300__LysR__CDS__promoter,-6.279196724407814e-05,6.279196724407814e-05
cnv_depth__IBNLCO_01879__gnl|Bakta|IBNLCO_01879__CDS__promoter,6.0134923109418336e-05,6.0134923109418336e-05
cnv_depth__IBNLCO_03143__IBNLCO_03143__gene__promoter,5.660712286017038e-05,5.660712286017038e-05
cnv_depth__IBNLCO_04510__IBNLCO_04510__gene,5.619628161730967e-05,5.619628161730967e-05
cnv_depth__IBNLCO_01239__IBNLCO_01239__gene__promoter,-5.087398689716596e-05,5.087398689716596e-05
cnv_depth__IBNLCO_05689__ATP-binding__CDS,-4.960607304133988e-05,4.960607304133988e-05
cnv_depth__IBNLCO_04516__IBNLCO_04516__gene,4.677303810355569e-05,4.677303810355569e-05
cnv_depth__IBNLCO_04490__hypothetical__CDS__promoter,4.6180913204297346e-05,4.6180913204297346e-05
cnv_depth__IBNLCO_04779__Glutathione__CDS,-4.430326809563716e-05,4.430326809563716e-05
cnv_depth__IBNLCO_03060__IBNLCO_03060__gene,4.3490898231445365e-05,4.3490898231445365e-05
cnv_depth__IBNLCO_04526__Iron__CDS__promoter,-3.7488496345018774e-05,3.7488496345018774e-05
cnv_depth__IBNLCO_00881__Amino__CDS,-3.658983009085495e-05,3.658983009085495e-05
cnv_depth__IBNLCO_04617__IBNLCO_04617__gene__promoter,-3.23251893226956e-05,3.23251893226956e-05
cnv_depth__IBNLCO_03404__Citrate__CDS,3.2230282066295066e-05,3.2230282066295066e-05
cnv_depth__IBNLCO_03304__chemotaxis-specific__CDS,-3.182801348833337e-05,3.182801348833337e-05
cnv_depth__IBNLCO_03429__IBNLCO_03429__gene,-3.1261080677566506e-05,3.1261080677566506e-05
cnv_depth__IBNLCO_01679__cobN__gene,3.0113976398445458e-05,3.0113976398445458e-05
cnv_depth__IBNLCO_02111__IBNLCO_02111__gene__promoter,2.8279027738723778e-05,2.8279027738723778e-05
cnv_depth__IBNLCO_04656__TauD/TfdA-like__CDS__promoter,-2.7964290920801977e-05,2.7964290920801977e-05
cnv_depth__IBNLCO_03451__Acetoacetate__CDS__promoter,2.5827622683684077e-05,2.5827622683684077e-05
cnv_depth__IBNLCO_04246__hypothetical__CDS__promoter,2.180491347401758e-05,2.180491347401758e-05
cnv_depth__IBNLCO_03036__IBNLCO_03036__gene,2.1569862294180832e-05,2.1569862294180832e-05
cnv_depth__IBNLCO_01422__Nudix__CDS,-1.836936515629806e-05,1.836936515629806e-05
cnv_depth__IBNLCO_03131__IBNLCO_03131__gene,1.7759460305747454e-05,1.7759460305747454e-05
cnv_depth__IBNLCO_04689__IBNLCO_04689__gene__promoter,1.5288040526187075e-05,1.5288040526187075e-05
cnv_depth__IBNLCO_05529__IBNLCO_05529__gene,1.3301351052033397e-05,1.3301351052033397e-05
cnv_depth__IBNLCO_05498__OXA-42__CDS,-1.3270093175622169e-05,1.3270093175622169e-05
cnv_depth__IBNLCO_02904__SHSP__CDS__promoter,1.181997512292653e-05,1.181997512292653e-05
cnv_depth__IBNLCO_03601__IBNLCO_03601__gene,8.501777708957564e-06,8.501777708957564e-06
cnv_depth__IBNLCO_05506__IBNLCO_05506__gene__promoter,5.221893548534751e-06,5.221893548534751e-06
cnv_depth__IBNLCO_02790__capsular__CDS__promoter,3.2442798772998808e-06,3.2442798772998808e-06
cnv_depth__IBNLCO_00504__IBNLCO_00504__gene__promoter,2.33755350202368e-06,2.33755350202368e-06
cnv_depth__IBNLCO_03118__trnT__gene,1.0426362942026267e-06,1.0426362942026267e-06
cnv_depth__IBNLCO_04651__gnl|Bakta|IBNLCO_04651__CDS__promoter,5.245379793562224e-07,5.245379793562224e-07
cnv_depth__IBNLCO_00976__Argininosuccinate__CDS,0.0,0.0
cnv_depth__IBNLCO_00974__IBNLCO_00974__gene,0.0,0.0
cnv_depth__IBNLCO_00972__IBNLCO_00972__gene,0.0,0.0
cnv_depth__IBNLCO_05444__IBNLCO_05444__gene,0.0,0.0
cnv_depth__IBNLCO_00989__Aldehyde__CDS,0.0,0.0
cnv_depth__IBNLCO_01014__yebQ__gene__promoter,0.0,0.0
cnv_depth__IBNLCO_01004__IBNLCO_01004__gene__promoter,0.0,0.0
cnv_depth__IBNLCO_05391__IBNLCO_05391__gene,0.0,0.0
cnv_depth__IBNLCO_01204__IBNLCO_01204__gene,0.0,0.0
cnv_depth__IBNLCO_05391__Catechol__CDS__promoter,0.0,0.0
cnv_depth__IBNLCO_05377__IBNLCO_05377__gene,0.0,0.0
cnv_depth__IBNLCO_01216__mdtC__gene,0.0,0.0
cnv_depth__IBNLCO_01213__cyclic__CDS,0.0,0.0
cnv_depth__IBNLCO_01212__IBNLCO_01212__gene,0.0,0.0
cnv_depth__IBNLCO_01208__Cytochrome__CDS__promoter,0.0,0.0
cnv_depth__IBNLCO_01151__IBNLCO_01151__gene,0.0,0.0
cnv_depth__IBNLCO_01049__Glyoxalase-like__CDS__promoter,0.0,0.0
cnv_depth__IBNLCO_01090__IBNLCO_01090__gene,0.0,0.0
cnv_depth__IBNLCO_01068__HTH__CDS__promoter,0.0,0.0
cnv_depth__IBNLCO_00949__IBNLCO_00949__gene__promoter,0.0,0.0
cnv_depth__IBNLCO_00948__Nicotinate-nucleotide--dimethylbenzimidazole__CDS,0.0,0.0
cnv_depth__IBNLCO_00947__ABC__CDS__promoter,0.0,0.0
cnv_depth__IBNLCO_00941__EVE__CDS,0.0,0.0
cnv_depth__IBNLCO_05483__dmeF__gene,0.0,0.0
cnv_depth__IBNLCO_05474__gnl|Bakta|IBNLCO_05474__CDS,0.0,0.0
cnv_depth__IBNLCO_01127__IBNLCO_01127__gene__promoter,0.0,0.0
cnv_depth__IBNLCO_00958__Light-independent__CDS__promoter,0.0,0.0
cnv_depth__IBNLCO_05411__IBNLCO_05411__gene,0.0,0.0
cnv_depth__IBNLCO_05404__IBNLCO_05404__gene,0.0,0.0
cnv_depth__IBNLCO_05397__IBNLCO_05397__gene,0.0,0.0
cnv_depth__IBNLCO_01125__ABC3__CDS,0.0,0.0
cnv_depth__IBNLCO_01112__Methylglyoxal__CDS,0.0,0.0
cnv_depth__IBNLCO_01130__Citrate-proton__CDS,0.0,0.0
cnv_depth__IBNLCO_01128__IBNLCO_01128__gene__promoter,0.0,0.0
cnv_depth__IBNLCO_01203__Solute-binding__CDS__promoter,0.0,0.0
cnv_depth__IBNLCO_05464__IBNLCO_05464__gene,0.0,0.0
cnv_depth__IBNLCO_01252__IBNLCO_01252__gene__promoter,0.0,0.0
cnv_depth__IBNLCO_01274__IBNLCO_01274__gene__promoter,0.0,0.0
cnv_depth__IBNLCO_01143__IBNLCO_01143__gene,0.0,0.0
cnv_depth__IBNLCO_01313__IBNLCO_01313__gene__promoter,0.0,0.0
cnv_depth__IBNLCO_01309__Carbamoyl__CDS,0.0,0.0
cnv_depth__IBNLCO_01306__Transcriptional__CDS,0.0,0.0
cnv_depth__IBNLCO_01248__eamA__gene__promoter,0.0,0.0
cnv_depth__IBNLCO_01247__hypothetical__CDS__promoter,0.0,0.0
cnv_depth__IBNLCO_01246__hypothetical__CDS__promoter,0.0,0.0
cnv_depth__IBNLCO_01041__IBNLCO_01041__gene,0.0,0.0
cnv_depth__IBNLCO_04470__Magnesium-transporting__CDS,0.0,0.0
cnv_depth__IBNLCO_03855__IBNLCO_03855__gene__promoter,0.0,0.0
cnv_depth__IBNLCO_03847__tRNA-Ser(gga)__tRNA,0.0,0.0
cnv_depth__IBNLCO_03841__Fumarate__CDS__promoter,0.0,0.0
cnv_depth__IBNLCO_03864__Integrase__CDS,0.0,0.0
cnv_depth__IBNLCO_03863__Glycerophosphoryl__CDS,0.0,0.0
cnv_depth__IBNLCO_03861__IBNLCO_03861__gene__promoter,0.0,0.0
cnv_depth__IBNLCO_03860__IBNLCO_03860__gene__promoter,0.0,0.0
cnv_depth__IBNLCO_03860__hypothetical__CDS,0.0,0.0
cnv_depth__IBNLCO_01241__hypothetical__CDS,0.0,0.0
cnv_depth__IBNLCO_01234__RecBCD__CDS__promoter,0.0,0.0
cnv_depth__IBNLCO_01227__Fe(3+)__CDS,0.0,0.0
cnv_depth__IBNLCO_01104__IBNLCO_01104__gene,0.0,0.0
cnv_depth__IBNLCO_01103__dTTP/UTP__CDS__promoter,0.0,0.0
cnv_depth__IBNLCO_01096__IBNLCO_01096__gene,0.0,0.0
cnv_depth__IBNLCO_05415__Acetoacetyl-CoA__CDS,0.0,0.0
cnv_depth__IBNLCO_05413__IBNLCO_05413__gene,0.0,0.0
cnv_depth__IBNLCO_03895__Transcriptional__CDS,0.0,0.0
cnv_depth__IBNLCO_03804__IBNLCO_03804__gene,0.0,0.0
cnv_depth__IBNLCO_01259__Sugar__CDS,0.0,0.0
cnv_depth__IBNLCO_03800__3-dehydroquinate__CDS__promoter,0.0,0.0
cnv_depth__IBNLCO_03798__IBNLCO_03798__gene,0.0,0.0
cnv_depth__IBNLCO_05374__IBNLCO_05374__gene,0.0,0.0
cnv_depth__IBNLCO_05371__Chemotaxis__CDS__promoter,0.0,0.0
cnv_depth__IBNLCO_05372__CheW-like__CDS,0.0,0.0
cnv_depth__IBNLCO_01261__IBNLCO_01261__gene__promoter,0.0,0.0
cnv_depth__IBNLCO_01261__diguanylate__CDS,0.0,0.0
cnv_depth__IBNLCO_01260__Transmembrane__CDS,0.0,0.0
cnv_depth__IBNLCO_01259__IBNLCO_01259__gene__promoter,0.0,0.0
cnv_depth__IBNLCO_03802__IBNLCO_03802__gene,0.0,0.0
cnv_depth__IBNLCO_00874__DUF192__CDS,0.0,0.0
cnv_depth__IBNLCO_00873__Elongation__CDS,0.0,0.0
cnv_depth__IBNLCO_00761__IBNLCO_00761__gene,0.0,0.0
cnv_depth__IBNLCO_00757__IBNLCO_00757__gene__promoter,0.0,0.0
cnv_depth__IBNLCO_00756__hypothetical__CDS__promoter,0.0,0.0
cnv_depth__IBNLCO_00747__DUF2889__CDS,0.0,0.0
cnv_depth__IBNLCO_05579__IBNLCO_05579__gene,0.0,0.0
cnv_depth__IBNLCO_05579__IBNLCO_05579__gene__promoter,0.0,0.0
cnv_depth__IBNLCO_00857__Exodeoxyribonuclease__CDS,0.0,0.0
cnv_depth__IBNLCO_01018__hypothetical__CDS,0.0,0.0
cnv_depth__IBNLCO_00850__murJ__gene,0.0,0.0
cnv_depth__IBNLCO_00849__Small__CDS__promoter,0.0,0.0
cnv_depth__IBNLCO_05513__hypothetical__CDS__promoter,0.0,0.0
cnv_depth__IBNLCO_05510__prnD__gene__promoter,0.0,0.0
cnv_depth__IBNLCO_05509__prnC__gene,0.0,0.0
cnv_depth__IBNLCO_05509__prnC__gene__promoter,0.0,0.0
cnv_depth__IBNLCO_05508__prnB__gene,0.0,0.0
cnv_depth__IBNLCO_05507__prnA__gene,0.0,0.0
cnv_depth__IBNLCO_05507__prnA__gene__promoter,0.0,0.0
cnv_depth__IBNLCO_00852__3-hydroxyacyl-CoA__CDS__promoter,0.0,0.0
cnv_depth__IBNLCO_00767__SnoaL-like__CDS__promoter,0.0,0.0
cnv_depth__IBNLCO_00766__IBNLCO_00766__gene,0.0,0.0
cnv_depth__IBNLCO_00792__bpeB__gene,0.0,0.0
cnv_depth__IBNLCO_00730__IBNLCO_00730__gene__promoter,0.0,0.0
cnv_depth__IBNLCO_00729__IBNLCO_00729__gene__promoter,0.0,0.0
cnv_depth__IBNLCO_05591__ImpA__CDS__promoter,0.0,0.0
cnv_depth__IBNLCO_05587__IBNLCO_05587__gene,0.0,0.0
cnv_depth__IBNLCO_05584__Chaperone__CDS,0.0,0.0
cnv_depth__IBNLCO_05583__IBNLCO_05583__gene,0.0,0.0
cnv_depth__IBNLCO_00843__Cys-tRNA(Pro)/Cys-tRNA(Cys)__CDS,0.0,0.0
cnv_depth__IBNLCO_00745__recA__gene,0.0,0.0
cnv_depth__IBNLCO_00742__nanT__gene,0.0,0.0
cnv_depth__IBNLCO_05551__Thioesterase__CDS__promoter,0.0,0.0
cnv_depth__IBNLCO_05541__IBNLCO_05541__gene__promoter,0.0,0.0
cnv_depth__IBNLCO_05534__IBNLCO_05534__gene,0.0,0.0
cnv_depth__IBNLCO_05532__IBNLCO_05532__gene,0.0,0.0
cnv_depth__IBNLCO_00848__gnl|Bakta|IBNLCO_00848__CDS__promoter,0.0,0.0
cnv_depth__IBNLCO_00845__UPF0234__CDS__promoter,0.0,0.0
cnv_depth__IBNLCO_00846__UDP-N-acetylenolpyruvoylglucosamine__CDS__promoter,0.0,0.0
cnv_depth__IBNLCO_05582__DUF4123__CDS__promoter,0.0,0.0
cnv_depth__IBNLCO_00952__IBNLCO_00952__gene__promoter,0.0,0.0
cnv_depth__IBNLCO_00952__Cobalamin-binding__CDS,0.0,0.0
cnv_depth__IBNLCO_00983__Phosphoenolpyruvate__CDS,0.0,0.0
cnv_depth__IBNLCO_00980__IBNLCO_00980__gene,0.0,0.0
cnv_depth__IBNLCO_00977__IBNLCO_00977__gene,0.0,0.0
cnv_depth__IBNLCO_00880__clpA__gene,0.0,0.0
cnv_depth__IBNLCO_00880__clpA__gene__promoter,0.0,0.0
cnv_depth__IBNLCO_00879__clpS__gene,0.0,0.0
cnv_depth__IBNLCO_05506__gnl|Bakta|IBNLCO_05506__CDS,0.0,0.0
cnv_depth__IBNLCO_00890__IBNLCO_00890__gene__promoter,0.0,0.0
cnv_depth__IBNLCO_04454__IBNLCO_04454__gene,0.0,0.0
cnv_depth__IBNLCO_04433__IBNLCO_04433__gene,0.0,0.0
cnv_depth__IBNLCO_03899__gnl|Bakta|IBNLCO_03899__CDS,0.0,0.0
cnv_depth__IBNLCO_03926__Spermidine/putrescine__CDS,0.0,0.0
cnv_depth__IBNLCO_03950__IBNLCO_03950__gene,0.0,0.0
cnv_depth__IBNLCO_01039__IBNLCO_01039__gene,0.0,0.0
cnv_depth__IBNLCO_01031__gnl|Bakta|IBNLCO_01031__CDS__promoter,0.0,0.0
cnv_depth__IBNLCO_01031__gnl|Bakta|IBNLCO_01031__CDS,0.0,0.0
cnv_depth__IBNLCO_00770__Branched-chain-amino-acid__CDS__promoter,0.0,0.0
cnv_depth__IBNLCO_03866__lysM__gene__promoter,0.0,0.0
cnv_depth__IBNLCO_00881__IBNLCO_00881__gene__promoter,0.0,0.0
cnv_depth__IBNLCO_00791__Bcj14__gene__promoter,0.0,0.0
cnv_depth__IBNLCO_00812__IBNLCO_00812__gene,0.0,0.0
cnv_depth__IBNLCO_03947__IBNLCO_03947__gene__promoter,0.0,0.0
cnv_depth__IBNLCO_03966__IBNLCO_03966__gene,0.0,0.0
cnv_depth__IBNLCO_03965__2-aminoethylphosphonate--pyruvate__CDS__promoter,0.0,0.0
cnv_depth__IBNLCO_03837__IBNLCO_03837__gene__promoter,0.0,0.0
cnv_depth__IBNLCO_03834__ncS011__gene__promoter,0.0,0.0
cnv_depth__IBNLCO_04474__Twin-arginine__CDS,0.0,0.0
cnv_depth__IBNLCO_00955__Bifunctional__CDS,0.0,0.0
cnv_depth__IBNLCO_00934__IBNLCO_00934__gene,0.0,0.0
cnv_depth__IBNLCO_00933__putative__CDS,0.0,0.0
cnv_depth__IBNLCO_00933__putative__CDS__promoter,0.0,0.0
cnv_depth__IBNLCO_00932__Lipopolysaccharide__CDS,0.0,0.0
cnv_depth__IBNLCO_00931__lptG__gene__promoter,0.0,0.0
cnv_depth__IBNLCO_00931__LPS__CDS,0.0,0.0
cnv_depth__IBNLCO_00921__HTH__CDS,0.0,0.0
cnv_depth__IBNLCO_00920__gnl|Bakta|IBNLCO_00920__CDS__promoter,0.0,0.0
cnv_depth__IBNLCO_00949__Adenosylcobinamide-GDP__CDS,0.0,0.0
cnv_depth__IBNLCO_05497__DUF4148__CDS,0.0,0.0
cnv_depth__IBNLCO_01660__IBNLCO_01660__gene,0.0,0.0
cnv_depth__IBNLCO_01658__Short__CDS,0.0,0.0
cnv_depth__IBNLCO_01534__DUF2147__CDS__promoter,0.0,0.0
cnv_depth__IBNLCO_01543__Pilus__CDS,0.0,0.0
cnv_depth__IBNLCO_04491__IBNLCO_04491__gene__promoter,0.0,0.0
cnv_depth__IBNLCO_04487__Major__CDS,0.0,0.0
cnv_depth__IBNLCO_03819__IBNLCO_03819__gene__promoter,0.0,0.0
cnv_depth__IBNLCO_03816__IBNLCO_03816__gene,0.0,0.0
cnv_depth__IBNLCO_03831__IBNLCO_03831__gene__promoter,0.0,0.0
cnv_depth__IBNLCO_01338__Na+__CDS,0.0,0.0
cnv_depth__IBNLCO_01719__AraC__CDS__promoter,0.0,0.0
cnv_depth__IBNLCO_01657__gnl|Bakta|IBNLCO_01657__CDS,0.0,0.0
cnv_depth__IBNLCO_01654__rbsA__gene__promoter,0.0,0.0
cnv_depth__IBNLCO_05181__IBNLCO_05181__gene,0.0,0.0
cnv_depth__IBNLCO_01668__ABC__CDS__promoter,0.0,0.0
cnv_depth__IBNLCO_01668__ABC__CDS,0.0,0.0
cnv_depth__IBNLCO_01667__DUF1993__CDS,0.0,0.0
cnv_depth__IBNLCO_01663__IBNLCO_01663__gene,0.0,0.0
cnv_depth__IBNLCO_01662__TauD/TfdA-like__CDS__promoter,0.0,0.0
cnv_depth__IBNLCO_03829__BTH_s39__gene,0.0,0.0
cnv_depth__IBNLCO_03838__IBNLCO_03838__gene,0.0,0.0
cnv_depth__IBNLCO_03750__ceoB__gene,0.0,0.0
cnv_depth__IBNLCO_03749__bepF__gene,0.0,0.0
cnv_depth__IBNLCO_03749__bepF__gene__promoter,0.0,0.0
cnv_depth__IBNLCO_03733__IBNLCO_03733__gene,0.0,0.0
cnv_depth__IBNLCO_05229__IBNLCO_05229__gene,0.0,0.0
cnv_depth__IBNLCO_05217__IBNLCO_05217__gene__promoter,0.0,0.0
cnv_depth__IBNLCO_01561__STAS__CDS__promoter,0.0,0.0
cnv_depth__IBNLCO_01556__Long-chain-fatty-acid--CoA__CDS__promoter,0.0,0.0
cnv_depth__IBNLCO_01639__IBNLCO_01639__gene__promoter,0.0,0.0
cnv_depth__IBNLCO_01570__IBNLCO_01570__gene__promoter,0.0,0.0
cnv_depth__IBNLCO_01568__23S__CDS__promoter,0.0,0.0
cnv_depth__IBNLCO_01563__Phospholipase__CDS,0.0,0.0
cnv_depth__IBNLCO_01562__IBNLCO_01562__gene,0.0,0.0
cnv_depth__IBNLCO_01585__IBNLCO_01585__gene__promoter,0.0,0.0
cnv_depth__IBNLCO_05216__Aconitate__CDS,0.0,0.0
cnv_depth__IBNLCO_01649__IBNLCO_01649__gene__promoter,0.0,0.0
cnv_depth__IBNLCO_01643__IBNLCO_01643__gene,0.0,0.0
cnv_depth__IBNLCO_01642__oprM__gene__promoter,0.0,0.0
cnv_depth__IBNLCO_01572__IBNLCO_01572__gene,0.0,0.0
cnv_depth__IBNLCO_01707__RNA-binding__CDS,0.0,0.0
cnv_depth__IBNLCO_01713__Major__CDS,0.0,0.0
cnv_depth__IBNLCO_05150__IBNLCO_05150__gene,0.0,0.0
cnv_depth__IBNLCO_01733__IBNLCO_01733__gene,0.0,0.0
cnv_depth__IBNLCO_01725__IBNLCO_01725__gene,0.0,0.0
cnv_depth__IBNLCO_01744__IBNLCO_01744__gene,0.0,0.0
cnv_depth__IBNLCO_01744__IBNLCO_01744__gene__promoter,0.0,0.0
cnv_depth__IBNLCO_01738__gnl|Bakta|IBNLCO_01738__CDS,0.0,0.0
cnv_depth__IBNLCO_01737__IBNLCO_01737__gene,0.0,0.0
cnv_depth__IBNLCO_01661__IBNLCO_01661__gene,0.0,0.0
cnv_depth__IBNLCO_01785__IBNLCO_01785__gene,0.0,0.0
cnv_depth__IBNLCO_01780__hypothetical__CDS__promoter,0.0,0.0
cnv_depth__IBNLCO_05165__IBNLCO_05165__gene__promoter,0.0,0.0
cnv_depth__IBNLCO_04503__IBNLCO_04503__gene__promoter,0.0,0.0
cnv_depth__IBNLCO_04502__IBNLCO_04502__gene__promoter,0.0,0.0
cnv_depth__IBNLCO_04498__IBNLCO_04498__gene__promoter,0.0,0.0
cnv_depth__IBNLCO_04495__IBNLCO_04495__gene,0.0,0.0
cnv_depth__IBNLCO_03725__iclR__gene,0.0,0.0
cnv_depth__IBNLCO_03722__IBNLCO_03722__gene,0.0,0.0
cnv_depth__IBNLCO_01734__IBNLCO_01734__gene,0.0,0.0
cnv_depth__IBNLCO_01674__IBNLCO_01674__gene,0.0,0.0
cnv_depth__IBNLCO_01673__phosphoribosylglycinamide__CDS__promoter,0.0,0.0
cnv_depth__IBNLCO_01639__IBNLCO_01639__gene,0.0,0.0
cnv_depth__IBNLCO_01589__DUF559__CDS__promoter,0.0,0.0
cnv_depth__IBNLCO_01588__IBNLCO_01588__gene,0.0,0.0
cnv_depth__IBNLCO_01586__ssuB__gene,0.0,0.0
cnv_depth__IBNLCO_04493__IBNLCO_04493__gene__promoter,0.0,0.0
cnv_depth__IBNLCO_03770__IBNLCO_03770__gene__promoter,0.0,0.0
cnv_depth__IBNLCO_03760__IBNLCO_03760__gene,0.0,0.0
cnv_depth__IBNLCO_01707__RNA-binding__CDS__promoter,0.0,0.0
cnv_depth__IBNLCO_03782__IBNLCO_03782__gene,0.0,0.0
cnv_depth__IBNLCO_03772__malR__gene,0.0,0.0
cnv_depth__IBNLCO_03693__IBNLCO_03693__gene,0.0,0.0
cnv_depth__IBNLCO_05159__Luciferase-like__CDS,0.0,0.0
cnv_depth__IBNLCO_01693__Glycosyl__CDS,0.0,0.0
cnv_depth__IBNLCO_01690__IBNLCO_01690__gene,0.0,0.0
cnv_depth__IBNLCO_01703__Carbamate__CDS,0.0,0.0
cnv_depth__IBNLCO_01700__IBNLCO_01700__gene,0.0,0.0
cnv_depth__IBNLCO_01711__osmF__gene__promoter,0.0,0.0
cnv_depth__IBNLCO_01710__IBNLCO_01710__gene,0.0,0.0
cnv_depth__IBNLCO_03787__Permease__CDS,0.0,0.0
cnv_depth__IBNLCO_01404__Spore__CDS,0.0,0.0
cnv_depth__IBNLCO_01404__IBNLCO_01404__gene__promoter,0.0,0.0
cnv_depth__IBNLCO_01401__IBNLCO_01401__gene,0.0,0.0
cnv_depth__IBNLCO_01415__IBNLCO_01415__gene__promoter,0.0,0.0
cnv_depth__IBNLCO_01412__IBNLCO_01412__gene,0.0,0.0
cnv_depth__IBNLCO_01316__Phosphoglucosamine__CDS,0.0,0.0
cnv_depth__IBNLCO_01316__IBNLCO_01316__gene__promoter,0.0,0.0
cnv_depth__IBNLCO_01315__Dihydropteroate__CDS,0.0,0.0
cnv_depth__IBNLCO_01350__DUF4123__CDS,0.0,0.0
cnv_depth__IBNLCO_03824__Pathogen-specific__CDS__promoter,0.0,0.0
cnv_depth__IBNLCO_01339__IBNLCO_01339__gene__promoter,0.0,0.0
cnv_depth__IBNLCO_01428__IBNLCO_01428__gene,0.0,0.0
cnv_depth__IBNLCO_01427__IBNLCO_01427__gene,0.0,0.0
cnv_depth__IBNLCO_05276__IBNLCO_05276__gene__promoter,0.0,0.0
cnv_depth__IBNLCO_05275__HTH-type__CDS,0.0,0.0
cnv_depth__IBNLCO_01438__IBNLCO_01438__gene,0.0,0.0
cnv_depth__IBNLCO_01434__IBNLCO_01434__gene,0.0,0.0
cnv_depth__IBNLCO_01447__Myo-inositol__CDS__promoter,0.0,0.0
cnv_depth__IBNLCO_01446__Myo-inositol__CDS__promoter,0.0,0.0
cnv_depth__IBNLCO_01341__IBNLCO_01341__gene__promoter,0.0,0.0
cnv_depth__IBNLCO_01335__IBNLCO_01335__gene__promoter,0.0,0.0
cnv_depth__IBNLCO_01360__1%2C4-alpha-glucan__CDS,0.0,0.0
cnv_depth__IBNLCO_01358__Malto-oligosyltrehalose__CDS,0.0,0.0
cnv_depth__IBNLCO_01377__IBNLCO_01377__gene,0.0,0.0
cnv_depth__IBNLCO_01375__IBNLCO_01375__gene,0.0,0.0
cnv_depth__IBNLCO_01373__IBNLCO_01373__gene,0.0,0.0
cnv_depth__IBNLCO_01267__Glutamine--fructose-6-phosphate__CDS,0.0,0.0
cnv_depth__IBNLCO_01265__Transcriptional__CDS,0.0,0.0
cnv_depth__IBNLCO_05330__UDP-glucose:undecaprenyl-phosphate__CDS,0.0,0.0
cnv_depth__IBNLCO_01407__Pili__CDS__promoter,0.0,0.0
cnv_depth__IBNLCO_01288__Putative__CDS,0.0,0.0
cnv_depth__IBNLCO_01286__Malonate__CDS,0.0,0.0
cnv_depth__IBNLCO_01284__hypothetical__CDS,0.0,0.0
cnv_depth__IBNLCO_01282__HTH-type__CDS,0.0,0.0
cnv_depth__IBNLCO_01295__Serine__CDS,0.0,0.0
cnv_depth__IBNLCO_05303__IBNLCO_05303__gene,0.0,0.0
cnv_depth__IBNLCO_05301__IBNLCO_05301__gene,0.0,0.0
cnv_depth__IBNLCO_05298__IBNLCO_05298__gene__promoter,0.0,0.0
cnv_depth__IBNLCO_05298__IBNLCO_05298__gene,0.0,0.0
cnv_depth__IBNLCO_01289__Biotin-independent__CDS,0.0,0.0
cnv_depth__IBNLCO_01408__PapC-like__CDS,0.0,0.0
cnv_depth__IBNLCO_01431__nudF__gene,0.0,0.0
cnv_depth__IBNLCO_01579__trnfM__gene,0.0,0.0
cnv_depth__IBNLCO_01575__IBNLCO_01575__gene,0.0,0.0
cnv_depth__IBNLCO_01499__Phenylalanine--tRNA__CDS,0.0,0.0
cnv_depth__IBNLCO_01499__IBNLCO_01499__gene__promoter,0.0,0.0
cnv_depth__IBNLCO_01491__IBNLCO_01491__gene,0.0,0.0
cnv_depth__IBNLCO_05249__rpoD__gene,0.0,0.0
cnv_depth__IBNLCO_01519__rimP__gene__promoter,0.0,0.0
cnv_depth__IBNLCO_01444__luxP__gene,0.0,0.0
cnv_depth__IBNLCO_01508__IBNLCO_01508__gene,0.0,0.0
cnv_depth__IBNLCO_01533__IBNLCO_01533__gene,0.0,0.0
cnv_depth__IBNLCO_01532__gnl|Bakta|IBNLCO_01532__CDS,0.0,0.0
cnv_depth__IBNLCO_01528__bipA__gene,0.0,0.0
cnv_depth__IBNLCO_01540__IBNLCO_01540__gene__promoter,0.0,0.0
cnv_depth__IBNLCO_01455__IBNLCO_01455__gene,0.0,0.0
cnv_depth__IBNLCO_01473__IBNLCO_01473__gene,0.0,0.0
cnv_depth__IBNLCO_01473__CBS__CDS__promoter,0.0,0.0
cnv_depth__IBNLCO_03825__IBNLCO_03825__gene,0.0,0.0
cnv_depth__IBNLCO_01518__Bp1_162__gene,0.0,0.0
cnv_depth__IBNLCO_01443__Xylose__CDS__promoter,0.0,0.0
cnv_depth__IBNLCO_01458__MFS__CDS__promoter,0.0,0.0
cnv_depth__IBNLCO_01458__IBNLCO_01458__gene,0.0,0.0
cnv_depth__IBNLCO_01386__Type__CDS,0.0,0.0
cnv_depth__IBNLCO_01382__hypothetical__CDS__promoter,0.0,0.0
cnv_depth__IBNLCO_01381__IBNLCO_01381__gene,0.0,0.0
cnv_depth__IBNLCO_05305__IBNLCO_05305__gene,0.0,0.0
cnv_depth__IBNLCO_01467__cpdA__gene,0.0,0.0
cnv_depth__IBNLCO_01466__hypothetical__CDS__promoter,0.0,0.0
cnv_depth__IBNLCO_01410__histidine__CDS__promoter,0.0,0.0
cnv_depth__IBNLCO_05275__HTH-type__CDS__promoter,0.0,0.0
cnv_depth__IBNLCO_05268__IBNLCO_05268__gene,0.0,0.0
cnv_depth__IBNLCO_05265__IBNLCO_05265__gene,0.0,0.0
cnv_depth__IBNLCO_05257__Octaprenyl__CDS__promoter,0.0,0.0
cnv_depth__IBNLCO_01488__LysR__CDS,0.0,0.0
cnv_depth__IBNLCO_01488__LysR__CDS__promoter,0.0,0.0
cnv_depth__IBNLCO_01482__IBNLCO_01482__gene,0.0,0.0
cnv_depth__IBNLCO_01481__IBNLCO_01481__gene,0.0,0.0
cnv_depth__IBNLCO_01479__IBNLCO_01479__gene,0.0,0.0
cnv_depth__IBNLCO_01474__lplT__gene,0.0,0.0
cnv_depth__IBNLCO_01463__IBNLCO_01463__gene,0.0,0.0
cnv_depth__IBNLCO_00243__IBNLCO_00243__gene,0.0,0.0
cnv_depth__IBNLCO_00199__clpQ__gene,0.0,0.0
cnv_depth__IBNLCO_00198__ATP-dependent__CDS,0.0,0.0
cnv_depth__IBNLCO_05777__IBNLCO_05777__gene,0.0,0.0
cnv_depth__IBNLCO_04214__malT__gene__promoter,0.0,0.0
cnv_depth__IBNLCO_04356__IBNLCO_04356__gene,0.0,0.0
cnv_depth__IBNLCO_04352__IBNLCO_04352__gene__promoter,0.0,0.0
cnv_depth__IBNLCO_04346__IBNLCO_04346__gene__promoter,0.0,0.0
cnv_depth__IBNLCO_04249__Vanillin__CDS__promoter,0.0,0.0
cnv_depth__IBNLCO_05578__IBNLCO_05578__gene__promoter,0.0,0.0
cnv_depth__IBNLCO_00247__ABC__CDS__promoter,0.0,0.0
cnv_depth__IBNLCO_00246__Dipeptide__CDS,0.0,0.0
cnv_depth__IBNLCO_05745__IBNLCO_05745__gene,0.0,0.0
cnv_depth__IBNLCO_05741__UDP-glucuronate__CDS,0.0,0.0
cnv_depth__IBNLCO_00271__flgF__gene,0.0,0.0
cnv_depth__IBNLCO_00269__flgD__gene__promoter,0.0,0.0
cnv_depth__IBNLCO_00268__flgC__gene__promoter,0.0,0.0
cnv_depth__IBNLCO_00264__flgN__gene,0.0,0.0
cnv_depth__IBNLCO_00220__Alcohol__CDS,0.0,0.0
cnv_depth__IBNLCO_04247__tRNA-Leu(gag)__tRNA,0.0,0.0
cnv_depth__IBNLCO_04257__Autoinducer__CDS,0.0,0.0
cnv_depth__IBNLCO_04256__Monosaccharide__CDS,0.0,0.0
cnv_depth__IBNLCO_04162__IBNLCO_04162__gene,0.0,0.0
cnv_depth__IBNLCO_04156__Betaine__CDS,0.0,0.0
cnv_depth__IBNLCO_04175__IBNLCO_04175__gene,0.0,0.0
cnv_depth__IBNLCO_05772__Polyketide__CDS,0.0,0.0
cnv_depth__IBNLCO_05770__IBNLCO_05770__gene__promoter,0.0,0.0
cnv_depth__IBNLCO_05768__Dihydrolipoyl__CDS__promoter,0.0,0.0
cnv_depth__IBNLCO_00213__eamA__gene,0.0,0.0
cnv_depth__IBNLCO_00245__IBNLCO_00245__gene,0.0,0.0
cnv_depth__IBNLCO_00206__IBNLCO_00206__gene,0.0,0.0
cnv_depth__IBNLCO_00205__IBNLCO_00205__gene,0.0,0.0
cnv_depth__IBNLCO_00204__3'%2C5'-cyclic-nucleotide__CDS__promoter,0.0,0.0
cnv_depth__IBNLCO_00204__3'%2C5'-cyclic-nucleotide__CDS,0.0,0.0
cnv_depth__IBNLCO_00232__IBNLCO_00232__gene,0.0,0.0
cnv_depth__IBNLCO_00231__flhB__gene,0.0,0.0
cnv_depth__IBNLCO_00229__fliT__gene__promoter,0.0,0.0
cnv_depth__IBNLCO_00227__fliE__gene__promoter,0.0,0.0
cnv_depth__IBNLCO_00226__flagellar__CDS__promoter,0.0,0.0
cnv_depth__IBNLCO_00209__IBNLCO_00209__gene,0.0,0.0
cnv_depth__IBNLCO_00252__gnl|Bakta|IBNLCO_00252__CDS,0.0,0.0
cnv_depth__IBNLCO_00248__ABC-type__CDS__promoter,0.0,0.0
cnv_depth__IBNLCO_00303__Copper-translocating__CDS__promoter,0.0,0.0
cnv_depth__IBNLCO_00303__IBNLCO_00303__gene,0.0,0.0
cnv_depth__IBNLCO_00296__IBNLCO_00296__gene,0.0,0.0
cnv_depth__IBNLCO_00293__hypothetical__CDS__promoter,0.0,0.0
cnv_depth__IBNLCO_00291__Carbohydrate__CDS__promoter,0.0,0.0
cnv_depth__IBNLCO_00290__IBNLCO_00290__gene,0.0,0.0
cnv_depth__IBNLCO_00289__IBNLCO_00289__gene,0.0,0.0
cnv_depth__IBNLCO_00220__Alcohol__CDS__promoter,0.0,0.0
cnv_depth__IBNLCO_05707__DUF421__CDS__promoter,0.0,0.0
cnv_depth__IBNLCO_00312__IBNLCO_00312__gene,0.0,0.0
cnv_depth__IBNLCO_00310__Cation__CDS__promoter,0.0,0.0
cnv_depth__IBNLCO_00309__IBNLCO_00309__gene,0.0,0.0
cnv_depth__IBNLCO_00308__IBNLCO_00308__gene,0.0,0.0
cnv_depth__IBNLCO_00304__lemA__gene__promoter,0.0,0.0
cnv_depth__IBNLCO_00322__IBNLCO_00322__gene,0.0,0.0
cnv_depth__IBNLCO_00261__IBNLCO_00261__gene,0.0,0.0
cnv_depth__IBNLCO_04214__HTH-type__CDS,0.0,0.0
cnv_depth__IBNLCO_05712__IBNLCO_05712__gene,0.0,0.0
cnv_depth__IBNLCO_00219__Acyl-CoA__CDS__promoter,0.0,0.0
cnv_depth__IBNLCO_05757__BON__CDS,0.0,0.0
cnv_depth__IBNLCO_00235__rqpR__gene,0.0,0.0
cnv_depth__IBNLCO_00234__bcaP__gene__promoter,0.0,0.0
cnv_depth__IBNLCO_00234__bcaP__gene,0.0,0.0
cnv_depth__IBNLCO_00233__Putative__CDS__promoter,0.0,0.0
cnv_depth__IBNLCO_00279__IBNLCO_00279__gene,0.0,0.0
cnv_depth__IBNLCO_00275__flgJ__gene,0.0,0.0
cnv_depth__IBNLCO_05733__IBNLCO_05733__gene,0.0,0.0
cnv_depth__IBNLCO_00255__IBNLCO_00255__gene,0.0,0.0
cnv_depth__IBNLCO_05718__IBNLCO_05718__gene__promoter,0.0,0.0
cnv_depth__IBNLCO_05717__mipA__gene,0.0,0.0
cnv_depth__IBNLCO_00288__IBNLCO_00288__gene__promoter,0.0,0.0
cnv_depth__IBNLCO_00283__IBNLCO_00283__gene,0.0,0.0
cnv_depth__IBNLCO_00282__IBNLCO_00282__gene,0.0,0.0
cnv_depth__IBNLCO_00281__IBNLCO_00281__gene,0.0,0.0
cnv_depth__IBNLCO_00281__IBNLCO_00281__gene__promoter,0.0,0.0
cnv_depth__IBNLCO_00236__histidine__CDS__promoter,0.0,0.0
cnv_depth__IBNLCO_00257__IBNLCO_00257__gene__promoter,0.0,0.0
cnv_depth__IBNLCO_05719__IBNLCO_05719__gene,0.0,0.0
cnv_depth__IBNLCO_04297__p-aminobenzoate__CDS,0.0,0.0
cnv_depth__IBNLCO_00002__IBNLCO_00002__gene,0.0,0.0
cnv_depth__IBNLCO_04336__DNA__CDS__promoter,0.0,0.0
cnv_depth__IBNLCO_04335__phosphodiesterase__CDS,0.0,0.0
cnv_depth__IBNLCO_04335__phosphodiesterase__CDS__promoter,0.0,0.0
cnv_depth__IBNLCO_04333__IBNLCO_04333__gene,0.0,0.0
cnv_depth__IBNLCO_04310__hypothetical__CDS,0.0,0.0
cnv_depth__IBNLCO_04308__IBNLCO_04308__gene__promoter,0.0,0.0
cnv_depth__IBNLCO_04308__hypothetical__CDS,0.0,0.0
cnv_depth__IBNLCO_04261__2-keto-3-deoxy-L-fuconate__CDS__promoter,0.0,0.0
cnv_depth__IBNLCO_05844__IBNLCO_05844__gene,0.0,0.0
cnv_depth__IBNLCO_00088__yaeQ__gene,0.0,0.0
cnv_depth__IBNLCO_00086__Spermidine__CDS,0.0,0.0
cnv_depth__IBNLCO_00085__Transmembrane__CDS__promoter,0.0,0.0
cnv_depth__IBNLCO_00085__Transmembrane__CDS,0.0,0.0
cnv_depth__IBNLCO_00100__Histone__CDS,0.0,0.0
cnv_depth__IBNLCO_00065__gnl|Bakta|IBNLCO_00065__CDS__promoter,0.0,0.0
cnv_depth__IBNLCO_00063__enoyl-CoA__CDS,0.0,0.0
cnv_depth__IBNLCO_00062__IBNLCO_00062__gene__promoter,0.0,0.0
cnv_depth__IBNLCO_00004__IBNLCO_00004__gene,0.0,0.0
cnv_depth__IBNLCO_00030__fliP__gene,0.0,0.0
cnv_depth__IBNLCO_00047__Branched-chain__CDS__promoter,0.0,0.0
cnv_depth__IBNLCO_00047__IBNLCO_00047__gene,0.0,0.0
cnv_depth__IBNLCO_00003__tRNA__CDS__promoter,0.0,0.0
cnv_depth__IBNLCO_05836__Glutamate__CDS,0.0,0.0
cnv_depth__IBNLCO_00020__IBNLCO_00020__gene__promoter,0.0,0.0
cnv_depth__IBNLCO_00018__Type__CDS__promoter,0.0,0.0
cnv_depth__IBNLCO_00016__gspL__gene,0.0,0.0
cnv_depth__IBNLCO_00022__Multidrug__CDS__promoter,0.0,0.0
cnv_depth__IBNLCO_04298__Glutathione__CDS__promoter,0.0,0.0
cnv_depth__IBNLCO_00034__SAM-dependent__CDS,0.0,0.0
cnv_depth__IBNLCO_04293__IBNLCO_04293__gene,0.0,0.0
cnv_depth__IBNLCO_04288__Chemotaxis__CDS,0.0,0.0
cnv_depth__IBNLCO_04299__IBNLCO_04299__gene__promoter,0.0,0.0
cnv_depth__IBNLCO_04317__UspA__CDS,0.0,0.0
cnv_depth__IBNLCO_00056__padR__gene__promoter,0.0,0.0
cnv_depth__IBNLCO_04322__gnl|Bakta|IBNLCO_04322__CDS,0.0,0.0
cnv_depth__IBNLCO_00001__IBNLCO_00001__gene__promoter,0.0,0.0
cnv_depth__IBNLCO_00005__yciC__gene,0.0,0.0
cnv_depth__IBNLCO_00036__IBNLCO_00036__gene,0.0,0.0
cnv_depth__IBNLCO_05807__Porin__CDS,0.0,0.0
cnv_depth__IBNLCO_05806__Thiol:disulfide__CDS,0.0,0.0
cnv_depth__IBNLCO_00226__fliF__gene,0.0,0.0
cnv_depth__IBNLCO_00223__fliI__gene,0.0,0.0
cnv_depth__IBNLCO_00184__IBNLCO_00184__gene,0.0,0.0
cnv_depth__IBNLCO_00182__Glutamyl-tRNA(Gln)__CDS,0.0,0.0
cnv_depth__IBNLCO_00179__mreC__gene,0.0,0.0
cnv_depth__IBNLCO_05784__Sulfate__CDS,0.0,0.0
cnv_depth__IBNLCO_00193__HAD__CDS__promoter,0.0,0.0
cnv_depth__IBNLCO_00060__IBNLCO_00060__gene__promoter,0.0,0.0
cnv_depth__IBNLCO_00192__slmA__gene,0.0,0.0
cnv_depth__IBNLCO_00191__IBNLCO_00191__gene,0.0,0.0
cnv_depth__IBNLCO_00190__IBNLCO_00190__gene,0.0,0.0
cnv_depth__IBNLCO_00202__IBNLCO_00202__gene__promoter,0.0,0.0
cnv_depth__IBNLCO_00202__PUA__CDS,0.0,0.0
cnv_depth__IBNLCO_00093__IBNLCO_00093__gene,0.0,0.0
cnv_depth__IBNLCO_00111__IBNLCO_00111__gene__promoter,0.0,0.0
cnv_depth__IBNLCO_00111__IBNLCO_00111__gene,0.0,0.0
cnv_depth__IBNLCO_04237__gerE__gene,0.0,0.0
cnv_depth__IBNLCO_00194__Acetylglutamate__CDS,0.0,0.0
cnv_depth__IBNLCO_00043__Type__CDS,0.0,0.0
cnv_depth__IBNLCO_00040__Transcriptional__CDS__promoter,0.0,0.0
cnv_depth__IBNLCO_00039__IBNLCO_00039__gene,0.0,0.0
cnv_depth__IBNLCO_05835__Peptidase__CDS,0.0,0.0
cnv_depth__IBNLCO_05833__IBNLCO_05833__gene,0.0,0.0
cnv_depth__IBNLCO_05829__IBNLCO_05829__gene,0.0,0.0
cnv_depth__IBNLCO_05827__IBNLCO_05827__gene__promoter,0.0,0.0
cnv_depth__IBNLCO_00109__D-2-hydroxyacid__CDS,0.0,0.0
cnv_depth__IBNLCO_00108__PNPLA__CDS,0.0,0.0
cnv_depth__IBNLCO_05807__Porin__CDS__promoter,0.0,0.0
cnv_depth__IBNLCO_05793__IBNLCO_05793__gene,0.0,0.0
cnv_depth__IBNLCO_00121__esaR__gene__promoter,0.0,0.0
cnv_depth__IBNLCO_00120__esaS__gene,0.0,0.0
cnv_depth__IBNLCO_00119__IBNLCO_00119__gene,0.0,0.0
cnv_depth__IBNLCO_00117__Protease__CDS,0.0,0.0
cnv_depth__IBNLCO_00173__IBNLCO_00173__gene,0.0,0.0
cnv_depth__IBNLCO_00171__IBNLCO_00171__gene,0.0,0.0
cnv_depth__IBNLCO_00080__IBNLCO_00080__gene__promoter,0.0,0.0
cnv_depth__IBNLCO_00077__IBNLCO_00077__gene__promoter,0.0,0.0
cnv_depth__unknown__unknown__rep_origin,0.0,0.0
cnv_depth__IBNLCO_00107__Thioesterase__CDS,0.0,0.0
cnv_depth__IBNLCO_00642__fdhD__gene__promoter,0.0,0.0
cnv_depth__IBNLCO_00640__IBNLCO_00640__gene,0.0,0.0
cnv_depth__IBNLCO_00639__IBNLCO_00639__gene,0.0,0.0
cnv_depth__IBNLCO_00639__Enoyl-CoA__CDS__promoter,0.0,0.0
cnv_depth__IBNLCO_00638__IBNLCO_00638__gene,0.0,0.0
cnv_depth__IBNLCO_00575__IBNLCO_00575__gene__promoter,0.0,0.0
cnv_depth__IBNLCO_00575__IBNLCO_00575__gene,0.0,0.0
cnv_depth__IBNLCO_00574__IBNLCO_00574__gene,0.0,0.0
cnv_depth__IBNLCO_00732__IBNLCO_00732__gene__promoter,0.0,0.0
cnv_depth__IBNLCO_04212__Porin__CDS__promoter,0.0,0.0
cnv_depth__IBNLCO_00656__IBNLCO_00656__gene,0.0,0.0
cnv_depth__IBNLCO_00655__IBNLCO_00655__gene,0.0,0.0
cnv_depth__IBNLCO_00648__lptD__gene,0.0,0.0
cnv_depth__IBNLCO_05611__IBNLCO_05611__gene,0.0,0.0
cnv_depth__IBNLCO_05610__gnl|Bakta|IBNLCO_05610__CDS,0.0,0.0
cnv_depth__IBNLCO_05609__IBNLCO_05609__gene__promoter,0.0,0.0
cnv_depth__IBNLCO_00677__IBNLCO_00677__gene__promoter,0.0,0.0
cnv_depth__IBNLCO_00677__IBNLCO_00677__gene,0.0,0.0
cnv_depth__IBNLCO_00676__IBNLCO_00676__gene__promoter,0.0,0.0
cnv_depth__IBNLCO_00637__HTH__CDS__promoter,0.0,0.0
cnv_depth__IBNLCO_05638__LysR__CDS__promoter,0.0,0.0
cnv_depth__IBNLCO_05638__lysR__gene,0.0,0.0
cnv_depth__IBNLCO_05635__IBNLCO_05635__gene__promoter,0.0,0.0
cnv_depth__IBNLCO_05632__IBNLCO_05632__gene__promoter,0.0,0.0
cnv_depth__IBNLCO_00593__IBNLCO_00593__gene,0.0,0.0
cnv_depth__IBNLCO_00591__novR__gene,0.0,0.0
cnv_depth__IBNLCO_00532__IBNLCO_00532__gene__promoter,0.0,0.0
cnv_depth__IBNLCO_00526__IBNLCO_00526__gene__promoter,0.0,0.0
cnv_depth__IBNLCO_00526__4-diphosphocytidyl-2-C-methyl-D-erythritol__CDS,0.0,0.0
cnv_depth__IBNLCO_00617__IBNLCO_00617__gene,0.0,0.0
cnv_depth__IBNLCO_05652__2-methylcitrate__CDS,0.0,0.0
cnv_depth__IBNLCO_05651__IBNLCO_05651__gene,0.0,0.0
cnv_depth__IBNLCO_05627__Rhodanese__CDS__promoter,0.0,0.0
cnv_depth__IBNLCO_05624__IBNLCO_05624__gene,0.0,0.0
cnv_depth__IBNLCO_05623__IBNLCO_05623__gene__promoter,0.0,0.0
cnv_depth__IBNLCO_05623__BON__CDS,0.0,0.0
cnv_depth__IBNLCO_05621__IBNLCO_05621__gene,0.0,0.0
cnv_depth__IBNLCO_00628__IBNLCO_00628__gene,0.0,0.0
cnv_depth__IBNLCO_00619__Transcriptional__CDS__promoter,0.0,0.0
cnv_depth__IBNLCO_05661__DOPA__CDS,0.0,0.0
cnv_depth__IBNLCO_00740__IBNLCO_00740__gene__promoter,0.0,0.0
cnv_depth__IBNLCO_00739__IBNLCO_00739__gene,0.0,0.0
cnv_depth__IBNLCO_00738__3-phosphoshikimate__CDS,0.0,0.0
cnv_depth__IBNLCO_00737__hypothetical__CDS__promoter,0.0,0.0
cnv_depth__IBNLCO_00736__IBNLCO_00736__gene__promoter,0.0,0.0
cnv_depth__IBNLCO_00734__IBNLCO_00734__gene,0.0,0.0
cnv_depth__IBNLCO_00697__IBNLCO_00697__gene__promoter,0.0,0.0
cnv_depth__IBNLCO_00696__IBNLCO_00696__gene__promoter,0.0,0.0
cnv_depth__IBNLCO_04430__Response__CDS,0.0,0.0
cnv_depth__unknown__unknown__regulatory,0.0,0.0
cnv_depth__IBNLCO_04411__IBNLCO_04411__gene,0.0,0.0
cnv_depth__IBNLCO_04013__Iron-sulfur__CDS,0.0,0.0
cnv_depth__IBNLCO_04012__IBNLCO_04012__gene,0.0,0.0
cnv_depth__IBNLCO_04057__IBNLCO_04057__gene,0.0,0.0
cnv_depth__IBNLCO_04054__PepSY__CDS__promoter,0.0,0.0
cnv_depth__IBNLCO_04051__Glycosyl__CDS,0.0,0.0
cnv_depth__IBNLCO_05578__IBNLCO_05578__gene,0.0,0.0
cnv_depth__IBNLCO_03628__IBNLCO_03628__gene,0.0,0.0
cnv_depth__IBNLCO_05576__CBM6__CDS,0.0,0.0
cnv_depth__IBNLCO_04428__DNA__CDS,0.0,0.0
cnv_depth__IBNLCO_00699__hypothetical__CDS__promoter,0.0,0.0
cnv_depth__IBNLCO_00584__IBNLCO_00584__gene__promoter,0.0,0.0
cnv_depth__IBNLCO_00607__IBNLCO_00607__gene,0.0,0.0
cnv_depth__IBNLCO_00603__IBNLCO_00603__gene,0.0,0.0
cnv_depth__IBNLCO_04051__IBNLCO_04051__gene__promoter,0.0,0.0
cnv_depth__IBNLCO_03894__IBNLCO_03894__gene__promoter,0.0,0.0
cnv_depth__IBNLCO_03889__IBNLCO_03889__gene,0.0,0.0
cnv_depth__IBNLCO_03889__IBNLCO_03889__gene__promoter,0.0,0.0
cnv_depth__IBNLCO_03888__IBNLCO_03888__gene,0.0,0.0
cnv_depth__IBNLCO_00734__Lipocalin-like__CDS__promoter,0.0,0.0
cnv_depth__IBNLCO_00686__IBNLCO_00686__gene,0.0,0.0
cnv_depth__IBNLCO_00683__IBNLCO_00683__gene,0.0,0.0
cnv_depth__IBNLCO_00681__deoR__gene,0.0,0.0
cnv_depth__IBNLCO_05608__gnl|Bakta|IBNLCO_05608__CDS__promoter,0.0,0.0
cnv_depth__IBNLCO_05606__IBNLCO_05606__gene__promoter,0.0,0.0
cnv_depth__IBNLCO_05604__3-oxoacyl-[acyl-carrier-protein]__CDS__promoter,0.0,0.0
cnv_depth__IBNLCO_00717__IBNLCO_00717__gene__promoter,0.0,0.0
cnv_depth__IBNLCO_00706__IBNLCO_00706__gene__promoter,0.0,0.0
cnv_depth__IBNLCO_00733__lysR__gene__promoter,0.0,0.0
cnv_depth__IBNLCO_00689__IBNLCO_00689__gene,0.0,0.0
cnv_depth__IBNLCO_00331__asnC__gene,0.0,0.0
cnv_depth__IBNLCO_00329__IBNLCO_00329__gene,0.0,0.0
cnv_depth__IBNLCO_00327__IBNLCO_00327__gene,0.0,0.0
cnv_depth__IBNLCO_04170__hypothetical__CDS__promoter,0.0,0.0
cnv_depth__IBNLCO_04393__IBNLCO_04393__gene,0.0,0.0
cnv_depth__IBNLCO_04195__Cyclic__CDS__promoter,0.0,0.0
cnv_depth__IBNLCO_04196__Acyl-CoA__CDS__promoter,0.0,0.0
cnv_depth__IBNLCO_04193__hypothetical__CDS,0.0,0.0
cnv_depth__IBNLCO_04192__Pyridoxamine__CDS__promoter,0.0,0.0
cnv_depth__IBNLCO_00566__IBNLCO_00566__gene,0.0,0.0
cnv_depth__IBNLCO_05681__IBNLCO_05681__gene,0.0,0.0
cnv_depth__IBNLCO_05678__Pilus__CDS__promoter,0.0,0.0
cnv_depth__IBNLCO_00436__Glutamate--cysteine__CDS,0.0,0.0
cnv_depth__IBNLCO_00430__IBNLCO_00430__gene,0.0,0.0
cnv_depth__IBNLCO_00452__Integral__CDS__promoter,0.0,0.0
cnv_depth__IBNLCO_00442__putative__CDS,0.0,0.0
cnv_depth__IBNLCO_00441__moeB__gene,0.0,0.0
cnv_depth__IBNLCO_00473__IBNLCO_00473__gene,0.0,0.0
cnv_depth__IBNLCO_00470__lktB__gene,0.0,0.0
cnv_depth__IBNLCO_04187__IBNLCO_04187__gene,0.0,0.0
cnv_depth__IBNLCO_04211__Secretory__CDS__promoter,0.0,0.0
cnv_depth__IBNLCO_04206__IBNLCO_04206__gene,0.0,0.0
cnv_depth__IBNLCO_04049__Gfo/Idh/MocA-like__CDS__promoter,0.0,0.0
cnv_depth__IBNLCO_04083__Macrolide__CDS,0.0,0.0
cnv_depth__IBNLCO_04079__3-hydroxyisobutyrate__CDS,0.0,0.0
cnv_depth__IBNLCO_04409__DUF2780__CDS,0.0,0.0
cnv_depth__IBNLCO_00326__IBNLCO_00326__gene__promoter,0.0,0.0
cnv_depth__IBNLCO_00325__Bile__CDS__promoter,0.0,0.0
cnv_depth__IBNLCO_05704__Cation/H+__CDS,0.0,0.0
cnv_depth__IBNLCO_00331__asnC__gene__promoter,0.0,0.0
cnv_depth__IBNLCO_05700__LysR-family__CDS__promoter,0.0,0.0
cnv_depth__IBNLCO_05698__IBNLCO_05698__gene__promoter,0.0,0.0
cnv_depth__IBNLCO_00343__azlC__gene,0.0,0.0
cnv_depth__IBNLCO_00337__IBNLCO_00337__gene__promoter,0.0,0.0
cnv_depth__IBNLCO_00391__IBNLCO_00391__gene__promoter,0.0,0.0
cnv_depth__IBNLCO_00413__DUF2917__CDS__promoter,0.0,0.0
cnv_depth__IBNLCO_00412__HTH__CDS,0.0,0.0
cnv_depth__IBNLCO_00409__IBNLCO_00409__gene,0.0,0.0
cnv_depth__IBNLCO_00409__serine-type__CDS__promoter,0.0,0.0
cnv_depth__IBNLCO_05699__IBNLCO_05699__gene__promoter,0.0,0.0
cnv_depth__IBNLCO_00549__IBNLCO_00549__gene,0.0,0.0
cnv_depth__IBNLCO_00542__IBNLCO_00542__gene__promoter,0.0,0.0
cnv_depth__IBNLCO_00539__Lipopolysaccharide__CDS__promoter,0.0,0.0
cnv_depth__IBNLCO_00539__lptA__gene,0.0,0.0
cnv_depth__IBNLCO_00536__IBNLCO_00536__gene__promoter,0.0,0.0
cnv_depth__IBNLCO_00552__IBNLCO_00552__gene__promoter,0.0,0.0
cnv_depth__IBNLCO_00487__IBNLCO_00487__gene,0.0,0.0
cnv_depth__IBNLCO_00477__IBNLCO_00477__gene,0.0,0.0
cnv_depth__IBNLCO_04403__IBNLCO_04403__gene,0.0,0.0
cnv_depth__IBNLCO_00462__IBNLCO_00462__gene,0.0,0.0
cnv_depth__IBNLCO_04395__IBNLCO_04395__gene,0.0,0.0
cnv_depth__IBNLCO_04394__iclR__gene,0.0,0.0
cnv_depth__IBNLCO_04096__gnl|Bakta|IBNLCO_04096__CDS,0.0,0.0
cnv_depth__IBNLCO_04126__IBNLCO_04126__gene__promoter,0.0,0.0
cnv_depth__IBNLCO_04121__hypothetical__CDS,0.0,0.0
cnv_depth__IBNLCO_04146__Dibenzothiophene__CDS__promoter,0.0,0.0
cnv_depth__IBNLCO_00574__IBNLCO_00574__gene__promoter,0.0,0.0
cnv_depth__IBNLCO_00573__IBNLCO_00573__gene,0.0,0.0
cnv_depth__IBNLCO_00567__Nudix__CDS__promoter,0.0,0.0
cnv_depth__IBNLCO_04401__IBNLCO_04401__gene__promoter,0.0,0.0
cnv_depth__IBNLCO_00337__IBNLCO_00337__gene,0.0,0.0
cnv_depth__IBNLCO_00375__Isocitrate__CDS__promoter,0.0,0.0
cnv_depth__IBNLCO_00375__Isocitrate__CDS,0.0,0.0
cnv_depth__IBNLCO_05687__TadE-like__CDS,0.0,0.0
cnv_depth__IBNLCO_00381__Sulfoacetaldehyde__CDS__promoter,0.0,0.0
cnv_depth__IBNLCO_00376__IBNLCO_00376__gene__promoter,0.0,0.0
cnv_depth__IBNLCO_04142__AraC__CDS,0.0,0.0
cnv_depth__IBNLCO_04163__Porin__CDS__promoter,0.0,0.0
cnv_depth__IBNLCO_04163__IBNLCO_04163__gene,0.0,0.0
cnv_depth__IBNLCO_00418__HTH__CDS,0.0,0.0
cnv_depth__IBNLCO_03974__Type__CDS,0.0,0.0
cnv_depth__IBNLCO_04007__Membrane__CDS__promoter,0.0,0.0
cnv_depth__IBNLCO_05671__IBNLCO_05671__gene,0.0,0.0
cnv_depth__IBNLCO_05665__IBNLCO_05665__gene__promoter,0.0,0.0
cnv_depth__IBNLCO_00495__lysR__gene,0.0,0.0
cnv_depth__IBNLCO_00492__IBNLCO_00492__gene__promoter,0.0,0.0
cnv_depth__IBNLCO_00497__IBNLCO_00497__gene__promoter,0.0,0.0
cnv_depth__IBNLCO_00517__hypothetical__CDS,0.0,0.0
cnv_depth__IBNLCO_00515__Nitrite__CDS__promoter,0.0,0.0
cnv_depth__IBNLCO_00419__IBNLCO_00419__gene__promoter,0.0,0.0
cnv_depth__IBNLCO_03975__tssC1__gene,0.0,0.0
cnv_depth__IBNLCO_03060__IBNLCO_03060__gene__promoter,0.0,0.0
cnv_depth__IBNLCO_04771__argP__gene,0.0,0.0
cnv_depth__IBNLCO_04758__Membrane-bound__CDS__promoter,0.0,0.0
cnv_depth__IBNLCO_04576__Glutamyl-tRNA__CDS,0.0,0.0
cnv_depth__IBNLCO_04575__ATP-dependent__CDS__promoter,0.0,0.0
cnv_depth__IBNLCO_03483__IBNLCO_03483__gene__promoter,0.0,0.0
cnv_depth__IBNLCO_03483__IBNLCO_03483__gene,0.0,0.0
cnv_depth__IBNLCO_03449__PNPLA__CDS,0.0,0.0
cnv_depth__IBNLCO_03448__IBNLCO_03448__gene,0.0,0.0
cnv_depth__IBNLCO_01850__hypothetical__CDS__promoter,0.0,0.0
cnv_depth__IBNLCO_04593__SnoaL-like__CDS__promoter,0.0,0.0
cnv_depth__IBNLCO_03121__IBNLCO_03121__gene,0.0,0.0
cnv_depth__IBNLCO_03119__hypothetical__CDS__promoter,0.0,0.0
cnv_depth__IBNLCO_04736__Acyl-CoA__CDS__promoter,0.0,0.0
cnv_depth__IBNLCO_03132__IBNLCO_03132__gene__promoter,0.0,0.0
cnv_depth__IBNLCO_03129__IBNLCO_03129__gene__promoter,0.0,0.0
cnv_depth__IBNLCO_03129__IBNLCO_03129__gene,0.0,0.0
cnv_depth__IBNLCO_03128__IBNLCO_03128__gene,0.0,0.0
cnv_depth__IBNLCO_03127__Sec-independent__CDS__promoter,0.0,0.0
cnv_depth__IBNLCO_03443__Succinylglutamate__CDS__promoter,0.0,0.0
cnv_depth__IBNLCO_03038__IBNLCO_03038__gene,0.0,0.0
cnv_depth__IBNLCO_03028__IBNLCO_03028__gene__promoter,0.0,0.0
cnv_depth__IBNLCO_03028__IBNLCO_03028__gene,0.0,0.0
cnv_depth__IBNLCO_03027__IBNLCO_03027__gene,0.0,0.0
cnv_depth__IBNLCO_04781__HTH-type__CDS,0.0,0.0
cnv_depth__IBNLCO_04780__IBNLCO_04780__gene,0.0,0.0
cnv_depth__IBNLCO_04772__IBNLCO_04772__gene,0.0,0.0
cnv_depth__IBNLCO_03046__Anthranilate__CDS,0.0,0.0
cnv_depth__IBNLCO_03139__Histidinol__CDS__promoter,0.0,0.0
cnv_depth__IBNLCO_03109__Type__CDS__promoter,0.0,0.0
cnv_depth__IBNLCO_03089__gnl|Bakta|IBNLCO_03089__CDS,0.0,0.0
cnv_depth__IBNLCO_03105__Hcp1__CDS__promoter,0.0,0.0
cnv_depth__IBNLCO_03102__Type__CDS,0.0,0.0
cnv_depth__IBNLCO_03101__clpB__gene__promoter,0.0,0.0
cnv_depth__IBNLCO_03100__ImpA__CDS__promoter,0.0,0.0
cnv_depth__IBNLCO_03099__OmpA-like__CDS__promoter,0.0,0.0
cnv_depth__IBNLCO_03119__IBNLCO_03119__gene,0.0,0.0
cnv_depth__IBNLCO_03111__dotU__gene,0.0,0.0
cnv_depth__IBNLCO_03109__vasD__gene,0.0,0.0
cnv_depth__IBNLCO_03095__hypothetical__CDS__promoter,0.0,0.0
cnv_depth__IBNLCO_03154__IBNLCO_03154__gene,0.0,0.0
cnv_depth__IBNLCO_03151__Thiamine-phosphate__CDS__promoter,0.0,0.0
cnv_depth__IBNLCO_03152__Thiazole__CDS,0.0,0.0
cnv_depth__IBNLCO_03149__Intermembrane__CDS__promoter,0.0,0.0
cnv_depth__IBNLCO_04734__IBNLCO_04734__gene,0.0,0.0
cnv_depth__IBNLCO_04733__IBNLCO_04733__gene__promoter,0.0,0.0
cnv_depth__IBNLCO_04733__IBNLCO_04733__gene,0.0,0.0
cnv_depth__IBNLCO_04731__hypothetical__CDS__promoter,0.0,0.0
cnv_depth__IBNLCO_04730__IBNLCO_04730__gene,0.0,0.0
cnv_depth__IBNLCO_03164__sn-glycerol-3-phosphate__CDS,0.0,0.0
cnv_depth__IBNLCO_03164__ugpC__gene__promoter,0.0,0.0
cnv_depth__IBNLCO_03205__Large__CDS__promoter,0.0,0.0
cnv_depth__IBNLCO_03205__IBNLCO_03205__gene,0.0,0.0
cnv_depth__IBNLCO_03219__IBNLCO_03219__gene,0.0,0.0
cnv_depth__IBNLCO_03218__Elongation__CDS__promoter,0.0,0.0
cnv_depth__IBNLCO_03217__Small__CDS,0.0,0.0
cnv_depth__IBNLCO_03160__Glutamate__CDS__promoter,0.0,0.0
cnv_depth__IBNLCO_03159__Glutamate__CDS,0.0,0.0
cnv_depth__IBNLCO_03158__alsT__gene,0.0,0.0
cnv_depth__IBNLCO_03165__ugpE__gene,0.0,0.0
cnv_depth__IBNLCO_03162__OmpW__CDS,0.0,0.0
cnv_depth__IBNLCO_03162__OmpW__CDS__promoter,0.0,0.0
cnv_depth__IBNLCO_03161__Transposase__CDS,0.0,0.0
cnv_depth__IBNLCO_03108__IBNLCO_03108__gene,0.0,0.0
cnv_depth__IBNLCO_03107__IBNLCO_03107__gene,0.0,0.0
cnv_depth__IBNLCO_03127__tatB__gene,0.0,0.0
cnv_depth__IBNLCO_03123__IBNLCO_03123__gene,0.0,0.0
cnv_depth__IBNLCO_03467__gnl|Bakta|IBNLCO_03467__CDS,0.0,0.0
cnv_depth__IBNLCO_04584__IBNLCO_04584__gene__promoter,0.0,0.0
cnv_depth__IBNLCO_03137__Imidazoleglycerol-phosphate__CDS__promoter,0.0,0.0
cnv_depth__IBNLCO_04583__IBNLCO_04583__gene__promoter,0.0,0.0
cnv_depth__IBNLCO_04582__IBNLCO_04582__gene,0.0,0.0
cnv_depth__IBNLCO_04580__Putative__CDS,0.0,0.0
cnv_depth__IBNLCO_04579__Efflux__CDS,0.0,0.0
cnv_depth__IBNLCO_04578__IBNLCO_04578__gene,0.0,0.0
cnv_depth__IBNLCO_03183__IBNLCO_03183__gene,0.0,0.0
cnv_depth__IBNLCO_03182__resB__gene__promoter,0.0,0.0
cnv_depth__IBNLCO_03182__Cytochrome__CDS,0.0,0.0
cnv_depth__IBNLCO_03181__ccsB__gene,0.0,0.0
cnv_depth__IBNLCO_04583__Anaphase-promoting__CDS,0.0,0.0
cnv_depth__IBNLCO_02870__NAD(P)__CDS__promoter,0.0,0.0
cnv_depth__IBNLCO_02862__pqiB__gene,0.0,0.0
cnv_depth__IBNLCO_04823__IBNLCO_04823__gene__promoter,0.0,0.0
cnv_depth__IBNLCO_02881__purH__gene__promoter,0.0,0.0
cnv_depth__IBNLCO_02952__IBNLCO_02952__gene__promoter,0.0,0.0
cnv_depth__IBNLCO_02946__IBNLCO_02946__gene,0.0,0.0
cnv_depth__IBNLCO_04798__IBNLCO_04798__gene,0.0,0.0
cnv_depth__IBNLCO_04793__IBNLCO_04793__gene__promoter,0.0,0.0
cnv_depth__IBNLCO_04792__IBNLCO_04792__gene__promoter,0.0,0.0
cnv_depth__IBNLCO_03077__IBNLCO_03077__gene,0.0,0.0
cnv_depth__IBNLCO_02968__IBNLCO_02968__gene,0.0,0.0
cnv_depth__IBNLCO_02967__IBNLCO_02967__gene__promoter,0.0,0.0
cnv_depth__IBNLCO_02962__IBNLCO_02962__gene__promoter,0.0,0.0
cnv_depth__IBNLCO_02982__ampD__gene,0.0,0.0
cnv_depth__IBNLCO_02981__Vitamin__CDS__promoter,0.0,0.0
cnv_depth__IBNLCO_02979__IBNLCO_02979__gene,0.0,0.0
cnv_depth__IBNLCO_03005__ATP-binding__CDS,0.0,0.0
cnv_depth__IBNLCO_03013__Cell__CDS,0.0,0.0
cnv_depth__IBNLCO_02909__ABC__CDS,0.0,0.0
cnv_depth__IBNLCO_02969__IBNLCO_02969__gene,0.0,0.0
cnv_depth__IBNLCO_02910__ABC__CDS,0.0,0.0
cnv_depth__IBNLCO_02821__3-deoxy-7-phosphoheptulonate__CDS__promoter,0.0,0.0
cnv_depth__IBNLCO_02810__hypothetical__CDS,0.0,0.0
cnv_depth__IBNLCO_02809__Chaperone__CDS,0.0,0.0
cnv_depth__IBNLCO_02802__IBNLCO_02802__gene,0.0,0.0
cnv_depth__IBNLCO_04839__hypothetical__CDS__promoter,0.0,0.0
cnv_depth__IBNLCO_04838__IBNLCO_04838__gene,0.0,0.0
cnv_depth__IBNLCO_04833__IBNLCO_04833__gene,0.0,0.0
cnv_depth__IBNLCO_04833__IBNLCO_04833__gene__promoter,0.0,0.0
cnv_depth__IBNLCO_02876__Glutathione__CDS,0.0,0.0
cnv_depth__IBNLCO_02901__gnl|Bakta|IBNLCO_02901__CDS__promoter,0.0,0.0
cnv_depth__IBNLCO_04808__IBNLCO_04808__gene,0.0,0.0
cnv_depth__IBNLCO_04806__IBNLCO_04806__gene__promoter,0.0,0.0
cnv_depth__IBNLCO_04804__IBNLCO_04804__gene,0.0,0.0
cnv_depth__IBNLCO_04803__IBNLCO_04803__gene,0.0,0.0
cnv_depth__IBNLCO_04802__IBNLCO_04802__gene,0.0,0.0
cnv_depth__IBNLCO_02920__IBNLCO_02920__gene,0.0,0.0
cnv_depth__IBNLCO_02917__IBNLCO_02917__gene__promoter,0.0,0.0
cnv_depth__IBNLCO_02934__IBNLCO_02934__gene,0.0,0.0
cnv_depth__IBNLCO_02903__hypothetical__CDS__promoter,0.0,0.0
cnv_depth__IBNLCO_03011__ftsZ__gene,0.0,0.0
cnv_depth__IBNLCO_03009__UDP-3-O-acyl-N-acetylglucosamine__CDS__promoter,0.0,0.0
cnv_depth__IBNLCO_03009__UDP-3-O-acyl-N-acetylglucosamine__CDS,0.0,0.0
cnv_depth__IBNLCO_03007__secA__gene,0.0,0.0
cnv_depth__IBNLCO_03476__IBNLCO_03476__gene__promoter,0.0,0.0
cnv_depth__IBNLCO_04574__IBNLCO_04574__gene,0.0,0.0
cnv_depth__IBNLCO_04572__eamA__gene__promoter,0.0,0.0
cnv_depth__IBNLCO_04567__Thymidylate__CDS,0.0,0.0
cnv_depth__IBNLCO_04566__N-demethylindolmycin__CDS__promoter,0.0,0.0
cnv_depth__IBNLCO_02906__IBNLCO_02906__gene,0.0,0.0
cnv_depth__IBNLCO_03501__IBNLCO_03501__gene__promoter,0.0,0.0
cnv_depth__IBNLCO_03500__hypothetical__CDS__promoter,0.0,0.0
cnv_depth__IBNLCO_03068__IBNLCO_03068__gene,0.0,0.0
cnv_depth__IBNLCO_03063__hypothetical__CDS,0.0,0.0
cnv_depth__IBNLCO_03088__IBNLCO_03088__gene__promoter,0.0,0.0
cnv_depth__IBNLCO_03084__DUF1415__CDS,0.0,0.0
cnv_depth__IBNLCO_03083__HTH__CDS__promoter,0.0,0.0
cnv_depth__IBNLCO_03080__Heat__CDS,0.0,0.0
cnv_depth__IBNLCO_03078__IBNLCO_03078__gene__promoter,0.0,0.0
cnv_depth__IBNLCO_03502__IBNLCO_03502__gene__promoter,0.0,0.0
cnv_depth__IBNLCO_03498__UvrABC__CDS,0.0,0.0
cnv_depth__IBNLCO_03473__IBNLCO_03473__gene__promoter,0.0,0.0
cnv_depth__IBNLCO_03471__IBNLCO_03471__gene__promoter,0.0,0.0
cnv_depth__IBNLCO_03470__IBNLCO_03470__gene__promoter,0.0,0.0
cnv_depth__IBNLCO_03468__Ketoglutarate__CDS,0.0,0.0
cnv_depth__IBNLCO_03006__Arginine__CDS,0.0,0.0
cnv_depth__IBNLCO_04791__D-lactate__CDS,0.0,0.0
cnv_depth__IBNLCO_04790__IBNLCO_04790__gene,0.0,0.0
cnv_depth__IBNLCO_04789__eamA__gene,0.0,0.0
cnv_depth__IBNLCO_03061__HTH__CDS__promoter,0.0,0.0
cnv_depth__IBNLCO_04783__estB__gene,0.0,0.0
cnv_depth__IBNLCO_04782__IBNLCO_04782__gene,0.0,0.0
cnv_depth__IBNLCO_03022__ftsI__gene,0.0,0.0
cnv_depth__IBNLCO_03019__IBNLCO_03019__gene,0.0,0.0
cnv_depth__IBNLCO_03040__IBNLCO_03040__gene__promoter,0.0,0.0
cnv_depth__IBNLCO_02955__araG__gene,0.0,0.0
cnv_depth__IBNLCO_03043__apaG__gene,0.0,0.0
cnv_depth__IBNLCO_03041__peptidoglycan__CDS__promoter,0.0,0.0
cnv_depth__IBNLCO_03041__IBNLCO_03041__gene,0.0,0.0
cnv_depth__IBNLCO_04783__estB__gene__promoter,0.0,0.0
cnv_depth__IBNLCO_03384__aidB__gene__promoter,0.0,0.0
cnv_depth__IBNLCO_03391__IBNLCO_03391__gene__promoter,0.0,0.0
cnv_depth__IBNLCO_03390__IBNLCO_03390__gene,0.0,0.0
cnv_depth__unknown__unknown__rep_origin.1,0.0,0.0
cnv_depth__IBNLCO_03397__ATP__CDS,0.0,0.0
cnv_depth__IBNLCO_03396__ATP__CDS,0.0,0.0
cnv_depth__IBNLCO_03408__mnmG__gene,0.0,0.0
cnv_depth__IBNLCO_03406__Sporulation__CDS__promoter,0.0,0.0
cnv_depth__IBNLCO_03363__L-serine__CDS__promoter,0.0,0.0
cnv_depth__IBNLCO_04722__NADP-dependent__CDS,0.0,0.0
cnv_depth__IBNLCO_03359__IBNLCO_03359__gene,0.0,0.0
cnv_depth__IBNLCO_03358__IBNLCO_03358__gene,0.0,0.0
cnv_depth__IBNLCO_03417__Leucine-binding__CDS,0.0,0.0
cnv_depth__IBNLCO_04602__N-acetyltransferase__CDS,0.0,0.0
cnv_depth__IBNLCO_03433__IBNLCO_03433__gene,0.0,0.0
cnv_depth__IBNLCO_03426__IBNLCO_03426__gene,0.0,0.0
cnv_depth__IBNLCO_03440__yceI__gene__promoter,0.0,0.0
cnv_depth__IBNLCO_03400__IBNLCO_03400__gene__promoter,0.0,0.0
cnv_depth__IBNLCO_04611__Phosphocarrier__CDS__promoter,0.0,0.0
cnv_depth__IBNLCO_03360__IBNLCO_03360__gene__promoter,0.0,0.0
cnv_depth__IBNLCO_03316__IBNLCO_03316__gene__promoter,0.0,0.0
cnv_depth__IBNLCO_03316__IBNLCO_03316__gene,0.0,0.0
cnv_depth__IBNLCO_03315__IBNLCO_03315__gene,0.0,0.0
cnv_depth__IBNLCO_03314__Flagellar__CDS__promoter,0.0,0.0
cnv_depth__IBNLCO_03314__flhD__gene,0.0,0.0
cnv_depth__IBNLCO_03438__2-amino-3-ketobutyrate__CDS,0.0,0.0
cnv_depth__IBNLCO_03436__IBNLCO_03436__gene,0.0,0.0
cnv_depth__IBNLCO_03435__xerC__gene,0.0,0.0
cnv_depth__IBNLCO_03434__IBNLCO_03434__gene,0.0,0.0
cnv_depth__IBNLCO_03365__IBNLCO_03365__gene,0.0,0.0
cnv_depth__IBNLCO_03403__IBNLCO_03403__gene__promoter,0.0,0.0
cnv_depth__IBNLCO_03401__IBNLCO_03401__gene,0.0,0.0
cnv_depth__IBNLCO_04635__IBNLCO_04635__gene,0.0,0.0
cnv_depth__IBNLCO_04634__jamP__gene,0.0,0.0
cnv_depth__IBNLCO_04628__IBNLCO_04628__gene__promoter,0.0,0.0
cnv_depth__IBNLCO_04629__IBNLCO_04629__gene,0.0,0.0
cnv_depth__IBNLCO_03375__DZANK-type__CDS__promoter,0.0,0.0
cnv_depth__IBNLCO_03373__IBNLCO_03373__gene__promoter,0.0,0.0
cnv_depth__IBNLCO_03371__Ethanolamine__CDS,0.0,0.0
cnv_depth__IBNLCO_03405__putative__CDS,0.0,0.0
cnv_depth__IBNLCO_05822__IBNLCO_05822__gene__promoter,0.0,0.0
cnv_depth__IBNLCO_05818__TenA__CDS__promoter,0.0,0.0
cnv_depth__IBNLCO_00074__DNA__CDS__promoter,0.0,0.0
cnv_depth__IBNLCO_00072__Catalase-related__CDS__promoter,0.0,0.0
cnv_depth__IBNLCO_00071__RNA__CDS,0.0,0.0
cnv_depth__IBNLCO_00069__IBNLCO_00069__gene,0.0,0.0
cnv_depth__IBNLCO_00067__CHAP__CDS,0.0,0.0
cnv_depth__IBNLCO_00066__IBNLCO_00066__gene__promoter,0.0,0.0
cnv_depth__IBNLCO_04298__IBNLCO_04298__gene,0.0,0.0
cnv_depth__IBNLCO_04607__Formate__CDS__promoter,0.0,0.0
cnv_depth__IBNLCO_05836__IBNLCO_05836__gene__promoter,0.0,0.0
cnv_depth__IBNLCO_05837__IBNLCO_05837__gene,0.0,0.0
cnv_depth__IBNLCO_00012__Type__CDS__promoter,0.0,0.0
cnv_depth__IBNLCO_05853__IBNLCO_05853__gene,0.0,0.0
cnv_depth__IBNLCO_05852__Chromosome__CDS__promoter,0.0,0.0
cnv_depth__IBNLCO_05847__2-hydroxy-1%2C4-benzoquinone__CDS,0.0,0.0
cnv_depth__IBNLCO_04327__Dibenzothiophene__CDS,0.0,0.0
cnv_depth__IBNLCO_00033__IBNLCO_00033__gene__promoter,0.0,0.0
cnv_depth__IBNLCO_00066__hypothetical__CDS,0.0,0.0
cnv_depth__IBNLCO_05838__gnl|Bakta|IBNLCO_05838__CDS,0.0,0.0
cnv_depth__IBNLCO_04604__IBNLCO_04604__gene__promoter,0.0,0.0
cnv_depth__IBNLCO_03411__IBNLCO_03411__gene__promoter,0.0,0.0
cnv_depth__IBNLCO_03410__ABC__CDS__promoter,0.0,0.0
cnv_depth__IBNLCO_03409__ABC__CDS,0.0,0.0
cnv_depth__IBNLCO_03425__gnl|Bakta|IBNLCO_03425__CDS__promoter,0.0,0.0
cnv_depth__IBNLCO_03423__Adenylate__CDS,0.0,0.0
cnv_depth__IBNLCO_03421__IBNLCO_03421__gene__promoter,0.0,0.0
cnv_depth__IBNLCO_03381__Solute-binding__CDS,0.0,0.0
cnv_depth__IBNLCO_03380__FAD__CDS__promoter,0.0,0.0
cnv_depth__IBNLCO_05823__hypothetical__CDS,0.0,0.0
cnv_depth__IBNLCO_04622__Response__CDS__promoter,0.0,0.0
cnv_depth__IBNLCO_04618__Nitrate__CDS__promoter,0.0,0.0
cnv_depth__IBNLCO_03391__IBNLCO_03391__gene,0.0,0.0
cnv_depth__IBNLCO_05843__diguanylate__CDS__promoter,0.0,0.0
cnv_depth__IBNLCO_00049__Amino__CDS,0.0,0.0
cnv_depth__IBNLCO_04198__RND__CDS__promoter,0.0,0.0
cnv_depth__IBNLCO_04227__Cytosine__CDS,0.0,0.0
cnv_depth__IBNLCO_04224__IBNLCO_04224__gene,0.0,0.0
cnv_depth__IBNLCO_05825__macB__gene,0.0,0.0
cnv_depth__IBNLCO_03379__IBNLCO_03379__gene,0.0,0.0
cnv_depth__IBNLCO_03211__Large__CDS,0.0,0.0
cnv_depth__IBNLCO_03207__IBNLCO_03207__gene,0.0,0.0
cnv_depth__IBNLCO_03206__IBNLCO_03206__gene,0.0,0.0
cnv_depth__IBNLCO_03269__IBNLCO_03269__gene,0.0,0.0
cnv_depth__IBNLCO_03259__IBNLCO_03259__gene,0.0,0.0
cnv_depth__IBNLCO_04689__IBNLCO_04689__gene,0.0,0.0
cnv_depth__IBNLCO_04687__IBNLCO_04687__gene,0.0,0.0
cnv_depth__IBNLCO_04685__IBNLCO_04685__gene,0.0,0.0
cnv_depth__IBNLCO_03276__Phosphoheptose__CDS,0.0,0.0
cnv_depth__IBNLCO_03363__IBNLCO_03363__gene,0.0,0.0
cnv_depth__IBNLCO_03273__trnA__gene,0.0,0.0
cnv_depth__IBNLCO_03270__gnl|Bakta|IBNLCO_03270__CDS__promoter,0.0,0.0
cnv_depth__IBNLCO_03241__SGNH__CDS,0.0,0.0
cnv_depth__IBNLCO_03234__trnG__gene,0.0,0.0
cnv_depth__IBNLCO_03233__tRNA-Thr(ggt)__tRNA,0.0,0.0
cnv_depth__IBNLCO_03229__Transcription__CDS__promoter,0.0,0.0
cnv_depth__IBNLCO_03229__nusG__gene,0.0,0.0
cnv_depth__IBNLCO_03228__Large__CDS__promoter,0.0,0.0
cnv_depth__IBNLCO_04702__IBNLCO_04702__gene,0.0,0.0
cnv_depth__IBNLCO_03275__BON__CDS,0.0,0.0
cnv_depth__IBNLCO_04717__IBNLCO_04717__gene__promoter,0.0,0.0
cnv_depth__IBNLCO_03176__Iron-sulfur__CDS,0.0,0.0
cnv_depth__IBNLCO_03175__Penicillin-binding__CDS,0.0,0.0
cnv_depth__IBNLCO_03172__pilP__gene,0.0,0.0
cnv_depth__IBNLCO_03167__ugpB__gene,0.0,0.0
cnv_depth__IBNLCO_03166__sn-glycerol-3-phosphate__CDS__promoter,0.0,0.0
cnv_depth__IBNLCO_03183__IBNLCO_03183__gene__promoter,0.0,0.0
cnv_depth__IBNLCO_04697__hypothetical__CDS,0.0,0.0
cnv_depth__IBNLCO_04697__IBNLCO_04697__gene__promoter,0.0,0.0
cnv_depth__IBNLCO_03195__Translation__CDS,0.0,0.0
cnv_depth__IBNLCO_03246__paaK__gene,0.0,0.0
cnv_depth__IBNLCO_03243__1%2C2-phenylacetyl-CoA__CDS__promoter,0.0,0.0
cnv_depth__IBNLCO_03241__IBNLCO_03241__gene__promoter,0.0,0.0
cnv_depth__IBNLCO_03191__Small__CDS__promoter,0.0,0.0
cnv_depth__IBNLCO_03191__Small__CDS,0.0,0.0
cnv_depth__IBNLCO_04709__GTP__CDS,0.0,0.0
cnv_depth__IBNLCO_04708__Nitrate__CDS,0.0,0.0
cnv_depth__IBNLCO_03198__Large__CDS__promoter,0.0,0.0
cnv_depth__IBNLCO_03197__IBNLCO_03197__gene,0.0,0.0
cnv_depth__IBNLCO_03249__N-acetyltransferase__CDS__promoter,0.0,0.0
cnv_depth__IBNLCO_03321__IBNLCO_03321__gene,0.0,0.0
cnv_depth__IBNLCO_03338__gnl|Bakta|IBNLCO_03338__CDS__promoter,0.0,0.0
cnv_depth__IBNLCO_03287__IBNLCO_03287__gene,0.0,0.0
cnv_depth__IBNLCO_03284__IBNLCO_03284__gene,0.0,0.0
cnv_depth__IBNLCO_03283__fieF__gene,0.0,0.0
cnv_depth__IBNLCO_04591__hypothetical__CDS,0.0,0.0
cnv_depth__IBNLCO_04586__ribD__gene__promoter,0.0,0.0
cnv_depth__IBNLCO_04585__IBNLCO_04585__gene,0.0,0.0
cnv_depth__IBNLCO_03455__hypothetical__CDS,0.0,0.0
cnv_depth__IBNLCO_03453__Sperm-specific__CDS__promoter,0.0,0.0
cnv_depth__IBNLCO_03382__IBNLCO_03382__gene,0.0,0.0
cnv_depth__IBNLCO_03335__IBNLCO_03335__gene,0.0,0.0
cnv_depth__IBNLCO_03326__vioA__gene,0.0,0.0
cnv_depth__IBNLCO_04651__IBNLCO_04651__gene,0.0,0.0
cnv_depth__IBNLCO_04649__IBNLCO_04649__gene,0.0,0.0
cnv_depth__IBNLCO_04639__Serine__CDS,0.0,0.0
cnv_depth__IBNLCO_03354__IBNLCO_03354__gene,0.0,0.0
cnv_depth__IBNLCO_03353__IBNLCO_03353__gene,0.0,0.0
cnv_depth__IBNLCO_03342__Methyl-accepting__CDS__promoter,0.0,0.0
cnv_depth__IBNLCO_03454__NADPH-dependent__CDS__promoter,0.0,0.0
cnv_depth__IBNLCO_03461__Anaerobic__CDS,0.0,0.0
cnv_depth__IBNLCO_03460__DUF2063__CDS__promoter,0.0,0.0
cnv_depth__IBNLCO_03418__ABC__CDS__promoter,0.0,0.0
cnv_depth__IBNLCO_03419__Lipopolysaccharide__CDS,0.0,0.0
cnv_depth__IBNLCO_03418__IBNLCO_03418__gene,0.0,0.0
cnv_depth__IBNLCO_03417__IBNLCO_03417__gene__promoter,0.0,0.0
cnv_depth__IBNLCO_03279__Endolytic__CDS__promoter,0.0,0.0
cnv_depth__IBNLCO_03279__rlpA__gene,0.0,0.0
cnv_depth__IBNLCO_04665__bfrD__gene,0.0,0.0
cnv_depth__IBNLCO_03323__fliD__gene,0.0,0.0
cnv_depth__IBNLCO_03294__flagellar__CDS__promoter,0.0,0.0
cnv_depth__IBNLCO_03291__IBNLCO_03291__gene,0.0,0.0
cnv_depth__IBNLCO_03305__cheD__gene__promoter,0.0,0.0
cnv_depth__IBNLCO_03300__IBNLCO_03300__gene,0.0,0.0
cnv_depth__IBNLCO_03251__4-hydroxyphenylpyruvate__CDS,0.0,0.0
cnv_depth__IBNLCO_03312__flagellar__CDS,0.0,0.0
cnv_depth__IBNLCO_04662__IBNLCO_04662__gene__promoter,0.0,0.0
cnv_depth__IBNLCO_04655__IBNLCO_04655__gene,0.0,0.0
cnv_depth__IBNLCO_04653__hypothetical__CDS__promoter,0.0,0.0
cnv_depth__IBNLCO_04654__Nonribosomal__CDS,0.0,0.0
cnv_depth__IBNLCO_03298__flhB__gene,0.0,0.0
cnv_depth__IBNLCO_02001__yciB__gene__promoter,0.0,0.0
cnv_depth__IBNLCO_04525__gnl|Bakta|IBNLCO_04525__CDS__promoter,0.0,0.0
cnv_depth__IBNLCO_04524__IBNLCO_04524__gene__promoter,0.0,0.0
cnv_depth__IBNLCO_04523__hypothetical__CDS__promoter,0.0,0.0
cnv_depth__IBNLCO_04520__hypothetical__CDS__promoter,0.0,0.0
cnv_depth__IBNLCO_04517__IBNLCO_04517__gene,0.0,0.0
cnv_depth__IBNLCO_03664__N-acylglucosamine__CDS__promoter,0.0,0.0
cnv_depth__IBNLCO_03657__IBNLCO_03657__gene__promoter,0.0,0.0
cnv_depth__IBNLCO_02120__Isoprenyl__CDS__promoter,0.0,0.0
cnv_depth__IBNLCO_02909__IBNLCO_02909__gene__promoter,0.0,0.0
cnv_depth__IBNLCO_02114__UDP-3-O-acylglucosamine__CDS__promoter,0.0,0.0
cnv_depth__IBNLCO_02114__UDP-3-O-acylglucosamine__CDS,0.0,0.0
cnv_depth__IBNLCO_02113__fabZ__gene__promoter,0.0,0.0
cnv_depth__IBNLCO_02113__fabZ__gene,0.0,0.0
cnv_depth__IBNLCO_05011__bicA__gene,0.0,0.0
cnv_depth__IBNLCO_02138__IBNLCO_02138__gene,0.0,0.0
cnv_depth__IBNLCO_02135__Protein__CDS,0.0,0.0
cnv_depth__IBNLCO_02132__eamA__gene,0.0,0.0
cnv_depth__IBNLCO_02151__IBNLCO_02151__gene__promoter,0.0,0.0
cnv_depth__IBNLCO_02118__IBNLCO_02118__gene,0.0,0.0
cnv_depth__IBNLCO_03703__IBNLCO_03703__gene__promoter,0.0,0.0
cnv_depth__IBNLCO_03596__IBNLCO_03596__gene,0.0,0.0
cnv_depth__IBNLCO_03590__IBNLCO_03590__gene,0.0,0.0
cnv_depth__IBNLCO_03589__IBNLCO_03589__gene,0.0,0.0
cnv_depth__IBNLCO_05045__IBNLCO_05045__gene,0.0,0.0
cnv_depth__IBNLCO_05043__LysE__CDS,0.0,0.0
cnv_depth__IBNLCO_02019__tRNA-Val(tac)__tRNA,0.0,0.0
cnv_depth__IBNLCO_02035__IBNLCO_02035__gene__promoter,0.0,0.0
cnv_depth__IBNLCO_02029__IBNLCO_02029__gene__promoter,0.0,0.0
cnv_depth__IBNLCO_02004__IBNLCO_02004__gene__promoter,0.0,0.0
cnv_depth__IBNLCO_02049__IBNLCO_02049__gene,0.0,0.0
cnv_depth__IBNLCO_02040__IBNLCO_02040__gene,0.0,0.0
cnv_depth__IBNLCO_02071__IBNLCO_02071__gene,0.0,0.0
cnv_depth__IBNLCO_05032__bprP__gene,0.0,0.0
cnv_depth__IBNLCO_05025__Type__CDS__promoter,0.0,0.0
cnv_depth__IBNLCO_02096__IBNLCO_02096__gene,0.0,0.0
cnv_depth__IBNLCO_02109__IBNLCO_02109__gene,0.0,0.0
cnv_depth__IBNLCO_02107__Peptidase__CDS,0.0,0.0
cnv_depth__IBNLCO_02006__D-amino-acid__CDS__promoter,0.0,0.0
cnv_depth__IBNLCO_02028__IBNLCO_02028__gene,0.0,0.0
cnv_depth__IBNLCO_02174__PXPV__CDS__promoter,0.0,0.0
cnv_depth__IBNLCO_02170__Inner__CDS,0.0,0.0
cnv_depth__IBNLCO_02167__PNPLA__CDS__promoter,0.0,0.0
cnv_depth__IBNLCO_05001__gnl|Bakta|IBNLCO_05001__CDS__promoter,0.0,0.0
cnv_depth__IBNLCO_04993__tssL__gene,0.0,0.0
cnv_depth__IBNLCO_04992__Type__CDS,0.0,0.0
cnv_depth__IBNLCO_04989__type__CDS__promoter,0.0,0.0
cnv_depth__IBNLCO_04988__IBNLCO_04988__gene,0.0,0.0
cnv_depth__IBNLCO_02190__hypothetical__CDS,0.0,0.0
cnv_depth__IBNLCO_02150__IBNLCO_02150__gene__promoter,0.0,0.0
cnv_depth__IBNLCO_02188__bulE__gene,0.0,0.0
cnv_depth__IBNLCO_02185__IBNLCO_02185__gene__promoter,0.0,0.0
cnv_depth__IBNLCO_02180__hypothetical__CDS__promoter,0.0,0.0
cnv_depth__IBNLCO_02199__Adenylyl-sulfate__CDS,0.0,0.0
cnv_depth__IBNLCO_02198__IBNLCO_02198__gene,0.0,0.0
cnv_depth__IBNLCO_02195__gnl|Bakta|IBNLCO_02195__CDS,0.0,0.0
cnv_depth__IBNLCO_03618__TagK__CDS__promoter,0.0,0.0
cnv_depth__IBNLCO_03635__IBNLCO_03635__gene,0.0,0.0
cnv_depth__IBNLCO_03631__IBNLCO_03631__gene,0.0,0.0
cnv_depth__IBNLCO_02188__bulE__gene__promoter,0.0,0.0
cnv_depth__IBNLCO_02057__PspA/IM30__CDS__promoter,0.0,0.0
cnv_depth__IBNLCO_02056__Penicillin-binding__CDS,0.0,0.0
cnv_depth__IBNLCO_02072__Hydantoin__CDS__promoter,0.0,0.0
cnv_depth__IBNLCO_02072__Hydantoin__CDS,0.0,0.0
cnv_depth__IBNLCO_02146__IBNLCO_02146__gene__promoter,0.0,0.0
cnv_depth__IBNLCO_02145__IBNLCO_02145__gene,0.0,0.0
cnv_depth__IBNLCO_02144__lplT__gene__promoter,0.0,0.0
cnv_depth__IBNLCO_02143__Alanine__CDS,0.0,0.0
cnv_depth__IBNLCO_05007__SctA__CDS__promoter,0.0,0.0
cnv_depth__IBNLCO_02121__IBNLCO_02121__gene__promoter,0.0,0.0
cnv_depth__IBNLCO_05005__bapB__gene,0.0,0.0
cnv_depth__IBNLCO_05003__type__CDS__promoter,0.0,0.0
cnv_depth__IBNLCO_05002__bopA__gene__promoter,0.0,0.0
cnv_depth__IBNLCO_02163__trnD__gene,0.0,0.0
cnv_depth__IBNLCO_02160__N-acetyltransferase__CDS__promoter,0.0,0.0
cnv_depth__IBNLCO_02154__IBNLCO_02154__gene,0.0,0.0
cnv_depth__IBNLCO_02179__IBNLCO_02179__gene,0.0,0.0
cnv_depth__IBNLCO_02176__ferredoxin--NADP(+)__CDS,0.0,0.0
cnv_depth__IBNLCO_02175__4Fe-4S__CDS__promoter,0.0,0.0
cnv_depth__IBNLCO_05006__bapA__gene__promoter,0.0,0.0
cnv_depth__IBNLCO_01746__DUF1109__CDS,0.0,0.0
cnv_depth__IBNLCO_01850__IBNLCO_01850__gene,0.0,0.0
cnv_depth__IBNLCO_04515__IBNLCO_04515__gene__promoter,0.0,0.0
cnv_depth__IBNLCO_04515__Ca2+:H+__CDS,0.0,0.0
cnv_depth__IBNLCO_04513__HPP__CDS,0.0,0.0
cnv_depth__IBNLCO_04508__prnC__gene__promoter,0.0,0.0
cnv_depth__IBNLCO_03715__IBNLCO_03715__gene,0.0,0.0
cnv_depth__IBNLCO_03715__IBNLCO_03715__gene__promoter,0.0,0.0
cnv_depth__IBNLCO_03706__luxP__gene,0.0,0.0
cnv_depth__IBNLCO_03674__asmA__gene,0.0,0.0
cnv_depth__IBNLCO_01912__IBNLCO_01912__gene__promoter,0.0,0.0
cnv_depth__IBNLCO_01910__Modulator__CDS,0.0,0.0
cnv_depth__IBNLCO_05090__hypothetical__CDS,0.0,0.0
cnv_depth__IBNLCO_01933__IBNLCO_01933__gene__promoter,0.0,0.0
cnv_depth__IBNLCO_01930__Multidrug-efflux__CDS,0.0,0.0
cnv_depth__IBNLCO_01929__4-Amino-4-deoxy-L-arabinose__CDS,0.0,0.0
cnv_depth__IBNLCO_01920__ybaB__gene__promoter,0.0,0.0
cnv_depth__IBNLCO_01939__Molybdopterin__CDS__promoter,0.0,0.0
cnv_depth__IBNLCO_01954__IBNLCO_01954__gene,0.0,0.0
cnv_depth__IBNLCO_01914__rpoS__gene__promoter,0.0,0.0
cnv_depth__IBNLCO_03628__Tox-PAAR-like__CDS__promoter,0.0,0.0
cnv_depth__IBNLCO_03637__Allantoin__CDS,0.0,0.0
cnv_depth__IBNLCO_00082__gnl|Bakta|IBNLCO_00082__CDS__promoter,0.0,0.0
cnv_depth__IBNLCO_01847__Transcriptional__CDS,0.0,0.0
cnv_depth__IBNLCO_05133__Regulator__CDS__promoter,0.0,0.0
cnv_depth__IBNLCO_05130__histidine__CDS__promoter,0.0,0.0
cnv_depth__IBNLCO_01866__ompW__gene,0.0,0.0
cnv_depth__IBNLCO_01864__IBNLCO_01864__gene,0.0,0.0
cnv_depth__IBNLCO_01863__IBNLCO_01863__gene,0.0,0.0
cnv_depth__IBNLCO_01747__Transmembrane__CDS,0.0,0.0
cnv_depth__IBNLCO_01718__EamA__CDS,0.0,0.0
cnv_depth__IBNLCO_01716__Methyl-accepting__CDS,0.0,0.0
cnv_depth__IBNLCO_01714__Long-chain-fatty-acid--CoA__CDS,0.0,0.0
cnv_depth__IBNLCO_01880__rimO__gene__promoter,0.0,0.0
cnv_depth__IBNLCO_01878__Beta-ketothiolase__CDS__promoter,0.0,0.0
cnv_depth__IBNLCO_01891__IBNLCO_01891__gene__promoter,0.0,0.0
cnv_depth__IBNLCO_01889__DUF465__CDS,0.0,0.0
cnv_depth__IBNLCO_01888__DNA__CDS__promoter,0.0,0.0
cnv_depth__IBNLCO_01906__4-hydroxy-3-methylbut-2-en-1-yl__CDS,0.0,0.0
cnv_depth__IBNLCO_01863__hypothetical__CDS__promoter,0.0,0.0
cnv_depth__IBNLCO_02058__hypothetical__CDS__promoter,0.0,0.0
cnv_depth__IBNLCO_01973__IBNLCO_01973__gene__promoter,0.0,0.0
cnv_depth__IBNLCO_01973__IBNLCO_01973__gene,0.0,0.0
cnv_depth__IBNLCO_05059__Cellulose__CDS__promoter,0.0,0.0
cnv_depth__IBNLCO_05058__IBNLCO_05058__gene__promoter,0.0,0.0
cnv_depth__IBNLCO_05059__yhjQ__gene,0.0,0.0
cnv_depth__IBNLCO_05058__Cellulose__CDS,0.0,0.0
cnv_depth__IBNLCO_01988__NRDE__CDS,0.0,0.0
cnv_depth__IBNLCO_01984__DNA__CDS,0.0,0.0
cnv_depth__IBNLCO_01874__IBNLCO_01874__gene__promoter,0.0,0.0
cnv_depth__IBNLCO_01999__selO__gene__promoter,0.0,0.0
cnv_depth__IBNLCO_01996__IBNLCO_01996__gene,0.0,0.0
cnv_depth__IBNLCO_01994__IBNLCO_01994__gene__promoter,0.0,0.0
cnv_depth__IBNLCO_01992__IBNLCO_01992__gene__promoter,0.0,0.0
cnv_depth__IBNLCO_02006__IBNLCO_02006__gene,0.0,0.0
cnv_depth__IBNLCO_01951__IBNLCO_01951__gene__promoter,0.0,0.0
cnv_depth__IBNLCO_03652__IBNLCO_03652__gene,0.0,0.0
cnv_depth__IBNLCO_03692__IBNLCO_03692__gene__promoter,0.0,0.0
cnv_depth__IBNLCO_03680__IBNLCO_03680__gene__promoter,0.0,0.0
cnv_depth__IBNLCO_01982__Putative__CDS__promoter,0.0,0.0
cnv_depth__IBNLCO_01873__fetB__gene,0.0,0.0
cnv_depth__IBNLCO_05122__4-hydroxybutyrate__CDS,0.0,0.0
cnv_depth__IBNLCO_05115__TauD/TfdA-like__CDS__promoter,0.0,0.0
cnv_depth__IBNLCO_05115__TauD/TfdA-like__CDS,0.0,0.0
cnv_depth__IBNLCO_01883__IBNLCO_01883__gene__promoter,0.0,0.0
cnv_depth__IBNLCO_01949__arnA__gene__promoter,0.0,0.0
cnv_depth__IBNLCO_01948__Undecaprenyl-phosphate__CDS,0.0,0.0
cnv_depth__IBNLCO_05088__Phosphate__CDS,0.0,0.0
cnv_depth__IBNLCO_05082__type__CDS__promoter,0.0,0.0
cnv_depth__IBNLCO_01918__Bile__CDS,0.0,0.0
cnv_depth__IBNLCO_01971__IBNLCO_01971__gene__promoter,0.0,0.0
cnv_depth__IBNLCO_01968__Glyoxylate__CDS,0.0,0.0
cnv_depth__IBNLCO_01967__HTH-type__CDS__promoter,0.0,0.0
cnv_depth__IBNLCO_01966__IBNLCO_01966__gene,0.0,0.0
cnv_depth__IBNLCO_01980__Rap1a__CDS,0.0,0.0
cnv_depth__IBNLCO_01979__mscS__gene__promoter,0.0,0.0
cnv_depth__IBNLCO_01978__ATPase__CDS__promoter,0.0,0.0
cnv_depth__IBNLCO_01975__hypothetical__CDS__promoter,0.0,0.0
cnv_depth__IBNLCO_01903__Outer__CDS,0.0,0.0
cnv_depth__IBNLCO_01898__Protein__CDS,0.0,0.0
cnv_depth__IBNLCO_05076__IBNLCO_05076__gene,0.0,0.0
cnv_depth__IBNLCO_02588__IBNLCO_02588__gene,0.0,0.0
cnv_depth__IBNLCO_02605__6%2C7-dimethyl-8-ribityllumazine__CDS,0.0,0.0
cnv_depth__IBNLCO_02603__Riboflavin__CDS,0.0,0.0
cnv_depth__IBNLCO_04920__Tetratricopeptide__CDS__promoter,0.0,0.0
cnv_depth__IBNLCO_04909__NADPH-dependent__CDS,0.0,0.0
cnv_depth__IBNLCO_02636__Urease__CDS,0.0,0.0
cnv_depth__IBNLCO_02747__tolB__gene,0.0,0.0
cnv_depth__IBNLCO_02741__IBNLCO_02741__gene,0.0,0.0
cnv_depth__IBNLCO_04878__IBNLCO_04878__gene,0.0,0.0
cnv_depth__IBNLCO_03571__Putative__CDS__promoter,0.0,0.0
cnv_depth__IBNLCO_02770__acyl-CoA__CDS__promoter,0.0,0.0
cnv_depth__IBNLCO_02760__IBNLCO_02760__gene,0.0,0.0
cnv_depth__IBNLCO_02758__IBNLCO_02758__gene,0.0,0.0
cnv_depth__IBNLCO_02781__wcbJ__gene,0.0,0.0
cnv_depth__IBNLCO_02778__gmhA__gene__promoter,0.0,0.0
cnv_depth__IBNLCO_02777__D-glycero-d-manno-heptose__CDS,0.0,0.0
cnv_depth__IBNLCO_02775__hypothetical__CDS,0.0,0.0
cnv_depth__IBNLCO_02774__capsular__CDS,0.0,0.0
cnv_depth__IBNLCO_02667__dTDP-glucose__CDS,0.0,0.0
cnv_depth__IBNLCO_04865__type__CDS__promoter,0.0,0.0
cnv_depth__IBNLCO_02669__Phospholipid/glycerol__CDS__promoter,0.0,0.0
cnv_depth__IBNLCO_02525__IBNLCO_02525__gene__promoter,0.0,0.0
cnv_depth__IBNLCO_02522__hypothetical__CDS,0.0,0.0
cnv_depth__IBNLCO_02536__IBNLCO_02536__gene,0.0,0.0
cnv_depth__IBNLCO_02529__Xanthine__CDS,0.0,0.0
cnv_depth__IBNLCO_02528__Disulfide__CDS,0.0,0.0
cnv_depth__IBNLCO_04938__Putative__CDS,0.0,0.0
cnv_depth__IBNLCO_04937__ydjE__gene__promoter,0.0,0.0
cnv_depth__IBNLCO_04937__Inner__CDS,0.0,0.0
cnv_depth__IBNLCO_02751__IBNLCO_02751__gene__promoter,0.0,0.0
cnv_depth__IBNLCO_02685__Outer__CDS,0.0,0.0
cnv_depth__IBNLCO_02683__DUF4243__CDS__promoter,0.0,0.0
cnv_depth__IBNLCO_04908__Quaternary__CDS,0.0,0.0
cnv_depth__IBNLCO_04898__3-oxo-tetronate__CDS,0.0,0.0
cnv_depth__IBNLCO_04897__L-threonate__CDS,0.0,0.0
cnv_depth__IBNLCO_02704__IBNLCO_02704__gene__promoter,0.0,0.0
cnv_depth__IBNLCO_02702__lysR__gene__promoter,0.0,0.0
cnv_depth__IBNLCO_02733__Putative__CDS__promoter,0.0,0.0
cnv_depth__IBNLCO_02732__IBNLCO_02732__gene,0.0,0.0
cnv_depth__IBNLCO_04932__IBNLCO_04932__gene,0.0,0.0
cnv_depth__IBNLCO_02859__IBNLCO_02859__gene,0.0,0.0
cnv_depth__IBNLCO_02848__gnl|Bakta|IBNLCO_02848__CDS,0.0,0.0
cnv_depth__IBNLCO_02843__4-hydroxybenzoate__CDS,0.0,0.0
cnv_depth__IBNLCO_02789__capsule__CDS__promoter,0.0,0.0
cnv_depth__IBNLCO_02789__wcbD__gene,0.0,0.0
cnv_depth__IBNLCO_02787__wzt2__gene__promoter,0.0,0.0
cnv_depth__IBNLCO_02788__wzm__gene,0.0,0.0
cnv_depth__IBNLCO_03507__IBNLCO_03507__gene,0.0,0.0
cnv_depth__IBNLCO_04561__Cation-translocating__CDS,0.0,0.0
cnv_depth__IBNLCO_02697__IBNLCO_02697__gene__promoter,0.0,0.0
cnv_depth__IBNLCO_04558__Polyglutamate__CDS,0.0,0.0
cnv_depth__IBNLCO_04557__Molecular__CDS,0.0,0.0
cnv_depth__IBNLCO_04556__IBNLCO_04556__gene__promoter,0.0,0.0
cnv_depth__IBNLCO_02880__Putative__CDS,0.0,0.0
cnv_depth__IBNLCO_02899__RNaseP_bact_a__gene,0.0,0.0
cnv_depth__IBNLCO_02893__AraC_family__CDS__promoter,0.0,0.0
cnv_depth__IBNLCO_02912__Extracellular__CDS,0.0,0.0
cnv_depth__IBNLCO_02911__Glutamate/aspartate__CDS__promoter,0.0,0.0
cnv_depth__IBNLCO_02910__IBNLCO_02910__gene__promoter,0.0,0.0
cnv_depth__IBNLCO_04559__IBNLCO_04559__gene,0.0,0.0
cnv_depth__IBNLCO_02687__DUF2957__CDS,0.0,0.0
cnv_depth__IBNLCO_02685__IBNLCO_02685__gene__promoter,0.0,0.0
cnv_depth__IBNLCO_03527__IBNLCO_03527__gene__promoter,0.0,0.0
cnv_depth__IBNLCO_03526__IBNLCO_03526__gene,0.0,0.0
cnv_depth__IBNLCO_03481__IBNLCO_03481__gene,0.0,0.0
cnv_depth__IBNLCO_03481__IBNLCO_03481__gene__promoter,0.0,0.0
cnv_depth__IBNLCO_03478__IBNLCO_03478__gene,0.0,0.0
cnv_depth__IBNLCO_03477__IBNLCO_03477__gene,0.0,0.0
cnv_depth__IBNLCO_02787__wzt2__gene,0.0,0.0
cnv_depth__IBNLCO_02827__IBNLCO_02827__gene__promoter,0.0,0.0
cnv_depth__IBNLCO_02784__capsular__CDS,0.0,0.0
cnv_depth__IBNLCO_02782__wcbI__gene__promoter,0.0,0.0
cnv_depth__IBNLCO_04860__Cardiolipin__CDS,0.0,0.0
cnv_depth__IBNLCO_02792__IBNLCO_02792__gene__promoter,0.0,0.0
cnv_depth__IBNLCO_02791__IBNLCO_02791__gene,0.0,0.0
cnv_depth__IBNLCO_02790__wcbC__gene,0.0,0.0
cnv_depth__IBNLCO_02750__trnK__gene,0.0,0.0
cnv_depth__IBNLCO_02839__phnG__gene__promoter,0.0,0.0
cnv_depth__IBNLCO_02833__IBNLCO_02833__gene,0.0,0.0
cnv_depth__IBNLCO_02785__wcbF__gene,0.0,0.0
cnv_depth__IBNLCO_04534__Dibenzothiophene__CDS,0.0,0.0
cnv_depth__IBNLCO_03616__Type__CDS,0.0,0.0
cnv_depth__IBNLCO_03615__tssC1__gene__promoter,0.0,0.0
cnv_depth__IBNLCO_03609__LysR__CDS,0.0,0.0
cnv_depth__IBNLCO_03603__L-tyrosine__CDS,0.0,0.0
cnv_depth__IBNLCO_03627__DUF3540__CDS,0.0,0.0
cnv_depth__IBNLCO_03626__Pentapeptide__CDS,0.0,0.0
cnv_depth__IBNLCO_03621__Type__CDS,0.0,0.0
cnv_depth__IBNLCO_02378__Chitooligosaccharide__CDS__promoter,0.0,0.0
cnv_depth__IBNLCO_02652__IBNLCO_02652__gene__promoter,0.0,0.0
cnv_depth__IBNLCO_04958__gnl|Bakta|IBNLCO_04958__CDS,0.0,0.0
cnv_depth__IBNLCO_04957__D-mannonate__CDS,0.0,0.0
cnv_depth__IBNLCO_04950__IBNLCO_04950__gene,0.0,0.0
cnv_depth__IBNLCO_04949__gnl|Bakta|IBNLCO_04949__CDS,0.0,0.0
cnv_depth__IBNLCO_04948__Glycine__CDS,0.0,0.0
cnv_depth__IBNLCO_02395__Cytochrome__CDS,0.0,0.0
cnv_depth__IBNLCO_02392__Trehalose__CDS__promoter,0.0,0.0
cnv_depth__IBNLCO_02417__putative__CDS__promoter,0.0,0.0
cnv_depth__IBNLCO_02413__IBNLCO_02413__gene__promoter,0.0,0.0
cnv_depth__IBNLCO_02364__GST__CDS,0.0,0.0
cnv_depth__IBNLCO_03567__Major__CDS__promoter,0.0,0.0
cnv_depth__IBNLCO_03566__IBNLCO_03566__gene__promoter,0.0,0.0
cnv_depth__IBNLCO_04973__IBNLCO_04973__gene,0.0,0.0
cnv_depth__IBNLCO_02228__IBNLCO_02228__gene__promoter,0.0,0.0
cnv_depth__IBNLCO_02226__Outer__CDS__promoter,0.0,0.0
cnv_depth__IBNLCO_02221__DNA__CDS,0.0,0.0
cnv_depth__IBNLCO_02246__Cell__CDS,0.0,0.0
cnv_depth__IBNLCO_02248__recJ__gene,0.0,0.0
cnv_depth__IBNLCO_02274__IBNLCO_02274__gene,0.0,0.0
cnv_depth__IBNLCO_02204__IBNLCO_02204__gene,0.0,0.0
cnv_depth__IBNLCO_02291__IBNLCO_02291__gene,0.0,0.0
cnv_depth__IBNLCO_02284__hypothetical__CDS__promoter,0.0,0.0
cnv_depth__IBNLCO_02321__IBNLCO_02321__gene__promoter,0.0,0.0
cnv_depth__IBNLCO_02319__IBNLCO_02319__gene,0.0,0.0
cnv_depth__IBNLCO_02351__SUF__CDS__promoter,0.0,0.0
cnv_depth__IBNLCO_02350__sufC__gene,0.0,0.0
cnv_depth__IBNLCO_02341__Ubiquinone__CDS,0.0,0.0
cnv_depth__IBNLCO_02340__hypothetical__CDS__promoter,0.0,0.0
cnv_depth__IBNLCO_02191__IBNLCO_02191__gene__promoter,0.0,0.0
cnv_depth__IBNLCO_02265__IBNLCO_02265__gene,0.0,0.0
cnv_depth__IBNLCO_02558__Guanylate__CDS,0.0,0.0
cnv_depth__IBNLCO_02581__Outer-membrane__CDS__promoter,0.0,0.0
cnv_depth__IBNLCO_02576__hypothetical__CDS__promoter,0.0,0.0
cnv_depth__IBNLCO_02440__IBNLCO_02440__gene__promoter,0.0,0.0
cnv_depth__IBNLCO_02438__IBNLCO_02438__gene__promoter,0.0,0.0
cnv_depth__IBNLCO_02428__Large__CDS,0.0,0.0
cnv_depth__IBNLCO_04941__PepSY__CDS,0.0,0.0
cnv_depth__IBNLCO_04549__YbaK/aminoacyl-tRNA__CDS,0.0,0.0
cnv_depth__IBNLCO_04545__IBNLCO_04545__gene,0.0,0.0
cnv_depth__IBNLCO_02298__IBNLCO_02298__gene,0.0,0.0
cnv_depth__IBNLCO_03588__dbpA__gene,0.0,0.0
cnv_depth__IBNLCO_03587__IBNLCO_03587__gene__promoter,0.0,0.0
cnv_depth__IBNLCO_03587__IBNLCO_03587__gene,0.0,0.0
cnv_depth__IBNLCO_03583__IBNLCO_03583__gene,0.0,0.0
cnv_depth__IBNLCO_02633__Urea__CDS,0.0,0.0
cnv_depth__IBNLCO_02623__Undecaprenyl-diphosphatase__CDS__promoter,0.0,0.0
cnv_depth__IBNLCO_02621__trnG__gene__promoter,0.0,0.0
cnv_depth__IBNLCO_02665__dTDP-4-dehydrorhamnose__CDS__promoter,0.0,0.0
cnv_depth__IBNLCO_02652__IBNLCO_02652__gene,0.0,0.0
cnv_depth__IBNLCO_04541__Cobalt-zinc-cadmium__CDS,0.0,0.0
cnv_depth__IBNLCO_04970__IBNLCO_04970__gene,0.0,0.0
cnv_depth__IBNLCO_04968__Copper-containing__CDS,0.0,0.0
cnv_depth__IBNLCO_02333__MIP18__CDS,0.0,0.0
cnv_depth__IBNLCO_02329__Adenylyl-sulfate__CDS__promoter,0.0,0.0
cnv_depth__IBNLCO_03498__IBNLCO_03498__gene__promoter,0.0,0.0
cnv_depth__IBNLCO_03525__IBNLCO_03525__gene,0.0,0.0
cnv_depth__IBNLCO_03521__IBNLCO_03521__gene,0.0,0.0
cnv_depth__IBNLCO_03509__IBNLCO_03509__gene,0.0,0.0
cnv_depth__IBNLCO_04939__histidine__CDS__promoter,0.0,0.0
cnv_depth__IBNLCO_02562__hemW__gene__promoter,0.0,0.0
cnv_depth__IBNLCO_02458__IBNLCO_02458__gene,0.0,0.0
cnv_depth__IBNLCO_02445__LUD__CDS,0.0,0.0
cnv_depth__IBNLCO_02496__IBNLCO_02496__gene,0.0,0.0
cnv_depth__IBNLCO_02495__Murein__CDS,0.0,0.0
cnv_depth__IBNLCO_02492__Methionine__CDS__promoter,0.0,0.0
cnv_depth__IBNLCO_02484__IBNLCO_02484__gene__promoter,0.0,0.0
cnv_depth__IBNLCO_02510__DNA__CDS__promoter,0.0,0.0
cnv_depth__IBNLCO_02510__DNA__CDS,0.0,0.0
cnv_depth__IBNLCO_02509__DUF2059__CDS,0.0,0.0
cnv_depth__IBNLCO_04925__Enoyl-CoA__CDS__promoter,0.0,0.0
cnv_depth__IBNLCO_04939__IBNLCO_04939__gene,0.0,0.0
