feature,coefficient,abs_coefficient
cnv_depth__IBNLCO_05717__mipA__gene__promoter,0.4870981003618853,0.4870981003618853
cnv_depth__IBNLCO_00393__IBNLCO_00393__gene,0.427415952169687,0.427415952169687
cnv_depth__IBNLCO_05223__IBNLCO_05223__gene__promoter,-0.39985045981577805,0.39985045981577805
cnv_depth__IBNLCO_03972__Succinyl-CoA:coenzyme__CDS__promoter,0.39015224713304597,0.39015224713304597
cnv_depth__IBNLCO_00442__IBNLCO_00442__gene__promoter,0.368015234899191,0.368015234899191
cnv_depth__IBNLCO_04983__Type__CDS__promoter,-0.36673052071624196,0.36673052071624196
cnv_depth__IBNLCO_05777__Ferredoxin--NAD(+)__CDS__promoter,0.3597582400489618,0.3597582400489618
cnv_depth__IBNLCO_04222__IBNLCO_04222__gene,-0.3437703382418708,0.3437703382418708
cnv_depth__IBNLCO_04972__N-acetylmuramoyl-L-alanine__CDS__promoter,-0.32204782708842533,0.32204782708842533
cnv_depth__IBNLCO_04703__IBNLCO_04703__gene__promoter,-0.30945214541429655,0.30945214541429655
cnv_depth__IBNLCO_00341__IBNLCO_00341__gene,-0.3077151783513848,0.3077151783513848
cnv_depth__IBNLCO_05722__IBNLCO_05722__gene,-0.3050442121239733,0.3050442121239733
cnv_depth__IBNLCO_04550__IBNLCO_04550__gene,-0.2872246815128375,0.2872246815128375
cnv_depth__IBNLCO_04459__IBNLCO_04459__gene__promoter,0.28388519137057755,0.28388519137057755
cnv_depth__IBNLCO_04172__hypothetical__CDS__promoter,0.2739706843617082,0.2739706843617082
cnv_depth__IBNLCO_02985__Signal__CDS__promoter,0.266990217784833,0.266990217784833
cnv_depth__IBNLCO_04115__hypothetical__CDS,0.2613549719768568,0.2613549719768568
cnv_depth__IBNLCO_04378__IBNLCO_04378__gene__promoter,0.2554056879017154,0.2554056879017154
cnv_depth__IBNLCO_04354__IBNLCO_04354__gene__promoter,-0.25203742735858,0.25203742735858
cnv_depth__IBNLCO_04404__UspA__CDS__promoter,0.23220666128611445,0.23220666128611445
cnv_depth__IBNLCO_05088__phoB__gene__promoter,0.23037319447822788,0.23037319447822788
cnv_depth__IBNLCO_04107__IBNLCO_04107__gene__promoter,0.22983207291630206,0.22983207291630206
cnv_depth__IBNLCO_01019__hypothetical__CDS,-0.2283071408406979,0.2283071408406979
cnv_depth__IBNLCO_00297__IBNLCO_00297__gene__promoter,-0.22515974745394743,0.22515974745394743
cnv_depth__IBNLCO_04141__2Fe-2S__CDS__promoter,0.21856536672381013,0.21856536672381013
cnv_depth__IBNLCO_03710__dhaL__gene__promoter,0.21460919470806028,0.21460919470806028
cnv_depth__IBNLCO_04239__IBNLCO_04239__gene__promoter,0.21229995540560498,0.21229995540560498
cnv_depth__IBNLCO_01108__IBNLCO_01108__gene__promoter,-0.21080416134674348,0.21080416134674348
cnv_depth__IBNLCO_01009__gnl|Bakta|IBNLCO_01009__CDS__promoter,0.20667429242897462,0.20667429242897462
cnv_depth__IBNLCO_00786__IBNLCO_00786__gene,-0.2054625153451868,0.2054625153451868
cnv_depth__IBNLCO_04115__IBNLCO_04115__gene__promoter,0.20423844776227262,0.20423844776227262
cnv_depth__IBNLCO_02668__Bis(5'-nucleosyl)-tetraphosphatase%2C__CDS,-0.20061325809522484,0.20061325809522484
cnv_depth__IBNLCO_02103__NfeD-like__CDS__promoter,-0.19749970218153343,0.19749970218153343
cnv_depth__IBNLCO_04505__SDR__CDS__promoter,-0.1949355877996434,0.1949355877996434
cnv_depth__IBNLCO_02342__Ubiquinone__CDS__promoter,0.19284213672821385,0.19284213672821385
cnv_depth__IBNLCO_04514__LysR__CDS__promoter,-0.1893821878687624,0.1893821878687624
cnv_depth__IBNLCO_00951__CHASE2__CDS__promoter,0.18333509417907407,0.18333509417907407
cnv_depth__IBNLCO_03022__Peptidoglycan__CDS__promoter,0.180696837339286,0.180696837339286
cnv_depth__IBNLCO_04666__Beta-lactamase__CDS__promoter,-0.17719626414752762,0.17719626414752762
cnv_depth__IBNLCO_02897__Betaproteobacteria_toxic_sRNA__gene,0.1769200536736655,0.1769200536736655
cnv_depth__IBNLCO_04951__HTH-type__CDS,-0.17669274746609298,0.17669274746609298
cnv_depth__IBNLCO_00496__IBNLCO_00496__gene__promoter,0.17665909330473473,0.17665909330473473
cnv_depth__IBNLCO_04108__Immunity__CDS,-0.17567404234524167,0.17567404234524167
cnv_depth__IBNLCO_00801__Hemin__CDS,-0.17565274382331347,0.17565274382331347
cnv_depth__IBNLCO_05231__Transcriptional__CDS__promoter,0.1751218744398051,0.1751218744398051
cnv_depth__IBNLCO_04748__gnl|Bakta|IBNLCO_04748__CDS__promoter,-0.17103397498894551,0.17103397498894551
cnv_depth__IBNLCO_05682__SAF__CDS__promoter,0.17003232080011738,0.17003232080011738
cnv_depth__IBNLCO_04728__IBNLCO_04728__gene__promoter,-0.1698733965476271,0.1698733965476271
cnv_depth__IBNLCO_02008__IBNLCO_02008__gene__promoter,0.16870007183715893,0.16870007183715893
cnv_depth__IBNLCO_02706__cntO__gene__promoter,-0.1681659755658604,0.1681659755658604
cnv_depth__IBNLCO_00829__msrA__gene__promoter,0.16706420175313785,0.16706420175313785
cnv_depth__IBNLCO_02054__Phenylserine__CDS__promoter,-0.16510751419666875,0.16510751419666875
cnv_depth__IBNLCO_01548__IBNLCO_01548__gene__promoter,0.1649010258261025,0.1649010258261025
cnv_depth__IBNLCO_03757__IBNLCO_03757__gene__promoter,-0.16483368111198954,0.16483368111198954
cnv_depth__IBNLCO_02571__hypothetical__CDS,-0.16435592830495097,0.16435592830495097
cnv_depth__IBNLCO_03247__IBNLCO_03247__gene,0.16169291273141606,0.16169291273141606
cnv_depth__IBNLCO_02977__Glycine__CDS,0.1616621093161175,0.1616621093161175
cnv_depth__IBNLCO_04957__D-mannonate__CDS__promoter,0.15944082523570352,0.15944082523570352
cnv_depth__IBNLCO_00653__lactoylglutathione__CDS__promoter,0.15925347429622885,0.15925347429622885
cnv_depth__IBNLCO_01013__Glycine__CDS,-0.15691770237252695,0.15691770237252695
cnv_depth__IBNLCO_03485__IBNLCO_03485__gene__promoter,0.1566086152741569,0.1566086152741569
cnv_depth__IBNLCO_01506__IBNLCO_01506__gene__promoter,0.156325379707126,0.156325379707126
cnv_depth__IBNLCO_00649__surA__gene__promoter,0.15557747599667182,0.15557747599667182
cnv_depth__IBNLCO_02296__IBNLCO_02296__gene__promoter,0.15475082024868894,0.15475082024868894
cnv_depth__unknown__unknown__regulatory.1,-0.15222514687709773,0.15222514687709773
cnv_depth__IBNLCO_02269__IBNLCO_02269__gene,0.14993749612837726,0.14993749612837726
cnv_depth__IBNLCO_04934__JmjC__CDS,-0.14909876036313158,0.14909876036313158
cnv_depth__IBNLCO_04145__IBNLCO_04145__gene,-0.14904717639297843,0.14904717639297843
cnv_depth__IBNLCO_04073__IBNLCO_04073__gene__promoter,0.14564731051732716,0.14564731051732716
cnv_depth__IBNLCO_05607__lysR__gene,0.14360936151093862,0.14360936151093862
cnv_depth__IBNLCO_00892__IBNLCO_00892__gene__promoter,0.1433252436564601,0.1433252436564601
cnv_depth__IBNLCO_05272__IBNLCO_05272__gene__promoter,-0.14257550425998072,0.14257550425998072
cnv_depth__IBNLCO_02833__IBNLCO_02833__gene__promoter,-0.1425732875232705,0.1425732875232705
cnv_depth__IBNLCO_01297__proP__gene__promoter,-0.1418641265518223,0.1418641265518223
cnv_depth__IBNLCO_02632__Urea__CDS__promoter,0.14167704413673926,0.14167704413673926
cnv_depth__IBNLCO_05128__High-copy__CDS__promoter,-0.14051879688515181,0.14051879688515181
cnv_depth__IBNLCO_01913__putative__CDS,0.14051228859952725,0.14051228859952725
cnv_depth__IBNLCO_03023__ftsL__gene,0.14049836728500412,0.14049836728500412
cnv_depth__IBNLCO_04915__IBNLCO_04915__gene__promoter,-0.14047701341340119,0.14047701341340119
cnv_depth__IBNLCO_00883__Integral__CDS__promoter,0.14001872288505754,0.14001872288505754
cnv_depth__IBNLCO_04534__Dibenzothiophene__CDS__promoter,0.13916351876589933,0.13916351876589933
cnv_depth__IBNLCO_03941__3-oxoacyl-ACP__CDS__promoter,0.1390655069259283,0.1390655069259283
cnv_depth__IBNLCO_02696__IBNLCO_02696__gene__promoter,-0.13571754823630394,0.13571754823630394
cnv_depth__IBNLCO_00332__eamA__gene,-0.13427971147601814,0.13427971147601814
cnv_depth__IBNLCO_02524__IBNLCO_02524__gene__promoter,-0.13379535118699018,0.13379535118699018
cnv_depth__IBNLCO_05664__gnl|Bakta|IBNLCO_05664__CDS__promoter,-0.13370638702140078,0.13370638702140078
cnv_depth__IBNLCO_04464__YiaAB__CDS,-0.13138710964761754,0.13138710964761754
cnv_depth__IBNLCO_05031__IBNLCO_05031__gene__promoter,0.13091032859308782,0.13091032859308782
cnv_depth__IBNLCO_01919__Recombination__CDS,-0.13083782117555892,0.13083782117555892
cnv_depth__IBNLCO_04305__DUF4148__CDS__promoter,0.12925900778500493,0.12925900778500493
cnv_depth__IBNLCO_02570__gnl|Bakta|IBNLCO_02570__CDS__promoter,-0.128849876826853,0.128849876826853
cnv_depth__IBNLCO_05198__LLM__CDS,-0.12883577278152003,0.12883577278152003
cnv_depth__IBNLCO_05683__IBNLCO_05683__gene,0.12525598629567214,0.12525598629567214
cnv_depth__IBNLCO_05692__AsnC__CDS,0.12510148750696604,0.12510148750696604
cnv_depth__IBNLCO_00838__tRNA__CDS__promoter,-0.12245674997565342,0.12245674997565342
cnv_depth__IBNLCO_01267__IBNLCO_01267__gene__promoter,0.12180752576431186,0.12180752576431186
cnv_depth__IBNLCO_05229__Spermidine/putrescine-binding__CDS__promoter,0.12110728778082777,0.12110728778082777
cnv_depth__IBNLCO_02243__DNA__CDS__promoter,-0.11947772105324664,0.11947772105324664
cnv_depth__IBNLCO_00235__response__CDS__promoter,0.11910866549058108,0.11910866549058108
cnv_depth__IBNLCO_02971__IBNLCO_02971__gene__promoter,0.11858035956514737,0.11858035956514737
cnv_depth__IBNLCO_03027__IBNLCO_03027__gene__promoter,0.1185464154618939,0.1185464154618939
cnv_depth__IBNLCO_04473__hypothetical__CDS__promoter,0.11805368509791452,0.11805368509791452
cnv_depth__IBNLCO_05316__DUF2384__CDS__promoter,0.11697571117296884,0.11697571117296884
cnv_depth__IBNLCO_01551__hypothetical__CDS__promoter,-0.11630355857066133,0.11630355857066133
cnv_depth__IBNLCO_05435__TetR-family__CDS__promoter,-0.11619673471677541,0.11619673471677541
cnv_depth__IBNLCO_00982__IBNLCO_00982__gene__promoter,-0.11474716481970454,0.11474716481970454
cnv_depth__IBNLCO_03257__wrbA__gene,-0.11299071897540468,0.11299071897540468
cnv_depth__IBNLCO_00023__lysR__gene__promoter,0.11283055394617779,0.11283055394617779
cnv_depth__IBNLCO_02847__gnl|Bakta|IBNLCO_02847__CDS,-0.11276895110413215,0.11276895110413215
cnv_depth__IBNLCO_05210__IBNLCO_05210__gene__promoter,0.11109238681596557,0.11109238681596557
cnv_depth__IBNLCO_01372__DNA-binding__CDS__promoter,-0.11045036008151672,0.11045036008151672
cnv_depth__IBNLCO_00404__ABC__CDS__promoter,0.11018324733153986,0.11018324733153986
cnv_depth__IBNLCO_02604__3%2C4-dihydroxy-2-butanone__CDS,-0.10957226168797406,0.10957226168797406
cnv_depth__IBNLCO_03869__IBNLCO_03869__gene__promoter,0.10680693099682842,0.10680693099682842
cnv_depth__IBNLCO_05067__Toxin__CDS__promoter,0.10672059577102097,0.10672059577102097
cnv_depth__IBNLCO_00540__lptC__gene__promoter,0.10666669854596803,0.10666669854596803
cnv_depth__IBNLCO_00972__dCTP__CDS__promoter,-0.10643490225995536,0.10643490225995536
cnv_depth__IBNLCO_00212__IBNLCO_00212__gene,-0.10641390931737604,0.10641390931737604
cnv_depth__IBNLCO_02193__IBNLCO_02193__gene__promoter,-0.1055883204774587,0.1055883204774587
cnv_depth__IBNLCO_01544__Bacterial__CDS,-0.10538931061690207,0.10538931061690207
cnv_depth__IBNLCO_02667__dTDP-glucose__CDS__promoter,-0.10406726279351605,0.10406726279351605
cnv_depth__IBNLCO_02264__yiaJ__gene,-0.10259800601275118,0.10259800601275118
cnv_depth__IBNLCO_02736__IBNLCO_02736__gene,-0.10167753936086057,0.10167753936086057
cnv_depth__IBNLCO_00981__HTH__CDS__promoter,-0.10162095367249231,0.10162095367249231
cnv_depth__IBNLCO_04350__IBNLCO_04350__gene__promoter,-0.10153539350635134,0.10153539350635134
cnv_depth__IBNLCO_04972__IBNLCO_04972__gene,-0.10029674950405433,0.10029674950405433
cnv_depth__IBNLCO_05778__traR__gene,0.09972768073626799,0.09972768073626799
cnv_depth__unknown__unknown__regulatory.18,0.09907540923628161,0.09907540923628161
cnv_depth__IBNLCO_05124__hypothetical__CDS__promoter,-0.09898822772991614,0.09898822772991614
cnv_depth__IBNLCO_04549__YbaK/aminoacyl-tRNA__CDS__promoter,-0.09764256600969282,0.09764256600969282
cnv_depth__IBNLCO_01478__Gluconate__CDS__promoter,0.09659513221996704,0.09659513221996704
cnv_depth__IBNLCO_05022__bsaP__gene__promoter,-0.09590775517399354,0.09590775517399354
cnv_depth__IBNLCO_05832__IBNLCO_05832__gene__promoter,0.09503187815739875,0.09503187815739875
cnv_depth__IBNLCO_00565__IBNLCO_00565__gene,0.09462332807997365,0.09462332807997365
cnv_depth__IBNLCO_03987__Type__CDS__promoter,0.09457196710286206,0.09457196710286206
cnv_depth__IBNLCO_00571__IBNLCO_00571__gene,0.0944865302414496,0.0944865302414496
cnv_depth__IBNLCO_04283__IBNLCO_04283__gene,-0.09399054663373908,0.09399054663373908
cnv_depth__IBNLCO_05735__IBNLCO_05735__gene__promoter,0.0937156100463132,0.0937156100463132
cnv_depth__IBNLCO_05056__Cellulose__CDS__promoter,-0.09222324677463462,0.09222324677463462
cnv_depth__IBNLCO_03274__hypothetical__CDS,0.0918228192193336,0.0918228192193336
cnv_depth__IBNLCO_03763__fkbH__gene__promoter,-0.09174313534339401,0.09174313534339401
cnv_depth__IBNLCO_05658__IBNLCO_05658__gene__promoter,0.09137127032439041,0.09137127032439041
cnv_depth__IBNLCO_02692__IBNLCO_02692__gene,-0.0911277103382504,0.0911277103382504
cnv_depth__IBNLCO_01873__Iron__CDS__promoter,-0.09034193919736473,0.09034193919736473
cnv_depth__IBNLCO_02268__Burkholderia__ncRNA,0.09020646256229933,0.09020646256229933
cnv_depth__IBNLCO_02463__IBNLCO_02463__gene__promoter,-0.08911748565725691,0.08911748565725691
cnv_depth__IBNLCO_01301__IBNLCO_01301__gene__promoter,-0.08640216761816127,0.08640216761816127
cnv_depth__IBNLCO_02078__DUF1993__CDS__promoter,0.08557582876809709,0.08557582876809709
cnv_depth__IBNLCO_01417__IBNLCO_01417__gene__promoter,0.08444111974207147,0.08444111974207147
cnv_depth__IBNLCO_01057__IBNLCO_01057__gene,-0.08359337280617352,0.08359337280617352
cnv_depth__IBNLCO_01281__L-gulonate__CDS,-0.08287476685725632,0.08287476685725632
cnv_depth__IBNLCO_01480__hypothetical__CDS__promoter,0.08230229588451128,0.08230229588451128
cnv_depth__IBNLCO_05127__HTH__CDS__promoter,-0.08209288382769993,0.08209288382769993
cnv_depth__IBNLCO_03463__Amino__CDS,0.08197237211352071,0.08197237211352071
cnv_depth__IBNLCO_05752__hypothetical__CDS__promoter,-0.08189663550264781,0.08189663550264781
cnv_depth__IBNLCO_02396__IBNLCO_02396__gene__promoter,-0.08170790407543642,0.08170790407543642
cnv_depth__IBNLCO_05713__IBNLCO_05713__gene,-0.08101204640022641,0.08101204640022641
cnv_depth__IBNLCO_01732__AraC__CDS__promoter,-0.08073137329862012,0.08073137329862012
cnv_depth__IBNLCO_00312__IBNLCO_00312__gene__promoter,0.08025628805182912,0.08025628805182912
cnv_depth__IBNLCO_02714__araC__gene__promoter,0.07977606303139909,0.07977606303139909
cnv_depth__IBNLCO_02515__hypothetical__CDS,-0.07961379216329009,0.07961379216329009
cnv_depth__IBNLCO_05072__DNA-binding__CDS,-0.07875149922531474,0.07875149922531474
cnv_depth__IBNLCO_04098__IBNLCO_04098__gene__promoter,-0.07844060651280915,0.07844060651280915
cnv_depth__IBNLCO_03967__phosphoenolpyruvate__CDS__promoter,-0.07780006664484514,0.07780006664484514
cnv_depth__IBNLCO_01697__hypothetical__CDS__promoter,-0.07775122333921554,0.07775122333921554
cnv_depth__IBNLCO_00608__IBNLCO_00608__gene,-0.07629428326627169,0.07629428326627169
cnv_depth__IBNLCO_02235__2%2C3%2C4%2C5-tetrahydropyridine-2%2C6-dicarboxylate__CDS,-0.07615939356958557,0.07615939356958557
cnv_depth__IBNLCO_01108__IBNLCO_01108__gene,-0.07599014109643089,0.07599014109643089
cnv_depth__IBNLCO_00793__efflux__CDS,-0.07508939557133175,0.07508939557133175
cnv_depth__IBNLCO_05243__IBNLCO_05243__gene,-0.07488307540167538,0.07488307540167538
cnv_depth__IBNLCO_02549__Cold-shock__CDS,0.07478075892969965,0.07478075892969965
cnv_depth__IBNLCO_02065__5-hydroxyisourate__CDS__promoter,-0.0747711751552082,0.0747711751552082
cnv_depth__IBNLCO_05174__NHL__CDS,-0.07468738867293681,0.07468738867293681
cnv_depth__IBNLCO_00703__IBNLCO_00703__gene,-0.07461134191008023,0.07461134191008023
cnv_depth__IBNLCO_00394__IBNLCO_00394__gene__promoter,0.07219162299482244,0.07219162299482244
cnv_depth__IBNLCO_04750__hypothetical__CDS__promoter,-0.07203095693907166,0.07203095693907166
cnv_depth__IBNLCO_04964__IBNLCO_04964__gene,-0.07148605228441607,0.07148605228441607
cnv_depth__IBNLCO_03072__Glutamyl-tRNA__CDS__promoter,0.0709085772049351,0.0709085772049351
cnv_depth__IBNLCO_05760__IBNLCO_05760__gene__promoter,-0.07076763504534539,0.07076763504534539
cnv_depth__IBNLCO_05092__N-acetyltransferase__CDS,-0.07056317261288378,0.07056317261288378
cnv_depth__IBNLCO_04106__MurR/RpiR__CDS,-0.07014881643726133,0.07014881643726133
cnv_depth__IBNLCO_04926__IBNLCO_04926__gene__promoter,-0.07012713039941491,0.07012713039941491
cnv_depth__IBNLCO_02137__IBNLCO_02137__gene,-0.06978816882000262,0.06978816882000262
cnv_depth__IBNLCO_04861__IBNLCO_04861__gene__promoter,-0.06823369636404442,0.06823369636404442
cnv_depth__IBNLCO_01937__hypothetical__CDS,-0.0681796066172895,0.0681796066172895
cnv_depth__IBNLCO_01481__Glycoside__CDS__promoter,-0.06816146011719053,0.06816146011719053
cnv_depth__IBNLCO_04226__PucR__CDS,-0.06814249885373799,0.06814249885373799
cnv_depth__IBNLCO_03750__ceoB__gene__promoter,0.06811941280273505,0.06811941280273505
cnv_depth__IBNLCO_00628__IBNLCO_00628__gene__promoter,0.06774324356309308,0.06774324356309308
cnv_depth__IBNLCO_00027__fliM__gene__promoter,-0.0677075461013856,0.0677075461013856
cnv_depth__IBNLCO_00278__flgL__gene,-0.06721760173210466,0.06721760173210466
cnv_depth__IBNLCO_03986__IBNLCO_03986__gene,0.06712906472216047,0.06712906472216047
cnv_depth__IBNLCO_05140__IBNLCO_05140__gene__promoter,0.06711936553904374,0.06711936553904374
cnv_depth__IBNLCO_05751__Glycosyltransferase__CDS__promoter,-0.06704487140639621,0.06704487140639621
cnv_depth__IBNLCO_00795__gnl|Bakta|IBNLCO_00795__CDS__promoter,0.06621383943837669,0.06621383943837669
cnv_depth__IBNLCO_03528__hypothetical__CDS__promoter,-0.06561063341231343,0.06561063341231343
cnv_depth__IBNLCO_04397__IBNLCO_04397__gene,-0.06558748767964004,0.06558748767964004
cnv_depth__IBNLCO_02512__IBNLCO_02512__gene__promoter,0.06541845458242142,0.06541845458242142
cnv_depth__IBNLCO_01238__Diguanylate__CDS,-0.06526028531535574,0.06526028531535574
cnv_depth__IBNLCO_03689__Hemin__CDS__promoter,-0.06440774958012396,0.06440774958012396
cnv_depth__IBNLCO_00920__IBNLCO_00920__gene,0.06426191685972452,0.06426191685972452
cnv_depth__IBNLCO_04278__IBNLCO_04278__gene__promoter,-0.06342610465868273,0.06342610465868273
cnv_depth__IBNLCO_03569__Pyruvate__CDS__promoter,0.06262690277964407,0.06262690277964407
cnv_depth__unknown__unknown__regulatory.5,-0.06231095509623093,0.06231095509623093
cnv_depth__IBNLCO_04850__secD__gene__promoter,-0.06220780649297299,0.06220780649297299
cnv_depth__IBNLCO_03979__tssG__gene,-0.06193763009502304,0.06193763009502304
cnv_depth__IBNLCO_04846__Sarcosine__CDS__promoter,-0.06112215522245108,0.06112215522245108
cnv_depth__IBNLCO_01438__5-deoxy-glucuronate__CDS__promoter,-0.06103033423012369,0.06103033423012369
cnv_depth__IBNLCO_01079__tRNA__CDS__promoter,0.06060132419121601,0.06060132419121601
cnv_depth__IBNLCO_01558__Major__CDS__promoter,-0.060592516658616535,0.060592516658616535
cnv_depth__IBNLCO_01003__Two-component__CDS,-0.060061103084469054,0.060061103084469054
cnv_depth__IBNLCO_03477__3-oxoadipate__CDS__promoter,-0.05999438418367368,0.05999438418367368
cnv_depth__IBNLCO_03026__IBNLCO_03026__gene__promoter,0.05982785851239163,0.05982785851239163
cnv_depth__IBNLCO_01266__asnC__gene__promoter,0.05903493595633184,0.05903493595633184
cnv_depth__IBNLCO_02607__gnl|Bakta|IBNLCO_02607__CDS,-0.05872153068275334,0.05872153068275334
cnv_depth__IBNLCO_03244__paaC__gene,0.05843802768845091,0.05843802768845091
cnv_depth__IBNLCO_00166__hypothetical__CDS,0.05802799767501674,0.05802799767501674
cnv_depth__IBNLCO_04971__IBNLCO_04971__gene,-0.057979603476349145,0.057979603476349145
cnv_depth__IBNLCO_03627__DUF3540__CDS__promoter,0.056838470364694194,0.056838470364694194
cnv_depth__IBNLCO_03768__IBNLCO_03768__gene__promoter,0.05601840181443718,0.05601840181443718
cnv_depth__IBNLCO_02699__IBNLCO_02699__gene__promoter,0.05588871469742884,0.05588871469742884
cnv_depth__IBNLCO_03098__Type__CDS__promoter,0.055873612280298954,0.055873612280298954
cnv_depth__IBNLCO_01309__IBNLCO_01309__gene__promoter,-0.054819537405111765,0.054819537405111765
cnv_depth__IBNLCO_02641__hypothetical__CDS,0.05480871308464363,0.05480871308464363
cnv_depth__IBNLCO_05817__mlaC__gene,0.05480620528652537,0.05480620528652537
cnv_depth__IBNLCO_04267__IBNLCO_04267__gene,-0.05384616407623512,0.05384616407623512
cnv_depth__IBNLCO_02542__Thioredoxin__CDS__promoter,-0.05364915516776632,0.05364915516776632
cnv_depth__IBNLCO_01947__Putative__CDS__promoter,-0.05363955328605046,0.05363955328605046
cnv_depth__IBNLCO_03364__IBNLCO_03364__gene,0.05359314578601508,0.05359314578601508
cnv_depth__IBNLCO_03912__IBNLCO_03912__gene__promoter,0.05332617503983622,0.05332617503983622
cnv_depth__IBNLCO_00504__IBNLCO_00504__gene__promoter,-0.05327353408818338,0.05327353408818338
cnv_depth__IBNLCO_05597__IBNLCO_05597__gene,-0.05306525753312856,0.05306525753312856
cnv_depth__IBNLCO_02391__IBNLCO_02391__gene,-0.051342523780131474,0.051342523780131474
cnv_depth__IBNLCO_00322__IBNLCO_00322__gene__promoter,0.051101364319392606,0.051101364319392606
cnv_depth__IBNLCO_03074__IBNLCO_03074__gene__promoter,0.050957146738555614,0.050957146738555614
cnv_depth__IBNLCO_03751__nodT__gene__promoter,0.05095459146288325,0.05095459146288325
cnv_depth__IBNLCO_04208__IBNLCO_04208__gene__promoter,-0.050224025968779666,0.050224025968779666
cnv_depth__IBNLCO_01241__hypothetical__CDS,0.0498812641574196,0.0498812641574196
cnv_depth__IBNLCO_01910__Modulator__CDS__promoter,0.04986950578164507,0.04986950578164507
cnv_depth__IBNLCO_05327__Polysaccharide__CDS__promoter,-0.049791116303894864,0.049791116303894864
cnv_depth__IBNLCO_05426__IBNLCO_05426__gene__promoter,0.04962814039386295,0.04962814039386295
cnv_depth__IBNLCO_01580__UPF0303__CDS__promoter,-0.04880204194254062,0.04880204194254062
cnv_depth__IBNLCO_02297__IBNLCO_02297__gene__promoter,-0.048669813304502256,0.048669813304502256
cnv_depth__IBNLCO_00507__rpoH__gene__promoter,0.04843142293318352,0.04843142293318352
cnv_depth__IBNLCO_00606__IBNLCO_00606__gene,0.04832075992598236,0.04832075992598236
cnv_depth__IBNLCO_02043__IBNLCO_02043__gene,0.047737766186872546,0.047737766186872546
cnv_depth__IBNLCO_01462__hypothetical__CDS__promoter,0.047555583927156454,0.047555583927156454
cnv_depth__IBNLCO_01306__araC__gene__promoter,0.047403091747330525,0.047403091747330525
cnv_depth__IBNLCO_04102__IBNLCO_04102__gene__promoter,-0.04712172630203171,0.04712172630203171
cnv_depth__IBNLCO_01645__Outer__CDS__promoter,-0.046852033028369926,0.046852033028369926
cnv_depth__IBNLCO_01153__IBNLCO_01153__gene__promoter,-0.046808913416987855,0.046808913416987855
cnv_depth__IBNLCO_04306__hypothetical__CDS,0.04664784626116005,0.04664784626116005
cnv_depth__IBNLCO_03744__IBNLCO_03744__gene,0.046389502800819334,0.046389502800819334
cnv_depth__IBNLCO_04148__hypothetical__CDS__promoter,0.04574021362216595,0.04574021362216595
cnv_depth__IBNLCO_04536__IBNLCO_04536__gene__promoter,-0.04556926252592141,0.04556926252592141
cnv_depth__IBNLCO_03487__IBNLCO_03487__gene,0.04556513111587268,0.04556513111587268
cnv_depth__IBNLCO_03265__IBNLCO_03265__gene__promoter,0.045329526451302275,0.045329526451302275
cnv_depth__IBNLCO_00895__L-aspartate__CDS__promoter,0.045229762691044874,0.045229762691044874
cnv_depth__IBNLCO_00263__IBNLCO_00263__gene__promoter,-0.0450916940563798,0.0450916940563798
cnv_depth__IBNLCO_01099__Phospholipase__CDS__promoter,-0.04507893687363516,0.04507893687363516
cnv_depth__IBNLCO_03606__asparagine__CDS,-0.04468247522263772,0.04468247522263772
cnv_depth__IBNLCO_04492__Methyltransferase__CDS__promoter,0.0442441137125332,0.0442441137125332
cnv_depth__IBNLCO_03726__IBNLCO_03726__gene__promoter,0.0434416327729303,0.0434416327729303
cnv_depth__IBNLCO_02453__RNA-binding__CDS,-0.04331541526945666,0.04331541526945666
cnv_depth__IBNLCO_04560__Transmembrane__CDS,-0.04314113182378392,0.04314113182378392
cnv_depth__IBNLCO_04986__Type__CDS__promoter,-0.04301496752592523,0.04301496752592523
cnv_depth__IBNLCO_00751__gspH__gene,-0.042368156642891786,0.042368156642891786
cnv_depth__IBNLCO_05328__gnl|Bakta|IBNLCO_05328__CDS,-0.041990861579516016,0.041990861579516016
cnv_depth__IBNLCO_05007__SctA__CDS,-0.0414395180805057,0.0414395180805057
cnv_depth__IBNLCO_00396__IBNLCO_00396__gene__promoter,0.041137490517159855,0.041137490517159855
cnv_depth__IBNLCO_05057__bcsG__gene,-0.0410028798299364,0.0410028798299364
cnv_depth__IBNLCO_05109__hrpB4__gene__promoter,0.0408923266349379,0.0408923266349379
cnv_depth__IBNLCO_03069__Xaa-Pro__CDS__promoter,0.04057354233733665,0.04057354233733665
cnv_depth__IBNLCO_04276__Diguanylate__CDS__promoter,0.04032468887468789,0.04032468887468789
cnv_depth__IBNLCO_05026__type__CDS,-0.04031226284549327,0.04031226284549327
cnv_depth__IBNLCO_00172__IBNLCO_00172__gene,-0.040073843713286324,0.040073843713286324
cnv_depth__IBNLCO_02105__glutathione__CDS,-0.03993575563959397,0.03993575563959397
cnv_depth__IBNLCO_01401__IBNLCO_01401__gene__promoter,-0.039898089613844556,0.039898089613844556
cnv_depth__IBNLCO_01698__hypothetical__CDS,-0.03964776169191841,0.03964776169191841
cnv_depth__IBNLCO_04833__IBNLCO_04833__gene__promoter,0.039522129586656796,0.039522129586656796
cnv_depth__IBNLCO_02838__IBNLCO_02838__gene__promoter,-0.03949854571689527,0.03949854571689527
cnv_depth__IBNLCO_00897__Large__CDS,-0.0394529507015782,0.0394529507015782
cnv_depth__IBNLCO_04514__LysR__CDS,-0.039068108921149994,0.039068108921149994
cnv_depth__IBNLCO_00943__zapA__gene__promoter,0.038988174573229256,0.038988174573229256
cnv_depth__IBNLCO_03968__IBNLCO_03968__gene,-0.038363411498125326,0.038363411498125326
cnv_depth__IBNLCO_00024__lrgA__gene__promoter,0.03827974379256521,0.03827974379256521
cnv_depth__IBNLCO_02616__PII-like__CDS,-0.03815541804738386,0.03815541804738386
cnv_depth__IBNLCO_01218__mdtA__gene,-0.037553612096064996,0.037553612096064996
cnv_depth__IBNLCO_04960__eamA__gene,-0.03747275532575932,0.03747275532575932
cnv_depth__IBNLCO_02855__secF__gene__promoter,0.03732398069271698,0.03732398069271698
cnv_depth__IBNLCO_05531__IBNLCO_05531__gene__promoter,-0.037263411317166886,0.037263411317166886
cnv_depth__IBNLCO_01560__ParB-like__CDS__promoter,-0.0372270728153339,0.0372270728153339
cnv_depth__IBNLCO_02299__Putative__CDS__promoter,-0.03691882217259667,0.03691882217259667
cnv_depth__IBNLCO_04055__Major__CDS,-0.03618380928670646,0.03618380928670646
cnv_depth__IBNLCO_02209__hypothetical__CDS__promoter,-0.03614146982862415,0.03614146982862415
cnv_depth__IBNLCO_03896__IBNLCO_03896__gene__promoter,0.03587358842221165,0.03587358842221165
cnv_depth__IBNLCO_02253__IBNLCO_02253__gene,-0.03581172072755464,0.03581172072755464
cnv_depth__IBNLCO_00176__Peptidoglycan__CDS__promoter,0.03535904263783214,0.03535904263783214
cnv_depth__IBNLCO_04727__IBNLCO_04727__gene__promoter,0.03530353411105007,0.03530353411105007
cnv_depth__IBNLCO_01683__hypothetical__CDS__promoter,-0.03417550695080673,0.03417550695080673
cnv_depth__IBNLCO_00577__DUF262__CDS__promoter,0.034038726632718244,0.034038726632718244
cnv_depth__IBNLCO_03480__IBNLCO_03480__gene,-0.03374351828016112,0.03374351828016112
cnv_depth__IBNLCO_00328__IBNLCO_00328__gene__promoter,-0.03353214572214954,0.03353214572214954
cnv_depth__IBNLCO_01000__Solute-binding__CDS,-0.032711909428989036,0.032711909428989036
cnv_depth__IBNLCO_01305__attH__gene__promoter,0.03254865985673511,0.03254865985673511
cnv_depth__IBNLCO_04646__IBNLCO_04646__gene__promoter,-0.03242067581317981,0.03242067581317981
cnv_depth__IBNLCO_04774__gnl|Bakta|IBNLCO_04774__CDS__promoter,-0.031769494291360174,0.031769494291360174
cnv_depth__IBNLCO_05753__IBNLCO_05753__gene,-0.031376131446173516,0.031376131446173516
cnv_depth__IBNLCO_01524__emrB__gene,-0.030827044749091283,0.030827044749091283
cnv_depth__IBNLCO_03898__IBNLCO_03898__gene__promoter,0.030695919878688815,0.030695919878688815
cnv_depth__IBNLCO_04731__hypothetical__CDS__promoter,-0.030551122347977952,0.030551122347977952
cnv_depth__IBNLCO_04313__uvrY__gene__promoter,0.030512829032481523,0.030512829032481523
cnv_depth__IBNLCO_01564__IBNLCO_01564__gene,-0.030494281387668718,0.030494281387668718
cnv_depth__IBNLCO_01695__IBNLCO_01695__gene,-0.0298520940411465,0.0298520940411465
cnv_depth__IBNLCO_05133__rpoS__gene,-0.029615008821218987,0.029615008821218987
cnv_depth__IBNLCO_02246__Cell__CDS__promoter,0.029544750565140904,0.029544750565140904
cnv_depth__IBNLCO_02676__IBNLCO_02676__gene__promoter,0.029006616843552272,0.029006616843552272
cnv_depth__IBNLCO_01726__IBNLCO_01726__gene__promoter,-0.028853837929947026,0.028853837929947026
cnv_depth__IBNLCO_01543__cpaE__gene__promoter,-0.028599618607800706,0.028599618607800706
cnv_depth__IBNLCO_04491__gnl|Bakta|IBNLCO_04491__CDS,-0.028561070572797713,0.028561070572797713
cnv_depth__IBNLCO_02308__AAA+__CDS,0.028513110619086707,0.028513110619086707
cnv_depth__IBNLCO_02477__N-acetyltransferase__CDS,-0.028196171451774832,0.028196171451774832
cnv_depth__IBNLCO_03931__HTH__CDS,0.028025028869446914,0.028025028869446914
cnv_depth__IBNLCO_03405__parB__gene__promoter,-0.027476841860220647,0.027476841860220647
cnv_depth__IBNLCO_01220__ncS54__gene__promoter,0.027444949642167808,0.027444949642167808
cnv_depth__IBNLCO_05540__Citronellyl-CoA__CDS__promoter,0.027162514801293627,0.027162514801293627
cnv_depth__IBNLCO_04088__IBNLCO_04088__gene__promoter,0.02686037245629827,0.02686037245629827
cnv_depth__IBNLCO_04213__IBNLCO_04213__gene,-0.02681497143104141,0.02681497143104141
cnv_depth__IBNLCO_02252__iscX__gene__promoter,-0.026511738372887374,0.026511738372887374
cnv_depth__IBNLCO_04587__IBNLCO_04587__gene,-0.026483256155361713,0.026483256155361713
cnv_depth__IBNLCO_04596__IBNLCO_04596__gene,-0.02639423334005494,0.02639423334005494
cnv_depth__IBNLCO_02475__Putative__CDS,-0.0263762075593483,0.0263762075593483
cnv_depth__IBNLCO_01398__mntH__gene,0.02611200868481394,0.02611200868481394
cnv_depth__IBNLCO_05039__L-lactate__CDS__promoter,0.026094167728090985,0.026094167728090985
cnv_depth__IBNLCO_03485__IBNLCO_03485__gene,0.025750669185938935,0.025750669185938935
cnv_depth__IBNLCO_04599__Formylmethanofuran__CDS__promoter,-0.025715570931451947,0.025715570931451947
cnv_depth__IBNLCO_00762__xerC__gene,0.025624197270274013,0.025624197270274013
cnv_depth__IBNLCO_02866__THUMP__CDS__promoter,0.025470442544153836,0.025470442544153836
cnv_depth__IBNLCO_02597__DUF3088__CDS,-0.025469698887939526,0.025469698887939526
cnv_depth__IBNLCO_01286__IBNLCO_01286__gene__promoter,0.025034917411209324,0.025034917411209324
cnv_depth__IBNLCO_00989__Aldehyde__CDS__promoter,-0.024689633483055147,0.024689633483055147
cnv_depth__IBNLCO_04962__hypothetical__CDS,0.024248864429810217,0.024248864429810217
cnv_depth__IBNLCO_05108__IBNLCO_05108__gene__promoter,-0.024216009200938405,0.024216009200938405
cnv_depth__IBNLCO_00793__efflux__CDS__promoter,0.024130299180936298,0.024130299180936298
cnv_depth__IBNLCO_04701__hypothetical__CDS,0.02388445899657907,0.02388445899657907
cnv_depth__IBNLCO_02715__Purine__CDS,0.02340297331751543,0.02340297331751543
cnv_depth__IBNLCO_02273__folD__gene__promoter,-0.023168913093602573,0.023168913093602573
cnv_depth__IBNLCO_03336__phospholipase__CDS__promoter,0.022811378873737458,0.022811378873737458
cnv_depth__IBNLCO_01940__Molybdopterin__CDS__promoter,-0.02218988475688699,0.02218988475688699
cnv_depth__IBNLCO_00549__IBNLCO_00549__gene__promoter,0.022156869119808253,0.022156869119808253
cnv_depth__IBNLCO_03287__IBNLCO_03287__gene__promoter,0.021785394061717006,0.021785394061717006
cnv_depth__IBNLCO_04004__Formaldehyde__CDS__promoter,-0.02160355897491973,0.02160355897491973
cnv_depth__IBNLCO_00168__IBNLCO_00168__gene,0.021195069109861183,0.021195069109861183
cnv_depth__IBNLCO_04696__ugpC__gene__promoter,-0.02063104323849295,0.02063104323849295
cnv_depth__IBNLCO_04099__terpene__CDS,-0.020266276259523236,0.020266276259523236
cnv_depth__IBNLCO_04927__IBNLCO_04927__gene,-0.01984543990102041,0.01984543990102041
cnv_depth__IBNLCO_03586__IBNLCO_03586__gene,0.019710867731715993,0.019710867731715993
cnv_depth__IBNLCO_05205__IBNLCO_05205__gene__promoter,0.019340285712292828,0.019340285712292828
cnv_depth__IBNLCO_00625__IBNLCO_00625__gene__promoter,-0.01931954773852968,0.01931954773852968
cnv_depth__IBNLCO_03374__Small-conductance__CDS__promoter,0.019032351658954373,0.019032351658954373
cnv_depth__IBNLCO_02220__ISL3-like__CDS,-0.018932735266619292,0.018932735266619292
cnv_depth__IBNLCO_04316__Universal__CDS__promoter,0.01876304416876738,0.01876304416876738
cnv_depth__IBNLCO_05823__IBNLCO_05823__gene__promoter,-0.018735048224905383,0.018735048224905383
cnv_depth__IBNLCO_04154__2-hydroxyhepta-2%2C4-diene-1%2C7-dioate__CDS,-0.01860228133123606,0.01860228133123606
cnv_depth__IBNLCO_02101__SsrA-binding__CDS,0.018602227807245193,0.018602227807245193
cnv_depth__IBNLCO_01198__IBNLCO_01198__gene__promoter,0.018452343018232207,0.018452343018232207
cnv_depth__IBNLCO_05633__IBNLCO_05633__gene__promoter,0.01810669748502651,0.01810669748502651
cnv_depth__IBNLCO_04184__yraA__gene__promoter,0.018095607785887972,0.018095607785887972
cnv_depth__IBNLCO_05363__Glycine__CDS,-0.018090678005996084,0.018090678005996084
cnv_depth__IBNLCO_02986__IBNLCO_02986__gene,0.017973591163326703,0.017973591163326703
cnv_depth__IBNLCO_01326__Bacteriophage__CDS,-0.017932666447771157,0.017932666447771157
cnv_depth__IBNLCO_01781__hypothetical__CDS__promoter,-0.017862538814120536,0.017862538814120536
cnv_depth__IBNLCO_02282__IBNLCO_02282__gene,0.017779058557009376,0.017779058557009376
cnv_depth__IBNLCO_00439__PTS__CDS,-0.017591088007103114,0.017591088007103114
cnv_depth__IBNLCO_04357__IBNLCO_04357__gene__promoter,0.01732246217891453,0.01732246217891453
cnv_depth__IBNLCO_01970__2-hydoxy-3-oxopropionate__CDS__promoter,-0.0171990042493712,0.0171990042493712
cnv_depth__IBNLCO_03666__IBNLCO_03666__gene__promoter,0.017127537367402416,0.017127537367402416
cnv_depth__IBNLCO_01579__trnfM__gene__promoter,-0.01698346350499299,0.01698346350499299
cnv_depth__IBNLCO_02421__IBNLCO_02421__gene,0.016843728279857056,0.016843728279857056
cnv_depth__IBNLCO_03277__IBNLCO_03277__gene__promoter,0.01629769080744848,0.01629769080744848
cnv_depth__IBNLCO_01147__2-isopropylmalate__CDS__promoter,-0.01622674996578921,0.01622674996578921
cnv_depth__IBNLCO_04517__IBNLCO_04517__gene__promoter,0.01616592787263945,0.01616592787263945
cnv_depth__IBNLCO_00095__RNA__CDS__promoter,-0.01616077677880707,0.01616077677880707
cnv_depth__IBNLCO_00792__bpeB__gene__promoter,0.01597934924923796,0.01597934924923796
cnv_depth__IBNLCO_01098__hypothetical__CDS__promoter,-0.015964109947130593,0.015964109947130593
cnv_depth__IBNLCO_02255__Co-chaperone__CDS,-0.01584000049788351,0.01584000049788351
cnv_depth__IBNLCO_02822__IBNLCO_02822__gene,-0.015642471284808227,0.015642471284808227
cnv_depth__IBNLCO_01889__DUF465__CDS__promoter,0.0156172966620312,0.0156172966620312
cnv_depth__IBNLCO_00247__IBNLCO_00247__gene,-0.015577285961156108,0.015577285961156108
cnv_depth__IBNLCO_01895__Adenylosuccinate__CDS__promoter,-0.015522520139999304,0.015522520139999304
cnv_depth__IBNLCO_02078__DUF1993__CDS,-0.015220126756585486,0.015220126756585486
cnv_depth__IBNLCO_03486__N-6__CDS,0.015112376590402082,0.015112376590402082
cnv_depth__IBNLCO_04246__hypothetical__CDS,-0.014749813051702643,0.014749813051702643
cnv_depth__IBNLCO_01732__araC__gene,-0.01472113210977278,0.01472113210977278
cnv_depth__IBNLCO_02317__puuA__gene,-0.014664296902507257,0.014664296902507257
cnv_depth__IBNLCO_00541__3-deoxy-D-manno-octulosonate__CDS,0.014628689964049762,0.014628689964049762
cnv_depth__IBNLCO_00981__HTH__CDS,-0.01440263899851004,0.01440263899851004
cnv_depth__IBNLCO_03809__Phosphonoacetaldehyde__CDS__promoter,-0.014303841060364378,0.014303841060364378
cnv_depth__IBNLCO_02196__IBNLCO_02196__gene__promoter,-0.014261844953745394,0.014261844953745394
cnv_depth__IBNLCO_02031__IBNLCO_02031__gene,-0.014255054047828371,0.014255054047828371
cnv_depth__IBNLCO_00733__lysR__gene,0.014005304769687796,0.014005304769687796
cnv_depth__IBNLCO_03916__IBNLCO_03916__gene__promoter,0.01383435821137322,0.01383435821137322
cnv_depth__IBNLCO_01076__IBNLCO_01076__gene,-0.013739146966054413,0.013739146966054413
cnv_depth__IBNLCO_00024__lrgA__gene,0.013669196463222115,0.013669196463222115
cnv_depth__IBNLCO_05234__Enterobactin__CDS__promoter,-0.01357966903211896,0.01357966903211896
cnv_depth__IBNLCO_04555__DUF2760__CDS,0.013516177579618215,0.013516177579618215
cnv_depth__IBNLCO_00790__efflux__CDS,0.013446862148754861,0.013446862148754861
cnv_depth__IBNLCO_04991__Type__CDS,-0.013118402785529351,0.013118402785529351
cnv_depth__IBNLCO_04093__mreB__gene__promoter,0.013106721939285956,0.013106721939285956
cnv_depth__IBNLCO_01152__Small__CDS,-0.013078657759510717,0.013078657759510717
cnv_depth__IBNLCO_04855__hypothetical__CDS__promoter,-0.012958581162866013,0.012958581162866013
cnv_depth__IBNLCO_02630__Aspartate__CDS,-0.012950964719681258,0.012950964719681258
cnv_depth__IBNLCO_05358__Putative__CDS,-0.012623320019958757,0.012623320019958757
cnv_depth__IBNLCO_05737__DUF2795__CDS__promoter,0.01256631348620113,0.01256631348620113
cnv_depth__IBNLCO_00769__Zinc__CDS__promoter,-0.012405717361118682,0.012405717361118682
cnv_depth__IBNLCO_04835__IBNLCO_04835__gene,-0.012047537977490894,0.012047537977490894
cnv_depth__IBNLCO_02501__IBNLCO_02501__gene__promoter,0.0117660877650545,0.0117660877650545
cnv_depth__IBNLCO_01017__hypothetical__CDS,-0.011720601632827564,0.011720601632827564
cnv_depth__IBNLCO_02743__4-hydroxybenzoyl-CoA__CDS,-0.011195988668485311,0.011195988668485311
cnv_depth__IBNLCO_03258__N-acetyl-gamma-glutamyl-phosphate__CDS__promoter,0.01115549224943941,0.01115549224943941
cnv_depth__IBNLCO_00667__sutR__gene__promoter,0.010747693168622811,0.010747693168622811
cnv_depth__IBNLCO_05214__IBNLCO_05214__gene__promoter,0.010425029158114062,0.010425029158114062
cnv_depth__IBNLCO_02107__Peptidase__CDS__promoter,-0.010422807430117049,0.010422807430117049
cnv_depth__IBNLCO_04258__gnl|Bakta|IBNLCO_04258__CDS,-0.010388421824778006,0.010388421824778006
cnv_depth__IBNLCO_03912__DNA__CDS,-0.01034694546958667,0.01034694546958667
cnv_depth__IBNLCO_05226__IBNLCO_05226__gene__promoter,0.010257442862852512,0.010257442862852512
cnv_depth__IBNLCO_00328__IBNLCO_00328__gene,-0.010103624154189791,0.010103624154189791
cnv_depth__IBNLCO_04258__gnl|Bakta|IBNLCO_04258__CDS__promoter,-0.010060483496852774,0.010060483496852774
cnv_depth__IBNLCO_01884__Poly-beta-hydroxybutyrate__CDS,-0.009955608240483867,0.009955608240483867
cnv_depth__IBNLCO_02054__IBNLCO_02054__gene,-0.009940344435662012,0.009940344435662012
cnv_depth__IBNLCO_05055__Taurine__CDS__promoter,0.009598981523349539,0.009598981523349539
cnv_depth__IBNLCO_04097__hypothetical__CDS,-0.008877559156393273,0.008877559156393273
cnv_depth__IBNLCO_01424__Ornithine__CDS,0.00851385800123651,0.00851385800123651
cnv_depth__IBNLCO_04710__hypothetical__CDS,-0.008457189439193212,0.008457189439193212
cnv_depth__IBNLCO_00681__deoR__gene__promoter,-0.008451216580694695,0.008451216580694695
cnv_depth__IBNLCO_02800__Phosphoribosylformylglycinamidine__CDS__promoter,0.00841559000737608,0.00841559000737608
cnv_depth__IBNLCO_03663__LysR__CDS__promoter,0.008384722749950384,0.008384722749950384
cnv_depth__IBNLCO_01731__IBNLCO_01731__gene,-0.008241109029391267,0.008241109029391267
cnv_depth__IBNLCO_04061__Peptidase__CDS__promoter,0.007715717497446151,0.007715717497446151
cnv_depth__IBNLCO_02740__nrdR__gene,0.007694947543958157,0.007694947543958157
cnv_depth__IBNLCO_05032__bprP__gene__promoter,0.007671789039112369,0.007671789039112369
cnv_depth__IBNLCO_04799__IBNLCO_04799__gene,-0.007612696289995735,0.007612696289995735
cnv_depth__IBNLCO_04880__Type__CDS__promoter,-0.0075392188905289426,0.0075392188905289426
cnv_depth__IBNLCO_01508__IBNLCO_01508__gene__promoter,-0.00740187173719724,0.00740187173719724
cnv_depth__IBNLCO_02126__Bifunctional__CDS__promoter,0.007290194197282201,0.007290194197282201
cnv_depth__IBNLCO_02674__UPF0301__CDS__promoter,0.007164793624903368,0.007164793624903368
cnv_depth__IBNLCO_02111__IBNLCO_02111__gene,-0.007160423067191751,0.007160423067191751
cnv_depth__IBNLCO_00612__IBNLCO_00612__gene,-0.006963622374408924,0.006963622374408924
cnv_depth__IBNLCO_05782__IBNLCO_05782__gene__promoter,0.0068931099140240315,0.0068931099140240315
cnv_depth__IBNLCO_04190__3-oxoacyl-[acyl-carrier-protein]__CDS,-0.006757850661351893,0.006757850661351893
cnv_depth__IBNLCO_01906__4-hydroxy-3-methylbut-2-en-1-yl__CDS__promoter,-0.006606503540623899,0.006606503540623899
cnv_depth__IBNLCO_04387__IBNLCO_04387__gene__promoter,0.0064753241559306245,0.0064753241559306245
cnv_depth__IBNLCO_00368__8-amino-7-oxononanoate__CDS__promoter,0.006454766637670851,0.006454766637670851
cnv_depth__IBNLCO_02232__Polymerase/histidinol__CDS,-0.006383176384751764,0.006383176384751764
cnv_depth__IBNLCO_00978__Pili__CDS,-0.006367513483519945,0.006367513483519945
cnv_depth__IBNLCO_02984__Cytochrome__CDS,0.006248735785817396,0.006248735785817396
cnv_depth__IBNLCO_00685__rhlE__gene__promoter,0.006178338876095421,0.006178338876095421
cnv_depth__IBNLCO_04765__hypothetical__CDS__promoter,0.0060669920975797015,0.0060669920975797015
cnv_depth__IBNLCO_02689__MBL__CDS,-0.005738468757316741,0.005738468757316741
cnv_depth__IBNLCO_02567__Cation:proton__CDS,-0.005430932052759199,0.005430932052759199
cnv_depth__IBNLCO_02044__BTH_s19__gene__promoter,-0.005374998315272775,0.005374998315272775
cnv_depth__IBNLCO_00548__IBNLCO_00548__gene,-0.005281529270448546,0.005281529270448546
cnv_depth__IBNLCO_03958__IBNLCO_03958__gene__promoter,-0.0052327844858746815,0.0052327844858746815
cnv_depth__IBNLCO_05054__Taurine__CDS,-0.005095615891897891,0.005095615891897891
cnv_depth__IBNLCO_00778__N5-carboxyaminoimidazole__CDS,-0.004876795507979151,0.004876795507979151
cnv_depth__IBNLCO_05283__Mop__CDS,-0.004734146226608586,0.004734146226608586
cnv_depth__IBNLCO_01915__Murein__CDS,0.00450041211099839,0.00450041211099839
cnv_depth__IBNLCO_05066__hipB__gene,0.004436384776603413,0.004436384776603413
cnv_depth__IBNLCO_03103__Type__CDS,-0.004063962957597162,0.004063962957597162
cnv_depth__IBNLCO_05560__cdiI__gene,0.003986250342673847,0.003986250342673847
cnv_depth__IBNLCO_00762__Tyrosine__CDS__promoter,0.003979775884661582,0.003979775884661582
cnv_depth__IBNLCO_04645__Chlorinating__CDS,0.0039003817992570413,0.0039003817992570413
cnv_depth__IBNLCO_04856__IBNLCO_04856__gene__promoter,-0.003721932283436517,0.003721932283436517
cnv_depth__IBNLCO_01018__IBNLCO_01018__gene__promoter,-0.003617127503936313,0.003617127503936313
cnv_depth__IBNLCO_01569__N-acetylmuramoyl-L-alanine__CDS,-0.0034722003870942125,0.0034722003870942125
cnv_depth__IBNLCO_04465__IBNLCO_04465__gene__promoter,-0.0033245772304175587,0.0033245772304175587
cnv_depth__IBNLCO_05118__IBNLCO_05118__gene,0.0032632045273455006,0.0032632045273455006
cnv_depth__IBNLCO_00878__cspD__gene,0.003209285889551931,0.003209285889551931
cnv_depth__IBNLCO_04043__IBNLCO_04043__gene__promoter,-0.003158673192473284,0.003158673192473284
cnv_depth__IBNLCO_03219__IBNLCO_03219__gene__promoter,0.0030072492103680824,0.0030072492103680824
cnv_depth__IBNLCO_02045__Two-component__CDS__promoter,-0.002822021596295035,0.002822021596295035
cnv_depth__IBNLCO_04680__IBNLCO_04680__gene,0.0024574098356202542,0.0024574098356202542
cnv_depth__IBNLCO_02295__IBNLCO_02295__gene__promoter,0.0019906876873174674,0.0019906876873174674
cnv_depth__IBNLCO_01886__Pseudouridine__CDS__promoter,-0.00188208903043972,0.00188208903043972
cnv_depth__IBNLCO_00551__IBNLCO_00551__gene,0.0018559411838343573,0.0018559411838343573
cnv_depth__IBNLCO_01327__IBNLCO_01327__gene__promoter,-0.0017493854512828026,0.0017493854512828026
cnv_depth__IBNLCO_02872__proton-translocating__CDS__promoter,-0.0016795759249914194,0.0016795759249914194
cnv_depth__IBNLCO_04540__heavy__CDS__promoter,0.0016448776031706951,0.0016448776031706951
cnv_depth__IBNLCO_05736__IBNLCO_05736__gene__promoter,0.0015431388346547159,0.0015431388346547159
cnv_depth__IBNLCO_02546__gnl|Bakta|IBNLCO_02546__CDS__promoter,0.0013882882780743414,0.0013882882780743414
cnv_depth__IBNLCO_00996__IBNLCO_00996__gene__promoter,0.0012396552550256045,0.0012396552550256045
cnv_depth__IBNLCO_02990__CNP1-like__CDS,0.0012199199871286222,0.0012199199871286222
cnv_depth__IBNLCO_04709__GTP__CDS__promoter,-0.0010514814700203511,0.0010514814700203511
cnv_depth__IBNLCO_02584__Smr__CDS__promoter,-0.0008533823546273377,0.0008533823546273377
cnv_depth__IBNLCO_00465__Methyl-accepting__CDS,-0.0008225371324579497,0.0008225371324579497
cnv_depth__IBNLCO_02319__IBNLCO_02319__gene,0.0007889149535051238,0.0007889149535051238
cnv_depth__IBNLCO_02402__trnG__gene__promoter,0.0007689595228556304,0.0007689595228556304
cnv_depth__IBNLCO_03620__IraD/Gp25-like__CDS__promoter,0.00038125631391250245,0.00038125631391250245
cnv_depth__IBNLCO_05625__Uncharacterized__CDS__promoter,0.0003435070921477051,0.0003435070921477051
cnv_depth__IBNLCO_00478__IBNLCO_00478__gene,9.395795873905053e-06,9.395795873905053e-06
cnv_depth__IBNLCO_03836__exbB__gene__promoter,0.0,0.0
cnv_depth__IBNLCO_03857__hypothetical__CDS,0.0,0.0
cnv_depth__IBNLCO_03728__IBNLCO_03728__gene__promoter,0.0,0.0
cnv_depth__IBNLCO_03858__hypothetical__CDS__promoter,0.0,0.0
cnv_depth__IBNLCO_03837__hypothetical__CDS,0.0,0.0
cnv_depth__IBNLCO_03836__exbB__gene,0.0,0.0
cnv_depth__IBNLCO_03833__lysR__gene,0.0,0.0
cnv_depth__IBNLCO_03684__IBNLCO_03684__gene,0.0,0.0
cnv_depth__IBNLCO_03709__dhaK__gene__promoter,0.0,0.0
cnv_depth__IBNLCO_03683__Cytochrome__CDS__promoter,0.0,0.0
cnv_depth__IBNLCO_03832__gnl|Bakta|IBNLCO_03832__CDS__promoter,0.0,0.0
cnv_depth__IBNLCO_03749__bepF__gene,0.0,0.0
cnv_depth__IBNLCO_03834__ncS011__gene__promoter,0.0,0.0
cnv_depth__IBNLCO_03749__bepF__gene__promoter,0.0,0.0
cnv_depth__IBNLCO_03748__Acetyl__CDS__promoter,0.0,0.0
cnv_depth__IBNLCO_03675__IBNLCO_03675__gene,0.0,0.0
cnv_depth__IBNLCO_03834__ncS011__gene,0.0,0.0
cnv_depth__IBNLCO_03835__IBNLCO_03835__gene,0.0,0.0
cnv_depth__IBNLCO_03708__IBNLCO_03708__gene,0.0,0.0
cnv_depth__IBNLCO_03747__ceoR__gene,0.0,0.0
cnv_depth__IBNLCO_03858__hypothetical__CDS,0.0,0.0
cnv_depth__IBNLCO_03745__IBNLCO_03745__gene__promoter,0.0,0.0
cnv_depth__IBNLCO_03744__IBNLCO_03744__gene__promoter,0.0,0.0
cnv_depth__IBNLCO_03739__Outer__CDS__promoter,0.0,0.0
cnv_depth__IBNLCO_03835__Biopolymer__CDS__promoter,0.0,0.0
cnv_depth__IBNLCO_03728__IBNLCO_03728__gene,0.0,0.0
cnv_depth__IBNLCO_03833__LysR__CDS__promoter,0.0,0.0
cnv_depth__IBNLCO_03675__IBNLCO_03675__gene__promoter,0.0,0.0
cnv_depth__IBNLCO_03736__yfcC__gene,0.0,0.0
cnv_depth__IBNLCO_03685__Glycine__CDS__promoter,0.0,0.0
cnv_depth__IBNLCO_03735__IBNLCO_03735__gene,0.0,0.0
cnv_depth__IBNLCO_03855__IBNLCO_03855__gene__promoter,0.0,0.0
cnv_depth__IBNLCO_03853__IBNLCO_03853__gene__promoter,0.0,0.0
cnv_depth__IBNLCO_03715__IBNLCO_03715__gene,0.0,0.0
cnv_depth__IBNLCO_03729__IBNLCO_03729__gene__promoter,0.0,0.0
cnv_depth__IBNLCO_03734__davT__gene,0.0,0.0
cnv_depth__IBNLCO_03733__IBNLCO_03733__gene,0.0,0.0
cnv_depth__IBNLCO_03732__IBNLCO_03732__gene__promoter,0.0,0.0
cnv_depth__IBNLCO_03844__Acetyl-coenzyme__CDS,0.0,0.0
cnv_depth__IBNLCO_03750__ceoB__gene,0.0,0.0
cnv_depth__IBNLCO_03846__Uncharacterized__CDS,0.0,0.0
cnv_depth__IBNLCO_03716__IBNLCO_03716__gene,0.0,0.0
cnv_depth__IBNLCO_03853__IBNLCO_03853__gene,0.0,0.0
cnv_depth__IBNLCO_03847__trnS__gene__promoter,0.0,0.0
cnv_depth__IBNLCO_03676__IBNLCO_03676__gene,0.0,0.0
cnv_depth__IBNLCO_03847__tRNA-Ser(gga)__tRNA,0.0,0.0
cnv_depth__IBNLCO_03727__IBNLCO_03727__gene__promoter,0.0,0.0
cnv_depth__IBNLCO_03732__IBNLCO_03732__gene,0.0,0.0
cnv_depth__IBNLCO_03852__IBNLCO_03852__gene__promoter,0.0,0.0
cnv_depth__IBNLCO_03852__hypothetical__CDS,0.0,0.0
cnv_depth__IBNLCO_03730__IBNLCO_03730__gene__promoter,0.0,0.0
cnv_depth__IBNLCO_03710__dhaL__gene,0.0,0.0
cnv_depth__IBNLCO_03731__IBNLCO_03731__gene__promoter,0.0,0.0
cnv_depth__IBNLCO_03837__IBNLCO_03837__gene__promoter,0.0,0.0
cnv_depth__IBNLCO_03683__IBNLCO_03683__gene,0.0,0.0
cnv_depth__IBNLCO_03838__IBNLCO_03838__gene,0.0,0.0
cnv_depth__IBNLCO_03838__IBNLCO_03838__gene__promoter,0.0,0.0
cnv_depth__IBNLCO_03680__IBNLCO_03680__gene__promoter,0.0,0.0
cnv_depth__IBNLCO_03729__IBNLCO_03729__gene,0.0,0.0
cnv_depth__IBNLCO_03839__IBNLCO_03839__gene__promoter,0.0,0.0
cnv_depth__IBNLCO_03840__gnl|Bakta|IBNLCO_03840__CDS,0.0,0.0
cnv_depth__IBNLCO_03840__IBNLCO_03840__gene__promoter,0.0,0.0
cnv_depth__IBNLCO_03841__IBNLCO_03841__gene,0.0,0.0
cnv_depth__IBNLCO_03857__IBNLCO_03857__gene__promoter,0.0,0.0
cnv_depth__IBNLCO_03841__Fumarate__CDS__promoter,0.0,0.0
cnv_depth__IBNLCO_03855__IBNLCO_03855__gene,0.0,0.0
cnv_depth__IBNLCO_03738__IBNLCO_03738__gene__promoter,0.0,0.0
cnv_depth__IBNLCO_03709__dhaK__gene,0.0,0.0
cnv_depth__IBNLCO_03712__IBNLCO_03712__gene__promoter,0.0,0.0
cnv_depth__IBNLCO_03842__UPF0114__CDS,0.0,0.0
cnv_depth__IBNLCO_03856__DNA__CDS,0.0,0.0
cnv_depth__IBNLCO_03842__IBNLCO_03842__gene__promoter,0.0,0.0
cnv_depth__IBNLCO_03738__IBNLCO_03738__gene,0.0,0.0
cnv_depth__IBNLCO_03843__EamA__CDS,0.0,0.0
cnv_depth__IBNLCO_03680__hypothetical__CDS,0.0,0.0
cnv_depth__IBNLCO_03843__eamA__gene__promoter,0.0,0.0
cnv_depth__IBNLCO_03844__IBNLCO_03844__gene__promoter,0.0,0.0
cnv_depth__IBNLCO_03678__IBNLCO_03678__gene__promoter,0.0,0.0
cnv_depth__IBNLCO_03856__DNA__CDS__promoter,0.0,0.0
cnv_depth__IBNLCO_03715__IBNLCO_03715__gene__promoter,0.0,0.0
cnv_depth__IBNLCO_03795__FAD/NAD(P)-binding__CDS,0.0,0.0
cnv_depth__IBNLCO_03796__hypothetical__CDS__promoter,0.0,0.0
cnv_depth__IBNLCO_03796__hypothetical__CDS,0.0,0.0
cnv_depth__IBNLCO_03698__IBNLCO_03698__gene,0.0,0.0
cnv_depth__IBNLCO_03798__IBNLCO_03798__gene,0.0,0.0
cnv_depth__IBNLCO_03798__Insertion__CDS__promoter,0.0,0.0
cnv_depth__IBNLCO_03697__Spermidine/putrescine__CDS__promoter,0.0,0.0
cnv_depth__IBNLCO_03799__3-dehydroshikimate__CDS__promoter,0.0,0.0
cnv_depth__IBNLCO_03800__3-dehydroquinate__CDS__promoter,0.0,0.0
cnv_depth__IBNLCO_03764__IBNLCO_03764__gene,0.0,0.0
cnv_depth__IBNLCO_03800__IBNLCO_03800__gene,0.0,0.0
cnv_depth__IBNLCO_03801__Shikimate__CDS__promoter,0.0,0.0
cnv_depth__IBNLCO_03702__IBNLCO_03702__gene,0.0,0.0
cnv_depth__IBNLCO_03801__Shikimate__CDS,0.0,0.0
cnv_depth__IBNLCO_03802__IBNLCO_03802__gene,0.0,0.0
cnv_depth__IBNLCO_03727__IBNLCO_03727__gene,0.0,0.0
cnv_depth__IBNLCO_03694__IBNLCO_03694__gene,0.0,0.0
cnv_depth__IBNLCO_03815__rrf__gene,0.0,0.0
cnv_depth__IBNLCO_03810__HD__CDS,0.0,0.0
cnv_depth__IBNLCO_03696__cysW__gene__promoter,0.0,0.0
cnv_depth__IBNLCO_03810__HD__CDS__promoter,0.0,0.0
cnv_depth__IBNLCO_03808__IBNLCO_03808__gene__promoter,0.0,0.0
cnv_depth__IBNLCO_03807__IBNLCO_03807__gene,0.0,0.0
cnv_depth__IBNLCO_03703__IBNLCO_03703__gene__promoter,0.0,0.0
cnv_depth__IBNLCO_03721__IBNLCO_03721__gene,0.0,0.0
cnv_depth__IBNLCO_03807__ABC__CDS__promoter,0.0,0.0
cnv_depth__IBNLCO_03804__IBNLCO_03804__gene,0.0,0.0
cnv_depth__IBNLCO_03804__2-aminoethylphosphonate__CDS__promoter,0.0,0.0
cnv_depth__IBNLCO_03803__2-aminoethylphosphonate--pyruvate__CDS__promoter,0.0,0.0
cnv_depth__IBNLCO_03803__IBNLCO_03803__gene,0.0,0.0
cnv_depth__IBNLCO_03720__IBNLCO_03720__gene,0.0,0.0
cnv_depth__IBNLCO_03696__Sulfate__CDS,0.0,0.0
cnv_depth__IBNLCO_03695__IBNLCO_03695__gene__promoter,0.0,0.0
cnv_depth__IBNLCO_03770__IBNLCO_03770__gene,0.0,0.0
cnv_depth__IBNLCO_03770__IBNLCO_03770__gene__promoter,0.0,0.0
cnv_depth__IBNLCO_03771__Polyketide__CDS__promoter,0.0,0.0
cnv_depth__IBNLCO_03772__malR__gene__promoter,0.0,0.0
cnv_depth__IBNLCO_03772__malR__gene,0.0,0.0
cnv_depth__IBNLCO_03773__IBNLCO_03773__gene__promoter,0.0,0.0
cnv_depth__IBNLCO_03773__IBNLCO_03773__gene,0.0,0.0
cnv_depth__IBNLCO_03774__IBNLCO_03774__gene__promoter,0.0,0.0
cnv_depth__IBNLCO_03776__metI__gene__promoter,0.0,0.0
cnv_depth__IBNLCO_03777__Dibenzothiophene__CDS__promoter,0.0,0.0
cnv_depth__IBNLCO_03701__IBNLCO_03701__gene__promoter,0.0,0.0
cnv_depth__IBNLCO_03700__IBNLCO_03700__gene,0.0,0.0
cnv_depth__IBNLCO_03700__IBNLCO_03700__gene__promoter,0.0,0.0
cnv_depth__IBNLCO_03778__coiA__gene__promoter,0.0,0.0
cnv_depth__IBNLCO_03779__IBNLCO_03779__gene,0.0,0.0
cnv_depth__IBNLCO_03767__IBNLCO_03767__gene,0.0,0.0
cnv_depth__IBNLCO_03795__IBNLCO_03795__gene__promoter,0.0,0.0
cnv_depth__IBNLCO_03793__Hydrogen__CDS__promoter,0.0,0.0
cnv_depth__IBNLCO_03792__4-hydroxyproline__CDS__promoter,0.0,0.0
cnv_depth__IBNLCO_03791__N-acetylneuraminate__CDS__promoter,0.0,0.0
cnv_depth__IBNLCO_03790__Amino__CDS__promoter,0.0,0.0
cnv_depth__IBNLCO_03790__IBNLCO_03790__gene,0.0,0.0
cnv_depth__IBNLCO_03788__Delta(1)-pyrroline-2-carboxylate__CDS,0.0,0.0
cnv_depth__IBNLCO_03701__IBNLCO_03701__gene,0.0,0.0
cnv_depth__IBNLCO_03787__Permease__CDS,0.0,0.0
cnv_depth__IBNLCO_03699__ABC__CDS__promoter,0.0,0.0
cnv_depth__IBNLCO_03785__DoxX__CDS,0.0,0.0
cnv_depth__IBNLCO_03785__doxX__gene__promoter,0.0,0.0
cnv_depth__IBNLCO_03720__Lysine/arginine/ornithine-binding__CDS__promoter,0.0,0.0
cnv_depth__IBNLCO_03784__IBNLCO_03784__gene,0.0,0.0
cnv_depth__IBNLCO_03782__IBNLCO_03782__gene,0.0,0.0
cnv_depth__IBNLCO_03780__IBNLCO_03780__gene,0.0,0.0
cnv_depth__IBNLCO_03787__IBNLCO_03787__gene__promoter,0.0,0.0
cnv_depth__IBNLCO_03718__IBNLCO_03718__gene,0.0,0.0
cnv_depth__IBNLCO_03822__Aspartate__CDS__promoter,0.0,0.0
cnv_depth__IBNLCO_03725__iclR__gene,0.0,0.0
cnv_depth__IBNLCO_03718__IBNLCO_03718__gene__promoter,0.0,0.0
cnv_depth__IBNLCO_03754__gntR__gene__promoter,0.0,0.0
cnv_depth__IBNLCO_03725__iclR__gene__promoter,0.0,0.0
cnv_depth__IBNLCO_03708__IBNLCO_03708__gene__promoter,0.0,0.0
cnv_depth__IBNLCO_03755__IBNLCO_03755__gene__promoter,0.0,0.0
cnv_depth__IBNLCO_03823__UvrABC__CDS__promoter,0.0,0.0
cnv_depth__IBNLCO_03823__IBNLCO_03823__gene,0.0,0.0
cnv_depth__IBNLCO_03824__Pathogen-specific__CDS__promoter,0.0,0.0
cnv_depth__IBNLCO_03824__IBNLCO_03824__gene,0.0,0.0
cnv_depth__IBNLCO_03825__hypothetical__CDS__promoter,0.0,0.0
cnv_depth__IBNLCO_03691__IBNLCO_03691__gene,0.0,0.0
cnv_depth__IBNLCO_03753__IBNLCO_03753__gene__promoter,0.0,0.0
cnv_depth__IBNLCO_03763__fkbH__gene,0.0,0.0
cnv_depth__IBNLCO_03831__IBNLCO_03831__gene__promoter,0.0,0.0
cnv_depth__IBNLCO_03685__Glycine__CDS,0.0,0.0
cnv_depth__IBNLCO_03831__IBNLCO_03831__gene,0.0,0.0
cnv_depth__IBNLCO_03753__IBNLCO_03753__gene,0.0,0.0
cnv_depth__IBNLCO_03830__hypothetical__CDS__promoter,0.0,0.0
cnv_depth__IBNLCO_03716__IBNLCO_03716__gene__promoter,0.0,0.0
cnv_depth__IBNLCO_03688__Glycine__CDS__promoter,0.0,0.0
cnv_depth__IBNLCO_03717__IBNLCO_03717__gene,0.0,0.0
cnv_depth__IBNLCO_03827__IBNLCO_03827__gene,0.0,0.0
cnv_depth__IBNLCO_03689__IBNLCO_03689__gene,0.0,0.0
cnv_depth__IBNLCO_03827__4Fe-4S__CDS__promoter,0.0,0.0
cnv_depth__IBNLCO_03826__efeU__gene,0.0,0.0
cnv_depth__IBNLCO_03826__Ferrous__CDS__promoter,0.0,0.0
cnv_depth__IBNLCO_03754__gntR__gene,0.0,0.0
cnv_depth__IBNLCO_03717__IBNLCO_03717__gene__promoter,0.0,0.0
cnv_depth__IBNLCO_03825__IBNLCO_03825__gene,0.0,0.0
cnv_depth__IBNLCO_03829__BTH_s39__gene,0.0,0.0
cnv_depth__IBNLCO_03761__IBNLCO_03761__gene,0.0,0.0
cnv_depth__IBNLCO_03704__Putative__CDS__promoter,0.0,0.0
cnv_depth__IBNLCO_03704__IBNLCO_03704__gene,0.0,0.0
cnv_depth__IBNLCO_03816__Transcriptional__CDS__promoter,0.0,0.0
cnv_depth__IBNLCO_03706__luxP__gene__promoter,0.0,0.0
cnv_depth__IBNLCO_03706__luxP__gene,0.0,0.0
cnv_depth__IBNLCO_03760__IBNLCO_03760__gene__promoter,0.0,0.0
cnv_depth__IBNLCO_03759__IBNLCO_03759__gene__promoter,0.0,0.0
cnv_depth__IBNLCO_03816__IBNLCO_03816__gene,0.0,0.0
cnv_depth__IBNLCO_03817__DUF3563__CDS__promoter,0.0,0.0
cnv_depth__IBNLCO_03719__IBNLCO_03719__gene__promoter,0.0,0.0
cnv_depth__IBNLCO_03693__IBNLCO_03693__gene,0.0,0.0
cnv_depth__IBNLCO_03817__IBNLCO_03817__gene,0.0,0.0
cnv_depth__IBNLCO_03707__Short-chain__CDS__promoter,0.0,0.0
cnv_depth__IBNLCO_03818__gnl|Bakta|IBNLCO_03818__CDS__promoter,0.0,0.0
cnv_depth__IBNLCO_03822__IBNLCO_03822__gene,0.0,0.0
cnv_depth__IBNLCO_03692__Heme__CDS,0.0,0.0
cnv_depth__IBNLCO_03723__IBNLCO_03723__gene,0.0,0.0
cnv_depth__IBNLCO_03821__IBNLCO_03821__gene,0.0,0.0
cnv_depth__IBNLCO_03755__IBNLCO_03755__gene,0.0,0.0
cnv_depth__IBNLCO_03821__3-hydroxybutyrate__CDS__promoter,0.0,0.0
cnv_depth__IBNLCO_03820__IBNLCO_03820__gene,0.0,0.0
cnv_depth__IBNLCO_03714__IBNLCO_03714__gene__promoter,0.0,0.0
cnv_depth__IBNLCO_03722__IBNLCO_03722__gene,0.0,0.0
cnv_depth__IBNLCO_03707__IBNLCO_03707__gene,0.0,0.0
cnv_depth__IBNLCO_03759__IBNLCO_03759__gene,0.0,0.0
cnv_depth__IBNLCO_03714__IBNLCO_03714__gene,0.0,0.0
cnv_depth__IBNLCO_03819__IBNLCO_03819__gene,0.0,0.0
cnv_depth__IBNLCO_03692__IBNLCO_03692__gene__promoter,0.0,0.0
cnv_depth__IBNLCO_03818__IBNLCO_03818__gene,0.0,0.0
cnv_depth__IBNLCO_03713__IBNLCO_03713__gene__promoter,0.0,0.0
cnv_depth__IBNLCO_03760__IBNLCO_03760__gene,0.0,0.0
cnv_depth__IBNLCO_03819__IBNLCO_03819__gene__promoter,0.0,0.0
cnv_depth__IBNLCO_04175__IBNLCO_04175__gene,0.0,0.0
cnv_depth__IBNLCO_04174__IBNLCO_04174__gene,0.0,0.0
cnv_depth__IBNLCO_04174__Enoyl-CoA__CDS__promoter,0.0,0.0
cnv_depth__IBNLCO_04173__hypothetical__CDS__promoter,0.0,0.0
cnv_depth__IBNLCO_04172__IBNLCO_04172__gene,0.0,0.0
cnv_depth__IBNLCO_04171__IBNLCO_04171__gene__promoter,0.0,0.0
cnv_depth__IBNLCO_04170__hypothetical__CDS__promoter,0.0,0.0
cnv_depth__IBNLCO_04168__IBNLCO_04168__gene,0.0,0.0
cnv_depth__IBNLCO_04167__tctD__gene,0.0,0.0
cnv_depth__IBNLCO_04166__Iron__CDS__promoter,0.0,0.0
cnv_depth__IBNLCO_04167__Transcriptional__CDS__promoter,0.0,0.0
cnv_depth__IBNLCO_04165__ABC__CDS__promoter,0.0,0.0
cnv_depth__IBNLCO_03950__IBNLCO_03950__gene,0.0,0.0
cnv_depth__IBNLCO_04165__ABC__CDS,0.0,0.0
cnv_depth__IBNLCO_04164__IBNLCO_04164__gene,0.0,0.0
cnv_depth__IBNLCO_04163__Porin__CDS__promoter,0.0,0.0
cnv_depth__IBNLCO_04163__IBNLCO_04163__gene,0.0,0.0
cnv_depth__IBNLCO_04162__IBNLCO_04162__gene,0.0,0.0
cnv_depth__IBNLCO_04161__IBNLCO_04161__gene,0.0,0.0
cnv_depth__IBNLCO_04160__IBNLCO_04160__gene,0.0,0.0
cnv_depth__IBNLCO_04160__4-hydroxy-2-oxo-heptane-1%2C7-dioate__CDS__promoter,0.0,0.0
cnv_depth__IBNLCO_04159__IBNLCO_04159__gene__promoter,0.0,0.0
cnv_depth__IBNLCO_04156__Betaine__CDS,0.0,0.0
cnv_depth__IBNLCO_04155__IBNLCO_04155__gene__promoter,0.0,0.0
cnv_depth__IBNLCO_04152__Thioester__CDS,0.0,0.0
cnv_depth__IBNLCO_04164__gnl|Bakta|IBNLCO_04164__CDS__promoter,0.0,0.0
cnv_depth__IBNLCO_04199__Cellulose__CDS,0.0,0.0
cnv_depth__IBNLCO_04198__RND__CDS__promoter,0.0,0.0
cnv_depth__IBNLCO_04197__Methyl-accepting__CDS__promoter,0.0,0.0
cnv_depth__IBNLCO_04197__Methyl-accepting__CDS,0.0,0.0
cnv_depth__IBNLCO_04196__Acyl-CoA__CDS,0.0,0.0
cnv_depth__IBNLCO_04195__Cyclic__CDS__promoter,0.0,0.0
cnv_depth__IBNLCO_04196__Acyl-CoA__CDS__promoter,0.0,0.0
cnv_depth__IBNLCO_04195__Cyclic__CDS,0.0,0.0
cnv_depth__IBNLCO_04194__hypothetical__CDS__promoter,0.0,0.0
cnv_depth__IBNLCO_04193__hypothetical__CDS__promoter,0.0,0.0
cnv_depth__IBNLCO_04193__hypothetical__CDS,0.0,0.0
cnv_depth__IBNLCO_04192__Pyridoxamine__CDS,0.0,0.0
cnv_depth__IBNLCO_04179__IBNLCO_04179__gene,0.0,0.0
cnv_depth__IBNLCO_04192__Pyridoxamine__CDS__promoter,0.0,0.0
cnv_depth__IBNLCO_04191__gntR__gene,0.0,0.0
cnv_depth__IBNLCO_04190__3-oxoacyl-[acyl-carrier-protein]__CDS__promoter,0.0,0.0
cnv_depth__IBNLCO_04188__IBNLCO_04188__gene__promoter,0.0,0.0
cnv_depth__IBNLCO_04187__IBNLCO_04187__gene,0.0,0.0
cnv_depth__IBNLCO_04186__IBNLCO_04186__gene__promoter,0.0,0.0
cnv_depth__IBNLCO_04185__Xenobiotic__CDS,0.0,0.0
cnv_depth__IBNLCO_04184__Cysteine__CDS,0.0,0.0
cnv_depth__IBNLCO_04183__IBNLCO_04183__gene,0.0,0.0
cnv_depth__IBNLCO_04182__IBNLCO_04182__gene,0.0,0.0
cnv_depth__IBNLCO_04181__IBNLCO_04181__gene,0.0,0.0
cnv_depth__IBNLCO_04180__IBNLCO_04180__gene,0.0,0.0
cnv_depth__IBNLCO_04179__IBNLCO_04179__gene__promoter,0.0,0.0
cnv_depth__IBNLCO_04191__Transcriptional__CDS__promoter,0.0,0.0
cnv_depth__IBNLCO_04125__IBNLCO_04125__gene__promoter,0.0,0.0
cnv_depth__IBNLCO_04124__Response__CDS,0.0,0.0
cnv_depth__IBNLCO_04124__IBNLCO_04124__gene__promoter,0.0,0.0
cnv_depth__IBNLCO_04122__IBNLCO_04122__gene__promoter,0.0,0.0
cnv_depth__IBNLCO_04121__hypothetical__CDS,0.0,0.0
cnv_depth__IBNLCO_04121__IBNLCO_04121__gene__promoter,0.0,0.0
cnv_depth__IBNLCO_04120__Pesticidal__CDS,0.0,0.0
cnv_depth__IBNLCO_04120__IBNLCO_04120__gene__promoter,0.0,0.0
cnv_depth__IBNLCO_04119__EF-hand__CDS,0.0,0.0
cnv_depth__IBNLCO_04119__IBNLCO_04119__gene__promoter,0.0,0.0
cnv_depth__IBNLCO_04118__Carboxypeptidase__CDS,0.0,0.0
cnv_depth__IBNLCO_04118__IBNLCO_04118__gene__promoter,0.0,0.0
cnv_depth__IBNLCO_04150__two-component__CDS,0.0,0.0
cnv_depth__IBNLCO_04117__IBNLCO_04117__gene__promoter,0.0,0.0
cnv_depth__IBNLCO_04116__hypothetical__CDS,0.0,0.0
cnv_depth__IBNLCO_04113__hypothetical__CDS,0.0,0.0
cnv_depth__IBNLCO_04113__IBNLCO_04113__gene__promoter,0.0,0.0
cnv_depth__IBNLCO_04112__M20/M25/M40__CDS,0.0,0.0
cnv_depth__IBNLCO_04112__IBNLCO_04112__gene__promoter,0.0,0.0
cnv_depth__IBNLCO_04111__hypothetical__CDS,0.0,0.0
cnv_depth__IBNLCO_04110__HTH-type__CDS,0.0,0.0
cnv_depth__IBNLCO_04104__IBNLCO_04104__gene__promoter,0.0,0.0
cnv_depth__IBNLCO_04104__histidine__CDS,0.0,0.0
cnv_depth__IBNLCO_04103__IBNLCO_04103__gene__promoter,0.0,0.0
cnv_depth__IBNLCO_04102__DUF899__CDS,0.0,0.0
cnv_depth__IBNLCO_04117__Family__CDS,0.0,0.0
cnv_depth__IBNLCO_04149__bprS__gene__promoter,0.0,0.0
cnv_depth__IBNLCO_04149__two-component__CDS,0.0,0.0
cnv_depth__IBNLCO_04148__hypothetical__CDS,0.0,0.0
cnv_depth__IBNLCO_04147__Dimethyl-sulfide__CDS,0.0,0.0
cnv_depth__IBNLCO_04147__Dimethyl-sulfide__CDS__promoter,0.0,0.0
cnv_depth__IBNLCO_04146__Dibenzothiophene__CDS,0.0,0.0
cnv_depth__IBNLCO_04146__Dibenzothiophene__CDS__promoter,0.0,0.0
cnv_depth__IBNLCO_04143__IBNLCO_04143__gene,0.0,0.0
cnv_depth__IBNLCO_04143__IBNLCO_04143__gene__promoter,0.0,0.0
cnv_depth__IBNLCO_04142__AraC__CDS,0.0,0.0
cnv_depth__IBNLCO_04140__Isoquinoline__CDS,0.0,0.0
cnv_depth__IBNLCO_04138__asparagine__CDS,0.0,0.0
cnv_depth__IBNLCO_04125__Response__CDS,0.0,0.0
cnv_depth__IBNLCO_04136__LuxR__CDS,0.0,0.0
cnv_depth__IBNLCO_04135__Membrane__CDS,0.0,0.0
cnv_depth__IBNLCO_04135__IBNLCO_04135__gene__promoter,0.0,0.0
cnv_depth__IBNLCO_04134__putative__CDS,0.0,0.0
cnv_depth__IBNLCO_04133__IBNLCO_04133__gene__promoter,0.0,0.0
cnv_depth__IBNLCO_04132__Periplasmic__CDS,0.0,0.0
cnv_depth__IBNLCO_04129__Winged__CDS,0.0,0.0
cnv_depth__IBNLCO_04128__DUF1653__CDS,0.0,0.0
cnv_depth__IBNLCO_04128__IBNLCO_04128__gene__promoter,0.0,0.0
cnv_depth__IBNLCO_04127__IBNLCO_04127__gene__promoter,0.0,0.0
cnv_depth__IBNLCO_04127__gnl|Bakta|IBNLCO_04127__CDS,0.0,0.0
cnv_depth__IBNLCO_04126__Taurine__CDS,0.0,0.0
cnv_depth__IBNLCO_04126__IBNLCO_04126__gene__promoter,0.0,0.0
cnv_depth__IBNLCO_04137__HTH__CDS,0.0,0.0
cnv_depth__IBNLCO_04273__IBNLCO_04273__gene__promoter,0.0,0.0
cnv_depth__IBNLCO_04272__DUF4442__CDS,0.0,0.0
cnv_depth__IBNLCO_04272__IBNLCO_04272__gene__promoter,0.0,0.0
cnv_depth__IBNLCO_04271__HTH__CDS,0.0,0.0
cnv_depth__IBNLCO_04270__IBNLCO_04270__gene__promoter,0.0,0.0
cnv_depth__IBNLCO_04268__kdgR__gene__promoter,0.0,0.0
cnv_depth__IBNLCO_04268__Transcriptional__CDS,0.0,0.0
cnv_depth__IBNLCO_04267__H-NS-like__CDS__promoter,0.0,0.0
cnv_depth__IBNLCO_04266__hypothetical__CDS__promoter,0.0,0.0
cnv_depth__IBNLCO_04266__IBNLCO_04266__gene,0.0,0.0
cnv_depth__IBNLCO_04265__IBNLCO_04265__gene,0.0,0.0
cnv_depth__IBNLCO_04265__YadA-like__CDS__promoter,0.0,0.0
cnv_depth__IBNLCO_04199__Cellulose__CDS__promoter,0.0,0.0
cnv_depth__IBNLCO_04262__IBNLCO_04262__gene__promoter,0.0,0.0
cnv_depth__IBNLCO_04261__2-keto-3-deoxy-L-fuconate__CDS,0.0,0.0
cnv_depth__IBNLCO_04261__2-keto-3-deoxy-L-fuconate__CDS__promoter,0.0,0.0
cnv_depth__IBNLCO_04260__L-fuconolactone__CDS,0.0,0.0
cnv_depth__IBNLCO_04259__Altronate__CDS,0.0,0.0
cnv_depth__IBNLCO_04259__Altronate__CDS__promoter,0.0,0.0
cnv_depth__IBNLCO_04257__Autoinducer__CDS,0.0,0.0
cnv_depth__IBNLCO_04257__lsrC__gene__promoter,0.0,0.0
cnv_depth__IBNLCO_04256__Monosaccharide__CDS,0.0,0.0
cnv_depth__IBNLCO_04256__Monosaccharide__CDS__promoter,0.0,0.0
cnv_depth__IBNLCO_04255__ABC__CDS,0.0,0.0
cnv_depth__IBNLCO_04254__Transcriptional__CDS,0.0,0.0
cnv_depth__IBNLCO_04263__3-oxoacyl-[acyl-carrier-protein]__CDS,0.0,0.0
cnv_depth__IBNLCO_04296__Class__CDS,0.0,0.0
cnv_depth__IBNLCO_04296__IBNLCO_04296__gene__promoter,0.0,0.0
cnv_depth__IBNLCO_04295__leucine--tRNA__CDS,0.0,0.0
cnv_depth__IBNLCO_04295__IBNLCO_04295__gene__promoter,0.0,0.0
cnv_depth__IBNLCO_04294__gnl|Bakta|IBNLCO_04294__CDS,0.0,0.0
cnv_depth__IBNLCO_04293__IBNLCO_04293__gene__promoter,0.0,0.0
cnv_depth__IBNLCO_04294__IBNLCO_04294__gene__promoter,0.0,0.0
cnv_depth__IBNLCO_04293__IBNLCO_04293__gene,0.0,0.0
cnv_depth__IBNLCO_04292__gnl|Bakta|IBNLCO_04292__CDS,0.0,0.0
cnv_depth__IBNLCO_04292__IBNLCO_04292__gene__promoter,0.0,0.0
cnv_depth__IBNLCO_04291__gnl|Bakta|IBNLCO_04291__CDS,0.0,0.0
cnv_depth__IBNLCO_04290__peptidoglycan__CDS,0.0,0.0
cnv_depth__IBNLCO_04275__Type__CDS,0.0,0.0
cnv_depth__IBNLCO_04289__CheC-like__CDS__promoter,0.0,0.0
cnv_depth__IBNLCO_04288__Chemotaxis__CDS,0.0,0.0
cnv_depth__IBNLCO_04288__IBNLCO_04288__gene__promoter,0.0,0.0
cnv_depth__IBNLCO_04287__histidine__CDS,0.0,0.0
cnv_depth__IBNLCO_04285__fliK__gene__promoter,0.0,0.0
cnv_depth__IBNLCO_04284__Circularly__CDS,0.0,0.0
cnv_depth__IBNLCO_04282__IBNLCO_04282__gene,0.0,0.0
cnv_depth__IBNLCO_04281__IBNLCO_04281__gene,0.0,0.0
cnv_depth__IBNLCO_04280__Insertion__CDS__promoter,0.0,0.0
cnv_depth__IBNLCO_04280__IBNLCO_04280__gene,0.0,0.0
cnv_depth__IBNLCO_04279__IBNLCO_04279__gene,0.0,0.0
cnv_depth__IBNLCO_04276__Diguanylate__CDS,0.0,0.0
cnv_depth__IBNLCO_04275__Type__CDS__promoter,0.0,0.0
cnv_depth__IBNLCO_04289__IBNLCO_04289__gene,0.0,0.0
cnv_depth__IBNLCO_04224__IBNLCO_04224__gene__promoter,0.0,0.0
cnv_depth__IBNLCO_04222__IBNLCO_04222__gene__promoter,0.0,0.0
cnv_depth__IBNLCO_04220__Fusaric__CDS,0.0,0.0
cnv_depth__IBNLCO_04219__IBNLCO_04219__gene__promoter,0.0,0.0
cnv_depth__IBNLCO_04219__IBNLCO_04219__gene,0.0,0.0
cnv_depth__IBNLCO_04218__Multiple__CDS,0.0,0.0
cnv_depth__IBNLCO_04217__hypothetical__CDS,0.0,0.0
cnv_depth__IBNLCO_04216__IBNLCO_04216__gene,0.0,0.0
cnv_depth__IBNLCO_04216__IBNLCO_04216__gene__promoter,0.0,0.0
cnv_depth__IBNLCO_04215__Amino__CDS,0.0,0.0
cnv_depth__IBNLCO_04214__malT__gene__promoter,0.0,0.0
cnv_depth__IBNLCO_04214__HTH-type__CDS,0.0,0.0
cnv_depth__IBNLCO_04252__IBNLCO_04252__gene,0.0,0.0
cnv_depth__IBNLCO_04212__Porin__CDS__promoter,0.0,0.0
cnv_depth__IBNLCO_04211__Secretory__CDS__promoter,0.0,0.0
cnv_depth__IBNLCO_04206__IBNLCO_04206__gene,0.0,0.0
cnv_depth__IBNLCO_04205__lysR__gene__promoter,0.0,0.0
cnv_depth__IBNLCO_04206__Beta-alanine--pyruvate__CDS__promoter,0.0,0.0
cnv_depth__IBNLCO_04203__2%2C4-dihydroxyacetophenone__CDS,0.0,0.0
cnv_depth__IBNLCO_04202__DNA-binding__CDS,0.0,0.0
cnv_depth__IBNLCO_04202__DNA-binding__CDS__promoter,0.0,0.0
cnv_depth__IBNLCO_04201__Multidrug__CDS__promoter,0.0,0.0
cnv_depth__IBNLCO_04201__Multidrug__CDS,0.0,0.0
cnv_depth__IBNLCO_04200__Methylaspartate__CDS__promoter,0.0,0.0
cnv_depth__IBNLCO_04200__Methylaspartate__CDS,0.0,0.0
cnv_depth__IBNLCO_04213__hypothetical__CDS__promoter,0.0,0.0
cnv_depth__IBNLCO_04251__3-(3-hydroxy-phenyl)propionate__CDS__promoter,0.0,0.0
cnv_depth__IBNLCO_04250__IBNLCO_04250__gene,0.0,0.0
cnv_depth__IBNLCO_04250__gnl|Bakta|IBNLCO_04250__CDS__promoter,0.0,0.0
cnv_depth__IBNLCO_04249__IBNLCO_04249__gene,0.0,0.0
cnv_depth__IBNLCO_04249__Vanillin__CDS__promoter,0.0,0.0
cnv_depth__IBNLCO_04247__trnL__gene__promoter,0.0,0.0
cnv_depth__IBNLCO_04247__tRNA-Leu(gag)__tRNA,0.0,0.0
cnv_depth__IBNLCO_04246__hypothetical__CDS__promoter,0.0,0.0
cnv_depth__IBNLCO_04245__YdhG-like__CDS__promoter,0.0,0.0
cnv_depth__IBNLCO_04241__IBNLCO_04241__gene,0.0,0.0
cnv_depth__IBNLCO_04240__marR__gene,0.0,0.0
cnv_depth__IBNLCO_04240__marR__gene__promoter,0.0,0.0
cnv_depth__IBNLCO_04224__IBNLCO_04224__gene,0.0,0.0
cnv_depth__IBNLCO_04237__gerE__gene__promoter,0.0,0.0
cnv_depth__IBNLCO_04238__hypothetical__CDS__promoter,0.0,0.0
cnv_depth__IBNLCO_04237__gerE__gene,0.0,0.0
cnv_depth__IBNLCO_04236__Twin-arginine__CDS__promoter,0.0,0.0
cnv_depth__IBNLCO_04235__hypothetical__CDS__promoter,0.0,0.0
cnv_depth__IBNLCO_04235__hypothetical__CDS,0.0,0.0
cnv_depth__IBNLCO_04233__IBNLCO_04233__gene__promoter,0.0,0.0
cnv_depth__IBNLCO_04232__H(+)/Cl(-)__CDS,0.0,0.0
cnv_depth__IBNLCO_04230__IBNLCO_04230__gene,0.0,0.0
cnv_depth__IBNLCO_04228__IBNLCO_04228__gene,0.0,0.0
cnv_depth__IBNLCO_04227__Cytosine__CDS,0.0,0.0
cnv_depth__IBNLCO_04225__Cytosine__CDS,0.0,0.0
cnv_depth__IBNLCO_04225__Cytosine__CDS__promoter,0.0,0.0
cnv_depth__IBNLCO_04238__hypothetical__CDS,0.0,0.0
cnv_depth__IBNLCO_03947__hypothetical__CDS,0.0,0.0
cnv_depth__IBNLCO_03947__IBNLCO_03947__gene__promoter,0.0,0.0
cnv_depth__IBNLCO_03946__IBNLCO_03946__gene,0.0,0.0
cnv_depth__IBNLCO_03940__Beta-ketoacyl-[acyl-carrier-protein]__CDS__promoter,0.0,0.0
cnv_depth__IBNLCO_03939__IBNLCO_03939__gene,0.0,0.0
cnv_depth__IBNLCO_03939__IBNLCO_03939__gene__promoter,0.0,0.0
cnv_depth__IBNLCO_03938__IBNLCO_03938__gene,0.0,0.0
cnv_depth__IBNLCO_03936__IBNLCO_03936__gene,0.0,0.0
cnv_depth__IBNLCO_03932__Gamma-glutamyl-gamma-aminobutyraldehyde__CDS,0.0,0.0
cnv_depth__IBNLCO_03931__IBNLCO_03931__gene__promoter,0.0,0.0
cnv_depth__IBNLCO_03930__IBNLCO_03930__gene,0.0,0.0
cnv_depth__IBNLCO_03929__Gamma-glutamylputrescine__CDS,0.0,0.0
cnv_depth__IBNLCO_04101__Glutathione__CDS,0.0,0.0
cnv_depth__IBNLCO_03927__IBNLCO_03927__gene__promoter,0.0,0.0
cnv_depth__IBNLCO_03927__Putrescine-binding__CDS,0.0,0.0
cnv_depth__IBNLCO_03925__Spermidine/putrescine__CDS__promoter,0.0,0.0
cnv_depth__IBNLCO_03926__Spermidine/putrescine__CDS,0.0,0.0
cnv_depth__IBNLCO_03924__ydcV__gene__promoter,0.0,0.0
cnv_depth__IBNLCO_03925__Spermidine/putrescine__CDS,0.0,0.0
cnv_depth__IBNLCO_03924__Inner__CDS,0.0,0.0
cnv_depth__IBNLCO_03923__IBNLCO_03923__gene__promoter,0.0,0.0
cnv_depth__IBNLCO_03922__IBNLCO_03922__gene__promoter,0.0,0.0
cnv_depth__IBNLCO_03922__IBNLCO_03922__gene,0.0,0.0
cnv_depth__IBNLCO_03920__Methyl-accepting__CDS,0.0,0.0
cnv_depth__IBNLCO_03920__IBNLCO_03920__gene__promoter,0.0,0.0
cnv_depth__IBNLCO_03928__IBNLCO_03928__gene__promoter,0.0,0.0
cnv_depth__IBNLCO_03973__gnl|Bakta|IBNLCO_03973__CDS__promoter,0.0,0.0
cnv_depth__IBNLCO_03972__IBNLCO_03972__gene,0.0,0.0
cnv_depth__IBNLCO_03970__Fe2OG__CDS__promoter,0.0,0.0
cnv_depth__IBNLCO_03969__IBNLCO_03969__gene__promoter,0.0,0.0
cnv_depth__IBNLCO_03970__IBNLCO_03970__gene,0.0,0.0
cnv_depth__IBNLCO_03969__Integral__CDS,0.0,0.0
cnv_depth__IBNLCO_03968__MobA-like__CDS__promoter,0.0,0.0
cnv_depth__IBNLCO_03967__phosphoenolpyruvate__CDS,0.0,0.0
cnv_depth__IBNLCO_03966__IBNLCO_03966__gene,0.0,0.0
cnv_depth__IBNLCO_03965__2-aminoethylphosphonate--pyruvate__CDS__promoter,0.0,0.0
cnv_depth__IBNLCO_03965__2-aminoethylphosphonate--pyruvate__CDS,0.0,0.0
cnv_depth__IBNLCO_03964__IBNLCO_03964__gene,0.0,0.0
cnv_depth__IBNLCO_03948__hypothetical__CDS__promoter,0.0,0.0
cnv_depth__IBNLCO_03959__IBNLCO_03959__gene,0.0,0.0
cnv_depth__IBNLCO_03958__IBNLCO_03958__gene,0.0,0.0
cnv_depth__IBNLCO_03956__IBNLCO_03956__gene,0.0,0.0
cnv_depth__IBNLCO_03956__Transglutaminase-like__CDS__promoter,0.0,0.0
cnv_depth__IBNLCO_03955__DUF403__CDS,0.0,0.0
cnv_depth__IBNLCO_03954__IBNLCO_03954__gene,0.0,0.0
cnv_depth__IBNLCO_03954__IBNLCO_03954__gene__promoter,0.0,0.0
cnv_depth__IBNLCO_03952__gnl|Bakta|IBNLCO_03952__CDS,0.0,0.0
cnv_depth__IBNLCO_03951__Chitin-binding__CDS__promoter,0.0,0.0
cnv_depth__IBNLCO_03951__IBNLCO_03951__gene,0.0,0.0
cnv_depth__IBNLCO_03674__asmA__gene,0.0,0.0
cnv_depth__IBNLCO_03949__Alkyl__CDS,0.0,0.0
cnv_depth__IBNLCO_03948__hypothetical__CDS,0.0,0.0
cnv_depth__IBNLCO_03962__IBNLCO_03962__gene,0.0,0.0
cnv_depth__IBNLCO_03889__IBNLCO_03889__gene,0.0,0.0
cnv_depth__IBNLCO_03889__IBNLCO_03889__gene__promoter,0.0,0.0
cnv_depth__IBNLCO_03888__IBNLCO_03888__gene,0.0,0.0
cnv_depth__IBNLCO_03871__IBNLCO_03871__gene__promoter,0.0,0.0
cnv_depth__IBNLCO_03870__hypothetical__CDS,0.0,0.0
cnv_depth__IBNLCO_03870__IBNLCO_03870__gene__promoter,0.0,0.0
cnv_depth__IBNLCO_03869__IBNLCO_03869__gene,0.0,0.0
cnv_depth__IBNLCO_03868__IBNLCO_03868__gene__promoter,0.0,0.0
cnv_depth__IBNLCO_03868__hypothetical__CDS,0.0,0.0
cnv_depth__IBNLCO_03867__IBNLCO_03867__gene__promoter,0.0,0.0
cnv_depth__IBNLCO_03866__lysM__gene__promoter,0.0,0.0
cnv_depth__IBNLCO_03867__IBNLCO_03867__gene,0.0,0.0
cnv_depth__IBNLCO_03918__copC__gene__promoter,0.0,0.0
cnv_depth__IBNLCO_03866__LysM__CDS,0.0,0.0
cnv_depth__IBNLCO_03865__hypothetical__CDS,0.0,0.0
cnv_depth__IBNLCO_03864__Integrase__CDS,0.0,0.0
cnv_depth__IBNLCO_03864__IBNLCO_03864__gene__promoter,0.0,0.0
cnv_depth__IBNLCO_03863__Glycerophosphoryl__CDS,0.0,0.0
cnv_depth__IBNLCO_03863__IBNLCO_03863__gene__promoter,0.0,0.0
cnv_depth__IBNLCO_03862__Cytochrome__CDS,0.0,0.0
cnv_depth__IBNLCO_03861__IBNLCO_03861__gene__promoter,0.0,0.0
cnv_depth__IBNLCO_03860__IBNLCO_03860__gene__promoter,0.0,0.0
cnv_depth__IBNLCO_03860__hypothetical__CDS,0.0,0.0
cnv_depth__IBNLCO_03859__IBNLCO_03859__gene__promoter,0.0,0.0
cnv_depth__IBNLCO_03859__IBNLCO_03859__gene,0.0,0.0
cnv_depth__IBNLCO_03865__hypothetical__CDS__promoter,0.0,0.0
cnv_depth__IBNLCO_03917__RND__CDS,0.0,0.0
cnv_depth__IBNLCO_03916__Multicopper__CDS,0.0,0.0
cnv_depth__IBNLCO_03915__RND__CDS__promoter,0.0,0.0
cnv_depth__IBNLCO_03913__DUF2946__CDS__promoter,0.0,0.0
cnv_depth__IBNLCO_03911__IBNLCO_03911__gene__promoter,0.0,0.0
cnv_depth__IBNLCO_03911__hypothetical__CDS,0.0,0.0
cnv_depth__IBNLCO_03909__IBNLCO_03909__gene__promoter,0.0,0.0
cnv_depth__IBNLCO_03910__DJ-1/PfpI__CDS__promoter,0.0,0.0
cnv_depth__IBNLCO_03908__IBNLCO_03908__gene__promoter,0.0,0.0
cnv_depth__IBNLCO_03908__hypothetical__CDS,0.0,0.0
cnv_depth__IBNLCO_03907__Flavin__CDS,0.0,0.0
cnv_depth__IBNLCO_03907__IBNLCO_03907__gene__promoter,0.0,0.0
cnv_depth__IBNLCO_03890__HTH-type__CDS__promoter,0.0,0.0
cnv_depth__IBNLCO_03902__IBNLCO_03902__gene__promoter,0.0,0.0
cnv_depth__IBNLCO_03901__Amidohydrolase__CDS,0.0,0.0
cnv_depth__IBNLCO_03901__Amidohydrolase__CDS__promoter,0.0,0.0
cnv_depth__IBNLCO_03900__XapX__CDS,0.0,0.0
cnv_depth__IBNLCO_03900__xapX__gene__promoter,0.0,0.0
cnv_depth__IBNLCO_03899__gnl|Bakta|IBNLCO_03899__CDS,0.0,0.0
cnv_depth__IBNLCO_03897__DSBA__CDS,0.0,0.0
cnv_depth__IBNLCO_03895__Transcriptional__CDS__promoter,0.0,0.0
cnv_depth__IBNLCO_03895__Transcriptional__CDS,0.0,0.0
cnv_depth__IBNLCO_03894__AraC-family__CDS,0.0,0.0
cnv_depth__IBNLCO_03894__IBNLCO_03894__gene__promoter,0.0,0.0
cnv_depth__IBNLCO_03893__Cyclic__CDS__promoter,0.0,0.0
cnv_depth__IBNLCO_03892__IBNLCO_03892__gene__promoter,0.0,0.0
cnv_depth__IBNLCO_03904__AB__CDS,0.0,0.0
cnv_depth__IBNLCO_04065__LysR-family__CDS,0.0,0.0
cnv_depth__IBNLCO_04064__IBNLCO_04064__gene__promoter,0.0,0.0
cnv_depth__IBNLCO_04065__LysR-family__CDS__promoter,0.0,0.0
cnv_depth__IBNLCO_04063__DUF2917__CDS__promoter,0.0,0.0
cnv_depth__IBNLCO_04062__Bacteriophage__CDS,0.0,0.0
cnv_depth__IBNLCO_04062__Bacteriophage__CDS__promoter,0.0,0.0
cnv_depth__IBNLCO_04060__MFS__CDS,0.0,0.0
cnv_depth__IBNLCO_04059__IBNLCO_04059__gene,0.0,0.0
cnv_depth__IBNLCO_04058__IBNLCO_04058__gene,0.0,0.0
cnv_depth__IBNLCO_04057__IBNLCO_04057__gene,0.0,0.0
cnv_depth__IBNLCO_04054__PepSY__CDS__promoter,0.0,0.0
cnv_depth__IBNLCO_04053__Iron__CDS,0.0,0.0
cnv_depth__IBNLCO_03974__Type__CDS,0.0,0.0
cnv_depth__IBNLCO_04051__Glycosyl__CDS,0.0,0.0
cnv_depth__IBNLCO_04051__IBNLCO_04051__gene__promoter,0.0,0.0
cnv_depth__IBNLCO_04050__IBNLCO_04050__gene,0.0,0.0
cnv_depth__IBNLCO_04049__Gfo/Idh/MocA-like__CDS,0.0,0.0
cnv_depth__IBNLCO_04049__Gfo/Idh/MocA-like__CDS__promoter,0.0,0.0
cnv_depth__IBNLCO_04048__IBNLCO_04048__gene,0.0,0.0
cnv_depth__IBNLCO_04047__Pyochelin__CDS__promoter,0.0,0.0
cnv_depth__IBNLCO_04044__IBNLCO_04044__gene,0.0,0.0
cnv_depth__IBNLCO_04042__isochorismate__CDS__promoter,0.0,0.0
cnv_depth__IBNLCO_04043__Isochorismate__CDS,0.0,0.0
cnv_depth__IBNLCO_04042__isochorismate__CDS,0.0,0.0
cnv_depth__IBNLCO_04041__LasA__CDS__promoter,0.0,0.0
cnv_depth__IBNLCO_04052__Fe(3+)-pyochelin__CDS__promoter,0.0,0.0
cnv_depth__IBNLCO_04100__VOC__CDS,0.0,0.0
cnv_depth__IBNLCO_04100__IBNLCO_04100__gene__promoter,0.0,0.0
cnv_depth__IBNLCO_04099__IBNLCO_04099__gene__promoter,0.0,0.0
cnv_depth__IBNLCO_04098__Terpene__CDS,0.0,0.0
cnv_depth__IBNLCO_04097__IBNLCO_04097__gene__promoter,0.0,0.0
cnv_depth__IBNLCO_04096__gnl|Bakta|IBNLCO_04096__CDS,0.0,0.0
cnv_depth__IBNLCO_04095__IBNLCO_04095__gene__promoter,0.0,0.0
cnv_depth__IBNLCO_04092__hypothetical__CDS,0.0,0.0
cnv_depth__IBNLCO_04090__histidine__CDS,0.0,0.0
cnv_depth__IBNLCO_04090__IBNLCO_04090__gene__promoter,0.0,0.0
cnv_depth__IBNLCO_04087__IBNLCO_04087__gene__promoter,0.0,0.0
cnv_depth__IBNLCO_04086__IBNLCO_04086__gene__promoter,0.0,0.0
cnv_depth__IBNLCO_04068__IBNLCO_04068__gene__promoter,0.0,0.0
cnv_depth__IBNLCO_04083__Macrolide__CDS,0.0,0.0
cnv_depth__IBNLCO_04082__IBNLCO_04082__gene__promoter,0.0,0.0
cnv_depth__IBNLCO_04081__3-hydroxyisobutyryl-CoA__CDS,0.0,0.0
cnv_depth__IBNLCO_04081__IBNLCO_04081__gene__promoter,0.0,0.0
cnv_depth__IBNLCO_04079__3-hydroxyisobutyrate__CDS,0.0,0.0
cnv_depth__IBNLCO_04078__IBNLCO_04078__gene__promoter,0.0,0.0
cnv_depth__IBNLCO_04074__IBNLCO_04074__gene__promoter,0.0,0.0
cnv_depth__IBNLCO_04072__Peptidase__CDS,0.0,0.0
cnv_depth__IBNLCO_04071__IBNLCO_04071__gene__promoter,0.0,0.0
cnv_depth__IBNLCO_04071__NADPH-dependent__CDS,0.0,0.0
cnv_depth__IBNLCO_04070__Metal-dependent__CDS,0.0,0.0
cnv_depth__IBNLCO_04069__phosphoenolpyruvate__CDS__promoter,0.0,0.0
cnv_depth__IBNLCO_04069__phosphoenolpyruvate__CDS,0.0,0.0
cnv_depth__IBNLCO_04083__macB__gene__promoter,0.0,0.0
cnv_depth__IBNLCO_04011__Electron__CDS__promoter,0.0,0.0
cnv_depth__IBNLCO_04009__IBNLCO_04009__gene,0.0,0.0
cnv_depth__IBNLCO_04007__Membrane__CDS,0.0,0.0
cnv_depth__IBNLCO_04007__Membrane__CDS__promoter,0.0,0.0
cnv_depth__IBNLCO_04006__Serine__CDS,0.0,0.0
cnv_depth__IBNLCO_04006__IBNLCO_04006__gene__promoter,0.0,0.0
cnv_depth__IBNLCO_04003__HTH-type__CDS,0.0,0.0
cnv_depth__IBNLCO_04003__HTH-type__CDS__promoter,0.0,0.0
cnv_depth__IBNLCO_04001__gnl|Bakta|IBNLCO_04001__CDS__promoter,0.0,0.0
cnv_depth__IBNLCO_04000__IBNLCO_04000__gene,0.0,0.0
cnv_depth__IBNLCO_03999__IBNLCO_03999__gene__promoter,0.0,0.0
cnv_depth__IBNLCO_04000__IBNLCO_04000__gene__promoter,0.0,0.0
cnv_depth__IBNLCO_04040__IBNLCO_04040__gene,0.0,0.0
cnv_depth__IBNLCO_03996__Multidrug__CDS__promoter,0.0,0.0
cnv_depth__IBNLCO_03995__IBNLCO_03995__gene,0.0,0.0
cnv_depth__IBNLCO_03992__hypothetical__CDS__promoter,0.0,0.0
cnv_depth__IBNLCO_03991__IBNLCO_03991__gene,0.0,0.0
cnv_depth__IBNLCO_03991__Type__CDS__promoter,0.0,0.0
cnv_depth__IBNLCO_03985__Type__CDS,0.0,0.0
cnv_depth__IBNLCO_03981__hypothetical__CDS,0.0,0.0
cnv_depth__IBNLCO_03981__hypothetical__CDS__promoter,0.0,0.0
cnv_depth__IBNLCO_03978__Type__CDS__promoter,0.0,0.0
cnv_depth__IBNLCO_03977__IBNLCO_03977__gene,0.0,0.0
cnv_depth__IBNLCO_03976__IBNLCO_03976__gene,0.0,0.0
cnv_depth__IBNLCO_03975__tssC1__gene,0.0,0.0
cnv_depth__IBNLCO_03975__tssC1__gene__promoter,0.0,0.0
cnv_depth__IBNLCO_03997__IBNLCO_03997__gene__promoter,0.0,0.0
cnv_depth__IBNLCO_04039__hypothetical__CDS__promoter,0.0,0.0
cnv_depth__IBNLCO_04039__IBNLCO_04039__gene,0.0,0.0
cnv_depth__IBNLCO_04038__High-affinity__CDS,0.0,0.0
cnv_depth__IBNLCO_04037__livG__gene__promoter,0.0,0.0
cnv_depth__IBNLCO_04036__Branched-chain__CDS,0.0,0.0
cnv_depth__IBNLCO_04036__Branched-chain__CDS__promoter,0.0,0.0
cnv_depth__IBNLCO_04035__livH__gene,0.0,0.0
cnv_depth__IBNLCO_04033__IBNLCO_04033__gene__promoter,0.0,0.0
cnv_depth__IBNLCO_04033__FAD__CDS,0.0,0.0
cnv_depth__IBNLCO_04032__IBNLCO_04032__gene,0.0,0.0
cnv_depth__IBNLCO_04030__DUF4148__CDS,0.0,0.0
cnv_depth__IBNLCO_04029__Alpha/beta__CDS,0.0,0.0
cnv_depth__IBNLCO_04012__IBNLCO_04012__gene,0.0,0.0
cnv_depth__IBNLCO_04028__L-carnitine__CDS,0.0,0.0
cnv_depth__IBNLCO_04026__IBNLCO_04026__gene,0.0,0.0
cnv_depth__IBNLCO_04026__3-dehydrocarnitine:acetyl-CoA__CDS__promoter,0.0,0.0
cnv_depth__IBNLCO_04021__IBNLCO_04021__gene,0.0,0.0
cnv_depth__IBNLCO_04021__Porin__CDS__promoter,0.0,0.0
cnv_depth__IBNLCO_04020__IBNLCO_04020__gene,0.0,0.0
cnv_depth__IBNLCO_04020__IBNLCO_04020__gene__promoter,0.0,0.0
cnv_depth__IBNLCO_04019__gnl|Bakta|IBNLCO_04019__CDS,0.0,0.0
cnv_depth__IBNLCO_04018__gcvA__gene,0.0,0.0
cnv_depth__IBNLCO_04017__IBNLCO_04017__gene__promoter,0.0,0.0
cnv_depth__IBNLCO_04016__IBNLCO_04016__gene,0.0,0.0
cnv_depth__IBNLCO_04015__betX__gene,0.0,0.0
cnv_depth__IBNLCO_04013__Iron-sulfur__CDS,0.0,0.0
cnv_depth__IBNLCO_04029__IBNLCO_04029__gene__promoter,0.0,0.0
cnv_depth__IBNLCO_03268__pilT__gene__promoter,0.0,0.0
cnv_depth__IBNLCO_03267__IBNLCO_03267__gene,0.0,0.0
cnv_depth__IBNLCO_03266__Homoserine/Threonine__CDS__promoter,0.0,0.0
cnv_depth__IBNLCO_03265__IBNLCO_03265__gene,0.0,0.0
cnv_depth__IBNLCO_03264__IBNLCO_03264__gene__promoter,0.0,0.0
cnv_depth__IBNLCO_03264__IBNLCO_03264__gene,0.0,0.0
cnv_depth__IBNLCO_03263__Betaproteobacteria_toxic_sRNA__gene__promoter,0.0,0.0
cnv_depth__IBNLCO_03261__IBNLCO_03261__gene,0.0,0.0
cnv_depth__IBNLCO_03261__Outer__CDS__promoter,0.0,0.0
cnv_depth__IBNLCO_03260__IBNLCO_03260__gene,0.0,0.0
cnv_depth__IBNLCO_03259__IBNLCO_03259__gene,0.0,0.0
cnv_depth__IBNLCO_03259__DUF2957__CDS__promoter,0.0,0.0
cnv_depth__IBNLCO_03615__tssC1__gene,0.0,0.0
cnv_depth__IBNLCO_03257__Flavoprotein__CDS__promoter,0.0,0.0
cnv_depth__IBNLCO_03256__IBNLCO_03256__gene,0.0,0.0
cnv_depth__IBNLCO_03256__Phosphatidylethanolamine-binding__CDS__promoter,0.0,0.0
cnv_depth__IBNLCO_03255__IBNLCO_03255__gene,0.0,0.0
cnv_depth__IBNLCO_03255__Orotate__CDS__promoter,0.0,0.0
cnv_depth__IBNLCO_03254__NADP-dependent__CDS__promoter,0.0,0.0
cnv_depth__IBNLCO_03254__IBNLCO_03254__gene,0.0,0.0
cnv_depth__IBNLCO_03253__IBNLCO_03253__gene,0.0,0.0
cnv_depth__IBNLCO_03253__Indolepyruvate__CDS__promoter,0.0,0.0
cnv_depth__IBNLCO_03252__hypothetical__CDS__promoter,0.0,0.0
cnv_depth__IBNLCO_03252__IBNLCO_03252__gene,0.0,0.0
cnv_depth__IBNLCO_03251__4-hydroxyphenylpyruvate__CDS,0.0,0.0
cnv_depth__IBNLCO_03251__4-hydroxyphenylpyruvate__CDS__promoter,0.0,0.0
cnv_depth__IBNLCO_03258__IBNLCO_03258__gene,0.0,0.0
cnv_depth__IBNLCO_03282__asnC__gene__promoter,0.0,0.0
cnv_depth__IBNLCO_03281__IBNLCO_03281__gene,0.0,0.0
cnv_depth__IBNLCO_03281__IBNLCO_03281__gene__promoter,0.0,0.0
cnv_depth__IBNLCO_03280__IBNLCO_03280__gene,0.0,0.0
cnv_depth__IBNLCO_03280__IBNLCO_03280__gene__promoter,0.0,0.0
cnv_depth__IBNLCO_03279__Endolytic__CDS__promoter,0.0,0.0
cnv_depth__IBNLCO_03279__rlpA__gene,0.0,0.0
cnv_depth__IBNLCO_03278__Ribosomal__CDS,0.0,0.0
cnv_depth__IBNLCO_03278__IBNLCO_03278__gene__promoter,0.0,0.0
cnv_depth__IBNLCO_03277__IBNLCO_03277__gene,0.0,0.0
cnv_depth__IBNLCO_03276__IBNLCO_03276__gene__promoter,0.0,0.0
cnv_depth__IBNLCO_03276__Phosphoheptose__CDS,0.0,0.0
cnv_depth__IBNLCO_03267__2-hydroxy-3-oxopropionate__CDS__promoter,0.0,0.0
cnv_depth__IBNLCO_03274__IBNLCO_03274__gene__promoter,0.0,0.0
cnv_depth__IBNLCO_03275__BON__CDS,0.0,0.0
cnv_depth__IBNLCO_03273__trnA__gene__promoter,0.0,0.0
cnv_depth__IBNLCO_03273__trnA__gene,0.0,0.0
cnv_depth__IBNLCO_03272__IBNLCO_03272__gene,0.0,0.0
cnv_depth__IBNLCO_03272__IBNLCO_03272__gene__promoter,0.0,0.0
cnv_depth__IBNLCO_03271__IBNLCO_03271__gene__promoter,0.0,0.0
cnv_depth__IBNLCO_03271__IBNLCO_03271__gene,0.0,0.0
cnv_depth__IBNLCO_03270__IBNLCO_03270__gene,0.0,0.0
cnv_depth__IBNLCO_03270__gnl|Bakta|IBNLCO_03270__CDS__promoter,0.0,0.0
cnv_depth__IBNLCO_03269__IBNLCO_03269__gene__promoter,0.0,0.0
cnv_depth__IBNLCO_03269__IBNLCO_03269__gene,0.0,0.0
cnv_depth__IBNLCO_03268__pilT__gene,0.0,0.0
cnv_depth__IBNLCO_03275__IBNLCO_03275__gene__promoter,0.0,0.0
cnv_depth__IBNLCO_03229__Transcription__CDS__promoter,0.0,0.0
cnv_depth__IBNLCO_03229__nusG__gene,0.0,0.0
cnv_depth__IBNLCO_03228__Large__CDS__promoter,0.0,0.0
cnv_depth__IBNLCO_03228__IBNLCO_03228__gene,0.0,0.0
cnv_depth__IBNLCO_03227__Large__CDS__promoter,0.0,0.0
cnv_depth__IBNLCO_03227__IBNLCO_03227__gene,0.0,0.0
cnv_depth__IBNLCO_03226__Large__CDS__promoter,0.0,0.0
cnv_depth__IBNLCO_03226__Large__CDS,0.0,0.0
cnv_depth__IBNLCO_03225__Large__CDS__promoter,0.0,0.0
cnv_depth__IBNLCO_03225__Large__CDS,0.0,0.0
cnv_depth__IBNLCO_03224__IBNLCO_03224__gene__promoter,0.0,0.0
cnv_depth__IBNLCO_03224__DNA-directed__CDS,0.0,0.0
cnv_depth__IBNLCO_03250__IBNLCO_03250__gene,0.0,0.0
cnv_depth__IBNLCO_03223__DNA-directed__CDS,0.0,0.0
cnv_depth__IBNLCO_03222__DNA__CDS,0.0,0.0
cnv_depth__IBNLCO_03221__30S__CDS__promoter,0.0,0.0
cnv_depth__IBNLCO_03221__30S__CDS,0.0,0.0
cnv_depth__IBNLCO_03220__IBNLCO_03220__gene__promoter,0.0,0.0
cnv_depth__IBNLCO_03220__Small__CDS,0.0,0.0
cnv_depth__IBNLCO_03219__IBNLCO_03219__gene,0.0,0.0
cnv_depth__IBNLCO_03218__Elongation__CDS__promoter,0.0,0.0
cnv_depth__IBNLCO_03218__Elongation__CDS,0.0,0.0
cnv_depth__IBNLCO_03217__Small__CDS__promoter,0.0,0.0
cnv_depth__IBNLCO_03217__Small__CDS,0.0,0.0
cnv_depth__IBNLCO_03216__Large__CDS__promoter,0.0,0.0
cnv_depth__IBNLCO_03215__Large__CDS__promoter,0.0,0.0
cnv_depth__IBNLCO_03223__IBNLCO_03223__gene__promoter,0.0,0.0
cnv_depth__IBNLCO_03249__IBNLCO_03249__gene,0.0,0.0
cnv_depth__IBNLCO_03249__N-acetyltransferase__CDS__promoter,0.0,0.0
cnv_depth__IBNLCO_03248__IBNLCO_03248__gene,0.0,0.0
cnv_depth__IBNLCO_03248__TetR/AcrR__CDS__promoter,0.0,0.0
cnv_depth__IBNLCO_03246__paaK__gene,0.0,0.0
cnv_depth__IBNLCO_03246__paaK__gene__promoter,0.0,0.0
cnv_depth__IBNLCO_03245__paaD__gene,0.0,0.0
cnv_depth__IBNLCO_03245__paaD__gene__promoter,0.0,0.0
cnv_depth__IBNLCO_03244__paaC__gene__promoter,0.0,0.0
cnv_depth__IBNLCO_03243__IBNLCO_03243__gene,0.0,0.0
cnv_depth__IBNLCO_03243__1%2C2-phenylacetyl-CoA__CDS__promoter,0.0,0.0
cnv_depth__IBNLCO_03242__Phenylacetate-CoA__CDS,0.0,0.0
cnv_depth__IBNLCO_03230__secE__gene,0.0,0.0
cnv_depth__IBNLCO_03241__IBNLCO_03241__gene__promoter,0.0,0.0
cnv_depth__IBNLCO_03241__SGNH__CDS,0.0,0.0
cnv_depth__IBNLCO_03236__rrf__gene__promoter,0.0,0.0
cnv_depth__IBNLCO_03236__rrf__gene,0.0,0.0
cnv_depth__IBNLCO_03235__trnY__gene__promoter,0.0,0.0
cnv_depth__IBNLCO_03235__trnY__gene,0.0,0.0
cnv_depth__IBNLCO_03234__trnG__gene,0.0,0.0
cnv_depth__IBNLCO_03233__trnT__gene__promoter,0.0,0.0
cnv_depth__IBNLCO_03233__tRNA-Thr(ggt)__tRNA,0.0,0.0
cnv_depth__IBNLCO_03232__Elongation__CDS,0.0,0.0
cnv_depth__IBNLCO_03231__trnW__gene__promoter,0.0,0.0
cnv_depth__IBNLCO_03231__trnW__gene,0.0,0.0
cnv_depth__IBNLCO_03230__Protein__CDS__promoter,0.0,0.0
cnv_depth__IBNLCO_03242__IBNLCO_03242__gene__promoter,0.0,0.0
cnv_depth__IBNLCO_03336__phospholipase__CDS,0.0,0.0
cnv_depth__IBNLCO_03335__IBNLCO_03335__gene,0.0,0.0
cnv_depth__IBNLCO_03334__IBNLCO_03334__gene__promoter,0.0,0.0
cnv_depth__IBNLCO_03335__IBNLCO_03335__gene__promoter,0.0,0.0
cnv_depth__IBNLCO_03327__IBNLCO_03327__gene__promoter,0.0,0.0
cnv_depth__IBNLCO_03326__vioA__gene,0.0,0.0
cnv_depth__IBNLCO_03326__vioA__gene__promoter,0.0,0.0
cnv_depth__IBNLCO_03325__IBNLCO_03325__gene,0.0,0.0
cnv_depth__IBNLCO_03325__protein__CDS__promoter,0.0,0.0
cnv_depth__IBNLCO_03324__Flagellar__CDS,0.0,0.0
cnv_depth__IBNLCO_03324__fliT__gene__promoter,0.0,0.0
cnv_depth__IBNLCO_03323__fliD__gene,0.0,0.0
cnv_depth__IBNLCO_03282__AsnC__CDS,0.0,0.0
cnv_depth__IBNLCO_03322__fliC__gene,0.0,0.0
cnv_depth__IBNLCO_03322__gnl|Bakta|IBNLCO_03322__CDS__promoter,0.0,0.0
cnv_depth__IBNLCO_03321__Small__CDS__promoter,0.0,0.0
cnv_depth__IBNLCO_03321__IBNLCO_03321__gene,0.0,0.0
cnv_depth__IBNLCO_03320__IBNLCO_03320__gene,0.0,0.0
cnv_depth__IBNLCO_03319__Glucosamine__CDS__promoter,0.0,0.0
cnv_depth__IBNLCO_03320__DNA-3-methyladenine__CDS__promoter,0.0,0.0
cnv_depth__IBNLCO_03319__gspK__gene,0.0,0.0
cnv_depth__IBNLCO_03318__IBNLCO_03318__gene__promoter,0.0,0.0
cnv_depth__IBNLCO_03318__IBNLCO_03318__gene,0.0,0.0
cnv_depth__IBNLCO_03317__IBNLCO_03317__gene,0.0,0.0
cnv_depth__IBNLCO_03317__IBNLCO_03317__gene__promoter,0.0,0.0
cnv_depth__IBNLCO_03316__IBNLCO_03316__gene__promoter,0.0,0.0
cnv_depth__IBNLCO_03323__flagellar__CDS__promoter,0.0,0.0
cnv_depth__IBNLCO_03356__IBNLCO_03356__gene,0.0,0.0
cnv_depth__IBNLCO_03356__SGNH__CDS__promoter,0.0,0.0
cnv_depth__IBNLCO_03355__IBNLCO_03355__gene,0.0,0.0
cnv_depth__IBNLCO_03355__Fusaric__CDS__promoter,0.0,0.0
cnv_depth__IBNLCO_03354__IBNLCO_03354__gene__promoter,0.0,0.0
cnv_depth__IBNLCO_03354__IBNLCO_03354__gene,0.0,0.0
cnv_depth__IBNLCO_03353__IBNLCO_03353__gene,0.0,0.0
cnv_depth__IBNLCO_03353__IBNLCO_03353__gene__promoter,0.0,0.0
cnv_depth__IBNLCO_03352__trnR__gene__promoter,0.0,0.0
cnv_depth__IBNLCO_03352__tRNA-Arg(ccg)__tRNA,0.0,0.0
cnv_depth__IBNLCO_03350__PIN__CDS__promoter,0.0,0.0
cnv_depth__IBNLCO_03345__IBNLCO_03345__gene,0.0,0.0
cnv_depth__IBNLCO_03337__gnl|Bakta|IBNLCO_03337__CDS,0.0,0.0
cnv_depth__IBNLCO_03344__hypothetical__CDS,0.0,0.0
cnv_depth__IBNLCO_03343__IBNLCO_03343__gene__promoter,0.0,0.0
cnv_depth__IBNLCO_03343__IBNLCO_03343__gene,0.0,0.0
cnv_depth__IBNLCO_03342__Methyl-accepting__CDS__promoter,0.0,0.0
cnv_depth__IBNLCO_03342__IBNLCO_03342__gene,0.0,0.0
cnv_depth__IBNLCO_03341__IBNLCO_03341__gene,0.0,0.0
cnv_depth__IBNLCO_03340__hypothetical__CDS__promoter,0.0,0.0
cnv_depth__IBNLCO_03341__AB__CDS__promoter,0.0,0.0
cnv_depth__IBNLCO_03340__IBNLCO_03340__gene,0.0,0.0
cnv_depth__IBNLCO_03339__csgG__gene,0.0,0.0
cnv_depth__IBNLCO_03338__gnl|Bakta|IBNLCO_03338__CDS__promoter,0.0,0.0
cnv_depth__IBNLCO_03338__gnl|Bakta|IBNLCO_03338__CDS,0.0,0.0
cnv_depth__IBNLCO_03337__gnl|Bakta|IBNLCO_03337__CDS__promoter,0.0,0.0
cnv_depth__IBNLCO_03344__IBNLCO_03344__gene__promoter,0.0,0.0
cnv_depth__IBNLCO_03300__IBNLCO_03300__gene,0.0,0.0
cnv_depth__IBNLCO_03299__IBNLCO_03299__gene__promoter,0.0,0.0
cnv_depth__IBNLCO_03299__3-demethylubiquinone-9__CDS,0.0,0.0
cnv_depth__IBNLCO_03297__flhA__gene__promoter,0.0,0.0
cnv_depth__IBNLCO_03298__flhB__gene,0.0,0.0
cnv_depth__IBNLCO_03296__flagellar__CDS__promoter,0.0,0.0
cnv_depth__IBNLCO_03297__flhA__gene,0.0,0.0
cnv_depth__IBNLCO_03295__flagellar__CDS__promoter,0.0,0.0
cnv_depth__IBNLCO_03296__flhF__gene,0.0,0.0
cnv_depth__IBNLCO_03294__flagellar__CDS__promoter,0.0,0.0
cnv_depth__IBNLCO_03294__flagellar__CDS,0.0,0.0
cnv_depth__unknown__unknown__regulatory.13,0.0,0.0
cnv_depth__IBNLCO_03316__IBNLCO_03316__gene,0.0,0.0
cnv_depth__IBNLCO_03292__IBNLCO_03292__gene__promoter,0.0,0.0
cnv_depth__IBNLCO_03291__IBNLCO_03291__gene,0.0,0.0
cnv_depth__IBNLCO_03290__Aspartyl-tRNA(Asn)__CDS,0.0,0.0
cnv_depth__IBNLCO_03288__IBNLCO_03288__gene,0.0,0.0
cnv_depth__IBNLCO_03287__IBNLCO_03287__gene,0.0,0.0
cnv_depth__IBNLCO_03286__IBNLCO_03286__gene,0.0,0.0
cnv_depth__IBNLCO_03286__hypothetical__CDS__promoter,0.0,0.0
cnv_depth__IBNLCO_03285__IBNLCO_03285__gene__promoter,0.0,0.0
cnv_depth__IBNLCO_03285__IBNLCO_03285__gene,0.0,0.0
cnv_depth__IBNLCO_03284__IBNLCO_03284__gene__promoter,0.0,0.0
cnv_depth__IBNLCO_03284__IBNLCO_03284__gene,0.0,0.0
cnv_depth__IBNLCO_03283__fieF__gene__promoter,0.0,0.0
cnv_depth__IBNLCO_03283__fieF__gene,0.0,0.0
cnv_depth__IBNLCO_03293__IBNLCO_03293__gene,0.0,0.0
cnv_depth__IBNLCO_03315__IBNLCO_03315__gene,0.0,0.0
cnv_depth__IBNLCO_03315__IBNLCO_03315__gene__promoter,0.0,0.0
cnv_depth__IBNLCO_03314__Flagellar__CDS__promoter,0.0,0.0
cnv_depth__IBNLCO_03314__flhD__gene,0.0,0.0
cnv_depth__IBNLCO_03313__flhC__gene__promoter,0.0,0.0
cnv_depth__IBNLCO_03313__flhC__gene,0.0,0.0
cnv_depth__IBNLCO_03312__flagellar__CDS__promoter,0.0,0.0
cnv_depth__IBNLCO_03312__flagellar__CDS,0.0,0.0
cnv_depth__IBNLCO_03311__motB__gene__promoter,0.0,0.0
cnv_depth__IBNLCO_03311__flagellar__CDS,0.0,0.0
cnv_depth__IBNLCO_03310__cheY1__gene__promoter,0.0,0.0
cnv_depth__IBNLCO_03310__chemotaxis__CDS,0.0,0.0
cnv_depth__IBNLCO_03309__cheA__gene__promoter,0.0,0.0
cnv_depth__IBNLCO_03301__hypothetical__CDS__promoter,0.0,0.0
cnv_depth__IBNLCO_03308__chemotaxis__CDS__promoter,0.0,0.0
cnv_depth__IBNLCO_03308__chemotaxis__CDS,0.0,0.0
cnv_depth__IBNLCO_03307__tsr__gene__promoter,0.0,0.0
cnv_depth__IBNLCO_03307__methyl-accepting__CDS,0.0,0.0
cnv_depth__IBNLCO_03306__cheR__gene__promoter,0.0,0.0
cnv_depth__IBNLCO_03305__cheD__gene__promoter,0.0,0.0
cnv_depth__IBNLCO_03306__chemotaxis__CDS,0.0,0.0
cnv_depth__IBNLCO_03305__chemoreceptor__CDS,0.0,0.0
cnv_depth__IBNLCO_03304__chemotaxis-specific__CDS__promoter,0.0,0.0
cnv_depth__IBNLCO_03304__chemotaxis-specific__CDS,0.0,0.0
cnv_depth__IBNLCO_03303__chemotaxis__CDS,0.0,0.0
cnv_depth__IBNLCO_03302__chemotaxis__CDS__promoter,0.0,0.0
cnv_depth__IBNLCO_03302__chemotaxis__CDS,0.0,0.0
cnv_depth__IBNLCO_03309__cheA__gene,0.0,0.0
cnv_depth__IBNLCO_03136__IBNLCO_03136__gene__promoter,0.0,0.0
cnv_depth__IBNLCO_03135__hisH__gene__promoter,0.0,0.0
cnv_depth__IBNLCO_03136__UPF0056__CDS,0.0,0.0
cnv_depth__IBNLCO_03135__hisH__gene,0.0,0.0
cnv_depth__IBNLCO_03134__IBNLCO_03134__gene__promoter,0.0,0.0
cnv_depth__IBNLCO_03134__IBNLCO_03134__gene,0.0,0.0
cnv_depth__IBNLCO_03133__hisF__gene__promoter,0.0,0.0
cnv_depth__IBNLCO_03132__IBNLCO_03132__gene__promoter,0.0,0.0
cnv_depth__IBNLCO_03133__hisF__gene,0.0,0.0
cnv_depth__IBNLCO_03131__IBNLCO_03131__gene__promoter,0.0,0.0
cnv_depth__IBNLCO_03132__IBNLCO_03132__gene,0.0,0.0
cnv_depth__IBNLCO_03131__IBNLCO_03131__gene,0.0,0.0
cnv_depth__IBNLCO_03216__IBNLCO_03216__gene,0.0,0.0
cnv_depth__IBNLCO_03130__Transmembrane__CDS,0.0,0.0
cnv_depth__IBNLCO_03129__IBNLCO_03129__gene__promoter,0.0,0.0
cnv_depth__IBNLCO_03129__IBNLCO_03129__gene,0.0,0.0
cnv_depth__IBNLCO_03128__hypothetical__CDS__promoter,0.0,0.0
cnv_depth__IBNLCO_03128__IBNLCO_03128__gene,0.0,0.0
cnv_depth__IBNLCO_03127__Sec-independent__CDS__promoter,0.0,0.0
cnv_depth__IBNLCO_03127__tatB__gene,0.0,0.0
cnv_depth__IBNLCO_03126__Sec-independent__CDS__promoter,0.0,0.0
cnv_depth__IBNLCO_03126__tatC__gene,0.0,0.0
cnv_depth__IBNLCO_03125__IBNLCO_03125__gene,0.0,0.0
cnv_depth__IBNLCO_03124__IBNLCO_03124__gene__promoter,0.0,0.0
cnv_depth__IBNLCO_03125__IBNLCO_03125__gene__promoter,0.0,0.0
cnv_depth__IBNLCO_03124__IBNLCO_03124__gene,0.0,0.0
cnv_depth__IBNLCO_03130__Transmembrane__CDS__promoter,0.0,0.0
cnv_depth__IBNLCO_03152__Thiazole__CDS,0.0,0.0
cnv_depth__IBNLCO_03151__Thiamine-phosphate__CDS,0.0,0.0
cnv_depth__IBNLCO_03150__ABC__CDS__promoter,0.0,0.0
cnv_depth__IBNLCO_03149__Intermembrane__CDS__promoter,0.0,0.0
cnv_depth__IBNLCO_03150__IBNLCO_03150__gene,0.0,0.0
cnv_depth__IBNLCO_03149__Intermembrane__CDS,0.0,0.0
cnv_depth__IBNLCO_03148__Outer__CDS__promoter,0.0,0.0
cnv_depth__IBNLCO_03148__mlaD__gene,0.0,0.0
cnv_depth__IBNLCO_03147__IBNLCO_03147__gene__promoter,0.0,0.0
cnv_depth__IBNLCO_03147__hypothetical__CDS,0.0,0.0
cnv_depth__IBNLCO_03146__IBNLCO_03146__gene__promoter,0.0,0.0
cnv_depth__IBNLCO_03145__IBNLCO_03145__gene__promoter,0.0,0.0
cnv_depth__IBNLCO_03137__Imidazoleglycerol-phosphate__CDS,0.0,0.0
cnv_depth__IBNLCO_03143__IBNLCO_03143__gene__promoter,0.0,0.0
cnv_depth__IBNLCO_03144__IBNLCO_03144__gene,0.0,0.0
cnv_depth__IBNLCO_03143__IBNLCO_03143__gene,0.0,0.0
cnv_depth__IBNLCO_03142__BolA__CDS,0.0,0.0
cnv_depth__IBNLCO_03141__IBNLCO_03141__gene__promoter,0.0,0.0
cnv_depth__IBNLCO_03140__IBNLCO_03140__gene__promoter,0.0,0.0
cnv_depth__IBNLCO_03141__UDP-N-acetylglucosamine__CDS,0.0,0.0
cnv_depth__IBNLCO_03140__ATP__CDS,0.0,0.0
cnv_depth__IBNLCO_03139__Histidinol__CDS__promoter,0.0,0.0
cnv_depth__IBNLCO_03139__Histidinol__CDS,0.0,0.0
cnv_depth__IBNLCO_03138__IBNLCO_03138__gene__promoter,0.0,0.0
cnv_depth__IBNLCO_03138__Histidinol-phosphate__CDS,0.0,0.0
cnv_depth__IBNLCO_03137__Imidazoleglycerol-phosphate__CDS__promoter,0.0,0.0
cnv_depth__IBNLCO_03146__IBNLCO_03146__gene,0.0,0.0
cnv_depth__IBNLCO_03104__Type__CDS,0.0,0.0
cnv_depth__IBNLCO_03103__tssF__gene__promoter,0.0,0.0
cnv_depth__IBNLCO_03102__tssG__gene__promoter,0.0,0.0
cnv_depth__IBNLCO_03102__Type__CDS,0.0,0.0
cnv_depth__IBNLCO_03101__clpB__gene__promoter,0.0,0.0
cnv_depth__IBNLCO_03101__clpB__gene,0.0,0.0
cnv_depth__IBNLCO_03100__ImpA__CDS__promoter,0.0,0.0
cnv_depth__IBNLCO_03100__impA__gene,0.0,0.0
cnv_depth__IBNLCO_03099__OmpA-like__CDS,0.0,0.0
cnv_depth__IBNLCO_03099__OmpA-like__CDS__promoter,0.0,0.0
cnv_depth__IBNLCO_03098__Type__CDS,0.0,0.0
cnv_depth__IBNLCO_03097__tssM__gene,0.0,0.0
cnv_depth__IBNLCO_03123__IBNLCO_03123__gene__promoter,0.0,0.0
cnv_depth__IBNLCO_03096__Peptidase__CDS,0.0,0.0
cnv_depth__IBNLCO_03096__Peptidase__CDS__promoter,0.0,0.0
cnv_depth__IBNLCO_03095__hypothetical__CDS__promoter,0.0,0.0
cnv_depth__IBNLCO_03095__hypothetical__CDS,0.0,0.0
cnv_depth__IBNLCO_03094__Protein__CDS,0.0,0.0
cnv_depth__IBNLCO_03094__Protein__CDS__promoter,0.0,0.0
cnv_depth__IBNLCO_03093__IBNLCO_03093__gene,0.0,0.0
cnv_depth__IBNLCO_03093__IBNLCO_03093__gene__promoter,0.0,0.0
cnv_depth__IBNLCO_03092__hlyD__gene,0.0,0.0
cnv_depth__IBNLCO_03091__hypothetical__CDS,0.0,0.0
cnv_depth__IBNLCO_03091__IBNLCO_03091__gene__promoter,0.0,0.0
cnv_depth__IBNLCO_03090__IBNLCO_03090__gene,0.0,0.0
cnv_depth__IBNLCO_03090__gnl|Bakta|IBNLCO_03090__CDS__promoter,0.0,0.0
cnv_depth__IBNLCO_03097__Type__CDS__promoter,0.0,0.0
cnv_depth__IBNLCO_03123__IBNLCO_03123__gene,0.0,0.0
cnv_depth__IBNLCO_03122__IBNLCO_03122__gene__promoter,0.0,0.0
cnv_depth__IBNLCO_03122__IBNLCO_03122__gene,0.0,0.0
cnv_depth__IBNLCO_03121__IBNLCO_03121__gene__promoter,0.0,0.0
cnv_depth__IBNLCO_03121__IBNLCO_03121__gene,0.0,0.0
cnv_depth__IBNLCO_03120__IBNLCO_03120__gene__promoter,0.0,0.0
cnv_depth__IBNLCO_03120__IBNLCO_03120__gene,0.0,0.0
cnv_depth__IBNLCO_03119__hypothetical__CDS__promoter,0.0,0.0
cnv_depth__IBNLCO_03119__IBNLCO_03119__gene,0.0,0.0
cnv_depth__IBNLCO_03118__trnT__gene__promoter,0.0,0.0
cnv_depth__IBNLCO_03118__trnT__gene,0.0,0.0
cnv_depth__IBNLCO_03113__IBNLCO_03113__gene,0.0,0.0
cnv_depth__IBNLCO_03113__IBNLCO_03113__gene__promoter,0.0,0.0
cnv_depth__IBNLCO_03104__Type__CDS__promoter,0.0,0.0
cnv_depth__IBNLCO_03111__dotU__gene__promoter,0.0,0.0
cnv_depth__IBNLCO_03110__IBNLCO_03110__gene,0.0,0.0
cnv_depth__IBNLCO_03110__Type__CDS__promoter,0.0,0.0
cnv_depth__IBNLCO_03109__vasD__gene,0.0,0.0
cnv_depth__IBNLCO_03109__Type__CDS__promoter,0.0,0.0
cnv_depth__IBNLCO_03108__hypothetical__CDS__promoter,0.0,0.0
cnv_depth__IBNLCO_03108__IBNLCO_03108__gene,0.0,0.0
cnv_depth__IBNLCO_03107__Type__CDS__promoter,0.0,0.0
cnv_depth__IBNLCO_03107__IBNLCO_03107__gene,0.0,0.0
cnv_depth__IBNLCO_03106__Type__CDS__promoter,0.0,0.0
cnv_depth__IBNLCO_03106__IBNLCO_03106__gene,0.0,0.0
cnv_depth__IBNLCO_03105__Hcp1__CDS__promoter,0.0,0.0
cnv_depth__IBNLCO_03105__Hcp1__CDS,0.0,0.0
cnv_depth__IBNLCO_03111__dotU__gene,0.0,0.0
cnv_depth__IBNLCO_03201__Large__CDS,0.0,0.0
cnv_depth__IBNLCO_03200__Large__CDS__promoter,0.0,0.0
cnv_depth__IBNLCO_03200__Large__CDS,0.0,0.0
cnv_depth__IBNLCO_03199__Small__CDS__promoter,0.0,0.0
cnv_depth__IBNLCO_03199__IBNLCO_03199__gene,0.0,0.0
cnv_depth__IBNLCO_03198__Large__CDS__promoter,0.0,0.0
cnv_depth__IBNLCO_03198__IBNLCO_03198__gene,0.0,0.0
cnv_depth__IBNLCO_03197__IBNLCO_03197__gene,0.0,0.0
cnv_depth__IBNLCO_03196__Protein__CDS__promoter,0.0,0.0
cnv_depth__IBNLCO_03196__secY__gene,0.0,0.0
cnv_depth__IBNLCO_03195__Translation__CDS__promoter,0.0,0.0
cnv_depth__IBNLCO_03195__Translation__CDS,0.0,0.0
cnv_depth__IBNLCO_03151__Thiamine-phosphate__CDS__promoter,0.0,0.0
cnv_depth__IBNLCO_03193__Small__CDS,0.0,0.0
cnv_depth__IBNLCO_03192__IBNLCO_03192__gene__promoter,0.0,0.0
cnv_depth__IBNLCO_03192__Small__CDS,0.0,0.0
cnv_depth__IBNLCO_03191__Small__CDS__promoter,0.0,0.0
cnv_depth__IBNLCO_03191__Small__CDS,0.0,0.0
cnv_depth__IBNLCO_03190__IBNLCO_03190__gene__promoter,0.0,0.0
cnv_depth__IBNLCO_03190__DNA-directed__CDS,0.0,0.0
cnv_depth__IBNLCO_03189__IBNLCO_03189__gene__promoter,0.0,0.0
cnv_depth__IBNLCO_03189__Large__CDS,0.0,0.0
cnv_depth__IBNLCO_03188__IBNLCO_03188__gene__promoter,0.0,0.0
cnv_depth__IBNLCO_03187__Thiol:disulfide__CDS__promoter,0.0,0.0
cnv_depth__IBNLCO_03188__Periplasmic__CDS,0.0,0.0
cnv_depth__IBNLCO_03187__dsbD__gene,0.0,0.0
cnv_depth__IBNLCO_03194__Large__CDS,0.0,0.0
cnv_depth__IBNLCO_03214__IBNLCO_03214__gene__promoter,0.0,0.0
cnv_depth__IBNLCO_03215__IBNLCO_03215__gene,0.0,0.0
cnv_depth__IBNLCO_03214__Large__CDS,0.0,0.0
cnv_depth__IBNLCO_03213__IBNLCO_03213__gene__promoter,0.0,0.0
cnv_depth__IBNLCO_03213__Large__CDS,0.0,0.0
cnv_depth__IBNLCO_03212__IBNLCO_03212__gene__promoter,0.0,0.0
cnv_depth__IBNLCO_03212__Small__CDS,0.0,0.0
cnv_depth__IBNLCO_03211__IBNLCO_03211__gene__promoter,0.0,0.0
cnv_depth__IBNLCO_03211__Large__CDS,0.0,0.0
cnv_depth__IBNLCO_03210__IBNLCO_03210__gene__promoter,0.0,0.0
cnv_depth__IBNLCO_03210__Small__CDS,0.0,0.0
cnv_depth__IBNLCO_03209__IBNLCO_03209__gene__promoter,0.0,0.0
cnv_depth__IBNLCO_03201__Large__CDS__promoter,0.0,0.0
cnv_depth__IBNLCO_03208__Large__CDS__promoter,0.0,0.0
cnv_depth__IBNLCO_03208__IBNLCO_03208__gene,0.0,0.0
cnv_depth__IBNLCO_03207__IBNLCO_03207__gene,0.0,0.0
cnv_depth__IBNLCO_03206__Large__CDS__promoter,0.0,0.0
cnv_depth__IBNLCO_03206__IBNLCO_03206__gene,0.0,0.0
cnv_depth__IBNLCO_03205__Large__CDS__promoter,0.0,0.0
cnv_depth__IBNLCO_03205__IBNLCO_03205__gene,0.0,0.0
cnv_depth__IBNLCO_03204__IBNLCO_03204__gene__promoter,0.0,0.0
cnv_depth__IBNLCO_03204__Large__CDS,0.0,0.0
cnv_depth__IBNLCO_03203__Small__CDS__promoter,0.0,0.0
cnv_depth__IBNLCO_03203__Small__CDS,0.0,0.0
cnv_depth__IBNLCO_03202__IBNLCO_03202__gene__promoter,0.0,0.0
cnv_depth__IBNLCO_03202__IBNLCO_03202__gene,0.0,0.0
cnv_depth__IBNLCO_03209__Large__CDS,0.0,0.0
cnv_depth__IBNLCO_03168__IBNLCO_03168__gene,0.0,0.0
cnv_depth__IBNLCO_03167__sn-glycerol-3-phosphate-binding__CDS__promoter,0.0,0.0
cnv_depth__IBNLCO_03167__ugpB__gene,0.0,0.0
cnv_depth__IBNLCO_03166__sn-glycerol-3-phosphate__CDS__promoter,0.0,0.0
cnv_depth__IBNLCO_03165__sn-glycerol-3-phosphate__CDS__promoter,0.0,0.0
cnv_depth__IBNLCO_03166__ugpA__gene,0.0,0.0
cnv_depth__IBNLCO_03165__ugpE__gene,0.0,0.0
cnv_depth__IBNLCO_03164__ugpC__gene__promoter,0.0,0.0
cnv_depth__IBNLCO_03164__sn-glycerol-3-phosphate__CDS,0.0,0.0
cnv_depth__IBNLCO_03162__OmpW__CDS,0.0,0.0
cnv_depth__IBNLCO_03162__OmpW__CDS__promoter,0.0,0.0
cnv_depth__IBNLCO_03161__Transposase__CDS,0.0,0.0
cnv_depth__IBNLCO_03186__IBNLCO_03186__gene,0.0,0.0
cnv_depth__IBNLCO_03160__Glutamate__CDS,0.0,0.0
cnv_depth__IBNLCO_03159__Glutamate__CDS__promoter,0.0,0.0
cnv_depth__IBNLCO_03159__Glutamate__CDS,0.0,0.0
cnv_depth__IBNLCO_03158__Amino-acid__CDS__promoter,0.0,0.0
cnv_depth__IBNLCO_03157__IBNLCO_03157__gene__promoter,0.0,0.0
cnv_depth__IBNLCO_03158__alsT__gene,0.0,0.0
cnv_depth__IBNLCO_03157__IBNLCO_03157__gene,0.0,0.0
cnv_depth__IBNLCO_03155__IBNLCO_03155__gene,0.0,0.0
cnv_depth__IBNLCO_03155__IBNLCO_03155__gene__promoter,0.0,0.0
cnv_depth__unknown__unknown__regulatory.12,0.0,0.0
cnv_depth__IBNLCO_03154__IBNLCO_03154__gene,0.0,0.0
cnv_depth__IBNLCO_03153__thiS__gene,0.0,0.0
cnv_depth__IBNLCO_03152__Thiazole__CDS__promoter,0.0,0.0
cnv_depth__IBNLCO_03160__Glutamate__CDS__promoter,0.0,0.0
cnv_depth__IBNLCO_03185__anti-hemB__gene__promoter,0.0,0.0
cnv_depth__IBNLCO_03185__Burkholderia__ncRNA,0.0,0.0
cnv_depth__IBNLCO_03186__IBNLCO_03186__gene__promoter,0.0,0.0
cnv_depth__IBNLCO_03184__engB__gene,0.0,0.0
cnv_depth__IBNLCO_03183__IBNLCO_03183__gene__promoter,0.0,0.0
cnv_depth__IBNLCO_03183__IBNLCO_03183__gene,0.0,0.0
cnv_depth__IBNLCO_03182__resB__gene__promoter,0.0,0.0
cnv_depth__IBNLCO_03182__Cytochrome__CDS,0.0,0.0
cnv_depth__IBNLCO_03181__ccsB__gene__promoter,0.0,0.0
cnv_depth__IBNLCO_03181__ccsB__gene,0.0,0.0
cnv_depth__IBNLCO_03180__msrP__gene,0.0,0.0
cnv_depth__IBNLCO_03179__Protein-methionine-sulfoxide__CDS__promoter,0.0,0.0
cnv_depth__IBNLCO_03179__msrQ__gene,0.0,0.0
cnv_depth__IBNLCO_03169__IBNLCO_03169__gene,0.0,0.0
cnv_depth__IBNLCO_03178__IBNLCO_03178__gene__promoter,0.0,0.0
cnv_depth__IBNLCO_03177__gnl|Bakta|IBNLCO_03177__CDS,0.0,0.0
cnv_depth__IBNLCO_03176__cyaY__gene__promoter,0.0,0.0
cnv_depth__IBNLCO_03177__IBNLCO_03177__gene__promoter,0.0,0.0
cnv_depth__IBNLCO_03176__Iron-sulfur__CDS,0.0,0.0
cnv_depth__IBNLCO_03175__Penicillin-binding__CDS,0.0,0.0
cnv_depth__IBNLCO_03174__pilM__gene,0.0,0.0
cnv_depth__IBNLCO_03173__Membrane__CDS,0.0,0.0
cnv_depth__IBNLCO_03172__pilP__gene,0.0,0.0
cnv_depth__IBNLCO_03171__Type__CDS,0.0,0.0
cnv_depth__IBNLCO_03170__Shikimate__CDS__promoter,0.0,0.0
cnv_depth__IBNLCO_03169__3-dehydroquinate__CDS__promoter,0.0,0.0
cnv_depth__IBNLCO_03170__IBNLCO_03170__gene,0.0,0.0
cnv_depth__IBNLCO_03178__IBNLCO_03178__gene,0.0,0.0
cnv_depth__IBNLCO_03572__IBNLCO_03572__gene,0.0,0.0
cnv_depth__IBNLCO_03572__IBNLCO_03572__gene__promoter,0.0,0.0
cnv_depth__IBNLCO_03571__IBNLCO_03571__gene,0.0,0.0
cnv_depth__IBNLCO_03571__Putative__CDS__promoter,0.0,0.0
cnv_depth__IBNLCO_03567__IBNLCO_03567__gene,0.0,0.0
cnv_depth__IBNLCO_03567__Major__CDS__promoter,0.0,0.0
cnv_depth__IBNLCO_03566__IBNLCO_03566__gene__promoter,0.0,0.0
cnv_depth__IBNLCO_03566__IBNLCO_03566__gene,0.0,0.0
cnv_depth__IBNLCO_03565__IBNLCO_03565__gene,0.0,0.0
cnv_depth__IBNLCO_03564__IBNLCO_03564__gene,0.0,0.0
cnv_depth__IBNLCO_03563__hypothetical__CDS__promoter,0.0,0.0
cnv_depth__IBNLCO_03562__IBNLCO_03562__gene__promoter,0.0,0.0
cnv_depth__IBNLCO_03357__gnl|Bakta|IBNLCO_03357__CDS__promoter,0.0,0.0
cnv_depth__IBNLCO_03561__Fimbrial__CDS__promoter,0.0,0.0
cnv_depth__IBNLCO_03561__Fimbrial__CDS,0.0,0.0
cnv_depth__IBNLCO_03560__IBNLCO_03560__gene__promoter,0.0,0.0
cnv_depth__IBNLCO_03560__hypothetical__CDS,0.0,0.0
cnv_depth__IBNLCO_03559__hypothetical__CDS__promoter,0.0,0.0
cnv_depth__IBNLCO_03559__IBNLCO_03559__gene,0.0,0.0
cnv_depth__IBNLCO_03546__PAAR__CDS__promoter,0.0,0.0
cnv_depth__IBNLCO_03544__IBNLCO_03544__gene__promoter,0.0,0.0
cnv_depth__IBNLCO_03528__IBNLCO_03528__gene,0.0,0.0
cnv_depth__IBNLCO_03527__hypothetical__CDS,0.0,0.0
cnv_depth__IBNLCO_03526__IBNLCO_03526__gene__promoter,0.0,0.0
cnv_depth__IBNLCO_03527__IBNLCO_03527__gene__promoter,0.0,0.0
cnv_depth__IBNLCO_03526__IBNLCO_03526__gene,0.0,0.0
cnv_depth__IBNLCO_03562__IBNLCO_03562__gene,0.0,0.0
cnv_depth__IBNLCO_03592__lysR__gene,0.0,0.0
cnv_depth__IBNLCO_03592__lysR__gene__promoter,0.0,0.0
cnv_depth__IBNLCO_03590__IBNLCO_03590__gene,0.0,0.0
cnv_depth__IBNLCO_03589__IBNLCO_03589__gene,0.0,0.0
cnv_depth__IBNLCO_03588__dbpA__gene__promoter,0.0,0.0
cnv_depth__IBNLCO_03589__IBNLCO_03589__gene__promoter,0.0,0.0
cnv_depth__IBNLCO_03588__dbpA__gene,0.0,0.0
cnv_depth__IBNLCO_03587__IBNLCO_03587__gene__promoter,0.0,0.0
cnv_depth__IBNLCO_03586__IBNLCO_03586__gene__promoter,0.0,0.0
cnv_depth__IBNLCO_03587__IBNLCO_03587__gene,0.0,0.0
cnv_depth__IBNLCO_03583__IBNLCO_03583__gene,0.0,0.0
cnv_depth__IBNLCO_03582__Periplasmic__CDS__promoter,0.0,0.0
cnv_depth__IBNLCO_03573__SnoaL-like__CDS__promoter,0.0,0.0
cnv_depth__IBNLCO_03581__IBNLCO_03581__gene,0.0,0.0
cnv_depth__IBNLCO_03579__IBNLCO_03579__gene,0.0,0.0
cnv_depth__IBNLCO_03579__IBNLCO_03579__gene__promoter,0.0,0.0
cnv_depth__IBNLCO_03578__IBNLCO_03578__gene,0.0,0.0
cnv_depth__IBNLCO_03578__IBNLCO_03578__gene__promoter,0.0,0.0
cnv_depth__IBNLCO_03577__diguanylate__CDS__promoter,0.0,0.0
cnv_depth__IBNLCO_03577__IBNLCO_03577__gene,0.0,0.0
cnv_depth__IBNLCO_03576__IBNLCO_03576__gene,0.0,0.0
cnv_depth__IBNLCO_03575__IBNLCO_03575__gene__promoter,0.0,0.0
cnv_depth__IBNLCO_03576__IBNLCO_03576__gene__promoter,0.0,0.0
cnv_depth__IBNLCO_03574__IBNLCO_03574__gene,0.0,0.0
cnv_depth__IBNLCO_03574__IBNLCO_03574__gene__promoter,0.0,0.0
cnv_depth__IBNLCO_03573__IBNLCO_03573__gene,0.0,0.0
cnv_depth__IBNLCO_03582__IBNLCO_03582__gene,0.0,0.0
cnv_depth__IBNLCO_03499__Type__CDS,0.0,0.0
cnv_depth__IBNLCO_03498__UvrABC__CDS,0.0,0.0
cnv_depth__IBNLCO_03498__IBNLCO_03498__gene__promoter,0.0,0.0
cnv_depth__IBNLCO_03486__N-6__CDS__promoter,0.0,0.0
cnv_depth__IBNLCO_03484__IBNLCO_03484__gene__promoter,0.0,0.0
cnv_depth__IBNLCO_03484__Cysteine/O-acetylserine__CDS,0.0,0.0
cnv_depth__IBNLCO_03483__IBNLCO_03483__gene__promoter,0.0,0.0
cnv_depth__IBNLCO_03483__IBNLCO_03483__gene,0.0,0.0
cnv_depth__IBNLCO_03482__4-hydroxybenzoate__CDS,0.0,0.0
cnv_depth__IBNLCO_03482__4-hydroxybenzoate__CDS__promoter,0.0,0.0
cnv_depth__IBNLCO_03481__IBNLCO_03481__gene,0.0,0.0
cnv_depth__IBNLCO_03481__IBNLCO_03481__gene__promoter,0.0,0.0
cnv_depth__IBNLCO_03525__Cytochrome__CDS__promoter,0.0,0.0
cnv_depth__IBNLCO_03479__3-carboxy-cis%2Ccis-muconate__CDS,0.0,0.0
cnv_depth__IBNLCO_03478__IBNLCO_03478__gene,0.0,0.0
cnv_depth__IBNLCO_03478__3-oxoadipate__CDS__promoter,0.0,0.0
cnv_depth__IBNLCO_03477__IBNLCO_03477__gene,0.0,0.0
cnv_depth__IBNLCO_03476__IBNLCO_03476__gene,0.0,0.0
cnv_depth__IBNLCO_03475__HTH__CDS__promoter,0.0,0.0
cnv_depth__IBNLCO_03476__IBNLCO_03476__gene__promoter,0.0,0.0
cnv_depth__IBNLCO_03475__HTH__CDS,0.0,0.0
cnv_depth__IBNLCO_03474__hypothetical__CDS,0.0,0.0
cnv_depth__IBNLCO_03473__IBNLCO_03473__gene__promoter,0.0,0.0
cnv_depth__IBNLCO_03473__IBNLCO_03473__gene,0.0,0.0
cnv_depth__IBNLCO_03472__IBNLCO_03472__gene,0.0,0.0
cnv_depth__IBNLCO_03472__Serine__CDS__promoter,0.0,0.0
cnv_depth__IBNLCO_03480__IBNLCO_03480__gene__promoter,0.0,0.0
cnv_depth__IBNLCO_03524__hypothetical__CDS__promoter,0.0,0.0
cnv_depth__IBNLCO_03525__IBNLCO_03525__gene,0.0,0.0
cnv_depth__IBNLCO_03523__IBNLCO_03523__gene,0.0,0.0
cnv_depth__IBNLCO_03523__IBNLCO_03523__gene__promoter,0.0,0.0
cnv_depth__IBNLCO_03522__Thiol__CDS__promoter,0.0,0.0
cnv_depth__IBNLCO_03522__IBNLCO_03522__gene,0.0,0.0
cnv_depth__IBNLCO_03521__Secondary__CDS__promoter,0.0,0.0
cnv_depth__IBNLCO_03521__IBNLCO_03521__gene,0.0,0.0
cnv_depth__IBNLCO_03513__IBNLCO_03513__gene__promoter,0.0,0.0
cnv_depth__IBNLCO_03512__IS30__CDS__promoter,0.0,0.0
cnv_depth__IBNLCO_03511__IBNLCO_03511__gene,0.0,0.0
cnv_depth__IBNLCO_03510__IBNLCO_03510__gene__promoter,0.0,0.0
cnv_depth__IBNLCO_03499__Type__CDS__promoter,0.0,0.0
cnv_depth__IBNLCO_03509__IBNLCO_03509__gene__promoter,0.0,0.0
cnv_depth__IBNLCO_03508__IBNLCO_03508__gene__promoter,0.0,0.0
cnv_depth__IBNLCO_03507__IBNLCO_03507__gene,0.0,0.0
cnv_depth__IBNLCO_03504__C4-dicarboxylate__CDS,0.0,0.0
cnv_depth__IBNLCO_03504__dctD__gene__promoter,0.0,0.0
cnv_depth__IBNLCO_03503__histidine__CDS,0.0,0.0
cnv_depth__IBNLCO_03503__histidine__CDS__promoter,0.0,0.0
cnv_depth__IBNLCO_03502__IBNLCO_03502__gene,0.0,0.0
cnv_depth__IBNLCO_03502__IBNLCO_03502__gene__promoter,0.0,0.0
cnv_depth__IBNLCO_03501__IBNLCO_03501__gene__promoter,0.0,0.0
cnv_depth__IBNLCO_03501__H-NS__CDS,0.0,0.0
cnv_depth__IBNLCO_03500__hypothetical__CDS__promoter,0.0,0.0
cnv_depth__IBNLCO_03500__IBNLCO_03500__gene,0.0,0.0
cnv_depth__IBNLCO_03509__IBNLCO_03509__gene,0.0,0.0
cnv_depth__IBNLCO_03646__Proline__CDS,0.0,0.0
cnv_depth__IBNLCO_03646__Proline__CDS__promoter,0.0,0.0
cnv_depth__IBNLCO_03645__IBNLCO_03645__gene,0.0,0.0
cnv_depth__IBNLCO_03645__IBNLCO_03645__gene__promoter,0.0,0.0
cnv_depth__IBNLCO_03643__HTH__CDS,0.0,0.0
cnv_depth__IBNLCO_03643__HTH__CDS__promoter,0.0,0.0
cnv_depth__IBNLCO_03642__5-oxoprolinase__CDS__promoter,0.0,0.0
cnv_depth__IBNLCO_03642__5-oxoprolinase__CDS,0.0,0.0
cnv_depth__IBNLCO_03640__IBNLCO_03640__gene,0.0,0.0
cnv_depth__IBNLCO_03638__IBNLCO_03638__gene__promoter,0.0,0.0
cnv_depth__IBNLCO_03639__Urea__CDS,0.0,0.0
cnv_depth__IBNLCO_03638__IBNLCO_03638__gene,0.0,0.0
cnv_depth__IBNLCO_03594__IBNLCO_03594__gene__promoter,0.0,0.0
cnv_depth__IBNLCO_03637__Allantoin__CDS,0.0,0.0
cnv_depth__IBNLCO_03636__IBNLCO_03636__gene,0.0,0.0
cnv_depth__IBNLCO_03635__IBNLCO_03635__gene,0.0,0.0
cnv_depth__IBNLCO_03634__IBNLCO_03634__gene__promoter,0.0,0.0
cnv_depth__IBNLCO_03635__hypothetical__CDS__promoter,0.0,0.0
cnv_depth__IBNLCO_03634__IBNLCO_03634__gene,0.0,0.0
cnv_depth__IBNLCO_03633__IBNLCO_03633__gene__promoter,0.0,0.0
cnv_depth__IBNLCO_03633__O-acetylhomoserine/O-acetylserine__CDS,0.0,0.0
cnv_depth__IBNLCO_03632__hypothetical__CDS,0.0,0.0
cnv_depth__IBNLCO_03632__IBNLCO_03632__gene__promoter,0.0,0.0
cnv_depth__IBNLCO_03631__IBNLCO_03631__gene,0.0,0.0
cnv_depth__IBNLCO_03630__LysR__CDS__promoter,0.0,0.0
cnv_depth__IBNLCO_03631__IBNLCO_03631__gene__promoter,0.0,0.0
cnv_depth__IBNLCO_03637__Allantoin__CDS__promoter,0.0,0.0
cnv_depth__IBNLCO_03670__IBNLCO_03670__gene__promoter,0.0,0.0
cnv_depth__IBNLCO_03669__IBNLCO_03669__gene,0.0,0.0
cnv_depth__IBNLCO_03668__IBNLCO_03668__gene,0.0,0.0
cnv_depth__IBNLCO_03668__IBNLCO_03668__gene__promoter,0.0,0.0
cnv_depth__IBNLCO_03667__IBNLCO_03667__gene,0.0,0.0
cnv_depth__IBNLCO_03667__hypothetical__CDS__promoter,0.0,0.0
cnv_depth__IBNLCO_03665__mgtC__gene,0.0,0.0
cnv_depth__IBNLCO_03664__N-acylglucosamine__CDS__promoter,0.0,0.0
cnv_depth__IBNLCO_03665__mgtC__gene__promoter,0.0,0.0
cnv_depth__IBNLCO_03664__IBNLCO_03664__gene,0.0,0.0
cnv_depth__IBNLCO_03660__IBNLCO_03660__gene,0.0,0.0
cnv_depth__IBNLCO_03660__Radical__CDS__promoter,0.0,0.0
cnv_depth__IBNLCO_03647__IBNLCO_03647__gene__promoter,0.0,0.0
cnv_depth__IBNLCO_03659__DUF1842__CDS__promoter,0.0,0.0
cnv_depth__IBNLCO_03658__DUF1842__CDS__promoter,0.0,0.0
cnv_depth__IBNLCO_03657__IBNLCO_03657__gene,0.0,0.0
cnv_depth__IBNLCO_03657__IBNLCO_03657__gene__promoter,0.0,0.0
cnv_depth__IBNLCO_03653__2-methylcitrate__CDS,0.0,0.0
cnv_depth__IBNLCO_03652__IBNLCO_03652__gene,0.0,0.0
cnv_depth__IBNLCO_03652__IBNLCO_03652__gene__promoter,0.0,0.0
cnv_depth__IBNLCO_03651__2-methylisocitrate__CDS,0.0,0.0
cnv_depth__IBNLCO_03650__prpR__gene__promoter,0.0,0.0
cnv_depth__IBNLCO_03649__IBNLCO_03649__gene__promoter,0.0,0.0
cnv_depth__IBNLCO_03649__IBNLCO_03649__gene,0.0,0.0
cnv_depth__IBNLCO_03648__IBNLCO_03648__gene__promoter,0.0,0.0
cnv_depth__IBNLCO_03647__IBNLCO_03647__gene,0.0,0.0
cnv_depth__IBNLCO_03659__IBNLCO_03659__gene,0.0,0.0
cnv_depth__IBNLCO_03611__OmpA-like__CDS__promoter,0.0,0.0
cnv_depth__IBNLCO_03611__IBNLCO_03611__gene,0.0,0.0
cnv_depth__IBNLCO_03610__vasK__gene,0.0,0.0
cnv_depth__IBNLCO_03609__LysR__CDS__promoter,0.0,0.0
cnv_depth__IBNLCO_03609__LysR__CDS,0.0,0.0
cnv_depth__IBNLCO_03607__NADPH2:quinone__CDS__promoter,0.0,0.0
cnv_depth__IBNLCO_03606__IBNLCO_03606__gene__promoter,0.0,0.0
cnv_depth__IBNLCO_03605__pvcC__gene,0.0,0.0
cnv_depth__IBNLCO_03604__IBNLCO_03604__gene,0.0,0.0
cnv_depth__IBNLCO_03604__IBNLCO_03604__gene__promoter,0.0,0.0
cnv_depth__IBNLCO_03603__L-tyrosine__CDS,0.0,0.0
cnv_depth__IBNLCO_03603__IBNLCO_03603__gene__promoter,0.0,0.0
cnv_depth__IBNLCO_03630__LysR__CDS,0.0,0.0
cnv_depth__IBNLCO_03602__gnl|Bakta|IBNLCO_03602__CDS__promoter,0.0,0.0
cnv_depth__IBNLCO_03601__IBNLCO_03601__gene,0.0,0.0
cnv_depth__IBNLCO_03601__SMP-30/Gluconolactonase/LRE-like__CDS__promoter,0.0,0.0
cnv_depth__IBNLCO_03600__IBNLCO_03600__gene,0.0,0.0
cnv_depth__IBNLCO_03600__hypothetical__CDS__promoter,0.0,0.0
cnv_depth__IBNLCO_03599__IBNLCO_03599__gene__promoter,0.0,0.0
cnv_depth__IBNLCO_03598__IBNLCO_03598__gene__promoter,0.0,0.0
cnv_depth__IBNLCO_03598__IBNLCO_03598__gene,0.0,0.0
cnv_depth__IBNLCO_03597__IBNLCO_03597__gene,0.0,0.0
cnv_depth__IBNLCO_03596__Solute-binding__CDS__promoter,0.0,0.0
cnv_depth__IBNLCO_03596__IBNLCO_03596__gene,0.0,0.0
cnv_depth__IBNLCO_03595__IBNLCO_03595__gene,0.0,0.0
cnv_depth__IBNLCO_03595__IBNLCO_03595__gene__promoter,0.0,0.0
cnv_depth__IBNLCO_03602__gnl|Bakta|IBNLCO_03602__CDS,0.0,0.0
cnv_depth__IBNLCO_03629__IBNLCO_03629__gene__promoter,0.0,0.0
cnv_depth__IBNLCO_03629__IBNLCO_03629__gene,0.0,0.0
cnv_depth__IBNLCO_03628__IBNLCO_03628__gene,0.0,0.0
cnv_depth__IBNLCO_03628__Tox-PAAR-like__CDS__promoter,0.0,0.0
cnv_depth__IBNLCO_03627__DUF3540__CDS,0.0,0.0
cnv_depth__IBNLCO_03626__Pentapeptide__CDS,0.0,0.0
cnv_depth__IBNLCO_03626__Pentapeptide__CDS__promoter,0.0,0.0
cnv_depth__IBNLCO_03625__DUF2169__CDS,0.0,0.0
cnv_depth__IBNLCO_03625__IBNLCO_03625__gene__promoter,0.0,0.0
cnv_depth__IBNLCO_03624__IBNLCO_03624__gene,0.0,0.0
cnv_depth__IBNLCO_03623__ImpA__CDS__promoter,0.0,0.0
cnv_depth__IBNLCO_03622__Type__CDS,0.0,0.0
cnv_depth__IBNLCO_03622__tssG__gene__promoter,0.0,0.0
cnv_depth__IBNLCO_03612__tssK__gene,0.0,0.0
cnv_depth__IBNLCO_03621__tssF__gene__promoter,0.0,0.0
cnv_depth__IBNLCO_03620__IraD/Gp25-like__CDS,0.0,0.0
cnv_depth__IBNLCO_03619__ImpE/SciE__CDS,0.0,0.0
cnv_depth__IBNLCO_03618__TagK__CDS,0.0,0.0
cnv_depth__IBNLCO_03618__TagK__CDS__promoter,0.0,0.0
cnv_depth__IBNLCO_03617__clpB__gene__promoter,0.0,0.0
cnv_depth__IBNLCO_03617__clpB__gene,0.0,0.0
cnv_depth__IBNLCO_03616__Type__CDS__promoter,0.0,0.0
cnv_depth__IBNLCO_03616__Type__CDS,0.0,0.0
cnv_depth__IBNLCO_03615__tssC1__gene__promoter,0.0,0.0
cnv_depth__IBNLCO_04297__aurF__gene__promoter,0.0,0.0
cnv_depth__IBNLCO_03614__Hcp1__CDS__promoter,0.0,0.0
cnv_depth__IBNLCO_03614__IBNLCO_03614__gene,0.0,0.0
cnv_depth__IBNLCO_03621__Type__CDS,0.0,0.0
cnv_depth__IBNLCO_03400__IBNLCO_03400__gene,0.0,0.0
cnv_depth__IBNLCO_03399__IBNLCO_03399__gene__promoter,0.0,0.0
cnv_depth__IBNLCO_03399__IBNLCO_03399__gene,0.0,0.0
cnv_depth__IBNLCO_03398__IBNLCO_03398__gene__promoter,0.0,0.0
cnv_depth__IBNLCO_03398__ATP__CDS,0.0,0.0
cnv_depth__IBNLCO_03397__ATP__CDS__promoter,0.0,0.0
cnv_depth__IBNLCO_03397__ATP__CDS,0.0,0.0
cnv_depth__IBNLCO_03396__ATP__CDS__promoter,0.0,0.0
cnv_depth__IBNLCO_03396__ATP__CDS,0.0,0.0
cnv_depth__IBNLCO_03395__hypothetical__CDS__promoter,0.0,0.0
cnv_depth__IBNLCO_03395__IBNLCO_03395__gene,0.0,0.0
cnv_depth__IBNLCO_03394__3-[(3aS%2C4S%2C7aS)-7a-methyl-1%2C__CDS__promoter,0.0,0.0
cnv_depth__IBNLCO_03471__IBNLCO_03471__gene,0.0,0.0
cnv_depth__IBNLCO_03393__Bp1_781__gene,0.0,0.0
cnv_depth__IBNLCO_03393__Bp1_781__gene__promoter,0.0,0.0
cnv_depth__IBNLCO_03392__CoA-binding__CDS__promoter,0.0,0.0
cnv_depth__IBNLCO_03392__IBNLCO_03392__gene,0.0,0.0
cnv_depth__IBNLCO_03391__IBNLCO_03391__gene,0.0,0.0
cnv_depth__IBNLCO_03390__Uroporphyrinogen__CDS__promoter,0.0,0.0
cnv_depth__IBNLCO_03391__IBNLCO_03391__gene__promoter,0.0,0.0
cnv_depth__IBNLCO_03390__IBNLCO_03390__gene,0.0,0.0
cnv_depth__unknown__unknown__rep_origin.1,0.0,0.0
cnv_depth__IBNLCO_03389__Primosomal__CDS__promoter,0.0,0.0
cnv_depth__IBNLCO_03389__IBNLCO_03389__gene,0.0,0.0
cnv_depth__IBNLCO_03388__hypothetical__CDS,0.0,0.0
cnv_depth__IBNLCO_03388__IBNLCO_03388__gene__promoter,0.0,0.0
cnv_depth__IBNLCO_03394__IBNLCO_03394__gene,0.0,0.0
cnv_depth__IBNLCO_03414__ncS01__gene__promoter,0.0,0.0
cnv_depth__IBNLCO_03414__ncS01__gene,0.0,0.0
cnv_depth__IBNLCO_03413__IBNLCO_03413__gene__promoter,0.0,0.0
cnv_depth__IBNLCO_03413__IBNLCO_03413__gene,0.0,0.0
cnv_depth__IBNLCO_03412__IBNLCO_03412__gene,0.0,0.0
cnv_depth__IBNLCO_03411__IBNLCO_03411__gene__promoter,0.0,0.0
cnv_depth__IBNLCO_03411__IBNLCO_03411__gene,0.0,0.0
cnv_depth__IBNLCO_03410__ABC__CDS__promoter,0.0,0.0
cnv_depth__IBNLCO_03410__ABC__CDS,0.0,0.0
cnv_depth__IBNLCO_03409__ABC__CDS__promoter,0.0,0.0
cnv_depth__IBNLCO_03409__ABC__CDS,0.0,0.0
cnv_depth__IBNLCO_03408__mnmG__gene__promoter,0.0,0.0
cnv_depth__IBNLCO_03400__IBNLCO_03400__gene__promoter,0.0,0.0
cnv_depth__IBNLCO_03408__mnmG__gene,0.0,0.0
cnv_depth__IBNLCO_03407__Ribosomal__CDS,0.0,0.0
cnv_depth__IBNLCO_03406__Sporulation__CDS__promoter,0.0,0.0
cnv_depth__IBNLCO_03406__IBNLCO_03406__gene,0.0,0.0
cnv_depth__IBNLCO_03405__putative__CDS,0.0,0.0
cnv_depth__IBNLCO_03404__IBNLCO_03404__gene__promoter,0.0,0.0
cnv_depth__IBNLCO_03404__Citrate__CDS,0.0,0.0
cnv_depth__IBNLCO_03403__IBNLCO_03403__gene__promoter,0.0,0.0
cnv_depth__IBNLCO_03403__IBNLCO_03403__gene,0.0,0.0
cnv_depth__IBNLCO_03402__ATP__CDS__promoter,0.0,0.0
cnv_depth__IBNLCO_03402__ATP__CDS,0.0,0.0
cnv_depth__IBNLCO_03401__ATP__CDS__promoter,0.0,0.0
cnv_depth__IBNLCO_03401__IBNLCO_03401__gene,0.0,0.0
cnv_depth__IBNLCO_03407__IBNLCO_03407__gene__promoter,0.0,0.0
cnv_depth__IBNLCO_03372__IBNLCO_03372__gene__promoter,0.0,0.0
cnv_depth__IBNLCO_03372__Amino__CDS,0.0,0.0
cnv_depth__IBNLCO_03371__Ethanolamine__CDS__promoter,0.0,0.0
cnv_depth__IBNLCO_03370__Ethanolamine__CDS__promoter,0.0,0.0
cnv_depth__IBNLCO_03371__Ethanolamine__CDS,0.0,0.0
cnv_depth__IBNLCO_03370__Ethanolamine__CDS,0.0,0.0
cnv_depth__IBNLCO_03369__MFS__CDS__promoter,0.0,0.0
cnv_depth__IBNLCO_03368__IBNLCO_03368__gene,0.0,0.0
cnv_depth__IBNLCO_03366__ADP-heptose--LPS__CDS,0.0,0.0
cnv_depth__IBNLCO_03366__IBNLCO_03366__gene__promoter,0.0,0.0
cnv_depth__IBNLCO_03365__IBNLCO_03365__gene,0.0,0.0
cnv_depth__IBNLCO_03364__gnl|Bakta|IBNLCO_03364__CDS__promoter,0.0,0.0
cnv_depth__IBNLCO_03387__putA__gene__promoter,0.0,0.0
cnv_depth__IBNLCO_03363__L-serine__CDS__promoter,0.0,0.0
cnv_depth__IBNLCO_03362__Alginate__CDS,0.0,0.0
cnv_depth__IBNLCO_03361__Glycine__CDS,0.0,0.0
cnv_depth__IBNLCO_03361__IBNLCO_03361__gene__promoter,0.0,0.0
cnv_depth__IBNLCO_03360__Glycine__CDS,0.0,0.0
cnv_depth__IBNLCO_03360__IBNLCO_03360__gene__promoter,0.0,0.0
cnv_depth__IBNLCO_03359__IBNLCO_03359__gene,0.0,0.0
cnv_depth__unknown__unknown__regulatory.15,0.0,0.0
cnv_depth__IBNLCO_03359__gnl|Bakta|IBNLCO_03359__CDS__promoter,0.0,0.0
cnv_depth__unknown__unknown__regulatory.14,0.0,0.0
cnv_depth__IBNLCO_03358__IBNLCO_03358__gene,0.0,0.0
cnv_depth__IBNLCO_03358__hypothetical__CDS__promoter,0.0,0.0
cnv_depth__IBNLCO_03357__gnl|Bakta|IBNLCO_03357__CDS,0.0,0.0
cnv_depth__IBNLCO_03363__IBNLCO_03363__gene,0.0,0.0
cnv_depth__IBNLCO_03387__Bifunctional__CDS,0.0,0.0
cnv_depth__IBNLCO_03386__IBNLCO_03386__gene__promoter,0.0,0.0
cnv_depth__IBNLCO_03386__IBNLCO_03386__gene,0.0,0.0
cnv_depth__IBNLCO_03385__IBNLCO_03385__gene,0.0,0.0
cnv_depth__IBNLCO_03385__Short-chain-fatty-acid--CoA__CDS__promoter,0.0,0.0
cnv_depth__IBNLCO_03384__aidB__gene,0.0,0.0
cnv_depth__IBNLCO_03383__betI__gene__promoter,0.0,0.0
cnv_depth__IBNLCO_03384__aidB__gene__promoter,0.0,0.0
cnv_depth__IBNLCO_03383__betI__gene,0.0,0.0
cnv_depth__IBNLCO_03382__Aspartate__CDS__promoter,0.0,0.0
cnv_depth__IBNLCO_03382__IBNLCO_03382__gene,0.0,0.0
cnv_depth__IBNLCO_03381__IBNLCO_03381__gene__promoter,0.0,0.0
cnv_depth__IBNLCO_03381__Solute-binding__CDS,0.0,0.0
cnv_depth__IBNLCO_03373__IBNLCO_03373__gene__promoter,0.0,0.0
cnv_depth__IBNLCO_03380__FAD__CDS,0.0,0.0
cnv_depth__IBNLCO_03379__IBNLCO_03379__gene__promoter,0.0,0.0
cnv_depth__IBNLCO_03379__IBNLCO_03379__gene,0.0,0.0
cnv_depth__IBNLCO_03378__padR__gene,0.0,0.0
cnv_depth__IBNLCO_03378__padR__gene__promoter,0.0,0.0
cnv_depth__IBNLCO_03377__Cd(II)/Pb(II)-responsive__CDS,0.0,0.0
cnv_depth__IBNLCO_03376__Cadmium__CDS__promoter,0.0,0.0
cnv_depth__IBNLCO_03377__Cd(II)/Pb(II)-responsive__CDS__promoter,0.0,0.0
cnv_depth__IBNLCO_03376__Cadmium__CDS,0.0,0.0
cnv_depth__IBNLCO_03375__DZANK-type__CDS__promoter,0.0,0.0
cnv_depth__IBNLCO_03375__IBNLCO_03375__gene,0.0,0.0
cnv_depth__IBNLCO_03374__IBNLCO_03374__gene,0.0,0.0
cnv_depth__IBNLCO_03373__IBNLCO_03373__gene,0.0,0.0
cnv_depth__IBNLCO_03380__FAD__CDS__promoter,0.0,0.0
cnv_depth__IBNLCO_03457__Cytochrome__CDS__promoter,0.0,0.0
cnv_depth__IBNLCO_03456__IBNLCO_03456__gene,0.0,0.0
cnv_depth__IBNLCO_03455__hypothetical__CDS__promoter,0.0,0.0
cnv_depth__IBNLCO_03456__hypothetical__CDS__promoter,0.0,0.0
cnv_depth__IBNLCO_03455__hypothetical__CDS,0.0,0.0
cnv_depth__IBNLCO_03454__NADPH-dependent__CDS__promoter,0.0,0.0
cnv_depth__IBNLCO_03454__IBNLCO_03454__gene,0.0,0.0
cnv_depth__IBNLCO_03453__Sperm-specific__CDS__promoter,0.0,0.0
cnv_depth__IBNLCO_03453__Sperm-specific__CDS,0.0,0.0
cnv_depth__IBNLCO_03452__IBNLCO_03452__gene,0.0,0.0
cnv_depth__IBNLCO_03452__gnl|Bakta|IBNLCO_03452__CDS__promoter,0.0,0.0
cnv_depth__IBNLCO_03451__Acetoacetate__CDS__promoter,0.0,0.0
cnv_depth__IBNLCO_03415__IBNLCO_03415__gene,0.0,0.0
cnv_depth__IBNLCO_03450__3-hydroxybutyrate__CDS__promoter,0.0,0.0
cnv_depth__IBNLCO_03449__IBNLCO_03449__gene__promoter,0.0,0.0
cnv_depth__IBNLCO_03450__3-hydroxybutyrate__CDS,0.0,0.0
cnv_depth__IBNLCO_03449__PNPLA__CDS,0.0,0.0
cnv_depth__IBNLCO_03448__IBNLCO_03448__gene,0.0,0.0
cnv_depth__IBNLCO_03447__Glutathione__CDS,0.0,0.0
cnv_depth__IBNLCO_03447__IBNLCO_03447__gene__promoter,0.0,0.0
cnv_depth__IBNLCO_03446__Isoprenylcysteine__CDS,0.0,0.0
cnv_depth__IBNLCO_03446__IBNLCO_03446__gene__promoter,0.0,0.0
cnv_depth__IBNLCO_03445__HTH-type__CDS,0.0,0.0
cnv_depth__IBNLCO_03444__D-malate__CDS__promoter,0.0,0.0
cnv_depth__IBNLCO_03445__dmlR__gene__promoter,0.0,0.0
cnv_depth__IBNLCO_03444__D-malate__CDS,0.0,0.0
cnv_depth__IBNLCO_03451__Acetoacetate__CDS,0.0,0.0
cnv_depth__IBNLCO_03471__IBNLCO_03471__gene__promoter,0.0,0.0
cnv_depth__IBNLCO_03470__IBNLCO_03470__gene__promoter,0.0,0.0
cnv_depth__IBNLCO_03470__2-oxoglutarate__CDS,0.0,0.0
cnv_depth__IBNLCO_03469__gnl|Bakta|IBNLCO_03469__CDS,0.0,0.0
cnv_depth__IBNLCO_03469__IBNLCO_03469__gene__promoter,0.0,0.0
cnv_depth__IBNLCO_03468__Ketoglutarate__CDS,0.0,0.0
cnv_depth__IBNLCO_03468__IBNLCO_03468__gene__promoter,0.0,0.0
cnv_depth__IBNLCO_03467__gnl|Bakta|IBNLCO_03467__CDS,0.0,0.0
cnv_depth__IBNLCO_03467__IBNLCO_03467__gene__promoter,0.0,0.0
cnv_depth__IBNLCO_03466__IBNLCO_03466__gene__promoter,0.0,0.0
cnv_depth__IBNLCO_03466__Universal__CDS,0.0,0.0
cnv_depth__IBNLCO_03465__Fumarate/nitrate__CDS__promoter,0.0,0.0
cnv_depth__IBNLCO_03457__Cytochrome__CDS,0.0,0.0
cnv_depth__IBNLCO_03464__HTH__CDS,0.0,0.0
cnv_depth__IBNLCO_03463__Amino__CDS__promoter,0.0,0.0
cnv_depth__IBNLCO_03464__HTH__CDS__promoter,0.0,0.0
cnv_depth__IBNLCO_03462__Methyltransferase__CDS,0.0,0.0
cnv_depth__IBNLCO_03462__Methyltransferase__CDS__promoter,0.0,0.0
cnv_depth__IBNLCO_03461__Anaerobic__CDS,0.0,0.0
cnv_depth__IBNLCO_03461__Anaerobic__CDS__promoter,0.0,0.0
cnv_depth__IBNLCO_03460__DUF2063__CDS,0.0,0.0
cnv_depth__IBNLCO_03460__DUF2063__CDS__promoter,0.0,0.0
cnv_depth__IBNLCO_03459__DUF692__CDS,0.0,0.0
cnv_depth__IBNLCO_03459__DUF692__CDS__promoter,0.0,0.0
cnv_depth__IBNLCO_03458__Flagellar__CDS,0.0,0.0
cnv_depth__IBNLCO_03458__Flagellar__CDS__promoter,0.0,0.0
cnv_depth__IBNLCO_03465__Fumarate/nitrate__CDS,0.0,0.0
cnv_depth__IBNLCO_03428__tctD__gene,0.0,0.0
cnv_depth__IBNLCO_03427__IBNLCO_03427__gene__promoter,0.0,0.0
cnv_depth__IBNLCO_03428__tctD__gene__promoter,0.0,0.0
cnv_depth__IBNLCO_03427__IBNLCO_03427__gene,0.0,0.0
cnv_depth__IBNLCO_03426__IBNLCO_03426__gene,0.0,0.0
cnv_depth__IBNLCO_03426__IBNLCO_03426__gene__promoter,0.0,0.0
cnv_depth__IBNLCO_03425__IBNLCO_03425__gene,0.0,0.0
cnv_depth__IBNLCO_03424__IBNLCO_03424__gene__promoter,0.0,0.0
cnv_depth__IBNLCO_03425__gnl|Bakta|IBNLCO_03425__CDS__promoter,0.0,0.0
cnv_depth__IBNLCO_03424__HTH__CDS,0.0,0.0
cnv_depth__IBNLCO_03423__Adenylate__CDS,0.0,0.0
cnv_depth__IBNLCO_03423__Adenylate__CDS__promoter,0.0,0.0
cnv_depth__IBNLCO_03443__Succinylglutamate__CDS__promoter,0.0,0.0
cnv_depth__IBNLCO_03422__LysR__CDS__promoter,0.0,0.0
cnv_depth__IBNLCO_03421__Malonate-semialdehyde__CDS,0.0,0.0
cnv_depth__IBNLCO_03420__IBNLCO_03420__gene__promoter,0.0,0.0
cnv_depth__IBNLCO_03420__IBNLCO_03420__gene,0.0,0.0
cnv_depth__IBNLCO_03419__Lipopolysaccharide__CDS__promoter,0.0,0.0
cnv_depth__IBNLCO_03418__ABC__CDS__promoter,0.0,0.0
cnv_depth__IBNLCO_03419__Lipopolysaccharide__CDS,0.0,0.0
cnv_depth__IBNLCO_03418__IBNLCO_03418__gene,0.0,0.0
cnv_depth__IBNLCO_03417__IBNLCO_03417__gene__promoter,0.0,0.0
cnv_depth__IBNLCO_03417__Leucine-binding__CDS,0.0,0.0
cnv_depth__IBNLCO_03416__IBNLCO_03416__gene__promoter,0.0,0.0
cnv_depth__IBNLCO_03415__IBNLCO_03415__gene__promoter,0.0,0.0
cnv_depth__IBNLCO_03416__Branched-chain__CDS,0.0,0.0
cnv_depth__IBNLCO_03421__IBNLCO_03421__gene__promoter,0.0,0.0
cnv_depth__IBNLCO_03443__Succinylglutamate__CDS,0.0,0.0
cnv_depth__IBNLCO_03442__50S__CDS,0.0,0.0
cnv_depth__IBNLCO_03442__IBNLCO_03442__gene__promoter,0.0,0.0
cnv_depth__IBNLCO_03441__IBNLCO_03441__gene,0.0,0.0
cnv_depth__IBNLCO_03440__yceI__gene__promoter,0.0,0.0
cnv_depth__IBNLCO_03441__IBNLCO_03441__gene__promoter,0.0,0.0
cnv_depth__IBNLCO_03440__yceI__gene,0.0,0.0
cnv_depth__IBNLCO_03439__IBNLCO_03439__gene,0.0,0.0
cnv_depth__IBNLCO_03439__L-threonine__CDS__promoter,0.0,0.0
cnv_depth__IBNLCO_03438__2-amino-3-ketobutyrate__CDS,0.0,0.0
cnv_depth__IBNLCO_03437__DNA-binding__CDS__promoter,0.0,0.0
cnv_depth__IBNLCO_03437__IBNLCO_03437__gene,0.0,0.0
cnv_depth__IBNLCO_03436__IBNLCO_03436__gene__promoter,0.0,0.0
cnv_depth__IBNLCO_03429__IBNLCO_03429__gene__promoter,0.0,0.0
cnv_depth__IBNLCO_03435__xerC__gene__promoter,0.0,0.0
cnv_depth__IBNLCO_03435__xerC__gene,0.0,0.0
cnv_depth__unknown__unknown__source.1,0.0,0.0
cnv_depth__IBNLCO_03434__IBNLCO_03434__gene,0.0,0.0
cnv_depth__IBNLCO_03433__IBNLCO_03433__gene__promoter,0.0,0.0
cnv_depth__IBNLCO_03433__IBNLCO_03433__gene,0.0,0.0
cnv_depth__IBNLCO_03432__IBNLCO_03432__gene__promoter,0.0,0.0
cnv_depth__IBNLCO_03432__IBNLCO_03432__gene,0.0,0.0
cnv_depth__IBNLCO_03431__IBNLCO_03431__gene__promoter,0.0,0.0
cnv_depth__IBNLCO_03431__IBNLCO_03431__gene,0.0,0.0
cnv_depth__IBNLCO_03430__IBNLCO_03430__gene__promoter,0.0,0.0
cnv_depth__IBNLCO_03430__IBNLCO_03430__gene,0.0,0.0
cnv_depth__IBNLCO_03429__IBNLCO_03429__gene,0.0,0.0
cnv_depth__IBNLCO_03436__IBNLCO_03436__gene,0.0,0.0
cnv_depth__IBNLCO_05331__mannose-1-phosphate__CDS,0.0,0.0
cnv_depth__IBNLCO_05331__mannose-1-phosphate__CDS__promoter,0.0,0.0
cnv_depth__IBNLCO_05330__UDP-glucose:undecaprenyl-phosphate__CDS__promoter,0.0,0.0
cnv_depth__IBNLCO_05330__UDP-glucose:undecaprenyl-phosphate__CDS,0.0,0.0
cnv_depth__IBNLCO_05329__UDP-glucose__CDS__promoter,0.0,0.0
cnv_depth__IBNLCO_05329__UDP-glucose__CDS,0.0,0.0
cnv_depth__IBNLCO_05328__gnl|Bakta|IBNLCO_05328__CDS__promoter,0.0,0.0
cnv_depth__IBNLCO_05327__Polysaccharide__CDS,0.0,0.0
cnv_depth__IBNLCO_05326__Lipopolysaccharide__CDS,0.0,0.0
cnv_depth__IBNLCO_05324__D-inositol-3-phosphate__CDS__promoter,0.0,0.0
cnv_depth__IBNLCO_05323__IBNLCO_05323__gene,0.0,0.0
cnv_depth__IBNLCO_05321__IBNLCO_05321__gene__promoter,0.0,0.0
cnv_depth__IBNLCO_04427__Methyl-accepting__CDS,0.0,0.0
cnv_depth__IBNLCO_05317__hypothetical__CDS,0.0,0.0
cnv_depth__IBNLCO_05317__hypothetical__CDS__promoter,0.0,0.0
cnv_depth__IBNLCO_05316__DUF2384__CDS,0.0,0.0
cnv_depth__IBNLCO_05315__IBNLCO_05315__gene,0.0,0.0
cnv_depth__IBNLCO_05313__Transmembrane__CDS__promoter,0.0,0.0
cnv_depth__IBNLCO_05313__Transmembrane__CDS,0.0,0.0
cnv_depth__IBNLCO_05311__HTH__CDS,0.0,0.0
cnv_depth__IBNLCO_05310__IBNLCO_05310__gene__promoter,0.0,0.0
cnv_depth__IBNLCO_05309__Carrier__CDS__promoter,0.0,0.0
cnv_depth__IBNLCO_05310__Tyrocidine__CDS,0.0,0.0
cnv_depth__IBNLCO_05309__Carrier__CDS,0.0,0.0
cnv_depth__IBNLCO_05308__Chlorinating__CDS__promoter,0.0,0.0
cnv_depth__IBNLCO_05319__IBNLCO_05319__gene__promoter,0.0,0.0
cnv_depth__IBNLCO_05372__CheW-like__CDS__promoter,0.0,0.0
cnv_depth__IBNLCO_05371__Chemotaxis__CDS__promoter,0.0,0.0
cnv_depth__IBNLCO_05372__CheW-like__CDS,0.0,0.0
cnv_depth__IBNLCO_05371__cheR__gene,0.0,0.0
cnv_depth__IBNLCO_05368__Protein-glutamate__CDS,0.0,0.0
cnv_depth__IBNLCO_05367__Haloacid__CDS__promoter,0.0,0.0
cnv_depth__IBNLCO_05367__IBNLCO_05367__gene,0.0,0.0
cnv_depth__IBNLCO_05365__CPBP__CDS,0.0,0.0
cnv_depth__IBNLCO_05360__Isonitrile__CDS,0.0,0.0
cnv_depth__IBNLCO_05359__ABC__CDS,0.0,0.0
cnv_depth__IBNLCO_05357__DUF3472__CDS__promoter,0.0,0.0
cnv_depth__IBNLCO_05352__Phosphoglycerate__CDS,0.0,0.0
cnv_depth__IBNLCO_05332__Insertion__CDS,0.0,0.0
cnv_depth__IBNLCO_05350__3-oxoacyl-[acyl-carrier__CDS,0.0,0.0
cnv_depth__IBNLCO_05347__IBNLCO_05347__gene__promoter,0.0,0.0
cnv_depth__IBNLCO_05345__AI-2E__CDS__promoter,0.0,0.0
cnv_depth__IBNLCO_05342__gnl|Bakta|IBNLCO_05342__CDS,0.0,0.0
cnv_depth__IBNLCO_05339__YCII-related__CDS,0.0,0.0
cnv_depth__IBNLCO_05338__Polyketide__CDS,0.0,0.0
cnv_depth__IBNLCO_05336__N-acetylmuramoyl-L-alanine__CDS__promoter,0.0,0.0
cnv_depth__IBNLCO_05336__N-acetylmuramoyl-L-alanine__CDS,0.0,0.0
cnv_depth__IBNLCO_05335__Acetylglutamate__CDS__promoter,0.0,0.0
cnv_depth__IBNLCO_05335__Acetylglutamate__CDS,0.0,0.0
cnv_depth__IBNLCO_05334__Cysteine-rich__CDS__promoter,0.0,0.0
cnv_depth__IBNLCO_05334__Cysteine-rich__CDS,0.0,0.0
cnv_depth__IBNLCO_05333__DUF3501__CDS,0.0,0.0
cnv_depth__IBNLCO_05350__3-oxoacyl-[acyl-carrier__CDS__promoter,0.0,0.0
cnv_depth__IBNLCO_05289__IBNLCO_05289__gene__promoter,0.0,0.0
cnv_depth__IBNLCO_05288__histidine__CDS__promoter,0.0,0.0
cnv_depth__IBNLCO_05280__Molybdate__CDS__promoter,0.0,0.0
cnv_depth__IBNLCO_05279__Phosphatidic__CDS__promoter,0.0,0.0
cnv_depth__IBNLCO_05278__IBNLCO_05278__gene__promoter,0.0,0.0
cnv_depth__IBNLCO_05277__IBNLCO_05277__gene,0.0,0.0
cnv_depth__IBNLCO_05276__IBNLCO_05276__gene,0.0,0.0
cnv_depth__IBNLCO_05276__IBNLCO_05276__gene__promoter,0.0,0.0
cnv_depth__IBNLCO_05275__HTH-type__CDS,0.0,0.0
cnv_depth__IBNLCO_05274__hypothetical__CDS__promoter,0.0,0.0
cnv_depth__IBNLCO_05275__HTH-type__CDS__promoter,0.0,0.0
cnv_depth__IBNLCO_05273__IBNLCO_05273__gene,0.0,0.0
cnv_depth__IBNLCO_05308__IBNLCO_05308__gene,0.0,0.0
cnv_depth__IBNLCO_05270__IBNLCO_05270__gene,0.0,0.0
cnv_depth__IBNLCO_05268__IBNLCO_05268__gene__promoter,0.0,0.0
cnv_depth__IBNLCO_05268__IBNLCO_05268__gene,0.0,0.0
cnv_depth__IBNLCO_05265__IBNLCO_05265__gene,0.0,0.0
cnv_depth__IBNLCO_05264__DNA__CDS__promoter,0.0,0.0
cnv_depth__IBNLCO_05265__IBNLCO_05265__gene__promoter,0.0,0.0
cnv_depth__IBNLCO_05264__IBNLCO_05264__gene,0.0,0.0
cnv_depth__IBNLCO_05263__Respiratory__CDS__promoter,0.0,0.0
cnv_depth__IBNLCO_05262__IBNLCO_05262__gene,0.0,0.0
cnv_depth__IBNLCO_05259__(2Fe-2S)-binding__CDS,0.0,0.0
cnv_depth__IBNLCO_05259__(2Fe-2S)-binding__CDS__promoter,0.0,0.0
cnv_depth__IBNLCO_05258__Exodeoxyribonuclease__CDS__promoter,0.0,0.0
cnv_depth__IBNLCO_05257__Octaprenyl__CDS__promoter,0.0,0.0
cnv_depth__IBNLCO_05271__hypothetical__CDS__promoter,0.0,0.0
cnv_depth__IBNLCO_05307__Linear__CDS__promoter,0.0,0.0
cnv_depth__IBNLCO_05307__Linear__CDS,0.0,0.0
cnv_depth__IBNLCO_05306__IBNLCO_05306__gene,0.0,0.0
cnv_depth__IBNLCO_05305__IBNLCO_05305__gene,0.0,0.0
cnv_depth__IBNLCO_05303__IBNLCO_05303__gene__promoter,0.0,0.0
cnv_depth__IBNLCO_05303__IBNLCO_05303__gene,0.0,0.0
cnv_depth__IBNLCO_05301__Cupin__CDS__promoter,0.0,0.0
cnv_depth__IBNLCO_05301__IBNLCO_05301__gene,0.0,0.0
cnv_depth__IBNLCO_05300__lysE__gene__promoter,0.0,0.0
cnv_depth__IBNLCO_05300__lysE__gene,0.0,0.0
cnv_depth__IBNLCO_05299__IBNLCO_05299__gene,0.0,0.0
cnv_depth__IBNLCO_05298__IBNLCO_05298__gene__promoter,0.0,0.0
cnv_depth__IBNLCO_05289__CBS__CDS,0.0,0.0
cnv_depth__IBNLCO_05298__IBNLCO_05298__gene,0.0,0.0
cnv_depth__IBNLCO_05297__araC__gene,0.0,0.0
cnv_depth__IBNLCO_05296__LysE__CDS__promoter,0.0,0.0
cnv_depth__IBNLCO_05297__AraC__CDS__promoter,0.0,0.0
cnv_depth__IBNLCO_05296__LysE__CDS,0.0,0.0
cnv_depth__IBNLCO_05295__IBNLCO_05295__gene,0.0,0.0
cnv_depth__IBNLCO_05295__IBNLCO_05295__gene__promoter,0.0,0.0
cnv_depth__IBNLCO_05294__IBNLCO_05294__gene__promoter,0.0,0.0
cnv_depth__IBNLCO_05294__IBNLCO_05294__gene,0.0,0.0
cnv_depth__IBNLCO_05293__IBNLCO_05293__gene,0.0,0.0
cnv_depth__IBNLCO_05293__Proline--tRNA__CDS__promoter,0.0,0.0
cnv_depth__IBNLCO_05291__glgB__gene,0.0,0.0
cnv_depth__IBNLCO_05290__IBNLCO_05290__gene,0.0,0.0
cnv_depth__IBNLCO_05299__IBNLCO_05299__gene__promoter,0.0,0.0
cnv_depth__IBNLCO_05484__Putative__CDS__promoter,0.0,0.0
cnv_depth__IBNLCO_05483__dmeF__gene,0.0,0.0
cnv_depth__IBNLCO_05481__IBNLCO_05481__gene,0.0,0.0
cnv_depth__IBNLCO_05480__IBNLCO_05480__gene,0.0,0.0
cnv_depth__IBNLCO_05476__IBNLCO_05476__gene__promoter,0.0,0.0
cnv_depth__IBNLCO_05475__IBNLCO_05475__gene__promoter,0.0,0.0
cnv_depth__IBNLCO_05474__gnl|Bakta|IBNLCO_05474__CDS,0.0,0.0
cnv_depth__IBNLCO_05471__IBNLCO_05471__gene__promoter,0.0,0.0
cnv_depth__IBNLCO_05470__ethA__gene__promoter,0.0,0.0
cnv_depth__IBNLCO_05466__yfcG__gene,0.0,0.0
cnv_depth__IBNLCO_05465__IBNLCO_05465__gene__promoter,0.0,0.0
cnv_depth__IBNLCO_05464__IBNLCO_05464__gene,0.0,0.0
cnv_depth__IBNLCO_05373__wspA__gene,0.0,0.0
cnv_depth__IBNLCO_05462__Beta-lactoglobulin__CDS__promoter,0.0,0.0
cnv_depth__IBNLCO_05461__Thymidine__CDS__promoter,0.0,0.0
cnv_depth__IBNLCO_05460__IBNLCO_05460__gene,0.0,0.0
cnv_depth__IBNLCO_05458__IBNLCO_05458__gene__promoter,0.0,0.0
cnv_depth__IBNLCO_05456__IBNLCO_05456__gene__promoter,0.0,0.0
cnv_depth__IBNLCO_05455__Phosphate__CDS,0.0,0.0
cnv_depth__IBNLCO_05454__IBNLCO_05454__gene,0.0,0.0
cnv_depth__IBNLCO_05451__ATP__CDS__promoter,0.0,0.0
cnv_depth__IBNLCO_05450__atpR__gene__promoter,0.0,0.0
cnv_depth__IBNLCO_05449__IBNLCO_05449__gene,0.0,0.0
cnv_depth__IBNLCO_05448__IBNLCO_05448__gene,0.0,0.0
cnv_depth__IBNLCO_05447__IBNLCO_05447__gene__promoter,0.0,0.0
cnv_depth__IBNLCO_05447__IBNLCO_05447__gene,0.0,0.0
cnv_depth__IBNLCO_05463__Deoxyribose-phosphate__CDS,0.0,0.0
cnv_depth__IBNLCO_05508__prnB__gene,0.0,0.0
cnv_depth__IBNLCO_05507__prnA__gene,0.0,0.0
cnv_depth__IBNLCO_05507__prnA__gene__promoter,0.0,0.0
cnv_depth__IBNLCO_05506__IBNLCO_05506__gene__promoter,0.0,0.0
cnv_depth__IBNLCO_05506__gnl|Bakta|IBNLCO_05506__CDS,0.0,0.0
cnv_depth__IBNLCO_05505__DUF411__CDS,0.0,0.0
cnv_depth__IBNLCO_05505__IBNLCO_05505__gene__promoter,0.0,0.0
cnv_depth__IBNLCO_05504__IBNLCO_05504__gene__promoter,0.0,0.0
cnv_depth__IBNLCO_05504__Glutamate/aspartate__CDS,0.0,0.0
cnv_depth__IBNLCO_05503__IBNLCO_05503__gene__promoter,0.0,0.0
cnv_depth__IBNLCO_05501__IBNLCO_05501__gene__promoter,0.0,0.0
cnv_depth__IBNLCO_05501__IBNLCO_05501__gene,0.0,0.0
cnv_depth__IBNLCO_05484__IBNLCO_05484__gene,0.0,0.0
cnv_depth__IBNLCO_05499__40-residue__CDS__promoter,0.0,0.0
cnv_depth__IBNLCO_05499__40-residue__CDS,0.0,0.0
cnv_depth__IBNLCO_05498__OXA-42__CDS__promoter,0.0,0.0
cnv_depth__IBNLCO_05498__OXA-42__CDS,0.0,0.0
cnv_depth__IBNLCO_05497__DUF4148__CDS,0.0,0.0
cnv_depth__IBNLCO_05497__DUF4148__CDS__promoter,0.0,0.0
cnv_depth__IBNLCO_05496__Sensor__CDS,0.0,0.0
cnv_depth__IBNLCO_05496__IBNLCO_05496__gene__promoter,0.0,0.0
cnv_depth__IBNLCO_05495__Heavy__CDS,0.0,0.0
cnv_depth__IBNLCO_05495__IBNLCO_05495__gene__promoter,0.0,0.0
cnv_depth__IBNLCO_05492__IBNLCO_05492__gene,0.0,0.0
cnv_depth__IBNLCO_05488__Calcineurin-like__CDS,0.0,0.0
cnv_depth__IBNLCO_05485__IBNLCO_05485__gene,0.0,0.0
cnv_depth__IBNLCO_05500__IBNLCO_05500__gene__promoter,0.0,0.0
cnv_depth__IBNLCO_05403__IBNLCO_05403__gene,0.0,0.0
cnv_depth__IBNLCO_05401__IBNLCO_05401__gene,0.0,0.0
cnv_depth__IBNLCO_05397__IBNLCO_05397__gene,0.0,0.0
cnv_depth__IBNLCO_05395__IBNLCO_05395__gene,0.0,0.0
cnv_depth__IBNLCO_05393__Cytochrome__CDS__promoter,0.0,0.0
cnv_depth__IBNLCO_05394__IBNLCO_05394__gene,0.0,0.0
cnv_depth__IBNLCO_05392__Muconolactone__CDS__promoter,0.0,0.0
cnv_depth__IBNLCO_05391__IBNLCO_05391__gene,0.0,0.0
cnv_depth__IBNLCO_05391__Catechol__CDS__promoter,0.0,0.0
cnv_depth__IBNLCO_05390__IBNLCO_05390__gene,0.0,0.0
cnv_depth__IBNLCO_05388__araC__gene,0.0,0.0
cnv_depth__IBNLCO_05388__AraC__CDS__promoter,0.0,0.0
cnv_depth__IBNLCO_05445__ATP__CDS__promoter,0.0,0.0
cnv_depth__IBNLCO_05387__IBNLCO_05387__gene,0.0,0.0
cnv_depth__IBNLCO_05386__Anthranilate__CDS__promoter,0.0,0.0
cnv_depth__IBNLCO_05386__IBNLCO_05386__gene,0.0,0.0
cnv_depth__IBNLCO_05385__Anthranilate__CDS__promoter,0.0,0.0
cnv_depth__IBNLCO_05384__Anthranilate__CDS__promoter,0.0,0.0
cnv_depth__IBNLCO_05384__IBNLCO_05384__gene,0.0,0.0
cnv_depth__IBNLCO_05382__Cardiolipin__CDS__promoter,0.0,0.0
cnv_depth__IBNLCO_05380__DUF445__CDS__promoter,0.0,0.0
cnv_depth__IBNLCO_05378__IBNLCO_05378__gene,0.0,0.0
cnv_depth__IBNLCO_05377__IBNLCO_05377__gene,0.0,0.0
cnv_depth__IBNLCO_05375__MaoC-like__CDS__promoter,0.0,0.0
cnv_depth__IBNLCO_05374__histidine__CDS__promoter,0.0,0.0
cnv_depth__IBNLCO_05374__IBNLCO_05374__gene,0.0,0.0
cnv_depth__IBNLCO_05387__Anthranilate__CDS__promoter,0.0,0.0
cnv_depth__IBNLCO_05444__IBNLCO_05444__gene,0.0,0.0
cnv_depth__IBNLCO_05443__IBNLCO_05443__gene__promoter,0.0,0.0
cnv_depth__IBNLCO_05441__IBNLCO_05441__gene__promoter,0.0,0.0
cnv_depth__IBNLCO_05440__IBNLCO_05440__gene__promoter,0.0,0.0
cnv_depth__IBNLCO_05436__oprM__gene,0.0,0.0
cnv_depth__IBNLCO_05436__Outer__CDS__promoter,0.0,0.0
cnv_depth__IBNLCO_05432__ABC3__CDS,0.0,0.0
cnv_depth__IBNLCO_05431__Putative__CDS__promoter,0.0,0.0
cnv_depth__IBNLCO_05427__Chemotaxis__CDS__promoter,0.0,0.0
cnv_depth__IBNLCO_05424__hypothetical__CDS,0.0,0.0
cnv_depth__IBNLCO_05423__IBNLCO_05423__gene__promoter,0.0,0.0
cnv_depth__IBNLCO_05422__STAS__CDS,0.0,0.0
cnv_depth__IBNLCO_05404__Benzoate/toluate__CDS__promoter,0.0,0.0
cnv_depth__IBNLCO_05418__IBNLCO_05418__gene__promoter,0.0,0.0
cnv_depth__IBNLCO_05417__IBNLCO_05417__gene__promoter,0.0,0.0
cnv_depth__IBNLCO_05416__Fumarate/nitrate__CDS,0.0,0.0
cnv_depth__IBNLCO_05415__Acetoacetyl-CoA__CDS,0.0,0.0
cnv_depth__IBNLCO_05413__Metal-dependent__CDS__promoter,0.0,0.0
cnv_depth__IBNLCO_05413__IBNLCO_05413__gene,0.0,0.0
cnv_depth__IBNLCO_05412__IBNLCO_05412__gene,0.0,0.0
cnv_depth__IBNLCO_05411__IBNLCO_05411__gene,0.0,0.0
cnv_depth__IBNLCO_05410__hypothetical__CDS,0.0,0.0
cnv_depth__IBNLCO_05410__hypothetical__CDS__promoter,0.0,0.0
cnv_depth__IBNLCO_05407__Carboxylesterase__CDS,0.0,0.0
cnv_depth__IBNLCO_05405__Benzoate__CDS__promoter,0.0,0.0
cnv_depth__IBNLCO_05404__IBNLCO_05404__gene,0.0,0.0
cnv_depth__IBNLCO_05419__IBNLCO_05419__gene__promoter,0.0,0.0
cnv_depth__IBNLCO_05104__hrcV__gene__promoter,0.0,0.0
cnv_depth__IBNLCO_05105__bsaZ__gene,0.0,0.0
cnv_depth__IBNLCO_05104__Hypersensitivity__CDS,0.0,0.0
cnv_depth__IBNLCO_05102__sctQ__gene__promoter,0.0,0.0
cnv_depth__IBNLCO_05101__Hypersensitivity__CDS,0.0,0.0
cnv_depth__IBNLCO_05100__IBNLCO_05100__gene__promoter,0.0,0.0
cnv_depth__IBNLCO_05100__Type__CDS,0.0,0.0
cnv_depth__IBNLCO_05098__IBNLCO_05098__gene__promoter,0.0,0.0
cnv_depth__IBNLCO_05098__Serine__CDS,0.0,0.0
cnv_depth__IBNLCO_05097__Type__CDS__promoter,0.0,0.0
cnv_depth__IBNLCO_05095__Tir__CDS,0.0,0.0
cnv_depth__IBNLCO_05094__IBNLCO_05094__gene__promoter,0.0,0.0
cnv_depth__IBNLCO_05258__Exodeoxyribonuclease__CDS,0.0,0.0
cnv_depth__IBNLCO_05093__IBNLCO_05093__gene,0.0,0.0
cnv_depth__IBNLCO_05093__IBNLCO_05093__gene__promoter,0.0,0.0
cnv_depth__IBNLCO_05092__N-acetyltransferase__CDS__promoter,0.0,0.0
cnv_depth__IBNLCO_05090__hypothetical__CDS,0.0,0.0
cnv_depth__IBNLCO_05089__IBNLCO_05089__gene__promoter,0.0,0.0
cnv_depth__IBNLCO_05087__IBNLCO_05087__gene__promoter,0.0,0.0
cnv_depth__IBNLCO_05088__Phosphate__CDS,0.0,0.0
cnv_depth__IBNLCO_05086__pilT__gene__promoter,0.0,0.0
cnv_depth__IBNLCO_05084__type__CDS__promoter,0.0,0.0
cnv_depth__IBNLCO_05085__pilL__gene,0.0,0.0
cnv_depth__IBNLCO_05083__type__CDS__promoter,0.0,0.0
cnv_depth__IBNLCO_05082__type__CDS__promoter,0.0,0.0
cnv_depth__IBNLCO_05083__pilO__gene,0.0,0.0
cnv_depth__IBNLCO_05094__HTH__CDS,0.0,0.0
cnv_depth__IBNLCO_05133__Regulator__CDS__promoter,0.0,0.0
cnv_depth__IBNLCO_05132__FIST__CDS,0.0,0.0
cnv_depth__IBNLCO_05131__IBNLCO_05131__gene,0.0,0.0
cnv_depth__IBNLCO_05130__histidine__CDS__promoter,0.0,0.0
cnv_depth__IBNLCO_05130__histidine__CDS,0.0,0.0
cnv_depth__IBNLCO_05128__High-copy__CDS,0.0,0.0
cnv_depth__IBNLCO_05127__IBNLCO_05127__gene,0.0,0.0
cnv_depth__IBNLCO_05125__LysR-family__CDS__promoter,0.0,0.0
cnv_depth__IBNLCO_05124__IBNLCO_05124__gene,0.0,0.0
cnv_depth__IBNLCO_05123__MaoC__CDS__promoter,0.0,0.0
cnv_depth__IBNLCO_05122__4-hydroxybutyrate__CDS,0.0,0.0
cnv_depth__IBNLCO_05120__Diaminobutyrate--2-oxoglutarate__CDS__promoter,0.0,0.0
cnv_depth__IBNLCO_05106__HrpB1__CDS,0.0,0.0
cnv_depth__IBNLCO_05118__Carrier__CDS__promoter,0.0,0.0
cnv_depth__IBNLCO_05117__non-ribosomal__CDS__promoter,0.0,0.0
cnv_depth__IBNLCO_05117__non-ribosomal__CDS,0.0,0.0
cnv_depth__IBNLCO_05116__IBNLCO_05116__gene,0.0,0.0
cnv_depth__IBNLCO_05115__TauD/TfdA-like__CDS__promoter,0.0,0.0
cnv_depth__IBNLCO_05115__TauD/TfdA-like__CDS,0.0,0.0
cnv_depth__IBNLCO_05114__hypothetical__CDS,0.0,0.0
cnv_depth__IBNLCO_05113__IBNLCO_05113__gene__promoter,0.0,0.0
cnv_depth__IBNLCO_05112__hrpB7__gene__promoter,0.0,0.0
cnv_depth__IBNLCO_05111__Type__CDS,0.0,0.0
cnv_depth__IBNLCO_05111__IBNLCO_05111__gene__promoter,0.0,0.0
cnv_depth__IBNLCO_05110__Type__CDS,0.0,0.0
cnv_depth__IBNLCO_05107__Serine__CDS,0.0,0.0
cnv_depth__IBNLCO_05120__IBNLCO_05120__gene,0.0,0.0
cnv_depth__IBNLCO_05052__tauC__gene__promoter,0.0,0.0
cnv_depth__IBNLCO_05050__bspI3__gene,0.0,0.0
cnv_depth__IBNLCO_05048__IBNLCO_05048__gene,0.0,0.0
cnv_depth__IBNLCO_05047__Fe2OG__CDS,0.0,0.0
cnv_depth__IBNLCO_05047__Fe2OG__CDS__promoter,0.0,0.0
cnv_depth__IBNLCO_05046__IBNLCO_05046__gene,0.0,0.0
cnv_depth__IBNLCO_05045__IBNLCO_05045__gene,0.0,0.0
cnv_depth__IBNLCO_05043__LysE__CDS,0.0,0.0
cnv_depth__IBNLCO_05042__gnl|Bakta|IBNLCO_05042__CDS__promoter,0.0,0.0
cnv_depth__IBNLCO_05042__gnl|Bakta|IBNLCO_05042__CDS,0.0,0.0
cnv_depth__IBNLCO_05041__IBNLCO_05041__gene__promoter,0.0,0.0
cnv_depth__IBNLCO_05040__Carboxypeptidase__CDS,0.0,0.0
cnv_depth__IBNLCO_05080__type__CDS__promoter,0.0,0.0
cnv_depth__IBNLCO_05036__IBNLCO_05036__gene,0.0,0.0
cnv_depth__IBNLCO_05035__Winged__CDS__promoter,0.0,0.0
cnv_depth__IBNLCO_05035__IBNLCO_05035__gene,0.0,0.0
cnv_depth__IBNLCO_05034__IBNLCO_05034__gene,0.0,0.0
cnv_depth__IBNLCO_05034__Neutral__CDS__promoter,0.0,0.0
cnv_depth__IBNLCO_05032__bprP__gene,0.0,0.0
cnv_depth__IBNLCO_05031__hypothetical__CDS,0.0,0.0
cnv_depth__IBNLCO_05030__SctL__CDS__promoter,0.0,0.0
cnv_depth__IBNLCO_05029__Type__CDS,0.0,0.0
cnv_depth__IBNLCO_05026__type__CDS__promoter,0.0,0.0
cnv_depth__IBNLCO_05025__Type__CDS,0.0,0.0
cnv_depth__IBNLCO_05025__Type__CDS__promoter,0.0,0.0
cnv_depth__IBNLCO_05024__IBNLCO_05024__gene__promoter,0.0,0.0
cnv_depth__IBNLCO_05039__L-lactate__CDS,0.0,0.0
cnv_depth__IBNLCO_05081__pilQ__gene,0.0,0.0
cnv_depth__IBNLCO_05077__type__CDS__promoter,0.0,0.0
cnv_depth__IBNLCO_05078__type__CDS,0.0,0.0
cnv_depth__IBNLCO_05076__IBNLCO_05076__gene,0.0,0.0
cnv_depth__IBNLCO_05074__hypothetical__CDS__promoter,0.0,0.0
cnv_depth__IBNLCO_05073__hypothetical__CDS,0.0,0.0
cnv_depth__IBNLCO_05070__gnl|Bakta|IBNLCO_05070__CDS,0.0,0.0
cnv_depth__IBNLCO_05069__IBNLCO_05069__gene,0.0,0.0
cnv_depth__IBNLCO_05068__Transmembrane__CDS__promoter,0.0,0.0
cnv_depth__IBNLCO_05068__Transmembrane__CDS,0.0,0.0
cnv_depth__IBNLCO_05067__hipA__gene,0.0,0.0
cnv_depth__IBNLCO_05066__hipB__gene__promoter,0.0,0.0
cnv_depth__IBNLCO_05053__Taurine__CDS,0.0,0.0
cnv_depth__IBNLCO_05064__IBNLCO_05064__gene__promoter,0.0,0.0
cnv_depth__IBNLCO_05063__IBNLCO_05063__gene__promoter,0.0,0.0
cnv_depth__IBNLCO_05062__Cellulose__CDS,0.0,0.0
cnv_depth__IBNLCO_05061__Cellulose__CDS,0.0,0.0
cnv_depth__IBNLCO_05059__Cellulose__CDS__promoter,0.0,0.0
cnv_depth__IBNLCO_05058__IBNLCO_05058__gene__promoter,0.0,0.0
cnv_depth__IBNLCO_05059__yhjQ__gene,0.0,0.0
cnv_depth__IBNLCO_05058__Cellulose__CDS,0.0,0.0
cnv_depth__IBNLCO_05057__Cellulose__CDS__promoter,0.0,0.0
cnv_depth__IBNLCO_05056__bcsR__gene,0.0,0.0
cnv_depth__IBNLCO_05055__IBNLCO_05055__gene,0.0,0.0
cnv_depth__IBNLCO_05054__Taurine__CDS__promoter,0.0,0.0
cnv_depth__IBNLCO_05053__tauB__gene__promoter,0.0,0.0
cnv_depth__IBNLCO_05065__hypothetical__CDS,0.0,0.0
cnv_depth__IBNLCO_05222__Tyrosinase__CDS,0.0,0.0
cnv_depth__IBNLCO_05221__IBNLCO_05221__gene,0.0,0.0
cnv_depth__IBNLCO_05220__IBNLCO_05220__gene,0.0,0.0
cnv_depth__IBNLCO_05218__IBNLCO_05218__gene,0.0,0.0
cnv_depth__IBNLCO_05217__IBNLCO_05217__gene__promoter,0.0,0.0
cnv_depth__IBNLCO_05217__Filamentous__CDS,0.0,0.0
cnv_depth__IBNLCO_05216__Aconitate__CDS,0.0,0.0
cnv_depth__IBNLCO_05216__Aconitate__CDS__promoter,0.0,0.0
cnv_depth__IBNLCO_05213__IBNLCO_05213__gene__promoter,0.0,0.0
cnv_depth__IBNLCO_05212__Malate__CDS,0.0,0.0
cnv_depth__IBNLCO_05212__IBNLCO_05212__gene__promoter,0.0,0.0
cnv_depth__IBNLCO_05211__IBNLCO_05211__gene__promoter,0.0,0.0
cnv_depth__IBNLCO_05134__IBNLCO_05134__gene__promoter,0.0,0.0
cnv_depth__IBNLCO_05209__IBNLCO_05209__gene__promoter,0.0,0.0
cnv_depth__IBNLCO_05209__Succinate__CDS,0.0,0.0
cnv_depth__IBNLCO_05208__IBNLCO_05208__gene__promoter,0.0,0.0
cnv_depth__IBNLCO_05208__Succinate__CDS,0.0,0.0
cnv_depth__IBNLCO_05207__Succinate__CDS,0.0,0.0
cnv_depth__IBNLCO_05206__FAD__CDS,0.0,0.0
cnv_depth__IBNLCO_05205__Citrate__CDS,0.0,0.0
cnv_depth__IBNLCO_05202__DUF1479__CDS,0.0,0.0
cnv_depth__IBNLCO_05201__Pyruvate__CDS,0.0,0.0
cnv_depth__IBNLCO_05198__IBNLCO_05198__gene__promoter,0.0,0.0
cnv_depth__IBNLCO_05197__3-isopropylmalate__CDS,0.0,0.0
cnv_depth__IBNLCO_05195__3-isopropylmalate__CDS,0.0,0.0
cnv_depth__IBNLCO_05194__IBNLCO_05194__gene__promoter,0.0,0.0
cnv_depth__IBNLCO_05210__Succinate__CDS,0.0,0.0
cnv_depth__IBNLCO_05256__IBNLCO_05256__gene__promoter,0.0,0.0
cnv_depth__IBNLCO_05255__GTP__CDS__promoter,0.0,0.0
cnv_depth__IBNLCO_05254__tRNA__CDS,0.0,0.0
cnv_depth__IBNLCO_05251__Transamidase__CDS__promoter,0.0,0.0
cnv_depth__IBNLCO_05250__DNA__CDS__promoter,0.0,0.0
cnv_depth__IBNLCO_05249__rpoD__gene,0.0,0.0
cnv_depth__IBNLCO_05248__trnI__gene__promoter,0.0,0.0
cnv_depth__IBNLCO_05248__trnI__gene,0.0,0.0
cnv_depth__IBNLCO_05246__IBNLCO_05246__gene,0.0,0.0
cnv_depth__IBNLCO_05246__Membrane__CDS__promoter,0.0,0.0
cnv_depth__IBNLCO_05245__Methyltransferase__CDS,0.0,0.0
cnv_depth__IBNLCO_05245__IBNLCO_05245__gene__promoter,0.0,0.0
cnv_depth__IBNLCO_05224__IBNLCO_05224__gene__promoter,0.0,0.0
cnv_depth__IBNLCO_05242__IBNLCO_05242__gene__promoter,0.0,0.0
cnv_depth__IBNLCO_05240__Purine__CDS,0.0,0.0
cnv_depth__IBNLCO_05238__LysM__CDS__promoter,0.0,0.0
cnv_depth__IBNLCO_05235__DUF2946__CDS,0.0,0.0
cnv_depth__IBNLCO_05233__Triacylglycerol__CDS__promoter,0.0,0.0
cnv_depth__IBNLCO_05233__IBNLCO_05233__gene,0.0,0.0
cnv_depth__IBNLCO_05230__Spermidine/putrescine__CDS__promoter,0.0,0.0
cnv_depth__IBNLCO_05230__Spermidine/putrescine__CDS,0.0,0.0
cnv_depth__IBNLCO_05229__IBNLCO_05229__gene,0.0,0.0
cnv_depth__IBNLCO_05228__potB__gene,0.0,0.0
cnv_depth__IBNLCO_05227__Inner__CDS__promoter,0.0,0.0
cnv_depth__IBNLCO_05227__ydcV__gene,0.0,0.0
cnv_depth__IBNLCO_05226__gnl|Bakta|IBNLCO_05226__CDS,0.0,0.0
cnv_depth__IBNLCO_05244__IBNLCO_05244__gene__promoter,0.0,0.0
cnv_depth__IBNLCO_05161__IBNLCO_05161__gene,0.0,0.0
cnv_depth__IBNLCO_05160__IBNLCO_05160__gene__promoter,0.0,0.0
cnv_depth__IBNLCO_05159__Luciferase-like__CDS,0.0,0.0
cnv_depth__IBNLCO_05158__moxC__gene__promoter,0.0,0.0
cnv_depth__IBNLCO_05158__moxC__gene,0.0,0.0
cnv_depth__IBNLCO_05157__IBNLCO_05157__gene,0.0,0.0
cnv_depth__IBNLCO_05156__IBNLCO_05156__gene,0.0,0.0
cnv_depth__IBNLCO_05155__DUF218__CDS__promoter,0.0,0.0
cnv_depth__IBNLCO_05153__Formate__CDS,0.0,0.0
cnv_depth__IBNLCO_05152__IBNLCO_05152__gene,0.0,0.0
cnv_depth__IBNLCO_05151__IBNLCO_05151__gene,0.0,0.0
cnv_depth__IBNLCO_05150__IBNLCO_05150__gene__promoter,0.0,0.0
cnv_depth__IBNLCO_05190__IBNLCO_05190__gene,0.0,0.0
cnv_depth__IBNLCO_05150__IBNLCO_05150__gene,0.0,0.0
cnv_depth__IBNLCO_05149__IBNLCO_05149__gene,0.0,0.0
cnv_depth__IBNLCO_05148__IBNLCO_05148__gene,0.0,0.0
cnv_depth__IBNLCO_05144__DUF1842__CDS,0.0,0.0
cnv_depth__IBNLCO_05144__IBNLCO_05144__gene__promoter,0.0,0.0
cnv_depth__IBNLCO_05142__IBNLCO_05142__gene__promoter,0.0,0.0
cnv_depth__IBNLCO_05141__IBNLCO_05141__gene__promoter,0.0,0.0
cnv_depth__IBNLCO_05140__Linalool__CDS,0.0,0.0
cnv_depth__IBNLCO_05139__IBNLCO_05139__gene__promoter,0.0,0.0
cnv_depth__IBNLCO_05137__IBNLCO_05137__gene__promoter,0.0,0.0
cnv_depth__IBNLCO_05137__IBNLCO_05137__gene,0.0,0.0
cnv_depth__IBNLCO_05136__IBNLCO_05136__gene__promoter,0.0,0.0
cnv_depth__IBNLCO_05135__IBNLCO_05135__gene,0.0,0.0
cnv_depth__IBNLCO_05149__L-seryl-tRNA(Sec)__CDS__promoter,0.0,0.0
cnv_depth__IBNLCO_05188__IBNLCO_05188__gene__promoter,0.0,0.0
cnv_depth__IBNLCO_05186__Tryptophan__CDS,0.0,0.0
cnv_depth__IBNLCO_05185__IBNLCO_05185__gene,0.0,0.0
cnv_depth__IBNLCO_05184__IBNLCO_05184__gene__promoter,0.0,0.0
cnv_depth__IBNLCO_05184__Dihydrofolate__CDS,0.0,0.0
cnv_depth__IBNLCO_05181__IBNLCO_05181__gene__promoter,0.0,0.0
cnv_depth__IBNLCO_05181__IBNLCO_05181__gene,0.0,0.0
cnv_depth__IBNLCO_05180__Bp2_287__gene__promoter,0.0,0.0
cnv_depth__IBNLCO_05178__Mannose-6-phosphate__CDS,0.0,0.0
cnv_depth__IBNLCO_05177__IBNLCO_05177__gene,0.0,0.0
cnv_depth__IBNLCO_05176__GDP-mannose__CDS__promoter,0.0,0.0
cnv_depth__IBNLCO_05175__IBNLCO_05175__gene__promoter,0.0,0.0
cnv_depth__IBNLCO_05163__IBNLCO_05163__gene__promoter,0.0,0.0
cnv_depth__IBNLCO_05172__Glycosyltransferase__CDS__promoter,0.0,0.0
cnv_depth__IBNLCO_05173__Polysaccharide__CDS,0.0,0.0
cnv_depth__IBNLCO_05172__IBNLCO_05172__gene,0.0,0.0
cnv_depth__IBNLCO_05170__Bacteriophage__CDS__promoter,0.0,0.0
cnv_depth__IBNLCO_05170__Bacteriophage__CDS,0.0,0.0
cnv_depth__IBNLCO_05169__IBNLCO_05169__gene__promoter,0.0,0.0
cnv_depth__IBNLCO_05168__IBNLCO_05168__gene__promoter,0.0,0.0
cnv_depth__IBNLCO_05167__IBNLCO_05167__gene__promoter,0.0,0.0
cnv_depth__IBNLCO_05167__IBNLCO_05167__gene,0.0,0.0
cnv_depth__IBNLCO_05165__IBNLCO_05165__gene__promoter,0.0,0.0
cnv_depth__IBNLCO_05164__gnl|Bakta|IBNLCO_05164__CDS,0.0,0.0
cnv_depth__IBNLCO_05164__IBNLCO_05164__gene__promoter,0.0,0.0
cnv_depth__IBNLCO_05163__IBNLCO_05163__gene,0.0,0.0
cnv_depth__IBNLCO_05173__Polysaccharide__CDS__promoter,0.0,0.0
cnv_depth__IBNLCO_05764__Major__CDS__promoter,0.0,0.0
cnv_depth__IBNLCO_05764__Major__CDS,0.0,0.0
cnv_depth__IBNLCO_05763__4'-phosphopantetheinyl__CDS__promoter,0.0,0.0
cnv_depth__IBNLCO_05762__Putative__CDS,0.0,0.0
cnv_depth__IBNLCO_05761__gnl|Bakta|IBNLCO_05761__CDS__promoter,0.0,0.0
cnv_depth__IBNLCO_05761__IBNLCO_05761__gene,0.0,0.0
cnv_depth__IBNLCO_05759__IBNLCO_05759__gene__promoter,0.0,0.0
cnv_depth__IBNLCO_05759__IBNLCO_05759__gene,0.0,0.0
cnv_depth__IBNLCO_05758__IBNLCO_05758__gene__promoter,0.0,0.0
cnv_depth__IBNLCO_05758__Phosphatidylserine__CDS,0.0,0.0
cnv_depth__IBNLCO_05757__BON__CDS,0.0,0.0
cnv_depth__IBNLCO_05756__Fusion__CDS__promoter,0.0,0.0
cnv_depth__IBNLCO_05509__prnC__gene__promoter,0.0,0.0
cnv_depth__IBNLCO_05754__IBNLCO_05754__gene__promoter,0.0,0.0
cnv_depth__IBNLCO_05751__Glycosyltransferase__CDS,0.0,0.0
cnv_depth__IBNLCO_05749__IBNLCO_05749__gene__promoter,0.0,0.0
cnv_depth__IBNLCO_05750__IBNLCO_05750__gene,0.0,0.0
cnv_depth__IBNLCO_05748__IBNLCO_05748__gene__promoter,0.0,0.0
cnv_depth__IBNLCO_05748__IBNLCO_05748__gene,0.0,0.0
cnv_depth__IBNLCO_05747__IBNLCO_05747__gene,0.0,0.0
cnv_depth__IBNLCO_05746__zraR__gene,0.0,0.0
cnv_depth__IBNLCO_05746__zraR__gene__promoter,0.0,0.0
cnv_depth__IBNLCO_05745__Two__CDS__promoter,0.0,0.0
cnv_depth__IBNLCO_05745__IBNLCO_05745__gene,0.0,0.0
cnv_depth__IBNLCO_05744__IBNLCO_05744__gene__promoter,0.0,0.0
cnv_depth__IBNLCO_05756__IBNLCO_05756__gene,0.0,0.0
cnv_depth__IBNLCO_05786__IBNLCO_05786__gene,0.0,0.0
cnv_depth__IBNLCO_05785__IBNLCO_05785__gene,0.0,0.0
cnv_depth__IBNLCO_05784__Sulfate__CDS,0.0,0.0
cnv_depth__IBNLCO_05784__Sulfate__CDS__promoter,0.0,0.0
cnv_depth__IBNLCO_05783__IBNLCO_05783__gene,0.0,0.0
cnv_depth__IBNLCO_05783__IBNLCO_05783__gene__promoter,0.0,0.0
cnv_depth__IBNLCO_05781__IBNLCO_05781__gene__promoter,0.0,0.0
cnv_depth__IBNLCO_05780__IBNLCO_05780__gene,0.0,0.0
cnv_depth__IBNLCO_05780__IBNLCO_05780__gene__promoter,0.0,0.0
cnv_depth__IBNLCO_05779__hypothetical__CDS,0.0,0.0
cnv_depth__IBNLCO_05778__Conjugal__CDS__promoter,0.0,0.0
cnv_depth__IBNLCO_05777__IBNLCO_05777__gene,0.0,0.0
cnv_depth__IBNLCO_05765__Flavin__CDS,0.0,0.0
cnv_depth__IBNLCO_05774__hypothetical__CDS,0.0,0.0
cnv_depth__IBNLCO_05774__IBNLCO_05774__gene__promoter,0.0,0.0
cnv_depth__IBNLCO_05773__IBNLCO_05773__gene__promoter,0.0,0.0
cnv_depth__IBNLCO_05773__Membrane__CDS,0.0,0.0
cnv_depth__IBNLCO_05772__Polyketide__CDS,0.0,0.0
cnv_depth__IBNLCO_05772__IBNLCO_05772__gene__promoter,0.0,0.0
cnv_depth__IBNLCO_05771__2-oxoisovalerate__CDS__promoter,0.0,0.0
cnv_depth__IBNLCO_05771__2-oxoisovalerate__CDS,0.0,0.0
cnv_depth__IBNLCO_05770__IBNLCO_05770__gene__promoter,0.0,0.0
cnv_depth__IBNLCO_05770__IBNLCO_05770__gene,0.0,0.0
cnv_depth__IBNLCO_05769__IBNLCO_05769__gene,0.0,0.0
cnv_depth__IBNLCO_05768__Dihydrolipoyl__CDS__promoter,0.0,0.0
cnv_depth__IBNLCO_05768__IBNLCO_05768__gene,0.0,0.0
cnv_depth__IBNLCO_05776__IBNLCO_05776__gene,0.0,0.0
cnv_depth__IBNLCO_05712__IBNLCO_05712__gene,0.0,0.0
cnv_depth__IBNLCO_05711__DUF3008__CDS__promoter,0.0,0.0
cnv_depth__IBNLCO_05711__DUF3008__CDS,0.0,0.0
cnv_depth__IBNLCO_05710__hypothetical__CDS__promoter,0.0,0.0
cnv_depth__IBNLCO_05709__DUF3022__CDS,0.0,0.0
cnv_depth__IBNLCO_05708__Catalase__CDS,0.0,0.0
cnv_depth__IBNLCO_05707__DUF421__CDS__promoter,0.0,0.0
cnv_depth__IBNLCO_05706__IBNLCO_05706__gene,0.0,0.0
cnv_depth__IBNLCO_05705__DNA__CDS__promoter,0.0,0.0
cnv_depth__IBNLCO_05705__IBNLCO_05705__gene,0.0,0.0
cnv_depth__IBNLCO_05704__Cation/H+__CDS,0.0,0.0
cnv_depth__IBNLCO_05704__Cation/H+__CDS__promoter,0.0,0.0
cnv_depth__IBNLCO_05741__UDP-glucuronate__CDS,0.0,0.0
cnv_depth__IBNLCO_05703__DUF3175__CDS__promoter,0.0,0.0
cnv_depth__IBNLCO_05702__IBNLCO_05702__gene,0.0,0.0
cnv_depth__IBNLCO_05701__IBNLCO_05701__gene__promoter,0.0,0.0
cnv_depth__IBNLCO_05701__hypothetical__CDS,0.0,0.0
cnv_depth__IBNLCO_05700__IBNLCO_05700__gene,0.0,0.0
cnv_depth__IBNLCO_05699__IBNLCO_05699__gene__promoter,0.0,0.0
cnv_depth__IBNLCO_05700__LysR-family__CDS__promoter,0.0,0.0
cnv_depth__IBNLCO_05698__IBNLCO_05698__gene__promoter,0.0,0.0
cnv_depth__IBNLCO_05699__IBNLCO_05699__gene,0.0,0.0
cnv_depth__IBNLCO_05698__IBNLCO_05698__gene,0.0,0.0
cnv_depth__IBNLCO_05696__Amino__CDS,0.0,0.0
cnv_depth__IBNLCO_05696__Amino__CDS__promoter,0.0,0.0
cnv_depth__IBNLCO_05695__IBNLCO_05695__gene,0.0,0.0
cnv_depth__IBNLCO_05703__IBNLCO_05703__gene,0.0,0.0
cnv_depth__IBNLCO_05741__IBNLCO_05741__gene__promoter,0.0,0.0
cnv_depth__IBNLCO_05739__gnl|Bakta|IBNLCO_05739__CDS,0.0,0.0
cnv_depth__IBNLCO_05738__SDR__CDS,0.0,0.0
cnv_depth__IBNLCO_05735__IBNLCO_05735__gene,0.0,0.0
cnv_depth__IBNLCO_05734__DUF4142__CDS__promoter,0.0,0.0
cnv_depth__IBNLCO_05733__IBNLCO_05733__gene,0.0,0.0
cnv_depth__IBNLCO_05731__Divalent__CDS,0.0,0.0
cnv_depth__IBNLCO_05730__IBNLCO_05730__gene__promoter,0.0,0.0
cnv_depth__IBNLCO_05729__IBNLCO_05729__gene,0.0,0.0
cnv_depth__IBNLCO_05728__IBNLCO_05728__gene__promoter,0.0,0.0
cnv_depth__IBNLCO_05729__IBNLCO_05729__gene__promoter,0.0,0.0
cnv_depth__IBNLCO_05727__PRC-barrel__CDS__promoter,0.0,0.0
cnv_depth__IBNLCO_05712__RNA__CDS__promoter,0.0,0.0
cnv_depth__IBNLCO_05724__hypothetical__CDS,0.0,0.0
cnv_depth__IBNLCO_05723__IBNLCO_05723__gene,0.0,0.0
cnv_depth__IBNLCO_05722__IBNLCO_05722__gene__promoter,0.0,0.0
cnv_depth__IBNLCO_05720__hypothetical__CDS__promoter,0.0,0.0
cnv_depth__IBNLCO_05719__IBNLCO_05719__gene,0.0,0.0
cnv_depth__IBNLCO_05718__IBNLCO_05718__gene__promoter,0.0,0.0
cnv_depth__IBNLCO_05718__IBNLCO_05718__gene,0.0,0.0
cnv_depth__IBNLCO_05717__mipA__gene,0.0,0.0
cnv_depth__IBNLCO_05716__IBNLCO_05716__gene,0.0,0.0
cnv_depth__IBNLCO_05715__IBNLCO_05715__gene__promoter,0.0,0.0
cnv_depth__IBNLCO_05715__IBNLCO_05715__gene,0.0,0.0
cnv_depth__IBNLCO_05714__IBNLCO_05714__gene,0.0,0.0
cnv_depth__IBNLCO_05714__IBNLCO_05714__gene__promoter,0.0,0.0
cnv_depth__IBNLCO_05726__CBS__CDS,0.0,0.0
cnv_depth__IBNLCO_05838__gnl|Bakta|IBNLCO_05838__CDS,0.0,0.0
cnv_depth__IBNLCO_05837__Glutamine__CDS__promoter,0.0,0.0
cnv_depth__IBNLCO_05836__IBNLCO_05836__gene__promoter,0.0,0.0
cnv_depth__IBNLCO_00004__IBNLCO_00004__gene,0.0,0.0
cnv_depth__IBNLCO_05836__Glutamate__CDS,0.0,0.0
cnv_depth__IBNLCO_05835__IBNLCO_05835__gene__promoter,0.0,0.0
cnv_depth__IBNLCO_05834__IBNLCO_05834__gene__promoter,0.0,0.0
cnv_depth__IBNLCO_05835__Peptidase__CDS,0.0,0.0
cnv_depth__IBNLCO_05834__IBNLCO_05834__gene,0.0,0.0
cnv_depth__IBNLCO_05833__4-carboxymuconolactone__CDS__promoter,0.0,0.0
cnv_depth__IBNLCO_05833__IBNLCO_05833__gene,0.0,0.0
cnv_depth__IBNLCO_05832__IBNLCO_05832__gene,0.0,0.0
cnv_depth__IBNLCO_05787__SHSP__CDS,0.0,0.0
cnv_depth__IBNLCO_05831__hpnN__gene__promoter,0.0,0.0
cnv_depth__IBNLCO_05830__IBNLCO_05830__gene__promoter,0.0,0.0
cnv_depth__IBNLCO_05830__IBNLCO_05830__gene,0.0,0.0
cnv_depth__IBNLCO_05829__3-phenylpropionate-dihydrodiol/cinnamic__CDS__promoter,0.0,0.0
cnv_depth__IBNLCO_05828__putative__CDS__promoter,0.0,0.0
cnv_depth__IBNLCO_05829__IBNLCO_05829__gene,0.0,0.0
cnv_depth__IBNLCO_05828__putative__CDS,0.0,0.0
cnv_depth__IBNLCO_05827__IBNLCO_05827__gene__promoter,0.0,0.0
cnv_depth__IBNLCO_05826__IBNLCO_05826__gene__promoter,0.0,0.0
cnv_depth__IBNLCO_05827__Cyclohexanone__CDS,0.0,0.0
cnv_depth__IBNLCO_05825__Macrolide__CDS__promoter,0.0,0.0
cnv_depth__IBNLCO_05826__Putative__CDS,0.0,0.0
cnv_depth__IBNLCO_05825__macB__gene,0.0,0.0
cnv_depth__IBNLCO_05831__Hopanoid__CDS,0.0,0.0
cnv_depth__IBNLCO_05854__IBNLCO_05854__gene__promoter,0.0,0.0
cnv_depth__IBNLCO_05854__IBNLCO_05854__gene,0.0,0.0
cnv_depth__IBNLCO_05853__IBNLCO_05853__gene,0.0,0.0
cnv_depth__IBNLCO_05853__IBNLCO_05853__gene__promoter,0.0,0.0
cnv_depth__IBNLCO_05852__Chromosome__CDS,0.0,0.0
cnv_depth__IBNLCO_05852__Chromosome__CDS__promoter,0.0,0.0
cnv_depth__IBNLCO_05851__hypothetical__CDS,0.0,0.0
cnv_depth__IBNLCO_05850__Arsenate__CDS__promoter,0.0,0.0
cnv_depth__IBNLCO_05850__Arsenate__CDS,0.0,0.0
cnv_depth__IBNLCO_05849__Putative__CDS,0.0,0.0
cnv_depth__IBNLCO_05849__Putative__CDS__promoter,0.0,0.0
cnv_depth__IBNLCO_05848__IBNLCO_05848__gene,0.0,0.0
cnv_depth__IBNLCO_05838__gnl|Bakta|IBNLCO_05838__CDS__promoter,0.0,0.0
cnv_depth__IBNLCO_05847__2-hydroxy-1%2C4-benzoquinone__CDS__promoter,0.0,0.0
cnv_depth__IBNLCO_00005__yciC__gene__promoter,0.0,0.0
cnv_depth__IBNLCO_00006__IBNLCO_00006__gene,0.0,0.0
cnv_depth__IBNLCO_05846__IBNLCO_05846__gene__promoter,0.0,0.0
cnv_depth__IBNLCO_05844__IBNLCO_05844__gene__promoter,0.0,0.0
cnv_depth__IBNLCO_05845__IBNLCO_05845__gene,0.0,0.0
cnv_depth__IBNLCO_05843__diguanylate__CDS__promoter,0.0,0.0
cnv_depth__IBNLCO_05844__IBNLCO_05844__gene,0.0,0.0
cnv_depth__IBNLCO_05843__diguanylate__CDS,0.0,0.0
cnv_depth__IBNLCO_05842__hypothetical__CDS__promoter,0.0,0.0
cnv_depth__IBNLCO_05841__Presqualene__CDS__promoter,0.0,0.0
cnv_depth__IBNLCO_05840__IBNLCO_05840__gene,0.0,0.0
cnv_depth__IBNLCO_05839__Nucleoside__CDS__promoter,0.0,0.0
cnv_depth__IBNLCO_05848__RNA__CDS__promoter,0.0,0.0
cnv_depth__IBNLCO_05802__NodB-like__CDS,0.0,0.0
cnv_depth__IBNLCO_05802__NodB-like__CDS__promoter,0.0,0.0
cnv_depth__IBNLCO_05800__IBNLCO_05800__gene,0.0,0.0
cnv_depth__IBNLCO_05800__Dmso__CDS__promoter,0.0,0.0
cnv_depth__IBNLCO_05799__IBNLCO_05799__gene,0.0,0.0
cnv_depth__IBNLCO_05799__hypothetical__CDS__promoter,0.0,0.0
cnv_depth__IBNLCO_05798__IBNLCO_05798__gene,0.0,0.0
cnv_depth__IBNLCO_05798__IBNLCO_05798__gene__promoter,0.0,0.0
cnv_depth__IBNLCO_05797__DSBA-like__CDS,0.0,0.0
cnv_depth__IBNLCO_05797__IBNLCO_05797__gene__promoter,0.0,0.0
cnv_depth__IBNLCO_05796__Alpha/beta__CDS,0.0,0.0
cnv_depth__IBNLCO_05795__Major__CDS,0.0,0.0
cnv_depth__IBNLCO_05824__IBNLCO_05824__gene__promoter,0.0,0.0
cnv_depth__IBNLCO_05794__3-keto-5-aminohexanoate__CDS,0.0,0.0
cnv_depth__IBNLCO_05794__IBNLCO_05794__gene__promoter,0.0,0.0
cnv_depth__IBNLCO_05793__IBNLCO_05793__gene,0.0,0.0
cnv_depth__IBNLCO_05793__IBNLCO_05793__gene__promoter,0.0,0.0
cnv_depth__IBNLCO_05792__IBNLCO_05792__gene,0.0,0.0
cnv_depth__IBNLCO_05792__IBNLCO_05792__gene__promoter,0.0,0.0
cnv_depth__IBNLCO_05791__UspA__CDS,0.0,0.0
cnv_depth__IBNLCO_05791__uspA__gene__promoter,0.0,0.0
cnv_depth__IBNLCO_05790__GerE__CDS,0.0,0.0
cnv_depth__IBNLCO_05789__IBNLCO_05789__gene,0.0,0.0
cnv_depth__IBNLCO_05788__IBNLCO_05788__gene__promoter,0.0,0.0
cnv_depth__IBNLCO_05788__Porin__CDS,0.0,0.0
cnv_depth__IBNLCO_05787__IBNLCO_05787__gene__promoter,0.0,0.0
cnv_depth__IBNLCO_05795__Major__CDS__promoter,0.0,0.0
cnv_depth__IBNLCO_05824__Outer__CDS,0.0,0.0
cnv_depth__IBNLCO_05823__hypothetical__CDS,0.0,0.0
cnv_depth__IBNLCO_05822__IBNLCO_05822__gene__promoter,0.0,0.0
cnv_depth__IBNLCO_05822__DUF4345__CDS,0.0,0.0
cnv_depth__IBNLCO_05820__IBNLCO_05820__gene__promoter,0.0,0.0
cnv_depth__IBNLCO_05820__Triacylglycerol__CDS,0.0,0.0
cnv_depth__IBNLCO_05819__IBNLCO_05819__gene,0.0,0.0
cnv_depth__IBNLCO_05818__TenA__CDS__promoter,0.0,0.0
cnv_depth__IBNLCO_05818__tenA__gene,0.0,0.0
cnv_depth__IBNLCO_05817__mlaC__gene__promoter,0.0,0.0
cnv_depth__IBNLCO_05816__Oxygen__CDS,0.0,0.0
cnv_depth__IBNLCO_05816__Oxygen__CDS__promoter,0.0,0.0
cnv_depth__IBNLCO_05803__IBNLCO_05803__gene,0.0,0.0
cnv_depth__IBNLCO_05815__Oxygen__CDS__promoter,0.0,0.0
cnv_depth__IBNLCO_05814__ABC__CDS__promoter,0.0,0.0
cnv_depth__IBNLCO_05814__ABC__CDS,0.0,0.0
cnv_depth__IBNLCO_05812__IBNLCO_05812__gene__promoter,0.0,0.0
cnv_depth__IBNLCO_05813__Putative__CDS,0.0,0.0
cnv_depth__IBNLCO_05809__hypothetical__CDS,0.0,0.0
cnv_depth__IBNLCO_05807__Porin__CDS__promoter,0.0,0.0
cnv_depth__IBNLCO_05807__Porin__CDS,0.0,0.0
cnv_depth__IBNLCO_05806__dsbD__gene__promoter,0.0,0.0
cnv_depth__IBNLCO_05806__Thiol:disulfide__CDS,0.0,0.0
cnv_depth__IBNLCO_05805__hypothetical__CDS,0.0,0.0
cnv_depth__IBNLCO_05805__IBNLCO_05805__gene__promoter,0.0,0.0
cnv_depth__IBNLCO_05804__peptidoglycan__CDS,0.0,0.0
cnv_depth__IBNLCO_05815__nreB__gene,0.0,0.0
cnv_depth__IBNLCO_05599__IBNLCO_05599__gene,0.0,0.0
cnv_depth__IBNLCO_05599__FHA-family__CDS__promoter,0.0,0.0
cnv_depth__IBNLCO_05598__IBNLCO_05598__gene,0.0,0.0
cnv_depth__IBNLCO_05598__IBNLCO_05598__gene__promoter,0.0,0.0
cnv_depth__IBNLCO_05597__IBNLCO_05597__gene__promoter,0.0,0.0
cnv_depth__IBNLCO_05596__tssK1__gene__promoter,0.0,0.0
cnv_depth__IBNLCO_05595__OmpA-like__CDS__promoter,0.0,0.0
cnv_depth__IBNLCO_05595__IBNLCO_05595__gene,0.0,0.0
cnv_depth__IBNLCO_05593__tagF__gene__promoter,0.0,0.0
cnv_depth__IBNLCO_05594__Type__CDS,0.0,0.0
cnv_depth__IBNLCO_05592__IBNLCO_05592__gene,0.0,0.0
cnv_depth__IBNLCO_05591__ImpA__CDS__promoter,0.0,0.0
cnv_depth__IBNLCO_05694__hypothetical__CDS__promoter,0.0,0.0
cnv_depth__IBNLCO_05590__tssB1__gene,0.0,0.0
cnv_depth__IBNLCO_05589__Type__CDS,0.0,0.0
cnv_depth__IBNLCO_05588__IBNLCO_05588__gene__promoter,0.0,0.0
cnv_depth__IBNLCO_05588__IBNLCO_05588__gene,0.0,0.0
cnv_depth__IBNLCO_05587__IraD/Gp25-like__CDS__promoter,0.0,0.0
cnv_depth__IBNLCO_05587__IBNLCO_05587__gene,0.0,0.0
cnv_depth__IBNLCO_05585__Type__CDS,0.0,0.0
cnv_depth__IBNLCO_05583__IBNLCO_05583__gene__promoter,0.0,0.0
cnv_depth__IBNLCO_05584__Chaperone__CDS,0.0,0.0
cnv_depth__IBNLCO_05583__IBNLCO_05583__gene,0.0,0.0
cnv_depth__IBNLCO_05582__DUF4123__CDS__promoter,0.0,0.0
cnv_depth__IBNLCO_05581__IBNLCO_05581__gene__promoter,0.0,0.0
cnv_depth__IBNLCO_05582__IBNLCO_05582__gene,0.0,0.0
cnv_depth__IBNLCO_05590__Type__CDS__promoter,0.0,0.0
cnv_depth__IBNLCO_05616__ureidoglycolate__CDS__promoter,0.0,0.0
cnv_depth__IBNLCO_05616__ureidoglycolate__CDS,0.0,0.0
cnv_depth__IBNLCO_05615__Alpha-hydroxy-acid__CDS,0.0,0.0
cnv_depth__IBNLCO_05615__Alpha-hydroxy-acid__CDS__promoter,0.0,0.0
cnv_depth__IBNLCO_05614__LysR__CDS,0.0,0.0
cnv_depth__IBNLCO_05614__lysR__gene__promoter,0.0,0.0
cnv_depth__IBNLCO_05613__IBNLCO_05613__gene,0.0,0.0
cnv_depth__IBNLCO_05612__cysteine__CDS,0.0,0.0
cnv_depth__IBNLCO_05612__cysteine__CDS__promoter,0.0,0.0
cnv_depth__IBNLCO_05611__IBNLCO_05611__gene,0.0,0.0
cnv_depth__IBNLCO_05611__IBNLCO_05611__gene__promoter,0.0,0.0
cnv_depth__IBNLCO_05610__gnl|Bakta|IBNLCO_05610__CDS,0.0,0.0
cnv_depth__IBNLCO_05600__DUF3857__CDS,0.0,0.0
cnv_depth__IBNLCO_05610__gnl|Bakta|IBNLCO_05610__CDS__promoter,0.0,0.0
cnv_depth__IBNLCO_05609__Rhodanese-related__CDS,0.0,0.0
cnv_depth__IBNLCO_05608__gnl|Bakta|IBNLCO_05608__CDS__promoter,0.0,0.0
cnv_depth__IBNLCO_05608__IBNLCO_05608__gene,0.0,0.0
cnv_depth__IBNLCO_05606__IBNLCO_05606__gene__promoter,0.0,0.0
cnv_depth__IBNLCO_05607__lysR__gene__promoter,0.0,0.0
cnv_depth__IBNLCO_05605__IBNLCO_05605__gene,0.0,0.0
cnv_depth__IBNLCO_05604__3-oxoacyl-[acyl-carrier-protein]__CDS__promoter,0.0,0.0
cnv_depth__IBNLCO_05604__IBNLCO_05604__gene,0.0,0.0
cnv_depth__IBNLCO_05602__Chorismate__CDS__promoter,0.0,0.0
cnv_depth__IBNLCO_05601__IBNLCO_05601__gene,0.0,0.0
cnv_depth__IBNLCO_05601__FAD-binding__CDS__promoter,0.0,0.0
cnv_depth__IBNLCO_05600__IBNLCO_05600__gene__promoter,0.0,0.0
cnv_depth__IBNLCO_05609__IBNLCO_05609__gene__promoter,0.0,0.0
cnv_depth__IBNLCO_05532__IBNLCO_05532__gene__promoter,0.0,0.0
cnv_depth__IBNLCO_05532__IBNLCO_05532__gene,0.0,0.0
cnv_depth__IBNLCO_05531__IBNLCO_05531__gene,0.0,0.0
cnv_depth__IBNLCO_05530__Chemotaxis__CDS__promoter,0.0,0.0
cnv_depth__IBNLCO_05529__IBNLCO_05529__gene,0.0,0.0
cnv_depth__IBNLCO_05528__Sphinganine-1-phosphate__CDS__promoter,0.0,0.0
cnv_depth__IBNLCO_05525__terC__gene,0.0,0.0
cnv_depth__IBNLCO_05524__nhaR__gene__promoter,0.0,0.0
cnv_depth__IBNLCO_05523__IBNLCO_05523__gene,0.0,0.0
cnv_depth__IBNLCO_05521__UDP-N-acetylglucosamine__CDS,0.0,0.0
cnv_depth__IBNLCO_05521__UDP-N-acetylglucosamine__CDS__promoter,0.0,0.0
cnv_depth__IBNLCO_05520__Inner__CDS__promoter,0.0,0.0
cnv_depth__IBNLCO_05580__hypothetical__CDS__promoter,0.0,0.0
cnv_depth__IBNLCO_05519__N-acetylglucosamine-1-phosphate__CDS,0.0,0.0
cnv_depth__IBNLCO_05518__YaiO__CDS,0.0,0.0
cnv_depth__IBNLCO_05517__Transmembrane__CDS__promoter,0.0,0.0
cnv_depth__IBNLCO_05516__Outer__CDS__promoter,0.0,0.0
cnv_depth__IBNLCO_05516__Outer__CDS,0.0,0.0
cnv_depth__IBNLCO_05514__IBNLCO_05514__gene,0.0,0.0
cnv_depth__IBNLCO_05513__IBNLCO_05513__gene,0.0,0.0
cnv_depth__IBNLCO_05513__hypothetical__CDS__promoter,0.0,0.0
cnv_depth__IBNLCO_05512__IBNLCO_05512__gene__promoter,0.0,0.0
cnv_depth__IBNLCO_05512__AB__CDS,0.0,0.0
cnv_depth__IBNLCO_05511__IBNLCO_05511__gene__promoter,0.0,0.0
cnv_depth__IBNLCO_05510__prnD__gene__promoter,0.0,0.0
cnv_depth__IBNLCO_05509__prnC__gene,0.0,0.0
cnv_depth__IBNLCO_05519__N-acetylglucosamine-1-phosphate__CDS__promoter,0.0,0.0
cnv_depth__IBNLCO_05581__IBNLCO_05581__gene,0.0,0.0
cnv_depth__IBNLCO_05580__hypothetical__CDS,0.0,0.0
cnv_depth__IBNLCO_05579__IBNLCO_05579__gene,0.0,0.0
cnv_depth__IBNLCO_05579__IBNLCO_05579__gene__promoter,0.0,0.0
cnv_depth__IBNLCO_05578__IBNLCO_05578__gene,0.0,0.0
cnv_depth__IBNLCO_05578__IBNLCO_05578__gene__promoter,0.0,0.0
cnv_depth__IBNLCO_05577__IBNLCO_05577__gene__promoter,0.0,0.0
cnv_depth__IBNLCO_05577__Ribose__CDS,0.0,0.0
cnv_depth__IBNLCO_05576__CBM6__CDS__promoter,0.0,0.0
cnv_depth__IBNLCO_05576__CBM6__CDS,0.0,0.0
cnv_depth__IBNLCO_05560__cdiI__gene__promoter,0.0,0.0
cnv_depth__IBNLCO_05559__IBNLCO_05559__gene__promoter,0.0,0.0
cnv_depth__IBNLCO_05533__IBNLCO_05533__gene,0.0,0.0
cnv_depth__IBNLCO_05551__Thioesterase__CDS__promoter,0.0,0.0
cnv_depth__IBNLCO_05547__Cyclopropane-fatty-acyl-phospholipid__CDS__promoter,0.0,0.0
cnv_depth__IBNLCO_05546__Carrier__CDS,0.0,0.0
cnv_depth__IBNLCO_05546__Carrier__CDS__promoter,0.0,0.0
cnv_depth__IBNLCO_05545__gnl|Bakta|IBNLCO_05545__CDS__promoter,0.0,0.0
cnv_depth__IBNLCO_05544__AMP-binding__CDS__promoter,0.0,0.0
cnv_depth__IBNLCO_05542__Geranyl-CoA__CDS,0.0,0.0
cnv_depth__IBNLCO_05541__IBNLCO_05541__gene__promoter,0.0,0.0
cnv_depth__IBNLCO_05540__Citronellyl-CoA__CDS,0.0,0.0
cnv_depth__IBNLCO_05537__Acyl-CoA__CDS__promoter,0.0,0.0
cnv_depth__IBNLCO_05537__Acyl-CoA__CDS,0.0,0.0
cnv_depth__IBNLCO_05536__IS5__CDS__promoter,0.0,0.0
cnv_depth__IBNLCO_05534__IBNLCO_05534__gene,0.0,0.0
cnv_depth__IBNLCO_05552__AB__CDS__promoter,0.0,0.0
cnv_depth__IBNLCO_05676__IBNLCO_05676__gene,0.0,0.0
cnv_depth__IBNLCO_05674__IBNLCO_05674__gene__promoter,0.0,0.0
cnv_depth__IBNLCO_05674__Bactoprenol__CDS,0.0,0.0
cnv_depth__IBNLCO_05673__Ubiquinone__CDS__promoter,0.0,0.0
cnv_depth__IBNLCO_05672__GtrA/DPMS__CDS,0.0,0.0
cnv_depth__IBNLCO_05671__IBNLCO_05671__gene,0.0,0.0
cnv_depth__IBNLCO_05671__IBNLCO_05671__gene__promoter,0.0,0.0
cnv_depth__IBNLCO_05670__IBNLCO_05670__gene__promoter,0.0,0.0
cnv_depth__IBNLCO_05670__VOC__CDS,0.0,0.0
cnv_depth__IBNLCO_05669__HTH__CDS,0.0,0.0
cnv_depth__IBNLCO_05668__IBNLCO_05668__gene__promoter,0.0,0.0
cnv_depth__IBNLCO_05669__IBNLCO_05669__gene__promoter,0.0,0.0
cnv_depth__IBNLCO_05617__Transcriptional__CDS__promoter,0.0,0.0
cnv_depth__IBNLCO_05667__IBNLCO_05667__gene,0.0,0.0
cnv_depth__IBNLCO_05666__IBNLCO_05666__gene__promoter,0.0,0.0
cnv_depth__IBNLCO_05666__IBNLCO_05666__gene,0.0,0.0
cnv_depth__IBNLCO_05665__IBNLCO_05665__gene__promoter,0.0,0.0
cnv_depth__IBNLCO_05665__Putative__CDS,0.0,0.0
cnv_depth__IBNLCO_05663__IBNLCO_05663__gene,0.0,0.0
cnv_depth__IBNLCO_05663__HTH__CDS__promoter,0.0,0.0
cnv_depth__IBNLCO_05661__DOPA__CDS,0.0,0.0
cnv_depth__IBNLCO_05661__IBNLCO_05661__gene__promoter,0.0,0.0
cnv_depth__IBNLCO_05660__Radical__CDS,0.0,0.0
cnv_depth__IBNLCO_05660__IBNLCO_05660__gene__promoter,0.0,0.0
cnv_depth__IBNLCO_05659__IBNLCO_05659__gene,0.0,0.0
cnv_depth__IBNLCO_05659__IBNLCO_05659__gene__promoter,0.0,0.0
cnv_depth__IBNLCO_05668__IBNLCO_05668__gene,0.0,0.0
cnv_depth__IBNLCO_05693__gnl|Bakta|IBNLCO_05693__CDS,0.0,0.0
cnv_depth__IBNLCO_05693__IBNLCO_05693__gene__promoter,0.0,0.0
cnv_depth__IBNLCO_05692__asnC__gene__promoter,0.0,0.0
cnv_depth__IBNLCO_05691__Type__CDS,0.0,0.0
cnv_depth__IBNLCO_05691__gspF__gene__promoter,0.0,0.0
cnv_depth__IBNLCO_05690__Type__CDS,0.0,0.0
cnv_depth__IBNLCO_05690__Type__CDS__promoter,0.0,0.0
cnv_depth__IBNLCO_05689__ATP-binding__CDS,0.0,0.0
cnv_depth__IBNLCO_05688__IBNLCO_05688__gene__promoter,0.0,0.0
cnv_depth__IBNLCO_05687__TadE-like__CDS,0.0,0.0
cnv_depth__IBNLCO_05687__TadE-like__CDS__promoter,0.0,0.0
cnv_depth__IBNLCO_05686__IBNLCO_05686__gene,0.0,0.0
cnv_depth__IBNLCO_05676__IBNLCO_05676__gene__promoter,0.0,0.0
cnv_depth__IBNLCO_05685__IBNLCO_05685__gene,0.0,0.0
cnv_depth__IBNLCO_05684__IBNLCO_05684__gene__promoter,0.0,0.0
cnv_depth__IBNLCO_05683__IBNLCO_05683__gene__promoter,0.0,0.0
cnv_depth__IBNLCO_05682__IBNLCO_05682__gene,0.0,0.0
cnv_depth__IBNLCO_05681__IBNLCO_05681__gene,0.0,0.0
cnv_depth__IBNLCO_05681__IBNLCO_05681__gene__promoter,0.0,0.0
cnv_depth__IBNLCO_05680__IBNLCO_05680__gene,0.0,0.0
cnv_depth__IBNLCO_05680__IBNLCO_05680__gene__promoter,0.0,0.0
cnv_depth__IBNLCO_05679__IBNLCO_05679__gene,0.0,0.0
cnv_depth__IBNLCO_05679__IBNLCO_05679__gene__promoter,0.0,0.0
cnv_depth__IBNLCO_05678__Pilus__CDS,0.0,0.0
cnv_depth__IBNLCO_05678__Pilus__CDS__promoter,0.0,0.0
cnv_depth__IBNLCO_05677__IBNLCO_05677__gene,0.0,0.0
cnv_depth__IBNLCO_05686__IBNLCO_05686__gene__promoter,0.0,0.0
cnv_depth__IBNLCO_05634__IBNLCO_05634__gene,0.0,0.0
cnv_depth__IBNLCO_05633__Solute-binding__CDS,0.0,0.0
cnv_depth__IBNLCO_05632__IBNLCO_05632__gene__promoter,0.0,0.0
cnv_depth__IBNLCO_05632__IBNLCO_05632__gene,0.0,0.0
cnv_depth__IBNLCO_05631__IBNLCO_05631__gene__promoter,0.0,0.0
cnv_depth__IBNLCO_05631__IBNLCO_05631__gene,0.0,0.0
cnv_depth__IBNLCO_05630__lktB__gene__promoter,0.0,0.0
cnv_depth__IBNLCO_05629__IBNLCO_05629__gene__promoter,0.0,0.0
cnv_depth__IBNLCO_05630__lktB__gene,0.0,0.0
cnv_depth__IBNLCO_05629__IBNLCO_05629__gene,0.0,0.0
cnv_depth__IBNLCO_05628__IBNLCO_05628__gene__promoter,0.0,0.0
cnv_depth__IBNLCO_05628__IBNLCO_05628__gene,0.0,0.0
cnv_depth__IBNLCO_05658__IBNLCO_05658__gene,0.0,0.0
cnv_depth__IBNLCO_05627__Rhodanese__CDS__promoter,0.0,0.0
cnv_depth__IBNLCO_05626__IBNLCO_05626__gene,0.0,0.0
cnv_depth__IBNLCO_05626__IBNLCO_05626__gene__promoter,0.0,0.0
cnv_depth__IBNLCO_05625__yxjC__gene,0.0,0.0
cnv_depth__IBNLCO_05624__IBNLCO_05624__gene__promoter,0.0,0.0
cnv_depth__IBNLCO_05624__IBNLCO_05624__gene,0.0,0.0
cnv_depth__IBNLCO_05623__IBNLCO_05623__gene__promoter,0.0,0.0
cnv_depth__IBNLCO_05623__BON__CDS,0.0,0.0
cnv_depth__IBNLCO_05622__IBNLCO_05622__gene,0.0,0.0
cnv_depth__IBNLCO_05621__IBNLCO_05621__gene,0.0,0.0
cnv_depth__IBNLCO_05621__IBNLCO_05621__gene__promoter,0.0,0.0
cnv_depth__IBNLCO_05620__IBNLCO_05620__gene__promoter,0.0,0.0
cnv_depth__IBNLCO_05619__H-NS__CDS,0.0,0.0
cnv_depth__IBNLCO_05627__IBNLCO_05627__gene,0.0,0.0
cnv_depth__IBNLCO_05657__IBNLCO_05657__gene,0.0,0.0
cnv_depth__IBNLCO_05655__IBNLCO_05655__gene,0.0,0.0
cnv_depth__IBNLCO_05654__Chloramphenicol-sensitive__CDS,0.0,0.0
cnv_depth__IBNLCO_05653__OpgC__CDS,0.0,0.0
cnv_depth__IBNLCO_05652__2-methylcitrate__CDS,0.0,0.0
cnv_depth__IBNLCO_05651__IBNLCO_05651__gene,0.0,0.0
cnv_depth__IBNLCO_05650__IBNLCO_05650__gene,0.0,0.0
cnv_depth__IBNLCO_05650__(3S)-malyl-CoA__CDS__promoter,0.0,0.0
cnv_depth__IBNLCO_05649__iclR__gene__promoter,0.0,0.0
cnv_depth__IBNLCO_05649__iclR__gene,0.0,0.0
cnv_depth__IBNLCO_05648__Succinyl-CoA--L-malate__CDS,0.0,0.0
cnv_depth__IBNLCO_05645__MFS__CDS__promoter,0.0,0.0
cnv_depth__IBNLCO_05634__HTH__CDS__promoter,0.0,0.0
cnv_depth__IBNLCO_05644__IBNLCO_05644__gene,0.0,0.0
cnv_depth__IBNLCO_05643__Zinc-binding__CDS__promoter,0.0,0.0
cnv_depth__IBNLCO_05643__Zinc-binding__CDS,0.0,0.0
cnv_depth__IBNLCO_05642__Succinyl-CoA--L-malate__CDS__promoter,0.0,0.0
cnv_depth__IBNLCO_05641__(3S)-malyl-CoA__CDS__promoter,0.0,0.0
cnv_depth__IBNLCO_05640__MmgE/Prp__CDS__promoter,0.0,0.0
cnv_depth__IBNLCO_05641__IBNLCO_05641__gene,0.0,0.0
cnv_depth__IBNLCO_05639__Cyclase__CDS__promoter,0.0,0.0
cnv_depth__IBNLCO_05640__IBNLCO_05640__gene,0.0,0.0
cnv_depth__IBNLCO_05638__LysR__CDS__promoter,0.0,0.0
cnv_depth__IBNLCO_05638__lysR__gene,0.0,0.0
cnv_depth__IBNLCO_05635__Amino__CDS,0.0,0.0
cnv_depth__IBNLCO_05635__IBNLCO_05635__gene__promoter,0.0,0.0
cnv_depth__IBNLCO_05645__MFS__CDS,0.0,0.0
cnv_depth__IBNLCO_04578__IBNLCO_04578__gene,0.0,0.0
cnv_depth__IBNLCO_04577__Uncharacterized__CDS,0.0,0.0
cnv_depth__IBNLCO_04577__Uncharacterized__CDS__promoter,0.0,0.0
cnv_depth__IBNLCO_04576__Glutamyl-tRNA__CDS__promoter,0.0,0.0
cnv_depth__IBNLCO_04576__Glutamyl-tRNA__CDS,0.0,0.0
cnv_depth__IBNLCO_04575__ATP-dependent__CDS__promoter,0.0,0.0
cnv_depth__IBNLCO_04575__ftsH__gene,0.0,0.0
cnv_depth__IBNLCO_04574__IBNLCO_04574__gene,0.0,0.0
cnv_depth__IBNLCO_04573__Arginine-ornithine__CDS,0.0,0.0
cnv_depth__unknown__unknown__regulatory.17,0.0,0.0
cnv_depth__IBNLCO_04572__eamA__gene__promoter,0.0,0.0
cnv_depth__IBNLCO_04572__eamA__gene,0.0,0.0
cnv_depth__IBNLCO_05024__IBNLCO_05024__gene,0.0,0.0
cnv_depth__IBNLCO_04571__IBNLCO_04571__gene__promoter,0.0,0.0
cnv_depth__IBNLCO_04570__Phosphoethanolamine__CDS,0.0,0.0
cnv_depth__IBNLCO_04568__IBNLCO_04568__gene__promoter,0.0,0.0
cnv_depth__IBNLCO_04569__IBNLCO_04569__gene,0.0,0.0
cnv_depth__IBNLCO_04568__Nucleoside__CDS,0.0,0.0
cnv_depth__IBNLCO_04567__Thymidylate__CDS__promoter,0.0,0.0
cnv_depth__IBNLCO_04567__Thymidylate__CDS,0.0,0.0
cnv_depth__IBNLCO_04566__N-demethylindolmycin__CDS__promoter,0.0,0.0
cnv_depth__IBNLCO_04566__N-demethylindolmycin__CDS,0.0,0.0
cnv_depth__IBNLCO_04565__Bifunctional__CDS__promoter,0.0,0.0
cnv_depth__IBNLCO_04565__Bifunctional__CDS,0.0,0.0
cnv_depth__IBNLCO_04564__Thiamine__CDS__promoter,0.0,0.0
cnv_depth__IBNLCO_04571__IBNLCO_04571__gene,0.0,0.0
cnv_depth__IBNLCO_04595__padR__gene,0.0,0.0
cnv_depth__IBNLCO_04594__IBNLCO_04594__gene__promoter,0.0,0.0
cnv_depth__IBNLCO_04595__padR__gene__promoter,0.0,0.0
cnv_depth__IBNLCO_04594__2%2C4-dienoyl-CoA__CDS,0.0,0.0
cnv_depth__IBNLCO_04593__SnoaL-like__CDS__promoter,0.0,0.0
cnv_depth__IBNLCO_04592__LuxR__CDS,0.0,0.0
cnv_depth__IBNLCO_04591__hypothetical__CDS,0.0,0.0
cnv_depth__IBNLCO_04591__hypothetical__CDS__promoter,0.0,0.0
cnv_depth__IBNLCO_04590__DUF2165__CDS,0.0,0.0
cnv_depth__IBNLCO_04590__DUF2165__CDS__promoter,0.0,0.0
cnv_depth__IBNLCO_04589__IBNLCO_04589__gene,0.0,0.0
cnv_depth__IBNLCO_04589__IBNLCO_04589__gene__promoter,0.0,0.0
cnv_depth__IBNLCO_04579__Efflux__CDS,0.0,0.0
cnv_depth__IBNLCO_04588__IBNLCO_04588__gene__promoter,0.0,0.0
cnv_depth__IBNLCO_04586__Riboflavin__CDS,0.0,0.0
cnv_depth__IBNLCO_04586__ribD__gene__promoter,0.0,0.0
cnv_depth__IBNLCO_04585__IBNLCO_04585__gene,0.0,0.0
cnv_depth__IBNLCO_04585__IBNLCO_04585__gene__promoter,0.0,0.0
cnv_depth__IBNLCO_04584__1%2C6-didemethyltoxoflavin__CDS,0.0,0.0
cnv_depth__IBNLCO_04584__IBNLCO_04584__gene__promoter,0.0,0.0
cnv_depth__IBNLCO_04583__Anaphase-promoting__CDS,0.0,0.0
cnv_depth__IBNLCO_04583__IBNLCO_04583__gene__promoter,0.0,0.0
cnv_depth__IBNLCO_04582__IBNLCO_04582__gene,0.0,0.0
cnv_depth__IBNLCO_04581__RND__CDS__promoter,0.0,0.0
cnv_depth__IBNLCO_04580__Putative__CDS,0.0,0.0
cnv_depth__IBNLCO_04580__IBNLCO_04580__gene__promoter,0.0,0.0
cnv_depth__IBNLCO_04588__IBNLCO_04588__gene,0.0,0.0
cnv_depth__IBNLCO_04541__Cobalt-zinc-cadmium__CDS,0.0,0.0
cnv_depth__IBNLCO_04539__heavy__CDS__promoter,0.0,0.0
cnv_depth__IBNLCO_04540__irlR__gene,0.0,0.0
cnv_depth__IBNLCO_04539__irlS__gene,0.0,0.0
cnv_depth__IBNLCO_04538__IS5__CDS__promoter,0.0,0.0
cnv_depth__IBNLCO_04537__IBNLCO_04537__gene,0.0,0.0
cnv_depth__IBNLCO_04537__IBNLCO_04537__gene__promoter,0.0,0.0
cnv_depth__IBNLCO_04536__gnl|Bakta|IBNLCO_04536__CDS,0.0,0.0
cnv_depth__IBNLCO_04535__Metabolite__CDS__promoter,0.0,0.0
cnv_depth__IBNLCO_04535__ywtG__gene,0.0,0.0
cnv_depth__IBNLCO_04534__Dibenzothiophene__CDS,0.0,0.0
cnv_depth__IBNLCO_04533__hypothetical__CDS__promoter,0.0,0.0
cnv_depth__IBNLCO_04564__Thiamine__CDS,0.0,0.0
cnv_depth__IBNLCO_04532__IBNLCO_04532__gene,0.0,0.0
cnv_depth__IBNLCO_04531__luxP__gene__promoter,0.0,0.0
cnv_depth__IBNLCO_04530__Ribose__CDS,0.0,0.0
cnv_depth__IBNLCO_04527__Ferrichrome__CDS,0.0,0.0
cnv_depth__IBNLCO_04526__Iron__CDS,0.0,0.0
cnv_depth__IBNLCO_04526__Iron__CDS__promoter,0.0,0.0
cnv_depth__IBNLCO_04525__gnl|Bakta|IBNLCO_04525__CDS,0.0,0.0
cnv_depth__IBNLCO_04525__gnl|Bakta|IBNLCO_04525__CDS__promoter,0.0,0.0
cnv_depth__IBNLCO_04524__Lipoprotein__CDS,0.0,0.0
cnv_depth__IBNLCO_04524__IBNLCO_04524__gene__promoter,0.0,0.0
cnv_depth__IBNLCO_04523__IBNLCO_04523__gene,0.0,0.0
cnv_depth__IBNLCO_04523__hypothetical__CDS__promoter,0.0,0.0
cnv_depth__IBNLCO_04522__IBNLCO_04522__gene__promoter,0.0,0.0
cnv_depth__IBNLCO_04533__IBNLCO_04533__gene,0.0,0.0
cnv_depth__IBNLCO_04563__Methyltransferase__CDS,0.0,0.0
cnv_depth__IBNLCO_04562__Carboxypeptidase__CDS,0.0,0.0
cnv_depth__IBNLCO_04561__IBNLCO_04561__gene__promoter,0.0,0.0
cnv_depth__IBNLCO_04561__Cation-translocating__CDS,0.0,0.0
cnv_depth__IBNLCO_04560__Transmembrane__CDS__promoter,0.0,0.0
cnv_depth__IBNLCO_04559__Magnesium__CDS__promoter,0.0,0.0
cnv_depth__IBNLCO_04559__IBNLCO_04559__gene,0.0,0.0
cnv_depth__IBNLCO_04558__IBNLCO_04558__gene__promoter,0.0,0.0
cnv_depth__IBNLCO_04558__Polyglutamate__CDS,0.0,0.0
cnv_depth__IBNLCO_04557__Molecular__CDS,0.0,0.0
cnv_depth__IBNLCO_04556__DnaK-related__CDS,0.0,0.0
cnv_depth__IBNLCO_04556__IBNLCO_04556__gene__promoter,0.0,0.0
cnv_depth__IBNLCO_04541__Cobalt-zinc-cadmium__CDS__promoter,0.0,0.0
cnv_depth__IBNLCO_04554__IBNLCO_04554__gene__promoter,0.0,0.0
cnv_depth__IBNLCO_04552__IBNLCO_04552__gene__promoter,0.0,0.0
cnv_depth__IBNLCO_04552__DNA-binding__CDS,0.0,0.0
cnv_depth__IBNLCO_04551__IBNLCO_04551__gene,0.0,0.0
cnv_depth__IBNLCO_04550__IBNLCO_04550__gene__promoter,0.0,0.0
cnv_depth__IBNLCO_04549__YbaK/aminoacyl-tRNA__CDS,0.0,0.0
cnv_depth__IBNLCO_04548__Adenosine__CDS__promoter,0.0,0.0
cnv_depth__IBNLCO_04546__hypothetical__CDS__promoter,0.0,0.0
cnv_depth__IBNLCO_04545__IBNLCO_04545__gene,0.0,0.0
cnv_depth__IBNLCO_04543__hypothetical__CDS__promoter,0.0,0.0
cnv_depth__IBNLCO_04543__IBNLCO_04543__gene,0.0,0.0
cnv_depth__IBNLCO_04542__Efflux__CDS__promoter,0.0,0.0
cnv_depth__IBNLCO_04542__IBNLCO_04542__gene,0.0,0.0
cnv_depth__IBNLCO_04554__IBNLCO_04554__gene,0.0,0.0
cnv_depth__IBNLCO_04654__Nonribosomal__CDS,0.0,0.0
cnv_depth__IBNLCO_04652__1-aminocyclopropane-1-carboxylate__CDS__promoter,0.0,0.0
cnv_depth__IBNLCO_04653__IBNLCO_04653__gene,0.0,0.0
cnv_depth__IBNLCO_04652__IBNLCO_04652__gene,0.0,0.0
cnv_depth__IBNLCO_04651__gnl|Bakta|IBNLCO_04651__CDS__promoter,0.0,0.0
cnv_depth__IBNLCO_04650__Fatty__CDS__promoter,0.0,0.0
cnv_depth__IBNLCO_04651__IBNLCO_04651__gene,0.0,0.0
cnv_depth__IBNLCO_04649__Phosphopantetheine__CDS__promoter,0.0,0.0
cnv_depth__IBNLCO_04650__IBNLCO_04650__gene,0.0,0.0
cnv_depth__IBNLCO_04649__IBNLCO_04649__gene,0.0,0.0
cnv_depth__IBNLCO_04644__Phosphopantetheine-containing__CDS,0.0,0.0
cnv_depth__IBNLCO_04644__IBNLCO_04644__gene__promoter,0.0,0.0
cnv_depth__IBNLCO_04596__IBNLCO_04596__gene__promoter,0.0,0.0
cnv_depth__IBNLCO_04643__Linear__CDS__promoter,0.0,0.0
cnv_depth__IBNLCO_04642__IBNLCO_04642__gene,0.0,0.0
cnv_depth__IBNLCO_04640__IBNLCO_04640__gene,0.0,0.0
cnv_depth__IBNLCO_04639__IBNLCO_04639__gene__promoter,0.0,0.0
cnv_depth__IBNLCO_04639__Serine__CDS,0.0,0.0
cnv_depth__IBNLCO_04636__IBNLCO_04636__gene,0.0,0.0
cnv_depth__IBNLCO_04635__IBNLCO_04635__gene,0.0,0.0
cnv_depth__IBNLCO_04634__jamP__gene,0.0,0.0
cnv_depth__IBNLCO_04633__IBNLCO_04633__gene,0.0,0.0
cnv_depth__IBNLCO_04631__IBNLCO_04631__gene__promoter,0.0,0.0
cnv_depth__IBNLCO_04632__IBNLCO_04632__gene,0.0,0.0
cnv_depth__IBNLCO_04631__IBNLCO_04631__gene,0.0,0.0
cnv_depth__IBNLCO_04630__IBNLCO_04630__gene,0.0,0.0
cnv_depth__IBNLCO_04643__Linear__CDS,0.0,0.0
cnv_depth__IBNLCO_04671__IBNLCO_04671__gene__promoter,0.0,0.0
cnv_depth__IBNLCO_04671__DUF2875__CDS,0.0,0.0
cnv_depth__IBNLCO_04670__PAAR__CDS,0.0,0.0
cnv_depth__IBNLCO_04667__IBNLCO_04667__gene,0.0,0.0
cnv_depth__IBNLCO_04667__PKHD-type__CDS__promoter,0.0,0.0
cnv_depth__IBNLCO_04666__hcpA__gene,0.0,0.0
cnv_depth__IBNLCO_04665__bfrD__gene,0.0,0.0
cnv_depth__IBNLCO_04664__IBNLCO_04664__gene,0.0,0.0
cnv_depth__IBNLCO_04664__IBNLCO_04664__gene__promoter,0.0,0.0
cnv_depth__IBNLCO_04663__IBNLCO_04663__gene__promoter,0.0,0.0
cnv_depth__IBNLCO_04663__Entericidin__CDS,0.0,0.0
cnv_depth__IBNLCO_04662__Cupin__CDS,0.0,0.0
cnv_depth__IBNLCO_04653__hypothetical__CDS__promoter,0.0,0.0
cnv_depth__IBNLCO_04661__Carboxymuconolactone__CDS,0.0,0.0
cnv_depth__IBNLCO_04661__Carboxymuconolactone__CDS__promoter,0.0,0.0
cnv_depth__IBNLCO_04660__gabR__gene,0.0,0.0
cnv_depth__IBNLCO_04660__gabR__gene__promoter,0.0,0.0
cnv_depth__IBNLCO_04658__Exported__CDS__promoter,0.0,0.0
cnv_depth__IBNLCO_04658__Exported__CDS,0.0,0.0
cnv_depth__IBNLCO_04657__Polyketide__CDS__promoter,0.0,0.0
cnv_depth__IBNLCO_04657__Polyketide__CDS,0.0,0.0
cnv_depth__IBNLCO_04656__TauD/TfdA-like__CDS__promoter,0.0,0.0
cnv_depth__IBNLCO_04655__Syringopeptin__CDS__promoter,0.0,0.0
cnv_depth__IBNLCO_04656__TauD/TfdA-like__CDS,0.0,0.0
cnv_depth__IBNLCO_04655__IBNLCO_04655__gene,0.0,0.0
cnv_depth__IBNLCO_04654__Nonribosomal__CDS__promoter,0.0,0.0
cnv_depth__IBNLCO_04662__IBNLCO_04662__gene__promoter,0.0,0.0
cnv_depth__IBNLCO_04613__copG__gene,0.0,0.0
cnv_depth__IBNLCO_04613__copG__gene__promoter,0.0,0.0
cnv_depth__IBNLCO_04612__PABS__CDS,0.0,0.0
cnv_depth__IBNLCO_04611__Phosphocarrier__CDS,0.0,0.0
cnv_depth__IBNLCO_04611__Phosphocarrier__CDS__promoter,0.0,0.0
cnv_depth__IBNLCO_04610__Alkyl__CDS,0.0,0.0
cnv_depth__IBNLCO_04608__Formate__CDS__promoter,0.0,0.0
cnv_depth__IBNLCO_04607__Formate__CDS__promoter,0.0,0.0
cnv_depth__IBNLCO_04608__Formate__CDS,0.0,0.0
cnv_depth__IBNLCO_04607__Formate__CDS,0.0,0.0
cnv_depth__IBNLCO_04606__Hydrogenase-4__CDS__promoter,0.0,0.0
cnv_depth__IBNLCO_04605__IBNLCO_04605__gene__promoter,0.0,0.0
cnv_depth__IBNLCO_04629__Acetyltransferase__CDS__promoter,0.0,0.0
cnv_depth__IBNLCO_04605__NADH:quinone__CDS,0.0,0.0
cnv_depth__IBNLCO_04604__IBNLCO_04604__gene__promoter,0.0,0.0
cnv_depth__IBNLCO_04603__IBNLCO_04603__gene__promoter,0.0,0.0
cnv_depth__IBNLCO_04604__hypothetical__CDS,0.0,0.0
cnv_depth__IBNLCO_04603__IBNLCO_04603__gene,0.0,0.0
cnv_depth__IBNLCO_04602__IBNLCO_04602__gene__promoter,0.0,0.0
cnv_depth__IBNLCO_04602__N-acetyltransferase__CDS,0.0,0.0
cnv_depth__IBNLCO_04601__IBNLCO_04601__gene,0.0,0.0
cnv_depth__IBNLCO_04600__IBNLCO_04600__gene,0.0,0.0
cnv_depth__IBNLCO_04599__IBNLCO_04599__gene,0.0,0.0
cnv_depth__IBNLCO_04598__IBNLCO_04598__gene,0.0,0.0
cnv_depth__IBNLCO_04598__Membrane__CDS__promoter,0.0,0.0
cnv_depth__IBNLCO_04597__IBNLCO_04597__gene__promoter,0.0,0.0
cnv_depth__IBNLCO_04606__IBNLCO_04606__gene,0.0,0.0
cnv_depth__IBNLCO_04628__IBNLCO_04628__gene__promoter,0.0,0.0
cnv_depth__IBNLCO_04629__IBNLCO_04629__gene,0.0,0.0
cnv_depth__IBNLCO_04628__IBNLCO_04628__gene,0.0,0.0
cnv_depth__IBNLCO_04627__IBNLCO_04627__gene__promoter,0.0,0.0
cnv_depth__IBNLCO_04627__Major__CDS,0.0,0.0
cnv_depth__IBNLCO_04626__IBNLCO_04626__gene__promoter,0.0,0.0
cnv_depth__IBNLCO_04625__Putative__CDS__promoter,0.0,0.0
cnv_depth__IBNLCO_04625__IBNLCO_04625__gene,0.0,0.0
cnv_depth__IBNLCO_04624__IBNLCO_04624__gene,0.0,0.0
cnv_depth__IBNLCO_04624__IBNLCO_04624__gene__promoter,0.0,0.0
cnv_depth__IBNLCO_04623__IBNLCO_04623__gene,0.0,0.0
cnv_depth__IBNLCO_04623__DNA-binding__CDS__promoter,0.0,0.0
cnv_depth__IBNLCO_04614__hypothetical__CDS__promoter,0.0,0.0
cnv_depth__IBNLCO_04621__nreB__gene,0.0,0.0
cnv_depth__IBNLCO_04621__Oxygen__CDS__promoter,0.0,0.0
cnv_depth__IBNLCO_04620__IBNLCO_04620__gene,0.0,0.0
cnv_depth__IBNLCO_04618__Nitrate__CDS__promoter,0.0,0.0
cnv_depth__IBNLCO_04619__Nitrate__CDS,0.0,0.0
cnv_depth__IBNLCO_04618__IBNLCO_04618__gene,0.0,0.0
cnv_depth__IBNLCO_04617__IBNLCO_04617__gene__promoter,0.0,0.0
cnv_depth__IBNLCO_04617__Nitrate__CDS,0.0,0.0
cnv_depth__IBNLCO_04616__peptidylprolyl__CDS__promoter,0.0,0.0
cnv_depth__IBNLCO_04616__IBNLCO_04616__gene,0.0,0.0
cnv_depth__IBNLCO_04615__IBNLCO_04615__gene__promoter,0.0,0.0
cnv_depth__IBNLCO_04615__Major__CDS,0.0,0.0
cnv_depth__IBNLCO_04614__hypothetical__CDS,0.0,0.0
cnv_depth__IBNLCO_04622__Response__CDS__promoter,0.0,0.0
cnv_depth__IBNLCO_04382__mgtC__gene,0.0,0.0
cnv_depth__IBNLCO_04381__bpsR__gene,0.0,0.0
cnv_depth__IBNLCO_04379__N-acylhomoserine__CDS__promoter,0.0,0.0
cnv_depth__IBNLCO_04378__IBNLCO_04378__gene,0.0,0.0
cnv_depth__IBNLCO_04374__IBNLCO_04374__gene__promoter,0.0,0.0
cnv_depth__IBNLCO_04373__porin__CDS__promoter,0.0,0.0
cnv_depth__IBNLCO_04358__HTH__CDS__promoter,0.0,0.0
cnv_depth__IBNLCO_04358__HTH__CDS,0.0,0.0
cnv_depth__IBNLCO_04357__IBNLCO_04357__gene,0.0,0.0
cnv_depth__IBNLCO_04356__IBNLCO_04356__gene,0.0,0.0
cnv_depth__IBNLCO_04353__HTH-type__CDS,0.0,0.0
cnv_depth__IBNLCO_04352__DUF3156__CDS,0.0,0.0
cnv_depth__IBNLCO_04521__IBNLCO_04521__gene,0.0,0.0
cnv_depth__IBNLCO_04350__L-Lysine-8-amino-7-oxononanoate__CDS,0.0,0.0
cnv_depth__IBNLCO_04349__IBNLCO_04349__gene,0.0,0.0
cnv_depth__IBNLCO_04349__IBNLCO_04349__gene__promoter,0.0,0.0
cnv_depth__IBNLCO_04347__IBNLCO_04347__gene,0.0,0.0
cnv_depth__IBNLCO_04346__IBNLCO_04346__gene__promoter,0.0,0.0
cnv_depth__IBNLCO_04345__IBNLCO_04345__gene,0.0,0.0
cnv_depth__IBNLCO_04345__IBNLCO_04345__gene__promoter,0.0,0.0
cnv_depth__IBNLCO_04344__IBNLCO_04344__gene__promoter,0.0,0.0
cnv_depth__IBNLCO_04343__IBNLCO_04343__gene,0.0,0.0
cnv_depth__IBNLCO_04342__dmlR__gene__promoter,0.0,0.0
cnv_depth__IBNLCO_04343__DSBA-like__CDS__promoter,0.0,0.0
cnv_depth__IBNLCO_04342__dmlR__gene,0.0,0.0
cnv_depth__IBNLCO_04340__hypothetical__CDS__promoter,0.0,0.0
cnv_depth__IBNLCO_04352__IBNLCO_04352__gene__promoter,0.0,0.0
cnv_depth__IBNLCO_04411__IBNLCO_04411__gene__promoter,0.0,0.0
cnv_depth__IBNLCO_04409__DUF2780__CDS,0.0,0.0
cnv_depth__IBNLCO_04407__IBNLCO_04407__gene,0.0,0.0
cnv_depth__IBNLCO_04405__Indoleacetamide__CDS,0.0,0.0
cnv_depth__IBNLCO_04403__IBNLCO_04403__gene,0.0,0.0
cnv_depth__IBNLCO_04403__IBNLCO_04403__gene__promoter,0.0,0.0
cnv_depth__IBNLCO_04402__hypothetical__CDS,0.0,0.0
cnv_depth__IBNLCO_04401__IBNLCO_04401__gene__promoter,0.0,0.0
cnv_depth__IBNLCO_04400__IBNLCO_04400__gene,0.0,0.0
cnv_depth__IBNLCO_04399__IBNLCO_04399__gene__promoter,0.0,0.0
cnv_depth__IBNLCO_04398__IBNLCO_04398__gene,0.0,0.0
cnv_depth__IBNLCO_04398__IBNLCO_04398__gene__promoter,0.0,0.0
cnv_depth__IBNLCO_04385__IBNLCO_04385__gene,0.0,0.0
cnv_depth__IBNLCO_04396__IBNLCO_04396__gene,0.0,0.0
cnv_depth__IBNLCO_04395__IBNLCO_04395__gene,0.0,0.0
cnv_depth__IBNLCO_04395__IBNLCO_04395__gene__promoter,0.0,0.0
cnv_depth__IBNLCO_04394__iclR__gene,0.0,0.0
cnv_depth__IBNLCO_04394__iclR__gene__promoter,0.0,0.0
cnv_depth__IBNLCO_04393__IBNLCO_04393__gene,0.0,0.0
cnv_depth__IBNLCO_04391__IBNLCO_04391__gene,0.0,0.0
cnv_depth__IBNLCO_04390__IBNLCO_04390__gene__promoter,0.0,0.0
cnv_depth__IBNLCO_04389__Recombinase-like__CDS,0.0,0.0
cnv_depth__IBNLCO_04388__Ferredoxin__CDS__promoter,0.0,0.0
cnv_depth__IBNLCO_04387__IBNLCO_04387__gene,0.0,0.0
cnv_depth__IBNLCO_04386__iclR__gene,0.0,0.0
cnv_depth__IBNLCO_04386__IclR__CDS__promoter,0.0,0.0
cnv_depth__IBNLCO_04397__IBNLCO_04397__gene__promoter,0.0,0.0
cnv_depth__IBNLCO_04317__UspA__CDS,0.0,0.0
cnv_depth__IBNLCO_04315__uspA__gene__promoter,0.0,0.0
cnv_depth__IBNLCO_04316__Universal__CDS,0.0,0.0
cnv_depth__IBNLCO_04315__UspA__CDS,0.0,0.0
cnv_depth__IBNLCO_04314__Universal__CDS,0.0,0.0
cnv_depth__IBNLCO_04314__Universal__CDS__promoter,0.0,0.0
cnv_depth__IBNLCO_04312__UDP-glucose__CDS,0.0,0.0
cnv_depth__IBNLCO_04312__IBNLCO_04312__gene__promoter,0.0,0.0
cnv_depth__IBNLCO_04311__DUF1488__CDS,0.0,0.0
cnv_depth__IBNLCO_04310__IBNLCO_04310__gene__promoter,0.0,0.0
cnv_depth__IBNLCO_04310__hypothetical__CDS,0.0,0.0
cnv_depth__IBNLCO_04309__IBNLCO_04309__gene__promoter,0.0,0.0
cnv_depth__IBNLCO_04339__IBNLCO_04339__gene__promoter,0.0,0.0
cnv_depth__IBNLCO_04308__hypothetical__CDS,0.0,0.0
cnv_depth__IBNLCO_04307__Monooxygenase__CDS__promoter,0.0,0.0
cnv_depth__IBNLCO_04307__IBNLCO_04307__gene,0.0,0.0
cnv_depth__IBNLCO_04306__hypothetical__CDS__promoter,0.0,0.0
cnv_depth__IBNLCO_04303__IBNLCO_04303__gene,0.0,0.0
cnv_depth__IBNLCO_04300__IBNLCO_04300__gene__promoter,0.0,0.0
cnv_depth__IBNLCO_04301__IBNLCO_04301__gene__promoter,0.0,0.0
cnv_depth__IBNLCO_04300__DOT1__CDS,0.0,0.0
cnv_depth__IBNLCO_04299__Taurine__CDS,0.0,0.0
cnv_depth__IBNLCO_04299__IBNLCO_04299__gene__promoter,0.0,0.0
cnv_depth__IBNLCO_04298__IBNLCO_04298__gene,0.0,0.0
cnv_depth__IBNLCO_04298__Glutathione__CDS__promoter,0.0,0.0
cnv_depth__IBNLCO_04297__p-aminobenzoate__CDS,0.0,0.0
cnv_depth__IBNLCO_04308__IBNLCO_04308__gene__promoter,0.0,0.0
cnv_depth__IBNLCO_04338__IBNLCO_04338__gene,0.0,0.0
cnv_depth__IBNLCO_04338__IBNLCO_04338__gene__promoter,0.0,0.0
cnv_depth__IBNLCO_04336__DNA__CDS,0.0,0.0
cnv_depth__IBNLCO_04336__DNA__CDS__promoter,0.0,0.0
cnv_depth__IBNLCO_04335__phosphodiesterase__CDS,0.0,0.0
cnv_depth__IBNLCO_04335__phosphodiesterase__CDS__promoter,0.0,0.0
cnv_depth__IBNLCO_04334__IBNLCO_04334__gene,0.0,0.0
cnv_depth__IBNLCO_04333__IBNLCO_04333__gene,0.0,0.0
cnv_depth__IBNLCO_04332__rihB__gene,0.0,0.0
cnv_depth__IBNLCO_04332__Pyrimidine-specific__CDS__promoter,0.0,0.0
cnv_depth__IBNLCO_04331__IBNLCO_04331__gene,0.0,0.0
cnv_depth__IBNLCO_04331__IBNLCO_04331__gene__promoter,0.0,0.0
cnv_depth__IBNLCO_04317__UspA__CDS__promoter,0.0,0.0
cnv_depth__IBNLCO_04330__DUF3088__CDS__promoter,0.0,0.0
cnv_depth__IBNLCO_04328__IBNLCO_04328__gene,0.0,0.0
cnv_depth__IBNLCO_04327__IBNLCO_04327__gene__promoter,0.0,0.0
cnv_depth__IBNLCO_04327__Dibenzothiophene__CDS,0.0,0.0
cnv_depth__IBNLCO_04325__IBNLCO_04325__gene__promoter,0.0,0.0
cnv_depth__IBNLCO_04323__IBNLCO_04323__gene,0.0,0.0
cnv_depth__IBNLCO_04322__gnl|Bakta|IBNLCO_04322__CDS,0.0,0.0
cnv_depth__IBNLCO_04322__IBNLCO_04322__gene__promoter,0.0,0.0
cnv_depth__IBNLCO_04321__IBNLCO_04321__gene,0.0,0.0
cnv_depth__IBNLCO_04320__IBNLCO_04320__gene,0.0,0.0
cnv_depth__IBNLCO_04319__IBNLCO_04319__gene,0.0,0.0
cnv_depth__IBNLCO_04318__Theronine__CDS,0.0,0.0
cnv_depth__IBNLCO_04318__IBNLCO_04318__gene__promoter,0.0,0.0
cnv_depth__IBNLCO_04330__IBNLCO_04330__gene,0.0,0.0
cnv_depth__IBNLCO_04501__tRNA-Cys(gca)__tRNA,0.0,0.0
cnv_depth__IBNLCO_04498__IBNLCO_04498__gene__promoter,0.0,0.0
cnv_depth__IBNLCO_04499__IBNLCO_04499__gene,0.0,0.0
cnv_depth__IBNLCO_04496__pksF__gene,0.0,0.0
cnv_depth__IBNLCO_04495__IBNLCO_04495__gene__promoter,0.0,0.0
cnv_depth__IBNLCO_04495__IBNLCO_04495__gene,0.0,0.0
cnv_depth__IBNLCO_04493__IBNLCO_04493__gene__promoter,0.0,0.0
cnv_depth__IBNLCO_04493__IBNLCO_04493__gene,0.0,0.0
cnv_depth__IBNLCO_04492__IBNLCO_04492__gene,0.0,0.0
cnv_depth__IBNLCO_04491__IBNLCO_04491__gene__promoter,0.0,0.0
cnv_depth__IBNLCO_04490__hypothetical__CDS,0.0,0.0
cnv_depth__IBNLCO_04490__hypothetical__CDS__promoter,0.0,0.0
cnv_depth__IBNLCO_04411__IBNLCO_04411__gene,0.0,0.0
cnv_depth__IBNLCO_04488__DUF1453__CDS__promoter,0.0,0.0
cnv_depth__IBNLCO_04488__DUF1453__CDS,0.0,0.0
cnv_depth__IBNLCO_04487__Major__CDS,0.0,0.0
cnv_depth__IBNLCO_04486__gnl|Bakta|IBNLCO_04486__CDS,0.0,0.0
cnv_depth__IBNLCO_04485__hypothetical__CDS,0.0,0.0
cnv_depth__IBNLCO_04485__hypothetical__CDS__promoter,0.0,0.0
cnv_depth__IBNLCO_04484__IBNLCO_04484__gene,0.0,0.0
cnv_depth__IBNLCO_04483__UDP-N-acetylglucosamine__CDS__promoter,0.0,0.0
cnv_depth__IBNLCO_04483__UDP-N-acetylglucosamine__CDS,0.0,0.0
cnv_depth__IBNLCO_04482__Histidine__CDS,0.0,0.0
cnv_depth__IBNLCO_04479__Lipid__CDS,0.0,0.0
cnv_depth__IBNLCO_04478__Porin__CDS,0.0,0.0
cnv_depth__IBNLCO_04477__DoxX__CDS,0.0,0.0
cnv_depth__IBNLCO_04489__Histidine__CDS,0.0,0.0
cnv_depth__IBNLCO_04520__IBNLCO_04520__gene,0.0,0.0
cnv_depth__IBNLCO_04520__hypothetical__CDS__promoter,0.0,0.0
cnv_depth__IBNLCO_04519__IBNLCO_04519__gene__promoter,0.0,0.0
cnv_depth__IBNLCO_04519__Helix-turn-helix__CDS,0.0,0.0
cnv_depth__IBNLCO_04518__IBNLCO_04518__gene,0.0,0.0
cnv_depth__IBNLCO_04517__IBNLCO_04517__gene,0.0,0.0
cnv_depth__IBNLCO_04516__IBNLCO_04516__gene,0.0,0.0
cnv_depth__IBNLCO_04516__IBNLCO_04516__gene__promoter,0.0,0.0
cnv_depth__IBNLCO_04515__IBNLCO_04515__gene__promoter,0.0,0.0
cnv_depth__IBNLCO_04515__Ca2+:H+__CDS,0.0,0.0
cnv_depth__IBNLCO_04513__HPP__CDS__promoter,0.0,0.0
cnv_depth__IBNLCO_04513__HPP__CDS,0.0,0.0
cnv_depth__IBNLCO_04502__IBNLCO_04502__gene__promoter,0.0,0.0
cnv_depth__IBNLCO_04512__IBNLCO_04512__gene,0.0,0.0
cnv_depth__IBNLCO_04511__IBNLCO_04511__gene__promoter,0.0,0.0
cnv_depth__IBNLCO_04511__Voltage-gated__CDS,0.0,0.0
cnv_depth__IBNLCO_04510__IBNLCO_04510__gene,0.0,0.0
cnv_depth__IBNLCO_04508__prnC__gene,0.0,0.0
cnv_depth__IBNLCO_04508__prnC__gene__promoter,0.0,0.0
cnv_depth__IBNLCO_04507__IBNLCO_04507__gene,0.0,0.0
cnv_depth__IBNLCO_04506__Polyketide__CDS,0.0,0.0
cnv_depth__IBNLCO_04506__Polyketide__CDS__promoter,0.0,0.0
cnv_depth__IBNLCO_04505__SDR__CDS,0.0,0.0
cnv_depth__IBNLCO_04504__onnB__gene,0.0,0.0
cnv_depth__IBNLCO_04503__IBNLCO_04503__gene__promoter,0.0,0.0
cnv_depth__IBNLCO_04503__Transporter__CDS,0.0,0.0
cnv_depth__IBNLCO_04512__Winged__CDS__promoter,0.0,0.0
cnv_depth__IBNLCO_04447__IBNLCO_04447__gene__promoter,0.0,0.0
cnv_depth__IBNLCO_04446__gsiA__gene__promoter,0.0,0.0
cnv_depth__IBNLCO_04447__ABC-type__CDS,0.0,0.0
cnv_depth__IBNLCO_04435__Delta(1)-pyrroline-2-carboxylate__CDS,0.0,0.0
cnv_depth__IBNLCO_04434__IBNLCO_04434__gene,0.0,0.0
cnv_depth__IBNLCO_04433__IBNLCO_04433__gene,0.0,0.0
cnv_depth__IBNLCO_04432__Voltage-gated__CDS,0.0,0.0
cnv_depth__IBNLCO_04432__Voltage-gated__CDS__promoter,0.0,0.0
cnv_depth__IBNLCO_04431__FAD__CDS,0.0,0.0
cnv_depth__IBNLCO_04431__FAD__CDS__promoter,0.0,0.0
cnv_depth__IBNLCO_04430__IBNLCO_04430__gene__promoter,0.0,0.0
cnv_depth__IBNLCO_04430__Response__CDS,0.0,0.0
cnv_depth__IBNLCO_04477__doxX__gene__promoter,0.0,0.0
cnv_depth__IBNLCO_04428__DNA__CDS,0.0,0.0
cnv_depth__IBNLCO_03089__gnl|Bakta|IBNLCO_03089__CDS,0.0,0.0
cnv_depth__IBNLCO_04424__yncA__gene__promoter,0.0,0.0
cnv_depth__IBNLCO_04424__N-acyltransferase__CDS,0.0,0.0
cnv_depth__IBNLCO_04423__IBNLCO_04423__gene__promoter,0.0,0.0
cnv_depth__IBNLCO_04423__HTH__CDS,0.0,0.0
cnv_depth__IBNLCO_04422__IBNLCO_04422__gene__promoter,0.0,0.0
cnv_depth__IBNLCO_04421__IBNLCO_04421__gene,0.0,0.0
cnv_depth__IBNLCO_04418__IBNLCO_04418__gene__promoter,0.0,0.0
cnv_depth__IBNLCO_04419__Short-chain__CDS,0.0,0.0
cnv_depth__IBNLCO_04417__Haloacetate__CDS,0.0,0.0
cnv_depth__IBNLCO_04416__Major__CDS__promoter,0.0,0.0
cnv_depth__IBNLCO_04413__IBNLCO_04413__gene,0.0,0.0
cnv_depth__IBNLCO_04429__IBNLCO_04429__gene__promoter,0.0,0.0
cnv_depth__IBNLCO_04476__Cytochrome__CDS,0.0,0.0
cnv_depth__IBNLCO_04475__IBNLCO_04475__gene__promoter,0.0,0.0
cnv_depth__IBNLCO_04474__Twin-arginine__CDS,0.0,0.0
cnv_depth__IBNLCO_04473__hypothetical__CDS,0.0,0.0
cnv_depth__IBNLCO_04472__mprA__gene__promoter,0.0,0.0
cnv_depth__IBNLCO_04472__Serine__CDS,0.0,0.0
cnv_depth__IBNLCO_04471__hypothetical__CDS__promoter,0.0,0.0
cnv_depth__IBNLCO_04471__hypothetical__CDS,0.0,0.0
cnv_depth__IBNLCO_04470__Magnesium-transporting__CDS,0.0,0.0
cnv_depth__IBNLCO_04469__IBNLCO_04469__gene,0.0,0.0
cnv_depth__IBNLCO_04468__IBNLCO_04468__gene__promoter,0.0,0.0
cnv_depth__IBNLCO_04467__IBNLCO_04467__gene,0.0,0.0
cnv_depth__IBNLCO_04451__D-alanyl-D-alanine__CDS,0.0,0.0
cnv_depth__IBNLCO_04466__IBNLCO_04466__gene,0.0,0.0
cnv_depth__IBNLCO_04465__Bestrophin-like__CDS,0.0,0.0
cnv_depth__IBNLCO_04464__IBNLCO_04464__gene__promoter,0.0,0.0
cnv_depth__IBNLCO_04463__Divalent__CDS,0.0,0.0
cnv_depth__IBNLCO_04463__mntH__gene__promoter,0.0,0.0
cnv_depth__IBNLCO_04462__oxdC__gene__promoter,0.0,0.0
cnv_depth__IBNLCO_04461__IBNLCO_04461__gene,0.0,0.0
cnv_depth__IBNLCO_04460__IBNLCO_04460__gene,0.0,0.0
cnv_depth__IBNLCO_04459__IBNLCO_04459__gene,0.0,0.0
cnv_depth__IBNLCO_04458__hypothetical__CDS,0.0,0.0
cnv_depth__IBNLCO_04457__IBNLCO_04457__gene,0.0,0.0
cnv_depth__IBNLCO_04454__IBNLCO_04454__gene,0.0,0.0
cnv_depth__IBNLCO_04453__IBNLCO_04453__gene,0.0,0.0
cnv_depth__IBNLCO_04466__IBNLCO_04466__gene__promoter,0.0,0.0
cnv_depth__IBNLCO_04908__IBNLCO_04908__gene__promoter,0.0,0.0
cnv_depth__IBNLCO_04907__Glycine__CDS__promoter,0.0,0.0
cnv_depth__IBNLCO_04908__Quaternary__CDS,0.0,0.0
cnv_depth__IBNLCO_04907__Glycine__CDS,0.0,0.0
cnv_depth__IBNLCO_04906__HTH-type__CDS,0.0,0.0
cnv_depth__IBNLCO_04905__IBNLCO_04905__gene__promoter,0.0,0.0
cnv_depth__IBNLCO_04905__Choline__CDS,0.0,0.0
cnv_depth__IBNLCO_04904__Aspartyl/asparaginy/proline__CDS__promoter,0.0,0.0
cnv_depth__IBNLCO_04903__Aspartyl/asparaginy/proline__CDS,0.0,0.0
cnv_depth__IBNLCO_04903__IBNLCO_04903__gene__promoter,0.0,0.0
cnv_depth__IBNLCO_04901__Hydroxypyruvate__CDS,0.0,0.0
cnv_depth__IBNLCO_04901__Hydroxypyruvate__CDS__promoter,0.0,0.0
cnv_depth__IBNLCO_04673__Rhs__CDS,0.0,0.0
cnv_depth__IBNLCO_04899__3-oxo-tetronate__CDS,0.0,0.0
cnv_depth__IBNLCO_04898__3-oxo-tetronate__CDS,0.0,0.0
cnv_depth__IBNLCO_04898__3-oxo-tetronate__CDS__promoter,0.0,0.0
cnv_depth__IBNLCO_04897__L-threonate__CDS,0.0,0.0
cnv_depth__IBNLCO_04897__L-threonate__CDS__promoter,0.0,0.0
cnv_depth__IBNLCO_04896__HTH__CDS,0.0,0.0
cnv_depth__IBNLCO_04895__gnl|Bakta|IBNLCO_04895__CDS__promoter,0.0,0.0
cnv_depth__IBNLCO_04885__sctQ__gene__promoter,0.0,0.0
cnv_depth__IBNLCO_04884__hypothetical__CDS,0.0,0.0
cnv_depth__IBNLCO_04882__Secretion__CDS,0.0,0.0
cnv_depth__IBNLCO_04882__Secretion__CDS__promoter,0.0,0.0
cnv_depth__IBNLCO_04881__hypothetical__CDS__promoter,0.0,0.0
cnv_depth__IBNLCO_04878__IBNLCO_04878__gene,0.0,0.0
cnv_depth__IBNLCO_04900__Sugar__CDS__promoter,0.0,0.0
cnv_depth__IBNLCO_04937__Inner__CDS,0.0,0.0
cnv_depth__IBNLCO_04935__IBNLCO_04935__gene,0.0,0.0
cnv_depth__IBNLCO_04932__IBNLCO_04932__gene,0.0,0.0
cnv_depth__IBNLCO_04932__Carboxynorspermidine/carboxyspermidine__CDS__promoter,0.0,0.0
cnv_depth__IBNLCO_04931__IBNLCO_04931__gene,0.0,0.0
cnv_depth__IBNLCO_04930__IBNLCO_04930__gene__promoter,0.0,0.0
cnv_depth__IBNLCO_04928__HTH__CDS,0.0,0.0
cnv_depth__IBNLCO_04926__Carboxyl__CDS,0.0,0.0
cnv_depth__IBNLCO_04925__Enoyl-CoA__CDS__promoter,0.0,0.0
cnv_depth__IBNLCO_04925__IBNLCO_04925__gene,0.0,0.0
cnv_depth__IBNLCO_04924__Biotin__CDS__promoter,0.0,0.0
cnv_depth__IBNLCO_04924__Biotin__CDS,0.0,0.0
cnv_depth__IBNLCO_04909__IBNLCO_04909__gene__promoter,0.0,0.0
cnv_depth__IBNLCO_04920__Tetratricopeptide__CDS,0.0,0.0
cnv_depth__IBNLCO_04920__Tetratricopeptide__CDS__promoter,0.0,0.0
cnv_depth__IBNLCO_04919__gnl|Bakta|IBNLCO_04919__CDS,0.0,0.0
cnv_depth__IBNLCO_04919__gnl|Bakta|IBNLCO_04919__CDS__promoter,0.0,0.0
cnv_depth__IBNLCO_04918__hypothetical__CDS__promoter,0.0,0.0
cnv_depth__IBNLCO_04917__IBNLCO_04917__gene,0.0,0.0
cnv_depth__IBNLCO_04916__Tash__CDS,0.0,0.0
cnv_depth__IBNLCO_04914__Arsenate__CDS,0.0,0.0
cnv_depth__IBNLCO_04914__IBNLCO_04914__gene__promoter,0.0,0.0
cnv_depth__IBNLCO_04913__VOC__CDS,0.0,0.0
cnv_depth__IBNLCO_04911__gnl|Bakta|IBNLCO_04911__CDS,0.0,0.0
cnv_depth__IBNLCO_04910__Transcriptional__CDS,0.0,0.0
cnv_depth__IBNLCO_04909__NADPH-dependent__CDS,0.0,0.0
cnv_depth__IBNLCO_04923__DUF2827__CDS__promoter,0.0,0.0
cnv_depth__IBNLCO_04845__IBNLCO_04845__gene,0.0,0.0
cnv_depth__IBNLCO_04843__IBNLCO_04843__gene__promoter,0.0,0.0
cnv_depth__IBNLCO_04844__IBNLCO_04844__gene,0.0,0.0
cnv_depth__IBNLCO_04843__IBNLCO_04843__gene,0.0,0.0
cnv_depth__IBNLCO_04840__DUF3761__CDS__promoter,0.0,0.0
cnv_depth__IBNLCO_04839__hypothetical__CDS__promoter,0.0,0.0
cnv_depth__IBNLCO_04839__IBNLCO_04839__gene,0.0,0.0
cnv_depth__IBNLCO_04838__IBNLCO_04838__gene__promoter,0.0,0.0
cnv_depth__IBNLCO_04838__IBNLCO_04838__gene,0.0,0.0
cnv_depth__IBNLCO_04837__gnl|Bakta|IBNLCO_04837__CDS__promoter,0.0,0.0
cnv_depth__IBNLCO_04837__IBNLCO_04837__gene,0.0,0.0
cnv_depth__IBNLCO_04836__IBNLCO_04836__gene,0.0,0.0
cnv_depth__IBNLCO_04873__gnl|Bakta|IBNLCO_04873__CDS__promoter,0.0,0.0
cnv_depth__IBNLCO_04834__IBNLCO_04834__gene,0.0,0.0
cnv_depth__IBNLCO_04833__IBNLCO_04833__gene,0.0,0.0
cnv_depth__IBNLCO_04832__IBNLCO_04832__gene,0.0,0.0
cnv_depth__IBNLCO_04831__IBNLCO_04831__gene__promoter,0.0,0.0
cnv_depth__IBNLCO_04830__IBNLCO_04830__gene,0.0,0.0
cnv_depth__IBNLCO_04829__IBNLCO_04829__gene,0.0,0.0
cnv_depth__IBNLCO_04829__IBNLCO_04829__gene__promoter,0.0,0.0
cnv_depth__IBNLCO_04825__IBNLCO_04825__gene__promoter,0.0,0.0
cnv_depth__IBNLCO_04826__Rhamnosyltransferase__CDS,0.0,0.0
cnv_depth__IBNLCO_04824__IBNLCO_04824__gene__promoter,0.0,0.0
cnv_depth__IBNLCO_04824__IBNLCO_04824__gene,0.0,0.0
cnv_depth__IBNLCO_04823__IBNLCO_04823__gene__promoter,0.0,0.0
cnv_depth__IBNLCO_04822__IBNLCO_04822__gene,0.0,0.0
cnv_depth__IBNLCO_04834__IBNLCO_04834__gene__promoter,0.0,0.0
cnv_depth__IBNLCO_04870__hypothetical__CDS__promoter,0.0,0.0
cnv_depth__IBNLCO_04870__hypothetical__CDS,0.0,0.0
cnv_depth__IBNLCO_04868__gnl|Bakta|IBNLCO_04868__CDS__promoter,0.0,0.0
cnv_depth__IBNLCO_04868__gnl|Bakta|IBNLCO_04868__CDS,0.0,0.0
cnv_depth__IBNLCO_04867__IBNLCO_04867__gene__promoter,0.0,0.0
cnv_depth__IBNLCO_04866__IS5__CDS__promoter,0.0,0.0
cnv_depth__IBNLCO_04865__type__CDS__promoter,0.0,0.0
cnv_depth__IBNLCO_04865__chbP__gene,0.0,0.0
cnv_depth__IBNLCO_04864__Type__CDS__promoter,0.0,0.0
cnv_depth__IBNLCO_04863__peptidylprolyl__CDS,0.0,0.0
cnv_depth__IBNLCO_04862__IBNLCO_04862__gene__promoter,0.0,0.0
cnv_depth__IBNLCO_04861__IBNLCO_04861__gene,0.0,0.0
cnv_depth__IBNLCO_04847__Sarcosine__CDS__promoter,0.0,0.0
cnv_depth__IBNLCO_04860__Cardiolipin__CDS__promoter,0.0,0.0
cnv_depth__IBNLCO_04859__IBNLCO_04859__gene,0.0,0.0
cnv_depth__IBNLCO_04859__IBNLCO_04859__gene__promoter,0.0,0.0
cnv_depth__IBNLCO_04858__mgtC__gene,0.0,0.0
cnv_depth__IBNLCO_04857__IBNLCO_04857__gene__promoter,0.0,0.0
cnv_depth__IBNLCO_04857__IBNLCO_04857__gene,0.0,0.0
cnv_depth__IBNLCO_04856__IBNLCO_04856__gene,0.0,0.0
cnv_depth__IBNLCO_04855__hypothetical__CDS,0.0,0.0
cnv_depth__IBNLCO_04854__Insertion__CDS__promoter,0.0,0.0
cnv_depth__IBNLCO_04854__IBNLCO_04854__gene,0.0,0.0
cnv_depth__IBNLCO_04853__IBNLCO_04853__gene,0.0,0.0
cnv_depth__IBNLCO_04851__IBNLCO_04851__gene,0.0,0.0
cnv_depth__IBNLCO_04849__cdhR__gene,0.0,0.0
cnv_depth__IBNLCO_04860__Cardiolipin__CDS,0.0,0.0
cnv_depth__IBNLCO_05005__bapB__gene,0.0,0.0
cnv_depth__IBNLCO_05004__bapC__gene,0.0,0.0
cnv_depth__IBNLCO_05003__type__CDS__promoter,0.0,0.0
cnv_depth__IBNLCO_05002__bopA__gene__promoter,0.0,0.0
cnv_depth__IBNLCO_05002__bopA__gene,0.0,0.0
cnv_depth__IBNLCO_05001__gnl|Bakta|IBNLCO_05001__CDS__promoter,0.0,0.0
cnv_depth__IBNLCO_05000__bprB__gene,0.0,0.0
cnv_depth__IBNLCO_04998__bprC__gene__promoter,0.0,0.0
cnv_depth__IBNLCO_04998__two-component__CDS,0.0,0.0
cnv_depth__IBNLCO_04996__GTP__CDS,0.0,0.0
cnv_depth__IBNLCO_04996__IBNLCO_04996__gene__promoter,0.0,0.0
cnv_depth__IBNLCO_04995__IBNLCO_04995__gene__promoter,0.0,0.0
cnv_depth__IBNLCO_04937__ydjE__gene__promoter,0.0,0.0
cnv_depth__IBNLCO_04993__tssL__gene,0.0,0.0
cnv_depth__IBNLCO_04993__type__CDS__promoter,0.0,0.0
cnv_depth__IBNLCO_04992__Type__CDS,0.0,0.0
cnv_depth__IBNLCO_04992__Type__CDS__promoter,0.0,0.0
cnv_depth__IBNLCO_04990__type__CDS__promoter,0.0,0.0
cnv_depth__IBNLCO_04989__IBNLCO_04989__gene,0.0,0.0
cnv_depth__IBNLCO_04989__type__CDS__promoter,0.0,0.0
cnv_depth__IBNLCO_04988__IBNLCO_04988__gene,0.0,0.0
cnv_depth__IBNLCO_04987__tssF__gene,0.0,0.0
cnv_depth__IBNLCO_04986__vgrG5__gene,0.0,0.0
cnv_depth__IBNLCO_04985__tssH-5__gene,0.0,0.0
cnv_depth__IBNLCO_04984__tssG__gene__promoter,0.0,0.0
cnv_depth__IBNLCO_04983__Type__CDS,0.0,0.0
cnv_depth__IBNLCO_04994__tssM-5__gene,0.0,0.0
cnv_depth__IBNLCO_05023__SctC__CDS__promoter,0.0,0.0
cnv_depth__IBNLCO_05023__bsaO__gene,0.0,0.0
cnv_depth__IBNLCO_05022__bsaP__gene,0.0,0.0
cnv_depth__IBNLCO_05021__bsaQ__gene__promoter,0.0,0.0
cnv_depth__IBNLCO_05021__SctV__CDS,0.0,0.0
cnv_depth__IBNLCO_05020__bsaR__gene__promoter,0.0,0.0
cnv_depth__IBNLCO_05019__bsaS__gene__promoter,0.0,0.0
cnv_depth__IBNLCO_05020__type__CDS,0.0,0.0
cnv_depth__IBNLCO_05018__bsaT__gene__promoter,0.0,0.0
cnv_depth__IBNLCO_05019__SctN__CDS,0.0,0.0
cnv_depth__IBNLCO_05017__BsaU__CDS__promoter,0.0,0.0
cnv_depth__IBNLCO_05016__bsaV__gene__promoter,0.0,0.0
cnv_depth__IBNLCO_05004__bapC__gene__promoter,0.0,0.0
cnv_depth__IBNLCO_05013__SctT__CDS,0.0,0.0
cnv_depth__IBNLCO_05012__SctU__CDS__promoter,0.0,0.0
cnv_depth__IBNLCO_05011__bicA__gene__promoter,0.0,0.0
cnv_depth__IBNLCO_05011__bicA__gene,0.0,0.0
cnv_depth__IBNLCO_05010__bipB__gene__promoter,0.0,0.0
cnv_depth__IBNLCO_05010__bipB__gene,0.0,0.0
cnv_depth__IBNLCO_05009__IpaC/SipC__CDS,0.0,0.0
cnv_depth__IBNLCO_05008__HNS-like__CDS__promoter,0.0,0.0
cnv_depth__IBNLCO_05008__HNS-like__CDS,0.0,0.0
cnv_depth__IBNLCO_05007__SctA__CDS__promoter,0.0,0.0
cnv_depth__IBNLCO_05006__bapA__gene__promoter,0.0,0.0
cnv_depth__IBNLCO_05005__bapB__gene__promoter,0.0,0.0
cnv_depth__IBNLCO_05006__type__CDS,0.0,0.0
cnv_depth__IBNLCO_05016__SctQ__CDS,0.0,0.0
cnv_depth__IBNLCO_04953__IBNLCO_04953__gene,0.0,0.0
cnv_depth__IBNLCO_04952__hypothetical__CDS,0.0,0.0
cnv_depth__IBNLCO_04950__IBNLCO_04950__gene,0.0,0.0
cnv_depth__IBNLCO_04949__gnl|Bakta|IBNLCO_04949__CDS,0.0,0.0
cnv_depth__IBNLCO_04949__IBNLCO_04949__gene__promoter,0.0,0.0
cnv_depth__IBNLCO_04948__Glycine__CDS,0.0,0.0
cnv_depth__IBNLCO_04947__IBNLCO_04947__gene__promoter,0.0,0.0
cnv_depth__IBNLCO_04948__IBNLCO_04948__gene__promoter,0.0,0.0
cnv_depth__IBNLCO_04947__IBNLCO_04947__gene,0.0,0.0
cnv_depth__IBNLCO_04946__Aminotransferase__CDS__promoter,0.0,0.0
cnv_depth__IBNLCO_04946__IBNLCO_04946__gene,0.0,0.0
cnv_depth__IBNLCO_04945__aldehyde__CDS__promoter,0.0,0.0
cnv_depth__IBNLCO_04982__Type__CDS,0.0,0.0
cnv_depth__IBNLCO_04944__IBNLCO_04944__gene,0.0,0.0
cnv_depth__IBNLCO_04944__FAD:protein__CDS__promoter,0.0,0.0
cnv_depth__IBNLCO_04943__NADPH--hemoprotein__CDS,0.0,0.0
cnv_depth__IBNLCO_04943__NADPH--hemoprotein__CDS__promoter,0.0,0.0
cnv_depth__IBNLCO_04942__IBNLCO_04942__gene,0.0,0.0
cnv_depth__IBNLCO_04942__Tat__CDS__promoter,0.0,0.0
cnv_depth__IBNLCO_04941__PepSY__CDS,0.0,0.0
cnv_depth__IBNLCO_04940__IBNLCO_04940__gene__promoter,0.0,0.0
cnv_depth__IBNLCO_04940__Two__CDS,0.0,0.0
cnv_depth__IBNLCO_04939__histidine__CDS__promoter,0.0,0.0
cnv_depth__IBNLCO_04939__IBNLCO_04939__gene,0.0,0.0
cnv_depth__IBNLCO_04938__Putative__CDS__promoter,0.0,0.0
cnv_depth__IBNLCO_04938__Putative__CDS,0.0,0.0
cnv_depth__IBNLCO_04945__aldehyde__CDS,0.0,0.0
cnv_depth__IBNLCO_04981__type__CDS,0.0,0.0
cnv_depth__IBNLCO_04980__Type__CDS__promoter,0.0,0.0
cnv_depth__IBNLCO_04977__response__CDS__promoter,0.0,0.0
cnv_depth__IBNLCO_04978__sensor__CDS,0.0,0.0
cnv_depth__IBNLCO_04977__response__CDS,0.0,0.0
cnv_depth__IBNLCO_04976__Type__CDS,0.0,0.0
cnv_depth__IBNLCO_04975__IBNLCO_04975__gene,0.0,0.0
cnv_depth__IBNLCO_04973__IBNLCO_04973__gene,0.0,0.0
cnv_depth__IBNLCO_04973__Autotransporter__CDS__promoter,0.0,0.0
cnv_depth__IBNLCO_04970__IBNLCO_04970__gene,0.0,0.0
cnv_depth__IBNLCO_04969__IBNLCO_04969__gene,0.0,0.0
cnv_depth__IBNLCO_04968__Copper-containing__CDS,0.0,0.0
cnv_depth__IBNLCO_04953__IBNLCO_04953__gene__promoter,0.0,0.0
cnv_depth__IBNLCO_04968__Copper-containing__CDS__promoter,0.0,0.0
cnv_depth__IBNLCO_04967__IBNLCO_04967__gene,0.0,0.0
cnv_depth__IBNLCO_04966__ncS54__gene__promoter,0.0,0.0
cnv_depth__IBNLCO_04965__Polyketide__CDS,0.0,0.0
cnv_depth__IBNLCO_04965__IBNLCO_04965__gene__promoter,0.0,0.0
cnv_depth__IBNLCO_04962__hypothetical__CDS__promoter,0.0,0.0
cnv_depth__IBNLCO_04960__EamA__CDS__promoter,0.0,0.0
cnv_depth__IBNLCO_04959__gnl|Bakta|IBNLCO_04959__CDS,0.0,0.0
cnv_depth__IBNLCO_04958__gnl|Bakta|IBNLCO_04958__CDS,0.0,0.0
cnv_depth__IBNLCO_04957__D-mannonate__CDS,0.0,0.0
cnv_depth__IBNLCO_04956__HTH__CDS,0.0,0.0
cnv_depth__IBNLCO_04956__IBNLCO_04956__gene__promoter,0.0,0.0
cnv_depth__IBNLCO_04955__uxuB__gene,0.0,0.0
cnv_depth__IBNLCO_04967__IBNLCO_04967__gene__promoter,0.0,0.0
cnv_depth__IBNLCO_04727__IBNLCO_04727__gene,0.0,0.0
cnv_depth__IBNLCO_04726__IBNLCO_04726__gene,0.0,0.0
cnv_depth__IBNLCO_04726__IBNLCO_04726__gene__promoter,0.0,0.0
cnv_depth__IBNLCO_04725__IBNLCO_04725__gene__promoter,0.0,0.0
cnv_depth__IBNLCO_04725__IBNLCO_04725__gene,0.0,0.0
cnv_depth__IBNLCO_04724__gnl|Bakta|IBNLCO_04724__CDS,0.0,0.0
cnv_depth__IBNLCO_04724__IBNLCO_04724__gene__promoter,0.0,0.0
cnv_depth__IBNLCO_04723__IBNLCO_04723__gene__promoter,0.0,0.0
cnv_depth__IBNLCO_04723__hypothetical__CDS,0.0,0.0
cnv_depth__IBNLCO_04722__yqhD__gene__promoter,0.0,0.0
cnv_depth__IBNLCO_04722__NADP-dependent__CDS,0.0,0.0
cnv_depth__IBNLCO_04721__NADPH-dependent__CDS,0.0,0.0
cnv_depth__IBNLCO_04821__Prolyl__CDS,0.0,0.0
cnv_depth__IBNLCO_04719__IBNLCO_04719__gene__promoter,0.0,0.0
cnv_depth__IBNLCO_04719__IBNLCO_04719__gene,0.0,0.0
cnv_depth__IBNLCO_04718__IBNLCO_04718__gene,0.0,0.0
cnv_depth__IBNLCO_04717__IBNLCO_04717__gene__promoter,0.0,0.0
cnv_depth__IBNLCO_04718__IBNLCO_04718__gene__promoter,0.0,0.0
cnv_depth__IBNLCO_04717__IBNLCO_04717__gene,0.0,0.0
cnv_depth__IBNLCO_04716__hypothetical__CDS__promoter,0.0,0.0
cnv_depth__IBNLCO_04716__hypothetical__CDS,0.0,0.0
cnv_depth__IBNLCO_04714__Major__CDS,0.0,0.0
cnv_depth__IBNLCO_04713__IBNLCO_04713__gene__promoter,0.0,0.0
cnv_depth__IBNLCO_04713__N-carbamoyl-L-amino-acid__CDS,0.0,0.0
cnv_depth__IBNLCO_04712__IBNLCO_04712__gene,0.0,0.0
cnv_depth__IBNLCO_04711__gnl|Bakta|IBNLCO_04711__CDS,0.0,0.0
cnv_depth__IBNLCO_04720__IBNLCO_04720__gene,0.0,0.0
cnv_depth__IBNLCO_04744__Putrescine__CDS,0.0,0.0
cnv_depth__IBNLCO_04743__IBNLCO_04743__gene__promoter,0.0,0.0
cnv_depth__IBNLCO_04743__hypothetical__CDS,0.0,0.0
cnv_depth__IBNLCO_04742__hypothetical__CDS,0.0,0.0
cnv_depth__IBNLCO_04742__IBNLCO_04742__gene__promoter,0.0,0.0
cnv_depth__IBNLCO_04741__YigZ__CDS,0.0,0.0
cnv_depth__IBNLCO_04740__IBNLCO_04740__gene__promoter,0.0,0.0
cnv_depth__IBNLCO_04741__yigZ__gene__promoter,0.0,0.0
cnv_depth__IBNLCO_04740__hypothetical__CDS,0.0,0.0
cnv_depth__IBNLCO_04739__IBNLCO_04739__gene,0.0,0.0
cnv_depth__IBNLCO_04737__IBNLCO_04737__gene__promoter,0.0,0.0
cnv_depth__IBNLCO_04738__IBNLCO_04738__gene,0.0,0.0
cnv_depth__IBNLCO_04729__IBNLCO_04729__gene__promoter,0.0,0.0
cnv_depth__IBNLCO_04737__Alkylation__CDS,0.0,0.0
cnv_depth__IBNLCO_04735__Phosphopantetheine__CDS__promoter,0.0,0.0
cnv_depth__IBNLCO_04736__IBNLCO_04736__gene,0.0,0.0
cnv_depth__IBNLCO_04735__IBNLCO_04735__gene,0.0,0.0
cnv_depth__IBNLCO_04734__IBNLCO_04734__gene__promoter,0.0,0.0
cnv_depth__IBNLCO_04734__IBNLCO_04734__gene,0.0,0.0
cnv_depth__IBNLCO_04733__IBNLCO_04733__gene__promoter,0.0,0.0
cnv_depth__IBNLCO_04733__IBNLCO_04733__gene,0.0,0.0
cnv_depth__IBNLCO_04732__IBNLCO_04732__gene,0.0,0.0
cnv_depth__IBNLCO_04731__hypothetical__CDS,0.0,0.0
cnv_depth__IBNLCO_04730__IBNLCO_04730__gene__promoter,0.0,0.0
cnv_depth__IBNLCO_04730__IBNLCO_04730__gene,0.0,0.0
cnv_depth__IBNLCO_04729__IBNLCO_04729__gene,0.0,0.0
cnv_depth__IBNLCO_04736__Acyl-CoA__CDS__promoter,0.0,0.0
cnv_depth__IBNLCO_04691__IBNLCO_04691__gene__promoter,0.0,0.0
cnv_depth__IBNLCO_04691__IBNLCO_04691__gene,0.0,0.0
cnv_depth__IBNLCO_04690__MFS__CDS__promoter,0.0,0.0
cnv_depth__IBNLCO_04689__IBNLCO_04689__gene,0.0,0.0
cnv_depth__IBNLCO_04689__IBNLCO_04689__gene__promoter,0.0,0.0
cnv_depth__IBNLCO_04688__corA__gene,0.0,0.0
cnv_depth__IBNLCO_04687__IBNLCO_04687__gene__promoter,0.0,0.0
cnv_depth__IBNLCO_04687__IBNLCO_04687__gene,0.0,0.0
cnv_depth__IBNLCO_04686__hypothetical__CDS,0.0,0.0
cnv_depth__IBNLCO_04686__IBNLCO_04686__gene__promoter,0.0,0.0
cnv_depth__IBNLCO_04685__IBNLCO_04685__gene,0.0,0.0
cnv_depth__IBNLCO_04685__Transmembrane__CDS__promoter,0.0,0.0
cnv_depth__IBNLCO_04710__hypothetical__CDS__promoter,0.0,0.0
cnv_depth__IBNLCO_04684__Cytochrome__CDS__promoter,0.0,0.0
cnv_depth__IBNLCO_04683__IBNLCO_04683__gene,0.0,0.0
cnv_depth__IBNLCO_04682__RCK__CDS__promoter,0.0,0.0
cnv_depth__IBNLCO_04682__IBNLCO_04682__gene,0.0,0.0
cnv_depth__IBNLCO_04681__SDR__CDS,0.0,0.0
cnv_depth__IBNLCO_04681__SDR__CDS__promoter,0.0,0.0
cnv_depth__IBNLCO_04680__L-arabinose-binding__CDS__promoter,0.0,0.0
cnv_depth__IBNLCO_04678__Chemotaxis__CDS,0.0,0.0
cnv_depth__IBNLCO_04678__IBNLCO_04678__gene__promoter,0.0,0.0
cnv_depth__IBNLCO_04677__IBNLCO_04677__gene__promoter,0.0,0.0
cnv_depth__IBNLCO_04677__IBNLCO_04677__gene,0.0,0.0
cnv_depth__IBNLCO_04676__hypothetical__CDS,0.0,0.0
cnv_depth__IBNLCO_04676__hypothetical__CDS__promoter,0.0,0.0
cnv_depth__IBNLCO_04684__Cytochrome__CDS,0.0,0.0
cnv_depth__IBNLCO_04709__GTP__CDS,0.0,0.0
cnv_depth__IBNLCO_04708__Nitrate__CDS,0.0,0.0
cnv_depth__IBNLCO_04708__Nitrate__CDS__promoter,0.0,0.0
cnv_depth__IBNLCO_04707__Histidine__CDS,0.0,0.0
cnv_depth__IBNLCO_04707__Histidine__CDS__promoter,0.0,0.0
cnv_depth__IBNLCO_04706__uroporphyrinogen-III__CDS,0.0,0.0
cnv_depth__IBNLCO_04706__uroporphyrinogen-III__CDS__promoter,0.0,0.0
cnv_depth__IBNLCO_04705__Nitrate/nitrite__CDS__promoter,0.0,0.0
cnv_depth__IBNLCO_04705__Nitrate/nitrite__CDS,0.0,0.0
cnv_depth__IBNLCO_04704__assimilatory__CDS__promoter,0.0,0.0
cnv_depth__IBNLCO_04704__IBNLCO_04704__gene,0.0,0.0
cnv_depth__IBNLCO_04703__IBNLCO_04703__gene,0.0,0.0
cnv_depth__IBNLCO_04692__IBNLCO_04692__gene__promoter,0.0,0.0
cnv_depth__IBNLCO_04701__hypothetical__CDS__promoter,0.0,0.0
cnv_depth__IBNLCO_04702__IBNLCO_04702__gene,0.0,0.0
cnv_depth__IBNLCO_04700__ftsI__gene,0.0,0.0
cnv_depth__IBNLCO_04700__ftsI__gene__promoter,0.0,0.0
cnv_depth__IBNLCO_04699__IBNLCO_04699__gene,0.0,0.0
cnv_depth__IBNLCO_04699__Family__CDS__promoter,0.0,0.0
cnv_depth__IBNLCO_04698__Xylulose__CDS,0.0,0.0
cnv_depth__IBNLCO_04697__hypothetical__CDS,0.0,0.0
cnv_depth__IBNLCO_04697__IBNLCO_04697__gene__promoter,0.0,0.0
cnv_depth__IBNLCO_04696__ugpC__gene,0.0,0.0
cnv_depth__IBNLCO_04695__D-xylulose__CDS,0.0,0.0
cnv_depth__IBNLCO_04694__IBNLCO_04694__gene,0.0,0.0
cnv_depth__IBNLCO_04692__IBNLCO_04692__gene,0.0,0.0
cnv_depth__IBNLCO_04702__IBNLCO_04702__gene__promoter,0.0,0.0
cnv_depth__IBNLCO_04798__IBNLCO_04798__gene,0.0,0.0
cnv_depth__IBNLCO_04797__1-aminocyclopropane-1-carboxylate__CDS__promoter,0.0,0.0
cnv_depth__IBNLCO_04797__IBNLCO_04797__gene,0.0,0.0
cnv_depth__IBNLCO_04796__IBNLCO_04796__gene__promoter,0.0,0.0
cnv_depth__IBNLCO_04796__IBNLCO_04796__gene,0.0,0.0
cnv_depth__IBNLCO_04795__IBNLCO_04795__gene,0.0,0.0
cnv_depth__IBNLCO_04795__Putative__CDS__promoter,0.0,0.0
cnv_depth__IBNLCO_04794__IBNLCO_04794__gene,0.0,0.0
cnv_depth__IBNLCO_04793__IBNLCO_04793__gene__promoter,0.0,0.0
cnv_depth__IBNLCO_04793__Iron-containing__CDS,0.0,0.0
cnv_depth__IBNLCO_04792__IBNLCO_04792__gene__promoter,0.0,0.0
cnv_depth__IBNLCO_04791__IBNLCO_04791__gene__promoter,0.0,0.0
cnv_depth__IBNLCO_04745__IBNLCO_04745__gene__promoter,0.0,0.0
cnv_depth__IBNLCO_04790__Alanine--tRNA__CDS__promoter,0.0,0.0
cnv_depth__IBNLCO_04790__IBNLCO_04790__gene,0.0,0.0
cnv_depth__IBNLCO_04789__eamA__gene,0.0,0.0
cnv_depth__IBNLCO_04788__IBNLCO_04788__gene__promoter,0.0,0.0
cnv_depth__IBNLCO_04788__IBNLCO_04788__gene,0.0,0.0
cnv_depth__IBNLCO_04787__IBNLCO_04787__gene__promoter,0.0,0.0
cnv_depth__IBNLCO_04787__IBNLCO_04787__gene,0.0,0.0
cnv_depth__IBNLCO_04786__IBNLCO_04786__gene,0.0,0.0
cnv_depth__IBNLCO_04786__IBNLCO_04786__gene__promoter,0.0,0.0
cnv_depth__IBNLCO_04785__Phosphoesterase__CDS,0.0,0.0
cnv_depth__IBNLCO_04785__IBNLCO_04785__gene__promoter,0.0,0.0
cnv_depth__IBNLCO_04783__estB__gene__promoter,0.0,0.0
cnv_depth__IBNLCO_04783__estB__gene,0.0,0.0
cnv_depth__IBNLCO_04791__D-lactate__CDS,0.0,0.0
cnv_depth__IBNLCO_04821__IBNLCO_04821__gene__promoter,0.0,0.0
cnv_depth__IBNLCO_04820__hypothetical__CDS,0.0,0.0
cnv_depth__IBNLCO_04819__IBNLCO_04819__gene,0.0,0.0
cnv_depth__IBNLCO_04817__srpI__gene,0.0,0.0
cnv_depth__IBNLCO_04816__Cysteine__CDS__promoter,0.0,0.0
cnv_depth__IBNLCO_04816__IBNLCO_04816__gene,0.0,0.0
cnv_depth__IBNLCO_04813__hypothetical__CDS__promoter,0.0,0.0
cnv_depth__IBNLCO_04814__hypothetical__CDS__promoter,0.0,0.0
cnv_depth__IBNLCO_04812__gnl|Bakta|IBNLCO_04812__CDS,0.0,0.0
cnv_depth__IBNLCO_04811__IBNLCO_04811__gene__promoter,0.0,0.0
cnv_depth__IBNLCO_04811__YeeE/YedE__CDS,0.0,0.0
cnv_depth__IBNLCO_04810__IBNLCO_04810__gene__promoter,0.0,0.0
cnv_depth__IBNLCO_04799__hypothetical__CDS__promoter,0.0,0.0
cnv_depth__IBNLCO_04808__gnl|Bakta|IBNLCO_04808__CDS__promoter,0.0,0.0
cnv_depth__IBNLCO_04807__IBNLCO_04807__gene,0.0,0.0
cnv_depth__IBNLCO_04806__IBNLCO_04806__gene,0.0,0.0
cnv_depth__IBNLCO_04806__IBNLCO_04806__gene__promoter,0.0,0.0
cnv_depth__IBNLCO_04805__IBNLCO_04805__gene,0.0,0.0
cnv_depth__IBNLCO_04804__IBNLCO_04804__gene,0.0,0.0
cnv_depth__IBNLCO_04804__IBNLCO_04804__gene__promoter,0.0,0.0
cnv_depth__IBNLCO_04803__IBNLCO_04803__gene,0.0,0.0
cnv_depth__IBNLCO_04803__Amidohydrolase-related__CDS__promoter,0.0,0.0
cnv_depth__IBNLCO_04802__IBNLCO_04802__gene,0.0,0.0
cnv_depth__IBNLCO_04802__Major__CDS__promoter,0.0,0.0
cnv_depth__IBNLCO_04801__HTH__CDS,0.0,0.0
cnv_depth__IBNLCO_04800__IBNLCO_04800__gene,0.0,0.0
cnv_depth__IBNLCO_04808__IBNLCO_04808__gene,0.0,0.0
cnv_depth__IBNLCO_04763__YCII-related__CDS,0.0,0.0
cnv_depth__IBNLCO_04762__IBNLCO_04762__gene,0.0,0.0
cnv_depth__IBNLCO_04762__IBNLCO_04762__gene__promoter,0.0,0.0
cnv_depth__IBNLCO_04761__IBNLCO_04761__gene,0.0,0.0
cnv_depth__IBNLCO_04760__Putative__CDS,0.0,0.0
cnv_depth__IBNLCO_04759__IBNLCO_04759__gene,0.0,0.0
cnv_depth__IBNLCO_04759__Membrane__CDS__promoter,0.0,0.0
cnv_depth__IBNLCO_04758__Membrane-bound__CDS,0.0,0.0
cnv_depth__IBNLCO_04758__Membrane-bound__CDS__promoter,0.0,0.0
cnv_depth__IBNLCO_04757__Glutathione__CDS,0.0,0.0
cnv_depth__IBNLCO_04756__Outer__CDS,0.0,0.0
cnv_depth__IBNLCO_04756__Outer__CDS__promoter,0.0,0.0
cnv_depth__IBNLCO_04782__IBNLCO_04782__gene,0.0,0.0
cnv_depth__IBNLCO_04752__Lipid__CDS__promoter,0.0,0.0
cnv_depth__IBNLCO_04753__Antibiotic__CDS,0.0,0.0
cnv_depth__IBNLCO_04752__IBNLCO_04752__gene,0.0,0.0
cnv_depth__IBNLCO_04751__Colicin__CDS__promoter,0.0,0.0
cnv_depth__IBNLCO_04751__Colicin__CDS,0.0,0.0
cnv_depth__IBNLCO_04749__IBNLCO_04749__gene,0.0,0.0
cnv_depth__IBNLCO_04748__gnl|Bakta|IBNLCO_04748__CDS,0.0,0.0
cnv_depth__IBNLCO_04747__P9__gene__promoter,0.0,0.0
cnv_depth__IBNLCO_04747__Pseudomonas__ncRNA,0.0,0.0
cnv_depth__IBNLCO_04746__IBNLCO_04746__gene__promoter,0.0,0.0
cnv_depth__IBNLCO_04746__L-threonine__CDS,0.0,0.0
cnv_depth__IBNLCO_04745__hypothetical__CDS,0.0,0.0
cnv_depth__IBNLCO_04744__IBNLCO_04744__gene__promoter,0.0,0.0
cnv_depth__IBNLCO_04755__gnl|Bakta|IBNLCO_04755__CDS__promoter,0.0,0.0
cnv_depth__IBNLCO_04782__gnl|Bakta|IBNLCO_04782__CDS__promoter,0.0,0.0
cnv_depth__IBNLCO_04781__HTH-type__CDS__promoter,0.0,0.0
cnv_depth__IBNLCO_04780__gnl|Bakta|IBNLCO_04780__CDS__promoter,0.0,0.0
cnv_depth__IBNLCO_04781__HTH-type__CDS,0.0,0.0
cnv_depth__IBNLCO_04780__IBNLCO_04780__gene,0.0,0.0
cnv_depth__IBNLCO_04779__Glutathione__CDS__promoter,0.0,0.0
cnv_depth__IBNLCO_04779__Glutathione__CDS,0.0,0.0
cnv_depth__IBNLCO_04778__gsiB__gene__promoter,0.0,0.0
cnv_depth__IBNLCO_04778__gsiB__gene,0.0,0.0
cnv_depth__IBNLCO_04777__Glutathione__CDS__promoter,0.0,0.0
cnv_depth__IBNLCO_04776__Glutathione__CDS__promoter,0.0,0.0
cnv_depth__IBNLCO_04775__Beta-peptidyl__CDS__promoter,0.0,0.0
cnv_depth__IBNLCO_04764__3-deoxy-7-phosphoheptulonate__CDS,0.0,0.0
cnv_depth__IBNLCO_04775__Beta-peptidyl__CDS,0.0,0.0
cnv_depth__IBNLCO_04774__gnl|Bakta|IBNLCO_04774__CDS,0.0,0.0
cnv_depth__IBNLCO_04773__Protocatechuate__CDS,0.0,0.0
cnv_depth__IBNLCO_04773__IBNLCO_04773__gene__promoter,0.0,0.0
cnv_depth__IBNLCO_04772__IBNLCO_04772__gene,0.0,0.0
cnv_depth__IBNLCO_04772__Protocatechuate__CDS__promoter,0.0,0.0
cnv_depth__IBNLCO_04771__argP__gene,0.0,0.0
cnv_depth__IBNLCO_04769__DUF4365__CDS,0.0,0.0
cnv_depth__IBNLCO_04769__DUF4365__CDS__promoter,0.0,0.0
cnv_depth__IBNLCO_04768__hypothetical__CDS,0.0,0.0
cnv_depth__IBNLCO_04767__diguanylate__CDS__promoter,0.0,0.0
cnv_depth__IBNLCO_04767__diguanylate__CDS,0.0,0.0
cnv_depth__IBNLCO_04766__IBNLCO_04766__gene,0.0,0.0
cnv_depth__IBNLCO_04776__gsiD__gene,0.0,0.0
cnv_depth__IBNLCO_00990__IBNLCO_00990__gene__promoter,0.0,0.0
cnv_depth__IBNLCO_00989__Aldehyde__CDS,0.0,0.0
cnv_depth__IBNLCO_00988__IBNLCO_00988__gene__promoter,0.0,0.0
cnv_depth__IBNLCO_00988__NAD(P)-dependent__CDS,0.0,0.0
cnv_depth__IBNLCO_00986__Protoporphyrinogen__CDS,0.0,0.0
cnv_depth__IBNLCO_00986__IBNLCO_00986__gene__promoter,0.0,0.0
cnv_depth__IBNLCO_00985__Bifunctional__CDS,0.0,0.0
cnv_depth__IBNLCO_00985__Bifunctional__CDS__promoter,0.0,0.0
cnv_depth__IBNLCO_00984__IBNLCO_00984__gene,0.0,0.0
cnv_depth__IBNLCO_00984__Porphobilinogen__CDS__promoter,0.0,0.0
cnv_depth__IBNLCO_00983__Phosphoenolpyruvate__CDS,0.0,0.0
cnv_depth__IBNLCO_00982__hypothetical__CDS,0.0,0.0
cnv_depth__IBNLCO_02997__corB__gene,0.0,0.0
cnv_depth__IBNLCO_00979__hypothetical__CDS__promoter,0.0,0.0
cnv_depth__IBNLCO_00978__IBNLCO_00978__gene__promoter,0.0,0.0
cnv_depth__IBNLCO_00977__IBNLCO_00977__gene,0.0,0.0
cnv_depth__IBNLCO_00976__Argininosuccinate__CDS,0.0,0.0
cnv_depth__IBNLCO_00975__Phosphoglycolate__CDS__promoter,0.0,0.0
cnv_depth__IBNLCO_00975__Phosphoglycolate__CDS,0.0,0.0
cnv_depth__IBNLCO_00974__IBNLCO_00974__gene,0.0,0.0
cnv_depth__IBNLCO_00972__IBNLCO_00972__gene,0.0,0.0
cnv_depth__IBNLCO_00971__sodC__gene,0.0,0.0
cnv_depth__IBNLCO_00968__ncS16__gene,0.0,0.0
cnv_depth__IBNLCO_00967__IBNLCO_00967__gene__promoter,0.0,0.0
cnv_depth__IBNLCO_00966__IBNLCO_00966__gene__promoter,0.0,0.0
cnv_depth__IBNLCO_00965__hypothetical__CDS__promoter,0.0,0.0
cnv_depth__IBNLCO_00980__IBNLCO_00980__gene,0.0,0.0
cnv_depth__IBNLCO_01020__gnl|Bakta|IBNLCO_01020__CDS,0.0,0.0
cnv_depth__IBNLCO_01018__hypothetical__CDS,0.0,0.0
cnv_depth__IBNLCO_01016__DUF5594__CDS__promoter,0.0,0.0
cnv_depth__IBNLCO_01017__IBNLCO_01017__gene__promoter,0.0,0.0
cnv_depth__IBNLCO_01016__DUF5594__CDS,0.0,0.0
cnv_depth__IBNLCO_01015__Phosphatidylethanolamine-binding__CDS__promoter,0.0,0.0
cnv_depth__IBNLCO_01014__yebQ__gene__promoter,0.0,0.0
cnv_depth__IBNLCO_01012__IBNLCO_01012__gene,0.0,0.0
cnv_depth__IBNLCO_01012__NadR/Ttd14__CDS__promoter,0.0,0.0
cnv_depth__IBNLCO_01008__IBNLCO_01008__gene__promoter,0.0,0.0
cnv_depth__IBNLCO_01007__Sulfonate__CDS,0.0,0.0
cnv_depth__IBNLCO_01004__histidine__CDS,0.0,0.0
cnv_depth__IBNLCO_00990__Inorganic__CDS,0.0,0.0
cnv_depth__IBNLCO_01001__IBNLCO_01001__gene__promoter,0.0,0.0
cnv_depth__IBNLCO_01000__IBNLCO_01000__gene__promoter,0.0,0.0
cnv_depth__IBNLCO_00998__hisM__gene__promoter,0.0,0.0
cnv_depth__IBNLCO_00999__ABC__CDS,0.0,0.0
cnv_depth__IBNLCO_00998__Histidine/lysine/arginine/ornithine__CDS,0.0,0.0
cnv_depth__IBNLCO_00997__Histidine__CDS__promoter,0.0,0.0
cnv_depth__IBNLCO_00997__Histidine__CDS,0.0,0.0
cnv_depth__IBNLCO_00996__Outer__CDS,0.0,0.0
cnv_depth__IBNLCO_00994__Glutamine-dependent__CDS,0.0,0.0
cnv_depth__IBNLCO_00993__IBNLCO_00993__gene__promoter,0.0,0.0
cnv_depth__IBNLCO_00994__IBNLCO_00994__gene__promoter,0.0,0.0
cnv_depth__IBNLCO_00993__gnl|Bakta|IBNLCO_00993__CDS,0.0,0.0
cnv_depth__IBNLCO_00992__hypothetical__CDS,0.0,0.0
cnv_depth__IBNLCO_01004__IBNLCO_01004__gene__promoter,0.0,0.0
cnv_depth__IBNLCO_00939__Phosphatidylglycerol--prolipoprotein__CDS__promoter,0.0,0.0
cnv_depth__IBNLCO_00937__IBNLCO_00937__gene__promoter,0.0,0.0
cnv_depth__IBNLCO_00938__Dihydroxy-acid__CDS__promoter,0.0,0.0
cnv_depth__IBNLCO_00936__IBNLCO_00936__gene,0.0,0.0
cnv_depth__IBNLCO_00935__IBNLCO_00935__gene,0.0,0.0
cnv_depth__IBNLCO_00935__IBNLCO_00935__gene__promoter,0.0,0.0
cnv_depth__IBNLCO_00934__IBNLCO_00934__gene,0.0,0.0
cnv_depth__IBNLCO_00934__IBNLCO_00934__gene__promoter,0.0,0.0
cnv_depth__IBNLCO_00933__putative__CDS,0.0,0.0
cnv_depth__IBNLCO_00932__lptF__gene__promoter,0.0,0.0
cnv_depth__IBNLCO_00933__putative__CDS__promoter,0.0,0.0
cnv_depth__IBNLCO_00932__Lipopolysaccharide__CDS,0.0,0.0
cnv_depth__IBNLCO_00964__Autotransporter__CDS,0.0,0.0
cnv_depth__IBNLCO_00931__LPS__CDS,0.0,0.0
cnv_depth__IBNLCO_00929__uroporphyrinogen-III__CDS,0.0,0.0
cnv_depth__IBNLCO_00928__sulfate__CDS,0.0,0.0
cnv_depth__IBNLCO_00927__IBNLCO_00927__gene,0.0,0.0
cnv_depth__IBNLCO_00927__Sulfate__CDS__promoter,0.0,0.0
cnv_depth__IBNLCO_00924__Sulfite__CDS__promoter,0.0,0.0
cnv_depth__IBNLCO_00922__trnL__gene__promoter,0.0,0.0
cnv_depth__IBNLCO_00921__HTH__CDS,0.0,0.0
cnv_depth__IBNLCO_00920__gnl|Bakta|IBNLCO_00920__CDS__promoter,0.0,0.0
cnv_depth__IBNLCO_00921__HTH__CDS__promoter,0.0,0.0
cnv_depth__IBNLCO_00919__IBNLCO_00919__gene,0.0,0.0
cnv_depth__IBNLCO_00917__Epoxide__CDS,0.0,0.0
cnv_depth__IBNLCO_00916__IBNLCO_00916__gene,0.0,0.0
cnv_depth__IBNLCO_00931__lptG__gene__promoter,0.0,0.0
cnv_depth__IBNLCO_00962__Acetyl-CoA__CDS,0.0,0.0
cnv_depth__IBNLCO_00960__Pantothenate__CDS__promoter,0.0,0.0
cnv_depth__IBNLCO_00958__Light-independent__CDS,0.0,0.0
cnv_depth__IBNLCO_00958__Light-independent__CDS__promoter,0.0,0.0
cnv_depth__IBNLCO_00957__Oxidoreductase__CDS__promoter,0.0,0.0
cnv_depth__IBNLCO_00956__IBNLCO_00956__gene,0.0,0.0
cnv_depth__IBNLCO_00954__Cobalamin__CDS__promoter,0.0,0.0
cnv_depth__IBNLCO_00955__Bifunctional__CDS,0.0,0.0
cnv_depth__IBNLCO_00953__IBNLCO_00953__gene__promoter,0.0,0.0
cnv_depth__IBNLCO_00954__Cobalamin__CDS,0.0,0.0
cnv_depth__IBNLCO_00952__IBNLCO_00952__gene__promoter,0.0,0.0
cnv_depth__IBNLCO_00952__Cobalamin-binding__CDS,0.0,0.0
cnv_depth__IBNLCO_00940__Periplasmic__CDS__promoter,0.0,0.0
cnv_depth__IBNLCO_00950__Alpha-ribazole__CDS__promoter,0.0,0.0
cnv_depth__IBNLCO_00949__Adenosylcobinamide-GDP__CDS,0.0,0.0
cnv_depth__IBNLCO_00949__IBNLCO_00949__gene__promoter,0.0,0.0
cnv_depth__IBNLCO_00948__Nicotinate-nucleotide--dimethylbenzimidazole__CDS,0.0,0.0
cnv_depth__IBNLCO_00948__IBNLCO_00948__gene__promoter,0.0,0.0
cnv_depth__IBNLCO_00947__ABC__CDS,0.0,0.0
cnv_depth__IBNLCO_00947__ABC__CDS__promoter,0.0,0.0
cnv_depth__IBNLCO_00946__IBNLCO_00946__gene__promoter,0.0,0.0
cnv_depth__IBNLCO_00945__TonB-dependent__CDS__promoter,0.0,0.0
cnv_depth__IBNLCO_00944__IBNLCO_00944__gene,0.0,0.0
cnv_depth__IBNLCO_00943__zapA__gene,0.0,0.0
cnv_depth__IBNLCO_00942__6S__gene__promoter,0.0,0.0
cnv_depth__IBNLCO_00941__EVE__CDS,0.0,0.0
cnv_depth__IBNLCO_00951__IBNLCO_00951__gene,0.0,0.0
cnv_depth__IBNLCO_01112__IBNLCO_01112__gene__promoter,0.0,0.0
cnv_depth__IBNLCO_01111__mabA__gene,0.0,0.0
cnv_depth__IBNLCO_01111__mabA__gene__promoter,0.0,0.0
cnv_depth__IBNLCO_01110__Uracil__CDS__promoter,0.0,0.0
cnv_depth__IBNLCO_01110__IBNLCO_01110__gene,0.0,0.0
cnv_depth__IBNLCO_01109__putative__CDS,0.0,0.0
cnv_depth__IBNLCO_01107__IBNLCO_01107__gene__promoter,0.0,0.0
cnv_depth__IBNLCO_01105__hypothetical__CDS__promoter,0.0,0.0
cnv_depth__IBNLCO_01104__Ribosomal__CDS__promoter,0.0,0.0
cnv_depth__IBNLCO_01104__IBNLCO_01104__gene,0.0,0.0
cnv_depth__IBNLCO_01103__dTTP/UTP__CDS__promoter,0.0,0.0
cnv_depth__IBNLCO_01103__IBNLCO_01103__gene,0.0,0.0
cnv_depth__IBNLCO_01021__Peptidase__CDS,0.0,0.0
cnv_depth__IBNLCO_01100__gnl|Bakta|IBNLCO_01100__CDS__promoter,0.0,0.0
cnv_depth__IBNLCO_01099__plcR__gene,0.0,0.0
cnv_depth__IBNLCO_01098__IBNLCO_01098__gene,0.0,0.0
cnv_depth__IBNLCO_01097__IBNLCO_01097__gene,0.0,0.0
cnv_depth__IBNLCO_01097__Chemotaxis__CDS__promoter,0.0,0.0
cnv_depth__IBNLCO_01096__IBNLCO_01096__gene,0.0,0.0
cnv_depth__IBNLCO_01096__hypothetical__CDS__promoter,0.0,0.0
cnv_depth__IBNLCO_01095__hypothetical__CDS__promoter,0.0,0.0
cnv_depth__IBNLCO_01095__IBNLCO_01095__gene,0.0,0.0
cnv_depth__IBNLCO_01092__IBNLCO_01092__gene,0.0,0.0
cnv_depth__IBNLCO_01090__MFS__CDS__promoter,0.0,0.0
cnv_depth__IBNLCO_01091__IBNLCO_01091__gene,0.0,0.0
cnv_depth__IBNLCO_01090__IBNLCO_01090__gene,0.0,0.0
cnv_depth__IBNLCO_01102__Ribonuclease__CDS__promoter,0.0,0.0
cnv_depth__IBNLCO_01140__IBNLCO_01140__gene__promoter,0.0,0.0
cnv_depth__IBNLCO_01141__RNA__CDS,0.0,0.0
cnv_depth__IBNLCO_01140__Transmembrane__CDS,0.0,0.0
cnv_depth__IBNLCO_01136__Glycosyltransferase__CDS,0.0,0.0
cnv_depth__IBNLCO_01135__IBNLCO_01135__gene__promoter,0.0,0.0
cnv_depth__IBNLCO_01135__hypothetical__CDS,0.0,0.0
cnv_depth__IBNLCO_01134__tetR__gene__promoter,0.0,0.0
cnv_depth__IBNLCO_01132__SDR__CDS,0.0,0.0
cnv_depth__IBNLCO_01131__Undecaprenyl__CDS,0.0,0.0
cnv_depth__IBNLCO_01130__Citrate-proton__CDS,0.0,0.0
cnv_depth__IBNLCO_01130__citH__gene__promoter,0.0,0.0
cnv_depth__IBNLCO_01129__gnl|Bakta|IBNLCO_01129__CDS,0.0,0.0
cnv_depth__IBNLCO_01112__Methylglyoxal__CDS,0.0,0.0
cnv_depth__IBNLCO_01128__Transmembrane__CDS,0.0,0.0
cnv_depth__IBNLCO_01128__IBNLCO_01128__gene__promoter,0.0,0.0
cnv_depth__IBNLCO_01127__IBNLCO_01127__gene,0.0,0.0
cnv_depth__IBNLCO_01127__IBNLCO_01127__gene__promoter,0.0,0.0
cnv_depth__IBNLCO_01126__gnl|Bakta|IBNLCO_01126__CDS,0.0,0.0
cnv_depth__IBNLCO_01125__ABC3__CDS,0.0,0.0
cnv_depth__IBNLCO_01121__IBNLCO_01121__gene,0.0,0.0
cnv_depth__IBNLCO_01121__IBNLCO_01121__gene__promoter,0.0,0.0
cnv_depth__IBNLCO_01120__IBNLCO_01120__gene,0.0,0.0
cnv_depth__IBNLCO_01115__Potassium-transporting__CDS__promoter,0.0,0.0
cnv_depth__IBNLCO_01114__NADPH2:quinone__CDS__promoter,0.0,0.0
cnv_depth__IBNLCO_01113__IBNLCO_01113__gene__promoter,0.0,0.0
cnv_depth__IBNLCO_01113__IBNLCO_01113__gene,0.0,0.0
cnv_depth__IBNLCO_01129__IBNLCO_01129__gene__promoter,0.0,0.0
cnv_depth__IBNLCO_01050__Histidinol-phosphate__CDS__promoter,0.0,0.0
cnv_depth__IBNLCO_01049__IBNLCO_01049__gene,0.0,0.0
cnv_depth__IBNLCO_01047__2-aminoadipate__CDS__promoter,0.0,0.0
cnv_depth__IBNLCO_01045__IBNLCO_01045__gene,0.0,0.0
cnv_depth__IBNLCO_01044__Diguanylate__CDS__promoter,0.0,0.0
cnv_depth__IBNLCO_01043__Chromate__CDS__promoter,0.0,0.0
cnv_depth__IBNLCO_01042__IBNLCO_01042__gene,0.0,0.0
cnv_depth__IBNLCO_01041__IBNLCO_01041__gene,0.0,0.0
cnv_depth__IBNLCO_01041__N-carbamoyl-L-amino-acid__CDS__promoter,0.0,0.0
cnv_depth__IBNLCO_01040__Major__CDS,0.0,0.0
cnv_depth__IBNLCO_01040__Major__CDS__promoter,0.0,0.0
cnv_depth__IBNLCO_01039__IBNLCO_01039__gene,0.0,0.0
cnv_depth__IBNLCO_01081__ATP-dependent__CDS__promoter,0.0,0.0
cnv_depth__IBNLCO_01037__HTH__CDS,0.0,0.0
cnv_depth__IBNLCO_01036__Copper__CDS,0.0,0.0
cnv_depth__IBNLCO_01032__DUF4399__CDS,0.0,0.0
cnv_depth__IBNLCO_01031__gnl|Bakta|IBNLCO_01031__CDS__promoter,0.0,0.0
cnv_depth__IBNLCO_01031__gnl|Bakta|IBNLCO_01031__CDS,0.0,0.0
cnv_depth__IBNLCO_01027__hlyU__gene,0.0,0.0
cnv_depth__IBNLCO_01027__Transcriptional__CDS__promoter,0.0,0.0
cnv_depth__IBNLCO_01026__hypothetical__CDS,0.0,0.0
cnv_depth__IBNLCO_01026__hypothetical__CDS__promoter,0.0,0.0
cnv_depth__IBNLCO_01025__DUF982__CDS,0.0,0.0
cnv_depth__IBNLCO_01025__DUF982__CDS__promoter,0.0,0.0
cnv_depth__IBNLCO_01024__trnR__gene__promoter,0.0,0.0
cnv_depth__IBNLCO_01024__tRNA-Arg(cct)__tRNA,0.0,0.0
cnv_depth__IBNLCO_01037__HTH__CDS__promoter,0.0,0.0
cnv_depth__IBNLCO_01078__Glutamyl-Q__CDS__promoter,0.0,0.0
cnv_depth__IBNLCO_01078__IBNLCO_01078__gene,0.0,0.0
cnv_depth__IBNLCO_01077__ATP-dependent__CDS__promoter,0.0,0.0
cnv_depth__IBNLCO_01076__C-type__CDS__promoter,0.0,0.0
cnv_depth__IBNLCO_01075__IBNLCO_01075__gene,0.0,0.0
cnv_depth__IBNLCO_01074__IBNLCO_01074__gene,0.0,0.0
cnv_depth__IBNLCO_01074__Formate-dependent__CDS__promoter,0.0,0.0
cnv_depth__IBNLCO_01073__IBNLCO_01073__gene,0.0,0.0
cnv_depth__IBNLCO_01070__gnl|Bakta|IBNLCO_01070__CDS__promoter,0.0,0.0
cnv_depth__IBNLCO_01071__gnl|Bakta|IBNLCO_01071__CDS__promoter,0.0,0.0
cnv_depth__IBNLCO_01070__IBNLCO_01070__gene,0.0,0.0
cnv_depth__IBNLCO_01069__IBNLCO_01069__gene,0.0,0.0
cnv_depth__IBNLCO_01049__Glyoxalase-like__CDS__promoter,0.0,0.0
cnv_depth__IBNLCO_01067__Electron__CDS__promoter,0.0,0.0
cnv_depth__IBNLCO_01066__IBNLCO_01066__gene,0.0,0.0
cnv_depth__IBNLCO_01065__eamA__gene,0.0,0.0
cnv_depth__IBNLCO_01065__EamA__CDS__promoter,0.0,0.0
cnv_depth__IBNLCO_01060__VWA__CDS__promoter,0.0,0.0
cnv_depth__IBNLCO_01059__benE__gene,0.0,0.0
cnv_depth__IBNLCO_01058__gnl|Bakta|IBNLCO_01058__CDS__promoter,0.0,0.0
cnv_depth__IBNLCO_01058__IBNLCO_01058__gene,0.0,0.0
cnv_depth__IBNLCO_01057__Glyoxalase/fosfomycin__CDS__promoter,0.0,0.0
cnv_depth__IBNLCO_01055__hypothetical__CDS__promoter,0.0,0.0
cnv_depth__IBNLCO_01053__IBNLCO_01053__gene,0.0,0.0
cnv_depth__IBNLCO_01052__putative__CDS__promoter,0.0,0.0
cnv_depth__IBNLCO_01050__IBNLCO_01050__gene,0.0,0.0
cnv_depth__IBNLCO_01068__HTH__CDS__promoter,0.0,0.0
cnv_depth__IBNLCO_00742__nanT__gene,0.0,0.0
cnv_depth__IBNLCO_00740__IBNLCO_00740__gene__promoter,0.0,0.0
cnv_depth__IBNLCO_00740__IBNLCO_00740__gene,0.0,0.0
cnv_depth__IBNLCO_00739__IBNLCO_00739__gene__promoter,0.0,0.0
cnv_depth__IBNLCO_00739__IBNLCO_00739__gene,0.0,0.0
cnv_depth__IBNLCO_00738__3-phosphoshikimate__CDS__promoter,0.0,0.0
cnv_depth__IBNLCO_00738__3-phosphoshikimate__CDS,0.0,0.0
cnv_depth__IBNLCO_00737__hypothetical__CDS__promoter,0.0,0.0
cnv_depth__IBNLCO_00737__hypothetical__CDS,0.0,0.0
cnv_depth__IBNLCO_00736__Mandelate__CDS,0.0,0.0
cnv_depth__IBNLCO_00736__IBNLCO_00736__gene__promoter,0.0,0.0
cnv_depth__IBNLCO_00735__hypothetical__CDS,0.0,0.0
cnv_depth__IBNLCO_00914__copC__gene,0.0,0.0
cnv_depth__IBNLCO_00733__lysR__gene__promoter,0.0,0.0
cnv_depth__IBNLCO_00734__Lipocalin-like__CDS__promoter,0.0,0.0
cnv_depth__IBNLCO_00732__NADP-dependent__CDS,0.0,0.0
cnv_depth__IBNLCO_00732__IBNLCO_00732__gene__promoter,0.0,0.0
cnv_depth__IBNLCO_00731__ATP-grasp__CDS,0.0,0.0
cnv_depth__IBNLCO_00731__IBNLCO_00731__gene__promoter,0.0,0.0
cnv_depth__IBNLCO_00730__DUF1611__CDS,0.0,0.0
cnv_depth__IBNLCO_00730__IBNLCO_00730__gene__promoter,0.0,0.0
cnv_depth__IBNLCO_00729__L-arginine-specific__CDS,0.0,0.0
cnv_depth__IBNLCO_00729__IBNLCO_00729__gene__promoter,0.0,0.0
cnv_depth__IBNLCO_00728__Phytanoyl-CoA__CDS,0.0,0.0
cnv_depth__IBNLCO_00727__IBNLCO_00727__gene__promoter,0.0,0.0
cnv_depth__IBNLCO_00728__IBNLCO_00728__gene__promoter,0.0,0.0
cnv_depth__IBNLCO_00734__IBNLCO_00734__gene,0.0,0.0
cnv_depth__IBNLCO_00769__IBNLCO_00769__gene,0.0,0.0
cnv_depth__IBNLCO_00768__lipopolysaccharide__CDS__promoter,0.0,0.0
cnv_depth__IBNLCO_00767__SnoaL-like__CDS__promoter,0.0,0.0
cnv_depth__IBNLCO_00766__IBNLCO_00766__gene,0.0,0.0
cnv_depth__IBNLCO_00765__DUF2946__CDS,0.0,0.0
cnv_depth__IBNLCO_00763__IBNLCO_00763__gene__promoter,0.0,0.0
cnv_depth__IBNLCO_00761__IBNLCO_00761__gene,0.0,0.0
cnv_depth__IBNLCO_00760__IBNLCO_00760__gene,0.0,0.0
cnv_depth__IBNLCO_00759__IS3__CDS__promoter,0.0,0.0
cnv_depth__IBNLCO_00757__IBNLCO_00757__gene,0.0,0.0
cnv_depth__IBNLCO_00757__IBNLCO_00757__gene__promoter,0.0,0.0
cnv_depth__IBNLCO_00756__IBNLCO_00756__gene,0.0,0.0
cnv_depth__IBNLCO_00742__nanT__gene__promoter,0.0,0.0
cnv_depth__IBNLCO_00755__IBNLCO_00755__gene,0.0,0.0
cnv_depth__IBNLCO_00753__IBNLCO_00753__gene__promoter,0.0,0.0
cnv_depth__IBNLCO_00751__General__CDS__promoter,0.0,0.0
cnv_depth__IBNLCO_00749__IBNLCO_00749__gene,0.0,0.0
cnv_depth__IBNLCO_00748__Succinate--CoA__CDS,0.0,0.0
cnv_depth__IBNLCO_00748__Succinate--CoA__CDS__promoter,0.0,0.0
cnv_depth__IBNLCO_00747__DUF2889__CDS,0.0,0.0
cnv_depth__IBNLCO_00747__DUF2889__CDS__promoter,0.0,0.0
cnv_depth__IBNLCO_00746__Regulatory__CDS,0.0,0.0
cnv_depth__IBNLCO_00745__recA__gene,0.0,0.0
cnv_depth__IBNLCO_00745__recA__gene__promoter,0.0,0.0
cnv_depth__IBNLCO_00744__tctD__gene,0.0,0.0
cnv_depth__IBNLCO_00743__IBNLCO_00743__gene__promoter,0.0,0.0
cnv_depth__IBNLCO_00756__hypothetical__CDS__promoter,0.0,0.0
cnv_depth__IBNLCO_00698__IBNLCO_00698__gene,0.0,0.0
cnv_depth__IBNLCO_00697__IBNLCO_00697__gene__promoter,0.0,0.0
cnv_depth__IBNLCO_00697__IBNLCO_00697__gene,0.0,0.0
cnv_depth__IBNLCO_00696__IBNLCO_00696__gene,0.0,0.0
cnv_depth__IBNLCO_00696__IBNLCO_00696__gene__promoter,0.0,0.0
cnv_depth__IBNLCO_00695__rpoS__gene,0.0,0.0
cnv_depth__IBNLCO_00693__IBNLCO_00693__gene__promoter,0.0,0.0
cnv_depth__IBNLCO_00690__IBNLCO_00690__gene__promoter,0.0,0.0
cnv_depth__IBNLCO_00690__IBNLCO_00690__gene,0.0,0.0
cnv_depth__IBNLCO_00689__IBNLCO_00689__gene,0.0,0.0
cnv_depth__IBNLCO_00687__IBNLCO_00687__gene__promoter,0.0,0.0
cnv_depth__IBNLCO_00686__IBNLCO_00686__gene,0.0,0.0
cnv_depth__IBNLCO_00725__Two-component__CDS__promoter,0.0,0.0
cnv_depth__IBNLCO_00684__vdcD__gene__promoter,0.0,0.0
cnv_depth__IBNLCO_00683__IBNLCO_00683__gene,0.0,0.0
cnv_depth__IBNLCO_00683__Fatty__CDS__promoter,0.0,0.0
cnv_depth__IBNLCO_00682__IBNLCO_00682__gene__promoter,0.0,0.0
cnv_depth__IBNLCO_00681__deoR__gene,0.0,0.0
cnv_depth__IBNLCO_00679__IBNLCO_00679__gene__promoter,0.0,0.0
cnv_depth__IBNLCO_00677__IBNLCO_00677__gene__promoter,0.0,0.0
cnv_depth__IBNLCO_00677__IBNLCO_00677__gene,0.0,0.0
cnv_depth__IBNLCO_00676__IBNLCO_00676__gene__promoter,0.0,0.0
cnv_depth__IBNLCO_00674__IBNLCO_00674__gene__promoter,0.0,0.0
cnv_depth__IBNLCO_00673__3-phosphoshikimate__CDS__promoter,0.0,0.0
cnv_depth__IBNLCO_00673__IBNLCO_00673__gene,0.0,0.0
cnv_depth__IBNLCO_00672__IBNLCO_00672__gene,0.0,0.0
cnv_depth__IBNLCO_00685__rhlE__gene,0.0,0.0
cnv_depth__IBNLCO_00725__IBNLCO_00725__gene,0.0,0.0
cnv_depth__IBNLCO_00724__Oxidoreductase__CDS__promoter,0.0,0.0
cnv_depth__IBNLCO_00723__atsR__gene__promoter,0.0,0.0
cnv_depth__IBNLCO_00724__IBNLCO_00724__gene,0.0,0.0
cnv_depth__IBNLCO_00723__atsR__gene,0.0,0.0
cnv_depth__IBNLCO_00722__lysR__gene__promoter,0.0,0.0
cnv_depth__IBNLCO_00721__IBNLCO_00721__gene,0.0,0.0
cnv_depth__IBNLCO_00721__IBNLCO_00721__gene__promoter,0.0,0.0
cnv_depth__IBNLCO_00720__IBNLCO_00720__gene,0.0,0.0
cnv_depth__IBNLCO_00719__tssF__gene__promoter,0.0,0.0
cnv_depth__IBNLCO_00717__IBNLCO_00717__gene__promoter,0.0,0.0
cnv_depth__IBNLCO_00716__IBNLCO_00716__gene__promoter,0.0,0.0
cnv_depth__IBNLCO_00699__hypothetical__CDS__promoter,0.0,0.0
cnv_depth__IBNLCO_00714__IBNLCO_00714__gene,0.0,0.0
cnv_depth__IBNLCO_00713__IBNLCO_00713__gene,0.0,0.0
cnv_depth__IBNLCO_00711__IBNLCO_00711__gene__promoter,0.0,0.0
cnv_depth__IBNLCO_00708__IBNLCO_00708__gene,0.0,0.0
cnv_depth__IBNLCO_00708__IBNLCO_00708__gene__promoter,0.0,0.0
cnv_depth__IBNLCO_00706__IBNLCO_00706__gene__promoter,0.0,0.0
cnv_depth__IBNLCO_00705__IBNLCO_00705__gene,0.0,0.0
cnv_depth__IBNLCO_00705__IBNLCO_00705__gene__promoter,0.0,0.0
cnv_depth__IBNLCO_00704__IBNLCO_00704__gene__promoter,0.0,0.0
cnv_depth__IBNLCO_00703__IBNLCO_00703__gene__promoter,0.0,0.0
cnv_depth__IBNLCO_00702__IBNLCO_00702__gene__promoter,0.0,0.0
cnv_depth__IBNLCO_00701__mnmH__gene,0.0,0.0
cnv_depth__IBNLCO_00700__lysR__gene,0.0,0.0
cnv_depth__IBNLCO_00715__IBNLCO_00715__gene,0.0,0.0
cnv_depth__IBNLCO_00880__clpA__gene__promoter,0.0,0.0
cnv_depth__IBNLCO_00879__clpS__gene,0.0,0.0
cnv_depth__IBNLCO_00876__IBNLCO_00876__gene,0.0,0.0
cnv_depth__IBNLCO_00876__IBNLCO_00876__gene__promoter,0.0,0.0
cnv_depth__IBNLCO_00875__IBNLCO_00875__gene__promoter,0.0,0.0
cnv_depth__IBNLCO_00875__IBNLCO_00875__gene,0.0,0.0
cnv_depth__IBNLCO_00874__DUF192__CDS__promoter,0.0,0.0
cnv_depth__IBNLCO_00874__DUF192__CDS,0.0,0.0
cnv_depth__IBNLCO_00873__IBNLCO_00873__gene__promoter,0.0,0.0
cnv_depth__IBNLCO_00873__Elongation__CDS,0.0,0.0
cnv_depth__IBNLCO_00871__NADP-dependent__CDS__promoter,0.0,0.0
cnv_depth__IBNLCO_00870__HTH__CDS,0.0,0.0
cnv_depth__IBNLCO_00770__Branched-chain-amino-acid__CDS__promoter,0.0,0.0
cnv_depth__IBNLCO_00865__IBNLCO_00865__gene,0.0,0.0
cnv_depth__IBNLCO_00862__IBNLCO_00862__gene__promoter,0.0,0.0
cnv_depth__IBNLCO_00861__IBNLCO_00861__gene__promoter,0.0,0.0
cnv_depth__IBNLCO_00860__hypothetical__CDS__promoter,0.0,0.0
cnv_depth__IBNLCO_00857__Exodeoxyribonuclease__CDS,0.0,0.0
cnv_depth__IBNLCO_00855__UPF0434__CDS__promoter,0.0,0.0
cnv_depth__IBNLCO_00856__Tetraacyldisaccharide__CDS,0.0,0.0
cnv_depth__IBNLCO_00854__IBNLCO_00854__gene__promoter,0.0,0.0
cnv_depth__IBNLCO_00854__3-deoxy-manno-octulosonate__CDS,0.0,0.0
cnv_depth__IBNLCO_00853__Adenylate__CDS__promoter,0.0,0.0
cnv_depth__IBNLCO_00852__3-hydroxyacyl-CoA__CDS__promoter,0.0,0.0
cnv_depth__IBNLCO_00851__Protein__CDS__promoter,0.0,0.0
cnv_depth__IBNLCO_00850__murJ__gene,0.0,0.0
cnv_depth__IBNLCO_00867__mdtD__gene,0.0,0.0
cnv_depth__IBNLCO_00913__Ribosomal__CDS__promoter,0.0,0.0
cnv_depth__IBNLCO_00914__CopC__CDS__promoter,0.0,0.0
cnv_depth__IBNLCO_00908__IBNLCO_00908__gene,0.0,0.0
cnv_depth__IBNLCO_00907__N-acetyltransferase__CDS__promoter,0.0,0.0
cnv_depth__IBNLCO_00907__N-acetyltransferase__CDS,0.0,0.0
cnv_depth__IBNLCO_00905__IBNLCO_00905__gene,0.0,0.0
cnv_depth__IBNLCO_00905__Leucine/isoleucine/valine__CDS__promoter,0.0,0.0
cnv_depth__IBNLCO_00902__livH__gene,0.0,0.0
cnv_depth__IBNLCO_00902__High-affinity__CDS__promoter,0.0,0.0
cnv_depth__IBNLCO_00901__IBNLCO_00901__gene,0.0,0.0
cnv_depth__IBNLCO_00900__4-hydroxy-3-methylbut-2-enyl__CDS__promoter,0.0,0.0
cnv_depth__IBNLCO_00898__IBNLCO_00898__gene__promoter,0.0,0.0
cnv_depth__IBNLCO_00880__clpA__gene,0.0,0.0
cnv_depth__IBNLCO_00896__IBNLCO_00896__gene__promoter,0.0,0.0
cnv_depth__IBNLCO_00896__IBNLCO_00896__gene,0.0,0.0
cnv_depth__IBNLCO_00895__L-aspartate__CDS,0.0,0.0
cnv_depth__IBNLCO_00893__Quinolinate__CDS__promoter,0.0,0.0
cnv_depth__IBNLCO_00892__IBNLCO_00892__gene,0.0,0.0
cnv_depth__IBNLCO_00891__kefA__gene__promoter,0.0,0.0
cnv_depth__IBNLCO_00890__IBNLCO_00890__gene,0.0,0.0
cnv_depth__IBNLCO_00890__IBNLCO_00890__gene__promoter,0.0,0.0
cnv_depth__IBNLCO_00888__IBNLCO_00888__gene,0.0,0.0
cnv_depth__IBNLCO_00887__Isoleucine--tRNA__CDS__promoter,0.0,0.0
cnv_depth__IBNLCO_00882__gnl|Bakta|IBNLCO_00882__CDS__promoter,0.0,0.0
cnv_depth__IBNLCO_00881__Amino__CDS,0.0,0.0
cnv_depth__IBNLCO_00881__IBNLCO_00881__gene__promoter,0.0,0.0
cnv_depth__IBNLCO_00898__IBNLCO_00898__gene,0.0,0.0
cnv_depth__IBNLCO_00812__IBNLCO_00812__gene,0.0,0.0
cnv_depth__IBNLCO_00811__Maltose/maltodextrin__CDS,0.0,0.0
cnv_depth__IBNLCO_00810__IBNLCO_00810__gene__promoter,0.0,0.0
cnv_depth__IBNLCO_00809__Mannitol__CDS,0.0,0.0
cnv_depth__IBNLCO_00807__IBNLCO_00807__gene__promoter,0.0,0.0
cnv_depth__IBNLCO_00801__Hemin__CDS__promoter,0.0,0.0
cnv_depth__IBNLCO_00799__IBNLCO_00799__gene,0.0,0.0
cnv_depth__IBNLCO_00799__IBNLCO_00799__gene__promoter,0.0,0.0
cnv_depth__IBNLCO_00798__IBNLCO_00798__gene,0.0,0.0
cnv_depth__IBNLCO_00796__IBNLCO_00796__gene__promoter,0.0,0.0
cnv_depth__IBNLCO_00795__IBNLCO_00795__gene,0.0,0.0
cnv_depth__IBNLCO_00792__bpeB__gene,0.0,0.0
cnv_depth__IBNLCO_00849__Small__CDS__promoter,0.0,0.0
cnv_depth__IBNLCO_00791__Bcj14__gene__promoter,0.0,0.0
cnv_depth__IBNLCO_00789__TetR__CDS__promoter,0.0,0.0
cnv_depth__IBNLCO_00788__IBNLCO_00788__gene,0.0,0.0
cnv_depth__IBNLCO_00786__Carboxypeptidase__CDS__promoter,0.0,0.0
cnv_depth__IBNLCO_00785__DegQ__CDS,0.0,0.0
cnv_depth__IBNLCO_00784__IBNLCO_00784__gene,0.0,0.0
cnv_depth__IBNLCO_00781__Fatty__CDS,0.0,0.0
cnv_depth__IBNLCO_00779__IBNLCO_00779__gene__promoter,0.0,0.0
cnv_depth__IBNLCO_00778__N5-carboxyaminoimidazole__CDS__promoter,0.0,0.0
cnv_depth__IBNLCO_00773__Phosphoglycerate__CDS__promoter,0.0,0.0
cnv_depth__IBNLCO_00772__azlD__gene,0.0,0.0
cnv_depth__IBNLCO_00772__Branched-chain__CDS__promoter,0.0,0.0
cnv_depth__IBNLCO_00771__Branched-chain__CDS__promoter,0.0,0.0
cnv_depth__IBNLCO_00791__Bcj14__gene,0.0,0.0
cnv_depth__IBNLCO_00849__Small__CDS,0.0,0.0
cnv_depth__IBNLCO_00848__gnl|Bakta|IBNLCO_00848__CDS,0.0,0.0
cnv_depth__IBNLCO_00848__gnl|Bakta|IBNLCO_00848__CDS__promoter,0.0,0.0
cnv_depth__IBNLCO_00846__UDP-N-acetylenolpyruvoylglucosamine__CDS,0.0,0.0
cnv_depth__IBNLCO_00845__UPF0234__CDS__promoter,0.0,0.0
cnv_depth__IBNLCO_00846__UDP-N-acetylenolpyruvoylglucosamine__CDS__promoter,0.0,0.0
cnv_depth__IBNLCO_00845__UPF0234__CDS,0.0,0.0
cnv_depth__IBNLCO_00843__Cys-tRNA(Pro)/Cys-tRNA(Cys)__CDS,0.0,0.0
cnv_depth__IBNLCO_00842__Long-chain-fatty-acid--CoA__CDS,0.0,0.0
cnv_depth__IBNLCO_00839__Epoxyqueuosine__CDS__promoter,0.0,0.0
cnv_depth__IBNLCO_00837__N-acetylmuramoyl-L-alanine__CDS__promoter,0.0,0.0
cnv_depth__IBNLCO_00835__Quercetin__CDS,0.0,0.0
cnv_depth__IBNLCO_00834__IBNLCO_00834__gene__promoter,0.0,0.0
cnv_depth__IBNLCO_00813__HTH__CDS,0.0,0.0
cnv_depth__IBNLCO_00831__IBNLCO_00831__gene,0.0,0.0
cnv_depth__IBNLCO_00828__Flavin__CDS__promoter,0.0,0.0
cnv_depth__IBNLCO_00827__HTH__CDS,0.0,0.0
cnv_depth__IBNLCO_00826__hypothetical__CDS__promoter,0.0,0.0
cnv_depth__IBNLCO_00826__hypothetical__CDS,0.0,0.0
cnv_depth__IBNLCO_00825__gnl|Bakta|IBNLCO_00825__CDS__promoter,0.0,0.0
cnv_depth__IBNLCO_00825__gnl|Bakta|IBNLCO_00825__CDS,0.0,0.0
cnv_depth__IBNLCO_00824__Tryptophan__CDS,0.0,0.0
cnv_depth__IBNLCO_00823__Major__CDS,0.0,0.0
cnv_depth__IBNLCO_00822__2-dehydropantoate__CDS,0.0,0.0
cnv_depth__IBNLCO_00819__IBNLCO_00819__gene__promoter,0.0,0.0
cnv_depth__IBNLCO_00815__nepI__gene__promoter,0.0,0.0
cnv_depth__IBNLCO_00814__estB__gene,0.0,0.0
cnv_depth__IBNLCO_00834__gnl|Bakta|IBNLCO_00834__CDS,0.0,0.0
cnv_depth__IBNLCO_01417__IBNLCO_01417__gene,0.0,0.0
cnv_depth__IBNLCO_01416__Enoyl-[acyl-carrier-protein]__CDS__promoter,0.0,0.0
cnv_depth__IBNLCO_01416__IBNLCO_01416__gene,0.0,0.0
cnv_depth__IBNLCO_01415__IBNLCO_01415__gene__promoter,0.0,0.0
cnv_depth__IBNLCO_01415__IBNLCO_01415__gene,0.0,0.0
cnv_depth__IBNLCO_01414__IBNLCO_01414__gene,0.0,0.0
cnv_depth__IBNLCO_01413__IBNLCO_01413__gene,0.0,0.0
cnv_depth__IBNLCO_01412__hypothetical__CDS__promoter,0.0,0.0
cnv_depth__IBNLCO_01412__IBNLCO_01412__gene,0.0,0.0
cnv_depth__IBNLCO_01411__luxR__gene,0.0,0.0
cnv_depth__IBNLCO_01411__luxR__gene__promoter,0.0,0.0
cnv_depth__IBNLCO_01410__IBNLCO_01410__gene,0.0,0.0
cnv_depth__IBNLCO_01143__IBNLCO_01143__gene__promoter,0.0,0.0
cnv_depth__IBNLCO_01409__Spore__CDS,0.0,0.0
cnv_depth__IBNLCO_01409__IBNLCO_01409__gene__promoter,0.0,0.0
cnv_depth__IBNLCO_01408__PapC-like__CDS,0.0,0.0
cnv_depth__IBNLCO_01408__PapC-like__CDS__promoter,0.0,0.0
cnv_depth__IBNLCO_01407__IBNLCO_01407__gene,0.0,0.0
cnv_depth__IBNLCO_01407__Pili__CDS__promoter,0.0,0.0
cnv_depth__IBNLCO_01406__Spore__CDS,0.0,0.0
cnv_depth__IBNLCO_01406__IBNLCO_01406__gene__promoter,0.0,0.0
cnv_depth__IBNLCO_01405__IBNLCO_01405__gene,0.0,0.0
cnv_depth__IBNLCO_01404__Spore__CDS,0.0,0.0
cnv_depth__IBNLCO_01404__IBNLCO_01404__gene__promoter,0.0,0.0
cnv_depth__IBNLCO_01403__lysR__gene,0.0,0.0
cnv_depth__IBNLCO_01403__lysR__gene__promoter,0.0,0.0
cnv_depth__IBNLCO_01410__histidine__CDS__promoter,0.0,0.0
cnv_depth__IBNLCO_01438__IBNLCO_01438__gene,0.0,0.0
cnv_depth__IBNLCO_01437__IBNLCO_01437__gene,0.0,0.0
cnv_depth__IBNLCO_01437__Branched__CDS__promoter,0.0,0.0
cnv_depth__IBNLCO_01436__IBNLCO_01436__gene,0.0,0.0
cnv_depth__IBNLCO_01436__Amino__CDS__promoter,0.0,0.0
cnv_depth__IBNLCO_01435__IBNLCO_01435__gene,0.0,0.0
cnv_depth__IBNLCO_01435__ABC__CDS__promoter,0.0,0.0
cnv_depth__IBNLCO_01434__IBNLCO_01434__gene,0.0,0.0
cnv_depth__IBNLCO_01434__Acyl-CoA__CDS__promoter,0.0,0.0
cnv_depth__IBNLCO_01433__IBNLCO_01433__gene,0.0,0.0
cnv_depth__IBNLCO_01432__UPF0145__CDS__promoter,0.0,0.0
cnv_depth__IBNLCO_01432__IBNLCO_01432__gene,0.0,0.0
cnv_depth__IBNLCO_01418__mauG__gene,0.0,0.0
cnv_depth__IBNLCO_01429__IBNLCO_01429__gene,0.0,0.0
cnv_depth__IBNLCO_01428__IBNLCO_01428__gene,0.0,0.0
cnv_depth__IBNLCO_01428__Major__CDS__promoter,0.0,0.0
cnv_depth__IBNLCO_01427__IBNLCO_01427__gene,0.0,0.0
cnv_depth__IBNLCO_01426__Alanine--tRNA__CDS,0.0,0.0
cnv_depth__IBNLCO_01425__Succinate--glutarate__CDS,0.0,0.0
cnv_depth__IBNLCO_01423__Glutamine--tRNA__CDS__promoter,0.0,0.0
cnv_depth__IBNLCO_01424__Ornithine__CDS__promoter,0.0,0.0
cnv_depth__IBNLCO_01422__Nudix__CDS,0.0,0.0
cnv_depth__IBNLCO_01422__Nudix__CDS__promoter,0.0,0.0
cnv_depth__IBNLCO_01421__IBNLCO_01421__gene,0.0,0.0
cnv_depth__IBNLCO_01421__IBNLCO_01421__gene__promoter,0.0,0.0
cnv_depth__IBNLCO_01420__IBNLCO_01420__gene,0.0,0.0
cnv_depth__IBNLCO_01431__nudF__gene,0.0,0.0
cnv_depth__IBNLCO_01377__IBNLCO_01377__gene,0.0,0.0
cnv_depth__IBNLCO_01375__IBNLCO_01375__gene,0.0,0.0
cnv_depth__IBNLCO_01375__hypothetical__CDS__promoter,0.0,0.0
cnv_depth__IBNLCO_01374__IBNLCO_01374__gene,0.0,0.0
cnv_depth__IBNLCO_01374__OmpA-like__CDS__promoter,0.0,0.0
cnv_depth__IBNLCO_01373__IBNLCO_01373__gene,0.0,0.0
cnv_depth__IBNLCO_01373__hypothetical__CDS__promoter,0.0,0.0
cnv_depth__IBNLCO_01371__hypothetical__CDS__promoter,0.0,0.0
cnv_depth__IBNLCO_01370__IBNLCO_01370__gene,0.0,0.0
cnv_depth__IBNLCO_01370__Fels-1__CDS__promoter,0.0,0.0
cnv_depth__IBNLCO_01369__IBNLCO_01369__gene,0.0,0.0
cnv_depth__IBNLCO_01368__Two__CDS__promoter,0.0,0.0
cnv_depth__IBNLCO_01402__Major__CDS__promoter,0.0,0.0
cnv_depth__IBNLCO_01367__HTH-type__CDS__promoter,0.0,0.0
cnv_depth__IBNLCO_01366__IBNLCO_01366__gene,0.0,0.0
cnv_depth__IBNLCO_01365__IBNLCO_01365__gene__promoter,0.0,0.0
cnv_depth__IBNLCO_01366__IBNLCO_01366__gene__promoter,0.0,0.0
cnv_depth__IBNLCO_01364__hypothetical__CDS,0.0,0.0
cnv_depth__IBNLCO_01363__hypothetical__CDS,0.0,0.0
cnv_depth__IBNLCO_01362__IBNLCO_01362__gene__promoter,0.0,0.0
cnv_depth__IBNLCO_01361__IBNLCO_01361__gene__promoter,0.0,0.0
cnv_depth__IBNLCO_01362__Alpha-1%2C4-glucan:maltose-1-phosphate__CDS,0.0,0.0
cnv_depth__IBNLCO_01360__glgB__gene__promoter,0.0,0.0
cnv_depth__IBNLCO_01361__gnl|Bakta|IBNLCO_01361__CDS,0.0,0.0
cnv_depth__IBNLCO_01360__1%2C4-alpha-glucan__CDS,0.0,0.0
cnv_depth__IBNLCO_01359__glgX__gene__promoter,0.0,0.0
cnv_depth__IBNLCO_01367__HTH-type__CDS,0.0,0.0
cnv_depth__IBNLCO_01401__IBNLCO_01401__gene,0.0,0.0
cnv_depth__IBNLCO_01400__hypothetical__CDS__promoter,0.0,0.0
cnv_depth__IBNLCO_01400__hypothetical__CDS,0.0,0.0
cnv_depth__IBNLCO_01399__IBNLCO_01399__gene,0.0,0.0
cnv_depth__IBNLCO_01398__mntH__gene__promoter,0.0,0.0
cnv_depth__IBNLCO_01395__DUF4123__CDS__promoter,0.0,0.0
cnv_depth__IBNLCO_01394__vgrG1__gene,0.0,0.0
cnv_depth__IBNLCO_01394__vgrG1__gene__promoter,0.0,0.0
cnv_depth__IBNLCO_01390__IBNLCO_01390__gene,0.0,0.0
cnv_depth__IBNLCO_01389__IBNLCO_01389__gene__promoter,0.0,0.0
cnv_depth__IBNLCO_01387__DUF4123__CDS__promoter,0.0,0.0
cnv_depth__IBNLCO_01386__Type__CDS,0.0,0.0
cnv_depth__IBNLCO_01377__hypothetical__CDS__promoter,0.0,0.0
cnv_depth__IBNLCO_01384__IBNLCO_01384__gene__promoter,0.0,0.0
cnv_depth__IBNLCO_01384__Transmembrane__CDS,0.0,0.0
cnv_depth__IBNLCO_01383__tssF__gene,0.0,0.0
cnv_depth__IBNLCO_01383__Type__CDS__promoter,0.0,0.0
cnv_depth__IBNLCO_01382__hypothetical__CDS__promoter,0.0,0.0
cnv_depth__IBNLCO_01382__hypothetical__CDS,0.0,0.0
cnv_depth__IBNLCO_01381__IBNLCO_01381__gene,0.0,0.0
cnv_depth__IBNLCO_01381__Alpha/beta__CDS__promoter,0.0,0.0
cnv_depth__IBNLCO_01380__Ricin-type__CDS__promoter,0.0,0.0
cnv_depth__IBNLCO_01380__Ricin-type__CDS,0.0,0.0
cnv_depth__IBNLCO_01379__Cytochrome__CDS__promoter,0.0,0.0
cnv_depth__IBNLCO_01378__SCO__CDS__promoter,0.0,0.0
cnv_depth__IBNLCO_01378__IBNLCO_01378__gene,0.0,0.0
cnv_depth__IBNLCO_01385__IBNLCO_01385__gene,0.0,0.0
cnv_depth__IBNLCO_01495__Translation__CDS__promoter,0.0,0.0
cnv_depth__IBNLCO_01493__trnV__gene,0.0,0.0
cnv_depth__IBNLCO_01492__IBNLCO_01492__gene,0.0,0.0
cnv_depth__IBNLCO_01492__GTP__CDS__promoter,0.0,0.0
cnv_depth__IBNLCO_01491__IBNLCO_01491__gene,0.0,0.0
cnv_depth__IBNLCO_01491__2-iminobutanoate/2-iminopropanoate__CDS__promoter,0.0,0.0
cnv_depth__IBNLCO_01490__IBNLCO_01490__gene,0.0,0.0
cnv_depth__IBNLCO_01489__hypothetical__CDS,0.0,0.0
cnv_depth__IBNLCO_01489__hypothetical__CDS__promoter,0.0,0.0
cnv_depth__IBNLCO_01488__LysR__CDS,0.0,0.0
cnv_depth__IBNLCO_01488__LysR__CDS__promoter,0.0,0.0
cnv_depth__IBNLCO_01486__hypothetical__CDS__promoter,0.0,0.0
cnv_depth__IBNLCO_01439__IBNLCO_01439__gene,0.0,0.0
cnv_depth__IBNLCO_01485__2%2C3-dihydro-2%2C3-dihydroxybenzoate__CDS__promoter,0.0,0.0
cnv_depth__IBNLCO_01485__IBNLCO_01485__gene,0.0,0.0
cnv_depth__IBNLCO_01484__3-oxoadipate__CDS__promoter,0.0,0.0
cnv_depth__IBNLCO_01483__IBNLCO_01483__gene,0.0,0.0
cnv_depth__IBNLCO_01483__3-oxoacid__CDS__promoter,0.0,0.0
cnv_depth__IBNLCO_01482__HTH__CDS__promoter,0.0,0.0
cnv_depth__IBNLCO_01482__IBNLCO_01482__gene,0.0,0.0
cnv_depth__IBNLCO_01481__IBNLCO_01481__gene,0.0,0.0
cnv_depth__IBNLCO_01480__IBNLCO_01480__gene,0.0,0.0
cnv_depth__IBNLCO_01479__IBNLCO_01479__gene,0.0,0.0
cnv_depth__IBNLCO_01477__IBNLCO_01477__gene,0.0,0.0
cnv_depth__IBNLCO_01476__IBNLCO_01476__gene,0.0,0.0
cnv_depth__IBNLCO_01475__Bcj11__gene__promoter,0.0,0.0
cnv_depth__IBNLCO_01486__IBNLCO_01486__gene,0.0,0.0
cnv_depth__IBNLCO_01523__tRNA__CDS,0.0,0.0
cnv_depth__IBNLCO_01522__Ribosome-binding__CDS,0.0,0.0
cnv_depth__IBNLCO_01521__IBNLCO_01521__gene,0.0,0.0
cnv_depth__IBNLCO_01518__Bp1_162__gene__promoter,0.0,0.0
cnv_depth__IBNLCO_01519__rimP__gene__promoter,0.0,0.0
cnv_depth__IBNLCO_01518__Bp1_162__gene,0.0,0.0
cnv_depth__IBNLCO_01517__IBNLCO_01517__gene__promoter,0.0,0.0
cnv_depth__IBNLCO_01516__IBNLCO_01516__gene,0.0,0.0
cnv_depth__IBNLCO_01516__Segregation__CDS__promoter,0.0,0.0
cnv_depth__IBNLCO_01515__DNA-binding__CDS,0.0,0.0
cnv_depth__IBNLCO_01514__Insertion__CDS__promoter,0.0,0.0
cnv_depth__IBNLCO_01514__IBNLCO_01514__gene,0.0,0.0
cnv_depth__IBNLCO_01498__IBNLCO_01498__gene,0.0,0.0
cnv_depth__IBNLCO_01508__IBNLCO_01508__gene,0.0,0.0
cnv_depth__IBNLCO_01507__NlpB/DapX__CDS,0.0,0.0
cnv_depth__IBNLCO_01507__IBNLCO_01507__gene__promoter,0.0,0.0
cnv_depth__IBNLCO_01506__IBNLCO_01506__gene,0.0,0.0
cnv_depth__IBNLCO_01505__IBNLCO_01505__gene__promoter,0.0,0.0
cnv_depth__IBNLCO_01505__gnl|Bakta|IBNLCO_01505__CDS,0.0,0.0
cnv_depth__IBNLCO_01502__IBNLCO_01502__gene,0.0,0.0
cnv_depth__IBNLCO_01501__Transcriptional__CDS,0.0,0.0
cnv_depth__IBNLCO_01501__IBNLCO_01501__gene__promoter,0.0,0.0
cnv_depth__IBNLCO_01500__IBNLCO_01500__gene,0.0,0.0
cnv_depth__IBNLCO_01500__Integration__CDS__promoter,0.0,0.0
cnv_depth__IBNLCO_01499__Phenylalanine--tRNA__CDS,0.0,0.0
cnv_depth__IBNLCO_01499__IBNLCO_01499__gene__promoter,0.0,0.0
cnv_depth__IBNLCO_01511__IBNLCO_01511__gene,0.0,0.0
cnv_depth__IBNLCO_01453__IBNLCO_01453__gene,0.0,0.0
cnv_depth__IBNLCO_01453__hypothetical__CDS__promoter,0.0,0.0
cnv_depth__IBNLCO_01452__IBNLCO_01452__gene,0.0,0.0
cnv_depth__IBNLCO_01452__histidine__CDS__promoter,0.0,0.0
cnv_depth__IBNLCO_01451__fecR__gene,0.0,0.0
cnv_depth__IBNLCO_01451__FecR__CDS__promoter,0.0,0.0
cnv_depth__IBNLCO_01450__IBNLCO_01450__gene,0.0,0.0
cnv_depth__IBNLCO_01449__IBNLCO_01449__gene,0.0,0.0
cnv_depth__IBNLCO_01449__gnl|Bakta|IBNLCO_01449__CDS__promoter,0.0,0.0
cnv_depth__IBNLCO_01448__tusA__gene,0.0,0.0
cnv_depth__IBNLCO_01448__Sulfurtransferase__CDS__promoter,0.0,0.0
cnv_depth__IBNLCO_01447__IBNLCO_01447__gene,0.0,0.0
cnv_depth__IBNLCO_01474__lplT__gene,0.0,0.0
cnv_depth__IBNLCO_01446__IBNLCO_01446__gene,0.0,0.0
cnv_depth__IBNLCO_01446__Myo-inositol__CDS__promoter,0.0,0.0
cnv_depth__IBNLCO_01445__IBNLCO_01445__gene,0.0,0.0
cnv_depth__IBNLCO_01445__SIS__CDS__promoter,0.0,0.0
cnv_depth__IBNLCO_01444__luxP__gene,0.0,0.0
cnv_depth__IBNLCO_01443__Xylose__CDS__promoter,0.0,0.0
cnv_depth__IBNLCO_01443__xylH__gene,0.0,0.0
cnv_depth__IBNLCO_01442__ABC__CDS__promoter,0.0,0.0
cnv_depth__IBNLCO_01442__IBNLCO_01442__gene,0.0,0.0
cnv_depth__IBNLCO_01441__gnl|Bakta|IBNLCO_01441__CDS__promoter,0.0,0.0
cnv_depth__IBNLCO_01441__IBNLCO_01441__gene,0.0,0.0
cnv_depth__IBNLCO_01439__Inosose__CDS__promoter,0.0,0.0
cnv_depth__IBNLCO_01440__IBNLCO_01440__gene,0.0,0.0
cnv_depth__IBNLCO_01447__Myo-inositol__CDS__promoter,0.0,0.0
cnv_depth__IBNLCO_01474__Lysophospholipid__CDS__promoter,0.0,0.0
cnv_depth__IBNLCO_01473__IBNLCO_01473__gene,0.0,0.0
cnv_depth__IBNLCO_01473__CBS__CDS__promoter,0.0,0.0
cnv_depth__IBNLCO_01472__IBNLCO_01472__gene,0.0,0.0
cnv_depth__IBNLCO_01471__IBNLCO_01471__gene,0.0,0.0
cnv_depth__IBNLCO_01470__IBNLCO_01470__gene,0.0,0.0
cnv_depth__IBNLCO_01469__IBNLCO_01469__gene,0.0,0.0
cnv_depth__IBNLCO_01468__FAD-binding__CDS__promoter,0.0,0.0
cnv_depth__IBNLCO_01468__IBNLCO_01468__gene,0.0,0.0
cnv_depth__IBNLCO_01467__cpdA__gene,0.0,0.0
cnv_depth__IBNLCO_01466__IBNLCO_01466__gene,0.0,0.0
cnv_depth__IBNLCO_01466__hypothetical__CDS__promoter,0.0,0.0
cnv_depth__IBNLCO_01454__IBNLCO_01454__gene,0.0,0.0
cnv_depth__IBNLCO_01464__IBNLCO_01464__gene,0.0,0.0
cnv_depth__IBNLCO_01463__IBNLCO_01463__gene,0.0,0.0
cnv_depth__IBNLCO_01461__Efflux__CDS__promoter,0.0,0.0
cnv_depth__IBNLCO_01461__IBNLCO_01461__gene,0.0,0.0
cnv_depth__IBNLCO_01460__hypothetical__CDS__promoter,0.0,0.0
cnv_depth__IBNLCO_01460__IBNLCO_01460__gene,0.0,0.0
cnv_depth__IBNLCO_01459__IBNLCO_01459__gene,0.0,0.0
cnv_depth__IBNLCO_01459__Methyl-accepting__CDS__promoter,0.0,0.0
cnv_depth__IBNLCO_01458__MFS__CDS__promoter,0.0,0.0
cnv_depth__IBNLCO_01458__IBNLCO_01458__gene,0.0,0.0
cnv_depth__IBNLCO_01457__IBNLCO_01457__gene,0.0,0.0
cnv_depth__IBNLCO_01456__IBNLCO_01456__gene,0.0,0.0
cnv_depth__IBNLCO_01455__IBNLCO_01455__gene,0.0,0.0
cnv_depth__IBNLCO_01465__IBNLCO_01465__gene,0.0,0.0
cnv_depth__IBNLCO_01246__hypothetical__CDS__promoter,0.0,0.0
cnv_depth__IBNLCO_01245__DUF1223__CDS,0.0,0.0
cnv_depth__IBNLCO_01245__IBNLCO_01245__gene__promoter,0.0,0.0
cnv_depth__unknown__unknown__regulatory.3,0.0,0.0
cnv_depth__IBNLCO_01243__IBNLCO_01243__gene__promoter,0.0,0.0
cnv_depth__IBNLCO_01240__EamA__CDS__promoter,0.0,0.0
cnv_depth__IBNLCO_01240__EamA__CDS,0.0,0.0
cnv_depth__IBNLCO_01239__IBNLCO_01239__gene__promoter,0.0,0.0
cnv_depth__IBNLCO_01237__Aminoacyl-tRNA__CDS,0.0,0.0
cnv_depth__IBNLCO_01237__IBNLCO_01237__gene__promoter,0.0,0.0
cnv_depth__IBNLCO_01236__hypothetical__CDS,0.0,0.0
cnv_depth__IBNLCO_01235__hypothetical__CDS,0.0,0.0
cnv_depth__IBNLCO_01359__Glycogen__CDS,0.0,0.0
cnv_depth__IBNLCO_01234__RecBCD__CDS,0.0,0.0
cnv_depth__IBNLCO_01234__RecBCD__CDS__promoter,0.0,0.0
cnv_depth__IBNLCO_01233__RecBCD__CDS,0.0,0.0
cnv_depth__IBNLCO_01227__fbpC__gene__promoter,0.0,0.0
cnv_depth__IBNLCO_01227__Fe(3+)__CDS,0.0,0.0
cnv_depth__IBNLCO_01225__Cysteine__CDS,0.0,0.0
cnv_depth__IBNLCO_01224__IBNLCO_01224__gene,0.0,0.0
cnv_depth__IBNLCO_01223__Transcriptional__CDS,0.0,0.0
cnv_depth__IBNLCO_01222__IBNLCO_01222__gene__promoter,0.0,0.0
cnv_depth__IBNLCO_01221__IBNLCO_01221__gene__promoter,0.0,0.0
cnv_depth__IBNLCO_01221__Tat__CDS,0.0,0.0
cnv_depth__IBNLCO_01220__ncS54__gene,0.0,0.0
cnv_depth__IBNLCO_01219__IBNLCO_01219__gene__promoter,0.0,0.0
cnv_depth__IBNLCO_01235__IBNLCO_01235__gene__promoter,0.0,0.0
cnv_depth__IBNLCO_01264__Transcriptional__CDS,0.0,0.0
cnv_depth__IBNLCO_01263__IBNLCO_01263__gene__promoter,0.0,0.0
cnv_depth__IBNLCO_01262__DUF1326__CDS,0.0,0.0
cnv_depth__IBNLCO_01262__IBNLCO_01262__gene__promoter,0.0,0.0
cnv_depth__IBNLCO_01261__IBNLCO_01261__gene__promoter,0.0,0.0
cnv_depth__IBNLCO_01261__diguanylate__CDS,0.0,0.0
cnv_depth__IBNLCO_01260__IBNLCO_01260__gene__promoter,0.0,0.0
cnv_depth__IBNLCO_01260__Transmembrane__CDS,0.0,0.0
cnv_depth__IBNLCO_01259__IBNLCO_01259__gene__promoter,0.0,0.0
cnv_depth__IBNLCO_01259__Sugar__CDS,0.0,0.0
cnv_depth__IBNLCO_01258__LacI__CDS,0.0,0.0
cnv_depth__IBNLCO_01257__IBNLCO_01257__gene__promoter,0.0,0.0
cnv_depth__IBNLCO_01246__hypothetical__CDS,0.0,0.0
cnv_depth__IBNLCO_01256__ABC__CDS,0.0,0.0
cnv_depth__IBNLCO_01255__IBNLCO_01255__gene__promoter,0.0,0.0
cnv_depth__IBNLCO_01253__Spermidine/putrescine__CDS,0.0,0.0
cnv_depth__IBNLCO_01252__IBNLCO_01252__gene__promoter,0.0,0.0
cnv_depth__IBNLCO_01252__Calcineurin-like__CDS,0.0,0.0
cnv_depth__IBNLCO_01251__Histidine__CDS,0.0,0.0
cnv_depth__IBNLCO_01251__IBNLCO_01251__gene__promoter,0.0,0.0
cnv_depth__IBNLCO_01250__Membrane-anchored__CDS,0.0,0.0
cnv_depth__IBNLCO_01249__IBNLCO_01249__gene__promoter,0.0,0.0
cnv_depth__IBNLCO_01249__Major__CDS,0.0,0.0
cnv_depth__IBNLCO_01248__EamA__CDS,0.0,0.0
cnv_depth__IBNLCO_01248__eamA__gene__promoter,0.0,0.0
cnv_depth__IBNLCO_01247__hypothetical__CDS__promoter,0.0,0.0
cnv_depth__IBNLCO_01257__Putative__CDS,0.0,0.0
cnv_depth__IBNLCO_01178__IBNLCO_01178__gene,0.0,0.0
cnv_depth__IBNLCO_01178__IBNLCO_01178__gene__promoter,0.0,0.0
cnv_depth__IBNLCO_01176__IBNLCO_01176__gene,0.0,0.0
cnv_depth__IBNLCO_01175__Acyl-CoA__CDS__promoter,0.0,0.0
cnv_depth__IBNLCO_01174__IBNLCO_01174__gene,0.0,0.0
cnv_depth__IBNLCO_01174__IBNLCO_01174__gene__promoter,0.0,0.0
cnv_depth__IBNLCO_01171__IBNLCO_01171__gene__promoter,0.0,0.0
cnv_depth__IBNLCO_01170__IBNLCO_01170__gene,0.0,0.0
cnv_depth__IBNLCO_01170__IBNLCO_01170__gene__promoter,0.0,0.0
cnv_depth__IBNLCO_01169__NADH-quinone__CDS,0.0,0.0
cnv_depth__IBNLCO_01169__IBNLCO_01169__gene__promoter,0.0,0.0
cnv_depth__IBNLCO_01168__NADH-quinone__CDS,0.0,0.0
cnv_depth__IBNLCO_01217__mdtB__gene,0.0,0.0
cnv_depth__IBNLCO_01161__IBNLCO_01161__gene__promoter,0.0,0.0
cnv_depth__IBNLCO_01160__NADH-quinone__CDS,0.0,0.0
cnv_depth__IBNLCO_01159__IBNLCO_01159__gene__promoter,0.0,0.0
cnv_depth__IBNLCO_01157__trnL__gene__promoter,0.0,0.0
cnv_depth__IBNLCO_01156__IBNLCO_01156__gene,0.0,0.0
cnv_depth__IBNLCO_01156__IBNLCO_01156__gene__promoter,0.0,0.0
cnv_depth__IBNLCO_01152__IBNLCO_01152__gene__promoter,0.0,0.0
cnv_depth__IBNLCO_01151__IBNLCO_01151__gene,0.0,0.0
cnv_depth__IBNLCO_01150__bamE__gene__promoter,0.0,0.0
cnv_depth__IBNLCO_01149__Carbonic__CDS__promoter,0.0,0.0
cnv_depth__IBNLCO_01148__SLC26A/SulP__CDS,0.0,0.0
cnv_depth__IBNLCO_01144__IBNLCO_01144__gene__promoter,0.0,0.0
cnv_depth__IBNLCO_01143__IBNLCO_01143__gene,0.0,0.0
cnv_depth__IBNLCO_01163__NADH-quinone__CDS__promoter,0.0,0.0
cnv_depth__IBNLCO_01216__mdtC__gene,0.0,0.0
cnv_depth__IBNLCO_01215__IBNLCO_01215__gene__promoter,0.0,0.0
cnv_depth__IBNLCO_01215__hypothetical__CDS,0.0,0.0
cnv_depth__IBNLCO_01214__IBNLCO_01214__gene,0.0,0.0
cnv_depth__IBNLCO_01213__cyclic__CDS,0.0,0.0
cnv_depth__IBNLCO_01212__IBNLCO_01212__gene,0.0,0.0
cnv_depth__IBNLCO_01211__Bll4479__CDS,0.0,0.0
cnv_depth__IBNLCO_01208__IBNLCO_01208__gene,0.0,0.0
cnv_depth__IBNLCO_01208__Cytochrome__CDS__promoter,0.0,0.0
cnv_depth__IBNLCO_01207__IBNLCO_01207__gene,0.0,0.0
cnv_depth__IBNLCO_01207__Cytochrome__CDS__promoter,0.0,0.0
cnv_depth__IBNLCO_01206__C-type__CDS,0.0,0.0
cnv_depth__IBNLCO_01179__IBNLCO_01179__gene,0.0,0.0
cnv_depth__IBNLCO_01205__Peptidase__CDS__promoter,0.0,0.0
cnv_depth__IBNLCO_01204__IBNLCO_01204__gene,0.0,0.0
cnv_depth__IBNLCO_01203__Solute-binding__CDS__promoter,0.0,0.0
cnv_depth__IBNLCO_01200__IBNLCO_01200__gene,0.0,0.0
cnv_depth__IBNLCO_01198__IBNLCO_01198__gene,0.0,0.0
cnv_depth__IBNLCO_01192__IBNLCO_01192__gene__promoter,0.0,0.0
cnv_depth__IBNLCO_01191__IBNLCO_01191__gene,0.0,0.0
cnv_depth__IBNLCO_01187__IBNLCO_01187__gene,0.0,0.0
cnv_depth__IBNLCO_01187__IBNLCO_01187__gene__promoter,0.0,0.0
cnv_depth__IBNLCO_01185__IBNLCO_01185__gene__promoter,0.0,0.0
cnv_depth__IBNLCO_01181__IBNLCO_01181__gene,0.0,0.0
cnv_depth__IBNLCO_01180__IBNLCO_01180__gene__promoter,0.0,0.0
cnv_depth__IBNLCO_01180__Acyl-CoA__CDS,0.0,0.0
cnv_depth__IBNLCO_01205__Peptidase__CDS,0.0,0.0
cnv_depth__IBNLCO_01333__tRNA-Pro(tgg)__tRNA,0.0,0.0
cnv_depth__IBNLCO_01328__IBNLCO_01328__gene__promoter,0.0,0.0
cnv_depth__IBNLCO_01327__Membrane__CDS,0.0,0.0
cnv_depth__IBNLCO_01326__IBNLCO_01326__gene__promoter,0.0,0.0
cnv_depth__IBNLCO_01325__gnl|Bakta|IBNLCO_01325__CDS,0.0,0.0
cnv_depth__IBNLCO_01324__Polyphosphate__CDS,0.0,0.0
cnv_depth__IBNLCO_01322__phoB__gene__promoter,0.0,0.0
cnv_depth__IBNLCO_01319__Phosphate__CDS,0.0,0.0
cnv_depth__IBNLCO_01318__Phosphate__CDS,0.0,0.0
cnv_depth__IBNLCO_01317__Phosphate-binding__CDS,0.0,0.0
cnv_depth__IBNLCO_01317__pstS__gene__promoter,0.0,0.0
cnv_depth__IBNLCO_01316__Phosphoglucosamine__CDS,0.0,0.0
cnv_depth__IBNLCO_01265__gntR__gene__promoter,0.0,0.0
cnv_depth__IBNLCO_01315__Dihydropteroate__CDS,0.0,0.0
cnv_depth__IBNLCO_01315__IBNLCO_01315__gene__promoter,0.0,0.0
cnv_depth__IBNLCO_01313__IBNLCO_01313__gene__promoter,0.0,0.0
cnv_depth__IBNLCO_01312__CRM__CDS,0.0,0.0
cnv_depth__IBNLCO_01311__IBNLCO_01311__gene__promoter,0.0,0.0
cnv_depth__IBNLCO_01310__Transcription__CDS,0.0,0.0
cnv_depth__IBNLCO_01310__greA__gene__promoter,0.0,0.0
cnv_depth__IBNLCO_01309__Carbamoyl__CDS,0.0,0.0
cnv_depth__IBNLCO_01308__Uncharacterized__CDS,0.0,0.0
cnv_depth__IBNLCO_01308__IBNLCO_01308__gene__promoter,0.0,0.0
cnv_depth__IBNLCO_01307__Carbamoyl__CDS,0.0,0.0
cnv_depth__IBNLCO_01307__IBNLCO_01307__gene__promoter,0.0,0.0
cnv_depth__IBNLCO_01306__Transcriptional__CDS,0.0,0.0
cnv_depth__IBNLCO_01316__IBNLCO_01316__gene__promoter,0.0,0.0
cnv_depth__IBNLCO_01358__IBNLCO_01358__gene__promoter,0.0,0.0
cnv_depth__IBNLCO_01357__IBNLCO_01357__gene__promoter,0.0,0.0
cnv_depth__IBNLCO_01358__Malto-oligosyltrehalose__CDS,0.0,0.0
cnv_depth__IBNLCO_01357__gnl|Bakta|IBNLCO_01357__CDS,0.0,0.0
cnv_depth__IBNLCO_01356__hypothetical__CDS,0.0,0.0
cnv_depth__IBNLCO_01355__Tryptophan__CDS,0.0,0.0
cnv_depth__IBNLCO_01355__IBNLCO_01355__gene__promoter,0.0,0.0
cnv_depth__IBNLCO_01354__gnl|Bakta|IBNLCO_01354__CDS,0.0,0.0
cnv_depth__IBNLCO_01353__Transcriptional__CDS,0.0,0.0
cnv_depth__IBNLCO_01352__SAM-dependent__CDS,0.0,0.0
cnv_depth__IBNLCO_01351__IBNLCO_01351__gene__promoter,0.0,0.0
cnv_depth__IBNLCO_01349__IBNLCO_01349__gene__promoter,0.0,0.0
cnv_depth__IBNLCO_01334__sixA__gene__promoter,0.0,0.0
cnv_depth__IBNLCO_01345__tRNA-Arg(tct)__tRNA,0.0,0.0
cnv_depth__IBNLCO_01343__Galactose__CDS,0.0,0.0
cnv_depth__IBNLCO_01342__Murein__CDS,0.0,0.0
cnv_depth__IBNLCO_01341__hypothetical__CDS,0.0,0.0
cnv_depth__IBNLCO_01341__IBNLCO_01341__gene__promoter,0.0,0.0
cnv_depth__IBNLCO_01340__Acetyl-coenzyme__CDS,0.0,0.0
cnv_depth__IBNLCO_01339__IBNLCO_01339__gene__promoter,0.0,0.0
cnv_depth__IBNLCO_01339__hypothetical__CDS,0.0,0.0
cnv_depth__IBNLCO_01338__IBNLCO_01338__gene__promoter,0.0,0.0
cnv_depth__IBNLCO_01338__Na+__CDS,0.0,0.0
cnv_depth__IBNLCO_01335__IBNLCO_01335__gene__promoter,0.0,0.0
cnv_depth__IBNLCO_01334__Phosphohistidine__CDS,0.0,0.0
cnv_depth__IBNLCO_01333__trnP__gene__promoter,0.0,0.0
cnv_depth__IBNLCO_01350__DUF4123__CDS,0.0,0.0
cnv_depth__IBNLCO_01285__IBNLCO_01285__gene__promoter,0.0,0.0
cnv_depth__IBNLCO_01284__hypothetical__CDS,0.0,0.0
cnv_depth__IBNLCO_01282__HTH-type__CDS,0.0,0.0
cnv_depth__IBNLCO_01281__IBNLCO_01281__gene__promoter,0.0,0.0
cnv_depth__IBNLCO_01280__Phosphoenolpyruvate__CDS,0.0,0.0
cnv_depth__IBNLCO_01279__hypothetical__CDS,0.0,0.0
cnv_depth__IBNLCO_01277__IBNLCO_01277__gene__promoter,0.0,0.0
cnv_depth__IBNLCO_01277__SHSP__CDS,0.0,0.0
cnv_depth__IBNLCO_01276__gntR__gene__promoter,0.0,0.0
cnv_depth__IBNLCO_01276__GntR__CDS,0.0,0.0
cnv_depth__IBNLCO_01275__hypothetical__CDS,0.0,0.0
cnv_depth__IBNLCO_01274__IBNLCO_01274__gene__promoter,0.0,0.0
cnv_depth__IBNLCO_01305__AttH__CDS,0.0,0.0
cnv_depth__IBNLCO_01274__Nitrite/sulfite__CDS,0.0,0.0
cnv_depth__IBNLCO_01273__DUF934__CDS,0.0,0.0
cnv_depth__IBNLCO_01271__Enoyl-[acyl-carrier-protein]__CDS,0.0,0.0
cnv_depth__IBNLCO_01271__fabL__gene__promoter,0.0,0.0
cnv_depth__IBNLCO_01270__lysR__gene__promoter,0.0,0.0
cnv_depth__IBNLCO_01270__LysR__CDS,0.0,0.0
cnv_depth__IBNLCO_01269__IBNLCO_01269__gene__promoter,0.0,0.0
cnv_depth__IBNLCO_01269__DUF2239__CDS,0.0,0.0
cnv_depth__IBNLCO_01268__IBNLCO_01268__gene__promoter,0.0,0.0
cnv_depth__IBNLCO_01268__gnl|Bakta|IBNLCO_01268__CDS,0.0,0.0
cnv_depth__IBNLCO_01267__Glutamine--fructose-6-phosphate__CDS,0.0,0.0
cnv_depth__IBNLCO_01265__Transcriptional__CDS,0.0,0.0
cnv_depth__IBNLCO_01264__IBNLCO_01264__gene__promoter,0.0,0.0
cnv_depth__IBNLCO_01273__IBNLCO_01273__gene__promoter,0.0,0.0
cnv_depth__IBNLCO_01304__Major__CDS,0.0,0.0
cnv_depth__IBNLCO_01304__IBNLCO_01304__gene__promoter,0.0,0.0
cnv_depth__IBNLCO_01303__Soluble__CDS,0.0,0.0
cnv_depth__IBNLCO_01303__IBNLCO_01303__gene__promoter,0.0,0.0
cnv_depth__IBNLCO_01302__Hydroxyacylglutathione__CDS,0.0,0.0
cnv_depth__IBNLCO_01302__IBNLCO_01302__gene__promoter,0.0,0.0
cnv_depth__IBNLCO_01300__IBNLCO_01300__gene__promoter,0.0,0.0
cnv_depth__IBNLCO_01301__SAM-dependent__CDS,0.0,0.0
cnv_depth__IBNLCO_01300__Ribonuclease__CDS,0.0,0.0
cnv_depth__IBNLCO_01299__IBNLCO_01299__gene__promoter,0.0,0.0
cnv_depth__IBNLCO_01298__UPF0060__CDS,0.0,0.0
cnv_depth__IBNLCO_01298__IBNLCO_01298__gene__promoter,0.0,0.0
cnv_depth__IBNLCO_01297__L-Proline/Glycine__CDS,0.0,0.0
cnv_depth__IBNLCO_01286__Malonate__CDS,0.0,0.0
cnv_depth__IBNLCO_01295__Serine__CDS,0.0,0.0
cnv_depth__IBNLCO_01295__IBNLCO_01295__gene__promoter,0.0,0.0
cnv_depth__IBNLCO_01294__hypothetical__CDS,0.0,0.0
cnv_depth__IBNLCO_01294__IBNLCO_01294__gene__promoter,0.0,0.0
cnv_depth__IBNLCO_01293__phospholipase__CDS,0.0,0.0
cnv_depth__IBNLCO_01293__IBNLCO_01293__gene__promoter,0.0,0.0
cnv_depth__IBNLCO_01292__hypothetical__CDS,0.0,0.0
cnv_depth__IBNLCO_01292__IBNLCO_01292__gene__promoter,0.0,0.0
cnv_depth__IBNLCO_01289__Biotin-independent__CDS,0.0,0.0
cnv_depth__IBNLCO_01288__Putative__CDS,0.0,0.0
cnv_depth__IBNLCO_01288__IBNLCO_01288__gene__promoter,0.0,0.0
cnv_depth__IBNLCO_01287__Malonate__CDS,0.0,0.0
cnv_depth__IBNLCO_01287__IBNLCO_01287__gene__promoter,0.0,0.0
cnv_depth__IBNLCO_01296__GST__CDS,0.0,0.0
cnv_depth__IBNLCO_00217__hypothetical__CDS,0.0,0.0
cnv_depth__IBNLCO_00216__Stress__CDS,0.0,0.0
cnv_depth__IBNLCO_00215__IBNLCO_00215__gene,0.0,0.0
cnv_depth__IBNLCO_00215__IBNLCO_00215__gene__promoter,0.0,0.0
cnv_depth__IBNLCO_00214__IBNLCO_00214__gene__promoter,0.0,0.0
cnv_depth__IBNLCO_00214__Major__CDS,0.0,0.0
cnv_depth__IBNLCO_00213__eamA__gene,0.0,0.0
cnv_depth__IBNLCO_00212__IBNLCO_00212__gene__promoter,0.0,0.0
cnv_depth__IBNLCO_00211__IBNLCO_00211__gene,0.0,0.0
cnv_depth__IBNLCO_00210__IBNLCO_00210__gene__promoter,0.0,0.0
cnv_depth__IBNLCO_00210__IBNLCO_00210__gene,0.0,0.0
cnv_depth__IBNLCO_00209__IBNLCO_00209__gene,0.0,0.0
cnv_depth__IBNLCO_00671__hypothetical__CDS__promoter,0.0,0.0
cnv_depth__IBNLCO_00207__IBNLCO_00207__gene__promoter,0.0,0.0
cnv_depth__IBNLCO_00206__IBNLCO_00206__gene__promoter,0.0,0.0
cnv_depth__IBNLCO_00206__IBNLCO_00206__gene,0.0,0.0
cnv_depth__IBNLCO_00205__IBNLCO_00205__gene__promoter,0.0,0.0
cnv_depth__IBNLCO_00205__IBNLCO_00205__gene,0.0,0.0
cnv_depth__IBNLCO_00204__3'%2C5'-cyclic-nucleotide__CDS__promoter,0.0,0.0
cnv_depth__IBNLCO_00204__3'%2C5'-cyclic-nucleotide__CDS,0.0,0.0
cnv_depth__IBNLCO_00203__Tyrosine__CDS__promoter,0.0,0.0
cnv_depth__IBNLCO_00203__Tyrosine__CDS,0.0,0.0
cnv_depth__IBNLCO_00202__IBNLCO_00202__gene__promoter,0.0,0.0
cnv_depth__IBNLCO_00202__PUA__CDS,0.0,0.0
cnv_depth__IBNLCO_00201__cobW__gene__promoter,0.0,0.0
cnv_depth__IBNLCO_00201__cobW__gene,0.0,0.0
cnv_depth__IBNLCO_00207__IBNLCO_00207__gene,0.0,0.0
cnv_depth__IBNLCO_00232__IBNLCO_00232__gene,0.0,0.0
cnv_depth__IBNLCO_00232__PepSY-associated__CDS__promoter,0.0,0.0
cnv_depth__IBNLCO_00231__flhB__gene,0.0,0.0
cnv_depth__IBNLCO_00231__Flagellar__CDS__promoter,0.0,0.0
cnv_depth__IBNLCO_00230__IBNLCO_00230__gene,0.0,0.0
cnv_depth__IBNLCO_00230__hypothetical__CDS__promoter,0.0,0.0
cnv_depth__IBNLCO_00229__Flagellar__CDS,0.0,0.0
cnv_depth__IBNLCO_00229__fliT__gene__promoter,0.0,0.0
cnv_depth__IBNLCO_00228__flagellar__CDS,0.0,0.0
cnv_depth__IBNLCO_00228__flagellar__CDS__promoter,0.0,0.0
cnv_depth__IBNLCO_00227__flagellar__CDS,0.0,0.0
cnv_depth__IBNLCO_00227__fliE__gene__promoter,0.0,0.0
cnv_depth__IBNLCO_00217__hypothetical__CDS__promoter,0.0,0.0
cnv_depth__IBNLCO_00225__fliG__gene__promoter,0.0,0.0
cnv_depth__IBNLCO_00226__fliF__gene,0.0,0.0
cnv_depth__IBNLCO_00224__fliH__gene__promoter,0.0,0.0
cnv_depth__IBNLCO_00225__flagellar__CDS,0.0,0.0
cnv_depth__IBNLCO_00223__fliI__gene,0.0,0.0
cnv_depth__IBNLCO_00222__flagellar__CDS__promoter,0.0,0.0
cnv_depth__IBNLCO_00221__flagellar__CDS,0.0,0.0
cnv_depth__IBNLCO_00220__Alcohol__CDS,0.0,0.0
cnv_depth__IBNLCO_00220__Alcohol__CDS__promoter,0.0,0.0
cnv_depth__IBNLCO_00219__Acyl-CoA__CDS__promoter,0.0,0.0
cnv_depth__IBNLCO_00219__Acyl-CoA__CDS,0.0,0.0
cnv_depth__IBNLCO_00218__IBNLCO_00218__gene__promoter,0.0,0.0
cnv_depth__IBNLCO_00218__Aldehyde__CDS,0.0,0.0
cnv_depth__IBNLCO_00226__flagellar__CDS__promoter,0.0,0.0
cnv_depth__IBNLCO_00186__IBNLCO_00186__gene,0.0,0.0
cnv_depth__IBNLCO_00185__IBNLCO_00185__gene,0.0,0.0
cnv_depth__IBNLCO_00185__Exodeoxyribonuclease__CDS__promoter,0.0,0.0
cnv_depth__IBNLCO_00184__IBNLCO_00184__gene,0.0,0.0
cnv_depth__IBNLCO_00184__Polyphosphate__CDS__promoter,0.0,0.0
cnv_depth__IBNLCO_00183__IBNLCO_00183__gene,0.0,0.0
cnv_depth__IBNLCO_00183__IBNLCO_00183__gene__promoter,0.0,0.0
cnv_depth__IBNLCO_00182__Glutamyl-tRNA(Gln)__CDS,0.0,0.0
cnv_depth__IBNLCO_00181__Aspartyl/glutamyl-tRNA(Asn/Gln)__CDS,0.0,0.0
cnv_depth__IBNLCO_00181__IBNLCO_00181__gene__promoter,0.0,0.0
cnv_depth__IBNLCO_00180__Cell__CDS__promoter,0.0,0.0
cnv_depth__IBNLCO_00180__mreB__gene,0.0,0.0
cnv_depth__IBNLCO_00200__dksA__gene__promoter,0.0,0.0
cnv_depth__IBNLCO_00178__mreD__gene__promoter,0.0,0.0
cnv_depth__IBNLCO_00179__mreC__gene,0.0,0.0
cnv_depth__IBNLCO_00178__mreD__gene,0.0,0.0
cnv_depth__IBNLCO_00177__mrdA__gene__promoter,0.0,0.0
cnv_depth__IBNLCO_00177__mrdA__gene,0.0,0.0
cnv_depth__IBNLCO_00176__mrdB__gene,0.0,0.0
cnv_depth__IBNLCO_00175__IBNLCO_00175__gene,0.0,0.0
cnv_depth__IBNLCO_00174__IBNLCO_00174__gene__promoter,0.0,0.0
cnv_depth__IBNLCO_00173__IBNLCO_00173__gene,0.0,0.0
cnv_depth__IBNLCO_00173__IBNLCO_00173__gene__promoter,0.0,0.0
cnv_depth__IBNLCO_00172__IBNLCO_00172__gene__promoter,0.0,0.0
cnv_depth__IBNLCO_00171__IBNLCO_00171__gene,0.0,0.0
cnv_depth__IBNLCO_00170__IBNLCO_00170__gene,0.0,0.0
cnv_depth__IBNLCO_00179__mreC__gene__promoter,0.0,0.0
cnv_depth__IBNLCO_00200__RNA__CDS,0.0,0.0
cnv_depth__IBNLCO_00199__clpQ__gene__promoter,0.0,0.0
cnv_depth__IBNLCO_00199__clpQ__gene,0.0,0.0
cnv_depth__IBNLCO_00198__hslU__gene__promoter,0.0,0.0
cnv_depth__IBNLCO_00198__ATP-dependent__CDS,0.0,0.0
cnv_depth__IBNLCO_00197__Response__CDS,0.0,0.0
cnv_depth__IBNLCO_00197__Response__CDS__promoter,0.0,0.0
cnv_depth__IBNLCO_00196__histidine__CDS,0.0,0.0
cnv_depth__IBNLCO_00196__histidine__CDS__promoter,0.0,0.0
cnv_depth__IBNLCO_00195__hypothetical__CDS,0.0,0.0
cnv_depth__IBNLCO_00195__IBNLCO_00195__gene__promoter,0.0,0.0
cnv_depth__IBNLCO_00194__IBNLCO_00194__gene__promoter,0.0,0.0
cnv_depth__IBNLCO_00186__IBNLCO_00186__gene__promoter,0.0,0.0
cnv_depth__IBNLCO_00194__Acetylglutamate__CDS,0.0,0.0
cnv_depth__IBNLCO_00192__slmA__gene__promoter,0.0,0.0
cnv_depth__IBNLCO_00193__HAD__CDS,0.0,0.0
cnv_depth__IBNLCO_00192__slmA__gene,0.0,0.0
cnv_depth__IBNLCO_00191__Homoserine__CDS__promoter,0.0,0.0
cnv_depth__IBNLCO_00190__Demethylrebeccamycin-D-glucose__CDS__promoter,0.0,0.0
cnv_depth__IBNLCO_00191__IBNLCO_00191__gene,0.0,0.0
cnv_depth__IBNLCO_00190__IBNLCO_00190__gene,0.0,0.0
cnv_depth__IBNLCO_00189__AmpG__CDS__promoter,0.0,0.0
cnv_depth__IBNLCO_00188__hypothetical__CDS__promoter,0.0,0.0
cnv_depth__IBNLCO_00189__ampG__gene,0.0,0.0
cnv_depth__IBNLCO_00188__IBNLCO_00188__gene,0.0,0.0
cnv_depth__IBNLCO_00187__yqhC__gene,0.0,0.0
cnv_depth__IBNLCO_00193__HAD__CDS__promoter,0.0,0.0
cnv_depth__IBNLCO_00286__IBNLCO_00286__gene__promoter,0.0,0.0
cnv_depth__IBNLCO_00285__IBNLCO_00285__gene,0.0,0.0
cnv_depth__IBNLCO_00285__IBNLCO_00285__gene__promoter,0.0,0.0
cnv_depth__IBNLCO_00284__IBNLCO_00284__gene,0.0,0.0
cnv_depth__IBNLCO_00283__IBNLCO_00283__gene__promoter,0.0,0.0
cnv_depth__IBNLCO_00284__IBNLCO_00284__gene__promoter,0.0,0.0
cnv_depth__IBNLCO_00283__IBNLCO_00283__gene,0.0,0.0
cnv_depth__IBNLCO_00282__IBNLCO_00282__gene,0.0,0.0
cnv_depth__IBNLCO_00282__IBNLCO_00282__gene__promoter,0.0,0.0
cnv_depth__IBNLCO_00281__IBNLCO_00281__gene,0.0,0.0
cnv_depth__IBNLCO_00281__IBNLCO_00281__gene__promoter,0.0,0.0
cnv_depth__IBNLCO_00280__IBNLCO_00280__gene,0.0,0.0
cnv_depth__IBNLCO_00233__Putative__CDS__promoter,0.0,0.0
cnv_depth__IBNLCO_00279__IBNLCO_00279__gene__promoter,0.0,0.0
cnv_depth__IBNLCO_00278__flgL__gene__promoter,0.0,0.0
cnv_depth__IBNLCO_00277__flgK__gene,0.0,0.0
cnv_depth__IBNLCO_00277__flgK__gene__promoter,0.0,0.0
cnv_depth__IBNLCO_00276__ycgR__gene,0.0,0.0
cnv_depth__IBNLCO_00276__ycgR__gene__promoter,0.0,0.0
cnv_depth__IBNLCO_00275__flgJ__gene,0.0,0.0
cnv_depth__IBNLCO_00275__flgJ__gene__promoter,0.0,0.0
cnv_depth__IBNLCO_00274__flgI__gene,0.0,0.0
cnv_depth__IBNLCO_00274__flgI__gene__promoter,0.0,0.0
cnv_depth__IBNLCO_00273__flgH__gene,0.0,0.0
cnv_depth__IBNLCO_00273__flgH__gene__promoter,0.0,0.0
cnv_depth__IBNLCO_00272__flgG__gene,0.0,0.0
cnv_depth__IBNLCO_00279__IBNLCO_00279__gene,0.0,0.0
cnv_depth__IBNLCO_00305__TPM__CDS__promoter,0.0,0.0
cnv_depth__IBNLCO_00304__lemA__gene,0.0,0.0
cnv_depth__IBNLCO_00304__lemA__gene__promoter,0.0,0.0
cnv_depth__IBNLCO_00303__Copper-translocating__CDS__promoter,0.0,0.0
cnv_depth__IBNLCO_00303__IBNLCO_00303__gene,0.0,0.0
cnv_depth__IBNLCO_00301__Secreted__CDS__promoter,0.0,0.0
cnv_depth__IBNLCO_00299__IBNLCO_00299__gene,0.0,0.0
cnv_depth__IBNLCO_00298__IBNLCO_00298__gene,0.0,0.0
cnv_depth__IBNLCO_00296__IBNLCO_00296__gene,0.0,0.0
cnv_depth__IBNLCO_00296__Manganese__CDS__promoter,0.0,0.0
cnv_depth__IBNLCO_00295__IBNLCO_00295__gene,0.0,0.0
cnv_depth__IBNLCO_00294__IBNLCO_00294__gene,0.0,0.0
cnv_depth__IBNLCO_00286__IBNLCO_00286__gene,0.0,0.0
cnv_depth__IBNLCO_00294__IBNLCO_00294__gene__promoter,0.0,0.0
cnv_depth__IBNLCO_00293__hypothetical__CDS__promoter,0.0,0.0
cnv_depth__IBNLCO_00293__IBNLCO_00293__gene,0.0,0.0
cnv_depth__IBNLCO_00292__hypothetical__CDS__promoter,0.0,0.0
cnv_depth__IBNLCO_00292__IBNLCO_00292__gene,0.0,0.0
cnv_depth__IBNLCO_00291__Carbohydrate__CDS__promoter,0.0,0.0
cnv_depth__IBNLCO_00291__IBNLCO_00291__gene,0.0,0.0
cnv_depth__IBNLCO_00290__IBNLCO_00290__gene,0.0,0.0
cnv_depth__IBNLCO_00289__IBNLCO_00289__gene,0.0,0.0
cnv_depth__IBNLCO_00288__IBNLCO_00288__gene__promoter,0.0,0.0
cnv_depth__IBNLCO_00288__IBNLCO_00288__gene,0.0,0.0
cnv_depth__IBNLCO_00287__IBNLCO_00287__gene__promoter,0.0,0.0
cnv_depth__IBNLCO_00287__IBNLCO_00287__gene,0.0,0.0
cnv_depth__IBNLCO_00295__IBNLCO_00295__gene__promoter,0.0,0.0
cnv_depth__IBNLCO_00250__hypothetical__CDS__promoter,0.0,0.0
cnv_depth__IBNLCO_00249__IBNLCO_00249__gene__promoter,0.0,0.0
cnv_depth__IBNLCO_00248__IBNLCO_00248__gene,0.0,0.0
cnv_depth__IBNLCO_00248__ABC-type__CDS__promoter,0.0,0.0
cnv_depth__IBNLCO_00247__ABC__CDS__promoter,0.0,0.0
cnv_depth__IBNLCO_00246__Dipeptide__CDS,0.0,0.0
cnv_depth__IBNLCO_00246__Dipeptide__CDS__promoter,0.0,0.0
cnv_depth__IBNLCO_00245__IBNLCO_00245__gene,0.0,0.0
cnv_depth__IBNLCO_00245__IBNLCO_00245__gene__promoter,0.0,0.0
cnv_depth__IBNLCO_00244__Proline/betaine__CDS,0.0,0.0
cnv_depth__IBNLCO_00244__IBNLCO_00244__gene__promoter,0.0,0.0
cnv_depth__IBNLCO_00243__IBNLCO_00243__gene,0.0,0.0
cnv_depth__IBNLCO_00272__flgG__gene__promoter,0.0,0.0
cnv_depth__IBNLCO_00242__lhgO__gene,0.0,0.0
cnv_depth__IBNLCO_00242__L-2-hydroxyglutarate__CDS__promoter,0.0,0.0
cnv_depth__IBNLCO_00241__IBNLCO_00241__gene,0.0,0.0
cnv_depth__IBNLCO_00241__Lon__CDS__promoter,0.0,0.0
cnv_depth__IBNLCO_00240__gnl|Bakta|IBNLCO_00240__CDS__promoter,0.0,0.0
cnv_depth__IBNLCO_00238__IBNLCO_00238__gene,0.0,0.0
cnv_depth__IBNLCO_00237__ferredoxin--NADP(+)__CDS__promoter,0.0,0.0
cnv_depth__IBNLCO_00237__IBNLCO_00237__gene,0.0,0.0
cnv_depth__IBNLCO_00236__histidine__CDS__promoter,0.0,0.0
cnv_depth__IBNLCO_00236__IBNLCO_00236__gene,0.0,0.0
cnv_depth__IBNLCO_00235__rqpR__gene,0.0,0.0
cnv_depth__IBNLCO_00234__bcaP__gene__promoter,0.0,0.0
cnv_depth__IBNLCO_00234__bcaP__gene,0.0,0.0
cnv_depth__IBNLCO_00243__hypothetical__CDS__promoter,0.0,0.0
cnv_depth__IBNLCO_00271__flgF__gene,0.0,0.0
cnv_depth__IBNLCO_00271__flgF__gene__promoter,0.0,0.0
cnv_depth__IBNLCO_00270__flgE__gene,0.0,0.0
cnv_depth__IBNLCO_00270__flgE__gene__promoter,0.0,0.0
cnv_depth__IBNLCO_00269__flgD__gene,0.0,0.0
cnv_depth__IBNLCO_00269__flgD__gene__promoter,0.0,0.0
cnv_depth__IBNLCO_00268__flagellar__CDS,0.0,0.0
cnv_depth__IBNLCO_00268__flgC__gene__promoter,0.0,0.0
cnv_depth__IBNLCO_00266__flagellar__CDS,0.0,0.0
cnv_depth__IBNLCO_00265__flgM__gene__promoter,0.0,0.0
cnv_depth__IBNLCO_00265__negative__CDS,0.0,0.0
cnv_depth__IBNLCO_00264__flgN__gene,0.0,0.0
cnv_depth__IBNLCO_00250__hypothetical__CDS,0.0,0.0
cnv_depth__IBNLCO_00262__IBNLCO_00262__gene,0.0,0.0
cnv_depth__IBNLCO_00262__IBNLCO_00262__gene__promoter,0.0,0.0
cnv_depth__IBNLCO_00261__IBNLCO_00261__gene,0.0,0.0
cnv_depth__IBNLCO_00259__Lytic__CDS,0.0,0.0
cnv_depth__IBNLCO_00257__IBNLCO_00257__gene,0.0,0.0
cnv_depth__IBNLCO_00256__IBNLCO_00256__gene__promoter,0.0,0.0
cnv_depth__IBNLCO_00257__IBNLCO_00257__gene__promoter,0.0,0.0
cnv_depth__IBNLCO_00256__5-oxoprolinase__CDS,0.0,0.0
cnv_depth__IBNLCO_00255__IBNLCO_00255__gene,0.0,0.0
cnv_depth__IBNLCO_00254__5-oxoprolinase__CDS,0.0,0.0
cnv_depth__IBNLCO_00252__IBNLCO_00252__gene__promoter,0.0,0.0
cnv_depth__IBNLCO_00253__DUF969__CDS,0.0,0.0
cnv_depth__IBNLCO_00252__gnl|Bakta|IBNLCO_00252__CDS,0.0,0.0
cnv_depth__IBNLCO_00263__IBNLCO_00263__gene,0.0,0.0
cnv_depth__IBNLCO_00046__Branched-chain__CDS,0.0,0.0
cnv_depth__IBNLCO_00045__araC__gene,0.0,0.0
cnv_depth__IBNLCO_00045__AraC__CDS__promoter,0.0,0.0
cnv_depth__IBNLCO_00044__IBNLCO_00044__gene,0.0,0.0
cnv_depth__IBNLCO_00044__Putative__CDS__promoter,0.0,0.0
cnv_depth__IBNLCO_00043__Type__CDS,0.0,0.0
cnv_depth__IBNLCO_00043__IBNLCO_00043__gene__promoter,0.0,0.0
cnv_depth__IBNLCO_00042__IBNLCO_00042__gene,0.0,0.0
cnv_depth__IBNLCO_00041__IBNLCO_00041__gene,0.0,0.0
cnv_depth__IBNLCO_00041__IBNLCO_00041__gene__promoter,0.0,0.0
cnv_depth__IBNLCO_00040__Transcriptional__CDS,0.0,0.0
cnv_depth__IBNLCO_00040__Transcriptional__CDS__promoter,0.0,0.0
cnv_depth__IBNLCO_00170__hypothetical__CDS__promoter,0.0,0.0
cnv_depth__IBNLCO_00039__histidine__CDS__promoter,0.0,0.0
cnv_depth__IBNLCO_00038__IBNLCO_00038__gene,0.0,0.0
cnv_depth__IBNLCO_00038__IBNLCO_00038__gene__promoter,0.0,0.0
cnv_depth__IBNLCO_00037__cmpD__gene,0.0,0.0
cnv_depth__IBNLCO_00037__cmpD__gene__promoter,0.0,0.0
cnv_depth__IBNLCO_00036__IBNLCO_00036__gene,0.0,0.0
cnv_depth__IBNLCO_00036__IBNLCO_00036__gene__promoter,0.0,0.0
cnv_depth__IBNLCO_00035__DUF2938__CDS,0.0,0.0
cnv_depth__IBNLCO_00034__SAM-dependent__CDS,0.0,0.0
cnv_depth__IBNLCO_00033__IBNLCO_00033__gene__promoter,0.0,0.0
cnv_depth__IBNLCO_00032__flagellar__CDS,0.0,0.0
cnv_depth__IBNLCO_00032__flagellar__CDS__promoter,0.0,0.0
cnv_depth__IBNLCO_00031__fliQ__gene,0.0,0.0
cnv_depth__IBNLCO_00039__IBNLCO_00039__gene,0.0,0.0
cnv_depth__IBNLCO_00060__IBNLCO_00060__gene__promoter,0.0,0.0
cnv_depth__IBNLCO_00061__mbtN__gene__promoter,0.0,0.0
cnv_depth__IBNLCO_00060__IBNLCO_00060__gene,0.0,0.0
cnv_depth__IBNLCO_00059__IBNLCO_00059__gene__promoter,0.0,0.0
cnv_depth__IBNLCO_00059__IBNLCO_00059__gene,0.0,0.0
cnv_depth__IBNLCO_00058__IBNLCO_00058__gene,0.0,0.0
cnv_depth__IBNLCO_00057__DUF1700__CDS,0.0,0.0
cnv_depth__IBNLCO_00057__IBNLCO_00057__gene__promoter,0.0,0.0
cnv_depth__IBNLCO_00056__Transcription__CDS,0.0,0.0
cnv_depth__IBNLCO_00056__padR__gene__promoter,0.0,0.0
cnv_depth__IBNLCO_00055__Glucose-methanol-choline__CDS__promoter,0.0,0.0
cnv_depth__IBNLCO_00055__Glucose-methanol-choline__CDS,0.0,0.0
cnv_depth__IBNLCO_00047__IBNLCO_00047__gene,0.0,0.0
cnv_depth__IBNLCO_00054__IBNLCO_00054__gene,0.0,0.0
cnv_depth__IBNLCO_00053__Molybdenum__CDS__promoter,0.0,0.0
cnv_depth__IBNLCO_00053__Molybdenum__CDS,0.0,0.0
cnv_depth__IBNLCO_00052__IBNLCO_00052__gene__promoter,0.0,0.0
cnv_depth__IBNLCO_00052__IBNLCO_00052__gene,0.0,0.0
cnv_depth__IBNLCO_00051__Phenylacetaldehyde__CDS__promoter,0.0,0.0
cnv_depth__IBNLCO_00051__IBNLCO_00051__gene,0.0,0.0
cnv_depth__IBNLCO_00050__IBNLCO_00050__gene,0.0,0.0
cnv_depth__IBNLCO_00049__Amino__CDS__promoter,0.0,0.0
cnv_depth__IBNLCO_00048__Branched-chain__CDS__promoter,0.0,0.0
cnv_depth__IBNLCO_00049__Amino__CDS,0.0,0.0
cnv_depth__IBNLCO_00047__Branched-chain__CDS__promoter,0.0,0.0
cnv_depth__IBNLCO_00048__IBNLCO_00048__gene,0.0,0.0
cnv_depth__IBNLCO_00054__Short-chain__CDS__promoter,0.0,0.0
cnv_depth__IBNLCO_00013__IBNLCO_00013__gene,0.0,0.0
cnv_depth__IBNLCO_00012__Type__CDS,0.0,0.0
cnv_depth__IBNLCO_00012__Type__CDS__promoter,0.0,0.0
cnv_depth__IBNLCO_00011__IBNLCO_00011__gene,0.0,0.0
cnv_depth__IBNLCO_00010__Type__CDS__promoter,0.0,0.0
cnv_depth__IBNLCO_00011__Type__CDS__promoter,0.0,0.0
cnv_depth__IBNLCO_00010__gspC__gene,0.0,0.0
cnv_depth__IBNLCO_00009__IBNLCO_00009__gene,0.0,0.0
cnv_depth__IBNLCO_00009__Type__CDS__promoter,0.0,0.0
cnv_depth__IBNLCO_00008__hxcR__gene,0.0,0.0
cnv_depth__IBNLCO_00008__Type__CDS__promoter,0.0,0.0
cnv_depth__IBNLCO_00007__Type__CDS,0.0,0.0
cnv_depth__IBNLCO_00031__flagellar__CDS__promoter,0.0,0.0
cnv_depth__IBNLCO_00004__Nucleoid__CDS__promoter,0.0,0.0
cnv_depth__IBNLCO_00003__tRNA__CDS__promoter,0.0,0.0
cnv_depth__IBNLCO_00003__tRNA__CDS,0.0,0.0
cnv_depth__IBNLCO_00002__Cation/H+__CDS__promoter,0.0,0.0
cnv_depth__IBNLCO_00002__IBNLCO_00002__gene,0.0,0.0
cnv_depth__IBNLCO_00001__IBNLCO_00001__gene__promoter,0.0,0.0
cnv_depth__unknown__unknown__source,0.0,0.0
cnv_depth__IBNLCO_00001__IBNLCO_00001__gene,0.0,0.0
cnv_depth__IBNLCO_05855__IBNLCO_05855__gene,0.0,0.0
cnv_depth__IBNLCO_00007__pilQ__gene__promoter,0.0,0.0
cnv_depth__IBNLCO_05846__histidine__CDS,0.0,0.0
cnv_depth__IBNLCO_05847__2-hydroxy-1%2C4-benzoquinone__CDS,0.0,0.0
cnv_depth__IBNLCO_00016__Type__CDS__promoter,0.0,0.0
cnv_depth__IBNLCO_00006__IBNLCO_00006__gene__promoter,0.0,0.0
cnv_depth__IBNLCO_00030__fliP__gene,0.0,0.0
cnv_depth__IBNLCO_00030__flagellar__CDS__promoter,0.0,0.0
cnv_depth__IBNLCO_00029__fliO__gene,0.0,0.0
cnv_depth__IBNLCO_00029__flagellar__CDS__promoter,0.0,0.0
cnv_depth__IBNLCO_00028__fliN__gene,0.0,0.0
cnv_depth__IBNLCO_00028__flagellar__CDS__promoter,0.0,0.0
cnv_depth__IBNLCO_00027__fliM__gene,0.0,0.0
cnv_depth__IBNLCO_00026__flagellar__CDS,0.0,0.0
cnv_depth__IBNLCO_00026__flagellar__CDS__promoter,0.0,0.0
cnv_depth__IBNLCO_00025__lrgB__gene,0.0,0.0
cnv_depth__IBNLCO_00025__LrgB__CDS__promoter,0.0,0.0
cnv_depth__IBNLCO_00023__lysR__gene,0.0,0.0
cnv_depth__IBNLCO_00014__hypothetical__CDS__promoter,0.0,0.0
cnv_depth__IBNLCO_00022__Multidrug__CDS__promoter,0.0,0.0
cnv_depth__IBNLCO_00021__hypothetical__CDS,0.0,0.0
cnv_depth__IBNLCO_00020__IBNLCO_00020__gene__promoter,0.0,0.0
cnv_depth__IBNLCO_00020__Multidrug__CDS,0.0,0.0
cnv_depth__IBNLCO_00019__Efflux__CDS__promoter,0.0,0.0
cnv_depth__IBNLCO_00019__Efflux__CDS,0.0,0.0
cnv_depth__IBNLCO_00018__IBNLCO_00018__gene,0.0,0.0
cnv_depth__IBNLCO_00018__Type__CDS__promoter,0.0,0.0
cnv_depth__IBNLCO_00017__Type__CDS,0.0,0.0
cnv_depth__IBNLCO_00017__IBNLCO_00017__gene__promoter,0.0,0.0
cnv_depth__IBNLCO_00016__gspL__gene,0.0,0.0
cnv_depth__IBNLCO_00005__yciC__gene,0.0,0.0
cnv_depth__IBNLCO_00015__hypothetical__CDS,0.0,0.0
cnv_depth__IBNLCO_00022__IBNLCO_00022__gene,0.0,0.0
cnv_depth__IBNLCO_00108__PNPLA__CDS,0.0,0.0
cnv_depth__IBNLCO_00108__PNPLA__CDS__promoter,0.0,0.0
cnv_depth__IBNLCO_00107__Thioesterase__CDS,0.0,0.0
cnv_depth__IBNLCO_00107__IBNLCO_00107__gene__promoter,0.0,0.0
cnv_depth__IBNLCO_00106__trnK__gene,0.0,0.0
cnv_depth__IBNLCO_00105__Tlde1__CDS__promoter,0.0,0.0
cnv_depth__IBNLCO_00104__Membrane__CDS__promoter,0.0,0.0
cnv_depth__IBNLCO_00105__Tlde1__CDS,0.0,0.0
cnv_depth__IBNLCO_00104__Membrane__CDS,0.0,0.0
cnv_depth__IBNLCO_00102__IBNLCO_00102__gene__promoter,0.0,0.0
cnv_depth__IBNLCO_00102__IBNLCO_00102__gene,0.0,0.0
cnv_depth__IBNLCO_00101__IBNLCO_00101__gene,0.0,0.0
cnv_depth__IBNLCO_00061__Acyl-[acyl-carrier-protein]__CDS,0.0,0.0
cnv_depth__IBNLCO_00100__Histone__CDS__promoter,0.0,0.0
cnv_depth__IBNLCO_00099__Putrescine-binding__CDS,0.0,0.0
cnv_depth__IBNLCO_00098__lysR__gene__promoter,0.0,0.0
cnv_depth__IBNLCO_00099__IBNLCO_00099__gene__promoter,0.0,0.0
cnv_depth__IBNLCO_00098__lysR__gene,0.0,0.0
cnv_depth__IBNLCO_00097__IBNLCO_00097__gene,0.0,0.0
cnv_depth__IBNLCO_00096__IBNLCO_00096__gene,0.0,0.0
cnv_depth__IBNLCO_00095__IBNLCO_00095__gene,0.0,0.0
cnv_depth__IBNLCO_00094__IBNLCO_00094__gene,0.0,0.0
cnv_depth__IBNLCO_00094__Glutamate--cysteine__CDS__promoter,0.0,0.0
cnv_depth__IBNLCO_00093__IBNLCO_00093__gene,0.0,0.0
cnv_depth__IBNLCO_00093__DNA-3-methyladenine__CDS__promoter,0.0,0.0
cnv_depth__IBNLCO_00092__Methylated-DNA--protein-cysteine__CDS__promoter,0.0,0.0
cnv_depth__IBNLCO_00100__Histone__CDS,0.0,0.0
cnv_depth__IBNLCO_00142__gnl|Bakta|IBNLCO_00142__CDS__promoter,0.0,0.0
cnv_depth__IBNLCO_00122__trnF__gene,0.0,0.0
cnv_depth__IBNLCO_00122__trnF__gene__promoter,0.0,0.0
cnv_depth__IBNLCO_00121__esaR__gene,0.0,0.0
cnv_depth__IBNLCO_00121__esaR__gene__promoter,0.0,0.0
cnv_depth__IBNLCO_00120__esaS__gene,0.0,0.0
cnv_depth__IBNLCO_00120__esaS__gene__promoter,0.0,0.0
cnv_depth__IBNLCO_00119__IBNLCO_00119__gene,0.0,0.0
cnv_depth__IBNLCO_00119__hypothetical__CDS__promoter,0.0,0.0
cnv_depth__IBNLCO_00118__IBNLCO_00118__gene,0.0,0.0
cnv_depth__IBNLCO_00117__Protease__CDS,0.0,0.0
cnv_depth__IBNLCO_00117__IBNLCO_00117__gene__promoter,0.0,0.0
cnv_depth__IBNLCO_00109__D-2-hydroxyacid__CDS,0.0,0.0
cnv_depth__IBNLCO_00115__Methionyl-tRNA__CDS,0.0,0.0
cnv_depth__IBNLCO_00115__IBNLCO_00115__gene__promoter,0.0,0.0
cnv_depth__IBNLCO_00114__IBNLCO_00114__gene,0.0,0.0
cnv_depth__IBNLCO_00114__Peptide__CDS__promoter,0.0,0.0
cnv_depth__IBNLCO_00113__DprA__CDS__promoter,0.0,0.0
cnv_depth__IBNLCO_00113__DprA__CDS,0.0,0.0
cnv_depth__IBNLCO_00112__hypothetical__CDS__promoter,0.0,0.0
cnv_depth__IBNLCO_00112__IBNLCO_00112__gene,0.0,0.0
cnv_depth__IBNLCO_00111__IBNLCO_00111__gene__promoter,0.0,0.0
cnv_depth__IBNLCO_00111__IBNLCO_00111__gene,0.0,0.0
cnv_depth__IBNLCO_00110__DNA-binding__CDS,0.0,0.0
cnv_depth__IBNLCO_00110__DNA-binding__CDS__promoter,0.0,0.0
cnv_depth__IBNLCO_00109__IBNLCO_00109__gene__promoter,0.0,0.0
cnv_depth__IBNLCO_00116__Lysine__CDS,0.0,0.0
cnv_depth__IBNLCO_00075__Beta__CDS__promoter,0.0,0.0
cnv_depth__IBNLCO_00075__IBNLCO_00075__gene,0.0,0.0
cnv_depth__IBNLCO_00074__DNA__CDS__promoter,0.0,0.0
cnv_depth__IBNLCO_00074__IBNLCO_00074__gene,0.0,0.0
cnv_depth__IBNLCO_00073__IBNLCO_00073__gene,0.0,0.0
cnv_depth__IBNLCO_00073__Cytochrome__CDS__promoter,0.0,0.0
cnv_depth__IBNLCO_00072__IBNLCO_00072__gene,0.0,0.0
cnv_depth__IBNLCO_00071__RNA__CDS__promoter,0.0,0.0
cnv_depth__IBNLCO_00072__Catalase-related__CDS__promoter,0.0,0.0
cnv_depth__IBNLCO_00070__Transmembrane__CDS__promoter,0.0,0.0
cnv_depth__IBNLCO_00071__RNA__CDS,0.0,0.0
cnv_depth__IBNLCO_00070__Transmembrane__CDS,0.0,0.0
cnv_depth__IBNLCO_00090__Betaproteobacteria_toxic_sRNA__gene__promoter,0.0,0.0
cnv_depth__IBNLCO_00068__IBNLCO_00068__gene,0.0,0.0
cnv_depth__IBNLCO_00068__gnl|Bakta|IBNLCO_00068__CDS__promoter,0.0,0.0
cnv_depth__IBNLCO_00067__CHAP__CDS,0.0,0.0
cnv_depth__IBNLCO_00067__IBNLCO_00067__gene__promoter,0.0,0.0
cnv_depth__IBNLCO_00066__IBNLCO_00066__gene__promoter,0.0,0.0
cnv_depth__IBNLCO_00066__hypothetical__CDS,0.0,0.0
cnv_depth__IBNLCO_00065__gnl|Bakta|IBNLCO_00065__CDS__promoter,0.0,0.0
cnv_depth__IBNLCO_00065__IBNLCO_00065__gene,0.0,0.0
cnv_depth__IBNLCO_00064__IBNLCO_00064__gene,0.0,0.0
cnv_depth__IBNLCO_00063__enoyl-CoA__CDS,0.0,0.0
cnv_depth__IBNLCO_00063__IBNLCO_00063__gene__promoter,0.0,0.0
cnv_depth__IBNLCO_00062__Bifunctional__CDS,0.0,0.0
cnv_depth__IBNLCO_00062__IBNLCO_00062__gene__promoter,0.0,0.0
cnv_depth__IBNLCO_00069__IBNLCO_00069__gene,0.0,0.0
cnv_depth__IBNLCO_00090__Betaproteobacteria_toxic_sRNA__gene,0.0,0.0
cnv_depth__IBNLCO_00091__hypothetical__CDS__promoter,0.0,0.0
cnv_depth__IBNLCO_00089__IBNLCO_00089__gene,0.0,0.0
cnv_depth__IBNLCO_00088__yaeQ__gene,0.0,0.0
cnv_depth__IBNLCO_00088__YaeQ__CDS__promoter,0.0,0.0
cnv_depth__IBNLCO_00087__IBNLCO_00087__gene,0.0,0.0
cnv_depth__IBNLCO_00087__IBNLCO_00087__gene__promoter,0.0,0.0
cnv_depth__IBNLCO_00086__Spermidine__CDS,0.0,0.0
cnv_depth__IBNLCO_00085__Transmembrane__CDS__promoter,0.0,0.0
cnv_depth__IBNLCO_00085__Transmembrane__CDS,0.0,0.0
cnv_depth__IBNLCO_00084__IBNLCO_00084__gene,0.0,0.0
cnv_depth__IBNLCO_00084__Lipoprotein-attachment__CDS__promoter,0.0,0.0
cnv_depth__IBNLCO_00083__DUF4382__CDS,0.0,0.0
cnv_depth__IBNLCO_00076__dnaA__gene,0.0,0.0
cnv_depth__IBNLCO_00082__gnl|Bakta|IBNLCO_00082__CDS__promoter,0.0,0.0
cnv_depth__IBNLCO_00082__IBNLCO_00082__gene,0.0,0.0
cnv_depth__IBNLCO_00081__mnmE__gene,0.0,0.0
cnv_depth__IBNLCO_00081__mnmE__gene__promoter,0.0,0.0
cnv_depth__IBNLCO_00080__IBNLCO_00080__gene__promoter,0.0,0.0
cnv_depth__IBNLCO_00080__IBNLCO_00080__gene,0.0,0.0
cnv_depth__IBNLCO_00079__yidC__gene,0.0,0.0
cnv_depth__IBNLCO_00078__Ribonuclease__CDS,0.0,0.0
cnv_depth__IBNLCO_00078__Ribonuclease__CDS__promoter,0.0,0.0
cnv_depth__IBNLCO_00077__IBNLCO_00077__gene,0.0,0.0
cnv_depth__IBNLCO_00077__IBNLCO_00077__gene__promoter,0.0,0.0
cnv_depth__IBNLCO_00076__dnaA__gene__promoter,0.0,0.0
cnv_depth__unknown__unknown__rep_origin,0.0,0.0
cnv_depth__IBNLCO_00083__IBNLCO_00083__gene__promoter,0.0,0.0
cnv_depth__IBNLCO_00539__lptA__gene,0.0,0.0
cnv_depth__IBNLCO_00537__IBNLCO_00537__gene,0.0,0.0
cnv_depth__IBNLCO_00535__IBNLCO_00535__gene__promoter,0.0,0.0
cnv_depth__IBNLCO_00536__IBNLCO_00536__gene__promoter,0.0,0.0
cnv_depth__IBNLCO_00535__Ribosome__CDS,0.0,0.0
cnv_depth__IBNLCO_00534__IBNLCO_00534__gene__promoter,0.0,0.0
cnv_depth__IBNLCO_00534__IBNLCO_00534__gene,0.0,0.0
cnv_depth__IBNLCO_00533__IBNLCO_00533__gene,0.0,0.0
cnv_depth__IBNLCO_00532__IBNLCO_00532__gene__promoter,0.0,0.0
cnv_depth__IBNLCO_00532__IBNLCO_00532__gene,0.0,0.0
cnv_depth__IBNLCO_00531__Lon__CDS__promoter,0.0,0.0
cnv_depth__IBNLCO_00529__Formamidopyrimidine-DNA__CDS,0.0,0.0
cnv_depth__IBNLCO_00306__IBNLCO_00306__gene,0.0,0.0
cnv_depth__IBNLCO_00529__Formamidopyrimidine-DNA__CDS__promoter,0.0,0.0
cnv_depth__IBNLCO_00528__IBNLCO_00528__gene,0.0,0.0
cnv_depth__IBNLCO_00527__Outer-membrane__CDS__promoter,0.0,0.0
cnv_depth__IBNLCO_00527__Outer-membrane__CDS,0.0,0.0
cnv_depth__IBNLCO_00526__IBNLCO_00526__gene__promoter,0.0,0.0
cnv_depth__IBNLCO_00526__4-diphosphocytidyl-2-C-methyl-D-erythritol__CDS,0.0,0.0
cnv_depth__IBNLCO_00525__trnQ__gene__promoter,0.0,0.0
cnv_depth__IBNLCO_00525__trnQ__gene,0.0,0.0
cnv_depth__IBNLCO_00524__IBNLCO_00524__gene__promoter,0.0,0.0
cnv_depth__IBNLCO_00524__IBNLCO_00524__gene,0.0,0.0
cnv_depth__IBNLCO_00523__IBNLCO_00523__gene__promoter,0.0,0.0
cnv_depth__IBNLCO_00523__IBNLCO_00523__gene,0.0,0.0
cnv_depth__IBNLCO_00522__IBNLCO_00522__gene__promoter,0.0,0.0
cnv_depth__IBNLCO_00528__IBNLCO_00528__gene__promoter,0.0,0.0
cnv_depth__IBNLCO_00566__IBNLCO_00566__gene,0.0,0.0
cnv_depth__IBNLCO_00562__IBNLCO_00562__gene,0.0,0.0
cnv_depth__IBNLCO_00559__IBNLCO_00559__gene,0.0,0.0
cnv_depth__IBNLCO_00559__IBNLCO_00559__gene__promoter,0.0,0.0
cnv_depth__IBNLCO_00558__IBNLCO_00558__gene__promoter,0.0,0.0
cnv_depth__IBNLCO_00558__IBNLCO_00558__gene,0.0,0.0
cnv_depth__IBNLCO_00556__IBNLCO_00556__gene,0.0,0.0
cnv_depth__IBNLCO_00556__IBNLCO_00556__gene__promoter,0.0,0.0
cnv_depth__IBNLCO_00555__IBNLCO_00555__gene,0.0,0.0
cnv_depth__IBNLCO_00554__IBNLCO_00554__gene__promoter,0.0,0.0
cnv_depth__IBNLCO_00555__IBNLCO_00555__gene__promoter,0.0,0.0
cnv_depth__IBNLCO_00554__IBNLCO_00554__gene,0.0,0.0
cnv_depth__IBNLCO_00539__Lipopolysaccharide__CDS__promoter,0.0,0.0
cnv_depth__IBNLCO_00552__IBNLCO_00552__gene__promoter,0.0,0.0
cnv_depth__IBNLCO_00551__hypothetical__CDS__promoter,0.0,0.0
cnv_depth__IBNLCO_00550__Major__CDS,0.0,0.0
cnv_depth__IBNLCO_00549__IBNLCO_00549__gene,0.0,0.0
cnv_depth__IBNLCO_00547__Formyltetrahydrofolate__CDS,0.0,0.0
cnv_depth__IBNLCO_00547__Formyltetrahydrofolate__CDS__promoter,0.0,0.0
cnv_depth__IBNLCO_00546__NUDIX__CDS,0.0,0.0
cnv_depth__IBNLCO_00544__IBNLCO_00544__gene__promoter,0.0,0.0
cnv_depth__IBNLCO_00543__IBNLCO_00543__gene,0.0,0.0
cnv_depth__IBNLCO_00542__IBNLCO_00542__gene__promoter,0.0,0.0
cnv_depth__IBNLCO_00543__Potassium__CDS__promoter,0.0,0.0
cnv_depth__IBNLCO_00542__Arabinose__CDS,0.0,0.0
cnv_depth__IBNLCO_00540__Lipopolysaccharide__CDS,0.0,0.0
cnv_depth__IBNLCO_00552__PIN__CDS,0.0,0.0
cnv_depth__IBNLCO_00498__IBNLCO_00498__gene__promoter,0.0,0.0
cnv_depth__IBNLCO_00497__N-acetylglucosamine-6-phosphate__CDS,0.0,0.0
cnv_depth__IBNLCO_00497__IBNLCO_00497__gene__promoter,0.0,0.0
cnv_depth__IBNLCO_00496__IBNLCO_00496__gene,0.0,0.0
cnv_depth__IBNLCO_00495__lysR__gene,0.0,0.0
cnv_depth__IBNLCO_00495__lysR__gene__promoter,0.0,0.0
cnv_depth__IBNLCO_00494__IBNLCO_00494__gene__promoter,0.0,0.0
cnv_depth__IBNLCO_00494__IBNLCO_00494__gene,0.0,0.0
cnv_depth__IBNLCO_00493__IBNLCO_00493__gene__promoter,0.0,0.0
cnv_depth__IBNLCO_00493__IBNLCO_00493__gene,0.0,0.0
cnv_depth__IBNLCO_00492__IBNLCO_00492__gene__promoter,0.0,0.0
cnv_depth__IBNLCO_00492__IBNLCO_00492__gene,0.0,0.0
cnv_depth__IBNLCO_00522__IBNLCO_00522__gene,0.0,0.0
cnv_depth__IBNLCO_00490__IBNLCO_00490__gene__promoter,0.0,0.0
cnv_depth__IBNLCO_00491__IBNLCO_00491__gene,0.0,0.0
cnv_depth__IBNLCO_00490__IBNLCO_00490__gene,0.0,0.0
cnv_depth__IBNLCO_00489__IBNLCO_00489__gene__promoter,0.0,0.0
cnv_depth__IBNLCO_00489__IBNLCO_00489__gene,0.0,0.0
cnv_depth__IBNLCO_00488__IBNLCO_00488__gene__promoter,0.0,0.0
cnv_depth__IBNLCO_00487__IBNLCO_00487__gene__promoter,0.0,0.0
cnv_depth__IBNLCO_00487__IBNLCO_00487__gene,0.0,0.0
cnv_depth__IBNLCO_00486__IBNLCO_00486__gene,0.0,0.0
cnv_depth__IBNLCO_00484__IBNLCO_00484__gene,0.0,0.0
cnv_depth__IBNLCO_00483__IBNLCO_00483__gene,0.0,0.0
cnv_depth__IBNLCO_00482__IBNLCO_00482__gene__promoter,0.0,0.0
cnv_depth__IBNLCO_00482__IBNLCO_00482__gene,0.0,0.0
cnv_depth__IBNLCO_00491__IBNLCO_00491__gene__promoter,0.0,0.0
cnv_depth__IBNLCO_00521__IBNLCO_00521__gene,0.0,0.0
cnv_depth__IBNLCO_00520__IBNLCO_00520__gene__promoter,0.0,0.0
cnv_depth__IBNLCO_00519__IBNLCO_00519__gene,0.0,0.0
cnv_depth__IBNLCO_00519__IBNLCO_00519__gene__promoter,0.0,0.0
cnv_depth__IBNLCO_00518__rsmD__gene__promoter,0.0,0.0
cnv_depth__IBNLCO_00517__IBNLCO_00517__gene__promoter,0.0,0.0
cnv_depth__IBNLCO_00517__hypothetical__CDS,0.0,0.0
cnv_depth__IBNLCO_00515__Nitrite__CDS__promoter,0.0,0.0
cnv_depth__IBNLCO_00515__IBNLCO_00515__gene,0.0,0.0
cnv_depth__IBNLCO_00513__IBNLCO_00513__gene,0.0,0.0
cnv_depth__IBNLCO_00510__IBNLCO_00510__gene__promoter,0.0,0.0
cnv_depth__IBNLCO_00510__IBNLCO_00510__gene,0.0,0.0
cnv_depth__IBNLCO_00499__IBNLCO_00499__gene__promoter,0.0,0.0
cnv_depth__IBNLCO_00509__IBNLCO_00509__gene__promoter,0.0,0.0
cnv_depth__IBNLCO_00508__IBNLCO_00508__gene,0.0,0.0
cnv_depth__IBNLCO_00508__IBNLCO_00508__gene__promoter,0.0,0.0
cnv_depth__IBNLCO_00507__rpoH__gene,0.0,0.0
cnv_depth__IBNLCO_00506__IBNLCO_00506__gene__promoter,0.0,0.0
cnv_depth__IBNLCO_00505__IBNLCO_00505__gene__promoter,0.0,0.0
cnv_depth__IBNLCO_00506__DUF4492__CDS,0.0,0.0
cnv_depth__IBNLCO_00505__IBNLCO_00505__gene,0.0,0.0
cnv_depth__IBNLCO_00504__IBNLCO_00504__gene,0.0,0.0
cnv_depth__IBNLCO_00503__hypothetical__CDS,0.0,0.0
cnv_depth__IBNLCO_00501__IBNLCO_00501__gene,0.0,0.0
cnv_depth__IBNLCO_00500__IBNLCO_00500__gene,0.0,0.0
cnv_depth__IBNLCO_00500__IBNLCO_00500__gene__promoter,0.0,0.0
cnv_depth__IBNLCO_00509__IBNLCO_00509__gene,0.0,0.0
cnv_depth__IBNLCO_00643__IBNLCO_00643__gene__promoter,0.0,0.0
cnv_depth__IBNLCO_00641__IBNLCO_00641__gene,0.0,0.0
cnv_depth__IBNLCO_00640__IBNLCO_00640__gene,0.0,0.0
cnv_depth__IBNLCO_00640__IBNLCO_00640__gene__promoter,0.0,0.0
cnv_depth__IBNLCO_00639__IBNLCO_00639__gene,0.0,0.0
cnv_depth__IBNLCO_00639__Enoyl-CoA__CDS__promoter,0.0,0.0
cnv_depth__IBNLCO_00638__IBNLCO_00638__gene,0.0,0.0
cnv_depth__IBNLCO_00638__IBNLCO_00638__gene__promoter,0.0,0.0
cnv_depth__IBNLCO_00637__IBNLCO_00637__gene,0.0,0.0
cnv_depth__IBNLCO_00637__HTH__CDS__promoter,0.0,0.0
cnv_depth__IBNLCO_00636__IBNLCO_00636__gene__promoter,0.0,0.0
cnv_depth__IBNLCO_00635__IBNLCO_00635__gene,0.0,0.0
cnv_depth__IBNLCO_00567__Nudix__CDS__promoter,0.0,0.0
cnv_depth__IBNLCO_00634__IBNLCO_00634__gene,0.0,0.0
cnv_depth__IBNLCO_00634__IBNLCO_00634__gene__promoter,0.0,0.0
cnv_depth__IBNLCO_00633__IBNLCO_00633__gene,0.0,0.0
cnv_depth__IBNLCO_00633__IBNLCO_00633__gene__promoter,0.0,0.0
cnv_depth__IBNLCO_00630__ubiB__gene,0.0,0.0
cnv_depth__IBNLCO_00628__IBNLCO_00628__gene,0.0,0.0
cnv_depth__IBNLCO_00627__ubiE__gene,0.0,0.0
cnv_depth__IBNLCO_00626__IBNLCO_00626__gene__promoter,0.0,0.0
cnv_depth__IBNLCO_00625__IBNLCO_00625__gene,0.0,0.0
cnv_depth__IBNLCO_00624__IBNLCO_00624__gene,0.0,0.0
cnv_depth__IBNLCO_00620__IBNLCO_00620__gene__promoter,0.0,0.0
cnv_depth__IBNLCO_00619__IBNLCO_00619__gene,0.0,0.0
cnv_depth__IBNLCO_00618__IBNLCO_00618__gene__promoter,0.0,0.0
cnv_depth__IBNLCO_00635__Dihydroneopterin__CDS__promoter,0.0,0.0
cnv_depth__IBNLCO_00670__eamA__gene,0.0,0.0
cnv_depth__IBNLCO_00668__IBNLCO_00668__gene,0.0,0.0
cnv_depth__unknown__unknown__regulatory,0.0,0.0
cnv_depth__IBNLCO_00666__IBNLCO_00666__gene,0.0,0.0
cnv_depth__IBNLCO_00665__IBNLCO_00665__gene__promoter,0.0,0.0
cnv_depth__IBNLCO_00666__IBNLCO_00666__gene__promoter,0.0,0.0
cnv_depth__IBNLCO_00664__IBNLCO_00664__gene__promoter,0.0,0.0
cnv_depth__IBNLCO_00664__IBNLCO_00664__gene,0.0,0.0
cnv_depth__IBNLCO_00662__ybeY__gene__promoter,0.0,0.0
cnv_depth__IBNLCO_00660__corC__gene,0.0,0.0
cnv_depth__IBNLCO_00659__IBNLCO_00659__gene,0.0,0.0
cnv_depth__IBNLCO_00658__IBNLCO_00658__gene,0.0,0.0
cnv_depth__IBNLCO_00642__fdhD__gene__promoter,0.0,0.0
cnv_depth__IBNLCO_00657__IBNLCO_00657__gene,0.0,0.0
cnv_depth__IBNLCO_00656__IBNLCO_00656__gene__promoter,0.0,0.0
cnv_depth__IBNLCO_00656__IBNLCO_00656__gene,0.0,0.0
cnv_depth__IBNLCO_00655__IBNLCO_00655__gene__promoter,0.0,0.0
cnv_depth__IBNLCO_00655__IBNLCO_00655__gene,0.0,0.0
cnv_depth__IBNLCO_00653__IBNLCO_00653__gene,0.0,0.0
cnv_depth__IBNLCO_00652__eamA__gene__promoter,0.0,0.0
cnv_depth__IBNLCO_00649__surA__gene,0.0,0.0
cnv_depth__IBNLCO_00648__lptD__gene,0.0,0.0
cnv_depth__IBNLCO_00646__IBNLCO_00646__gene__promoter,0.0,0.0
cnv_depth__IBNLCO_00646__IBNLCO_00646__gene,0.0,0.0
cnv_depth__IBNLCO_00645__IBNLCO_00645__gene,0.0,0.0
cnv_depth__IBNLCO_00643__IBNLCO_00643__gene,0.0,0.0
cnv_depth__IBNLCO_00657__Glycine--tRNA__CDS__promoter,0.0,0.0
cnv_depth__IBNLCO_00590__IBNLCO_00590__gene,0.0,0.0
cnv_depth__IBNLCO_00587__IBNLCO_00587__gene__promoter,0.0,0.0
cnv_depth__IBNLCO_00586__IBNLCO_00586__gene,0.0,0.0
cnv_depth__IBNLCO_00586__IBNLCO_00586__gene__promoter,0.0,0.0
cnv_depth__IBNLCO_00585__IBNLCO_00585__gene__promoter,0.0,0.0
cnv_depth__IBNLCO_00584__IBNLCO_00584__gene__promoter,0.0,0.0
cnv_depth__IBNLCO_00584__IBNLCO_00584__gene,0.0,0.0
cnv_depth__IBNLCO_00583__IBNLCO_00583__gene__promoter,0.0,0.0
cnv_depth__IBNLCO_00583__IBNLCO_00583__gene,0.0,0.0
cnv_depth__IBNLCO_00582__IBNLCO_00582__gene__promoter,0.0,0.0
cnv_depth__IBNLCO_00581__IBNLCO_00581__gene__promoter,0.0,0.0
cnv_depth__IBNLCO_00580__IBNLCO_00580__gene__promoter,0.0,0.0
cnv_depth__IBNLCO_00619__Transcriptional__CDS__promoter,0.0,0.0
cnv_depth__IBNLCO_00578__IBNLCO_00578__gene__promoter,0.0,0.0
cnv_depth__IBNLCO_00577__IBNLCO_00577__gene,0.0,0.0
cnv_depth__IBNLCO_00576__IBNLCO_00576__gene__promoter,0.0,0.0
cnv_depth__IBNLCO_00576__IBNLCO_00576__gene,0.0,0.0
cnv_depth__IBNLCO_00575__IBNLCO_00575__gene__promoter,0.0,0.0
cnv_depth__IBNLCO_00575__IBNLCO_00575__gene,0.0,0.0
cnv_depth__IBNLCO_00574__IBNLCO_00574__gene,0.0,0.0
cnv_depth__IBNLCO_00574__IBNLCO_00574__gene__promoter,0.0,0.0
cnv_depth__IBNLCO_00573__Dienelactone__CDS__promoter,0.0,0.0
cnv_depth__IBNLCO_00573__IBNLCO_00573__gene,0.0,0.0
cnv_depth__IBNLCO_00570__IBNLCO_00570__gene,0.0,0.0
cnv_depth__IBNLCO_00568__IBNLCO_00568__gene,0.0,0.0
cnv_depth__IBNLCO_00567__IBNLCO_00567__gene,0.0,0.0
cnv_depth__IBNLCO_00580__IBNLCO_00580__gene,0.0,0.0
cnv_depth__IBNLCO_00618__IBNLCO_00618__gene,0.0,0.0
cnv_depth__IBNLCO_00617__IBNLCO_00617__gene__promoter,0.0,0.0
cnv_depth__IBNLCO_00617__IBNLCO_00617__gene,0.0,0.0
cnv_depth__IBNLCO_00615__IBNLCO_00615__gene,0.0,0.0
cnv_depth__IBNLCO_00614__IBNLCO_00614__gene__promoter,0.0,0.0
cnv_depth__IBNLCO_00615__Major__CDS__promoter,0.0,0.0
cnv_depth__IBNLCO_00614__IBNLCO_00614__gene,0.0,0.0
cnv_depth__IBNLCO_00613__IBNLCO_00613__gene,0.0,0.0
cnv_depth__IBNLCO_00611__IBNLCO_00611__gene,0.0,0.0
cnv_depth__IBNLCO_00610__IBNLCO_00610__gene__promoter,0.0,0.0
cnv_depth__IBNLCO_00607__IBNLCO_00607__gene,0.0,0.0
cnv_depth__IBNLCO_00607__IBNLCO_00607__gene__promoter,0.0,0.0
cnv_depth__IBNLCO_00591__novR__gene,0.0,0.0
cnv_depth__IBNLCO_00604__IBNLCO_00604__gene__promoter,0.0,0.0
cnv_depth__IBNLCO_00603__IBNLCO_00603__gene,0.0,0.0
cnv_depth__IBNLCO_00601__IBNLCO_00601__gene__promoter,0.0,0.0
cnv_depth__IBNLCO_00601__IBNLCO_00601__gene,0.0,0.0
cnv_depth__IBNLCO_00599__zraR__gene,0.0,0.0
cnv_depth__IBNLCO_00599__zraR__gene__promoter,0.0,0.0
cnv_depth__IBNLCO_00597__IBNLCO_00597__gene,0.0,0.0
cnv_depth__IBNLCO_00597__IBNLCO_00597__gene__promoter,0.0,0.0
cnv_depth__IBNLCO_00595__IBNLCO_00595__gene__promoter,0.0,0.0
cnv_depth__IBNLCO_00594__IBNLCO_00594__gene__promoter,0.0,0.0
cnv_depth__IBNLCO_00594__IBNLCO_00594__gene,0.0,0.0
cnv_depth__IBNLCO_00593__IBNLCO_00593__gene,0.0,0.0
cnv_depth__IBNLCO_00592__IBNLCO_00592__gene__promoter,0.0,0.0
cnv_depth__IBNLCO_00606__IBNLCO_00606__gene__promoter,0.0,0.0
cnv_depth__IBNLCO_00364__IBNLCO_00364__gene__promoter,0.0,0.0
cnv_depth__IBNLCO_00363__IBNLCO_00363__gene,0.0,0.0
cnv_depth__IBNLCO_00363__IBNLCO_00363__gene__promoter,0.0,0.0
cnv_depth__IBNLCO_00362__IBNLCO_00362__gene,0.0,0.0
cnv_depth__IBNLCO_00362__IBNLCO_00362__gene__promoter,0.0,0.0
cnv_depth__IBNLCO_00361__IBNLCO_00361__gene,0.0,0.0
cnv_depth__IBNLCO_00360__EAL__CDS,0.0,0.0
cnv_depth__IBNLCO_00360__EAL__CDS__promoter,0.0,0.0
cnv_depth__IBNLCO_00359__Sodium%2C__CDS__promoter,0.0,0.0
cnv_depth__IBNLCO_00359__Sodium%2C__CDS,0.0,0.0
cnv_depth__IBNLCO_00358__IBNLCO_00358__gene,0.0,0.0
cnv_depth__IBNLCO_00358__IBNLCO_00358__gene__promoter,0.0,0.0
cnv_depth__IBNLCO_00481__IBNLCO_00481__gene,0.0,0.0
cnv_depth__IBNLCO_00356__hypothetical__CDS__promoter,0.0,0.0
cnv_depth__IBNLCO_00355__Peptidase__CDS,0.0,0.0
cnv_depth__IBNLCO_00355__IBNLCO_00355__gene__promoter,0.0,0.0
cnv_depth__IBNLCO_00354__Sulfate-binding__CDS,0.0,0.0
cnv_depth__IBNLCO_00354__Sulfate-binding__CDS__promoter,0.0,0.0
cnv_depth__IBNLCO_00352__hypothetical__CDS,0.0,0.0
cnv_depth__IBNLCO_00352__IBNLCO_00352__gene__promoter,0.0,0.0
cnv_depth__IBNLCO_00349__hypothetical__CDS,0.0,0.0
cnv_depth__IBNLCO_00347__hypothetical__CDS,0.0,0.0
cnv_depth__IBNLCO_00346__SCO1/SenC__CDS__promoter,0.0,0.0
cnv_depth__IBNLCO_00346__IBNLCO_00346__gene,0.0,0.0
cnv_depth__IBNLCO_00345__IBNLCO_00345__gene,0.0,0.0
cnv_depth__IBNLCO_00345__Hydrolase-related__CDS__promoter,0.0,0.0
cnv_depth__IBNLCO_00357__Potassium__CDS,0.0,0.0
cnv_depth__IBNLCO_00387__IBNLCO_00387__gene__promoter,0.0,0.0
cnv_depth__IBNLCO_00387__5-methyltetrahydrofolate--homocysteine__CDS,0.0,0.0
cnv_depth__IBNLCO_00386__IBNLCO_00386__gene__promoter,0.0,0.0
cnv_depth__IBNLCO_00386__Methionine__CDS,0.0,0.0
cnv_depth__IBNLCO_00384__IBNLCO_00384__gene,0.0,0.0
cnv_depth__IBNLCO_00383__IBNLCO_00383__gene,0.0,0.0
cnv_depth__IBNLCO_00382__thiol:disulfide__CDS__promoter,0.0,0.0
cnv_depth__IBNLCO_00382__dsbA__gene,0.0,0.0
cnv_depth__IBNLCO_00381__Sulfoacetaldehyde__CDS__promoter,0.0,0.0
cnv_depth__IBNLCO_00379__IBNLCO_00379__gene,0.0,0.0
cnv_depth__IBNLCO_00378__IBNLCO_00378__gene,0.0,0.0
cnv_depth__IBNLCO_00377__ABC__CDS__promoter,0.0,0.0
cnv_depth__IBNLCO_00364__DUF3108__CDS,0.0,0.0
cnv_depth__IBNLCO_00376__IBNLCO_00376__gene__promoter,0.0,0.0
cnv_depth__IBNLCO_00375__Isocitrate__CDS__promoter,0.0,0.0
cnv_depth__IBNLCO_00375__Isocitrate__CDS,0.0,0.0
cnv_depth__IBNLCO_00373__Acetyl-CoA__CDS__promoter,0.0,0.0
cnv_depth__IBNLCO_00374__Carbonic__CDS,0.0,0.0
cnv_depth__IBNLCO_00373__Acetyl-CoA__CDS,0.0,0.0
cnv_depth__IBNLCO_00372__NADPH-dependent__CDS,0.0,0.0
cnv_depth__IBNLCO_00371__IBNLCO_00371__gene,0.0,0.0
cnv_depth__IBNLCO_00370__IBNLCO_00370__gene,0.0,0.0
cnv_depth__IBNLCO_00369__IBNLCO_00369__gene__promoter,0.0,0.0
cnv_depth__IBNLCO_00369__IBNLCO_00369__gene,0.0,0.0
cnv_depth__IBNLCO_00368__IBNLCO_00368__gene,0.0,0.0
cnv_depth__IBNLCO_00366__IBNLCO_00366__gene,0.0,0.0
cnv_depth__IBNLCO_00376__IBNLCO_00376__gene,0.0,0.0
cnv_depth__IBNLCO_00321__IBNLCO_00321__gene__promoter,0.0,0.0
cnv_depth__IBNLCO_00322__IBNLCO_00322__gene,0.0,0.0
cnv_depth__IBNLCO_00321__IBNLCO_00321__gene,0.0,0.0
cnv_depth__IBNLCO_00320__IBNLCO_00320__gene,0.0,0.0
cnv_depth__IBNLCO_00319__IBNLCO_00319__gene,0.0,0.0
cnv_depth__IBNLCO_00319__hypothetical__CDS__promoter,0.0,0.0
cnv_depth__IBNLCO_00318__IBNLCO_00318__gene,0.0,0.0
cnv_depth__IBNLCO_00317__IBNLCO_00317__gene__promoter,0.0,0.0
cnv_depth__IBNLCO_00318__IBNLCO_00318__gene__promoter,0.0,0.0
cnv_depth__IBNLCO_00317__IBNLCO_00317__gene,0.0,0.0
cnv_depth__IBNLCO_00315__tRNA-cytidine(32)__CDS__promoter,0.0,0.0
cnv_depth__IBNLCO_00315__IBNLCO_00315__gene,0.0,0.0
cnv_depth__IBNLCO_00344__IBNLCO_00344__gene,0.0,0.0
cnv_depth__IBNLCO_00313__IBNLCO_00313__gene__promoter,0.0,0.0
cnv_depth__IBNLCO_00313__IBNLCO_00313__gene,0.0,0.0
cnv_depth__IBNLCO_00312__IBNLCO_00312__gene,0.0,0.0
cnv_depth__IBNLCO_00311__IBNLCO_00311__gene,0.0,0.0
cnv_depth__IBNLCO_00311__copper-binding__CDS__promoter,0.0,0.0
cnv_depth__IBNLCO_00310__cusA__gene,0.0,0.0
cnv_depth__IBNLCO_00310__Cation__CDS__promoter,0.0,0.0
cnv_depth__IBNLCO_00309__IBNLCO_00309__gene,0.0,0.0
cnv_depth__IBNLCO_00309__RND__CDS__promoter,0.0,0.0
cnv_depth__IBNLCO_00308__IBNLCO_00308__gene,0.0,0.0
cnv_depth__IBNLCO_00308__IBNLCO_00308__gene__promoter,0.0,0.0
cnv_depth__IBNLCO_00307__IBNLCO_00307__gene,0.0,0.0
cnv_depth__IBNLCO_00307__gnl|Bakta|IBNLCO_00307__CDS__promoter,0.0,0.0
cnv_depth__IBNLCO_00314__glmU__gene,0.0,0.0
cnv_depth__IBNLCO_00344__Branched-chain__CDS__promoter,0.0,0.0
cnv_depth__IBNLCO_00343__azlC__gene,0.0,0.0
cnv_depth__IBNLCO_00342__IBNLCO_00342__gene__promoter,0.0,0.0
cnv_depth__IBNLCO_00343__azlC__gene__promoter,0.0,0.0
cnv_depth__IBNLCO_00342__IBNLCO_00342__gene,0.0,0.0
cnv_depth__IBNLCO_00340__IBNLCO_00340__gene,0.0,0.0
cnv_depth__IBNLCO_00338__IBNLCO_00338__gene,0.0,0.0
cnv_depth__IBNLCO_00337__IBNLCO_00337__gene__promoter,0.0,0.0
cnv_depth__IBNLCO_00338__Alpha/beta__CDS__promoter,0.0,0.0
cnv_depth__IBNLCO_00337__IBNLCO_00337__gene,0.0,0.0
cnv_depth__IBNLCO_00336__IBNLCO_00336__gene__promoter,0.0,0.0
cnv_depth__IBNLCO_00334__ybaK__gene__promoter,0.0,0.0
cnv_depth__IBNLCO_00323__IBNLCO_00323__gene,0.0,0.0
cnv_depth__IBNLCO_00332__EamA__CDS__promoter,0.0,0.0
cnv_depth__IBNLCO_00331__asnC__gene,0.0,0.0
cnv_depth__IBNLCO_00330__IBNLCO_00330__gene,0.0,0.0
cnv_depth__IBNLCO_00330__IBNLCO_00330__gene__promoter,0.0,0.0
cnv_depth__IBNLCO_00329__IBNLCO_00329__gene__promoter,0.0,0.0
cnv_depth__IBNLCO_00329__IBNLCO_00329__gene,0.0,0.0
cnv_depth__IBNLCO_00327__IBNLCO_00327__gene,0.0,0.0
cnv_depth__IBNLCO_00326__IBNLCO_00326__gene,0.0,0.0
cnv_depth__IBNLCO_00326__IBNLCO_00326__gene__promoter,0.0,0.0
cnv_depth__IBNLCO_00325__Bile__CDS__promoter,0.0,0.0
cnv_depth__IBNLCO_00325__IBNLCO_00325__gene,0.0,0.0
cnv_depth__IBNLCO_00324__Methyl-accepting__CDS__promoter,0.0,0.0
cnv_depth__IBNLCO_00323__HTH__CDS__promoter,0.0,0.0
cnv_depth__IBNLCO_00331__asnC__gene__promoter,0.0,0.0
cnv_depth__IBNLCO_00453__Cytochrome__CDS,0.0,0.0
cnv_depth__IBNLCO_00452__Integral__CDS__promoter,0.0,0.0
cnv_depth__IBNLCO_00448__IBNLCO_00448__gene__promoter,0.0,0.0
cnv_depth__IBNLCO_00447__IBNLCO_00447__gene__promoter,0.0,0.0
cnv_depth__IBNLCO_00446__secB__gene,0.0,0.0
cnv_depth__IBNLCO_00446__Protein-export__CDS__promoter,0.0,0.0
cnv_depth__IBNLCO_00445__IBNLCO_00445__gene,0.0,0.0
cnv_depth__IBNLCO_00445__IBNLCO_00445__gene__promoter,0.0,0.0
cnv_depth__IBNLCO_00444__Thiosulfate__CDS,0.0,0.0
cnv_depth__IBNLCO_00443__IBNLCO_00443__gene__promoter,0.0,0.0
cnv_depth__IBNLCO_00444__Thiosulfate__CDS__promoter,0.0,0.0
cnv_depth__IBNLCO_00443__IBNLCO_00443__gene,0.0,0.0
cnv_depth__IBNLCO_00388__DUF3567__CDS,0.0,0.0
cnv_depth__IBNLCO_00441__moeB__gene__promoter,0.0,0.0
cnv_depth__IBNLCO_00441__moeB__gene,0.0,0.0
cnv_depth__IBNLCO_00440__Phosphoenolpyruvate-protein__CDS,0.0,0.0
cnv_depth__IBNLCO_00440__Phosphoenolpyruvate-protein__CDS__promoter,0.0,0.0
cnv_depth__IBNLCO_00438__IBNLCO_00438__gene__promoter,0.0,0.0
cnv_depth__IBNLCO_00437__IBNLCO_00437__gene,0.0,0.0
cnv_depth__IBNLCO_00437__IBNLCO_00437__gene__promoter,0.0,0.0
cnv_depth__IBNLCO_00436__Glutamate--cysteine__CDS,0.0,0.0
cnv_depth__IBNLCO_00436__IBNLCO_00436__gene__promoter,0.0,0.0
cnv_depth__IBNLCO_00435__IBNLCO_00435__gene,0.0,0.0
cnv_depth__IBNLCO_00435__Ammonium__CDS__promoter,0.0,0.0
cnv_depth__IBNLCO_00434__IBNLCO_00434__gene,0.0,0.0
cnv_depth__IBNLCO_00434__IBNLCO_00434__gene__promoter,0.0,0.0
cnv_depth__IBNLCO_00442__putative__CDS,0.0,0.0
cnv_depth__IBNLCO_00479__IBNLCO_00479__gene__promoter,0.0,0.0
cnv_depth__IBNLCO_00479__IBNLCO_00479__gene,0.0,0.0
cnv_depth__IBNLCO_00477__IBNLCO_00477__gene,0.0,0.0
cnv_depth__IBNLCO_00476__IBNLCO_00476__gene,0.0,0.0
cnv_depth__IBNLCO_00475__IBNLCO_00475__gene__promoter,0.0,0.0
cnv_depth__IBNLCO_00475__IBNLCO_00475__gene,0.0,0.0
cnv_depth__IBNLCO_00474__IBNLCO_00474__gene__promoter,0.0,0.0
cnv_depth__IBNLCO_00474__IBNLCO_00474__gene,0.0,0.0
cnv_depth__IBNLCO_00473__IBNLCO_00473__gene,0.0,0.0
cnv_depth__IBNLCO_00470__lktB__gene,0.0,0.0
cnv_depth__IBNLCO_00470__lktB__gene__promoter,0.0,0.0
cnv_depth__IBNLCO_00469__IBNLCO_00469__gene,0.0,0.0
cnv_depth__IBNLCO_00454__Cytochrome__CDS,0.0,0.0
cnv_depth__IBNLCO_00466__gnl|Bakta|IBNLCO_00466__CDS,0.0,0.0
cnv_depth__IBNLCO_00466__IBNLCO_00466__gene__promoter,0.0,0.0
cnv_depth__IBNLCO_00465__IBNLCO_00465__gene__promoter,0.0,0.0
cnv_depth__IBNLCO_00464__IBNLCO_00464__gene,0.0,0.0
cnv_depth__IBNLCO_00463__ctaB__gene,0.0,0.0
cnv_depth__IBNLCO_00463__ctaB__gene__promoter,0.0,0.0
cnv_depth__IBNLCO_00462__IBNLCO_00462__gene,0.0,0.0
cnv_depth__IBNLCO_00461__Heme__CDS,0.0,0.0
cnv_depth__IBNLCO_00458__IBNLCO_00458__gene__promoter,0.0,0.0
cnv_depth__IBNLCO_00459__SURF1-like__CDS__promoter,0.0,0.0
cnv_depth__IBNLCO_00457__IBNLCO_00457__gene,0.0,0.0
cnv_depth__IBNLCO_00456__DUF2970__CDS__promoter,0.0,0.0
cnv_depth__IBNLCO_00455__ctaG__gene,0.0,0.0
cnv_depth__IBNLCO_00468__IBNLCO_00468__gene,0.0,0.0
cnv_depth__IBNLCO_00409__IBNLCO_00409__gene,0.0,0.0
cnv_depth__IBNLCO_00409__serine-type__CDS__promoter,0.0,0.0
cnv_depth__IBNLCO_00408__IBNLCO_00408__gene,0.0,0.0
cnv_depth__IBNLCO_00408__Xaa-Pro__CDS__promoter,0.0,0.0
cnv_depth__IBNLCO_00407__IBNLCO_00407__gene,0.0,0.0
cnv_depth__IBNLCO_00407__NADH-quinone__CDS__promoter,0.0,0.0
cnv_depth__IBNLCO_00406__vanZ__gene,0.0,0.0
cnv_depth__IBNLCO_00406__VanZ__CDS__promoter,0.0,0.0
cnv_depth__IBNLCO_00403__mlaF__gene,0.0,0.0
cnv_depth__IBNLCO_00403__Putative__CDS__promoter,0.0,0.0
cnv_depth__IBNLCO_00402__IBNLCO_00402__gene,0.0,0.0
cnv_depth__IBNLCO_00401__2'%2C3'-cyclic-nucleotide__CDS,0.0,0.0
cnv_depth__IBNLCO_00433__ubiK__gene__promoter,0.0,0.0
cnv_depth__IBNLCO_00399__IBNLCO_00399__gene,0.0,0.0
cnv_depth__IBNLCO_00397__IBNLCO_00397__gene,0.0,0.0
cnv_depth__IBNLCO_00396__IBNLCO_00396__gene,0.0,0.0
cnv_depth__IBNLCO_00395__IBNLCO_00395__gene,0.0,0.0
cnv_depth__IBNLCO_00395__IBNLCO_00395__gene__promoter,0.0,0.0
cnv_depth__IBNLCO_00394__PNPLA__CDS,0.0,0.0
cnv_depth__IBNLCO_00393__IBNLCO_00393__gene__promoter,0.0,0.0
cnv_depth__IBNLCO_00392__Enoyl-CoA__CDS,0.0,0.0
cnv_depth__IBNLCO_00392__IBNLCO_00392__gene__promoter,0.0,0.0
cnv_depth__IBNLCO_00391__IBNLCO_00391__gene,0.0,0.0
cnv_depth__IBNLCO_00391__IBNLCO_00391__gene__promoter,0.0,0.0
cnv_depth__IBNLCO_00389__IBNLCO_00389__gene,0.0,0.0
cnv_depth__IBNLCO_00388__DUF3567__CDS__promoter,0.0,0.0
cnv_depth__IBNLCO_00398__Type__CDS__promoter,0.0,0.0
cnv_depth__IBNLCO_00431__IBNLCO_00431__gene,0.0,0.0
cnv_depth__IBNLCO_00431__IBNLCO_00431__gene__promoter,0.0,0.0
cnv_depth__IBNLCO_00430__IBNLCO_00430__gene__promoter,0.0,0.0
cnv_depth__IBNLCO_00430__IBNLCO_00430__gene,0.0,0.0
cnv_depth__IBNLCO_00429__IBNLCO_00429__gene,0.0,0.0
cnv_depth__IBNLCO_00429__gnl|Bakta|IBNLCO_00429__CDS__promoter,0.0,0.0
cnv_depth__IBNLCO_00428__Thioredoxin__CDS__promoter,0.0,0.0
cnv_depth__IBNLCO_00428__IBNLCO_00428__gene,0.0,0.0
cnv_depth__IBNLCO_00426__histidine__CDS__promoter,0.0,0.0
cnv_depth__IBNLCO_00425__IBNLCO_00425__gene,0.0,0.0
cnv_depth__IBNLCO_00424__Cation/acetate__CDS,0.0,0.0
cnv_depth__IBNLCO_00423__IBNLCO_00423__gene__promoter,0.0,0.0
cnv_depth__IBNLCO_00422__IBNLCO_00422__gene,0.0,0.0
cnv_depth__IBNLCO_00411__UPF0250__CDS__promoter,0.0,0.0
cnv_depth__IBNLCO_00420__Acyl-CoA__CDS__promoter,0.0,0.0
cnv_depth__IBNLCO_00419__3-hydroxyacyl-CoA__CDS,0.0,0.0
cnv_depth__IBNLCO_00418__HTH__CDS__promoter,0.0,0.0
cnv_depth__IBNLCO_00419__IBNLCO_00419__gene__promoter,0.0,0.0
cnv_depth__IBNLCO_00418__HTH__CDS,0.0,0.0
cnv_depth__IBNLCO_00416__IBNLCO_00416__gene,0.0,0.0
cnv_depth__IBNLCO_00415__IBNLCO_00415__gene,0.0,0.0
cnv_depth__IBNLCO_00415__IBNLCO_00415__gene__promoter,0.0,0.0
cnv_depth__IBNLCO_00414__gnl|Bakta|IBNLCO_00414__CDS,0.0,0.0
cnv_depth__IBNLCO_00412__IBNLCO_00412__gene__promoter,0.0,0.0
cnv_depth__IBNLCO_00413__DUF2917__CDS__promoter,0.0,0.0
cnv_depth__IBNLCO_00412__HTH__CDS,0.0,0.0
cnv_depth__IBNLCO_00411__UPF0250__CDS,0.0,0.0
cnv_depth__IBNLCO_00420__IBNLCO_00420__gene,0.0,0.0
cnv_depth__IBNLCO_02602__Riboflavin__CDS,0.0,0.0
cnv_depth__IBNLCO_02602__ribD__gene__promoter,0.0,0.0
cnv_depth__IBNLCO_02601__Glutamate-1-semialdehyde__CDS,0.0,0.0
cnv_depth__IBNLCO_02599__IBNLCO_02599__gene__promoter,0.0,0.0
cnv_depth__IBNLCO_02597__IBNLCO_02597__gene__promoter,0.0,0.0
cnv_depth__IBNLCO_02596__1-aminocyclopropane-1-carboxylate__CDS,0.0,0.0
cnv_depth__IBNLCO_02595__Glutamate__CDS,0.0,0.0
cnv_depth__IBNLCO_02595__gluA__gene__promoter,0.0,0.0
cnv_depth__IBNLCO_02593__Cystine__CDS,0.0,0.0
cnv_depth__IBNLCO_02593__IBNLCO_02593__gene__promoter,0.0,0.0
cnv_depth__IBNLCO_02592__IBNLCO_02592__gene__promoter,0.0,0.0
cnv_depth__IBNLCO_02591__gnl|Bakta|IBNLCO_02591__CDS,0.0,0.0
cnv_depth__IBNLCO_01524__Multidrug__CDS__promoter,0.0,0.0
cnv_depth__IBNLCO_02590__Glucose-6-phosphate__CDS,0.0,0.0
cnv_depth__IBNLCO_02590__IBNLCO_02590__gene__promoter,0.0,0.0
cnv_depth__IBNLCO_02589__IBNLCO_02589__gene__promoter,0.0,0.0
cnv_depth__IBNLCO_02589__IBNLCO_02589__gene,0.0,0.0
cnv_depth__IBNLCO_02588__IBNLCO_02588__gene,0.0,0.0
cnv_depth__IBNLCO_02587__ABC__CDS,0.0,0.0
cnv_depth__IBNLCO_02586__ugpC__gene__promoter,0.0,0.0
cnv_depth__IBNLCO_02586__ugpC__gene,0.0,0.0
cnv_depth__IBNLCO_02585__IBNLCO_02585__gene,0.0,0.0
cnv_depth__IBNLCO_02584__IBNLCO_02584__gene,0.0,0.0
cnv_depth__IBNLCO_02582__DNA__CDS__promoter,0.0,0.0
cnv_depth__IBNLCO_02581__Outer-membrane__CDS__promoter,0.0,0.0
cnv_depth__IBNLCO_02580__Replication-associated__CDS__promoter,0.0,0.0
cnv_depth__IBNLCO_02591__IBNLCO_02591__gene__promoter,0.0,0.0
cnv_depth__IBNLCO_02641__hypothetical__CDS__promoter,0.0,0.0
cnv_depth__IBNLCO_02640__5_ureB_sRNA__gene,0.0,0.0
cnv_depth__IBNLCO_02636__Urease__CDS,0.0,0.0
cnv_depth__IBNLCO_02633__Urea__CDS,0.0,0.0
cnv_depth__IBNLCO_02631__IBNLCO_02631__gene,0.0,0.0
cnv_depth__IBNLCO_02629__Thiosulfate__CDS,0.0,0.0
cnv_depth__IBNLCO_02628__Protein-L-isoaspartate__CDS,0.0,0.0
cnv_depth__IBNLCO_02627__IBNLCO_02627__gene,0.0,0.0
cnv_depth__IBNLCO_02627__Bacteriophage__CDS__promoter,0.0,0.0
cnv_depth__IBNLCO_02626__Coproporphyrinogen-III__CDS,0.0,0.0
cnv_depth__IBNLCO_02623__Undecaprenyl-diphosphatase__CDS__promoter,0.0,0.0
cnv_depth__IBNLCO_02621__trnG__gene__promoter,0.0,0.0
cnv_depth__IBNLCO_02603__Riboflavin__CDS__promoter,0.0,0.0
cnv_depth__IBNLCO_02618__IBNLCO_02618__gene__promoter,0.0,0.0
cnv_depth__IBNLCO_02614__NADP__CDS,0.0,0.0
cnv_depth__IBNLCO_02614__IBNLCO_02614__gene__promoter,0.0,0.0
cnv_depth__IBNLCO_02613__hypothetical__CDS,0.0,0.0
cnv_depth__IBNLCO_02610__3-octaprenyl-4-hydroxybenzoate__CDS,0.0,0.0
cnv_depth__IBNLCO_02610__IBNLCO_02610__gene__promoter,0.0,0.0
cnv_depth__IBNLCO_02609__Bp1_738__gene,0.0,0.0
cnv_depth__IBNLCO_02609__Bp1_738__gene__promoter,0.0,0.0
cnv_depth__IBNLCO_02607__IBNLCO_02607__gene__promoter,0.0,0.0
cnv_depth__IBNLCO_02606__nusB__gene__promoter,0.0,0.0
cnv_depth__IBNLCO_02605__6%2C7-dimethyl-8-ribityllumazine__CDS,0.0,0.0
cnv_depth__IBNLCO_02605__IBNLCO_02605__gene__promoter,0.0,0.0
cnv_depth__IBNLCO_02603__Riboflavin__CDS,0.0,0.0
cnv_depth__IBNLCO_02619__Biotin__CDS,0.0,0.0
cnv_depth__IBNLCO_02546__gnl|Bakta|IBNLCO_02546__CDS,0.0,0.0
cnv_depth__IBNLCO_02543__IBNLCO_02543__gene,0.0,0.0
cnv_depth__IBNLCO_02542__IBNLCO_02542__gene,0.0,0.0
cnv_depth__IBNLCO_02541__IBNLCO_02541__gene,0.0,0.0
cnv_depth__IBNLCO_02541__gnl|Bakta|IBNLCO_02541__CDS__promoter,0.0,0.0
cnv_depth__IBNLCO_02538__Fructose-1%2C6-bisphosphatase__CDS__promoter,0.0,0.0
cnv_depth__IBNLCO_02536__IBNLCO_02536__gene,0.0,0.0
cnv_depth__IBNLCO_02535__IBNLCO_02535__gene,0.0,0.0
cnv_depth__IBNLCO_02533__IBNLCO_02533__gene__promoter,0.0,0.0
cnv_depth__IBNLCO_02531__IBNLCO_02531__gene,0.0,0.0
cnv_depth__IBNLCO_02530__IBNLCO_02530__gene__promoter,0.0,0.0
cnv_depth__IBNLCO_02529__Xanthine__CDS,0.0,0.0
cnv_depth__IBNLCO_02577__trnS__gene__promoter,0.0,0.0
cnv_depth__IBNLCO_02528__Disulfide__CDS,0.0,0.0
cnv_depth__IBNLCO_02527__Aspartyl-tRNA(Asn)/glutamyl-tRNA(Gln)__CDS,0.0,0.0
cnv_depth__IBNLCO_02527__IBNLCO_02527__gene__promoter,0.0,0.0
cnv_depth__IBNLCO_02526__IBNLCO_02526__gene__promoter,0.0,0.0
cnv_depth__IBNLCO_02525__IBNLCO_02525__gene__promoter,0.0,0.0
cnv_depth__IBNLCO_02524__hypothetical__CDS,0.0,0.0
cnv_depth__IBNLCO_02523__IBNLCO_02523__gene__promoter,0.0,0.0
cnv_depth__IBNLCO_02523__IBNLCO_02523__gene,0.0,0.0
cnv_depth__IBNLCO_02522__hypothetical__CDS,0.0,0.0
cnv_depth__IBNLCO_02520__IBNLCO_02520__gene,0.0,0.0
cnv_depth__IBNLCO_02520__IBNLCO_02520__gene__promoter,0.0,0.0
cnv_depth__IBNLCO_02519__IBNLCO_02519__gene,0.0,0.0
cnv_depth__IBNLCO_02517__IBNLCO_02517__gene,0.0,0.0
cnv_depth__IBNLCO_02529__xdhC__gene__promoter,0.0,0.0
cnv_depth__IBNLCO_02577__trnS__gene,0.0,0.0
cnv_depth__IBNLCO_02576__hypothetical__CDS__promoter,0.0,0.0
cnv_depth__IBNLCO_02573__Septum__CDS__promoter,0.0,0.0
cnv_depth__IBNLCO_02573__minD__gene,0.0,0.0
cnv_depth__IBNLCO_02571__hypothetical__CDS__promoter,0.0,0.0
cnv_depth__IBNLCO_02570__gnl|Bakta|IBNLCO_02570__CDS,0.0,0.0
cnv_depth__IBNLCO_02568__IBNLCO_02568__gene__promoter,0.0,0.0
cnv_depth__IBNLCO_02569__clcA__gene__promoter,0.0,0.0
cnv_depth__IBNLCO_02567__IBNLCO_02567__gene__promoter,0.0,0.0
cnv_depth__IBNLCO_02566__Major__CDS__promoter,0.0,0.0
cnv_depth__IBNLCO_02565__IBNLCO_02565__gene,0.0,0.0
cnv_depth__IBNLCO_02564__IBNLCO_02564__gene,0.0,0.0
cnv_depth__IBNLCO_02547__Chorismate__CDS__promoter,0.0,0.0
cnv_depth__IBNLCO_02562__hemW__gene__promoter,0.0,0.0
cnv_depth__IBNLCO_02561__dITP/XTP__CDS,0.0,0.0
cnv_depth__IBNLCO_02561__dITP/XTP__CDS__promoter,0.0,0.0
cnv_depth__IBNLCO_02560__IBNLCO_02560__gene,0.0,0.0
cnv_depth__IBNLCO_02558__Guanylate__CDS,0.0,0.0
cnv_depth__IBNLCO_02557__DNA-directed__CDS__promoter,0.0,0.0
cnv_depth__IBNLCO_02554__trnR__gene,0.0,0.0
cnv_depth__IBNLCO_02552__IBNLCO_02552__gene,0.0,0.0
cnv_depth__IBNLCO_02552__Porin__CDS__promoter,0.0,0.0
cnv_depth__IBNLCO_02551__ncS025__gene__promoter,0.0,0.0
cnv_depth__IBNLCO_02550__IBNLCO_02550__gene__promoter,0.0,0.0
cnv_depth__IBNLCO_02549__Cold-shock__CDS__promoter,0.0,0.0
cnv_depth__IBNLCO_02548__dinG__gene__promoter,0.0,0.0
cnv_depth__IBNLCO_02564__IBNLCO_02564__gene__promoter,0.0,0.0
cnv_depth__IBNLCO_02737__pilW__gene__promoter,0.0,0.0
cnv_depth__IBNLCO_02736__IBNLCO_02736__gene__promoter,0.0,0.0
cnv_depth__IBNLCO_02737__pilW__gene,0.0,0.0
cnv_depth__IBNLCO_02735__IBNLCO_02735__gene__promoter,0.0,0.0
cnv_depth__IBNLCO_02734__IBNLCO_02734__gene,0.0,0.0
cnv_depth__IBNLCO_02734__IBNLCO_02734__gene__promoter,0.0,0.0
cnv_depth__IBNLCO_02733__Putative__CDS,0.0,0.0
cnv_depth__IBNLCO_02733__Putative__CDS__promoter,0.0,0.0
cnv_depth__IBNLCO_02732__IBNLCO_02732__gene,0.0,0.0
cnv_depth__IBNLCO_02731__IBNLCO_02731__gene__promoter,0.0,0.0
cnv_depth__IBNLCO_02730__glutaryl-CoA__CDS,0.0,0.0
cnv_depth__IBNLCO_02729__iclR__gene__promoter,0.0,0.0
cnv_depth__IBNLCO_02642__Urease__CDS__promoter,0.0,0.0
cnv_depth__IBNLCO_02726__IBNLCO_02726__gene__promoter,0.0,0.0
cnv_depth__IBNLCO_02724__hypothetical__CDS__promoter,0.0,0.0
cnv_depth__IBNLCO_02719__Arabinose__CDS,0.0,0.0
cnv_depth__IBNLCO_02717__D-lactate__CDS,0.0,0.0
cnv_depth__IBNLCO_02716__IBNLCO_02716__gene,0.0,0.0
cnv_depth__IBNLCO_02716__HTH__CDS__promoter,0.0,0.0
cnv_depth__IBNLCO_02715__Purine__CDS__promoter,0.0,0.0
cnv_depth__IBNLCO_02714__araC__gene,0.0,0.0
cnv_depth__IBNLCO_02708__IBNLCO_02708__gene__promoter,0.0,0.0
cnv_depth__IBNLCO_02708__IBNLCO_02708__gene,0.0,0.0
cnv_depth__IBNLCO_02707__IBNLCO_02707__gene,0.0,0.0
cnv_depth__IBNLCO_02705__hmuV__gene__promoter,0.0,0.0
cnv_depth__IBNLCO_02704__IBNLCO_02704__gene__promoter,0.0,0.0
cnv_depth__IBNLCO_02730__IBNLCO_02730__gene__promoter,0.0,0.0
cnv_depth__IBNLCO_02764__Undecaprenyl-phosphate__CDS__promoter,0.0,0.0
cnv_depth__IBNLCO_02762__gnl|Bakta|IBNLCO_02762__CDS__promoter,0.0,0.0
cnv_depth__IBNLCO_02762__IBNLCO_02762__gene,0.0,0.0
cnv_depth__IBNLCO_02761__IBNLCO_02761__gene__promoter,0.0,0.0
cnv_depth__IBNLCO_02761__IBNLCO_02761__gene,0.0,0.0
cnv_depth__IBNLCO_02760__IBNLCO_02760__gene,0.0,0.0
cnv_depth__IBNLCO_02759__IBNLCO_02759__gene__promoter,0.0,0.0
cnv_depth__IBNLCO_02758__Serine__CDS__promoter,0.0,0.0
cnv_depth__IBNLCO_02758__IBNLCO_02758__gene,0.0,0.0
cnv_depth__IBNLCO_02756__gnl|Bakta|IBNLCO_02756__CDS__promoter,0.0,0.0
cnv_depth__IBNLCO_02757__gnl|Bakta|IBNLCO_02757__CDS,0.0,0.0
cnv_depth__IBNLCO_02756__gnl|Bakta|IBNLCO_02756__CDS,0.0,0.0
cnv_depth__IBNLCO_02739__IBNLCO_02739__gene__promoter,0.0,0.0
cnv_depth__IBNLCO_02754__hypothetical__CDS,0.0,0.0
cnv_depth__IBNLCO_02752__IBNLCO_02752__gene,0.0,0.0
cnv_depth__IBNLCO_02751__IBNLCO_02751__gene__promoter,0.0,0.0
cnv_depth__IBNLCO_02751__Flagellar__CDS,0.0,0.0
cnv_depth__IBNLCO_02750__trnK__gene,0.0,0.0
cnv_depth__IBNLCO_02750__trnK__gene__promoter,0.0,0.0
cnv_depth__IBNLCO_02748__Peptidoglycan-associated__CDS__promoter,0.0,0.0
cnv_depth__IBNLCO_02747__tolB__gene,0.0,0.0
cnv_depth__IBNLCO_02745__IBNLCO_02745__gene__promoter,0.0,0.0
cnv_depth__IBNLCO_02744__tolQ__gene,0.0,0.0
cnv_depth__IBNLCO_02742__aabA__gene,0.0,0.0
cnv_depth__IBNLCO_02742__putative__CDS__promoter,0.0,0.0
cnv_depth__IBNLCO_02741__IBNLCO_02741__gene,0.0,0.0
cnv_depth__IBNLCO_02755__2-dehydro-3-deoxyphosphooctonate__CDS,0.0,0.0
cnv_depth__IBNLCO_02671__Aspartate__CDS__promoter,0.0,0.0
cnv_depth__IBNLCO_02671__IBNLCO_02671__gene,0.0,0.0
cnv_depth__IBNLCO_02670__gnl|Bakta|IBNLCO_02670__CDS__promoter,0.0,0.0
cnv_depth__IBNLCO_02670__gnl|Bakta|IBNLCO_02670__CDS,0.0,0.0
cnv_depth__IBNLCO_02669__Phospholipid/glycerol__CDS__promoter,0.0,0.0
cnv_depth__IBNLCO_02669__IBNLCO_02669__gene,0.0,0.0
cnv_depth__IBNLCO_02668__Bis(5'-nucleosyl)-tetraphosphatase%2C__CDS__promoter,0.0,0.0
cnv_depth__IBNLCO_02667__dTDP-glucose__CDS,0.0,0.0
cnv_depth__IBNLCO_02666__Glucose-1-phosphate__CDS__promoter,0.0,0.0
cnv_depth__IBNLCO_02665__dTDP-4-dehydrorhamnose__CDS__promoter,0.0,0.0
cnv_depth__IBNLCO_02666__IBNLCO_02666__gene,0.0,0.0
cnv_depth__IBNLCO_02664__dTDP-4-dehydrorhamnose__CDS__promoter,0.0,0.0
cnv_depth__IBNLCO_02705__hmuV__gene,0.0,0.0
cnv_depth__IBNLCO_02662__ABC__CDS,0.0,0.0
cnv_depth__IBNLCO_02653__IBNLCO_02653__gene,0.0,0.0
cnv_depth__IBNLCO_02652__IBNLCO_02652__gene,0.0,0.0
cnv_depth__IBNLCO_02652__IBNLCO_02652__gene__promoter,0.0,0.0
cnv_depth__IBNLCO_02650__IBNLCO_02650__gene__promoter,0.0,0.0
cnv_depth__IBNLCO_02649__IBNLCO_02649__gene__promoter,0.0,0.0
cnv_depth__IBNLCO_02648__Polysaccharide__CDS,0.0,0.0
cnv_depth__IBNLCO_02648__IBNLCO_02648__gene__promoter,0.0,0.0
cnv_depth__IBNLCO_02647__IBNLCO_02647__gene__promoter,0.0,0.0
cnv_depth__IBNLCO_02647__gnl|Bakta|IBNLCO_02647__CDS,0.0,0.0
cnv_depth__IBNLCO_02646__Lipopolysaccharide__CDS,0.0,0.0
cnv_depth__IBNLCO_02645__3-deoxy-D-manno-oct-2-ulosonic__CDS__promoter,0.0,0.0
cnv_depth__IBNLCO_02642__Urease__CDS,0.0,0.0
cnv_depth__IBNLCO_02665__IBNLCO_02665__gene,0.0,0.0
cnv_depth__IBNLCO_02703__ABC__CDS__promoter,0.0,0.0
cnv_depth__IBNLCO_02704__IBNLCO_02704__gene,0.0,0.0
cnv_depth__IBNLCO_02703__IBNLCO_02703__gene,0.0,0.0
cnv_depth__IBNLCO_02702__lysR__gene,0.0,0.0
cnv_depth__IBNLCO_02702__lysR__gene__promoter,0.0,0.0
cnv_depth__IBNLCO_02698__IBNLCO_02698__gene__promoter,0.0,0.0
cnv_depth__IBNLCO_02697__IBNLCO_02697__gene__promoter,0.0,0.0
cnv_depth__IBNLCO_02697__IBNLCO_02697__gene,0.0,0.0
cnv_depth__IBNLCO_02693__IBNLCO_02693__gene,0.0,0.0
cnv_depth__IBNLCO_02687__DUF2957__CDS__promoter,0.0,0.0
cnv_depth__IBNLCO_02687__DUF2957__CDS,0.0,0.0
cnv_depth__IBNLCO_02686__gnl|Bakta|IBNLCO_02686__CDS,0.0,0.0
cnv_depth__IBNLCO_02672__pyrR__gene,0.0,0.0
cnv_depth__IBNLCO_02685__Outer__CDS,0.0,0.0
cnv_depth__IBNLCO_02684__IBNLCO_02684__gene__promoter,0.0,0.0
cnv_depth__IBNLCO_02683__DUF4243__CDS__promoter,0.0,0.0
cnv_depth__IBNLCO_02682__IBNLCO_02682__gene__promoter,0.0,0.0
cnv_depth__IBNLCO_02681__yybR__gene__promoter,0.0,0.0
cnv_depth__IBNLCO_02680__hypothetical__CDS__promoter,0.0,0.0
cnv_depth__IBNLCO_02679__IBNLCO_02679__gene__promoter,0.0,0.0
cnv_depth__IBNLCO_02679__Co-chaperonin__CDS,0.0,0.0
cnv_depth__IBNLCO_02678__IBNLCO_02678__gene__promoter,0.0,0.0
cnv_depth__IBNLCO_02678__Chaperonin__CDS,0.0,0.0
cnv_depth__IBNLCO_02676__IBNLCO_02676__gene,0.0,0.0
cnv_depth__IBNLCO_02675__IBNLCO_02675__gene__promoter,0.0,0.0
cnv_depth__IBNLCO_02675__IBNLCO_02675__gene,0.0,0.0
cnv_depth__IBNLCO_02685__IBNLCO_02685__gene__promoter,0.0,0.0
cnv_depth__IBNLCO_02359__Ubiquinol__CDS,0.0,0.0
cnv_depth__IBNLCO_02358__IBNLCO_02358__gene__promoter,0.0,0.0
cnv_depth__IBNLCO_02355__IBNLCO_02355__gene__promoter,0.0,0.0
cnv_depth__IBNLCO_02354__sufT__gene,0.0,0.0
cnv_depth__IBNLCO_02352__IBNLCO_02352__gene,0.0,0.0
cnv_depth__IBNLCO_02352__IBNLCO_02352__gene__promoter,0.0,0.0
cnv_depth__IBNLCO_02351__SUF__CDS,0.0,0.0
cnv_depth__IBNLCO_02351__SUF__CDS__promoter,0.0,0.0
cnv_depth__IBNLCO_02350__sufC__gene,0.0,0.0
cnv_depth__IBNLCO_02349__ABC__CDS__promoter,0.0,0.0
cnv_depth__IBNLCO_02347__IBNLCO_02347__gene,0.0,0.0
cnv_depth__IBNLCO_02346__Coproporphyrinogen-III__CDS,0.0,0.0
cnv_depth__IBNLCO_02516__hypothetical__CDS__promoter,0.0,0.0
cnv_depth__IBNLCO_02344__gnl|Bakta|IBNLCO_02344__CDS__promoter,0.0,0.0
cnv_depth__IBNLCO_02341__Ubiquinone__CDS,0.0,0.0
cnv_depth__IBNLCO_02340__hypothetical__CDS__promoter,0.0,0.0
cnv_depth__IBNLCO_02335__nnrS__gene,0.0,0.0
cnv_depth__IBNLCO_02334__IBNLCO_02334__gene__promoter,0.0,0.0
cnv_depth__IBNLCO_02333__MIP18__CDS,0.0,0.0
cnv_depth__IBNLCO_02331__Alkane__CDS__promoter,0.0,0.0
cnv_depth__IBNLCO_02330__Deoxyribodipyrimidine__CDS__promoter,0.0,0.0
cnv_depth__IBNLCO_02329__Adenylyl-sulfate__CDS__promoter,0.0,0.0
cnv_depth__IBNLCO_02327__Hydrolase__CDS__promoter,0.0,0.0
cnv_depth__IBNLCO_02327__Hydrolase__CDS,0.0,0.0
cnv_depth__IBNLCO_02326__4'-phosphopantetheinyl__CDS__promoter,0.0,0.0
cnv_depth__IBNLCO_02326__IBNLCO_02326__gene,0.0,0.0
cnv_depth__IBNLCO_02344__gnl|Bakta|IBNLCO_02344__CDS,0.0,0.0
cnv_depth__IBNLCO_02392__Trehalose__CDS__promoter,0.0,0.0
cnv_depth__IBNLCO_02391__Trehalose-6-phosphate__CDS__promoter,0.0,0.0
cnv_depth__IBNLCO_02392__IBNLCO_02392__gene,0.0,0.0
cnv_depth__IBNLCO_02390__IBNLCO_02390__gene,0.0,0.0
cnv_depth__IBNLCO_02388__hypothetical__CDS__promoter,0.0,0.0
cnv_depth__IBNLCO_02387__IBNLCO_02387__gene,0.0,0.0
cnv_depth__IBNLCO_02386__IBNLCO_02386__gene,0.0,0.0
cnv_depth__IBNLCO_02386__IBNLCO_02386__gene__promoter,0.0,0.0
cnv_depth__IBNLCO_02384__IBNLCO_02384__gene__promoter,0.0,0.0
cnv_depth__IBNLCO_02383__pdxY__gene,0.0,0.0
cnv_depth__IBNLCO_02381__IBNLCO_02381__gene,0.0,0.0
cnv_depth__IBNLCO_02379__IBNLCO_02379__gene__promoter,0.0,0.0
cnv_depth__IBNLCO_02361__Cytochrome__CDS,0.0,0.0
cnv_depth__IBNLCO_02377__hpnL__gene__promoter,0.0,0.0
cnv_depth__IBNLCO_02374__hisM__gene__promoter,0.0,0.0
cnv_depth__IBNLCO_02370__IBNLCO_02370__gene__promoter,0.0,0.0
cnv_depth__IBNLCO_02369__Arginine__CDS__promoter,0.0,0.0
cnv_depth__IBNLCO_02368__IBNLCO_02368__gene__promoter,0.0,0.0
cnv_depth__IBNLCO_02369__IBNLCO_02369__gene,0.0,0.0
cnv_depth__IBNLCO_02367__IBNLCO_02367__gene__promoter,0.0,0.0
cnv_depth__IBNLCO_02367__N-succinylglutamate__CDS,0.0,0.0
cnv_depth__IBNLCO_02366__IBNLCO_02366__gene__promoter,0.0,0.0
cnv_depth__IBNLCO_02366__N-succinylarginine__CDS,0.0,0.0
cnv_depth__IBNLCO_02365__Succinylglutamate__CDS,0.0,0.0
cnv_depth__IBNLCO_02364__GST__CDS,0.0,0.0
cnv_depth__IBNLCO_02362__IBNLCO_02362__gene,0.0,0.0
cnv_depth__IBNLCO_02378__Chitooligosaccharide__CDS__promoter,0.0,0.0
cnv_depth__IBNLCO_02296__putative__CDS,0.0,0.0
cnv_depth__IBNLCO_02295__IBNLCO_02295__gene,0.0,0.0
cnv_depth__IBNLCO_02294__ATP-dependent__CDS,0.0,0.0
cnv_depth__IBNLCO_02290__pncC__gene__promoter,0.0,0.0
cnv_depth__IBNLCO_02291__IBNLCO_02291__gene,0.0,0.0
cnv_depth__IBNLCO_02290__Nicotinamide-nucleotide__CDS,0.0,0.0
cnv_depth__IBNLCO_02289__Rhodanese__CDS,0.0,0.0
cnv_depth__IBNLCO_02287__Sensory__CDS__promoter,0.0,0.0
cnv_depth__IBNLCO_02286__ntrC__gene__promoter,0.0,0.0
cnv_depth__IBNLCO_02286__ntrC__gene,0.0,0.0
cnv_depth__IBNLCO_02285__IBNLCO_02285__gene,0.0,0.0
cnv_depth__IBNLCO_02285__Exodeoxyribonuclease__CDS__promoter,0.0,0.0
cnv_depth__IBNLCO_02325__IBNLCO_02325__gene,0.0,0.0
cnv_depth__IBNLCO_02283__IBNLCO_02283__gene,0.0,0.0
cnv_depth__IBNLCO_02282__IBNLCO_02282__gene__promoter,0.0,0.0
cnv_depth__IBNLCO_02281__Respiratory__CDS,0.0,0.0
cnv_depth__IBNLCO_02281__IBNLCO_02281__gene__promoter,0.0,0.0
cnv_depth__IBNLCO_02279__IBNLCO_02279__gene,0.0,0.0
cnv_depth__IBNLCO_02279__Nitrate__CDS__promoter,0.0,0.0
cnv_depth__IBNLCO_02278__Nitrate/nitrite__CDS,0.0,0.0
cnv_depth__IBNLCO_02276__trnfM__gene__promoter,0.0,0.0
cnv_depth__IBNLCO_02276__trnfM__gene,0.0,0.0
cnv_depth__IBNLCO_02275__IBNLCO_02275__gene,0.0,0.0
cnv_depth__IBNLCO_02274__IBNLCO_02274__gene,0.0,0.0
cnv_depth__IBNLCO_02270__IBNLCO_02270__gene__promoter,0.0,0.0
cnv_depth__IBNLCO_02271__fixL__gene__promoter,0.0,0.0
cnv_depth__IBNLCO_02284__hypothetical__CDS__promoter,0.0,0.0
cnv_depth__IBNLCO_02322__hypothetical__CDS__promoter,0.0,0.0
cnv_depth__IBNLCO_02321__IBNLCO_02321__gene__promoter,0.0,0.0
cnv_depth__IBNLCO_02322__IBNLCO_02322__gene,0.0,0.0
cnv_depth__IBNLCO_02321__IBNLCO_02321__gene,0.0,0.0
cnv_depth__IBNLCO_02320__IBNLCO_02320__gene__promoter,0.0,0.0
cnv_depth__IBNLCO_02320__Formimidoylglutamate__CDS,0.0,0.0
cnv_depth__IBNLCO_02318__IBNLCO_02318__gene__promoter,0.0,0.0
cnv_depth__IBNLCO_02318__IBNLCO_02318__gene,0.0,0.0
cnv_depth__IBNLCO_02317__Gamma-glutamylputrescine__CDS__promoter,0.0,0.0
cnv_depth__IBNLCO_02312__IBNLCO_02312__gene,0.0,0.0
cnv_depth__IBNLCO_02311__IBNLCO_02311__gene__promoter,0.0,0.0
cnv_depth__IBNLCO_02311__IBNLCO_02311__gene,0.0,0.0
cnv_depth__IBNLCO_02297__Major__CDS,0.0,0.0
cnv_depth__IBNLCO_02310__IBNLCO_02310__gene,0.0,0.0
cnv_depth__IBNLCO_02309__IBNLCO_02309__gene,0.0,0.0
cnv_depth__IBNLCO_02307__IBNLCO_02307__gene,0.0,0.0
cnv_depth__IBNLCO_02306__IBNLCO_02306__gene__promoter,0.0,0.0
cnv_depth__IBNLCO_02305__DUF222__CDS,0.0,0.0
cnv_depth__IBNLCO_02304__IBNLCO_02304__gene,0.0,0.0
cnv_depth__IBNLCO_02303__IBNLCO_02303__gene__promoter,0.0,0.0
cnv_depth__IBNLCO_02303__IBNLCO_02303__gene,0.0,0.0
cnv_depth__IBNLCO_02302__gnl|Bakta|IBNLCO_02302__CDS,0.0,0.0
cnv_depth__IBNLCO_02300__LysR__CDS__promoter,0.0,0.0
cnv_depth__IBNLCO_02298__CAIB/BAIF__CDS__promoter,0.0,0.0
cnv_depth__IBNLCO_02299__Putative__CDS,0.0,0.0
cnv_depth__IBNLCO_02298__IBNLCO_02298__gene,0.0,0.0
cnv_depth__IBNLCO_02309__Toprim__CDS__promoter,0.0,0.0
cnv_depth__IBNLCO_02492__Methionine__CDS__promoter,0.0,0.0
cnv_depth__IBNLCO_02489__Electron__CDS__promoter,0.0,0.0
cnv_depth__IBNLCO_02489__IBNLCO_02489__gene,0.0,0.0
cnv_depth__IBNLCO_02488__Electron__CDS__promoter,0.0,0.0
cnv_depth__IBNLCO_02488__IBNLCO_02488__gene,0.0,0.0
cnv_depth__IBNLCO_02485__Leucine-responsive__CDS,0.0,0.0
cnv_depth__IBNLCO_02484__IBNLCO_02484__gene__promoter,0.0,0.0
cnv_depth__IBNLCO_02484__Radical__CDS,0.0,0.0
cnv_depth__IBNLCO_02478__Large__CDS,0.0,0.0
cnv_depth__IBNLCO_02475__nudL__gene__promoter,0.0,0.0
cnv_depth__IBNLCO_02474__Cobalamin__CDS,0.0,0.0
cnv_depth__IBNLCO_02473__IBNLCO_02473__gene__promoter,0.0,0.0
cnv_depth__IBNLCO_02393__Thioredoxin__CDS__promoter,0.0,0.0
cnv_depth__IBNLCO_02471__Protease__CDS,0.0,0.0
cnv_depth__IBNLCO_02470__IBNLCO_02470__gene__promoter,0.0,0.0
cnv_depth__IBNLCO_02470__gnl|Bakta|IBNLCO_02470__CDS,0.0,0.0
cnv_depth__IBNLCO_02469__mogA__gene__promoter,0.0,0.0
cnv_depth__IBNLCO_02468__Dual-action__CDS,0.0,0.0
cnv_depth__IBNLCO_02467__pmbA__gene,0.0,0.0
cnv_depth__IBNLCO_02466__Dihydrofolate__CDS,0.0,0.0
cnv_depth__IBNLCO_02465__IBNLCO_02465__gene,0.0,0.0
cnv_depth__IBNLCO_02464__hypothetical__CDS__promoter,0.0,0.0
cnv_depth__IBNLCO_02465__IBNLCO_02465__gene__promoter,0.0,0.0
cnv_depth__IBNLCO_02462__IBNLCO_02462__gene,0.0,0.0
cnv_depth__IBNLCO_02462__gnl|Bakta|IBNLCO_02462__CDS__promoter,0.0,0.0
cnv_depth__IBNLCO_02461__Sigma-54__CDS__promoter,0.0,0.0
cnv_depth__IBNLCO_02472__Small__CDS,0.0,0.0
cnv_depth__IBNLCO_02516__hypothetical__CDS,0.0,0.0
cnv_depth__IBNLCO_02514__ssrA__gene__promoter,0.0,0.0
cnv_depth__IBNLCO_02513__Phosphoglycolate__CDS,0.0,0.0
cnv_depth__IBNLCO_02512__Ubiquinone__CDS,0.0,0.0
cnv_depth__IBNLCO_02511__OmpA-like__CDS,0.0,0.0
cnv_depth__IBNLCO_02511__IBNLCO_02511__gene__promoter,0.0,0.0
cnv_depth__IBNLCO_02510__DNA__CDS__promoter,0.0,0.0
cnv_depth__IBNLCO_02510__DNA__CDS,0.0,0.0
cnv_depth__IBNLCO_02509__DUF2059__CDS__promoter,0.0,0.0
cnv_depth__IBNLCO_02509__DUF2059__CDS,0.0,0.0
cnv_depth__IBNLCO_02508__Phosphoserine__CDS,0.0,0.0
cnv_depth__IBNLCO_02507__Bifunctional__CDS__promoter,0.0,0.0
cnv_depth__IBNLCO_02493__IBNLCO_02493__gene__promoter,0.0,0.0
cnv_depth__IBNLCO_02505__Cytidylate__CDS,0.0,0.0
cnv_depth__IBNLCO_02504__Small__CDS,0.0,0.0
cnv_depth__IBNLCO_02503__IBNLCO_02503__gene__promoter,0.0,0.0
cnv_depth__IBNLCO_02503__Integration__CDS,0.0,0.0
cnv_depth__IBNLCO_02502__Lipopolysaccharide__CDS,0.0,0.0
cnv_depth__IBNLCO_02499__RfaE__CDS__promoter,0.0,0.0
cnv_depth__IBNLCO_02498__gnl|Bakta|IBNLCO_02498__CDS,0.0,0.0
cnv_depth__IBNLCO_02497__Exported__CDS__promoter,0.0,0.0
cnv_depth__IBNLCO_02497__IBNLCO_02497__gene,0.0,0.0
cnv_depth__IBNLCO_02496__IBNLCO_02496__gene,0.0,0.0
cnv_depth__IBNLCO_02495__Murein__CDS,0.0,0.0
cnv_depth__IBNLCO_02494__IBNLCO_02494__gene,0.0,0.0
cnv_depth__IBNLCO_02493__IBNLCO_02493__gene,0.0,0.0
cnv_depth__IBNLCO_02506__hypothetical__CDS__promoter,0.0,0.0
cnv_depth__IBNLCO_02424__3-oxoacyl-[acyl-carrier-protein]__CDS,0.0,0.0
cnv_depth__IBNLCO_02423__Acyl__CDS__promoter,0.0,0.0
cnv_depth__IBNLCO_02423__Acyl__CDS,0.0,0.0
cnv_depth__IBNLCO_02422__3-oxoacyl-[acyl-carrier-protein]__CDS__promoter,0.0,0.0
cnv_depth__IBNLCO_02418__rseB__gene,0.0,0.0
cnv_depth__IBNLCO_02417__putative__CDS__promoter,0.0,0.0
cnv_depth__IBNLCO_02415__IBNLCO_02415__gene,0.0,0.0
cnv_depth__IBNLCO_02414__Signal__CDS__promoter,0.0,0.0
cnv_depth__IBNLCO_02413__IBNLCO_02413__gene__promoter,0.0,0.0
cnv_depth__IBNLCO_02411__recO__gene__promoter,0.0,0.0
cnv_depth__IBNLCO_02412__GTPase__CDS,0.0,0.0
cnv_depth__IBNLCO_02410__Pyridoxine__CDS,0.0,0.0
cnv_depth__IBNLCO_02460__Thymidylate__CDS__promoter,0.0,0.0
cnv_depth__IBNLCO_02409__IBNLCO_02409__gene,0.0,0.0
cnv_depth__IBNLCO_02408__IBNLCO_02408__gene__promoter,0.0,0.0
cnv_depth__IBNLCO_02407__IBNLCO_02407__gene,0.0,0.0
cnv_depth__IBNLCO_02407__IBNLCO_02407__gene__promoter,0.0,0.0
cnv_depth__IBNLCO_02406__IBNLCO_02406__gene,0.0,0.0
cnv_depth__IBNLCO_02406__Elongation__CDS__promoter,0.0,0.0
cnv_depth__IBNLCO_02405__Protein-arginine__CDS,0.0,0.0
cnv_depth__IBNLCO_02399__IBNLCO_02399__gene__promoter,0.0,0.0
cnv_depth__IBNLCO_02398__HTH__CDS,0.0,0.0
cnv_depth__IBNLCO_02397__Pirin__CDS,0.0,0.0
cnv_depth__IBNLCO_02396__N-acetyltransferase__CDS,0.0,0.0
cnv_depth__IBNLCO_02395__Cytochrome__CDS,0.0,0.0
cnv_depth__IBNLCO_02394__hypothetical__CDS__promoter,0.0,0.0
cnv_depth__IBNLCO_02409__IBNLCO_02409__gene__promoter,0.0,0.0
cnv_depth__IBNLCO_02459__hypothetical__CDS,0.0,0.0
cnv_depth__IBNLCO_02459__hypothetical__CDS__promoter,0.0,0.0
cnv_depth__IBNLCO_02458__IBNLCO_02458__gene,0.0,0.0
cnv_depth__IBNLCO_02456__Acyl-CoA__CDS,0.0,0.0
cnv_depth__IBNLCO_02454__Multidrug__CDS__promoter,0.0,0.0
cnv_depth__IBNLCO_02450__Protein__CDS,0.0,0.0
cnv_depth__IBNLCO_02450__Protein__CDS__promoter,0.0,0.0
cnv_depth__IBNLCO_02448__tRNA-Asn(gtt)__tRNA,0.0,0.0
cnv_depth__IBNLCO_02449__trnN__gene__promoter,0.0,0.0
cnv_depth__IBNLCO_02445__LUD__CDS,0.0,0.0
cnv_depth__IBNLCO_02443__IBNLCO_02443__gene__promoter,0.0,0.0
cnv_depth__IBNLCO_02442__rmuC__gene__promoter,0.0,0.0
cnv_depth__IBNLCO_02443__D-glycerate__CDS,0.0,0.0
cnv_depth__IBNLCO_02427__Phosphate__CDS__promoter,0.0,0.0
cnv_depth__IBNLCO_02439__IBNLCO_02439__gene,0.0,0.0
cnv_depth__IBNLCO_02439__IBNLCO_02439__gene__promoter,0.0,0.0
cnv_depth__IBNLCO_02438__IBNLCO_02438__gene__promoter,0.0,0.0
cnv_depth__IBNLCO_02437__GTP__CDS,0.0,0.0
cnv_depth__IBNLCO_02436__hypothetical__CDS,0.0,0.0
cnv_depth__IBNLCO_02435__Pseudouridine__CDS,0.0,0.0
cnv_depth__IBNLCO_02434__HAD-superfamily__CDS__promoter,0.0,0.0
cnv_depth__IBNLCO_02433__hypothetical__CDS__promoter,0.0,0.0
cnv_depth__IBNLCO_02431__IBNLCO_02431__gene,0.0,0.0
cnv_depth__IBNLCO_02430__7-methyl-GTP__CDS__promoter,0.0,0.0
cnv_depth__IBNLCO_02429__yceD__gene__promoter,0.0,0.0
cnv_depth__IBNLCO_02428__Large__CDS__promoter,0.0,0.0
cnv_depth__IBNLCO_02428__Large__CDS,0.0,0.0
cnv_depth__IBNLCO_02440__IBNLCO_02440__gene__promoter,0.0,0.0
cnv_depth__IBNLCO_02992__GTPase__CDS,0.0,0.0
cnv_depth__IBNLCO_02990__CNP1-like__CDS__promoter,0.0,0.0
cnv_depth__IBNLCO_02989__IBNLCO_02989__gene,0.0,0.0
cnv_depth__IBNLCO_02989__IBNLCO_02989__gene__promoter,0.0,0.0
cnv_depth__IBNLCO_02988__Proline--tRNA__CDS,0.0,0.0
cnv_depth__IBNLCO_02987__IBNLCO_02987__gene__promoter,0.0,0.0
cnv_depth__IBNLCO_02986__IBNLCO_02986__gene__promoter,0.0,0.0
cnv_depth__IBNLCO_02985__IBNLCO_02985__gene,0.0,0.0
cnv_depth__IBNLCO_02984__Cytochrome__CDS__promoter,0.0,0.0
cnv_depth__IBNLCO_02983__IBNLCO_02983__gene__promoter,0.0,0.0
cnv_depth__IBNLCO_02982__ampD__gene__promoter,0.0,0.0
cnv_depth__IBNLCO_02983__gnl|Bakta|IBNLCO_02983__CDS,0.0,0.0
cnv_depth__IBNLCO_02765__AraC__CDS__promoter,0.0,0.0
cnv_depth__IBNLCO_02981__Vitamin__CDS__promoter,0.0,0.0
cnv_depth__IBNLCO_02981__IBNLCO_02981__gene,0.0,0.0
cnv_depth__IBNLCO_02980__Ribonucleoside-diphosphate__CDS__promoter,0.0,0.0
cnv_depth__IBNLCO_02980__IBNLCO_02980__gene,0.0,0.0
cnv_depth__IBNLCO_02979__IBNLCO_02979__gene,0.0,0.0
cnv_depth__IBNLCO_02978__IBNLCO_02978__gene__promoter,0.0,0.0
cnv_depth__IBNLCO_02979__IBNLCO_02979__gene__promoter,0.0,0.0
cnv_depth__IBNLCO_02978__hypothetical__CDS,0.0,0.0
cnv_depth__IBNLCO_02977__Glycine__CDS__promoter,0.0,0.0
cnv_depth__IBNLCO_02976__Adenosine__CDS,0.0,0.0
cnv_depth__IBNLCO_02974__IBNLCO_02974__gene,0.0,0.0
cnv_depth__IBNLCO_02974__Zinc__CDS__promoter,0.0,0.0
cnv_depth__IBNLCO_02973__IBNLCO_02973__gene,0.0,0.0
cnv_depth__IBNLCO_02982__ampD__gene,0.0,0.0
cnv_depth__IBNLCO_03008__IBNLCO_03008__gene,0.0,0.0
cnv_depth__IBNLCO_03007__secA__gene__promoter,0.0,0.0
cnv_depth__IBNLCO_03007__secA__gene,0.0,0.0
cnv_depth__IBNLCO_03006__argJ__gene__promoter,0.0,0.0
cnv_depth__IBNLCO_03006__Arginine__CDS,0.0,0.0
cnv_depth__IBNLCO_03005__ATP-binding__CDS__promoter,0.0,0.0
cnv_depth__IBNLCO_03004__8-oxo-dGTP__CDS__promoter,0.0,0.0
cnv_depth__IBNLCO_03005__ATP-binding__CDS,0.0,0.0
cnv_depth__IBNLCO_03003__DNA__CDS,0.0,0.0
cnv_depth__IBNLCO_03003__DNA__CDS__promoter,0.0,0.0
cnv_depth__IBNLCO_03002__Cell__CDS,0.0,0.0
cnv_depth__IBNLCO_03002__Cell__CDS__promoter,0.0,0.0
cnv_depth__IBNLCO_02992__IBNLCO_02992__gene__promoter,0.0,0.0
cnv_depth__IBNLCO_03000__pilD__gene__promoter,0.0,0.0
cnv_depth__IBNLCO_02999__pilC__gene,0.0,0.0
cnv_depth__IBNLCO_02998__pilB__gene,0.0,0.0
cnv_depth__IBNLCO_02998__pilB__gene__promoter,0.0,0.0
cnv_depth__IBNLCO_05837__IBNLCO_05837__gene,0.0,0.0
cnv_depth__IBNLCO_02997__corB__gene__promoter,0.0,0.0
cnv_depth__IBNLCO_02996__trnP__gene,0.0,0.0
cnv_depth__IBNLCO_02996__trnP__gene__promoter,0.0,0.0
cnv_depth__IBNLCO_02995__Octaprenyl-diphosphate__CDS,0.0,0.0
cnv_depth__IBNLCO_02994__IBNLCO_02994__gene__promoter,0.0,0.0
cnv_depth__IBNLCO_02994__Large__CDS,0.0,0.0
cnv_depth__IBNLCO_02993__IBNLCO_02993__gene__promoter,0.0,0.0
cnv_depth__IBNLCO_02993__Large__CDS,0.0,0.0
cnv_depth__IBNLCO_03001__IBNLCO_03001__gene,0.0,0.0
cnv_depth__IBNLCO_02950__Nicotinamide-nucleotide__CDS__promoter,0.0,0.0
cnv_depth__IBNLCO_02949__IBNLCO_02949__gene,0.0,0.0
cnv_depth__IBNLCO_02947__Putative__CDS,0.0,0.0
cnv_depth__IBNLCO_02946__hypothetical__CDS__promoter,0.0,0.0
cnv_depth__IBNLCO_02946__IBNLCO_02946__gene,0.0,0.0
cnv_depth__IBNLCO_02945__IBNLCO_02945__gene__promoter,0.0,0.0
cnv_depth__IBNLCO_02945__IBNLCO_02945__gene,0.0,0.0
cnv_depth__IBNLCO_02944__IBNLCO_02944__gene,0.0,0.0
cnv_depth__IBNLCO_02944__IBNLCO_02944__gene__promoter,0.0,0.0
cnv_depth__IBNLCO_02943__VOC__CDS,0.0,0.0
cnv_depth__IBNLCO_02943__VOC__CDS__promoter,0.0,0.0
cnv_depth__IBNLCO_02942__IBNLCO_02942__gene,0.0,0.0
cnv_depth__IBNLCO_02973__Ribosomal__CDS__promoter,0.0,0.0
cnv_depth__IBNLCO_02942__Polyamine__CDS__promoter,0.0,0.0
cnv_depth__IBNLCO_02941__IBNLCO_02941__gene,0.0,0.0
cnv_depth__IBNLCO_02940__Glyceraldehyde-3-phosphate__CDS__promoter,0.0,0.0
cnv_depth__IBNLCO_02940__IBNLCO_02940__gene,0.0,0.0
cnv_depth__IBNLCO_02939__MFS__CDS,0.0,0.0
cnv_depth__IBNLCO_02939__IBNLCO_02939__gene__promoter,0.0,0.0
cnv_depth__IBNLCO_02937__IBNLCO_02937__gene,0.0,0.0
cnv_depth__IBNLCO_02936__cynR__gene__promoter,0.0,0.0
cnv_depth__IBNLCO_02937__IBNLCO_02937__gene__promoter,0.0,0.0
cnv_depth__IBNLCO_02935__IBNLCO_02935__gene,0.0,0.0
cnv_depth__IBNLCO_02935__IBNLCO_02935__gene__promoter,0.0,0.0
cnv_depth__IBNLCO_02934__IBNLCO_02934__gene__promoter,0.0,0.0
cnv_depth__IBNLCO_02934__IBNLCO_02934__gene,0.0,0.0
cnv_depth__IBNLCO_02941__Transketolase__CDS__promoter,0.0,0.0
cnv_depth__IBNLCO_02972__IBNLCO_02972__gene,0.0,0.0
cnv_depth__IBNLCO_02972__Biotin__CDS__promoter,0.0,0.0
cnv_depth__IBNLCO_02971__IBNLCO_02971__gene,0.0,0.0
cnv_depth__IBNLCO_02970__IBNLCO_02970__gene,0.0,0.0
cnv_depth__IBNLCO_02970__IBNLCO_02970__gene__promoter,0.0,0.0
cnv_depth__IBNLCO_02969__IBNLCO_02969__gene,0.0,0.0
cnv_depth__IBNLCO_02969__IBNLCO_02969__gene__promoter,0.0,0.0
cnv_depth__IBNLCO_02968__IBNLCO_02968__gene,0.0,0.0
cnv_depth__IBNLCO_02967__IBNLCO_02967__gene__promoter,0.0,0.0
cnv_depth__IBNLCO_02966__IBNLCO_02966__gene__promoter,0.0,0.0
cnv_depth__IBNLCO_02967__IBNLCO_02967__gene,0.0,0.0
cnv_depth__IBNLCO_02965__IBNLCO_02965__gene__promoter,0.0,0.0
cnv_depth__IBNLCO_02950__IBNLCO_02950__gene,0.0,0.0
cnv_depth__IBNLCO_02963__IBNLCO_02963__gene,0.0,0.0
cnv_depth__IBNLCO_02962__IBNLCO_02962__gene__promoter,0.0,0.0
cnv_depth__IBNLCO_02962__Carboxypeptidase__CDS,0.0,0.0
cnv_depth__IBNLCO_02961__EF-hand__CDS__promoter,0.0,0.0
cnv_depth__IBNLCO_02961__IBNLCO_02961__gene,0.0,0.0
cnv_depth__IBNLCO_02957__Peroxisomal__CDS__promoter,0.0,0.0
cnv_depth__IBNLCO_02956__L-arabinose-binding__CDS__promoter,0.0,0.0
cnv_depth__IBNLCO_02956__IBNLCO_02956__gene,0.0,0.0
cnv_depth__IBNLCO_02955__araG__gene,0.0,0.0
cnv_depth__IBNLCO_02954__L-arabinose__CDS,0.0,0.0
cnv_depth__IBNLCO_02953__NAD(P)-dependent__CDS,0.0,0.0
cnv_depth__IBNLCO_02952__IBNLCO_02952__gene__promoter,0.0,0.0
cnv_depth__IBNLCO_02951__IBNLCO_02951__gene__promoter,0.0,0.0
cnv_depth__IBNLCO_02965__IBNLCO_02965__gene,0.0,0.0
cnv_depth__IBNLCO_03066__Energy-dependent__CDS,0.0,0.0
cnv_depth__IBNLCO_03066__ettA__gene__promoter,0.0,0.0
cnv_depth__IBNLCO_03064__GP-PDE__CDS__promoter,0.0,0.0
cnv_depth__IBNLCO_03065__hypothetical__CDS__promoter,0.0,0.0
cnv_depth__IBNLCO_03064__GP-PDE__CDS,0.0,0.0
cnv_depth__IBNLCO_03063__IBNLCO_03063__gene__promoter,0.0,0.0
cnv_depth__IBNLCO_03063__hypothetical__CDS,0.0,0.0
cnv_depth__IBNLCO_03062__IBNLCO_03062__gene__promoter,0.0,0.0
cnv_depth__IBNLCO_03061__HTH__CDS,0.0,0.0
cnv_depth__IBNLCO_03061__HTH__CDS__promoter,0.0,0.0
cnv_depth__IBNLCO_03060__IBNLCO_03060__gene,0.0,0.0
cnv_depth__IBNLCO_03060__IBNLCO_03060__gene__promoter,0.0,0.0
cnv_depth__IBNLCO_03009__UDP-3-O-acyl-N-acetylglucosamine__CDS,0.0,0.0
cnv_depth__IBNLCO_03058__Ribosome-binding__CDS,0.0,0.0
cnv_depth__IBNLCO_03058__Ribosome-binding__CDS__promoter,0.0,0.0
cnv_depth__IBNLCO_03057__HD__CDS,0.0,0.0
cnv_depth__IBNLCO_03057__HD__CDS__promoter,0.0,0.0
cnv_depth__IBNLCO_03056__hypothetical__CDS__promoter,0.0,0.0
cnv_depth__IBNLCO_03055__IBNLCO_03055__gene,0.0,0.0
cnv_depth__IBNLCO_03054__IBNLCO_03054__gene__promoter,0.0,0.0
cnv_depth__IBNLCO_03054__IBNLCO_03054__gene,0.0,0.0
cnv_depth__IBNLCO_03053__IBNLCO_03053__gene,0.0,0.0
cnv_depth__IBNLCO_03052__FMN-dependent__CDS__promoter,0.0,0.0
cnv_depth__IBNLCO_03052__IBNLCO_03052__gene,0.0,0.0
cnv_depth__IBNLCO_03051__IBNLCO_03051__gene,0.0,0.0
cnv_depth__IBNLCO_03049__IBNLCO_03049__gene,0.0,0.0
cnv_depth__IBNLCO_03059__IBNLCO_03059__gene,0.0,0.0
cnv_depth__IBNLCO_03089__IBNLCO_03089__gene__promoter,0.0,0.0
cnv_depth__IBNLCO_03088__IBNLCO_03088__gene__promoter,0.0,0.0
cnv_depth__IBNLCO_03087__IBNLCO_03087__gene,0.0,0.0
cnv_depth__IBNLCO_03084__DUF1415__CDS,0.0,0.0
cnv_depth__IBNLCO_03083__HTH__CDS,0.0,0.0
cnv_depth__IBNLCO_03082__Oxalate:formate__CDS__promoter,0.0,0.0
cnv_depth__IBNLCO_03083__HTH__CDS__promoter,0.0,0.0
cnv_depth__IBNLCO_03082__Oxalate:formate__CDS,0.0,0.0
cnv_depth__IBNLCO_03081__rutE__gene,0.0,0.0
cnv_depth__IBNLCO_03080__Heat__CDS,0.0,0.0
cnv_depth__IBNLCO_03079__IBNLCO_03079__gene,0.0,0.0
cnv_depth__IBNLCO_03079__Putative__CDS__promoter,0.0,0.0
cnv_depth__IBNLCO_03068__IBNLCO_03068__gene,0.0,0.0
cnv_depth__IBNLCO_03078__Amino__CDS,0.0,0.0
cnv_depth__IBNLCO_03077__IBNLCO_03077__gene,0.0,0.0
cnv_depth__IBNLCO_03077__IBNLCO_03077__gene__promoter,0.0,0.0
cnv_depth__IBNLCO_03076__ubiX__gene,0.0,0.0
cnv_depth__IBNLCO_03075__IBNLCO_03075__gene,0.0,0.0
cnv_depth__IBNLCO_03073__IBNLCO_03073__gene,0.0,0.0
cnv_depth__IBNLCO_03073__IBNLCO_03073__gene__promoter,0.0,0.0
cnv_depth__IBNLCO_03072__IBNLCO_03072__gene,0.0,0.0
cnv_depth__IBNLCO_03071__hypothetical__CDS__promoter,0.0,0.0
cnv_depth__IBNLCO_03071__IBNLCO_03071__gene,0.0,0.0
cnv_depth__IBNLCO_03070__IBNLCO_03070__gene,0.0,0.0
cnv_depth__IBNLCO_03069__IBNLCO_03069__gene,0.0,0.0
cnv_depth__IBNLCO_03067__IBNLCO_03067__gene__promoter,0.0,0.0
cnv_depth__IBNLCO_03078__IBNLCO_03078__gene__promoter,0.0,0.0
cnv_depth__IBNLCO_03028__IBNLCO_03028__gene,0.0,0.0
cnv_depth__IBNLCO_03027__IBNLCO_03027__gene,0.0,0.0
cnv_depth__IBNLCO_03026__3-demethoxyubiquinol__CDS,0.0,0.0
cnv_depth__IBNLCO_03025__Transcriptional__CDS__promoter,0.0,0.0
cnv_depth__IBNLCO_03025__mraZ__gene,0.0,0.0
cnv_depth__IBNLCO_03024__Ribosomal__CDS__promoter,0.0,0.0
cnv_depth__IBNLCO_03023__Cell__CDS__promoter,0.0,0.0
cnv_depth__IBNLCO_03024__IBNLCO_03024__gene,0.0,0.0
cnv_depth__IBNLCO_03021__UDP-N-acetylmuramoyl-L-alanyl-D-glutamate--2%2C6-di__CDS__promoter,0.0,0.0
cnv_depth__IBNLCO_03022__ftsI__gene,0.0,0.0
cnv_depth__IBNLCO_03019__IBNLCO_03019__gene,0.0,0.0
cnv_depth__IBNLCO_03018__IBNLCO_03018__gene__promoter,0.0,0.0
cnv_depth__IBNLCO_03048__IBNLCO_03048__gene,0.0,0.0
cnv_depth__IBNLCO_03016__IBNLCO_03016__gene__promoter,0.0,0.0
cnv_depth__IBNLCO_03016__IBNLCO_03016__gene,0.0,0.0
cnv_depth__IBNLCO_03015__UDP-N-acetylmuramate--L-alanine__CDS,0.0,0.0
cnv_depth__IBNLCO_03014__D-alanine--D-alanine__CDS,0.0,0.0
cnv_depth__IBNLCO_03013__Cell__CDS__promoter,0.0,0.0
cnv_depth__IBNLCO_03013__Cell__CDS,0.0,0.0
cnv_depth__IBNLCO_03012__Cell__CDS__promoter,0.0,0.0
cnv_depth__IBNLCO_03012__Cell__CDS,0.0,0.0
cnv_depth__IBNLCO_03011__Cell__CDS__promoter,0.0,0.0
cnv_depth__IBNLCO_03011__ftsZ__gene,0.0,0.0
cnv_depth__IBNLCO_03010__IBNLCO_03010__gene__promoter,0.0,0.0
cnv_depth__IBNLCO_03010__IBNLCO_03010__gene,0.0,0.0
cnv_depth__IBNLCO_03009__UDP-3-O-acyl-N-acetylglucosamine__CDS__promoter,0.0,0.0
cnv_depth__IBNLCO_03017__ftsW__gene,0.0,0.0
cnv_depth__IBNLCO_03048__Anthranilate__CDS__promoter,0.0,0.0
cnv_depth__IBNLCO_03047__Anthranilate__CDS,0.0,0.0
cnv_depth__IBNLCO_03047__IBNLCO_03047__gene__promoter,0.0,0.0
cnv_depth__IBNLCO_03046__Anthranilate__CDS,0.0,0.0
cnv_depth__IBNLCO_03046__Anthranilate__CDS__promoter,0.0,0.0
cnv_depth__IBNLCO_03045__IBNLCO_03045__gene,0.0,0.0
cnv_depth__IBNLCO_03045__hypothetical__CDS__promoter,0.0,0.0
cnv_depth__IBNLCO_03044__Ribulose-phosphate__CDS,0.0,0.0
cnv_depth__IBNLCO_03044__Ribulose-phosphate__CDS__promoter,0.0,0.0
cnv_depth__IBNLCO_03043__apaG__gene,0.0,0.0
cnv_depth__IBNLCO_03041__peptidoglycan__CDS__promoter,0.0,0.0
cnv_depth__IBNLCO_03042__hypothetical__CDS__promoter,0.0,0.0
cnv_depth__IBNLCO_03028__IBNLCO_03028__gene__promoter,0.0,0.0
cnv_depth__IBNLCO_03040__Phenylacetate-coenzyme__CDS,0.0,0.0
cnv_depth__IBNLCO_03040__IBNLCO_03040__gene__promoter,0.0,0.0
cnv_depth__IBNLCO_03039__paaD__gene,0.0,0.0
cnv_depth__IBNLCO_03039__Phenylacetic__CDS__promoter,0.0,0.0
cnv_depth__IBNLCO_03038__IBNLCO_03038__gene,0.0,0.0
cnv_depth__IBNLCO_03037__IBNLCO_03037__gene,0.0,0.0
cnv_depth__IBNLCO_03036__IBNLCO_03036__gene,0.0,0.0
cnv_depth__IBNLCO_03035__Enoyl-CoA__CDS__promoter,0.0,0.0
cnv_depth__IBNLCO_03036__IBNLCO_03036__gene__promoter,0.0,0.0
cnv_depth__IBNLCO_03035__IBNLCO_03035__gene,0.0,0.0
cnv_depth__IBNLCO_03030__rrf__gene__promoter,0.0,0.0
cnv_depth__IBNLCO_03029__4Fe-4S__CDS__promoter,0.0,0.0
cnv_depth__IBNLCO_03029__IBNLCO_03029__gene,0.0,0.0
cnv_depth__IBNLCO_03041__IBNLCO_03041__gene,0.0,0.0
cnv_depth__IBNLCO_02822__gnl|Bakta|IBNLCO_02822__CDS__promoter,0.0,0.0
cnv_depth__IBNLCO_02821__IBNLCO_02821__gene,0.0,0.0
cnv_depth__IBNLCO_02821__3-deoxy-7-phosphoheptulonate__CDS__promoter,0.0,0.0
cnv_depth__IBNLCO_02820__Acid__CDS,0.0,0.0
cnv_depth__IBNLCO_02820__Acid__CDS__promoter,0.0,0.0
cnv_depth__IBNLCO_02819__Deaminated__CDS,0.0,0.0
cnv_depth__IBNLCO_02819__Deaminated__CDS__promoter,0.0,0.0
cnv_depth__IBNLCO_02818__IBNLCO_02818__gene,0.0,0.0
cnv_depth__IBNLCO_02818__TIGR02099__CDS__promoter,0.0,0.0
cnv_depth__IBNLCO_02816__DNA__CDS,0.0,0.0
cnv_depth__IBNLCO_02815__NAD__CDS,0.0,0.0
cnv_depth__IBNLCO_02814__Heat-inducible__CDS,0.0,0.0
cnv_depth__IBNLCO_02933__IBNLCO_02933__gene__promoter,0.0,0.0
cnv_depth__IBNLCO_02813__IBNLCO_02813__gene,0.0,0.0
cnv_depth__IBNLCO_02811__IBNLCO_02811__gene__promoter,0.0,0.0
cnv_depth__IBNLCO_02811__hypothetical__CDS,0.0,0.0
cnv_depth__IBNLCO_02810__hypothetical__CDS,0.0,0.0
cnv_depth__IBNLCO_02809__dnaK__gene__promoter,0.0,0.0
cnv_depth__IBNLCO_02809__Chaperone__CDS,0.0,0.0
cnv_depth__IBNLCO_02803__IBNLCO_02803__gene,0.0,0.0
cnv_depth__IBNLCO_02803__IBNLCO_02803__gene__promoter,0.0,0.0
cnv_depth__IBNLCO_02802__IBNLCO_02802__gene,0.0,0.0
cnv_depth__IBNLCO_02802__IBNLCO_02802__gene__promoter,0.0,0.0
cnv_depth__IBNLCO_02801__dnaA__gene,0.0,0.0
cnv_depth__IBNLCO_02801__dnaA__gene__promoter,0.0,0.0
cnv_depth__IBNLCO_02800__IBNLCO_02800__gene,0.0,0.0
cnv_depth__IBNLCO_02813__gnl|Bakta|IBNLCO_02813__CDS__promoter,0.0,0.0
cnv_depth__IBNLCO_02849__IBNLCO_02849__gene,0.0,0.0
cnv_depth__IBNLCO_02848__IBNLCO_02848__gene__promoter,0.0,0.0
cnv_depth__IBNLCO_02848__gnl|Bakta|IBNLCO_02848__CDS,0.0,0.0
cnv_depth__IBNLCO_02846__hypothetical__CDS,0.0,0.0
cnv_depth__IBNLCO_02845__non-specific__CDS,0.0,0.0
cnv_depth__IBNLCO_02844__IBNLCO_02844__gene__promoter,0.0,0.0
cnv_depth__IBNLCO_02843__4-hydroxybenzoate__CDS,0.0,0.0
cnv_depth__IBNLCO_02841__IBNLCO_02841__gene,0.0,0.0
cnv_depth__IBNLCO_02841__IBNLCO_02841__gene__promoter,0.0,0.0
cnv_depth__IBNLCO_02839__phnG__gene__promoter,0.0,0.0
cnv_depth__IBNLCO_02840__IBNLCO_02840__gene__promoter,0.0,0.0
cnv_depth__IBNLCO_02839__phnG__gene,0.0,0.0
cnv_depth__IBNLCO_02825__FAD-binding__CDS__promoter,0.0,0.0
cnv_depth__IBNLCO_02835__phnK__gene__promoter,0.0,0.0
cnv_depth__IBNLCO_02836__IBNLCO_02836__gene,0.0,0.0
cnv_depth__IBNLCO_02834__phnL__gene,0.0,0.0
cnv_depth__IBNLCO_02833__IBNLCO_02833__gene,0.0,0.0
cnv_depth__IBNLCO_02832__Phosphonates__CDS,0.0,0.0
cnv_depth__IBNLCO_02831__Phosphite__CDS,0.0,0.0
cnv_depth__IBNLCO_02830__phnE__gene,0.0,0.0
cnv_depth__IBNLCO_02829__Pyrroline-5-carboxylate__CDS__promoter,0.0,0.0
cnv_depth__IBNLCO_02828__Pyridoxal__CDS,0.0,0.0
cnv_depth__IBNLCO_02827__Glycolate__CDS,0.0,0.0
cnv_depth__IBNLCO_02827__IBNLCO_02827__gene__promoter,0.0,0.0
cnv_depth__IBNLCO_02826__glcE__gene,0.0,0.0
cnv_depth__IBNLCO_02825__IBNLCO_02825__gene,0.0,0.0
cnv_depth__IBNLCO_02837__phnI__gene__promoter,0.0,0.0
cnv_depth__IBNLCO_02781__wcbJ__gene,0.0,0.0
cnv_depth__IBNLCO_02780__wcbK__gene__promoter,0.0,0.0
cnv_depth__IBNLCO_02780__GDP__CDS,0.0,0.0
cnv_depth__IBNLCO_02779__wcbL__gene__promoter,0.0,0.0
cnv_depth__IBNLCO_02778__gmhA__gene__promoter,0.0,0.0
cnv_depth__IBNLCO_02779__wcbL__gene,0.0,0.0
cnv_depth__IBNLCO_02778__gmhA__gene,0.0,0.0
cnv_depth__IBNLCO_02777__wcbM__gene__promoter,0.0,0.0
cnv_depth__IBNLCO_02776__gmhB__gene__promoter,0.0,0.0
cnv_depth__IBNLCO_02777__D-glycero-d-manno-heptose__CDS,0.0,0.0
cnv_depth__IBNLCO_02776__D-glycero-alpha-D-manno-heptose-1%2C7-bisphosphate__CDS,0.0,0.0
cnv_depth__IBNLCO_02775__IBNLCO_02775__gene__promoter,0.0,0.0
cnv_depth__IBNLCO_02798__IBNLCO_02798__gene,0.0,0.0
cnv_depth__IBNLCO_02774__capsular__CDS,0.0,0.0
cnv_depth__IBNLCO_02773__wcbQ__gene__promoter,0.0,0.0
cnv_depth__IBNLCO_02773__wcbQ__gene,0.0,0.0
cnv_depth__IBNLCO_02772__capsular__CDS__promoter,0.0,0.0
cnv_depth__IBNLCO_02771__UDP-3-O-[3-hydroxymyristoyl]__CDS__promoter,0.0,0.0
cnv_depth__IBNLCO_02770__acyl-CoA__CDS__promoter,0.0,0.0
cnv_depth__IBNLCO_02770__wcbT__gene,0.0,0.0
cnv_depth__IBNLCO_02769__gnl|Bakta|IBNLCO_02769__CDS__promoter,0.0,0.0
cnv_depth__IBNLCO_02769__IBNLCO_02769__gene,0.0,0.0
cnv_depth__IBNLCO_02768__IBNLCO_02768__gene,0.0,0.0
cnv_depth__IBNLCO_02767__gnl|Bakta|IBNLCO_02767__CDS__promoter,0.0,0.0
cnv_depth__IBNLCO_02766__IBNLCO_02766__gene,0.0,0.0
cnv_depth__IBNLCO_02766__Phosphatidic__CDS__promoter,0.0,0.0
cnv_depth__IBNLCO_02775__hypothetical__CDS,0.0,0.0
cnv_depth__IBNLCO_02795__IBNLCO_02795__gene,0.0,0.0
cnv_depth__IBNLCO_02795__IBNLCO_02795__gene__promoter,0.0,0.0
cnv_depth__IBNLCO_02793__manC__gene,0.0,0.0
cnv_depth__IBNLCO_02793__manC__gene__promoter,0.0,0.0
cnv_depth__IBNLCO_02792__hypothetical__CDS,0.0,0.0
cnv_depth__IBNLCO_02792__IBNLCO_02792__gene__promoter,0.0,0.0
cnv_depth__IBNLCO_02791__IBNLCO_02791__gene,0.0,0.0
cnv_depth__IBNLCO_02791__hypothetical__CDS__promoter,0.0,0.0
cnv_depth__IBNLCO_02790__capsular__CDS__promoter,0.0,0.0
cnv_depth__IBNLCO_02790__wcbC__gene,0.0,0.0
cnv_depth__IBNLCO_02789__capsule__CDS__promoter,0.0,0.0
cnv_depth__IBNLCO_02789__wcbD__gene,0.0,0.0
cnv_depth__IBNLCO_02782__capsular__CDS,0.0,0.0
cnv_depth__IBNLCO_02787__wzt2__gene__promoter,0.0,0.0
cnv_depth__IBNLCO_02788__wzm__gene,0.0,0.0
cnv_depth__IBNLCO_02787__wzt2__gene,0.0,0.0
cnv_depth__IBNLCO_02786__gnl|Bakta|IBNLCO_02786__CDS__promoter,0.0,0.0
cnv_depth__IBNLCO_02786__wcbE__gene,0.0,0.0
cnv_depth__IBNLCO_02785__wcbF__gene__promoter,0.0,0.0
cnv_depth__IBNLCO_02785__wcbF__gene,0.0,0.0
cnv_depth__IBNLCO_02784__wcbG__gene__promoter,0.0,0.0
cnv_depth__IBNLCO_02783__wcbH__gene__promoter,0.0,0.0
cnv_depth__IBNLCO_02784__capsular__CDS,0.0,0.0
cnv_depth__IBNLCO_02783__wcbH__gene,0.0,0.0
cnv_depth__IBNLCO_02782__wcbI__gene__promoter,0.0,0.0
cnv_depth__IBNLCO_02781__wcbJ__gene__promoter,0.0,0.0
cnv_depth__IBNLCO_02788__wzm__gene__promoter,0.0,0.0
cnv_depth__IBNLCO_02915__MFS__CDS__promoter,0.0,0.0
cnv_depth__IBNLCO_02914__IBNLCO_02914__gene__promoter,0.0,0.0
cnv_depth__IBNLCO_02913__IBNLCO_02913__gene__promoter,0.0,0.0
cnv_depth__IBNLCO_02913__IBNLCO_02913__gene,0.0,0.0
cnv_depth__IBNLCO_02912__IBNLCO_02912__gene__promoter,0.0,0.0
cnv_depth__IBNLCO_02912__Extracellular__CDS,0.0,0.0
cnv_depth__IBNLCO_02911__Glutamate/aspartate__CDS__promoter,0.0,0.0
cnv_depth__IBNLCO_02910__IBNLCO_02910__gene__promoter,0.0,0.0
cnv_depth__IBNLCO_02911__Glutamate/aspartate__CDS,0.0,0.0
cnv_depth__IBNLCO_02909__IBNLCO_02909__gene__promoter,0.0,0.0
cnv_depth__IBNLCO_02910__ABC__CDS,0.0,0.0
cnv_depth__IBNLCO_02909__ABC__CDS,0.0,0.0
cnv_depth__IBNLCO_02850__recG__gene,0.0,0.0
cnv_depth__IBNLCO_02906__IBNLCO_02906__gene,0.0,0.0
cnv_depth__IBNLCO_02906__Co-chaperonin__CDS__promoter,0.0,0.0
cnv_depth__IBNLCO_02905__SHSP__CDS__promoter,0.0,0.0
cnv_depth__IBNLCO_02905__SHSP__CDS,0.0,0.0
cnv_depth__IBNLCO_02904__SHSP__CDS__promoter,0.0,0.0
cnv_depth__IBNLCO_02904__SHSP__CDS,0.0,0.0
cnv_depth__IBNLCO_02903__hypothetical__CDS__promoter,0.0,0.0
cnv_depth__IBNLCO_02902__Glutamine__CDS,0.0,0.0
cnv_depth__IBNLCO_02901__gnl|Bakta|IBNLCO_02901__CDS__promoter,0.0,0.0
cnv_depth__IBNLCO_02901__gnl|Bakta|IBNLCO_02901__CDS,0.0,0.0
cnv_depth__IBNLCO_02899__RNaseP_bact_a__gene,0.0,0.0
cnv_depth__IBNLCO_02898__IBNLCO_02898__gene,0.0,0.0
cnv_depth__IBNLCO_02898__gnl|Bakta|IBNLCO_02898__CDS__promoter,0.0,0.0
cnv_depth__IBNLCO_02907__hypothetical__CDS__promoter,0.0,0.0
cnv_depth__IBNLCO_02932__Ureidoglycolate__CDS,0.0,0.0
cnv_depth__IBNLCO_02931__IBNLCO_02931__gene,0.0,0.0
cnv_depth__IBNLCO_02930__IBNLCO_02930__gene__promoter,0.0,0.0
cnv_depth__IBNLCO_02931__IBNLCO_02931__gene__promoter,0.0,0.0
cnv_depth__IBNLCO_02929__4-hydroxy-tetrahydrodipicolinate__CDS,0.0,0.0
cnv_depth__IBNLCO_02928__Biopolymer__CDS__promoter,0.0,0.0
cnv_depth__IBNLCO_02927__exbD__gene__promoter,0.0,0.0
cnv_depth__IBNLCO_02927__Biopolymer__CDS,0.0,0.0
cnv_depth__IBNLCO_02926__IBNLCO_02926__gene__promoter,0.0,0.0
cnv_depth__IBNLCO_02926__Leucine--tRNA__CDS,0.0,0.0
cnv_depth__IBNLCO_02925__lptE__gene__promoter,0.0,0.0
cnv_depth__IBNLCO_02924__IBNLCO_02924__gene,0.0,0.0
cnv_depth__IBNLCO_02915__IBNLCO_02915__gene,0.0,0.0
cnv_depth__IBNLCO_02922__IBNLCO_02922__gene__promoter,0.0,0.0
cnv_depth__IBNLCO_02922__Protoporphyrinogen__CDS,0.0,0.0
cnv_depth__IBNLCO_02921__IBNLCO_02921__gene__promoter,0.0,0.0
cnv_depth__IBNLCO_02920__IBNLCO_02920__gene__promoter,0.0,0.0
cnv_depth__IBNLCO_02920__IBNLCO_02920__gene,0.0,0.0
cnv_depth__IBNLCO_02919__IBNLCO_02919__gene__promoter,0.0,0.0
cnv_depth__IBNLCO_02919__2-dehydro-3-deoxy-phosphogluconate__CDS,0.0,0.0
cnv_depth__IBNLCO_02918__Gluconate__CDS__promoter,0.0,0.0
cnv_depth__IBNLCO_02918__Gluconate__CDS,0.0,0.0
cnv_depth__IBNLCO_02917__IBNLCO_02917__gene__promoter,0.0,0.0
cnv_depth__IBNLCO_02917__gnl|Bakta|IBNLCO_02917__CDS,0.0,0.0
cnv_depth__IBNLCO_02916__Adenylosuccinate__CDS,0.0,0.0
cnv_depth__IBNLCO_02916__Adenylosuccinate__CDS__promoter,0.0,0.0
cnv_depth__IBNLCO_02923__Gamma-glutamyl__CDS,0.0,0.0
cnv_depth__IBNLCO_02878__IBNLCO_02878__gene__promoter,0.0,0.0
cnv_depth__IBNLCO_02876__Glutathione__CDS,0.0,0.0
cnv_depth__IBNLCO_02875__IBNLCO_02875__gene__promoter,0.0,0.0
cnv_depth__IBNLCO_02874__tRNA-specific__CDS,0.0,0.0
cnv_depth__IBNLCO_02873__Phosphatase__CDS,0.0,0.0
cnv_depth__IBNLCO_02871__proton-translocating__CDS__promoter,0.0,0.0
cnv_depth__IBNLCO_02870__NAD(P)__CDS__promoter,0.0,0.0
cnv_depth__IBNLCO_02871__IBNLCO_02871__gene,0.0,0.0
cnv_depth__IBNLCO_02870__IBNLCO_02870__gene,0.0,0.0
cnv_depth__IBNLCO_02868__IBNLCO_02868__gene__promoter,0.0,0.0
cnv_depth__IBNLCO_02867__hypothetical__CDS__promoter,0.0,0.0
cnv_depth__IBNLCO_02865__hypothetical__CDS,0.0,0.0
cnv_depth__IBNLCO_02897__Betaproteobacteria_toxic_sRNA__gene__promoter,0.0,0.0
cnv_depth__IBNLCO_02864__hypothetical__CDS,0.0,0.0
cnv_depth__IBNLCO_02862__pqiB__gene,0.0,0.0
cnv_depth__IBNLCO_02862__Intermembrane__CDS__promoter,0.0,0.0
cnv_depth__IBNLCO_02861__IBNLCO_02861__gene,0.0,0.0
cnv_depth__IBNLCO_02860__hypothetical__CDS__promoter,0.0,0.0
cnv_depth__IBNLCO_02859__IBNLCO_02859__gene__promoter,0.0,0.0
cnv_depth__IBNLCO_02859__IBNLCO_02859__gene,0.0,0.0
cnv_depth__IBNLCO_02858__Lipid/polyisoprenoid-binding__CDS,0.0,0.0
cnv_depth__IBNLCO_02855__Protein-export__CDS,0.0,0.0
cnv_depth__IBNLCO_02854__secD__gene,0.0,0.0
cnv_depth__IBNLCO_02854__secD__gene__promoter,0.0,0.0
cnv_depth__IBNLCO_02853__Sec__CDS,0.0,0.0
cnv_depth__IBNLCO_02852__IBNLCO_02852__gene__promoter,0.0,0.0
cnv_depth__IBNLCO_02865__IBNLCO_02865__gene__promoter,0.0,0.0
cnv_depth__IBNLCO_02896__Large__CDS__promoter,0.0,0.0
cnv_depth__IBNLCO_02896__IBNLCO_02896__gene,0.0,0.0
cnv_depth__IBNLCO_02895__Small__CDS__promoter,0.0,0.0
cnv_depth__IBNLCO_02895__IBNLCO_02895__gene,0.0,0.0
cnv_depth__IBNLCO_02894__Putative__CDS__promoter,0.0,0.0
cnv_depth__IBNLCO_02894__erpA__gene,0.0,0.0
cnv_depth__IBNLCO_02893__AraC_family__CDS,0.0,0.0
cnv_depth__IBNLCO_02892__Disulfide-bond__CDS__promoter,0.0,0.0
cnv_depth__IBNLCO_02893__AraC_family__CDS__promoter,0.0,0.0
cnv_depth__IBNLCO_02891__GSH-dependent__CDS,0.0,0.0
cnv_depth__IBNLCO_02890__Anhydro-N-acetylmuramic__CDS,0.0,0.0
cnv_depth__IBNLCO_02889__Tyrosine--tRNA__CDS,0.0,0.0
cnv_depth__IBNLCO_02888__D-aminoacyl-tRNA__CDS__promoter,0.0,0.0
cnv_depth__IBNLCO_02878__IBNLCO_02878__gene,0.0,0.0
cnv_depth__IBNLCO_02887__IBNLCO_02887__gene__promoter,0.0,0.0
cnv_depth__IBNLCO_02887__Phosphoglycerate__CDS,0.0,0.0
cnv_depth__IBNLCO_02886__gnl|Bakta|IBNLCO_02886__CDS,0.0,0.0
cnv_depth__IBNLCO_02884__Holliday__CDS,0.0,0.0
cnv_depth__IBNLCO_02884__Holliday__CDS__promoter,0.0,0.0
cnv_depth__IBNLCO_02883__ruvA__gene,0.0,0.0
cnv_depth__IBNLCO_02883__Holliday__CDS__promoter,0.0,0.0
cnv_depth__IBNLCO_02882__ruvC__gene,0.0,0.0
cnv_depth__IBNLCO_02881__Bifunctional__CDS,0.0,0.0
cnv_depth__IBNLCO_02881__purH__gene__promoter,0.0,0.0
cnv_depth__IBNLCO_02880__Putative__CDS,0.0,0.0
cnv_depth__IBNLCO_02880__IBNLCO_02880__gene__promoter,0.0,0.0
cnv_depth__IBNLCO_02879__dusB__gene,0.0,0.0
cnv_depth__IBNLCO_02888__IBNLCO_02888__gene,0.0,0.0
cnv_depth__IBNLCO_01843__sdpI__gene,0.0,0.0
cnv_depth__IBNLCO_01843__SdpI__CDS__promoter,0.0,0.0
cnv_depth__IBNLCO_01842__hypothetical__CDS__promoter,0.0,0.0
cnv_depth__IBNLCO_01842__hypothetical__CDS,0.0,0.0
cnv_depth__IBNLCO_01841__IBNLCO_01841__gene__promoter,0.0,0.0
cnv_depth__IBNLCO_01841__Putative__CDS,0.0,0.0
cnv_depth__IBNLCO_01840__IBNLCO_01840__gene__promoter,0.0,0.0
cnv_depth__IBNLCO_01785__IBNLCO_01785__gene,0.0,0.0
cnv_depth__IBNLCO_01782__histidine__CDS,0.0,0.0
cnv_depth__IBNLCO_01780__hypothetical__CDS__promoter,0.0,0.0
cnv_depth__IBNLCO_01781__IBNLCO_01781__gene,0.0,0.0
cnv_depth__IBNLCO_01780__hypothetical__CDS,0.0,0.0
cnv_depth__IBNLCO_02266__IBNLCO_02266__gene,0.0,0.0
cnv_depth__IBNLCO_01747__Transmembrane__CDS__promoter,0.0,0.0
cnv_depth__IBNLCO_01748__IBNLCO_01748__gene,0.0,0.0
cnv_depth__IBNLCO_01747__Transmembrane__CDS,0.0,0.0
cnv_depth__IBNLCO_01746__DUF1109__CDS,0.0,0.0
cnv_depth__IBNLCO_01746__DUF1109__CDS__promoter,0.0,0.0
cnv_depth__IBNLCO_01745__doxX__gene,0.0,0.0
cnv_depth__IBNLCO_01745__doxX__gene__promoter,0.0,0.0
cnv_depth__IBNLCO_01744__IBNLCO_01744__gene,0.0,0.0
cnv_depth__IBNLCO_01744__IBNLCO_01744__gene__promoter,0.0,0.0
cnv_depth__IBNLCO_01743__IBNLCO_01743__gene__promoter,0.0,0.0
cnv_depth__IBNLCO_01742__IBNLCO_01742__gene,0.0,0.0
cnv_depth__IBNLCO_01742__DUF2282__CDS__promoter,0.0,0.0
cnv_depth__IBNLCO_01739__Family__CDS,0.0,0.0
cnv_depth__IBNLCO_01779__IBNLCO_01779__gene,0.0,0.0
cnv_depth__IBNLCO_01862__IBNLCO_01862__gene__promoter,0.0,0.0
cnv_depth__IBNLCO_01861__Spermidine/putrescine__CDS,0.0,0.0
cnv_depth__IBNLCO_01859__Inner__CDS,0.0,0.0
cnv_depth__IBNLCO_01858__putative__CDS,0.0,0.0
cnv_depth__IBNLCO_01858__IBNLCO_01858__gene__promoter,0.0,0.0
cnv_depth__IBNLCO_01857__IBNLCO_01857__gene,0.0,0.0
cnv_depth__IBNLCO_01857__Sulfide:quinone__CDS__promoter,0.0,0.0
cnv_depth__IBNLCO_01856__IBNLCO_01856__gene,0.0,0.0
cnv_depth__IBNLCO_01856__IBNLCO_01856__gene__promoter,0.0,0.0
cnv_depth__IBNLCO_01855__norR__gene__promoter,0.0,0.0
cnv_depth__IBNLCO_01855__norR__gene,0.0,0.0
cnv_depth__IBNLCO_01854__DUF2975__CDS,0.0,0.0
cnv_depth__IBNLCO_01844__HTH-type__CDS,0.0,0.0
cnv_depth__IBNLCO_01852__hypothetical__CDS,0.0,0.0
cnv_depth__IBNLCO_01852__IBNLCO_01852__gene__promoter,0.0,0.0
cnv_depth__IBNLCO_01851__HTH__CDS,0.0,0.0
cnv_depth__IBNLCO_01851__IBNLCO_01851__gene__promoter,0.0,0.0
cnv_depth__IBNLCO_01850__IBNLCO_01850__gene,0.0,0.0
cnv_depth__IBNLCO_01850__hypothetical__CDS__promoter,0.0,0.0
cnv_depth__IBNLCO_01849__mexB__gene,0.0,0.0
cnv_depth__IBNLCO_01849__Multidrug__CDS__promoter,0.0,0.0
cnv_depth__IBNLCO_01848__hlyD__gene,0.0,0.0
cnv_depth__IBNLCO_01848__HlyD__CDS__promoter,0.0,0.0
cnv_depth__IBNLCO_01847__Transcriptional__CDS,0.0,0.0
cnv_depth__IBNLCO_01846__Chloride__CDS,0.0,0.0
cnv_depth__IBNLCO_01846__Chloride__CDS__promoter,0.0,0.0
cnv_depth__IBNLCO_01853__HTH__CDS__promoter,0.0,0.0
cnv_depth__IBNLCO_01719__AraC__CDS,0.0,0.0
cnv_depth__IBNLCO_01718__EamA__CDS__promoter,0.0,0.0
cnv_depth__IBNLCO_01718__EamA__CDS,0.0,0.0
cnv_depth__IBNLCO_01717__cheW__gene,0.0,0.0
cnv_depth__IBNLCO_01717__cheW__gene__promoter,0.0,0.0
cnv_depth__IBNLCO_01716__Methyl-accepting__CDS,0.0,0.0
cnv_depth__IBNLCO_01716__IBNLCO_01716__gene__promoter,0.0,0.0
cnv_depth__IBNLCO_01715__IBNLCO_01715__gene,0.0,0.0
cnv_depth__IBNLCO_01714__Long-chain-fatty-acid--CoA__CDS,0.0,0.0
cnv_depth__IBNLCO_01713__Major__CDS,0.0,0.0
cnv_depth__IBNLCO_01712__bioC__gene,0.0,0.0
cnv_depth__IBNLCO_01712__bioC__gene__promoter,0.0,0.0
cnv_depth__IBNLCO_01739__IBNLCO_01739__gene__promoter,0.0,0.0
cnv_depth__IBNLCO_01710__IBNLCO_01710__gene__promoter,0.0,0.0
cnv_depth__IBNLCO_01711__Putative__CDS,0.0,0.0
cnv_depth__IBNLCO_01709__Putative__CDS__promoter,0.0,0.0
cnv_depth__IBNLCO_01710__IBNLCO_01710__gene,0.0,0.0
cnv_depth__IBNLCO_01708__ABC__CDS__promoter,0.0,0.0
cnv_depth__IBNLCO_01709__Putative__CDS,0.0,0.0
cnv_depth__IBNLCO_01708__ABC__CDS,0.0,0.0
cnv_depth__IBNLCO_01707__RNA-binding__CDS__promoter,0.0,0.0
cnv_depth__IBNLCO_01707__RNA-binding__CDS,0.0,0.0
cnv_depth__IBNLCO_01706__IBNLCO_01706__gene__promoter,0.0,0.0
cnv_depth__IBNLCO_01706__Arginine/ornithine__CDS,0.0,0.0
cnv_depth__IBNLCO_01705__IBNLCO_01705__gene__promoter,0.0,0.0
cnv_depth__IBNLCO_01705__IBNLCO_01705__gene,0.0,0.0
cnv_depth__IBNLCO_01711__osmF__gene__promoter,0.0,0.0
cnv_depth__IBNLCO_01738__gnl|Bakta|IBNLCO_01738__CDS,0.0,0.0
cnv_depth__IBNLCO_01738__gnl|Bakta|IBNLCO_01738__CDS__promoter,0.0,0.0
cnv_depth__IBNLCO_01737__IBNLCO_01737__gene,0.0,0.0
cnv_depth__IBNLCO_01737__Carrier__CDS__promoter,0.0,0.0
cnv_depth__IBNLCO_01736__IBNLCO_01736__gene,0.0,0.0
cnv_depth__IBNLCO_01736__gnl|Bakta|IBNLCO_01736__CDS__promoter,0.0,0.0
cnv_depth__IBNLCO_01735__IBNLCO_01735__gene,0.0,0.0
cnv_depth__IBNLCO_01735__Low-specificity__CDS__promoter,0.0,0.0
cnv_depth__IBNLCO_01734__IBNLCO_01734__gene,0.0,0.0
cnv_depth__IBNLCO_01734__argininosuccinate__CDS__promoter,0.0,0.0
cnv_depth__IBNLCO_01733__IBNLCO_01733__gene,0.0,0.0
cnv_depth__IBNLCO_01733__Cysteine__CDS__promoter,0.0,0.0
cnv_depth__IBNLCO_01719__AraC__CDS__promoter,0.0,0.0
cnv_depth__IBNLCO_01730__GHMP__CDS__promoter,0.0,0.0
cnv_depth__IBNLCO_01729__IBNLCO_01729__gene,0.0,0.0
cnv_depth__IBNLCO_01729__IBNLCO_01729__gene__promoter,0.0,0.0
cnv_depth__IBNLCO_01728__IBNLCO_01728__gene,0.0,0.0
cnv_depth__IBNLCO_01725__IBNLCO_01725__gene,0.0,0.0
cnv_depth__IBNLCO_01724__jmjC__gene,0.0,0.0
cnv_depth__IBNLCO_01724__JmjC__CDS__promoter,0.0,0.0
cnv_depth__IBNLCO_01723__IBNLCO_01723__gene__promoter,0.0,0.0
cnv_depth__IBNLCO_01722__Syringopeptin__CDS,0.0,0.0
cnv_depth__IBNLCO_01721__hypothetical__CDS__promoter,0.0,0.0
cnv_depth__IBNLCO_01721__IBNLCO_01721__gene,0.0,0.0
cnv_depth__IBNLCO_01720__IBNLCO_01720__gene,0.0,0.0
cnv_depth__IBNLCO_01720__Porin__CDS__promoter,0.0,0.0
cnv_depth__IBNLCO_01730__GHMP__CDS,0.0,0.0
cnv_depth__IBNLCO_01915__Murein__CDS__promoter,0.0,0.0
cnv_depth__IBNLCO_01914__rpoS__gene__promoter,0.0,0.0
cnv_depth__IBNLCO_01914__RNA__CDS,0.0,0.0
cnv_depth__IBNLCO_01912__IBNLCO_01912__gene,0.0,0.0
cnv_depth__IBNLCO_01911__rlmD__gene__promoter,0.0,0.0
cnv_depth__IBNLCO_01912__IBNLCO_01912__gene__promoter,0.0,0.0
cnv_depth__IBNLCO_01911__rlmD__gene,0.0,0.0
cnv_depth__IBNLCO_01910__Modulator__CDS,0.0,0.0
cnv_depth__IBNLCO_01909__Nucleoside__CDS__promoter,0.0,0.0
cnv_depth__IBNLCO_01907__IBNLCO_01907__gene__promoter,0.0,0.0
cnv_depth__IBNLCO_01907__HTH__CDS,0.0,0.0
cnv_depth__IBNLCO_01906__4-hydroxy-3-methylbut-2-en-1-yl__CDS,0.0,0.0
cnv_depth__IBNLCO_01863__hypothetical__CDS__promoter,0.0,0.0
cnv_depth__IBNLCO_01905__IBNLCO_01905__gene,0.0,0.0
cnv_depth__IBNLCO_01904__IBNLCO_01904__gene,0.0,0.0
cnv_depth__IBNLCO_01903__Outer__CDS__promoter,0.0,0.0
cnv_depth__IBNLCO_01903__Outer__CDS,0.0,0.0
cnv_depth__IBNLCO_01902__IBNLCO_01902__gene__promoter,0.0,0.0
cnv_depth__IBNLCO_01902__GTPase__CDS,0.0,0.0
cnv_depth__IBNLCO_01900__GTPase__CDS__promoter,0.0,0.0
cnv_depth__IBNLCO_01900__GTPase__CDS,0.0,0.0
cnv_depth__IBNLCO_01899__IBNLCO_01899__gene__promoter,0.0,0.0
cnv_depth__IBNLCO_01899__hypothetical__CDS,0.0,0.0
cnv_depth__IBNLCO_01898__Protein__CDS,0.0,0.0
cnv_depth__IBNLCO_01897__IBNLCO_01897__gene__promoter,0.0,0.0
cnv_depth__IBNLCO_01897__DUF2065__CDS,0.0,0.0
cnv_depth__IBNLCO_01905__IBNLCO_01905__gene__promoter,0.0,0.0
cnv_depth__IBNLCO_01935__clpB__gene__promoter,0.0,0.0
cnv_depth__IBNLCO_01935__Chaperone__CDS,0.0,0.0
cnv_depth__IBNLCO_01934__DUF937__CDS,0.0,0.0
cnv_depth__IBNLCO_01934__DUF937__CDS__promoter,0.0,0.0
cnv_depth__IBNLCO_01933__hypothetical__CDS,0.0,0.0
cnv_depth__IBNLCO_01933__IBNLCO_01933__gene__promoter,0.0,0.0
cnv_depth__IBNLCO_01932__HTH__CDS__promoter,0.0,0.0
cnv_depth__IBNLCO_01931__IBNLCO_01931__gene__promoter,0.0,0.0
cnv_depth__IBNLCO_01932__IBNLCO_01932__gene,0.0,0.0
cnv_depth__IBNLCO_01930__Multidrug-efflux__CDS,0.0,0.0
cnv_depth__IBNLCO_01930__IBNLCO_01930__gene__promoter,0.0,0.0
cnv_depth__IBNLCO_01929__4-Amino-4-deoxy-L-arabinose__CDS,0.0,0.0
cnv_depth__IBNLCO_01916__Protein-L-isoaspartate__CDS,0.0,0.0
cnv_depth__IBNLCO_01928__50S__CDS,0.0,0.0
cnv_depth__IBNLCO_01928__IBNLCO_01928__gene__promoter,0.0,0.0
cnv_depth__IBNLCO_01927__IBNLCO_01927__gene,0.0,0.0
cnv_depth__IBNLCO_01926__IBNLCO_01926__gene,0.0,0.0
cnv_depth__IBNLCO_01926__IBNLCO_01926__gene__promoter,0.0,0.0
cnv_depth__IBNLCO_01925__Transcription__CDS,0.0,0.0
cnv_depth__IBNLCO_01925__merR__gene__promoter,0.0,0.0
cnv_depth__IBNLCO_01920__ybaB__gene__promoter,0.0,0.0
cnv_depth__IBNLCO_01920__ybaB__gene,0.0,0.0
cnv_depth__IBNLCO_01918__Bile__CDS__promoter,0.0,0.0
cnv_depth__IBNLCO_01918__Bile__CDS,0.0,0.0
cnv_depth__IBNLCO_01916__IBNLCO_01916__gene__promoter,0.0,0.0
cnv_depth__IBNLCO_01917__surE__gene,0.0,0.0
cnv_depth__IBNLCO_01929__IBNLCO_01929__gene__promoter,0.0,0.0
cnv_depth__IBNLCO_01878__bktB__gene,0.0,0.0
cnv_depth__IBNLCO_01877__IBNLCO_01877__gene__promoter,0.0,0.0
cnv_depth__IBNLCO_01876__IBNLCO_01876__gene,0.0,0.0
cnv_depth__IBNLCO_01875__IBNLCO_01875__gene,0.0,0.0
cnv_depth__IBNLCO_01875__IBNLCO_01875__gene__promoter,0.0,0.0
cnv_depth__IBNLCO_01874__IBNLCO_01874__gene__promoter,0.0,0.0
cnv_depth__IBNLCO_01874__IBNLCO_01874__gene,0.0,0.0
cnv_depth__IBNLCO_01873__fetB__gene,0.0,0.0
cnv_depth__IBNLCO_01872__Phosphate__CDS,0.0,0.0
cnv_depth__IBNLCO_01871__AsmA__CDS__promoter,0.0,0.0
cnv_depth__IBNLCO_01872__Phosphate__CDS__promoter,0.0,0.0
cnv_depth__IBNLCO_01871__AsmA__CDS,0.0,0.0
cnv_depth__IBNLCO_01896__IBNLCO_01896__gene__promoter,0.0,0.0
cnv_depth__IBNLCO_01870__putative__CDS,0.0,0.0
cnv_depth__IBNLCO_01869__eIF4A-inactivating__CDS,0.0,0.0
cnv_depth__IBNLCO_01869__IBNLCO_01869__gene__promoter,0.0,0.0
cnv_depth__IBNLCO_01868__IBNLCO_01868__gene__promoter,0.0,0.0
cnv_depth__IBNLCO_01868__IBNLCO_01868__gene,0.0,0.0
cnv_depth__IBNLCO_01867__Inosine-5'-monophosphate__CDS__promoter,0.0,0.0
cnv_depth__IBNLCO_01867__IBNLCO_01867__gene,0.0,0.0
cnv_depth__IBNLCO_01866__ompW__gene,0.0,0.0
cnv_depth__IBNLCO_01865__IBNLCO_01865__gene,0.0,0.0
cnv_depth__IBNLCO_01865__IBNLCO_01865__gene__promoter,0.0,0.0
cnv_depth__IBNLCO_01864__IBNLCO_01864__gene,0.0,0.0
cnv_depth__IBNLCO_01864__IBNLCO_01864__gene__promoter,0.0,0.0
cnv_depth__IBNLCO_01863__IBNLCO_01863__gene,0.0,0.0
cnv_depth__IBNLCO_01870__ybiT__gene__promoter,0.0,0.0
cnv_depth__IBNLCO_01896__ATP__CDS,0.0,0.0
cnv_depth__IBNLCO_01895__IBNLCO_01895__gene,0.0,0.0
cnv_depth__IBNLCO_01894__Phosphoribosyltransferase__CDS__promoter,0.0,0.0
cnv_depth__IBNLCO_01893__putative__CDS,0.0,0.0
cnv_depth__IBNLCO_01891__IBNLCO_01891__gene,0.0,0.0
cnv_depth__IBNLCO_01890__IBNLCO_01890__gene__promoter,0.0,0.0
cnv_depth__IBNLCO_01891__IBNLCO_01891__gene__promoter,0.0,0.0
cnv_depth__IBNLCO_01890__IBNLCO_01890__gene,0.0,0.0
cnv_depth__IBNLCO_01889__DUF465__CDS,0.0,0.0
cnv_depth__IBNLCO_01888__DNA__CDS__promoter,0.0,0.0
cnv_depth__IBNLCO_01888__DNA__CDS,0.0,0.0
cnv_depth__IBNLCO_01887__bamD__gene,0.0,0.0
cnv_depth__IBNLCO_01878__Beta-ketothiolase__CDS__promoter,0.0,0.0
cnv_depth__IBNLCO_01886__IBNLCO_01886__gene,0.0,0.0
cnv_depth__IBNLCO_01885__Purine__CDS__promoter,0.0,0.0
cnv_depth__IBNLCO_01885__IBNLCO_01885__gene,0.0,0.0
cnv_depth__IBNLCO_01884__Poly-beta-hydroxybutyrate__CDS__promoter,0.0,0.0
cnv_depth__IBNLCO_01883__IBNLCO_01883__gene__promoter,0.0,0.0
cnv_depth__IBNLCO_01883__Acetyl-CoA__CDS,0.0,0.0
cnv_depth__IBNLCO_01882__Acetoacetyl-CoA__CDS__promoter,0.0,0.0
cnv_depth__IBNLCO_01882__IBNLCO_01882__gene,0.0,0.0
cnv_depth__IBNLCO_01881__Polyhydroxyalkanoate__CDS__promoter,0.0,0.0
cnv_depth__IBNLCO_01880__rimO__gene__promoter,0.0,0.0
cnv_depth__IBNLCO_01880__rimO__gene,0.0,0.0
cnv_depth__IBNLCO_01879__gnl|Bakta|IBNLCO_01879__CDS__promoter,0.0,0.0
cnv_depth__IBNLCO_01879__IBNLCO_01879__gene,0.0,0.0
cnv_depth__IBNLCO_01887__Outer__CDS__promoter,0.0,0.0
cnv_depth__IBNLCO_01578__IBNLCO_01578__gene,0.0,0.0
cnv_depth__IBNLCO_01577__Leucyl/phenylalanyl-tRNA--protein__CDS__promoter,0.0,0.0
cnv_depth__IBNLCO_01577__IBNLCO_01577__gene,0.0,0.0
cnv_depth__IBNLCO_01576__IBNLCO_01576__gene__promoter,0.0,0.0
cnv_depth__IBNLCO_01576__Aspartate/glutamate__CDS,0.0,0.0
cnv_depth__IBNLCO_01575__Dihydroorotate__CDS__promoter,0.0,0.0
cnv_depth__IBNLCO_01575__IBNLCO_01575__gene,0.0,0.0
cnv_depth__IBNLCO_01574__IBNLCO_01574__gene,0.0,0.0
cnv_depth__IBNLCO_01573__IBNLCO_01573__gene,0.0,0.0
cnv_depth__IBNLCO_01572__IBNLCO_01572__gene,0.0,0.0
cnv_depth__IBNLCO_01572__IBNLCO_01572__gene__promoter,0.0,0.0
cnv_depth__IBNLCO_01571__HTH__CDS,0.0,0.0
cnv_depth__IBNLCO_01704__IBNLCO_01704__gene__promoter,0.0,0.0
cnv_depth__IBNLCO_01570__IBNLCO_01570__gene__promoter,0.0,0.0
cnv_depth__IBNLCO_01569__N-acetylmuramoyl-L-alanine__CDS__promoter,0.0,0.0
cnv_depth__IBNLCO_01568__23S__CDS,0.0,0.0
cnv_depth__IBNLCO_01568__23S__CDS__promoter,0.0,0.0
cnv_depth__IBNLCO_01567__Ribonuclease__CDS,0.0,0.0
cnv_depth__IBNLCO_01564__IBNLCO_01564__gene__promoter,0.0,0.0
cnv_depth__IBNLCO_01563__Phospholipase__CDS__promoter,0.0,0.0
cnv_depth__IBNLCO_01563__Phospholipase__CDS,0.0,0.0
cnv_depth__IBNLCO_01562__PA__CDS__promoter,0.0,0.0
cnv_depth__IBNLCO_01562__IBNLCO_01562__gene,0.0,0.0
cnv_depth__IBNLCO_01561__IBNLCO_01561__gene,0.0,0.0
cnv_depth__IBNLCO_01561__STAS__CDS__promoter,0.0,0.0
cnv_depth__IBNLCO_01560__IBNLCO_01560__gene,0.0,0.0
cnv_depth__IBNLCO_01570__IBNLCO_01570__gene,0.0,0.0
cnv_depth__IBNLCO_01641__IBNLCO_01641__gene,0.0,0.0
cnv_depth__IBNLCO_01641__Efflux__CDS__promoter,0.0,0.0
cnv_depth__IBNLCO_01640__IBNLCO_01640__gene,0.0,0.0
cnv_depth__IBNLCO_01639__IBNLCO_01639__gene__promoter,0.0,0.0
cnv_depth__IBNLCO_01640__IBNLCO_01640__gene__promoter,0.0,0.0
cnv_depth__IBNLCO_01639__IBNLCO_01639__gene,0.0,0.0
cnv_depth__IBNLCO_01591__IBNLCO_01591__gene,0.0,0.0
cnv_depth__IBNLCO_01590__trnH__gene__promoter,0.0,0.0
cnv_depth__IBNLCO_01589__DUF559__CDS,0.0,0.0
cnv_depth__IBNLCO_01589__DUF559__CDS__promoter,0.0,0.0
cnv_depth__IBNLCO_01588__IBNLCO_01588__gene,0.0,0.0
cnv_depth__IBNLCO_01588__Iron__CDS__promoter,0.0,0.0
cnv_depth__IBNLCO_01578__IBNLCO_01578__gene__promoter,0.0,0.0
cnv_depth__IBNLCO_01587__IBNLCO_01587__gene__promoter,0.0,0.0
cnv_depth__IBNLCO_01586__ssuB__gene,0.0,0.0
cnv_depth__IBNLCO_01586__ssuB__gene__promoter,0.0,0.0
cnv_depth__IBNLCO_01585__IBNLCO_01585__gene,0.0,0.0
cnv_depth__IBNLCO_01585__IBNLCO_01585__gene__promoter,0.0,0.0
cnv_depth__IBNLCO_01584__IBNLCO_01584__gene,0.0,0.0
cnv_depth__IBNLCO_01584__IBNLCO_01584__gene__promoter,0.0,0.0
cnv_depth__IBNLCO_01583__IBNLCO_01583__gene__promoter,0.0,0.0
cnv_depth__IBNLCO_01583__IBNLCO_01583__gene,0.0,0.0
cnv_depth__IBNLCO_01582__IBNLCO_01582__gene,0.0,0.0
cnv_depth__IBNLCO_01581__IBNLCO_01581__gene__promoter,0.0,0.0
cnv_depth__IBNLCO_01580__IBNLCO_01580__gene,0.0,0.0
cnv_depth__IBNLCO_01579__trnfM__gene,0.0,0.0
cnv_depth__IBNLCO_01587__Mop__CDS,0.0,0.0
cnv_depth__IBNLCO_01541__SAF__CDS,0.0,0.0
cnv_depth__IBNLCO_01541__IBNLCO_01541__gene__promoter,0.0,0.0
cnv_depth__IBNLCO_01540__hypothetical__CDS,0.0,0.0
cnv_depth__IBNLCO_01540__IBNLCO_01540__gene__promoter,0.0,0.0
cnv_depth__IBNLCO_01539__Prepilin__CDS,0.0,0.0
cnv_depth__IBNLCO_01539__IBNLCO_01539__gene__promoter,0.0,0.0
cnv_depth__IBNLCO_01538__Pilus__CDS,0.0,0.0
cnv_depth__IBNLCO_01537__IBNLCO_01537__gene__promoter,0.0,0.0
cnv_depth__IBNLCO_01536__IBNLCO_01536__gene__promoter,0.0,0.0
cnv_depth__IBNLCO_01536__IBNLCO_01536__gene,0.0,0.0
cnv_depth__IBNLCO_01535__Heme/hemopexin__CDS__promoter,0.0,0.0
cnv_depth__IBNLCO_01535__huxB__gene,0.0,0.0
cnv_depth__IBNLCO_01559__gnl|Bakta|IBNLCO_01559__CDS,0.0,0.0
cnv_depth__IBNLCO_01534__IBNLCO_01534__gene,0.0,0.0
cnv_depth__IBNLCO_01533__IBNLCO_01533__gene,0.0,0.0
cnv_depth__IBNLCO_01533__IBNLCO_01533__gene__promoter,0.0,0.0
cnv_depth__IBNLCO_01532__gnl|Bakta|IBNLCO_01532__CDS,0.0,0.0
cnv_depth__IBNLCO_01532__gnl|Bakta|IBNLCO_01532__CDS__promoter,0.0,0.0
cnv_depth__IBNLCO_01531__IBNLCO_01531__gene,0.0,0.0
cnv_depth__IBNLCO_01530__IBNLCO_01530__gene__promoter,0.0,0.0
cnv_depth__IBNLCO_01529__oxoglutarate__CDS,0.0,0.0
cnv_depth__IBNLCO_01529__oxoglutarate__CDS__promoter,0.0,0.0
cnv_depth__IBNLCO_01528__bipA__gene,0.0,0.0
cnv_depth__IBNLCO_01527__Transcriptional__CDS,0.0,0.0
cnv_depth__IBNLCO_01526__nodT__gene,0.0,0.0
cnv_depth__IBNLCO_01525__Multidrug__CDS,0.0,0.0
cnv_depth__IBNLCO_01534__DUF2147__CDS__promoter,0.0,0.0
cnv_depth__IBNLCO_01559__gnl|Bakta|IBNLCO_01559__CDS__promoter,0.0,0.0
cnv_depth__IBNLCO_01558__IBNLCO_01558__gene,0.0,0.0
cnv_depth__IBNLCO_01557__IBNLCO_01557__gene__promoter,0.0,0.0
cnv_depth__IBNLCO_01557__IBNLCO_01557__gene,0.0,0.0
cnv_depth__IBNLCO_01556__Long-chain-fatty-acid--CoA__CDS__promoter,0.0,0.0
cnv_depth__IBNLCO_01556__IBNLCO_01556__gene,0.0,0.0
cnv_depth__IBNLCO_01555__hypothetical__CDS__promoter,0.0,0.0
cnv_depth__IBNLCO_01555__IBNLCO_01555__gene,0.0,0.0
cnv_depth__IBNLCO_01554__IBNLCO_01554__gene,0.0,0.0
cnv_depth__IBNLCO_01554__hypothetical__CDS__promoter,0.0,0.0
cnv_depth__IBNLCO_01553__IBNLCO_01553__gene,0.0,0.0
cnv_depth__IBNLCO_01553__IBNLCO_01553__gene__promoter,0.0,0.0
cnv_depth__IBNLCO_01542__IBNLCO_01542__gene__promoter,0.0,0.0
cnv_depth__IBNLCO_01551__hypothetical__CDS,0.0,0.0
cnv_depth__IBNLCO_01550__Sigma-54__CDS,0.0,0.0
cnv_depth__IBNLCO_01550__Sigma-54__CDS__promoter,0.0,0.0
cnv_depth__IBNLCO_01549__DUF2134__CDS,0.0,0.0
cnv_depth__IBNLCO_01547__hypothetical__CDS,0.0,0.0
cnv_depth__IBNLCO_01547__IBNLCO_01547__gene__promoter,0.0,0.0
cnv_depth__IBNLCO_01546__hypothetical__CDS,0.0,0.0
cnv_depth__IBNLCO_01546__IBNLCO_01546__gene__promoter,0.0,0.0
cnv_depth__IBNLCO_01545__hypothetical__CDS,0.0,0.0
cnv_depth__IBNLCO_01545__IBNLCO_01545__gene__promoter,0.0,0.0
cnv_depth__IBNLCO_01544__IBNLCO_01544__gene__promoter,0.0,0.0
cnv_depth__IBNLCO_01543__Pilus__CDS,0.0,0.0
cnv_depth__IBNLCO_01542__Pilus__CDS,0.0,0.0
cnv_depth__IBNLCO_01552__IBNLCO_01552__gene,0.0,0.0
cnv_depth__unknown__unknown__regulatory.7,0.0,0.0
cnv_depth__IBNLCO_01688__IBNLCO_01688__gene__promoter,0.0,0.0
cnv_depth__IBNLCO_01687__IBNLCO_01687__gene__promoter,0.0,0.0
cnv_depth__IBNLCO_01688__IBNLCO_01688__gene,0.0,0.0
cnv_depth__IBNLCO_01686__IBNLCO_01686__gene__promoter,0.0,0.0
cnv_depth__IBNLCO_01687__IBNLCO_01687__gene,0.0,0.0
cnv_depth__IBNLCO_01685__Siroheme__CDS__promoter,0.0,0.0
cnv_depth__IBNLCO_01686__IBNLCO_01686__gene,0.0,0.0
cnv_depth__IBNLCO_01685__IBNLCO_01685__gene,0.0,0.0
cnv_depth__IBNLCO_01684__gnl|Bakta|IBNLCO_01684__CDS__promoter,0.0,0.0
cnv_depth__IBNLCO_01684__IBNLCO_01684__gene,0.0,0.0
cnv_depth__IBNLCO_01683__IBNLCO_01683__gene,0.0,0.0
cnv_depth__IBNLCO_01642__oprM__gene__promoter,0.0,0.0
cnv_depth__IBNLCO_01681__IBNLCO_01681__gene,0.0,0.0
cnv_depth__IBNLCO_01680__IBNLCO_01680__gene,0.0,0.0
cnv_depth__IBNLCO_01680__Mg-protoporphyrin__CDS__promoter,0.0,0.0
cnv_depth__IBNLCO_01679__cobN__gene,0.0,0.0
cnv_depth__IBNLCO_01678__cobW__gene,0.0,0.0
cnv_depth__IBNLCO_01678__Zinc__CDS__promoter,0.0,0.0
cnv_depth__IBNLCO_01677__IBNLCO_01677__gene,0.0,0.0
cnv_depth__IBNLCO_01677__Nickel/cobalt__CDS__promoter,0.0,0.0
cnv_depth__unknown__unknown__regulatory.6,0.0,0.0
cnv_depth__IBNLCO_01676__Cobalamin__CDS__promoter,0.0,0.0
cnv_depth__IBNLCO_01676__cbiG__gene,0.0,0.0
cnv_depth__IBNLCO_01675__Corrinoid__CDS__promoter,0.0,0.0
cnv_depth__IBNLCO_01675__Corrinoid__CDS,0.0,0.0
cnv_depth__IBNLCO_01682__Carboxylesterase__CDS,0.0,0.0
cnv_depth__IBNLCO_01704__Ornithine__CDS,0.0,0.0
cnv_depth__IBNLCO_01703__IBNLCO_01703__gene__promoter,0.0,0.0
cnv_depth__IBNLCO_01703__Carbamate__CDS,0.0,0.0
cnv_depth__IBNLCO_01702__IBNLCO_01702__gene,0.0,0.0
cnv_depth__IBNLCO_01702__Short-chain__CDS__promoter,0.0,0.0
cnv_depth__IBNLCO_01701__Heme-binding__CDS,0.0,0.0
cnv_depth__IBNLCO_01700__IBNLCO_01700__gene__promoter,0.0,0.0
cnv_depth__IBNLCO_01701__IBNLCO_01701__gene__promoter,0.0,0.0
cnv_depth__IBNLCO_01700__IBNLCO_01700__gene,0.0,0.0
cnv_depth__IBNLCO_01699__yfcG__gene,0.0,0.0
cnv_depth__IBNLCO_01698__hypothetical__CDS__promoter,0.0,0.0
cnv_depth__IBNLCO_01697__hypothetical__CDS,0.0,0.0
cnv_depth__IBNLCO_01689__IBNLCO_01689__gene__promoter,0.0,0.0
cnv_depth__IBNLCO_01696__IBNLCO_01696__gene,0.0,0.0
cnv_depth__IBNLCO_01694__MFS__CDS__promoter,0.0,0.0
cnv_depth__IBNLCO_01695__HTH__CDS__promoter,0.0,0.0
cnv_depth__IBNLCO_01694__IBNLCO_01694__gene,0.0,0.0
cnv_depth__IBNLCO_01693__IBNLCO_01693__gene__promoter,0.0,0.0
cnv_depth__IBNLCO_01693__Glycosyl__CDS,0.0,0.0
cnv_depth__IBNLCO_01692__IBNLCO_01692__gene,0.0,0.0
cnv_depth__IBNLCO_01692__IBNLCO_01692__gene__promoter,0.0,0.0
cnv_depth__IBNLCO_01691__IBNLCO_01691__gene,0.0,0.0
cnv_depth__IBNLCO_01691__IBNLCO_01691__gene__promoter,0.0,0.0
cnv_depth__IBNLCO_01690__IBNLCO_01690__gene,0.0,0.0
cnv_depth__IBNLCO_01690__Cobalt-precorrin-5B__CDS__promoter,0.0,0.0
cnv_depth__IBNLCO_01689__IBNLCO_01689__gene,0.0,0.0
cnv_depth__IBNLCO_01696__Leucine-%2C__CDS__promoter,0.0,0.0
cnv_depth__IBNLCO_01659__IBNLCO_01659__gene,0.0,0.0
cnv_depth__IBNLCO_01658__Short__CDS,0.0,0.0
cnv_depth__IBNLCO_01658__Short__CDS__promoter,0.0,0.0
cnv_depth__IBNLCO_01657__gnl|Bakta|IBNLCO_01657__CDS,0.0,0.0
cnv_depth__IBNLCO_01657__gnl|Bakta|IBNLCO_01657__CDS__promoter,0.0,0.0
cnv_depth__IBNLCO_01656__Putative__CDS,0.0,0.0
cnv_depth__IBNLCO_01655__Ribose__CDS,0.0,0.0
cnv_depth__IBNLCO_01654__rbsA__gene,0.0,0.0
cnv_depth__IBNLCO_01654__rbsA__gene__promoter,0.0,0.0
cnv_depth__IBNLCO_01653__IBNLCO_01653__gene,0.0,0.0
cnv_depth__IBNLCO_01652__AraC__CDS,0.0,0.0
cnv_depth__IBNLCO_01652__araC__gene__promoter,0.0,0.0
cnv_depth__IBNLCO_01674__Cobyrinate__CDS__promoter,0.0,0.0
cnv_depth__IBNLCO_01650__Microcin__CDS,0.0,0.0
cnv_depth__IBNLCO_01649__IBNLCO_01649__gene__promoter,0.0,0.0
cnv_depth__IBNLCO_01649__IBNLCO_01649__gene,0.0,0.0
cnv_depth__IBNLCO_01648__ABC__CDS__promoter,0.0,0.0
cnv_depth__IBNLCO_01648__ABC__CDS,0.0,0.0
cnv_depth__IBNLCO_01647__Fimbrial-type__CDS,0.0,0.0
cnv_depth__IBNLCO_01646__Fimbrial__CDS,0.0,0.0
cnv_depth__IBNLCO_01646__IBNLCO_01646__gene__promoter,0.0,0.0
cnv_depth__IBNLCO_01645__Outer__CDS,0.0,0.0
cnv_depth__IBNLCO_01644__Putative__CDS,0.0,0.0
cnv_depth__IBNLCO_01643__hypothetical__CDS__promoter,0.0,0.0
cnv_depth__IBNLCO_01643__IBNLCO_01643__gene,0.0,0.0
cnv_depth__IBNLCO_01642__oprM__gene,0.0,0.0
cnv_depth__IBNLCO_01651__capistruin__CDS__promoter,0.0,0.0
cnv_depth__IBNLCO_01674__IBNLCO_01674__gene,0.0,0.0
cnv_depth__IBNLCO_01673__phosphoribosylglycinamide__CDS,0.0,0.0
cnv_depth__IBNLCO_01673__phosphoribosylglycinamide__CDS__promoter,0.0,0.0
cnv_depth__IBNLCO_01672__Ferrichrome-iron__CDS,0.0,0.0
cnv_depth__IBNLCO_01672__Ferrichrome-iron__CDS__promoter,0.0,0.0
cnv_depth__IBNLCO_01671__IBNLCO_01671__gene,0.0,0.0
cnv_depth__IBNLCO_01671__L-ornithine__CDS__promoter,0.0,0.0
cnv_depth__IBNLCO_01670__IBNLCO_01670__gene,0.0,0.0
cnv_depth__IBNLCO_01670__IBNLCO_01670__gene__promoter,0.0,0.0
cnv_depth__IBNLCO_01669__IBNLCO_01669__gene,0.0,0.0
cnv_depth__IBNLCO_01669__non-ribosomal__CDS__promoter,0.0,0.0
cnv_depth__IBNLCO_01668__ABC__CDS__promoter,0.0,0.0
cnv_depth__IBNLCO_01668__ABC__CDS,0.0,0.0
cnv_depth__IBNLCO_01660__Extracytoplasmic-function__CDS__promoter,0.0,0.0
cnv_depth__IBNLCO_01667__DUF1993__CDS,0.0,0.0
cnv_depth__IBNLCO_01666__IBNLCO_01666__gene,0.0,0.0
cnv_depth__IBNLCO_01665__IBNLCO_01665__gene,0.0,0.0
cnv_depth__IBNLCO_01665__hypothetical__CDS__promoter,0.0,0.0
cnv_depth__IBNLCO_01664__fhuB__gene,0.0,0.0
cnv_depth__IBNLCO_01664__Fe(3+)-hydroxamate__CDS__promoter,0.0,0.0
cnv_depth__IBNLCO_01663__IBNLCO_01663__gene,0.0,0.0
cnv_depth__IBNLCO_01663__Iron__CDS__promoter,0.0,0.0
cnv_depth__IBNLCO_01662__TauD/TfdA-like__CDS,0.0,0.0
cnv_depth__IBNLCO_01662__TauD/TfdA-like__CDS__promoter,0.0,0.0
cnv_depth__IBNLCO_01661__IBNLCO_01661__gene,0.0,0.0
cnv_depth__IBNLCO_01661__hypothetical__CDS__promoter,0.0,0.0
cnv_depth__IBNLCO_01660__IBNLCO_01660__gene,0.0,0.0
cnv_depth__IBNLCO_01667__IBNLCO_01667__gene__promoter,0.0,0.0
cnv_depth__IBNLCO_02153__uspA__gene,0.0,0.0
cnv_depth__IBNLCO_02151__DEAD/DEAH__CDS,0.0,0.0
cnv_depth__IBNLCO_02151__IBNLCO_02151__gene__promoter,0.0,0.0
cnv_depth__IBNLCO_02150__ACB__CDS,0.0,0.0
cnv_depth__IBNLCO_02149__tsaB__gene__promoter,0.0,0.0
cnv_depth__IBNLCO_02150__IBNLCO_02150__gene__promoter,0.0,0.0
cnv_depth__IBNLCO_02148__IBNLCO_02148__gene__promoter,0.0,0.0
cnv_depth__IBNLCO_02149__tRNA__CDS,0.0,0.0
cnv_depth__IBNLCO_02147__IBNLCO_02147__gene__promoter,0.0,0.0
cnv_depth__IBNLCO_02148__[Ribosomal__CDS,0.0,0.0
cnv_depth__IBNLCO_02146__IBNLCO_02146__gene__promoter,0.0,0.0
cnv_depth__IBNLCO_02147__Type-4__CDS,0.0,0.0
cnv_depth__IBNLCO_01936__IBNLCO_01936__gene,0.0,0.0
cnv_depth__IBNLCO_02145__IBNLCO_02145__gene,0.0,0.0
cnv_depth__IBNLCO_02145__Hydroxymethylpyrimidine/phosphomethylpyrimidine__CDS__promoter,0.0,0.0
cnv_depth__IBNLCO_02144__lplT__gene__promoter,0.0,0.0
cnv_depth__IBNLCO_02143__IBNLCO_02143__gene__promoter,0.0,0.0
cnv_depth__IBNLCO_02143__Alanine__CDS,0.0,0.0
cnv_depth__IBNLCO_02142__radA__gene__promoter,0.0,0.0
cnv_depth__IBNLCO_02142__DNA__CDS,0.0,0.0
cnv_depth__IBNLCO_02141__IBNLCO_02141__gene,0.0,0.0
cnv_depth__IBNLCO_02140__ABC__CDS,0.0,0.0
cnv_depth__IBNLCO_02138__IBNLCO_02138__gene,0.0,0.0
cnv_depth__IBNLCO_02138__IBNLCO_02138__gene__promoter,0.0,0.0
cnv_depth__IBNLCO_02137__Ribosomal__CDS__promoter,0.0,0.0
cnv_depth__IBNLCO_02136__IBNLCO_02136__gene,0.0,0.0
cnv_depth__IBNLCO_02146__DUF1853__CDS,0.0,0.0
cnv_depth__IBNLCO_02172__IBNLCO_02172__gene,0.0,0.0
cnv_depth__IBNLCO_02171__yejB__gene__promoter,0.0,0.0
cnv_depth__IBNLCO_02171__Microcin__CDS,0.0,0.0
cnv_depth__IBNLCO_02170__Inner__CDS__promoter,0.0,0.0
cnv_depth__IBNLCO_02169__ABC-type__CDS__promoter,0.0,0.0
cnv_depth__IBNLCO_02170__Inner__CDS,0.0,0.0
cnv_depth__IBNLCO_02169__ABC-type__CDS,0.0,0.0
cnv_depth__IBNLCO_02168__hypothetical__CDS__promoter,0.0,0.0
cnv_depth__IBNLCO_02167__PNPLA__CDS__promoter,0.0,0.0
cnv_depth__IBNLCO_02163__trnD__gene,0.0,0.0
cnv_depth__IBNLCO_02162__trnE__gene__promoter,0.0,0.0
cnv_depth__IBNLCO_02162__tRNA-Glu(ttc)__tRNA,0.0,0.0
cnv_depth__IBNLCO_02153__uspA__gene__promoter,0.0,0.0
cnv_depth__IBNLCO_02161__tRNA-Asp(gtc)__tRNA,0.0,0.0
cnv_depth__IBNLCO_02160__N-acetyltransferase__CDS__promoter,0.0,0.0
cnv_depth__IBNLCO_02160__N-acetyltransferase__CDS,0.0,0.0
cnv_depth__IBNLCO_02159__IBNLCO_02159__gene,0.0,0.0
cnv_depth__IBNLCO_02158__IBNLCO_02158__gene__promoter,0.0,0.0
cnv_depth__IBNLCO_02159__hypothetical__CDS__promoter,0.0,0.0
cnv_depth__IBNLCO_02158__Putative__CDS,0.0,0.0
cnv_depth__IBNLCO_02157__IBNLCO_02157__gene__promoter,0.0,0.0
cnv_depth__IBNLCO_02157__Gamma-glutamylcyclotransferase__CDS,0.0,0.0
cnv_depth__IBNLCO_02156__Malate__CDS,0.0,0.0
cnv_depth__IBNLCO_02156__Malate__CDS__promoter,0.0,0.0
cnv_depth__IBNLCO_02155__(S)-2-haloacid__CDS,0.0,0.0
cnv_depth__IBNLCO_02154__IBNLCO_02154__gene,0.0,0.0
cnv_depth__IBNLCO_02161__trnD__gene__promoter,0.0,0.0
cnv_depth__IBNLCO_02113__fabZ__gene,0.0,0.0
cnv_depth__IBNLCO_02112__IBNLCO_02112__gene__promoter,0.0,0.0
cnv_depth__IBNLCO_02112__IBNLCO_02112__gene,0.0,0.0
cnv_depth__IBNLCO_02111__IBNLCO_02111__gene__promoter,0.0,0.0
cnv_depth__IBNLCO_02110__IBNLCO_02110__gene__promoter,0.0,0.0
cnv_depth__IBNLCO_02109__IBNLCO_02109__gene,0.0,0.0
cnv_depth__IBNLCO_02108__IBNLCO_02108__gene,0.0,0.0
cnv_depth__IBNLCO_02108__IBNLCO_02108__gene__promoter,0.0,0.0
cnv_depth__IBNLCO_02107__Peptidase__CDS,0.0,0.0
cnv_depth__IBNLCO_02106__hypothetical__CDS__promoter,0.0,0.0
cnv_depth__IBNLCO_02104__Phosphoenolpyruvate__CDS,0.0,0.0
cnv_depth__IBNLCO_02103__IBNLCO_02103__gene,0.0,0.0
cnv_depth__IBNLCO_02136__Succinyl-diaminopimelate__CDS__promoter,0.0,0.0
cnv_depth__IBNLCO_02099__IBNLCO_02099__gene,0.0,0.0
cnv_depth__IBNLCO_02098__eamA__gene,0.0,0.0
cnv_depth__IBNLCO_02097__IBNLCO_02097__gene__promoter,0.0,0.0
cnv_depth__IBNLCO_02096__IBNLCO_02096__gene,0.0,0.0
cnv_depth__IBNLCO_02095__IBNLCO_02095__gene__promoter,0.0,0.0
cnv_depth__IBNLCO_02096__IBNLCO_02096__gene__promoter,0.0,0.0
cnv_depth__IBNLCO_02095__IBNLCO_02095__gene,0.0,0.0
cnv_depth__IBNLCO_02092__GMP__CDS__promoter,0.0,0.0
cnv_depth__IBNLCO_02092__GMP__CDS,0.0,0.0
cnv_depth__IBNLCO_02091__hypothetical__CDS__promoter,0.0,0.0
cnv_depth__IBNLCO_02091__IBNLCO_02091__gene,0.0,0.0
cnv_depth__IBNLCO_02090__IBNLCO_02090__gene,0.0,0.0
cnv_depth__IBNLCO_02090__IBNLCO_02090__gene__promoter,0.0,0.0
cnv_depth__IBNLCO_02102__Modulator__CDS__promoter,0.0,0.0
cnv_depth__IBNLCO_02135__Protein__CDS,0.0,0.0
cnv_depth__IBNLCO_02135__yffB__gene__promoter,0.0,0.0
cnv_depth__IBNLCO_02134__IBNLCO_02134__gene,0.0,0.0
cnv_depth__IBNLCO_02133__gnl|Bakta|IBNLCO_02133__CDS,0.0,0.0
cnv_depth__IBNLCO_02132__eamA__gene,0.0,0.0
cnv_depth__IBNLCO_02131__Chromosome__CDS__promoter,0.0,0.0
cnv_depth__IBNLCO_02131__Chromosome__CDS,0.0,0.0
cnv_depth__IBNLCO_02130__cell__CDS__promoter,0.0,0.0
cnv_depth__IBNLCO_02129__DNA__CDS,0.0,0.0
cnv_depth__IBNLCO_02127__hypothetical__CDS,0.0,0.0
cnv_depth__IBNLCO_02127__hypothetical__CDS__promoter,0.0,0.0
cnv_depth__IBNLCO_02126__Bifunctional__CDS,0.0,0.0
cnv_depth__IBNLCO_02113__fabZ__gene__promoter,0.0,0.0
cnv_depth__IBNLCO_02122__Uridylate__CDS,0.0,0.0
cnv_depth__IBNLCO_02121__IBNLCO_02121__gene__promoter,0.0,0.0
cnv_depth__IBNLCO_02121__Ribosome-recycling__CDS,0.0,0.0
cnv_depth__IBNLCO_02120__Isoprenyl__CDS__promoter,0.0,0.0
cnv_depth__IBNLCO_02119__Phosphatidate__CDS__promoter,0.0,0.0
cnv_depth__IBNLCO_02120__Isoprenyl__CDS,0.0,0.0
cnv_depth__IBNLCO_02118__IBNLCO_02118__gene,0.0,0.0
cnv_depth__IBNLCO_02117__Zinc__CDS__promoter,0.0,0.0
cnv_depth__IBNLCO_02117__Zinc__CDS,0.0,0.0
cnv_depth__IBNLCO_02115__Chaperone__CDS__promoter,0.0,0.0
cnv_depth__IBNLCO_02115__IBNLCO_02115__gene,0.0,0.0
cnv_depth__IBNLCO_02114__UDP-3-O-acylglucosamine__CDS__promoter,0.0,0.0
cnv_depth__IBNLCO_02114__UDP-3-O-acylglucosamine__CDS,0.0,0.0
cnv_depth__IBNLCO_02122__Uridylate__CDS__promoter,0.0,0.0
cnv_depth__IBNLCO_02239__gnl|Bakta|IBNLCO_02239__CDS__promoter,0.0,0.0
cnv_depth__IBNLCO_02238__Cell__CDS__promoter,0.0,0.0
cnv_depth__IBNLCO_02238__Cell__CDS,0.0,0.0
cnv_depth__IBNLCO_02237__hypothetical__CDS,0.0,0.0
cnv_depth__IBNLCO_02237__IBNLCO_02237__gene__promoter,0.0,0.0
cnv_depth__IBNLCO_02236__IBNLCO_02236__gene,0.0,0.0
cnv_depth__IBNLCO_02234__Ferritin-like__CDS,0.0,0.0
cnv_depth__IBNLCO_02233__IBNLCO_02233__gene__promoter,0.0,0.0
cnv_depth__IBNLCO_02233__Alpha/beta__CDS,0.0,0.0
cnv_depth__IBNLCO_02232__IBNLCO_02232__gene__promoter,0.0,0.0
cnv_depth__IBNLCO_02228__IBNLCO_02228__gene__promoter,0.0,0.0
cnv_depth__IBNLCO_02229__Tryptophan--tRNA__CDS,0.0,0.0
cnv_depth__IBNLCO_02173__Enoyl-[acyl-carrier-protein]__CDS__promoter,0.0,0.0
cnv_depth__IBNLCO_02227__IBNLCO_02227__gene__promoter,0.0,0.0
cnv_depth__IBNLCO_02226__Outer__CDS__promoter,0.0,0.0
cnv_depth__IBNLCO_02226__Outer__CDS,0.0,0.0
cnv_depth__IBNLCO_02225__IBNLCO_02225__gene__promoter,0.0,0.0
cnv_depth__IBNLCO_02225__MBL__CDS,0.0,0.0
cnv_depth__IBNLCO_02223__IBNLCO_02223__gene__promoter,0.0,0.0
cnv_depth__IBNLCO_02224__50S__CDS__promoter,0.0,0.0
cnv_depth__IBNLCO_02222__Transmembrane__CDS,0.0,0.0
cnv_depth__IBNLCO_02221__DNA__CDS,0.0,0.0
cnv_depth__IBNLCO_02219__tnp__gene__promoter,0.0,0.0
cnv_depth__IBNLCO_02220__ISL3-like__CDS__promoter,0.0,0.0
cnv_depth__IBNLCO_02218__gnl|Bakta|IBNLCO_02218__CDS,0.0,0.0
cnv_depth__IBNLCO_02216__tRNA__CDS__promoter,0.0,0.0
cnv_depth__IBNLCO_02228__Methyltransferase__CDS,0.0,0.0
cnv_depth__IBNLCO_02266__IBNLCO_02266__gene__promoter,0.0,0.0
cnv_depth__IBNLCO_02265__IBNLCO_02265__gene__promoter,0.0,0.0
cnv_depth__IBNLCO_02265__IBNLCO_02265__gene,0.0,0.0
cnv_depth__IBNLCO_02263__Cysteine-rich__CDS__promoter,0.0,0.0
cnv_depth__IBNLCO_02263__Cysteine-rich__CDS,0.0,0.0
cnv_depth__IBNLCO_02262__IBNLCO_02262__gene__promoter,0.0,0.0
cnv_depth__IBNLCO_02261__IBNLCO_02261__gene,0.0,0.0
cnv_depth__IBNLCO_02260__IBNLCO_02260__gene__promoter,0.0,0.0
cnv_depth__IBNLCO_02260__gnl|Bakta|IBNLCO_02260__CDS,0.0,0.0
cnv_depth__IBNLCO_02259__Fe-S__CDS__promoter,0.0,0.0
cnv_depth__IBNLCO_02254__IBNLCO_02254__gene,0.0,0.0
cnv_depth__IBNLCO_02253__IBNLCO_02253__gene__promoter,0.0,0.0
cnv_depth__IBNLCO_02240__2-dehydro-3-deoxyphosphooctonate__CDS,0.0,0.0
cnv_depth__IBNLCO_02251__Glycine__CDS,0.0,0.0
cnv_depth__IBNLCO_02250__Lysine--tRNA__CDS__promoter,0.0,0.0
cnv_depth__IBNLCO_02248__recJ__gene,0.0,0.0
cnv_depth__IBNLCO_02248__recJ__gene__promoter,0.0,0.0
cnv_depth__IBNLCO_02247__rpfE__gene,0.0,0.0
cnv_depth__IBNLCO_02245__Lipoprotein-releasing__CDS__promoter,0.0,0.0
cnv_depth__IBNLCO_02246__Cell__CDS,0.0,0.0
cnv_depth__IBNLCO_02245__Lipoprotein-releasing__CDS,0.0,0.0
cnv_depth__IBNLCO_02244__IBNLCO_02244__gene__promoter,0.0,0.0
cnv_depth__IBNLCO_02244__gnl|Bakta|IBNLCO_02244__CDS,0.0,0.0
cnv_depth__IBNLCO_02243__DNA__CDS,0.0,0.0
cnv_depth__IBNLCO_02242__IBNLCO_02242__gene__promoter,0.0,0.0
cnv_depth__IBNLCO_02242__Putative__CDS,0.0,0.0
cnv_depth__IBNLCO_02252__Protein__CDS,0.0,0.0
cnv_depth__IBNLCO_02190__IBNLCO_02190__gene__promoter,0.0,0.0
cnv_depth__IBNLCO_02190__hypothetical__CDS,0.0,0.0
cnv_depth__IBNLCO_02189__IBNLCO_02189__gene,0.0,0.0
cnv_depth__IBNLCO_02188__bulE__gene__promoter,0.0,0.0
cnv_depth__IBNLCO_02188__bulE__gene,0.0,0.0
cnv_depth__IBNLCO_02187__IBNLCO_02187__gene__promoter,0.0,0.0
cnv_depth__IBNLCO_02187__IBNLCO_02187__gene,0.0,0.0
cnv_depth__IBNLCO_02186__IBNLCO_02186__gene__promoter,0.0,0.0
cnv_depth__IBNLCO_02186__IBNLCO_02186__gene,0.0,0.0
cnv_depth__IBNLCO_02185__IBNLCO_02185__gene__promoter,0.0,0.0
cnv_depth__IBNLCO_02185__Glycosyltransferase__CDS,0.0,0.0
cnv_depth__IBNLCO_02183__GHMP__CDS__promoter,0.0,0.0
cnv_depth__IBNLCO_02216__tRNA__CDS,0.0,0.0
cnv_depth__IBNLCO_02182__IBNLCO_02182__gene,0.0,0.0
cnv_depth__IBNLCO_02181__argininosuccinate__CDS,0.0,0.0
cnv_depth__IBNLCO_02180__hypothetical__CDS__promoter,0.0,0.0
cnv_depth__IBNLCO_02180__hypothetical__CDS,0.0,0.0
cnv_depth__IBNLCO_02179__IBNLCO_02179__gene,0.0,0.0
cnv_depth__IBNLCO_02178__TetR-family__CDS,0.0,0.0
cnv_depth__IBNLCO_02176__IBNLCO_02176__gene__promoter,0.0,0.0
cnv_depth__IBNLCO_02176__ferredoxin--NADP(+)__CDS,0.0,0.0
cnv_depth__IBNLCO_02175__4Fe-4S__CDS__promoter,0.0,0.0
cnv_depth__IBNLCO_02175__IBNLCO_02175__gene,0.0,0.0
cnv_depth__IBNLCO_02174__PXPV__CDS__promoter,0.0,0.0
cnv_depth__IBNLCO_02174__PXPV__CDS,0.0,0.0
cnv_depth__IBNLCO_02173__Enoyl-[acyl-carrier-protein]__CDS,0.0,0.0
cnv_depth__IBNLCO_02182__Cysteine__CDS__promoter,0.0,0.0
cnv_depth__IBNLCO_02215__Serine__CDS__promoter,0.0,0.0
cnv_depth__IBNLCO_02215__IBNLCO_02215__gene,0.0,0.0
cnv_depth__IBNLCO_02213__IBNLCO_02213__gene__promoter,0.0,0.0
cnv_depth__IBNLCO_02212__IBNLCO_02212__gene,0.0,0.0
cnv_depth__IBNLCO_02211__hypothetical__CDS,0.0,0.0
cnv_depth__IBNLCO_02208__Acetyl-coenzyme__CDS,0.0,0.0
cnv_depth__IBNLCO_02207__IBNLCO_02207__gene__promoter,0.0,0.0
cnv_depth__IBNLCO_02207__tRNA(Ile)-lysidine__CDS,0.0,0.0
cnv_depth__IBNLCO_02204__IBNLCO_02204__gene,0.0,0.0
cnv_depth__IBNLCO_02203__Outer__CDS__promoter,0.0,0.0
cnv_depth__IBNLCO_02203__Outer__CDS,0.0,0.0
cnv_depth__IBNLCO_02202__IBNLCO_02202__gene,0.0,0.0
cnv_depth__IBNLCO_02202__IBNLCO_02202__gene__promoter,0.0,0.0
cnv_depth__IBNLCO_02191__TupA-like__CDS,0.0,0.0
cnv_depth__IBNLCO_02201__IBNLCO_02201__gene__promoter,0.0,0.0
cnv_depth__IBNLCO_02200__Multidrug__CDS,0.0,0.0
cnv_depth__IBNLCO_02199__Adenylyl-sulfate__CDS,0.0,0.0
cnv_depth__IBNLCO_02198__IBNLCO_02198__gene__promoter,0.0,0.0
cnv_depth__IBNLCO_02198__IBNLCO_02198__gene,0.0,0.0
cnv_depth__IBNLCO_02197__IBNLCO_02197__gene,0.0,0.0
cnv_depth__IBNLCO_02196__FAD-dependent__CDS,0.0,0.0
cnv_depth__IBNLCO_02195__islM__gene__promoter,0.0,0.0
cnv_depth__IBNLCO_02195__gnl|Bakta|IBNLCO_02195__CDS,0.0,0.0
cnv_depth__IBNLCO_02194__Sulfotransferase__CDS,0.0,0.0
cnv_depth__IBNLCO_02193__Dioxygenase__CDS,0.0,0.0
cnv_depth__IBNLCO_02192__SAM-dependent__CDS,0.0,0.0
cnv_depth__IBNLCO_02191__IBNLCO_02191__gene__promoter,0.0,0.0
cnv_depth__IBNLCO_02201__Multidrug__CDS,0.0,0.0
cnv_depth__IBNLCO_01991__IBNLCO_01991__gene,0.0,0.0
cnv_depth__IBNLCO_01990__Alpha/beta__CDS__promoter,0.0,0.0
cnv_depth__IBNLCO_01990__Alpha/beta__CDS,0.0,0.0
cnv_depth__IBNLCO_01989__IBNLCO_01989__gene__promoter,0.0,0.0
cnv_depth__IBNLCO_01989__N-acetyltransferase__CDS,0.0,0.0
cnv_depth__IBNLCO_01988__NRDE__CDS,0.0,0.0
cnv_depth__IBNLCO_01988__IBNLCO_01988__gene__promoter,0.0,0.0
cnv_depth__IBNLCO_01987__Glycine__CDS,0.0,0.0
cnv_depth__IBNLCO_01986__Endolytic__CDS__promoter,0.0,0.0
cnv_depth__IBNLCO_01987__Glycine__CDS__promoter,0.0,0.0
cnv_depth__IBNLCO_01986__Endolytic__CDS,0.0,0.0
cnv_depth__IBNLCO_01985__Thymidylate__CDS__promoter,0.0,0.0
cnv_depth__IBNLCO_02089__IBNLCO_02089__gene,0.0,0.0
cnv_depth__IBNLCO_01984__IBNLCO_01984__gene__promoter,0.0,0.0
cnv_depth__IBNLCO_01984__DNA__CDS,0.0,0.0
cnv_depth__IBNLCO_01983__Phosphinothricin__CDS__promoter,0.0,0.0
cnv_depth__IBNLCO_01983__ywnH__gene,0.0,0.0
cnv_depth__IBNLCO_01982__Putative__CDS__promoter,0.0,0.0
cnv_depth__IBNLCO_01982__ycfH__gene,0.0,0.0
cnv_depth__IBNLCO_01981__IBNLCO_01981__gene__promoter,0.0,0.0
cnv_depth__IBNLCO_01981__gnl|Bakta|IBNLCO_01981__CDS,0.0,0.0
cnv_depth__IBNLCO_01980__IBNLCO_01980__gene__promoter,0.0,0.0
cnv_depth__IBNLCO_01980__Rap1a__CDS,0.0,0.0
cnv_depth__IBNLCO_01979__mscS__gene__promoter,0.0,0.0
cnv_depth__IBNLCO_01979__Mechanosensitive__CDS,0.0,0.0
cnv_depth__IBNLCO_01978__ATPase__CDS__promoter,0.0,0.0
cnv_depth__IBNLCO_01985__Thymidylate__CDS,0.0,0.0
cnv_depth__IBNLCO_02006__IBNLCO_02006__gene,0.0,0.0
cnv_depth__IBNLCO_02006__D-amino-acid__CDS__promoter,0.0,0.0
cnv_depth__IBNLCO_02005__IBNLCO_02005__gene__promoter,0.0,0.0
cnv_depth__IBNLCO_02005__Phosphoribosylformylglycinamidine__CDS,0.0,0.0
cnv_depth__IBNLCO_02004__IBNLCO_02004__gene__promoter,0.0,0.0
cnv_depth__IBNLCO_02004__IBNLCO_02004__gene,0.0,0.0
cnv_depth__IBNLCO_02003__IBNLCO_02003__gene,0.0,0.0
cnv_depth__IBNLCO_02001__yciB__gene,0.0,0.0
cnv_depth__IBNLCO_02001__yciB__gene__promoter,0.0,0.0
cnv_depth__IBNLCO_02000__msrB__gene,0.0,0.0
cnv_depth__IBNLCO_02000__msrB__gene__promoter,0.0,0.0
cnv_depth__IBNLCO_01999__selO__gene,0.0,0.0
cnv_depth__IBNLCO_01991__Enoyl__CDS__promoter,0.0,0.0
cnv_depth__IBNLCO_01999__selO__gene__promoter,0.0,0.0
cnv_depth__IBNLCO_01998__3-methylmercaptopropionyl-CoA__CDS,0.0,0.0
cnv_depth__IBNLCO_01997__IBNLCO_01997__gene,0.0,0.0
cnv_depth__IBNLCO_01996__gnl|Bakta|IBNLCO_01996__CDS__promoter,0.0,0.0
cnv_depth__IBNLCO_01996__IBNLCO_01996__gene,0.0,0.0
cnv_depth__IBNLCO_01995__acetyl-CoA__CDS__promoter,0.0,0.0
cnv_depth__IBNLCO_01995__IBNLCO_01995__gene,0.0,0.0
cnv_depth__IBNLCO_01994__hypothetical__CDS,0.0,0.0
cnv_depth__IBNLCO_01994__IBNLCO_01994__gene__promoter,0.0,0.0
cnv_depth__IBNLCO_01993__IBNLCO_01993__gene__promoter,0.0,0.0
cnv_depth__IBNLCO_01992__IBNLCO_01992__gene__promoter,0.0,0.0
cnv_depth__IBNLCO_01993__IBNLCO_01993__gene,0.0,0.0
cnv_depth__IBNLCO_01992__Thioesterase__CDS,0.0,0.0
cnv_depth__IBNLCO_01998__IBNLCO_01998__gene__promoter,0.0,0.0
cnv_depth__IBNLCO_01955__hypothetical__CDS,0.0,0.0
cnv_depth__IBNLCO_01955__hypothetical__CDS__promoter,0.0,0.0
cnv_depth__IBNLCO_01954__IBNLCO_01954__gene,0.0,0.0
cnv_depth__IBNLCO_01954__IBNLCO_01954__gene__promoter,0.0,0.0
cnv_depth__IBNLCO_01952__thioredoxin-dependent__CDS__promoter,0.0,0.0
cnv_depth__IBNLCO_01951__IBNLCO_01951__gene,0.0,0.0
cnv_depth__IBNLCO_01951__IBNLCO_01951__gene__promoter,0.0,0.0
cnv_depth__IBNLCO_01950__IBNLCO_01950__gene__promoter,0.0,0.0
cnv_depth__IBNLCO_01949__arnA__gene,0.0,0.0
cnv_depth__IBNLCO_01949__arnA__gene__promoter,0.0,0.0
cnv_depth__IBNLCO_01948__Undecaprenyl-phosphate__CDS,0.0,0.0
cnv_depth__IBNLCO_01948__Undecaprenyl-phosphate__CDS__promoter,0.0,0.0
cnv_depth__IBNLCO_01978__ATPase__CDS,0.0,0.0
cnv_depth__IBNLCO_01945__IBNLCO_01945__gene,0.0,0.0
cnv_depth__IBNLCO_01945__IBNLCO_01945__gene__promoter,0.0,0.0
cnv_depth__IBNLCO_01944__IBNLCO_01944__gene,0.0,0.0
cnv_depth__IBNLCO_01943__IBNLCO_01943__gene,0.0,0.0
cnv_depth__IBNLCO_01942__Homoserine__CDS__promoter,0.0,0.0
cnv_depth__IBNLCO_01942__IBNLCO_01942__gene,0.0,0.0
cnv_depth__IBNLCO_01941__Threonine__CDS__promoter,0.0,0.0
cnv_depth__IBNLCO_01941__IBNLCO_01941__gene,0.0,0.0
cnv_depth__IBNLCO_01940__IBNLCO_01940__gene,0.0,0.0
cnv_depth__IBNLCO_01939__Molybdopterin__CDS__promoter,0.0,0.0
cnv_depth__IBNLCO_01939__IBNLCO_01939__gene,0.0,0.0
cnv_depth__IBNLCO_01938__Molybdopterin__CDS__promoter,0.0,0.0
cnv_depth__IBNLCO_01938__IBNLCO_01938__gene,0.0,0.0
cnv_depth__IBNLCO_01947__Putative__CDS,0.0,0.0
cnv_depth__IBNLCO_01977__IBNLCO_01977__gene__promoter,0.0,0.0
cnv_depth__IBNLCO_01977__Glycosyl__CDS,0.0,0.0
cnv_depth__IBNLCO_01976__IBNLCO_01976__gene,0.0,0.0
cnv_depth__IBNLCO_01976__Ysc84__CDS__promoter,0.0,0.0
cnv_depth__IBNLCO_01975__hypothetical__CDS__promoter,0.0,0.0
cnv_depth__IBNLCO_01974__hypothetical__CDS,0.0,0.0
cnv_depth__IBNLCO_01974__IBNLCO_01974__gene__promoter,0.0,0.0
cnv_depth__IBNLCO_01973__IBNLCO_01973__gene__promoter,0.0,0.0
cnv_depth__IBNLCO_01973__IBNLCO_01973__gene,0.0,0.0
cnv_depth__IBNLCO_01972__IBNLCO_01972__gene,0.0,0.0
cnv_depth__IBNLCO_01972__IBNLCO_01972__gene__promoter,0.0,0.0
cnv_depth__IBNLCO_01971__IBNLCO_01971__gene,0.0,0.0
cnv_depth__IBNLCO_01956__IBNLCO_01956__gene,0.0,0.0
cnv_depth__IBNLCO_01970__2-hydoxy-3-oxopropionate__CDS,0.0,0.0
cnv_depth__IBNLCO_01969__IBNLCO_01969__gene,0.0,0.0
cnv_depth__IBNLCO_01969__2-oxo-tetronate__CDS__promoter,0.0,0.0
cnv_depth__IBNLCO_01968__Glyoxylate__CDS,0.0,0.0
cnv_depth__IBNLCO_01967__HTH-type__CDS__promoter,0.0,0.0
cnv_depth__IBNLCO_01968__Glyoxylate__CDS__promoter,0.0,0.0
cnv_depth__IBNLCO_01967__dmlR__gene,0.0,0.0
cnv_depth__IBNLCO_01966__IBNLCO_01966__gene,0.0,0.0
cnv_depth__IBNLCO_01966__Nitrous-oxide__CDS__promoter,0.0,0.0
cnv_depth__IBNLCO_01965__Calcineurin-like__CDS,0.0,0.0
cnv_depth__IBNLCO_01963__IBNLCO_01963__gene__promoter,0.0,0.0
cnv_depth__IBNLCO_01963__IBNLCO_01963__gene,0.0,0.0
cnv_depth__IBNLCO_01956__putative__CDS__promoter,0.0,0.0
cnv_depth__IBNLCO_01971__IBNLCO_01971__gene__promoter,0.0,0.0
cnv_depth__IBNLCO_02072__Hydantoin__CDS,0.0,0.0
cnv_depth__IBNLCO_02071__IBNLCO_02071__gene__promoter,0.0,0.0
cnv_depth__IBNLCO_02070__IBNLCO_02070__gene__promoter,0.0,0.0
cnv_depth__IBNLCO_02071__IBNLCO_02071__gene,0.0,0.0
cnv_depth__IBNLCO_02070__IBNLCO_02070__gene,0.0,0.0
cnv_depth__IBNLCO_02069__putative__CDS__promoter,0.0,0.0
cnv_depth__IBNLCO_02069__putative__CDS,0.0,0.0
cnv_depth__IBNLCO_02067__IBNLCO_02067__gene,0.0,0.0
cnv_depth__IBNLCO_02067__hypothetical__CDS__promoter,0.0,0.0
cnv_depth__IBNLCO_02066__Cytochrome__CDS__promoter,0.0,0.0
cnv_depth__IBNLCO_02065__5-hydroxyisourate__CDS,0.0,0.0
cnv_depth__IBNLCO_02064__8-oxoguanine__CDS__promoter,0.0,0.0
cnv_depth__IBNLCO_02007__IBNLCO_02007__gene__promoter,0.0,0.0
cnv_depth__IBNLCO_02063__Transcriptional__CDS,0.0,0.0
cnv_depth__IBNLCO_02062__Dodecin__CDS,0.0,0.0
cnv_depth__IBNLCO_02061__2-hydroxy-3-oxopropionate__CDS__promoter,0.0,0.0
cnv_depth__IBNLCO_02062__IBNLCO_02062__gene__promoter,0.0,0.0
cnv_depth__IBNLCO_02061__2-hydroxy-3-oxopropionate__CDS,0.0,0.0
cnv_depth__IBNLCO_02060__hypothetical__CDS,0.0,0.0
cnv_depth__IBNLCO_02058__IBNLCO_02058__gene,0.0,0.0
cnv_depth__IBNLCO_02058__hypothetical__CDS__promoter,0.0,0.0
cnv_depth__IBNLCO_02057__PspA/IM30__CDS,0.0,0.0
cnv_depth__IBNLCO_02057__PspA/IM30__CDS__promoter,0.0,0.0
cnv_depth__IBNLCO_02056__Penicillin-binding__CDS__promoter,0.0,0.0
cnv_depth__IBNLCO_02056__Penicillin-binding__CDS,0.0,0.0
cnv_depth__IBNLCO_02055__gnl|Bakta|IBNLCO_02055__CDS,0.0,0.0
cnv_depth__IBNLCO_02064__8-oxoguanine__CDS,0.0,0.0
cnv_depth__IBNLCO_02089__IBNLCO_02089__gene__promoter,0.0,0.0
cnv_depth__IBNLCO_02088__S-adenosylhomocysteine__CDS,0.0,0.0
cnv_depth__IBNLCO_02088__S-adenosylhomocysteine__CDS__promoter,0.0,0.0
cnv_depth__IBNLCO_02087__Calcineurin-like__CDS__promoter,0.0,0.0
cnv_depth__IBNLCO_02087__Calcineurin-like__CDS,0.0,0.0
cnv_depth__IBNLCO_02086__hypothetical__CDS,0.0,0.0
cnv_depth__IBNLCO_02086__IBNLCO_02086__gene__promoter,0.0,0.0
cnv_depth__IBNLCO_02085__hypothetical__CDS__promoter,0.0,0.0
cnv_depth__IBNLCO_02084__IBNLCO_02084__gene__promoter,0.0,0.0
cnv_depth__IBNLCO_02085__IBNLCO_02085__gene,0.0,0.0
cnv_depth__IBNLCO_02083__IBNLCO_02083__gene__promoter,0.0,0.0
cnv_depth__IBNLCO_02084__hypothetical__CDS,0.0,0.0
cnv_depth__IBNLCO_02072__Hydantoin__CDS__promoter,0.0,0.0
cnv_depth__IBNLCO_02082__DUF2399__CDS__promoter,0.0,0.0
cnv_depth__IBNLCO_02081__IBNLCO_02081__gene,0.0,0.0
cnv_depth__IBNLCO_02081__hypothetical__CDS__promoter,0.0,0.0
cnv_depth__IBNLCO_02080__hypothetical__CDS__promoter,0.0,0.0
cnv_depth__IBNLCO_02079__Major__CDS,0.0,0.0
cnv_depth__IBNLCO_02077__DnaJ-like__CDS__promoter,0.0,0.0
cnv_depth__IBNLCO_02076__IBNLCO_02076__gene__promoter,0.0,0.0
cnv_depth__IBNLCO_02077__IBNLCO_02077__gene,0.0,0.0
cnv_depth__IBNLCO_02076__IBNLCO_02076__gene,0.0,0.0
cnv_depth__IBNLCO_02075__Muramoyltetrapeptide__CDS__promoter,0.0,0.0
cnv_depth__IBNLCO_02075__Muramoyltetrapeptide__CDS,0.0,0.0
cnv_depth__IBNLCO_02074__GntR__CDS,0.0,0.0
cnv_depth__IBNLCO_02073__Nitrate__CDS,0.0,0.0
cnv_depth__IBNLCO_02083__DNA__CDS,0.0,0.0
cnv_depth__IBNLCO_02028__IBNLCO_02028__gene,0.0,0.0
cnv_depth__IBNLCO_02028__Porin%2C__CDS__promoter,0.0,0.0
cnv_depth__IBNLCO_02027__IBNLCO_02027__gene,0.0,0.0
cnv_depth__IBNLCO_02026__2-dehydropantoate__CDS__promoter,0.0,0.0
cnv_depth__IBNLCO_02026__IBNLCO_02026__gene,0.0,0.0
cnv_depth__IBNLCO_02025__HTH__CDS,0.0,0.0
cnv_depth__IBNLCO_02025__HTH__CDS__promoter,0.0,0.0
cnv_depth__IBNLCO_02024__Glycerate__CDS,0.0,0.0
cnv_depth__IBNLCO_02024__IBNLCO_02024__gene__promoter,0.0,0.0
cnv_depth__IBNLCO_02023__IBNLCO_02023__gene,0.0,0.0
cnv_depth__IBNLCO_02019__trnV__gene__promoter,0.0,0.0
cnv_depth__IBNLCO_02019__tRNA-Val(tac)__tRNA,0.0,0.0
cnv_depth__IBNLCO_02055__IBNLCO_02055__gene__promoter,0.0,0.0
cnv_depth__IBNLCO_02017__IBNLCO_02017__gene__promoter,0.0,0.0
cnv_depth__IBNLCO_02015__Insertion__CDS,0.0,0.0
cnv_depth__IBNLCO_02015__Insertion__CDS__promoter,0.0,0.0
cnv_depth__IBNLCO_02014__IBNLCO_02014__gene__promoter,0.0,0.0
cnv_depth__IBNLCO_02012__trnD__gene,0.0,0.0
cnv_depth__IBNLCO_02011__ppiD__gene__promoter,0.0,0.0
cnv_depth__IBNLCO_02011__ppiD__gene,0.0,0.0
cnv_depth__IBNLCO_02010__gnl|Bakta|IBNLCO_02010__CDS,0.0,0.0
cnv_depth__IBNLCO_02009__ATP-binding__CDS__promoter,0.0,0.0
cnv_depth__IBNLCO_02010__IBNLCO_02010__gene__promoter,0.0,0.0
cnv_depth__IBNLCO_02009__ATP-binding__CDS,0.0,0.0
cnv_depth__IBNLCO_02008__Glucose-6-phosphate__CDS,0.0,0.0
cnv_depth__IBNLCO_02007__Bifunctional__CDS,0.0,0.0
cnv_depth__IBNLCO_02018__Ribosomal__CDS,0.0,0.0
cnv_depth__IBNLCO_02053__IBNLCO_02053__gene,0.0,0.0
cnv_depth__IBNLCO_02052__IBNLCO_02052__gene__promoter,0.0,0.0
cnv_depth__IBNLCO_02051__IBNLCO_02051__gene,0.0,0.0
cnv_depth__IBNLCO_02051__Transcription-repair-coupling__CDS__promoter,0.0,0.0
cnv_depth__IBNLCO_02050__IBNLCO_02050__gene,0.0,0.0
cnv_depth__IBNLCO_02049__2-C-methyl-D-erythritol__CDS__promoter,0.0,0.0
cnv_depth__IBNLCO_02049__IBNLCO_02049__gene,0.0,0.0
cnv_depth__IBNLCO_02048__ahpD__gene,0.0,0.0
cnv_depth__IBNLCO_02047__IBNLCO_02047__gene__promoter,0.0,0.0
cnv_depth__IBNLCO_02046__histidine__CDS,0.0,0.0
cnv_depth__IBNLCO_02044__BTH_s19__gene,0.0,0.0
cnv_depth__IBNLCO_02042__DUF1800__CDS__promoter,0.0,0.0
cnv_depth__IBNLCO_02042__DUF1800__CDS,0.0,0.0
cnv_depth__IBNLCO_02029__IBNLCO_02029__gene__promoter,0.0,0.0
cnv_depth__IBNLCO_02041__Twin-arginine__CDS,0.0,0.0
cnv_depth__IBNLCO_02040__IBNLCO_02040__gene,0.0,0.0
cnv_depth__IBNLCO_02037__DUF2471__CDS__promoter,0.0,0.0
cnv_depth__IBNLCO_02036__IBNLCO_02036__gene,0.0,0.0
cnv_depth__IBNLCO_02036__DUF4123__CDS__promoter,0.0,0.0
cnv_depth__IBNLCO_02035__IBNLCO_02035__gene,0.0,0.0
cnv_depth__IBNLCO_02035__IBNLCO_02035__gene__promoter,0.0,0.0
cnv_depth__IBNLCO_02034__Inclusion__CDS,0.0,0.0
cnv_depth__IBNLCO_02034__Inclusion__CDS__promoter,0.0,0.0
cnv_depth__IBNLCO_02031__IBNLCO_02031__gene__promoter,0.0,0.0
cnv_depth__IBNLCO_02030__IBNLCO_02030__gene,0.0,0.0
cnv_depth__IBNLCO_02030__IBNLCO_02030__gene__promoter,0.0,0.0
cnv_depth__IBNLCO_02029__IBNLCO_02029__gene,0.0,0.0
cnv_depth__IBNLCO_02041__IBNLCO_02041__gene__promoter,0.0,0.0
