feature,coefficient,abs_coefficient
cnv_depth__IBNLCO_02342__Ubiquinone__CDS__promoter,0.024955776635120087,0.024955776635120087
cnv_depth__IBNLCO_04459__IBNLCO_04459__gene__promoter,0.024637287122549614,0.024637287122549614
cnv_depth__IBNLCO_04534__Dibenzothiophene__CDS__promoter,0.024382439529121395,0.024382439529121395
cnv_depth__IBNLCO_05777__Ferredoxin--NAD(+)__CDS__promoter,0.02404322462668839,0.02404322462668839
cnv_depth__IBNLCO_00951__CHASE2__CDS__promoter,0.023507589845010557,0.023507589845010557
cnv_depth__IBNLCO_01548__IBNLCO_01548__gene__promoter,0.023460288046418414,0.023460288046418414
cnv_depth__IBNLCO_05067__Toxin__CDS__promoter,0.02177163739855484,0.02177163739855484
cnv_depth__IBNLCO_05088__phoB__gene__promoter,0.02175230224226443,0.02175230224226443
cnv_depth__IBNLCO_05778__traR__gene,0.021627887684199924,0.021627887684199924
cnv_depth__IBNLCO_02855__secF__gene__promoter,0.02133620012372896,0.02133620012372896
cnv_depth__IBNLCO_04141__2Fe-2S__CDS__promoter,0.021162363615024923,0.021162363615024923
cnv_depth__IBNLCO_04748__gnl|Bakta|IBNLCO_04748__CDS__promoter,-0.021131387486047842,0.021131387486047842
cnv_depth__IBNLCO_00981__HTH__CDS__promoter,-0.021083426622275463,0.021083426622275463
cnv_depth__IBNLCO_00982__IBNLCO_00982__gene__promoter,-0.02089372006049079,0.02089372006049079
cnv_depth__unknown__unknown__regulatory.1,-0.020545011260376934,0.020545011260376934
cnv_depth__IBNLCO_02571__hypothetical__CDS,-0.020505364025168303,0.020505364025168303
cnv_depth__IBNLCO_01009__gnl|Bakta|IBNLCO_01009__CDS__promoter,0.02040439862935466,0.02040439862935466
cnv_depth__IBNLCO_05031__IBNLCO_05031__gene__promoter,0.020400186359474493,0.020400186359474493
cnv_depth__IBNLCO_01328__IBNLCO_01328__gene__promoter,0.02037900062700213,0.02037900062700213
cnv_depth__IBNLCO_05751__Glycosyltransferase__CDS__promoter,-0.020257218554881915,0.020257218554881915
cnv_depth__IBNLCO_03022__Peptidoglycan__CDS__promoter,0.020207589789041254,0.020207589789041254
cnv_depth__IBNLCO_03094__Protein__CDS__promoter,0.020146993174795465,0.020146993174795465
cnv_depth__IBNLCO_04115__hypothetical__CDS,0.01989575718363877,0.01989575718363877
cnv_depth__IBNLCO_05722__IBNLCO_05722__gene,-0.01984502336563354,0.01984502336563354
cnv_depth__IBNLCO_04983__Type__CDS__promoter,-0.019834723822644437,0.019834723822644437
cnv_depth__IBNLCO_05109__hrpB4__gene__promoter,0.019698717066208692,0.019698717066208692
cnv_depth__IBNLCO_04222__IBNLCO_04222__gene,-0.019600790873319115,0.019600790873319115
cnv_depth__IBNLCO_04107__IBNLCO_04107__gene__promoter,0.01956271922384444,0.01956271922384444
cnv_depth__IBNLCO_02421__IBNLCO_02421__gene,0.019461744560329074,0.019461744560329074
cnv_depth__IBNLCO_05782__IBNLCO_05782__gene__promoter,0.01932677378964475,0.01932677378964475
cnv_depth__IBNLCO_00829__msrA__gene__promoter,0.019323446894486947,0.019323446894486947
cnv_depth__IBNLCO_00792__bpeB__gene__promoter,0.019293500017157923,0.019293500017157923
cnv_depth__IBNLCO_02570__gnl|Bakta|IBNLCO_02570__CDS__promoter,-0.019201569141243744,0.019201569141243744
cnv_depth__IBNLCO_05682__SAF__CDS__promoter,0.019192273775271333,0.019192273775271333
cnv_depth__IBNLCO_02604__3%2C4-dihydroxy-2-butanone__CDS,-0.01909523623153444,0.01909523623153444
cnv_depth__IBNLCO_02391__IBNLCO_02391__gene,-0.01900155031040205,0.01900155031040205
cnv_depth__IBNLCO_03941__3-oxoacyl-ACP__CDS__promoter,0.01887547649079582,0.01887547649079582
cnv_depth__IBNLCO_04115__IBNLCO_04115__gene__promoter,0.01876645943417931,0.01876645943417931
cnv_depth__IBNLCO_00235__response__CDS__promoter,0.01876105804346768,0.01876105804346768
cnv_depth__IBNLCO_01297__proP__gene__promoter,-0.018724042542393595,0.018724042542393595
cnv_depth__IBNLCO_00892__IBNLCO_00892__gene__promoter,0.018623799531068193,0.018623799531068193
cnv_depth__IBNLCO_04514__LysR__CDS__promoter,-0.0186203817092771,0.0186203817092771
cnv_depth__IBNLCO_02529__xdhC__gene__promoter,0.018599514574617282,0.018599514574617282
cnv_depth__IBNLCO_02692__IBNLCO_02692__gene,-0.018591209362344905,0.018591209362344905
cnv_depth__IBNLCO_04942__Tat__CDS__promoter,0.01849648405995723,0.01849648405995723
cnv_depth__IBNLCO_02977__Glycine__CDS,0.0184860814843137,0.0184860814843137
cnv_depth__IBNLCO_02043__IBNLCO_02043__gene,0.018480834594841438,0.018480834594841438
cnv_depth__IBNLCO_04404__UspA__CDS__promoter,0.018371425934953143,0.018371425934953143
cnv_depth__IBNLCO_02054__Phenylserine__CDS__promoter,-0.01831652920718829,0.01831652920718829
cnv_depth__IBNLCO_05223__IBNLCO_05223__gene__promoter,-0.01825623522384576,0.01825623522384576
cnv_depth__IBNLCO_05198__LLM__CDS,-0.01823439819368704,0.01823439819368704
cnv_depth__IBNLCO_05066__hipB__gene,0.01820971784966672,0.01820971784966672
cnv_depth__IBNLCO_03023__ftsL__gene,0.01818510378282581,0.01818510378282581
cnv_depth__IBNLCO_05717__mipA__gene__promoter,0.01809870461827149,0.01809870461827149
cnv_depth__IBNLCO_01579__trnfM__gene__promoter,-0.018081560939049737,0.018081560939049737
cnv_depth__IBNLCO_04222__IBNLCO_04222__gene__promoter,-0.017867293652341226,0.017867293652341226
cnv_depth__IBNLCO_04276__Diguanylate__CDS__promoter,0.01781625326974974,0.01781625326974974
cnv_depth__IBNLCO_04239__IBNLCO_04239__gene__promoter,0.01781178547702391,0.01781178547702391
cnv_depth__IBNLCO_04313__uvrY__gene__promoter,0.017745492987964403,0.017745492987964403
cnv_depth__IBNLCO_05127__HTH__CDS__promoter,-0.01774452321925817,0.01774452321925817
cnv_depth__IBNLCO_02632__Urea__CDS__promoter,0.01773640209434885,0.01773640209434885
cnv_depth__IBNLCO_04972__N-acetylmuramoyl-L-alanine__CDS__promoter,-0.017692031495054526,0.017692031495054526
cnv_depth__IBNLCO_02269__IBNLCO_02269__gene,0.017667508113066235,0.017667508113066235
cnv_depth__IBNLCO_04666__Beta-lactamase__CDS__promoter,-0.01765646642689509,0.01765646642689509
cnv_depth__IBNLCO_05128__High-copy__CDS__promoter,-0.01759961980589509,0.01759961980589509
cnv_depth__IBNLCO_03071__IBNLCO_03071__gene,0.017594160619426077,0.017594160619426077
cnv_depth__IBNLCO_05735__IBNLCO_05735__gene__promoter,0.017566569989475235,0.017566569989475235
cnv_depth__IBNLCO_01580__UPF0303__CDS__promoter,-0.01743608688211247,0.01743608688211247
cnv_depth__IBNLCO_04378__IBNLCO_04378__gene__promoter,0.01737300310571519,0.01737300310571519
cnv_depth__IBNLCO_05752__hypothetical__CDS__promoter,-0.01732532643994714,0.01732532643994714
cnv_depth__IBNLCO_05125__LysR-family__CDS__promoter,0.017311473816247726,0.017311473816247726
cnv_depth__IBNLCO_00312__IBNLCO_00312__gene__promoter,0.0173098628919385,0.0173098628919385
cnv_depth__IBNLCO_00653__lactoylglutathione__CDS__promoter,0.017268709860962336,0.017268709860962336
cnv_depth__IBNLCO_04148__hypothetical__CDS__promoter,0.017244404622642404,0.017244404622642404
cnv_depth__IBNLCO_04747__P9__gene__promoter,-0.01722356546260657,0.01722356546260657
cnv_depth__IBNLCO_03972__Succinyl-CoA:coenzyme__CDS__promoter,0.01718498354610086,0.01718498354610086
cnv_depth__IBNLCO_01079__tRNA__CDS__promoter,0.017064213022820966,0.017064213022820966
cnv_depth__IBNLCO_04919__gnl|Bakta|IBNLCO_04919__CDS__promoter,0.01693891258284968,0.01693891258284968
cnv_depth__IBNLCO_01019__hypothetical__CDS,-0.016932756923807794,0.016932756923807794
cnv_depth__IBNLCO_00393__IBNLCO_00393__gene,0.016876792811048296,0.016876792811048296
cnv_depth__IBNLCO_00883__Integral__CDS__promoter,0.016871044675138988,0.016871044675138988
cnv_depth__IBNLCO_01306__araC__gene__promoter,0.016851145503735256,0.016851145503735256
cnv_depth__IBNLCO_02833__IBNLCO_02833__gene__promoter,-0.016812840239791908,0.016812840239791908
cnv_depth__IBNLCO_04505__SDR__CDS__promoter,-0.016812308040646047,0.016812308040646047
cnv_depth__IBNLCO_04316__Universal__CDS__promoter,0.016800797473265978,0.016800797473265978
cnv_depth__IBNLCO_00394__IBNLCO_00394__gene__promoter,0.016798503040395298,0.016798503040395298
cnv_depth__IBNLCO_01448__Sulfurtransferase__CDS__promoter,0.01676494718988167,0.01676494718988167
cnv_depth__IBNLCO_04172__hypothetical__CDS__promoter,0.01675158355950264,0.01675158355950264
cnv_depth__IBNLCO_04765__hypothetical__CDS__promoter,0.016745366364395588,0.016745366364395588
cnv_depth__IBNLCO_04306__hypothetical__CDS,0.016700207095599256,0.016700207095599256
cnv_depth__IBNLCO_03072__Glutamyl-tRNA__CDS__promoter,0.0166695245690815,0.0166695245690815
cnv_depth__IBNLCO_04108__Immunity__CDS,-0.01663989630062042,0.01663989630062042
cnv_depth__IBNLCO_00176__Peptidoglycan__CDS__promoter,0.016576456097906145,0.016576456097906145
cnv_depth__IBNLCO_01057__IBNLCO_01057__gene,-0.016566593383512056,0.016566593383512056
cnv_depth__IBNLCO_04513__HPP__CDS__promoter,-0.016565615364582016,0.016565615364582016
cnv_depth__IBNLCO_04982__Type__CDS,-0.016511317974757144,0.016511317974757144
cnv_depth__IBNLCO_05694__hypothetical__CDS__promoter,0.016506386215554298,0.016506386215554298
cnv_depth__IBNLCO_04517__IBNLCO_04517__gene__promoter,0.01640284949017599,0.01640284949017599
cnv_depth__IBNLCO_01305__attH__gene__promoter,0.016396346058864055,0.016396346058864055
cnv_depth__IBNLCO_04350__IBNLCO_04350__gene__promoter,-0.016365497965306505,0.016365497965306505
cnv_depth__IBNLCO_02542__Thioredoxin__CDS__promoter,-0.016360763287760226,0.016360763287760226
cnv_depth__IBNLCO_00406__VanZ__CDS__promoter,0.01624638877058825,0.01624638877058825
cnv_depth__IBNLCO_04354__IBNLCO_04354__gene__promoter,-0.016220165455049836,0.016220165455049836
cnv_depth__IBNLCO_00673__3-phosphoshikimate__CDS__promoter,-0.016210158136793384,0.016210158136793384
cnv_depth__IBNLCO_04184__yraA__gene__promoter,0.016160971408101583,0.016160971408101583
cnv_depth__IBNLCO_04332__rihB__gene,0.016116157521416347,0.016116157521416347
cnv_depth__IBNLCO_02103__NfeD-like__CDS__promoter,-0.016116033323177584,0.016116033323177584
cnv_depth__IBNLCO_01267__IBNLCO_01267__gene__promoter,0.01609036720575184,0.01609036720575184
cnv_depth__IBNLCO_01000__Solute-binding__CDS,-0.01604693106791466,0.01604693106791466
cnv_depth__IBNLCO_05435__TetR-family__CDS__promoter,-0.016032634916011347,0.016032634916011347
cnv_depth__IBNLCO_04703__IBNLCO_04703__gene__promoter,-0.01602437616554867,0.01602437616554867
cnv_depth__IBNLCO_03265__IBNLCO_03265__gene__promoter,0.01597297167269357,0.01597297167269357
cnv_depth__IBNLCO_02668__Bis(5'-nucleosyl)-tetraphosphatase%2C__CDS,-0.015966250896443233,0.015966250896443233
cnv_depth__IBNLCO_01481__Glycoside__CDS__promoter,-0.01594112346050564,0.01594112346050564
cnv_depth__IBNLCO_02453__RNA-binding__CDS,-0.015931905588205963,0.015931905588205963
cnv_depth__IBNLCO_03842__IBNLCO_03842__gene__promoter,0.015914575924469442,0.015914575924469442
cnv_depth__IBNLCO_02273__folD__gene__promoter,-0.015908007128292382,0.015908007128292382
cnv_depth__IBNLCO_04962__hypothetical__CDS,0.01585147966052814,0.01585147966052814
cnv_depth__IBNLCO_05234__Enterobactin__CDS__promoter,-0.01569704507017894,0.01569704507017894
cnv_depth__IBNLCO_04701__hypothetical__CDS,0.015685859639732087,0.015685859639732087
cnv_depth__IBNLCO_04492__Methyltransferase__CDS__promoter,0.015647311963850507,0.015647311963850507
cnv_depth__IBNLCO_03586__IBNLCO_03586__gene,0.015572845812128961,0.015572845812128961
cnv_depth__IBNLCO_05826__IBNLCO_05826__gene__promoter,0.015544295082226404,0.015544295082226404
cnv_depth__IBNLCO_01013__Glycine__CDS,-0.015539518063730055,0.015539518063730055
cnv_depth__IBNLCO_03688__Glycine__CDS__promoter,0.015532674681344536,0.015532674681344536
cnv_depth__IBNLCO_02736__IBNLCO_02736__gene,-0.015484884211955244,0.015484884211955244
cnv_depth__IBNLCO_00801__Hemin__CDS,-0.01545434285543332,0.01545434285543332
cnv_depth__IBNLCO_04596__IBNLCO_04596__gene,-0.015397360587159932,0.015397360587159932
cnv_depth__IBNLCO_00659__IBNLCO_00659__gene,0.015377116095875394,0.015377116095875394
cnv_depth__IBNLCO_01551__hypothetical__CDS__promoter,-0.015270502225115903,0.015270502225115903
cnv_depth__IBNLCO_04465__IBNLCO_04465__gene__promoter,-0.015267542725267296,0.015267542725267296
cnv_depth__IBNLCO_02171__yejB__gene__promoter,0.015237554362029017,0.015237554362029017
cnv_depth__IBNLCO_03627__DUF3540__CDS__promoter,0.015218759651029335,0.015218759651029335
cnv_depth__IBNLCO_02800__Phosphoribosylformylglycinamidine__CDS__promoter,0.015186863732598931,0.015186863732598931
cnv_depth__IBNLCO_05736__IBNLCO_05736__gene__promoter,0.015122534110475044,0.015122534110475044
cnv_depth__IBNLCO_03485__IBNLCO_03485__gene,0.015107276343280554,0.015107276343280554
cnv_depth__IBNLCO_01544__Bacterial__CDS,-0.01510667776495031,0.01510667776495031
cnv_depth__IBNLCO_03751__nodT__gene__promoter,0.015106501529736424,0.015106501529736424
cnv_depth__unknown__unknown__regulatory.18,0.015099324241894661,0.015099324241894661
cnv_depth__IBNLCO_00297__IBNLCO_00297__gene__promoter,-0.015045242911375276,0.015045242911375276
cnv_depth__IBNLCO_05753__IBNLCO_05753__gene,-0.014955365191443422,0.014955365191443422
cnv_depth__IBNLCO_02297__IBNLCO_02297__gene__promoter,-0.014916965545576387,0.014916965545576387
cnv_depth__IBNLCO_00649__surA__gene__promoter,0.014833169751337983,0.014833169751337983
cnv_depth__IBNLCO_04957__D-mannonate__CDS__promoter,0.014820536485589628,0.014820536485589628
cnv_depth__IBNLCO_04550__IBNLCO_04550__gene,-0.014784055737672913,0.014784055737672913
cnv_depth__IBNLCO_04685__Transmembrane__CDS__promoter,0.014749524853580269,0.014749524853580269
cnv_depth__IBNLCO_04565__Bifunctional__CDS__promoter,0.014714553150201157,0.014714553150201157
cnv_depth__IBNLCO_01913__putative__CDS,0.014710593756228263,0.014710593756228263
cnv_depth__IBNLCO_01468__FAD-binding__CDS__promoter,-0.014708730966358744,0.014708730966358744
cnv_depth__IBNLCO_04358__HTH__CDS,0.01470276386983903,0.01470276386983903
cnv_depth__IBNLCO_04283__IBNLCO_04283__gene,-0.014688361236307887,0.014688361236307887
cnv_depth__IBNLCO_02801__dnaA__gene__promoter,0.014687397178054321,0.014687397178054321
cnv_depth__IBNLCO_01937__hypothetical__CDS,-0.014679199037987969,0.014679199037987969
cnv_depth__IBNLCO_05684__IBNLCO_05684__gene__promoter,0.01466084691079069,0.01466084691079069
cnv_depth__IBNLCO_05026__type__CDS,-0.01465931074916742,0.01465931074916742
cnv_depth__IBNLCO_02590__Glucose-6-phosphate__CDS,-0.01465241307986918,0.01465241307986918
cnv_depth__IBNLCO_03896__IBNLCO_03896__gene__promoter,0.014642942045429366,0.014642942045429366
cnv_depth__IBNLCO_05817__mlaC__gene,0.014614406881250822,0.014614406881250822
cnv_depth__IBNLCO_05476__IBNLCO_05476__gene__promoter,-0.014605938400092975,0.014605938400092975
cnv_depth__IBNLCO_04972__IBNLCO_04972__gene,-0.01458445165096539,0.01458445165096539
cnv_depth__IBNLCO_00945__TonB-dependent__CDS__promoter,-0.014546986935811551,0.014546986935811551
cnv_depth__IBNLCO_00024__lrgA__gene,0.014531832237661624,0.014531832237661624
cnv_depth__IBNLCO_00786__IBNLCO_00786__gene,-0.014526159967873398,0.014526159967873398
cnv_depth__IBNLCO_01108__IBNLCO_01108__gene__promoter,-0.014514452408381524,0.014514452408381524
cnv_depth__IBNLCO_00439__PTS__CDS,-0.014472704543491982,0.014472704543491982
cnv_depth__IBNLCO_01301__IBNLCO_01301__gene__promoter,-0.014450171423148063,0.014450171423148063
cnv_depth__IBNLCO_02126__Bifunctional__CDS__promoter,0.014429793632660138,0.014429793632660138
cnv_depth__IBNLCO_03916__IBNLCO_03916__gene__promoter,0.014422316019666273,0.014422316019666273
cnv_depth__IBNLCO_00309__RND__CDS__promoter,0.01440702637397017,0.01440702637397017
cnv_depth__IBNLCO_00178__mreD__gene__promoter,0.014400897676896673,0.014400897676896673
cnv_depth__IBNLCO_03979__tssG__gene,-0.01439524108184401,0.01439524108184401
cnv_depth__IBNLCO_02928__Biopolymer__CDS__promoter,0.014359643784458993,0.014359643784458993
cnv_depth__IBNLCO_01919__Recombination__CDS,-0.014358929553963767,0.014358929553963767
cnv_depth__IBNLCO_00442__IBNLCO_00442__gene__promoter,0.014357972061745019,0.014357972061745019
cnv_depth__IBNLCO_04226__PucR__CDS,-0.014327619431064571,0.014327619431064571
cnv_depth__IBNLCO_00364__DUF3108__CDS,0.014298830174853634,0.014298830174853634
cnv_depth__IBNLCO_03992__hypothetical__CDS__promoter,0.014294981616857895,0.014294981616857895
cnv_depth__IBNLCO_00743__IBNLCO_00743__gene__promoter,0.01422608243634888,0.01422608243634888
cnv_depth__IBNLCO_03987__Type__CDS__promoter,0.014219644150166254,0.014219644150166254
cnv_depth__IBNLCO_04102__DUF899__CDS,-0.014216572463118835,0.014216572463118835
cnv_depth__IBNLCO_04859__IBNLCO_04859__gene__promoter,-0.014211774931027018,0.014211774931027018
cnv_depth__IBNLCO_04305__DUF4148__CDS__promoter,0.014147222267218859,0.014147222267218859
cnv_depth__IBNLCO_05092__N-acetyltransferase__CDS,-0.014137821427022162,0.014137821427022162
cnv_depth__IBNLCO_03010__IBNLCO_03010__gene,0.01412816074104664,0.01412816074104664
cnv_depth__IBNLCO_05758__IBNLCO_05758__gene__promoter,-0.014123725764220808,0.014123725764220808
cnv_depth__IBNLCO_04514__LysR__CDS,-0.014076569239937503,0.014076569239937503
cnv_depth__IBNLCO_01112__IBNLCO_01112__gene__promoter,0.014041441770386909,0.014041441770386909
cnv_depth__IBNLCO_03487__IBNLCO_03487__gene,0.01402600133460205,0.01402600133460205
cnv_depth__IBNLCO_00838__tRNA__CDS__promoter,-0.014021799094604175,0.014021799094604175
cnv_depth__IBNLCO_01000__IBNLCO_01000__gene__promoter,-0.014012391047624605,0.014012391047624605
cnv_depth__IBNLCO_03897__DSBA__CDS,0.01400506243531682,0.01400506243531682
cnv_depth__IBNLCO_04160__4-hydroxy-2-oxo-heptane-1%2C7-dioate__CDS__promoter,-0.014004343495458359,0.014004343495458359
cnv_depth__IBNLCO_02078__DUF1993__CDS__promoter,0.014001851436532575,0.014001851436532575
cnv_depth__IBNLCO_05781__IBNLCO_05781__gene__promoter,0.013982685623331286,0.013982685623331286
cnv_depth__IBNLCO_05597__IBNLCO_05597__gene,-0.013959881932560203,0.013959881932560203
cnv_depth__IBNLCO_04464__YiaAB__CDS,-0.01395437219232637,0.01395437219232637
cnv_depth__IBNLCO_02667__dTDP-glucose__CDS__promoter,-0.013942934768782365,0.013942934768782365
cnv_depth__IBNLCO_01026__hypothetical__CDS,0.01392376182592136,0.01392376182592136
cnv_depth__IBNLCO_03750__ceoB__gene__promoter,0.013902981054507744,0.013902981054507744
cnv_depth__IBNLCO_05363__Glycine__CDS,-0.013878976662834526,0.013878976662834526
cnv_depth__IBNLCO_05592__IBNLCO_05592__gene,0.013869162593785839,0.013869162593785839
cnv_depth__IBNLCO_02377__hpnL__gene__promoter,0.013860144266334475,0.013860144266334475
cnv_depth__IBNLCO_02696__IBNLCO_02696__gene__promoter,-0.013851660971437323,0.013851660971437323
cnv_depth__IBNLCO_05316__DUF2384__CDS__promoter,0.01380366869678707,0.01380366869678707
cnv_depth__IBNLCO_00633__IBNLCO_00633__gene__promoter,0.01380074246907567,0.01380074246907567
cnv_depth__IBNLCO_04004__Formaldehyde__CDS__promoter,-0.013800534109834702,0.013800534109834702
cnv_depth__IBNLCO_00846__UDP-N-acetylenolpyruvoylglucosamine__CDS,-0.013774078418357283,0.013774078418357283
cnv_depth__IBNLCO_04097__hypothetical__CDS,-0.013758201213225222,0.013758201213225222
cnv_depth__IBNLCO_05150__IBNLCO_05150__gene__promoter,0.013748979875526715,0.013748979875526715
cnv_depth__IBNLCO_00023__lysR__gene__promoter,0.013743846449925549,0.013743846449925549
cnv_depth__IBNLCO_04081__IBNLCO_04081__gene__promoter,0.013718389657677969,0.013718389657677969
cnv_depth__IBNLCO_05327__Polysaccharide__CDS__promoter,-0.013704360814257873,0.013704360814257873
cnv_depth__IBNLCO_05124__hypothetical__CDS__promoter,-0.013701246158275782,0.013701246158275782
cnv_depth__IBNLCO_05108__IBNLCO_05108__gene__promoter,-0.01366010803398592,0.01366010803398592
cnv_depth__IBNLCO_05426__IBNLCO_05426__gene__promoter,0.013642368562684965,0.013642368562684965
cnv_depth__IBNLCO_00491__IBNLCO_00491__gene,0.013627289864923647,0.013627289864923647
cnv_depth__IBNLCO_01963__IBNLCO_01963__gene__promoter,0.013623843381769873,0.013623843381769873
cnv_depth__IBNLCO_04857__IBNLCO_04857__gene__promoter,0.013620099251860087,0.013620099251860087
cnv_depth__IBNLCO_01889__DUF465__CDS__promoter,0.013617952387416511,0.013617952387416511
cnv_depth__IBNLCO_01153__IBNLCO_01153__gene__promoter,-0.013616888290631414,0.013616888290631414
cnv_depth__IBNLCO_04549__YbaK/aminoacyl-tRNA__CDS__promoter,-0.013612620510914783,0.013612620510914783
cnv_depth__IBNLCO_02463__IBNLCO_02463__gene__promoter,-0.013591191953484974,0.013591191953484974
cnv_depth__IBNLCO_01899__IBNLCO_01899__gene__promoter,-0.013588655637811259,0.013588655637811259
cnv_depth__IBNLCO_03663__LysR__CDS__promoter,0.013566844481800807,0.013566844481800807
cnv_depth__IBNLCO_02914__IBNLCO_02914__gene__promoter,0.013564826062185733,0.013564826062185733
cnv_depth__IBNLCO_04357__IBNLCO_04357__gene__promoter,0.01355632309107507,0.01355632309107507
cnv_depth__IBNLCO_01157__trnL__gene__promoter,0.013549383530004826,0.013549383530004826
cnv_depth__IBNLCO_03666__IBNLCO_03666__gene__promoter,0.013538642821166867,0.013538642821166867
cnv_depth__IBNLCO_01312__CRM__CDS,0.013531097453685135,0.013531097453685135
cnv_depth__IBNLCO_00703__IBNLCO_00703__gene,-0.013523897965746736,0.013523897965746736
cnv_depth__IBNLCO_03063__IBNLCO_03063__gene__promoter,0.013511064874288319,0.013511064874288319
cnv_depth__IBNLCO_05334__Cysteine-rich__CDS__promoter,0.013510974079876965,0.013510974079876965
cnv_depth__IBNLCO_02295__IBNLCO_02295__gene__promoter,0.013501052523261795,0.013501052523261795
cnv_depth__IBNLCO_04473__hypothetical__CDS__promoter,0.013494274888707232,0.013494274888707232
cnv_depth__IBNLCO_02054__IBNLCO_02054__gene,-0.013473640379934504,0.013473640379934504
cnv_depth__IBNLCO_03463__Amino__CDS,0.013463459797408534,0.013463459797408534
cnv_depth__IBNLCO_01381__Alpha/beta__CDS__promoter,-0.01339411740483022,0.01339411740483022
cnv_depth__IBNLCO_02044__BTH_s19__gene,0.013360314721333031,0.013360314721333031
cnv_depth__IBNLCO_04926__Carboxyl__CDS,-0.01333912517733575,0.01333912517733575
cnv_depth__IBNLCO_00341__IBNLCO_00341__gene,-0.01333244458551594,0.01333244458551594
cnv_depth__IBNLCO_03102__tssG__gene__promoter,-0.013331835648149305,0.013331835648149305
cnv_depth__IBNLCO_05465__IBNLCO_05465__gene__promoter,-0.01331793379582072,0.01331793379582072
cnv_depth__IBNLCO_02024__IBNLCO_02024__gene__promoter,0.01331766117029924,0.01331766117029924
cnv_depth__IBNLCO_01868__IBNLCO_01868__gene__promoter,-0.013305879405858334,0.013305879405858334
cnv_depth__IBNLCO_01697__hypothetical__CDS__promoter,-0.013300598693627867,0.013300598693627867
cnv_depth__IBNLCO_02505__Cytidylate__CDS,-0.013297679466271022,0.013297679466271022
cnv_depth__IBNLCO_04926__IBNLCO_04926__gene__promoter,-0.013263525669846512,0.013263525669846512
cnv_depth__IBNLCO_05220__IBNLCO_05220__gene,-0.013262916312155586,0.013262916312155586
cnv_depth__IBNLCO_05705__DNA__CDS__promoter,0.013258080740215117,0.013258080740215117
cnv_depth__IBNLCO_02317__Gamma-glutamylputrescine__CDS__promoter,-0.01325223522036624,0.01325223522036624
cnv_depth__IBNLCO_02193__IBNLCO_02193__gene__promoter,-0.013247687098521999,0.013247687098521999
cnv_depth__IBNLCO_02650__IBNLCO_02650__gene__promoter,-0.013233776703173229,0.013233776703173229
cnv_depth__IBNLCO_00571__IBNLCO_00571__gene,0.013229291297680863,0.013229291297680863
cnv_depth__IBNLCO_00236__IBNLCO_00236__gene,0.013223283141865801,0.013223283141865801
cnv_depth__IBNLCO_04927__IBNLCO_04927__gene,-0.013218857910034661,0.013218857910034661
cnv_depth__IBNLCO_01238__Diguanylate__CDS,-0.013204457068546668,0.013204457068546668
cnv_depth__IBNLCO_05693__gnl|Bakta|IBNLCO_05693__CDS,0.013179888736254392,0.013179888736254392
cnv_depth__IBNLCO_05703__DUF3175__CDS__promoter,0.013165969266531588,0.013165969266531588
cnv_depth__IBNLCO_04555__DUF2760__CDS,0.013162732610698055,0.013162732610698055
cnv_depth__IBNLCO_01895__Adenylosuccinate__CDS__promoter,-0.013162144581536184,0.013162144581536184
cnv_depth__IBNLCO_01417__IBNLCO_01417__gene__promoter,0.01315214042163918,0.01315214042163918
cnv_depth__IBNLCO_01524__emrB__gene,-0.013141006078325702,0.013141006078325702
cnv_depth__IBNLCO_04560__Transmembrane__CDS,-0.013091338993032694,0.013091338993032694
cnv_depth__IBNLCO_01134__tetR__gene__promoter,0.013087474533553963,0.013087474533553963
cnv_depth__IBNLCO_05072__DNA-binding__CDS,-0.013063101903641327,0.013063101903641327
cnv_depth__IBNLCO_03757__IBNLCO_03757__gene__promoter,-0.013060788874536567,0.013060788874536567
cnv_depth__IBNLCO_03968__IBNLCO_03968__gene,-0.013058712641078947,0.013058712641078947
cnv_depth__IBNLCO_01732__AraC__CDS__promoter,-0.013040514109292313,0.013040514109292313
cnv_depth__IBNLCO_01266__asnC__gene__promoter,0.013007892937178047,0.013007892937178047
cnv_depth__IBNLCO_01327__IBNLCO_01327__gene__promoter,-0.012999362929739628,0.012999362929739628
cnv_depth__IBNLCO_04915__IBNLCO_04915__gene__promoter,-0.012986627987679788,0.012986627987679788
cnv_depth__IBNLCO_03959__IBNLCO_03959__gene,0.012986260545815616,0.012986260545815616
cnv_depth__IBNLCO_01205__Peptidase__CDS,-0.012984311424852157,0.012984311424852157
cnv_depth__IBNLCO_02149__tRNA__CDS,0.012980037838772577,0.012980037838772577
cnv_depth__IBNLCO_02173__Enoyl-[acyl-carrier-protein]__CDS__promoter,0.012962043818074996,0.012962043818074996
cnv_depth__IBNLCO_02264__yiaJ__gene,-0.012954883298094326,0.012954883298094326
cnv_depth__IBNLCO_01506__IBNLCO_01506__gene__promoter,0.012953643368624562,0.012953643368624562
cnv_depth__IBNLCO_01121__IBNLCO_01121__gene__promoter,0.012942370683174078,0.012942370683174078
cnv_depth__IBNLCO_03730__IBNLCO_03730__gene__promoter,-0.01293998261894074,0.01293998261894074
cnv_depth__unknown__unknown__regulatory.5,-0.012933010131019954,0.012933010131019954
cnv_depth__IBNLCO_03027__IBNLCO_03027__gene__promoter,0.012880752074447294,0.012880752074447294
cnv_depth__IBNLCO_03667__hypothetical__CDS__promoter,0.012878273186222186,0.012878273186222186
cnv_depth__IBNLCO_02044__BTH_s19__gene__promoter,-0.012865103897020768,0.012865103897020768
cnv_depth__IBNLCO_01140__Transmembrane__CDS,0.01285995699443032,0.01285995699443032
cnv_depth__IBNLCO_05702__IBNLCO_05702__gene,0.012858775288995549,0.012858775288995549
cnv_depth__IBNLCO_02607__IBNLCO_02607__gene__promoter,-0.012844668220535357,0.012844668220535357
cnv_depth__IBNLCO_03763__fkbH__gene__promoter,-0.012829344720774091,0.012829344720774091
cnv_depth__IBNLCO_05670__IBNLCO_05670__gene__promoter,-0.012827466236366155,0.012827466236366155
cnv_depth__IBNLCO_04934__JmjC__CDS,-0.01281594611926451,0.01281594611926451
cnv_depth__IBNLCO_01220__ncS54__gene__promoter,0.01281487603675685,0.01281487603675685
cnv_depth__IBNLCO_03923__IBNLCO_03923__gene__promoter,0.012791008091261668,0.012791008091261668
cnv_depth__IBNLCO_03274__hypothetical__CDS,0.01275744035733484,0.01275744035733484
cnv_depth__IBNLCO_02390__IBNLCO_02390__gene,-0.012741059932441285,0.012741059932441285
cnv_depth__IBNLCO_01027__Transcriptional__CDS__promoter,0.012737592784757288,0.012737592784757288
cnv_depth__IBNLCO_04267__IBNLCO_04267__gene,-0.01272395239916638,0.01272395239916638
cnv_depth__IBNLCO_04850__secD__gene__promoter,-0.012718878150279592,0.012718878150279592
cnv_depth__IBNLCO_00935__IBNLCO_00935__gene,0.012714398049158224,0.012714398049158224
cnv_depth__IBNLCO_03357__gnl|Bakta|IBNLCO_03357__CDS__promoter,-0.012711913110097136,0.012711913110097136
cnv_depth__IBNLCO_02406__Elongation__CDS__promoter,-0.012689945244356316,0.012689945244356316
cnv_depth__IBNLCO_00986__IBNLCO_00986__gene__promoter,-0.01268405883529422,0.01268405883529422
cnv_depth__IBNLCO_05021__SctV__CDS,-0.012673232242798321,0.012673232242798321
cnv_depth__IBNLCO_03245__paaD__gene__promoter,0.012666281686081244,0.012666281686081244
cnv_depth__IBNLCO_02201__IBNLCO_02201__gene__promoter,0.012664090984994589,0.012664090984994589
cnv_depth__IBNLCO_04106__MurR/RpiR__CDS,-0.012662769909768237,0.012662769909768237
cnv_depth__IBNLCO_00274__flgI__gene__promoter,0.01265202170812447,0.01265202170812447
cnv_depth__IBNLCO_05054__Taurine__CDS,-0.012645316575475372,0.012645316575475372
cnv_depth__IBNLCO_05291__glgB__gene,-0.012637859463272704,0.012637859463272704
cnv_depth__IBNLCO_03247__IBNLCO_03247__gene,0.012631806122280749,0.012631806122280749
cnv_depth__IBNLCO_03336__phospholipase__CDS__promoter,0.012627515133440658,0.012627515133440658
cnv_depth__IBNLCO_05832__IBNLCO_05832__gene__promoter,0.012615963372017583,0.012615963372017583
cnv_depth__IBNLCO_05531__IBNLCO_05531__gene__promoter,-0.012613672154438446,0.012613672154438446
cnv_depth__IBNLCO_05174__NHL__CDS,-0.012609724487504859,0.012609724487504859
cnv_depth__IBNLCO_04352__DUF3156__CDS,0.012590676391713055,0.012590676391713055
cnv_depth__IBNLCO_03689__Hemin__CDS__promoter,-0.012566808778557184,0.012566808778557184
cnv_depth__IBNLCO_02698__IBNLCO_02698__gene__promoter,0.012553483694558661,0.012553483694558661
cnv_depth__IBNLCO_00404__ABC__CDS__promoter,0.01254296266405752,0.01254296266405752
cnv_depth__IBNLCO_04098__IBNLCO_04098__gene__promoter,-0.012533179936027924,0.012533179936027924
cnv_depth__IBNLCO_01694__IBNLCO_01694__gene,0.0125320515722352,0.0125320515722352
cnv_depth__IBNLCO_05738__SDR__CDS,0.012526499016200612,0.012526499016200612
cnv_depth__IBNLCO_04710__hypothetical__CDS,-0.012522099940717875,0.012522099940717875
cnv_depth__IBNLCO_03485__IBNLCO_03485__gene__promoter,0.012513103299344836,0.012513103299344836
cnv_depth__IBNLCO_03447__Glutathione__CDS,0.012512295967406209,0.012512295967406209
cnv_depth__IBNLCO_00021__hypothetical__CDS,-0.012504678478678538,0.012504678478678538
cnv_depth__IBNLCO_05272__IBNLCO_05272__gene__promoter,-0.012503124126337436,0.012503124126337436
cnv_depth__IBNLCO_00328__IBNLCO_00328__gene,-0.012479968012094254,0.012479968012094254
cnv_depth__IBNLCO_03208__IBNLCO_03208__gene,0.012473199179602084,0.012473199179602084
cnv_depth__IBNLCO_00326__IBNLCO_00326__gene,0.012471514285951503,0.012471514285951503
cnv_depth__IBNLCO_02865__IBNLCO_02865__gene__promoter,-0.012451984799696954,0.012451984799696954
cnv_depth__IBNLCO_02497__IBNLCO_02497__gene,-0.012448248549698603,0.012448248549698603
cnv_depth__IBNLCO_04345__IBNLCO_04345__gene,-0.012448159651354538,0.012448159651354538
cnv_depth__IBNLCO_00024__lrgA__gene__promoter,0.012435461789910274,0.012435461789910274
cnv_depth__IBNLCO_02844__IBNLCO_02844__gene__promoter,-0.012434583558462204,0.012434583558462204
cnv_depth__IBNLCO_01910__Modulator__CDS__promoter,0.012424813413758626,0.012424813413758626
cnv_depth__IBNLCO_02646__Lipopolysaccharide__CDS,-0.012421279991244424,0.012421279991244424
cnv_depth__IBNLCO_04708__Nitrate__CDS__promoter,0.012419678348112102,0.012419678348112102
cnv_depth__IBNLCO_04041__LasA__CDS__promoter,-0.012417326088586094,0.012417326088586094
cnv_depth__IBNLCO_02396__IBNLCO_02396__gene__promoter,-0.01240366773729921,0.01240366773729921
cnv_depth__IBNLCO_01547__hypothetical__CDS,0.01239158476993582,0.01239158476993582
cnv_depth__IBNLCO_04463__mntH__gene__promoter,0.012378471270891344,0.012378471270891344
cnv_depth__IBNLCO_01372__DNA-binding__CDS__promoter,-0.012376892344123541,0.012376892344123541
cnv_depth__IBNLCO_04073__IBNLCO_04073__gene__promoter,0.012372951677632507,0.012372951677632507
cnv_depth__IBNLCO_03986__IBNLCO_03986__gene,0.01236632773237036,0.01236632773237036
cnv_depth__IBNLCO_02235__2%2C3%2C4%2C5-tetrahydropyridine-2%2C6-dicarboxylate__CDS,-0.012346100723813428,0.012346100723813428
cnv_depth__IBNLCO_01735__Low-specificity__CDS__promoter,0.012340798191853151,0.012340798191853151
cnv_depth__IBNLCO_02137__IBNLCO_02137__gene,-0.012320536132228093,0.012320536132228093
cnv_depth__IBNLCO_05214__IBNLCO_05214__gene__promoter,0.012297144859863121,0.012297144859863121
cnv_depth__IBNLCO_02706__cntO__gene__promoter,-0.012293258312608007,0.012293258312608007
cnv_depth__IBNLCO_00646__IBNLCO_00646__gene,-0.012280623328029542,0.012280623328029542
cnv_depth__IBNLCO_04799__IBNLCO_04799__gene,-0.012261405689840866,0.012261405689840866
cnv_depth__IBNLCO_04197__Methyl-accepting__CDS__promoter,0.012254228617613798,0.012254228617613798
cnv_depth__IBNLCO_04397__IBNLCO_04397__gene__promoter,-0.012247333316330074,0.012247333316330074
cnv_depth__IBNLCO_01185__IBNLCO_01185__gene__promoter,-0.012237638439443367,0.012237638439443367
cnv_depth__IBNLCO_02460__Thymidylate__CDS__promoter,-0.012223664111513854,0.012223664111513854
cnv_depth__IBNLCO_00551__IBNLCO_00551__gene,0.01222013345297224,0.01222013345297224
cnv_depth__IBNLCO_03595__IBNLCO_03595__gene,0.012219316655029667,0.012219316655029667
cnv_depth__IBNLCO_01925__Transcription__CDS,-0.012217895382223318,0.012217895382223318
cnv_depth__IBNLCO_02584__Smr__CDS__promoter,-0.012215972419942503,0.012215972419942503
cnv_depth__IBNLCO_05022__bsaP__gene__promoter,-0.012215255441991542,0.012215255441991542
cnv_depth__IBNLCO_05100__IBNLCO_05100__gene__promoter,-0.012204449932396336,0.012204449932396336
cnv_depth__IBNLCO_05140__IBNLCO_05140__gene__promoter,0.012203560073917983,0.012203560073917983
cnv_depth__IBNLCO_04219__IBNLCO_04219__gene__promoter,-0.012200916556936541,0.012200916556936541
cnv_depth__IBNLCO_02593__IBNLCO_02593__gene__promoter,-0.012190528080618376,0.012190528080618376
cnv_depth__IBNLCO_05436__Outer__CDS__promoter,-0.012177941290242135,0.012177941290242135
cnv_depth__IBNLCO_02368__IBNLCO_02368__gene__promoter,0.012132673659385456,0.012132673659385456
cnv_depth__IBNLCO_03246__paaK__gene__promoter,0.012131094177360193,0.012131094177360193
cnv_depth__IBNLCO_00540__lptC__gene__promoter,0.012129015555060617,0.012129015555060617
cnv_depth__IBNLCO_00196__histidine__CDS__promoter,0.012128632694395782,0.012128632694395782
cnv_depth__IBNLCO_05792__IBNLCO_05792__gene__promoter,-0.012120640880287263,0.012120640880287263
cnv_depth__IBNLCO_03675__IBNLCO_03675__gene__promoter,0.01212015046734802,0.01212015046734802
cnv_depth__IBNLCO_05737__DUF2795__CDS__promoter,0.012101831654803769,0.012101831654803769
cnv_depth__IBNLCO_04083__macB__gene__promoter,-0.012096502711927708,0.012096502711927708
cnv_depth__IBNLCO_04680__IBNLCO_04680__gene,0.012086991254543919,0.012086991254543919
cnv_depth__IBNLCO_05141__IBNLCO_05141__gene__promoter,0.012085782642989666,0.012085782642989666
cnv_depth__IBNLCO_00483__IBNLCO_00483__gene,0.012077225668785366,0.012077225668785366
cnv_depth__IBNLCO_04779__Glutathione__CDS__promoter,-0.012073993315677076,0.012073993315677076
cnv_depth__IBNLCO_01115__Potassium-transporting__CDS__promoter,0.012039930226761125,0.012039930226761125
cnv_depth__IBNLCO_03244__paaC__gene,0.012033951459368367,0.012033951459368367
cnv_depth__IBNLCO_02299__Putative__CDS__promoter,-0.01202781311362055,0.01202781311362055
cnv_depth__IBNLCO_03606__asparagine__CDS,-0.01200336173189188,0.01200336173189188
cnv_depth__IBNLCO_02061__2-hydroxy-3-oxopropionate__CDS__promoter,-0.011996523339305318,0.011996523339305318
cnv_depth__IBNLCO_01438__5-deoxy-glucuronate__CDS__promoter,-0.011985402277957835,0.011985402277957835
cnv_depth__IBNLCO_00920__IBNLCO_00920__gene,0.011946515462892857,0.011946515462892857
cnv_depth__IBNLCO_01940__Molybdopterin__CDS__promoter,-0.011934140433445322,0.011934140433445322
cnv_depth__IBNLCO_00230__IBNLCO_00230__gene,0.011932696728864768,0.011932696728864768
cnv_depth__IBNLCO_04102__IBNLCO_04102__gene__promoter,-0.011928596306656693,0.011928596306656693
cnv_depth__IBNLCO_04750__hypothetical__CDS__promoter,-0.011919400251295105,0.011919400251295105
cnv_depth__IBNLCO_01018__IBNLCO_01018__gene__promoter,-0.01191570834151833,0.01191570834151833
cnv_depth__IBNLCO_03991__Type__CDS__promoter,-0.011905024464006422,0.011905024464006422
cnv_depth__IBNLCO_03791__N-acetylneuraminate__CDS__promoter,-0.011898634823557882,0.011898634823557882
cnv_depth__IBNLCO_00322__IBNLCO_00322__gene__promoter,0.011898418204177441,0.011898418204177441
cnv_depth__IBNLCO_03274__IBNLCO_03274__gene__promoter,0.011897801711542352,0.011897801711542352
cnv_depth__IBNLCO_03026__IBNLCO_03026__gene__promoter,0.01187584585780042,0.01187584585780042
cnv_depth__IBNLCO_00946__IBNLCO_00946__gene__promoter,0.011871499537470017,0.011871499537470017
cnv_depth__IBNLCO_02524__IBNLCO_02524__gene__promoter,-0.01186398850273476,0.01186398850273476
cnv_depth__IBNLCO_02233__IBNLCO_02233__gene__promoter,-0.011856396470554706,0.011856396470554706
cnv_depth__IBNLCO_05523__IBNLCO_05523__gene,-0.011854042793023541,0.011854042793023541
cnv_depth__IBNLCO_02699__IBNLCO_02699__gene__promoter,0.01184912675306178,0.01184912675306178
cnv_depth__IBNLCO_02630__Aspartate__CDS,-0.0118456811867962,0.0118456811867962
cnv_depth__IBNLCO_01353__Transcriptional__CDS,-0.011831929145433198,0.011831929145433198
cnv_depth__IBNLCO_03070__IBNLCO_03070__gene,0.011817878443721475,0.011817878443721475
cnv_depth__IBNLCO_03071__hypothetical__CDS__promoter,0.011816768205036667,0.011816768205036667
cnv_depth__IBNLCO_02232__Polymerase/histidinol__CDS,-0.011816469395963768,0.011816469395963768
cnv_depth__IBNLCO_03792__4-hydroxyproline__CDS__promoter,-0.01181556496429449,0.01181556496429449
cnv_depth__IBNLCO_02058__IBNLCO_02058__gene,0.011800310072388494,0.011800310072388494
cnv_depth__IBNLCO_02252__iscX__gene__promoter,-0.011798654111659234,0.011798654111659234
cnv_depth__IBNLCO_02567__Cation:proton__CDS,-0.011798189184003655,0.011798189184003655
cnv_depth__IBNLCO_00406__vanZ__gene,0.011793040138274948,0.011793040138274948
cnv_depth__IBNLCO_02202__IBNLCO_02202__gene,-0.011772254737016753,0.011772254737016753
cnv_depth__IBNLCO_03486__N-6__CDS,0.01176877268541948,0.01176877268541948
cnv_depth__IBNLCO_00491__IBNLCO_00491__gene__promoter,0.0117674860352415,0.0117674860352415
cnv_depth__IBNLCO_04531__luxP__gene__promoter,0.011766700670527699,0.011766700670527699
cnv_depth__IBNLCO_03304__chemotaxis-specific__CDS__promoter,0.011765686429491117,0.011765686429491117
cnv_depth__IBNLCO_03318__IBNLCO_03318__gene__promoter,0.011762357282379156,0.011762357282379156
cnv_depth__IBNLCO_00496__IBNLCO_00496__gene__promoter,0.011754338384500934,0.011754338384500934
cnv_depth__IBNLCO_01909__Nucleoside__CDS__promoter,0.011742966131789833,0.011742966131789833
cnv_depth__IBNLCO_04948__IBNLCO_04948__gene__promoter,-0.011738583102435043,0.011738583102435043
cnv_depth__IBNLCO_05149__L-seryl-tRNA(Sec)__CDS__promoter,-0.011699243005985557,0.011699243005985557
cnv_depth__IBNLCO_04797__1-aminocyclopropane-1-carboxylate__CDS__promoter,0.011691458510147948,0.011691458510147948
cnv_depth__IBNLCO_04971__IBNLCO_04971__gene,-0.01167800116482928,0.01167800116482928
cnv_depth__IBNLCO_01710__IBNLCO_01710__gene__promoter,0.011639622318189996,0.011639622318189996
cnv_depth__IBNLCO_02309__IBNLCO_02309__gene,0.011630288435844198,0.011630288435844198
cnv_depth__IBNLCO_01036__Copper__CDS,-0.011630091259697828,0.011630091259697828
cnv_depth__IBNLCO_03707__IBNLCO_03707__gene,0.011615033328326885,0.011615033328326885
cnv_depth__IBNLCO_02512__IBNLCO_02512__gene__promoter,0.011608413167029447,0.011608413167029447
cnv_depth__IBNLCO_01929__IBNLCO_01929__gene__promoter,-0.011607746573230358,0.011607746573230358
cnv_depth__IBNLCO_02111__IBNLCO_02111__gene,-0.011607598316269846,0.011607598316269846
cnv_depth__IBNLCO_03095__hypothetical__CDS,0.011606551390051026,0.011606551390051026
cnv_depth__IBNLCO_03486__N-6__CDS__promoter,0.011589565364125592,0.011589565364125592
cnv_depth__IBNLCO_02990__CNP1-like__CDS,0.011576671341651872,0.011576671341651872
cnv_depth__IBNLCO_04861__IBNLCO_04861__gene__promoter,-0.0115700789567047,0.0115700789567047
cnv_depth__IBNLCO_04512__IBNLCO_04512__gene,0.011569143056304819,0.011569143056304819
cnv_depth__IBNLCO_00965__hypothetical__CDS__promoter,0.01156496107815174,0.01156496107815174
cnv_depth__IBNLCO_01553__IBNLCO_01553__gene__promoter,-0.011556837155969358,0.011556837155969358
cnv_depth__IBNLCO_05229__Spermidine/putrescine-binding__CDS__promoter,0.0115547684490096,0.0115547684490096
cnv_depth__IBNLCO_03389__IBNLCO_03389__gene,0.011536829435883812,0.011536829435883812
cnv_depth__IBNLCO_03764__IBNLCO_03764__gene,-0.011527461381980755,0.011527461381980755
cnv_depth__IBNLCO_00522__IBNLCO_00522__gene,0.01152588766958632,0.01152588766958632
cnv_depth__IBNLCO_03155__IBNLCO_03155__gene__promoter,0.011523283131794798,0.011523283131794798
cnv_depth__IBNLCO_05164__gnl|Bakta|IBNLCO_05164__CDS,0.011522082334851925,0.011522082334851925
cnv_depth__IBNLCO_02308__AAA+__CDS,0.011520440395775084,0.011520440395775084
cnv_depth__IBNLCO_05760__IBNLCO_05760__gene__promoter,-0.011516688147151743,0.011516688147151743
cnv_depth__IBNLCO_03305__chemoreceptor__CDS,0.011512353678235034,0.011512353678235034
cnv_depth__IBNLCO_02591__IBNLCO_02591__gene__promoter,-0.01151167939725907,0.01151167939725907
cnv_depth__IBNLCO_02714__araC__gene__promoter,0.01147218955889945,0.01147218955889945
cnv_depth__IBNLCO_01545__IBNLCO_01545__gene__promoter,-0.01147103181255487,0.01147103181255487
cnv_depth__IBNLCO_02465__IBNLCO_02465__gene,0.011469389254035489,0.011469389254035489
cnv_depth__IBNLCO_02045__Two-component__CDS__promoter,-0.011458337494939902,0.011458337494939902
cnv_depth__IBNLCO_05195__3-isopropylmalate__CDS,0.011454855542781545,0.011454855542781545
cnv_depth__IBNLCO_05089__IBNLCO_05089__gene__promoter,-0.011452482481931262,0.011452482481931262
cnv_depth__IBNLCO_00518__rsmD__gene__promoter,0.011450181666905894,0.011450181666905894
cnv_depth__IBNLCO_01869__IBNLCO_01869__gene__promoter,-0.011431429375445348,0.011431429375445348
cnv_depth__IBNLCO_02866__THUMP__CDS__promoter,0.011428792863400199,0.011428792863400199
cnv_depth__IBNLCO_01027__hlyU__gene,0.011420138189759657,0.011420138189759657
cnv_depth__IBNLCO_00773__Phosphoglycerate__CDS__promoter,0.011416218814521165,0.011416218814521165
cnv_depth__IBNLCO_03303__chemotaxis__CDS,-0.011409841752313205,0.011409841752313205
cnv_depth__IBNLCO_05683__IBNLCO_05683__gene,0.011408904491044179,0.011408904491044179
cnv_depth__IBNLCO_02317__puuA__gene,-0.011401485531081343,0.011401485531081343
cnv_depth__IBNLCO_05345__AI-2E__CDS__promoter,0.011395488960874976,0.011395488960874976
cnv_depth__IBNLCO_02597__DUF3088__CDS,-0.011385568097943508,0.011385568097943508
cnv_depth__IBNLCO_02986__IBNLCO_02986__gene,0.011381621369042989,0.011381621369042989
cnv_depth__IBNLCO_01742__DUF2282__CDS__promoter,-0.01137647021781848,0.01137647021781848
cnv_depth__IBNLCO_01580__IBNLCO_01580__gene,-0.011374394571176366,0.011374394571176366
cnv_depth__IBNLCO_04088__IBNLCO_04088__gene__promoter,0.011370260348640762,0.011370260348640762
cnv_depth__IBNLCO_01915__Murein__CDS,0.011364376981721899,0.011364376981721899
cnv_depth__IBNLCO_00195__hypothetical__CDS,0.011348416482292872,0.011348416482292872
cnv_depth__IBNLCO_00051__Phenylacetaldehyde__CDS__promoter,0.011338736345070427,0.011338736345070427
cnv_depth__IBNLCO_01543__cpaE__gene__promoter,-0.011335720239861393,0.011335720239861393
cnv_depth__IBNLCO_02207__IBNLCO_02207__gene__promoter,-0.011334461969010386,0.011334461969010386
cnv_depth__IBNLCO_03922__IBNLCO_03922__gene__promoter,-0.011326817565729612,0.011326817565729612
cnv_depth__IBNLCO_02827__Glycolate__CDS,0.011325316002874473,0.011325316002874473
cnv_depth__IBNLCO_04323__IBNLCO_04323__gene,-0.011276457625006087,0.011276457625006087
cnv_depth__IBNLCO_00332__eamA__gene,-0.011272692891165757,0.011272692891165757
cnv_depth__IBNLCO_02515__hypothetical__CDS,-0.011263841914677084,0.011263841914677084
cnv_depth__IBNLCO_01107__IBNLCO_01107__gene__promoter,-0.011250917364231477,0.011250917364231477
cnv_depth__IBNLCO_03647__IBNLCO_03647__gene__promoter,-0.01124986279835573,0.01124986279835573
cnv_depth__IBNLCO_04709__GTP__CDS__promoter,-0.011229917647381174,0.011229917647381174
cnv_depth__IBNLCO_01219__IBNLCO_01219__gene__promoter,0.01122810849148276,0.01122810849148276
cnv_depth__IBNLCO_03967__phosphoenolpyruvate__CDS__promoter,-0.011223689714687622,0.011223689714687622
cnv_depth__IBNLCO_04643__Linear__CDS,-0.011211389521034508,0.011211389521034508
cnv_depth__IBNLCO_04422__IBNLCO_04422__gene__promoter,-0.011193982994038,0.011193982994038
cnv_depth__IBNLCO_01681__IBNLCO_01681__gene,0.011189477111707244,0.011189477111707244
cnv_depth__IBNLCO_04536__IBNLCO_04536__gene__promoter,-0.011159008660712694,0.011159008660712694
cnv_depth__IBNLCO_04653__IBNLCO_04653__gene,0.011157265953670278,0.011157265953670278
cnv_depth__IBNLCO_05064__IBNLCO_05064__gene__promoter,0.011154258279271693,0.011154258279271693
cnv_depth__IBNLCO_05368__Protein-glutamate__CDS,0.011152706313924248,0.011152706313924248
cnv_depth__IBNLCO_05380__DUF445__CDS__promoter,0.011147260466720366,0.011147260466720366
cnv_depth__IBNLCO_03069__Xaa-Pro__CDS__promoter,0.011146585564469949,0.011146585564469949
cnv_depth__IBNLCO_00403__mlaF__gene,0.011140457176329364,0.011140457176329364
cnv_depth__IBNLCO_01055__hypothetical__CDS__promoter,-0.011134374285306782,0.011134374285306782
cnv_depth__IBNLCO_01099__Phospholipase__CDS__promoter,-0.011133020228542113,0.011133020228542113
cnv_depth__IBNLCO_00828__Flavin__CDS__promoter,0.011129660366048903,0.011129660366048903
cnv_depth__IBNLCO_03763__fkbH__gene,0.011127738352187338,0.011127738352187338
cnv_depth__IBNLCO_05310__IBNLCO_05310__gene__promoter,0.011126655943923095,0.011126655943923095
cnv_depth__IBNLCO_01257__Putative__CDS,-0.01111824293767549,0.01111824293767549
cnv_depth__IBNLCO_03958__IBNLCO_03958__gene__promoter,-0.011115584104587713,0.011115584104587713
cnv_depth__IBNLCO_04061__Peptidase__CDS__promoter,0.011109696432757662,0.011109696432757662
cnv_depth__IBNLCO_05201__Pyruvate__CDS,-0.011092128350092463,0.011092128350092463
cnv_depth__IBNLCO_00541__3-deoxy-D-manno-octulosonate__CDS,0.011079483541284506,0.011079483541284506
cnv_depth__IBNLCO_04020__IBNLCO_04020__gene__promoter,0.011076493984911675,0.011076493984911675
cnv_depth__IBNLCO_03970__Fe2OG__CDS__promoter,-0.011071329702289369,0.011071329702289369
cnv_depth__IBNLCO_02411__recO__gene__promoter,0.0110674611357318,0.0110674611357318
cnv_depth__IBNLCO_01733__Cysteine__CDS__promoter,-0.011058394111363576,0.011058394111363576
cnv_depth__IBNLCO_04986__Type__CDS__promoter,-0.011049264543079298,0.011049264543079298
cnv_depth__IBNLCO_04807__IBNLCO_04807__gene,-0.01104807954474284,0.01104807954474284
cnv_depth__IBNLCO_05823__IBNLCO_05823__gene__promoter,-0.011044969533948958,0.011044969533948958
cnv_depth__IBNLCO_01560__ParB-like__CDS__promoter,-0.011039928261832407,0.011039928261832407
cnv_depth__IBNLCO_00708__IBNLCO_00708__gene__promoter,0.011039494052074553,0.011039494052074553
cnv_depth__IBNLCO_02769__gnl|Bakta|IBNLCO_02769__CDS__promoter,-0.01102846315233956,0.01102846315233956
cnv_depth__IBNLCO_01299__IBNLCO_01299__gene__promoter,-0.0110155733561297,0.0110155733561297
cnv_depth__IBNLCO_01059__benE__gene,-0.011012839662922214,0.011012839662922214
cnv_depth__IBNLCO_04473__hypothetical__CDS,-0.010994455743927045,0.010994455743927045
cnv_depth__IBNLCO_02150__ACB__CDS,0.010989442224736457,0.010989442224736457
cnv_depth__IBNLCO_05039__L-lactate__CDS__promoter,0.010973225936710462,0.010973225936710462
cnv_depth__IBNLCO_02674__UPF0301__CDS__promoter,0.01096733282427171,0.01096733282427171
cnv_depth__IBNLCO_00790__efflux__CDS,0.010960722821732348,0.010960722821732348
cnv_depth__IBNLCO_04245__YdhG-like__CDS__promoter,-0.010950892778222756,0.010950892778222756
cnv_depth__IBNLCO_00321__IBNLCO_00321__gene__promoter,0.010928191717554391,0.010928191717554391
cnv_depth__IBNLCO_01505__gnl|Bakta|IBNLCO_01505__CDS,-0.010924490963575912,0.010924490963575912
cnv_depth__IBNLCO_05243__IBNLCO_05243__gene,-0.01092415797841855,0.01092415797841855
cnv_depth__IBNLCO_02501__IBNLCO_02501__gene__promoter,0.01091034632539649,0.01091034632539649
cnv_depth__IBNLCO_00762__xerC__gene,0.01088499530095678,0.01088499530095678
cnv_depth__IBNLCO_00681__deoR__gene__promoter,-0.010862911188847413,0.010862911188847413
cnv_depth__IBNLCO_03287__IBNLCO_03287__gene__promoter,0.010862468078674222,0.010862468078674222
cnv_depth__IBNLCO_05367__Haloacid__CDS__promoter,0.010857083029724289,0.010857083029724289
cnv_depth__IBNLCO_02956__L-arabinose-binding__CDS__promoter,-0.010855796038416283,0.010855796038416283
cnv_depth__IBNLCO_04143__IBNLCO_04143__gene__promoter,-0.010852489795245808,0.010852489795245808
cnv_depth__IBNLCO_02614__IBNLCO_02614__gene__promoter,0.010848710009060245,0.010848710009060245
cnv_depth__IBNLCO_00093__DNA-3-methyladenine__CDS__promoter,-0.010846667310838267,0.010846667310838267
cnv_depth__IBNLCO_03384__aidB__gene,0.010840046925394031,0.010840046925394031
cnv_depth__IBNLCO_00210__IBNLCO_00210__gene,-0.01083904749281866,0.01083904749281866
cnv_depth__IBNLCO_04791__IBNLCO_04791__gene__promoter,0.010836845604686231,0.010836845604686231
cnv_depth__IBNLCO_04258__gnl|Bakta|IBNLCO_04258__CDS__promoter,-0.010822620492134056,0.010822620492134056
cnv_depth__IBNLCO_03710__dhaL__gene__promoter,0.010818787391794177,0.010818787391794177
cnv_depth__IBNLCO_05100__Type__CDS,-0.010814549345620329,0.010814549345620329
cnv_depth__IBNLCO_01569__N-acetylmuramoyl-L-alanine__CDS,-0.01080541972380198,0.01080541972380198
cnv_depth__IBNLCO_02850__recG__gene,0.010804440463170138,0.010804440463170138
cnv_depth__IBNLCO_01300__IBNLCO_01300__gene__promoter,-0.010799337044626477,0.010799337044626477
cnv_depth__IBNLCO_03257__wrbA__gene,-0.010792539296130551,0.010792539296130551
cnv_depth__IBNLCO_01486__IBNLCO_01486__gene,0.010771456406479678,0.010771456406479678
cnv_depth__IBNLCO_05727__PRC-barrel__CDS__promoter,0.010757314494177725,0.010757314494177725
cnv_depth__IBNLCO_03569__Pyruvate__CDS__promoter,0.010757019894595347,0.010757019894595347
cnv_depth__IBNLCO_02290__Nicotinamide-nucleotide__CDS,-0.010741826851712167,0.010741826851712167
cnv_depth__IBNLCO_04905__IBNLCO_04905__gene__promoter,0.010740422556868464,0.010740422556868464
cnv_depth__IBNLCO_02607__gnl|Bakta|IBNLCO_02607__CDS,-0.010732408675358846,0.010732408675358846
cnv_depth__IBNLCO_05625__Uncharacterized__CDS__promoter,0.010725013644072941,0.010725013644072941
cnv_depth__IBNLCO_04700__ftsI__gene__promoter,-0.010717773994093986,0.010717773994093986
cnv_depth__IBNLCO_04959__gnl|Bakta|IBNLCO_04959__CDS,-0.010712456820470633,0.010712456820470633
cnv_depth__IBNLCO_00763__IBNLCO_00763__gene__promoter,0.010701880815065977,0.010701880815065977
cnv_depth__IBNLCO_00682__IBNLCO_00682__gene__promoter,-0.010697050239985434,0.010697050239985434
cnv_depth__IBNLCO_01302__IBNLCO_01302__gene__promoter,-0.010694122023461905,0.010694122023461905
cnv_depth__IBNLCO_02523__IBNLCO_02523__gene,-0.010690276240326603,0.010690276240326603
cnv_depth__IBNLCO_00178__mreD__gene,0.010690127826314764,0.010690127826314764
cnv_depth__IBNLCO_03124__IBNLCO_03124__gene,0.010688292091048917,0.010688292091048917
cnv_depth__IBNLCO_02475__Putative__CDS,-0.010686986320001977,0.010686986320001977
cnv_depth__IBNLCO_03051__IBNLCO_03051__gene,0.01068533651175774,0.01068533651175774
cnv_depth__IBNLCO_04880__Type__CDS__promoter,-0.01068038093498521,0.01068038093498521
cnv_depth__IBNLCO_05184__IBNLCO_05184__gene__promoter,0.010674265082833699,0.010674265082833699
cnv_depth__IBNLCO_01017__hypothetical__CDS,-0.0106706782611523,0.0106706782611523
cnv_depth__IBNLCO_05628__IBNLCO_05628__gene__promoter,-0.01067036585258439,0.01067036585258439
cnv_depth__IBNLCO_00189__AmpG__CDS__promoter,0.010660350694313087,0.010660350694313087
cnv_depth__IBNLCO_03912__DNA__CDS,-0.010656130567820403,0.010656130567820403
cnv_depth__IBNLCO_03567__IBNLCO_03567__gene,-0.010648097483678245,0.010648097483678245
cnv_depth__IBNLCO_01480__hypothetical__CDS__promoter,0.010642068179150277,0.010642068179150277
cnv_depth__IBNLCO_00981__HTH__CDS,-0.010637639870519494,0.010637639870519494
cnv_depth__IBNLCO_05158__moxC__gene,-0.010635580978824005,0.010635580978824005
cnv_depth__IBNLCO_02412__GTPase__CDS,0.010625829055623788,0.010625829055623788
cnv_depth__IBNLCO_02985__Signal__CDS__promoter,0.010625192143574203,0.010625192143574203
cnv_depth__IBNLCO_03213__Large__CDS,0.010624091094985138,0.010624091094985138
cnv_depth__IBNLCO_04914__IBNLCO_04914__gene__promoter,0.01060726316301109,0.01060726316301109
cnv_depth__IBNLCO_03179__Protein-methionine-sulfoxide__CDS__promoter,0.010552415190115499,0.010552415190115499
cnv_depth__IBNLCO_02971__IBNLCO_02971__gene__promoter,0.010549543195779828,0.010549543195779828
cnv_depth__IBNLCO_00865__IBNLCO_00865__gene,-0.010543737808970595,0.010543737808970595
cnv_depth__IBNLCO_00345__IBNLCO_00345__gene,-0.010543472628631381,0.010543472628631381
cnv_depth__IBNLCO_04691__IBNLCO_04691__gene__promoter,0.010497606649285476,0.010497606649285476
cnv_depth__IBNLCO_00041__IBNLCO_00041__gene__promoter,-0.010496436072499301,0.010496436072499301
cnv_depth__IBNLCO_02253__IBNLCO_02253__gene,-0.010493552763021037,0.010493552763021037
cnv_depth__IBNLCO_03317__IBNLCO_03317__gene__promoter,0.010492573518153301,0.010492573518153301
cnv_depth__IBNLCO_01057__Glyoxalase/fosfomycin__CDS__promoter,-0.010480067818538693,0.010480067818538693
cnv_depth__IBNLCO_05133__rpoS__gene,-0.010475285344549409,0.010475285344549409
cnv_depth__IBNLCO_00323__HTH__CDS__promoter,0.010469056172338337,0.010469056172338337
cnv_depth__IBNLCO_05066__hipB__gene__promoter,0.010455064258211046,0.010455064258211046
cnv_depth__IBNLCO_02531__IBNLCO_02531__gene,0.010450541518123158,0.010450541518123158
cnv_depth__IBNLCO_00294__IBNLCO_00294__gene__promoter,-0.010449512559567418,0.010449512559567418
cnv_depth__IBNLCO_02242__IBNLCO_02242__gene__promoter,-0.010443305074146222,0.010443305074146222
cnv_depth__IBNLCO_05114__hypothetical__CDS,-0.010442253480917136,0.010442253480917136
cnv_depth__IBNLCO_03214__IBNLCO_03214__gene__promoter,0.010439258389871043,0.010439258389871043
cnv_depth__IBNLCO_05447__IBNLCO_05447__gene,0.010432624946846275,0.010432624946846275
cnv_depth__IBNLCO_04908__IBNLCO_04908__gene__promoter,0.010424911142586873,0.010424911142586873
cnv_depth__IBNLCO_00250__hypothetical__CDS,-0.010423155334175233,0.010423155334175233
cnv_depth__IBNLCO_00972__dCTP__CDS__promoter,-0.010419243784965573,0.010419243784965573
cnv_depth__IBNLCO_04834__IBNLCO_04834__gene__promoter,-0.010407806372920565,0.010407806372920565
cnv_depth__IBNLCO_02286__ntrC__gene__promoter,0.010405238373076487,0.010405238373076487
cnv_depth__IBNLCO_03286__hypothetical__CDS__promoter,0.01040512178799159,0.01040512178799159
cnv_depth__IBNLCO_04835__IBNLCO_04835__gene,-0.010383289927862874,0.010383289927862874
cnv_depth__IBNLCO_04020__IBNLCO_04020__gene,0.010379066112007054,0.010379066112007054
cnv_depth__IBNLCO_03277__IBNLCO_03277__gene__promoter,0.010357946990590379,0.010357946990590379
cnv_depth__IBNLCO_04728__IBNLCO_04728__gene__promoter,-0.010348529388738105,0.010348529388738105
cnv_depth__IBNLCO_02065__5-hydroxyisourate__CDS__promoter,-0.010347626022145145,0.010347626022145145
cnv_depth__IBNLCO_00793__efflux__CDS__promoter,0.010336380131119413,0.010336380131119413
cnv_depth__IBNLCO_00662__ybeY__gene__promoter,0.010317218264412889,0.010317218264412889
cnv_depth__IBNLCO_02319__IBNLCO_02319__gene,0.010311686858079122,0.010311686858079122
cnv_depth__IBNLCO_05756__Fusion__CDS__promoter,0.010306031305682117,0.010306031305682117
cnv_depth__IBNLCO_05177__IBNLCO_05177__gene,-0.010304478265991355,0.010304478265991355
cnv_depth__IBNLCO_04343__IBNLCO_04343__gene,-0.010301292520401127,0.010301292520401127
cnv_depth__IBNLCO_01926__IBNLCO_01926__gene__promoter,-0.010299656203414652,0.010299656203414652
cnv_depth__IBNLCO_01359__Glycogen__CDS,-0.010298802132100384,0.010298802132100384
cnv_depth__IBNLCO_02067__hypothetical__CDS__promoter,-0.010293756114932304,0.010293756114932304
cnv_depth__IBNLCO_03709__dhaK__gene__promoter,-0.010288342396846466,0.010288342396846466
cnv_depth__IBNLCO_04690__MFS__CDS__promoter,-0.0102876261039741,0.0102876261039741
cnv_depth__IBNLCO_01275__hypothetical__CDS,0.010279897622696061,0.010279897622696061
cnv_depth__IBNLCO_01732__araC__gene,-0.010278633998921228,0.010278633998921228
cnv_depth__IBNLCO_05164__IBNLCO_05164__gene__promoter,0.010268737349879146,0.010268737349879146
cnv_depth__IBNLCO_00732__NADP-dependent__CDS,0.010267140155774046,0.010267140155774046
cnv_depth__IBNLCO_04657__Polyketide__CDS__promoter,0.010257466415958037,0.010257466415958037
cnv_depth__IBNLCO_00988__NAD(P)-dependent__CDS,-0.010255383563187172,0.010255383563187172
cnv_depth__IBNLCO_00076__dnaA__gene,0.010250376392166754,0.010250376392166754
cnv_depth__IBNLCO_03621__tssF__gene__promoter,0.010236165777037226,0.010236165777037226
cnv_depth__IBNLCO_04344__IBNLCO_04344__gene__promoter,-0.01023265325732831,0.01023265325732831
cnv_depth__IBNLCO_05007__SctA__CDS,-0.010229088245467257,0.010229088245467257
cnv_depth__IBNLCO_04148__hypothetical__CDS,0.010226373817534804,0.010226373817534804
cnv_depth__IBNLCO_00489__IBNLCO_00489__gene__promoter,0.01022116516654031,0.01022116516654031
cnv_depth__IBNLCO_02854__secD__gene,0.010217057616815932,0.010217057616815932
cnv_depth__IBNLCO_02852__IBNLCO_02852__gene__promoter,-0.010200900913699948,0.010200900913699948
cnv_depth__IBNLCO_03480__IBNLCO_03480__gene,-0.010187558997064063,0.010187558997064063
cnv_depth__IBNLCO_03074__IBNLCO_03074__gene__promoter,0.01018659415874296,0.01018659415874296
cnv_depth__IBNLCO_03302__chemotaxis__CDS__promoter,-0.010185320496781888,0.010185320496781888
cnv_depth__IBNLCO_03285__IBNLCO_03285__gene__promoter,0.010180235344147899,0.010180235344147899
cnv_depth__IBNLCO_04275__Type__CDS__promoter,-0.010178226182202729,0.010178226182202729
cnv_depth__IBNLCO_03466__IBNLCO_03466__gene__promoter,-0.010176968093613452,0.010176968093613452
cnv_depth__IBNLCO_04378__IBNLCO_04378__gene,-0.010174448136609742,0.010174448136609742
cnv_depth__IBNLCO_01474__Lysophospholipid__CDS__promoter,-0.010172359166528679,0.010172359166528679
cnv_depth__IBNLCO_00504__IBNLCO_00504__gene__promoter,-0.010164414878987739,0.010164414878987739
cnv_depth__IBNLCO_02062__Dodecin__CDS,-0.010159190093621985,0.010159190093621985
cnv_depth__IBNLCO_00801__Hemin__CDS__promoter,-0.010156139756510803,0.010156139756510803
cnv_depth__IBNLCO_01702__IBNLCO_01702__gene,-0.010154462610409557,0.010154462610409557
cnv_depth__IBNLCO_02330__Deoxyribodipyrimidine__CDS__promoter,-0.010141394931074766,0.010141394931074766
cnv_depth__IBNLCO_01947__Putative__CDS__promoter,-0.010141235022252098,0.010141235022252098
cnv_depth__IBNLCO_04174__IBNLCO_04174__gene,0.010135697696366722,0.010135697696366722
cnv_depth__IBNLCO_02318__IBNLCO_02318__gene__promoter,-0.010134808780606134,0.010134808780606134
cnv_depth__IBNLCO_05607__lysR__gene__promoter,-0.010134441921225755,0.010134441921225755
cnv_depth__IBNLCO_02846__hypothetical__CDS,0.010133415684689201,0.010133415684689201
cnv_depth__IBNLCO_02707__IBNLCO_02707__gene,-0.01013042416375345,0.01013042416375345
cnv_depth__IBNLCO_03958__IBNLCO_03958__gene,-0.01012188662245448,0.01012188662245448
cnv_depth__IBNLCO_04666__hcpA__gene,-0.010119764858169419,0.010119764858169419
cnv_depth__IBNLCO_04951__HTH-type__CDS,-0.010119535226890483,0.010119535226890483
cnv_depth__IBNLCO_02736__IBNLCO_02736__gene__promoter,-0.010118332317684052,0.010118332317684052
cnv_depth__IBNLCO_05423__IBNLCO_05423__gene__promoter,-0.010107025353214068,0.010107025353214068
cnv_depth__IBNLCO_02689__MBL__CDS,-0.01009533189609222,0.01009533189609222
cnv_depth__IBNLCO_01374__OmpA-like__CDS__promoter,-0.010093329764117576,0.010093329764117576
cnv_depth__IBNLCO_02543__IBNLCO_02543__gene,-0.01009082070486782,0.01009082070486782
cnv_depth__IBNLCO_04266__hypothetical__CDS__promoter,-0.010088147059828488,0.010088147059828488
cnv_depth__IBNLCO_02767__gnl|Bakta|IBNLCO_02767__CDS__promoter,0.010078679862449874,0.010078679862449874
cnv_depth__IBNLCO_01136__Glycosyltransferase__CDS,-0.010076268200559806,0.010076268200559806
cnv_depth__IBNLCO_03306__cheR__gene__promoter,0.010058424180589826,0.010058424180589826
cnv_depth__IBNLCO_03685__Glycine__CDS,0.010055577576157328,0.010055577576157328
cnv_depth__IBNLCO_02474__Cobalamin__CDS,0.010045152479101318,0.010045152479101318
cnv_depth__IBNLCO_00793__efflux__CDS,-0.010044264209288093,0.010044264209288093
cnv_depth__IBNLCO_03790__Amino__CDS__promoter,0.010032907511748826,0.010032907511748826
cnv_depth__IBNLCO_04397__IBNLCO_04397__gene,-0.010031979354867136,0.010031979354867136
cnv_depth__IBNLCO_01400__hypothetical__CDS__promoter,-0.010031144344950092,0.010031144344950092
cnv_depth__IBNLCO_02730__IBNLCO_02730__gene__promoter,-0.010021315732804556,0.010021315732804556
cnv_depth__IBNLCO_01333__tRNA-Pro(tgg)__tRNA,-0.009995313078172871,0.009995313078172871
cnv_depth__IBNLCO_03689__IBNLCO_03689__gene,0.009991775474238025,0.009991775474238025
cnv_depth__IBNLCO_04424__N-acyltransferase__CDS,-0.009988382779255563,0.009988382779255563
cnv_depth__IBNLCO_04213__hypothetical__CDS__promoter,-0.009980327516584692,0.009980327516584692
cnv_depth__IBNLCO_00543__Potassium__CDS__promoter,0.00997664104236018,0.00997664104236018
cnv_depth__IBNLCO_03865__hypothetical__CDS__promoter,0.009975912379799366,0.009975912379799366
cnv_depth__IBNLCO_05317__hypothetical__CDS__promoter,0.009971450302120672,0.009971450302120672
cnv_depth__IBNLCO_02818__TIGR02099__CDS__promoter,0.009971256349900719,0.009971256349900719
cnv_depth__IBNLCO_05388__araC__gene,-0.009965906510651957,0.009965906510651957
cnv_depth__IBNLCO_00628__IBNLCO_00628__gene__promoter,0.009961999151260083,0.009961999151260083
cnv_depth__IBNLCO_03383__betI__gene__promoter,0.00996135670770973,0.00996135670770973
cnv_depth__IBNLCO_02570__gnl|Bakta|IBNLCO_02570__CDS,-0.009956694495857718,0.009956694495857718
cnv_depth__IBNLCO_04145__IBNLCO_04145__gene,-0.009950717598448401,0.009950717598448401
cnv_depth__IBNLCO_04310__IBNLCO_04310__gene__promoter,-0.009945396445496342,0.009945396445496342
cnv_depth__IBNLCO_03098__Type__CDS__promoter,0.009934581465862553,0.009934581465862553
cnv_depth__IBNLCO_05255__GTP__CDS__promoter,-0.009934026576304444,0.009934026576304444
cnv_depth__IBNLCO_04055__Major__CDS,-0.009931260345927785,0.009931260345927785
cnv_depth__IBNLCO_03296__flagellar__CDS__promoter,0.009927623894250096,0.009927623894250096
cnv_depth__IBNLCO_04716__hypothetical__CDS,-0.00990442657387871,0.00990442657387871
cnv_depth__IBNLCO_04667__PKHD-type__CDS__promoter,-0.009891707681511274,0.009891707681511274
cnv_depth__IBNLCO_05065__hypothetical__CDS,-0.009890600315351375,0.009890600315351375
cnv_depth__IBNLCO_04577__Uncharacterized__CDS,0.009885160243477697,0.009885160243477697
cnv_depth__IBNLCO_01521__IBNLCO_01521__gene,0.009881075681185831,0.009881075681185831
cnv_depth__IBNLCO_04349__IBNLCO_04349__gene,-0.009870334566126416,0.009870334566126416
cnv_depth__IBNLCO_01098__IBNLCO_01098__gene,-0.009844051814332786,0.009844051814332786
cnv_depth__IBNLCO_05664__gnl|Bakta|IBNLCO_05664__CDS__promoter,-0.009841272038204986,0.009841272038204986
cnv_depth__IBNLCO_00168__IBNLCO_00168__gene,0.009838095144989937,0.009838095144989937
cnv_depth__IBNLCO_00263__IBNLCO_00263__gene__promoter,-0.009834036058740697,0.009834036058740697
cnv_depth__IBNLCO_05313__Transmembrane__CDS__promoter,-0.009833961097165543,0.009833961097165543
cnv_depth__IBNLCO_02450__Protein__CDS__promoter,-0.009818088984446107,0.009818088984446107
cnv_depth__IBNLCO_02826__glcE__gene,0.009812354599254244,0.009812354599254244
cnv_depth__IBNLCO_01180__IBNLCO_01180__gene__promoter,-0.009811812153116887,0.009811812153116887
cnv_depth__IBNLCO_02974__Zinc__CDS__promoter,0.009803443472746972,0.009803443472746972
cnv_depth__IBNLCO_03056__hypothetical__CDS__promoter,-0.009800267175939301,0.009800267175939301
cnv_depth__IBNLCO_04964__IBNLCO_04964__gene,-0.009798647442648356,0.009798647442648356
cnv_depth__IBNLCO_01899__hypothetical__CDS,0.0097973418783926,0.0097973418783926
cnv_depth__IBNLCO_00317__IBNLCO_00317__gene__promoter,-0.009776750672738007,0.009776750672738007
cnv_depth__IBNLCO_02884__Holliday__CDS__promoter,0.0097712491341794,0.0097712491341794
cnv_depth__IBNLCO_05728__IBNLCO_05728__gene__promoter,0.009770842143630443,0.009770842143630443
cnv_depth__IBNLCO_03464__HTH__CDS__promoter,0.009770702775143934,0.009770702775143934
cnv_depth__IBNLCO_01851__IBNLCO_01851__gene__promoter,-0.009766872177151139,0.009766872177151139
cnv_depth__IBNLCO_02883__Holliday__CDS__promoter,-0.009763316126771586,0.009763316126771586
cnv_depth__IBNLCO_03319__gspK__gene,0.009763054902918164,0.009763054902918164
cnv_depth__IBNLCO_00396__IBNLCO_00396__gene__promoter,0.009762163026893164,0.009762163026893164
cnv_depth__IBNLCO_05698__IBNLCO_05698__gene,0.009757573069449065,0.009757573069449065
cnv_depth__IBNLCO_00769__Zinc__CDS__promoter,-0.00973616328423299,0.00973616328423299
cnv_depth__IBNLCO_00321__IBNLCO_00321__gene,0.009733155959841136,0.009733155959841136
cnv_depth__IBNLCO_04524__Lipoprotein__CDS,-0.009728624503133745,0.009728624503133745
cnv_depth__IBNLCO_00971__sodC__gene,-0.009727624011736742,0.009727624011736742
cnv_depth__IBNLCO_05056__Cellulose__CDS__promoter,-0.009723306033786225,0.009723306033786225
cnv_depth__IBNLCO_01462__hypothetical__CDS__promoter,0.009722712243744755,0.009722712243744755
cnv_depth__IBNLCO_05626__IBNLCO_05626__gene__promoter,0.00972135875911137,0.00972135875911137
cnv_depth__IBNLCO_03356__SGNH__CDS__promoter,0.00971904970217026,0.00971904970217026
cnv_depth__IBNLCO_00468__IBNLCO_00468__gene,-0.00971838939067053,0.00971838939067053
cnv_depth__IBNLCO_04289__IBNLCO_04289__gene,-0.009717550055338512,0.009717550055338512
cnv_depth__IBNLCO_00943__zapA__gene__promoter,0.009711752790269581,0.009711752790269581
cnv_depth__IBNLCO_05741__IBNLCO_05741__gene__promoter,0.009703311211054541,0.009703311211054541
cnv_depth__IBNLCO_03212__IBNLCO_03212__gene__promoter,0.009700385068136703,0.009700385068136703
cnv_depth__IBNLCO_05231__Transcriptional__CDS__promoter,0.009699705449005646,0.009699705449005646
cnv_depth__IBNLCO_04315__UspA__CDS,0.00969772989759654,0.00969772989759654
cnv_depth__IBNLCO_03003__DNA__CDS__promoter,0.009693528777294947,0.009693528777294947
cnv_depth__IBNLCO_01645__Outer__CDS__promoter,-0.009691533685608303,0.009691533685608303
cnv_depth__IBNLCO_00664__IBNLCO_00664__gene,-0.00968582467925137,0.00968582467925137
cnv_depth__IBNLCO_04599__Formylmethanofuran__CDS__promoter,-0.009680411986663903,0.009680411986663903
cnv_depth__IBNLCO_02047__IBNLCO_02047__gene__promoter,-0.009680341282146399,0.009680341282146399
cnv_depth__IBNLCO_01300__Ribonuclease__CDS,-0.009678611166069407,0.009678611166069407
cnv_depth__IBNLCO_01262__DUF1326__CDS,-0.009675944131160193,0.009675944131160193
cnv_depth__IBNLCO_05729__IBNLCO_05729__gene,0.009675803742890413,0.009675803742890413
cnv_depth__IBNLCO_03062__IBNLCO_03062__gene__promoter,-0.009674028899072309,0.009674028899072309
cnv_depth__IBNLCO_05020__bsaR__gene__promoter,-0.009669289954858865,0.009669289954858865
cnv_depth__IBNLCO_02986__IBNLCO_02986__gene__promoter,0.009664212963968915,0.009664212963968915
cnv_depth__IBNLCO_03576__IBNLCO_03576__gene__promoter,0.009663272933843777,0.009663272933843777
cnv_depth__IBNLCO_01303__IBNLCO_01303__gene__promoter,-0.009661723986529062,0.009661723986529062
cnv_depth__IBNLCO_04340__hypothetical__CDS__promoter,-0.009660997755788207,0.009660997755788207
cnv_depth__IBNLCO_04740__hypothetical__CDS,-0.009658771763987037,0.009658771763987037
cnv_depth__IBNLCO_04003__HTH-type__CDS__promoter,-0.009642094827155081,0.009642094827155081
cnv_depth__IBNLCO_03523__IBNLCO_03523__gene,-0.009641645818769116,0.009641645818769116
cnv_depth__IBNLCO_01544__IBNLCO_01544__gene__promoter,-0.009620775545747924,0.009620775545747924
cnv_depth__IBNLCO_04960__EamA__CDS__promoter,-0.009615291959004381,0.009615291959004381
cnv_depth__IBNLCO_05441__IBNLCO_05441__gene__promoter,0.009609442961171633,0.009609442961171633
cnv_depth__IBNLCO_04213__IBNLCO_04213__gene,-0.009608005651931482,0.009608005651931482
cnv_depth__IBNLCO_03692__Heme__CDS,0.009604340523471899,0.009604340523471899
cnv_depth__IBNLCO_00581__IBNLCO_00581__gene__promoter,-0.009598973675523027,0.009598973675523027
cnv_depth__IBNLCO_01698__hypothetical__CDS,-0.009589077876310857,0.009589077876310857
cnv_depth__IBNLCO_03157__IBNLCO_03157__gene__promoter,-0.009588099737930485,0.009588099737930485
cnv_depth__IBNLCO_03710__dhaL__gene,-0.00958523916371226,0.00958523916371226
cnv_depth__IBNLCO_00008__Type__CDS__promoter,0.009580840776008343,0.009580840776008343
cnv_depth__IBNLCO_05093__IBNLCO_05093__gene__promoter,-0.009579560259112954,0.009579560259112954
cnv_depth__IBNLCO_01098__hypothetical__CDS__promoter,-0.009573372680626867,0.009573372680626867
cnv_depth__IBNLCO_02175__IBNLCO_02175__gene,-0.009569275106216673,0.009569275106216673
cnv_depth__IBNLCO_00665__IBNLCO_00665__gene__promoter,0.009568816387988371,0.009568816387988371
cnv_depth__IBNLCO_02004__IBNLCO_02004__gene,0.009566190009358986,0.009566190009358986
cnv_depth__IBNLCO_01925__merR__gene__promoter,-0.009565459650649833,0.009565459650649833
cnv_depth__IBNLCO_04615__Major__CDS,0.009564939525288908,0.009564939525288908
cnv_depth__IBNLCO_00751__gspH__gene,-0.009560778592664665,0.009560778592664665
cnv_depth__IBNLCO_01884__Poly-beta-hydroxybutyrate__CDS,-0.009551739915602457,0.009551739915602457
cnv_depth__IBNLCO_01351__IBNLCO_01351__gene__promoter,-0.009549715687424683,0.009549715687424683
cnv_depth__IBNLCO_01380__Ricin-type__CDS__promoter,-0.009549581461154304,0.009549581461154304
cnv_depth__IBNLCO_00713__IBNLCO_00713__gene,0.009548251690582316,0.009548251690582316
cnv_depth__IBNLCO_04537__IBNLCO_04537__gene,-0.009545722855017114,0.009545722855017114
cnv_depth__IBNLCO_02546__gnl|Bakta|IBNLCO_02546__CDS,0.009538620011149745,0.009538620011149745
cnv_depth__IBNLCO_04764__3-deoxy-7-phosphoheptulonate__CDS,0.009530318367791779,0.009530318367791779
cnv_depth__IBNLCO_03856__DNA__CDS,0.00951776002134756,0.00951776002134756
cnv_depth__IBNLCO_02396__N-acetyltransferase__CDS,-0.009516015843376979,0.009516015843376979
cnv_depth__IBNLCO_03387__putA__gene__promoter,0.009511613934911367,0.009511613934911367
cnv_depth__IBNLCO_03745__IBNLCO_03745__gene__promoter,0.009506666860468298,0.009506666860468298
cnv_depth__IBNLCO_04246__hypothetical__CDS,-0.009505641386198244,0.009505641386198244
cnv_depth__IBNLCO_02064__8-oxoguanine__CDS__promoter,-0.009487913220370578,0.009487913220370578
cnv_depth__IBNLCO_02296__IBNLCO_02296__gene__promoter,0.009487367743521727,0.009487367743521727
cnv_depth__IBNLCO_02233__Alpha/beta__CDS,-0.009480877786887247,0.009480877786887247
cnv_depth__IBNLCO_05313__Transmembrane__CDS,-0.009478029133442704,0.009478029133442704
cnv_depth__IBNLCO_04540__heavy__CDS__promoter,0.00947166432191941,0.00947166432191941
cnv_depth__IBNLCO_05596__tssK1__gene__promoter,-0.00946479990719559,0.00946479990719559
cnv_depth__IBNLCO_00914__CopC__CDS__promoter,-0.00946269303687218,0.00946269303687218
cnv_depth__IBNLCO_01174__IBNLCO_01174__gene__promoter,0.009452432417805412,0.009452432417805412
cnv_depth__IBNLCO_00932__lptF__gene__promoter,0.009449042292140658,0.009449042292140658
cnv_depth__IBNLCO_04645__Chlorinating__CDS,0.009446299815183882,0.009446299815183882
cnv_depth__IBNLCO_01442__ABC__CDS__promoter,-0.009445402417127755,0.009445402417127755
cnv_depth__IBNLCO_04394__iclR__gene,0.009444564879428038,0.009444564879428038
cnv_depth__IBNLCO_03278__IBNLCO_03278__gene__promoter,0.009439190640889179,0.009439190640889179
cnv_depth__IBNLCO_02176__IBNLCO_02176__gene__promoter,-0.00943269522913046,0.00943269522913046
cnv_depth__IBNLCO_01179__IBNLCO_01179__gene,-0.009428186774051139,0.009428186774051139
cnv_depth__IBNLCO_04846__Sarcosine__CDS__promoter,-0.009426932841355094,0.009426932841355094
cnv_depth__IBNLCO_00423__IBNLCO_00423__gene__promoter,0.009423557426202378,0.009423557426202378
cnv_depth__IBNLCO_02937__IBNLCO_02937__gene,0.009416844713139968,0.009416844713139968
cnv_depth__IBNLCO_01218__mdtA__gene,-0.009416401006690053,0.009416401006690053
cnv_depth__IBNLCO_02494__IBNLCO_02494__gene,-0.009408062915921072,0.009408062915921072
cnv_depth__IBNLCO_02450__Protein__CDS,-0.009406448667770287,0.009406448667770287
cnv_depth__IBNLCO_01698__hypothetical__CDS__promoter,-0.009400360500907935,0.009400360500907935
cnv_depth__IBNLCO_00019__Efflux__CDS__promoter,-0.009399035852211782,0.009399035852211782
cnv_depth__IBNLCO_04992__Type__CDS__promoter,-0.0093969101656019,0.0093969101656019
cnv_depth__IBNLCO_05235__DUF2946__CDS,-0.00939265531323575,0.00939265531323575
cnv_depth__IBNLCO_04768__hypothetical__CDS,-0.009382384266207225,0.009382384266207225
cnv_depth__IBNLCO_00935__IBNLCO_00935__gene__promoter,-0.009381488785033552,0.009381488785033552
cnv_depth__IBNLCO_04159__IBNLCO_04159__gene__promoter,0.009375801864109537,0.009375801864109537
cnv_depth__IBNLCO_05256__IBNLCO_05256__gene__promoter,-0.009368912007975988,0.009368912007975988
cnv_depth__IBNLCO_03258__N-acetyl-gamma-glutamyl-phosphate__CDS__promoter,0.009366507423768376,0.009366507423768376
cnv_depth__IBNLCO_04334__IBNLCO_04334__gene,0.009361711780228328,0.009361711780228328
cnv_depth__IBNLCO_01907__IBNLCO_01907__gene__promoter,-0.009360348305538958,0.009360348305538958
cnv_depth__IBNLCO_00608__IBNLCO_00608__gene,-0.009359641970718398,0.009359641970718398
cnv_depth__IBNLCO_02715__Purine__CDS,0.009356024955371025,0.009356024955371025
cnv_depth__IBNLCO_01985__Thymidylate__CDS__promoter,-0.009354199037949755,0.009354199037949755
cnv_depth__IBNLCO_00507__rpoH__gene__promoter,0.00934791759943883,0.00934791759943883
cnv_depth__IBNLCO_02102__Modulator__CDS__promoter,-0.009345313796599922,0.009345313796599922
cnv_depth__IBNLCO_05211__IBNLCO_05211__gene__promoter,0.009344105212882953,0.009344105212882953
cnv_depth__IBNLCO_00619__IBNLCO_00619__gene,0.009339338320141395,0.009339338320141395
cnv_depth__IBNLCO_02262__IBNLCO_02262__gene__promoter,-0.009333786583931395,0.009333786583931395
cnv_depth__IBNLCO_01683__hypothetical__CDS__promoter,-0.009331630739711846,0.009331630739711846
cnv_depth__IBNLCO_00179__mreC__gene__promoter,0.00932364810120344,0.00932364810120344
cnv_depth__IBNLCO_00054__Short-chain__CDS__promoter,0.009323550513531374,0.009323550513531374
cnv_depth__IBNLCO_00674__IBNLCO_00674__gene__promoter,0.009321018290192353,0.009321018290192353
cnv_depth__IBNLCO_01269__DUF2239__CDS,0.009316134585485171,0.009316134585485171
cnv_depth__IBNLCO_00294__IBNLCO_00294__gene,-0.009309215724123835,0.009309215724123835
cnv_depth__IBNLCO_03256__Phosphatidylethanolamine-binding__CDS__promoter,0.00930700823532114,0.00930700823532114
cnv_depth__IBNLCO_02613__hypothetical__CDS,-0.009296294701895863,0.009296294701895863
cnv_depth__IBNLCO_02919__IBNLCO_02919__gene__promoter,0.009295396027449993,0.009295396027449993
cnv_depth__IBNLCO_03825__hypothetical__CDS__promoter,0.009292668538124401,0.009292668538124401
cnv_depth__IBNLCO_04746__IBNLCO_04746__gene__promoter,-0.009289447874865742,0.009289447874865742
cnv_depth__IBNLCO_03708__IBNLCO_03708__gene__promoter,0.009288411094949432,0.009288411094949432
cnv_depth__IBNLCO_05692__AsnC__CDS,0.009279969343116678,0.009279969343116678
cnv_depth__IBNLCO_01368__Two__CDS__promoter,0.009276561233616637,0.009276561233616637
cnv_depth__IBNLCO_04615__IBNLCO_04615__gene__promoter,-0.009275572989000221,0.009275572989000221
cnv_depth__IBNLCO_04092__hypothetical__CDS,0.009269775924877129,0.009269775924877129
cnv_depth__IBNLCO_04299__Taurine__CDS,-0.009268063920633755,0.009268063920633755
cnv_depth__IBNLCO_02462__IBNLCO_02462__gene,-0.00925896170530232,0.00925896170530232
cnv_depth__IBNLCO_01400__hypothetical__CDS,-0.00925490438500645,0.00925490438500645
cnv_depth__IBNLCO_00795__gnl|Bakta|IBNLCO_00795__CDS__promoter,0.009252291459273077,0.009252291459273077
cnv_depth__IBNLCO_04154__2-hydroxyhepta-2%2C4-diene-1%2C7-dioate__CDS,-0.009250213867344087,0.009250213867344087
cnv_depth__IBNLCO_02771__UDP-3-O-[3-hydroxymyristoyl]__CDS__promoter,-0.00924522997907104,0.00924522997907104
cnv_depth__IBNLCO_04860__Cardiolipin__CDS__promoter,0.00923757646530373,0.00923757646530373
cnv_depth__IBNLCO_01731__IBNLCO_01731__gene,-0.009237523854022062,0.009237523854022062
cnv_depth__IBNLCO_01411__luxR__gene__promoter,0.009235953277574503,0.009235953277574503
cnv_depth__IBNLCO_04943__NADPH--hemoprotein__CDS__promoter,-0.009233558321668493,0.009233558321668493
cnv_depth__IBNLCO_00358__IBNLCO_00358__gene__promoter,0.00923062886337226,0.00923062886337226
cnv_depth__IBNLCO_04947__IBNLCO_04947__gene__promoter,-0.009229590626742704,0.009229590626742704
cnv_depth__IBNLCO_02523__IBNLCO_02523__gene__promoter,-0.009226849191475034,0.009226849191475034
cnv_depth__IBNLCO_03718__IBNLCO_03718__gene__promoter,0.009226107184067522,0.009226107184067522
cnv_depth__IBNLCO_00492__IBNLCO_00492__gene,0.00922330068394683,0.00922330068394683
cnv_depth__IBNLCO_04318__IBNLCO_04318__gene__promoter,-0.009222678043905965,0.009222678043905965
cnv_depth__IBNLCO_01508__IBNLCO_01508__gene__promoter,-0.009217300131232125,0.009217300131232125
cnv_depth__IBNLCO_05519__N-acetylglucosamine-1-phosphate__CDS,0.009205774532373439,0.009205774532373439
cnv_depth__IBNLCO_05216__Aconitate__CDS__promoter,0.009205216240426218,0.009205216240426218
cnv_depth__IBNLCO_00095__RNA__CDS__promoter,-0.00920220067857883,0.00920220067857883
cnv_depth__IBNLCO_05456__IBNLCO_05456__gene__promoter,-0.009200306034550989,0.009200306034550989
cnv_depth__IBNLCO_05715__IBNLCO_05715__gene__promoter,0.009200224755188873,0.009200224755188873
cnv_depth__IBNLCO_00721__IBNLCO_00721__gene__promoter,0.009188184273964194,0.009188184273964194
cnv_depth__IBNLCO_03588__dbpA__gene__promoter,0.009187797607372,0.009187797607372
cnv_depth__IBNLCO_03309__cheA__gene__promoter,0.009186328580573593,0.009186328580573593
cnv_depth__IBNLCO_04837__IBNLCO_04837__gene,-0.009184036080654948,0.009184036080654948
cnv_depth__IBNLCO_02225__MBL__CDS,-0.009183970796401304,0.009183970796401304
cnv_depth__IBNLCO_04884__hypothetical__CDS,0.00917520640515899,0.00917520640515899
cnv_depth__IBNLCO_01052__putative__CDS__promoter,0.009174902135847408,0.009174902135847408
cnv_depth__IBNLCO_04236__Twin-arginine__CDS__promoter,0.009173060165258703,0.009173060165258703
cnv_depth__IBNLCO_05283__Mop__CDS,-0.009169386061523965,0.009169386061523965
cnv_depth__IBNLCO_02740__nrdR__gene,0.009162641350110981,0.009162641350110981
cnv_depth__IBNLCO_01500__IBNLCO_01500__gene,-0.009158300160145202,0.009158300160145202
cnv_depth__IBNLCO_03002__Cell__CDS__promoter,-0.009155577706489075,0.009155577706489075
cnv_depth__IBNLCO_04909__IBNLCO_04909__gene__promoter,-0.009153857689807936,0.009153857689807936
cnv_depth__IBNLCO_04273__IBNLCO_04273__gene__promoter,0.009152091138993705,0.009152091138993705
cnv_depth__IBNLCO_04038__High-affinity__CDS,0.00914801711451957,0.00914801711451957
cnv_depth__IBNLCO_02108__IBNLCO_02108__gene,-0.0091447232191285,0.0091447232191285
cnv_depth__IBNLCO_04258__gnl|Bakta|IBNLCO_04258__CDS,-0.009143704834429549,0.009143704834429549
cnv_depth__IBNLCO_05117__non-ribosomal__CDS__promoter,0.009141073442731702,0.009141073442731702
cnv_depth__IBNLCO_02499__RfaE__CDS__promoter,0.009139945822343272,0.009139945822343272
cnv_depth__IBNLCO_03017__ftsW__gene,0.009132570879700147,0.009132570879700147
cnv_depth__IBNLCO_05057__bcsG__gene,-0.009131294833968845,0.009131294833968845
cnv_depth__IBNLCO_04007__Membrane__CDS__promoter,0.00913051326427841,0.00913051326427841
cnv_depth__IBNLCO_00121__esaR__gene,0.009127753444225055,0.009127753444225055
cnv_depth__IBNLCO_02107__Peptidase__CDS__promoter,-0.009126144251375153,0.009126144251375153
cnv_depth__IBNLCO_01564__IBNLCO_01564__gene,-0.009123222719825495,0.009123222719825495
cnv_depth__IBNLCO_01371__hypothetical__CDS__promoter,-0.009115303631896545,0.009115303631896545
cnv_depth__IBNLCO_03310__chemotaxis__CDS,0.00911516441200033,0.00911516441200033
cnv_depth__IBNLCO_02307__IBNLCO_02307__gene,0.009112377763624172,0.009112377763624172
cnv_depth__IBNLCO_00055__Glucose-methanol-choline__CDS__promoter,-0.009107429676903108,0.009107429676903108
cnv_depth__IBNLCO_05718__IBNLCO_05718__gene,0.009104662556625157,0.009104662556625157
cnv_depth__IBNLCO_00186__IBNLCO_00186__gene__promoter,0.009100921720701413,0.009100921720701413
cnv_depth__IBNLCO_01163__NADH-quinone__CDS__promoter,-0.009098156440822515,0.009098156440822515
cnv_depth__IBNLCO_01147__2-isopropylmalate__CDS__promoter,-0.00909569240333361,0.00909569240333361
cnv_depth__IBNLCO_02397__Pirin__CDS,-0.009092816292450111,0.009092816292450111
cnv_depth__IBNLCO_02714__araC__gene,-0.009082938513638086,0.009082938513638086
cnv_depth__IBNLCO_05419__IBNLCO_05419__gene__promoter,0.009075612226920327,0.009075612226920327
cnv_depth__IBNLCO_03675__IBNLCO_03675__gene,0.00906985657940754,0.00906985657940754
cnv_depth__IBNLCO_02847__gnl|Bakta|IBNLCO_02847__CDS,-0.009069509885533063,0.009069509885533063
cnv_depth__IBNLCO_03667__IBNLCO_03667__gene,0.009055265157137553,0.009055265157137553
cnv_depth__IBNLCO_02209__hypothetical__CDS__promoter,-0.009052024871293224,0.009052024871293224
cnv_depth__IBNLCO_04663__IBNLCO_04663__gene__promoter,-0.009045314025439854,0.009045314025439854
cnv_depth__IBNLCO_01268__gnl|Bakta|IBNLCO_01268__CDS,-0.009043268814980097,0.009043268814980097
cnv_depth__IBNLCO_05300__lysE__gene__promoter,0.009043252110823892,0.009043252110823892
cnv_depth__IBNLCO_01269__IBNLCO_01269__gene__promoter,-0.00903597326195534,0.00903597326195534
cnv_depth__IBNLCO_04388__Ferredoxin__CDS__promoter,0.009029120455951525,0.009029120455951525
cnv_depth__IBNLCO_05800__IBNLCO_05800__gene,0.009024497159588436,0.009024497159588436
cnv_depth__IBNLCO_01060__VWA__CDS__promoter,0.00902184117677783,0.00902184117677783
cnv_depth__IBNLCO_02992__IBNLCO_02992__gene__promoter,-0.009021670531885876,0.009021670531885876
cnv_depth__IBNLCO_04511__IBNLCO_04511__gene__promoter,0.009021228873621273,0.009021228873621273
cnv_depth__IBNLCO_03296__flhF__gene,0.00901811027502245,0.00901811027502245
cnv_depth__IBNLCO_01355__IBNLCO_01355__gene__promoter,-0.009005316397761616,0.009005316397761616
cnv_depth__IBNLCO_02172__IBNLCO_02172__gene,0.0090040760939275,0.0090040760939275
cnv_depth__IBNLCO_02854__secD__gene__promoter,0.009004026004602048,0.009004026004602048
cnv_depth__IBNLCO_04740__IBNLCO_04740__gene__promoter,-0.008997848569052508,0.008997848569052508
cnv_depth__IBNLCO_04953__IBNLCO_04953__gene__promoter,-0.008994324545352091,0.008994324545352091
cnv_depth__IBNLCO_03309__cheA__gene,0.008991389481581097,0.008991389481581097
cnv_depth__IBNLCO_01547__IBNLCO_01547__gene__promoter,-0.008990167689131603,0.008990167689131603
cnv_depth__IBNLCO_00577__DUF262__CDS__promoter,0.008988457395682773,0.008988457395682773
cnv_depth__IBNLCO_05036__IBNLCO_05036__gene,-0.00898756085932932,0.00898756085932932
cnv_depth__IBNLCO_02456__Acyl-CoA__CDS,-0.008984819666376754,0.008984819666376754
cnv_depth__IBNLCO_01970__2-hydoxy-3-oxopropionate__CDS__promoter,-0.008978876971071343,0.008978876971071343
cnv_depth__IBNLCO_00431__IBNLCO_00431__gene__promoter,0.008978771274853733,0.008978771274853733
cnv_depth__IBNLCO_00825__gnl|Bakta|IBNLCO_00825__CDS,-0.008971674301250437,0.008971674301250437
cnv_depth__IBNLCO_03798__Insertion__CDS__promoter,-0.008968655584656841,0.008968655584656841
cnv_depth__IBNLCO_01571__HTH__CDS,-0.008960374617862392,0.008960374617862392
cnv_depth__IBNLCO_03607__NADPH2:quinone__CDS__promoter,-0.00895873464689608,0.00895873464689608
cnv_depth__IBNLCO_04098__Terpene__CDS,-0.008956983012615816,0.008956983012615816
cnv_depth__IBNLCO_02915__MFS__CDS__promoter,0.00895082382486504,0.00895082382486504
cnv_depth__IBNLCO_05520__Inner__CDS__promoter,-0.008949884672155779,0.008949884672155779
cnv_depth__IBNLCO_01354__gnl|Bakta|IBNLCO_01354__CDS,-0.008948272645381321,0.008948272645381321
cnv_depth__IBNLCO_04278__IBNLCO_04278__gene__promoter,-0.008947388554843998,0.008947388554843998
cnv_depth__IBNLCO_03109__Type__CDS__promoter,-0.008945237571931755,0.008945237571931755
cnv_depth__IBNLCO_03245__paaD__gene,0.008941944638481625,0.008941944638481625
cnv_depth__IBNLCO_04331__IBNLCO_04331__gene__promoter,-0.00894179721270224,0.00894179721270224
cnv_depth__IBNLCO_01288__IBNLCO_01288__gene__promoter,-0.008941161501527427,0.008941161501527427
cnv_depth__IBNLCO_02680__hypothetical__CDS__promoter,0.008940667475600645,0.008940667475600645
cnv_depth__IBNLCO_05207__Succinate__CDS,-0.008936752897897166,0.008936752897897166
cnv_depth__IBNLCO_01369__IBNLCO_01369__gene,0.008936549375024652,0.008936549375024652
cnv_depth__IBNLCO_00939__Phosphatidylglycerol--prolipoprotein__CDS__promoter,0.008935353046516416,0.008935353046516416
cnv_depth__IBNLCO_00217__hypothetical__CDS__promoter,0.008933441785712981,0.008933441785712981
cnv_depth__IBNLCO_00057__IBNLCO_00057__gene__promoter,-0.00892927741103666,0.00892927741103666
cnv_depth__IBNLCO_02470__gnl|Bakta|IBNLCO_02470__CDS,-0.008928045020353641,0.008928045020353641
cnv_depth__IBNLCO_01517__IBNLCO_01517__gene__promoter,-0.008927309894753167,0.008927309894753167
cnv_depth__IBNLCO_02208__Acetyl-coenzyme__CDS,-0.008921163117913885,0.008921163117913885
cnv_depth__IBNLCO_01135__IBNLCO_01135__gene__promoter,-0.008916310217534959,0.008916310217534959
cnv_depth__IBNLCO_01700__IBNLCO_01700__gene__promoter,-0.008914409323677095,0.008914409323677095
cnv_depth__IBNLCO_04801__HTH__CDS,-0.008912860010674786,0.008912860010674786
cnv_depth__IBNLCO_04788__IBNLCO_04788__gene__promoter,-0.008909856958359472,0.008909856958359472
cnv_depth__IBNLCO_02120__Isoprenyl__CDS,-0.008907957631826762,0.008907957631826762
cnv_depth__IBNLCO_00601__IBNLCO_00601__gene__promoter,-0.008907041761931047,0.008907041761931047
cnv_depth__IBNLCO_01108__IBNLCO_01108__gene,-0.008907019824800815,0.008907019824800815
cnv_depth__IBNLCO_05687__TadE-like__CDS__promoter,-0.00890488138809468,0.00890488138809468
cnv_depth__IBNLCO_00517__IBNLCO_00517__gene__promoter,0.008904419507656336,0.008904419507656336
cnv_depth__IBNLCO_01111__mabA__gene__promoter,-0.00889501972958966,0.00889501972958966
cnv_depth__IBNLCO_03267__2-hydroxy-3-oxopropionate__CDS__promoter,0.008893803664660504,0.008893803664660504
cnv_depth__IBNLCO_01573__IBNLCO_01573__gene,-0.008887332721236804,0.008887332721236804
cnv_depth__IBNLCO_05118__IBNLCO_05118__gene,0.008883591802992235,0.008883591802992235
cnv_depth__IBNLCO_00371__IBNLCO_00371__gene,0.008880898664586712,0.008880898664586712
cnv_depth__IBNLCO_01993__IBNLCO_01993__gene__promoter,0.008880866594954729,0.008880866594954729
cnv_depth__IBNLCO_02115__Chaperone__CDS__promoter,-0.008871014609574828,0.008871014609574828
cnv_depth__IBNLCO_00733__lysR__gene,0.008863931227407917,0.008863931227407917
cnv_depth__IBNLCO_02155__(S)-2-haloacid__CDS,-0.00885727701039989,0.00885727701039989
cnv_depth__IBNLCO_02187__IBNLCO_02187__gene__promoter,-0.008854889278394269,0.008854889278394269
cnv_depth__IBNLCO_03435__xerC__gene__promoter,-0.008853204412033897,0.008853204412033897
cnv_depth__IBNLCO_01358__IBNLCO_01358__gene__promoter,-0.008853202168379266,0.008853202168379266
cnv_depth__IBNLCO_02468__Dual-action__CDS,-0.00885129205313638,0.00885129205313638
cnv_depth__IBNLCO_01370__Fels-1__CDS__promoter,0.008845698659580925,0.008845698659580925
cnv_depth__IBNLCO_02127__hypothetical__CDS__promoter,-0.008844737642480067,0.008844737642480067
cnv_depth__IBNLCO_04548__Adenosine__CDS__promoter,-0.008841701934923821,0.008841701934923821
cnv_depth__IBNLCO_01918__Bile__CDS__promoter,-0.008838784939246657,0.008838784939246657
cnv_depth__IBNLCO_05726__CBS__CDS,-0.008830108065541018,0.008830108065541018
cnv_depth__IBNLCO_01373__hypothetical__CDS__promoter,0.008818877476061956,0.008818877476061956
cnv_depth__IBNLCO_01781__hypothetical__CDS__promoter,-0.00881830395617123,0.00881830395617123
cnv_depth__IBNLCO_02191__TupA-like__CDS,0.008814905077601217,0.008814905077601217
cnv_depth__IBNLCO_04600__IBNLCO_04600__gene,-0.008813313644913678,0.008813313644913678
cnv_depth__IBNLCO_04535__Metabolite__CDS__promoter,0.00881228656123325,0.00881228656123325
cnv_depth__IBNLCO_04267__H-NS-like__CDS__promoter,-0.008809596314275022,0.008809596314275022
cnv_depth__IBNLCO_01449__gnl|Bakta|IBNLCO_01449__CDS__promoter,-0.008808602198182037,0.008808602198182037
cnv_depth__IBNLCO_02773__wcbQ__gene__promoter,-0.008808146112627742,0.008808146112627742
cnv_depth__IBNLCO_05101__Hypersensitivity__CDS,-0.008806410475680905,0.008806410475680905
cnv_depth__IBNLCO_01334__sixA__gene__promoter,-0.008797541497615607,0.008797541497615607
cnv_depth__IBNLCO_01886__Pseudouridine__CDS__promoter,-0.008780666078311211,0.008780666078311211
cnv_depth__IBNLCO_00288__IBNLCO_00288__gene,-0.008775108577728138,0.008775108577728138
cnv_depth__IBNLCO_03064__GP-PDE__CDS,0.008768677735924263,0.008768677735924263
cnv_depth__IBNLCO_05230__Spermidine/putrescine__CDS,0.008768067818799416,0.008768067818799416
cnv_depth__IBNLCO_04942__IBNLCO_04942__gene,-0.008761908708050008,0.008761908708050008
cnv_depth__IBNLCO_02219__tnp__gene__promoter,-0.008757648633329135,0.008757648633329135
cnv_depth__IBNLCO_02182__IBNLCO_02182__gene,-0.008755579805157666,0.008755579805157666
cnv_depth__IBNLCO_02976__Adenosine__CDS,0.008754113472335595,0.008754113472335595
cnv_depth__IBNLCO_03609__LysR__CDS__promoter,0.008746321376880164,0.008746321376880164
cnv_depth__IBNLCO_03181__ccsB__gene__promoter,-0.00874315401249508,0.00874315401249508
cnv_depth__IBNLCO_01104__Ribosomal__CDS__promoter,0.008739723175049143,0.008739723175049143
cnv_depth__IBNLCO_05186__Tryptophan__CDS,-0.008739263926747835,0.008739263926747835
cnv_depth__IBNLCO_01954__IBNLCO_01954__gene__promoter,-0.008737057278519311,0.008737057278519311
cnv_depth__IBNLCO_02921__IBNLCO_02921__gene__promoter,0.008737013819384845,0.008737013819384845
cnv_depth__IBNLCO_01873__Iron__CDS__promoter,-0.00873242004893893,0.00873242004893893
cnv_depth__IBNLCO_02897__Betaproteobacteria_toxic_sRNA__gene,0.008727468056521559,0.008727468056521559
cnv_depth__IBNLCO_02454__Multidrug__CDS__promoter,-0.008724355995212159,0.008724355995212159
cnv_depth__IBNLCO_00487__IBNLCO_00487__gene__promoter,0.008723560226174988,0.008723560226174988
cnv_depth__IBNLCO_04413__IBNLCO_04413__gene,0.008719504775724916,0.008719504775724916
cnv_depth__IBNLCO_03931__HTH__CDS,0.008717889057107103,0.008717889057107103
cnv_depth__IBNLCO_04882__Secretion__CDS__promoter,0.008715953742009898,0.008715953742009898
cnv_depth__IBNLCO_04646__IBNLCO_04646__gene__promoter,-0.008710670819249342,0.008710670819249342
cnv_depth__IBNLCO_04726__IBNLCO_04726__gene,0.008709442026097096,0.008709442026097096
cnv_depth__IBNLCO_01484__3-oxoadipate__CDS__promoter,-0.008704036073607724,0.008704036073607724
cnv_depth__IBNLCO_03600__IBNLCO_03600__gene,0.008703646963263336,0.008703646963263336
cnv_depth__IBNLCO_04485__hypothetical__CDS,-0.008693059099400345,0.008693059099400345
cnv_depth__IBNLCO_04166__Iron__CDS__promoter,0.008685761358076943,0.008685761358076943
cnv_depth__IBNLCO_01745__doxX__gene__promoter,0.008678464608162094,0.008678464608162094
cnv_depth__IBNLCO_05330__UDP-glucose:undecaprenyl-phosphate__CDS__promoter,0.00867365347226723,0.00867365347226723
cnv_depth__IBNLCO_02830__phnE__gene,-0.008673234929807726,0.008673234929807726
cnv_depth__IBNLCO_04973__Autotransporter__CDS__promoter,0.008672229875805793,0.008672229875805793
cnv_depth__IBNLCO_05054__Taurine__CDS__promoter,0.008670592207700773,0.008670592207700773
cnv_depth__IBNLCO_05798__IBNLCO_05798__gene__promoter,0.008667566066943867,0.008667566066943867
cnv_depth__IBNLCO_02898__IBNLCO_02898__gene,-0.00866529015165548,0.00866529015165548
cnv_depth__IBNLCO_03776__metI__gene__promoter,0.008657548142408768,0.008657548142408768
cnv_depth__IBNLCO_01538__Pilus__CDS,-0.008650527552951736,0.008650527552951736
cnv_depth__IBNLCO_02030__IBNLCO_02030__gene__promoter,-0.008648400643260903,0.008648400643260903
cnv_depth__IBNLCO_05671__IBNLCO_05671__gene__promoter,-0.008642734550664265,0.008642734550664265
cnv_depth__IBNLCO_04896__HTH__CDS,-0.00863308354788378,0.00863308354788378
cnv_depth__IBNLCO_04287__histidine__CDS,-0.008624700035595668,0.008624700035595668
cnv_depth__IBNLCO_03369__MFS__CDS__promoter,0.008624673433994876,0.008624673433994876
cnv_depth__IBNLCO_00897__Large__CDS,-0.008622306240343705,0.008622306240343705
cnv_depth__IBNLCO_04713__IBNLCO_04713__gene__promoter,-0.008621650629021484,0.008621650629021484
cnv_depth__IBNLCO_02676__IBNLCO_02676__gene__promoter,0.008618529144358419,0.008618529144358419
cnv_depth__IBNLCO_02849__IBNLCO_02849__gene,-0.008614833435138112,0.008614833435138112
cnv_depth__IBNLCO_03264__IBNLCO_03264__gene__promoter,0.008612618231857997,0.008612618231857997
cnv_depth__IBNLCO_05168__IBNLCO_05168__gene__promoter,0.008611211935054874,0.008611211935054874
cnv_depth__IBNLCO_03924__ydcV__gene__promoter,0.008611201131084309,0.008611201131084309
cnv_depth__IBNLCO_03255__Orotate__CDS__promoter,-0.008610519115580272,0.008610519115580272
cnv_depth__IBNLCO_01969__2-oxo-tetronate__CDS__promoter,-0.008607260129439196,0.008607260129439196
cnv_depth__IBNLCO_05352__Phosphoglycerate__CDS,0.008607070160591581,0.008607070160591581
cnv_depth__IBNLCO_02927__Biopolymer__CDS,0.00859078346123095,0.00859078346123095
cnv_depth__IBNLCO_04206__Beta-alanine--pyruvate__CDS__promoter,0.008590661454046793,0.008590661454046793
cnv_depth__IBNLCO_03834__ncS011__gene,0.008586565841042707,0.008586565841042707
cnv_depth__IBNLCO_00607__IBNLCO_00607__gene__promoter,0.008584944949316274,0.008584944949316274
cnv_depth__IBNLCO_05730__IBNLCO_05730__gene__promoter,0.008584884484949226,0.008584884484949226
cnv_depth__IBNLCO_00666__IBNLCO_00666__gene__promoter,0.008580087790066197,0.008580087790066197
cnv_depth__IBNLCO_04904__Aspartyl/asparaginy/proline__CDS__promoter,-0.008567849081292872,0.008567849081292872
cnv_depth__IBNLCO_01281__L-gulonate__CDS,-0.008567682568613354,0.008567682568613354
cnv_depth__IBNLCO_04705__Nitrate/nitrite__CDS__promoter,-0.008565665472409592,0.008565665472409592
cnv_depth__IBNLCO_03103__Type__CDS,-0.008564409090964198,0.008564409090964198
cnv_depth__IBNLCO_02211__hypothetical__CDS,-0.008560138879032272,0.008560138879032272
cnv_depth__IBNLCO_00728__Phytanoyl-CoA__CDS,0.00855354976668088,0.00855354976668088
cnv_depth__IBNLCO_03911__hypothetical__CDS,-0.00855255084033245,0.00855255084033245
cnv_depth__IBNLCO_04897__L-threonate__CDS__promoter,-0.008549996091570535,0.008549996091570535
cnv_depth__IBNLCO_00478__IBNLCO_00478__gene,0.008542297051007161,0.008542297051007161
cnv_depth__IBNLCO_05630__lktB__gene__promoter,0.008534013262365884,0.008534013262365884
cnv_depth__IBNLCO_04312__UDP-glucose__CDS,0.008532785926356564,0.008532785926356564
cnv_depth__IBNLCO_01706__Arginine/ornithine__CDS,-0.008530150046258561,0.008530150046258561
cnv_depth__IBNLCO_00940__Periplasmic__CDS__promoter,0.008529704486471001,0.008529704486471001
cnv_depth__IBNLCO_01747__Transmembrane__CDS__promoter,-0.008529621890186382,0.008529621890186382
cnv_depth__IBNLCO_04190__3-oxoacyl-[acyl-carrier-protein]__CDS,-0.008524836328151692,0.008524836328151692
cnv_depth__IBNLCO_03932__Gamma-glutamyl-gamma-aminobutyraldehyde__CDS,-0.008524589894672939,0.008524589894672939
cnv_depth__IBNLCO_01424__Ornithine__CDS,0.00852441490548691,0.00852441490548691
cnv_depth__IBNLCO_04606__IBNLCO_04606__gene,-0.008518388237152742,0.008518388237152742
cnv_depth__IBNLCO_02795__IBNLCO_02795__gene,-0.008509954977749661,0.008509954977749661
cnv_depth__IBNLCO_04856__IBNLCO_04856__gene__promoter,-0.008508691809203366,0.008508691809203366
cnv_depth__IBNLCO_03620__IraD/Gp25-like__CDS__promoter,0.008506450786474037,0.008506450786474037
cnv_depth__IBNLCO_00110__DNA-binding__CDS,-0.008505699570495505,0.008505699570495505
cnv_depth__IBNLCO_05817__mlaC__gene__promoter,0.008504997014462475,0.008504997014462475
cnv_depth__IBNLCO_05034__IBNLCO_05034__gene,-0.008500623994359057,0.008500623994359057
cnv_depth__IBNLCO_04868__gnl|Bakta|IBNLCO_04868__CDS__promoter,0.008499753369052522,0.008499753369052522
cnv_depth__IBNLCO_00587__IBNLCO_00587__gene__promoter,-0.00849911895824095,0.00849911895824095
cnv_depth__IBNLCO_00875__IBNLCO_00875__gene__promoter,0.008499078609505363,0.008499078609505363
cnv_depth__IBNLCO_05682__IBNLCO_05682__gene,0.008498849337874875,0.008498849337874875
cnv_depth__IBNLCO_02944__IBNLCO_02944__gene,0.008498601076144146,0.008498601076144146
cnv_depth__IBNLCO_03322__fliC__gene,0.008496179830511976,0.008496179830511976
cnv_depth__IBNLCO_04164__IBNLCO_04164__gene,0.00848368330818198,0.00848368330818198
cnv_depth__IBNLCO_02841__IBNLCO_02841__gene__promoter,-0.00847921136591978,0.00847921136591978
cnv_depth__IBNLCO_01140__IBNLCO_01140__gene__promoter,-0.008478668689068368,0.008478668689068368
cnv_depth__IBNLCO_00392__IBNLCO_00392__gene__promoter,0.008478217952312192,0.008478217952312192
cnv_depth__IBNLCO_04885__sctQ__gene__promoter,0.008478015564254046,0.008478015564254046
cnv_depth__IBNLCO_02007__IBNLCO_02007__gene__promoter,0.008471022572166524,0.008471022572166524
cnv_depth__IBNLCO_04684__Cytochrome__CDS__promoter,-0.008468950284762824,0.008468950284762824
cnv_depth__IBNLCO_02514__ssrA__gene__promoter,-0.008467581563136463,0.008467581563136463
cnv_depth__IBNLCO_00482__IBNLCO_00482__gene__promoter,0.00846365324886459,0.00846365324886459
cnv_depth__IBNLCO_01893__putative__CDS,0.008457892861891686,0.008457892861891686
cnv_depth__IBNLCO_03996__Multidrug__CDS__promoter,0.008457275226185869,0.008457275226185869
cnv_depth__IBNLCO_03511__IBNLCO_03511__gene,0.008455660635054653,0.008455660635054653
cnv_depth__IBNLCO_01920__ybaB__gene,0.008452174132677355,0.008452174132677355
cnv_depth__IBNLCO_02997__corB__gene,-0.008449707860322713,0.008449707860322713
cnv_depth__IBNLCO_03931__IBNLCO_03931__gene__promoter,0.00844591600362699,0.00844591600362699
cnv_depth__IBNLCO_00242__L-2-hydroxyglutarate__CDS__promoter,0.008444755260938153,0.008444755260938153
cnv_depth__IBNLCO_01333__trnP__gene__promoter,-0.0084411858569229,0.0084411858569229
cnv_depth__IBNLCO_00842__Long-chain-fatty-acid--CoA__CDS,-0.008437758313820768,0.008437758313820768
cnv_depth__IBNLCO_00701__mnmH__gene,-0.0084370938778204,0.0084370938778204
cnv_depth__IBNLCO_00861__IBNLCO_00861__gene__promoter,-0.008430507941858512,0.008430507941858512
cnv_depth__IBNLCO_04624__IBNLCO_04624__gene__promoter,0.00842886152137444,0.00842886152137444
cnv_depth__IBNLCO_02436__hypothetical__CDS,0.008426283910853382,0.008426283910853382
cnv_depth__IBNLCO_05016__SctQ__CDS,0.008425038261010999,0.008425038261010999
cnv_depth__IBNLCO_04566__N-demethylindolmycin__CDS__promoter,-0.008418664113405194,0.008418664113405194
cnv_depth__IBNLCO_00257__IBNLCO_00257__gene,-0.00841321705462104,0.00841321705462104
cnv_depth__IBNLCO_01398__mntH__gene,0.008408652150253595,0.008408652150253595
cnv_depth__IBNLCO_00094__Glutamate--cysteine__CDS__promoter,-0.008408290498475256,0.008408290498475256
cnv_depth__IBNLCO_05097__Type__CDS__promoter,-0.008406265742602623,0.008406265742602623
cnv_depth__IBNLCO_04387__IBNLCO_04387__gene__promoter,0.008405256080967715,0.008405256080967715
cnv_depth__IBNLCO_04769__DUF4365__CDS,-0.00840459278043365,0.00840459278043365
cnv_depth__IBNLCO_04614__hypothetical__CDS,-0.008402080597696076,0.008402080597696076
cnv_depth__IBNLCO_05328__gnl|Bakta|IBNLCO_05328__CDS,-0.008401873332169976,0.008401873332169976
cnv_depth__IBNLCO_02870__IBNLCO_02870__gene,-0.008401076655283859,0.008401076655283859
cnv_depth__IBNLCO_02008__IBNLCO_02008__gene__promoter,0.00839745955871175,0.00839745955871175
cnv_depth__IBNLCO_01916__IBNLCO_01916__gene__promoter,-0.008396627303635135,0.008396627303635135
cnv_depth__IBNLCO_02255__Co-chaperone__CDS,-0.008393142477145444,0.008393142477145444
cnv_depth__IBNLCO_02015__Insertion__CDS__promoter,0.008392897147443417,0.008392897147443417
cnv_depth__IBNLCO_02815__NAD__CDS,0.008392052270977998,0.008392052270977998
cnv_depth__IBNLCO_01673__phosphoribosylglycinamide__CDS,-0.008391972728266734,0.008391972728266734
cnv_depth__IBNLCO_01259__IBNLCO_01259__gene__promoter,-0.008386057792180194,0.008386057792180194
cnv_depth__IBNLCO_00166__hypothetical__CDS,0.008384009325557409,0.008384009325557409
cnv_depth__IBNLCO_01401__IBNLCO_01401__gene__promoter,-0.008383615948303592,0.008383615948303592
cnv_depth__IBNLCO_00027__fliM__gene__promoter,-0.008378463731865292,0.008378463731865292
cnv_depth__IBNLCO_00470__lktB__gene__promoter,0.008372211206725889,0.008372211206725889
cnv_depth__IBNLCO_03803__2-aminoethylphosphonate--pyruvate__CDS__promoter,-0.008361862685329513,0.008361862685329513
cnv_depth__IBNLCO_00188__IBNLCO_00188__gene,0.008361414753514918,0.008361414753514918
cnv_depth__IBNLCO_01141__RNA__CDS,-0.00835774630358059,0.00835774630358059
cnv_depth__IBNLCO_01399__IBNLCO_01399__gene,-0.008354662230102448,0.008354662230102448
cnv_depth__IBNLCO_01983__Phosphinothricin__CDS__promoter,-0.008353366522951223,0.008353366522951223
cnv_depth__IBNLCO_04496__pksF__gene,-0.008348835964981288,0.008348835964981288
cnv_depth__IBNLCO_03970__IBNLCO_03970__gene,0.008340059546603818,0.008340059546603818
cnv_depth__IBNLCO_02737__pilW__gene,-0.008333907000223196,0.008333907000223196
cnv_depth__IBNLCO_01326__Bacteriophage__CDS,-0.00833307630227087,0.00833307630227087
cnv_depth__IBNLCO_04071__NADPH-dependent__CDS,0.008331998882559923,0.008331998882559923
cnv_depth__IBNLCO_00548__IBNLCO_00548__gene,-0.008331227448468842,0.008331227448468842
cnv_depth__IBNLCO_01407__IBNLCO_01407__gene,0.008330265878513063,0.008330265878513063
cnv_depth__IBNLCO_02238__Cell__CDS,-0.008325781414701562,0.008325781414701562
cnv_depth__IBNLCO_00279__IBNLCO_00279__gene__promoter,-0.008312653211295644,0.008312653211295644
cnv_depth__IBNLCO_00978__IBNLCO_00978__gene__promoter,-0.00831144839944811,0.00831144839944811
cnv_depth__IBNLCO_00330__IBNLCO_00330__gene,-0.008310067797210104,0.008310067797210104
cnv_depth__IBNLCO_02138__IBNLCO_02138__gene__promoter,-0.008304935669383605,0.008304935669383605
cnv_depth__IBNLCO_01095__IBNLCO_01095__gene,-0.008304473165250435,0.008304473165250435
cnv_depth__IBNLCO_00798__IBNLCO_00798__gene,0.008304183496008147,0.008304183496008147
cnv_depth__IBNLCO_03307__tsr__gene__promoter,0.008300253517965749,0.008300253517965749
cnv_depth__IBNLCO_03595__IBNLCO_03595__gene__promoter,-0.008300115735530739,0.008300115735530739
cnv_depth__IBNLCO_02148__IBNLCO_02148__gene__promoter,0.008296365590255175,0.008296365590255175
cnv_depth__IBNLCO_02999__pilC__gene,0.008292859396303713,0.008292859396303713
cnv_depth__IBNLCO_03701__IBNLCO_03701__gene,0.008289680267621441,0.008289680267621441
cnv_depth__IBNLCO_05375__MaoC-like__CDS__promoter,-0.008282279880483925,0.008282279880483925
cnv_depth__IBNLCO_01287__Malonate__CDS,-0.008280341665231467,0.008280341665231467
cnv_depth__IBNLCO_00876__IBNLCO_00876__gene__promoter,0.00827979623894472,0.00827979623894472
cnv_depth__IBNLCO_00060__IBNLCO_00060__gene,-0.008272714575932578,0.008272714575932578
cnv_depth__IBNLCO_05666__IBNLCO_05666__gene,-0.008261706738723978,0.008261706738723978
cnv_depth__IBNLCO_04143__IBNLCO_04143__gene,-0.008260293535150174,0.008260293535150174
cnv_depth__IBNLCO_02399__IBNLCO_02399__gene__promoter,0.00825267309692334,0.00825267309692334
cnv_depth__IBNLCO_02000__msrB__gene__promoter,0.008248720990798718,0.008248720990798718
cnv_depth__IBNLCO_05659__IBNLCO_05659__gene__promoter,-0.00824529657788195,0.00824529657788195
cnv_depth__IBNLCO_00978__Pili__CDS,-0.008237018381606391,0.008237018381606391
cnv_depth__IBNLCO_03431__IBNLCO_03431__gene,-0.008227972505080153,0.008227972505080153
cnv_depth__IBNLCO_05034__Neutral__CDS__promoter,0.008225960099197868,0.008225960099197868
cnv_depth__IBNLCO_01255__IBNLCO_01255__gene__promoter,-0.00822477362328219,0.00822477362328219
cnv_depth__IBNLCO_01656__Putative__CDS,-0.008223564674955346,0.008223564674955346
cnv_depth__IBNLCO_03439__L-threonine__CDS__promoter,-0.00822283736860594,0.00822283736860594
cnv_depth__IBNLCO_01906__4-hydroxy-3-methylbut-2-en-1-yl__CDS__promoter,-0.008207955805592106,0.008207955805592106
cnv_depth__IBNLCO_04587__IBNLCO_04587__gene,-0.008205667143487742,0.008205667143487742
cnv_depth__IBNLCO_02287__Sensory__CDS__promoter,-0.008200673298448478,0.008200673298448478
cnv_depth__IBNLCO_05814__ABC__CDS__promoter,0.008200224264463006,0.008200224264463006
cnv_depth__IBNLCO_00464__IBNLCO_00464__gene,-0.008199966547840635,0.008199966547840635
cnv_depth__IBNLCO_02546__gnl|Bakta|IBNLCO_02546__CDS__promoter,0.00819704377130055,0.00819704377130055
cnv_depth__IBNLCO_01198__IBNLCO_01198__gene__promoter,0.008195559457212379,0.008195559457212379
cnv_depth__IBNLCO_03049__IBNLCO_03049__gene,-0.008195122068651499,0.008195122068651499
cnv_depth__IBNLCO_04043__IBNLCO_04043__gene__promoter,-0.00819443781160392,0.00819443781160392
cnv_depth__IBNLCO_01352__SAM-dependent__CDS,-0.00818840563251536,0.00818840563251536
cnv_depth__IBNLCO_00374__Carbonic__CDS,-0.008187329264734318,0.008187329264734318
cnv_depth__IBNLCO_02896__IBNLCO_02896__gene,0.008186623584157888,0.008186623584157888
cnv_depth__IBNLCO_04918__hypothetical__CDS__promoter,-0.008186404943161373,0.008186404943161373
cnv_depth__IBNLCO_00521__IBNLCO_00521__gene,-0.00818527510318664,0.00818527510318664
cnv_depth__IBNLCO_05194__IBNLCO_05194__gene__promoter,0.008178595184719174,0.008178595184719174
cnv_depth__IBNLCO_03462__Methyltransferase__CDS,0.008174481213800116,0.008174481213800116
cnv_depth__IBNLCO_04711__gnl|Bakta|IBNLCO_04711__CDS,-0.008172418642862958,0.008172418642862958
cnv_depth__IBNLCO_01090__MFS__CDS__promoter,-0.008172092592909807,0.008172092592909807
cnv_depth__IBNLCO_04330__IBNLCO_04330__gene,-0.008170135841507449,0.008170135841507449
cnv_depth__IBNLCO_03214__Large__CDS,0.008164443142154003,0.008164443142154003
cnv_depth__IBNLCO_02742__aabA__gene,-0.008160861626473705,0.008160861626473705
cnv_depth__IBNLCO_04342__dmlR__gene,-0.008150402918852193,0.008150402918852193
cnv_depth__IBNLCO_04633__IBNLCO_04633__gene,-0.008149744041502602,0.008149744041502602
cnv_depth__IBNLCO_05683__IBNLCO_05683__gene__promoter,0.008143174697387909,0.008143174697387909
cnv_depth__IBNLCO_01874__IBNLCO_01874__gene,0.008137974312525744,0.008137974312525744
cnv_depth__IBNLCO_02887__Phosphoglycerate__CDS,-0.00812679510724518,0.00812679510724518
cnv_depth__IBNLCO_03265__IBNLCO_03265__gene,0.008125613178419663,0.008125613178419663
cnv_depth__IBNLCO_00778__N5-carboxyaminoimidazole__CDS,-0.00812539924381825,0.00812539924381825
cnv_depth__IBNLCO_00115__IBNLCO_00115__gene__promoter,0.008123455146903935,0.008123455146903935
cnv_depth__IBNLCO_02834__phnL__gene,-0.00812299822907599,0.00812299822907599
cnv_depth__IBNLCO_01690__Cobalt-precorrin-5B__CDS__promoter,0.008120576881868359,0.008120576881868359
cnv_depth__IBNLCO_02216__tRNA__CDS,-0.008118183457369624,0.008118183457369624
cnv_depth__IBNLCO_01152__Small__CDS,-0.008117191242596994,0.008117191242596994
cnv_depth__IBNLCO_01715__IBNLCO_01715__gene,-0.008114218609376573,0.008114218609376573
cnv_depth__IBNLCO_03924__Inner__CDS,0.008111314275905073,0.008111314275905073
cnv_depth__IBNLCO_04725__IBNLCO_04725__gene,0.00810742638677636,0.00810742638677636
cnv_depth__IBNLCO_02764__Undecaprenyl-phosphate__CDS__promoter,-0.008107362805397792,0.008107362805397792
cnv_depth__IBNLCO_03967__phosphoenolpyruvate__CDS,-0.008106483065843181,0.008106483065843181
cnv_depth__IBNLCO_03669__IBNLCO_03669__gene,0.008101462217959737,0.008101462217959737
cnv_depth__IBNLCO_03374__Small-conductance__CDS__promoter,0.008101116976987743,0.008101116976987743
cnv_depth__IBNLCO_00015__hypothetical__CDS,0.008100133642767736,0.008100133642767736
cnv_depth__IBNLCO_05198__IBNLCO_05198__gene__promoter,0.008098131548152868,0.008098131548152868
cnv_depth__IBNLCO_04237__gerE__gene__promoter,-0.008093438519884484,0.008093438519884484
cnv_depth__IBNLCO_01516__IBNLCO_01516__gene,-0.008089197708937637,0.008089197708937637
cnv_depth__IBNLCO_05503__IBNLCO_05503__gene__promoter,0.008077079408208012,0.008077079408208012
cnv_depth__IBNLCO_01729__IBNLCO_01729__gene,-0.008075358662648484,0.008075358662648484
cnv_depth__IBNLCO_05094__IBNLCO_05094__gene__promoter,-0.008074465101406933,0.008074465101406933
cnv_depth__IBNLCO_03222__DNA__CDS,0.008073436570318107,0.008073436570318107
cnv_depth__IBNLCO_01942__Homoserine__CDS__promoter,-0.008069922640264852,0.008069922640264852
cnv_depth__IBNLCO_04594__2%2C4-dienoyl-CoA__CDS,-0.008067534116909999,0.008067534116909999
cnv_depth__IBNLCO_01561__IBNLCO_01561__gene,-0.008063286867158901,0.008063286867158901
cnv_depth__IBNLCO_04917__IBNLCO_04917__gene,-0.008061139408312252,0.008061139408312252
cnv_depth__IBNLCO_00612__IBNLCO_00612__gene,-0.008060727017493961,0.008060727017493961
cnv_depth__IBNLCO_05360__Isonitrile__CDS,-0.00805395385313622,0.00805395385313622
cnv_depth__IBNLCO_04993__type__CDS__promoter,-0.008052445778009683,0.008052445778009683
cnv_depth__IBNLCO_02464__hypothetical__CDS__promoter,-0.008050503414370124,0.008050503414370124
cnv_depth__IBNLCO_04949__IBNLCO_04949__gene__promoter,0.008047739639280023,0.008047739639280023
cnv_depth__IBNLCO_05323__IBNLCO_05323__gene,0.008044404907200655,0.008044404907200655
cnv_depth__IBNLCO_04712__IBNLCO_04712__gene,0.008043469634871105,0.008043469634871105
cnv_depth__IBNLCO_00387__IBNLCO_00387__gene__promoter,0.008042361812356945,0.008042361812356945
cnv_depth__IBNLCO_04966__ncS54__gene__promoter,0.00803862830739442,0.00803862830739442
cnv_depth__IBNLCO_00698__IBNLCO_00698__gene,-0.008038130906689391,0.008038130906689391
cnv_depth__IBNLCO_02115__IBNLCO_02115__gene,-0.008034358378786674,0.008034358378786674
cnv_depth__IBNLCO_03912__IBNLCO_03912__gene__promoter,0.008031708626464166,0.008031708626464166
cnv_depth__IBNLCO_04808__IBNLCO_04808__gene,-0.008026690437818848,0.008026690437818848
cnv_depth__IBNLCO_01404__IBNLCO_01404__gene__promoter,0.008024491688492064,0.008024491688492064
cnv_depth__IBNLCO_00278__flgL__gene__promoter,-0.008023620778069014,0.008023620778069014
cnv_depth__IBNLCO_02170__Inner__CDS__promoter,0.008021262415139329,0.008021262415139329
cnv_depth__IBNLCO_02980__Ribonucleoside-diphosphate__CDS__promoter,0.008020828180865747,0.008020828180865747
cnv_depth__IBNLCO_00896__IBNLCO_00896__gene__promoter,-0.008016236732516602,0.008016236732516602
cnv_depth__IBNLCO_01578__IBNLCO_01578__gene__promoter,0.008014069067855062,0.008014069067855062
cnv_depth__IBNLCO_04026__3-dehydrocarnitine:acetyl-CoA__CDS__promoter,-0.008008906569430112,0.008008906569430112
cnv_depth__IBNLCO_00435__Ammonium__CDS__promoter,-0.00800685246908451,0.00800685246908451
cnv_depth__IBNLCO_04956__HTH__CDS,0.008003419552644107,0.008003419552644107
cnv_depth__IBNLCO_02035__IBNLCO_02035__gene,0.008003380993554752,0.008003380993554752
cnv_depth__IBNLCO_03827__4Fe-4S__CDS__promoter,-0.007999111946998028,0.007999111946998028
cnv_depth__IBNLCO_02503__IBNLCO_02503__gene__promoter,0.00799864709409251,0.00799864709409251
cnv_depth__IBNLCO_01416__Enoyl-[acyl-carrier-protein]__CDS__promoter,-0.007998242614699612,0.007998242614699612
cnv_depth__IBNLCO_02306__IBNLCO_02306__gene__promoter,0.007998234561670828,0.007998234561670828
cnv_depth__IBNLCO_03964__IBNLCO_03964__gene,-0.007996931083469406,0.007996931083469406
cnv_depth__IBNLCO_02433__hypothetical__CDS__promoter,0.007996628500180571,0.007996628500180571
cnv_depth__IBNLCO_05634__HTH__CDS__promoter,-0.00799390462570511,0.00799390462570511
cnv_depth__IBNLCO_02469__mogA__gene__promoter,-0.00799210846947759,0.00799210846947759
cnv_depth__IBNLCO_00625__IBNLCO_00625__gene__promoter,-0.007991092571405801,0.007991092571405801
cnv_depth__IBNLCO_02734__IBNLCO_02734__gene,0.007990502590292598,0.007990502590292598
cnv_depth__IBNLCO_00725__Two-component__CDS__promoter,-0.00798953010800426,0.00798953010800426
cnv_depth__IBNLCO_01003__Two-component__CDS,-0.007986469524598023,0.007986469524598023
cnv_depth__IBNLCO_00996__Outer__CDS,0.007986141252752406,0.007986141252752406
cnv_depth__IBNLCO_03382__IBNLCO_03382__gene,0.007984772676307584,0.007984772676307584
cnv_depth__IBNLCO_02982__ampD__gene__promoter,0.007984045810571024,0.007984045810571024
cnv_depth__IBNLCO_02062__IBNLCO_02062__gene__promoter,-0.00798216576113532,0.00798216576113532
cnv_depth__IBNLCO_00212__IBNLCO_00212__gene__promoter,-0.007981842053543627,0.007981842053543627
cnv_depth__IBNLCO_05307__Linear__CDS,-0.007979026588039277,0.007979026588039277
cnv_depth__IBNLCO_01225__Cysteine__CDS,-0.007977520657117652,0.007977520657117652
cnv_depth__IBNLCO_05763__4'-phosphopantetheinyl__CDS__promoter,-0.00797509897317311,0.00797509897317311
cnv_depth__IBNLCO_00509__IBNLCO_00509__gene__promoter,0.007974219329407837,0.007974219329407837
cnv_depth__IBNLCO_05092__N-acetyltransferase__CDS__promoter,-0.007972958646697647,0.007972958646697647
cnv_depth__IBNLCO_01558__IBNLCO_01558__gene,-0.007969972163187317,0.007969972163187317
cnv_depth__IBNLCO_00826__hypothetical__CDS,-0.007965269320547343,0.007965269320547343
cnv_depth__IBNLCO_03370__Ethanolamine__CDS,0.007964022075613173,0.007964022075613173
cnv_depth__IBNLCO_02506__hypothetical__CDS__promoter,0.007962417864948354,0.007962417864948354
cnv_depth__IBNLCO_03014__D-alanine--D-alanine__CDS,0.007962409888955024,0.007962409888955024
cnv_depth__IBNLCO_01701__Heme-binding__CDS,-0.007962399518185809,0.007962399518185809
cnv_depth__IBNLCO_03744__IBNLCO_03744__gene,0.00794891919822129,0.00794891919822129
cnv_depth__IBNLCO_02026__2-dehydropantoate__CDS__promoter,-0.007945390921563721,0.007945390921563721
cnv_depth__IBNLCO_00388__DUF3567__CDS,0.007945314689712124,0.007945314689712124
cnv_depth__unknown__unknown__regulatory.13,0.007945246943936836,0.007945246943936836
cnv_depth__IBNLCO_05000__bprB__gene,-0.007944258496380708,0.007944258496380708
cnv_depth__IBNLCO_04626__IBNLCO_04626__gene__promoter,0.007942530613102043,0.007942530613102043
cnv_depth__IBNLCO_02671__Aspartate__CDS__promoter,-0.007938951178922014,0.007938951178922014
cnv_depth__IBNLCO_04684__Cytochrome__CDS,0.007928647628237985,0.007928647628237985
cnv_depth__IBNLCO_04742__hypothetical__CDS,0.007926841860634136,0.007926841860634136
cnv_depth__IBNLCO_05631__IBNLCO_05631__gene,0.007926268320002684,0.007926268320002684
cnv_depth__IBNLCO_04250__gnl|Bakta|IBNLCO_04250__CDS__promoter,-0.007925443898977771,0.007925443898977771
cnv_depth__IBNLCO_01726__IBNLCO_01726__gene__promoter,-0.007923154330713153,0.007923154330713153
cnv_depth__IBNLCO_05826__Putative__CDS,0.007916273281320286,0.007916273281320286
cnv_depth__IBNLCO_03503__histidine__CDS,-0.007914832903628861,0.007914832903628861
cnv_depth__IBNLCO_01495__Translation__CDS__promoter,0.007912562655958685,0.007912562655958685
cnv_depth__IBNLCO_03525__Cytochrome__CDS__promoter,0.00791092486190333,0.00791092486190333
cnv_depth__IBNLCO_01535__Heme/hemopexin__CDS__promoter,-0.007908923473274817,0.007908923473274817
cnv_depth__IBNLCO_02605__IBNLCO_02605__gene__promoter,-0.00790826682151326,0.00790826682151326
cnv_depth__IBNLCO_00366__IBNLCO_00366__gene,0.007908062019004241,0.007908062019004241
cnv_depth__IBNLCO_03502__IBNLCO_03502__gene,-0.007906164773999231,0.007906164773999231
cnv_depth__IBNLCO_05185__IBNLCO_05185__gene,0.00789934198451967,0.00789934198451967
cnv_depth__IBNLCO_03108__hypothetical__CDS__promoter,-0.007891768501425256,0.007891768501425256
cnv_depth__IBNLCO_00036__IBNLCO_00036__gene__promoter,-0.007890337828522194,0.007890337828522194
cnv_depth__IBNLCO_00913__Ribosomal__CDS__promoter,-0.00788947906134552,0.00788947906134552
cnv_depth__IBNLCO_02220__ISL3-like__CDS,-0.00788911845765294,0.00788911845765294
cnv_depth__IBNLCO_05032__bprP__gene__promoter,0.007886408855277463,0.007886408855277463
cnv_depth__IBNLCO_02260__IBNLCO_02260__gene__promoter,-0.0078843199991079,0.0078843199991079
cnv_depth__IBNLCO_01250__Membrane-anchored__CDS,-0.007879839638487289,0.007879839638487289
cnv_depth__IBNLCO_00409__serine-type__CDS__promoter,-0.007876334169465777,0.007876334169465777
cnv_depth__IBNLCO_01539__Prepilin__CDS,-0.007863713940184786,0.007863713940184786
cnv_depth__IBNLCO_01884__Poly-beta-hydroxybutyrate__CDS__promoter,-0.00786208694453255,0.00786208694453255
cnv_depth__IBNLCO_05210__IBNLCO_05210__gene__promoter,0.007859930078110587,0.007859930078110587
cnv_depth__IBNLCO_05751__Glycosyltransferase__CDS,0.007857484912381247,0.007857484912381247
cnv_depth__IBNLCO_03717__IBNLCO_03717__gene__promoter,-0.007856255246144592,0.007856255246144592
cnv_depth__IBNLCO_01575__Dihydroorotate__CDS__promoter,-0.007851395257581066,0.007851395257581066
cnv_depth__IBNLCO_02888__D-aminoacyl-tRNA__CDS__promoter,0.007850556053349902,0.007850556053349902
cnv_depth__IBNLCO_00062__Bifunctional__CDS,-0.007847955170631195,0.007847955170631195
cnv_depth__IBNLCO_02250__Lysine--tRNA__CDS__promoter,0.007846065580280816,0.007846065580280816
cnv_depth__IBNLCO_05290__IBNLCO_05290__gene,0.007846012238822284,0.007846012238822284
cnv_depth__IBNLCO_00278__flgL__gene,-0.00784507840127657,0.00784507840127657
cnv_depth__IBNLCO_02101__SsrA-binding__CDS,0.007842657106411424,0.007842657106411424
cnv_depth__IBNLCO_04678__Chemotaxis__CDS,-0.007840905993550985,0.007840905993550985
cnv_depth__IBNLCO_04533__IBNLCO_04533__gene,-0.00783971732658879,0.00783971732658879
cnv_depth__IBNLCO_05371__cheR__gene,0.00783647359073044,0.00783647359073044
cnv_depth__IBNLCO_01866__ompW__gene,-0.007831679311443563,0.007831679311443563
cnv_depth__IBNLCO_00177__mrdA__gene__promoter,0.0078314786792275,0.0078314786792275
cnv_depth__IBNLCO_02394__hypothetical__CDS__promoter,0.00782611849873033,0.00782611849873033
cnv_depth__IBNLCO_04698__Xylulose__CDS,-0.00782444758297908,0.00782444758297908
cnv_depth__IBNLCO_05170__Bacteriophage__CDS__promoter,0.00782050077880152,0.00782050077880152
cnv_depth__IBNLCO_00212__IBNLCO_00212__gene,-0.007818691233630059,0.007818691233630059
cnv_depth__IBNLCO_03126__tatC__gene,-0.007816672605205858,0.007816672605205858
cnv_depth__IBNLCO_05055__Taurine__CDS__promoter,0.007815758585343488,0.007815758585343488
cnv_depth__IBNLCO_03834__ncS011__gene__promoter,0.00781493470445245,0.00781493470445245
cnv_depth__IBNLCO_02831__Phosphite__CDS,0.007814829260578793,0.007814829260578793
cnv_depth__IBNLCO_04047__Pyochelin__CDS__promoter,-0.007813917290467385,0.007813917290467385
cnv_depth__IBNLCO_04124__Response__CDS,0.007812842042605907,0.007812842042605907
cnv_depth__IBNLCO_04317__UspA__CDS__promoter,-0.007808631342473956,0.007808631342473956
cnv_depth__IBNLCO_00476__IBNLCO_00476__gene,0.00780486991787329,0.00780486991787329
cnv_depth__IBNLCO_00431__IBNLCO_00431__gene,-0.0078044722611469814,0.0078044722611469814
cnv_depth__IBNLCO_05532__IBNLCO_05532__gene__promoter,-0.007803561039584561,0.007803561039584561
cnv_depth__IBNLCO_03975__tssC1__gene__promoter,0.007800203639460698,0.007800203639460698
cnv_depth__IBNLCO_04059__IBNLCO_04059__gene,-0.007791436848680175,0.007791436848680175
cnv_depth__IBNLCO_03151__Thiamine-phosphate__CDS__promoter,-0.0077886980539788875,0.0077886980539788875
cnv_depth__IBNLCO_01408__PapC-like__CDS__promoter,0.007786966303443046,0.007786966303443046
cnv_depth__IBNLCO_02929__4-hydroxy-tetrahydrodipicolinate__CDS,0.007778618635792454,0.007778618635792454
cnv_depth__IBNLCO_03053__IBNLCO_03053__gene,0.007778368071837733,0.007778368071837733
cnv_depth__IBNLCO_02966__IBNLCO_02966__gene__promoter,0.007778118860870798,0.007778118860870798
cnv_depth__IBNLCO_05335__Acetylglutamate__CDS__promoter,-0.007777476526148428,0.007777476526148428
cnv_depth__IBNLCO_05350__3-oxoacyl-[acyl-carrier__CDS,-0.0077772208536657245,0.0077772208536657245
cnv_depth__IBNLCO_02057__PspA/IM30__CDS__promoter,0.007774640939119955,0.007774640939119955
cnv_depth__IBNLCO_04432__Voltage-gated__CDS__promoter,-0.007773352598589747,0.007773352598589747
cnv_depth__IBNLCO_04288__IBNLCO_04288__gene__promoter,-0.007768938949543178,0.007768938949543178
cnv_depth__IBNLCO_01470__IBNLCO_01470__gene,0.007767427150825267,0.007767427150825267
cnv_depth__IBNLCO_05238__LysM__CDS__promoter,-0.007763122103727296,0.007763122103727296
cnv_depth__IBNLCO_03646__Proline__CDS__promoter,0.007763045106353218,0.007763045106353218
cnv_depth__IBNLCO_05466__yfcG__gene,-0.007761974434469868,0.007761974434469868
cnv_depth__IBNLCO_01926__IBNLCO_01926__gene,0.0077533792237857455,0.0077533792237857455
cnv_depth__IBNLCO_03714__IBNLCO_03714__gene,-0.007752318653708044,0.007752318653708044
cnv_depth__IBNLCO_05745__Two__CDS__promoter,0.0077486742524388915,0.0077486742524388915
cnv_depth__IBNLCO_04716__hypothetical__CDS__promoter,-0.007746365944299098,0.007746365944299098
cnv_depth__IBNLCO_02405__Protein-arginine__CDS,-0.007745712696864398,0.007745712696864398
cnv_depth__IBNLCO_04044__IBNLCO_04044__gene,-0.007744798859383893,0.007744798859383893
cnv_depth__IBNLCO_04527__Ferrichrome__CDS,0.0077396035587652245,0.0077396035587652245
cnv_depth__IBNLCO_00988__IBNLCO_00988__gene__promoter,-0.007735200603529853,0.007735200603529853
cnv_depth__IBNLCO_00368__IBNLCO_00368__gene,0.0077340410056418,0.0077340410056418
cnv_depth__IBNLCO_01480__IBNLCO_01480__gene,-0.007733442213870913,0.007733442213870913
cnv_depth__IBNLCO_02920__IBNLCO_02920__gene__promoter,0.007732089407082135,0.007732089407082135
cnv_depth__IBNLCO_00276__ycgR__gene,-0.007729945431002944,0.007729945431002944
cnv_depth__IBNLCO_04374__IBNLCO_04374__gene__promoter,-0.00772126537155049,0.00772126537155049
cnv_depth__IBNLCO_03169__3-dehydroquinate__CDS__promoter,-0.007715407362219236,0.007715407362219236
cnv_depth__IBNLCO_00729__L-arginine-specific__CDS,0.00771310700480643,0.00771310700480643
cnv_depth__IBNLCO_03925__Spermidine/putrescine__CDS,0.0077108708273625455,0.0077108708273625455
cnv_depth__IBNLCO_02816__DNA__CDS,-0.00771064002141308,0.00771064002141308
cnv_depth__IBNLCO_03707__Short-chain__CDS__promoter,0.0077056379496350386,0.0077056379496350386
cnv_depth__IBNLCO_03357__gnl|Bakta|IBNLCO_03357__CDS,-0.007702648713575825,0.007702648713575825
cnv_depth__IBNLCO_05713__IBNLCO_05713__gene,-0.007701050329407948,0.007701050329407948
cnv_depth__IBNLCO_04275__Type__CDS,-0.007697742252082581,0.007697742252082581
cnv_depth__IBNLCO_03586__IBNLCO_03586__gene__promoter,0.007693655857655378,0.007693655857655378
cnv_depth__IBNLCO_01421__IBNLCO_01421__gene,-0.007693529954391439,0.007693529954391439
cnv_depth__IBNLCO_02956__IBNLCO_02956__gene,0.0076879678175714745,0.0076879678175714745
cnv_depth__IBNLCO_01208__Cytochrome__CDS__promoter,-0.007682501610187601,0.007682501610187601
cnv_depth__IBNLCO_04707__Histidine__CDS,0.007679824250818178,0.007679824250818178
cnv_depth__IBNLCO_00313__IBNLCO_00313__gene__promoter,0.007666986137582401,0.007666986137582401
cnv_depth__IBNLCO_00957__Oxidoreductase__CDS__promoter,0.007664205836904249,0.007664205836904249
cnv_depth__IBNLCO_01554__IBNLCO_01554__gene,-0.007663940555947657,0.007663940555947657
cnv_depth__IBNLCO_00225__flagellar__CDS,0.007660396241947906,0.007660396241947906
cnv_depth__IBNLCO_03029__4Fe-4S__CDS__promoter,-0.007659522075274898,0.007659522075274898
cnv_depth__IBNLCO_01058__IBNLCO_01058__gene,-0.00765900876474752,0.00765900876474752
cnv_depth__IBNLCO_00799__IBNLCO_00799__gene,-0.007657423132180575,0.007657423132180575
cnv_depth__IBNLCO_03768__IBNLCO_03768__gene__promoter,0.0076558342321303985,0.0076558342321303985
cnv_depth__IBNLCO_01149__Carbonic__CDS__promoter,0.007655359922274673,0.007655359922274673
cnv_depth__IBNLCO_05275__HTH-type__CDS,0.007650965500028955,0.007650965500028955
cnv_depth__IBNLCO_02427__Phosphate__CDS__promoter,-0.007650858583848079,0.007650858583848079
cnv_depth__IBNLCO_03441__IBNLCO_03441__gene__promoter,0.007645576969226836,0.007645576969226836
cnv_depth__IBNLCO_02592__IBNLCO_02592__gene__promoter,-0.007642256680778461,0.007642256680778461
cnv_depth__IBNLCO_01695__HTH__CDS__promoter,0.0076417407459529,0.0076417407459529
cnv_depth__IBNLCO_02886__gnl|Bakta|IBNLCO_02886__CDS,-0.007636778827215251,0.007636778827215251
cnv_depth__IBNLCO_01515__DNA-binding__CDS,-0.007635005521178682,0.007635005521178682
cnv_depth__IBNLCO_02931__IBNLCO_02931__gene,-0.007634373895387059,0.007634373895387059
cnv_depth__IBNLCO_00172__IBNLCO_00172__gene,-0.007629809497020352,0.007629809497020352
cnv_depth__IBNLCO_03901__Amidohydrolase__CDS__promoter,0.007627906120489994,0.007627906120489994
cnv_depth__IBNLCO_05670__VOC__CDS,-0.00762667585319331,0.00762667585319331
cnv_depth__IBNLCO_02408__IBNLCO_02408__gene__promoter,-0.007625731795474296,0.007625731795474296
cnv_depth__IBNLCO_02254__IBNLCO_02254__gene,-0.007625130938162567,0.007625130938162567
cnv_depth__IBNLCO_04867__IBNLCO_04867__gene__promoter,0.007623183767052169,0.007623183767052169
cnv_depth__IBNLCO_00324__Methyl-accepting__CDS__promoter,0.007620111356447269,0.007620111356447269
cnv_depth__IBNLCO_04343__DSBA-like__CDS__promoter,-0.007610102425881466,0.007610102425881466
cnv_depth__IBNLCO_04968__Copper-containing__CDS__promoter,-0.007609453421901905,0.007609453421901905
cnv_depth__IBNLCO_00901__IBNLCO_00901__gene,-0.0076055659528947465,0.0076055659528947465
cnv_depth__IBNLCO_04949__gnl|Bakta|IBNLCO_04949__CDS,0.007605527916468578,0.007605527916468578
cnv_depth__IBNLCO_04774__gnl|Bakta|IBNLCO_04774__CDS__promoter,-0.007604936616062509,0.007604936616062509
cnv_depth__IBNLCO_01276__gntR__gene__promoter,-0.007602274487355842,0.007602274487355842
cnv_depth__IBNLCO_02133__gnl|Bakta|IBNLCO_02133__CDS,0.007601638862890549,0.007601638862890549
cnv_depth__IBNLCO_04960__eamA__gene,-0.007599216149505615,0.007599216149505615
cnv_depth__IBNLCO_01657__gnl|Bakta|IBNLCO_01657__CDS__promoter,-0.007595961196330255,0.007595961196330255
cnv_depth__IBNLCO_05663__IBNLCO_05663__gene,-0.007592750832144326,0.007592750832144326
cnv_depth__IBNLCO_01738__gnl|Bakta|IBNLCO_01738__CDS__promoter,-0.007592464751898265,0.007592464751898265
cnv_depth__IBNLCO_01938__IBNLCO_01938__gene,-0.007589431856991208,0.007589431856991208
cnv_depth__IBNLCO_05660__IBNLCO_05660__gene__promoter,0.007588063721585953,0.007588063721585953
cnv_depth__IBNLCO_02983__gnl|Bakta|IBNLCO_02983__CDS,0.007587874656849956,0.007587874656849956
cnv_depth__IBNLCO_04676__hypothetical__CDS__promoter,-0.007584117975529382,0.007584117975529382
cnv_depth__IBNLCO_04280__Insertion__CDS__promoter,0.007584105287413391,0.007584105287413391
cnv_depth__IBNLCO_03938__IBNLCO_03938__gene,-0.0075832285388771434,0.0075832285388771434
cnv_depth__IBNLCO_05401__IBNLCO_05401__gene,-0.007583221270915126,0.007583221270915126
cnv_depth__IBNLCO_01695__IBNLCO_01695__gene,-0.007579130391989463,0.007579130391989463
cnv_depth__IBNLCO_03120__IBNLCO_03120__gene__promoter,-0.0075637699503736874,0.0075637699503736874
cnv_depth__IBNLCO_05541__IBNLCO_05541__gene__promoter,0.007557522669780716,0.007557522669780716
cnv_depth__IBNLCO_03277__IBNLCO_03277__gene,0.007555693564976054,0.007555693564976054
cnv_depth__IBNLCO_00759__IS3__CDS__promoter,-0.007555338675531261,0.007555338675531261
cnv_depth__IBNLCO_03141__UDP-N-acetylglucosamine__CDS,0.007546614680767127,0.007546614680767127
cnv_depth__IBNLCO_00580__IBNLCO_00580__gene,0.007546607599214794,0.007546607599214794
cnv_depth__IBNLCO_03785__doxX__gene__promoter,0.007545267869969078,0.007545267869969078
cnv_depth__IBNLCO_01852__hypothetical__CDS,0.007545065490717662,0.007545065490717662
cnv_depth__IBNLCO_00573__Dienelactone__CDS__promoter,-0.0075441650213001294,0.0075441650213001294
cnv_depth__IBNLCO_04977__response__CDS__promoter,-0.007539516080630033,0.007539516080630033
cnv_depth__IBNLCO_05624__IBNLCO_05624__gene__promoter,0.0075375605598867745,0.0075375605598867745
cnv_depth__IBNLCO_01110__Uracil__CDS__promoter,-0.007537251624407202,0.007537251624407202
cnv_depth__IBNLCO_01317__pstS__gene__promoter,-0.007532957152773092,0.007532957152773092
cnv_depth__IBNLCO_02589__IBNLCO_02589__gene__promoter,-0.007529602777282343,0.007529602777282343
cnv_depth__IBNLCO_05161__IBNLCO_05161__gene,-0.007529118305718869,0.007529118305718869
cnv_depth__IBNLCO_01871__AsmA__CDS__promoter,-0.007528586908084564,0.007528586908084564
cnv_depth__IBNLCO_05372__CheW-like__CDS__promoter,-0.007526984341254637,0.007526984341254637
cnv_depth__IBNLCO_03836__exbB__gene,0.007525058638804274,0.007525058638804274
cnv_depth__IBNLCO_01951__IBNLCO_01951__gene__promoter,0.0075190352905713746,0.0075190352905713746
cnv_depth__IBNLCO_01890__IBNLCO_01890__gene,0.007518653568204647,0.007518653568204647
cnv_depth__IBNLCO_00311__IBNLCO_00311__gene,0.007516087530153543,0.007516087530153543
cnv_depth__IBNLCO_00914__copC__gene,-0.007514227609779551,0.007514227609779551
cnv_depth__IBNLCO_04755__gnl|Bakta|IBNLCO_04755__CDS__promoter,0.007513698107457773,0.007513698107457773
cnv_depth__IBNLCO_02783__wcbH__gene__promoter,-0.0075099561651295905,0.0075099561651295905
cnv_depth__IBNLCO_04070__Metal-dependent__CDS,0.007503359060212255,0.007503359060212255
cnv_depth__IBNLCO_05213__IBNLCO_05213__gene__promoter,0.007501636884275012,0.007501636884275012
cnv_depth__IBNLCO_00873__IBNLCO_00873__gene__promoter,0.007492700105102459,0.007492700105102459
cnv_depth__IBNLCO_03620__IraD/Gp25-like__CDS,0.007490507013164608,0.007490507013164608
cnv_depth__IBNLCO_04589__IBNLCO_04589__gene,0.007489507092742819,0.007489507092742819
cnv_depth__IBNLCO_05837__Glutamine__CDS__promoter,0.007486721638622937,0.007486721638622937
cnv_depth__IBNLCO_04787__IBNLCO_04787__gene,0.007484941007061376,0.007484941007061376
cnv_depth__IBNLCO_01849__Multidrug__CDS__promoter,0.007482743397501358,0.007482743397501358
cnv_depth__IBNLCO_00340__IBNLCO_00340__gene,-0.007476894783260332,0.007476894783260332
cnv_depth__IBNLCO_02010__IBNLCO_02010__gene__promoter,0.007467826186186952,0.007467826186186952
cnv_depth__IBNLCO_02248__recJ__gene__promoter,0.007463752352290123,0.007463752352290123
cnv_depth__IBNLCO_01994__IBNLCO_01994__gene__promoter,-0.007460487562753835,0.007460487562753835
cnv_depth__IBNLCO_00592__IBNLCO_00592__gene__promoter,0.0074555162296314524,0.0074555162296314524
cnv_depth__IBNLCO_05160__IBNLCO_05160__gene__promoter,-0.007452283541105621,0.007452283541105621
cnv_depth__IBNLCO_01364__hypothetical__CDS,-0.007446579426756094,0.007446579426756094
cnv_depth__IBNLCO_00061__mbtN__gene__promoter,-0.007444997723639134,0.007444997723639134
cnv_depth__IBNLCO_00878__cspD__gene,0.007443688007827423,0.007443688007827423
cnv_depth__IBNLCO_04184__Cysteine__CDS,-0.0074426216335548405,0.0074426216335548405
cnv_depth__IBNLCO_05221__IBNLCO_05221__gene,-0.007442536757403225,0.007442536757403225
cnv_depth__IBNLCO_04975__IBNLCO_04975__gene,-0.007440497012532592,0.007440497012532592
cnv_depth__IBNLCO_00441__moeB__gene__promoter,-0.007439484818516891,0.007439484818516891
cnv_depth__IBNLCO_01539__IBNLCO_01539__gene__promoter,-0.0074387976777979155,0.0074387976777979155
cnv_depth__IBNLCO_02299__Putative__CDS,0.0074379821570539646,0.0074379821570539646
cnv_depth__IBNLCO_00465__Methyl-accepting__CDS,-0.007433767990142898,0.007433767990142898
cnv_depth__IBNLCO_03946__IBNLCO_03946__gene,-0.0074312847324603795,0.0074312847324603795
cnv_depth__IBNLCO_02631__IBNLCO_02631__gene,0.007429950253877169,0.007429950253877169
cnv_depth__IBNLCO_01572__IBNLCO_01572__gene__promoter,-0.0074243634849054125,0.0074243634849054125
cnv_depth__IBNLCO_01522__Ribosome-binding__CDS,0.007421815710047612,0.007421815710047612
cnv_depth__IBNLCO_00369__IBNLCO_00369__gene__promoter,-0.0074200357345358,0.0074200357345358
cnv_depth__IBNLCO_04596__IBNLCO_04596__gene__promoter,-0.007418849797506868,0.007418849797506868
cnv_depth__IBNLCO_03852__IBNLCO_03852__gene__promoter,0.007414663877993789,0.007414663877993789
cnv_depth__IBNLCO_04611__Phosphocarrier__CDS__promoter,-0.0074112717393928045,0.0074112717393928045
cnv_depth__IBNLCO_03268__pilT__gene__promoter,0.007408218862399015,0.007408218862399015
cnv_depth__IBNLCO_03800__IBNLCO_03800__gene,0.007407716574956728,0.007407716574956728
cnv_depth__IBNLCO_00238__IBNLCO_00238__gene,0.007407654511850872,0.007407654511850872
cnv_depth__IBNLCO_03728__IBNLCO_03728__gene__promoter,0.007398996331835873,0.007398996331835873
cnv_depth__IBNLCO_03627__DUF3540__CDS,0.007398942620604746,0.007398942620604746
cnv_depth__IBNLCO_05492__IBNLCO_05492__gene,-0.007397539317352687,0.007397539317352687
cnv_depth__IBNLCO_03385__Short-chain-fatty-acid--CoA__CDS__promoter,0.007397193172057495,0.007397193172057495
cnv_depth__IBNLCO_00606__IBNLCO_00606__gene,0.007396153478797566,0.007396153478797566
cnv_depth__IBNLCO_05048__IBNLCO_05048__gene,-0.007394867856119163,0.007394867856119163
cnv_depth__IBNLCO_00744__tctD__gene,0.007394380673114407,0.007394380673114407
cnv_depth__IBNLCO_00254__5-oxoprolinase__CDS,-0.007392129810491272,0.007392129810491272
cnv_depth__IBNLCO_04271__HTH__CDS,-0.0073913524098685995,0.0073913524098685995
cnv_depth__IBNLCO_02326__4'-phosphopantetheinyl__CDS__promoter,0.007391114669192836,0.007391114669192836
cnv_depth__IBNLCO_00040__Transcriptional__CDS,-0.00739059304832818,0.00739059304832818
cnv_depth__IBNLCO_05335__Acetylglutamate__CDS,0.007389101692887539,0.007389101692887539
cnv_depth__IBNLCO_02320__IBNLCO_02320__gene__promoter,-0.007387160489831433,0.007387160489831433
cnv_depth__IBNLCO_04342__dmlR__gene__promoter,-0.007381120425879096,0.007381120425879096
cnv_depth__IBNLCO_05317__hypothetical__CDS,0.0073792021606947636,0.0073792021606947636
cnv_depth__IBNLCO_04900__Sugar__CDS__promoter,-0.007373531541598962,0.007373531541598962
cnv_depth__IBNLCO_01221__IBNLCO_01221__gene__promoter,-0.00737115438394005,0.00737115438394005
cnv_depth__IBNLCO_02766__IBNLCO_02766__gene,-0.007370701927174358,0.007370701927174358
cnv_depth__IBNLCO_00577__IBNLCO_00577__gene,0.007370200586176333,0.007370200586176333
cnv_depth__IBNLCO_01235__hypothetical__CDS,0.007370041949739498,0.007370041949739498
cnv_depth__IBNLCO_03969__IBNLCO_03969__gene__promoter,0.007367702621138481,0.007367702621138481
cnv_depth__IBNLCO_02985__IBNLCO_02985__gene,0.007364442973180458,0.007364442973180458
cnv_depth__IBNLCO_05268__IBNLCO_05268__gene__promoter,0.007364381321361492,0.007364381321361492
cnv_depth__IBNLCO_03795__FAD/NAD(P)-binding__CDS,0.007359321025720625,0.007359321025720625
cnv_depth__IBNLCO_03718__IBNLCO_03718__gene,0.007358567932734286,0.007358567932734286
cnv_depth__IBNLCO_03388__IBNLCO_03388__gene__promoter,0.0073554058566264935,0.0073554058566264935
cnv_depth__IBNLCO_04794__IBNLCO_04794__gene,-0.007354314002250742,0.007354314002250742
cnv_depth__IBNLCO_02282__IBNLCO_02282__gene,0.007352923410205518,0.007352923410205518
cnv_depth__IBNLCO_01367__HTH-type__CDS,-0.007350825195536915,0.007350825195536915
cnv_depth__IBNLCO_02800__IBNLCO_02800__gene,-0.007350642361109408,0.007350642361109408
cnv_depth__IBNLCO_03147__hypothetical__CDS,0.007349711465951818,0.007349711465951818
cnv_depth__IBNLCO_00658__IBNLCO_00658__gene,0.0073480599262035155,0.0073480599262035155
cnv_depth__IBNLCO_02593__Cystine__CDS,-0.007345553723319968,0.007345553723319968
cnv_depth__IBNLCO_01676__Cobalamin__CDS__promoter,-0.007342142259629973,0.007342142259629973
cnv_depth__IBNLCO_00667__sutR__gene__promoter,0.007341884357035001,0.007341884357035001
cnv_depth__IBNLCO_05309__Carrier__CDS,-0.00734128437352045,0.00734128437352045
cnv_depth__IBNLCO_04390__IBNLCO_04390__gene__promoter,0.007338412696121335,0.007338412696121335
cnv_depth__IBNLCO_01293__phospholipase__CDS,0.007335770399593227,0.007335770399593227
cnv_depth__IBNLCO_02321__IBNLCO_02321__gene__promoter,-0.007334339010599629,0.007334339010599629
cnv_depth__IBNLCO_05509__prnC__gene,0.00733414057490608,0.00733414057490608
cnv_depth__IBNLCO_04128__IBNLCO_04128__gene__promoter,0.007332996868202047,0.007332996868202047
cnv_depth__IBNLCO_05306__IBNLCO_05306__gene,-0.0073327610430080565,0.0073327610430080565
cnv_depth__IBNLCO_04165__ABC__CDS,-0.007327788200476647,0.007327788200476647
cnv_depth__IBNLCO_03094__Protein__CDS,0.007325596994031815,0.007325596994031815
cnv_depth__IBNLCO_01478__Gluconate__CDS__promoter,0.007322697023508128,0.007322697023508128
cnv_depth__IBNLCO_05780__IBNLCO_05780__gene,0.007321559879456142,0.007321559879456142
cnv_depth__IBNLCO_04991__Type__CDS,-0.007319348113546977,0.007319348113546977
cnv_depth__IBNLCO_02516__hypothetical__CDS,-0.007317273245680881,0.007317273245680881
cnv_depth__IBNLCO_04488__DUF1453__CDS__promoter,-0.007314117129308511,0.007314117129308511
cnv_depth__IBNLCO_05170__Bacteriophage__CDS,-0.007312782627699945,0.007312782627699945
cnv_depth__IBNLCO_04385__IBNLCO_04385__gene,-0.007311847037668713,0.007311847037668713
cnv_depth__IBNLCO_04405__Indoleacetamide__CDS,0.007310173163153861,0.007310173163153861
cnv_depth__IBNLCO_00319__IBNLCO_00319__gene,0.007305438455921011,0.007305438455921011
cnv_depth__IBNLCO_04773__IBNLCO_04773__gene__promoter,-0.007304609306030551,0.007304609306030551
cnv_depth__IBNLCO_01664__fhuB__gene,0.007302232326260891,0.007302232326260891
cnv_depth__IBNLCO_01730__GHMP__CDS__promoter,-0.007295448422779308,0.007295448422779308
cnv_depth__IBNLCO_02261__IBNLCO_02261__gene,-0.00729539456722451,0.00729539456722451
cnv_depth__IBNLCO_01527__Transcriptional__CDS,-0.00729405486626383,0.00729405486626383
cnv_depth__IBNLCO_03582__IBNLCO_03582__gene,0.007292942889633147,0.007292942889633147
cnv_depth__IBNLCO_00397__IBNLCO_00397__gene,0.0072928278503201285,0.0072928278503201285
cnv_depth__IBNLCO_03477__3-oxoadipate__CDS__promoter,-0.007289914792722977,0.007289914792722977
cnv_depth__IBNLCO_02880__IBNLCO_02880__gene__promoter,-0.007289149561157495,0.007289149561157495
cnv_depth__IBNLCO_05365__CPBP__CDS,-0.007287065112103521,0.007287065112103521
cnv_depth__IBNLCO_03292__IBNLCO_03292__gene__promoter,0.007287020739026609,0.007287020739026609
cnv_depth__IBNLCO_02883__ruvA__gene,-0.007286980648676765,0.007286980648676765
cnv_depth__IBNLCO_02484__Radical__CDS,-0.007285555912133209,0.007285555912133209
cnv_depth__IBNLCO_02716__HTH__CDS__promoter,0.0072845934147986015,0.0072845934147986015
cnv_depth__IBNLCO_05497__DUF4148__CDS__promoter,0.0072811649892028565,0.0072811649892028565
cnv_depth__IBNLCO_03954__IBNLCO_03954__gene__promoter,-0.007279937087891683,0.007279937087891683
cnv_depth__IBNLCO_03297__flhA__gene__promoter,0.007276831589676421,0.007276831589676421
cnv_depth__IBNLCO_00363__IBNLCO_00363__gene__promoter,-0.007276387584457483,0.007276387584457483
cnv_depth__IBNLCO_04240__marR__gene,-0.007262572193157946,0.007262572193157946
cnv_depth__IBNLCO_02220__ISL3-like__CDS__promoter,-0.007258775610130631,0.007258775610130631
cnv_depth__IBNLCO_02803__IBNLCO_02803__gene__promoter,0.0072563705726091336,0.0072563705726091336
cnv_depth__IBNLCO_03473__IBNLCO_03473__gene,0.007247503684001985,0.007247503684001985
cnv_depth__IBNLCO_04965__IBNLCO_04965__gene__promoter,-0.00724709498723776,0.00724709498723776
cnv_depth__IBNLCO_02012__trnD__gene,-0.007246182723125871,0.007246182723125871
cnv_depth__IBNLCO_04762__IBNLCO_04762__gene,-0.007245917616052386,0.007245917616052386
cnv_depth__IBNLCO_00225__fliG__gene__promoter,0.007245826371432533,0.007245826371432533
cnv_depth__IBNLCO_01361__IBNLCO_01361__gene__promoter,-0.007244211558748188,0.007244211558748188
cnv_depth__IBNLCO_05580__hypothetical__CDS,0.007243331635449251,0.007243331635449251
cnv_depth__IBNLCO_03640__IBNLCO_03640__gene,0.0072395480347024555,0.0072395480347024555
cnv_depth__IBNLCO_05041__IBNLCO_05041__gene__promoter,-0.0072266327158361674,0.0072266327158361674
cnv_depth__IBNLCO_01685__Siroheme__CDS__promoter,0.007223765194823658,0.007223765194823658
cnv_depth__IBNLCO_04479__Lipid__CDS,-0.007216056703865503,0.007216056703865503
cnv_depth__IBNLCO_00519__IBNLCO_00519__gene__promoter,-0.007215913660438311,0.007215913660438311
cnv_depth__IBNLCO_04266__IBNLCO_04266__gene,-0.007214409715020513,0.007214409715020513
cnv_depth__IBNLCO_02953__NAD(P)-dependent__CDS,-0.007211035128791607,0.007211035128791607
cnv_depth__IBNLCO_00534__IBNLCO_00534__gene__promoter,-0.007208879541403945,0.007208879541403945
cnv_depth__IBNLCO_00359__Sodium%2C__CDS__promoter,0.007205778470811364,0.007205778470811364
cnv_depth__IBNLCO_04597__IBNLCO_04597__gene__promoter,0.00720443158639167,0.00720443158639167
cnv_depth__IBNLCO_00700__lysR__gene,-0.007202811727685016,0.007202811727685016
cnv_depth__IBNLCO_03065__hypothetical__CDS__promoter,0.007200725084464545,0.007200725084464545
cnv_depth__IBNLCO_01287__IBNLCO_01287__gene__promoter,-0.007197616849554423,0.007197616849554423
cnv_depth__IBNLCO_00986__Protoporphyrinogen__CDS,-0.007194749201826528,0.007194749201826528
cnv_depth__IBNLCO_04167__tctD__gene,-0.007192866657282746,0.007192866657282746
cnv_depth__IBNLCO_01315__IBNLCO_01315__gene__promoter,-0.007191209724497746,0.007191209724497746
cnv_depth__IBNLCO_04704__IBNLCO_04704__gene,-0.007191189280426496,0.007191189280426496
cnv_depth__IBNLCO_01175__Acyl-CoA__CDS__promoter,0.007190047738307871,0.007190047738307871
cnv_depth__IBNLCO_02071__IBNLCO_02071__gene__promoter,-0.007187935747647231,0.007187935747647231
cnv_depth__IBNLCO_03901__Amidohydrolase__CDS,-0.007187773370602436,0.007187773370602436
cnv_depth__IBNLCO_00323__IBNLCO_00323__gene,0.0071864010892450396,0.0071864010892450396
cnv_depth__IBNLCO_03249__IBNLCO_03249__gene,0.007184930306447964,0.007184930306447964
cnv_depth__IBNLCO_04727__IBNLCO_04727__gene__promoter,0.0071840686615975745,0.0071840686615975745
cnv_depth__IBNLCO_00250__hypothetical__CDS__promoter,-0.007183933957522579,0.007183933957522579
cnv_depth__IBNLCO_02841__IBNLCO_02841__gene,0.007181455189802324,0.007181455189802324
cnv_depth__IBNLCO_02318__IBNLCO_02318__gene,-0.007180378447557873,0.007180378447557873
cnv_depth__IBNLCO_04254__Transcriptional__CDS,-0.0071744833147717665,0.0071744833147717665
cnv_depth__IBNLCO_00298__IBNLCO_00298__gene,-0.007166141048053637,0.007166141048053637
cnv_depth__IBNLCO_01652__araC__gene__promoter,-0.0071656456645876635,0.0071656456645876635
cnv_depth__IBNLCO_03898__IBNLCO_03898__gene__promoter,0.007161290046256498,0.007161290046256498
cnv_depth__IBNLCO_01259__Sugar__CDS,-0.007159730075530673,0.007159730075530673
cnv_depth__IBNLCO_04074__IBNLCO_04074__gene__promoter,0.00715410361347432,0.00715410361347432
cnv_depth__IBNLCO_02134__IBNLCO_02134__gene,-0.007153330717748162,0.007153330717748162
cnv_depth__IBNLCO_05202__DUF1479__CDS,-0.007148372962858028,0.007148372962858028
cnv_depth__IBNLCO_05120__Diaminobutyrate--2-oxoglutarate__CDS__promoter,-0.007147329635300463,0.007147329635300463
cnv_depth__IBNLCO_02237__hypothetical__CDS,-0.007147243009094085,0.007147243009094085
cnv_depth__IBNLCO_04346__IBNLCO_04346__gene__promoter,-0.007146325550985012,0.007146325550985012
cnv_depth__IBNLCO_05748__IBNLCO_05748__gene__promoter,0.00714394661155514,0.00714394661155514
cnv_depth__IBNLCO_05598__IBNLCO_05598__gene__promoter,-0.007142920174904916,0.007142920174904916
cnv_depth__IBNLCO_04744__IBNLCO_04744__gene__promoter,-0.007140484201395629,0.007140484201395629
cnv_depth__IBNLCO_02647__gnl|Bakta|IBNLCO_02647__CDS,0.007137606673758729,0.007137606673758729
cnv_depth__IBNLCO_02268__Burkholderia__ncRNA,0.0071308762237735045,0.0071308762237735045
cnv_depth__IBNLCO_01271__fabL__gene__promoter,-0.007127603014892998,0.007127603014892998
cnv_depth__IBNLCO_04594__IBNLCO_04594__gene__promoter,-0.00712708731953232,0.00712708731953232
cnv_depth__IBNLCO_05608__IBNLCO_05608__gene,-0.007126892767054237,0.007126892767054237
cnv_depth__IBNLCO_03748__Acetyl__CDS__promoter,0.007124370280398621,0.007124370280398621
cnv_depth__IBNLCO_00328__IBNLCO_00328__gene__promoter,-0.007118636953364761,0.007118636953364761
cnv_depth__IBNLCO_03753__IBNLCO_03753__gene__promoter,0.0071144164316036314,0.0071144164316036314
cnv_depth__IBNLCO_02304__IBNLCO_02304__gene,0.007105821728677621,0.007105821728677621
cnv_depth__IBNLCO_03276__IBNLCO_03276__gene__promoter,0.007104437823072075,0.007104437823072075
cnv_depth__IBNLCO_00231__Flagellar__CDS__promoter,0.007102603381995246,0.007102603381995246
cnv_depth__IBNLCO_01131__Undecaprenyl__CDS,-0.007096079196998968,0.007096079196998968
cnv_depth__IBNLCO_02246__Cell__CDS__promoter,0.0070940365131304615,0.0070940365131304615
cnv_depth__IBNLCO_03101__clpB__gene,-0.007092294439108856,0.007092294439108856
cnv_depth__IBNLCO_02756__gnl|Bakta|IBNLCO_02756__CDS__promoter,0.0070862258175341504,0.0070862258175341504
cnv_depth__IBNLCO_03173__Membrane__CDS,0.00708348116925664,0.00708348116925664
cnv_depth__IBNLCO_00934__IBNLCO_00934__gene,-0.007079747300560573,0.007079747300560573
cnv_depth__IBNLCO_03838__IBNLCO_03838__gene__promoter,0.007078457862684334,0.007078457862684334
cnv_depth__IBNLCO_04853__IBNLCO_04853__gene,-0.007076922850577964,0.007076922850577964
cnv_depth__IBNLCO_03422__LysR__CDS__promoter,0.0070764460726719415,0.0070764460726719415
cnv_depth__IBNLCO_00996__IBNLCO_00996__gene__promoter,0.007076112960850704,0.007076112960850704
cnv_depth__IBNLCO_02402__trnG__gene__promoter,0.007072261760622065,0.007072261760622065
cnv_depth__IBNLCO_03684__IBNLCO_03684__gene,-0.00707034067229362,0.00707034067229362
cnv_depth__IBNLCO_05240__Purine__CDS,-0.007060985561569291,0.007060985561569291
cnv_depth__IBNLCO_05709__DUF3022__CDS,-0.007058397506004374,0.007058397506004374
cnv_depth__IBNLCO_02015__Insertion__CDS,0.007053212286050364,0.007053212286050364
cnv_depth__IBNLCO_02566__Major__CDS__promoter,-0.007052675849363053,0.007052675849363053
cnv_depth__IBNLCO_03738__IBNLCO_03738__gene__promoter,0.007052666933479097,0.007052666933479097
cnv_depth__IBNLCO_03225__Large__CDS__promoter,0.007050626487671549,0.007050626487671549
cnv_depth__IBNLCO_01583__IBNLCO_01583__gene,-0.00704870609444789,0.00704870609444789
cnv_depth__IBNLCO_05155__DUF218__CDS__promoter,-0.007038564437834943,0.007038564437834943
cnv_depth__IBNLCO_01896__IBNLCO_01896__gene__promoter,-0.00703834565062293,0.00703834565062293
cnv_depth__IBNLCO_04658__Exported__CDS__promoter,0.007037329248109147,0.007037329248109147
cnv_depth__IBNLCO_04201__Multidrug__CDS,-0.00703671209459426,0.00703671209459426
cnv_depth__IBNLCO_01442__IBNLCO_01442__gene,-0.007035688136798922,0.007035688136798922
cnv_depth__IBNLCO_03257__Flavoprotein__CDS__promoter,-0.007034202458481208,0.007034202458481208
cnv_depth__IBNLCO_03324__fliT__gene__promoter,0.007023101223573369,0.007023101223573369
cnv_depth__IBNLCO_00854__IBNLCO_00854__gene__promoter,0.007017206930250203,0.007017206930250203
cnv_depth__IBNLCO_05749__IBNLCO_05749__gene__promoter,-0.007016454072422304,0.007016454072422304
cnv_depth__IBNLCO_00356__hypothetical__CDS__promoter,-0.00701372814004994,0.00701372814004994
cnv_depth__IBNLCO_02567__IBNLCO_02567__gene__promoter,-0.007012644998261086,0.007012644998261086
cnv_depth__IBNLCO_02878__IBNLCO_02878__gene__promoter,0.00701150912763753,0.00701150912763753
cnv_depth__IBNLCO_01702__Short-chain__CDS__promoter,-0.00700571485112141,0.00700571485112141
cnv_depth__IBNLCO_05205__IBNLCO_05205__gene__promoter,0.007005209237917664,0.007005209237917664
cnv_depth__IBNLCO_04747__Pseudomonas__ncRNA,-0.007004048184569297,0.007004048184569297
cnv_depth__IBNLCO_03614__Hcp1__CDS__promoter,-0.007003045165695276,0.007003045165695276
cnv_depth__IBNLCO_02127__hypothetical__CDS,0.006998895117932088,0.006998895117932088
cnv_depth__IBNLCO_04280__IBNLCO_04280__gene,0.006997870419806095,0.006997870419806095
cnv_depth__IBNLCO_03275__IBNLCO_03275__gene__promoter,-0.006997702657479301,0.006997702657479301
cnv_depth__IBNLCO_04241__IBNLCO_04241__gene,-0.006996601157032859,0.006996601157032859
cnv_depth__IBNLCO_02871__IBNLCO_02871__gene,0.006994139182553123,0.006994139182553123
cnv_depth__IBNLCO_02227__IBNLCO_02227__gene__promoter,-0.006993598983354864,0.006993598983354864
cnv_depth__IBNLCO_02027__IBNLCO_02027__gene,-0.0069927627619951775,0.0069927627619951775
cnv_depth__IBNLCO_02927__exbD__gene__promoter,-0.0069880333650077136,0.0069880333650077136
cnv_depth__IBNLCO_05328__gnl|Bakta|IBNLCO_05328__CDS__promoter,0.0069876468967663445,0.0069876468967663445
cnv_depth__IBNLCO_02276__trnfM__gene,0.006983993641986615,0.006983993641986615
cnv_depth__IBNLCO_03179__msrQ__gene,0.0069830524953446455,0.0069830524953446455
cnv_depth__IBNLCO_00056__Transcription__CDS,-0.006982936312717064,0.006982936312717064
cnv_depth__IBNLCO_04616__IBNLCO_04616__gene,-0.006975184777018414,0.006975184777018414
cnv_depth__IBNLCO_03727__IBNLCO_03727__gene__promoter,-0.006974544889792061,0.006974544889792061
cnv_depth__IBNLCO_02568__IBNLCO_02568__gene__promoter,0.0069744884319204005,0.0069744884319204005
cnv_depth__IBNLCO_00549__IBNLCO_00549__gene__promoter,0.0069739560647509875,0.0069739560647509875
cnv_depth__IBNLCO_01309__IBNLCO_01309__gene__promoter,-0.006973406087060169,0.006973406087060169
cnv_depth__IBNLCO_03793__Hydrogen__CDS__promoter,0.006972765474113997,0.006972765474113997
cnv_depth__IBNLCO_00576__IBNLCO_00576__gene__promoter,0.006971641165957195,0.006971641165957195
cnv_depth__IBNLCO_00547__Formyltetrahydrofolate__CDS,0.006959199991369295,0.006959199991369295
cnv_depth__IBNLCO_01545__hypothetical__CDS,0.006959162808486863,0.006959162808486863
cnv_depth__IBNLCO_00590__IBNLCO_00590__gene,-0.006958629922369768,0.006958629922369768
cnv_depth__IBNLCO_04953__IBNLCO_04953__gene,-0.006953394040356245,0.006953394040356245
cnv_depth__IBNLCO_05098__IBNLCO_05098__gene__promoter,-0.0069526151624868535,0.0069526151624868535
cnv_depth__IBNLCO_02429__yceD__gene__promoter,-0.00695216521754681,0.00695216521754681
cnv_depth__IBNLCO_01867__IBNLCO_01867__gene,-0.006950221144495444,0.006950221144495444
cnv_depth__IBNLCO_04623__DNA-binding__CDS__promoter,0.006950200036248852,0.006950200036248852
cnv_depth__IBNLCO_04631__IBNLCO_04631__gene,0.006946507252147215,0.006946507252147215
cnv_depth__IBNLCO_04208__IBNLCO_04208__gene__promoter,-0.006942880435121777,0.006942880435121777
cnv_depth__IBNLCO_00736__Mandelate__CDS,0.006942434982469346,0.006942434982469346
cnv_depth__IBNLCO_01998__3-methylmercaptopropionyl-CoA__CDS,0.006941890243362551,0.006941890243362551
cnv_depth__IBNLCO_03253__Indolepyruvate__CDS__promoter,0.006941384356973691,0.006941384356973691
cnv_depth__IBNLCO_03226__Large__CDS,0.006933914690827531,0.006933914690827531
cnv_depth__IBNLCO_00531__Lon__CDS__promoter,-0.006933446591272343,0.006933446591272343
cnv_depth__IBNLCO_05813__Putative__CDS,0.006927940347072177,0.006927940347072177
cnv_depth__IBNLCO_04112__M20/M25/M40__CDS,-0.006926555492786891,0.006926555492786891
cnv_depth__IBNLCO_02160__N-acetyltransferase__CDS,0.006925034855140579,0.006925034855140579
cnv_depth__IBNLCO_03616__Type__CDS,0.006923716517038046,0.006923716517038046
cnv_depth__IBNLCO_00735__hypothetical__CDS,0.0069094047284968905,0.0069094047284968905
cnv_depth__IBNLCO_05714__IBNLCO_05714__gene,-0.006903926856611927,0.006903926856611927
cnv_depth__IBNLCO_02801__dnaA__gene,0.006903749906795678,0.006903749906795678
cnv_depth__IBNLCO_04292__gnl|Bakta|IBNLCO_04292__CDS,0.00689620605831338,0.00689620605831338
cnv_depth__IBNLCO_04389__Recombinase-like__CDS,0.006896052425550572,0.006896052425550572
cnv_depth__IBNLCO_04719__IBNLCO_04719__gene,-0.006889844439381748,0.006889844439381748
cnv_depth__IBNLCO_01697__hypothetical__CDS,-0.006886327999069698,0.006886327999069698
cnv_depth__IBNLCO_00547__Formyltetrahydrofolate__CDS__promoter,0.006882924428674116,0.006882924428674116
cnv_depth__IBNLCO_03273__trnA__gene__promoter,0.006881803559112753,0.006881803559112753
cnv_depth__IBNLCO_01295__IBNLCO_01295__gene__promoter,-0.00688083667752657,0.00688083667752657
cnv_depth__IBNLCO_04518__IBNLCO_04518__gene,-0.006879909971336566,0.006879909971336566
cnv_depth__IBNLCO_01724__JmjC__CDS__promoter,-0.006877781715976059,0.006877781715976059
cnv_depth__IBNLCO_05544__AMP-binding__CDS__promoter,-0.006875260681466622,0.006875260681466622
cnv_depth__IBNLCO_00117__IBNLCO_00117__gene__promoter,0.006868882011378034,0.006868882011378034
cnv_depth__IBNLCO_03635__hypothetical__CDS__promoter,0.006868088129811401,0.006868088129811401
cnv_depth__IBNLCO_04775__Beta-peptidyl__CDS__promoter,0.006867903922229544,0.006867903922229544
cnv_depth__IBNLCO_05278__IBNLCO_05278__gene__promoter,0.0068676610585418,0.0068676610585418
cnv_depth__IBNLCO_04099__terpene__CDS,-0.006866186087382504,0.006866186087382504
cnv_depth__IBNLCO_04751__Colicin__CDS,-0.006861515739817208,0.006861515739817208
cnv_depth__IBNLCO_02260__gnl|Bakta|IBNLCO_02260__CDS,-0.006861316272048918,0.006861316272048918
cnv_depth__IBNLCO_03463__Amino__CDS__promoter,0.006859571403408582,0.006859571403408582
cnv_depth__IBNLCO_00753__IBNLCO_00753__gene__promoter,0.006859288919656749,0.006859288919656749
cnv_depth__IBNLCO_01577__Leucyl/phenylalanyl-tRNA--protein__CDS__promoter,0.00685167828296637,0.00685167828296637
cnv_depth__IBNLCO_04795__Putative__CDS__promoter,-0.006850336178429798,0.006850336178429798
cnv_depth__IBNLCO_01881__Polyhydroxyalkanoate__CDS__promoter,-0.0068461494014651235,0.0068461494014651235
cnv_depth__IBNLCO_02121__Ribosome-recycling__CDS,0.006843671922520283,0.006843671922520283
cnv_depth__IBNLCO_03772__malR__gene__promoter,0.006842102550544062,0.006842102550544062
cnv_depth__IBNLCO_05616__ureidoglycolate__CDS__promoter,0.006841866420300953,0.006841866420300953
cnv_depth__IBNLCO_04965__Polyketide__CDS,-0.006841345526033638,0.006841345526033638
cnv_depth__IBNLCO_05248__trnI__gene__promoter,0.006839060397002594,0.006839060397002594
cnv_depth__IBNLCO_02996__trnP__gene__promoter,0.006834179851560753,0.006834179851560753
cnv_depth__IBNLCO_02512__Ubiquinone__CDS,0.006831879794829969,0.006831879794829969
cnv_depth__IBNLCO_00273__flgH__gene,0.0068306032634604195,0.0068306032634604195
cnv_depth__IBNLCO_02717__D-lactate__CDS,0.006829781201749068,0.006829781201749068
cnv_depth__IBNLCO_00249__IBNLCO_00249__gene__promoter,-0.0068284181981945365,0.0068284181981945365
cnv_depth__IBNLCO_01384__Transmembrane__CDS,0.0068280114407050264,0.0068280114407050264
cnv_depth__IBNLCO_04819__IBNLCO_04819__gene,-0.006827510057807101,0.006827510057807101
cnv_depth__IBNLCO_03499__Type__CDS,-0.00681686038688731,0.00681686038688731
cnv_depth__IBNLCO_04387__IBNLCO_04387__gene,-0.006816803979807726,0.006816803979807726
cnv_depth__IBNLCO_04881__hypothetical__CDS__promoter,0.0068156747235306675,0.0068156747235306675
cnv_depth__IBNLCO_03176__cyaY__gene__promoter,0.006812825744576107,0.006812825744576107
cnv_depth__IBNLCO_04017__IBNLCO_04017__gene__promoter,-0.006812746450434815,0.006812746450434815
cnv_depth__IBNLCO_02742__putative__CDS__promoter,-0.006812700278433427,0.006812700278433427
cnv_depth__IBNLCO_03968__MobA-like__CDS__promoter,-0.006808927013050463,0.006808927013050463
cnv_depth__IBNLCO_04423__HTH__CDS,-0.006808380159457138,0.006808380159457138
cnv_depth__IBNLCO_05321__IBNLCO_05321__gene__promoter,-0.006807678369672051,0.006807678369672051
cnv_depth__IBNLCO_01555__IBNLCO_01555__gene,-0.006806921357382815,0.006806921357382815
cnv_depth__IBNLCO_02310__IBNLCO_02310__gene,0.006806052141730531,0.006806052141730531
cnv_depth__IBNLCO_02981__IBNLCO_02981__gene,0.0068058185240333635,0.0068058185240333635
cnv_depth__IBNLCO_04731__hypothetical__CDS,-0.006805718796546897,0.006805718796546897
cnv_depth__IBNLCO_00839__Epoxyqueuosine__CDS__promoter,-0.006805014757779697,0.006805014757779697
cnv_depth__IBNLCO_01270__lysR__gene__promoter,-0.006804819685166106,0.006804819685166106
cnv_depth__IBNLCO_01252__Calcineurin-like__CDS,-0.006804404569669042,0.006804404569669042
cnv_depth__IBNLCO_01473__IBNLCO_01473__gene,-0.006803928776594803,0.006803928776594803
cnv_depth__IBNLCO_01780__hypothetical__CDS,0.006803881529812382,0.006803881529812382
cnv_depth__IBNLCO_05537__Acyl-CoA__CDS,0.00680335246640067,0.00680335246640067
cnv_depth__IBNLCO_01990__Alpha/beta__CDS__promoter,-0.006803091735234611,0.006803091735234611
cnv_depth__IBNLCO_02226__Outer__CDS,-0.006796572719424495,0.006796572719424495
cnv_depth__IBNLCO_04281__IBNLCO_04281__gene,-0.006793793095696842,0.006793793095696842
cnv_depth__IBNLCO_02569__clcA__gene__promoter,0.006792468944278551,0.006792468944278551
cnv_depth__IBNLCO_03603__IBNLCO_03603__gene__promoter,-0.006788701254735693,0.006788701254735693
cnv_depth__IBNLCO_02616__PII-like__CDS,-0.006787361036252945,0.006787361036252945
cnv_depth__unknown__unknown__regulatory.15,0.006784000154047759,0.006784000154047759
cnv_depth__IBNLCO_05686__IBNLCO_05686__gene__promoter,0.006781585439000905,0.006781585439000905
cnv_depth__IBNLCO_00486__IBNLCO_00486__gene,0.006780846144950915,0.006780846144950915
cnv_depth__IBNLCO_03925__Spermidine/putrescine__CDS__promoter,0.0067802611774425755,0.0067802611774425755
cnv_depth__IBNLCO_02434__HAD-superfamily__CDS__promoter,0.006780030505687944,0.006780030505687944
cnv_depth__IBNLCO_05508__prnB__gene,0.0067781248669076845,0.0067781248669076845
cnv_depth__IBNLCO_02276__trnfM__gene__promoter,0.006777881592704231,0.006777881592704231
cnv_depth__IBNLCO_01465__IBNLCO_01465__gene,0.006773951707723305,0.006773951707723305
cnv_depth__IBNLCO_04590__DUF2165__CDS__promoter,0.0067719066750178475,0.0067719066750178475
cnv_depth__IBNLCO_04132__Periplasmic__CDS,0.006770970539495249,0.006770970539495249
cnv_depth__IBNLCO_03254__NADP-dependent__CDS__promoter,0.006770297872298639,0.006770297872298639
cnv_depth__IBNLCO_03252__IBNLCO_03252__gene,-0.006770067473279955,0.006770067473279955
cnv_depth__IBNLCO_05705__IBNLCO_05705__gene,0.006769391282060302,0.006769391282060302
cnv_depth__IBNLCO_00887__Isoleucine--tRNA__CDS__promoter,-0.0067645640762469495,0.0067645640762469495
cnv_depth__IBNLCO_00295__IBNLCO_00295__gene__promoter,-0.006763559675004408,0.006763559675004408
cnv_depth__IBNLCO_01977__IBNLCO_01977__gene__promoter,-0.0067602219988398314,0.0067602219988398314
cnv_depth__IBNLCO_04613__copG__gene__promoter,-0.006759680443374453,0.006759680443374453
cnv_depth__IBNLCO_03572__IBNLCO_03572__gene__promoter,0.0067522528292541,0.0067522528292541
cnv_depth__IBNLCO_04202__DNA-binding__CDS,-0.006750688020051163,0.006750688020051163
cnv_depth__IBNLCO_04103__IBNLCO_04103__gene__promoter,-0.006748436700186448,0.006748436700186448
cnv_depth__IBNLCO_00084__IBNLCO_00084__gene,0.006745088255527728,0.006745088255527728
cnv_depth__IBNLCO_03476__IBNLCO_03476__gene,-0.00674254495873558,0.00674254495873558
cnv_depth__IBNLCO_00026__flagellar__CDS__promoter,0.006742277831696585,0.006742277831696585
cnv_depth__IBNLCO_04681__SDR__CDS,-0.006740398745198337,0.006740398745198337
cnv_depth__IBNLCO_02196__IBNLCO_02196__gene__promoter,-0.006740104838683476,0.006740104838683476
cnv_depth__IBNLCO_03090__gnl|Bakta|IBNLCO_03090__CDS__promoter,0.006738494591794941,0.006738494591794941
cnv_depth__IBNLCO_01840__IBNLCO_01840__gene__promoter,0.0067376768891571435,0.0067376768891571435
cnv_depth__IBNLCO_03000__pilD__gene__promoter,0.0067366785513686845,0.0067366785513686845
cnv_depth__IBNLCO_05706__IBNLCO_05706__gene,0.0067322360705558025,0.0067322360705558025
cnv_depth__IBNLCO_04863__peptidylprolyl__CDS,0.006727823197357386,0.006727823197357386
cnv_depth__IBNLCO_03052__FMN-dependent__CDS__promoter,0.006726395225304581,0.006726395225304581
cnv_depth__IBNLCO_00360__EAL__CDS__promoter,0.006726182394278901,0.006726182394278901
cnv_depth__IBNLCO_02980__IBNLCO_02980__gene,0.006725874739293482,0.006725874739293482
cnv_depth__IBNLCO_05350__3-oxoacyl-[acyl-carrier__CDS__promoter,-0.006723055722700356,0.006723055722700356
cnv_depth__IBNLCO_00184__Polyphosphate__CDS__promoter,-0.006722524501259992,0.006722524501259992
cnv_depth__IBNLCO_02922__IBNLCO_02922__gene__promoter,-0.00671894139652143,0.00671894139652143
cnv_depth__IBNLCO_00690__IBNLCO_00690__gene__promoter,0.006716039251947088,0.006716039251947088
cnv_depth__IBNLCO_05188__IBNLCO_05188__gene__promoter,-0.006715919358872043,0.006715919358872043
cnv_depth__IBNLCO_00958__Light-independent__CDS,0.006714151891372451,0.006714151891372451
cnv_depth__IBNLCO_04967__IBNLCO_04967__gene__promoter,-0.006712094195654278,0.006712094195654278
cnv_depth__IBNLCO_00463__ctaB__gene,-0.006706253691830115,0.006706253691830115
cnv_depth__IBNLCO_02187__IBNLCO_02187__gene,-0.006705173432234366,0.006705173432234366
cnv_depth__IBNLCO_03026__3-demethoxyubiquinol__CDS,0.006704337539740055,0.006704337539740055
cnv_depth__IBNLCO_01976__IBNLCO_01976__gene,0.006703641474407191,0.006703641474407191
cnv_depth__IBNLCO_04353__HTH-type__CDS,-0.006701071494162024,0.006701071494162024
cnv_depth__IBNLCO_04731__hypothetical__CDS__promoter,-0.006685925804457836,0.006685925804457836
cnv_depth__IBNLCO_00170__IBNLCO_00170__gene,0.006685058689512108,0.006685058689512108
cnv_depth__IBNLCO_01469__IBNLCO_01469__gene,-0.006683309187800826,0.006683309187800826
cnv_depth__IBNLCO_04395__IBNLCO_04395__gene__promoter,0.0066820773536574425,0.0066820773536574425
cnv_depth__IBNLCO_01432__UPF0145__CDS__promoter,-0.006681783248645454,0.006681783248645454
cnv_depth__IBNLCO_00825__gnl|Bakta|IBNLCO_00825__CDS__promoter,-0.006679428633020939,0.006679428633020939
cnv_depth__IBNLCO_04205__lysR__gene__promoter,0.0066789403996994606,0.0066789403996994606
cnv_depth__IBNLCO_01855__norR__gene__promoter,-0.006675163176633664,0.006675163176633664
cnv_depth__IBNLCO_01558__Major__CDS__promoter,-0.006669089295172231,0.006669089295172231
cnv_depth__IBNLCO_00399__IBNLCO_00399__gene,0.006668358389291744,0.006668358389291744
cnv_depth__IBNLCO_04913__VOC__CDS,0.006667888608793614,0.006667888608793614
cnv_depth__IBNLCO_00529__Formamidopyrimidine-DNA__CDS__promoter,0.00666731502502696,0.00666731502502696
cnv_depth__IBNLCO_05791__UspA__CDS,0.006667150432246331,0.006667150432246331
cnv_depth__IBNLCO_01856__IBNLCO_01856__gene__promoter,-0.006667018892959486,0.006667018892959486
cnv_depth__IBNLCO_05768__IBNLCO_05768__gene,-0.0066588397298331424,0.0066588397298331424
cnv_depth__IBNLCO_02730__glutaryl-CoA__CDS,0.006655181832391166,0.006655181832391166
cnv_depth__IBNLCO_03370__Ethanolamine__CDS__promoter,-0.00665494862364507,0.00665494862364507
cnv_depth__IBNLCO_03287__IBNLCO_03287__gene,0.006654077460990056,0.006654077460990056
cnv_depth__IBNLCO_03450__3-hydroxybutyrate__CDS__promoter,0.006654024944716032,0.006654024944716032
cnv_depth__IBNLCO_03804__2-aminoethylphosphonate__CDS__promoter,-0.0066479112490283624,0.0066479112490283624
cnv_depth__IBNLCO_02369__IBNLCO_02369__gene,-0.006647755700729009,0.006647755700729009
cnv_depth__IBNLCO_02838__IBNLCO_02838__gene__promoter,-0.006644398817123328,0.006644398817123328
cnv_depth__IBNLCO_02245__Lipoprotein-releasing__CDS,-0.006641271825480001,0.006641271825480001
cnv_depth__IBNLCO_04870__hypothetical__CDS,-0.006639180786997988,0.006639180786997988
cnv_depth__IBNLCO_04998__two-component__CDS,-0.006635909510250693,0.006635909510250693
cnv_depth__IBNLCO_00429__gnl|Bakta|IBNLCO_00429__CDS__promoter,0.00663472160948711,0.00663472160948711
cnv_depth__IBNLCO_01938__Molybdopterin__CDS__promoter,0.006631984857837239,0.006631984857837239
cnv_depth__IBNLCO_04235__hypothetical__CDS,-0.006618531210514694,0.006618531210514694
cnv_depth__IBNLCO_03910__DJ-1/PfpI__CDS__promoter,0.006616919059879864,0.006616919059879864
cnv_depth__IBNLCO_03424__HTH__CDS,0.006609897600433586,0.006609897600433586
cnv_depth__IBNLCO_02418__rseB__gene,-0.006609430908616021,0.006609430908616021
cnv_depth__IBNLCO_05739__gnl|Bakta|IBNLCO_05739__CDS,0.006607887572223591,0.006607887572223591
cnv_depth__IBNLCO_05404__Benzoate/toluate__CDS__promoter,0.006607651640560304,0.006607651640560304
cnv_depth__IBNLCO_02997__corB__gene__promoter,-0.006607142784940895,0.006607142784940895
cnv_depth__IBNLCO_04183__IBNLCO_04183__gene,-0.0066069551193258975,0.0066069551193258975
cnv_depth__IBNLCO_05212__IBNLCO_05212__gene__promoter,0.006605901741248476,0.006605901741248476
cnv_depth__IBNLCO_02511__IBNLCO_02511__gene__promoter,0.006605437094239502,0.006605437094239502
cnv_depth__IBNLCO_00508__IBNLCO_00508__gene__promoter,0.0066053787779393755,0.0066053787779393755
cnv_depth__IBNLCO_01939__IBNLCO_01939__gene,0.006603774678589094,0.006603774678589094
cnv_depth__IBNLCO_00762__Tyrosine__CDS__promoter,0.006600577062807268,0.006600577062807268
cnv_depth__IBNLCO_02923__Gamma-glutamyl__CDS,-0.006599728793526054,0.006599728793526054
cnv_depth__IBNLCO_05583__IBNLCO_05583__gene__promoter,-0.006594820155428407,0.006594820155428407
cnv_depth__IBNLCO_05771__2-oxoisovalerate__CDS__promoter,0.006594223117892106,0.006594223117892106
cnv_depth__IBNLCO_02223__IBNLCO_02223__gene__promoter,0.006590780643154363,0.006590780643154363
cnv_depth__IBNLCO_04595__padR__gene__promoter,-0.006585407810742193,0.006585407810742193
cnv_depth__IBNLCO_05059__Cellulose__CDS__promoter,-0.006585247345233361,0.006585247345233361
cnv_depth__IBNLCO_02652__IBNLCO_02652__gene__promoter,-0.006585134379324925,0.006585134379324925
cnv_depth__IBNLCO_05417__IBNLCO_05417__gene__promoter,-0.006584546710777205,0.006584546710777205
cnv_depth__IBNLCO_03890__HTH-type__CDS__promoter,-0.0065844499098688,0.0065844499098688
cnv_depth__IBNLCO_00501__IBNLCO_00501__gene,0.006579455294425846,0.006579455294425846
cnv_depth__IBNLCO_05440__IBNLCO_05440__gene__promoter,-0.006579343613780364,0.006579343613780364
cnv_depth__IBNLCO_03190__IBNLCO_03190__gene__promoter,0.006579172698411739,0.006579172698411739
cnv_depth__IBNLCO_01277__SHSP__CDS,-0.00657902865385261,0.00657902865385261
cnv_depth__IBNLCO_02520__IBNLCO_02520__gene__promoter,-0.006578578138561201,0.006578578138561201
cnv_depth__IBNLCO_05546__Carrier__CDS__promoter,-0.006576915332699022,0.006576915332699022
cnv_depth__IBNLCO_02290__pncC__gene__promoter,-0.006573796580598128,0.006573796580598128
cnv_depth__IBNLCO_04476__Cytochrome__CDS,0.006572220585379398,0.006572220585379398
cnv_depth__IBNLCO_02305__DUF222__CDS,0.006571270010879415,0.006571270010879415
cnv_depth__IBNLCO_01091__IBNLCO_01091__gene,0.006570181266716724,0.006570181266716724
cnv_depth__IBNLCO_05084__type__CDS__promoter,-0.006568252891078573,0.006568252891078573
cnv_depth__IBNLCO_05367__IBNLCO_05367__gene,0.006567802654825265,0.006567802654825265
cnv_depth__IBNLCO_03442__IBNLCO_03442__gene__promoter,0.006566127299180057,0.006566127299180057
cnv_depth__IBNLCO_02584__IBNLCO_02584__gene,0.006565826253940873,0.006565826253940873
cnv_depth__IBNLCO_00180__mreB__gene,0.006559614652915622,0.006559614652915622
cnv_depth__IBNLCO_00098__lysR__gene,0.006557874349172984,0.006557874349172984
cnv_depth__IBNLCO_02580__Replication-associated__CDS__promoter,0.006557447316867663,0.006557447316867663
cnv_depth__IBNLCO_00398__Type__CDS__promoter,0.0065562887632340215,0.0065562887632340215
cnv_depth__IBNLCO_02920__IBNLCO_02920__gene,0.006555319675163839,0.006555319675163839
cnv_depth__IBNLCO_05062__Cellulose__CDS,0.0065533020720948375,0.0065533020720948375
cnv_depth__IBNLCO_01042__IBNLCO_01042__gene,-0.006551906945284346,0.006551906945284346
cnv_depth__IBNLCO_00967__IBNLCO_00967__gene__promoter,-0.006550431249700826,0.006550431249700826
cnv_depth__IBNLCO_03723__IBNLCO_03723__gene,-0.00654924515087211,0.00654924515087211
cnv_depth__IBNLCO_00244__Proline/betaine__CDS,0.006547304702954547,0.006547304702954547
cnv_depth__IBNLCO_02180__hypothetical__CDS,0.006546950528016159,0.006546950528016159
cnv_depth__IBNLCO_03965__2-aminoethylphosphonate--pyruvate__CDS,0.006546047933925894,0.006546047933925894
cnv_depth__IBNLCO_03571__IBNLCO_03571__gene,-0.006543199855643791,0.006543199855643791
cnv_depth__IBNLCO_03630__LysR__CDS,0.006535839114134859,0.006535839114134859
cnv_depth__IBNLCO_03045__hypothetical__CDS__promoter,-0.006534956801677812,0.006534956801677812
cnv_depth__IBNLCO_05691__gspF__gene__promoter,-0.00653177815208801,0.00653177815208801
cnv_depth__IBNLCO_03920__IBNLCO_03920__gene__promoter,0.006531156470326826,0.006531156470326826
cnv_depth__IBNLCO_03276__Phosphoheptose__CDS,-0.006526064448779527,0.006526064448779527
cnv_depth__IBNLCO_01903__Outer__CDS__promoter,0.006525331969129202,0.006525331969129202
cnv_depth__IBNLCO_02202__IBNLCO_02202__gene__promoter,-0.0065241386225488125,0.0065241386225488125
cnv_depth__IBNLCO_02939__MFS__CDS,-0.0065235368968036035,0.0065235368968036035
cnv_depth__IBNLCO_04696__ugpC__gene,0.0065223261949545015,0.0065223261949545015
cnv_depth__IBNLCO_00749__IBNLCO_00749__gene,-0.006520648962426125,0.006520648962426125
cnv_depth__IBNLCO_03321__Small__CDS__promoter,0.00651580408545721,0.00651580408545721
cnv_depth__IBNLCO_02571__hypothetical__CDS__promoter,-0.006514853971751752,0.006514853971751752
cnv_depth__IBNLCO_05392__Muconolactone__CDS__promoter,-0.006514166173123552,0.006514166173123552
cnv_depth__IBNLCO_04847__Sarcosine__CDS__promoter,0.006510784476992533,0.006510784476992533
cnv_depth__IBNLCO_01050__Histidinol-phosphate__CDS__promoter,0.00651019553376878,0.00651019553376878
cnv_depth__IBNLCO_00052__IBNLCO_00052__gene,0.006509716914825125,0.006509716914825125
cnv_depth__IBNLCO_01880__rimO__gene,-0.006507019023649158,0.006507019023649158
cnv_depth__IBNLCO_02916__Adenylosuccinate__CDS__promoter,0.006500995060589359,0.006500995060589359
cnv_depth__IBNLCO_04297__p-aminobenzoate__CDS,-0.0064932325937992995,0.0064932325937992995
cnv_depth__IBNLCO_02915__IBNLCO_02915__gene,0.006491055197789347,0.006491055197789347
cnv_depth__IBNLCO_03863__IBNLCO_03863__gene__promoter,0.006490295525821056,0.006490295525821056
cnv_depth__IBNLCO_04550__IBNLCO_04550__gene__promoter,-0.006486193290433812,0.006486193290433812
cnv_depth__IBNLCO_00218__IBNLCO_00218__gene__promoter,0.006485647735526132,0.006485647735526132
cnv_depth__IBNLCO_05022__bsaP__gene,-0.006480806239203026,0.006480806239203026
cnv_depth__IBNLCO_01406__IBNLCO_01406__gene__promoter,-0.006477888021191811,0.006477888021191811
cnv_depth__IBNLCO_02904__SHSP__CDS__promoter,0.006473678606221551,0.006473678606221551
cnv_depth__IBNLCO_03187__Thiol:disulfide__CDS__promoter,0.006471888861568933,0.006471888861568933
cnv_depth__IBNLCO_03617__clpB__gene,0.006470571642661807,0.006470571642661807
cnv_depth__IBNLCO_02820__Acid__CDS__promoter,0.006470437542165199,0.006470437542165199
cnv_depth__IBNLCO_03761__IBNLCO_03761__gene,0.006469796859565237,0.006469796859565237
cnv_depth__IBNLCO_01241__hypothetical__CDS,0.00646908904298221,0.00646908904298221
cnv_depth__IBNLCO_01587__IBNLCO_01587__gene__promoter,0.006468693873768043,0.006468693873768043
cnv_depth__IBNLCO_00979__hypothetical__CDS__promoter,-0.00646792942681762,0.00646792942681762
cnv_depth__IBNLCO_04825__IBNLCO_04825__gene__promoter,0.006464784922235879,0.006464784922235879
cnv_depth__IBNLCO_04112__IBNLCO_04112__gene__promoter,-0.006462270693881526,0.006462270693881526
cnv_depth__IBNLCO_01432__IBNLCO_01432__gene,-0.006460188588703386,0.006460188588703386
cnv_depth__IBNLCO_02060__hypothetical__CDS,0.006455079666731725,0.006455079666731725
cnv_depth__IBNLCO_01285__IBNLCO_01285__gene__promoter,-0.006454414042270509,0.006454414042270509
cnv_depth__IBNLCO_03285__IBNLCO_03285__gene,-0.0064519542511756655,0.0064519542511756655
cnv_depth__IBNLCO_01174__IBNLCO_01174__gene,0.006451907083484645,0.006451907083484645
cnv_depth__IBNLCO_02131__Chromosome__CDS,-0.006450154578924888,0.006450154578924888
cnv_depth__IBNLCO_01031__gnl|Bakta|IBNLCO_01031__CDS,-0.0064488674201591675,0.0064488674201591675
cnv_depth__IBNLCO_02049__2-C-methyl-D-erythritol__CDS__promoter,-0.006445348601563399,0.006445348601563399
cnv_depth__IBNLCO_00183__IBNLCO_00183__gene,-0.006445203596847728,0.006445203596847728
cnv_depth__IBNLCO_00843__Cys-tRNA(Pro)/Cys-tRNA(Cys)__CDS,-0.0064451952910321905,0.0064451952910321905
cnv_depth__IBNLCO_01557__IBNLCO_01557__gene,0.006443624147897616,0.006443624147897616
cnv_depth__IBNLCO_02560__IBNLCO_02560__gene,-0.006437591386430129,0.006437591386430129
cnv_depth__IBNLCO_00827__HTH__CDS,0.0064341660301172115,0.0064341660301172115
cnv_depth__IBNLCO_02765__AraC__CDS__promoter,-0.006432687303957755,0.006432687303957755
cnv_depth__IBNLCO_00730__DUF1611__CDS,0.006426222628570742,0.006426222628570742
cnv_depth__IBNLCO_01453__hypothetical__CDS__promoter,-0.0064260098863797325,0.0064260098863797325
cnv_depth__IBNLCO_02309__Toprim__CDS__promoter,0.006423826123846987,0.006423826123846987
cnv_depth__IBNLCO_00768__lipopolysaccharide__CDS__promoter,0.00642054622447456,0.00642054622447456
cnv_depth__IBNLCO_00585__IBNLCO_00585__gene__promoter,0.0064190914148039525,0.0064190914148039525
cnv_depth__IBNLCO_00951__IBNLCO_00951__gene,0.006416058382533722,0.006416058382533722
cnv_depth__IBNLCO_01904__IBNLCO_01904__gene,0.0064157847542710995,0.0064157847542710995
cnv_depth__IBNLCO_02414__Signal__CDS__promoter,0.006415418122089947,0.006415418122089947
cnv_depth__IBNLCO_04447__IBNLCO_04447__gene__promoter,-0.006414176950244039,0.006414176950244039
cnv_depth__IBNLCO_02538__Fructose-1%2C6-bisphosphatase__CDS__promoter,-0.006411205855619507,0.006411205855619507
cnv_depth__IBNLCO_04037__livG__gene__promoter,-0.006409754296724143,0.006409754296724143
cnv_depth__IBNLCO_01677__Nickel/cobalt__CDS__promoter,-0.00640166603020697,0.00640166603020697
cnv_depth__IBNLCO_00198__ATP-dependent__CDS,0.0064011756016391355,0.0064011756016391355
cnv_depth__IBNLCO_02668__Bis(5'-nucleosyl)-tetraphosphatase%2C__CDS__promoter,-0.006400860246038908,0.006400860246038908
cnv_depth__IBNLCO_05633__IBNLCO_05633__gene__promoter,0.006399504471126883,0.006399504471126883
cnv_depth__IBNLCO_02516__hypothetical__CDS__promoter,-0.006399163668846521,0.006399163668846521
cnv_depth__IBNLCO_05595__IBNLCO_05595__gene,-0.006398458049261054,0.006398458049261054
cnv_depth__IBNLCO_04989__IBNLCO_04989__gene,0.00639679376986332,0.00639679376986332
cnv_depth__IBNLCO_01292__hypothetical__CDS,0.006396265809726565,0.006396265809726565
cnv_depth__IBNLCO_00465__IBNLCO_00465__gene__promoter,-0.006396057512346524,0.006396057512346524
cnv_depth__IBNLCO_03261__Outer__CDS__promoter,0.006396010317528929,0.006396010317528929
cnv_depth__IBNLCO_04519__Helix-turn-helix__CDS,0.006395526861266431,0.006395526861266431
cnv_depth__IBNLCO_03150__ABC__CDS__promoter,0.00639409252383874,0.00639409252383874
cnv_depth__IBNLCO_00362__IBNLCO_00362__gene__promoter,-0.006393203765690055,0.006393203765690055
cnv_depth__IBNLCO_02428__Large__CDS,-0.006389922488322793,0.006389922488322793
cnv_depth__IBNLCO_01672__Ferrichrome-iron__CDS__promoter,-0.006388693802721701,0.006388693802721701
cnv_depth__IBNLCO_03708__IBNLCO_03708__gene,-0.006385913050395534,0.006385913050395534
cnv_depth__IBNLCO_04537__IBNLCO_04537__gene__promoter,-0.006379957266184709,0.006379957266184709
cnv_depth__IBNLCO_03701__IBNLCO_03701__gene__promoter,0.006379007340829539,0.006379007340829539
cnv_depth__IBNLCO_05723__IBNLCO_05723__gene,-0.006375877348441518,0.006375877348441518
cnv_depth__IBNLCO_04738__IBNLCO_04738__gene,-0.006375506745304295,0.006375506745304295
cnv_depth__IBNLCO_00187__yqhC__gene,0.006375349765280837,0.006375349765280837
cnv_depth__IBNLCO_00303__IBNLCO_00303__gene,0.006373263807704094,0.006373263807704094
cnv_depth__IBNLCO_01066__IBNLCO_01066__gene,-0.006372664353393544,0.006372664353393544
cnv_depth__IBNLCO_00488__IBNLCO_00488__gene__promoter,0.00636926848308214,0.00636926848308214
cnv_depth__IBNLCO_03716__IBNLCO_03716__gene,0.006368262613797028,0.006368262613797028
cnv_depth__IBNLCO_02381__IBNLCO_02381__gene,-0.006367776216595497,0.006367776216595497
cnv_depth__IBNLCO_03404__IBNLCO_03404__gene__promoter,0.00636583257064244,0.00636583257064244
cnv_depth__IBNLCO_02263__Cysteine-rich__CDS__promoter,0.0063653224509156925,0.0063653224509156925
cnv_depth__IBNLCO_01639__IBNLCO_01639__gene,-0.006364463790236665,0.006364463790236665
cnv_depth__IBNLCO_01684__gnl|Bakta|IBNLCO_01684__CDS__promoter,-0.006363750412768889,0.006363750412768889
cnv_depth__IBNLCO_03076__ubiX__gene,0.006361182512693574,0.006361182512693574
cnv_depth__IBNLCO_03220__IBNLCO_03220__gene__promoter,0.006359233230586317,0.006359233230586317
cnv_depth__IBNLCO_01491__2-iminobutanoate/2-iminopropanoate__CDS__promoter,-0.006355404224939956,0.006355404224939956
cnv_depth__IBNLCO_02549__Cold-shock__CDS,0.00635469301695255,0.00635469301695255
cnv_depth__IBNLCO_02283__IBNLCO_02283__gene,-0.006353801593828641,0.006353801593828641
cnv_depth__IBNLCO_05757__BON__CDS,0.006348543528210574,0.006348543528210574
cnv_depth__IBNLCO_01215__IBNLCO_01215__gene__promoter,-0.006348355432271366,0.006348355432271366
cnv_depth__IBNLCO_01981__IBNLCO_01981__gene__promoter,-0.006341573254310287,0.006341573254310287
cnv_depth__IBNLCO_01641__IBNLCO_01641__gene,-0.006341202995697264,0.006341202995697264
cnv_depth__IBNLCO_00495__lysR__gene__promoter,0.006340460532855026,0.006340460532855026
cnv_depth__IBNLCO_01717__cheW__gene__promoter,0.0063401356596763745,0.0063401356596763745
cnv_depth__IBNLCO_05507__prnA__gene,0.006337873015654408,0.006337873015654408
cnv_depth__IBNLCO_01976__Ysc84__CDS__promoter,0.006334074272786763,0.006334074272786763
cnv_depth__IBNLCO_00092__Methylated-DNA--protein-cysteine__CDS__promoter,0.006333761280968924,0.006333761280968924
cnv_depth__IBNLCO_04752__Lipid__CDS__promoter,-0.006330938513351298,0.006330938513351298
cnv_depth__IBNLCO_05846__histidine__CDS,0.006325442502832531,0.006325442502832531
cnv_depth__IBNLCO_03295__flagellar__CDS__promoter,0.006322009255544862,0.006322009255544862
cnv_depth__IBNLCO_04899__3-oxo-tetronate__CDS,-0.006321701003653058,0.006321701003653058
cnv_depth__IBNLCO_05604__IBNLCO_05604__gene,0.006321522270197469,0.006321522270197469
cnv_depth__IBNLCO_01852__IBNLCO_01852__gene__promoter,0.006310079658744223,0.006310079658744223
cnv_depth__IBNLCO_00448__IBNLCO_00448__gene__promoter,-0.006307993263401257,0.006307993263401257
cnv_depth__IBNLCO_02697__IBNLCO_02697__gene,-0.00630727287401147,0.00630727287401147
cnv_depth__IBNLCO_05418__IBNLCO_05418__gene__promoter,-0.006303787653523699,0.006303787653523699
cnv_depth__IBNLCO_00023__lysR__gene,0.006303329385289768,0.006303329385289768
cnv_depth__IBNLCO_02493__IBNLCO_02493__gene__promoter,0.00630288720837384,0.00630288720837384
cnv_depth__IBNLCO_03433__IBNLCO_03433__gene,0.006301978411523489,0.006301978411523489
cnv_depth__IBNLCO_03140__ATP__CDS,0.0062911334503943225,0.0062911334503943225
cnv_depth__IBNLCO_02092__GMP__CDS,-0.006287753137686942,0.006287753137686942
cnv_depth__IBNLCO_03258__IBNLCO_03258__gene,0.006281298782358505,0.006281298782358505
cnv_depth__IBNLCO_03358__hypothetical__CDS__promoter,0.006281190975648359,0.006281190975648359
cnv_depth__IBNLCO_04238__hypothetical__CDS__promoter,-0.006280387904195616,0.006280387904195616
cnv_depth__IBNLCO_02244__gnl|Bakta|IBNLCO_02244__CDS,-0.006279410901990945,0.006279410901990945
cnv_depth__IBNLCO_05680__IBNLCO_05680__gene,0.006276068841661676,0.006276068841661676
cnv_depth__IBNLCO_00534__IBNLCO_00534__gene,-0.006275535622502527,0.006275535622502527
cnv_depth__IBNLCO_04823__IBNLCO_04823__gene__promoter,-0.006274845230848907,0.006274845230848907
cnv_depth__IBNLCO_01722__Syringopeptin__CDS,-0.006274494805262073,0.006274494805262073
cnv_depth__IBNLCO_02907__hypothetical__CDS__promoter,0.006270669143763581,0.006270669143763581
cnv_depth__IBNLCO_00277__flgK__gene__promoter,0.0062690415259814645,0.0062690415259814645
cnv_depth__IBNLCO_00634__IBNLCO_00634__gene,0.006267059017343295,0.006267059017343295
cnv_depth__IBNLCO_00270__flgE__gene,-0.006266975621793631,0.006266975621793631
cnv_depth__IBNLCO_03472__Serine__CDS__promoter,-0.006262330190781302,0.006262330190781302
cnv_depth__IBNLCO_02708__IBNLCO_02708__gene,-0.006261367610320891,0.006261367610320891
cnv_depth__IBNLCO_02895__Small__CDS__promoter,0.006258560265999032,0.006258560265999032
cnv_depth__IBNLCO_05690__Type__CDS__promoter,-0.006258538400042928,0.006258538400042928
cnv_depth__IBNLCO_04379__N-acylhomoserine__CDS__promoter,0.006258254284071069,0.006258254284071069
cnv_depth__IBNLCO_02092__GMP__CDS__promoter,0.006257311346240787,0.006257311346240787
cnv_depth__IBNLCO_04129__Winged__CDS,-0.006256596329430079,0.006256596329430079
cnv_depth__IBNLCO_00112__hypothetical__CDS__promoter,0.006253020826588695,0.006253020826588695
cnv_depth__IBNLCO_03355__Fusaric__CDS__promoter,0.006250183942094323,0.006250183942094323
cnv_depth__IBNLCO_02697__IBNLCO_02697__gene__promoter,-0.006247182422861636,0.006247182422861636
cnv_depth__IBNLCO_02263__Cysteine-rich__CDS,-0.006241136924347167,0.006241136924347167
cnv_depth__IBNLCO_03826__Ferrous__CDS__promoter,0.006238654217298451,0.006238654217298451
cnv_depth__IBNLCO_00593__IBNLCO_00593__gene,0.0062373839109546286,0.0062373839109546286
cnv_depth__IBNLCO_03462__Methyltransferase__CDS__promoter,0.006234657936061699,0.006234657936061699
cnv_depth__IBNLCO_04905__Choline__CDS,-0.006233277509100721,0.006233277509100721
cnv_depth__IBNLCO_00310__cusA__gene,-0.006227072366724239,0.006227072366724239
cnv_depth__IBNLCO_00510__IBNLCO_00510__gene__promoter,-0.006226338569082613,0.006226338569082613
cnv_depth__IBNLCO_04758__Membrane-bound__CDS,-0.006224324626190825,0.006224324626190825
cnv_depth__IBNLCO_03528__hypothetical__CDS__promoter,-0.006220159019364768,0.006220159019364768
cnv_depth__IBNLCO_00044__Putative__CDS__promoter,0.00622006336702987,0.00622006336702987
cnv_depth__IBNLCO_01207__Cytochrome__CDS__promoter,0.00621956380961584,0.00621956380961584
cnv_depth__IBNLCO_01286__IBNLCO_01286__gene__promoter,0.006214930960132097,0.006214930960132097
cnv_depth__IBNLCO_01658__Short__CDS__promoter,0.006214460441056226,0.006214460441056226
cnv_depth__IBNLCO_04586__Riboflavin__CDS,0.00620856507638603,0.00620856507638603
cnv_depth__IBNLCO_05153__Formate__CDS,0.006204162601232946,0.006204162601232946
cnv_depth__IBNLCO_03512__IS30__CDS__promoter,0.006202666016750176,0.006202666016750176
cnv_depth__IBNLCO_02798__IBNLCO_02798__gene,-0.0062026168256382975,0.0062026168256382975
cnv_depth__IBNLCO_00565__IBNLCO_00565__gene,0.006200547693958881,0.006200547693958881
cnv_depth__IBNLCO_03350__PIN__CDS__promoter,0.006198770805587685,0.006198770805587685
cnv_depth__IBNLCO_02224__50S__CDS__promoter,0.006197327609359291,0.006197327609359291
cnv_depth__IBNLCO_00268__flgC__gene__promoter,0.006195110373145389,0.006195110373145389
cnv_depth__IBNLCO_03023__Cell__CDS__promoter,0.006194669306849661,0.006194669306849661
cnv_depth__IBNLCO_05329__UDP-glucose__CDS__promoter,-0.006191502464926624,0.006191502464926624
cnv_depth__IBNLCO_00999__ABC__CDS,0.006180597512797921,0.006180597512797921
cnv_depth__IBNLCO_04272__IBNLCO_04272__gene__promoter,-0.006179569566454988,0.006179569566454988
cnv_depth__IBNLCO_05540__Citronellyl-CoA__CDS__promoter,0.006179549983603449,0.006179549983603449
cnv_depth__IBNLCO_02065__5-hydroxyisourate__CDS,-0.006177889529723236,0.006177889529723236
cnv_depth__IBNLCO_00849__Small__CDS,0.006177728186903445,0.006177728186903445
cnv_depth__IBNLCO_01491__IBNLCO_01491__gene,-0.0061772776469226544,0.0061772776469226544
cnv_depth__IBNLCO_01966__Nitrous-oxide__CDS__promoter,0.006177028123943658,0.006177028123943658
cnv_depth__IBNLCO_03777__Dibenzothiophene__CDS__promoter,-0.006175137714363439,0.006175137714363439
cnv_depth__IBNLCO_03615__tssC1__gene__promoter,0.006174851914876175,0.006174851914876175
cnv_depth__IBNLCO_00084__Lipoprotein-attachment__CDS__promoter,0.006172027205271031,0.006172027205271031
cnv_depth__IBNLCO_03636__IBNLCO_03636__gene,0.006171006399517824,0.006171006399517824
cnv_depth__IBNLCO_05332__Insertion__CDS,-0.00617058797284052,0.00617058797284052
cnv_depth__IBNLCO_04140__Isoquinoline__CDS,-0.006170434450482278,0.006170434450482278
cnv_depth__IBNLCO_04986__vgrG5__gene,-0.006170310444003781,0.006170310444003781
cnv_depth__IBNLCO_01902__IBNLCO_01902__gene__promoter,-0.006168568481201283,0.006168568481201283
cnv_depth__IBNLCO_05123__MaoC__CDS__promoter,-0.0061600535911352835,0.0061600535911352835
cnv_depth__IBNLCO_02942__IBNLCO_02942__gene,0.006159626863959317,0.006159626863959317
cnv_depth__IBNLCO_00252__IBNLCO_00252__gene__promoter,0.006159429738324543,0.006159429738324543
cnv_depth__IBNLCO_04725__IBNLCO_04725__gene__promoter,0.006157730147393859,0.006157730147393859
cnv_depth__IBNLCO_02802__IBNLCO_02802__gene__promoter,0.006157490224660532,0.006157490224660532
cnv_depth__IBNLCO_02641__hypothetical__CDS,0.006154477849251177,0.006154477849251177
cnv_depth__IBNLCO_05746__zraR__gene,-0.00615163703392857,0.00615163703392857
cnv_depth__IBNLCO_00997__Histidine__CDS,0.006149229121500246,0.006149229121500246
cnv_depth__IBNLCO_02901__gnl|Bakta|IBNLCO_02901__CDS__promoter,-0.006142767794433126,0.006142767794433126
cnv_depth__IBNLCO_03091__hypothetical__CDS,0.006140769016599033,0.006140769016599033
cnv_depth__IBNLCO_05226__IBNLCO_05226__gene__promoter,0.0061351581305576835,0.0061351581305576835
cnv_depth__IBNLCO_01206__C-type__CDS,0.006132818931814588,0.006132818931814588
cnv_depth__IBNLCO_05455__Phosphate__CDS,-0.0061323822013950565,0.0061323822013950565
cnv_depth__IBNLCO_02078__DUF1993__CDS,-0.006131936139234771,0.006131936139234771
cnv_depth__IBNLCO_00372__NADPH-dependent__CDS,0.006131521398256653,0.006131521398256653
cnv_depth__IBNLCO_04802__Major__CDS__promoter,-0.006130530460186833,0.006130530460186833
cnv_depth__IBNLCO_03649__IBNLCO_03649__gene__promoter,0.006128196615198124,0.006128196615198124
cnv_depth__IBNLCO_00539__lptA__gene,-0.006127308695602887,0.006127308695602887
cnv_depth__IBNLCO_05793__IBNLCO_05793__gene__promoter,0.006122790838227056,0.006122790838227056
cnv_depth__IBNLCO_03180__msrP__gene,0.006119443028099548,0.006119443028099548
cnv_depth__IBNLCO_00636__IBNLCO_00636__gene__promoter,0.006117224169905547,0.006117224169905547
cnv_depth__IBNLCO_01869__eIF4A-inactivating__CDS,-0.006117116822244639,0.006117116822244639
cnv_depth__IBNLCO_05648__Succinyl-CoA--L-malate__CDS,-0.006116589568055648,0.006116589568055648
cnv_depth__IBNLCO_05050__bspI3__gene,-0.006107981276482714,0.006107981276482714
cnv_depth__IBNLCO_05327__Polysaccharide__CDS,-0.0061071010669514585,0.0061071010669514585
cnv_depth__IBNLCO_02819__Deaminated__CDS__promoter,0.006106912720910017,0.006106912720910017
cnv_depth__IBNLCO_05055__IBNLCO_05055__gene,0.006106242275938632,0.006106242275938632
cnv_depth__IBNLCO_03973__gnl|Bakta|IBNLCO_03973__CDS__promoter,0.0061053298450313405,0.0061053298450313405
cnv_depth__IBNLCO_01647__Fimbrial-type__CDS,-0.0061048402204587435,0.0061048402204587435
cnv_depth__IBNLCO_00234__bcaP__gene__promoter,-0.006102062099076424,0.006102062099076424
cnv_depth__IBNLCO_03900__XapX__CDS,0.00610098248545795,0.00610098248545795
cnv_depth__IBNLCO_05609__Rhodanese-related__CDS,-0.0060990751665303145,0.0060990751665303145
cnv_depth__IBNLCO_03809__Phosphonoacetaldehyde__CDS__promoter,-0.006090073835283478,0.006090073835283478
cnv_depth__IBNLCO_05812__IBNLCO_05812__gene__promoter,0.006085503774553675,0.006085503774553675
cnv_depth__IBNLCO_00666__IBNLCO_00666__gene,0.006084204638077213,0.006084204638077213
cnv_depth__IBNLCO_01974__hypothetical__CDS,-0.006083981457639772,0.006083981457639772
cnv_depth__IBNLCO_03170__IBNLCO_03170__gene,-0.0060838171338458745,0.0060838171338458745
cnv_depth__IBNLCO_02498__gnl|Bakta|IBNLCO_02498__CDS,0.006083751162766161,0.006083751162766161
cnv_depth__IBNLCO_02437__GTP__CDS,-0.006082422454680916,0.006082422454680916
cnv_depth__IBNLCO_05230__Spermidine/putrescine__CDS__promoter,0.0060822945679576985,0.0060822945679576985
cnv_depth__IBNLCO_03955__DUF403__CDS,0.006076210147685111,0.006076210147685111
cnv_depth__IBNLCO_01065__EamA__CDS__promoter,-0.006073527295882993,0.006073527295882993
cnv_depth__IBNLCO_05308__Chlorinating__CDS__promoter,-0.006070083491714666,0.006070083491714666
cnv_depth__IBNLCO_01401__IBNLCO_01401__gene,-0.006067829374774852,0.006067829374774852
cnv_depth__IBNLCO_02034__Inclusion__CDS__promoter,0.006066984549479465,0.006066984549479465
cnv_depth__IBNLCO_01677__IBNLCO_01677__gene,-0.006063830146946861,0.006063830146946861
cnv_depth__IBNLCO_02565__IBNLCO_02565__gene,-0.006063298362246419,0.006063298362246419
cnv_depth__IBNLCO_03231__trnW__gene__promoter,0.0060616374535722465,0.0060616374535722465
cnv_depth__IBNLCO_03406__IBNLCO_03406__gene,-0.006060488371981847,0.006060488371981847
cnv_depth__IBNLCO_01156__IBNLCO_01156__gene,0.0060597052079129285,0.0060597052079129285
cnv_depth__IBNLCO_05009__IpaC/SipC__CDS,0.006057728312069828,0.006057728312069828
cnv_depth__IBNLCO_01972__IBNLCO_01972__gene__promoter,-0.006052739473788931,0.006052739473788931
cnv_depth__IBNLCO_05451__ATP__CDS__promoter,-0.006051910258443042,0.006051910258443042
cnv_depth__IBNLCO_03412__IBNLCO_03412__gene,0.0060497777732332735,0.0060497777732332735
cnv_depth__IBNLCO_02744__tolQ__gene,0.006044576655668668,0.006044576655668668
cnv_depth__IBNLCO_05729__IBNLCO_05729__gene__promoter,0.006044125372739156,0.006044125372739156
cnv_depth__IBNLCO_02031__IBNLCO_02031__gene,-0.006040711426781493,0.006040711426781493
cnv_depth__IBNLCO_05605__IBNLCO_05605__gene,-0.006040373707910325,0.006040373707910325
cnv_depth__IBNLCO_01049__Glyoxalase-like__CDS__promoter,0.006038747667981574,0.006038747667981574
cnv_depth__IBNLCO_05077__type__CDS__promoter,0.0060385199466903286,0.0060385199466903286
cnv_depth__IBNLCO_02279__IBNLCO_02279__gene,-0.0060379129847084965,0.0060379129847084965
cnv_depth__IBNLCO_01076__IBNLCO_01076__gene,-0.006036889026875109,0.006036889026875109
cnv_depth__IBNLCO_00493__IBNLCO_00493__gene__promoter,0.0060342415013273955,0.0060342415013273955
cnv_depth__IBNLCO_01135__hypothetical__CDS,-0.006033612008204769,0.006033612008204769
cnv_depth__IBNLCO_00210__IBNLCO_00210__gene__promoter,-0.006032733760899656,0.006032733760899656
cnv_depth__IBNLCO_00049__Amino__CDS__promoter,-0.006032641935953188,0.006032641935953188
cnv_depth__IBNLCO_02189__IBNLCO_02189__gene,0.0060314967852368616,0.0060314967852368616
cnv_depth__IBNLCO_05244__IBNLCO_05244__gene__promoter,-0.006030884476602856,0.006030884476602856
cnv_depth__IBNLCO_02136__Succinyl-diaminopimelate__CDS__promoter,0.006029828941653565,0.006029828941653565
cnv_depth__IBNLCO_01541__IBNLCO_01541__gene__promoter,-0.006027578634453651,0.006027578634453651
cnv_depth__IBNLCO_04466__IBNLCO_04466__gene,-0.006025704936077247,0.006025704936077247
cnv_depth__IBNLCO_04386__iclR__gene,-0.0060253203431288975,0.0060253203431288975
cnv_depth__IBNLCO_05679__IBNLCO_05679__gene,-0.006023240171593513,0.006023240171593513
cnv_depth__IBNLCO_04186__IBNLCO_04186__gene__promoter,-0.006022233986250706,0.006022233986250706
cnv_depth__IBNLCO_05498__OXA-42__CDS__promoter,-0.006021104742734571,0.006021104742734571
cnv_depth__IBNLCO_04824__IBNLCO_04824__gene__promoter,-0.006020817975935305,0.006020817975935305
cnv_depth__IBNLCO_03372__IBNLCO_03372__gene__promoter,-0.006017218707432255,0.006017218707432255
cnv_depth__IBNLCO_03419__Lipopolysaccharide__CDS__promoter,0.006015512734332282,0.006015512734332282
cnv_depth__IBNLCO_04149__bprS__gene__promoter,-0.006014453188843782,0.006014453188843782
cnv_depth__IBNLCO_02825__IBNLCO_02825__gene,-0.006012114825660707,0.006012114825660707
cnv_depth__IBNLCO_04382__mgtC__gene,-0.006008548810692354,0.006008548810692354
cnv_depth__IBNLCO_00496__IBNLCO_00496__gene,0.006006592378470429,0.006006592378470429
cnv_depth__IBNLCO_02776__D-glycero-alpha-D-manno-heptose-1%2C7-bisphosphate__CDS,-0.006005319139935814,0.006005319139935814
cnv_depth__IBNLCO_04967__IBNLCO_04967__gene,-0.006004674362136881,0.006004674362136881
cnv_depth__IBNLCO_00355__Peptidase__CDS,-0.0060018045275232225,0.0060018045275232225
cnv_depth__IBNLCO_02072__Hydantoin__CDS__promoter,-0.006000402646548872,0.006000402646548872
cnv_depth__IBNLCO_03700__IBNLCO_03700__gene,0.00599949024103069,0.00599949024103069
cnv_depth__IBNLCO_02867__hypothetical__CDS__promoter,-0.005998967772197378,0.005998967772197378
cnv_depth__IBNLCO_04831__IBNLCO_04831__gene__promoter,0.005994679648490442,0.005994679648490442
cnv_depth__IBNLCO_03759__IBNLCO_03759__gene,-0.005992628477946617,0.005992628477946617
cnv_depth__IBNLCO_01103__dTTP/UTP__CDS__promoter,-0.005991049627140176,0.005991049627140176
cnv_depth__IBNLCO_02649__IBNLCO_02649__gene__promoter,-0.005988064111439414,0.005988064111439414
cnv_depth__IBNLCO_00994__Glutamine-dependent__CDS,-0.005987751002807786,0.005987751002807786
cnv_depth__IBNLCO_05703__IBNLCO_05703__gene,0.005987679218479075,0.005987679218479075
cnv_depth__IBNLCO_01454__IBNLCO_01454__gene,0.005986777955792188,0.005986777955792188
cnv_depth__IBNLCO_00737__hypothetical__CDS__promoter,0.005986180195704178,0.005986180195704178
cnv_depth__IBNLCO_03335__IBNLCO_03335__gene__promoter,0.005984904368519874,0.005984904368519874
cnv_depth__IBNLCO_02682__IBNLCO_02682__gene__promoter,-0.005982333773830833,0.005982333773830833
cnv_depth__IBNLCO_05105__bsaZ__gene,-0.0059720081983531195,0.0059720081983531195
cnv_depth__IBNLCO_00320__IBNLCO_00320__gene,-0.005971563545245388,0.005971563545245388
cnv_depth__IBNLCO_00731__IBNLCO_00731__gene__promoter,0.005970935493292337,0.005970935493292337
cnv_depth__IBNLCO_01947__Putative__CDS,-0.005968978147870663,0.005968978147870663
cnv_depth__IBNLCO_02888__IBNLCO_02888__gene,0.005967283833431092,0.005967283833431092
cnv_depth__IBNLCO_04301__IBNLCO_04301__gene__promoter,0.005967028922492452,0.005967028922492452
cnv_depth__IBNLCO_00042__IBNLCO_00042__gene,0.005963571207201478,0.005963571207201478
cnv_depth__IBNLCO_03201__Large__CDS__promoter,0.005963010980291092,0.005963010980291092
cnv_depth__IBNLCO_05025__Type__CDS,-0.005960091848350448,0.005960091848350448
cnv_depth__IBNLCO_00966__IBNLCO_00966__gene__promoter,-0.0059594479967619105,0.0059594479967619105
cnv_depth__IBNLCO_02489__Electron__CDS__promoter,0.005959274785393466,0.005959274785393466
cnv_depth__IBNLCO_05176__GDP-mannose__CDS__promoter,-0.00595479836386164,0.00595479836386164
cnv_depth__IBNLCO_03749__bepF__gene__promoter,0.005954548540880763,0.005954548540880763
cnv_depth__IBNLCO_01887__Outer__CDS__promoter,-0.005952318824537212,0.005952318824537212
cnv_depth__IBNLCO_02670__gnl|Bakta|IBNLCO_02670__CDS,-0.005950481871045813,0.005950481871045813
cnv_depth__IBNLCO_02492__Methionine__CDS__promoter,0.005949183400554722,0.005949183400554722
cnv_depth__IBNLCO_00185__Exodeoxyribonuclease__CDS__promoter,0.0059418280985378425,0.0059418280985378425
cnv_depth__IBNLCO_01905__IBNLCO_01905__gene__promoter,-0.005941639218968774,0.005941639218968774
cnv_depth__IBNLCO_00796__IBNLCO_00796__gene__promoter,0.0059401099828711905,0.0059401099828711905
cnv_depth__IBNLCO_01550__Sigma-54__CDS__promoter,0.005937878421420147,0.005937878421420147
cnv_depth__IBNLCO_02509__DUF2059__CDS__promoter,0.005935712346834336,0.005935712346834336
cnv_depth__IBNLCO_05658__IBNLCO_05658__gene__promoter,0.005935168148321557,0.005935168148321557
cnv_depth__IBNLCO_04284__Circularly__CDS,-0.005933103499562741,0.005933103499562741
cnv_depth__IBNLCO_00227__fliE__gene__promoter,-0.005920066378438642,0.005920066378438642
cnv_depth__IBNLCO_04029__Alpha/beta__CDS,-0.005919953578024616,0.005919953578024616
cnv_depth__IBNLCO_03578__IBNLCO_03578__gene__promoter,-0.005919552092857684,0.005919552092857684
cnv_depth__IBNLCO_00523__IBNLCO_00523__gene,0.005918556909966688,0.005918556909966688
cnv_depth__IBNLCO_03213__IBNLCO_03213__gene__promoter,0.005917721983247666,0.005917721983247666
cnv_depth__IBNLCO_05110__Type__CDS,0.005917211415761158,0.005917211415761158
cnv_depth__IBNLCO_01708__ABC__CDS,-0.005916256591163496,0.005916256591163496
cnv_depth__IBNLCO_04919__gnl|Bakta|IBNLCO_04919__CDS,0.005913301349526123,0.005913301349526123
cnv_depth__IBNLCO_00237__ferredoxin--NADP(+)__CDS__promoter,0.005912563922601424,0.005912563922601424
cnv_depth__IBNLCO_03359__gnl|Bakta|IBNLCO_03359__CDS__promoter,0.005908069917063003,0.005908069917063003
cnv_depth__IBNLCO_01076__C-type__CDS__promoter,-0.005908046496407521,0.005908046496407521
cnv_depth__IBNLCO_05802__NodB-like__CDS__promoter,-0.005906280611855937,0.005906280611855937
cnv_depth__IBNLCO_03803__IBNLCO_03803__gene,-0.005906221224371279,0.005906221224371279
cnv_depth__IBNLCO_05768__Dihydrolipoyl__CDS__promoter,-0.005903704314635711,0.005903704314635711
cnv_depth__IBNLCO_04007__Membrane__CDS,0.005902479612927109,0.005902479612927109
cnv_depth__IBNLCO_04490__hypothetical__CDS,-0.005902121401378968,0.005902121401378968
cnv_depth__IBNLCO_01220__ncS54__gene,0.0058996368989780385,0.0058996368989780385
cnv_depth__IBNLCO_02770__wcbT__gene,-0.005898553153248735,0.005898553153248735
cnv_depth__IBNLCO_00428__IBNLCO_00428__gene,0.005898298522949047,0.005898298522949047
cnv_depth__IBNLCO_00586__IBNLCO_00586__gene__promoter,0.005897545645647685,0.005897545645647685
cnv_depth__IBNLCO_01334__Phosphohistidine__CDS,-0.005893773890179054,0.005893773890179054
cnv_depth__IBNLCO_04069__phosphoenolpyruvate__CDS,0.005891079024436524,0.005891079024436524
cnv_depth__IBNLCO_04541__Cobalt-zinc-cadmium__CDS__promoter,0.005888975184183435,0.005888975184183435
cnv_depth__IBNLCO_05289__IBNLCO_05289__gene__promoter,0.0058875123236222,0.0058875123236222
cnv_depth__IBNLCO_01294__hypothetical__CDS,-0.005885626316384478,0.005885626316384478
cnv_depth__IBNLCO_00617__IBNLCO_00617__gene__promoter,0.0058855811472558325,0.0058855811472558325
cnv_depth__IBNLCO_03628__Tox-PAAR-like__CDS__promoter,0.005882167738708024,0.005882167738708024
cnv_depth__IBNLCO_00690__IBNLCO_00690__gene,0.005881483890358739,0.005881483890358739
cnv_depth__IBNLCO_00082__IBNLCO_00082__gene,0.005878426221475827,0.005878426221475827
cnv_depth__IBNLCO_05152__IBNLCO_05152__gene,0.0058783370409143535,0.0058783370409143535
cnv_depth__IBNLCO_05695__IBNLCO_05695__gene,-0.005873033586341012,0.005873033586341012
cnv_depth__IBNLCO_05510__prnD__gene__promoter,0.005872661933621137,0.005872661933621137
cnv_depth__IBNLCO_04259__Altronate__CDS,-0.005869088035461067,0.005869088035461067
cnv_depth__IBNLCO_00122__trnF__gene__promoter,0.005868689715237766,0.005868689715237766
cnv_depth__IBNLCO_02070__IBNLCO_02070__gene,-0.005868488275037674,0.005868488275037674
cnv_depth__IBNLCO_05293__IBNLCO_05293__gene,0.005865373277243334,0.005865373277243334
cnv_depth__IBNLCO_00006__IBNLCO_00006__gene,0.005865315403526361,0.005865315403526361
cnv_depth__IBNLCO_00224__fliH__gene__promoter,0.005863988775495756,0.005863988775495756
cnv_depth__IBNLCO_03284__IBNLCO_03284__gene__promoter,0.0058638597685355485,0.0058638597685355485
cnv_depth__IBNLCO_04026__IBNLCO_04026__gene,-0.005862441453211552,0.005862441453211552
cnv_depth__IBNLCO_03981__hypothetical__CDS__promoter,-0.005861450369627842,0.005861450369627842
cnv_depth__IBNLCO_01292__IBNLCO_01292__gene__promoter,0.0058610906352435715,0.0058610906352435715
cnv_depth__IBNLCO_02889__Tyrosine--tRNA__CDS,-0.005855393608327342,0.005855393608327342
cnv_depth__IBNLCO_01436__IBNLCO_01436__gene,0.005853907579463316,0.005853907579463316
cnv_depth__IBNLCO_02215__IBNLCO_02215__gene,-0.005852145330798132,0.005852145330798132
cnv_depth__IBNLCO_01319__Phosphate__CDS,-0.0058515768817874935,0.0058515768817874935
cnv_depth__IBNLCO_04099__IBNLCO_04099__gene__promoter,0.005851326680089142,0.005851326680089142
cnv_depth__IBNLCO_03471__IBNLCO_03471__gene,-0.005849427480115779,0.005849427480115779
cnv_depth__IBNLCO_04261__2-keto-3-deoxy-L-fuconate__CDS,-0.00584887835155137,0.00584887835155137
cnv_depth__IBNLCO_05163__IBNLCO_05163__gene,0.005846627754184739,0.005846627754184739
cnv_depth__IBNLCO_03744__IBNLCO_03744__gene__promoter,0.005845214213919909,0.005845214213919909
cnv_depth__IBNLCO_04741__yigZ__gene__promoter,-0.005843181793061052,0.005843181793061052
cnv_depth__IBNLCO_00722__lysR__gene__promoter,-0.005841385348909924,0.005841385348909924
cnv_depth__IBNLCO_04240__marR__gene__promoter,-0.005839602152667147,0.005839602152667147
cnv_depth__IBNLCO_02104__Phosphoenolpyruvate__CDS,-0.005837477881106966,0.005837477881106966
cnv_depth__IBNLCO_00685__rhlE__gene__promoter,0.005836409574148606,0.005836409574148606
cnv_depth__IBNLCO_00635__IBNLCO_00635__gene,0.0058360691004064,0.0058360691004064
cnv_depth__IBNLCO_04564__Thiamine__CDS,-0.005835961303400007,0.005835961303400007
cnv_depth__IBNLCO_03508__IBNLCO_03508__gene__promoter,-0.005833981523056914,0.005833981523056914
cnv_depth__IBNLCO_01587__Mop__CDS,0.005833738919979177,0.005833738919979177
cnv_depth__IBNLCO_01861__Spermidine/putrescine__CDS,0.0058335963063730865,0.0058335963063730865
cnv_depth__IBNLCO_05830__IBNLCO_05830__gene,0.005832724692883344,0.005832724692883344
cnv_depth__IBNLCO_04503__Transporter__CDS,-0.005827796828029936,0.005827796828029936
cnv_depth__IBNLCO_00851__Protein__CDS__promoter,-0.005825931888385247,0.005825931888385247
cnv_depth__IBNLCO_00664__IBNLCO_00664__gene__promoter,0.005823640246511865,0.005823640246511865
cnv_depth__IBNLCO_00030__fliP__gene,0.0058232136711054445,0.0058232136711054445
cnv_depth__IBNLCO_00627__ubiE__gene,0.005822915270496894,0.005822915270496894
cnv_depth__IBNLCO_01381__IBNLCO_01381__gene,-0.0058227947787444995,0.0058227947787444995
cnv_depth__IBNLCO_03790__IBNLCO_03790__gene,0.005821326956702198,0.005821326956702198
cnv_depth__IBNLCO_04686__IBNLCO_04686__gene__promoter,0.005819985158046722,0.005819985158046722
cnv_depth__IBNLCO_01326__IBNLCO_01326__gene__promoter,-0.005819629685110042,0.005819629685110042
cnv_depth__IBNLCO_04790__Alanine--tRNA__CDS__promoter,-0.005818415351315938,0.005818415351315938
cnv_depth__IBNLCO_03578__IBNLCO_03578__gene,0.0058176747220290235,0.0058176747220290235
cnv_depth__IBNLCO_02890__Anhydro-N-acetylmuramic__CDS,0.0058149884673289074,0.0058149884673289074
cnv_depth__IBNLCO_02036__DUF4123__CDS__promoter,0.005813390158404966,0.005813390158404966
cnv_depth__IBNLCO_02892__Disulfide-bond__CDS__promoter,-0.005809988973898127,0.005809988973898127
cnv_depth__IBNLCO_01932__HTH__CDS__promoter,-0.005809463031564309,0.005809463031564309
cnv_depth__IBNLCO_03418__ABC__CDS__promoter,0.005808104565771672,0.005808104565771672
cnv_depth__IBNLCO_05625__yxjC__gene,0.005807064051280342,0.005807064051280342
cnv_depth__IBNLCO_03405__parB__gene__promoter,-0.00580692584556422,0.00580692584556422
cnv_depth__IBNLCO_03815__rrf__gene,0.005806537377347906,0.005806537377347906
cnv_depth__IBNLCO_00637__IBNLCO_00637__gene,0.005804533390396879,0.005804533390396879
cnv_depth__IBNLCO_03148__Outer__CDS__promoter,0.005802624800817432,0.005802624800817432
cnv_depth__IBNLCO_03266__Homoserine/Threonine__CDS__promoter,0.005800407511704165,0.005800407511704165
cnv_depth__IBNLCO_02881__Bifunctional__CDS,-0.005799087959119915,0.005799087959119915
cnv_depth__IBNLCO_00306__IBNLCO_00306__gene,0.0057989532836785,0.0057989532836785
cnv_depth__IBNLCO_05338__Polyketide__CDS,-0.005798161446218555,0.005798161446218555
cnv_depth__IBNLCO_04854__Insertion__CDS__promoter,0.005796132353522514,0.005796132353522514
cnv_depth__IBNLCO_04570__Phosphoethanolamine__CDS,-0.00579578161948377,0.00579578161948377
cnv_depth__IBNLCO_04561__IBNLCO_04561__gene__promoter,0.005790182751504608,0.005790182751504608
cnv_depth__IBNLCO_02811__IBNLCO_02811__gene__promoter,0.005782581776790983,0.005782581776790983
cnv_depth__IBNLCO_03299__3-demethylubiquinone-9__CDS,0.005782575949891352,0.005782575949891352
cnv_depth__IBNLCO_01865__IBNLCO_01865__gene,-0.005782167082684058,0.005782167082684058
cnv_depth__IBNLCO_01394__vgrG1__gene,-0.005780024259608553,0.005780024259608553
cnv_depth__IBNLCO_04525__gnl|Bakta|IBNLCO_04525__CDS__promoter,0.005775303519192267,0.005775303519192267
cnv_depth__IBNLCO_02461__Sigma-54__CDS__promoter,-0.005775205783609077,0.005775205783609077
cnv_depth__IBNLCO_05128__High-copy__CDS,-0.005774363191677066,0.005774363191677066
cnv_depth__IBNLCO_02893__AraC_family__CDS,-0.0057742494375338975,0.0057742494375338975
cnv_depth__IBNLCO_04769__DUF4365__CDS__promoter,0.005773983828739339,0.005773983828739339
cnv_depth__IBNLCO_03280__IBNLCO_03280__gene,-0.005771998557614286,0.005771998557614286
cnv_depth__IBNLCO_01081__ATP-dependent__CDS__promoter,0.005768670967028646,0.005768670967028646
cnv_depth__IBNLCO_03355__IBNLCO_03355__gene,0.005766099465959476,0.005766099465959476
cnv_depth__IBNLCO_04945__aldehyde__CDS,-0.005765987675838107,0.005765987675838107
cnv_depth__IBNLCO_05761__IBNLCO_05761__gene,-0.005762884522558553,0.005762884522558553
cnv_depth__IBNLCO_05405__Benzoate__CDS__promoter,0.005753875991630684,0.005753875991630684
cnv_depth__IBNLCO_02946__hypothetical__CDS__promoter,0.0057534985936110805,0.0057534985936110805
cnv_depth__IBNLCO_01848__hlyD__gene,0.005753385699437584,0.005753385699437584
cnv_depth__IBNLCO_04775__Beta-peptidyl__CDS,0.005750003308535041,0.005750003308535041
cnv_depth__IBNLCO_01666__IBNLCO_01666__gene,0.005747577673015592,0.005747577673015592
cnv_depth__IBNLCO_03128__hypothetical__CDS__promoter,-0.005746904216493733,0.005746904216493733
cnv_depth__IBNLCO_01645__Outer__CDS,-0.0057466294985419565,0.0057466294985419565
cnv_depth__IBNLCO_04687__IBNLCO_04687__gene__promoter,-0.0057444361305579545,0.0057444361305579545
cnv_depth__IBNLCO_04333__IBNLCO_04333__gene,0.005744165907020137,0.005744165907020137
cnv_depth__IBNLCO_01451__FecR__CDS__promoter,-0.005743040416046457,0.005743040416046457
cnv_depth__IBNLCO_01039__IBNLCO_01039__gene,-0.00574102011395653,0.00574102011395653
cnv_depth__IBNLCO_04710__hypothetical__CDS__promoter,-0.005738683445616447,0.005738683445616447
cnv_depth__IBNLCO_03386__IBNLCO_03386__gene,0.005737475243042159,0.005737475243042159
cnv_depth__IBNLCO_05117__non-ribosomal__CDS,0.005737453942749571,0.005737453942749571
cnv_depth__IBNLCO_00229__Flagellar__CDS,0.005736916359399938,0.005736916359399938
cnv_depth__IBNLCO_00570__IBNLCO_00570__gene,0.005734946165811586,0.005734946165811586
cnv_depth__IBNLCO_02243__DNA__CDS,0.005733534686366841,0.005733534686366841
cnv_depth__IBNLCO_00311__copper-binding__CDS__promoter,-0.005733489996714059,0.005733489996714059
cnv_depth__IBNLCO_01127__IBNLCO_01127__gene,-0.005729305928196585,0.005729305928196585
cnv_depth__IBNLCO_00383__IBNLCO_00383__gene,0.005728383210204345,0.005728383210204345
cnv_depth__IBNLCO_03231__trnW__gene,0.005727807482404836,0.005727807482404836
cnv_depth__IBNLCO_00227__flagellar__CDS,-0.005727502456258497,0.005727502456258497
cnv_depth__IBNLCO_01361__gnl|Bakta|IBNLCO_01361__CDS,-0.005726959849495964,0.005726959849495964
cnv_depth__IBNLCO_01001__IBNLCO_01001__gene__promoter,-0.005725467089928558,0.005725467089928558
cnv_depth__IBNLCO_01485__IBNLCO_01485__gene,-0.005723928049779902,0.005723928049779902
cnv_depth__IBNLCO_02169__ABC-type__CDS__promoter,0.005723683820858496,0.005723683820858496
cnv_depth__IBNLCO_03325__IBNLCO_03325__gene,-0.005719328259284162,0.005719328259284162
cnv_depth__IBNLCO_02435__Pseudouridine__CDS,0.005718140582746859,0.005718140582746859
cnv_depth__IBNLCO_00418__HTH__CDS,-0.005715135700769772,0.005715135700769772
cnv_depth__IBNLCO_00083__DUF4382__CDS,0.00571443085762503,0.00571443085762503
cnv_depth__IBNLCO_05222__Tyrosinase__CDS,0.005711775842647671,0.005711775842647671
cnv_depth__IBNLCO_05167__IBNLCO_05167__gene__promoter,0.0057102521297002625,0.0057102521297002625
cnv_depth__IBNLCO_04552__IBNLCO_04552__gene__promoter,0.005709442138516807,0.005709442138516807
cnv_depth__IBNLCO_00670__eamA__gene,-0.0057028226519596345,0.0057028226519596345
cnv_depth__IBNLCO_02984__Cytochrome__CDS,0.005702715838702343,0.005702715838702343
cnv_depth__IBNLCO_00435__IBNLCO_00435__gene,0.00570085608015084,0.00570085608015084
cnv_depth__IBNLCO_01942__IBNLCO_01942__gene,-0.0056996664017905495,0.0056996664017905495
cnv_depth__IBNLCO_05384__Anthranilate__CDS__promoter,-0.005693342767652747,0.005693342767652747
cnv_depth__IBNLCO_03683__IBNLCO_03683__gene,-0.005690453824229189,0.005690453824229189
cnv_depth__IBNLCO_05031__hypothetical__CDS,0.005689353635999119,0.005689353635999119
cnv_depth__IBNLCO_04895__gnl|Bakta|IBNLCO_04895__CDS__promoter,0.005686037490455884,0.005686037490455884
cnv_depth__IBNLCO_03005__ATP-binding__CDS,0.005684538488312406,0.005684538488312406
cnv_depth__IBNLCO_01712__bioC__gene__promoter,-0.005681613812221142,0.005681613812221142
cnv_depth__IBNLCO_02972__Biotin__CDS__promoter,0.005678338468703546,0.005678338468703546
cnv_depth__IBNLCO_03801__Shikimate__CDS,0.0056775107436295895,0.0056775107436295895
cnv_depth__IBNLCO_01696__Leucine-%2C__CDS__promoter,-0.005677356924371149,0.005677356924371149
cnv_depth__IBNLCO_01707__RNA-binding__CDS__promoter,-0.005674384497267917,0.005674384497267917
cnv_depth__IBNLCO_01570__IBNLCO_01570__gene__promoter,0.005673194492475244,0.005673194492475244
cnv_depth__IBNLCO_01701__IBNLCO_01701__gene__promoter,-0.005672241595670134,0.005672241595670134
cnv_depth__IBNLCO_02136__IBNLCO_02136__gene,-0.005663485562821291,0.005663485562821291
cnv_depth__IBNLCO_04602__IBNLCO_04602__gene__promoter,-0.0056632619383418185,0.0056632619383418185
cnv_depth__IBNLCO_03126__Sec-independent__CDS__promoter,0.005661501853348601,0.005661501853348601
cnv_depth__IBNLCO_05809__hypothetical__CDS,0.005660641749849899,0.005660641749849899
cnv_depth__IBNLCO_03913__DUF2946__CDS__promoter,0.005660321393856849,0.005660321393856849
cnv_depth__IBNLCO_01985__Thymidylate__CDS,-0.00566006658526376,0.00566006658526376
cnv_depth__IBNLCO_00490__IBNLCO_00490__gene__promoter,0.005657471348060345,0.005657471348060345
cnv_depth__IBNLCO_02756__gnl|Bakta|IBNLCO_02756__CDS,0.0056572975326296265,0.0056572975326296265
cnv_depth__IBNLCO_00407__IBNLCO_00407__gene,-0.005657232514951274,0.005657232514951274
cnv_depth__IBNLCO_00072__IBNLCO_00072__gene,0.005657105718533684,0.005657105718533684
cnv_depth__IBNLCO_05652__2-methylcitrate__CDS,0.005656941584344376,0.005656941584344376
cnv_depth__IBNLCO_02564__IBNLCO_02564__gene__promoter,0.005654469832068577,0.005654469832068577
cnv_depth__IBNLCO_00852__3-hydroxyacyl-CoA__CDS__promoter,-0.005654168859098893,0.005654168859098893
cnv_depth__IBNLCO_02926__IBNLCO_02926__gene__promoter,0.005653963140570164,0.005653963140570164
cnv_depth__IBNLCO_04903__IBNLCO_04903__gene__promoter,-0.0056539151220647245,0.0056539151220647245
cnv_depth__IBNLCO_02995__Octaprenyl-diphosphate__CDS,0.005653020790398249,0.005653020790398249
cnv_depth__IBNLCO_01280__Phosphoenolpyruvate__CDS,-0.0056517947178324705,0.0056517947178324705
cnv_depth__IBNLCO_00230__hypothetical__CDS__promoter,0.005651607517824211,0.005651607517824211
cnv_depth__IBNLCO_04187__IBNLCO_04187__gene,-0.005649053739778541,0.005649053739778541
cnv_depth__IBNLCO_02693__IBNLCO_02693__gene,-0.005644798144894341,0.005644798144894341
cnv_depth__IBNLCO_03871__IBNLCO_03871__gene__promoter,-0.005643507094944535,0.005643507094944535
cnv_depth__IBNLCO_00292__hypothetical__CDS__promoter,0.00564342254657818,0.00564342254657818
cnv_depth__IBNLCO_00695__rpoS__gene,-0.005638973906081769,0.005638973906081769
cnv_depth__IBNLCO_03433__IBNLCO_03433__gene__promoter,-0.005638570831757966,0.005638570831757966
cnv_depth__IBNLCO_02645__3-deoxy-D-manno-oct-2-ulosonic__CDS__promoter,-0.00563799737123486,0.00563799737123486
cnv_depth__IBNLCO_04300__IBNLCO_04300__gene__promoter,-0.005637781295756689,0.005637781295756689
cnv_depth__IBNLCO_01104__IBNLCO_01104__gene,-0.0056375731500579,0.0056375731500579
cnv_depth__IBNLCO_05388__AraC__CDS__promoter,-0.00563706698714943,0.00563706698714943
cnv_depth__IBNLCO_04730__IBNLCO_04730__gene__promoter,-0.005635814474328033,0.005635814474328033
cnv_depth__IBNLCO_04296__IBNLCO_04296__gene__promoter,-0.0056356990715003535,0.0056356990715003535
cnv_depth__IBNLCO_02882__ruvC__gene,-0.005634790690253038,0.005634790690253038
cnv_depth__IBNLCO_00014__hypothetical__CDS__promoter,-0.00563389633950079,0.00563389633950079
cnv_depth__IBNLCO_03668__IBNLCO_03668__gene__promoter,0.005633340160509298,0.005633340160509298
cnv_depth__IBNLCO_03005__ATP-binding__CDS__promoter,0.0056330525040592435,0.0056330525040592435
cnv_depth__IBNLCO_02962__Carboxypeptidase__CDS,-0.005632326215060086,0.005632326215060086
cnv_depth__IBNLCO_05629__IBNLCO_05629__gene,0.00563152498451405,0.00563152498451405
cnv_depth__IBNLCO_00786__Carboxypeptidase__CDS__promoter,0.005630354454766414,0.005630354454766414
cnv_depth__IBNLCO_04616__peptidylprolyl__CDS__promoter,-0.0056297703623790175,0.0056297703623790175
cnv_depth__IBNLCO_00434__IBNLCO_00434__gene,-0.0056295564025375016,0.0056295564025375016
cnv_depth__IBNLCO_03209__IBNLCO_03209__gene__promoter,0.005629072132068093,0.005629072132068093
cnv_depth__IBNLCO_00010__Type__CDS__promoter,0.005627431088497595,0.005627431088497595
cnv_depth__IBNLCO_02840__IBNLCO_02840__gene__promoter,0.005626554094980262,0.005626554094980262
cnv_depth__IBNLCO_03458__Flagellar__CDS,-0.005624445367445709,0.005624445367445709
cnv_depth__IBNLCO_05197__3-isopropylmalate__CDS,0.005624319372908447,0.005624319372908447
cnv_depth__IBNLCO_03940__Beta-ketoacyl-[acyl-carrier-protein]__CDS__promoter,0.005622644657311931,0.005622644657311931
cnv_depth__IBNLCO_03444__D-malate__CDS,-0.005617958953060057,0.005617958953060057
cnv_depth__IBNLCO_02675__IBNLCO_02675__gene__promoter,-0.005617427427564011,0.005617427427564011
cnv_depth__IBNLCO_03618__TagK__CDS,0.005613419279820874,0.005613419279820874
cnv_depth__IBNLCO_05828__putative__CDS,0.005612180532968556,0.005612180532968556
cnv_depth__IBNLCO_01446__IBNLCO_01446__gene,-0.005611297856543855,0.005611297856543855
cnv_depth__IBNLCO_04782__gnl|Bakta|IBNLCO_04782__CDS__promoter,0.0056110507659432,0.0056110507659432
cnv_depth__IBNLCO_03216__IBNLCO_03216__gene,0.005609015722350313,0.005609015722350313
cnv_depth__IBNLCO_05560__cdiI__gene__promoter,0.005604461297289342,0.005604461297289342
cnv_depth__IBNLCO_04491__gnl|Bakta|IBNLCO_04491__CDS,-0.005604058520353931,0.005604058520353931
cnv_depth__IBNLCO_05212__Malate__CDS,0.0056037459651122265,0.0056037459651122265
cnv_depth__IBNLCO_02009__ATP-binding__CDS,0.005602727199930942,0.005602727199930942
cnv_depth__IBNLCO_04233__IBNLCO_04233__gene__promoter,0.00560258439985098,0.00560258439985098
cnv_depth__IBNLCO_01489__hypothetical__CDS__promoter,0.005602027451703705,0.005602027451703705
cnv_depth__IBNLCO_00968__ncS16__gene,-0.00560107547254418,0.00560107547254418
cnv_depth__IBNLCO_01735__IBNLCO_01735__gene,-0.005600987824254241,0.005600987824254241
cnv_depth__IBNLCO_02386__IBNLCO_02386__gene,-0.005597784870090939,0.005597784870090939
cnv_depth__IBNLCO_00293__IBNLCO_00293__gene,0.005597629264006761,0.005597629264006761
cnv_depth__IBNLCO_03478__3-oxoadipate__CDS__promoter,0.005590060572535814,0.005590060572535814
cnv_depth__IBNLCO_03770__IBNLCO_03770__gene__promoter,-0.005589075509111841,0.005589075509111841
cnv_depth__IBNLCO_01537__IBNLCO_01537__gene__promoter,0.005586569820461317,0.005586569820461317
cnv_depth__IBNLCO_00895__L-aspartate__CDS__promoter,0.0055849416577391136,0.0055849416577391136
cnv_depth__IBNLCO_04603__IBNLCO_04603__gene__promoter,-0.005584121314671242,0.005584121314671242
cnv_depth__IBNLCO_00422__IBNLCO_00422__gene,0.005582194829780324,0.005582194829780324
cnv_depth__IBNLCO_00142__gnl|Bakta|IBNLCO_00142__CDS__promoter,0.005581845444734968,0.005581845444734968
cnv_depth__IBNLCO_02180__hypothetical__CDS__promoter,-0.005581617097000818,0.005581617097000818
cnv_depth__IBNLCO_05560__cdiI__gene,0.005581561969870787,0.005581561969870787
cnv_depth__IBNLCO_01439__Inosose__CDS__promoter,-0.005575001716080188,0.005575001716080188
cnv_depth__IBNLCO_05834__IBNLCO_05834__gene,0.005574065623114686,0.005574065623114686
cnv_depth__IBNLCO_04925__IBNLCO_04925__gene,-0.005572362342135955,0.005572362342135955
cnv_depth__IBNLCO_04194__hypothetical__CDS__promoter,-0.005571054674606787,0.005571054674606787
cnv_depth__IBNLCO_02872__proton-translocating__CDS__promoter,-0.005569075206357416,0.005569075206357416
cnv_depth__IBNLCO_02825__FAD-binding__CDS__promoter,0.005567948446516372,0.005567948446516372
cnv_depth__IBNLCO_03219__IBNLCO_03219__gene__promoter,0.005566976442872403,0.005566976442872403
cnv_depth__IBNLCO_03642__5-oxoprolinase__CDS,0.005565867225093364,0.005565867225093364
cnv_depth__IBNLCO_05540__Citronellyl-CoA__CDS,0.005563062495550206,0.005563062495550206
cnv_depth__IBNLCO_00087__IBNLCO_00087__gene,-0.005559403960369098,0.005559403960369098
cnv_depth__IBNLCO_05136__IBNLCO_05136__gene__promoter,-0.005557779318852591,0.005557779318852591
cnv_depth__IBNLCO_02599__IBNLCO_02599__gene__promoter,0.005555728556251367,0.005555728556251367
cnv_depth__IBNLCO_01746__DUF1109__CDS,-0.005555082437587083,0.005555082437587083
cnv_depth__IBNLCO_04630__IBNLCO_04630__gene,0.005553203690323073,0.005553203690323073
cnv_depth__IBNLCO_02811__hypothetical__CDS,-0.005550976975130809,0.005550976975130809
cnv_depth__IBNLCO_03107__Type__CDS__promoter,0.0055506584367172465,0.0055506584367172465
cnv_depth__IBNLCO_00272__flgG__gene,0.00555021228782473,0.00555021228782473
cnv_depth__IBNLCO_02096__IBNLCO_02096__gene__promoter,-0.00554813668315375,0.00554813668315375
cnv_depth__IBNLCO_05673__Ubiquinone__CDS__promoter,0.005543032483918993,0.005543032483918993
cnv_depth__IBNLCO_00740__IBNLCO_00740__gene,0.0055423707909799304,0.0055423707909799304
cnv_depth__IBNLCO_00373__Acetyl-CoA__CDS__promoter,-0.005535251930588913,0.005535251930588913
cnv_depth__IBNLCO_04914__Arsenate__CDS,-0.0055342194655106924,0.0055342194655106924
cnv_depth__IBNLCO_04806__IBNLCO_04806__gene,-0.0055305485558168836,0.0055305485558168836
cnv_depth__IBNLCO_05061__Cellulose__CDS,0.005527030545834032,0.005527030545834032
cnv_depth__IBNLCO_01486__hypothetical__CDS__promoter,0.005524990446481519,0.005524990446481519
cnv_depth__IBNLCO_03325__protein__CDS__promoter,-0.005524951179340099,0.005524951179340099
cnv_depth__IBNLCO_05057__Cellulose__CDS__promoter,-0.005522061267259185,0.005522061267259185
cnv_depth__IBNLCO_04467__IBNLCO_04467__gene,-0.0055197226716741255,0.0055197226716741255
cnv_depth__IBNLCO_00719__tssF__gene__promoter,0.005518995005631719,0.005518995005631719
cnv_depth__IBNLCO_03909__IBNLCO_03909__gene__promoter,0.00551683128420137,0.00551683128420137
cnv_depth__IBNLCO_01128__IBNLCO_01128__gene__promoter,-0.005516457445525715,0.005516457445525715
cnv_depth__IBNLCO_04381__bpsR__gene,-0.0055155388511865956,0.0055155388511865956
cnv_depth__IBNLCO_00047__IBNLCO_00047__gene,0.005515447689137054,0.005515447689137054
cnv_depth__IBNLCO_00429__IBNLCO_00429__gene,0.005513650628755013,0.005513650628755013
cnv_depth__IBNLCO_01069__IBNLCO_01069__gene,0.005512405922206258,0.005512405922206258
cnv_depth__IBNLCO_03807__ABC__CDS__promoter,-0.005511680458548186,0.005511680458548186
cnv_depth__IBNLCO_04072__Peptidase__CDS,0.005511415577902882,0.005511415577902882
cnv_depth__IBNLCO_00392__Enoyl-CoA__CDS,-0.005511161979879025,0.005511161979879025
cnv_depth__IBNLCO_05764__Major__CDS__promoter,0.005511098591098407,0.005511098591098407
cnv_depth__IBNLCO_03313__flhC__gene__promoter,0.005507306871653983,0.005507306871653983
cnv_depth__IBNLCO_04029__IBNLCO_04029__gene__promoter,0.005504584170878313,0.005504584170878313
cnv_depth__IBNLCO_03788__Delta(1)-pyrroline-2-carboxylate__CDS,0.005503061514160025,0.005503061514160025
cnv_depth__IBNLCO_00281__IBNLCO_00281__gene__promoter,0.005500843097520585,0.005500843097520585
cnv_depth__IBNLCO_02186__IBNLCO_02186__gene,-0.005495929816764283,0.005495929816764283
cnv_depth__IBNLCO_03439__IBNLCO_03439__gene,0.005495595668223553,0.005495595668223553
cnv_depth__IBNLCO_05124__IBNLCO_05124__gene,-0.005493722386031172,0.005493722386031172
cnv_depth__IBNLCO_03096__Peptidase__CDS,-0.005491101132719717,0.005491101132719717
cnv_depth__IBNLCO_01308__Uncharacterized__CDS,-0.005490088380745657,0.005490088380745657
cnv_depth__IBNLCO_02321__IBNLCO_02321__gene,-0.005487870486847395,0.005487870486847395
cnv_depth__IBNLCO_03643__HTH__CDS__promoter,0.005487143980797935,0.005487143980797935
cnv_depth__IBNLCO_04734__IBNLCO_04734__gene__promoter,-0.005485838210913461,0.005485838210913461
cnv_depth__IBNLCO_05002__bopA__gene,-0.0054847291139896925,0.0054847291139896925
cnv_depth__IBNLCO_02286__ntrC__gene,-0.005483825258132064,0.005483825258132064
cnv_depth__IBNLCO_03747__ceoR__gene,0.005481228428819969,0.005481228428819969
cnv_depth__IBNLCO_01026__hypothetical__CDS__promoter,0.005477643510842612,0.005477643510842612
cnv_depth__IBNLCO_01341__IBNLCO_01341__gene__promoter,-0.005476872860326208,0.005476872860326208
cnv_depth__IBNLCO_00567__IBNLCO_00567__gene,0.005476833545909252,0.005476833545909252
cnv_depth__IBNLCO_04721__NADPH-dependent__CDS,0.005472394368905951,0.005472394368905951
cnv_depth__IBNLCO_03634__IBNLCO_03634__gene,-0.005471992987604709,0.005471992987604709
cnv_depth__IBNLCO_05116__IBNLCO_05116__gene,-0.0054714335832784,0.0054714335832784
cnv_depth__IBNLCO_04983__Type__CDS,0.005468838854683488,0.005468838854683488
cnv_depth__IBNLCO_05754__IBNLCO_05754__gene__promoter,-0.005461714422858679,0.005461714422858679
cnv_depth__IBNLCO_00206__IBNLCO_00206__gene__promoter,0.005461342857329557,0.005461342857329557
cnv_depth__IBNLCO_02036__IBNLCO_02036__gene,0.005459372985358385,0.005459372985358385
cnv_depth__IBNLCO_01301__SAM-dependent__CDS,-0.005458928733596069,0.005458928733596069
cnv_depth__IBNLCO_03185__Burkholderia__ncRNA,0.00545433208668074,0.00545433208668074
cnv_depth__IBNLCO_02095__IBNLCO_02095__gene__promoter,-0.005453341430370512,0.005453341430370512
cnv_depth__IBNLCO_02334__IBNLCO_02334__gene__promoter,-0.005450747744911002,0.005450747744911002
cnv_depth__IBNLCO_00740__IBNLCO_00740__gene__promoter,0.005447566393225343,0.005447566393225343
cnv_depth__IBNLCO_02493__IBNLCO_02493__gene,-0.005444514955872269,0.005444514955872269
cnv_depth__IBNLCO_00954__Cobalamin__CDS,0.005443865920373561,0.005443865920373561
cnv_depth__IBNLCO_03544__IBNLCO_03544__gene__promoter,0.005442411657168231,0.005442411657168231
cnv_depth__IBNLCO_02961__EF-hand__CDS__promoter,0.00544232176877205,0.00544232176877205
cnv_depth__IBNLCO_01984__IBNLCO_01984__gene__promoter,0.005440940504614347,0.005440940504614347
cnv_depth__IBNLCO_01434__Acyl-CoA__CDS__promoter,-0.005440623370288293,0.005440623370288293
cnv_depth__IBNLCO_04268__kdgR__gene__promoter,-0.005440558423854606,0.005440558423854606
cnv_depth__IBNLCO_02666__Glucose-1-phosphate__CDS__promoter,0.005439497065195263,0.005439497065195263
cnv_depth__IBNLCO_03818__IBNLCO_03818__gene,0.005439302632327295,0.005439302632327295
cnv_depth__IBNLCO_01310__Transcription__CDS,-0.005438152247129174,0.005438152247129174
cnv_depth__IBNLCO_00891__kefA__gene__promoter,-0.005433827151382514,0.005433827151382514
cnv_depth__IBNLCO_04778__gsiB__gene,-0.005433790109568045,0.005433790109568045
cnv_depth__IBNLCO_03837__hypothetical__CDS,0.005432346133870697,0.005432346133870697
cnv_depth__IBNLCO_03402__ATP__CDS,0.005429976854229044,0.005429976854229044
cnv_depth__IBNLCO_05661__DOPA__CDS,0.005429543576498128,0.005429543576498128
cnv_depth__IBNLCO_05599__IBNLCO_05599__gene,0.005426517721969855,0.005426517721969855
cnv_depth__IBNLCO_02619__Biotin__CDS,-0.005424412021764742,0.005424412021764742
cnv_depth__IBNLCO_02011__ppiD__gene__promoter,-0.005424090710358159,0.005424090710358159
cnv_depth__IBNLCO_01385__IBNLCO_01385__gene,-0.005422925218373973,0.005422925218373973
cnv_depth__IBNLCO_03188__IBNLCO_03188__gene__promoter,0.005422582701116885,0.005422582701116885
cnv_depth__IBNLCO_04774__gnl|Bakta|IBNLCO_04774__CDS,0.005421486823166012,0.005421486823166012
cnv_depth__IBNLCO_03294__flagellar__CDS,0.0054194057199546545,0.0054194057199546545
cnv_depth__IBNLCO_02894__Putative__CDS__promoter,-0.005418724089183807,0.005418724089183807
cnv_depth__IBNLCO_02772__capsular__CDS__promoter,-0.005417519992084605,0.005417519992084605
cnv_depth__IBNLCO_05471__IBNLCO_05471__gene__promoter,0.005416943542105357,0.005416943542105357
cnv_depth__IBNLCO_00364__IBNLCO_00364__gene__promoter,0.005416639200320033,0.005416639200320033
cnv_depth__IBNLCO_01643__hypothetical__CDS__promoter,0.005415449053814205,0.005415449053814205
cnv_depth__IBNLCO_05273__IBNLCO_05273__gene,-0.005413992702629323,0.005413992702629323
cnv_depth__IBNLCO_00922__trnL__gene__promoter,-0.005406050750262296,0.005406050750262296
cnv_depth__IBNLCO_02302__gnl|Bakta|IBNLCO_02302__CDS,0.005405456288059654,0.005405456288059654
cnv_depth__IBNLCO_02777__wcbM__gene__promoter,0.005404421594627478,0.005404421594627478
cnv_depth__IBNLCO_05791__uspA__gene__promoter,-0.0054020181230938265,0.0054020181230938265
cnv_depth__IBNLCO_01303__Soluble__CDS,-0.005400386867896369,0.005400386867896369
cnv_depth__IBNLCO_03081__rutE__gene,-0.0053992793120936,0.0053992793120936
cnv_depth__IBNLCO_02329__Adenylyl-sulfate__CDS__promoter,0.005399260227701327,0.005399260227701327
cnv_depth__IBNLCO_04718__IBNLCO_04718__gene__promoter,-0.005398917013034075,0.005398917013034075
cnv_depth__IBNLCO_03855__IBNLCO_03855__gene,0.005397555431353419,0.005397555431353419
cnv_depth__IBNLCO_03501__H-NS__CDS,-0.00539700233136006,0.00539700233136006
cnv_depth__IBNLCO_03207__IBNLCO_03207__gene,0.0053947558729402064,0.0053947558729402064
cnv_depth__IBNLCO_03602__gnl|Bakta|IBNLCO_03602__CDS,0.005391440923858045,0.005391440923858045
cnv_depth__IBNLCO_04411__IBNLCO_04411__gene__promoter,0.005386698729857935,0.005386698729857935
cnv_depth__IBNLCO_03055__IBNLCO_03055__gene,0.005385785998556331,0.005385785998556331
cnv_depth__IBNLCO_04228__IBNLCO_04228__gene,0.00538542095756627,0.00538542095756627
cnv_depth__IBNLCO_03784__IBNLCO_03784__gene,0.005381270486207323,0.005381270486207323
cnv_depth__IBNLCO_02671__IBNLCO_02671__gene,-0.00538108878354937,0.00538108878354937
cnv_depth__IBNLCO_00006__IBNLCO_00006__gene__promoter,0.005378461176781481,0.005378461176781481
cnv_depth__IBNLCO_02003__IBNLCO_02003__gene,-0.005376347370656698,0.005376347370656698
cnv_depth__IBNLCO_00510__IBNLCO_00510__gene,-0.005374689840685395,0.005374689840685395
cnv_depth__IBNLCO_05450__atpR__gene__promoter,0.005372895226033391,0.005372895226033391
cnv_depth__IBNLCO_05311__HTH__CDS,-0.005372350916101107,0.005372350916101107
cnv_depth__IBNLCO_00048__IBNLCO_00048__gene,0.005370082453789724,0.005370082453789724
cnv_depth__IBNLCO_03451__Acetoacetate__CDS,0.005368803062355497,0.005368803062355497
cnv_depth__IBNLCO_00197__Response__CDS,0.005368692829093738,0.005368692829093738
cnv_depth__IBNLCO_02913__IBNLCO_02913__gene__promoter,0.005366953362232641,0.005366953362232641
cnv_depth__IBNLCO_01240__EamA__CDS__promoter,0.005365372750739657,0.005365372750739657
cnv_depth__IBNLCO_03808__IBNLCO_03808__gene__promoter,-0.005360837947811389,0.005360837947811389
cnv_depth__IBNLCO_02932__Ureidoglycolate__CDS,0.005360284373581675,0.005360284373581675
cnv_depth__IBNLCO_00329__IBNLCO_00329__gene__promoter,-0.005359034330789634,0.005359034330789634
cnv_depth__IBNLCO_03622__tssG__gene__promoter,0.005356616551649596,0.005356616551649596
cnv_depth__IBNLCO_00900__4-hydroxy-3-methylbut-2-enyl__CDS__promoter,-0.005354500654867095,0.005354500654867095
cnv_depth__IBNLCO_03691__IBNLCO_03691__gene,0.005349654663356646,0.005349654663356646
cnv_depth__IBNLCO_03186__IBNLCO_03186__gene__promoter,0.005349112657896332,0.005349112657896332
cnv_depth__IBNLCO_03159__Glutamate__CDS__promoter,-0.005346485432026378,0.005346485432026378
cnv_depth__IBNLCO_00751__General__CDS__promoter,-0.005343131989060609,0.005343131989060609
cnv_depth__IBNLCO_05224__IBNLCO_05224__gene__promoter,0.005337850778844331,0.005337850778844331
cnv_depth__IBNLCO_03339__csgG__gene,0.005335739806874197,0.005335739806874197
cnv_depth__IBNLCO_01533__IBNLCO_01533__gene,-0.005334361021949497,0.005334361021949497
cnv_depth__IBNLCO_04805__IBNLCO_04805__gene,0.005332249097602844,0.005332249097602844
cnv_depth__IBNLCO_03073__IBNLCO_03073__gene,0.005328909632223257,0.005328909632223257
cnv_depth__IBNLCO_01298__IBNLCO_01298__gene__promoter,-0.005324046628528191,0.005324046628528191
cnv_depth__IBNLCO_03852__hypothetical__CDS,0.005319273395405442,0.005319273395405442
cnv_depth__IBNLCO_03864__IBNLCO_03864__gene__promoter,-0.005316658689492766,0.005316658689492766
cnv_depth__IBNLCO_05358__Putative__CDS,-0.005315945553671632,0.005315945553671632
cnv_depth__IBNLCO_05824__Outer__CDS,-0.005314510343012946,0.005314510343012946
cnv_depth__IBNLCO_03097__Type__CDS__promoter,0.00531405986036187,0.00531405986036187
cnv_depth__IBNLCO_04677__IBNLCO_04677__gene,-0.0053139418831277966,0.0053139418831277966
cnv_depth__IBNLCO_05378__IBNLCO_05378__gene,-0.005313823513016037,0.005313823513016037
cnv_depth__IBNLCO_00890__IBNLCO_00890__gene,-0.005312319744074785,0.005312319744074785
cnv_depth__IBNLCO_03895__Transcriptional__CDS__promoter,-0.005311692539201216,0.005311692539201216
cnv_depth__IBNLCO_04803__Amidohydrolase-related__CDS__promoter,0.0053100117744948475,0.0053100117744948475
cnv_depth__IBNLCO_04821__Prolyl__CDS,0.005308497350462638,0.005308497350462638
cnv_depth__IBNLCO_01671__IBNLCO_01671__gene,-0.005308309604353273,0.005308309604353273
cnv_depth__IBNLCO_00745__recA__gene__promoter,0.005307722757200624,0.005307722757200624
cnv_depth__IBNLCO_01546__IBNLCO_01546__gene__promoter,0.005306841204750765,0.005306841204750765
cnv_depth__IBNLCO_04901__Hydroxypyruvate__CDS__promoter,0.005305913493454459,0.005305913493454459
cnv_depth__IBNLCO_05674__Bactoprenol__CDS,0.005305539504824408,0.005305539504824408
cnv_depth__IBNLCO_00643__IBNLCO_00643__gene,-0.005302251895635672,0.005302251895635672
cnv_depth__IBNLCO_00361__IBNLCO_00361__gene,-0.0053011890581502,0.0053011890581502
cnv_depth__IBNLCO_05612__cysteine__CDS__promoter,-0.0052984332203921715,0.0052984332203921715
cnv_depth__IBNLCO_04744__Putrescine__CDS,0.005297637409007611,0.005297637409007611
cnv_depth__IBNLCO_04483__UDP-N-acetylglucosamine__CDS__promoter,-0.005297550038052476,0.005297550038052476
cnv_depth__IBNLCO_05758__Phosphatidylserine__CDS,-0.005296191444090412,0.005296191444090412
cnv_depth__IBNLCO_04660__gabR__gene__promoter,0.005295955853898381,0.005295955853898381
cnv_depth__IBNLCO_00646__IBNLCO_00646__gene__promoter,0.005294884096945628,0.005294884096945628
cnv_depth__IBNLCO_03465__Fumarate/nitrate__CDS,-0.005293545552043529,0.005293545552043529
cnv_depth__IBNLCO_01357__gnl|Bakta|IBNLCO_01357__CDS,0.005292809100661147,0.005292809100661147
cnv_depth__IBNLCO_00784__IBNLCO_00784__gene,-0.005290073472039215,0.005290073472039215
cnv_depth__IBNLCO_04295__leucine--tRNA__CDS,0.0052864513634320945,0.0052864513634320945
cnv_depth__IBNLCO_02743__4-hydroxybenzoyl-CoA__CDS,-0.005286198603150228,0.005286198603150228
cnv_depth__IBNLCO_04003__HTH-type__CDS,-0.005284690620993594,0.005284690620993594
cnv_depth__IBNLCO_05449__IBNLCO_05449__gene,-0.005283621992941764,0.005283621992941764
cnv_depth__IBNLCO_02704__IBNLCO_02704__gene__promoter,-0.005283542741506606,0.005283542741506606
cnv_depth__IBNLCO_03632__IBNLCO_03632__gene__promoter,0.005283239751344339,0.005283239751344339
cnv_depth__IBNLCO_04593__SnoaL-like__CDS__promoter,0.005280540143798558,0.005280540143798558
cnv_depth__IBNLCO_04713__N-carbamoyl-L-amino-acid__CDS,0.005276813011416178,0.005276813011416178
cnv_depth__IBNLCO_00181__Aspartyl/glutamyl-tRNA(Asn/Gln)__CDS,-0.0052765649270559946,0.0052765649270559946
cnv_depth__IBNLCO_05331__mannose-1-phosphate__CDS__promoter,0.005275210977261848,0.005275210977261848
cnv_depth__IBNLCO_05413__IBNLCO_05413__gene,-0.0052719109109061486,0.0052719109109061486
cnv_depth__IBNLCO_02367__IBNLCO_02367__gene__promoter,-0.005268945671427388,0.005268945671427388
cnv_depth__IBNLCO_00860__hypothetical__CDS__promoter,-0.005268221164196562,0.005268221164196562
cnv_depth__IBNLCO_03155__IBNLCO_03155__gene,-0.0052637566511887605,0.0052637566511887605
cnv_depth__IBNLCO_01239__IBNLCO_01239__gene__promoter,0.005263722323705475,0.005263722323705475
cnv_depth__IBNLCO_00862__IBNLCO_00862__gene__promoter,0.005262315754937688,0.005262315754937688
cnv_depth__IBNLCO_02423__Acyl__CDS__promoter,-0.005258172042476552,0.005258172042476552
cnv_depth__IBNLCO_01311__IBNLCO_01311__gene__promoter,-0.0052527460206683975,0.0052527460206683975
cnv_depth__IBNLCO_00182__Glutamyl-tRNA(Gln)__CDS,0.005252095757030669,0.005252095757030669
cnv_depth__IBNLCO_03467__gnl|Bakta|IBNLCO_03467__CDS,-0.005251262625348123,0.005251262625348123
cnv_depth__IBNLCO_05081__pilQ__gene,-0.005248414391800849,0.005248414391800849
cnv_depth__IBNLCO_01662__TauD/TfdA-like__CDS,-0.005248408339329632,0.005248408339329632
cnv_depth__IBNLCO_01058__gnl|Bakta|IBNLCO_01058__CDS__promoter,0.0052446553937688,0.0052446553937688
cnv_depth__IBNLCO_03678__IBNLCO_03678__gene__promoter,0.005243966804243836,0.005243966804243836
cnv_depth__IBNLCO_02031__IBNLCO_02031__gene__promoter,-0.005243399720212787,0.005243399720212787
cnv_depth__IBNLCO_05130__histidine__CDS__promoter,0.005240983930436192,0.005240983930436192
cnv_depth__IBNLCO_02388__hypothetical__CDS__promoter,-0.005239663701903151,0.005239663701903151
cnv_depth__IBNLCO_00420__Acyl-CoA__CDS__promoter,0.0052380165357967835,0.0052380165357967835
cnv_depth__IBNLCO_02788__wzm__gene__promoter,0.005236370353413902,0.005236370353413902
cnv_depth__IBNLCO_03122__IBNLCO_03122__gene__promoter,0.005231396475682873,0.005231396475682873
cnv_depth__IBNLCO_00200__dksA__gene__promoter,-0.0052307847217042255,0.0052307847217042255
cnv_depth__IBNLCO_04855__hypothetical__CDS__promoter,-0.005229799961922285,0.005229799961922285
cnv_depth__IBNLCO_00090__Betaproteobacteria_toxic_sRNA__gene__promoter,0.005224001250698393,0.005224001250698393
cnv_depth__IBNLCO_00921__HTH__CDS__promoter,0.00522391882824806,0.00522391882824806
cnv_depth__IBNLCO_00630__ubiB__gene,-0.005222515672621528,0.005222515672621528
cnv_depth__IBNLCO_02477__N-acetyltransferase__CDS,-0.005222445451609744,0.005222445451609744
cnv_depth__IBNLCO_00811__Maltose/maltodextrin__CDS,0.0052149106427119745,0.0052149106427119745
cnv_depth__IBNLCO_01307__IBNLCO_01307__gene__promoter,-0.00521473582133242,0.00521473582133242
cnv_depth__IBNLCO_04512__Winged__CDS__promoter,0.005211990082202918,0.005211990082202918
cnv_depth__IBNLCO_04093__mreB__gene__promoter,0.005211786331833037,0.005211786331833037
cnv_depth__IBNLCO_04599__IBNLCO_04599__gene,-0.005208137092886682,0.005208137092886682
cnv_depth__IBNLCO_01505__IBNLCO_01505__gene__promoter,-0.005205800989048192,0.005205800989048192
cnv_depth__IBNLCO_05448__IBNLCO_05448__gene,-0.005202367854403869,0.005202367854403869
cnv_depth__IBNLCO_00218__Aldehyde__CDS,0.005201761052089712,0.005201761052089712
cnv_depth__IBNLCO_00016__Type__CDS__promoter,-0.00519923315753277,0.00519923315753277
cnv_depth__IBNLCO_03188__Periplasmic__CDS,0.005199200865456513,0.005199200865456513
cnv_depth__IBNLCO_05619__H-NS__CDS,0.005192685217026082,0.005192685217026082
cnv_depth__IBNLCO_01846__Chloride__CDS,0.005187643713680494,0.005187643713680494
cnv_depth__IBNLCO_04703__IBNLCO_04703__gene,-0.005187235136653829,0.005187235136653829
cnv_depth__IBNLCO_01025__DUF982__CDS__promoter,0.00518637839746005,0.00518637839746005
cnv_depth__IBNLCO_01982__ycfH__gene,-0.005185602559109038,0.005185602559109038
cnv_depth__IBNLCO_03377__Cd(II)/Pb(II)-responsive__CDS__promoter,-0.005184630864252532,0.005184630864252532
cnv_depth__IBNLCO_00228__flagellar__CDS__promoter,-0.005182025208717842,0.005182025208717842
cnv_depth__IBNLCO_00050__IBNLCO_00050__gene,-0.005181733982870967,0.005181733982870967
cnv_depth__IBNLCO_04574__IBNLCO_04574__gene,-0.005176502063177584,0.005176502063177584
cnv_depth__IBNLCO_04201__Multidrug__CDS__promoter,-0.005176072224158824,0.005176072224158824
cnv_depth__IBNLCO_01466__hypothetical__CDS__promoter,-0.005171865198662208,0.005171865198662208
cnv_depth__IBNLCO_01152__IBNLCO_01152__gene__promoter,-0.005165109218322705,0.005165109218322705
cnv_depth__IBNLCO_00221__flagellar__CDS,0.005163974828967824,0.005163974828967824
cnv_depth__IBNLCO_05144__IBNLCO_05144__gene__promoter,0.005163915861845963,0.005163915861845963
cnv_depth__IBNLCO_03361__Glycine__CDS,0.005158117078843997,0.005158117078843997
cnv_depth__IBNLCO_01665__hypothetical__CDS__promoter,0.005155812614658568,0.005155812614658568
cnv_depth__IBNLCO_00363__IBNLCO_00363__gene,-0.005154903801724402,0.005154903801724402
cnv_depth__IBNLCO_00834__IBNLCO_00834__gene__promoter,-0.005152669584095316,0.005152669584095316
cnv_depth__IBNLCO_03642__5-oxoprolinase__CDS__promoter,0.005151746184496269,0.005151746184496269
cnv_depth__IBNLCO_04391__IBNLCO_04391__gene,0.00515059052320138,0.00515059052320138
cnv_depth__IBNLCO_04350__L-Lysine-8-amino-7-oxononanoate__CDS,-0.0051486550469712926,0.0051486550469712926
cnv_depth__IBNLCO_03077__IBNLCO_03077__gene__promoter,0.005147378009804041,0.005147378009804041
cnv_depth__IBNLCO_03183__IBNLCO_03183__gene__promoter,-0.005144799601421851,0.005144799601421851
cnv_depth__IBNLCO_01872__Phosphate__CDS,-0.005140687488127044,0.005140687488127044
cnv_depth__IBNLCO_02182__Cysteine__CDS__promoter,-0.005140459254444881,0.005140459254444881
cnv_depth__IBNLCO_00226__flagellar__CDS__promoter,-0.005139472204539143,0.005139472204539143
cnv_depth__IBNLCO_05384__IBNLCO_05384__gene,0.005137705362726405,0.005137705362726405
cnv_depth__IBNLCO_03105__Hcp1__CDS__promoter,0.0051372641230066785,0.0051372641230066785
cnv_depth__IBNLCO_03340__hypothetical__CDS__promoter,0.005135612179090534,0.005135612179090534
cnv_depth__IBNLCO_02524__hypothetical__CDS,-0.005134920517458997,0.005134920517458997
cnv_depth__IBNLCO_00384__IBNLCO_00384__gene,-0.005132841088001757,0.005132841088001757
cnv_depth__IBNLCO_00618__IBNLCO_00618__gene,0.005131301621045502,0.005131301621045502
cnv_depth__IBNLCO_04664__IBNLCO_04664__gene,0.005129518237177282,0.005129518237177282
cnv_depth__IBNLCO_02678__Chaperonin__CDS,-0.005128799147533094,0.005128799147533094
cnv_depth__IBNLCO_04294__IBNLCO_04294__gene__promoter,-0.00512803152228822,0.00512803152228822
cnv_depth__IBNLCO_00041__IBNLCO_00041__gene,0.005124867322414705,0.005124867322414705
cnv_depth__IBNLCO_04729__IBNLCO_04729__gene,-0.005120446330400811,0.005120446330400811
cnv_depth__IBNLCO_05834__IBNLCO_05834__gene__promoter,-0.005112494204727976,0.005112494204727976
cnv_depth__IBNLCO_05855__IBNLCO_05855__gene,-0.00510579214077706,0.00510579214077706
cnv_depth__IBNLCO_04526__Iron__CDS,0.005104511478783519,0.005104511478783519
cnv_depth__IBNLCO_02870__NAD(P)__CDS__promoter,0.00510386009741824,0.00510386009741824
cnv_depth__IBNLCO_05395__IBNLCO_05395__gene,-0.005103759894167771,0.005103759894167771
cnv_depth__IBNLCO_01409__Spore__CDS,-0.005103082709695759,0.005103082709695759
cnv_depth__IBNLCO_03824__IBNLCO_03824__gene,0.00510179702094008,0.00510179702094008
cnv_depth__IBNLCO_03638__IBNLCO_03638__gene__promoter,-0.005097814914757349,0.005097814914757349
cnv_depth__IBNLCO_03969__Integral__CDS,-0.005096978441268856,0.005096978441268856
cnv_depth__IBNLCO_00338__Alpha/beta__CDS__promoter,0.005096933298375819,0.005096933298375819
cnv_depth__IBNLCO_00617__IBNLCO_00617__gene,0.0050962649938531834,0.0050962649938531834
cnv_depth__IBNLCO_05083__pilO__gene,0.0050914806044186954,0.0050914806044186954
cnv_depth__IBNLCO_00613__IBNLCO_00613__gene,-0.005090559551737837,0.005090559551737837
cnv_depth__IBNLCO_01045__IBNLCO_01045__gene,0.005087105672945653,0.005087105672945653
cnv_depth__IBNLCO_01341__hypothetical__CDS,-0.0050859436782829375,0.0050859436782829375
cnv_depth__IBNLCO_02595__gluA__gene__promoter,-0.005085475642319698,0.005085475642319698
cnv_depth__IBNLCO_03870__hypothetical__CDS,-0.00508525968436487,0.00508525968436487
cnv_depth__IBNLCO_03230__Protein__CDS__promoter,0.005084418742797802,0.005084418742797802
cnv_depth__IBNLCO_00428__Thioredoxin__CDS__promoter,0.00508345035555387,0.00508345035555387
cnv_depth__IBNLCO_05165__IBNLCO_05165__gene__promoter,-0.0050804694390408104,0.0050804694390408104
cnv_depth__IBNLCO_03315__IBNLCO_03315__gene,0.005079034526979501,0.005079034526979501
cnv_depth__IBNLCO_05789__IBNLCO_05789__gene,0.005078579811508837,0.005078579811508837
cnv_depth__IBNLCO_04785__IBNLCO_04785__gene__promoter,0.0050769194611622005,0.0050769194611622005
cnv_depth__IBNLCO_03421__IBNLCO_03421__gene__promoter,0.0050753655424751985,0.0050753655424751985
cnv_depth__IBNLCO_03069__IBNLCO_03069__gene,-0.005073474284607733,0.005073474284607733
cnv_depth__IBNLCO_00738__3-phosphoshikimate__CDS__promoter,0.00507283194363733,0.00507283194363733
cnv_depth__IBNLCO_01111__mabA__gene,-0.005072630537927492,0.005072630537927492
cnv_depth__IBNLCO_02473__IBNLCO_02473__gene__promoter,-0.005067038198468823,0.005067038198468823
cnv_depth__IBNLCO_00241__IBNLCO_00241__gene,0.005064934655291814,0.005064934655291814
cnv_depth__IBNLCO_02686__gnl|Bakta|IBNLCO_02686__CDS,-0.005064066648343463,0.005064066648343463
cnv_depth__IBNLCO_00905__IBNLCO_00905__gene,0.005062763481884255,0.005062763481884255
cnv_depth__IBNLCO_02609__Bp1_738__gene,0.005060183903621128,0.005060183903621128
cnv_depth__IBNLCO_05303__IBNLCO_05303__gene,0.0050554043800886475,0.0050554043800886475
cnv_depth__IBNLCO_00304__lemA__gene,-0.0050527455618821285,0.0050527455618821285
cnv_depth__IBNLCO_02091__hypothetical__CDS__promoter,0.005051910767334219,0.005051910767334219
cnv_depth__IBNLCO_04572__eamA__gene__promoter,-0.005050317175049206,0.005050317175049206
cnv_depth__IBNLCO_00344__Branched-chain__CDS__promoter,0.005047824726588937,0.005047824726588937
cnv_depth__IBNLCO_01559__gnl|Bakta|IBNLCO_01559__CDS,-0.005045954379892914,0.005045954379892914
cnv_depth__IBNLCO_00045__AraC__CDS__promoter,0.005041651457394407,0.005041651457394407
cnv_depth__IBNLCO_04180__IBNLCO_04180__gene,-0.0050413247102266,0.0050413247102266
cnv_depth__IBNLCO_00285__IBNLCO_00285__gene,0.005040161931913526,0.005040161931913526
cnv_depth__IBNLCO_04751__Colicin__CDS__promoter,-0.005039164291633082,0.005039164291633082
cnv_depth__IBNLCO_01325__gnl|Bakta|IBNLCO_01325__CDS,0.0050355475318442635,0.0050355475318442635
cnv_depth__IBNLCO_03466__Universal__CDS,-0.0050312805759314,0.0050312805759314
cnv_depth__IBNLCO_00638__IBNLCO_00638__gene__promoter,0.005030295307544004,0.005030295307544004
cnv_depth__IBNLCO_02901__gnl|Bakta|IBNLCO_02901__CDS,-0.0050301372013874515,0.0050301372013874515
cnv_depth__IBNLCO_02114__UDP-3-O-acylglucosamine__CDS,-0.005027766561570426,0.005027766561570426
cnv_depth__IBNLCO_00031__fliQ__gene,0.0050277315770944015,0.0050277315770944015
cnv_depth__IBNLCO_01481__IBNLCO_01481__gene,-0.005027197306414979,0.005027197306414979
cnv_depth__IBNLCO_02069__putative__CDS__promoter,-0.005025529182139281,0.005025529182139281
cnv_depth__IBNLCO_01683__IBNLCO_01683__gene,-0.00502528799459497,0.00502528799459497
cnv_depth__IBNLCO_03341__IBNLCO_03341__gene,0.00502417124590329,0.00502417124590329
cnv_depth__IBNLCO_00266__flagellar__CDS,0.005023822998132775,0.005023822998132775
cnv_depth__IBNLCO_03221__30S__CDS__promoter,-0.00502313066689761,0.00502313066689761
cnv_depth__IBNLCO_05046__IBNLCO_05046__gene,-0.005019648953116473,0.005019648953116473
cnv_depth__IBNLCO_05577__Ribose__CDS,-0.005018010618611016,0.005018010618611016
cnv_depth__IBNLCO_00326__IBNLCO_00326__gene__promoter,0.005016958343716095,0.005016958343716095
cnv_depth__IBNLCO_02243__DNA__CDS__promoter,-0.005013696251159254,0.005013696251159254
cnv_depth__IBNLCO_00053__Molybdenum__CDS__promoter,-0.005012815396566652,0.005012815396566652
cnv_depth__IBNLCO_01591__IBNLCO_01591__gene,0.005012697408820782,0.005012697408820782
cnv_depth__IBNLCO_03573__IBNLCO_03573__gene,0.005007036664105185,0.005007036664105185
cnv_depth__IBNLCO_01916__Protein-L-isoaspartate__CDS,0.0050062476836021524,0.0050062476836021524
cnv_depth__IBNLCO_00217__hypothetical__CDS,0.005002632390102529,0.005002632390102529
cnv_depth__IBNLCO_02459__hypothetical__CDS__promoter,0.0050020981170746165,0.0050020981170746165
cnv_depth__IBNLCO_01012__IBNLCO_01012__gene,-0.005001220043548172,0.005001220043548172
cnv_depth__IBNLCO_02048__ahpD__gene,0.0050004764337125045,0.0050004764337125045
cnv_depth__IBNLCO_01562__PA__CDS__promoter,0.004999352447016549,0.004999352447016549
cnv_depth__IBNLCO_04331__IBNLCO_04331__gene,-0.004994482513612368,0.004994482513612368
cnv_depth__IBNLCO_01479__IBNLCO_01479__gene,-0.00498216740038103,0.00498216740038103
cnv_depth__IBNLCO_03722__IBNLCO_03722__gene,0.004981450253143727,0.004981450253143727
cnv_depth__IBNLCO_05519__N-acetylglucosamine-1-phosphate__CDS__promoter,-0.004978302802175174,0.004978302802175174
cnv_depth__IBNLCO_03939__IBNLCO_03939__gene__promoter,0.004978194196112651,0.004978194196112651
cnv_depth__IBNLCO_01576__Aspartate/glutamate__CDS,-0.004976799186609728,0.004976799186609728
cnv_depth__IBNLCO_04135__Membrane__CDS,-0.0049762898108988525,0.0049762898108988525
cnv_depth__IBNLCO_02551__ncS025__gene__promoter,0.0049744455588314985,0.0049744455588314985
cnv_depth__IBNLCO_02685__IBNLCO_02685__gene__promoter,-0.004972580591868248,0.004972580591868248
cnv_depth__IBNLCO_01896__ATP__CDS,-0.004972001448490351,0.004972001448490351
cnv_depth__IBNLCO_04533__hypothetical__CDS__promoter,-0.004967742615386672,0.004967742615386672
cnv_depth__IBNLCO_03320__DNA-3-methyladenine__CDS__promoter,0.004967445597900331,0.004967445597900331
cnv_depth__IBNLCO_03250__IBNLCO_03250__gene,-0.004966899911935418,0.004966899911935418
cnv_depth__IBNLCO_02969__IBNLCO_02969__gene,-0.00496688471166613,0.00496688471166613
cnv_depth__IBNLCO_01448__tusA__gene,-0.004964853537470884,0.004964853537470884
cnv_depth__IBNLCO_01988__IBNLCO_01988__gene__promoter,-0.0049639467817298695,0.0049639467817298695
cnv_depth__IBNLCO_01872__Phosphate__CDS__promoter,-0.004963219715631929,0.004963219715631929
cnv_depth__IBNLCO_00693__IBNLCO_00693__gene__promoter,0.004962324010748466,0.004962324010748466
cnv_depth__IBNLCO_02519__IBNLCO_02519__gene,-0.004961879081152736,0.004961879081152736
cnv_depth__IBNLCO_00586__IBNLCO_00586__gene,-0.004960956193814839,0.004960956193814839
cnv_depth__IBNLCO_03319__Glucosamine__CDS__promoter,0.004958167861883642,0.004958167861883642
cnv_depth__IBNLCO_03735__IBNLCO_03735__gene,0.004954218201824011,0.004954218201824011
cnv_depth__IBNLCO_00769__IBNLCO_00769__gene,0.004953989079820967,0.004953989079820967
cnv_depth__IBNLCO_03256__IBNLCO_03256__gene,0.004953881982158181,0.004953881982158181
cnv_depth__IBNLCO_05499__40-residue__CDS,-0.004953811931794933,0.004953811931794933
cnv_depth__IBNLCO_02684__IBNLCO_02684__gene__promoter,0.004953244303602755,0.004953244303602755
cnv_depth__IBNLCO_05475__IBNLCO_05475__gene__promoter,0.004949853586825725,0.004949853586825725
cnv_depth__IBNLCO_02379__IBNLCO_02379__gene__promoter,-0.004948761727160751,0.004948761727160751
cnv_depth__IBNLCO_04100__IBNLCO_04100__gene__promoter,0.004946613492771424,0.004946613492771424
cnv_depth__IBNLCO_03822__Aspartate__CDS__promoter,0.00494248529909236,0.00494248529909236
cnv_depth__IBNLCO_05724__hypothetical__CDS,-0.004940836608005361,0.004940836608005361
cnv_depth__IBNLCO_04021__Porin__CDS__promoter,0.0049406961618761085,0.0049406961618761085
cnv_depth__IBNLCO_03122__IBNLCO_03122__gene,0.004937539277094127,0.004937539277094127
cnv_depth__IBNLCO_03226__Large__CDS__promoter,0.00493700770030374,0.00493700770030374
cnv_depth__IBNLCO_02320__Formimidoylglutamate__CDS,0.0049364223633886215,0.0049364223633886215
cnv_depth__IBNLCO_01911__rlmD__gene,0.004934264328793545,0.004934264328793545
cnv_depth__IBNLCO_01460__hypothetical__CDS__promoter,-0.0049341469198517125,0.0049341469198517125
cnv_depth__IBNLCO_01882__IBNLCO_01882__gene,-0.004932317738582601,0.004932317738582601
cnv_depth__IBNLCO_00037__cmpD__gene,-0.00492982237468683,0.00492982237468683
cnv_depth__IBNLCO_04127__IBNLCO_04127__gene__promoter,0.004929562789744152,0.004929562789744152
cnv_depth__IBNLCO_00286__IBNLCO_00286__gene__promoter,-0.00492849581186246,0.00492849581186246
cnv_depth__IBNLCO_05632__IBNLCO_05632__gene,0.004927917458334986,0.004927917458334986
cnv_depth__IBNLCO_01917__surE__gene,-0.004927702601004278,0.004927702601004278
cnv_depth__IBNLCO_00905__Leucine/isoleucine/valine__CDS__promoter,0.004927378833674363,0.004927378833674363
cnv_depth__IBNLCO_00824__Tryptophan__CDS,0.004926873995874535,0.004926873995874535
cnv_depth__IBNLCO_05704__Cation/H+__CDS,0.0049268324699245514,0.0049268324699245514
cnv_depth__IBNLCO_02750__trnK__gene__promoter,-0.004925619002481606,0.004925619002481606
cnv_depth__IBNLCO_04643__Linear__CDS__promoter,-0.004923045623993533,0.004923045623993533
cnv_depth__IBNLCO_04288__Chemotaxis__CDS,-0.004922623517287921,0.004922623517287921
cnv_depth__IBNLCO_02648__Polysaccharide__CDS,-0.00491962809664977,0.00491962809664977
cnv_depth__IBNLCO_04833__IBNLCO_04833__gene__promoter,0.004919429900348665,0.004919429900348665
cnv_depth__IBNLCO_05107__Serine__CDS,-0.0049167688446533206,0.0049167688446533206
cnv_depth__IBNLCO_04251__3-(3-hydroxy-phenyl)propionate__CDS__promoter,-0.00491228574851997,0.00491228574851997
cnv_depth__IBNLCO_01424__Ornithine__CDS__promoter,-0.004912257610361484,0.004912257610361484
cnv_depth__IBNLCO_05594__Type__CDS,-0.004911981527581843,0.004911981527581843
cnv_depth__IBNLCO_03307__methyl-accepting__CDS,0.004911926466271759,0.004911926466271759
cnv_depth__IBNLCO_01458__IBNLCO_01458__gene,-0.00491174746602691,0.00491174746602691
cnv_depth__IBNLCO_03334__IBNLCO_03334__gene__promoter,0.004911573326766872,0.004911573326766872
cnv_depth__IBNLCO_05559__IBNLCO_05559__gene__promoter,0.004909873861227371,0.004909873861227371
cnv_depth__IBNLCO_00724__IBNLCO_00724__gene,-0.004909150557295977,0.004909150557295977
cnv_depth__IBNLCO_01704__Ornithine__CDS,-0.004908579903804909,0.004908579903804909
cnv_depth__IBNLCO_04598__IBNLCO_04598__gene,0.004904894186183625,0.004904894186183625
cnv_depth__IBNLCO_05818__tenA__gene,0.004904318974573503,0.004904318974573503
cnv_depth__IBNLCO_03816__Transcriptional__CDS__promoter,-0.0049025797741480085,0.0049025797741480085
cnv_depth__IBNLCO_05122__4-hydroxybutyrate__CDS,-0.004901894909408911,0.004901894909408911
cnv_depth__IBNLCO_04624__IBNLCO_04624__gene,0.004899889804444296,0.004899889804444296
cnv_depth__IBNLCO_01359__glgX__gene__promoter,0.004899634898199671,0.004899634898199671
cnv_depth__IBNLCO_02169__ABC-type__CDS,-0.004890208903785289,0.004890208903785289
cnv_depth__IBNLCO_02605__6%2C7-dimethyl-8-ribityllumazine__CDS,-0.004887450140583459,0.004887450140583459
cnv_depth__IBNLCO_02392__IBNLCO_02392__gene,0.004886603772996337,0.004886603772996337
cnv_depth__IBNLCO_00386__Methionine__CDS,-0.004885870577756457,0.004885870577756457
cnv_depth__IBNLCO_03629__IBNLCO_03629__gene,-0.004885576476396377,0.004885576476396377
cnv_depth__IBNLCO_03894__IBNLCO_03894__gene__promoter,-0.004884801056326348,0.004884801056326348
cnv_depth__IBNLCO_00542__IBNLCO_00542__gene__promoter,0.0048823585522583274,0.0048823585522583274
cnv_depth__IBNLCO_01876__IBNLCO_01876__gene,-0.00488081536598672,0.00488081536598672
cnv_depth__IBNLCO_05480__IBNLCO_05480__gene,-0.004880128320169081,0.004880128320169081
cnv_depth__IBNLCO_03327__IBNLCO_03327__gene__promoter,0.004877281714312239,0.004877281714312239
cnv_depth__IBNLCO_03308__chemotaxis__CDS,0.0048769615657015064,0.0048769615657015064
cnv_depth__IBNLCO_01178__IBNLCO_01178__gene,-0.004869496129996396,0.004869496129996396
cnv_depth__IBNLCO_03860__IBNLCO_03860__gene__promoter,0.004866654449922446,0.004866654449922446
cnv_depth__IBNLCO_03095__hypothetical__CDS__promoter,-0.004865371569388299,0.004865371569388299
cnv_depth__IBNLCO_02585__IBNLCO_02585__gene,-0.004865029572257793,0.004865029572257793
cnv_depth__IBNLCO_03918__copC__gene__promoter,0.004864999000510457,0.004864999000510457
cnv_depth__IBNLCO_02973__IBNLCO_02973__gene,0.004863349440622686,0.004863349440622686
cnv_depth__IBNLCO_03823__UvrABC__CDS__promoter,0.004862068091219601,0.004862068091219601
cnv_depth__IBNLCO_02971__IBNLCO_02971__gene,0.004860661693555431,0.004860661693555431
cnv_depth__IBNLCO_02586__ugpC__gene,-0.0048595182018243,0.0048595182018243
cnv_depth__IBNLCO_03362__Alginate__CDS,0.004857680693551866,0.004857680693551866
cnv_depth__IBNLCO_00102__IBNLCO_00102__gene__promoter,-0.004857266301057669,0.004857266301057669
cnv_depth__IBNLCO_03524__hypothetical__CDS__promoter,-0.004857252010722905,0.004857252010722905
cnv_depth__IBNLCO_02105__glutathione__CDS,-0.004856520160370129,0.004856520160370129
cnv_depth__IBNLCO_00096__IBNLCO_00096__gene,-0.004854876365062211,0.004854876365062211
cnv_depth__IBNLCO_03316__IBNLCO_03316__gene,0.0048548548409027715,0.0048548548409027715
cnv_depth__IBNLCO_01474__lplT__gene,-0.004854463980412351,0.004854463980412351
cnv_depth__IBNLCO_05102__sctQ__gene__promoter,0.004852994048098204,0.004852994048098204
cnv_depth__IBNLCO_05139__IBNLCO_05139__gene__promoter,0.004851321262445091,0.004851321262445091
cnv_depth__IBNLCO_05825__Macrolide__CDS__promoter,-0.00484920785057717,0.00484920785057717
cnv_depth__IBNLCO_01648__ABC__CDS__promoter,0.004846445685967223,0.004846445685967223
cnv_depth__IBNLCO_01443__Xylose__CDS__promoter,0.004845189077837835,0.004845189077837835
cnv_depth__IBNLCO_05712__IBNLCO_05712__gene,0.004844163512714526,0.004844163512714526
cnv_depth__IBNLCO_03930__IBNLCO_03930__gene,-0.004843159371519291,0.004843159371519291
cnv_depth__IBNLCO_01709__Putative__CDS,-0.004840321462076687,0.004840321462076687
cnv_depth__IBNLCO_01678__Zinc__CDS__promoter,-0.0048395812703105065,0.0048395812703105065
cnv_depth__IBNLCO_04255__ABC__CDS,-0.004833712716271262,0.004833712716271262
cnv_depth__IBNLCO_05676__IBNLCO_05676__gene__promoter,0.0048336553756889965,0.0048336553756889965
cnv_depth__IBNLCO_04767__diguanylate__CDS,-0.004833318889127894,0.004833318889127894
cnv_depth__IBNLCO_03949__Alkyl__CDS,0.004833293947760503,0.004833293947760503
cnv_depth__IBNLCO_02940__Glyceraldehyde-3-phosphate__CDS__promoter,-0.004833247690174617,0.004833247690174617
cnv_depth__IBNLCO_02201__Multidrug__CDS,-0.004833198210852133,0.004833198210852133
cnv_depth__IBNLCO_01410__IBNLCO_01410__gene,0.004832559925470644,0.004832559925470644
cnv_depth__IBNLCO_01176__IBNLCO_01176__gene,-0.004829900402041565,0.004829900402041565
cnv_depth__IBNLCO_04292__IBNLCO_04292__gene__promoter,0.004827551799846645,0.004827551799846645
cnv_depth__IBNLCO_04862__IBNLCO_04862__gene__promoter,-0.00482724960080036,0.00482724960080036
cnv_depth__IBNLCO_04995__IBNLCO_04995__gene__promoter,-0.004823948523613684,0.004823948523613684
cnv_depth__IBNLCO_00985__Bifunctional__CDS,-0.004823616194651257,0.004823616194651257
cnv_depth__IBNLCO_04345__IBNLCO_04345__gene__promoter,0.004823465068031359,0.004823465068031359
cnv_depth__IBNLCO_00308__IBNLCO_00308__gene,0.004823119319873208,0.004823119319873208
cnv_depth__IBNLCO_04484__IBNLCO_04484__gene,0.004822662532247492,0.004822662532247492
cnv_depth__IBNLCO_00117__Protease__CDS,0.00482133611940768,0.00482133611940768
cnv_depth__IBNLCO_02117__Zinc__CDS__promoter,-0.004819723076817646,0.004819723076817646
cnv_depth__IBNLCO_04006__IBNLCO_04006__gene__promoter,0.004817486726969021,0.004817486726969021
cnv_depth__IBNLCO_00470__lktB__gene,0.0048132955780119365,0.0048132955780119365
cnv_depth__IBNLCO_01237__Aminoacyl-tRNA__CDS,0.0048114669489498765,0.0048114669489498765
cnv_depth__IBNLCO_04739__IBNLCO_04739__gene,-0.004810811909876862,0.004810811909876862
cnv_depth__IBNLCO_01739__Family__CDS,-0.00480895039204934,0.00480895039204934
cnv_depth__IBNLCO_05242__IBNLCO_05242__gene__promoter,-0.004807751412087393,0.004807751412087393
cnv_depth__IBNLCO_03465__Fumarate/nitrate__CDS__promoter,-0.004806155444119877,0.004806155444119877
cnv_depth__IBNLCO_03389__Primosomal__CDS__promoter,0.004804890569322871,0.004804890569322871
cnv_depth__IBNLCO_02998__pilB__gene,0.004803099667163499,0.004803099667163499
cnv_depth__IBNLCO_04813__hypothetical__CDS__promoter,0.004800574436637133,0.004800574436637133
cnv_depth__IBNLCO_01130__citH__gene__promoter,-0.0047995543332604,0.0047995543332604
cnv_depth__IBNLCO_03917__RND__CDS,0.0047984973866869165,0.0047984973866869165
cnv_depth__IBNLCO_00708__IBNLCO_00708__gene,-0.00479663720054307,0.00479663720054307
cnv_depth__IBNLCO_02627__IBNLCO_02627__gene,-0.004795247062841044,0.004795247062841044
cnv_depth__unknown__unknown__regulatory.3,-0.004793808544994206,0.004793808544994206
cnv_depth__IBNLCO_02988__Proline--tRNA__CDS,0.004792190809564187,0.004792190809564187
cnv_depth__IBNLCO_03137__Imidazoleglycerol-phosphate__CDS,0.004789693567933275,0.004789693567933275
cnv_depth__IBNLCO_01345__tRNA-Arg(tct)__tRNA,-0.004788265615596313,0.004788265615596313
cnv_depth__IBNLCO_01986__Endolytic__CDS,-0.004788254417397558,0.004788254417397558
cnv_depth__IBNLCO_00342__IBNLCO_00342__gene,0.004787328251449853,0.004787328251449853
cnv_depth__IBNLCO_01168__NADH-quinone__CDS,0.004785685251822873,0.004785685251822873
cnv_depth__IBNLCO_01859__Inner__CDS,-0.0047833006334844965,0.0047833006334844965
cnv_depth__IBNLCO_03374__IBNLCO_03374__gene,0.004782331871143228,0.004782331871143228
cnv_depth__IBNLCO_00729__IBNLCO_00729__gene__promoter,0.004781849502966971,0.004781849502966971
cnv_depth__IBNLCO_05765__Flavin__CDS,0.004779219377177126,0.004779219377177126
cnv_depth__IBNLCO_01655__Ribose__CDS,0.004778265811378006,0.004778265811378006
cnv_depth__IBNLCO_05209__IBNLCO_05209__gene__promoter,0.0047778058619844235,0.0047778058619844235
cnv_depth__IBNLCO_01526__nodT__gene,-0.004776357074501019,0.004776357074501019
cnv_depth__IBNLCO_00508__IBNLCO_00508__gene,0.00477383747909807,0.00477383747909807
cnv_depth__IBNLCO_03326__vioA__gene__promoter,-0.004773163924120483,0.004773163924120483
cnv_depth__IBNLCO_03147__IBNLCO_03147__gene__promoter,0.004766020651780908,0.004766020651780908
cnv_depth__IBNLCO_01887__bamD__gene,0.004765562316911967,0.004765562316911967
cnv_depth__IBNLCO_02739__IBNLCO_02739__gene__promoter,0.004765248068111734,0.004765248068111734
cnv_depth__IBNLCO_04215__Amino__CDS,-0.004763939760800436,0.004763939760800436
cnv_depth__IBNLCO_03726__IBNLCO_03726__gene__promoter,0.004763261053226988,0.004763261053226988
cnv_depth__IBNLCO_03371__Ethanolamine__CDS__promoter,-0.0047626701177236296,0.0047626701177236296
cnv_depth__IBNLCO_01524__Multidrug__CDS__promoter,0.004760756182815429,0.004760756182815429
cnv_depth__IBNLCO_00452__Integral__CDS__promoter,-0.004757973689621196,0.004757973689621196
cnv_depth__IBNLCO_03038__IBNLCO_03038__gene,0.004754856044269627,0.004754856044269627
cnv_depth__IBNLCO_03475__HTH__CDS,-0.004754419796952576,0.004754419796952576
cnv_depth__IBNLCO_05151__IBNLCO_05151__gene,0.004752512064082241,0.004752512064082241
cnv_depth__IBNLCO_00068__gnl|Bakta|IBNLCO_00068__CDS__promoter,0.004751807335298579,0.004751807335298579
cnv_depth__IBNLCO_05004__bapC__gene__promoter,0.0047490052061552115,0.0047490052061552115
cnv_depth__IBNLCO_04163__IBNLCO_04163__gene,-0.004748778689746545,0.004748778689746545
cnv_depth__IBNLCO_04554__IBNLCO_04554__gene,-0.0047477071618580394,0.0047477071618580394
cnv_depth__IBNLCO_00079__yidC__gene,0.004747487837699498,0.004747487837699498
cnv_depth__IBNLCO_03606__IBNLCO_03606__gene__promoter,-0.004745269523367293,0.004745269523367293
cnv_depth__IBNLCO_04662__Cupin__CDS,-0.004744720501581675,0.004744720501581675
cnv_depth__IBNLCO_03908__IBNLCO_03908__gene__promoter,0.004744080293475216,0.004744080293475216
cnv_depth__IBNLCO_05086__pilT__gene__promoter,0.004743785301728046,0.004743785301728046
cnv_depth__IBNLCO_03393__Bp1_781__gene,0.0047402871237914755,0.0047402871237914755
cnv_depth__IBNLCO_05579__IBNLCO_05579__gene__promoter,0.004739920708025651,0.004739920708025651
cnv_depth__IBNLCO_05156__IBNLCO_05156__gene,-0.004737632272553823,0.004737632272553823
cnv_depth__IBNLCO_00424__Cation/acetate__CDS,-0.004737062418172751,0.004737062418172751
cnv_depth__IBNLCO_02525__IBNLCO_02525__gene__promoter,-0.004736207225855834,0.004736207225855834
cnv_depth__IBNLCO_01996__gnl|Bakta|IBNLCO_01996__CDS__promoter,0.004735610645999167,0.004735610645999167
cnv_depth__IBNLCO_01446__Myo-inositol__CDS__promoter,0.004734372745898901,0.004734372745898901
cnv_depth__IBNLCO_04920__Tetratricopeptide__CDS,0.00473059170494306,0.00473059170494306
cnv_depth__IBNLCO_02535__IBNLCO_02535__gene,-0.004727739259561568,0.004727739259561568
cnv_depth__IBNLCO_04192__Pyridoxamine__CDS,-0.0047272098500243335,0.0047272098500243335
cnv_depth__IBNLCO_04777__Glutathione__CDS__promoter,-0.004726612694809241,0.004726612694809241
cnv_depth__IBNLCO_01890__IBNLCO_01890__gene__promoter,-0.004726207663240884,0.004726207663240884
cnv_depth__IBNLCO_01584__IBNLCO_01584__gene__promoter,-0.0047253832920517965,0.0047253832920517965
cnv_depth__IBNLCO_00599__zraR__gene__promoter,0.004723888428549813,0.004723888428549813
cnv_depth__IBNLCO_02284__hypothetical__CDS__promoter,-0.004723603677735351,0.004723603677735351
cnv_depth__IBNLCO_03594__IBNLCO_03594__gene__promoter,-0.004721808419351802,0.004721808419351802
cnv_depth__IBNLCO_04726__IBNLCO_04726__gene__promoter,0.004718415809866522,0.004718415809866522
cnv_depth__IBNLCO_01398__mntH__gene__promoter,0.004718199911988805,0.004718199911988805
cnv_depth__IBNLCO_03383__betI__gene,-0.004715882109244989,0.004715882109244989
cnv_depth__IBNLCO_05331__mannose-1-phosphate__CDS,0.004713405497370564,0.004713405497370564
cnv_depth__IBNLCO_03948__hypothetical__CDS,-0.004713326538217857,0.004713326538217857
cnv_depth__IBNLCO_03177__gnl|Bakta|IBNLCO_03177__CDS,0.004713319775430487,0.004713319775430487
cnv_depth__IBNLCO_02244__IBNLCO_02244__gene__promoter,-0.004712167780759509,0.004712167780759509
cnv_depth__IBNLCO_02004__IBNLCO_02004__gene__promoter,0.004709313916705874,0.004709313916705874
cnv_depth__IBNLCO_02238__Cell__CDS__promoter,0.004699092831240214,0.004699092831240214
cnv_depth__IBNLCO_01031__gnl|Bakta|IBNLCO_01031__CDS__promoter,-0.004698991361786192,0.004698991361786192
cnv_depth__IBNLCO_04978__sensor__CDS,-0.004697964474160457,0.004697964474160457
cnv_depth__IBNLCO_04697__hypothetical__CDS,-0.004697071501590941,0.004697071501590941
cnv_depth__IBNLCO_04475__IBNLCO_04475__gene__promoter,-0.0046927244774066365,0.0046927244774066365
cnv_depth__unknown__unknown__regulatory.12,0.004692661446926028,0.004692661446926028
cnv_depth__IBNLCO_05615__Alpha-hydroxy-acid__CDS__promoter,0.0046920814358702625,0.0046920814358702625
cnv_depth__IBNLCO_05635__Amino__CDS,-0.004691451382523822,0.004691451382523822
cnv_depth__IBNLCO_01680__Mg-protoporphyrin__CDS__promoter,-0.004691114852186236,0.004691114852186236
cnv_depth__IBNLCO_04882__Secretion__CDS,0.004688314182900234,0.004688314182900234
cnv_depth__IBNLCO_00415__IBNLCO_00415__gene,0.004687885985548155,0.004687885985548155
cnv_depth__IBNLCO_03446__Isoprenylcysteine__CDS,0.004686686322229517,0.004686686322229517
cnv_depth__IBNLCO_05788__IBNLCO_05788__gene__promoter,0.0046804622323429685,0.0046804622323429685
cnv_depth__IBNLCO_02640__5_ureB_sRNA__gene,0.004679072529756707,0.004679072529756707
cnv_depth__IBNLCO_01236__hypothetical__CDS,0.004678532925893722,0.004678532925893722
cnv_depth__IBNLCO_01556__IBNLCO_01556__gene,-0.004678209671824578,0.004678209671824578
cnv_depth__IBNLCO_02413__IBNLCO_02413__gene__promoter,-0.004677953434368965,0.004677953434368965
cnv_depth__IBNLCO_04459__IBNLCO_04459__gene,0.004675655622704976,0.004675655622704976
cnv_depth__IBNLCO_01438__IBNLCO_01438__gene,-0.004674206397663653,0.004674206397663653
cnv_depth__IBNLCO_03202__IBNLCO_03202__gene,0.004672505404829182,0.004672505404829182
cnv_depth__IBNLCO_00683__Fatty__CDS__promoter,0.004670352602979085,0.004670352602979085
cnv_depth__IBNLCO_02940__IBNLCO_02940__gene,-0.004668293784283749,0.004668293784283749
cnv_depth__IBNLCO_05288__histidine__CDS__promoter,-0.004665909864007852,0.004665909864007852
cnv_depth__IBNLCO_04160__IBNLCO_04160__gene,-0.004665311094797905,0.004665311094797905
cnv_depth__IBNLCO_00527__Outer-membrane__CDS,0.004664983993067951,0.004664983993067951
cnv_depth__IBNLCO_00051__IBNLCO_00051__gene,-0.004663658254503868,0.004663658254503868
cnv_depth__IBNLCO_02737__pilW__gene__promoter,0.004663210400124672,0.004663210400124672
cnv_depth__IBNLCO_05067__hipA__gene,0.0046622423241387614,0.0046622423241387614
cnv_depth__IBNLCO_02008__Glucose-6-phosphate__CDS,0.004657369638538185,0.004657369638538185
cnv_depth__IBNLCO_03039__Phenylacetic__CDS__promoter,0.004657335385334151,0.004657335385334151
cnv_depth__IBNLCO_03450__3-hydroxybutyrate__CDS,0.004656655768189339,0.004656655768189339
cnv_depth__IBNLCO_03134__IBNLCO_03134__gene,-0.004651745823277621,0.004651745823277621
cnv_depth__IBNLCO_04104__IBNLCO_04104__gene__promoter,-0.0046515023346003145,0.0046515023346003145
cnv_depth__IBNLCO_04878__IBNLCO_04878__gene,0.004647733471574159,0.004647733471574159
cnv_depth__IBNLCO_01842__hypothetical__CDS__promoter,0.004644007516117709,0.004644007516117709
cnv_depth__IBNLCO_02989__IBNLCO_02989__gene__promoter,-0.004643928929933962,0.004643928929933962
cnv_depth__IBNLCO_04409__DUF2780__CDS,0.004643555472444493,0.004643555472444493
cnv_depth__IBNLCO_01531__IBNLCO_01531__gene,-0.004642313893886078,0.004642313893886078
cnv_depth__IBNLCO_05611__IBNLCO_05611__gene__promoter,-0.004641136769223698,0.004641136769223698
cnv_depth__IBNLCO_04087__IBNLCO_04087__gene__promoter,0.0046379264056948715,0.0046379264056948715
cnv_depth__IBNLCO_01092__IBNLCO_01092__gene,0.004635782386087304,0.004635782386087304
cnv_depth__IBNLCO_01274__Nitrite/sulfite__CDS,-0.0046356484782420215,0.0046356484782420215
cnv_depth__IBNLCO_05649__iclR__gene,-0.0046346074187316,0.0046346074187316
cnv_depth__IBNLCO_03217__Small__CDS__promoter,-0.004633048922590467,0.004633048922590467
cnv_depth__IBNLCO_05666__IBNLCO_05666__gene__promoter,-0.004632255689744582,0.004632255689744582
cnv_depth__IBNLCO_05005__bapB__gene,0.004632196372830162,0.004632196372830162
cnv_depth__IBNLCO_04260__L-fuconolactone__CDS,-0.004629840758269784,0.004629840758269784
cnv_depth__IBNLCO_03795__IBNLCO_03795__gene__promoter,-0.0046261599738004425,0.0046261599738004425
cnv_depth__IBNLCO_04612__PABS__CDS,-0.004621822485346748,0.004621822485346748
cnv_depth__IBNLCO_00375__Isocitrate__CDS__promoter,-0.0046214674813024985,0.0046214674813024985
cnv_depth__IBNLCO_01686__IBNLCO_01686__gene,0.004616391657547105,0.004616391657547105
cnv_depth__IBNLCO_04482__Histidine__CDS,-0.00461389015206342,0.00461389015206342
cnv_depth__IBNLCO_02887__IBNLCO_02887__gene__promoter,-0.004610933009244807,0.004610933009244807
cnv_depth__IBNLCO_00107__IBNLCO_00107__gene__promoter,-0.004607060116571747,0.004607060116571747
cnv_depth__IBNLCO_05601__FAD-binding__CDS__promoter,0.004602967730462452,0.004602967730462452
cnv_depth__IBNLCO_02168__hypothetical__CDS__promoter,0.004601859991338774,0.004601859991338774
cnv_depth__IBNLCO_05600__IBNLCO_05600__gene__promoter,-0.004601265603263948,0.004601265603263948
cnv_depth__IBNLCO_04656__TauD/TfdA-like__CDS__promoter,-0.004599508514315514,0.004599508514315514
cnv_depth__IBNLCO_03409__ABC__CDS__promoter,0.004594635658892553,0.004594635658892553
cnv_depth__IBNLCO_00525__trnQ__gene,0.004589670167662463,0.004589670167662463
cnv_depth__IBNLCO_01342__Murein__CDS,0.004589222366128579,0.004589222366128579
cnv_depth__IBNLCO_04247__tRNA-Leu(gag)__tRNA,-0.004588998033087007,0.004588998033087007
cnv_depth__IBNLCO_01246__hypothetical__CDS,0.004586964693273264,0.004586964693273264
cnv_depth__IBNLCO_02549__Cold-shock__CDS__promoter,0.004585607409438523,0.004585607409438523
cnv_depth__IBNLCO_02950__IBNLCO_02950__gene,0.00458557497021029,0.00458557497021029
cnv_depth__IBNLCO_02232__IBNLCO_02232__gene__promoter,-0.004584224764054963,0.004584224764054963
cnv_depth__IBNLCO_00893__Quinolinate__CDS__promoter,-0.004583260750496195,0.004583260750496195
cnv_depth__IBNLCO_05115__TauD/TfdA-like__CDS__promoter,-0.004579669532013291,0.004579669532013291
cnv_depth__IBNLCO_02289__Rhodanese__CDS,-0.00457929424369336,0.00457929424369336
cnv_depth__IBNLCO_02466__Dihydrofolate__CDS,-0.004578647532696318,0.004578647532696318
cnv_depth__IBNLCO_04147__Dimethyl-sulfide__CDS__promoter,0.0045749300454571784,0.0045749300454571784
cnv_depth__IBNLCO_03356__IBNLCO_03356__gene,0.00457478147795885,0.00457478147795885
cnv_depth__IBNLCO_01380__Ricin-type__CDS,-0.004573160760705403,0.004573160760705403
cnv_depth__IBNLCO_04736__Acyl-CoA__CDS__promoter,-0.004572960652431278,0.004572960652431278
cnv_depth__IBNLCO_01130__Citrate-proton__CDS,-0.004571250644793453,0.004571250644793453
cnv_depth__IBNLCO_05227__Inner__CDS__promoter,-0.00457049193855791,0.00457049193855791
cnv_depth__IBNLCO_02897__Betaproteobacteria_toxic_sRNA__gene__promoter,0.004569906887532064,0.004569906887532064
cnv_depth__IBNLCO_03664__N-acylglucosamine__CDS__promoter,0.004569866508672377,0.004569866508672377
cnv_depth__IBNLCO_00738__3-phosphoshikimate__CDS,0.004567375220668354,0.004567375220668354
cnv_depth__IBNLCO_04060__MFS__CDS,-0.004564190061383973,0.004564190061383973
cnv_depth__IBNLCO_01705__IBNLCO_01705__gene,-0.004561891832505245,0.004561891832505245
cnv_depth__IBNLCO_00895__L-aspartate__CDS,0.004559786797058788,0.004559786797058788
cnv_depth__IBNLCO_02156__Malate__CDS,-0.004558421854881962,0.004558421854881962
cnv_depth__IBNLCO_03421__Malonate-semialdehyde__CDS,-0.0045576999224498415,0.0045576999224498415
cnv_depth__IBNLCO_02741__IBNLCO_02741__gene,-0.0045573044786884126,0.0045573044786884126
cnv_depth__IBNLCO_02792__IBNLCO_02792__gene__promoter,0.004556095728228856,0.004556095728228856
cnv_depth__IBNLCO_05276__IBNLCO_05276__gene,0.0045540224134807475,0.0045540224134807475
cnv_depth__IBNLCO_05163__IBNLCO_05163__gene__promoter,0.00455175685985491,0.00455175685985491
cnv_depth__IBNLCO_02298__IBNLCO_02298__gene,-0.004547734415407896,0.004547734415407896
cnv_depth__IBNLCO_03725__iclR__gene__promoter,0.00454512266547339,0.00454512266547339
cnv_depth__IBNLCO_01243__IBNLCO_01243__gene__promoter,-0.004543557101232601,0.004543557101232601
cnv_depth__IBNLCO_04830__IBNLCO_04830__gene,-0.0045421539985549455,0.0045421539985549455
cnv_depth__IBNLCO_05294__IBNLCO_05294__gene__promoter,-0.004541093503194321,0.004541093503194321
cnv_depth__IBNLCO_04491__IBNLCO_04491__gene__promoter,0.004540527823825667,0.004540527823825667
cnv_depth__IBNLCO_05848__RNA__CDS__promoter,-0.004538916686386622,0.004538916686386622
cnv_depth__IBNLCO_01313__IBNLCO_01313__gene__promoter,-0.004536649647926169,0.004536649647926169
cnv_depth__IBNLCO_02910__IBNLCO_02910__gene__promoter,0.004533485781245518,0.004533485781245518
cnv_depth__IBNLCO_00767__SnoaL-like__CDS__promoter,-0.004530820667070097,0.004530820667070097
cnv_depth__IBNLCO_02984__Cytochrome__CDS__promoter,0.004530442230333919,0.004530442230333919
cnv_depth__IBNLCO_00676__IBNLCO_00676__gene__promoter,0.004529799659962645,0.004529799659962645
cnv_depth__IBNLCO_05271__hypothetical__CDS__promoter,-0.0045269288615626254,0.0045269288615626254
cnv_depth__IBNLCO_04796__IBNLCO_04796__gene,-0.004525830073929701,0.004525830073929701
cnv_depth__IBNLCO_01682__Carboxylesterase__CDS,-0.00452440853303282,0.00452440853303282
cnv_depth__IBNLCO_03445__dmlR__gene__promoter,-0.004523581099767119,0.004523581099767119
cnv_depth__IBNLCO_00382__thiol:disulfide__CDS__promoter,0.004522626556549397,0.004522626556549397
cnv_depth__IBNLCO_02733__Putative__CDS__promoter,-0.004520046167128631,0.004520046167128631
cnv_depth__IBNLCO_03856__DNA__CDS__promoter,0.004518339253029592,0.004518339253029592
cnv_depth__IBNLCO_00831__IBNLCO_00831__gene,-0.0045179215322406945,0.0045179215322406945
cnv_depth__IBNLCO_02147__Type-4__CDS,0.004517660074813838,0.004517660074813838
cnv_depth__IBNLCO_03043__apaG__gene,0.004516501151794763,0.004516501151794763
cnv_depth__IBNLCO_04295__IBNLCO_04295__gene__promoter,0.004516455734539592,0.004516455734539592
cnv_depth__IBNLCO_05711__DUF3008__CDS,0.004513260079449436,0.004513260079449436
cnv_depth__IBNLCO_02974__IBNLCO_02974__gene,0.004512849477558515,0.004512849477558515
cnv_depth__IBNLCO_02386__IBNLCO_02386__gene__promoter,-0.004512249178152021,0.004512249178152021
cnv_depth__IBNLCO_04119__EF-hand__CDS,-0.004512164218663836,0.004512164218663836
cnv_depth__IBNLCO_04358__HTH__CDS__promoter,0.004511268578724023,0.004511268578724023
cnv_depth__IBNLCO_00765__DUF2946__CDS,-0.004510047841224265,0.004510047841224265
cnv_depth__IBNLCO_01561__STAS__CDS__promoter,0.004508151147965306,0.004508151147965306
cnv_depth__IBNLCO_04071__IBNLCO_04071__gene__promoter,0.004508013904819939,0.004508013904819939
cnv_depth__IBNLCO_02715__Purine__CDS__promoter,0.004506946184637573,0.004506946184637573
cnv_depth__IBNLCO_05301__Cupin__CDS__promoter,-0.004504821114920879,0.004504821114920879
cnv_depth__IBNLCO_00927__Sulfate__CDS__promoter,-0.004504570220051908,0.004504570220051908
cnv_depth__IBNLCO_00447__IBNLCO_00447__gene__promoter,0.004504387372065665,0.004504387372065665
cnv_depth__IBNLCO_02228__IBNLCO_02228__gene__promoter,-0.004501618891839685,0.004501618891839685
cnv_depth__IBNLCO_02813__gnl|Bakta|IBNLCO_02813__CDS__promoter,-0.0044998500526005425,0.0044998500526005425
cnv_depth__IBNLCO_03131__IBNLCO_03131__gene__promoter,0.004499400078120841,0.004499400078120841
cnv_depth__IBNLCO_00252__gnl|Bakta|IBNLCO_00252__CDS,0.004498735691873757,0.004498735691873757
cnv_depth__IBNLCO_05094__HTH__CDS,-0.004498559145474302,0.004498559145474302
cnv_depth__IBNLCO_00181__IBNLCO_00181__gene__promoter,0.004496497272739141,0.004496497272739141
cnv_depth__IBNLCO_03411__IBNLCO_03411__gene,-0.004496094878588497,0.004496094878588497
cnv_depth__IBNLCO_01451__fecR__gene,-0.004495662106943636,0.004495662106943636
cnv_depth__IBNLCO_00684__vdcD__gene__promoter,-0.004493376180593194,0.004493376180593194
cnv_depth__IBNLCO_01578__IBNLCO_01578__gene,0.0044908521163356495,0.0044908521163356495
cnv_depth__IBNLCO_03736__yfcC__gene,0.004489547297175662,0.004489547297175662
cnv_depth__IBNLCO_02333__MIP18__CDS,-0.004487627776145344,0.004487627776145344
cnv_depth__IBNLCO_03629__IBNLCO_03629__gene__promoter,-0.004486875215888954,0.004486875215888954
cnv_depth__IBNLCO_00845__UPF0234__CDS,0.004483897085650673,0.004483897085650673
cnv_depth__IBNLCO_03200__Large__CDS,0.0044837777080880626,0.0044837777080880626
cnv_depth__IBNLCO_02266__IBNLCO_02266__gene,-0.004483622027055169,0.004483622027055169
cnv_depth__IBNLCO_03857__hypothetical__CDS,0.00448337776568314,0.00448337776568314
cnv_depth__IBNLCO_05035__Winged__CDS__promoter,0.004482600107978749,0.004482600107978749
cnv_depth__IBNLCO_01068__HTH__CDS__promoter,0.004478381118053021,0.004478381118053021
cnv_depth__IBNLCO_02203__Outer__CDS__promoter,-0.004477766724816674,0.004477766724816674
cnv_depth__IBNLCO_00191__IBNLCO_00191__gene,0.0044762258702842235,0.0044762258702842235
cnv_depth__IBNLCO_00054__IBNLCO_00054__gene,-0.0044742638599854275,0.0044742638599854275
cnv_depth__IBNLCO_01678__cobW__gene,-0.004473802385071339,0.004473802385071339
cnv_depth__IBNLCO_02475__nudL__gene__promoter,0.00447270105023257,0.00447270105023257
cnv_depth__IBNLCO_00848__gnl|Bakta|IBNLCO_00848__CDS__promoter,-0.004472036287006736,0.004472036287006736
cnv_depth__IBNLCO_05837__IBNLCO_05837__gene,0.004470510805363432,0.004470510805363432
cnv_depth__IBNLCO_03440__yceI__gene__promoter,0.004466793501351679,0.004466793501351679
cnv_depth__IBNLCO_00059__IBNLCO_00059__gene,-0.004466326281452271,0.004466326281452271
cnv_depth__IBNLCO_05226__gnl|Bakta|IBNLCO_05226__CDS,0.004466259288883901,0.004466259288883901
cnv_depth__IBNLCO_00419__3-hydroxyacyl-CoA__CDS,0.004464902888993133,0.004464902888993133
cnv_depth__IBNLCO_05588__IBNLCO_05588__gene,-0.004464817503648253,0.004464817503648253
cnv_depth__IBNLCO_03059__IBNLCO_03059__gene,-0.004463002275691824,0.004463002275691824
cnv_depth__IBNLCO_01945__IBNLCO_01945__gene,0.004461833536544513,0.004461833536544513
cnv_depth__IBNLCO_03306__chemotaxis__CDS,-0.004460912373263775,0.004460912373263775
cnv_depth__IBNLCO_01441__IBNLCO_01441__gene,-0.004458210271426635,0.004458210271426635
cnv_depth__IBNLCO_04910__Transcriptional__CDS,-0.004458071489314772,0.004458071489314772
cnv_depth__IBNLCO_05681__IBNLCO_05681__gene,0.004457467095887897,0.004457467095887897
cnv_depth__IBNLCO_02369__Arginine__CDS__promoter,-0.0044570408950093095,0.0044570408950093095
cnv_depth__IBNLCO_04335__phosphodiesterase__CDS__promoter,0.004456711166312131,0.004456711166312131
cnv_depth__IBNLCO_03082__Oxalate:formate__CDS,-0.004455755676261405,0.004455755676261405
cnv_depth__IBNLCO_02240__2-dehydro-3-deoxyphosphooctonate__CDS,-0.0044530823482015515,0.0044530823482015515
cnv_depth__IBNLCO_04460__IBNLCO_04460__gene,-0.004450005961154913,0.004450005961154913
cnv_depth__IBNLCO_00011__Type__CDS__promoter,0.004449640129359774,0.004449640129359774
cnv_depth__IBNLCO_05391__Catechol__CDS__promoter,0.004449187111344775,0.004449187111344775
cnv_depth__IBNLCO_01886__IBNLCO_01886__gene,-0.0044489997290849724,0.0044489997290849724
cnv_depth__IBNLCO_03787__IBNLCO_03787__gene__promoter,0.004446372297076753,0.004446372297076753
cnv_depth__IBNLCO_01687__IBNLCO_01687__gene,-0.004445914739298584,0.004445914739298584
cnv_depth__IBNLCO_05657__IBNLCO_05657__gene,0.004445380005132013,0.004445380005132013
cnv_depth__IBNLCO_01842__hypothetical__CDS,0.0044439166343326975,0.0044439166343326975
cnv_depth__IBNLCO_03634__IBNLCO_03634__gene__promoter,0.004441077000748426,0.004441077000748426
cnv_depth__IBNLCO_02141__IBNLCO_02141__gene,0.004441055779906381,0.004441055779906381
cnv_depth__IBNLCO_05104__hrcV__gene__promoter,-0.004440198713717741,0.004440198713717741
cnv_depth__IBNLCO_03075__IBNLCO_03075__gene,0.004439862079562508,0.004439862079562508
cnv_depth__IBNLCO_01941__IBNLCO_01941__gene,0.004439011001915858,0.004439011001915858
cnv_depth__IBNLCO_01418__mauG__gene,0.00443822590640262,0.00443822590640262
cnv_depth__IBNLCO_05600__DUF3857__CDS,-0.004436091818193267,0.004436091818193267
cnv_depth__IBNLCO_05715__IBNLCO_05715__gene,-0.004435947468761944,0.004435947468761944
cnv_depth__IBNLCO_00870__HTH__CDS,0.004434298251643237,0.004434298251643237
cnv_depth__IBNLCO_04627__Major__CDS,-0.004432707303041996,0.004432707303041996
cnv_depth__IBNLCO_02803__IBNLCO_02803__gene,0.00443198603318575,0.00443198603318575
cnv_depth__IBNLCO_05711__DUF3008__CDS__promoter,0.004431415515173167,0.004431415515173167
cnv_depth__IBNLCO_03078__Amino__CDS,-0.004431168723526807,0.004431168723526807
cnv_depth__IBNLCO_01981__gnl|Bakta|IBNLCO_01981__CDS,-0.004430123980700574,0.004430123980700574
cnv_depth__IBNLCO_05660__Radical__CDS,-0.004429657399715901,0.004429657399715901
cnv_depth__IBNLCO_01525__Multidrug__CDS,-0.004429472016731522,0.004429472016731522
cnv_depth__IBNLCO_05651__IBNLCO_05651__gene,0.004429067755403872,0.004429067755403872
cnv_depth__IBNLCO_01203__Solute-binding__CDS__promoter,0.004425939645386374,0.004425939645386374
cnv_depth__IBNLCO_00554__IBNLCO_00554__gene__promoter,0.0044248600463178845,0.0044248600463178845
cnv_depth__IBNLCO_03470__2-oxoglutarate__CDS,-0.0044227721666632355,0.0044227721666632355
cnv_depth__IBNLCO_04832__IBNLCO_04832__gene,-0.0044202887718061985,0.0044202887718061985
cnv_depth__IBNLCO_00943__zapA__gene,0.004419588953202399,0.004419588953202399
cnv_depth__IBNLCO_01506__IBNLCO_01506__gene,-0.004418178363526456,0.004418178363526456
cnv_depth__IBNLCO_04522__IBNLCO_04522__gene__promoter,-0.00441685965876428,0.00441685965876428
cnv_depth__IBNLCO_02917__gnl|Bakta|IBNLCO_02917__CDS,-0.00441655483400065,0.00441655483400065
cnv_depth__IBNLCO_00401__2'%2C3'-cyclic-nucleotide__CDS,-0.0044160464120523634,0.0044160464120523634
cnv_depth__IBNLCO_01940__IBNLCO_01940__gene,-0.0044140554865773505,0.0044140554865773505
cnv_depth__IBNLCO_05228__potB__gene,-0.004413926054937595,0.004413926054937595
cnv_depth__IBNLCO_01308__IBNLCO_01308__gene__promoter,-0.004412984134717578,0.004412984134717578
cnv_depth__IBNLCO_04419__Short-chain__CDS,-0.004411592214819303,0.004411592214819303
cnv_depth__IBNLCO_04446__gsiA__gene__promoter,-0.004411286942622813,0.004411286942622813
cnv_depth__IBNLCO_05042__gnl|Bakta|IBNLCO_05042__CDS,-0.0044111400448972864,0.0044111400448972864
cnv_depth__IBNLCO_02030__IBNLCO_02030__gene,-0.004408983090602702,0.004408983090602702
cnv_depth__IBNLCO_05175__IBNLCO_05175__gene__promoter,0.004408797122876671,0.004408797122876671
cnv_depth__IBNLCO_03441__IBNLCO_03441__gene,0.004408052942844597,0.004408052942844597
cnv_depth__IBNLCO_03260__IBNLCO_03260__gene,-0.004406928829930406,0.004406928829930406
cnv_depth__IBNLCO_03035__Enoyl-CoA__CDS__promoter,-0.004406715083354792,0.004406715083354792
cnv_depth__IBNLCO_01214__IBNLCO_01214__gene,-0.00440491257408378,0.00440491257408378
cnv_depth__IBNLCO_05786__IBNLCO_05786__gene,0.004404621528103418,0.004404621528103418
cnv_depth__IBNLCO_03728__IBNLCO_03728__gene,0.004404120862612674,0.004404120862612674
cnv_depth__IBNLCO_02672__pyrR__gene,-0.004401381859067683,0.004401381859067683
cnv_depth__IBNLCO_04939__histidine__CDS__promoter,0.004400611171839381,0.004400611171839381
cnv_depth__IBNLCO_01879__IBNLCO_01879__gene,0.0043961296536644285,0.0043961296536644285
cnv_depth__IBNLCO_03432__IBNLCO_03432__gene,-0.0043921165448308945,0.0043921165448308945
cnv_depth__IBNLCO_04855__hypothetical__CDS,0.004388363209664987,0.004388363209664987
cnv_depth__IBNLCO_05074__hypothetical__CDS__promoter,-0.00438779718887428,0.00438779718887428
cnv_depth__IBNLCO_04661__Carboxymuconolactone__CDS__promoter,0.0043872335580182244,0.0043872335580182244
cnv_depth__IBNLCO_03628__IBNLCO_03628__gene,0.0043871802933757855,0.0043871802933757855
cnv_depth__IBNLCO_01458__MFS__CDS__promoter,-0.004386829700767693,0.004386829700767693
cnv_depth__IBNLCO_02247__rpfE__gene,0.004385693067032116,0.004385693067032116
cnv_depth__IBNLCO_00073__IBNLCO_00073__gene,0.0043840081820844265,0.0043840081820844265
cnv_depth__IBNLCO_05854__IBNLCO_05854__gene,0.004381729670635253,0.004381729670635253
cnv_depth__IBNLCO_04836__IBNLCO_04836__gene,-0.00438139850631863,0.00438139850631863
cnv_depth__IBNLCO_05622__IBNLCO_05622__gene,-0.004381186437759394,0.004381186437759394
cnv_depth__IBNLCO_03079__Putative__CDS__promoter,0.004380116527941541,0.004380116527941541
cnv_depth__IBNLCO_00189__ampG__gene,0.004379997782831796,0.004379997782831796
cnv_depth__IBNLCO_00329__IBNLCO_00329__gene,-0.004377269911699829,0.004377269911699829
cnv_depth__IBNLCO_03279__rlpA__gene,0.0043754420225262,0.0043754420225262
cnv_depth__IBNLCO_03801__Shikimate__CDS__promoter,0.0043752660420384145,0.0043752660420384145
cnv_depth__IBNLCO_00245__IBNLCO_00245__gene__promoter,0.004373492546232591,0.004373492546232591
cnv_depth__IBNLCO_01222__IBNLCO_01222__gene__promoter,-0.004372803948786781,0.004372803948786781
cnv_depth__IBNLCO_03437__DNA-binding__CDS__promoter,0.004372128422905589,0.004372128422905589
cnv_depth__IBNLCO_04483__UDP-N-acetylglucosamine__CDS,0.004372116550917671,0.004372116550917671
cnv_depth__IBNLCO_00505__IBNLCO_00505__gene,-0.0043717038161773135,0.0043717038161773135
cnv_depth__IBNLCO_04495__IBNLCO_04495__gene__promoter,-0.0043705901585914695,0.0043705901585914695
cnv_depth__IBNLCO_01950__IBNLCO_01950__gene__promoter,0.004370447683126913,0.004370447683126913
cnv_depth__IBNLCO_04864__Type__CDS__promoter,-0.004369501606201905,0.004369501606201905
cnv_depth__IBNLCO_00070__Transmembrane__CDS__promoter,0.004369302891161994,0.004369302891161994
cnv_depth__IBNLCO_05279__Phosphatidic__CDS__promoter,0.004369222219561891,0.004369222219561891
cnv_depth__IBNLCO_05334__Cysteine-rich__CDS,0.004367421142317309,0.004367421142317309
cnv_depth__IBNLCO_00089__IBNLCO_00089__gene,-0.004360410497334484,0.004360410497334484
cnv_depth__IBNLCO_01877__IBNLCO_01877__gene__promoter,0.0043596982114434395,0.0043596982114434395
cnv_depth__IBNLCO_00520__IBNLCO_00520__gene__promoter,-0.004357852143646972,0.004357852143646972
cnv_depth__IBNLCO_00522__IBNLCO_00522__gene__promoter,0.004352254045979656,0.004352254045979656
cnv_depth__IBNLCO_02735__IBNLCO_02735__gene__promoter,-0.004351541557081976,0.004351541557081976
cnv_depth__IBNLCO_00368__8-amino-7-oxononanoate__CDS__promoter,0.0043499281508845656,0.0043499281508845656
cnv_depth__IBNLCO_05777__IBNLCO_05777__gene,0.004347216218777996,0.004347216218777996
cnv_depth__IBNLCO_03136__IBNLCO_03136__gene__promoter,0.004344766045184409,0.004344766045184409
cnv_depth__IBNLCO_02303__IBNLCO_02303__gene__promoter,0.004344200116252669,0.004344200116252669
cnv_depth__IBNLCO_00081__mnmE__gene__promoter,0.004342903179549115,0.004342903179549115
cnv_depth__IBNLCO_05680__IBNLCO_05680__gene__promoter,-0.004342796419040811,0.004342796419040811
cnv_depth__IBNLCO_00934__IBNLCO_00934__gene__promoter,-0.004342740112982651,0.004342740112982651
cnv_depth__IBNLCO_04652__1-aminocyclopropane-1-carboxylate__CDS__promoter,0.0043416978209347866,0.0043416978209347866
cnv_depth__IBNLCO_02409__IBNLCO_02409__gene__promoter,0.004338495115142494,0.004338495115142494
cnv_depth__IBNLCO_04214__malT__gene__promoter,0.004335686435499771,0.004335686435499771
cnv_depth__IBNLCO_03205__Large__CDS__promoter,0.004333101179643828,0.004333101179643828
cnv_depth__IBNLCO_04661__Carboxymuconolactone__CDS,0.004330361381744803,0.004330361381744803
cnv_depth__IBNLCO_04330__DUF3088__CDS__promoter,-0.00432985718769885,0.00432985718769885
cnv_depth__IBNLCO_03166__ugpA__gene,0.004328640093594363,0.004328640093594363
cnv_depth__IBNLCO_02669__IBNLCO_02669__gene,-0.004327556291909607,0.004327556291909607
cnv_depth__IBNLCO_00498__IBNLCO_00498__gene__promoter,0.004326305003378219,0.004326305003378219
cnv_depth__IBNLCO_01663__Iron__CDS__promoter,-0.004326257911608594,0.004326257911608594
cnv_depth__IBNLCO_03206__IBNLCO_03206__gene,0.004324071891346316,0.004324071891346316
cnv_depth__IBNLCO_04683__IBNLCO_04683__gene,0.004323790438352469,0.004323790438352469
cnv_depth__IBNLCO_00853__Adenylate__CDS__promoter,-0.004323764906583422,0.004323764906583422
cnv_depth__IBNLCO_03843__eamA__gene__promoter,0.0043233144084129475,0.0043233144084129475
cnv_depth__IBNLCO_05774__IBNLCO_05774__gene__promoter,0.00432202572309275,0.00432202572309275
cnv_depth__IBNLCO_05053__tauB__gene__promoter,-0.004319757182301019,0.004319757182301019
cnv_depth__IBNLCO_02067__IBNLCO_02067__gene,-0.004314382443940652,0.004314382443940652
cnv_depth__IBNLCO_00287__IBNLCO_00287__gene,0.004314121307727984,0.004314121307727984
cnv_depth__IBNLCO_00444__Thiosulfate__CDS__promoter,0.0043136786305877275,0.0043136786305877275
cnv_depth__IBNLCO_04309__IBNLCO_04309__gene__promoter,0.004313535547256704,0.004313535547256704
cnv_depth__IBNLCO_03657__IBNLCO_03657__gene,0.004312531936680131,0.004312531936680131
cnv_depth__IBNLCO_00506__IBNLCO_00506__gene__promoter,-0.004312105645451271,0.004312105645451271
cnv_depth__IBNLCO_04571__IBNLCO_04571__gene,-0.004310791900382843,0.004310791900382843
cnv_depth__IBNLCO_00933__putative__CDS,0.004309611535208128,0.004309611535208128
cnv_depth__IBNLCO_04272__DUF4442__CDS,-0.004306263321014281,0.004306263321014281
cnv_depth__IBNLCO_03720__IBNLCO_03720__gene,0.004305339864043302,0.004305339864043302
cnv_depth__IBNLCO_01868__IBNLCO_01868__gene,-0.004304602043646745,0.004304602043646745
cnv_depth__IBNLCO_04704__assimilatory__CDS__promoter,-0.004302725653775032,0.004302725653775032
cnv_depth__IBNLCO_01113__IBNLCO_01113__gene__promoter,-0.0042991355653415496,0.0042991355653415496
cnv_depth__IBNLCO_04018__gcvA__gene,0.004297858546193614,0.004297858546193614
cnv_depth__IBNLCO_00834__gnl|Bakta|IBNLCO_00834__CDS,-0.0042976211614237985,0.0042976211614237985
cnv_depth__IBNLCO_04741__YigZ__CDS,-0.004293545534690627,0.004293545534690627
cnv_depth__IBNLCO_02346__Coproporphyrinogen-III__CDS,-0.004291485116372732,0.004291485116372732
cnv_depth__IBNLCO_00500__IBNLCO_00500__gene__promoter,-0.004291247867299771,0.004291247867299771
cnv_depth__IBNLCO_01724__jmjC__gene,-0.004289771310818866,0.004289771310818866
cnv_depth__IBNLCO_00307__gnl|Bakta|IBNLCO_00307__CDS__promoter,0.004289757385699398,0.004289757385699398
cnv_depth__IBNLCO_03189__Large__CDS,0.0042880187278067,0.0042880187278067
cnv_depth__IBNLCO_02839__phnG__gene__promoter,0.004287907533549741,0.004287907533549741
cnv_depth__IBNLCO_00214__IBNLCO_00214__gene__promoter,0.004286017231194919,0.004286017231194919
cnv_depth__IBNLCO_01518__Bp1_162__gene,-0.004284988222832237,0.004284988222832237
cnv_depth__IBNLCO_04767__diguanylate__CDS__promoter,-0.004284415779024643,0.004284415779024643
cnv_depth__IBNLCO_03414__ncS01__gene__promoter,0.00428245480887648,0.00428245480887648
cnv_depth__IBNLCO_04052__Fe(3+)-pyochelin__CDS__promoter,-0.004281494378172752,0.004281494378172752
cnv_depth__IBNLCO_04090__IBNLCO_04090__gene__promoter,0.004279840486321841,0.004279840486321841
cnv_depth__IBNLCO_01075__IBNLCO_01075__gene,-0.0042798106740864475,0.0042798106740864475
cnv_depth__IBNLCO_00555__IBNLCO_00555__gene__promoter,0.004278759341929237,0.004278759341929237
cnv_depth__IBNLCO_03472__IBNLCO_03472__gene,0.0042787400692626916,0.0042787400692626916
cnv_depth__IBNLCO_03827__IBNLCO_03827__gene,0.004277476794546418,0.004277476794546418
cnv_depth__IBNLCO_03184__engB__gene,0.004276135821128578,0.004276135821128578
cnv_depth__IBNLCO_03965__2-aminoethylphosphonate--pyruvate__CDS__promoter,0.004275798417586526,0.004275798417586526
cnv_depth__IBNLCO_05686__IBNLCO_05686__gene,-0.004275678606134039,0.004275678606134039
cnv_depth__IBNLCO_04699__IBNLCO_04699__gene,0.004275254403368375,0.004275254403368375
cnv_depth__IBNLCO_01384__IBNLCO_01384__gene__promoter,-0.0042735106792911445,0.0042735106792911445
cnv_depth__IBNLCO_02681__yybR__gene__promoter,-0.004270905744870099,0.004270905744870099
cnv_depth__IBNLCO_00528__IBNLCO_00528__gene,-0.004269177859116226,0.004269177859116226
cnv_depth__IBNLCO_05254__tRNA__CDS,0.004268846989462462,0.004268846989462462
cnv_depth__IBNLCO_03009__UDP-3-O-acyl-N-acetylglucosamine__CDS,0.004264646435691585,0.004264646435691585
cnv_depth__IBNLCO_03861__IBNLCO_03861__gene__promoter,0.004262160981190822,0.004262160981190822
cnv_depth__IBNLCO_05733__IBNLCO_05733__gene,0.004262053944670263,0.004262053944670263
cnv_depth__IBNLCO_05181__IBNLCO_05181__gene,-0.004260346989110678,0.004260346989110678
cnv_depth__IBNLCO_01891__IBNLCO_01891__gene,0.004260062060811445,0.004260062060811445
cnv_depth__IBNLCO_03604__IBNLCO_03604__gene__promoter,0.004259798160828266,0.004259798160828266
cnv_depth__IBNLCO_00689__IBNLCO_00689__gene,0.004258694368814276,0.004258694368814276
cnv_depth__IBNLCO_01518__Bp1_162__gene__promoter,-0.004258210955532613,0.004258210955532613
cnv_depth__IBNLCO_02791__hypothetical__CDS__promoter,0.0042579994935948206,0.0042579994935948206
cnv_depth__IBNLCO_02143__Alanine__CDS,-0.004257297776255777,0.004257297776255777
cnv_depth__IBNLCO_01680__IBNLCO_01680__gene,0.004256940367069978,0.004256940367069978
cnv_depth__IBNLCO_03908__hypothetical__CDS,0.004254471057090736,0.004254471057090736
cnv_depth__IBNLCO_04543__IBNLCO_04543__gene,0.004254198612450706,0.004254198612450706
cnv_depth__IBNLCO_04854__IBNLCO_04854__gene,0.004252491839743834,0.004252491839743834
cnv_depth__IBNLCO_01586__ssuB__gene__promoter,-0.004245097784678431,0.004245097784678431
cnv_depth__IBNLCO_03860__hypothetical__CDS,0.004241844070687091,0.004241844070687091
cnv_depth__IBNLCO_00807__IBNLCO_00807__gene__promoter,-0.004241745079241226,0.004241745079241226
cnv_depth__IBNLCO_03313__flhC__gene,0.004241646239118603,0.004241646239118603
cnv_depth__IBNLCO_01720__Porin__CDS__promoter,0.004236026579231153,0.004236026579231153
cnv_depth__IBNLCO_04605__NADH:quinone__CDS,-0.004235778957892989,0.004235778957892989
cnv_depth__IBNLCO_02596__1-aminocyclopropane-1-carboxylate__CDS,-0.00423559846197199,0.00423559846197199
cnv_depth__IBNLCO_02670__gnl|Bakta|IBNLCO_02670__CDS__promoter,-0.004235477373360674,0.004235477373360674
cnv_depth__IBNLCO_05773__IBNLCO_05773__gene__promoter,0.004235252481142222,0.004235252481142222
cnv_depth__IBNLCO_04104__histidine__CDS,0.004234823495123342,0.004234823495123342
cnv_depth__IBNLCO_04788__IBNLCO_04788__gene,-0.0042343638719729215,0.0042343638719729215
cnv_depth__IBNLCO_00009__Type__CDS__promoter,0.004232109042737854,0.004232109042737854
cnv_depth__IBNLCO_00388__DUF3567__CDS__promoter,-0.004228539805486861,0.004228539805486861
cnv_depth__IBNLCO_00018__Type__CDS__promoter,0.00422816766152905,0.00422816766152905
cnv_depth__IBNLCO_00482__IBNLCO_00482__gene,0.0042267730298593655,0.0042267730298593655
cnv_depth__IBNLCO_03228__IBNLCO_03228__gene,0.004226340740685393,0.004226340740685393
cnv_depth__IBNLCO_00073__Cytochrome__CDS__promoter,0.004224902914815783,0.004224902914815783
cnv_depth__IBNLCO_04735__Phosphopantetheine__CDS__promoter,0.004223386987133229,0.004223386987133229
cnv_depth__IBNLCO_03397__ATP__CDS__promoter,0.004222228870648474,0.004222228870648474
cnv_depth__IBNLCO_00624__IBNLCO_00624__gene,-0.0042216537730223845,0.0042216537730223845
cnv_depth__IBNLCO_03459__DUF692__CDS__promoter,-0.004221375644489738,0.004221375644489738
cnv_depth__IBNLCO_05299__IBNLCO_05299__gene,0.0042200029769347835,0.0042200029769347835
cnv_depth__IBNLCO_01733__IBNLCO_01733__gene,-0.004219723554247195,0.004219723554247195
cnv_depth__IBNLCO_02252__Protein__CDS,-0.004218920247703058,0.004218920247703058
cnv_depth__IBNLCO_00673__IBNLCO_00673__gene,-0.004216597961610907,0.004216597961610907
cnv_depth__IBNLCO_04598__Membrane__CDS__promoter,-0.004216198262000285,0.004216198262000285
cnv_depth__IBNLCO_01208__IBNLCO_01208__gene,-0.00421597029094813,0.00421597029094813
cnv_depth__IBNLCO_04328__IBNLCO_04328__gene,-0.004215786116591763,0.004215786116591763
cnv_depth__IBNLCO_01492__GTP__CDS__promoter,-0.004215142797365583,0.004215142797365583
cnv_depth__IBNLCO_00494__IBNLCO_00494__gene,0.00421418184387148,0.00421418184387148
cnv_depth__IBNLCO_05710__hypothetical__CDS__promoter,0.0042141223670082145,0.0042141223670082145
cnv_depth__IBNLCO_02993__Large__CDS,0.004213563946798781,0.004213563946798781
cnv_depth__IBNLCO_03475__HTH__CDS__promoter,-0.0042126041642192745,0.0042126041642192745
cnv_depth__IBNLCO_02522__hypothetical__CDS,-0.0042119616424082205,0.0042119616424082205
cnv_depth__IBNLCO_04897__L-threonate__CDS,0.004210298102812802,0.004210298102812802
cnv_depth__IBNLCO_04152__Thioester__CDS,0.004208705353943625,0.004208705353943625
cnv_depth__IBNLCO_00017__IBNLCO_00017__gene__promoter,-0.00420674740741616,0.00420674740741616
cnv_depth__IBNLCO_02945__IBNLCO_02945__gene__promoter,-0.004206204804120775,0.004206204804120775
cnv_depth__IBNLCO_00568__IBNLCO_00568__gene,-0.00420377600478338,0.00420377600478338
cnv_depth__IBNLCO_03423__Adenylate__CDS__promoter,-0.004203461175718034,0.004203461175718034
cnv_depth__IBNLCO_03911__IBNLCO_03911__gene__promoter,-0.004202786173624235,0.004202786173624235
cnv_depth__IBNLCO_01854__DUF2975__CDS,0.0042025996422754425,0.0042025996422754425
cnv_depth__IBNLCO_04225__Cytosine__CDS,0.004201836236309911,0.004201836236309911
cnv_depth__IBNLCO_02994__IBNLCO_02994__gene__promoter,-0.004200310103250558,0.004200310103250558
cnv_depth__IBNLCO_04629__Acetyltransferase__CDS__promoter,0.004195785956578889,0.004195785956578889
cnv_depth__IBNLCO_04843__IBNLCO_04843__gene,-0.004195573057820734,0.004195573057820734
cnv_depth__IBNLCO_04294__gnl|Bakta|IBNLCO_04294__CDS,0.00419381829647575,0.00419381829647575
cnv_depth__IBNLCO_03057__HD__CDS__promoter,0.00419267956468865,0.00419267956468865
cnv_depth__IBNLCO_00378__IBNLCO_00378__gene,-0.004187798914875591,0.004187798914875591
cnv_depth__IBNLCO_02465__IBNLCO_02465__gene__promoter,-0.00418671632211528,0.00418671632211528
cnv_depth__IBNLCO_02965__IBNLCO_02965__gene__promoter,-0.00418550952024066,0.00418550952024066
cnv_depth__IBNLCO_02679__IBNLCO_02679__gene__promoter,0.004185091060973462,0.004185091060973462
cnv_depth__IBNLCO_03623__ImpA__CDS__promoter,0.004184700794604984,0.004184700794604984
cnv_depth__IBNLCO_00756__IBNLCO_00756__gene,0.004183767874153861,0.004183767874153861
cnv_depth__IBNLCO_04577__Uncharacterized__CDS__promoter,-0.00418368410599662,0.00418368410599662
cnv_depth__IBNLCO_02488__IBNLCO_02488__gene,0.004183454850611867,0.004183454850611867
cnv_depth__IBNLCO_01853__HTH__CDS__promoter,0.004179183988199284,0.004179183988199284
cnv_depth__IBNLCO_03150__IBNLCO_03150__gene,0.0041761557997838,0.0041761557997838
cnv_depth__IBNLCO_01025__DUF982__CDS,0.004175161096134957,0.004175161096134957
cnv_depth__IBNLCO_05612__cysteine__CDS,-0.004173564173799256,0.004173564173799256
cnv_depth__IBNLCO_01457__IBNLCO_01457__gene,0.004173351501299457,0.004173351501299457
cnv_depth__IBNLCO_02618__IBNLCO_02618__gene__promoter,-0.004172854191238824,0.004172854191238824
cnv_depth__IBNLCO_01670__IBNLCO_01670__gene,0.004172599163612066,0.004172599163612066
cnv_depth__IBNLCO_04780__gnl|Bakta|IBNLCO_04780__CDS__promoter,0.004170006370744705,0.004170006370744705
cnv_depth__IBNLCO_02586__ugpC__gene__promoter,-0.00416627462376663,0.00416627462376663
cnv_depth__IBNLCO_00263__IBNLCO_00263__gene,-0.004165269177947418,0.004165269177947418
cnv_depth__IBNLCO_04167__Transcriptional__CDS__promoter,0.004164888840753659,0.004164888840753659
cnv_depth__IBNLCO_03267__IBNLCO_03267__gene,-0.004163311642373944,0.004163311642373944
cnv_depth__IBNLCO_00430__IBNLCO_00430__gene__promoter,0.004162495301528924,0.004162495301528924
cnv_depth__IBNLCO_00881__IBNLCO_00881__gene__promoter,0.004160334992047963,0.004160334992047963
cnv_depth__IBNLCO_03141__IBNLCO_03141__gene__promoter,-0.004157092673444192,0.004157092673444192
cnv_depth__IBNLCO_05712__RNA__CDS__promoter,0.004156300675280385,0.004156300675280385
cnv_depth__IBNLCO_01403__lysR__gene__promoter,0.004153898176640587,0.004153898176640587
cnv_depth__IBNLCO_03144__IBNLCO_03144__gene,0.0041535122664626434,0.0041535122664626434
cnv_depth__IBNLCO_03104__Type__CDS__promoter,0.004153429069914348,0.004153429069914348
cnv_depth__IBNLCO_01461__Efflux__CDS__promoter,0.004152164444971555,0.004152164444971555
cnv_depth__IBNLCO_04062__Bacteriophage__CDS__promoter,0.004151572309065635,0.004151572309065635
cnv_depth__IBNLCO_03251__4-hydroxyphenylpyruvate__CDS__promoter,-0.004148930212397184,0.004148930212397184
cnv_depth__IBNLCO_05470__ethA__gene__promoter,-0.004148614118636924,0.004148614118636924
cnv_depth__IBNLCO_04111__hypothetical__CDS,-0.004147079402164186,0.004147079402164186
cnv_depth__IBNLCO_04001__gnl|Bakta|IBNLCO_04001__CDS__promoter,-0.004144946770288397,0.004144946770288397
cnv_depth__IBNLCO_04299__IBNLCO_04299__gene__promoter,-0.004142052479954348,0.004142052479954348
cnv_depth__IBNLCO_01127__IBNLCO_01127__gene__promoter,0.0041405436224762355,0.0041405436224762355
cnv_depth__IBNLCO_03702__IBNLCO_03702__gene,-0.004140386275712254,0.004140386275712254
cnv_depth__IBNLCO_05844__IBNLCO_05844__gene,0.004139864290524638,0.004139864290524638
cnv_depth__IBNLCO_02987__IBNLCO_02987__gene__promoter,0.004139166425527108,0.004139166425527108
cnv_depth__IBNLCO_01936__IBNLCO_01936__gene,0.004137485794749103,0.004137485794749103
cnv_depth__IBNLCO_04293__IBNLCO_04293__gene__promoter,0.004133821802397006,0.004133821802397006
cnv_depth__IBNLCO_00791__Bcj14__gene,0.004133525600351223,0.004133525600351223
cnv_depth__IBNLCO_03041__IBNLCO_03041__gene,0.004128927894145231,0.004128927894145231
cnv_depth__IBNLCO_00778__N5-carboxyaminoimidazole__CDS__promoter,-0.004127483351311746,0.004127483351311746
cnv_depth__IBNLCO_05759__IBNLCO_05759__gene__promoter,0.004126727251744541,0.004126727251744541
cnv_depth__IBNLCO_00211__IBNLCO_00211__gene,0.00412648139666801,0.00412648139666801
cnv_depth__IBNLCO_01171__IBNLCO_01171__gene__promoter,0.004126011673161222,0.004126011673161222
cnv_depth__IBNLCO_02848__gnl|Bakta|IBNLCO_02848__CDS,-0.004124501091446426,0.004124501091446426
cnv_depth__IBNLCO_00389__IBNLCO_00389__gene,0.0041244152111287215,0.0041244152111287215
cnv_depth__IBNLCO_01516__Segregation__CDS__promoter,-0.004123098884825119,0.004123098884825119
cnv_depth__IBNLCO_00907__N-acetyltransferase__CDS__promoter,0.004119049813061881,0.004119049813061881
cnv_depth__IBNLCO_03282__AsnC__CDS,0.004118759951315197,0.004118759951315197
cnv_depth__IBNLCO_01858__IBNLCO_01858__gene__promoter,0.004115459889555835,0.004115459889555835
cnv_depth__IBNLCO_00113__DprA__CDS,0.0041128412706429585,0.0041128412706429585
cnv_depth__IBNLCO_02117__Zinc__CDS,-0.004112772878250268,0.004112772878250268
cnv_depth__IBNLCO_01004__IBNLCO_01004__gene__promoter,-0.004109626991184449,0.004109626991184449
cnv_depth__IBNLCO_04398__IBNLCO_04398__gene,-0.004109213176965668,0.004109213176965668
cnv_depth__IBNLCO_01129__IBNLCO_01129__gene__promoter,-0.0041085624806002155,0.0041085624806002155
cnv_depth__IBNLCO_05621__IBNLCO_05621__gene__promoter,0.004107862847026906,0.004107862847026906
cnv_depth__IBNLCO_00993__gnl|Bakta|IBNLCO_00993__CDS,-0.004105218920764402,0.004105218920764402
cnv_depth__IBNLCO_05784__Sulfate__CDS__promoter,0.004103590148375548,0.004103590148375548
cnv_depth__IBNLCO_01971__IBNLCO_01971__gene,-0.004099344706844658,0.004099344706844658
cnv_depth__IBNLCO_02845__non-specific__CDS,0.004099114012645719,0.004099114012645719
cnv_depth__IBNLCO_03615__tssC1__gene,-0.004098842272758615,0.004098842272758615
cnv_depth__IBNLCO_01536__IBNLCO_01536__gene,-0.004098832101099212,0.004098832101099212
cnv_depth__IBNLCO_04516__IBNLCO_04516__gene,-0.004098278544907343,0.004098278544907343
cnv_depth__IBNLCO_03170__Shikimate__CDS__promoter,-0.004093820840240172,0.004093820840240172
cnv_depth__IBNLCO_00248__ABC-type__CDS__promoter,0.004092523545377038,0.004092523545377038
cnv_depth__IBNLCO_05716__IBNLCO_05716__gene,-0.004092220138517278,0.004092220138517278
cnv_depth__IBNLCO_02056__Penicillin-binding__CDS__promoter,0.004090435470459672,0.004090435470459672
cnv_depth__IBNLCO_04907__Glycine__CDS__promoter,-0.004090370933892792,0.004090370933892792
cnv_depth__IBNLCO_01452__IBNLCO_01452__gene,-0.004089432735691625,0.004089432735691625
cnv_depth__IBNLCO_04996__IBNLCO_04996__gene__promoter,0.004088859918691789,0.004088859918691789
cnv_depth__IBNLCO_03393__Bp1_781__gene__promoter,0.004087875912255139,0.004087875912255139
cnv_depth__IBNLCO_01720__IBNLCO_01720__gene,-0.0040869110804540015,0.0040869110804540015
cnv_depth__IBNLCO_01934__DUF937__CDS__promoter,0.004085376554106429,0.004085376554106429
cnv_depth__IBNLCO_02504__Small__CDS,0.004084129198286115,0.004084129198286115
cnv_depth__IBNLCO_01216__mdtC__gene,-0.004084010863506499,0.004084010863506499
cnv_depth__IBNLCO_03212__Small__CDS,0.004083457190992712,0.004083457190992712
cnv_depth__IBNLCO_00032__flagellar__CDS,0.004083360511779369,0.004083360511779369
cnv_depth__IBNLCO_04870__hypothetical__CDS__promoter,-0.004075702252471513,0.004075702252471513
cnv_depth__IBNLCO_05796__Alpha/beta__CDS,-0.004074368187069217,0.004074368187069217
cnv_depth__IBNLCO_00550__Major__CDS,0.004072652823959966,0.004072652823959966
cnv_depth__IBNLCO_03868__IBNLCO_03868__gene__promoter,-0.004067706908711894,0.004067706908711894
cnv_depth__IBNLCO_05210__Succinate__CDS,0.004064434831449847,0.004064434831449847
cnv_depth__IBNLCO_05078__type__CDS,0.00406440870763922,0.00406440870763922
cnv_depth__IBNLCO_00952__Cobalamin-binding__CDS,-0.004063346093446277,0.004063346093446277
cnv_depth__IBNLCO_01874__IBNLCO_01874__gene__promoter,0.004060577296870996,0.004060577296870996
cnv_depth__IBNLCO_03444__D-malate__CDS__promoter,-0.004058802545738541,0.004058802545738541
cnv_depth__IBNLCO_04399__IBNLCO_04399__gene__promoter,0.004056512476817955,0.004056512476817955
cnv_depth__IBNLCO_04938__Putative__CDS__promoter,-0.0040536297977918,0.0040536297977918
cnv_depth__IBNLCO_00407__NADH-quinone__CDS__promoter,0.004053622145979256,0.004053622145979256
cnv_depth__IBNLCO_01037__HTH__CDS,-0.004051955498890225,0.004051955498890225
cnv_depth__IBNLCO_05847__2-hydroxy-1%2C4-benzoquinone__CDS__promoter,-0.004051947260275711,0.004051947260275711
cnv_depth__IBNLCO_04259__Altronate__CDS__promoter,-0.004050885523168855,0.004050885523168855
cnv_depth__IBNLCO_04265__YadA-like__CDS__promoter,0.004049816638819874,0.004049816638819874
cnv_depth__IBNLCO_03972__IBNLCO_03972__gene,0.004048649552392697,0.004048649552392697
cnv_depth__IBNLCO_03821__IBNLCO_03821__gene,-0.004047140717971152,0.004047140717971152
cnv_depth__IBNLCO_00191__Homoserine__CDS__promoter,0.004046726312322335,0.004046726312322335
cnv_depth__IBNLCO_04398__IBNLCO_04398__gene__promoter,-0.004045274111328912,0.004045274111328912
cnv_depth__IBNLCO_03138__Histidinol-phosphate__CDS,-0.004042067844285182,0.004042067844285182
cnv_depth__IBNLCO_01559__gnl|Bakta|IBNLCO_01559__CDS__promoter,0.004039388552075928,0.004039388552075928
cnv_depth__IBNLCO_01073__IBNLCO_01073__gene,-0.004037950790399575,0.004037950790399575
cnv_depth__IBNLCO_03210__Small__CDS,0.0040369645556414145,0.0040369645556414145
cnv_depth__IBNLCO_03305__cheD__gene__promoter,0.004035371131368142,0.004035371131368142
cnv_depth__IBNLCO_01540__hypothetical__CDS,-0.0040336326223515875,0.0040336326223515875
cnv_depth__IBNLCO_02174__PXPV__CDS,-0.004031346255569743,0.004031346255569743
cnv_depth__IBNLCO_01514__Insertion__CDS__promoter,-0.004029554357496291,0.004029554357496291
cnv_depth__IBNLCO_00114__IBNLCO_00114__gene,0.0040287509581983984,0.0040287509581983984
cnv_depth__IBNLCO_00532__IBNLCO_00532__gene__promoter,0.004026369932227907,0.004026369932227907
cnv_depth__IBNLCO_04120__IBNLCO_04120__gene__promoter,0.0040213740966208176,0.0040213740966208176
cnv_depth__IBNLCO_04984__tssG__gene__promoter,0.004021179431971013,0.004021179431971013
cnv_depth__IBNLCO_01100__gnl|Bakta|IBNLCO_01100__CDS__promoter,-0.004018621092182774,0.004018621092182774
cnv_depth__IBNLCO_05846__IBNLCO_05846__gene__promoter,0.004018016029357655,0.004018016029357655
cnv_depth__IBNLCO_00201__cobW__gene__promoter,-0.004017049360615858,0.004017049360615858
cnv_depth__IBNLCO_01318__Phosphate__CDS,-0.004016326492504077,0.004016326492504077
cnv_depth__IBNLCO_04149__two-component__CDS,-0.004016073736896624,0.004016073736896624
cnv_depth__IBNLCO_03227__IBNLCO_03227__gene,0.004013291661735615,0.004013291661735615
cnv_depth__IBNLCO_02349__ABC__CDS__promoter,-0.004012553573409484,0.004012553573409484
cnv_depth__IBNLCO_03301__hypothetical__CDS__promoter,0.004011238288477831,0.004011238288477831
cnv_depth__IBNLCO_05205__Citrate__CDS,0.004009669208675483,0.004009669208675483
cnv_depth__IBNLCO_05173__Polysaccharide__CDS,-0.004007469202410246,0.004007469202410246
cnv_depth__IBNLCO_01489__hypothetical__CDS,0.004004620716516566,0.004004620716516566
cnv_depth__IBNLCO_05774__hypothetical__CDS,-0.004003993964375592,0.004003993964375592
cnv_depth__IBNLCO_04766__IBNLCO_04766__gene,-0.004003349638847213,0.004003349638847213
cnv_depth__IBNLCO_02557__DNA-directed__CDS__promoter,-0.00400279998452933,0.00400279998452933
cnv_depth__IBNLCO_02322__hypothetical__CDS__promoter,-0.004000914381162479,0.004000914381162479
cnv_depth__IBNLCO_01227__fbpC__gene__promoter,-0.004000636927206465,0.004000636927206465
cnv_depth__IBNLCO_04417__Haloacetate__CDS,-0.004000499290313345,0.004000499290313345
cnv_depth__IBNLCO_03272__IBNLCO_03272__gene,-0.00399992582982249,0.00399992582982249
cnv_depth__IBNLCO_03283__fieF__gene__promoter,0.0039997607730743795,0.0039997607730743795
cnv_depth__IBNLCO_00559__IBNLCO_00559__gene__promoter,0.00399773446476509,0.00399773446476509
cnv_depth__IBNLCO_00408__Xaa-Pro__CDS__promoter,-0.003997516531407344,0.003997516531407344
cnv_depth__IBNLCO_00982__hypothetical__CDS,-0.003993289347423079,0.003993289347423079
cnv_depth__IBNLCO_00505__IBNLCO_00505__gene__promoter,-0.003990066111869592,0.003990066111869592
cnv_depth__IBNLCO_01688__IBNLCO_01688__gene,0.003987394373452544,0.003987394373452544
cnv_depth__IBNLCO_03235__trnY__gene__promoter,0.003986659257187609,0.003986659257187609
cnv_depth__IBNLCO_02881__purH__gene__promoter,-0.003986233372087708,0.003986233372087708
cnv_depth__IBNLCO_04101__Glutathione__CDS,-0.003984956155887507,0.003984956155887507
cnv_depth__IBNLCO_03269__IBNLCO_03269__gene,0.003982531446044785,0.003982531446044785
cnv_depth__IBNLCO_05003__type__CDS__promoter,0.003981532960225341,0.003981532960225341
cnv_depth__IBNLCO_00975__Phosphoglycolate__CDS,-0.003980872575116597,0.003980872575116597
cnv_depth__IBNLCO_02088__S-adenosylhomocysteine__CDS__promoter,0.003975526919772841,0.003975526919772841
cnv_depth__IBNLCO_03146__IBNLCO_03146__gene,0.003974350641012413,0.003974350641012413
cnv_depth__IBNLCO_01251__Histidine__CDS,0.003971500338293757,0.003971500338293757
cnv_depth__IBNLCO_00597__IBNLCO_00597__gene,-0.0039707919683089005,0.0039707919683089005
cnv_depth__IBNLCO_04119__IBNLCO_04119__gene__promoter,-0.003970763850884259,0.003970763850884259
cnv_depth__IBNLCO_01945__IBNLCO_01945__gene__promoter,-0.00396956017267833,0.00396956017267833
cnv_depth__IBNLCO_02251__Glycine__CDS,-0.003968499686914709,0.003968499686914709
cnv_depth__IBNLCO_02541__gnl|Bakta|IBNLCO_02541__CDS__promoter,0.003967927803879543,0.003967927803879543
cnv_depth__IBNLCO_04019__gnl|Bakta|IBNLCO_04019__CDS,0.003967759752245314,0.003967759752245314
cnv_depth__IBNLCO_05531__IBNLCO_05531__gene,0.0039675409562151655,0.0039675409562151655
cnv_depth__IBNLCO_04386__IclR__CDS__promoter,-0.003967524275793727,0.003967524275793727
cnv_depth__IBNLCO_00721__IBNLCO_00721__gene,-0.003963631466397875,0.003963631466397875
cnv_depth__IBNLCO_04197__Methyl-accepting__CDS,-0.003962419279072042,0.003962419279072042
cnv_depth__IBNLCO_03087__IBNLCO_03087__gene,-0.0039623672203252394,0.0039623672203252394
cnv_depth__IBNLCO_04317__UspA__CDS,0.003962146747512477,0.003962146747512477
cnv_depth__IBNLCO_00360__EAL__CDS,0.003961876774379531,0.003961876774379531
cnv_depth__IBNLCO_00668__IBNLCO_00668__gene,-0.0039600734406680296,0.0039600734406680296
cnv_depth__IBNLCO_03785__DoxX__CDS,0.003959860248029666,0.003959860248029666
cnv_depth__IBNLCO_01851__HTH__CDS,-0.003959062713243306,0.003959062713243306
cnv_depth__IBNLCO_02636__Urease__CDS,0.00395786549470739,0.00395786549470739
cnv_depth__IBNLCO_02259__Fe-S__CDS__promoter,0.0039571265355647445,0.0039571265355647445
cnv_depth__IBNLCO_04122__IBNLCO_04122__gene__promoter,0.003957018164934407,0.003957018164934407
cnv_depth__IBNLCO_04175__IBNLCO_04175__gene,-0.003953228610121017,0.003953228610121017
cnv_depth__IBNLCO_03153__thiS__gene,0.003951161750224641,0.003951161750224641
cnv_depth__IBNLCO_03199__IBNLCO_03199__gene,-0.003950478147568784,0.003950478147568784
cnv_depth__IBNLCO_03373__IBNLCO_03373__gene__promoter,0.003949339277954043,0.003949339277954043
cnv_depth__IBNLCO_03242__Phenylacetate-CoA__CDS,0.003943274441128193,0.003943274441128193
cnv_depth__IBNLCO_04631__IBNLCO_04631__gene__promoter,0.003941291240710837,0.003941291240710837
cnv_depth__IBNLCO_00723__atsR__gene__promoter,0.003939006258917077,0.003939006258917077
cnv_depth__IBNLCO_02573__minD__gene,0.003938787506024907,0.003938787506024907
cnv_depth__IBNLCO_03205__IBNLCO_03205__gene,0.003938574297660224,0.003938574297660224
cnv_depth__IBNLCO_03579__IBNLCO_03579__gene,0.003931751424431582,0.003931751424431582
cnv_depth__IBNLCO_01423__Glutamine--tRNA__CDS__promoter,-0.003930407962353849,0.003930407962353849
cnv_depth__IBNLCO_03600__hypothetical__CDS__promoter,0.003926894762562899,0.003926894762562899
cnv_depth__IBNLCO_01980__Rap1a__CDS,-0.003926789213316744,0.003926789213316744
cnv_depth__IBNLCO_03693__IBNLCO_03693__gene,-0.0039261828457354195,0.0039261828457354195
cnv_depth__IBNLCO_00874__DUF192__CDS,-0.003922142382232315,0.003922142382232315
cnv_depth__IBNLCO_05589__Type__CDS,-0.003921682751210861,0.003921682751210861
cnv_depth__IBNLCO_00080__IBNLCO_00080__gene,-0.003919539468537836,0.003919539468537836
cnv_depth__IBNLCO_05387__IBNLCO_05387__gene,0.003918538735086864,0.003918538735086864
cnv_depth__IBNLCO_01992__Thioesterase__CDS,-0.003917884959739251,0.003917884959739251
cnv_depth__IBNLCO_04673__Rhs__CDS,-0.003917195792629416,0.003917195792629416
cnv_depth__IBNLCO_02761__IBNLCO_02761__gene__promoter,0.003917106064027147,0.003917106064027147
cnv_depth__IBNLCO_03314__Flagellar__CDS__promoter,-0.003916645337296713,0.003916645337296713
cnv_depth__IBNLCO_05638__LysR__CDS__promoter,-0.003916063683974056,0.003916063683974056
cnv_depth__IBNLCO_02103__IBNLCO_02103__gene,-0.003915700156994918,0.003915700156994918
cnv_depth__IBNLCO_01952__thioredoxin-dependent__CDS__promoter,-0.003915092256283393,0.003915092256283393
cnv_depth__IBNLCO_01676__cbiG__gene,0.003914377296660711,0.003914377296660711
cnv_depth__IBNLCO_02089__IBNLCO_02089__gene__promoter,0.00391236133655524,0.00391236133655524
cnv_depth__IBNLCO_04435__Delta(1)-pyrroline-2-carboxylate__CDS,-0.003912264549905482,0.003912264549905482
cnv_depth__IBNLCO_02095__IBNLCO_02095__gene,-0.003908091402640534,0.003908091402640534
cnv_depth__IBNLCO_05359__ABC__CDS,-0.003906609034818725,0.003906609034818725
cnv_depth__IBNLCO_02748__Peptidoglycan-associated__CDS__promoter,0.0039057959448593033,0.0039057959448593033
cnv_depth__IBNLCO_02769__IBNLCO_02769__gene,-0.0039049648429741665,0.0039049648429741665
cnv_depth__IBNLCO_02909__ABC__CDS,0.003904001349086495,0.003904001349086495
cnv_depth__IBNLCO_01996__IBNLCO_01996__gene,-0.0039029878920595943,0.0039029878920595943
cnv_depth__IBNLCO_03241__SGNH__CDS,0.0039011983497576276,0.0039011983497576276
cnv_depth__IBNLCO_00810__IBNLCO_00810__gene__promoter,0.0039006005108302034,0.0039006005108302034
cnv_depth__IBNLCO_04306__hypothetical__CDS__promoter,0.003898297527686061,0.003898297527686061
cnv_depth__IBNLCO_02239__gnl|Bakta|IBNLCO_02239__CDS__promoter,-0.00389776273350708,0.00389776273350708
cnv_depth__IBNLCO_04064__IBNLCO_04064__gene__promoter,-0.0038948609152171074,0.0038948609152171074
cnv_depth__IBNLCO_00933__putative__CDS__promoter,0.003891406028627018,0.003891406028627018
cnv_depth__IBNLCO_02664__dTDP-4-dehydrorhamnose__CDS__promoter,0.003887510877807834,0.003887510877807834
cnv_depth__IBNLCO_03870__IBNLCO_03870__gene__promoter,-0.003884217819646902,0.003884217819646902
cnv_depth__IBNLCO_01460__IBNLCO_01460__gene,0.0038808517744402136,0.0038808517744402136
cnv_depth__IBNLCO_00739__IBNLCO_00739__gene,0.003879743080919071,0.003879743080919071
cnv_depth__IBNLCO_00409__IBNLCO_00409__gene,0.0038796646498986606,0.0038796646498986606
cnv_depth__IBNLCO_05528__Sphinganine-1-phosphate__CDS__promoter,0.0038792617940449398,0.0038792617940449398
cnv_depth__IBNLCO_03018__IBNLCO_03018__gene__promoter,0.003879069891770347,0.003879069891770347
cnv_depth__IBNLCO_03286__IBNLCO_03286__gene,0.0038790461226870833,0.0038790461226870833
cnv_depth__IBNLCO_05839__Nucleoside__CDS__promoter,0.0038780441352142957,0.0038780441352142957
cnv_depth__IBNLCO_02818__IBNLCO_02818__gene,-0.0038771183019182293,0.0038771183019182293
cnv_depth__IBNLCO_05259__(2Fe-2S)-binding__CDS,0.0038763387666625286,0.0038763387666625286
cnv_depth__IBNLCO_02195__islM__gene__promoter,0.003875888642201034,0.003875888642201034
cnv_depth__IBNLCO_05719__IBNLCO_05719__gene,0.003874668833190117,0.003874668833190117
cnv_depth__IBNLCO_03904__AB__CDS,-0.003874221580559553,0.003874221580559553
cnv_depth__IBNLCO_01078__Glutamyl-Q__CDS__promoter,0.003873381840765249,0.003873381840765249
cnv_depth__IBNLCO_03182__resB__gene__promoter,0.0038731104225969903,0.0038731104225969903
cnv_depth__IBNLCO_04021__IBNLCO_04021__gene,-0.0038725163065007296,0.0038725163065007296
cnv_depth__IBNLCO_01436__Amino__CDS__promoter,-0.003871544836019899,0.003871544836019899
cnv_depth__IBNLCO_03121__IBNLCO_03121__gene__promoter,0.0038715414009129322,0.0038715414009129322
cnv_depth__IBNLCO_02083__IBNLCO_02083__gene__promoter,0.003870575603166636,0.003870575603166636
cnv_depth__IBNLCO_04602__N-acetyltransferase__CDS,-0.0038696662953988195,0.0038696662953988195
cnv_depth__IBNLCO_01935__Chaperone__CDS,-0.0038679197140383684,0.0038679197140383684
cnv_depth__IBNLCO_04608__Formate__CDS,0.0038663211547817823,0.0038663211547817823
cnv_depth__IBNLCO_00287__IBNLCO_00287__gene__promoter,-0.0038631266002525414,0.0038631266002525414
cnv_depth__IBNLCO_02708__IBNLCO_02708__gene__promoter,-0.0038623084008281815,0.0038623084008281815
cnv_depth__IBNLCO_04297__aurF__gene__promoter,-0.0038604788422178737,0.0038604788422178737
cnv_depth__IBNLCO_00275__flgJ__gene__promoter,0.00385974445693997,0.00385974445693997
cnv_depth__IBNLCO_05004__bapC__gene,-0.0038591620804621185,0.0038591620804621185
cnv_depth__IBNLCO_04652__IBNLCO_04652__gene,-0.003858476233613325,0.003858476233613325
cnv_depth__IBNLCO_03311__motB__gene__promoter,0.0038583478255877547,0.0038583478255877547
cnv_depth__IBNLCO_03770__IBNLCO_03770__gene,0.0038575244456190943,0.0038575244456190943
cnv_depth__IBNLCO_05093__IBNLCO_05093__gene,-0.003850458388096681,0.003850458388096681
cnv_depth__IBNLCO_05624__IBNLCO_05624__gene,0.003850245862475756,0.003850245862475756
cnv_depth__IBNLCO_04858__mgtC__gene,-0.003848315018470114,0.003848315018470114
cnv_depth__IBNLCO_04737__Alkylation__CDS,-0.00384656516991722,0.00384656516991722
cnv_depth__IBNLCO_02303__IBNLCO_02303__gene,0.0038464335023671984,0.0038464335023671984
cnv_depth__IBNLCO_01256__ABC__CDS,-0.0038463401669809813,0.0038463401669809813
cnv_depth__IBNLCO_01966__IBNLCO_01966__gene,-0.0038423117734579203,0.0038423117734579203
cnv_depth__IBNLCO_00420__IBNLCO_00420__gene,-0.0038394590977272425,0.0038394590977272425
cnv_depth__IBNLCO_03503__histidine__CDS__promoter,-0.003839296808899767,0.003839296808899767
cnv_depth__IBNLCO_04644__IBNLCO_04644__gene__promoter,-0.0038371923543023324,0.0038371923543023324
cnv_depth__IBNLCO_01719__AraC__CDS__promoter,-0.003836789184357364,0.003836789184357364
cnv_depth__IBNLCO_04432__Voltage-gated__CDS,-0.003836715705318027,0.003836715705318027
cnv_depth__IBNLCO_01553__IBNLCO_01553__gene,-0.003836035356376754,0.003836035356376754
cnv_depth__IBNLCO_04649__Phosphopantetheine__CDS__promoter,-0.003835029197863132,0.003835029197863132
cnv_depth__IBNLCO_05012__SctU__CDS__promoter,-0.0038340218602335866,0.0038340218602335866
cnv_depth__IBNLCO_00110__DNA-binding__CDS__promoter,0.003833322794416552,0.003833322794416552
cnv_depth__IBNLCO_03341__AB__CDS__promoter,0.003831087707103536,0.003831087707103536
cnv_depth__IBNLCO_03057__HD__CDS,-0.003830669446908181,0.003830669446908181
cnv_depth__IBNLCO_02972__IBNLCO_02972__gene,0.0038300399272603617,0.0038300399272603617
cnv_depth__IBNLCO_04086__IBNLCO_04086__gene__promoter,0.0038279314708468044,0.0038279314708468044
cnv_depth__IBNLCO_03343__IBNLCO_03343__gene__promoter,-0.0038262859181101847,0.0038262859181101847
cnv_depth__IBNLCO_00038__IBNLCO_00038__gene,0.003825673071791659,0.003825673071791659
cnv_depth__IBNLCO_04289__CheC-like__CDS__promoter,-0.003823719163562312,0.003823719163562312
cnv_depth__IBNLCO_05509__prnC__gene__promoter,0.003821223176549625,0.003821223176549625
cnv_depth__IBNLCO_05257__Octaprenyl__CDS__promoter,-0.0038189376996217174,0.0038189376996217174
cnv_depth__IBNLCO_05297__araC__gene,-0.0038188481125289663,0.0038188481125289663
cnv_depth__IBNLCO_00835__Quercetin__CDS,-0.0038186971342884114,0.0038186971342884114
cnv_depth__IBNLCO_03899__gnl|Bakta|IBNLCO_03899__CDS,-0.003818354094888724,0.003818354094888724
cnv_depth__IBNLCO_03857__IBNLCO_03857__gene__promoter,0.003815575681641951,0.003815575681641951
cnv_depth__IBNLCO_00606__IBNLCO_00606__gene__promoter,-0.00381169140439621,0.00381169140439621
cnv_depth__IBNLCO_04508__prnC__gene,0.003809828318716763,0.003809828318716763
cnv_depth__IBNLCO_02143__IBNLCO_02143__gene__promoter,0.0038096655951629335,0.0038096655951629335
cnv_depth__IBNLCO_03631__IBNLCO_03631__gene,0.0038079549824754006,0.0038079549824754006
cnv_depth__IBNLCO_03326__vioA__gene,0.003806697962341844,0.003806697962341844
cnv_depth__IBNLCO_01382__hypothetical__CDS,-0.0038066810212272605,0.0038066810212272605
cnv_depth__IBNLCO_01224__IBNLCO_01224__gene,0.00380569015467648,0.00380569015467648
cnv_depth__IBNLCO_05788__Porin__CDS,-0.0038055460830417787,0.0038055460830417787
cnv_depth__IBNLCO_03480__IBNLCO_03480__gene__promoter,0.0038045970093515914,0.0038045970093515914
cnv_depth__IBNLCO_05184__Dihydrofolate__CDS,-0.0038044594439056167,0.0038044594439056167
cnv_depth__IBNLCO_01114__NADPH2:quinone__CDS__promoter,-0.0038006079846281413,0.0038006079846281413
cnv_depth__IBNLCO_02034__Inclusion__CDS,0.003798733210483591,0.003798733210483591
cnv_depth__IBNLCO_04569__IBNLCO_04569__gene,-0.0037978014882372323,0.0037978014882372323
cnv_depth__IBNLCO_00558__IBNLCO_00558__gene__promoter,0.003797777262187006,0.003797777262187006
cnv_depth__IBNLCO_03217__Small__CDS,-0.003797032772856639,0.003797032772856639
cnv_depth__IBNLCO_01378__SCO__CDS__promoter,-0.0037955830523130514,0.0037955830523130514
cnv_depth__IBNLCO_01541__SAF__CDS,0.003794963486514962,0.003794963486514962
cnv_depth__IBNLCO_01041__IBNLCO_01041__gene,-0.0037927398921785045,0.0037927398921785045
cnv_depth__IBNLCO_04607__Formate__CDS,-0.0037895774982101074,0.0037895774982101074
cnv_depth__IBNLCO_02941__Transketolase__CDS__promoter,0.003788267799004083,0.003788267799004083
cnv_depth__IBNLCO_02822__IBNLCO_02822__gene,-0.0037879142643473217,0.0037879142643473217
cnv_depth__IBNLCO_04179__IBNLCO_04179__gene,-0.0037840328315794456,0.0037840328315794456
cnv_depth__IBNLCO_01044__Diguanylate__CDS__promoter,-0.0037837504081597545,0.0037837504081597545
cnv_depth__IBNLCO_03560__hypothetical__CDS,0.0037834094658150776,0.0037834094658150776
cnv_depth__IBNLCO_00003__tRNA__CDS,0.0037824974010099354,0.0037824974010099354
cnv_depth__IBNLCO_02648__IBNLCO_02648__gene__promoter,0.0037796708993093875,0.0037796708993093875
cnv_depth__IBNLCO_00027__fliM__gene,-0.0037794684372386583,0.0037794684372386583
cnv_depth__IBNLCO_02944__IBNLCO_02944__gene__promoter,0.003778780172848053,0.003778780172848053
cnv_depth__IBNLCO_03195__Translation__CDS,-0.0037756919670505584,0.0037756919670505584
cnv_depth__IBNLCO_03375__DZANK-type__CDS__promoter,0.003775505406184931,0.003775505406184931
cnv_depth__IBNLCO_03455__hypothetical__CDS__promoter,0.0037749825326938405,0.0037749825326938405
cnv_depth__IBNLCO_00990__Inorganic__CDS,-0.003774530640384927,0.003774530640384927
cnv_depth__IBNLCO_00376__IBNLCO_00376__gene__promoter,-0.0037721935279767245,0.0037721935279767245
cnv_depth__IBNLCO_02161__tRNA-Asp(gtc)__tRNA,-0.0037709618996042598,0.0037709618996042598
cnv_depth__IBNLCO_04182__IBNLCO_04182__gene,0.0037695065654686608,0.0037695065654686608
cnv_depth__IBNLCO_04134__putative__CDS,-0.003767295262257646,0.003767295262257646
cnv_depth__IBNLCO_05391__IBNLCO_05391__gene,0.003764170779959657,0.003764170779959657
cnv_depth__IBNLCO_03559__hypothetical__CDS__promoter,0.0037633590815844605,0.0037633590815844605
cnv_depth__IBNLCO_02591__gnl|Bakta|IBNLCO_02591__CDS,-0.003763081062940081,0.003763081062940081
cnv_depth__IBNLCO_05756__IBNLCO_05756__gene,0.003761835215447852,0.003761835215447852
cnv_depth__IBNLCO_05032__bprP__gene,0.0037606787813715794,0.0037606787813715794
cnv_depth__IBNLCO_00205__IBNLCO_00205__gene__promoter,0.003756966564101386,0.003756966564101386
cnv_depth__IBNLCO_01511__IBNLCO_01511__gene,-0.0037555232299389166,0.0037555232299389166
cnv_depth__IBNLCO_05023__SctC__CDS__promoter,-0.0037550303411448397,0.0037550303411448397
cnv_depth__IBNLCO_02642__Urease__CDS__promoter,0.003753780292576119,0.003753780292576119
cnv_depth__IBNLCO_01262__IBNLCO_01262__gene__promoter,-0.003751463804387369,0.003751463804387369
cnv_depth__IBNLCO_01579__trnfM__gene,-0.0037513093941510672,0.0037513093941510672
cnv_depth__IBNLCO_05008__HNS-like__CDS__promoter,0.0037464487187331445,0.0037464487187331445
cnv_depth__IBNLCO_02076__IBNLCO_02076__gene__promoter,0.0037459181577017384,0.0037459181577017384
cnv_depth__IBNLCO_00192__slmA__gene,0.00374438427364754,0.00374438427364754
cnv_depth__IBNLCO_01223__Transcriptional__CDS,-0.0037436864793512306,0.0037436864793512306
cnv_depth__IBNLCO_05047__Fe2OG__CDS__promoter,-0.003743290927524853,0.003743290927524853
cnv_depth__IBNLCO_00528__IBNLCO_00528__gene__promoter,0.0037427365149554186,0.0037427365149554186
cnv_depth__IBNLCO_02943__VOC__CDS__promoter,0.00374240059198716,0.00374240059198716
cnv_depth__IBNLCO_05447__IBNLCO_05447__gene__promoter,-0.0037420133971210654,0.0037420133971210654
cnv_depth__IBNLCO_05635__IBNLCO_05635__gene__promoter,0.0037410147673433785,0.0037410147673433785
cnv_depth__IBNLCO_05342__gnl|Bakta|IBNLCO_05342__CDS,0.0037409802290532344,0.0037409802290532344
cnv_depth__IBNLCO_01882__Acetoacetyl-CoA__CDS__promoter,0.0037402727289238035,0.0037402727289238035
cnv_depth__IBNLCO_00020__IBNLCO_00020__gene__promoter,0.0037390113520856683,0.0037390113520856683
cnv_depth__IBNLCO_03716__IBNLCO_03716__gene__promoter,-0.0037387252984815637,0.0037387252984815637
cnv_depth__IBNLCO_01939__Molybdopterin__CDS__promoter,-0.0037385401648712025,0.0037385401648712025
cnv_depth__IBNLCO_01374__IBNLCO_01374__gene,-0.0037376699741897422,0.0037376699741897422
cnv_depth__IBNLCO_00373__Acetyl-CoA__CDS,-0.003737091049354013,0.003737091049354013
cnv_depth__IBNLCO_03415__IBNLCO_03415__gene,0.0037351865130623003,0.0037351865130623003
cnv_depth__IBNLCO_04591__hypothetical__CDS__promoter,0.0037346266444122107,0.0037346266444122107
cnv_depth__IBNLCO_02478__Large__CDS,-0.003734598427524471,0.003734598427524471
cnv_depth__IBNLCO_02911__Glutamate/aspartate__CDS__promoter,0.003731382599180694,0.003731382599180694
cnv_depth__IBNLCO_04793__Iron-containing__CDS,-0.0037299865538194385,0.0037299865538194385
cnv_depth__IBNLCO_03216__Large__CDS__promoter,0.003729156354002704,0.003729156354002704
cnv_depth__IBNLCO_05504__IBNLCO_05504__gene__promoter,-0.003728996137741337,0.003728996137741337
cnv_depth__IBNLCO_05849__Putative__CDS__promoter,0.003727954066253309,0.003727954066253309
cnv_depth__IBNLCO_03719__IBNLCO_03719__gene__promoter,0.0037255839209099657,0.0037255839209099657
cnv_depth__IBNLCO_04339__IBNLCO_04339__gene__promoter,0.003725410952480088,0.003725410952480088
cnv_depth__IBNLCO_00696__IBNLCO_00696__gene__promoter,-0.003724374936251878,0.003724374936251878
cnv_depth__IBNLCO_04722__yqhD__gene__promoter,-0.0037239266121990057,0.0037239266121990057
cnv_depth__IBNLCO_03134__IBNLCO_03134__gene__promoter,-0.003721954617269195,0.003721954617269195
cnv_depth__IBNLCO_01875__IBNLCO_01875__gene,-0.0037214701358580654,0.0037214701358580654
cnv_depth__IBNLCO_01021__Peptidase__CDS,0.0037189990021572698,0.0037189990021572698
cnv_depth__IBNLCO_05585__Type__CDS,0.003718957255512202,0.003718957255512202
cnv_depth__IBNLCO_03291__IBNLCO_03291__gene,0.003717498223332673,0.003717498223332673
cnv_depth__IBNLCO_04590__DUF2165__CDS,0.0037170005360748497,0.0037170005360748497
cnv_depth__IBNLCO_03196__Protein__CDS__promoter,0.00371544093383871,0.00371544093383871
cnv_depth__IBNLCO_01461__IBNLCO_01461__gene,0.003715223945485022,0.003715223945485022
cnv_depth__IBNLCO_04619__Nitrate__CDS,-0.0037134731794661708,0.0037134731794661708
cnv_depth__IBNLCO_04523__IBNLCO_04523__gene,0.0037118813347088585,0.0037118813347088585
cnv_depth__IBNLCO_04276__Diguanylate__CDS,-0.0037108847196133925,0.0037108847196133925
cnv_depth__IBNLCO_00849__Small__CDS__promoter,0.0037093084628964496,0.0037093084628964496
cnv_depth__IBNLCO_02793__manC__gene__promoter,0.003709003014810846,0.003709003014810846
cnv_depth__IBNLCO_01032__DUF4399__CDS,0.0037080842419527386,0.0037080842419527386
cnv_depth__IBNLCO_04216__IBNLCO_04216__gene,-0.0037065775794189247,0.0037065775794189247
cnv_depth__IBNLCO_04551__IBNLCO_04551__gene,-0.003705794487653285,0.003705794487653285
cnv_depth__IBNLCO_02973__Ribosomal__CDS__promoter,0.0037054615971882907,0.0037054615971882907
cnv_depth__IBNLCO_04542__Efflux__CDS__promoter,0.0037051327910202435,0.0037051327910202435
cnv_depth__IBNLCO_01927__IBNLCO_01927__gene,0.0037037510171179034,0.0037037510171179034
cnv_depth__IBNLCO_04421__IBNLCO_04421__gene,0.003702889048752853,0.003702889048752853
cnv_depth__IBNLCO_04583__IBNLCO_04583__gene__promoter,-0.0037027847084088075,0.0037027847084088075
cnv_depth__IBNLCO_02484__IBNLCO_02484__gene__promoter,0.0037020668137377984,0.0037020668137377984
cnv_depth__IBNLCO_02144__lplT__gene__promoter,0.003701273755999932,0.003701273755999932
cnv_depth__IBNLCO_02951__IBNLCO_02951__gene__promoter,-0.003697686397661959,0.003697686397661959
cnv_depth__IBNLCO_03316__IBNLCO_03316__gene__promoter,0.0036976032446510584,0.0036976032446510584
cnv_depth__IBNLCO_00594__IBNLCO_00594__gene__promoter,0.003695677100361123,0.003695677100361123
cnv_depth__IBNLCO_02778__gmhA__gene,0.00369462357808062,0.00369462357808062
cnv_depth__IBNLCO_01289__Biotin-independent__CDS,0.0036946196932428547,0.0036946196932428547
cnv_depth__IBNLCO_02879__dusB__gene,-0.0036932746196658883,0.0036932746196658883
cnv_depth__IBNLCO_01024__tRNA-Arg(cct)__tRNA,-0.003692343246023241,0.003692343246023241
cnv_depth__IBNLCO_03004__8-oxo-dGTP__CDS__promoter,-0.0036923213550682558,0.0036923213550682558
cnv_depth__IBNLCO_00639__IBNLCO_00639__gene,0.0036921969934909284,0.0036921969934909284
cnv_depth__IBNLCO_03562__IBNLCO_03562__gene,0.003691519916182629,0.003691519916182629
cnv_depth__IBNLCO_03592__lysR__gene,-0.003689022875993813,0.003689022875993813
cnv_depth__IBNLCO_01569__N-acetylmuramoyl-L-alanine__CDS__promoter,-0.0036875336841866745,0.0036875336841866745
cnv_depth__IBNLCO_01394__vgrG1__gene__promoter,-0.003685623094215279,0.003685623094215279
cnv_depth__IBNLCO_05787__SHSP__CDS,-0.0036853397660623843,0.0036853397660623843
cnv_depth__IBNLCO_05701__IBNLCO_05701__gene__promoter,-0.003684119243968897,0.003684119243968897
cnv_depth__IBNLCO_00443__IBNLCO_00443__gene__promoter,0.0036825644796629644,0.0036825644796629644
cnv_depth__IBNLCO_02602__ribD__gene__promoter,0.003681506870286781,0.003681506870286781
cnv_depth__IBNLCO_00330__IBNLCO_00330__gene__promoter,-0.0036796554082824963,0.0036796554082824963
cnv_depth__IBNLCO_03066__ettA__gene__promoter,-0.0036796514216573583,0.0036796514216573583
cnv_depth__IBNLCO_03197__IBNLCO_03197__gene,0.0036789805211758296,0.0036789805211758296
cnv_depth__IBNLCO_03471__IBNLCO_03471__gene__promoter,-0.003678740930093225,0.003678740930093225
cnv_depth__IBNLCO_04829__IBNLCO_04829__gene__promoter,-0.00367688310498024,0.00367688310498024
cnv_depth__IBNLCO_05264__IBNLCO_05264__gene,0.0036728531727260746,0.0036728531727260746
cnv_depth__IBNLCO_02945__IBNLCO_02945__gene,0.003671703961942321,0.003671703961942321
cnv_depth__IBNLCO_01669__non-ribosomal__CDS__promoter,0.003670943204562395,0.003670943204562395
cnv_depth__IBNLCO_01213__cyclic__CDS,-0.0036696407957229576,0.0036696407957229576
cnv_depth__IBNLCO_04925__Enoyl-CoA__CDS__promoter,0.0036686285475977442,0.0036686285475977442
cnv_depth__IBNLCO_00976__Argininosuccinate__CDS,-0.0036681346653962012,0.0036681346653962012
cnv_depth__IBNLCO_02279__Nitrate__CDS__promoter,-0.0036678542251393663,0.0036678542251393663
cnv_depth__IBNLCO_03195__Translation__CDS__promoter,-0.0036620571643620537,0.0036620571643620537
cnv_depth__IBNLCO_02000__msrB__gene,-0.0036618728444261814,0.0036618728444261814
cnv_depth__IBNLCO_04756__Outer__CDS__promoter,0.003661046304822145,0.003661046304822145
cnv_depth__IBNLCO_02780__wcbK__gene__promoter,0.0036587802791717716,0.0036587802791717716
cnv_depth__IBNLCO_02009__ATP-binding__CDS__promoter,0.003658675381187957,0.003658675381187957
cnv_depth__IBNLCO_01865__IBNLCO_01865__gene__promoter,-0.00365641803270253,0.00365641803270253
cnv_depth__IBNLCO_03625__IBNLCO_03625__gene__promoter,0.003655869857407161,0.003655869857407161
cnv_depth__IBNLCO_04649__IBNLCO_04649__gene,0.003655194504131804,0.003655194504131804
cnv_depth__IBNLCO_00337__IBNLCO_00337__gene__promoter,0.003653978197486339,0.003653978197486339
cnv_depth__IBNLCO_04320__IBNLCO_04320__gene,-0.0036520707846977953,0.0036520707846977953
cnv_depth__IBNLCO_03400__IBNLCO_03400__gene__promoter,-0.0036513661351068646,0.0036513661351068646
cnv_depth__IBNLCO_00898__IBNLCO_00898__gene__promoter,-0.003650443619255411,0.003650443619255411
cnv_depth__IBNLCO_01514__IBNLCO_01514__gene,-0.0036492860885115695,0.0036492860885115695
cnv_depth__IBNLCO_03025__mraZ__gene,0.003648123601712059,0.003648123601712059
cnv_depth__IBNLCO_03224__IBNLCO_03224__gene__promoter,0.0036478447086930026,0.0036478447086930026
cnv_depth__IBNLCO_04605__IBNLCO_04605__gene__promoter,-0.003647744408378642,0.003647744408378642
cnv_depth__IBNLCO_01734__argininosuccinate__CDS__promoter,0.0036445830472594115,0.0036445830472594115
cnv_depth__IBNLCO_02131__Chromosome__CDS__promoter,-0.0036427549569895664,0.0036427549569895664
cnv_depth__IBNLCO_00271__flgF__gene__promoter,-0.003642387942213842,0.003642387942213842
cnv_depth__IBNLCO_02781__wcbJ__gene__promoter,0.0036413833996613285,0.0036413833996613285
cnv_depth__IBNLCO_05499__40-residue__CDS__promoter,-0.0036413331080109995,0.0036413331080109995
cnv_depth__IBNLCO_05058__IBNLCO_05058__gene__promoter,0.0036394428001574343,0.0036394428001574343
cnv_depth__IBNLCO_00699__hypothetical__CDS__promoter,-0.0036390878631035917,0.0036390878631035917
cnv_depth__IBNLCO_02833__IBNLCO_02833__gene,-0.0036382570965920536,0.0036382570965920536
cnv_depth__IBNLCO_00618__IBNLCO_00618__gene__promoter,0.0036372766912962694,0.0036372766912962694
cnv_depth__IBNLCO_03040__Phenylacetate-coenzyme__CDS,0.003636607882830777,0.003636607882830777
cnv_depth__IBNLCO_04584__IBNLCO_04584__gene__promoter,-0.0036365431057917247,0.0036365431057917247
cnv_depth__IBNLCO_01999__selO__gene,-0.003633227072022851,0.003633227072022851
cnv_depth__IBNLCO_03012__Cell__CDS__promoter,0.0036321433941473597,0.0036321433941473597
cnv_depth__IBNLCO_05111__IBNLCO_05111__gene__promoter,-0.0036320770026438635,0.0036320770026438635
cnv_depth__IBNLCO_02875__IBNLCO_02875__gene__promoter,0.003630809333774144,0.003630809333774144
cnv_depth__IBNLCO_01507__NlpB/DapX__CDS,-0.0036285266133317963,0.0036285266133317963
cnv_depth__IBNLCO_03825__IBNLCO_03825__gene,0.003628374579612054,0.003628374579612054
cnv_depth__IBNLCO_01979__Mechanosensitive__CDS,-0.0036276572828264865,0.0036276572828264865
cnv_depth__IBNLCO_04745__IBNLCO_04745__gene__promoter,-0.003625645135117173,0.003625645135117173
cnv_depth__IBNLCO_03833__LysR__CDS__promoter,-0.0036254768335629356,0.0036254768335629356
cnv_depth__IBNLCO_00916__IBNLCO_00916__gene,-0.0036253618480836334,0.0036253618480836334
cnv_depth__IBNLCO_03363__L-serine__CDS__promoter,0.003624787160445086,0.003624787160445086
cnv_depth__IBNLCO_03105__Hcp1__CDS,0.0036244986839858257,0.0036244986839858257
cnv_depth__IBNLCO_02311__IBNLCO_02311__gene,0.0036238954407668907,0.0036238954407668907
cnv_depth__IBNLCO_00059__IBNLCO_00059__gene__promoter,0.003622910898236002,0.003622910898236002
cnv_depth__IBNLCO_04566__N-demethylindolmycin__CDS,0.003621366214471706,0.003621366214471706
cnv_depth__IBNLCO_02597__IBNLCO_02597__gene__promoter,-0.003621068163675572,0.003621068163675572
cnv_depth__IBNLCO_05301__IBNLCO_05301__gene,0.0036206457293188605,0.0036206457293188605
cnv_depth__IBNLCO_03833__lysR__gene,0.00361938992244626,0.00361938992244626
cnv_depth__IBNLCO_01482__IBNLCO_01482__gene,-0.0036168550693690673,0.0036168550693690673
cnv_depth__IBNLCO_00093__IBNLCO_00093__gene,0.0036160167932762664,0.0036160167932762664
cnv_depth__IBNLCO_03131__IBNLCO_03131__gene,0.003612724047423765,0.003612724047423765
cnv_depth__IBNLCO_00203__Tyrosine__CDS,-0.0036112919101369554,0.0036112919101369554
cnv_depth__IBNLCO_02517__IBNLCO_02517__gene,-0.003609414651453825,0.003609414651453825
cnv_depth__IBNLCO_00655__IBNLCO_00655__gene__promoter,0.003608520512583979,0.003608520512583979
cnv_depth__IBNLCO_00696__IBNLCO_00696__gene,-0.0036084012638820293,0.0036084012638820293
cnv_depth__IBNLCO_01065__eamA__gene,0.0036079757749862174,0.0036079757749862174
cnv_depth__IBNLCO_04873__gnl|Bakta|IBNLCO_04873__CDS__promoter,-0.003607918861428439,0.003607918861428439
cnv_depth__IBNLCO_04610__Alkyl__CDS,0.0036077160011904153,0.0036077160011904153
cnv_depth__IBNLCO_01357__IBNLCO_01357__gene__promoter,-0.003606213418957324,0.003606213418957324
cnv_depth__IBNLCO_02843__4-hydroxybenzoate__CDS,-0.0036043424907616257,0.0036043424907616257
cnv_depth__IBNLCO_05850__Arsenate__CDS__promoter,0.003602948592198705,0.003602948592198705
cnv_depth__IBNLCO_03767__IBNLCO_03767__gene,-0.0036014031974646713,0.0036014031974646713
cnv_depth__IBNLCO_05607__lysR__gene,0.003601220758122699,0.003601220758122699
cnv_depth__IBNLCO_02296__putative__CDS,0.003600609857984974,0.003600609857984974
cnv_depth__IBNLCO_03132__IBNLCO_03132__gene,0.003597158692344134,0.003597158692344134
cnv_depth__IBNLCO_01968__Glyoxylate__CDS__promoter,-0.0035945150568477096,0.0035945150568477096
cnv_depth__IBNLCO_00268__flagellar__CDS,0.0035933628977670405,0.0035933628977670405
cnv_depth__IBNLCO_03223__DNA-directed__CDS,-0.0035924973241814643,0.0035924973241814643
cnv_depth__IBNLCO_00635__Dihydroneopterin__CDS__promoter,0.00359184742450866,0.00359184742450866
cnv_depth__IBNLCO_04760__Putative__CDS,0.003591256634386456,0.003591256634386456
cnv_depth__IBNLCO_04492__IBNLCO_04492__gene,0.0035911950518381103,0.0035911950518381103
cnv_depth__IBNLCO_00173__IBNLCO_00173__gene__promoter,-0.0035903528041713916,0.0035903528041713916
cnv_depth__IBNLCO_00736__IBNLCO_00736__gene__promoter,0.0035892267114016984,0.0035892267114016984
cnv_depth__IBNLCO_00677__IBNLCO_00677__gene,0.003583959777986993,0.003583959777986993
cnv_depth__IBNLCO_01910__Modulator__CDS,0.0035799417145807944,0.0035799417145807944
cnv_depth__IBNLCO_03589__IBNLCO_03589__gene__promoter,0.0035751332548304014,0.0035751332548304014
cnv_depth__IBNLCO_02053__IBNLCO_02053__gene,0.0035750275183166758,0.0035750275183166758
cnv_depth__IBNLCO_03001__IBNLCO_03001__gene,-0.0035742910644891283,0.0035742910644891283
cnv_depth__IBNLCO_01983__ywnH__gene,-0.003572981415110046,0.003572981415110046
cnv_depth__IBNLCO_04471__hypothetical__CDS__promoter,0.00357266565344092,0.00357266565344092
cnv_depth__IBNLCO_05545__gnl|Bakta|IBNLCO_05545__CDS__promoter,0.003572539220506832,0.003572539220506832
cnv_depth__IBNLCO_00875__IBNLCO_00875__gene,-0.0035673393487966267,0.0035673393487966267
cnv_depth__IBNLCO_02007__Bifunctional__CDS,0.003567161841051417,0.003567161841051417
cnv_depth__IBNLCO_03753__IBNLCO_03753__gene,-0.003566666329778887,0.003566666329778887
cnv_depth__IBNLCO_05488__Calcineurin-like__CDS,-0.0035653722471718514,0.0035653722471718514
cnv_depth__IBNLCO_00256__5-oxoprolinase__CDS,-0.003564263756774842,0.003564263756774842
cnv_depth__IBNLCO_04036__Branched-chain__CDS,-0.0035634995430647155,0.0035634995430647155
cnv_depth__IBNLCO_00236__histidine__CDS__promoter,-0.0035632397207059725,0.0035632397207059725
cnv_depth__IBNLCO_03280__IBNLCO_03280__gene__promoter,-0.0035571107068598593,0.0035571107068598593
cnv_depth__IBNLCO_04000__IBNLCO_04000__gene__promoter,-0.0035543336794016645,0.0035543336794016645
cnv_depth__IBNLCO_04083__Macrolide__CDS,-0.0035530011941935146,0.0035530011941935146
cnv_depth__IBNLCO_02072__Hydantoin__CDS,0.003552710188085845,0.003552710188085845
cnv_depth__IBNLCO_03706__luxP__gene__promoter,0.0035521710521110453,0.0035521710521110453
cnv_depth__IBNLCO_03008__IBNLCO_03008__gene,0.003551740375747754,0.003551740375747754
cnv_depth__IBNLCO_04664__IBNLCO_04664__gene__promoter,-0.003551339190158185,0.003551339190158185
cnv_depth__IBNLCO_00411__UPF0250__CDS,0.0035500871505343393,0.0035500871505343393
cnv_depth__IBNLCO_04466__IBNLCO_04466__gene__promoter,-0.00354870583729162,0.00354870583729162
cnv_depth__IBNLCO_03318__IBNLCO_03318__gene,0.00354839850803356,0.00354839850803356
cnv_depth__IBNLCO_04300__DOT1__CDS,0.0035483842728229143,0.0035483842728229143
cnv_depth__IBNLCO_02993__IBNLCO_02993__gene__promoter,0.003548291640331159,0.003548291640331159
cnv_depth__IBNLCO_02347__IBNLCO_02347__gene,-0.003547125797181907,0.003547125797181907
cnv_depth__IBNLCO_00657__Glycine--tRNA__CDS__promoter,0.0035470571129235587,0.0035470571129235587
cnv_depth__IBNLCO_01948__Undecaprenyl-phosphate__CDS__promoter,-0.003547018569819027,0.003547018569819027
cnv_depth__IBNLCO_01560__IBNLCO_01560__gene,0.003546731640737103,0.003546731640737103
cnv_depth__IBNLCO_02391__Trehalose-6-phosphate__CDS__promoter,0.003545356182425077,0.003545356182425077
cnv_depth__IBNLCO_03619__ImpE/SciE__CDS,0.00354468660168153,0.00354468660168153
cnv_depth__IBNLCO_01004__histidine__CDS,-0.0035438859057723123,0.0035438859057723123
cnv_depth__IBNLCO_00414__gnl|Bakta|IBNLCO_00414__CDS,-0.0035427282806850748,0.0035427282806850748
cnv_depth__IBNLCO_04606__Hydrogenase-4__CDS__promoter,-0.003541569804967722,0.003541569804967722
cnv_depth__IBNLCO_01519__rimP__gene__promoter,-0.003541019655165936,0.003541019655165936
cnv_depth__IBNLCO_01271__Enoyl-[acyl-carrier-protein]__CDS,-0.0035403897975682416,0.0035403897975682416
cnv_depth__IBNLCO_04717__IBNLCO_04717__gene,-0.0035399582307637832,0.0035399582307637832
cnv_depth__IBNLCO_05617__Transcriptional__CDS__promoter,0.003538650152454404,0.003538650152454404
cnv_depth__IBNLCO_03483__IBNLCO_03483__gene__promoter,-0.0035374859926292183,0.0035374859926292183
cnv_depth__IBNLCO_00705__IBNLCO_00705__gene__promoter,-0.003536480064333646,0.003536480064333646
cnv_depth__IBNLCO_01315__Dihydropteroate__CDS,-0.003536265799425982,0.003536265799425982
cnv_depth__IBNLCO_03676__IBNLCO_03676__gene,-0.0035351763563283944,0.0035351763563283944
cnv_depth__IBNLCO_00057__DUF1700__CDS,-0.003529862815610068,0.003529862815610068
cnv_depth__IBNLCO_04629__IBNLCO_04629__gene,0.003529372928407296,0.003529372928407296
cnv_depth__IBNLCO_03215__IBNLCO_03215__gene,0.0035293348393195386,0.0035293348393195386
cnv_depth__IBNLCO_01293__IBNLCO_01293__gene__promoter,0.003528549026734198,0.003528549026734198
cnv_depth__IBNLCO_03426__IBNLCO_03426__gene,0.0035247256152425794,0.0035247256152425794
cnv_depth__IBNLCO_01428__IBNLCO_01428__gene,-0.0035234070717320184,0.0035234070717320184
cnv_depth__IBNLCO_05095__Tir__CDS,-0.003519794578975481,0.003519794578975481
cnv_depth__IBNLCO_04082__IBNLCO_04082__gene__promoter,-0.0035189678839263262,0.0035189678839263262
cnv_depth__IBNLCO_02024__Glycerate__CDS,0.003518489528033604,0.003518489528033604
cnv_depth__IBNLCO_04973__IBNLCO_04973__gene,0.003517517582507588,0.003517517582507588
cnv_depth__IBNLCO_03721__IBNLCO_03721__gene,0.003516249802320927,0.003516249802320927
cnv_depth__IBNLCO_05248__trnI__gene,0.0035158419534609122,0.0035158419534609122
cnv_depth__IBNLCO_03713__IBNLCO_03713__gene__promoter,0.0035157940747660224,0.0035157940747660224
cnv_depth__IBNLCO_03302__chemotaxis__CDS,0.0035149295965048784,0.0035149295965048784
cnv_depth__IBNLCO_01554__hypothetical__CDS__promoter,-0.0035143732077581435,0.0035143732077581435
cnv_depth__IBNLCO_00198__hslU__gene__promoter,0.003512092863541068,0.003512092863541068
cnv_depth__IBNLCO_00100__Histone__CDS__promoter,0.00351167437558493,0.00351167437558493
cnv_depth__IBNLCO_05495__IBNLCO_05495__gene__promoter,0.003510119928651369,0.003510119928651369
cnv_depth__IBNLCO_00576__IBNLCO_00576__gene,0.003510068244630952,0.003510068244630952
cnv_depth__IBNLCO_04603__IBNLCO_04603__gene,0.0035089559988277143,0.0035089559988277143
cnv_depth__IBNLCO_00037__cmpD__gene__promoter,0.00350693031395192,0.00350693031395192
cnv_depth__IBNLCO_01475__Bcj11__gene__promoter,-0.0035058078842950522,0.0035058078842950522
cnv_depth__IBNLCO_05385__Anthranilate__CDS__promoter,-0.0035046971590538913,0.0035046971590538913
cnv_depth__IBNLCO_04811__IBNLCO_04811__gene__promoter,-0.0035025296047432484,0.0035025296047432484
cnv_depth__IBNLCO_04560__Transmembrane__CDS__promoter,-0.0035020886805021125,0.0035020886805021125
cnv_depth__IBNLCO_00881__Amino__CDS,-0.00350049151178114,0.00350049151178114
cnv_depth__IBNLCO_00655__IBNLCO_00655__gene,0.0034988438898323777,0.0034988438898323777
cnv_depth__IBNLCO_05497__DUF4148__CDS,-0.003498078771848091,0.003498078771848091
cnv_depth__IBNLCO_02176__ferredoxin--NADP(+)__CDS,-0.003494598513981449,0.003494598513981449
cnv_depth__IBNLCO_04006__Serine__CDS,0.00349419069341726,0.00349419069341726
cnv_depth__IBNLCO_00716__IBNLCO_00716__gene__promoter,-0.0034910246747162734,0.0034910246747162734
cnv_depth__IBNLCO_04028__L-carnitine__CDS,0.0034893965843513356,0.0034893965843513356
cnv_depth__IBNLCO_03206__Large__CDS__promoter,0.0034886568020502276,0.0034886568020502276
cnv_depth__IBNLCO_00703__IBNLCO_00703__gene__promoter,-0.003486964121858521,0.003486964121858521
cnv_depth__IBNLCO_02978__IBNLCO_02978__gene__promoter,-0.0034868213740409126,0.0034868213740409126
cnv_depth__IBNLCO_01170__IBNLCO_01170__gene__promoter,0.003482272815661471,0.003482272815661471
cnv_depth__IBNLCO_01074__IBNLCO_01074__gene,-0.003480401017753081,0.003480401017753081
cnv_depth__IBNLCO_02393__Thioredoxin__CDS__promoter,0.0034800386063694936,0.0034800386063694936
cnv_depth__IBNLCO_00975__Phosphoglycolate__CDS__promoter,-0.0034788927124919044,0.0034788927124919044
cnv_depth__IBNLCO_03431__IBNLCO_03431__gene__promoter,-0.003478725380436374,0.003478725380436374
cnv_depth__IBNLCO_00535__IBNLCO_00535__gene__promoter,-0.003478628184276113,0.003478628184276113
cnv_depth__IBNLCO_03561__Fimbrial__CDS,0.0034756123183055155,0.0034756123183055155
cnv_depth__IBNLCO_04580__Putative__CDS,0.0034742410543566775,0.0034742410543566775
cnv_depth__IBNLCO_02378__Chitooligosaccharide__CDS__promoter,-0.0034718819457145635,0.0034718819457145635
cnv_depth__IBNLCO_04671__DUF2875__CDS,0.0034704074847454578,0.0034704074847454578
cnv_depth__IBNLCO_04636__IBNLCO_04636__gene,-0.0034685505458043023,0.0034685505458043023
cnv_depth__IBNLCO_03665__mgtC__gene,0.0034661096862280325,0.0034661096862280325
cnv_depth__IBNLCO_02918__Gluconate__CDS__promoter,0.003464783240076048,0.003464783240076048
cnv_depth__IBNLCO_00441__moeB__gene,0.00346021483111144,0.00346021483111144
cnv_depth__IBNLCO_05598__IBNLCO_05598__gene,-0.0034585562498535244,0.0034585562498535244
cnv_depth__IBNLCO_05445__ATP__CDS__promoter,0.00345845596698805,0.00345845596698805
cnv_depth__IBNLCO_02161__trnD__gene__promoter,-0.0034575213981185614,0.0034575213981185614
cnv_depth__IBNLCO_05111__Type__CDS,-0.003457501711143,0.003457501711143
cnv_depth__IBNLCO_00493__IBNLCO_00493__gene,0.003456617191028245,0.003456617191028245
cnv_depth__IBNLCO_01286__Malonate__CDS,-0.0034565560806100867,0.0034565560806100867
cnv_depth__IBNLCO_05761__gnl|Bakta|IBNLCO_05761__CDS__promoter,-0.0034550504703413985,0.0034550504703413985
cnv_depth__IBNLCO_01841__Putative__CDS,-0.003454765194144547,0.003454765194144547
cnv_depth__IBNLCO_05258__Exodeoxyribonuclease__CDS,-0.0034534817681033596,0.0034534817681033596
cnv_depth__IBNLCO_03235__trnY__gene,0.0034504228991727704,0.0034504228991727704
cnv_depth__IBNLCO_00942__6S__gene__promoter,0.003449594070941825,0.003449594070941825
cnv_depth__IBNLCO_05599__FHA-family__CDS__promoter,-0.0034490437206113308,0.0034490437206113308
cnv_depth__IBNLCO_01211__Bll4479__CDS,0.0034454978818172204,0.0034454978818172204
cnv_depth__IBNLCO_02675__IBNLCO_02675__gene,-0.0034441538501984877,0.0034441538501984877
cnv_depth__IBNLCO_01477__IBNLCO_01477__gene,0.0034422275561286214,0.0034422275561286214
cnv_depth__IBNLCO_05010__bipB__gene,0.0034409390955324024,0.0034409390955324024
cnv_depth__IBNLCO_05849__Putative__CDS,0.0034369797303663682,0.0034369797303663682
cnv_depth__IBNLCO_04706__uroporphyrinogen-III__CDS,0.0034367829465513705,0.0034367829465513705
cnv_depth__IBNLCO_01660__Extracytoplasmic-function__CDS__promoter,0.003433368472290032,0.003433368472290032
cnv_depth__IBNLCO_03395__IBNLCO_03395__gene,0.0034330779347160768,0.0034330779347160768
cnv_depth__IBNLCO_03111__dotU__gene,0.003431419625512344,0.003431419625512344
cnv_depth__IBNLCO_02759__IBNLCO_02759__gene__promoter,0.0034305984636961158,0.0034305984636961158
cnv_depth__IBNLCO_04691__IBNLCO_04691__gene,0.003429600747885933,0.003429600747885933
cnv_depth__IBNLCO_01914__RNA__CDS,0.0034277094973794602,0.0034277094973794602
cnv_depth__IBNLCO_01264__IBNLCO_01264__gene__promoter,-0.0034270609642991427,0.0034270609642991427
cnv_depth__IBNLCO_00890__IBNLCO_00890__gene__promoter,0.0034267453207173473,0.0034267453207173473
cnv_depth__IBNLCO_04938__Putative__CDS,-0.0034251619699313097,0.0034251619699313097
cnv_depth__IBNLCO_02443__D-glycerate__CDS,-0.0034250171723440932,0.0034250171723440932
cnv_depth__IBNLCO_03204__IBNLCO_03204__gene__promoter,0.0034245800867448127,0.0034245800867448127
cnv_depth__IBNLCO_00077__IBNLCO_00077__gene__promoter,0.0034245625384562647,0.0034245625384562647
cnv_depth__IBNLCO_02361__Cytochrome__CDS,0.0034209899782342164,0.0034209899782342164
cnv_depth__IBNLCO_01588__Iron__CDS__promoter,-0.0034208975445934485,0.0034208975445934485
cnv_depth__IBNLCO_04923__DUF2827__CDS__promoter,0.0034191767694171805,0.0034191767694171805
cnv_depth__IBNLCO_00506__DUF4492__CDS,-0.003418976332284348,0.003418976332284348
cnv_depth__IBNLCO_05794__IBNLCO_05794__gene__promoter,0.0034178302059555696,0.0034178302059555696
cnv_depth__IBNLCO_02153__uspA__gene,-0.003416994809956272,0.003416994809956272
cnv_depth__IBNLCO_04011__Electron__CDS__promoter,0.003416358080154008,0.003416358080154008
cnv_depth__IBNLCO_01375__hypothetical__CDS__promoter,0.003416252094070669,0.003416252094070669
cnv_depth__IBNLCO_02037__DUF2471__CDS__promoter,0.0034141776597176043,0.0034141776597176043
cnv_depth__IBNLCO_02383__pdxY__gene,-0.003413445932729714,0.003413445932729714
cnv_depth__IBNLCO_04147__Dimethyl-sulfide__CDS,0.003413368584667467,0.003413368584667467
cnv_depth__IBNLCO_00685__rhlE__gene,0.0034123359244266523,0.0034123359244266523
cnv_depth__IBNLCO_02778__gmhA__gene__promoter,-0.003410563507545589,0.003410563507545589
cnv_depth__IBNLCO_00463__ctaB__gene__promoter,0.003410041756534817,0.003410041756534817
cnv_depth__IBNLCO_03926__Spermidine/putrescine__CDS,0.0034096750219005842,0.0034096750219005842
cnv_depth__IBNLCO_01476__IBNLCO_01476__gene,-0.0034068596670943337,0.0034068596670943337
cnv_depth__IBNLCO_04502__IBNLCO_04502__gene__promoter,0.0034063421192944148,0.0034063421192944148
cnv_depth__IBNLCO_05053__Taurine__CDS,-0.003405630164356377,0.003405630164356377
cnv_depth__IBNLCO_04667__IBNLCO_04667__gene,0.003403575111279172,0.003403575111279172
cnv_depth__IBNLCO_03419__Lipopolysaccharide__CDS,0.0034035311625484326,0.0034035311625484326
cnv_depth__IBNLCO_02562__hemW__gene__promoter,0.0034025819482187366,0.0034025819482187366
cnv_depth__IBNLCO_02814__Heat-inducible__CDS,-0.0034024920721258756,0.0034024920721258756
cnv_depth__IBNLCO_04589__IBNLCO_04589__gene__promoter,0.0034015202770630863,0.0034015202770630863
cnv_depth__IBNLCO_00494__IBNLCO_00494__gene__promoter,-0.0034009774615793415,0.0034009774615793415
cnv_depth__IBNLCO_02194__Sulfotransferase__CDS,-0.003399707284894655,0.003399707284894655
cnv_depth__IBNLCO_04347__IBNLCO_04347__gene,-0.0033990816541899027,0.0033990816541899027
cnv_depth__IBNLCO_04924__Biotin__CDS__promoter,-0.0033989172356964866,0.0033989172356964866
cnv_depth__IBNLCO_05142__IBNLCO_05142__gene__promoter,0.003396785947949722,0.003396785947949722
cnv_depth__IBNLCO_00319__hypothetical__CDS__promoter,-0.0033939075074151492,0.0033939075074151492
cnv_depth__IBNLCO_02766__Phosphatidic__CDS__promoter,0.003393380711870856,0.003393380711870856
cnv_depth__IBNLCO_01989__N-acetyltransferase__CDS,0.0033917228642935467,0.0033917228642935467
cnv_depth__IBNLCO_03559__IBNLCO_03559__gene,0.0033899540655902604,0.0033899540655902604
cnv_depth__IBNLCO_01928__IBNLCO_01928__gene__promoter,-0.0033889289925210153,0.0033889289925210153
cnv_depth__IBNLCO_03403__IBNLCO_03403__gene__promoter,-0.0033859956193181277,0.0033859956193181277
cnv_depth__IBNLCO_03394__IBNLCO_03394__gene,0.003384296892979637,0.003384296892979637
cnv_depth__IBNLCO_04558__IBNLCO_04558__gene__promoter,0.003383259689335773,0.003383259689335773
cnv_depth__IBNLCO_03060__IBNLCO_03060__gene__promoter,0.0033827455166259178,0.0033827455166259178
cnv_depth__IBNLCO_04172__IBNLCO_04172__gene,-0.0033823932741514676,0.0033823932741514676
cnv_depth__IBNLCO_01097__IBNLCO_01097__gene,-0.003379184780090263,0.003379184780090263
cnv_depth__IBNLCO_03392__CoA-binding__CDS__promoter,0.003377902613445804,0.003377902613445804
cnv_depth__IBNLCO_02322__IBNLCO_02322__gene,-0.003376931164400002,0.003376931164400002
cnv_depth__IBNLCO_02282__IBNLCO_02282__gene__promoter,0.0033743654538275834,0.0033743654538275834
cnv_depth__IBNLCO_02653__IBNLCO_02653__gene,0.003374332031859541,0.003374332031859541
cnv_depth__IBNLCO_00723__atsR__gene,-0.003372557918755274,0.003372557918755274
cnv_depth__IBNLCO_03336__phospholipase__CDS,0.003369936961291933,0.003369936961291933
cnv_depth__IBNLCO_01707__RNA-binding__CDS,-0.0033698661283743246,0.0033698661283743246
cnv_depth__IBNLCO_02300__LysR__CDS__promoter,-0.0033696365559522266,0.0033696365559522266
cnv_depth__IBNLCO_00107__Thioesterase__CDS,0.00336806843220318,0.00336806843220318
cnv_depth__IBNLCO_01417__IBNLCO_01417__gene,0.0033644801881959766,0.0033644801881959766
cnv_depth__IBNLCO_04078__IBNLCO_04078__gene__promoter,0.00335962184182666,0.00335962184182666
cnv_depth__IBNLCO_01730__GHMP__CDS,-0.0033589397832820334,0.0033589397832820334
cnv_depth__IBNLCO_03562__IBNLCO_03562__gene__promoter,0.0033588346470098535,0.0033588346470098535
cnv_depth__IBNLCO_04865__chbP__gene,-0.0033575229507511566,0.0033575229507511566
cnv_depth__IBNLCO_02108__IBNLCO_02108__gene__promoter,-0.0033573837649248845,0.0033573837649248845
cnv_depth__IBNLCO_02019__trnV__gene__promoter,-0.003357162675743439,0.003357162675743439
cnv_depth__IBNLCO_05608__gnl|Bakta|IBNLCO_05608__CDS__promoter,-0.0033541762587843958,0.0033541762587843958
cnv_depth__IBNLCO_02352__IBNLCO_02352__gene,0.0033534414420237015,0.0033534414420237015
cnv_depth__IBNLCO_05411__IBNLCO_05411__gene,-0.003352471696891666,0.003352471696891666
cnv_depth__IBNLCO_00394__PNPLA__CDS,0.00335164722739936,0.00335164722739936
cnv_depth__IBNLCO_02362__IBNLCO_02362__gene,-0.0033502496488768576,0.0033502496488768576
cnv_depth__IBNLCO_00018__IBNLCO_00018__gene,0.003348135735605158,0.003348135735605158
cnv_depth__IBNLCO_01990__Alpha/beta__CDS,-0.0033477454885370143,0.0033477454885370143
cnv_depth__IBNLCO_00119__hypothetical__CDS__promoter,0.0033470978570882015,0.0033470978570882015
cnv_depth__IBNLCO_00325__IBNLCO_00325__gene,0.0033465776773616124,0.0033465776773616124
cnv_depth__IBNLCO_01862__IBNLCO_01862__gene__promoter,-0.003344461972404799,0.003344461972404799
cnv_depth__IBNLCO_01955__hypothetical__CDS__promoter,-0.0033400228514267076,0.0033400228514267076
cnv_depth__IBNLCO_04032__IBNLCO_04032__gene,0.003338324198892826,0.003338324198892826
cnv_depth__IBNLCO_04218__Multiple__CDS,0.0033376834550833904,0.0033376834550833904
cnv_depth__IBNLCO_00686__IBNLCO_00686__gene,-0.0033372346420042,0.0033372346420042
cnv_depth__IBNLCO_04307__Monooxygenase__CDS__promoter,0.003337159828963862,0.003337159828963862
cnv_depth__IBNLCO_03142__BolA__CDS,-0.0033371590978231343,0.0033371590978231343
cnv_depth__IBNLCO_02344__gnl|Bakta|IBNLCO_02344__CDS,0.003336202271299433,0.003336202271299433
cnv_depth__IBNLCO_01501__Transcriptional__CDS,-0.0033355249565758327,0.0033355249565758327
cnv_depth__IBNLCO_02526__IBNLCO_02526__gene__promoter,-0.0033351425659621328,0.0033351425659621328
cnv_depth__IBNLCO_04650__Fatty__CDS__promoter,-0.0033320602796086756,0.0033320602796086756
cnv_depth__IBNLCO_04785__Phosphoesterase__CDS,-0.003331854562751256,0.003331854562751256
cnv_depth__IBNLCO_00325__Bile__CDS__promoter,0.0033310897787958704,0.0033310897787958704
cnv_depth__IBNLCO_02162__tRNA-Glu(ttc)__tRNA,-0.00333049924229263,0.00333049924229263
cnv_depth__IBNLCO_02819__Deaminated__CDS,0.0033294377747887893,0.0033294377747887893
cnv_depth__IBNLCO_02603__Riboflavin__CDS__promoter,-0.0033283969748783243,0.0033283969748783243
cnv_depth__IBNLCO_04980__Type__CDS__promoter,0.003327646658129301,0.003327646658129301
cnv_depth__IBNLCO_01568__23S__CDS,-0.00332498186307071,0.00332498186307071
cnv_depth__IBNLCO_02573__Septum__CDS__promoter,0.0033245997898035625,0.0033245997898035625
cnv_depth__IBNLCO_00640__IBNLCO_00640__gene,0.0033239550277089163,0.0033239550277089163
cnv_depth__IBNLCO_03079__IBNLCO_03079__gene,-0.0033231156439647892,0.0033231156439647892
cnv_depth__IBNLCO_05770__IBNLCO_05770__gene,-0.0033224909578120727,0.0033224909578120727
cnv_depth__IBNLCO_02178__TetR-family__CDS,-0.0033223971043870935,0.0033223971043870935
cnv_depth__IBNLCO_01906__4-hydroxy-3-methylbut-2-en-1-yl__CDS,-0.0033204811936489603,0.0033204811936489603
cnv_depth__IBNLCO_01317__Phosphate-binding__CDS,-0.003318928128350991,0.003318928128350991
cnv_depth__IBNLCO_04199__Cellulose__CDS,0.0033183904577083535,0.0033183904577083535
cnv_depth__IBNLCO_04554__IBNLCO_04554__gene__promoter,0.003318024074890186,0.003318024074890186
cnv_depth__IBNLCO_01585__IBNLCO_01585__gene__promoter,0.003315374373083732,0.003315374373083732
cnv_depth__IBNLCO_01534__DUF2147__CDS__promoter,0.0033146986555855074,0.0033146986555855074
cnv_depth__IBNLCO_00837__N-acetylmuramoyl-L-alanine__CDS__promoter,0.003314241353005429,0.003314241353005429
cnv_depth__IBNLCO_03643__HTH__CDS,-0.003312769673926002,0.003312769673926002
cnv_depth__IBNLCO_00226__fliF__gene,0.0033126062595613447,0.0033126062595613447
cnv_depth__IBNLCO_04660__gabR__gene,0.003312554074096658,0.003312554074096658
cnv_depth__IBNLCO_00477__IBNLCO_00477__gene,0.0033108359197025305,0.0033108359197025305
cnv_depth__IBNLCO_05149__IBNLCO_05149__gene,0.003310518198704304,0.003310518198704304
cnv_depth__IBNLCO_05319__IBNLCO_05319__gene__promoter,-0.0033098960853904518,0.0033098960853904518
cnv_depth__IBNLCO_02440__IBNLCO_02440__gene__promoter,-0.003309377157467033,0.003309377157467033
cnv_depth__IBNLCO_04937__Inner__CDS,-0.0033089047529646144,0.0033089047529646144
cnv_depth__IBNLCO_00248__IBNLCO_00248__gene,-0.0033078698628627597,0.0033078698628627597
cnv_depth__IBNLCO_03384__aidB__gene__promoter,-0.0033074126292131426,0.0033074126292131426
cnv_depth__IBNLCO_04962__hypothetical__CDS__promoter,-0.0033063136473946695,0.0033063136473946695
cnv_depth__IBNLCO_04568__Nucleoside__CDS,0.0033060204305520435,0.0033060204305520435
cnv_depth__IBNLCO_03189__IBNLCO_03189__gene__promoter,0.0033053696765989213,0.0033053696765989213
cnv_depth__IBNLCO_00748__Succinate--CoA__CDS__promoter,-0.00330372596190374,0.00330372596190374
cnv_depth__IBNLCO_05295__IBNLCO_05295__gene,-0.003302875145474067,0.003302875145474067
cnv_depth__IBNLCO_03709__dhaK__gene,-0.0033026884378165623,0.0033026884378165623
cnv_depth__IBNLCO_03298__flhB__gene,0.003302273575696343,0.003302273575696343
cnv_depth__IBNLCO_03140__IBNLCO_03140__gene__promoter,0.0033022089692399522,0.0033022089692399522
cnv_depth__IBNLCO_02757__gnl|Bakta|IBNLCO_02757__CDS,0.00329950779970296,0.00329950779970296
cnv_depth__IBNLCO_03168__IBNLCO_03168__gene,-0.003298074668538614,0.003298074668538614
cnv_depth__IBNLCO_05080__type__CDS__promoter,0.003294930154103237,0.003294930154103237
cnv_depth__IBNLCO_04671__IBNLCO_04671__gene__promoter,0.003294758483986196,0.003294758483986196
cnv_depth__IBNLCO_02716__IBNLCO_02716__gene,0.0032938571925016777,0.0032938571925016777
cnv_depth__IBNLCO_00466__IBNLCO_00466__gene__promoter,0.0032903357122120386,0.0032903357122120386
cnv_depth__IBNLCO_04617__IBNLCO_04617__gene__promoter,-0.0032882715152432133,0.0032882715152432133
cnv_depth__IBNLCO_00408__IBNLCO_00408__gene,-0.0032882648647548428,0.0032882648647548428
cnv_depth__IBNLCO_04940__Two__CDS,-0.0032881226794129136,0.0032881226794129136
cnv_depth__IBNLCO_03436__IBNLCO_03436__gene,0.003287339746660786,0.003287339746660786
cnv_depth__IBNLCO_02074__GntR__CDS,-0.0032862803936801158,0.0032862803936801158
cnv_depth__IBNLCO_03440__yceI__gene,0.003285609078387667,0.003285609078387667
cnv_depth__IBNLCO_00078__Ribonuclease__CDS__promoter,0.003283082410102873,0.003283082410102873
cnv_depth__IBNLCO_02204__IBNLCO_02204__gene,0.0032828744646854666,0.0032828744646854666
cnv_depth__IBNLCO_03638__IBNLCO_03638__gene,0.0032823929833477846,0.0032823929833477846
cnv_depth__IBNLCO_03093__IBNLCO_03093__gene__promoter,0.0032821320904688547,0.0032821320904688547
cnv_depth__IBNLCO_04161__IBNLCO_04161__gene,-0.0032820541373486094,0.0032820541373486094
cnv_depth__IBNLCO_00331__asnC__gene__promoter,0.0032809184102065045,0.0032809184102065045
cnv_depth__IBNLCO_05217__Filamentous__CDS,0.0032790332184048907,0.0032790332184048907
cnv_depth__IBNLCO_01693__IBNLCO_01693__gene__promoter,0.003278971566514531,0.003278971566514531
cnv_depth__IBNLCO_03011__ftsZ__gene,0.0032786702083348555,0.0032786702083348555
cnv_depth__IBNLCO_00436__Glutamate--cysteine__CDS,0.003278487322618571,0.003278487322618571
cnv_depth__IBNLCO_03097__tssM__gene,0.0032747572163048053,0.0032747572163048053
cnv_depth__IBNLCO_00349__hypothetical__CDS,0.0032730580342776186,0.0032730580342776186
cnv_depth__IBNLCO_01507__IBNLCO_01507__gene__promoter,0.0032722476436899033,0.0032722476436899033
cnv_depth__IBNLCO_04468__IBNLCO_04468__gene__promoter,-0.003271087578883134,0.003271087578883134
cnv_depth__IBNLCO_02527__Aspartyl-tRNA(Asn)/glutamyl-tRNA(Gln)__CDS,0.003271029597143133,0.003271029597143133
cnv_depth__IBNLCO_02112__IBNLCO_02112__gene__promoter,-0.0032701358698943705,0.0032701358698943705
cnv_depth__IBNLCO_03093__IBNLCO_03093__gene,0.0032701186863441523,0.0032701186863441523
cnv_depth__IBNLCO_01585__IBNLCO_01585__gene,-0.0032696544447854627,0.0032696544447854627
cnv_depth__IBNLCO_05424__hypothetical__CDS,0.0032683043020780025,0.0032683043020780025
cnv_depth__unknown__unknown__regulatory.17,-0.003266403610269557,0.003266403610269557
cnv_depth__IBNLCO_04318__Theronine__CDS,-0.003265606239337044,0.003265606239337044
cnv_depth__IBNLCO_03221__30S__CDS,0.0032648522044343878,0.0032648522044343878
cnv_depth__IBNLCO_00337__IBNLCO_00337__gene,0.0032629030732710487,0.0032629030732710487
cnv_depth__IBNLCO_03951__Chitin-binding__CDS__promoter,0.003261723720694686,0.003261723720694686
cnv_depth__IBNLCO_05698__IBNLCO_05698__gene__promoter,-0.003259861668319785,0.003259861668319785
cnv_depth__IBNLCO_03007__secA__gene__promoter,0.0032598063883025317,0.0032598063883025317
cnv_depth__IBNLCO_03125__IBNLCO_03125__gene__promoter,0.003257724920590456,0.003257724920590456
cnv_depth__IBNLCO_00222__flagellar__CDS__promoter,-0.00325690928331849,0.00325690928331849
cnv_depth__IBNLCO_03631__IBNLCO_03631__gene__promoter,0.0032569088998529627,0.0032569088998529627
cnv_depth__IBNLCO_00031__flagellar__CDS__promoter,0.003255668941192664,0.003255668941192664
cnv_depth__IBNLCO_00317__IBNLCO_00317__gene,0.003252910917570891,0.003252910917570891
cnv_depth__IBNLCO_00497__IBNLCO_00497__gene__promoter,-0.00325286065899607,0.00325286065899607
cnv_depth__IBNLCO_00785__DegQ__CDS,0.0032524788031829443,0.0032524788031829443
cnv_depth__IBNLCO_03233__trnT__gene__promoter,0.0032521321442521675,0.0032521321442521675
cnv_depth__IBNLCO_03135__hisH__gene__promoter,-0.0032485434263663797,0.0032485434263663797
cnv_depth__IBNLCO_03110__IBNLCO_03110__gene,-0.0032458695011063814,0.0032458695011063814
cnv_depth__IBNLCO_01743__IBNLCO_01743__gene__promoter,0.0032435057711178786,0.0032435057711178786
cnv_depth__IBNLCO_01972__IBNLCO_01972__gene,0.003242793914136139,0.003242793914136139
cnv_depth__IBNLCO_05521__UDP-N-acetylglucosamine__CDS__promoter,0.0032409062149799397,0.0032409062149799397
cnv_depth__IBNLCO_00687__IBNLCO_00687__gene__promoter,-0.0032398440429151267,0.0032398440429151267
cnv_depth__IBNLCO_00352__IBNLCO_00352__gene__promoter,0.003239210846944249,0.003239210846944249
cnv_depth__IBNLCO_05833__4-carboxymuconolactone__CDS__promoter,-0.003238509829212767,0.003238509829212767
cnv_depth__IBNLCO_02052__IBNLCO_02052__gene__promoter,0.00323791275566179,0.00323791275566179
cnv_depth__IBNLCO_00071__RNA__CDS,0.003237490265384861,0.003237490265384861
cnv_depth__IBNLCO_03436__IBNLCO_03436__gene__promoter,0.0032371645582444392,0.0032371645582444392
cnv_depth__IBNLCO_05735__IBNLCO_05735__gene,0.0032354575399044494,0.0032354575399044494
cnv_depth__IBNLCO_00781__Fatty__CDS,-0.003234501900823752,0.003234501900823752
cnv_depth__IBNLCO_00091__hypothetical__CDS__promoter,-0.0032339701404149636,0.0032339701404149636
cnv_depth__IBNLCO_04501__tRNA-Cys(gca)__tRNA,-0.0032328861654635694,0.0032328861654635694
cnv_depth__IBNLCO_01456__IBNLCO_01456__gene,0.003230898675790483,0.003230898675790483
cnv_depth__IBNLCO_05461__Thymidine__CDS__promoter,-0.003230614593928935,0.003230614593928935
cnv_depth__IBNLCO_02077__IBNLCO_02077__gene,0.0032295081205918922,0.0032295081205918922
cnv_depth__IBNLCO_02873__Phosphatase__CDS,-0.003228170184862638,0.003228170184862638
cnv_depth__IBNLCO_05280__Molybdate__CDS__promoter,0.0032257971489035417,0.0032257971489035417
cnv_depth__IBNLCO_04930__IBNLCO_04930__gene__promoter,-0.003225008075069291,0.003225008075069291
cnv_depth__IBNLCO_03456__hypothetical__CDS__promoter,0.0032244835263777233,0.0032244835263777233
cnv_depth__IBNLCO_00499__IBNLCO_00499__gene__promoter,-0.003223641607568859,0.003223641607568859
cnv_depth__IBNLCO_05427__Chemotaxis__CDS__promoter,0.003222595753582567,0.003222595753582567
cnv_depth__IBNLCO_00566__IBNLCO_00566__gene,-0.003221230642566798,0.003221230642566798
cnv_depth__IBNLCO_04776__gsiD__gene,0.003220256875921386,0.003220256875921386
cnv_depth__IBNLCO_01564__IBNLCO_01564__gene__promoter,0.003219825956303934,0.003219825956303934
cnv_depth__IBNLCO_02335__nnrS__gene,0.003219140958644409,0.003219140958644409
cnv_depth__IBNLCO_03614__IBNLCO_03614__gene,0.0032190233354320264,0.0032190233354320264
cnv_depth__IBNLCO_00779__IBNLCO_00779__gene__promoter,-0.003218203688592296,0.003218203688592296
cnv_depth__IBNLCO_02472__Small__CDS,-0.0032163895921395254,0.0032163895921395254
cnv_depth__IBNLCO_04709__GTP__CDS,0.003215072660508139,0.003215072660508139
cnv_depth__IBNLCO_03064__GP-PDE__CDS__promoter,0.0032149108065537176,0.0032149108065537176
cnv_depth__IBNLCO_00799__IBNLCO_00799__gene__promoter,0.003214751536939622,0.003214751536939622
cnv_depth__IBNLCO_00720__IBNLCO_00720__gene,0.0032102931491903883,0.0032102931491903883
cnv_depth__IBNLCO_00731__ATP-grasp__CDS,0.003208128988940885,0.003208128988940885
cnv_depth__IBNLCO_03683__Cytochrome__CDS__promoter,-0.0032072176597438924,0.0032072176597438924
cnv_depth__IBNLCO_00490__IBNLCO_00490__gene,0.003205469753657176,0.003205469753657176
cnv_depth__IBNLCO_03103__tssF__gene__promoter,-0.003205424595041791,0.003205424595041791
cnv_depth__IBNLCO_03270__IBNLCO_03270__gene,0.003204386143967466,0.003204386143967466
cnv_depth__IBNLCO_02159__hypothetical__CDS__promoter,-0.0032021451038819716,0.0032021451038819716
cnv_depth__IBNLCO_00242__lhgO__gene,-0.003201961954344339,0.003201961954344339
cnv_depth__IBNLCO_05374__IBNLCO_05374__gene,0.003200064618008717,0.003200064618008717
cnv_depth__IBNLCO_05665__IBNLCO_05665__gene__promoter,-0.0031961603474055075,0.0031961603474055075
cnv_depth__IBNLCO_02821__IBNLCO_02821__gene,0.0031957703674945813,0.0031957703674945813
cnv_depth__IBNLCO_02430__7-methyl-GTP__CDS__promoter,-0.003195411924774599,0.003195411924774599
cnv_depth__IBNLCO_04430__Response__CDS,-0.003193909192860592,0.003193909192860592
cnv_depth__IBNLCO_03234__trnG__gene,0.003189627428922895,0.003189627428922895
cnv_depth__IBNLCO_00611__IBNLCO_00611__gene,-0.003186071614773559,0.003186071614773559
cnv_depth__IBNLCO_05483__dmeF__gene,-0.0031842118423169668,0.0031842118423169668
cnv_depth__IBNLCO_04844__IBNLCO_04844__gene,0.0031835804817311668,0.0031835804817311668
cnv_depth__IBNLCO_03862__Cytochrome__CDS,-0.00318322077510271,0.00318322077510271
cnv_depth__IBNLCO_05818__TenA__CDS__promoter,0.003182870257531972,0.003182870257531972
cnv_depth__IBNLCO_02810__hypothetical__CDS,-0.0031827906440314597,0.0031827906440314597
cnv_depth__IBNLCO_05159__Luciferase-like__CDS,-0.0031821994685561224,0.0031821994685561224
cnv_depth__IBNLCO_00190__Demethylrebeccamycin-D-glucose__CDS__promoter,0.00318032051667519,0.00318032051667519
cnv_depth__IBNLCO_04543__hypothetical__CDS__promoter,-0.003180211005706773,0.003180211005706773
cnv_depth__IBNLCO_01363__hypothetical__CDS,-0.0031787883566166382,0.0031787883566166382
cnv_depth__IBNLCO_03223__IBNLCO_03223__gene__promoter,-0.0031785205423426636,0.0031785205423426636
cnv_depth__IBNLCO_00929__uroporphyrinogen-III__CDS,-0.0031783462197990833,0.0031783462197990833
cnv_depth__IBNLCO_00393__IBNLCO_00393__gene__promoter,0.003177378513466297,0.003177378513466297
cnv_depth__IBNLCO_00083__IBNLCO_00083__gene__promoter,-0.003175713604403149,0.003175713604403149
cnv_depth__IBNLCO_05530__Chemotaxis__CDS__promoter,0.00317427962773475,0.00317427962773475
cnv_depth__IBNLCO_05595__OmpA-like__CDS__promoter,0.0031723509204411465,0.0031723509204411465
cnv_depth__IBNLCO_03340__IBNLCO_03340__gene,0.003171691378794829,0.003171691378794829
cnv_depth__IBNLCO_00343__azlC__gene,0.0031715088508149614,0.0031715088508149614
cnv_depth__IBNLCO_02614__NADP__CDS,-0.0031701255662368475,0.0031701255662368475
cnv_depth__IBNLCO_02138__IBNLCO_02138__gene,0.0031695345313708864,0.0031695345313708864
cnv_depth__IBNLCO_01533__IBNLCO_01533__gene__promoter,-0.0031674936253228082,0.0031674936253228082
cnv_depth__IBNLCO_02705__hmuV__gene,-0.0031655989373783524,0.0031655989373783524
cnv_depth__IBNLCO_04117__IBNLCO_04117__gene__promoter,0.003161837220896007,0.003161837220896007
cnv_depth__IBNLCO_05536__IS5__CDS__promoter,-0.0031612542657647722,0.0031612542657647722
cnv_depth__IBNLCO_05518__YaiO__CDS,-0.0031553941029269844,0.0031553941029269844
cnv_depth__IBNLCO_04174__Enoyl-CoA__CDS__promoter,0.003155142954977971,0.003155142954977971
cnv_depth__IBNLCO_00430__IBNLCO_00430__gene,-0.003153894809092435,0.003153894809092435
cnv_depth__IBNLCO_03564__IBNLCO_03564__gene,0.003153833891656406,0.003153833891656406
cnv_depth__IBNLCO_03407__Ribosomal__CDS,0.003151273656810907,0.003151273656810907
cnv_depth__IBNLCO_03149__Intermembrane__CDS,0.0031508832091829584,0.0031508832091829584
cnv_depth__IBNLCO_05797__DSBA-like__CDS,-0.003149573740958455,0.003149573740958455
cnv_depth__IBNLCO_05011__bicA__gene__promoter,0.003147608136923175,0.003147608136923175
cnv_depth__IBNLCO_01650__Microcin__CDS,-0.003142707010613576,0.003142707010613576
cnv_depth__IBNLCO_04256__Monosaccharide__CDS__promoter,-0.0031414941723970453,0.0031414941723970453
cnv_depth__IBNLCO_00789__TetR__CDS__promoter,0.003139304488336951,0.003139304488336951
cnv_depth__IBNLCO_00188__hypothetical__CDS__promoter,0.0031382708599844798,0.0031382708599844798
cnv_depth__IBNLCO_02129__DNA__CDS,-0.0031355679254225725,0.0031355679254225725
cnv_depth__IBNLCO_03950__IBNLCO_03950__gene,-0.0031341583650620355,0.0031341583650620355
cnv_depth__IBNLCO_01948__Undecaprenyl-phosphate__CDS,-0.0031327612303892055,0.0031327612303892055
cnv_depth__IBNLCO_02221__DNA__CDS,0.003131594447418602,0.003131594447418602
cnv_depth__IBNLCO_03952__gnl|Bakta|IBNLCO_03952__CDS,-0.0031301270440189394,0.0031301270440189394
cnv_depth__IBNLCO_00395__IBNLCO_00395__gene,0.0031297372165728365,0.0031297372165728365
cnv_depth__IBNLCO_04447__ABC-type__CDS,-0.0031276850647468605,0.0031276850647468605
cnv_depth__IBNLCO_05245__IBNLCO_05245__gene__promoter,0.003127449575409862,0.003127449575409862
cnv_depth__IBNLCO_01150__bamE__gene__promoter,0.0031267737271363305,0.0031267737271363305
cnv_depth__IBNLCO_05135__IBNLCO_05135__gene,-0.0031262847915616726,0.0031262847915616726
cnv_depth__IBNLCO_02246__Cell__CDS,0.003125876684137235,0.003125876684137235
cnv_depth__IBNLCO_00318__IBNLCO_00318__gene,-0.0031255754485077407,0.0031255754485077407
cnv_depth__IBNLCO_01692__IBNLCO_01692__gene__promoter,0.0031217118203553163,0.0031217118203553163
cnv_depth__IBNLCO_00706__IBNLCO_00706__gene__promoter,-0.003121506264910228,0.003121506264910228
cnv_depth__IBNLCO_00343__azlC__gene__promoter,0.003121388071875901,0.003121388071875901
cnv_depth__IBNLCO_04173__hypothetical__CDS__promoter,-0.0031192587181320093,0.0031192587181320093
cnv_depth__IBNLCO_03317__IBNLCO_03317__gene,-0.003119130162740407,0.003119130162740407
cnv_depth__IBNLCO_02703__IBNLCO_02703__gene,-0.003117718591927105,0.003117718591927105
cnv_depth__IBNLCO_00377__ABC__CDS__promoter,0.003115364984234401,0.003115364984234401
cnv_depth__IBNLCO_05815__nreB__gene,0.003115275178965528,0.003115275178965528
cnv_depth__IBNLCO_00240__gnl|Bakta|IBNLCO_00240__CDS__promoter,0.003114671410728217,0.003114671410728217
cnv_depth__IBNLCO_02118__IBNLCO_02118__gene,0.0031145321965423654,0.0031145321965423654
cnv_depth__IBNLCO_00748__Succinate--CoA__CDS,-0.003114435304274009,0.003114435304274009
cnv_depth__IBNLCO_02423__Acyl__CDS,-0.003113715373081223,0.003113715373081223
cnv_depth__IBNLCO_00025__lrgB__gene,-0.003110010739777194,0.003110010739777194
cnv_depth__IBNLCO_03010__IBNLCO_03010__gene__promoter,-0.0031079510920618337,0.0031079510920618337
cnv_depth__IBNLCO_05590__tssB1__gene,-0.003107420395731726,0.003107420395731726
cnv_depth__IBNLCO_05601__IBNLCO_05601__gene,-0.003107092235708772,0.003107092235708772
cnv_depth__IBNLCO_00183__IBNLCO_00183__gene__promoter,-0.0031054728524968368,0.0031054728524968368
cnv_depth__IBNLCO_03088__IBNLCO_03088__gene__promoter,0.0031052814223369984,0.0031052814223369984
cnv_depth__IBNLCO_05655__IBNLCO_05655__gene,0.003103791745909193,0.003103791745909193
cnv_depth__IBNLCO_00265__flgM__gene__promoter,0.003100570592521273,0.003100570592521273
cnv_depth__IBNLCO_00116__Lysine__CDS,0.003100365152581052,0.003100365152581052
cnv_depth__IBNLCO_04681__SDR__CDS__promoter,-0.003099540069618162,0.003099540069618162
cnv_depth__IBNLCO_03590__IBNLCO_03590__gene,0.0030988296419256515,0.0030988296419256515
cnv_depth__IBNLCO_03299__IBNLCO_03299__gene__promoter,-0.0030963999838112518,0.0030963999838112518
cnv_depth__IBNLCO_03453__Sperm-specific__CDS__promoter,-0.0030953478871481328,0.0030953478871481328
cnv_depth__IBNLCO_00104__Membrane__CDS,0.0030929774472724025,0.0030929774472724025
cnv_depth__IBNLCO_04033__IBNLCO_04033__gene__promoter,-0.003088087178178026,0.003088087178178026
cnv_depth__IBNLCO_02005__Phosphoribosylformylglycinamidine__CDS,-0.003086885663979588,0.003086885663979588
cnv_depth__IBNLCO_01717__cheW__gene,0.003086784889966229,0.003086784889966229
cnv_depth__IBNLCO_04051__Glycosyl__CDS,0.0030860494507699283,0.0030860494507699283
cnv_depth__IBNLCO_00065__IBNLCO_00065__gene,-0.003085737076656914,0.003085737076656914
cnv_depth__IBNLCO_04051__IBNLCO_04051__gene__promoter,-0.0030845756085060762,0.0030845756085060762
cnv_depth__IBNLCO_01433__IBNLCO_01433__gene,-0.003082174837880235,0.003082174837880235
cnv_depth__IBNLCO_03229__nusG__gene,-0.0030821628466615935,0.0030821628466615935
cnv_depth__IBNLCO_01187__IBNLCO_01187__gene,0.003081569524558263,0.003081569524558263
cnv_depth__IBNLCO_00184__IBNLCO_00184__gene,0.0030768023601587743,0.0030768023601587743
cnv_depth__IBNLCO_01667__IBNLCO_01667__gene__promoter,0.003076743227868674,0.003076743227868674
cnv_depth__IBNLCO_02564__IBNLCO_02564__gene,0.003076429443154634,0.003076429443154634
cnv_depth__IBNLCO_05026__type__CDS__promoter,-0.0030758904602323973,0.0030758904602323973
cnv_depth__IBNLCO_05701__hypothetical__CDS,-0.003075605034996265,0.003075605034996265
cnv_depth__IBNLCO_05415__Acetoacetyl-CoA__CDS,-0.003075348767296779,0.003075348767296779
cnv_depth__IBNLCO_05251__Transamidase__CDS__promoter,0.003075289439833011,0.003075289439833011
cnv_depth__IBNLCO_01452__histidine__CDS__promoter,-0.0030752295135359105,0.0030752295135359105
cnv_depth__IBNLCO_04724__gnl|Bakta|IBNLCO_04724__CDS,0.0030726167728776016,0.0030726167728776016
cnv_depth__IBNLCO_01490__IBNLCO_01490__gene,-0.003072334096198911,0.003072334096198911
cnv_depth__IBNLCO_04947__IBNLCO_04947__gene,-0.0030723149971803965,0.0030723149971803965
cnv_depth__IBNLCO_00637__HTH__CDS__promoter,-0.0030710886855459902,0.0030710886855459902
cnv_depth__IBNLCO_00855__UPF0434__CDS__promoter,-0.003070881214190911,0.003070881214190911
cnv_depth__IBNLCO_03241__IBNLCO_03241__gene__promoter,0.003069387594269958,0.003069387594269958
cnv_depth__IBNLCO_01691__IBNLCO_01691__gene__promoter,0.003069293718225329,0.003069293718225329
cnv_depth__IBNLCO_01411__luxR__gene,0.003068995453628628,0.003068995453628628
cnv_depth__IBNLCO_03342__Methyl-accepting__CDS__promoter,-0.003067149491922088,0.003067149491922088
cnv_depth__IBNLCO_01109__putative__CDS,-0.003066483133996527,0.003066483133996527
cnv_depth__IBNLCO_04692__IBNLCO_04692__gene__promoter,-0.0030652663776984564,0.0030652663776984564
cnv_depth__IBNLCO_02278__Nitrate/nitrite__CDS,-0.003064600878798144,0.003064600878798144
cnv_depth__IBNLCO_04903__Aspartyl/asparaginy/proline__CDS,0.003063728153330289,0.003063728153330289
cnv_depth__IBNLCO_00436__IBNLCO_00436__gene__promoter,-0.0030632259963961047,0.0030632259963961047
cnv_depth__IBNLCO_05829__3-phenylpropionate-dihydrodiol/cinnamic__CDS__promoter,-0.0030628957259208715,0.0030628957259208715
cnv_depth__IBNLCO_03668__IBNLCO_03668__gene,-0.003062142026239818,0.003062142026239818
cnv_depth__IBNLCO_04829__IBNLCO_04829__gene,-0.0030594639561017083,0.0030594639561017083
cnv_depth__IBNLCO_05699__IBNLCO_05699__gene,0.003059161053396677,0.003059161053396677
cnv_depth__IBNLCO_05150__IBNLCO_05150__gene,-0.0030578789980582398,0.0030578789980582398
cnv_depth__IBNLCO_02253__IBNLCO_02253__gene__promoter,-0.00305601884913297,0.00305601884913297
cnv_depth__IBNLCO_05582__IBNLCO_05582__gene,-0.0030559235648592578,0.0030559235648592578
cnv_depth__IBNLCO_05700__IBNLCO_05700__gene,0.0030548049185993376,0.0030548049185993376
cnv_depth__IBNLCO_01435__ABC__CDS__promoter,0.00305283694174466,0.00305283694174466
cnv_depth__IBNLCO_02809__Chaperone__CDS,0.0030522175142141113,0.0030522175142141113
cnv_depth__IBNLCO_03954__IBNLCO_03954__gene,0.003052151983364088,0.003052151983364088
cnv_depth__IBNLCO_01205__Peptidase__CDS__promoter,-0.0030501638334480556,0.0030501638334480556
cnv_depth__IBNLCO_01248__EamA__CDS,-0.0030482103450621134,0.0030482103450621134
cnv_depth__IBNLCO_05316__DUF2384__CDS,-0.0030469187803591085,0.0030469187803591085
cnv_depth__IBNLCO_05505__DUF411__CDS,-0.00304480263754681,0.00304480263754681
cnv_depth__IBNLCO_04506__Polyketide__CDS,0.0030436871216103644,0.0030436871216103644
cnv_depth__IBNLCO_03202__IBNLCO_03202__gene__promoter,0.003042774685393517,0.003042774685393517
cnv_depth__IBNLCO_03037__IBNLCO_03037__gene,0.0030423687117961014,0.0030423687117961014
cnv_depth__IBNLCO_05577__IBNLCO_05577__gene__promoter,-0.0030413659602954823,0.0030413659602954823
cnv_depth__IBNLCO_00544__IBNLCO_00544__gene__promoter,0.0030412256177344086,0.0030412256177344086
cnv_depth__IBNLCO_05614__lysR__gene__promoter,-0.0030400012221644844,0.0030400012221644844
cnv_depth__IBNLCO_01781__IBNLCO_01781__gene,-0.0030398673636372665,0.0030398673636372665
cnv_depth__IBNLCO_05030__SctL__CDS__promoter,0.003037535984329234,0.003037535984329234
cnv_depth__IBNLCO_02091__IBNLCO_02091__gene,0.0030369270545307315,0.0030369270545307315
cnv_depth__IBNLCO_00315__tRNA-cytidine(32)__CDS__promoter,0.0030365897861383976,0.0030365897861383976
cnv_depth__IBNLCO_02609__Bp1_738__gene__promoter,0.0030354083233366997,0.0030354083233366997
cnv_depth__IBNLCO_03391__IBNLCO_03391__gene__promoter,0.003035019263941524,0.003035019263941524
cnv_depth__IBNLCO_00984__Porphobilinogen__CDS__promoter,0.0030331323489290996,0.0030331323489290996
cnv_depth__IBNLCO_03352__tRNA-Arg(ccg)__tRNA,0.0030328415509129313,0.0030328415509129313
cnv_depth__IBNLCO_02130__cell__CDS__promoter,-0.0030327647877703198,0.0030327647877703198
cnv_depth__IBNLCO_01264__Transcriptional__CDS,0.0030305996681824435,0.0030305996681824435
cnv_depth__IBNLCO_03411__IBNLCO_03411__gene__promoter,0.003030597204335439,0.003030597204335439
cnv_depth__IBNLCO_02365__Succinylglutamate__CDS,0.0030305202400118803,0.0030305202400118803
cnv_depth__IBNLCO_02341__Ubiquinone__CDS,-0.0030295482581728706,0.0030295482581728706
cnv_depth__IBNLCO_00273__flgH__gene__promoter,0.0030269039579821195,0.0030269039579821195
cnv_depth__IBNLCO_05295__IBNLCO_05295__gene__promoter,-0.003026437465409347,0.003026437465409347
cnv_depth__IBNLCO_04585__IBNLCO_04585__gene__promoter,0.003025690012226218,0.003025690012226218
cnv_depth__IBNLCO_01200__IBNLCO_01200__gene,0.0030251709295826402,0.0030251709295826402
cnv_depth__IBNLCO_03345__IBNLCO_03345__gene,0.0030198001300849597,0.0030198001300849597
cnv_depth__IBNLCO_05794__3-keto-5-aminohexanoate__CDS,-0.003019500179482028,0.003019500179482028
cnv_depth__IBNLCO_02836__IBNLCO_02836__gene,0.003019244609369537,0.003019244609369537
cnv_depth__IBNLCO_04814__hypothetical__CDS__promoter,0.003018625686208381,0.003018625686208381
cnv_depth__IBNLCO_03042__hypothetical__CDS__promoter,-0.003016170826695039,0.003016170826695039
cnv_depth__IBNLCO_02621__trnG__gene__promoter,-0.003014884591952473,0.003014884591952473
cnv_depth__IBNLCO_03204__Large__CDS,0.003012766771713398,0.003012766771713398
cnv_depth__IBNLCO_02359__Ubiquinol__CDS,0.0030123757348215325,0.0030123757348215325
cnv_depth__IBNLCO_04081__3-hydroxyisobutyryl-CoA__CDS,-0.003011518153351958,0.003011518153351958
cnv_depth__IBNLCO_05208__Succinate__CDS,0.0030109273695613052,0.0030109273695613052
cnv_depth__IBNLCO_04944__FAD:protein__CDS__promoter,-0.0030094042252259154,0.0030094042252259154
cnv_depth__IBNLCO_00458__IBNLCO_00458__gene__promoter,0.003009362194695331,0.003009362194695331
cnv_depth__IBNLCO_05629__IBNLCO_05629__gene__promoter,0.0030086493890530107,0.0030086493890530107
cnv_depth__IBNLCO_01895__IBNLCO_01895__gene,-0.003008348265473708,0.003008348265473708
cnv_depth__IBNLCO_05642__Succinyl-CoA--L-malate__CDS__promoter,0.003008326420525757,0.003008326420525757
cnv_depth__IBNLCO_03974__Type__CDS,0.003008278358841884,0.003008278358841884
cnv_depth__IBNLCO_00099__IBNLCO_00099__gene__promoter,0.003007178950004468,0.003007178950004468
cnv_depth__IBNLCO_04146__Dibenzothiophene__CDS,-0.0030061242196672525,0.0030061242196672525
cnv_depth__IBNLCO_03254__IBNLCO_03254__gene,0.0030058865361509814,0.0030058865361509814
cnv_depth__IBNLCO_00088__yaeQ__gene,-0.0030058700249331236,0.0030058700249331236
cnv_depth__IBNLCO_05005__bapB__gene__promoter,-0.003005562671127074,0.003005562671127074
cnv_depth__IBNLCO_00108__PNPLA__CDS__promoter,0.0030053275077674205,0.0030053275077674205
cnv_depth__IBNLCO_05130__histidine__CDS,0.00300389611624193,0.00300389611624193
cnv_depth__IBNLCO_04534__Dibenzothiophene__CDS,-0.00300363079810085,0.00300363079810085
cnv_depth__IBNLCO_04338__IBNLCO_04338__gene__promoter,0.003000722503694825,0.003000722503694825
cnv_depth__IBNLCO_04040__IBNLCO_04040__gene,0.0030004807524679506,0.0030004807524679506
cnv_depth__IBNLCO_05806__dsbD__gene__promoter,0.0029958372305892715,0.0029958372305892715
cnv_depth__IBNLCO_03233__tRNA-Thr(ggt)__tRNA,0.0029939371862857714,0.0029939371862857714
cnv_depth__IBNLCO_03453__Sperm-specific__CDS,-0.0029933380360201226,0.0029933380360201226
cnv_depth__IBNLCO_02950__Nicotinamide-nucleotide__CDS__promoter,0.0029928485749067535,0.0029928485749067535
cnv_depth__IBNLCO_04976__Type__CDS,-0.0029928103374412336,0.0029928103374412336
cnv_depth__IBNLCO_02213__IBNLCO_02213__gene__promoter,-0.00299250347748424,0.00299250347748424
cnv_depth__IBNLCO_00012__Type__CDS__promoter,0.002990995402799761,0.002990995402799761
cnv_depth__IBNLCO_02906__IBNLCO_02906__gene,0.0029900442575276015,0.0029900442575276015
cnv_depth__IBNLCO_01993__IBNLCO_01993__gene,0.002988770899536118,0.002988770899536118
cnv_depth__IBNLCO_02665__dTDP-4-dehydrorhamnose__CDS__promoter,-0.002988399225065647,0.002988399225065647
cnv_depth__IBNLCO_02448__tRNA-Asn(gtt)__tRNA,-0.0029877404653029785,0.0029877404653029785
cnv_depth__IBNLCO_00756__hypothetical__CDS__promoter,0.0029867992325320154,0.0029867992325320154
cnv_depth__IBNLCO_00038__IBNLCO_00038__gene__promoter,-0.0029865107931597037,0.0029865107931597037
cnv_depth__IBNLCO_05309__Carrier__CDS__promoter,0.0029858730555827394,0.0029858730555827394
cnv_depth__IBNLCO_03985__Type__CDS,-0.0029839731398989917,0.0029839731398989917
cnv_depth__IBNLCO_00026__flagellar__CDS,-0.002983217900248285,0.002983217900248285
cnv_depth__IBNLCO_03889__IBNLCO_03889__gene,0.002983020477307698,0.002983020477307698
cnv_depth__IBNLCO_03416__IBNLCO_03416__gene__promoter,-0.0029824871290921188,0.0029824871290921188
cnv_depth__IBNLCO_02587__ABC__CDS,0.0029806363175284402,0.0029806363175284402
cnv_depth__IBNLCO_02776__gmhB__gene__promoter,-0.0029804681319892897,0.0029804681319892897
cnv_depth__IBNLCO_01663__IBNLCO_01663__gene,0.002980288483487333,0.002980288483487333
cnv_depth__IBNLCO_03376__Cadmium__CDS,0.0029794291224935227,0.0029794291224935227
cnv_depth__IBNLCO_03162__OmpW__CDS,-0.002979401902873877,0.002979401902873877
cnv_depth__IBNLCO_03760__IBNLCO_03760__gene,-0.0029775440765783356,0.0029775440765783356
cnv_depth__IBNLCO_00771__Branched-chain__CDS__promoter,0.0029766370388862756,0.0029766370388862756
cnv_depth__IBNLCO_05762__Putative__CDS,-0.002974874017000661,0.002974874017000661
cnv_depth__IBNLCO_00120__esaS__gene__promoter,-0.002973106591608953,0.002973106591608953
cnv_depth__IBNLCO_02191__IBNLCO_02191__gene__promoter,-0.002972024748885498,0.002972024748885498
cnv_depth__IBNLCO_05840__IBNLCO_05840__gene,-0.0029702061744772525,0.0029702061744772525
cnv_depth__IBNLCO_03248__TetR/AcrR__CDS__promoter,0.002970087307185736,0.002970087307185736
cnv_depth__IBNLCO_05274__hypothetical__CDS__promoter,0.0029692457480140055,0.0029692457480140055
cnv_depth__IBNLCO_00445__IBNLCO_00445__gene,0.0029683012136164427,0.0029683012136164427
cnv_depth__IBNLCO_02046__histidine__CDS,-0.0029682988053909495,0.0029682988053909495
cnv_depth__IBNLCO_02751__IBNLCO_02751__gene__promoter,-0.002968261069476196,0.002968261069476196
cnv_depth__IBNLCO_05591__ImpA__CDS__promoter,-0.0029657527332741028,0.0029657527332741028
cnv_depth__IBNLCO_01843__sdpI__gene,0.002965302548856893,0.002965302548856893
cnv_depth__IBNLCO_04335__phosphodiesterase__CDS,0.0029651224910306868,0.0029651224910306868
cnv_depth__IBNLCO_00047__Branched-chain__CDS__promoter,0.0029644339283524837,0.0029644339283524837
cnv_depth__IBNLCO_04952__hypothetical__CDS,-0.0029635124184666586,0.0029635124184666586
cnv_depth__IBNLCO_02367__N-succinylglutamate__CDS,-0.0029624622404260626,0.0029624622404260626
cnv_depth__IBNLCO_01349__IBNLCO_01349__gene__promoter,0.0029609082852867312,0.0029609082852867312
cnv_depth__IBNLCO_04212__Porin__CDS__promoter,-0.002959823976705339,0.002959823976705339
cnv_depth__IBNLCO_05759__IBNLCO_05759__gene,0.0029596854496889433,0.0029596854496889433
cnv_depth__IBNLCO_05386__Anthranilate__CDS__promoter,0.0029579329543220506,0.0029579329543220506
cnv_depth__IBNLCO_04015__betX__gene,-0.0029573826474346876,0.0029573826474346876
cnv_depth__IBNLCO_00772__azlD__gene,-0.0029561928436565134,0.0029561928436565134
cnv_depth__IBNLCO_03835__Biopolymer__CDS__promoter,0.002955951548077891,0.002955951548077891
cnv_depth__IBNLCO_05793__IBNLCO_05793__gene,0.0029558502413917715,0.0029558502413917715
cnv_depth__IBNLCO_05688__IBNLCO_05688__gene__promoter,0.0029544676888269236,0.0029544676888269236
cnv_depth__IBNLCO_01358__Malto-oligosyltrehalose__CDS,-0.002954428851419001,0.002954428851419001
cnv_depth__IBNLCO_02084__hypothetical__CDS,0.002954260822998121,0.002954260822998121
cnv_depth__IBNLCO_03040__IBNLCO_03040__gene__promoter,0.002953263543992584,0.002953263543992584
cnv_depth__IBNLCO_00043__Type__CDS,0.0029531596402477323,0.0029531596402477323
cnv_depth__IBNLCO_03293__IBNLCO_03293__gene,0.0029530537115428444,0.0029530537115428444
cnv_depth__IBNLCO_05802__NodB-like__CDS,0.0029530511251571723,0.0029530511251571723
cnv_depth__IBNLCO_01070__IBNLCO_01070__gene,-0.0029526047594143857,0.0029526047594143857
cnv_depth__IBNLCO_03012__Cell__CDS,0.002952129708107463,0.002952129708107463
cnv_depth__IBNLCO_02458__IBNLCO_02458__gene,-0.002949705539067983,0.002949705539067983
cnv_depth__IBNLCO_01105__hypothetical__CDS__promoter,-0.0029491006998747992,0.0029491006998747992
cnv_depth__IBNLCO_03900__xapX__gene__promoter,0.0029490839320237662,0.0029490839320237662
cnv_depth__IBNLCO_00411__UPF0250__CDS__promoter,0.002948943939393468,0.002948943939393468
cnv_depth__IBNLCO_00262__IBNLCO_00262__gene__promoter,-0.002948829874176796,0.002948829874176796
cnv_depth__IBNLCO_02245__Lipoprotein-releasing__CDS__promoter,-0.0029470284726172487,0.0029470284726172487
cnv_depth__IBNLCO_01843__SdpI__CDS__promoter,-0.0029401975658590726,0.0029401975658590726
cnv_depth__IBNLCO_00197__Response__CDS__promoter,0.0029383663012535408,0.0029383663012535408
cnv_depth__IBNLCO_04042__isochorismate__CDS,0.0029382647214904497,0.0029382647214904497
cnv_depth__IBNLCO_00639__Enoyl-CoA__CDS__promoter,0.0029379933673555135,0.0029379933673555135
cnv_depth__IBNLCO_01705__IBNLCO_01705__gene__promoter,-0.0029372824849958124,0.0029372824849958124
cnv_depth__IBNLCO_03136__UPF0056__CDS,-0.0029364321116498,0.0029364321116498
cnv_depth__IBNLCO_00193__HAD__CDS__promoter,-0.0029356881467283,0.0029356881467283
cnv_depth__IBNLCO_03601__IBNLCO_03601__gene,0.0029350050255121754,0.0029350050255121754
cnv_depth__IBNLCO_04097__IBNLCO_04097__gene__promoter,-0.002934494891201374,0.002934494891201374
cnv_depth__IBNLCO_03469__IBNLCO_03469__gene__promoter,0.002933315178498329,0.002933315178498329
cnv_depth__IBNLCO_02066__Cytochrome__CDS__promoter,-0.0029323363828076218,0.0029323363828076218
cnv_depth__IBNLCO_01466__IBNLCO_01466__gene,0.0029309858173016483,0.0029309858173016483
cnv_depth__IBNLCO_04856__IBNLCO_04856__gene,-0.00293095639782579,0.00293095639782579
cnv_depth__IBNLCO_01662__TauD/TfdA-like__CDS__promoter,0.0029303971083951873,0.0029303971083951873
cnv_depth__IBNLCO_00567__Nudix__CDS__promoter,0.002929377772279846,0.002929377772279846
cnv_depth__IBNLCO_03176__Iron-sulfur__CDS,-0.002927337600761043,0.002927337600761043
cnv_depth__IBNLCO_00466__gnl|Bakta|IBNLCO_00466__CDS,0.00292650795366704,0.00292650795366704
cnv_depth__IBNLCO_01102__Ribonuclease__CDS__promoter,0.002925803482386862,0.002925803482386862
cnv_depth__IBNLCO_03832__gnl|Bakta|IBNLCO_03832__CDS__promoter,-0.0029257938616125438,0.0029257938616125438
cnv_depth__IBNLCO_05845__IBNLCO_05845__gene,-0.0029253385376266294,0.0029253385376266294
cnv_depth__IBNLCO_05513__IBNLCO_05513__gene,-0.0029223174298501423,0.0029223174298501423
cnv_depth__IBNLCO_00354__Sulfate-binding__CDS__promoter,0.0029205302646340184,0.0029205302646340184
cnv_depth__IBNLCO_00077__IBNLCO_00077__gene,-0.002920365449662703,0.002920365449662703
cnv_depth__IBNLCO_02848__IBNLCO_02848__gene__promoter,0.002919384537161742,0.002919384537161742
cnv_depth__IBNLCO_03430__IBNLCO_03430__gene,0.002916738561672558,0.002916738561672558
cnv_depth__IBNLCO_00207__IBNLCO_00207__gene__promoter,0.0029147160469700666,0.0029147160469700666
cnv_depth__IBNLCO_03430__IBNLCO_03430__gene__promoter,-0.002913935259542504,0.002913935259542504
cnv_depth__IBNLCO_05825__macB__gene,0.0029118180834868377,0.0029118180834868377
cnv_depth__IBNLCO_03110__Type__CDS__promoter,-0.0029113289226104116,0.0029113289226104116
cnv_depth__IBNLCO_03561__Fimbrial__CDS__promoter,0.002910707965406001,0.002910707965406001
cnv_depth__IBNLCO_04752__IBNLCO_04752__gene,-0.0029090590159366937,0.0029090590159366937
cnv_depth__IBNLCO_03823__IBNLCO_03823__gene,-0.0029074089755284373,0.0029074089755284373
cnv_depth__IBNLCO_03894__AraC-family__CDS,-0.0029029740506213834,0.0029029740506213834
cnv_depth__IBNLCO_02142__radA__gene__promoter,0.002902268913134102,0.002902268913134102
cnv_depth__IBNLCO_01305__AttH__CDS,0.0029019195077731133,0.0029019195077731133
cnv_depth__IBNLCO_02705__hmuV__gene__promoter,-0.002900741780388365,0.002900741780388365
cnv_depth__IBNLCO_03844__Acetyl-coenzyme__CDS,-0.002899904413260862,0.002899904413260862
cnv_depth__IBNLCO_02001__yciB__gene,0.0028996487728316913,0.0028996487728316913
cnv_depth__IBNLCO_04734__IBNLCO_04734__gene,-0.0028991550173763413,0.0028991550173763413
cnv_depth__IBNLCO_02281__Respiratory__CDS,-0.002899048623446009,0.002899048623446009
cnv_depth__IBNLCO_00656__IBNLCO_00656__gene,0.002898725606556605,0.002898725606556605
cnv_depth__IBNLCO_03847__tRNA-Ser(gga)__tRNA,-0.0028984234373284723,0.0028984234373284723
cnv_depth__IBNLCO_01362__IBNLCO_01362__gene__promoter,0.0028981491202240395,0.0028981491202240395
cnv_depth__IBNLCO_03853__IBNLCO_03853__gene,0.00289731236874283,0.00289731236874283
cnv_depth__IBNLCO_01415__IBNLCO_01415__gene__promoter,-0.0028970754771221316,0.0028970754771221316
cnv_depth__IBNLCO_00292__IBNLCO_00292__gene,0.0028950384283552887,0.0028950384283552887
cnv_depth__IBNLCO_04125__Response__CDS,0.0028947164053776554,0.0028947164053776554
cnv_depth__IBNLCO_05718__IBNLCO_05718__gene__promoter,0.0028947061147985426,0.0028947061147985426
cnv_depth__IBNLCO_01362__Alpha-1%2C4-glucan:maltose-1-phosphate__CDS,-0.002891479686697184,0.002891479686697184
cnv_depth__IBNLCO_00106__trnK__gene,0.0028913524584884133,0.0028913524584884133
cnv_depth__IBNLCO_03546__PAAR__CDS__promoter,0.002890331540847174,0.002890331540847174
cnv_depth__IBNLCO_01443__xylH__gene,0.002888750219152577,0.002888750219152577
cnv_depth__IBNLCO_00296__IBNLCO_00296__gene,0.002885342783498539,0.002885342783498539
cnv_depth__IBNLCO_04470__Magnesium-transporting__CDS,0.0028836965267272853,0.0028836965267272853
cnv_depth__IBNLCO_02864__hypothetical__CDS,0.002882407049802994,0.002882407049802994
cnv_depth__IBNLCO_04644__Phosphopantetheine-containing__CDS,0.0028818452769689158,0.0028818452769689158
cnv_depth__IBNLCO_03479__3-carboxy-cis%2Ccis-muconate__CDS,-0.0028785885240994844,0.0028785885240994844
cnv_depth__IBNLCO_00649__surA__gene,-0.002876505947094612,0.002876505947094612
cnv_depth__IBNLCO_02895__IBNLCO_02895__gene,0.002875783874256616,0.002875783874256616
cnv_depth__IBNLCO_00944__IBNLCO_00944__gene,0.00287536481551136,0.00287536481551136
cnv_depth__IBNLCO_04868__gnl|Bakta|IBNLCO_04868__CDS,0.0028745750644786914,0.0028745750644786914
cnv_depth__IBNLCO_04859__IBNLCO_04859__gene,0.002872838347385233,0.002872838347385233
cnv_depth__IBNLCO_02795__IBNLCO_02795__gene__promoter,0.0028697639263341973,0.0028697639263341973
cnv_depth__IBNLCO_00344__IBNLCO_00344__gene,0.0028690119619190343,0.0028690119619190343
cnv_depth__unknown__unknown__source,-0.002868538721826494,0.002868538721826494
cnv_depth__IBNLCO_03888__IBNLCO_03888__gene,0.00286811929888285,0.00286811929888285
cnv_depth__IBNLCO_00008__hxcR__gene,0.0028679251929385665,0.0028679251929385665
cnv_depth__IBNLCO_04793__IBNLCO_04793__gene__promoter,-0.002867328546676827,0.002867328546676827
cnv_depth__IBNLCO_03083__HTH__CDS,-0.0028664993552372864,0.0028664993552372864
cnv_depth__IBNLCO_00812__IBNLCO_00812__gene,0.002866491072118851,0.002866491072118851
cnv_depth__IBNLCO_03263__Betaproteobacteria_toxic_sRNA__gene__promoter,-0.0028654113424658807,0.0028654113424658807
cnv_depth__IBNLCO_02550__IBNLCO_02550__gene__promoter,0.0028635381998690793,0.0028635381998690793
cnv_depth__IBNLCO_01421__IBNLCO_01421__gene__promoter,-0.0028621627949035984,0.0028621627949035984
cnv_depth__IBNLCO_01971__IBNLCO_01971__gene__promoter,-0.0028618327851537583,0.0028618327851537583
cnv_depth__IBNLCO_05833__IBNLCO_05833__gene,-0.002861676600082098,0.002861676600082098
cnv_depth__IBNLCO_02331__Alkane__CDS__promoter,0.0028600272150196182,0.0028600272150196182
cnv_depth__IBNLCO_04759__IBNLCO_04759__gene,0.00285981279988729,0.00285981279988729
cnv_depth__IBNLCO_03572__IBNLCO_03572__gene,0.0028595052522372533,0.0028595052522372533
cnv_depth__IBNLCO_00199__clpQ__gene,0.0028577202819759402,0.0028577202819759402
cnv_depth__IBNLCO_00111__IBNLCO_00111__gene__promoter,0.0028558894071989147,0.0028558894071989147
cnv_depth__IBNLCO_02822__gnl|Bakta|IBNLCO_02822__CDS__promoter,-0.0028552756257410015,0.0028552756257410015
cnv_depth__IBNLCO_04989__type__CDS__promoter,0.0028548816493884567,0.0028548816493884567
cnv_depth__IBNLCO_03567__Major__CDS__promoter,0.0028544631865184728,0.0028544631865184728
cnv_depth__IBNLCO_02667__dTDP-glucose__CDS,-0.0028539938093807204,0.0028539938093807204
cnv_depth__IBNLCO_04311__DUF1488__CDS,-0.0028533789098486207,0.0028533789098486207
cnv_depth__IBNLCO_00992__hypothetical__CDS,-0.0028520514984897286,0.0028520514984897286
cnv_depth__IBNLCO_01748__IBNLCO_01748__gene,-0.0028501257198143798,0.0028501257198143798
cnv_depth__IBNLCO_02902__Glutamine__CDS,-0.00284900547813848,0.00284900547813848
cnv_depth__IBNLCO_03869__IBNLCO_03869__gene__promoter,-0.002848608265927776,0.002848608265927776
cnv_depth__IBNLCO_02398__HTH__CDS,-0.0028482855636307734,0.0028482855636307734
cnv_depth__IBNLCO_02782__capsular__CDS,0.0028480043322882255,0.0028480043322882255
cnv_depth__IBNLCO_05387__Anthranilate__CDS__promoter,-0.002846838212839323,0.002846838212839323
cnv_depth__IBNLCO_00562__IBNLCO_00562__gene,-0.002844554123928354,0.002844554123928354
cnv_depth__IBNLCO_01279__hypothetical__CDS,0.0028444790786907367,0.0028444790786907367
cnv_depth__IBNLCO_01234__RecBCD__CDS__promoter,-0.0028442107350308823,0.0028442107350308823
cnv_depth__IBNLCO_03461__Anaerobic__CDS__promoter,-0.002844095265211637,0.002844095265211637
cnv_depth__IBNLCO_03599__IBNLCO_03599__gene__promoter,0.0028440421759778666,0.0028440421759778666
cnv_depth__IBNLCO_00734__IBNLCO_00734__gene,0.0028426609877254504,0.0028426609877254504
cnv_depth__IBNLCO_02050__IBNLCO_02050__gene,-0.0028418606094101698,0.0028418606094101698
cnv_depth__IBNLCO_03273__trnA__gene,0.002838988843922597,0.002838988843922597
cnv_depth__IBNLCO_04617__Nitrate__CDS,-0.00283854589040808,0.00283854589040808
cnv_depth__IBNLCO_05006__type__CDS,0.002835926672484294,0.002835926672484294
cnv_depth__IBNLCO_03009__UDP-3-O-acyl-N-acetylglucosamine__CDS__promoter,0.002835578265543792,0.002835578265543792
cnv_depth__IBNLCO_02137__Ribosomal__CDS__promoter,0.0028352475911788432,0.0028352475911788432
cnv_depth__IBNLCO_03060__IBNLCO_03060__gene,0.002829994743183034,0.002829994743183034
cnv_depth__IBNLCO_01110__IBNLCO_01110__gene,-0.0028289559615394515,0.0028289559615394515
cnv_depth__IBNLCO_03067__IBNLCO_03067__gene__promoter,0.0028262253090291026,0.0028262253090291026
cnv_depth__IBNLCO_00029__fliO__gene,0.002825972617584006,0.002825972617584006
cnv_depth__IBNLCO_03927__Putrescine-binding__CDS,0.002824012692272263,0.002824012692272263
cnv_depth__IBNLCO_03842__UPF0114__CDS,0.002824006290452894,0.002824006290452894
cnv_depth__IBNLCO_03780__IBNLCO_03780__gene,-0.0028157445160316755,0.0028157445160316755
cnv_depth__IBNLCO_03461__Anaerobic__CDS,0.002814737312814296,0.002814737312814296
cnv_depth__IBNLCO_01542__Pilus__CDS,-0.002814314219117254,0.002814314219117254
cnv_depth__IBNLCO_05653__OpgC__CDS,0.0028137196761356797,0.0028137196761356797
cnv_depth__IBNLCO_05814__ABC__CDS,-0.002811590225002949,0.002811590225002949
cnv_depth__IBNLCO_03255__IBNLCO_03255__gene,-0.0028095643623507528,0.0028095643623507528
cnv_depth__IBNLCO_05576__CBM6__CDS__promoter,0.0028094805572964456,0.0028094805572964456
cnv_depth__IBNLCO_04822__IBNLCO_04822__gene,0.002809003926842368,0.002809003926842368
cnv_depth__IBNLCO_01237__IBNLCO_01237__gene__promoter,-0.0028080803611868982,0.0028080803611868982
cnv_depth__IBNLCO_02647__IBNLCO_02647__gene__promoter,0.0028078024727162926,0.0028078024727162926
cnv_depth__IBNLCO_00352__hypothetical__CDS,0.0028060629644871904,0.0028060629644871904
cnv_depth__IBNLCO_05410__hypothetical__CDS,-0.002805264817995144,0.002805264817995144
cnv_depth__IBNLCO_02558__Guanylate__CDS,0.0028028606719612695,0.0028028606719612695
cnv_depth__IBNLCO_04322__IBNLCO_04322__gene__promoter,-0.0028022551706390186,0.0028022551706390186
cnv_depth__IBNLCO_00207__IBNLCO_00207__gene,-0.002801678059353062,0.002801678059353062
cnv_depth__IBNLCO_03810__HD__CDS__promoter,-0.00280068929888704,0.00280068929888704
cnv_depth__IBNLCO_04816__IBNLCO_04816__gene,-0.002799611152274178,0.002799611152274178
cnv_depth__IBNLCO_02294__ATP-dependent__CDS,0.002798600780807629,0.002798600780807629
cnv_depth__IBNLCO_01551__hypothetical__CDS,-0.0027983178173833383,0.0027983178173833383
cnv_depth__IBNLCO_00172__IBNLCO_00172__gene__promoter,-0.002795083738561667,0.002795083738561667
cnv_depth__IBNLCO_03697__Spermidine/putrescine__CDS__promoter,0.002794743057027976,0.002794743057027976
cnv_depth__IBNLCO_04665__bfrD__gene,-0.002794570165352171,0.002794570165352171
cnv_depth__IBNLCO_00228__flagellar__CDS,-0.002794150407179776,0.002794150407179776
cnv_depth__IBNLCO_04539__irlS__gene,0.0027940962873440243,0.0027940962873440243
cnv_depth__IBNLCO_04625__Putative__CDS__promoter,-0.002793821289666683,0.002793821289666683
cnv_depth__IBNLCO_02860__hypothetical__CDS__promoter,0.0027906027844383226,0.0027906027844383226
cnv_depth__IBNLCO_02582__DNA__CDS__promoter,0.002788806344354378,0.002788806344354378
cnv_depth__IBNLCO_02957__Peroxisomal__CDS__promoter,-0.0027881225611358982,0.0027881225611358982
cnv_depth__IBNLCO_03618__TagK__CDS__promoter,0.0027842645587198376,0.0027842645587198376
cnv_depth__IBNLCO_01383__tssF__gene,-0.002783573493668615,0.002783573493668615
cnv_depth__IBNLCO_02919__2-dehydro-3-deoxy-phosphogluconate__CDS,-0.002783193130452271,0.002783193130452271
cnv_depth__IBNLCO_00199__clpQ__gene__promoter,0.0027804891381271986,0.0027804891381271986
cnv_depth__IBNLCO_01898__Protein__CDS,0.0027803124540852395,0.0027803124540852395
cnv_depth__IBNLCO_00070__Transmembrane__CDS,0.0027794595464550116,0.0027794595464550116
cnv_depth__IBNLCO_03016__IBNLCO_03016__gene__promoter,0.002779312308852847,0.002779312308852847
cnv_depth__IBNLCO_00513__IBNLCO_00513__gene,-0.0027785862536684504,0.0027785862536684504
cnv_depth__IBNLCO_01556__Long-chain-fatty-acid--CoA__CDS__promoter,-0.002776280598590618,0.002776280598590618
cnv_depth__IBNLCO_02880__Putative__CDS,-0.002774746916971639,0.002774746916971639
cnv_depth__IBNLCO_02554__trnR__gene,-0.0027736722090872124,0.0027736722090872124
cnv_depth__IBNLCO_04563__Methyltransferase__CDS,-0.002773342085505934,0.002773342085505934
cnv_depth__IBNLCO_01233__RecBCD__CDS,0.002772929598979138,0.002772929598979138
cnv_depth__IBNLCO_01040__Major__CDS__promoter,0.0027727132646498107,0.0027727132646498107
cnv_depth__IBNLCO_00848__gnl|Bakta|IBNLCO_00848__CDS,0.002772231127808647,0.002772231127808647
cnv_depth__IBNLCO_01295__Serine__CDS,-0.0027694750538071926,0.0027694750538071926
cnv_depth__IBNLCO_03361__IBNLCO_03361__gene__promoter,0.0027693309146507553,0.0027693309146507553
cnv_depth__IBNLCO_04782__IBNLCO_04782__gene,-0.0027691968335982883,0.0027691968335982883
cnv_depth__IBNLCO_00301__Secreted__CDS__promoter,0.002769115147331256,0.002769115147331256
cnv_depth__IBNLCO_03364__IBNLCO_03364__gene,0.002766496305811699,0.002766496305811699
cnv_depth__IBNLCO_02406__IBNLCO_02406__gene,0.0027651742551208247,0.0027651742551208247
cnv_depth__IBNLCO_00902__High-affinity__CDS__promoter,0.0027636326857722014,0.0027636326857722014
cnv_depth__IBNLCO_03164__sn-glycerol-3-phosphate__CDS,-0.0027633125266424232,0.0027633125266424232
cnv_depth__IBNLCO_00286__IBNLCO_00286__gene,-0.0027628761923980468,0.0027628761923980468
cnv_depth__IBNLCO_00001__IBNLCO_00001__gene__promoter,0.0027623193645606057,0.0027623193645606057
cnv_depth__IBNLCO_03902__IBNLCO_03902__gene__promoter,-0.0027611380417295207,0.0027611380417295207
cnv_depth__IBNLCO_04640__IBNLCO_04640__gene,0.002758972940095997,0.002758972940095997
cnv_depth__IBNLCO_02969__IBNLCO_02969__gene__promoter,0.002757721877855706,0.002757721877855706
cnv_depth__IBNLCO_01245__IBNLCO_01245__gene__promoter,0.002756710302303085,0.002756710302303085
cnv_depth__IBNLCO_04552__DNA-binding__CDS,0.002755475935290265,0.002755475935290265
cnv_depth__IBNLCO_01915__Murein__CDS__promoter,-0.002754337661930358,0.002754337661930358
cnv_depth__IBNLCO_03220__Small__CDS,0.0027531145716445647,0.0027531145716445647
cnv_depth__IBNLCO_03522__Thiol__CDS__promoter,0.0027528272147891294,0.0027528272147891294
cnv_depth__IBNLCO_02820__Acid__CDS,0.002752665143387153,0.002752665143387153
cnv_depth__IBNLCO_01661__IBNLCO_01661__gene,0.0027510917652972255,0.0027510917652972255
cnv_depth__IBNLCO_02471__Protease__CDS,0.002750982468666001,0.002750982468666001
cnv_depth__IBNLCO_04700__ftsI__gene,-0.002749155775767134,0.002749155775767134
cnv_depth__IBNLCO_01277__IBNLCO_01277__gene__promoter,0.002747960304109021,0.002747960304109021
cnv_depth__IBNLCO_00960__Pantothenate__CDS__promoter,-0.0027451296501610684,0.0027451296501610684
cnv_depth__IBNLCO_01422__Nudix__CDS__promoter,-0.0027450704259452076,0.0027450704259452076
cnv_depth__IBNLCO_04772__Protocatechuate__CDS__promoter,0.0027440440675402635,0.0027440440675402635
cnv_depth__IBNLCO_05458__IBNLCO_05458__gene__promoter,-0.0027438879718719323,0.0027438879718719323
cnv_depth__IBNLCO_04955__uxuB__gene,-0.0027424982838426945,0.0027424982838426945
cnv_depth__IBNLCO_02662__ABC__CDS,0.0027423109569850853,0.0027423109569850853
cnv_depth__IBNLCO_02183__GHMP__CDS__promoter,-0.0027411231861277042,0.0027411231861277042
cnv_depth__IBNLCO_04230__IBNLCO_04230__gene,0.00274036401786289,0.00274036401786289
cnv_depth__IBNLCO_03373__IBNLCO_03373__gene,-0.0027400153084221734,0.0027400153084221734
cnv_depth__IBNLCO_04837__gnl|Bakta|IBNLCO_04837__CDS__promoter,-0.0027395063182748636,0.0027395063182748636
cnv_depth__IBNLCO_00529__Formamidopyrimidine-DNA__CDS,0.0027382708773440434,0.0027382708773440434
cnv_depth__IBNLCO_04795__IBNLCO_04795__gene,-0.002736622981572527,0.002736622981572527
cnv_depth__IBNLCO_01659__IBNLCO_01659__gene,0.002732869633715311,0.002732869633715311
cnv_depth__IBNLCO_03981__hypothetical__CDS,0.002730246432609747,0.002730246432609747
cnv_depth__IBNLCO_01247__hypothetical__CDS__promoter,-0.0027301304859489776,0.0027301304859489776
cnv_depth__IBNLCO_04994__tssM-5__gene,0.0027289753063248195,0.0027289753063248195
cnv_depth__IBNLCO_01675__Corrinoid__CDS__promoter,0.0027289039989575044,0.0027289039989575044
cnv_depth__IBNLCO_01846__Chloride__CDS__promoter,0.002728109139797811,0.002728109139797811
cnv_depth__IBNLCO_05310__Tyrocidine__CDS,0.002726527118733848,0.002726527118733848
cnv_depth__IBNLCO_00291__IBNLCO_00291__gene,-0.0027257513020099177,0.0027257513020099177
cnv_depth__IBNLCO_04120__Pesticidal__CDS,0.0027223310710658742,0.0027223310710658742
cnv_depth__IBNLCO_01343__Galactose__CDS,0.0027216317236969513,0.0027216317236969513
cnv_depth__IBNLCO_01366__IBNLCO_01366__gene__promoter,-0.0027207349000050135,0.0027207349000050135
cnv_depth__IBNLCO_04191__Transcriptional__CDS__promoter,0.0027198832431756196,0.0027198832431756196
cnv_depth__IBNLCO_01857__Sulfide:quinone__CDS__promoter,0.0027186605213638825,0.0027186605213638825
cnv_depth__IBNLCO_04778__gsiB__gene__promoter,-0.002717144450902162,0.002717144450902162
cnv_depth__IBNLCO_01685__IBNLCO_01685__gene,0.0027168894418475474,0.0027168894418475474
cnv_depth__IBNLCO_04676__hypothetical__CDS,-0.002716121795223937,0.002716121795223937
cnv_depth__IBNLCO_04526__Iron__CDS__promoter,-0.0027148888322386096,0.0027148888322386096
cnv_depth__IBNLCO_00035__DUF2938__CDS,0.0027143428466977243,0.0027143428466977243
cnv_depth__IBNLCO_01143__IBNLCO_01143__gene__promoter,-0.002714258901270373,0.002714258901270373
cnv_depth__IBNLCO_05120__IBNLCO_05120__gene,0.002713819842781378,0.002713819842781378
cnv_depth__IBNLCO_00462__IBNLCO_00462__gene,0.002713326111532979,0.002713326111532979
cnv_depth__IBNLCO_04800__IBNLCO_04800__gene,0.0027129381499917484,0.0027129381499917484
cnv_depth__IBNLCO_02355__IBNLCO_02355__gene__promoter,0.0027126935043233573,0.0027126935043233573
cnv_depth__IBNLCO_05804__peptidoglycan__CDS,0.0027124221073830724,0.0027124221073830724
cnv_depth__IBNLCO_04939__IBNLCO_04939__gene,0.002711929372484193,0.002711929372484193
cnv_depth__IBNLCO_02878__IBNLCO_02878__gene,-0.0027116171615208743,0.0027116171615208743
cnv_depth__IBNLCO_00269__flgD__gene,-0.0027114225753796725,0.0027114225753796725
cnv_depth__IBNLCO_01736__gnl|Bakta|IBNLCO_01736__CDS__promoter,-0.002711353326213834,0.002711353326213834
cnv_depth__IBNLCO_00936__IBNLCO_00936__gene,-0.0027106095162759383,0.0027106095162759383
cnv_depth__IBNLCO_03649__IBNLCO_03649__gene,0.0027055782312459323,0.0027055782312459323
cnv_depth__IBNLCO_04568__IBNLCO_04568__gene__promoter,-0.0027044228299547756,0.0027044228299547756
cnv_depth__IBNLCO_01434__IBNLCO_01434__gene,-0.002704397536369256,0.002704397536369256
cnv_depth__IBNLCO_02552__Porin__CDS__promoter,0.0027041018723563525,0.0027041018723563525
cnv_depth__IBNLCO_02185__IBNLCO_02185__gene__promoter,0.002703428012272171,0.002703428012272171
cnv_depth__IBNLCO_03779__IBNLCO_03779__gene,0.002703319754458079,0.002703319754458079
cnv_depth__IBNLCO_05552__AB__CDS__promoter,0.0026988164443273,0.0026988164443273
cnv_depth__IBNLCO_01355__Tryptophan__CDS,0.002698102867203057,0.002698102867203057
cnv_depth__IBNLCO_00382__dsbA__gene,0.0026941762346392602,0.0026941762346392602
cnv_depth__IBNLCO_05822__IBNLCO_05822__gene__promoter,0.002693623071388856,0.002693623071388856
cnv_depth__IBNLCO_03143__IBNLCO_03143__gene__promoter,0.002692956654499826,0.002692956654499826
cnv_depth__IBNLCO_04695__D-xylulose__CDS,-0.0026923682994860784,0.0026923682994860784
cnv_depth__IBNLCO_03700__IBNLCO_03700__gene__promoter,-0.0026921503138882907,0.0026921503138882907
cnv_depth__IBNLCO_02683__DUF4243__CDS__promoter,0.0026911198165547627,0.0026911198165547627
cnv_depth__IBNLCO_05333__DUF3501__CDS,0.002690804882601347,0.002690804882601347
cnv_depth__IBNLCO_02865__hypothetical__CDS,0.0026891804207545473,0.0026891804207545473
cnv_depth__IBNLCO_01435__IBNLCO_01435__gene,-0.002687729048758535,0.002687729048758535
cnv_depth__IBNLCO_04621__Oxygen__CDS__promoter,0.0026869835903450745,0.0026869835903450745
cnv_depth__IBNLCO_00479__IBNLCO_00479__gene,0.0026860064132686774,0.0026860064132686774
cnv_depth__IBNLCO_03381__Solute-binding__CDS,0.0026831986037838588,0.0026831986037838588
cnv_depth__IBNLCO_01998__IBNLCO_01998__gene__promoter,0.0026825198577612903,0.0026825198577612903
cnv_depth__IBNLCO_00938__Dihydroxy-acid__CDS__promoter,0.002680440503666239,0.002680440503666239
cnv_depth__IBNLCO_03006__argJ__gene__promoter,-0.0026794796597704577,0.0026794796597704577
cnv_depth__IBNLCO_03665__mgtC__gene__promoter,-0.002679116987202895,0.002679116987202895
cnv_depth__IBNLCO_04257__Autoinducer__CDS,-0.002678644012129945,0.002678644012129945
cnv_depth__IBNLCO_01546__hypothetical__CDS,-0.0026782586764988667,0.0026782586764988667
cnv_depth__IBNLCO_03113__IBNLCO_03113__gene__promoter,0.0026768777602604395,0.0026768777602604395
cnv_depth__IBNLCO_03437__IBNLCO_03437__gene,0.002674702428496565,0.002674702428496565
cnv_depth__IBNLCO_02861__IBNLCO_02861__gene,0.0026736756036907987,0.0026736756036907987
cnv_depth__IBNLCO_02185__Glycosyltransferase__CDS,0.0026719798913662123,0.0026719798913662123
cnv_depth__IBNLCO_03417__Leucine-binding__CDS,0.002666363732445626,0.002666363732445626
cnv_depth__IBNLCO_01723__IBNLCO_01723__gene__promoter,-0.0026659845110833247,0.0026659845110833247
cnv_depth__IBNLCO_00039__IBNLCO_00039__gene,0.0026652223168351944,0.0026652223168351944
cnv_depth__IBNLCO_02014__IBNLCO_02014__gene__promoter,-0.0026634648097919227,0.0026634648097919227
cnv_depth__IBNLCO_02225__IBNLCO_02225__gene__promoter,-0.002663010457473618,0.002663010457473618
cnv_depth__IBNLCO_04454__IBNLCO_04454__gene,-0.002662924700873934,0.002662924700873934
cnv_depth__IBNLCO_00100__Histone__CDS,0.0026622203733392556,0.0026622203733392556
cnv_depth__IBNLCO_03148__mlaD__gene,0.002660699942599825,0.002660699942599825
cnv_depth__IBNLCO_00888__IBNLCO_00888__gene,-0.0026603194544222056,0.0026603194544222056
cnv_depth__IBNLCO_05668__IBNLCO_05668__gene__promoter,-0.002660280914294854,0.002660280914294854
cnv_depth__IBNLCO_03083__HTH__CDS__promoter,0.0026594611953494503,0.0026594611953494503
cnv_depth__IBNLCO_01721__IBNLCO_01721__gene,-0.0026591518873364628,0.0026591518873364628
cnv_depth__IBNLCO_01928__50S__CDS,-0.002656104398495027,0.002656104398495027
cnv_depth__IBNLCO_01426__Alanine--tRNA__CDS,-0.002655244955265458,0.002655244955265458
cnv_depth__IBNLCO_05206__FAD__CDS,0.0026541256002006897,0.0026541256002006897
cnv_depth__IBNLCO_00214__Major__CDS,0.0026528906115431345,0.0026528906115431345
cnv_depth__IBNLCO_03152__Thiazole__CDS__promoter,0.002652432202355844,0.002652432202355844
cnv_depth__IBNLCO_00190__IBNLCO_00190__gene,0.002651645828798567,0.002651645828798567
cnv_depth__IBNLCO_05373__wspA__gene,0.002651481327947285,0.002651481327947285
cnv_depth__IBNLCO_00293__hypothetical__CDS__promoter,0.0026503926301584217,0.0026503926301584217
cnv_depth__IBNLCO_00291__Carbohydrate__CDS__promoter,-0.002650084447075642,0.002650084447075642
cnv_depth__IBNLCO_03427__IBNLCO_03427__gene,0.0026486364214213416,0.0026486364214213416
cnv_depth__IBNLCO_02114__UDP-3-O-acylglucosamine__CDS__promoter,-0.0026485414757992684,0.0026485414757992684
cnv_depth__IBNLCO_01413__IBNLCO_01413__gene,0.002648426018217065,0.002648426018217065
cnv_depth__IBNLCO_05115__TauD/TfdA-like__CDS,-0.002646927406411134,0.002646927406411134
cnv_depth__IBNLCO_02899__RNaseP_bact_a__gene,-0.0026468916472839215,0.0026468916472839215
cnv_depth__IBNLCO_05167__IBNLCO_05167__gene,-0.0026450758151149736,0.0026450758151149736
cnv_depth__IBNLCO_00395__IBNLCO_00395__gene__promoter,0.0026435757158584016,0.0026435757158584016
cnv_depth__IBNLCO_03527__hypothetical__CDS,-0.002642914122330483,0.002642914122330483
cnv_depth__IBNLCO_01191__IBNLCO_01191__gene,-0.0026421138086818253,0.0026421138086818253
cnv_depth__IBNLCO_01324__Polyphosphate__CDS,0.0026416519701744573,0.0026416519701744573
cnv_depth__IBNLCO_00770__Branched-chain-amino-acid__CDS__promoter,0.0026405861769176614,0.0026405861769176614
cnv_depth__IBNLCO_03344__hypothetical__CDS,0.002638652121471737,0.002638652121471737
cnv_depth__IBNLCO_00001__IBNLCO_00001__gene,0.0026381285531361866,0.0026381285531361866
cnv_depth__IBNLCO_02949__IBNLCO_02949__gene,0.0026379145026116137,0.0026379145026116137
cnv_depth__IBNLCO_01103__IBNLCO_01103__gene,-0.0026375610166093463,0.0026375610166093463
cnv_depth__IBNLCO_02297__Major__CDS,-0.0026366814547928103,0.0026366814547928103
cnv_depth__IBNLCO_01249__Major__CDS,0.0026360243919173543,0.0026360243919173543
cnv_depth__IBNLCO_03271__IBNLCO_03271__gene,0.0026357077230058207,0.0026357077230058207
cnv_depth__IBNLCO_05025__Type__CDS__promoter,-0.0026339728089639102,0.0026339728089639102
cnv_depth__IBNLCO_03560__IBNLCO_03560__gene__promoter,0.00263385014951635,0.00263385014951635
cnv_depth__IBNLCO_00492__IBNLCO_00492__gene__promoter,-0.0026312617540680335,0.0026312617540680335
cnv_depth__IBNLCO_05016__bsaV__gene__promoter,0.0026309290069059642,0.0026309290069059642
cnv_depth__IBNLCO_04737__IBNLCO_04737__gene__promoter,-0.0026305443696933856,0.0026305443696933856
cnv_depth__IBNLCO_04575__ftsH__gene,-0.0026304154442345165,0.0026304154442345165
cnv_depth__IBNLCO_05623__IBNLCO_05623__gene__promoter,0.0026298670711158096,0.0026298670711158096
cnv_depth__IBNLCO_02509__DUF2059__CDS,0.002629417210133602,0.002629417210133602
cnv_depth__IBNLCO_02087__Calcineurin-like__CDS__promoter,0.00262910195644015,0.00262910195644015
cnv_depth__IBNLCO_02485__Leucine-responsive__CDS,-0.0026289647438636713,0.0026289647438636713
cnv_depth__IBNLCO_00270__flgE__gene__promoter,-0.002627136840291211,0.002627136840291211
cnv_depth__IBNLCO_03435__xerC__gene,0.002626762704443381,0.002626762704443381
cnv_depth__IBNLCO_05021__bsaQ__gene__promoter,-0.0026261434528897384,0.0026261434528897384
cnv_depth__IBNLCO_03271__IBNLCO_03271__gene__promoter,0.002625722447116347,0.002625722447116347
cnv_depth__IBNLCO_01651__capistruin__CDS__promoter,0.0026249008870795486,0.0026249008870795486
cnv_depth__IBNLCO_04559__IBNLCO_04559__gene,-0.0026218888363353557,0.0026218888363353557
cnv_depth__IBNLCO_03810__HD__CDS,-0.002620461262109679,0.002620461262109679
cnv_depth__IBNLCO_04546__hypothetical__CDS__promoter,-0.00262026777669836,0.00262026777669836
cnv_depth__IBNLCO_04332__Pyrimidine-specific__CDS__promoter,-0.0026200092872734754,0.0026200092872734754
cnv_depth__IBNLCO_05581__IBNLCO_05581__gene,-0.0026191551340337886,0.0026191551340337886
cnv_depth__IBNLCO_03602__gnl|Bakta|IBNLCO_03602__CDS__promoter,0.0026190680843241553,0.0026190680843241553
cnv_depth__IBNLCO_04265__IBNLCO_04265__gene,-0.002616522698274876,0.002616522698274876
cnv_depth__IBNLCO_04849__cdhR__gene,-0.0026164693348711045,0.0026164693348711045
cnv_depth__IBNLCO_05671__IBNLCO_05671__gene,0.002615918082570823,0.002615918082570823
cnv_depth__IBNLCO_02581__Outer-membrane__CDS__promoter,0.0026158838084527672,0.0026158838084527672
cnv_depth__IBNLCO_04717__IBNLCO_04717__gene__promoter,-0.0026152306103838386,0.0026152306103838386
cnv_depth__IBNLCO_02510__DNA__CDS,-0.0026133435902525137,0.0026133435902525137
cnv_depth__IBNLCO_05669__HTH__CDS,0.0026103067592636304,0.0026103067592636304
cnv_depth__IBNLCO_00535__Ribosome__CDS,0.002608296323873079,0.002608296323873079
cnv_depth__IBNLCO_00640__IBNLCO_00640__gene__promoter,-0.002606207862391188,0.002606207862391188
cnv_depth__IBNLCO_02912__IBNLCO_02912__gene__promoter,0.002605019770206736,0.002605019770206736
cnv_depth__IBNLCO_01112__Methylglyoxal__CDS,0.0026033367415431658,0.0026033367415431658
cnv_depth__IBNLCO_01427__IBNLCO_01427__gene,-0.0026027687182477795,0.0026027687182477795
cnv_depth__IBNLCO_05602__Chorismate__CDS__promoter,0.0026023308200056844,0.0026023308200056844
cnv_depth__IBNLCO_05587__IraD/Gp25-like__CDS__promoter,-0.0026021318517335237,0.0026021318517335237
cnv_depth__IBNLCO_04924__Biotin__CDS,-0.0026020923951843105,0.0026020923951843105
cnv_depth__IBNLCO_01420__IBNLCO_01420__gene,-0.002598437165414845,0.002598437165414845
cnv_depth__IBNLCO_04199__Cellulose__CDS__promoter,-0.002598089219583334,0.002598089219583334
cnv_depth__IBNLCO_01360__1%2C4-alpha-glucan__CDS,0.0025968483642708,0.0025968483642708
cnv_depth__IBNLCO_04474__Twin-arginine__CDS,0.002596640088123684,0.002596640088123684
cnv_depth__IBNLCO_01532__gnl|Bakta|IBNLCO_01532__CDS,-0.002595729640690113,0.002595729640690113
cnv_depth__IBNLCO_05246__Membrane__CDS__promoter,0.0025955050963866917,0.0025955050963866917
cnv_depth__IBNLCO_04787__IBNLCO_04787__gene__promoter,0.002592688486535447,0.002592688486535447
cnv_depth__IBNLCO_05277__IBNLCO_05277__gene,-0.0025884824372482055,0.0025884824372482055
cnv_depth__IBNLCO_05628__IBNLCO_05628__gene,0.0025865669227223605,0.0025865669227223605
cnv_depth__IBNLCO_00524__IBNLCO_00524__gene__promoter,0.0025859234821208046,0.0025859234821208046
cnv_depth__IBNLCO_04601__IBNLCO_04601__gene,-0.0025843639536942535,0.0025843639536942535
cnv_depth__IBNLCO_04246__hypothetical__CDS__promoter,-0.0025835672594579236,0.0025835672594579236
cnv_depth__IBNLCO_01043__Chromate__CDS__promoter,-0.002583074308989335,0.002583074308989335
cnv_depth__IBNLCO_03816__IBNLCO_03816__gene,-0.002582587971404288,0.002582587971404288
cnv_depth__IBNLCO_02977__Glycine__CDS__promoter,0.0025823994056373054,0.0025823994056373054
cnv_depth__IBNLCO_04539__heavy__CDS__promoter,0.002581755570052837,0.002581755570052837
cnv_depth__IBNLCO_03320__IBNLCO_03320__gene,0.002581446455941461,0.002581446455941461
cnv_depth__IBNLCO_03504__dctD__gene__promoter,-0.0025805926482859363,0.0025805926482859363
cnv_depth__IBNLCO_05190__IBNLCO_05190__gene,0.0025790176113957668,0.0025790176113957668
cnv_depth__IBNLCO_00543__IBNLCO_00543__gene,-0.0025782015590513486,0.0025782015590513486
cnv_depth__IBNLCO_01658__Short__CDS,-0.002577034010872307,0.002577034010872307
cnv_depth__IBNLCO_00437__IBNLCO_00437__gene,0.0025760721318417884,0.0025760721318417884
cnv_depth__IBNLCO_01257__IBNLCO_01257__gene__promoter,0.0025758331821514797,0.0025758331821514797
cnv_depth__IBNLCO_01260__Transmembrane__CDS,0.002575759566312839,0.002575759566312839
cnv_depth__IBNLCO_01445__IBNLCO_01445__gene,0.0025753349068102956,0.0025753349068102956
cnv_depth__IBNLCO_04521__IBNLCO_04521__gene,-0.00257474567962608,0.00257474567962608
cnv_depth__IBNLCO_05746__zraR__gene__promoter,-0.0025724488712210083,0.0025724488712210083
cnv_depth__IBNLCO_05807__Porin__CDS__promoter,0.002572212292788859,0.002572212292788859
cnv_depth__IBNLCO_04582__IBNLCO_04582__gene,-0.002570782915626621,0.002570782915626621
cnv_depth__IBNLCO_01322__phoB__gene__promoter,0.002569670048038091,0.002569670048038091
cnv_depth__IBNLCO_03853__IBNLCO_03853__gene__promoter,0.0025696294333702662,0.0025696294333702662
cnv_depth__IBNLCO_03528__IBNLCO_03528__gene,0.0025674214123280054,0.0025674214123280054
cnv_depth__IBNLCO_04252__IBNLCO_04252__gene,0.0025672475650722307,0.0025672475650722307
cnv_depth__IBNLCO_00898__IBNLCO_00898__gene,-0.0025665754900191296,0.0025665754900191296
cnv_depth__IBNLCO_03819__IBNLCO_03819__gene,0.0025654895820290628,0.0025654895820290628
cnv_depth__IBNLCO_01007__Sulfonate__CDS,0.002564485834590005,0.002564485834590005
cnv_depth__IBNLCO_04958__gnl|Bakta|IBNLCO_04958__CDS,-0.002561405513835737,0.002561405513835737
cnv_depth__IBNLCO_04799__hypothetical__CDS__promoter,-0.002560097041824399,0.002560097041824399
cnv_depth__IBNLCO_05792__IBNLCO_05792__gene,0.002559783878397532,0.002559783878397532
cnv_depth__IBNLCO_02196__FAD-dependent__CDS,-0.0025593411585632018,0.0025593411585632018
cnv_depth__IBNLCO_05700__LysR-family__CDS__promoter,0.002556402300422763,0.002556402300422763
cnv_depth__IBNLCO_04592__LuxR__CDS,0.002552761995320048,0.002552761995320048
cnv_depth__IBNLCO_00533__IBNLCO_00533__gene,-0.0025518223813407134,0.0025518223813407134
cnv_depth__IBNLCO_01888__DNA__CDS__promoter,-0.0025512750658594954,0.0025512750658594954
cnv_depth__IBNLCO_03659__IBNLCO_03659__gene,-0.002550707112725886,0.002550707112725886
cnv_depth__IBNLCO_03470__IBNLCO_03470__gene__promoter,-0.002550661533681559,0.002550661533681559
cnv_depth__IBNLCO_04584__1%2C6-didemethyltoxoflavin__CDS,0.0025482827694734873,0.0025482827694734873
cnv_depth__IBNLCO_04268__Transcriptional__CDS,-0.0025458809785530506,0.0025458809785530506
cnv_depth__IBNLCO_03024__IBNLCO_03024__gene,0.0025455725401845428,0.0025455725401845428
cnv_depth__IBNLCO_04315__uspA__gene__promoter,-0.0025447033204677146,0.0025447033204677146
cnv_depth__IBNLCO_01439__IBNLCO_01439__gene,-0.002544581820650898,0.002544581820650898
cnv_depth__IBNLCO_03152__Thiazole__CDS,-0.0025440224913277536,0.0025440224913277536
cnv_depth__IBNLCO_05169__IBNLCO_05169__gene__promoter,0.002543772356584835,0.002543772356584835
cnv_depth__IBNLCO_00090__Betaproteobacteria_toxic_sRNA__gene,0.0025430701510270187,0.0025430701510270187
cnv_depth__IBNLCO_04411__IBNLCO_04411__gene,0.0025426512171876805,0.0025426512171876805
cnv_depth__IBNLCO_03939__IBNLCO_03939__gene,0.002538940483690185,0.002538940483690185
cnv_depth__IBNLCO_00937__IBNLCO_00937__gene__promoter,0.0025383304468507345,0.0025383304468507345
cnv_depth__IBNLCO_02970__IBNLCO_02970__gene,0.002538116047378715,0.002538116047378715
cnv_depth__IBNLCO_03167__sn-glycerol-3-phosphate-binding__CDS__promoter,0.0025381085410357503,0.0025381085410357503
cnv_depth__IBNLCO_04607__Formate__CDS__promoter,-0.002535736137914521,0.002535736137914521
cnv_depth__IBNLCO_05506__IBNLCO_05506__gene__promoter,0.002535003542430221,0.002535003542430221
cnv_depth__IBNLCO_03840__IBNLCO_03840__gene__promoter,0.002531987025638896,0.002531987025638896
cnv_depth__IBNLCO_03432__IBNLCO_03432__gene__promoter,0.0025300388993841788,0.0025300388993841788
cnv_depth__IBNLCO_04279__IBNLCO_04279__gene,-0.0025297509655309554,0.0025297509655309554
cnv_depth__IBNLCO_00525__trnQ__gene__promoter,0.002529670219950716,0.002529670219950716
cnv_depth__IBNLCO_03443__Succinylglutamate__CDS__promoter,-0.002529634253395947,0.002529634253395947
cnv_depth__IBNLCO_03481__IBNLCO_03481__gene__promoter,0.0025293751413058537,0.0025293751413058537
cnv_depth__IBNLCO_01977__Glycosyl__CDS,-0.002528469748698971,0.002528469748698971
cnv_depth__IBNLCO_01071__gnl|Bakta|IBNLCO_01071__CDS__promoter,-0.002526265881792844,0.002526265881792844
cnv_depth__IBNLCO_05832__IBNLCO_05832__gene,0.002525332383769025,0.002525332383769025
cnv_depth__IBNLCO_00633__IBNLCO_00633__gene,-0.002524949437046721,0.002524949437046721
cnv_depth__IBNLCO_05265__IBNLCO_05265__gene,-0.002524393840023992,0.002524393840023992
cnv_depth__IBNLCO_03143__IBNLCO_03143__gene,0.002523351807360391,0.002523351807360391
cnv_depth__IBNLCO_03312__flagellar__CDS__promoter,-0.0025231135087980796,0.0025231135087980796
cnv_depth__IBNLCO_00739__IBNLCO_00739__gene__promoter,0.0025226446199181603,0.0025226446199181603
cnv_depth__IBNLCO_01646__Fimbrial__CDS,0.0025218696937119364,0.0025218696937119364
cnv_depth__IBNLCO_04572__eamA__gene,0.0025171115156592647,0.0025171115156592647
cnv_depth__IBNLCO_00484__IBNLCO_00484__gene,-0.002516398501363388,0.002516398501363388
cnv_depth__IBNLCO_04150__two-component__CDS,-0.0025163282221956004,0.0025163282221956004
cnv_depth__IBNLCO_01988__NRDE__CDS,0.002516109561916421,0.002516109561916421
cnv_depth__IBNLCO_04541__Cobalt-zinc-cadmium__CDS,-0.002516033177572413,0.002516033177572413
cnv_depth__IBNLCO_02678__IBNLCO_02678__gene__promoter,-0.002514108706381112,0.002514108706381112
cnv_depth__IBNLCO_05500__IBNLCO_05500__gene__promoter,-0.0025128102902288512,0.0025128102902288512
cnv_depth__IBNLCO_01716__IBNLCO_01716__gene__promoter,-0.0025112904677422596,0.0025112904677422596
cnv_depth__IBNLCO_01779__IBNLCO_01779__gene,-0.0025098356228511897,0.0025098356228511897
cnv_depth__IBNLCO_03754__gntR__gene__promoter,0.002508394070413006,0.002508394070413006
cnv_depth__IBNLCO_00714__IBNLCO_00714__gene,-0.0025076925008623574,0.0025076925008623574
cnv_depth__IBNLCO_01694__MFS__CDS__promoter,0.002507293262545856,0.002507293262545856
cnv_depth__IBNLCO_04722__NADP-dependent__CDS,0.0025064049463133075,0.0025064049463133075
cnv_depth__IBNLCO_03869__IBNLCO_03869__gene,0.002505930966817499,0.002505930966817499
cnv_depth__IBNLCO_02577__trnS__gene,0.002505080675527224,0.002505080675527224
cnv_depth__IBNLCO_02755__2-dehydro-3-deoxyphosphooctonate__CDS,-0.0025049047819985714,0.0025049047819985714
cnv_depth__IBNLCO_03019__IBNLCO_03019__gene,-0.0025027684719178475,0.0025027684719178475
cnv_depth__IBNLCO_01529__oxoglutarate__CDS__promoter,-0.002501797676897191,0.002501797676897191
cnv_depth__IBNLCO_03030__rrf__gene__promoter,-0.002500652167037223,0.002500652167037223
cnv_depth__IBNLCO_04298__Glutathione__CDS__promoter,-0.0025001293580674683,0.0025001293580674683
cnv_depth__IBNLCO_02775__IBNLCO_02775__gene__promoter,-0.0024992039370249244,0.0024992039370249244
cnv_depth__IBNLCO_02773__wcbQ__gene,-0.0024982613220512974,0.0024982613220512974
cnv_depth__IBNLCO_02311__IBNLCO_02311__gene__promoter,0.0024981165360864165,0.0024981165360864165
cnv_depth__IBNLCO_04618__IBNLCO_04618__gene,-0.002497279745136713,0.002497279745136713
cnv_depth__IBNLCO_04513__HPP__CDS,0.002492759290726057,0.002492759290726057
cnv_depth__IBNLCO_04909__NADPH-dependent__CDS,0.0024919535506185762,0.0024919535506185762
cnv_depth__IBNLCO_02910__ABC__CDS,0.002491555429671351,0.002491555429671351
cnv_depth__IBNLCO_05854__IBNLCO_05854__gene__promoter,-0.0024909603893119715,0.0024909603893119715
cnv_depth__IBNLCO_01699__yfcG__gene,-0.0024903268427733235,0.0024903268427733235
cnv_depth__IBNLCO_00013__IBNLCO_00013__gene,-0.002490289225201969,0.002490289225201969
cnv_depth__IBNLCO_01070__gnl|Bakta|IBNLCO_01070__CDS__promoter,-0.002489655401935594,0.002489655401935594
cnv_depth__IBNLCO_05620__IBNLCO_05620__gene__promoter,0.002488175527638701,0.002488175527638701
cnv_depth__IBNLCO_00679__IBNLCO_00679__gene__promoter,-0.0024880156719416942,0.0024880156719416942
cnv_depth__IBNLCO_00233__Putative__CDS__promoter,-0.002487634961258606,0.002487634961258606
cnv_depth__IBNLCO_04567__Thymidylate__CDS,-0.002486829951642892,0.002486829951642892
cnv_depth__IBNLCO_03249__N-acetyltransferase__CDS__promoter,-0.0024862784891173475,0.0024862784891173475
cnv_depth__IBNLCO_03610__vasK__gene,-0.0024853223652756655,0.0024853223652756655
cnv_depth__IBNLCO_02222__Transmembrane__CDS,-0.002485263856549495,0.002485263856549495
cnv_depth__IBNLCO_00025__LrgB__CDS__promoter,0.0024849865515357917,0.0024849865515357917
cnv_depth__IBNLCO_04356__IBNLCO_04356__gene,-0.002484686168394912,0.002484686168394912
cnv_depth__IBNLCO_02934__IBNLCO_02934__gene,0.002483329026155666,0.002483329026155666
cnv_depth__IBNLCO_04050__IBNLCO_04050__gene,0.0024792345391660303,0.0024792345391660303
cnv_depth__IBNLCO_04489__Histidine__CDS,-0.002478544217832164,0.002478544217832164
cnv_depth__IBNLCO_03315__IBNLCO_03315__gene__promoter,0.0024783373592523104,0.0024783373592523104
cnv_depth__IBNLCO_02073__Nitrate__CDS,-0.0024780236992522067,0.0024780236992522067
cnv_depth__IBNLCO_00216__Stress__CDS,-0.0024766474801773035,0.0024766474801773035
cnv_depth__IBNLCO_00338__IBNLCO_00338__gene,0.002475351901785372,0.002475351901785372
cnv_depth__IBNLCO_04706__uroporphyrinogen-III__CDS__promoter,0.0024747983282920934,0.0024747983282920934
cnv_depth__IBNLCO_01967__HTH-type__CDS__promoter,-0.002474707035489834,0.002474707035489834
cnv_depth__IBNLCO_00823__Major__CDS,-0.002474704279808596,0.002474704279808596
cnv_depth__IBNLCO_01646__IBNLCO_01646__gene__promoter,0.0024737192398585216,0.0024737192398585216
cnv_depth__IBNLCO_04113__IBNLCO_04113__gene__promoter,0.0024734364454591195,0.0024734364454591195
cnv_depth__IBNLCO_02676__IBNLCO_02676__gene,-0.0024722616321467485,0.0024722616321467485
cnv_depth__IBNLCO_00265__negative__CDS,0.0024705832854423526,0.0024705832854423526
cnv_depth__IBNLCO_05631__IBNLCO_05631__gene__promoter,0.002470197353915366,0.002470197353915366
cnv_depth__IBNLCO_02785__wcbF__gene,0.0024700329350400008,0.0024700329350400008
cnv_depth__IBNLCO_00412__HTH__CDS,0.002469965613090993,0.002469965613090993
cnv_depth__IBNLCO_01689__IBNLCO_01689__gene,0.0024692318689210273,0.0024692318689210273
cnv_depth__IBNLCO_04992__Type__CDS,-0.002466355599123194,0.002466355599123194
cnv_depth__IBNLCO_03002__Cell__CDS,0.0024641834083035893,0.0024641834083035893
cnv_depth__IBNLCO_00289__IBNLCO_00289__gene,0.0024617966948565053,0.0024617966948565053
cnv_depth__IBNLCO_03484__IBNLCO_03484__gene__promoter,0.002461343305218925,0.002461343305218925
cnv_depth__IBNLCO_03025__Transcriptional__CDS__promoter,0.0024610656579535702,0.0024610656579535702
cnv_depth__IBNLCO_05393__Cytochrome__CDS__promoter,0.002460549946640739,0.002460549946640739
cnv_depth__IBNLCO_02905__SHSP__CDS,0.0024599661378535676,0.0024599661378535676
cnv_depth__IBNLCO_00111__IBNLCO_00111__gene,0.0024591398963427756,0.0024591398963427756
cnv_depth__IBNLCO_01169__NADH-quinone__CDS,0.0024582365514172243,0.0024582365514172243
cnv_depth__IBNLCO_03282__asnC__gene__promoter,0.0024578877793162415,0.0024578877793162415
cnv_depth__IBNLCO_02181__argininosuccinate__CDS,0.0024572135811851375,0.0024572135811851375
cnv_depth__IBNLCO_00457__IBNLCO_00457__gene,0.0024567723477479414,0.0024567723477479414
cnv_depth__IBNLCO_02855__Protein-export__CDS,0.002455795538412244,0.002455795538412244
cnv_depth__IBNLCO_03630__LysR__CDS__promoter,0.0024539285787188577,0.0024539285787188577
cnv_depth__IBNLCO_05615__Alpha-hydroxy-acid__CDS,0.0024509746011752705,0.0024509746011752705
cnv_depth__IBNLCO_03224__DNA-directed__CDS,0.0024498167724853227,0.0024498167724853227
cnv_depth__IBNLCO_00272__flgG__gene__promoter,0.002449780512751564,0.002449780512751564
cnv_depth__IBNLCO_04477__DoxX__CDS,0.0024497158481598933,0.0024497158481598933
cnv_depth__IBNLCO_04838__IBNLCO_04838__gene,-0.002449630964135966,0.002449630964135966
cnv_depth__IBNLCO_03375__IBNLCO_03375__gene,0.0024474258008994926,0.0024474258008994926
cnv_depth__IBNLCO_03036__IBNLCO_03036__gene__promoter,-0.002444078348521976,0.002444078348521976
cnv_depth__IBNLCO_03446__IBNLCO_03446__gene__promoter,0.0024432413372027706,0.0024432413372027706
cnv_depth__IBNLCO_05734__DUF4142__CDS__promoter,-0.0024424263420332174,0.0024424263420332174
cnv_depth__IBNLCO_03210__IBNLCO_03210__gene__promoter,0.0024420995402953784,0.0024420995402953784
cnv_depth__IBNLCO_04792__IBNLCO_04792__gene__promoter,-0.0024398943188202837,0.0024398943188202837
cnv_depth__IBNLCO_01450__IBNLCO_01450__gene,-0.002438243545158292,0.002438243545158292
cnv_depth__IBNLCO_00814__estB__gene,0.002437902721691283,0.002437902721691283
cnv_depth__IBNLCO_03581__IBNLCO_03581__gene,-0.002437788522783591,0.002437788522783591
cnv_depth__IBNLCO_01249__IBNLCO_01249__gene__promoter,-0.0024372433425339083,0.0024372433425339083
cnv_depth__IBNLCO_01483__IBNLCO_01483__gene,-0.0024366806925889333,0.0024366806925889333
cnv_depth__IBNLCO_00683__IBNLCO_00683__gene,0.002435909310765989,0.002435909310765989
cnv_depth__IBNLCO_00179__mreC__gene,0.0024352751155375203,0.0024352751155375203
cnv_depth__IBNLCO_00444__Thiosulfate__CDS,-0.0024324985492874484,0.0024324985492874484
cnv_depth__IBNLCO_03858__hypothetical__CDS__promoter,0.0024319322023283007,0.0024319322023283007
cnv_depth__IBNLCO_03364__gnl|Bakta|IBNLCO_03364__CDS__promoter,0.002430831687647506,0.002430831687647506
cnv_depth__IBNLCO_00772__Branched-chain__CDS__promoter,-0.0024308272326622757,0.0024308272326622757
cnv_depth__IBNLCO_04349__IBNLCO_04349__gene__promoter,-0.0024304884099130655,0.0024304884099130655
cnv_depth__IBNLCO_02603__Riboflavin__CDS,0.002429068471833704,0.002429068471833704
cnv_depth__IBNLCO_03314__flhD__gene,-0.0024258595180417747,0.0024258595180417747
cnv_depth__IBNLCO_03174__pilM__gene,0.002425413501809667,0.002425413501809667
cnv_depth__IBNLCO_05704__Cation/H+__CDS__promoter,0.0024250597431974166,0.0024250597431974166
cnv_depth__IBNLCO_01204__IBNLCO_01204__gene,0.0024245210843055268,0.0024245210843055268
cnv_depth__IBNLCO_04220__Fusaric__CDS,-0.0024205599116653657,0.0024205599116653657
cnv_depth__IBNLCO_00671__hypothetical__CDS__promoter,0.0024203925596575112,0.0024203925596575112
cnv_depth__IBNLCO_03647__IBNLCO_03647__gene,-0.0024194816252623803,0.0024194816252623803
cnv_depth__IBNLCO_01501__IBNLCO_01501__gene__promoter,-0.0024177253994376014,0.0024177253994376014
cnv_depth__IBNLCO_02954__L-arabinose__CDS,0.0024175895021067,0.0024175895021067
cnv_depth__IBNLCO_03113__IBNLCO_03113__gene,0.002417358968875756,0.002417358968875756
cnv_depth__IBNLCO_00857__Exodeoxyribonuclease__CDS,-0.0024170996903926396,0.0024170996903926396
cnv_depth__IBNLCO_03936__IBNLCO_03936__gene,-0.0024169722508174713,0.0024169722508174713
cnv_depth__IBNLCO_03712__IBNLCO_03712__gene__promoter,0.0024161172859178013,0.0024161172859178013
cnv_depth__IBNLCO_04851__IBNLCO_04851__gene,-0.0024142056244799274,0.0024142056244799274
cnv_depth__IBNLCO_01383__Type__CDS__promoter,-0.0024138172524831272,0.0024138172524831272
cnv_depth__IBNLCO_02041__Twin-arginine__CDS,-0.0024125169132130156,0.0024125169132130156
cnv_depth__IBNLCO_03521__Secondary__CDS__promoter,-0.0024122598435022736,0.0024122598435022736
cnv_depth__IBNLCO_02876__Glutathione__CDS,-0.0024122244219931936,0.0024122244219931936
cnv_depth__IBNLCO_04495__IBNLCO_04495__gene,0.002410458913634549,0.002410458913634549
cnv_depth__IBNLCO_05797__IBNLCO_05797__gene__promoter,0.002410414460724335,0.002410414460724335
cnv_depth__IBNLCO_04193__hypothetical__CDS__promoter,-0.002409640491632101,0.002409640491632101
cnv_depth__IBNLCO_03922__IBNLCO_03922__gene,-0.0024096088949869046,0.0024096088949869046
cnv_depth__IBNLCO_05820__Triacylglycerol__CDS,-0.0024088957938639493,0.0024088957938639493
cnv_depth__IBNLCO_00386__IBNLCO_00386__gene__promoter,-0.00240773572803529,0.00240773572803529
cnv_depth__IBNLCO_05717__mipA__gene,0.002407258612900055,0.002407258612900055
cnv_depth__IBNLCO_04996__GTP__CDS,0.002402303301957752,0.002402303301957752
cnv_depth__IBNLCO_00307__IBNLCO_00307__gene,0.0024017281631287797,0.0024017281631287797
cnv_depth__IBNLCO_00088__YaeQ__CDS__promoter,0.0024006198248016195,0.0024006198248016195
cnv_depth__IBNLCO_03639__Urea__CDS,-0.0023994548471482587,0.0023994548471482587
cnv_depth__IBNLCO_03102__Type__CDS,-0.002395920381353301,0.002395920381353301
cnv_depth__IBNLCO_02089__IBNLCO_02089__gene,0.0023957830556214387,0.0023957830556214387
cnv_depth__IBNLCO_01339__IBNLCO_01339__gene__promoter,0.0023955977515007216,0.0023955977515007216
cnv_depth__IBNLCO_00232__IBNLCO_00232__gene,-0.002395006963481365,0.002395006963481365
cnv_depth__IBNLCO_03092__hlyD__gene,0.002394094973710888,0.002394094973710888
cnv_depth__IBNLCO_01207__IBNLCO_01207__gene,-0.0023926651822363033,0.0023926651822363033
cnv_depth__IBNLCO_00715__IBNLCO_00715__gene,-0.0023924756117435306,0.0023924756117435306
cnv_depth__IBNLCO_02424__3-oxoacyl-[acyl-carrier-protein]__CDS,-0.00239137883193581,0.00239137883193581
cnv_depth__IBNLCO_04191__gntR__gene,0.0023912518399854072,0.0023912518399854072
cnv_depth__IBNLCO_01350__DUF4123__CDS,0.0023909509444134417,0.0023909509444134417
cnv_depth__IBNLCO_02922__Protoporphyrinogen__CDS,-0.0023897083564023433,0.0023897083564023433
cnv_depth__IBNLCO_03426__IBNLCO_03426__gene__promoter,0.002388685427695795,0.002388685427695795
cnv_depth__IBNLCO_04179__IBNLCO_04179__gene__promoter,0.0023838631000521085,0.0023838631000521085
cnv_depth__IBNLCO_01261__IBNLCO_01261__gene__promoter,0.0023833421296811626,0.0023833421296811626
cnv_depth__IBNLCO_04520__IBNLCO_04520__gene,0.0023823794934664465,0.0023823794934664465
cnv_depth__IBNLCO_04932__IBNLCO_04932__gene,-0.0023822042406569776,0.0023822042406569776
cnv_depth__IBNLCO_03605__pvcC__gene,0.0023820399208115497,0.0023820399208115497
cnv_depth__IBNLCO_01885__Purine__CDS__promoter,-0.002381999750176711,0.002381999750176711
cnv_depth__IBNLCO_05644__IBNLCO_05644__gene,0.002381839963613608,0.002381839963613608
cnv_depth__IBNLCO_01459__Methyl-accepting__CDS__promoter,0.002381702926166501,0.002381702926166501
cnv_depth__IBNLCO_02968__IBNLCO_02968__gene,0.0023785461161213678,0.0023785461161213678
cnv_depth__IBNLCO_05517__Transmembrane__CDS__promoter,-0.0023784191299460163,0.0023784191299460163
cnv_depth__IBNLCO_03995__IBNLCO_03995__gene,-0.0023782550747325167,0.0023782550747325167
cnv_depth__IBNLCO_01951__IBNLCO_01951__gene,-0.0023733935889676517,0.0023733935889676517
cnv_depth__IBNLCO_04416__Major__CDS__promoter,-0.002372428484563296,0.002372428484563296
cnv_depth__IBNLCO_02358__IBNLCO_02358__gene__promoter,0.0023718567177023757,0.0023718567177023757
cnv_depth__IBNLCO_04125__IBNLCO_04125__gene__promoter,0.002371643225631836,0.002371643225631836
cnv_depth__IBNLCO_04796__IBNLCO_04796__gene__promoter,-0.002371356142994513,0.002371356142994513
cnv_depth__IBNLCO_03106__IBNLCO_03106__gene,-0.0023704254515063013,0.0023704254515063013
cnv_depth__IBNLCO_05581__IBNLCO_05581__gene__promoter,-0.0023689532364306654,0.0023689532364306654
cnv_depth__IBNLCO_00595__IBNLCO_00595__gene__promoter,-0.0023687171487960378,0.0023687171487960378
cnv_depth__IBNLCO_03696__Sulfate__CDS,0.0023681977830020025,0.0023681977830020025
cnv_depth__IBNLCO_03297__flhA__gene,0.002367205833863877,0.002367205833863877
cnv_depth__IBNLCO_03838__IBNLCO_03838__gene,-0.0023667882753258523,0.0023667882753258523
cnv_depth__IBNLCO_02589__IBNLCO_02589__gene,-0.0023661283150250467,0.0023661283150250467
cnv_depth__IBNLCO_02996__trnP__gene,-0.0023657986086804855,0.0023657986086804855
cnv_depth__IBNLCO_03920__Methyl-accepting__CDS,-0.002365677352518931,0.002365677352518931
cnv_depth__IBNLCO_03859__IBNLCO_03859__gene,0.00236556046408992,0.00236556046408992
cnv_depth__IBNLCO_05851__hypothetical__CDS,0.0023653820288488483,0.0023653820288488483
cnv_depth__IBNLCO_01373__IBNLCO_01373__gene,-0.0023647070665013094,0.0023647070665013094
cnv_depth__IBNLCO_05172__IBNLCO_05172__gene,0.0023643119465830732,0.0023643119465830732
cnv_depth__IBNLCO_03058__Ribosome-binding__CDS__promoter,0.0023626851287676426,0.0023626851287676426
cnv_depth__IBNLCO_04096__gnl|Bakta|IBNLCO_04096__CDS,-0.002362292438815559,0.002362292438815559
cnv_depth__IBNLCO_00610__IBNLCO_00610__gene__promoter,-0.002362191423484006,0.002362191423484006
cnv_depth__IBNLCO_04945__aldehyde__CDS__promoter,0.002361489572811976,0.002361489572811976
cnv_depth__IBNLCO_04840__DUF3761__CDS__promoter,-0.00236072248122221,0.00236072248122221
cnv_depth__IBNLCO_04571__IBNLCO_04571__gene__promoter,0.002359140353970787,0.002359140353970787
cnv_depth__IBNLCO_03394__3-[(3aS%2C4S%2C7aS)-7a-methyl-1%2C__CDS__promoter,0.0023589773147757614,0.0023589773147757614
cnv_depth__IBNLCO_01169__IBNLCO_01169__gene__promoter,0.002358151253135432,0.002358151253135432
cnv_depth__IBNLCO_00075__Beta__CDS__promoter,0.0023568123918522206,0.0023568123918522206
cnv_depth__IBNLCO_02989__IBNLCO_02989__gene,0.0023554019205965795,0.0023554019205965795
cnv_depth__IBNLCO_05516__Outer__CDS__promoter,0.002352444907397039,0.002352444907397039
cnv_depth__IBNLCO_04009__IBNLCO_04009__gene,-0.0023521944314115893,0.0023521944314115893
cnv_depth__IBNLCO_01540__IBNLCO_01540__gene__promoter,-0.0023521569567210164,0.0023521569567210164
cnv_depth__IBNLCO_03244__paaC__gene__promoter,0.0023521168871061026,0.0023521168871061026
cnv_depth__IBNLCO_05537__Acyl-CoA__CDS__promoter,0.0023517830643477703,0.0023517830643477703
cnv_depth__IBNLCO_04639__IBNLCO_04639__gene__promoter,0.002350598267543628,0.002350598267543628
cnv_depth__IBNLCO_02979__IBNLCO_02979__gene__promoter,-0.0023495775743414367,0.0023495775743414367
cnv_depth__IBNLCO_05699__IBNLCO_05699__gene__promoter,0.0023495291937342413,0.0023495291937342413
cnv_depth__IBNLCO_05795__Major__CDS__promoter,0.0023494115837945314,0.0023494115837945314
cnv_depth__IBNLCO_03227__Large__CDS__promoter,0.002348842096112848,0.002348842096112848
cnv_depth__IBNLCO_01864__IBNLCO_01864__gene__promoter,0.0023485415828167922,0.0023485415828167922
cnv_depth__IBNLCO_00977__IBNLCO_00977__gene,0.00234829554363964,0.00234829554363964
cnv_depth__IBNLCO_01935__clpB__gene__promoter,-0.0023468027753854133,0.0023468027753854133
cnv_depth__IBNLCO_04920__Tetratricopeptide__CDS__promoter,0.0023453599632745846,0.0023453599632745846
cnv_depth__IBNLCO_04901__Hydroxypyruvate__CDS,0.002344008372737779,0.002344008372737779
cnv_depth__IBNLCO_01729__IBNLCO_01729__gene__promoter,-0.002343683966790496,0.002343683966790496
cnv_depth__IBNLCO_02829__Pyrroline-5-carboxylate__CDS__promoter,0.0023432349525901856,0.0023432349525901856
cnv_depth__IBNLCO_01930__IBNLCO_01930__gene__promoter,0.0023426154809472193,0.0023426154809472193
cnv_depth__IBNLCO_05696__Amino__CDS,-0.002342322798081623,0.002342322798081623
cnv_depth__IBNLCO_04916__Tash__CDS,0.0023392140989537485,0.0023392140989537485
cnv_depth__IBNLCO_00645__IBNLCO_00645__gene,0.002336532906268507,0.002336532906268507
cnv_depth__IBNLCO_00672__IBNLCO_00672__gene,0.0023356328325552836,0.0023356328325552836
cnv_depth__IBNLCO_00080__IBNLCO_00080__gene__promoter,0.0023340760462468016,0.0023340760462468016
cnv_depth__IBNLCO_02853__Sec__CDS,0.002333430305741161,0.002333430305741161
cnv_depth__IBNLCO_03338__gnl|Bakta|IBNLCO_03338__CDS,0.00233302397791886,0.00233302397791886
cnv_depth__IBNLCO_02916__Adenylosuccinate__CDS,0.0023291394536067225,0.0023291394536067225
cnv_depth__IBNLCO_05029__Type__CDS,-0.0023267068642749502,0.0023267068642749502
cnv_depth__IBNLCO_00972__IBNLCO_00972__gene,0.002325946763530454,0.002325946763530454
cnv_depth__IBNLCO_05696__Amino__CDS__promoter,-0.002324929384122649,0.002324929384122649
cnv_depth__IBNLCO_00223__fliI__gene,0.002322734589145285,0.002322734589145285
cnv_depth__IBNLCO_04257__lsrC__gene__promoter,-0.0023224405128791786,0.0023224405128791786
cnv_depth__IBNLCO_00746__Regulatory__CDS,-0.00232138417542687,0.00232138417542687
cnv_depth__IBNLCO_04510__IBNLCO_04510__gene,-0.002320466448950252,0.002320466448950252
cnv_depth__IBNLCO_02445__LUD__CDS,0.002320356451656904,0.002320356451656904
cnv_depth__IBNLCO_04746__L-threonine__CDS,-0.002320270501985065,0.002320270501985065
cnv_depth__IBNLCO_00555__IBNLCO_00555__gene,0.00231996478669656,0.00231996478669656
cnv_depth__IBNLCO_05850__Arsenate__CDS,0.002317743773965926,0.002317743773965926
cnv_depth__IBNLCO_04488__DUF1453__CDS,0.00231562664132395,0.00231562664132395
cnv_depth__IBNLCO_05090__hypothetical__CDS,-0.0023151626914687333,0.0023151626914687333
cnv_depth__IBNLCO_03464__HTH__CDS,0.0023150121118145637,0.0023150121118145637
cnv_depth__IBNLCO_00425__IBNLCO_00425__gene,0.002313882761090056,0.002313882761090056
cnv_depth__IBNLCO_02154__IBNLCO_02154__gene,0.0023123729923564644,0.0023123729923564644
cnv_depth__IBNLCO_03498__IBNLCO_03498__gene__promoter,-0.0023119702991511656,0.0023119702991511656
cnv_depth__IBNLCO_00871__NADP-dependent__CDS__promoter,0.0023112209375923385,0.0023112209375923385
cnv_depth__IBNLCO_03378__padR__gene__promoter,0.002309750553695019,0.002309750553695019
cnv_depth__IBNLCO_02275__IBNLCO_02275__gene,-0.0023088233658894856,0.0023088233658894856
cnv_depth__IBNLCO_00582__IBNLCO_00582__gene__promoter,0.0023075855500575807,0.0023075855500575807
cnv_depth__IBNLCO_05484__IBNLCO_05484__gene,-0.0023074654474670186,0.0023074654474670186
cnv_depth__IBNLCO_05496__Sensor__CDS,-0.0023064603016323217,0.0023064603016323217
cnv_depth__IBNLCO_00628__IBNLCO_00628__gene,-0.0023041979134977952,0.0023041979134977952
cnv_depth__IBNLCO_01304__IBNLCO_01304__gene__promoter,0.0023032595774120234,0.0023032595774120234
cnv_depth__IBNLCO_03160__Glutamate__CDS,-0.0023016846160484952,0.0023016846160484952
cnv_depth__IBNLCO_02793__manC__gene,-0.002301368977050569,0.002301368977050569
cnv_depth__IBNLCO_00064__IBNLCO_00064__gene,-0.0022982437430207935,0.0022982437430207935
cnv_depth__IBNLCO_01270__LysR__CDS,-0.0022972729400826696,0.0022972729400826696
cnv_depth__IBNLCO_01126__gnl|Bakta|IBNLCO_01126__CDS,-0.0022968562739342515,0.0022968562739342515
cnv_depth__IBNLCO_01160__NADH-quinone__CDS,-0.002296741557361047,0.002296741557361047
cnv_depth__IBNLCO_05073__hypothetical__CDS,-0.0022965516234016653,0.0022965516234016653
cnv_depth__IBNLCO_05668__IBNLCO_05668__gene,0.002296351458909262,0.002296351458909262
cnv_depth__IBNLCO_04946__IBNLCO_04946__gene,-0.002294109369687817,0.002294109369687817
cnv_depth__IBNLCO_04761__IBNLCO_04761__gene,-0.0022932158809522785,0.0022932158809522785
cnv_depth__IBNLCO_05052__tauC__gene__promoter,0.0022928272276700346,0.0022928272276700346
cnv_depth__IBNLCO_03844__IBNLCO_03844__gene__promoter,0.002292718922581744,0.002292718922581744
cnv_depth__IBNLCO_03473__IBNLCO_03473__gene__promoter,0.002292301801744883,0.002292301801744883
cnv_depth__IBNLCO_03802__IBNLCO_03802__gene,0.0022913354142092986,0.0022913354142092986
cnv_depth__IBNLCO_03734__davT__gene,0.0022907454020006032,0.0022907454020006032
cnv_depth__IBNLCO_05106__HrpB1__CDS,-0.0022886516055961688,0.0022886516055961688
cnv_depth__IBNLCO_05329__UDP-glucose__CDS,-0.002288463454169743,0.002288463454169743
cnv_depth__IBNLCO_01375__IBNLCO_01375__gene,-0.0022884064941269904,0.0022884064941269904
cnv_depth__IBNLCO_02898__gnl|Bakta|IBNLCO_02898__CDS__promoter,-0.0022883861041717406,0.0022883861041717406
cnv_depth__IBNLCO_05529__IBNLCO_05529__gene,-0.002287708607458851,0.002287708607458851
cnv_depth__IBNLCO_03966__IBNLCO_03966__gene,0.002285303747844293,0.002285303747844293
cnv_depth__IBNLCO_01555__hypothetical__CDS__promoter,-0.002285221499986759,0.002285221499986759
cnv_depth__IBNLCO_03104__Type__CDS,0.0022845523355256177,0.0022845523355256177
cnv_depth__IBNLCO_04042__isochorismate__CDS__promoter,0.0022828603793925094,0.0022828603793925094
cnv_depth__IBNLCO_02935__IBNLCO_02935__gene,0.0022823899744062364,0.0022823899744062364
cnv_depth__IBNLCO_01557__IBNLCO_01557__gene__promoter,-0.0022823707678685957,0.0022823707678685957
cnv_depth__IBNLCO_00063__enoyl-CoA__CDS,0.0022815465159258816,0.0022815465159258816
cnv_depth__IBNLCO_01258__LacI__CDS,-0.0022800927004727337,0.0022800927004727337
cnv_depth__IBNLCO_01888__DNA__CDS,0.0022788041456784126,0.0022788041456784126
cnv_depth__IBNLCO_04423__IBNLCO_04423__gene__promoter,0.002278603734736373,0.002278603734736373
cnv_depth__IBNLCO_04655__Syringopeptin__CDS__promoter,-0.002278065944484684,0.002278065944484684
cnv_depth__IBNLCO_03622__Type__CDS,0.002277856367800471,0.002277856367800471
cnv_depth__IBNLCO_02783__wcbH__gene,0.002276930669255318,0.002276930669255318
cnv_depth__IBNLCO_03501__IBNLCO_03501__gene__promoter,0.0022768241096699274,0.0022768241096699274
cnv_depth__IBNLCO_02747__tolB__gene,0.0022764517960535907,0.0022764517960535907
cnv_depth__IBNLCO_02083__DNA__CDS,0.0022755409068548186,0.0022755409068548186
cnv_depth__IBNLCO_04270__IBNLCO_04270__gene__promoter,0.002272049831275286,0.002272049831275286
cnv_depth__IBNLCO_01718__EamA__CDS__promoter,0.002271393612958044,0.002271393612958044
cnv_depth__IBNLCO_05816__Oxygen__CDS__promoter,-0.0022712889843644075,0.0022712889843644075
cnv_depth__IBNLCO_03633__O-acetylhomoserine/O-acetylserine__CDS,0.0022703408601547027,0.0022703408601547027
cnv_depth__IBNLCO_04743__IBNLCO_04743__gene__promoter,-0.0022689581330221026,0.0022689581330221026
cnv_depth__IBNLCO_04249__Vanillin__CDS__promoter,-0.0022679869867177735,0.0022679869867177735
cnv_depth__IBNLCO_01856__IBNLCO_01856__gene,-0.0022652833683131503,0.0022652833683131503
cnv_depth__IBNLCO_04128__DUF1653__CDS,0.0022643887873814304,0.0022643887873814304
cnv_depth__IBNLCO_02064__8-oxoguanine__CDS,-0.002263689436364999,0.002263689436364999
cnv_depth__IBNLCO_00359__Sodium%2C__CDS,-0.002262748587133025,0.002262748587133025
cnv_depth__IBNLCO_00822__2-dehydropantoate__CDS,-0.0022617837785485735,0.0022617837785485735
cnv_depth__IBNLCO_01686__IBNLCO_01686__gene__promoter,-0.0022614963443439015,0.0022614963443439015
cnv_depth__IBNLCO_02173__Enoyl-[acyl-carrier-protein]__CDS,-0.00226046202303251,0.00226046202303251
cnv_depth__IBNLCO_05056__bcsR__gene,-0.0022602134496792358,0.0022602134496792358
cnv_depth__IBNLCO_03405__putative__CDS,0.0022600669076454534,0.0022600669076454534
cnv_depth__IBNLCO_02229__Tryptophan--tRNA__CDS,-0.0022567451722595023,0.0022567451722595023
cnv_depth__IBNLCO_01310__greA__gene__promoter,-0.0022563733085018017,0.0022563733085018017
cnv_depth__IBNLCO_04536__gnl|Bakta|IBNLCO_04536__CDS,-0.00225624028965402,0.00225624028965402
cnv_depth__IBNLCO_05841__Presqualene__CDS__promoter,-0.002255621757725098,0.002255621757725098
cnv_depth__IBNLCO_01500__Integration__CDS__promoter,-0.002252684557238561,0.002252684557238561
cnv_depth__IBNLCO_02019__tRNA-Val(tac)__tRNA,-0.002252562392023261,0.002252562392023261
cnv_depth__IBNLCO_01327__Membrane__CDS,-0.002250219664302472,0.002250219664302472
cnv_depth__IBNLCO_05590__Type__CDS__promoter,-0.00224998327582212,0.00224998327582212
cnv_depth__IBNLCO_03456__IBNLCO_03456__gene,0.0022495105584112813,0.0022495105584112813
cnv_depth__IBNLCO_04249__IBNLCO_04249__gene,0.0022474381906131577,0.0022474381906131577
cnv_depth__IBNLCO_03645__IBNLCO_03645__gene__promoter,0.002246033716363843,0.002246033716363843
cnv_depth__IBNLCO_03201__Large__CDS,0.0022459752678488185,0.0022459752678488185
cnv_depth__IBNLCO_03807__IBNLCO_03807__gene,-0.002245143133608358,0.002245143133608358
cnv_depth__IBNLCO_04705__Nitrate/nitrite__CDS,0.0022445486861060425,0.0022445486861060425
cnv_depth__IBNLCO_04511__Voltage-gated__CDS,-0.0022443031948350847,0.0022443031948350847
cnv_depth__IBNLCO_02274__IBNLCO_02274__gene,0.0022431370836029237,0.0022431370836029237
cnv_depth__IBNLCO_03482__4-hydroxybenzoate__CDS,-0.0022380925393611396,0.0022380925393611396
cnv_depth__IBNLCO_02943__VOC__CDS,-0.0022370152151316818,0.0022370152151316818
cnv_depth__IBNLCO_03947__IBNLCO_03947__gene__promoter,0.002236811664633143,0.002236811664633143
cnv_depth__IBNLCO_04625__IBNLCO_04625__gene,-0.0022363165334911782,0.0022363165334911782
cnv_depth__IBNLCO_01120__IBNLCO_01120__gene,-0.002235695206081811,0.002235695206081811
cnv_depth__IBNLCO_03454__IBNLCO_03454__gene,-0.0022349769641008175,0.0022349769641008175
cnv_depth__IBNLCO_03831__IBNLCO_03831__gene__promoter,-0.0022323843358948,0.0022323843358948
cnv_depth__IBNLCO_04865__type__CDS__promoter,-0.002231935366734432,0.002231935366734432
cnv_depth__IBNLCO_03865__hypothetical__CDS,0.0022319224750352545,0.0022319224750352545
cnv_depth__IBNLCO_00994__IBNLCO_00994__gene__promoter,-0.002227989441556382,0.002227989441556382
cnv_depth__IBNLCO_02126__Bifunctional__CDS,-0.0022275948886439534,0.0022275948886439534
cnv_depth__IBNLCO_04798__IBNLCO_04798__gene,0.002227574268121755,0.002227574268121755
cnv_depth__IBNLCO_02029__IBNLCO_02029__gene,0.0022275414675458093,0.0022275414675458093
cnv_depth__IBNLCO_04618__Nitrate__CDS__promoter,0.002227348191504369,0.002227348191504369
cnv_depth__IBNLCO_00879__clpS__gene,-0.0022259638398021233,0.0022259638398021233
cnv_depth__IBNLCO_00575__IBNLCO_00575__gene,0.002224187157801286,0.002224187157801286
cnv_depth__IBNLCO_05444__IBNLCO_05444__gene,0.002221665412961117,0.002221665412961117
cnv_depth__IBNLCO_01642__oprM__gene__promoter,0.002221578044832432,0.002221578044832432
cnv_depth__IBNLCO_02076__IBNLCO_02076__gene,0.0022201719086861957,0.0022201719086861957
cnv_depth__IBNLCO_01978__ATPase__CDS,-0.0022192140617156215,0.0022192140617156215
cnv_depth__IBNLCO_03022__ftsI__gene,0.002218701470579019,0.002218701470579019
cnv_depth__IBNLCO_02868__IBNLCO_02868__gene__promoter,0.0022179221765129312,0.0022179221765129312
cnv_depth__IBNLCO_04200__Methylaspartate__CDS,-0.002217646575873444,0.002217646575873444
cnv_depth__IBNLCO_02981__Vitamin__CDS__promoter,-0.0022157379046949316,0.0022157379046949316
cnv_depth__IBNLCO_01159__IBNLCO_01159__gene__promoter,0.002214981693886063,0.002214981693886063
cnv_depth__IBNLCO_04549__YbaK/aminoacyl-tRNA__CDS,0.002213999374760447,0.002213999374760447
cnv_depth__IBNLCO_03703__IBNLCO_03703__gene__promoter,-0.0022129964587451205,0.0022129964587451205
cnv_depth__IBNLCO_04781__HTH-type__CDS,-0.0022122572477242,0.0022122572477242
cnv_depth__IBNLCO_03915__RND__CDS__promoter,-0.0022095754992365276,0.0022095754992365276
cnv_depth__IBNLCO_03200__Large__CDS__promoter,0.002209398226533985,0.002209398226533985
cnv_depth__IBNLCO_05783__IBNLCO_05783__gene__promoter,-0.002208899212806623,0.002208899212806623
cnv_depth__IBNLCO_04583__Anaphase-promoting__CDS,-0.0022056073773007788,0.0022056073773007788
cnv_depth__IBNLCO_04525__gnl|Bakta|IBNLCO_04525__CDS,-0.002205160773915915,0.002205160773915915
cnv_depth__IBNLCO_02146__IBNLCO_02146__gene__promoter,-0.0022050401692299483,0.0022050401692299483
cnv_depth__IBNLCO_02606__nusB__gene__promoter,0.0022046673371844947,0.0022046673371844947
cnv_depth__IBNLCO_03342__IBNLCO_03342__gene,0.0022028674214213634,0.0022028674214213634
cnv_depth__IBNLCO_05413__Metal-dependent__CDS__promoter,0.0021995581154772748,0.0021995581154772748
cnv_depth__IBNLCO_03732__IBNLCO_03732__gene__promoter,-0.002199022875335246,0.002199022875335246
cnv_depth__IBNLCO_03169__IBNLCO_03169__gene,-0.0021984657916181067,0.0021984657916181067
cnv_depth__IBNLCO_03396__ATP__CDS__promoter,0.002195294820793766,0.002195294820793766
cnv_depth__IBNLCO_00318__IBNLCO_00318__gene__promoter,-0.0021949196653526432,0.0021949196653526432
cnv_depth__IBNLCO_00074__IBNLCO_00074__gene,0.0021939772769317702,0.0021939772769317702
cnv_depth__IBNLCO_05511__IBNLCO_05511__gene__promoter,0.0021921971746868205,0.0021921971746868205
cnv_depth__IBNLCO_03072__IBNLCO_03072__gene,0.0021912710731022537,0.0021912710731022537
cnv_depth__IBNLCO_02212__IBNLCO_02212__gene,-0.0021888578137057367,0.0021888578137057367
cnv_depth__IBNLCO_00742__nanT__gene__promoter,0.0021878705121065943,0.0021878705121065943
cnv_depth__IBNLCO_02079__Major__CDS,-0.0021861580757136095,0.0021861580757136095
cnv_depth__IBNLCO_04707__Histidine__CDS__promoter,0.0021848221696911707,0.0021848221696911707
cnv_depth__IBNLCO_04116__hypothetical__CDS,0.0021831882623383377,0.0021831882623383377
cnv_depth__IBNLCO_01933__IBNLCO_01933__gene__promoter,-0.0021813982265640325,0.0021813982265640325
cnv_depth__IBNLCO_02541__IBNLCO_02541__gene,-0.0021805945087225065,0.0021805945087225065
cnv_depth__IBNLCO_00052__IBNLCO_00052__gene__promoter,0.0021805933784879044,0.0021805933784879044
cnv_depth__IBNLCO_00095__IBNLCO_00095__gene,0.002179497054144348,0.002179497054144348
cnv_depth__IBNLCO_00055__Glucose-methanol-choline__CDS,0.002179035399623706,0.002179035399623706
cnv_depth__IBNLCO_00711__IBNLCO_00711__gene__promoter,-0.0021781553514010348,0.0021781553514010348
cnv_depth__IBNLCO_02530__IBNLCO_02530__gene__promoter,-0.002178006975972955,0.002178006975972955
cnv_depth__IBNLCO_05431__Putative__CDS__promoter,-0.002177633938447051,0.002177633938447051
cnv_depth__IBNLCO_02203__Outer__CDS,0.002176837058613493,0.002176837058613493
cnv_depth__IBNLCO_05770__IBNLCO_05770__gene__promoter,-0.0021766104665527494,0.0021766104665527494
cnv_depth__IBNLCO_01121__IBNLCO_01121__gene,-0.002175747025163135,0.002175747025163135
cnv_depth__IBNLCO_03929__Gamma-glutamylputrescine__CDS,0.0021740152688513384,0.0021740152688513384
cnv_depth__IBNLCO_03820__IBNLCO_03820__gene,0.0021737056178179454,0.0021737056178179454
cnv_depth__IBNLCO_00578__IBNLCO_00578__gene__promoter,0.0021731317608959457,0.0021731317608959457
cnv_depth__IBNLCO_03498__UvrABC__CDS,-0.0021726056951600235,0.0021726056951600235
cnv_depth__IBNLCO_02732__IBNLCO_02732__gene,-0.002172482529917641,0.002172482529917641
cnv_depth__IBNLCO_00281__IBNLCO_00281__gene,-0.002171518479352213,0.002171518479352213
cnv_depth__IBNLCO_01581__IBNLCO_01581__gene__promoter,-0.002169824930709723,0.002169824930709723
cnv_depth__IBNLCO_03732__IBNLCO_03732__gene,0.0021690378587188334,0.0021690378587188334
cnv_depth__IBNLCO_03457__Cytochrome__CDS__promoter,0.0021674390754814637,0.0021674390754814637
cnv_depth__IBNLCO_01437__IBNLCO_01437__gene,0.002166741391031815,0.002166741391031815
cnv_depth__IBNLCO_02099__IBNLCO_02099__gene,-0.0021665527368072315,0.0021665527368072315
cnv_depth__IBNLCO_04968__Copper-containing__CDS,0.002166391785051181,0.002166391785051181
cnv_depth__IBNLCO_01850__IBNLCO_01850__gene,-0.002166275852256257,0.002166275852256257
cnv_depth__IBNLCO_04655__IBNLCO_04655__gene,0.0021660994129542466,0.0021660994129542466
cnv_depth__IBNLCO_00584__IBNLCO_00584__gene,0.0021630511994131345,0.0021630511994131345
cnv_depth__IBNLCO_05227__ydcV__gene,0.0021630278219944964,0.0021630278219944964
cnv_depth__IBNLCO_04702__IBNLCO_04702__gene__promoter,-0.0021630254092142066,0.0021630254092142066
cnv_depth__IBNLCO_03596__Solute-binding__CDS__promoter,0.002162721526683666,0.002162721526683666
cnv_depth__IBNLCO_00443__IBNLCO_00443__gene,0.002161664616397787,0.002161664616397787
cnv_depth__IBNLCO_01900__GTPase__CDS,-0.0021604767378716615,0.0021604767378716615
cnv_depth__IBNLCO_03130__Transmembrane__CDS__promoter,0.0021597920813280443,0.0021597920813280443
cnv_depth__IBNLCO_02754__hypothetical__CDS,-0.002159696295047947,0.002159696295047947
cnv_depth__IBNLCO_03068__IBNLCO_03068__gene,-0.0021580266524295383,0.0021580266524295383
cnv_depth__IBNLCO_01464__IBNLCO_01464__gene,0.0021579699253497443,0.0021579699253497443
cnv_depth__IBNLCO_01382__hypothetical__CDS__promoter,0.0021573531073314166,0.0021573531073314166
cnv_depth__IBNLCO_05371__Chemotaxis__CDS__promoter,-0.0021568537842200555,0.0021568537842200555
cnv_depth__IBNLCO_05597__IBNLCO_05597__gene__promoter,-0.00215587834944416,0.00215587834944416
cnv_depth__IBNLCO_03841__IBNLCO_03841__gene,-0.0021528687197364497,0.0021528687197364497
cnv_depth__IBNLCO_02086__IBNLCO_02086__gene__promoter,0.0021526887314440918,0.0021526887314440918
cnv_depth__IBNLCO_04319__IBNLCO_04319__gene,0.0021526801530932687,0.0021526801530932687
cnv_depth__IBNLCO_03211__IBNLCO_03211__gene__promoter,0.0021520259830860545,0.0021520259830860545
cnv_depth__IBNLCO_05795__Major__CDS,-0.0021515516734021286,0.0021515516734021286
cnv_depth__IBNLCO_05069__IBNLCO_05069__gene,0.002150376915339719,0.002150376915339719
cnv_depth__IBNLCO_03360__Glycine__CDS,-0.0021502121490505214,0.0021502121490505214
cnv_depth__IBNLCO_05690__Type__CDS,-0.0021489284731256437,0.0021489284731256437
cnv_depth__IBNLCO_00308__IBNLCO_00308__gene__promoter,0.0021470895894871184,0.0021470895894871184
cnv_depth__IBNLCO_01652__AraC__CDS,0.002147030385005198,0.002147030385005198
cnv_depth__IBNLCO_01050__IBNLCO_01050__gene,-0.0021464308779099482,0.0021464308779099482
cnv_depth__IBNLCO_05501__IBNLCO_05501__gene__promoter,-0.002145439464266274,0.002145439464266274
cnv_depth__IBNLCO_00396__IBNLCO_00396__gene,-0.0021453727867636464,0.0021453727867636464
cnv_depth__IBNLCO_04296__Class__CDS,-0.0021443605416166253,0.0021443605416166253
cnv_depth__IBNLCO_04898__3-oxo-tetronate__CDS,0.002143701595992215,0.002143701595992215
cnv_depth__IBNLCO_02431__IBNLCO_02431__gene,-0.0021400392185669794,0.0021400392185669794
cnv_depth__IBNLCO_03836__exbB__gene__promoter,0.002137800344085983,0.002137800344085983
cnv_depth__IBNLCO_00594__IBNLCO_00594__gene,-0.00213780028044063,0.00213780028044063
cnv_depth__IBNLCO_03454__NADPH-dependent__CDS__promoter,-0.002133457424518953,0.002133457424518953
cnv_depth__IBNLCO_01260__IBNLCO_01260__gene__promoter,-0.002131829693389874,0.002131829693389874
cnv_depth__IBNLCO_00002__IBNLCO_00002__gene,0.0021304525326117686,0.0021304525326117686
cnv_depth__IBNLCO_02779__wcbL__gene,-0.0021292015687725593,0.0021292015687725593
cnv_depth__IBNLCO_04940__IBNLCO_04940__gene__promoter,-0.00212904401793619,0.00212904401793619
cnv_depth__IBNLCO_00305__TPM__CDS__promoter,-0.0021286171557898747,0.0021286171557898747
cnv_depth__IBNLCO_05640__IBNLCO_05640__gene,0.002128542860429572,0.002128542860429572
cnv_depth__IBNLCO_03382__Aspartate__CDS__promoter,0.002127858884782464,0.002127858884782464
cnv_depth__IBNLCO_02119__Phosphatidate__CDS__promoter,-0.002127856094067001,0.002127856094067001
cnv_depth__IBNLCO_05627__IBNLCO_05627__gene,0.0021273949966217664,0.0021273949966217664
cnv_depth__IBNLCO_04200__Methylaspartate__CDS__promoter,0.0021253937008676813,0.0021253937008676813
cnv_depth__IBNLCO_02733__Putative__CDS,-0.0021250923563971426,0.0021250923563971426
cnv_depth__IBNLCO_04623__IBNLCO_04623__gene,0.0021245700529561443,0.0021245700529561443
cnv_depth__IBNLCO_03637__Allantoin__CDS__promoter,0.002123662354545788,0.002123662354545788
cnv_depth__IBNLCO_04806__IBNLCO_04806__gene__promoter,0.0021197269217233966,0.0021197269217233966
cnv_depth__IBNLCO_03312__flagellar__CDS,0.0021194933671635236,0.0021194933671635236
cnv_depth__IBNLCO_03447__IBNLCO_03447__gene__promoter,-0.0021188395195935123,0.0021188395195935123
cnv_depth__IBNLCO_04165__ABC__CDS__promoter,-0.002116298415493689,0.002116298415493689
cnv_depth__IBNLCO_05112__hrpB7__gene__promoter,0.002115234951723377,0.002115234951723377
cnv_depth__IBNLCO_03434__IBNLCO_03434__gene,0.0021142988468409825,0.0021142988468409825
cnv_depth__IBNLCO_03321__IBNLCO_03321__gene,0.002113222232276955,0.002113222232276955
cnv_depth__IBNLCO_04689__IBNLCO_04689__gene__promoter,0.0021132220894482944,0.0021132220894482944
cnv_depth__IBNLCO_03392__IBNLCO_03392__gene,0.002111068025760639,0.002111068025760639
cnv_depth__IBNLCO_01012__NadR/Ttd14__CDS__promoter,-0.00211080788200171,0.00211080788200171
cnv_depth__IBNLCO_02097__IBNLCO_02097__gene__promoter,-0.0021107488244504935,0.0021107488244504935
cnv_depth__IBNLCO_00282__IBNLCO_00282__gene__promoter,0.0021102984385039316,0.0021102984385039316
cnv_depth__IBNLCO_02758__Serine__CDS__promoter,-0.0021100829970433616,0.0021100829970433616
cnv_depth__IBNLCO_00288__IBNLCO_00288__gene__promoter,0.0021099334520511713,0.0021099334520511713
cnv_depth__IBNLCO_03048__Anthranilate__CDS__promoter,-0.0021095378568874025,0.0021095378568874025
cnv_depth__IBNLCO_03868__hypothetical__CDS,-0.00210877842701619,0.00210877842701619
cnv_depth__IBNLCO_01987__Glycine__CDS__promoter,-0.00210855775628685,0.00210855775628685
cnv_depth__IBNLCO_02236__IBNLCO_02236__gene,0.0021079619676100513,0.0021079619676100513
cnv_depth__IBNLCO_04545__IBNLCO_04545__gene,-0.0021071636477782655,0.0021071636477782655
cnv_depth__IBNLCO_02122__Uridylate__CDS,-0.002102667964742463,0.002102667964742463
cnv_depth__IBNLCO_02111__IBNLCO_02111__gene__promoter,0.002100838017610544,0.002100838017610544
cnv_depth__IBNLCO_05374__histidine__CDS__promoter,0.0021005181038745483,0.0021005181038745483
cnv_depth__IBNLCO_01684__IBNLCO_01684__gene,0.0021002032905907946,0.0021002032905907946
cnv_depth__IBNLCO_01096__IBNLCO_01096__gene,0.002100038089824592,0.002100038089824592
cnv_depth__IBNLCO_02010__gnl|Bakta|IBNLCO_02010__CDS,0.0020989574520465216,0.0020989574520465216
cnv_depth__IBNLCO_01975__hypothetical__CDS__promoter,0.0020954118267465884,0.0020954118267465884
cnv_depth__IBNLCO_01455__IBNLCO_01455__gene,-0.002094452827512237,0.002094452827512237
cnv_depth__IBNLCO_03402__ATP__CDS__promoter,-0.002093666113247827,0.002093666113247827
cnv_depth__IBNLCO_04290__peptidoglycan__CDS,0.0020935627337637826,0.0020935627337637826
cnv_depth__IBNLCO_03078__IBNLCO_03078__gene__promoter,0.0020908120042154093,0.0020908120042154093
cnv_depth__IBNLCO_00504__IBNLCO_00504__gene,-0.0020905398664033278,0.0020905398664033278
cnv_depth__IBNLCO_03474__hypothetical__CDS,-0.002089505848280932,0.002089505848280932
cnv_depth__IBNLCO_04206__IBNLCO_04206__gene,0.0020892450960968228,0.0020892450960968228
cnv_depth__IBNLCO_02602__Riboflavin__CDS,-0.0020889500437640926,0.0020889500437640926
cnv_depth__IBNLCO_02145__Hydroxymethylpyrimidine/phosphomethylpyrimidine__CDS__promoter,-0.002085894964836189,0.002085894964836189
cnv_depth__IBNLCO_00046__Branched-chain__CDS,-0.0020858715119999784,0.0020858715119999784
cnv_depth__IBNLCO_04048__IBNLCO_04048__gene,0.0020853756146216496,0.0020853756146216496
cnv_depth__IBNLCO_04907__Glycine__CDS,0.002083396862825522,0.002083396862825522
cnv_depth__IBNLCO_00989__Aldehyde__CDS__promoter,-0.00208302658391196,0.00208302658391196
cnv_depth__IBNLCO_04834__IBNLCO_04834__gene,-0.0020829897993299815,0.0020829897993299815
cnv_depth__IBNLCO_03048__IBNLCO_03048__gene,0.0020820629032652885,0.0020820629032652885
cnv_depth__IBNLCO_03821__3-hydroxybutyrate__CDS__promoter,-0.0020810687845322163,0.0020810687845322163
cnv_depth__IBNLCO_02001__yciB__gene__promoter,0.0020802821580205625,0.0020802821580205625
cnv_depth__IBNLCO_04314__Universal__CDS,-0.002079413857216141,0.002079413857216141
cnv_depth__IBNLCO_03978__Type__CDS__promoter,-0.002078166776446007,0.002078166776446007
cnv_depth__IBNLCO_01889__DUF465__CDS,0.0020780022370112273,0.0020780022370112273
cnv_depth__IBNLCO_03858__hypothetical__CDS,0.0020762764868061437,0.0020762764868061437
cnv_depth__IBNLCO_03429__IBNLCO_03429__gene__promoter,0.002074187736224665,0.002074187736224665
cnv_depth__IBNLCO_03670__IBNLCO_03670__gene__promoter,0.0020736762836172573,0.0020736762836172573
cnv_depth__IBNLCO_05180__Bp2_287__gene__promoter,-0.002071992919593662,0.002071992919593662
cnv_depth__IBNLCO_05006__bapA__gene__promoter,-0.0020718825633668637,0.0020718825633668637
cnv_depth__IBNLCO_02112__IBNLCO_02112__gene,-0.0020718120878312507,0.0020718120878312507
cnv_depth__IBNLCO_04576__Glutamyl-tRNA__CDS__promoter,-0.0020691424252934193,0.0020691424252934193
cnv_depth__IBNLCO_03956__IBNLCO_03956__gene,0.0020686756948498685,0.0020686756948498685
cnv_depth__IBNLCO_04604__hypothetical__CDS,-0.002068571625295247,0.002068571625295247
cnv_depth__IBNLCO_02215__Serine__CDS__promoter,0.0020683335083994158,0.0020683335083994158
cnv_depth__IBNLCO_04298__IBNLCO_04298__gene,-0.0020665774064384094,0.0020665774064384094
cnv_depth__IBNLCO_00724__Oxidoreductase__CDS__promoter,-0.0020651457325558823,0.0020651457325558823
cnv_depth__IBNLCO_02502__Lipopolysaccharide__CDS,0.002064228798832784,0.002064228798832784
cnv_depth__IBNLCO_02340__hypothetical__CDS__promoter,0.0020638832542713773,0.0020638832542713773
cnv_depth__IBNLCO_04943__NADPH--hemoprotein__CDS,-0.00206209390428383,0.00206209390428383
cnv_depth__IBNLCO_04762__IBNLCO_04762__gene__promoter,0.002060810978359874,0.002060810978359874
cnv_depth__IBNLCO_04542__IBNLCO_04542__gene,0.002060388045140167,0.002060388045140167
cnv_depth__IBNLCO_00507__rpoH__gene,-0.0020601543409329856,0.0020601543409329856
cnv_depth__IBNLCO_01970__2-hydoxy-3-oxopropionate__CDS,-0.002059016057992182,0.002059016057992182
cnv_depth__IBNLCO_03165__ugpE__gene,-0.002058576738823247,0.002058576738823247
cnv_depth__IBNLCO_01248__eamA__gene__promoter,0.0020572868288786426,0.0020572868288786426
cnv_depth__IBNLCO_05010__bipB__gene__promoter,-0.0020566009284208485,0.0020566009284208485
cnv_depth__IBNLCO_05270__IBNLCO_05270__gene,-0.0020556093133593553,0.0020556093133593553
cnv_depth__IBNLCO_03243__IBNLCO_03243__gene,0.0020538648317797903,0.0020538648317797903
cnv_depth__IBNLCO_00947__ABC__CDS,0.00205323969984009,0.00205323969984009
cnv_depth__IBNLCO_05432__ABC3__CDS,-0.00205235751496376,0.00205235751496376
cnv_depth__IBNLCO_00243__hypothetical__CDS__promoter,-0.002051984410541562,0.002051984410541562
cnv_depth__IBNLCO_03268__pilT__gene,0.0020508505726377466,0.0020508505726377466
cnv_depth__IBNLCO_00244__IBNLCO_00244__gene__promoter,-0.002050056798572784,0.002050056798572784
cnv_depth__IBNLCO_05246__IBNLCO_05246__gene,0.0020497201466356846,0.0020497201466356846
cnv_depth__IBNLCO_04203__2%2C4-dihydroxyacetophenone__CDS,-0.002048608593246432,0.002048608593246432
cnv_depth__IBNLCO_05687__TadE-like__CDS,-0.0020483152439644803,0.0020483152439644803
cnv_depth__IBNLCO_03698__IBNLCO_03698__gene,0.0020473928987852007,0.0020473928987852007
cnv_depth__IBNLCO_03165__sn-glycerol-3-phosphate__CDS__promoter,0.0020468192761734943,0.0020468192761734943
cnv_depth__IBNLCO_00112__IBNLCO_00112__gene,0.002045319166841559,0.002045319166841559
cnv_depth__IBNLCO_00219__Acyl-CoA__CDS,0.002044966972980878,0.002044966972980878
cnv_depth__IBNLCO_04195__Cyclic__CDS,0.0020408280105058416,0.0020408280105058416
cnv_depth__IBNLCO_04469__IBNLCO_04469__gene,0.0020382408966668187,0.0020382408966668187
cnv_depth__IBNLCO_03192__Small__CDS,0.0020370925230741325,0.0020370925230741325
cnv_depth__IBNLCO_02366__IBNLCO_02366__gene__promoter,-0.0020368610633204427,0.0020368610633204427
cnv_depth__IBNLCO_00523__IBNLCO_00523__gene__promoter,0.0020364321702259136,0.0020364321702259136
cnv_depth__IBNLCO_03500__hypothetical__CDS__promoter,-0.0020356945050757007,0.0020356945050757007
cnv_depth__IBNLCO_01562__IBNLCO_01562__gene,-0.002034942950984755,0.002034942950984755
cnv_depth__IBNLCO_01049__IBNLCO_01049__gene,-0.002034591474603652,0.002034591474603652
cnv_depth__IBNLCO_00215__IBNLCO_00215__gene,-0.0020336902913327434,0.0020336902913327434
cnv_depth__IBNLCO_05512__AB__CDS,0.002032182017875825,0.002032182017875825
cnv_depth__IBNLCO_01338__IBNLCO_01338__gene__promoter,-0.0020319340142784495,0.0020319340142784495
cnv_depth__IBNLCO_00209__IBNLCO_00209__gene,-0.002029590568563031,0.002029590568563031
cnv_depth__IBNLCO_02758__IBNLCO_02758__gene,0.0020288942705347485,0.0020288942705347485
cnv_depth__IBNLCO_02548__dinG__gene__promoter,0.002028390572259895,0.002028390572259895
cnv_depth__IBNLCO_01574__IBNLCO_01574__gene,0.0020276161682638797,0.0020276161682638797
cnv_depth__IBNLCO_03166__sn-glycerol-3-phosphate__CDS__promoter,-0.002026718355001048,0.002026718355001048
cnv_depth__IBNLCO_02026__IBNLCO_02026__gene,0.002026047015339263,0.002026047015339263
cnv_depth__IBNLCO_02459__hypothetical__CDS,0.0020248674627440654,0.0020248674627440654
cnv_depth__IBNLCO_05744__IBNLCO_05744__gene__promoter,0.0020241931783675075,0.0020241931783675075
cnv_depth__IBNLCO_05764__Major__CDS,0.0020226445021813565,0.0020226445021813565
cnv_depth__IBNLCO_04576__Glutamyl-tRNA__CDS,-0.0020219198506470715,0.0020219198506470715
cnv_depth__IBNLCO_04516__IBNLCO_04516__gene__promoter,0.0020210748334267164,0.0020210748334267164
cnv_depth__IBNLCO_04312__IBNLCO_04312__gene__promoter,-0.002019847254095192,0.002019847254095192
cnv_depth__IBNLCO_02610__3-octaprenyl-4-hydroxybenzoate__CDS,-0.0020196976511460594,0.0020196976511460594
cnv_depth__IBNLCO_04490__hypothetical__CDS__promoter,0.002016853432457563,0.002016853432457563
cnv_depth__IBNLCO_04808__gnl|Bakta|IBNLCO_04808__CDS__promoter,-0.0020146289695303224,0.0020146289695303224
cnv_depth__IBNLCO_00379__IBNLCO_00379__gene,-0.0020144905625864864,0.0020144905625864864
cnv_depth__IBNLCO_05633__Solute-binding__CDS,-0.002014482605140951,0.002014482605140951
cnv_depth__IBNLCO_03927__IBNLCO_03927__gene__promoter,0.0020131484879125122,0.0020131484879125122
cnv_depth__IBNLCO_04708__Nitrate__CDS,-0.002013126848619329,0.002013126848619329
cnv_depth__IBNLCO_04219__IBNLCO_04219__gene,-0.0020130735366376802,0.0020130735366376802
cnv_depth__IBNLCO_00299__IBNLCO_00299__gene,-0.0020111080405543283,0.0020111080405543283
cnv_depth__IBNLCO_02979__IBNLCO_02979__gene,-0.002009153850919265,0.002009153850919265
cnv_depth__IBNLCO_04202__DNA-binding__CDS__promoter,0.0020087439325379964,0.0020087439325379964
cnv_depth__IBNLCO_00243__IBNLCO_00243__gene,0.0020087308102453415,0.0020087308102453415
cnv_depth__IBNLCO_04049__Gfo/Idh/MocA-like__CDS,0.0020081184222399654,0.0020081184222399654
cnv_depth__IBNLCO_03035__IBNLCO_03035__gene,0.0020075910062576116,0.0020075910062576116
cnv_depth__IBNLCO_03467__IBNLCO_03467__gene__promoter,0.002004876175267316,0.002004876175267316
cnv_depth__IBNLCO_03855__IBNLCO_03855__gene__promoter,0.0020036083875807015,0.0020036083875807015
cnv_depth__IBNLCO_01739__IBNLCO_01739__gene__promoter,0.002003233345118144,0.002003233345118144
cnv_depth__IBNLCO_00358__IBNLCO_00358__gene,-0.0020010703921917415,0.0020010703921917415
cnv_depth__IBNLCO_02961__IBNLCO_02961__gene,0.0020007714789894715,0.0020007714789894715
cnv_depth__IBNLCO_00515__Nitrite__CDS__promoter,0.0020006965327021226,0.0020006965327021226
cnv_depth__IBNLCO_04285__fliK__gene__promoter,0.002000267525566733,0.002000267525566733
cnv_depth__IBNLCO_02198__IBNLCO_02198__gene__promoter,-0.002000019045038029,0.002000019045038029
cnv_depth__IBNLCO_01090__IBNLCO_01090__gene,0.0019998279789228014,0.0019998279789228014
cnv_depth__IBNLCO_00580__IBNLCO_00580__gene__promoter,-0.0019984291837729256,0.0019984291837729256
cnv_depth__IBNLCO_00078__Ribonuclease__CDS,0.0019969332664346836,0.0019969332664346836
cnv_depth__IBNLCO_01276__GntR__CDS,0.0019966933851081085,0.0019966933851081085
cnv_depth__IBNLCO_00247__IBNLCO_00247__gene,-0.0019965930013871778,0.0019965930013871778
cnv_depth__IBNLCO_03755__IBNLCO_03755__gene__promoter,0.0019963726681991546,0.0019963726681991546
cnv_depth__IBNLCO_01535__huxB__gene,-0.001996189077946848,0.001996189077946848
cnv_depth__IBNLCO_03510__IBNLCO_03510__gene__promoter,-0.0019950493097392924,0.0019950493097392924
cnv_depth__IBNLCO_00355__IBNLCO_00355__gene__promoter,0.001994865975432168,0.001994865975432168
cnv_depth__IBNLCO_00049__Amino__CDS,-0.001994332876013846,0.001994332876013846
cnv_depth__IBNLCO_01568__23S__CDS__promoter,-0.001993694541216459,0.001993694541216459
cnv_depth__IBNLCO_02858__Lipid/polyisoprenoid-binding__CDS,0.001993615519849857,0.001993615519849857
cnv_depth__IBNLCO_02198__IBNLCO_02198__gene,-0.0019921697996135553,0.0019921697996135553
cnv_depth__IBNLCO_00005__yciC__gene__promoter,0.0019898591477585615,0.0019898591477585615
cnv_depth__IBNLCO_04138__asparagine__CDS,0.001987784421042993,0.001987784421042993
cnv_depth__IBNLCO_00438__IBNLCO_00438__gene__promoter,0.0019877630048022875,0.0019877630048022875
cnv_depth__IBNLCO_03787__Permease__CDS,-0.0019873398247357826,0.0019873398247357826
cnv_depth__IBNLCO_05416__Fumarate/nitrate__CDS,-0.001986226512310279,0.001986226512310279
cnv_depth__IBNLCO_01654__rbsA__gene,0.0019862181108077567,0.0019862181108077567
cnv_depth__IBNLCO_04839__IBNLCO_04839__gene,0.001985090242569941,0.001985090242569941
cnv_depth__IBNLCO_01894__Phosphoribosyltransferase__CDS__promoter,-0.0019846326244730233,0.0019846326244730233
cnv_depth__IBNLCO_03817__DUF3563__CDS__promoter,-0.001983665829086115,0.001983665829086115
cnv_depth__IBNLCO_00697__IBNLCO_00697__gene,0.001983205517153423,0.001983205517153423
cnv_depth__IBNLCO_02167__PNPLA__CDS__promoter,0.0019824680938712296,0.0019824680938712296
cnv_depth__IBNLCO_00660__corC__gene,-0.00198241429083709,0.00198241429083709
cnv_depth__IBNLCO_02859__IBNLCO_02859__gene__promoter,0.0019820224702257563,0.0019820224702257563
cnv_depth__IBNLCO_05626__IBNLCO_05626__gene,0.001981665066233243,0.001981665066233243
cnv_depth__IBNLCO_01472__IBNLCO_01472__gene,0.0019799221575092884,0.0019799221575092884
cnv_depth__IBNLCO_05621__IBNLCO_05621__gene,0.001978773485285327,0.001978773485285327
cnv_depth__IBNLCO_02946__IBNLCO_02946__gene,0.0019767134063899596,0.0019767134063899596
cnv_depth__IBNLCO_00998__hisM__gene__promoter,0.001975602498833559,0.001975602498833559
cnv_depth__IBNLCO_01718__EamA__CDS,-0.00197551145872812,0.00197551145872812
cnv_depth__IBNLCO_01410__histidine__CDS__promoter,-0.001974382358399936,0.001974382358399936
cnv_depth__IBNLCO_02702__lysR__gene__promoter,0.001973069116369572,0.001973069116369572
cnv_depth__IBNLCO_04121__hypothetical__CDS,0.0019730023758177872,0.0019730023758177872
cnv_depth__IBNLCO_03460__DUF2063__CDS,-0.0019711825141297294,0.0019711825141297294
cnv_depth__IBNLCO_01217__mdtB__gene,-0.001971011612978003,0.001971011612978003
cnv_depth__IBNLCO_02163__trnD__gene,0.0019704390904641583,0.0019704390904641583
cnv_depth__IBNLCO_03720__Lysine/arginine/ornithine-binding__CDS__promoter,0.00196991261074416,0.00196991261074416
cnv_depth__IBNLCO_01728__IBNLCO_01728__gene,0.0019674176661923456,0.0019674176661923456
cnv_depth__IBNLCO_00019__Efflux__CDS,-0.0019672683438886843,0.0019672683438886843
cnv_depth__IBNLCO_04562__Carboxypeptidase__CDS,0.001965990747380224,0.001965990747380224
cnv_depth__IBNLCO_00034__SAM-dependent__CDS,-0.0019657909696026016,0.0019657909696026016
cnv_depth__IBNLCO_05172__Glycosyltransferase__CDS__promoter,0.001964973403544008,0.001964973403544008
cnv_depth__IBNLCO_04628__IBNLCO_04628__gene,-0.0019649325481696576,0.0019649325481696576
cnv_depth__IBNLCO_00850__murJ__gene,-0.001961207487115783,0.001961207487115783
cnv_depth__IBNLCO_03120__IBNLCO_03120__gene,0.001960086470764381,0.001960086470764381
cnv_depth__IBNLCO_05339__YCII-related__CDS,0.001959016327736649,0.001959016327736649
cnv_depth__IBNLCO_00065__gnl|Bakta|IBNLCO_00065__CDS__promoter,0.0019570764059019786,0.0019570764059019786
cnv_depth__IBNLCO_02384__IBNLCO_02384__gene__promoter,0.0019566853563748837,0.0019566853563748837
cnv_depth__IBNLCO_05496__IBNLCO_05496__gene__promoter,-0.0019559883975726407,0.0019559883975726407
cnv_depth__IBNLCO_02190__hypothetical__CDS,0.001955987898849227,0.001955987898849227
cnv_depth__IBNLCO_03696__cysW__gene__promoter,0.001954929994096718,0.001954929994096718
cnv_depth__IBNLCO_00007__pilQ__gene__promoter,0.0019543098963747847,0.0019543098963747847
cnv_depth__IBNLCO_02467__pmbA__gene,0.0019537070340993013,0.0019537070340993013
cnv_depth__IBNLCO_02827__IBNLCO_02827__gene__promoter,-0.0019534954228825163,0.0019534954228825163
cnv_depth__IBNLCO_00604__IBNLCO_00604__gene__promoter,0.001952926664540445,0.001952926664540445
cnv_depth__IBNLCO_04133__IBNLCO_04133__gene__promoter,-0.0019518499002974597,0.0019518499002974597
cnv_depth__IBNLCO_00375__Isocitrate__CDS,0.0019517538433383608,0.0019517538433383608
cnv_depth__IBNLCO_04987__tssF__gene,0.001949960829851876,0.001949960829851876
cnv_depth__IBNLCO_03423__Adenylate__CDS,-0.0019495951274666752,0.0019495951274666752
cnv_depth__IBNLCO_04724__IBNLCO_04724__gene__promoter,-0.0019489435112742873,0.0019489435112742873
cnv_depth__IBNLCO_01844__HTH-type__CDS,0.001948299571558522,0.001948299571558522
cnv_depth__IBNLCO_00856__Tetraacyldisaccharide__CDS,-0.001947549539046831,0.001947549539046831
cnv_depth__IBNLCO_00475__IBNLCO_00475__gene__promoter,-0.001946429899051745,0.001946429899051745
cnv_depth__IBNLCO_00271__flgF__gene,0.0019462066916787367,0.0019462066916787367
cnv_depth__IBNLCO_02070__IBNLCO_02070__gene__promoter,-0.0019456621659349603,0.0019456621659349603
cnv_depth__IBNLCO_03208__Large__CDS__promoter,0.0019455146989665396,0.0019455146989665396
cnv_depth__IBNLCO_01339__hypothetical__CDS,-0.0019437058912861287,0.0019437058912861287
cnv_depth__IBNLCO_03587__IBNLCO_03587__gene__promoter,0.0019435569052127998,0.0019435569052127998
cnv_depth__IBNLCO_00760__IBNLCO_00760__gene,0.001942216332645731,0.001942216332645731
cnv_depth__IBNLCO_01642__oprM__gene,-0.0019418738672432904,0.0019418738672432904
cnv_depth__IBNLCO_03284__IBNLCO_03284__gene,0.0019389741423784285,0.0019389741423784285
cnv_depth__IBNLCO_02142__DNA__CDS,0.0019387956736190619,0.0019387956736190619
cnv_depth__IBNLCO_01151__IBNLCO_01151__gene,-0.0019370233197180777,0.0019370233197180777
cnv_depth__IBNLCO_02533__IBNLCO_02533__gene__promoter,-0.0019363491137257846,0.0019363491137257846
cnv_depth__IBNLCO_03107__IBNLCO_03107__gene,-0.0019363207322538576,0.0019363207322538576
cnv_depth__IBNLCO_04472__Serine__CDS,0.001933612118773936,0.001933612118773936
cnv_depth__IBNLCO_05672__GtrA/DPMS__CDS,-0.001933039407606661,0.001933039407606661
cnv_depth__IBNLCO_00445__IBNLCO_00445__gene__promoter,-0.0019327706965150254,0.0019327706965150254
cnv_depth__IBNLCO_02495__Murein__CDS,0.0019303661719729664,0.0019303661719729664
cnv_depth__IBNLCO_05780__IBNLCO_05780__gene__promoter,0.0019299717880566698,0.0019299717880566698
cnv_depth__IBNLCO_00171__IBNLCO_00171__gene,0.0019297261013073,0.0019297261013073
cnv_depth__IBNLCO_01563__Phospholipase__CDS,-0.0019290361473400545,0.0019290361473400545
cnv_depth__IBNLCO_01356__hypothetical__CDS,-0.001928085278008121,0.001928085278008121
cnv_depth__IBNLCO_02107__Peptidase__CDS,0.0019278050784690408,0.0019278050784690408
cnv_depth__IBNLCO_03563__hypothetical__CDS__promoter,0.0019275021423399567,0.0019275021423399567
cnv_depth__IBNLCO_00067__IBNLCO_00067__gene__promoter,0.0019236922885164207,0.0019236922885164207
cnv_depth__IBNLCO_01567__Ribonuclease__CDS,0.0019229976081289965,0.0019229976081289965
cnv_depth__IBNLCO_02242__Putative__CDS,-0.001922515481219405,0.001922515481219405
cnv_depth__IBNLCO_00737__hypothetical__CDS,0.0019216926136259574,0.0019216926136259574
cnv_depth__IBNLCO_04748__gnl|Bakta|IBNLCO_04748__CDS,-0.001920972710030474,0.001920972710030474
cnv_depth__IBNLCO_00118__IBNLCO_00118__gene,-0.0019201807100139075,0.0019201807100139075
cnv_depth__IBNLCO_03846__Uncharacterized__CDS,-0.0019198503262129313,0.0019198503262129313
cnv_depth__IBNLCO_05674__IBNLCO_05674__gene__promoter,-0.0019192954432570575,0.0019192954432570575
cnv_depth__IBNLCO_03139__Histidinol__CDS,-0.0019175034114900231,0.0019175034114900231
cnv_depth__IBNLCO_00115__Methionyl-tRNA__CDS,-0.001915407037354002,0.001915407037354002
cnv_depth__IBNLCO_02779__wcbL__gene__promoter,-0.0019152244223629832,0.0019152244223629832
cnv_depth__IBNLCO_04307__IBNLCO_04307__gene,-0.0019149697523301685,0.0019149697523301685
cnv_depth__IBNLCO_02998__pilB__gene__promoter,0.0019129807105924765,0.0019129807105924765
cnv_depth__IBNLCO_03410__ABC__CDS,0.0019123137813309096,0.0019123137813309096
cnv_depth__IBNLCO_03013__Cell__CDS__promoter,-0.0019112358285712306,0.0019112358285712306
cnv_depth__IBNLCO_00061__Acyl-[acyl-carrier-protein]__CDS,-0.0019107674365872892,0.0019107674365872892
cnv_depth__IBNLCO_03483__IBNLCO_03483__gene,-0.0019105090670168787,0.0019105090670168787
cnv_depth__IBNLCO_03509__IBNLCO_03509__gene__promoter,-0.0019089183611368666,0.0019089183611368666
cnv_depth__IBNLCO_03830__hypothetical__CDS__promoter,-0.0019085156023498423,0.0019085156023498423
cnv_depth__IBNLCO_03181__ccsB__gene,-0.001908095468851441,0.001908095468851441
cnv_depth__IBNLCO_04216__IBNLCO_04216__gene__promoter,-0.0019073054814098278,0.0019073054814098278
cnv_depth__IBNLCO_04232__H(+)/Cl(-)__CDS,-0.0019067782226216065,0.0019067782226216065
cnv_depth__IBNLCO_00732__IBNLCO_00732__gene__promoter,0.0019045632826245505,0.0019045632826245505
cnv_depth__IBNLCO_01429__IBNLCO_01429__gene,0.001903883156464997,0.001903883156464997
cnv_depth__IBNLCO_03611__IBNLCO_03611__gene,0.0019021484990477762,0.0019021484990477762
cnv_depth__IBNLCO_02924__IBNLCO_02924__gene,-0.0019019102501623218,0.0019019102501623218
cnv_depth__IBNLCO_00017__Type__CDS,0.001899652198912687,0.001899652198912687
cnv_depth__IBNLCO_05085__pilL__gene,0.0018992896808411263,0.0018992896808411263
cnv_depth__IBNLCO_00527__Outer-membrane__CDS__promoter,0.0018979331677164812,0.0018979331677164812
cnv_depth__IBNLCO_01891__IBNLCO_01891__gene__promoter,-0.0018966183517143778,0.0018966183517143778
cnv_depth__IBNLCO_02439__IBNLCO_02439__gene,0.001894752866775833,0.001894752866775833
cnv_depth__IBNLCO_04642__IBNLCO_04642__gene,0.0018917305619426032,0.0018917305619426032
cnv_depth__IBNLCO_01304__Major__CDS,-0.0018913154930480785,0.0018913154930480785
cnv_depth__IBNLCO_01576__IBNLCO_01576__gene__promoter,-0.0018908820733268322,0.0018908820733268322
cnv_depth__IBNLCO_04338__IBNLCO_04338__gene,0.001890789488058405,0.001890789488058405
cnv_depth__IBNLCO_04519__IBNLCO_04519__gene__promoter,-0.0018900269035209958,0.0018900269035209958
cnv_depth__IBNLCO_04181__IBNLCO_04181__gene,0.0018900120760129968,0.0018900120760129968
cnv_depth__IBNLCO_03058__Ribosome-binding__CDS,-0.0018870060107222648,0.0018870060107222648
cnv_depth__IBNLCO_03582__Periplasmic__CDS__promoter,0.0018869850204045046,0.0018869850204045046
cnv_depth__IBNLCO_01930__Multidrug-efflux__CDS,-0.0018869051259201696,0.0018869051259201696
cnv_depth__IBNLCO_04524__IBNLCO_04524__gene__promoter,-0.001886116589203251,0.001886116589203251
cnv_depth__IBNLCO_00193__HAD__CDS,0.001885608729728413,0.001885608729728413
cnv_depth__IBNLCO_02941__IBNLCO_02941__gene,-0.0018842476179345557,0.0018842476179345557
cnv_depth__IBNLCO_01440__IBNLCO_01440__gene,-0.0018832014269509958,0.0018832014269509958
cnv_depth__IBNLCO_03151__Thiamine-phosphate__CDS,0.0018818371673490692,0.0018818371673490692
cnv_depth__IBNLCO_04195__Cyclic__CDS__promoter,-0.001881160360623929,0.001881160360623929
cnv_depth__IBNLCO_01880__rimO__gene__promoter,0.0018806646163188985,0.0018806646163188985
cnv_depth__IBNLCO_03799__3-dehydroshikimate__CDS__promoter,-0.0018805606196190272,0.0018805606196190272
cnv_depth__IBNLCO_00515__IBNLCO_00515__gene,-0.0018805283479059254,0.0018805283479059254
cnv_depth__IBNLCO_03566__IBNLCO_03566__gene,-0.0018801022504739114,0.0018801022504739114
cnv_depth__IBNLCO_01431__nudF__gene,-0.00187921980353204,0.00187921980353204
cnv_depth__IBNLCO_02146__DUF1853__CDS,0.0018779437661198483,0.0018779437661198483
cnv_depth__IBNLCO_00030__flagellar__CDS__promoter,0.00187717945137449,0.00187717945137449
cnv_depth__IBNLCO_05040__Carboxypeptidase__CDS,-0.0018771508141835532,0.0018771508141835532
cnv_depth__IBNLCO_05772__Polyketide__CDS,0.0018768370709606793,0.0018768370709606793
cnv_depth__IBNLCO_03100__impA__gene,-0.0018747706607046214,0.0018747706607046214
cnv_depth__IBNLCO_04164__gnl|Bakta|IBNLCO_04164__CDS__promoter,-0.0018739821935880858,0.0018739821935880858
cnv_depth__IBNLCO_05778__Conjugal__CDS__promoter,0.0018737705606295643,0.0018737705606295643
cnv_depth__IBNLCO_00584__IBNLCO_00584__gene__promoter,-0.0018723491331836155,0.0018723491331836155
cnv_depth__IBNLCO_05784__Sulfate__CDS,-0.0018710674343345762,0.0018710674343345762
cnv_depth__IBNLCO_05787__IBNLCO_05787__gene__promoter,0.0018707771618446233,0.0018707771618446233
cnv_depth__IBNLCO_00607__IBNLCO_00607__gene,0.00186944417068173,0.00186944417068173
cnv_depth__IBNLCO_05082__type__CDS__promoter,-0.001866445703894882,0.001866445703894882
cnv_depth__IBNLCO_00554__IBNLCO_00554__gene,0.0018662581418750334,0.0018662581418750334
cnv_depth__IBNLCO_05305__IBNLCO_05305__gene,0.0018640348984888045,0.0018640348984888045
cnv_depth__IBNLCO_00196__histidine__CDS,0.0018618323860233401,0.0018618323860233401
cnv_depth__IBNLCO_02610__IBNLCO_02610__gene__promoter,-0.0018594455185892062,0.0018594455185892062
cnv_depth__IBNLCO_04000__IBNLCO_04000__gene,-0.0018591676284222694,0.0018591676284222694
cnv_depth__IBNLCO_02792__hypothetical__CDS,0.0018590698011953612,0.0018590698011953612
cnv_depth__IBNLCO_00246__Dipeptide__CDS,0.001858283270103495,0.001858283270103495
cnv_depth__IBNLCO_03096__Peptidase__CDS__promoter,-0.0018581690722137888,0.0018581690722137888
cnv_depth__IBNLCO_02055__gnl|Bakta|IBNLCO_02055__CDS,0.0018580004464470927,0.0018580004464470927
cnv_depth__IBNLCO_00536__IBNLCO_00536__gene__promoter,0.0018569455709055314,0.0018569455709055314
cnv_depth__IBNLCO_00755__IBNLCO_00755__gene,-0.0018569009682681721,0.0018569009682681721
cnv_depth__IBNLCO_04393__IBNLCO_04393__gene,0.0018538481730465206,0.0018538481730465206
cnv_depth__IBNLCO_00500__IBNLCO_00500__gene,0.0018529492178333627,0.0018529492178333627
cnv_depth__IBNLCO_03178__IBNLCO_03178__gene__promoter,0.0018527995666082978,0.0018527995666082978
cnv_depth__IBNLCO_02884__Holliday__CDS,0.001850000578508386,0.001850000578508386
cnv_depth__IBNLCO_01737__Carrier__CDS__promoter,0.00184906863242829,0.00184906863242829
cnv_depth__IBNLCO_04100__VOC__CDS,-0.0018488135963561584,0.0018488135963561584
cnv_depth__IBNLCO_05708__Catalase__CDS,0.0018483710128018825,0.0018483710128018825
cnv_depth__IBNLCO_03625__DUF2169__CDS,0.0018482858078999358,0.0018482858078999358
cnv_depth__IBNLCO_04523__hypothetical__CDS__promoter,-0.001848275713650587,0.001848275713650587
cnv_depth__IBNLCO_04458__hypothetical__CDS,0.0018475912695434344,0.0018475912695434344
cnv_depth__IBNLCO_03739__Outer__CDS__promoter,0.0018462940172873483,0.0018462940172873483
cnv_depth__IBNLCO_01078__IBNLCO_01078__gene,-0.0018462291132298322,0.0018462291132298322
cnv_depth__IBNLCO_04950__IBNLCO_04950__gene,0.0018452782028396788,0.0018452782028396788
cnv_depth__IBNLCO_01703__IBNLCO_01703__gene__promoter,-0.0018451935828755076,0.0018451935828755076
cnv_depth__IBNLCO_00615__Major__CDS__promoter,0.0018439940459354085,0.0018439940459354085
cnv_depth__IBNLCO_00657__IBNLCO_00657__gene,-0.0018430673922773353,0.0018430673922773353
cnv_depth__IBNLCO_03379__IBNLCO_03379__gene,0.0018422403157846033,0.0018422403157846033
cnv_depth__IBNLCO_04988__IBNLCO_04988__gene,0.001840877603383102,0.001840877603383102
cnv_depth__IBNLCO_04803__IBNLCO_04803__gene,0.0018387317603625682,0.0018387317603625682
cnv_depth__IBNLCO_02174__PXPV__CDS__promoter,-0.0018385325479197867,0.0018385325479197867
cnv_depth__IBNLCO_03377__Cd(II)/Pb(II)-responsive__CDS,0.0018385016291992745,0.0018385016291992745
cnv_depth__IBNLCO_03123__IBNLCO_03123__gene,0.0018382519152717704,0.0018382519152717704
cnv_depth__IBNLCO_03729__IBNLCO_03729__gene__promoter,0.0018381941648600967,0.0018381941648600967
cnv_depth__IBNLCO_04685__IBNLCO_04685__gene,-0.001833374448899357,0.001833374448899357
cnv_depth__IBNLCO_02835__phnK__gene__promoter,-0.0018325395118190197,0.0018325395118190197
cnv_depth__IBNLCO_03951__IBNLCO_03951__gene,-0.0018303076048711735,0.0018303076048711735
cnv_depth__IBNLCO_05386__IBNLCO_05386__gene,-0.0018296502762227317,0.0018296502762227317
cnv_depth__IBNLCO_05819__IBNLCO_05819__gene,-0.0018278154898364104,0.0018278154898364104
cnv_depth__IBNLCO_03185__anti-hemB__gene__promoter,0.0018277203587685614,0.0018277203587685614
cnv_depth__IBNLCO_04193__hypothetical__CDS,-0.001827553832923645,0.001827553832923645
cnv_depth__IBNLCO_03659__DUF1842__CDS__promoter,-0.0018271127797767567,0.0018271127797767567
cnv_depth__IBNLCO_03826__efeU__gene,-0.001825813895752457,0.001825813895752457
cnv_depth__IBNLCO_03715__IBNLCO_03715__gene__promoter,0.0018244972674859481,0.0018244972674859481
cnv_depth__IBNLCO_04336__DNA__CDS__promoter,-0.0018240756796799027,0.0018240756796799027
cnv_depth__IBNLCO_04786__IBNLCO_04786__gene__promoter,-0.0018233811526202437,0.0018233811526202437
cnv_depth__IBNLCO_01956__IBNLCO_01956__gene,-0.0018228678270554072,0.0018228678270554072
cnv_depth__IBNLCO_03397__ATP__CDS,0.001822430069739593,0.001822430069739593
cnv_depth__IBNLCO_03343__IBNLCO_03343__gene,-0.001821735153999043,0.001821735153999043
cnv_depth__IBNLCO_02952__IBNLCO_02952__gene__promoter,0.0018192947939652533,0.0018192947939652533
cnv_depth__IBNLCO_02055__IBNLCO_02055__gene__promoter,0.0018190273042273505,0.0018190273042273505
cnv_depth__IBNLCO_00997__Histidine__CDS__promoter,0.0018187207564639212,0.0018187207564639212
cnv_depth__IBNLCO_00697__IBNLCO_00697__gene__promoter,-0.0018177060608739045,0.0018177060608739045
cnv_depth__IBNLCO_04611__Phosphocarrier__CDS,-0.0018157134219476826,0.0018157134219476826
cnv_depth__IBNLCO_04786__IBNLCO_04786__gene,-0.001815404063519689,0.001815404063519689
cnv_depth__IBNLCO_03132__IBNLCO_03132__gene__promoter,0.0018137348354468486,0.0018137348354468486
cnv_depth__IBNLCO_02762__IBNLCO_02762__gene,0.0018116157093243253,0.0018116157093243253
cnv_depth__IBNLCO_02934__IBNLCO_02934__gene__promoter,0.0018104502239426243,0.0018104502239426243
cnv_depth__IBNLCO_01414__IBNLCO_01414__gene,-0.0018095681285003546,0.0018095681285003546
cnv_depth__IBNLCO_05689__ATP-binding__CDS,-0.001809566977327357,0.001809566977327357
cnv_depth__IBNLCO_01640__IBNLCO_01640__gene,-0.0018078505224803528,0.0018078505224803528
cnv_depth__IBNLCO_04779__Glutathione__CDS,-0.0018064133642034716,0.0018064133642034716
cnv_depth__IBNLCO_00376__IBNLCO_00376__gene,0.0018058795378189914,0.0018058795378189914
cnv_depth__IBNLCO_01265__gntR__gene__promoter,-0.0018034764563811595,0.0018034764563811595
cnv_depth__IBNLCO_03082__Oxalate:formate__CDS__promoter,0.0018024056449644104,0.0018024056449644104
cnv_depth__IBNLCO_02786__wcbE__gene,-0.0018021670874968467,0.0018021670874968467
cnv_depth__IBNLCO_05678__Pilus__CDS__promoter,0.0018012182823310015,0.0018012182823310015
cnv_depth__IBNLCO_00733__lysR__gene__promoter,0.001800880349751145,0.001800880349751145
cnv_depth__IBNLCO_01253__Spermidine/putrescine__CDS,-0.00180041083926692,0.00180041083926692
cnv_depth__IBNLCO_04944__IBNLCO_04944__gene,-0.001799023675841269,0.001799023675841269
cnv_depth__IBNLCO_02035__IBNLCO_02035__gene__promoter,0.001798409621776032,0.001798409621776032
cnv_depth__IBNLCO_02207__tRNA(Ile)-lysidine__CDS,-0.001798144038415933,0.001798144038415933
cnv_depth__IBNLCO_02896__Large__CDS__promoter,0.0017970039920499868,0.0017970039920499868
cnv_depth__IBNLCO_00074__DNA__CDS__promoter,-0.0017961493725388506,0.0017961493725388506
cnv_depth__IBNLCO_04427__Methyl-accepting__CDS,-0.0017947852983373406,0.0017947852983373406
cnv_depth__IBNLCO_02271__fixL__gene__promoter,-0.0017932000941567954,0.0017932000941567954
cnv_depth__IBNLCO_00002__Cation/H+__CDS__promoter,-0.0017924771317449283,0.0017924771317449283
cnv_depth__IBNLCO_01447__Myo-inositol__CDS__promoter,0.0017924298632195142,0.0017924298632195142
cnv_depth__IBNLCO_00846__UDP-N-acetylenolpyruvoylglucosamine__CDS__promoter,0.0017918524906243422,0.0017918524906243422
cnv_depth__IBNLCO_04714__Major__CDS,-0.0017871972227911158,0.0017871972227911158
cnv_depth__IBNLCO_04981__type__CDS,-0.0017840603328011671,0.0017840603328011671
cnv_depth__IBNLCO_00867__mdtD__gene,0.001780811598016754,0.001780811598016754
cnv_depth__IBNLCO_02702__lysR__gene,-0.0017788571713697138,0.0017788571713697138
cnv_depth__IBNLCO_02295__IBNLCO_02295__gene,0.0017785414044225209,0.0017785414044225209
cnv_depth__IBNLCO_00347__hypothetical__CDS,0.0017776419783982343,0.0017776419783982343
cnv_depth__IBNLCO_01850__hypothetical__CDS__promoter,-0.0017774891687671094,0.0017774891687671094
cnv_depth__IBNLCO_01132__SDR__CDS,-0.0017772631820386713,0.0017772631820386713
cnv_depth__IBNLCO_01669__IBNLCO_01669__gene,0.0017767426943383537,0.0017767426943383537
cnv_depth__IBNLCO_02926__Leucine--tRNA__CDS,-0.001775304749820907,0.001775304749820907
cnv_depth__IBNLCO_02937__IBNLCO_02937__gene__promoter,0.0017743096189446561,0.0017743096189446561
cnv_depth__IBNLCO_05776__IBNLCO_05776__gene,0.001773955350367305,0.001773955350367305
cnv_depth__IBNLCO_04773__Protocatechuate__CDS,-0.0017734171891678756,0.0017734171891678756
cnv_depth__IBNLCO_01365__IBNLCO_01365__gene__promoter,-0.001773083368116278,0.001773083368116278
cnv_depth__IBNLCO_01453__IBNLCO_01453__gene,0.00176945996807848,0.00176945996807848
cnv_depth__IBNLCO_02285__IBNLCO_02285__gene,-0.001768547617906907,0.001768547617906907
cnv_depth__IBNLCO_02627__Bacteriophage__CDS__promoter,0.0017673050280375378,0.0017673050280375378
cnv_depth__IBNLCO_04783__estB__gene,-0.0017669465465964865,0.0017669465465964865
cnv_depth__IBNLCO_04464__IBNLCO_04464__gene__promoter,-0.001765497778867938,0.001765497778867938
cnv_depth__IBNLCO_00011__IBNLCO_00011__gene,0.0017636415650816753,0.0017636415650816753
cnv_depth__IBNLCO_02407__IBNLCO_02407__gene,0.0017630016551133353,0.0017630016551133353
cnv_depth__IBNLCO_04866__IS5__CDS__promoter,-0.001761734445094936,0.001761734445094936
cnv_depth__IBNLCO_04400__IBNLCO_04400__gene,0.0017616179427167498,0.0017616179427167498
cnv_depth__IBNLCO_05140__Linalool__CDS,-0.0017608706920375912,0.0017608706920375912
cnv_depth__IBNLCO_00641__IBNLCO_00641__gene,-0.001760420640646663,0.001760420640646663
cnv_depth__IBNLCO_05209__Succinate__CDS,0.0017591760876792123,0.0017591760876792123
cnv_depth__IBNLCO_04608__Formate__CDS__promoter,-0.0017588881504416816,0.0017588881504416816
cnv_depth__IBNLCO_03322__gnl|Bakta|IBNLCO_03322__CDS__promoter,0.0017585978158866189,0.0017585978158866189
cnv_depth__IBNLCO_00028__flagellar__CDS__promoter,-0.001755488941306568,0.001755488941306568
cnv_depth__IBNLCO_01170__IBNLCO_01170__gene,-0.0017538612173100833,0.0017538612173100833
cnv_depth__IBNLCO_04559__Magnesium__CDS__promoter,0.001753235707058758,0.001753235707058758
cnv_depth__IBNLCO_02049__IBNLCO_02049__gene,-0.0017528927272761868,0.0017528927272761868
cnv_depth__IBNLCO_05593__tagF__gene__promoter,-0.0017512806039495143,0.0017512806039495143
cnv_depth__IBNLCO_05641__IBNLCO_05641__gene,-0.0017498566452674657,0.0017498566452674657
cnv_depth__IBNLCO_01041__N-carbamoyl-L-amino-acid__CDS__promoter,0.0017495299249049394,0.0017495299249049394
cnv_depth__IBNLCO_05249__rpoD__gene,0.0017491806288784243,0.0017491806288784243
cnv_depth__IBNLCO_03259__DUF2957__CDS__promoter,0.001748430501976259,0.001748430501976259
cnv_depth__IBNLCO_03366__IBNLCO_03366__gene__promoter,0.0017481942306937996,0.0017481942306937996
cnv_depth__IBNLCO_01144__IBNLCO_01144__gene__promoter,0.0017461600876569614,0.0017461600876569614
cnv_depth__IBNLCO_04431__FAD__CDS,-0.0017450929999174199,0.0017450929999174199
cnv_depth__IBNLCO_01914__rpoS__gene__promoter,-0.0017450661417070256,0.0017450661417070256
cnv_depth__IBNLCO_03504__C4-dicarboxylate__CDS,0.001745036526133214,0.001745036526133214
cnv_depth__IBNLCO_02511__OmpA-like__CDS,0.0017440675261069796,0.0017440675261069796
cnv_depth__IBNLCO_03021__UDP-N-acetylmuramoyl-L-alanyl-D-glutamate--2%2C6-di__CDS__promoter,0.0017420656231154801,0.0017420656231154801
cnv_depth__IBNLCO_01240__EamA__CDS,0.0017399066748458852,0.0017399066748458852
cnv_depth__IBNLCO_03626__Pentapeptide__CDS__promoter,0.0017395717283654104,0.0017395717283654104
cnv_depth__IBNLCO_02018__Ribosomal__CDS,-0.0017386936098746043,0.0017386936098746043
cnv_depth__IBNLCO_01920__ybaB__gene__promoter,0.0017371866899016735,0.0017371866899016735
cnv_depth__IBNLCO_03407__IBNLCO_03407__gene__promoter,0.0017362910018076517,0.0017362910018076517
cnv_depth__IBNLCO_04322__gnl|Bakta|IBNLCO_04322__CDS,-0.0017361264128935002,0.0017361264128935002
cnv_depth__IBNLCO_01014__yebQ__gene__promoter,-0.001732397444973383,0.001732397444973383
cnv_depth__IBNLCO_01841__IBNLCO_01841__gene__promoter,0.0017323838065183496,0.0017323838065183496
cnv_depth__IBNLCO_02025__HTH__CDS__promoter,-0.0017321812933800325,0.0017321812933800325
cnv_depth__IBNLCO_00109__D-2-hydroxyacid__CDS,0.0017314878895488529,0.0017314878895488529
cnv_depth__IBNLCO_03445__HTH-type__CDS,-0.0017300597543415466,0.0017300597543415466
cnv_depth__IBNLCO_03664__IBNLCO_03664__gene,0.0017300394525886558,0.0017300394525886558
cnv_depth__IBNLCO_01737__IBNLCO_01737__gene,-0.0017289619897733089,0.0017289619897733089
cnv_depth__IBNLCO_01181__IBNLCO_01181__gene,-0.0017285901710364603,0.0017285901710364603
cnv_depth__IBNLCO_01528__bipA__gene,-0.001728401670084954,0.001728401670084954
cnv_depth__IBNLCO_05639__Cyclase__CDS__promoter,-0.0017282183791963053,0.0017282183791963053
cnv_depth__IBNLCO_00085__Transmembrane__CDS,-0.0017225556401346373,0.0017225556401346373
cnv_depth__IBNLCO_00219__Acyl-CoA__CDS__promoter,0.0017211802184575846,0.0017211802184575846
cnv_depth__IBNLCO_01024__trnR__gene__promoter,0.00172111921136486,0.00172111921136486
cnv_depth__IBNLCO_02085__IBNLCO_02085__gene,-0.0017205144340386167,0.0017205144340386167
cnv_depth__IBNLCO_04556__IBNLCO_04556__gene__promoter,0.0017203819973901871,0.0017203819973901871
cnv_depth__IBNLCO_05443__IBNLCO_05443__gene__promoter,0.0017193771884698966,0.0017193771884698966
cnv_depth__IBNLCO_00854__3-deoxy-manno-octulosonate__CDS,-0.0017190919957518127,0.0017190919957518127
cnv_depth__IBNLCO_00638__IBNLCO_00638__gene,0.0017181365025772963,0.0017181365025772963
cnv_depth__IBNLCO_01488__LysR__CDS__promoter,-0.0017179054776132671,0.0017179054776132671
cnv_depth__IBNLCO_03660__Radical__CDS__promoter,0.0017179029659255209,0.0017179029659255209
cnv_depth__IBNLCO_04039__hypothetical__CDS__promoter,0.0017159797414459958,0.0017159797414459958
cnv_depth__IBNLCO_02685__Outer__CDS,-0.0017153657730279847,0.0017153657730279847
cnv_depth__IBNLCO_05842__hypothetical__CDS__promoter,-0.0017153060108318701,0.0017153060108318701
cnv_depth__IBNLCO_00304__lemA__gene__promoter,-0.0017136207987542848,0.0017136207987542848
cnv_depth__IBNLCO_04118__Carboxypeptidase__CDS,-0.001713410584457803,0.001713410584457803
cnv_depth__IBNLCO_03617__clpB__gene__promoter,0.0017125116222785034,0.0017125116222785034
cnv_depth__IBNLCO_01468__IBNLCO_01468__gene,-0.001711681053131012,0.001711681053131012
cnv_depth__IBNLCO_05838__gnl|Bakta|IBNLCO_05838__CDS__promoter,-0.0017114129200137998,0.0017114129200137998
cnv_depth__IBNLCO_03232__Elongation__CDS,0.0017106453065144753,0.0017106453065144753
cnv_depth__IBNLCO_01148__SLC26A/SulP__CDS,-0.0017105765383219301,0.0017105765383219301
cnv_depth__IBNLCO_03796__hypothetical__CDS,-0.0017087090664987905,0.0017087090664987905
cnv_depth__IBNLCO_01956__putative__CDS__promoter,0.0017077801191992743,0.0017077801191992743
cnv_depth__IBNLCO_03133__hisF__gene__promoter,0.0017076688326369477,0.0017076688326369477
cnv_depth__IBNLCO_00489__IBNLCO_00489__gene,0.0017065485836042888,0.0017065485836042888
cnv_depth__IBNLCO_04581__RND__CDS__promoter,-0.001706440349366591,0.001706440349366591
cnv_depth__IBNLCO_02327__Hydrolase__CDS__promoter,-0.0017050827486015886,0.0017050827486015886
cnv_depth__IBNLCO_01412__hypothetical__CDS__promoter,0.0017050643958886138,0.0017050643958886138
cnv_depth__IBNLCO_00551__hypothetical__CDS__promoter,-0.0017024939906527302,0.0017024939906527302
cnv_depth__IBNLCO_01261__diguanylate__CDS,-0.0017013501934612864,0.0017013501934612864
cnv_depth__IBNLCO_03468__Ketoglutarate__CDS,0.0017010425980018905,0.0017010425980018905
cnv_depth__IBNLCO_04588__IBNLCO_04588__gene__promoter,-0.0017007186986287156,0.0017007186986287156
cnv_depth__IBNLCO_03118__trnT__gene,0.0017000265673259558,0.0017000265673259558
cnv_depth__IBNLCO_04677__IBNLCO_04677__gene__promoter,0.0016995297804850804,0.0016995297804850804
cnv_depth__IBNLCO_02508__Phosphoserine__CDS,-0.0016994081861095398,0.0016994081861095398
cnv_depth__IBNLCO_01736__IBNLCO_01736__gene,-0.0016989873474663117,0.0016989873474663117
cnv_depth__IBNLCO_04621__nreB__gene,-0.0016963563629356845,0.0016963563629356845
cnv_depth__IBNLCO_04486__gnl|Bakta|IBNLCO_04486__CDS,-0.0016953811847561116,0.0016953811847561116
cnv_depth__IBNLCO_04308__IBNLCO_04308__gene__promoter,0.0016952888286573045,0.0016952888286573045
cnv_depth__IBNLCO_01692__IBNLCO_01692__gene,-0.0016950643324581917,0.0016950643324581917
cnv_depth__IBNLCO_02061__2-hydroxy-3-oxopropionate__CDS,0.0016902075128432104,0.0016902075128432104
cnv_depth__IBNLCO_00097__IBNLCO_00097__gene,0.0016896655704095938,0.0016896655704095938
cnv_depth__IBNLCO_05772__IBNLCO_05772__gene__promoter,0.0016892634704795194,0.0016892634704795194
cnv_depth__IBNLCO_04321__IBNLCO_04321__gene,0.0016891628606009058,0.0016891628606009058
cnv_depth__IBNLCO_03133__hisF__gene,0.0016886831430839107,0.0016886831430839107
cnv_depth__IBNLCO_05532__IBNLCO_05532__gene,0.0016879845021211056,0.0016879845021211056
cnv_depth__IBNLCO_05681__IBNLCO_05681__gene__promoter,0.0016871218173187214,0.0016871218173187214
cnv_depth__IBNLCO_00045__araC__gene,0.0016870772795783723,0.0016870772795783723
cnv_depth__IBNLCO_02978__hypothetical__CDS,-0.0016863167113025611,0.0016863167113025611
cnv_depth__IBNLCO_01297__L-Proline/Glycine__CDS,-0.001686112171396687,0.001686112171396687
cnv_depth__IBNLCO_05134__IBNLCO_05134__gene__promoter,0.0016852662373167317,0.0016852662373167317
cnv_depth__IBNLCO_05805__IBNLCO_05805__gene__promoter,-0.00168433880872325,0.00168433880872325
cnv_depth__IBNLCO_05042__gnl|Bakta|IBNLCO_05042__CDS__promoter,-0.0016837538141055576,0.0016837538141055576
cnv_depth__IBNLCO_04663__Entericidin__CDS,0.0016836081848593438,0.0016836081848593438
cnv_depth__IBNLCO_02626__Coproporphyrinogen-III__CDS,0.0016833863773696633,0.0016833863773696633
cnv_depth__IBNLCO_05263__Respiratory__CDS__promoter,0.0016817002687413902,0.0016817002687413902
cnv_depth__IBNLCO_03773__IBNLCO_03773__gene,0.0016816038547114197,0.0016816038547114197
cnv_depth__IBNLCO_05336__N-acetylmuramoyl-L-alanine__CDS,0.0016812428315064823,0.0016812428315064823
cnv_depth__IBNLCO_03413__IBNLCO_03413__gene__promoter,-0.0016812024309304338,0.0016812024309304338
cnv_depth__IBNLCO_00532__IBNLCO_00532__gene,-0.0016809210797939032,0.0016809210797939032
cnv_depth__IBNLCO_02422__3-oxoacyl-[acyl-carrier-protein]__CDS__promoter,-0.001678420244038864,0.001678420244038864
cnv_depth__IBNLCO_01273__DUF934__CDS,-0.0016782505191499332,0.0016782505191499332
cnv_depth__IBNLCO_05070__gnl|Bakta|IBNLCO_05070__CDS,-0.0016761893202277322,0.0016761893202277322
cnv_depth__IBNLCO_04485__hypothetical__CDS__promoter,-0.001675076164334186,0.001675076164334186
cnv_depth__IBNLCO_02058__hypothetical__CDS__promoter,0.0016723778148801647,0.0016723778148801647
cnv_depth__IBNLCO_05087__IBNLCO_05087__gene__promoter,0.0016715732813306692,0.0016715732813306692
cnv_depth__IBNLCO_03106__Type__CDS__promoter,0.0016699149194196968,0.0016699149194196968
cnv_depth__IBNLCO_04471__hypothetical__CDS,0.001668928312615422,0.001668928312615422
cnv_depth__IBNLCO_04561__Cation-translocating__CDS,0.0016677589837370047,0.0016677589837370047
cnv_depth__IBNLCO_02351__SUF__CDS__promoter,0.0016671759708044513,0.0016671759708044513
cnv_depth__IBNLCO_01670__IBNLCO_01670__gene__promoter,0.0016665930027400895,0.0016665930027400895
cnv_depth__IBNLCO_01883__Acetyl-CoA__CDS,-0.0016661815585169027,0.0016661815585169027
cnv_depth__IBNLCO_02462__gnl|Bakta|IBNLCO_02462__CDS__promoter,0.0016620278039643707,0.0016620278039643707
cnv_depth__IBNLCO_03502__IBNLCO_03502__gene__promoter,0.0016608287584003302,0.0016608287584003302
cnv_depth__IBNLCO_04941__PepSY__CDS,0.0016594002590422227,0.0016594002590422227
cnv_depth__IBNLCO_00984__IBNLCO_00984__gene,-0.001657701170615707,0.001657701170615707
cnv_depth__IBNLCO_02770__acyl-CoA__CDS__promoter,0.0016566214756392962,0.0016566214756392962
cnv_depth__IBNLCO_04898__3-oxo-tetronate__CDS__promoter,0.0016563838086842777,0.0016563838086842777
cnv_depth__IBNLCO_04504__onnB__gene,0.0016563339307919883,0.0016563339307919883
cnv_depth__IBNLCO_04780__IBNLCO_04780__gene,-0.0016563224482128804,0.0016563224482128804
cnv_depth__IBNLCO_03427__IBNLCO_03427__gene__promoter,0.0016562051008266205,0.0016562051008266205
cnv_depth__IBNLCO_02729__iclR__gene__promoter,-0.0016560893042183,0.0016560893042183
cnv_depth__IBNLCO_01437__Branched__CDS__promoter,0.0016537792808225447,0.0016537792808225447
cnv_depth__IBNLCO_00552__PIN__CDS,-0.001653188390854164,0.001653188390854164
cnv_depth__IBNLCO_00559__IBNLCO_00559__gene,0.0016507022291921635,0.0016507022291921635
cnv_depth__IBNLCO_04970__IBNLCO_04970__gene,-0.001646836442442869,0.001646836442442869
cnv_depth__IBNLCO_05268__IBNLCO_05268__gene,-0.001646765624472075,0.001646765624472075
cnv_depth__IBNLCO_01406__Spore__CDS,-0.001646540215940852,0.001646540215940852
cnv_depth__IBNLCO_04477__doxX__gene__promoter,0.001643254173297153,0.001643254173297153
cnv_depth__IBNLCO_04969__IBNLCO_04969__gene,-0.0016415779294459843,0.0016415779294459843
cnv_depth__IBNLCO_04771__argP__gene,0.001641210800061318,0.001641210800061318
cnv_depth__IBNLCO_03626__Pentapeptide__CDS,0.0016407476923274184,0.0016407476923274184
cnv_depth__IBNLCO_03054__IBNLCO_03054__gene,0.0016404999733477391,0.0016404999733477391
cnv_depth__IBNLCO_05507__prnA__gene__promoter,0.0016390593708043408,0.0016390593708043408
cnv_depth__IBNLCO_05627__Rhodanese__CDS__promoter,0.0016382305791858914,0.0016382305791858914
cnv_depth__IBNLCO_03866__lysM__gene__promoter,-0.0016374212646248101,0.0016374212646248101
cnv_depth__IBNLCO_03597__IBNLCO_03597__gene,-0.0016359805653218182,0.0016359805653218182
cnv_depth__IBNLCO_05181__IBNLCO_05181__gene__promoter,0.0016345471571366827,0.0016345471571366827
cnv_depth__IBNLCO_03129__IBNLCO_03129__gene__promoter,0.0016324464410074982,0.0016324464410074982
cnv_depth__IBNLCO_03571__Putative__CDS__promoter,-0.0016315156164938588,0.0016315156164938588
cnv_depth__IBNLCO_02527__IBNLCO_02527__gene__promoter,0.00162984087600954,0.00162984087600954
cnv_depth__IBNLCO_02237__IBNLCO_02237__gene__promoter,0.0016277091146161763,0.0016277091146161763
cnv_depth__IBNLCO_02113__fabZ__gene,-0.0016238206409767717,0.0016238206409767717
cnv_depth__IBNLCO_01449__IBNLCO_01449__gene,0.0016212244222223746,0.0016212244222223746
cnv_depth__IBNLCO_00206__IBNLCO_00206__gene,-0.0016205953645686763,0.0016205953645686763
cnv_depth__IBNLCO_00081__mnmE__gene,0.0016201124170035718,0.0016201124170035718
cnv_depth__IBNLCO_04188__IBNLCO_04188__gene__promoter,0.0016197481185504174,0.0016197481185504174
cnv_depth__IBNLCO_05422__STAS__CDS,0.0016186540355627257,0.0016186540355627257
cnv_depth__IBNLCO_03478__IBNLCO_03478__gene,-0.0016181402245841357,0.0016181402245841357
cnv_depth__IBNLCO_03822__IBNLCO_03822__gene,-0.0016176128225872883,0.0016176128225872883
cnv_depth__IBNLCO_03190__DNA-directed__CDS,0.0016160818261462052,0.0016160818261462052
cnv_depth__IBNLCO_04948__Glycine__CDS,0.0016158578117406238,0.0016158578117406238
cnv_depth__IBNLCO_01911__rlmD__gene__promoter,0.001615693625935688,0.001615693625935688
cnv_depth__IBNLCO_01265__Transcriptional__CDS,-0.0016153981448725927,0.0016153981448725927
cnv_depth__IBNLCO_02266__IBNLCO_02266__gene__promoter,0.0016145629018040086,0.0016145629018040086
cnv_depth__IBNLCO_03129__IBNLCO_03129__gene,-0.0016137999075782432,0.0016137999075782432
cnv_depth__IBNLCO_04156__Betaine__CDS,0.001611446511509517,0.001611446511509517
cnv_depth__IBNLCO_01785__IBNLCO_01785__gene,0.0016107272397268989,0.0016107272397268989
cnv_depth__IBNLCO_05336__N-acetylmuramoyl-L-alanine__CDS__promoter,-0.001610259791179707,0.001610259791179707
cnv_depth__IBNLCO_03194__Large__CDS,0.001609003049559412,0.001609003049559412
cnv_depth__IBNLCO_04749__IBNLCO_04749__gene,-0.0016078218104074807,0.0016078218104074807
cnv_depth__IBNLCO_03476__IBNLCO_03476__gene__promoter,-0.0016060642679231137,0.0016060642679231137
cnv_depth__IBNLCO_00546__NUDIX__CDS,-0.00160553467332104,0.00160553467332104
cnv_depth__IBNLCO_02687__DUF2957__CDS,0.0016026947063212272,0.0016026947063212272
cnv_depth__IBNLCO_05805__hypothetical__CDS,-0.0016026837355365739,0.0016026837355365739
cnv_depth__IBNLCO_03796__hypothetical__CDS__promoter,0.0016026110578693776,0.0016026110578693776
cnv_depth__IBNLCO_05800__Dmso__CDS__promoter,0.0016013816897740094,0.0016013816897740094
cnv_depth__IBNLCO_05137__IBNLCO_05137__gene,0.0016009677051907162,0.0016009677051907162
cnv_depth__IBNLCO_00369__IBNLCO_00369__gene,-0.0015990290558848146,0.0015990290558848146
cnv_depth__IBNLCO_00279__IBNLCO_00279__gene,-0.0015987849327794934,0.0015987849327794934
cnv_depth__IBNLCO_04585__IBNLCO_04585__gene,0.0015983187699015224,0.0015983187699015224
cnv_depth__IBNLCO_01871__AsmA__CDS,0.0015969030352958177,0.0015969030352958177
cnv_depth__unknown__unknown__rep_origin.1,0.0015967626652872192,0.0015967626652872192
cnv_depth__IBNLCO_03178__IBNLCO_03178__gene,-0.0015966590656683577,0.0015966590656683577
cnv_depth__IBNLCO_02552__IBNLCO_02552__gene,0.0015961892686248836,0.0015961892686248836
cnv_depth__IBNLCO_03566__IBNLCO_03566__gene__promoter,-0.0015960076620261435,0.0015960076620261435
cnv_depth__IBNLCO_00519__IBNLCO_00519__gene,0.001596001494928338,0.001596001494928338
cnv_depth__IBNLCO_02042__DUF1800__CDS,0.0015946314535540927,0.0015946314535540927
cnv_depth__IBNLCO_00717__IBNLCO_00717__gene__promoter,-0.0015937999412117367,0.0015937999412117367
cnv_depth__IBNLCO_04990__type__CDS__promoter,-0.0015934022550804804,0.0015934022550804804
cnv_depth__IBNLCO_02197__IBNLCO_02197__gene,-0.001593189561788789,0.001593189561788789
cnv_depth__IBNLCO_00469__IBNLCO_00469__gene,0.0015922476780637987,0.0015922476780637987
cnv_depth__IBNLCO_03167__ugpB__gene,-0.001590442216018373,0.001590442216018373
cnv_depth__IBNLCO_02069__putative__CDS,-0.0015902421305470417,0.0015902421305470417
cnv_depth__IBNLCO_05521__UDP-N-acetylglucosamine__CDS,0.0015871174730233565,0.0015871174730233565
cnv_depth__IBNLCO_04235__hypothetical__CDS__promoter,-0.0015845448769499838,0.0015845448769499838
cnv_depth__IBNLCO_03484__Cysteine/O-acetylserine__CDS,0.0015825729273732006,0.0015825729273732006
cnv_depth__IBNLCO_00202__PUA__CDS,0.0015794055685346266,0.0015794055685346266
cnv_depth__IBNLCO_03458__Flagellar__CDS__promoter,-0.001577692093299824,0.001577692093299824
cnv_depth__IBNLCO_03242__IBNLCO_03242__gene__promoter,0.0015774700200787458,0.0015774700200787458
cnv_depth__IBNLCO_05610__gnl|Bakta|IBNLCO_05610__CDS__promoter,0.0015756280921532574,0.0015756280921532574
cnv_depth__IBNLCO_03127__tatB__gene,0.0015747597234046216,0.0015747597234046216
cnv_depth__IBNLCO_02774__capsular__CDS,-0.0015746034543234794,0.0015746034543234794
cnv_depth__IBNLCO_03521__IBNLCO_03521__gene,0.0015732710696026047,0.0015732710696026047
cnv_depth__IBNLCO_00402__IBNLCO_00402__gene,-0.0015714770718281313,0.0015714770718281313
cnv_depth__IBNLCO_00952__IBNLCO_00952__gene__promoter,-0.001571457209381403,0.001571457209381403
cnv_depth__IBNLCO_00907__N-acetyltransferase__CDS,-0.0015706161582932233,0.0015706161582932233
cnv_depth__IBNLCO_05464__IBNLCO_05464__gene,-0.0015700272802782987,0.0015700272802782987
cnv_depth__IBNLCO_02106__hypothetical__CDS__promoter,0.001569912225438196,0.001569912225438196
cnv_depth__IBNLCO_01711__osmF__gene__promoter,-0.0015660698759565972,0.0015660698759565972
cnv_depth__IBNLCO_01907__HTH__CDS,0.0015642733031493888,0.0015642733031493888
cnv_depth__IBNLCO_04434__IBNLCO_04434__gene,0.0015621640792757917,0.0015621640792757917
cnv_depth__IBNLCO_03118__trnT__gene__promoter,-0.0015621603690116927,0.0015621603690116927
cnv_depth__IBNLCO_01584__IBNLCO_01584__gene,-0.00156033693055651,0.00156033693055651
cnv_depth__IBNLCO_03749__bepF__gene,0.0015601870513671477,0.0015601870513671477
cnv_depth__IBNLCO_05008__HNS-like__CDS,-0.0015601789523462186,0.0015601789523462186
cnv_depth__IBNLCO_03859__IBNLCO_03859__gene__promoter,0.001556630909287559,0.001556630909287559
cnv_depth__IBNLCO_04839__hypothetical__CDS__promoter,-0.0015558872332876645,0.0015558872332876645
cnv_depth__IBNLCO_01488__LysR__CDS,0.0015554531823334004,0.0015554531823334004
cnv_depth__IBNLCO_00989__Aldehyde__CDS,-0.0015536921339273503,0.0015536921339273503
cnv_depth__IBNLCO_03782__IBNLCO_03782__gene,0.0015536437992036984,0.0015536437992036984
cnv_depth__IBNLCO_02913__IBNLCO_02913__gene,-0.0015535110445803974,0.0015535110445803974
cnv_depth__IBNLCO_05324__D-inositol-3-phosphate__CDS__promoter,0.0015532676958405656,0.0015532676958405656
cnv_depth__IBNLCO_05803__IBNLCO_05803__gene,0.0015529753978149319,0.0015529753978149319
cnv_depth__IBNLCO_05173__Polysaccharide__CDS__promoter,0.0015526896000652257,0.0015526896000652257
cnv_depth__IBNLCO_00102__IBNLCO_00102__gene,-0.001552208580410582,0.001552208580410582
cnv_depth__IBNLCO_05645__MFS__CDS__promoter,-0.0015502655724413926,0.0015502655724413926
cnv_depth__IBNLCO_02528__Disulfide__CDS,0.0015499954274069488,0.0015499954274069488
cnv_depth__IBNLCO_04564__Thiamine__CDS__promoter,0.0015491297346047813,0.0015491297346047813
cnv_depth__IBNLCO_05604__3-oxoacyl-[acyl-carrier-protein]__CDS__promoter,0.0015486952324730188,0.0015486952324730188
cnv_depth__IBNLCO_03253__IBNLCO_03253__gene,0.0015484616150275943,0.0015484616150275943
cnv_depth__IBNLCO_00342__IBNLCO_00342__gene__promoter,0.001547369991275867,0.001547369991275867
cnv_depth__IBNLCO_03311__flagellar__CDS,0.001546094639106319,0.001546094639106319
cnv_depth__IBNLCO_05404__IBNLCO_05404__gene,0.0015460841561808897,0.0015460841561808897
cnv_depth__IBNLCO_04680__L-arabinose-binding__CDS__promoter,0.0015446170851689275,0.0015446170851689275
cnv_depth__IBNLCO_05208__IBNLCO_05208__gene__promoter,-0.001541811662466554,0.001541811662466554
cnv_depth__IBNLCO_05679__IBNLCO_05679__gene__promoter,-0.0015416364816379596,0.0015416364816379596
cnv_depth__IBNLCO_00204__3'%2C5'-cyclic-nucleotide__CDS,0.0015401332669204642,0.0015401332669204642
cnv_depth__IBNLCO_01660__IBNLCO_01660__gene,0.0015393851110775843,0.0015393851110775843
cnv_depth__IBNLCO_00705__IBNLCO_00705__gene,-0.001538657538608115,0.001538657538608115
cnv_depth__IBNLCO_00509__IBNLCO_00509__gene,0.0015381062151863794,0.0015381062151863794
cnv_depth__IBNLCO_00474__IBNLCO_00474__gene__promoter,0.0015366390684383882,0.0015366390684383882
cnv_depth__IBNLCO_00964__Autotransporter__CDS,0.0015363829718064216,0.0015363829718064216
cnv_depth__IBNLCO_03469__gnl|Bakta|IBNLCO_03469__CDS,-0.0015355069494033748,0.0015355069494033748
cnv_depth__IBNLCO_02990__CNP1-like__CDS__promoter,-0.0015338162437976979,0.0015338162437976979
cnv_depth__IBNLCO_00921__HTH__CDS,0.0015331946446542233,0.0015331946446542233
cnv_depth__IBNLCO_03215__Large__CDS__promoter,0.0015307111174292652,0.0015307111174292652
cnv_depth__IBNLCO_05578__IBNLCO_05578__gene__promoter,0.0015302463390612503,0.0015302463390612503
cnv_depth__IBNLCO_02520__IBNLCO_02520__gene,0.0015273662180032167,0.0015273662180032167
cnv_depth__IBNLCO_01499__Phenylalanine--tRNA__CDS,-0.0015245319026780308,0.0015245319026780308
cnv_depth__IBNLCO_04567__Thymidylate__CDS__promoter,0.0015237215890728994,0.0015237215890728994
cnv_depth__IBNLCO_00285__IBNLCO_00285__gene__promoter,0.001522621349231846,0.001522621349231846
cnv_depth__IBNLCO_04478__Porin__CDS,-0.0015221871261275396,0.0015221871261275396
cnv_depth__IBNLCO_03243__1%2C2-phenylacetyl-CoA__CDS__promoter,0.0015216394846672202,0.0015216394846672202
cnv_depth__IBNLCO_00255__IBNLCO_00255__gene,0.0015215406291857383,0.0015215406291857383
cnv_depth__IBNLCO_04517__IBNLCO_04517__gene,0.0015209615193783601,0.0015209615193783601
cnv_depth__IBNLCO_02120__Isoprenyl__CDS__promoter,0.001520865681439622,0.001520865681439622
cnv_depth__IBNLCO_05720__hypothetical__CDS__promoter,-0.001520335929193251,0.001520335929193251
cnv_depth__IBNLCO_05303__IBNLCO_05303__gene__promoter,0.0015189749532030022,0.0015189749532030022
cnv_depth__IBNLCO_01425__Succinate--glutarate__CDS,-0.0015180149398405372,0.0015180149398405372
cnv_depth__IBNLCO_05790__GerE__CDS,0.001516514013931789,0.001516514013931789
cnv_depth__IBNLCO_03203__Small__CDS__promoter,0.001514906937757111,0.001514906937757111
cnv_depth__IBNLCO_00370__IBNLCO_00370__gene,-0.0015147274613253666,0.0015147274613253666
cnv_depth__IBNLCO_05229__IBNLCO_05229__gene,-0.0015127940267048378,0.0015127940267048378
cnv_depth__IBNLCO_05403__IBNLCO_05403__gene,-0.0015126668942033934,0.0015126668942033934
cnv_depth__IBNLCO_05838__gnl|Bakta|IBNLCO_05838__CDS,0.00151075170791578,0.00151075170791578
cnv_depth__IBNLCO_04860__Cardiolipin__CDS,0.0015087571541079186,0.0015087571541079186
cnv_depth__IBNLCO_03819__IBNLCO_03819__gene__promoter,0.0015087355832353272,0.0015087355832353272
cnv_depth__IBNLCO_04723__IBNLCO_04723__gene__promoter,-0.0015068052585839326,0.0015068052585839326
cnv_depth__IBNLCO_02930__IBNLCO_02930__gene__promoter,0.0015061768606852524,0.0015061768606852524
cnv_depth__IBNLCO_03187__dsbD__gene,-0.0015039007920674482,0.0015039007920674482
cnv_depth__IBNLCO_05137__IBNLCO_05137__gene__promoter,-0.0015027378373570176,0.0015027378373570176
cnv_depth__IBNLCO_01931__IBNLCO_01931__gene__promoter,0.0015003311479015865,0.0015003311479015865
cnv_depth__IBNLCO_01542__IBNLCO_01542__gene__promoter,-0.0014983811473876822,0.0014983811473876822
cnv_depth__IBNLCO_00908__IBNLCO_00908__gene,0.0014983381861277748,0.0014983381861277748
cnv_depth__IBNLCO_02190__IBNLCO_02190__gene__promoter,-0.001498328263145664,0.001498328263145664
cnv_depth__IBNLCO_03192__IBNLCO_03192__gene__promoter,0.0014970570767905823,0.0014970570767905823
cnv_depth__IBNLCO_03717__IBNLCO_03717__gene,0.0014967262884205423,0.0014967262884205423
cnv_depth__IBNLCO_03651__2-methylisocitrate__CDS,0.0014948861702185718,0.0014948861702185718
cnv_depth__IBNLCO_04817__srpI__gene,-0.001493338233832388,0.001493338233832388
cnv_depth__IBNLCO_05132__FIST__CDS,-0.0014922134645496527,0.0014922134645496527
cnv_depth__IBNLCO_05259__(2Fe-2S)-binding__CDS__promoter,-0.0014918144138964138,0.0014918144138964138
cnv_depth__IBNLCO_01734__IBNLCO_01734__gene,-0.0014915173154039394,0.0014915173154039394
cnv_depth__IBNLCO_05645__MFS__CDS,-0.0014904737336100763,0.0014904737336100763
cnv_depth__IBNLCO_01198__IBNLCO_01198__gene,0.0014894019145274273,0.0014894019145274273
cnv_depth__IBNLCO_00626__IBNLCO_00626__gene__promoter,-0.00148459630061691,0.00148459630061691
cnv_depth__IBNLCO_00442__putative__CDS,0.0014836758787131418,0.0014836758787131418
cnv_depth__IBNLCO_03199__Small__CDS__promoter,0.001482666130867321,0.001482666130867321
cnv_depth__IBNLCO_05485__IBNLCO_05485__gene,-0.0014823241987001064,0.0014823241987001064
cnv_depth__IBNLCO_03353__IBNLCO_03353__gene__promoter,-0.0014797464750076709,0.0014797464750076709
cnv_depth__IBNLCO_00232__PepSY-associated__CDS__promoter,0.0014778537085778781,0.0014778537085778781
cnv_depth__IBNLCO_01691__IBNLCO_01691__gene,0.0014778477642943206,0.0014778477642943206
cnv_depth__IBNLCO_05002__bopA__gene__promoter,-0.0014774687596664973,0.0014774687596664973
cnv_depth__IBNLCO_02939__IBNLCO_02939__gene__promoter,-0.001477011572227143,0.001477011572227143
cnv_depth__IBNLCO_03400__IBNLCO_03400__gene,-0.0014763514836362466,0.0014763514836362466
cnv_depth__IBNLCO_02171__Microcin__CDS,-0.0014760652007434988,0.0014760652007434988
cnv_depth__IBNLCO_05218__IBNLCO_05218__gene,-0.001475985684142962,0.001475985684142962
cnv_depth__IBNLCO_04224__IBNLCO_04224__gene__promoter,-0.0014754102902956772,0.0014754102902956772
cnv_depth__IBNLCO_01690__IBNLCO_01690__gene,0.0014728464675180012,0.0014728464675180012
cnv_depth__IBNLCO_00455__ctaG__gene,0.0014719836827550533,0.0014719836827550533
cnv_depth__IBNLCO_01335__IBNLCO_01335__gene__promoter,-0.001471885413420006,0.001471885413420006
cnv_depth__IBNLCO_03352__trnR__gene__promoter,-0.0014697552001528397,0.0014697552001528397
cnv_depth__IBNLCO_04745__hypothetical__CDS,-0.0014692997664927322,0.0014692997664927322
cnv_depth__IBNLCO_00229__fliT__gene__promoter,-0.0014690898745288738,0.0014690898745288738
cnv_depth__IBNLCO_04395__IBNLCO_04395__gene,0.0014680442646636451,0.0014680442646636451
cnv_depth__IBNLCO_05848__IBNLCO_05848__gene,0.0014678461788026201,0.0014678461788026201
cnv_depth__IBNLCO_03804__IBNLCO_03804__gene,0.0014663235983980493,0.0014663235983980493
cnv_depth__IBNLCO_00315__IBNLCO_00315__gene,-0.0014658465390950594,0.0014658465390950594
cnv_depth__IBNLCO_01999__selO__gene__promoter,0.0014652620264190663,0.0014652620264190663
cnv_depth__IBNLCO_04263__3-oxoacyl-[acyl-carrier-protein]__CDS,-0.0014652403756669793,0.0014652403756669793
cnv_depth__IBNLCO_03100__ImpA__CDS__promoter,-0.001464025082803484,0.001464025082803484
cnv_depth__IBNLCO_00456__DUF2970__CDS__promoter,-0.0014622877202001305,0.0014622877202001305
cnv_depth__IBNLCO_02802__IBNLCO_02802__gene,-0.001461940424502257,0.001461940424502257
cnv_depth__IBNLCO_01307__Carbamoyl__CDS,-0.0014609000869806766,0.0014609000869806766
cnv_depth__IBNLCO_03272__IBNLCO_03272__gene__promoter,0.0014602826113925711,0.0014602826113925711
cnv_depth__IBNLCO_00040__Transcriptional__CDS__promoter,0.0014594697051095163,0.0014594697051095163
cnv_depth__IBNLCO_01563__Phospholipase__CDS__promoter,-0.0014593094433987016,0.0014593094433987016
cnv_depth__IBNLCO_00791__Bcj14__gene__promoter,-0.0014591768911922263,0.0014591768911922263
cnv_depth__IBNLCO_01386__Type__CDS,-0.0014579563201145768,0.0014579563201145768
cnv_depth__IBNLCO_03692__IBNLCO_03692__gene__promoter,0.0014573622053397283,0.0014573622053397283
cnv_depth__IBNLCO_01498__IBNLCO_01498__gene,0.0014563940134590043,0.0014563940134590043
cnv_depth__IBNLCO_03956__Transglutaminase-like__CDS__promoter,-0.0014555396166940912,0.0014555396166940912
cnv_depth__IBNLCO_01782__histidine__CDS,-0.0014553804187005192,0.0014553804187005192
cnv_depth__IBNLCO_01710__IBNLCO_01710__gene,-0.0014546154563920817,0.0014546154563920817
cnv_depth__IBNLCO_02150__IBNLCO_02150__gene__promoter,0.0014539513337476502,0.0014539513337476502
cnv_depth__IBNLCO_02703__ABC__CDS__promoter,0.0014537956359950796,0.0014537956359950796
cnv_depth__IBNLCO_03323__fliD__gene,0.001452386074949799,0.001452386074949799
cnv_depth__IBNLCO_02442__rmuC__gene__promoter,-0.0014499684197334694,0.0014499684197334694
cnv_depth__IBNLCO_03948__hypothetical__CDS__promoter,-0.0014497535256274968,0.0014497535256274968
cnv_depth__IBNLCO_03146__IBNLCO_03146__gene__promoter,0.0014447925849302833,0.0014447925849302833
cnv_depth__IBNLCO_00426__histidine__CDS__promoter,-0.0014444673061451338,0.0014444673061451338
cnv_depth__IBNLCO_03360__IBNLCO_03360__gene__promoter,-0.0014438069339812894,0.0014438069339812894
cnv_depth__IBNLCO_04407__IBNLCO_04407__gene,-0.001443134881062352,0.001443134881062352
cnv_depth__IBNLCO_01389__IBNLCO_01389__gene__promoter,-0.0014412236474414617,0.0014412236474414617
cnv_depth__IBNLCO_03729__IBNLCO_03729__gene,-0.0014408226839243686,0.0014408226839243686
cnv_depth__IBNLCO_05382__Cardiolipin__CDS__promoter,-0.0014404576702513516,0.0014404576702513516
cnv_depth__IBNLCO_02051__IBNLCO_02051__gene,-0.0014397613116613152,0.0014397613116613152
cnv_depth__IBNLCO_05501__IBNLCO_05501__gene,-0.0014396434633615304,0.0014396434633615304
cnv_depth__IBNLCO_03415__IBNLCO_03415__gene__promoter,0.001438641461361934,0.001438641461361934
cnv_depth__IBNLCO_01273__IBNLCO_01273__gene__promoter,-0.0014370327303002144,0.0014370327303002144
cnv_depth__IBNLCO_00503__hypothetical__CDS,0.0014370209069645696,0.0014370209069645696
cnv_depth__IBNLCO_01863__IBNLCO_01863__gene,-0.001436352797884987,0.001436352797884987
cnv_depth__IBNLCO_04430__IBNLCO_04430__gene__promoter,0.0014355434578589904,0.0014355434578589904
cnv_depth__IBNLCO_01459__IBNLCO_01459__gene,-0.001434058900801843,0.001434058900801843
cnv_depth__IBNLCO_01294__IBNLCO_01294__gene__promoter,0.0014334449462532193,0.0014334449462532193
cnv_depth__IBNLCO_04718__IBNLCO_04718__gene,0.0014319136284920472,0.0014319136284920472
cnv_depth__IBNLCO_01467__cpdA__gene,0.0014313019394634776,0.0014313019394634776
cnv_depth__IBNLCO_05506__gnl|Bakta|IBNLCO_05506__CDS,-0.001431281134298565,0.001431281134298565
cnv_depth__IBNLCO_05643__Zinc-binding__CDS__promoter,0.0014279033524349633,0.0014279033524349633
cnv_depth__IBNLCO_01018__hypothetical__CDS,-0.0014267996279705457,0.0014267996279705457
cnv_depth__IBNLCO_01161__IBNLCO_01161__gene__promoter,-0.0014267582877689894,0.0014267582877689894
cnv_depth__IBNLCO_03229__Transcription__CDS__promoter,0.0014248721713096598,0.0014248721713096598
cnv_depth__IBNLCO_03759__IBNLCO_03759__gene__promoter,0.0014241088245892134,0.0014241088245892134
cnv_depth__IBNLCO_02909__IBNLCO_02909__gene__promoter,0.0014217698214220441,0.0014217698214220441
cnv_depth__IBNLCO_04126__IBNLCO_04126__gene__promoter,0.0014210618279919614,0.0014210618279919614
cnv_depth__IBNLCO_02862__Intermembrane__CDS__promoter,-0.0014202736782375183,0.0014202736782375183
cnv_depth__IBNLCO_03583__IBNLCO_03583__gene,0.0014198833382555183,0.0014198833382555183
cnv_depth__IBNLCO_02071__IBNLCO_02071__gene,0.0014184484598098505,0.0014184484598098505
cnv_depth__IBNLCO_03193__Small__CDS,0.0014151895548130517,0.0014151895548130517
cnv_depth__IBNLCO_04515__IBNLCO_04515__gene__promoter,0.0014138354159546642,0.0014138354159546642
cnv_depth__IBNLCO_00303__Copper-translocating__CDS__promoter,-0.0014136225213297097,0.0014136225213297097
cnv_depth__IBNLCO_01711__Putative__CDS,-0.0014113532320463326,0.0014113532320463326
cnv_depth__IBNLCO_00745__recA__gene,0.0014108349918223624,0.0014108349918223624
cnv_depth__IBNLCO_04142__AraC__CDS,0.0014092794571778588,0.0014092794571778588
cnv_depth__IBNLCO_03145__IBNLCO_03145__gene__promoter,-0.0014089681746619579,0.0014089681746619579
cnv_depth__IBNLCO_05579__IBNLCO_05579__gene,0.0014087114222957543,0.0014087114222957543
cnv_depth__IBNLCO_03731__IBNLCO_03731__gene__promoter,-0.001408631982322836,0.001408631982322836
cnv_depth__IBNLCO_02077__DnaJ-like__CDS__promoter,0.0014086186073239458,0.0014086186073239458
cnv_depth__IBNLCO_04826__Rhamnosyltransferase__CDS,-0.0014084319748781588,0.0014084319748781588
cnv_depth__IBNLCO_00331__asnC__gene,0.001407462947658575,0.001407462947658575
cnv_depth__IBNLCO_05643__Zinc-binding__CDS,-0.0014071919898038104,0.0014071919898038104
cnv_depth__IBNLCO_02862__pqiB__gene,-0.0014070476062276634,0.0014070476062276634
cnv_depth__IBNLCO_01128__Transmembrane__CDS,-0.001406043267062343,0.001406043267062343
cnv_depth__IBNLCO_01552__IBNLCO_01552__gene,-0.0014030599790793893,0.0014030599790793893
cnv_depth__IBNLCO_01883__IBNLCO_01883__gene__promoter,0.0014030412301343277,0.0014030412301343277
cnv_depth__IBNLCO_00022__Multidrug__CDS__promoter,-0.0014029767297994943,0.0014029767297994943
cnv_depth__IBNLCO_01744__IBNLCO_01744__gene__promoter,0.0014019485618271099,0.0014019485618271099
cnv_depth__IBNLCO_02057__PspA/IM30__CDS,-0.0014016862480941443,0.0014016862480941443
cnv_depth__IBNLCO_02893__AraC_family__CDS__promoter,-0.001401082668555768,0.001401082668555768
cnv_depth__IBNLCO_03576__IBNLCO_03576__gene,-0.0014001861510258792,0.0014001861510258792
cnv_depth__IBNLCO_04431__FAD__CDS__promoter,0.0013994799686836384,0.0013994799686836384
cnv_depth__IBNLCO_00241__Lon__CDS__promoter,-0.0013970176067239555,0.0013970176067239555
cnv_depth__IBNLCO_04578__IBNLCO_04578__gene,-0.0013964161987227656,0.0013964161987227656
cnv_depth__IBNLCO_01713__Major__CDS,0.0013958646705027227,0.0013958646705027227
cnv_depth__IBNLCO_02218__gnl|Bakta|IBNLCO_02218__CDS,0.0013957713356880328,0.0013957713356880328
cnv_depth__IBNLCO_00029__flagellar__CDS__promoter,-0.0013956366431324405,0.0013956366431324405
cnv_depth__IBNLCO_03080__Heat__CDS,-0.0013956147463573677,0.0013956147463573677
cnv_depth__IBNLCO_05661__IBNLCO_05661__gene__promoter,0.0013952391991102842,0.0013952391991102842
cnv_depth__IBNLCO_03420__IBNLCO_03420__gene__promoter,-0.0013943820958158245,0.0013943820958158245
cnv_depth__IBNLCO_05853__IBNLCO_05853__gene,0.001394327345825689,0.001394327345825689
cnv_depth__IBNLCO_02874__tRNA-specific__CDS,0.001392217770298616,0.001392217770298616
cnv_depth__IBNLCO_02006__D-amino-acid__CDS__promoter,-0.001391507616414141,0.001391507616414141
cnv_depth__IBNLCO_04538__IS5__CDS__promoter,-0.0013914690925940355,0.0013914690925940355
cnv_depth__IBNLCO_02364__GST__CDS,-0.0013902529815258294,0.0013902529815258294
cnv_depth__IBNLCO_01689__IBNLCO_01689__gene__promoter,0.001389967086205483,0.001389967086205483
cnv_depth__IBNLCO_02488__Electron__CDS__promoter,-0.0013889733915588747,0.0013889733915588747
cnv_depth__IBNLCO_03401__IBNLCO_03401__gene,-0.0013869264781292898,0.0013869264781292898
cnv_depth__IBNLCO_01499__IBNLCO_01499__gene__promoter,-0.0013867375249474502,0.0013867375249474502
cnv_depth__IBNLCO_03443__Succinylglutamate__CDS,-0.0013860111480190984,0.0013860111480190984
cnv_depth__IBNLCO_05144__DUF1842__CDS,-0.0013856774481300928,0.0013856774481300928
cnv_depth__IBNLCO_02188__bulE__gene,-0.0013852882755067248,0.0013852882755067248
cnv_depth__IBNLCO_05816__Oxygen__CDS,-0.0013852731321805669,0.0013852731321805669
cnv_depth__IBNLCO_03657__IBNLCO_03657__gene__promoter,0.0013850826971495175,0.0013850826971495175
cnv_depth__IBNLCO_04732__IBNLCO_04732__gene,0.0013844886421016669,0.0013844886421016669
cnv_depth__IBNLCO_05481__IBNLCO_05481__gene,0.0013819421609864574,0.0013819421609864574
cnv_depth__IBNLCO_01534__IBNLCO_01534__gene,0.0013818224207724713,0.0013818224207724713
cnv_depth__IBNLCO_01543__Pilus__CDS,0.0013792441553562012,0.0013792441553562012
cnv_depth__IBNLCO_03460__DUF2063__CDS__promoter,0.0013778599259330604,0.0013778599259330604
cnv_depth__IBNLCO_02665__IBNLCO_02665__gene,0.001376738398336218,0.001376738398336218
cnv_depth__IBNLCO_01215__hypothetical__CDS,-0.0013754824919949757,0.0013754824919949757
cnv_depth__IBNLCO_02407__IBNLCO_02407__gene__promoter,-0.0013754740163056747,0.0013754740163056747
cnv_depth__IBNLCO_00327__IBNLCO_00327__gene,-0.0013752117735726815,0.0013752117735726815
cnv_depth__IBNLCO_02837__phnI__gene__promoter,-0.0013748651820021831,0.0013748651820021831
cnv_depth__IBNLCO_03101__clpB__gene__promoter,0.0013711358803326216,0.0013711358803326216
cnv_depth__IBNLCO_04457__IBNLCO_04457__gene,-0.0013694981675323977,0.0013694981675323977
cnv_depth__IBNLCO_00474__IBNLCO_00474__gene,0.0013692481180920498,0.0013692481180920498
cnv_depth__unknown__unknown__rep_origin,0.001368587325625543,0.001368587325625543
cnv_depth__IBNLCO_02028__IBNLCO_02028__gene,-0.0013681900955027448,0.0013681900955027448
cnv_depth__IBNLCO_00892__IBNLCO_00892__gene,-0.0013670170190498415,0.0013670170190498415
cnv_depth__IBNLCO_03209__Large__CDS,0.0013661728875891301,0.0013661728875891301
cnv_depth__IBNLCO_05830__IBNLCO_05830__gene__promoter,0.0013661693831538897,0.0013661693831538897
cnv_depth__IBNLCO_04487__Major__CDS,-0.0013661537987855682,0.0013661537987855682
cnv_depth__IBNLCO_03119__IBNLCO_03119__gene,0.0013654720313400338,0.0013654720313400338
cnv_depth__IBNLCO_00312__IBNLCO_00312__gene,0.0013654272106786744,0.0013654272106786744
cnv_depth__IBNLCO_05835__IBNLCO_05835__gene__promoter,-0.0013640565263047185,0.0013640565263047185
cnv_depth__IBNLCO_02965__IBNLCO_02965__gene,0.0013630876619005288,0.0013630876619005288
cnv_depth__IBNLCO_00069__IBNLCO_00069__gene,-0.0013625246706146928,0.0013625246706146928
cnv_depth__IBNLCO_01463__IBNLCO_01463__gene,0.0013624650702231786,0.0013624650702231786
cnv_depth__IBNLCO_03016__IBNLCO_03016__gene,-0.00136008034197143,0.00136008034197143
cnv_depth__IBNLCO_04291__gnl|Bakta|IBNLCO_04291__CDS,0.0013563375457133699,0.0013563375457133699
cnv_depth__IBNLCO_04783__estB__gene__promoter,0.0013536134371645717,0.0013536134371645717
cnv_depth__IBNLCO_00619__Transcriptional__CDS__promoter,0.0013519282005142396,0.0013519282005142396
cnv_depth__IBNLCO_05262__IBNLCO_05262__gene,0.001350468639739509,0.001350468639739509
cnv_depth__IBNLCO_05650__IBNLCO_05650__gene,-0.001350290076614207,0.001350290076614207
cnv_depth__IBNLCO_03817__IBNLCO_03817__gene,-0.0013495875382057339,0.0013495875382057339
cnv_depth__IBNLCO_01493__trnV__gene,-0.0013490154310035513,0.0013490154310035513
cnv_depth__IBNLCO_01575__IBNLCO_01575__gene,-0.0013487474806128464,0.0013487474806128464
cnv_depth__IBNLCO_04639__Serine__CDS,-0.0013462745106964512,0.0013462745106964512
cnv_depth__IBNLCO_05693__IBNLCO_05693__gene__promoter,-0.0013453320784313344,0.0013453320784313344
cnv_depth__IBNLCO_00235__rqpR__gene,-0.001344722571449789,0.001344722571449789
cnv_depth__IBNLCO_01687__IBNLCO_01687__gene__promoter,-0.0013430654318707647,0.0013430654318707647
cnv_depth__IBNLCO_04493__IBNLCO_04493__gene__promoter,0.0013424918637963623,0.0013424918637963623
cnv_depth__IBNLCO_03574__IBNLCO_03574__gene,0.0013423917415676838,0.0013423917415676838
cnv_depth__IBNLCO_05098__Serine__CDS,0.0013420506387126349,0.0013420506387126349
cnv_depth__IBNLCO_05773__Membrane__CDS,0.001341964919502665,0.001341964919502665
cnv_depth__IBNLCO_04651__IBNLCO_04651__gene,0.0013418876526923966,0.0013418876526923966
cnv_depth__IBNLCO_05691__Type__CDS,0.0013380098099425295,0.0013380098099425295
cnv_depth__IBNLCO_03414__ncS01__gene,0.0013376212137408009,0.0013376212137408009
cnv_depth__IBNLCO_02642__Urease__CDS,-0.001336459321046291,0.001336459321046291
cnv_depth__IBNLCO_03310__cheY1__gene__promoter,0.0013338475285046122,0.0013338475285046122
cnv_depth__IBNLCO_00056__padR__gene__promoter,-0.0013332995727574752,0.0013332995727574752
cnv_depth__IBNLCO_03452__IBNLCO_03452__gene,-0.001332644747076278,0.001332644747076278
cnv_depth__IBNLCO_00418__HTH__CDS__promoter,0.0013325343680338263,0.0013325343680338263
cnv_depth__IBNLCO_03750__ceoB__gene,0.0013312824064840288,0.0013312824064840288
cnv_depth__IBNLCO_03755__IBNLCO_03755__gene,0.0013311985497888514,0.0013311985497888514
cnv_depth__IBNLCO_03186__IBNLCO_03186__gene,0.0013310685530974918,0.0013310685530974918
cnv_depth__IBNLCO_02933__IBNLCO_02933__gene__promoter,0.0013307582695832958,0.0013307582695832958
cnv_depth__IBNLCO_03324__Flagellar__CDS,0.0013297469418882923,0.0013297469418882923
cnv_depth__IBNLCO_03410__ABC__CDS__promoter,-0.0013291212587347569,0.0013291212587347569
cnv_depth__IBNLCO_03029__IBNLCO_03029__gene,0.0013290340285995194,0.0013290340285995194
cnv_depth__IBNLCO_05613__IBNLCO_05613__gene,0.0013286621916325854,0.0013286621916325854
cnv_depth__IBNLCO_03714__IBNLCO_03714__gene__promoter,-0.0013286180307496035,0.0013286180307496035
cnv_depth__IBNLCO_04694__IBNLCO_04694__gene,0.0013285927017269215,0.0013285927017269215
cnv_depth__IBNLCO_02084__IBNLCO_02084__gene__promoter,0.0013281926005464218,0.0013281926005464218
cnv_depth__IBNLCO_04463__Divalent__CDS,0.0013281209325645348,0.0013281209325645348
cnv_depth__IBNLCO_02439__IBNLCO_02439__gene__promoter,0.001326111118208029,0.001326111118208029
cnv_depth__IBNLCO_05113__IBNLCO_05113__gene__promoter,0.0013245404309400878,0.0013245404309400878
cnv_depth__IBNLCO_00105__Tlde1__CDS__promoter,0.001322777180714828,0.001322777180714828
cnv_depth__IBNLCO_04113__hypothetical__CDS,-0.001321110266519414,0.001321110266519414
cnv_depth__IBNLCO_05516__Outer__CDS,0.0013198437098607648,0.0013198437098607648
cnv_depth__IBNLCO_03036__IBNLCO_03036__gene,0.0013194925537909994,0.0013194925537909994
cnv_depth__IBNLCO_02962__IBNLCO_02962__gene__promoter,-0.0013191752410447602,0.0013191752410447602
cnv_depth__IBNLCO_04757__Glutathione__CDS,0.001318957270609803,0.001318957270609803
cnv_depth__IBNLCO_03403__IBNLCO_03403__gene,-0.0013188066030944791,0.0013188066030944791
cnv_depth__IBNLCO_03457__Cytochrome__CDS,0.0013175408980336454,0.0013175408980336454
cnv_depth__IBNLCO_05011__bicA__gene,-0.0013172874191600468,0.0013172874191600468
cnv_depth__IBNLCO_00391__IBNLCO_00391__gene__promoter,-0.0013169891736499752,0.0013169891736499752
cnv_depth__IBNLCO_02179__IBNLCO_02179__gene,0.001314363516936592,0.001314363516936592
cnv_depth__IBNLCO_02438__IBNLCO_02438__gene__promoter,-0.0013132391057385341,0.0013132391057385341
cnv_depth__IBNLCO_01997__IBNLCO_01997__gene,-0.0013132072848269878,0.0013132072848269878
cnv_depth__IBNLCO_04932__Carboxynorspermidine/carboxyspermidine__CDS__promoter,-0.0013119745134705192,0.0013119745134705192
cnv_depth__IBNLCO_00446__Protein-export__CDS__promoter,-0.0013114141084186039,0.0013114141084186039
cnv_depth__IBNLCO_00309__IBNLCO_00309__gene,-0.001311260805172041,0.001311260805172041
cnv_depth__IBNLCO_00203__Tyrosine__CDS__promoter,-0.00131105143348724,0.00131105143348724
cnv_depth__IBNLCO_00264__flgN__gene,0.0013101689452579795,0.0013101689452579795
cnv_depth__IBNLCO_00032__flagellar__CDS__promoter,0.0013099468981212013,0.0013099468981212013
cnv_depth__IBNLCO_00170__hypothetical__CDS__promoter,0.0013073909173850343,0.0013073909173850343
cnv_depth__IBNLCO_04620__IBNLCO_04620__gene,0.0013064546367372145,0.0013064546367372145
cnv_depth__IBNLCO_01934__DUF937__CDS,-0.0013029715625948323,0.0013029715625948323
cnv_depth__IBNLCO_03353__IBNLCO_03353__gene,-0.0013024965327377719,0.0013024965327377719
cnv_depth__IBNLCO_01473__CBS__CDS__promoter,-0.0013020886569018158,0.0013020886569018158
cnv_depth__IBNLCO_01113__IBNLCO_01113__gene,0.0013010054317441361,0.0013010054317441361
cnv_depth__IBNLCO_03650__prpR__gene__promoter,-0.0013002020625634235,0.0013002020625634235
cnv_depth__IBNLCO_03158__Amino-acid__CDS__promoter,0.001299095009872375,0.001299095009872375
cnv_depth__IBNLCO_05357__DUF3472__CDS__promoter,-0.0012988881650498531,0.0012988881650498531
cnv_depth__IBNLCO_01991__IBNLCO_01991__gene,-0.0012947144228319539,0.0012947144228319539
cnv_depth__IBNLCO_00902__livH__gene,0.0012940724880763468,0.0012940724880763468
cnv_depth__IBNLCO_00920__gnl|Bakta|IBNLCO_00920__CDS__promoter,0.0012935530056758877,0.0012935530056758877
cnv_depth__IBNLCO_00747__DUF2889__CDS,-0.0012926355638180947,0.0012926355638180947
cnv_depth__IBNLCO_01643__IBNLCO_01643__gene,0.0012923581887443513,0.0012923581887443513
cnv_depth__IBNLCO_01991__Enoyl__CDS__promoter,-0.0012921277860996987,0.0012921277860996987
cnv_depth__IBNLCO_03725__iclR__gene,-0.0012912636571067659,0.0012912636571067659
cnv_depth__IBNLCO_00003__tRNA__CDS__promoter,-0.0012908396589132092,0.0012908396589132092
cnv_depth__IBNLCO_03417__IBNLCO_03417__gene__promoter,-0.0012905887838497655,0.0012905887838497655
cnv_depth__IBNLCO_03778__coiA__gene__promoter,0.0012904956782198314,0.0012904956782198314
cnv_depth__IBNLCO_03123__IBNLCO_03123__gene__promoter,-0.0012889974362517574,0.0012889974362517574
cnv_depth__IBNLCO_03771__Polyketide__CDS__promoter,0.0012878023393840398,0.0012878023393840398
cnv_depth__IBNLCO_05298__IBNLCO_05298__gene,-0.001284809824983507,0.001284809824983507
cnv_depth__IBNLCO_01482__HTH__CDS__promoter,-0.0012777428216807093,0.0012777428216807093
cnv_depth__IBNLCO_04701__hypothetical__CDS__promoter,-0.0012764775522687444,0.0012764775522687444
cnv_depth__IBNLCO_01897__IBNLCO_01897__gene__promoter,0.001276392721317272,0.001276392721317272
cnv_depth__IBNLCO_02970__IBNLCO_02970__gene__promoter,0.0012750269996451775,0.0012750269996451775
cnv_depth__IBNLCO_01708__ABC__CDS__promoter,0.001274730144457243,0.001274730144457243
cnv_depth__IBNLCO_04327__Dibenzothiophene__CDS,-0.0012703479601374238,0.0012703479601374238
cnv_depth__IBNLCO_00539__Lipopolysaccharide__CDS__promoter,0.001269929858009188,0.001269929858009188
cnv_depth__IBNLCO_00234__bcaP__gene,-0.001267105625754809,0.001267105625754809
cnv_depth__IBNLCO_03047__IBNLCO_03047__gene__promoter,-0.0012658878117861835,0.0012658878117861835
cnv_depth__IBNLCO_01870__putative__CDS,0.0012645390574830778,0.0012645390574830778
cnv_depth__IBNLCO_03191__Small__CDS,0.0012645014394737075,0.0012645014394737075
cnv_depth__IBNLCO_03390__Uroporphyrinogen__CDS__promoter,0.0012632481607776189,0.0012632481607776189
cnv_depth__IBNLCO_05524__nhaR__gene__promoter,0.0012627370879369447,0.0012627370879369447
cnv_depth__IBNLCO_05412__IBNLCO_05412__gene,0.0012606233456569575,0.0012606233456569575
cnv_depth__IBNLCO_03252__hypothetical__CDS__promoter,0.001255637241021982,0.001255637241021982
cnv_depth__IBNLCO_03323__flagellar__CDS__promoter,0.0012544807497703778,0.0012544807497703778
cnv_depth__IBNLCO_02542__IBNLCO_02542__gene,-0.0012534278012524002,0.0012534278012524002
cnv_depth__IBNLCO_00274__flgI__gene,0.0012532992816858839,0.0012532992816858839
cnv_depth__IBNLCO_01712__bioC__gene,-0.0012529106937427417,0.0012529106937427417
cnv_depth__IBNLCO_00247__ABC__CDS__promoter,-0.0012509337633300234,0.0012509337633300234
cnv_depth__IBNLCO_03011__Cell__CDS__promoter,0.0012480285522749421,0.0012480285522749421
cnv_depth__IBNLCO_00005__yciC__gene,0.00124633047615031,0.00124633047615031
cnv_depth__IBNLCO_00993__IBNLCO_00993__gene__promoter,0.0012447913580952272,0.0012447913580952272
cnv_depth__IBNLCO_02006__IBNLCO_02006__gene,0.0012443456619149914,0.0012443456619149914
cnv_depth__IBNLCO_02056__Penicillin-binding__CDS,0.0012436481464983122,0.0012436481464983122
cnv_depth__IBNLCO_03398__IBNLCO_03398__gene__promoter,0.0012423345305306694,0.0012423345305306694
cnv_depth__IBNLCO_03045__IBNLCO_03045__gene,-0.0012403973954931854,0.0012403973954931854
cnv_depth__IBNLCO_02912__Extracellular__CDS,0.0012401724852738917,0.0012401724852738917
cnv_depth__IBNLCO_03420__IBNLCO_03420__gene,0.0012400858111423735,0.0012400858111423735
cnv_depth__IBNLCO_02326__IBNLCO_02326__gene,0.0012385953971128974,0.0012385953971128974
cnv_depth__IBNLCO_00575__IBNLCO_00575__gene__promoter,0.0012383794158660139,0.0012383794158660139
cnv_depth__IBNLCO_05771__2-oxoisovalerate__CDS,0.0012376727834427078,0.0012376727834427078
cnv_depth__IBNLCO_03387__Bifunctional__CDS,0.001236846214576639,0.001236846214576639
cnv_depth__IBNLCO_03754__gntR__gene,-0.0012356153355130507,0.0012356153355130507
cnv_depth__unknown__unknown__regulatory.14,0.0012348135610377032,0.0012348135610377032
cnv_depth__IBNLCO_03211__Large__CDS,-0.0012339851420332436,0.0012339851420332436
cnv_depth__IBNLCO_05785__IBNLCO_05785__gene,0.001233590424556213,0.001233590424556213
cnv_depth__IBNLCO_01675__Corrinoid__CDS,-0.0012335283079361204,0.0012335283079361204
cnv_depth__IBNLCO_03565__IBNLCO_03565__gene,-0.0012330203000079762,0.0012330203000079762
cnv_depth__IBNLCO_01037__HTH__CDS__promoter,0.0012328684426560867,0.0012328684426560867
cnv_depth__IBNLCO_04162__IBNLCO_04162__gene,-0.0012307639788205623,0.0012307639788205623
cnv_depth__IBNLCO_01847__Transcriptional__CDS,-0.0012305703534857943,0.0012305703534857943
cnv_depth__IBNLCO_02752__IBNLCO_02752__gene,-0.0012270945818686869,0.0012270945818686869
cnv_depth__IBNLCO_05769__IBNLCO_05769__gene,-0.0012255245654057326,0.0012255245654057326
cnv_depth__IBNLCO_04217__hypothetical__CDS,-0.0012255038554233027,0.0012255038554233027
cnv_depth__IBNLCO_05068__Transmembrane__CDS__promoter,-0.0012229850040588605,0.0012229850040588605
cnv_depth__IBNLCO_05641__(3S)-malyl-CoA__CDS__promoter,0.001222134082622956,0.001222134082622956
cnv_depth__IBNLCO_04357__IBNLCO_04357__gene,0.0012212628449191085,0.0012212628449191085
cnv_depth__IBNLCO_02623__Undecaprenyl-diphosphatase__CDS__promoter,0.0012196329822644792,0.0012196329822644792
cnv_depth__IBNLCO_00558__IBNLCO_00558__gene,-0.001217284929404691,0.001217284929404691
cnv_depth__IBNLCO_01586__ssuB__gene,0.0012172697152972097,0.0012172697152972097
cnv_depth__IBNLCO_03154__IBNLCO_03154__gene,0.001216836548723056,0.001216836548723056
cnv_depth__IBNLCO_03294__flagellar__CDS__promoter,0.0012164488809075457,0.0012164488809075457
cnv_depth__IBNLCO_02497__Exported__CDS__promoter,0.0012161271602891348,0.0012161271602891348
cnv_depth__IBNLCO_03864__Integrase__CDS,-0.001215763736305815,0.001215763736305815
cnv_depth__IBNLCO_00391__IBNLCO_00391__gene,0.001214170017675031,0.001214170017675031
cnv_depth__IBNLCO_00948__IBNLCO_00948__gene__promoter,-0.0012140133677181588,0.0012140133677181588
cnv_depth__IBNLCO_00076__dnaA__gene__promoter,-0.0012139816926995091,0.0012139816926995091
cnv_depth__IBNLCO_04198__RND__CDS__promoter,-0.0012133482755576053,0.0012133482755576053
cnv_depth__IBNLCO_00022__IBNLCO_00022__gene,0.0012133377440031049,0.0012133377440031049
cnv_depth__IBNLCO_02352__IBNLCO_02352__gene__promoter,0.0012127472625062643,0.0012127472625062643
cnv_depth__IBNLCO_01875__IBNLCO_01875__gene__promoter,0.0012112381586917287,0.0012112381586917287
cnv_depth__IBNLCO_03526__IBNLCO_03526__gene__promoter,-0.0012094997860545918,0.0012094997860545918
cnv_depth__IBNLCO_00574__IBNLCO_00574__gene,-0.0012089680256567293,0.0012089680256567293
cnv_depth__IBNLCO_03418__IBNLCO_03418__gene,0.001207922494723701,0.001207922494723701
cnv_depth__IBNLCO_04797__IBNLCO_04797__gene,-0.0012075523666744343,0.0012075523666744343
cnv_depth__IBNLCO_00941__EVE__CDS,-0.0012045355073843592,0.0012045355073843592
cnv_depth__IBNLCO_02784__capsular__CDS,-0.0012031600912443155,0.0012031600912443155
cnv_depth__IBNLCO_05831__Hopanoid__CDS,0.0012024316065475248,0.0012024316065475248
cnv_depth__IBNLCO_00310__Cation__CDS__promoter,-0.0011991527253259174,0.0011991527253259174
cnv_depth__IBNLCO_05104__Hypersensitivity__CDS,-0.001196755060556269,0.001196755060556269
cnv_depth__IBNLCO_02781__wcbJ__gene,0.0011963597892625038,0.0011963597892625038
cnv_depth__IBNLCO_03183__IBNLCO_03183__gene,0.0011963138394947487,0.0011963138394947487
cnv_depth__IBNLCO_03507__IBNLCO_03507__gene,-0.001195733310108753,0.001195733310108753
cnv_depth__IBNLCO_01980__IBNLCO_01980__gene__promoter,-0.001195704597077261,0.001195704597077261
cnv_depth__IBNLCO_04506__Polyketide__CDS__promoter,0.0011948429140193537,0.0011948429140193537
cnv_depth__IBNLCO_04651__gnl|Bakta|IBNLCO_04651__CDS__promoter,0.001193361833190973,0.001193361833190973
cnv_depth__IBNLCO_01245__DUF1223__CDS,-0.001192219457755817,0.001192219457755817
cnv_depth__IBNLCO_01281__IBNLCO_01281__gene__promoter,0.0011922047679748975,0.0011922047679748975
cnv_depth__IBNLCO_03481__IBNLCO_03481__gene,-0.0011920419877639898,0.0011920419877639898
cnv_depth__IBNLCO_05372__CheW-like__CDS,-0.0011902757570491967,0.0011902757570491967
cnv_depth__IBNLCO_00085__Transmembrane__CDS__promoter,0.0011882980762868375,0.0011882980762868375
cnv_depth__IBNLCO_05665__Putative__CDS,0.001186941538963106,0.001186941538963106
cnv_depth__IBNLCO_03203__Small__CDS,0.0011869341879556523,0.0011869341879556523
cnv_depth__IBNLCO_00062__IBNLCO_00062__gene__promoter,0.0011864386390904355,0.0011864386390904355
cnv_depth__IBNLCO_01077__ATP-dependent__CDS__promoter,-0.0011842249317326073,0.0011842249317326073
cnv_depth__IBNLCO_00475__IBNLCO_00475__gene,-0.0011839746422390252,0.0011839746422390252
cnv_depth__IBNLCO_02828__Pyridoxal__CDS,0.0011834529667960518,0.0011834529667960518
cnv_depth__IBNLCO_05815__Oxygen__CDS__promoter,0.0011828952235586894,0.0011828952235586894
cnv_depth__IBNLCO_01982__Putative__CDS__promoter,0.0011821093319295836,0.0011821093319295836
cnv_depth__IBNLCO_04811__YeeE/YedE__CDS,-0.0011815074691530585,0.0011815074691530585
cnv_depth__IBNLCO_03449__PNPLA__CDS,0.001180838432686351,0.001180838432686351
cnv_depth__IBNLCO_03621__Type__CDS,-0.0011805079467748834,0.0011805079467748834
cnv_depth__IBNLCO_01989__IBNLCO_01989__gene__promoter,0.0011802571472010544,0.0011802571472010544
cnv_depth__IBNLCO_05001__gnl|Bakta|IBNLCO_05001__CDS__promoter,-0.0011793620839568553,0.0011793620839568553
cnv_depth__IBNLCO_01008__IBNLCO_01008__gene__promoter,-0.001178954995008628,0.001178954995008628
cnv_depth__IBNLCO_01897__DUF2065__CDS,-0.0011789100600048225,0.0011789100600048225
cnv_depth__IBNLCO_02327__Hydrolase__CDS,0.0011785891835406105,0.0011785891835406105
cnv_depth__IBNLCO_05463__Deoxyribose-phosphate__CDS,-0.0011785498938704543,0.0011785498938704543
cnv_depth__IBNLCO_02090__IBNLCO_02090__gene__promoter,0.0011775679180836317,0.0011775679180836317
cnv_depth__IBNLCO_01944__IBNLCO_01944__gene,-0.001176501670719965,0.001176501670719965
cnv_depth__IBNLCO_01523__tRNA__CDS,0.0011763162760406762,0.0011763162760406762
cnv_depth__IBNLCO_04118__IBNLCO_04118__gene__promoter,0.001175287530005214,0.001175287530005214
cnv_depth__IBNLCO_03300__IBNLCO_03300__gene,0.0011751524660814567,0.0011751524660814567
cnv_depth__IBNLCO_00213__eamA__gene,-0.0011745457016248849,0.0011745457016248849
cnv_depth__IBNLCO_03121__IBNLCO_03121__gene,-0.001174140121677828,0.001174140121677828
cnv_depth__IBNLCO_03425__gnl|Bakta|IBNLCO_03425__CDS__promoter,0.0011728528754189366,0.0011728528754189366
cnv_depth__IBNLCO_05634__IBNLCO_05634__gene,-0.0011718617847571464,0.0011718617847571464
cnv_depth__IBNLCO_05017__BsaU__CDS__promoter,0.0011715333321821618,0.0011715333321821618
cnv_depth__IBNLCO_04654__Nonribosomal__CDS__promoter,-0.0011698490873149443,0.0011698490873149443
cnv_depth__IBNLCO_02633__Urea__CDS,-0.0011694932016978153,0.0011694932016978153
cnv_depth__IBNLCO_03219__IBNLCO_03219__gene,-0.0011683728558627541,0.0011683728558627541
cnv_depth__IBNLCO_04733__IBNLCO_04733__gene__promoter,-0.0011671961854866088,0.0011671961854866088
cnv_depth__IBNLCO_00067__CHAP__CDS,0.0011664925828581535,0.0011664925828581535
cnv_depth__IBNLCO_01967__dmlR__gene,0.0011651961954034637,0.0011651961954034637
cnv_depth__IBNLCO_01095__hypothetical__CDS__promoter,0.0011646402814021889,0.0011646402814021889
cnv_depth__IBNLCO_03288__IBNLCO_03288__gene,0.0011633606284491681,0.0011633606284491681
cnv_depth__IBNLCO_00932__Lipopolysaccharide__CDS,-0.0011632505324119743,0.0011632505324119743
cnv_depth__IBNLCO_00479__IBNLCO_00479__gene__promoter,0.0011630441067317276,0.0011630441067317276
cnv_depth__IBNLCO_01933__hypothetical__CDS,0.0011617271311049092,0.0011617271311049092
cnv_depth__IBNLCO_04861__IBNLCO_04861__gene,-0.001161488495037746,0.001161488495037746
cnv_depth__IBNLCO_03198__Large__CDS__promoter,0.0011613914477697732,0.0011613914477697732
cnv_depth__IBNLCO_00020__Multidrug__CDS,-0.0011597883636622903,0.0011597883636622903
cnv_depth__IBNLCO_05822__DUF4345__CDS,0.0011587734891947,0.0011587734891947
cnv_depth__IBNLCO_04499__IBNLCO_04499__gene,0.0011580549565314443,0.0011580549565314443
cnv_depth__IBNLCO_01252__IBNLCO_01252__gene__promoter,-0.0011578414286596446,0.0011578414286596446
cnv_depth__IBNLCO_03574__IBNLCO_03574__gene__promoter,0.0011567551410245878,0.0011567551410245878
cnv_depth__IBNLCO_04670__PAAR__CDS,-0.0011546668407670113,0.0011546668407670113
cnv_depth__IBNLCO_04238__hypothetical__CDS,-0.0011545341649833389,0.0011545341649833389
cnv_depth__IBNLCO_03674__asmA__gene,0.0011542536308575843,0.0011542536308575843
cnv_depth__IBNLCO_00403__Putative__CDS__promoter,-0.00115411657564461,0.00115411657564461
cnv_depth__IBNLCO_05326__Lipopolysaccharide__CDS,-0.0011532625280498913,0.0011532625280498913
cnv_depth__IBNLCO_00108__PNPLA__CDS,0.0011529342407415224,0.0011529342407415224
cnv_depth__IBNLCO_03991__IBNLCO_03991__gene,0.0011527950274740852,0.0011527950274740852
cnv_depth__IBNLCO_03159__Glutamate__CDS,0.0011525318067225564,0.0011525318067225564
cnv_depth__IBNLCO_03837__IBNLCO_03837__gene__promoter,-0.0011517907790282449,0.0011517907790282449
cnv_depth__IBNLCO_04033__FAD__CDS,-0.001149731316577936,0.001149731316577936
cnv_depth__IBNLCO_02449__trnN__gene__promoter,-0.0011484746106251375,0.0011484746106251375
cnv_depth__IBNLCO_05807__Porin__CDS,-0.0011482693148374317,0.0011482693148374317
cnv_depth__IBNLCO_05397__IBNLCO_05397__gene,-0.0011481638398422426,0.0011481638398422426
cnv_depth__IBNLCO_00974__IBNLCO_00974__gene,-0.001147196594900215,0.001147196594900215
cnv_depth__IBNLCO_02090__IBNLCO_02090__gene,0.001146635224142305,0.001146635224142305
cnv_depth__IBNLCO_01212__IBNLCO_01212__gene,-0.001143585580290573,0.001143585580290573
cnv_depth__IBNLCO_00119__IBNLCO_00119__gene,-0.001142983422266715,0.001142983422266715
cnv_depth__IBNLCO_03401__ATP__CDS__promoter,0.0011425079268399835,0.0011425079268399835
cnv_depth__IBNLCO_00246__Dipeptide__CDS__promoter,-0.001139459263667281,0.001139459263667281
cnv_depth__IBNLCO_05039__L-lactate__CDS,-0.0011370808741752651,0.0011370808741752651
cnv_depth__IBNLCO_01483__3-oxoacid__CDS__promoter,-0.0011370018845028257,0.0011370018845028257
cnv_depth__IBNLCO_01721__hypothetical__CDS__promoter,0.0011349125518308552,0.0011349125518308552
cnv_depth__IBNLCO_02967__IBNLCO_02967__gene,0.001131541983246802,0.001131541983246802
cnv_depth__IBNLCO_00322__IBNLCO_00322__gene,-0.001131078948433576,0.001131078948433576
cnv_depth__IBNLCO_04057__IBNLCO_04057__gene,0.0011304641226035624,0.0011304641226035624
cnv_depth__IBNLCO_00060__IBNLCO_00060__gene__promoter,-0.0011297908266041155,0.0011297908266041155
cnv_depth__IBNLCO_01978__ATPase__CDS__promoter,-0.0011286916326359562,0.0011286916326359562
cnv_depth__IBNLCO_03354__IBNLCO_03354__gene,0.0011285254381813454,0.0011285254381813454
cnv_depth__IBNLCO_04185__Xenobiotic__CDS,0.0011270729031493077,0.0011270729031493077
cnv_depth__IBNLCO_04127__gnl|Bakta|IBNLCO_04127__CDS,0.001123481144951184,0.001123481144951184
cnv_depth__IBNLCO_02200__Multidrug__CDS,-0.0011230323866517253,0.0011230323866517253
cnv_depth__IBNLCO_03831__IBNLCO_03831__gene,-0.0011222108932761915,0.0011222108932761915
cnv_depth__IBNLCO_03046__Anthranilate__CDS,0.0011217058711900179,0.0011217058711900179
cnv_depth__IBNLCO_04224__IBNLCO_04224__gene,0.0011185170680758515,0.0011185170680758515
cnv_depth__IBNLCO_04804__IBNLCO_04804__gene__promoter,-0.0011172136050285873,0.0011172136050285873
cnv_depth__IBNLCO_00949__IBNLCO_00949__gene__promoter,0.0011161758002891998,0.0011161758002891998
cnv_depth__IBNLCO_00540__Lipopolysaccharide__CDS,0.0011159577949665905,0.0011159577949665905
cnv_depth__IBNLCO_03139__Histidinol__CDS__promoter,0.0011158523239409462,0.0011158523239409462
cnv_depth__IBNLCO_01918__Bile__CDS,0.0011153831684899756,0.0011153831684899756
cnv_depth__IBNLCO_05410__hypothetical__CDS__promoter,-0.0011142643277081948,0.0011142643277081948
cnv_depth__IBNLCO_04759__Membrane__CDS__promoter,-0.001114179056152283,0.001114179056152283
cnv_depth__IBNLCO_03376__Cadmium__CDS__promoter,-0.0011119408853197184,0.0011119408853197184
cnv_depth__IBNLCO_03428__tctD__gene,0.0011107365566832117,0.0011107365566832117
cnv_depth__IBNLCO_05580__hypothetical__CDS__promoter,-0.0011099382678261365,0.0011099382678261365
cnv_depth__IBNLCO_05484__Putative__CDS__promoter,0.0011098834516901578,0.0011098834516901578
cnv_depth__IBNLCO_00998__Histidine/lysine/arginine/ornithine__CDS,-0.001108957078017022,0.001108957078017022
cnv_depth__IBNLCO_04946__Aminotransferase__CDS__promoter,-0.0011088992355309667,0.0011088992355309667
cnv_depth__IBNLCO_03587__IBNLCO_03587__gene,-0.0011084673496172927,0.0011084673496172927
cnv_depth__IBNLCO_04068__IBNLCO_04068__gene__promoter,0.0011079088313822923,0.0011079088313822923
cnv_depth__IBNLCO_04678__IBNLCO_04678__gene__promoter,0.0011068862959504203,0.0011068862959504203
cnv_depth__IBNLCO_04821__IBNLCO_04821__gene__promoter,-0.00110583462420625,0.00110583462420625
cnv_depth__IBNLCO_02028__Porin%2C__CDS__promoter,0.001105411019196887,0.001105411019196887
cnv_depth__IBNLCO_02195__gnl|Bakta|IBNLCO_02195__CDS,-0.0011045407588172937,0.0011045407588172937
cnv_depth__IBNLCO_04682__IBNLCO_04682__gene,-0.001103898021354011,0.001103898021354011
cnv_depth__IBNLCO_04696__ugpC__gene__promoter,0.0011036336797756775,0.0011036336797756775
cnv_depth__IBNLCO_00109__IBNLCO_00109__gene__promoter,0.0011034738591307709,0.0011034738591307709
cnv_depth__IBNLCO_01943__IBNLCO_01943__gene,0.00110092183189614,0.00110092183189614
cnv_depth__IBNLCO_03499__Type__CDS__promoter,-0.0011003484184896341,0.0011003484184896341
cnv_depth__IBNLCO_00845__UPF0234__CDS__promoter,0.001100206488483302,0.001100206488483302
cnv_depth__IBNLCO_02786__gnl|Bakta|IBNLCO_02786__CDS__promoter,-0.0010986659615946396,0.0010986659615946396
cnv_depth__IBNLCO_02228__Methyltransferase__CDS,-0.001097961560110181,0.001097961560110181
cnv_depth__IBNLCO_03889__IBNLCO_03889__gene__promoter,0.0010967747830415737,0.0010967747830415737
cnv_depth__IBNLCO_02428__Large__CDS__promoter,0.0010951584959417793,0.0010951584959417793
cnv_depth__IBNLCO_01667__DUF1993__CDS,0.0010950908339790553,0.0010950908339790553
cnv_depth__IBNLCO_04493__IBNLCO_04493__gene,0.0010934019648983788,0.0010934019648983788
cnv_depth__IBNLCO_04507__IBNLCO_04507__gene,-0.001092571376455602,0.001092571376455602
cnv_depth__IBNLCO_04336__DNA__CDS,0.0010925258644386756,0.0010925258644386756
cnv_depth__IBNLCO_03308__chemotaxis__CDS__promoter,-0.0010905813365167368,0.0010905813365167368
cnv_depth__IBNLCO_01716__Methyl-accepting__CDS,-0.0010901614635025353,0.0010901614635025353
cnv_depth__IBNLCO_01664__Fe(3+)-hydroxamate__CDS__promoter,0.001089538914503825,0.001089538914503825
cnv_depth__IBNLCO_03279__Endolytic__CDS__promoter,0.001089287542400863,0.001089287542400863
cnv_depth__IBNLCO_00757__IBNLCO_00757__gene__promoter,-0.001088853496524367,0.001088853496524367
cnv_depth__IBNLCO_05692__asnC__gene__promoter,0.001087765203847836,0.001087765203847836
cnv_depth__IBNLCO_03579__IBNLCO_03579__gene__promoter,-0.001084389147926898,0.001084389147926898
cnv_depth__IBNLCO_01688__IBNLCO_01688__gene__promoter,-0.0010840456109897567,0.0010840456109897567
cnv_depth__IBNLCO_02098__eamA__gene,-0.001082425000031518,0.001082425000031518
cnv_depth__IBNLCO_01390__IBNLCO_01390__gene,-0.0010820375299526832,0.0010820375299526832
cnv_depth__IBNLCO_01589__DUF559__CDS__promoter,0.0010817424007618078,0.0010817424007618078
cnv_depth__IBNLCO_03066__Energy-dependent__CDS,-0.0010785910758343337,0.0010785910758343337
cnv_depth__IBNLCO_02601__Glutamate-1-semialdehyde__CDS,0.0010773661626063565,0.0010773661626063565
cnv_depth__IBNLCO_03829__BTH_s39__gene,0.001076571373452487,0.001076571373452487
cnv_depth__IBNLCO_03278__Ribosomal__CDS,-0.0010754116488142563,0.0010754116488142563
cnv_depth__IBNLCO_02936__cynR__gene__promoter,0.0010753664721232922,0.0010753664721232922
cnv_depth__IBNLCO_04657__Polyketide__CDS,0.0010750695289007469,0.0010750695289007469
cnv_depth__IBNLCO_04723__hypothetical__CDS,0.0010722575438067011,0.0010722575438067011
cnv_depth__IBNLCO_00245__IBNLCO_00245__gene,0.0010721070339322015,0.0010721070339322015
cnv_depth__IBNLCO_03406__Sporulation__CDS__promoter,0.0010715478147525542,0.0010715478147525542
cnv_depth__IBNLCO_02029__IBNLCO_02029__gene__promoter,0.0010703931981573954,0.0010703931981573954
cnv_depth__IBNLCO_01550__Sigma-54__CDS,-0.001069744494193891,0.001069744494193891
cnv_depth__IBNLCO_04687__IBNLCO_04687__gene,-0.0010683862598030779,0.0010683862598030779
cnv_depth__IBNLCO_04697__IBNLCO_04697__gene__promoter,-0.0010679419058399536,0.0010679419058399536
cnv_depth__IBNLCO_01067__Electron__CDS__promoter,0.0010659075574539786,0.0010659075574539786
cnv_depth__IBNLCO_05654__Chloramphenicol-sensitive__CDS,0.0010650889957339214,0.0010650889957339214
cnv_depth__IBNLCO_03228__Large__CDS__promoter,0.0010647184577073337,0.0010647184577073337
cnv_depth__IBNLCO_03818__gnl|Bakta|IBNLCO_03818__CDS__promoter,0.0010641635418526879,0.0010641635418526879
cnv_depth__IBNLCO_01549__DUF2134__CDS,-0.0010638973678055662,0.0010638973678055662
cnv_depth__IBNLCO_03281__IBNLCO_03281__gene__promoter,0.0010633362581849786,0.0010633362581849786
cnv_depth__IBNLCO_00314__glmU__gene,-0.0010612245670978612,0.0010612245670978612
cnv_depth__IBNLCO_04804__IBNLCO_04804__gene,0.0010605597756526179,0.0010605597756526179
cnv_depth__IBNLCO_03225__Large__CDS,0.001058480333195694,0.001058480333195694
cnv_depth__IBNLCO_04352__IBNLCO_04352__gene__promoter,-0.00105768014029103,0.00105768014029103
cnv_depth__IBNLCO_05844__IBNLCO_05844__gene__promoter,-0.0010570686530437694,0.0010570686530437694
cnv_depth__IBNLCO_00440__Phosphoenolpyruvate-protein__CDS__promoter,0.001057044700255843,0.001057044700255843
cnv_depth__IBNLCO_00043__IBNLCO_00043__gene__promoter,0.0010562285438632912,0.0010562285438632912
cnv_depth__IBNLCO_01502__IBNLCO_01502__gene,-0.0010557662468873227,0.0010557662468873227
cnv_depth__IBNLCO_01366__IBNLCO_01366__gene,0.0010534390498496509,0.0010534390498496509
cnv_depth__IBNLCO_00495__lysR__gene,-0.0010523133546981255,0.0010523133546981255
cnv_depth__IBNLCO_03482__4-hydroxybenzoate__CDS__promoter,0.001050433186997814,0.001050433186997814
cnv_depth__IBNLCO_01653__IBNLCO_01653__gene,-0.0010496956162832378,0.0010496956162832378
cnv_depth__IBNLCO_05300__lysE__gene,0.0010491893604469814,0.0010491893604469814
cnv_depth__IBNLCO_00648__lptD__gene,-0.0010469813690248825,0.0010469813690248825
cnv_depth__IBNLCO_03099__OmpA-like__CDS,0.0010421582099971068,0.0010421582099971068
cnv_depth__IBNLCO_03425__IBNLCO_03425__gene,-0.0010409391284713861,0.0010409391284713861
cnv_depth__IBNLCO_01870__ybiT__gene__promoter,0.0010401734828676139,0.0010401734828676139
cnv_depth__IBNLCO_02750__trnK__gene,-0.0010401346469679454,0.0010401346469679454
cnv_depth__IBNLCO_05035__IBNLCO_05035__gene,0.001039637561676082,0.001039637561676082
cnv_depth__IBNLCO_05829__IBNLCO_05829__gene,0.0010374424368999686,0.0010374424368999686
cnv_depth__IBNLCO_00704__IBNLCO_00704__gene__promoter,-0.0010365407834279825,0.0010365407834279825
cnv_depth__IBNLCO_05750__IBNLCO_05750__gene,0.001036038902598394,0.001036038902598394
cnv_depth__IBNLCO_02135__yffB__gene__promoter,-0.001035936436418466,0.001035936436418466
cnv_depth__IBNLCO_03372__Amino__CDS,-0.0010357943235052602,0.0010357943235052602
cnv_depth__IBNLCO_03365__IBNLCO_03365__gene,0.0010357515810481505,0.0010357515810481505
cnv_depth__IBNLCO_00058__IBNLCO_00058__gene,-0.001033911588878918,0.001033911588878918
cnv_depth__IBNLCO_02011__ppiD__gene,-0.0010313177399716988,0.0010313177399716988
cnv_depth__IBNLCO_03337__gnl|Bakta|IBNLCO_03337__CDS,0.001030380482404328,0.001030380482404328
cnv_depth__IBNLCO_04699__Family__CDS__promoter,-0.001030325642186348,0.001030325642186348
cnv_depth__IBNLCO_04135__IBNLCO_04135__gene__promoter,0.0010303256039944824,0.0010303256039944824
cnv_depth__IBNLCO_00702__IBNLCO_00702__gene__promoter,0.0010290596089164385,0.0010290596089164385
cnv_depth__IBNLCO_03098__Type__CDS,-0.001028896353512663,0.001028896353512663
cnv_depth__IBNLCO_00949__Adenosylcobinamide-GDP__CDS,-0.001028166391315081,0.001028166391315081
cnv_depth__IBNLCO_05076__IBNLCO_05076__gene,0.0010244502768336418,0.0010244502768336418
cnv_depth__IBNLCO_04802__IBNLCO_04802__gene,0.0010239591102347637,0.0010239591102347637
cnv_depth__IBNLCO_02809__dnaK__gene__promoter,0.0010220124978183311,0.0010220124978183311
cnv_depth__IBNLCO_04063__DUF2917__CDS__promoter,-0.0010213495534434067,0.0010213495534434067
cnv_depth__IBNLCO_02983__IBNLCO_02983__gene__promoter,0.0010207165422781528,0.0010207165422781528
cnv_depth__IBNLCO_00927__IBNLCO_00927__gene,0.0010191360609467244,0.0010191360609467244
cnv_depth__IBNLCO_02410__Pyridoxine__CDS,0.0010153840672398988,0.0010153840672398988
cnv_depth__IBNLCO_00120__esaS__gene,0.0010153012291529845,0.0010153012291529845
cnv_depth__IBNLCO_04729__IBNLCO_04729__gene__promoter,-0.0010136032972209365,0.0010136032972209365
cnv_depth__IBNLCO_05669__IBNLCO_05669__gene__promoter,-0.001013272306615644,0.001013272306615644
cnv_depth__IBNLCO_00063__IBNLCO_00063__gene__promoter,-0.0010118522061614546,0.0010118522061614546
cnv_depth__IBNLCO_00653__IBNLCO_00653__gene,-0.0010116394959243612,0.0010116394959243612
cnv_depth__unknown__unknown__regulatory.7,-0.0010106524340259082,0.0010106524340259082
cnv_depth__IBNLCO_05043__LysE__CDS,0.0010101502219257055,0.0010101502219257055
cnv_depth__IBNLCO_02199__Adenylyl-sulfate__CDS,0.0010100090311500306,0.0010100090311500306
cnv_depth__IBNLCO_00880__clpA__gene__promoter,-0.0010091488100240405,0.0010091488100240405
cnv_depth__IBNLCO_02395__Cytochrome__CDS,0.0010090039348248986,0.0010090039348248986
cnv_depth__IBNLCO_03416__Branched-chain__CDS,0.0010079490199863018,0.0010079490199863018
cnv_depth__IBNLCO_00734__Lipocalin-like__CDS__promoter,0.0010077696431570948,0.0010077696431570948
cnv_depth__IBNLCO_02153__uspA__gene__promoter,-0.0010077023479545808,0.0010077023479545808
cnv_depth__IBNLCO_01536__IBNLCO_01536__gene__promoter,-0.0010069226474768512,0.0010069226474768512
cnv_depth__IBNLCO_04403__IBNLCO_04403__gene,0.0010063610935672875,0.0010063610935672875
cnv_depth__IBNLCO_01858__putative__CDS,-0.0010060062652193214,0.0010060062652193214
cnv_depth__IBNLCO_01848__HlyD__CDS__promoter,-0.0010057921663321737,0.0010057921663321737
cnv_depth__IBNLCO_00948__Nicotinate-nucleotide--dimethylbenzimidazole__CDS,0.0010056656574225855,0.0010056656574225855
cnv_depth__IBNLCO_00634__IBNLCO_00634__gene__promoter,0.000998048888176579,0.000998048888176579
cnv_depth__IBNLCO_03477__IBNLCO_03477__gene,0.0009952863730216368,0.0009952863730216368
cnv_depth__IBNLCO_05158__moxC__gene__promoter,0.000993730928442485,0.000993730928442485
cnv_depth__IBNLCO_03379__IBNLCO_03379__gene__promoter,0.000993624355258752,0.000993624355258752
cnv_depth__IBNLCO_00446__secB__gene,0.0009906246303540043,0.0009906246303540043
cnv_depth__IBNLCO_02086__hypothetical__CDS,0.0009905036616081227,0.0009905036616081227
cnv_depth__IBNLCO_05513__hypothetical__CDS__promoter,-0.0009881444393161954,0.0009881444393161954
cnv_depth__IBNLCO_00583__IBNLCO_00583__gene__promoter,-0.0009880177642537903,0.0009880177642537903
cnv_depth__IBNLCO_04591__hypothetical__CDS,-0.0009870591869685255,0.0009870591869685255
cnv_depth__IBNLCO_02963__IBNLCO_02963__gene,-0.000984536684138978,0.000984536684138978
cnv_depth__IBNLCO_00747__DUF2889__CDS__promoter,0.0009837480906154542,0.0009837480906154542
cnv_depth__IBNLCO_02911__Glutamate/aspartate__CDS,-0.0009784508196260392,0.0009784508196260392
cnv_depth__IBNLCO_03448__IBNLCO_03448__gene,0.0009779215650965996,0.0009779215650965996
cnv_depth__IBNLCO_01672__Ferrichrome-iron__CDS,0.0009773006996300967,0.0009773006996300967
cnv_depth__IBNLCO_05178__Mannose-6-phosphate__CDS,0.0009770375498115258,0.0009770375498115258
cnv_depth__IBNLCO_03589__IBNLCO_03589__gene,0.0009763127743729475,0.0009763127743729475
cnv_depth__IBNLCO_02226__Outer__CDS__promoter,-0.000976264319485463,0.000976264319485463
cnv_depth__IBNLCO_01227__Fe(3+)__CDS,0.0009747007534027707,0.0009747007534027707
cnv_depth__IBNLCO_02312__IBNLCO_02312__gene,0.000974429537878466,0.000974429537878466
cnv_depth__IBNLCO_03283__fieF__gene,0.000972500546119448,0.000972500546119448
cnv_depth__IBNLCO_02132__eamA__gene,-0.0009719654908217408,0.0009719654908217408
cnv_depth__IBNLCO_04303__IBNLCO_04303__gene,0.0009712532609527964,0.0009712532609527964
cnv_depth__IBNLCO_04688__corA__gene,-0.0009711081066780733,0.0009711081066780733
cnv_depth__IBNLCO_03408__mnmG__gene__promoter,0.0009706251246060085,0.0009706251246060085
cnv_depth__IBNLCO_04163__Porin__CDS__promoter,0.0009697502252825658,0.0009697502252825658
cnv_depth__IBNLCO_02151__IBNLCO_02151__gene__promoter,-0.0009671335872516823,0.0009671335872516823
cnv_depth__IBNLCO_03598__IBNLCO_03598__gene__promoter,-0.0009670642116967243,0.0009670642116967243
cnv_depth__IBNLCO_03513__IBNLCO_03513__gene__promoter,0.0009643094378622797,0.0009643094378622797
cnv_depth__IBNLCO_03368__IBNLCO_03368__gene,-0.0009641760267987766,0.0009641760267987766
cnv_depth__IBNLCO_04065__LysR-family__CDS,0.0009630853111739996,0.0009630853111739996
cnv_depth__IBNLCO_04090__histidine__CDS,0.0009629818130722545,0.0009629818130722545
cnv_depth__IBNLCO_00284__IBNLCO_00284__gene,0.0009627977229337307,0.0009627977229337307
cnv_depth__IBNLCO_05298__IBNLCO_05298__gene__promoter,-0.0009627432478656017,0.0009627432478656017
cnv_depth__IBNLCO_03359__IBNLCO_03359__gene,0.0009619456607577406,0.0009619456607577406
cnv_depth__IBNLCO_04428__DNA__CDS,0.0009614849244750897,0.0009614849244750897
cnv_depth__IBNLCO_01864__IBNLCO_01864__gene,-0.0009613990330022284,0.0009613990330022284
cnv_depth__IBNLCO_01180__Acyl-CoA__CDS,0.0009608725804387618,0.0009608725804387618
cnv_depth__IBNLCO_02724__hypothetical__CDS__promoter,-0.0009608276021853528,0.0009608276021853528
cnv_depth__IBNLCO_05019__SctN__CDS,-0.0009589640898712145,0.0009589640898712145
cnv_depth__IBNLCO_04756__Outer__CDS,-0.000958741264912559,0.000958741264912559
cnv_depth__IBNLCO_04401__IBNLCO_04401__gene__promoter,0.0009576975747573999,0.0009576975747573999
cnv_depth__IBNLCO_02470__IBNLCO_02470__gene__promoter,-0.0009570123222536668,0.0009570123222536668
cnv_depth__IBNLCO_00253__DUF969__CDS,-0.0009568375246990121,0.0009568375246990121
cnv_depth__IBNLCO_02761__IBNLCO_02761__gene,-0.0009556382693272833,0.0009556382693272833
cnv_depth__IBNLCO_05058__Cellulose__CDS,-0.0009551303408870456,0.0009551303408870456
cnv_depth__IBNLCO_02760__IBNLCO_02760__gene,-0.0009548310048305363,0.0009548310048305363
cnv_depth__IBNLCO_03653__2-methylcitrate__CDS,-0.0009511612657161994,0.0009511612657161994
cnv_depth__IBNLCO_02784__wcbG__gene__promoter,0.0009490231733796715,0.0009490231733796715
cnv_depth__IBNLCO_05847__2-hydroxy-1%2C4-benzoquinone__CDS,-0.0009472646522534431,0.0009472646522534431
cnv_depth__IBNLCO_03680__IBNLCO_03680__gene__promoter,-0.0009461318925462763,0.0009461318925462763
cnv_depth__IBNLCO_00104__Membrane__CDS__promoter,0.0009459580183298322,0.0009459580183298322
cnv_depth__IBNLCO_03191__Small__CDS__promoter,-0.0009458103932561749,0.0009458103932561749
cnv_depth__IBNLCO_04558__Polyglutamate__CDS,-0.0009433625320054898,0.0009433625320054898
cnv_depth__IBNLCO_05748__IBNLCO_05748__gene,-0.0009429861829712064,0.0009429861829712064
cnv_depth__IBNLCO_05823__hypothetical__CDS,0.0009424034346091257,0.0009424034346091257
cnv_depth__IBNLCO_02265__IBNLCO_02265__gene,-0.000939782734466194,0.000939782734466194
cnv_depth__IBNLCO_03149__Intermembrane__CDS__promoter,-0.0009397746160159147,0.0009397746160159147
cnv_depth__IBNLCO_00004__IBNLCO_00004__gene,0.0009367437680696266,0.0009367437680696266
cnv_depth__IBNLCO_03604__IBNLCO_03604__gene,0.0009364546131295918,0.0009364546131295918
cnv_depth__IBNLCO_00953__IBNLCO_00953__gene__promoter,0.0009310637473973099,0.0009310637473973099
cnv_depth__IBNLCO_03073__IBNLCO_03073__gene__promoter,-0.0009284708658518554,0.0009284708658518554
cnv_depth__IBNLCO_03577__IBNLCO_03577__gene,0.0009279135351805605,0.0009279135351805605
cnv_depth__IBNLCO_05245__Methyltransferase__CDS,0.0009277796836170766,0.0009277796836170766
cnv_depth__IBNLCO_01235__IBNLCO_01235__gene__promoter,0.0009260493442713715,0.0009260493442713715
cnv_depth__IBNLCO_02704__IBNLCO_02704__gene,0.0009237293169098547,0.0009237293169098547
cnv_depth__IBNLCO_03611__OmpA-like__CDS__promoter,0.0009201688682185263,0.0009201688682185263
cnv_depth__IBNLCO_05587__IBNLCO_05587__gene,0.0009193570091473867,0.0009193570091473867
cnv_depth__IBNLCO_00276__ycgR__gene__promoter,-0.0009191318299195684,0.0009191318299195684
cnv_depth__IBNLCO_02768__IBNLCO_02768__gene,0.0009167585843167718,0.0009167585843167718
cnv_depth__IBNLCO_01725__IBNLCO_01725__gene,0.0009166307334898122,0.0009166307334898122
cnv_depth__IBNLCO_02790__capsular__CDS__promoter,0.0009162085169554933,0.0009162085169554933
cnv_depth__IBNLCO_01965__Calcineurin-like__CDS,-0.0009159737511793044,0.0009159737511793044
cnv_depth__IBNLCO_03391__IBNLCO_03391__gene,-0.0009148404177596724,0.0009148404177596724
cnv_depth__IBNLCO_03774__IBNLCO_03774__gene__promoter,0.0009135099936605246,0.0009135099936605246
cnv_depth__IBNLCO_02576__hypothetical__CDS__promoter,-0.000913301210455832,0.000913301210455832
cnv_depth__IBNLCO_02561__dITP/XTP__CDS__promoter,0.0009126462914826831,0.0009126462914826831
cnv_depth__IBNLCO_00681__deoR__gene,-0.0009107408394570767,0.0009107408394570767
cnv_depth__IBNLCO_01402__Major__CDS__promoter,0.0009098533288126946,0.0009098533288126946
cnv_depth__IBNLCO_04293__IBNLCO_04293__gene,0.0009090409582130947,0.0009090409582130947
cnv_depth__IBNLCO_03413__IBNLCO_03413__gene,-0.0009086676470347203,0.0009086676470347203
cnv_depth__IBNLCO_04686__hypothetical__CDS,-0.0009060886542966691,0.0009060886542966691
cnv_depth__IBNLCO_04622__Response__CDS__promoter,-0.0009050615026807084,0.0009050615026807084
cnv_depth__IBNLCO_02042__DUF1800__CDS__promoter,-0.0009045767592443988,0.0009045767592443988
cnv_depth__IBNLCO_03449__IBNLCO_03449__gene__promoter,0.00090420825119776,0.00090420825119776
cnv_depth__IBNLCO_03344__IBNLCO_03344__gene__promoter,0.000903788700884459,0.000903788700884459
cnv_depth__IBNLCO_01973__IBNLCO_01973__gene__promoter,0.0009031899000727369,0.0009031899000727369
cnv_depth__IBNLCO_02017__IBNLCO_02017__gene__promoter,-0.0009015135216595507,0.0009015135216595507
cnv_depth__IBNLCO_05059__yhjQ__gene,0.0009014253493028799,0.0009014253493028799
cnv_depth__IBNLCO_02641__hypothetical__CDS__promoter,-0.000900627254650347,0.000900627254650347
cnv_depth__IBNLCO_03164__ugpC__gene__promoter,0.000900192199639634,0.000900192199639634
cnv_depth__IBNLCO_03609__LysR__CDS,-0.000899724285638542,0.000899724285638542
cnv_depth__IBNLCO_03337__gnl|Bakta|IBNLCO_03337__CDS__promoter,0.000899077406777442,0.000899077406777442
cnv_depth__IBNLCO_01316__IBNLCO_01316__gene__promoter,-0.0008977430380741307,0.0008977430380741307
cnv_depth__IBNLCO_00440__Phosphoenolpyruvate-protein__CDS,-0.0008968494581300215,0.0008968494581300215
cnv_depth__IBNLCO_03109__vasD__gene,-0.0008965098114684955,0.0008965098114684955
cnv_depth__unknown__unknown__source.1,-0.0008950065311771765,0.0008950065311771765
cnv_depth__IBNLCO_03424__IBNLCO_03424__gene__promoter,-0.0008941404452824151,0.0008941404452824151
cnv_depth__IBNLCO_01143__IBNLCO_01143__gene,-0.0008930796345371327,0.0008930796345371327
cnv_depth__IBNLCO_02762__gnl|Bakta|IBNLCO_02762__CDS__promoter,0.0008912564688702691,0.0008912564688702691
cnv_depth__IBNLCO_00473__IBNLCO_00473__gene,0.0008904181129716514,0.0008904181129716514
cnv_depth__IBNLCO_02023__IBNLCO_02023__gene,-0.0008901238019996285,0.0008901238019996285
cnv_depth__IBNLCO_00009__IBNLCO_00009__gene,0.0008887900545869186,0.0008887900545869186
cnv_depth__IBNLCO_05216__Aconitate__CDS,0.000888588424146709,0.000888588424146709
cnv_depth__IBNLCO_00332__EamA__CDS__promoter,-0.0008866848731228516,0.0008866848731228516
cnv_depth__IBNLCO_02121__IBNLCO_02121__gene__promoter,0.0008863126468765263,0.0008863126468765263
cnv_depth__IBNLCO_01129__gnl|Bakta|IBNLCO_01129__CDS,-0.000886086083871911,0.000886086083871911
cnv_depth__IBNLCO_03975__tssC1__gene,-0.0008857388697028158,0.0008857388697028158
cnv_depth__IBNLCO_01387__DUF4123__CDS__promoter,-0.0008842226469519096,0.0008842226469519096
cnv_depth__IBNLCO_04928__HTH__CDS,-0.0008838026176408821,0.0008838026176408821
cnv_depth__IBNLCO_00597__IBNLCO_00597__gene__promoter,0.0008828999530040285,0.0008828999530040285
cnv_depth__unknown__unknown__regulatory.6,0.0008805291759021845,0.0008805291759021845
cnv_depth__IBNLCO_02096__IBNLCO_02096__gene,0.0008770071456570621,0.0008770071456570621
cnv_depth__IBNLCO_03468__IBNLCO_03468__gene__promoter,0.0008756481665372604,0.0008756481665372604
cnv_depth__IBNLCO_03162__OmpW__CDS__promoter,0.0008749939842373803,0.0008749939842373803
cnv_depth__IBNLCO_02081__IBNLCO_02081__gene,-0.0008711895900273349,0.0008711895900273349
cnv_depth__IBNLCO_05157__IBNLCO_05157__gene,0.0008693236306758285,0.0008693236306758285
cnv_depth__IBNLCO_03706__luxP__gene,-0.0008678028889071039,0.0008678028889071039
cnv_depth__IBNLCO_00173__IBNLCO_00173__gene,0.0008666923155929181,0.0008666923155929181
cnv_depth__IBNLCO_05308__IBNLCO_05308__gene,0.0008661724836984657,0.0008661724836984657
cnv_depth__IBNLCO_00204__3'%2C5'-cyclic-nucleotide__CDS__promoter,0.0008650189400712657,0.0008650189400712657
cnv_depth__IBNLCO_01644__Putative__CDS,-0.0008647122112751279,0.0008647122112751279
cnv_depth__IBNLCO_05250__DNA__CDS__promoter,-0.0008640573786439211,0.0008640573786439211
cnv_depth__IBNLCO_04394__iclR__gene__promoter,0.0008627819144646316,0.0008627819144646316
cnv_depth__IBNLCO_04110__HTH-type__CDS,-0.0008626689680993516,0.0008626689680993516
cnv_depth__IBNLCO_05020__type__CDS,-0.000861817393181301,0.000861817393181301
cnv_depth__IBNLCO_05296__LysE__CDS,0.000860857865552788,0.000860857865552788
cnv_depth__IBNLCO_05676__IBNLCO_05676__gene,0.0008607081636456943,0.0008607081636456943
cnv_depth__IBNLCO_01192__IBNLCO_01192__gene__promoter,-0.0008597391974427879,0.0008597391974427879
cnv_depth__IBNLCO_05024__IBNLCO_05024__gene,0.0008595906008154623,0.0008595906008154623
cnv_depth__IBNLCO_00826__hypothetical__CDS__promoter,0.0008592012550660838,0.0008592012550660838
cnv_depth__IBNLCO_03738__IBNLCO_03738__gene,0.0008575442835982116,0.0008575442835982116
cnv_depth__IBNLCO_03135__hisH__gene,0.0008571032612241023,0.0008571032612241023
cnv_depth__IBNLCO_02081__hypothetical__CDS__promoter,-0.0008565228989694448,0.0008565228989694448
cnv_depth__IBNLCO_05315__IBNLCO_05315__gene,0.0008561945766988485,0.0008561945766988485
cnv_depth__IBNLCO_03704__Putative__CDS__promoter,-0.0008534154037424717,0.0008534154037424717
cnv_depth__IBNLCO_05827__IBNLCO_05827__gene__promoter,0.0008525247892445297,0.0008525247892445297
cnv_depth__IBNLCO_04727__IBNLCO_04727__gene,-0.0008515945457104204,0.0008515945457104204
cnv_depth__IBNLCO_03398__ATP__CDS,0.0008483767588741459,0.0008483767588741459
cnv_depth__IBNLCO_01855__norR__gene,-0.0008482561675488771,0.0008482561675488771
cnv_depth__IBNLCO_04845__IBNLCO_04845__gene,0.0008469416645109132,0.0008469416645109132
cnv_depth__IBNLCO_02344__gnl|Bakta|IBNLCO_02344__CDS__promoter,-0.0008458969614265259,0.0008458969614265259
cnv_depth__IBNLCO_02510__DNA__CDS__promoter,-0.0008431286073956151,0.0008431286073956151
cnv_depth__IBNLCO_01074__Formate-dependent__CDS__promoter,-0.000841717470010672,0.000841717470010672
cnv_depth__IBNLCO_04462__oxdC__gene__promoter,-0.0008390926231146952,0.0008390926231146952
cnv_depth__IBNLCO_03695__IBNLCO_03695__gene__promoter,0.0008388251850941118,0.0008388251850941118
cnv_depth__IBNLCO_01405__IBNLCO_01405__gene,-0.0008386653636469163,0.0008386653636469163
cnv_depth__IBNLCO_05779__hypothetical__CDS,-0.0008369412308752,0.0008369412308752
cnv_depth__IBNLCO_02417__putative__CDS__promoter,0.0008366520202375011,0.0008366520202375011
cnv_depth__IBNLCO_00461__Heme__CDS,-0.0008365399347603712,0.0008365399347603712
cnv_depth__IBNLCO_04146__Dibenzothiophene__CDS__promoter,-0.0008358314902013773,0.0008358314902013773
cnv_depth__IBNLCO_04035__livH__gene,-0.0008356309280094375,0.0008356309280094375
cnv_depth__IBNLCO_01969__IBNLCO_01969__gene,-0.0008350743512316639,0.0008350743512316639
cnv_depth__IBNLCO_00121__esaR__gene__promoter,0.0008344915437707949,0.0008344915437707949
cnv_depth__IBNLCO_00761__IBNLCO_00761__gene,-0.0008343891818727973,0.0008343891818727973
cnv_depth__IBNLCO_01447__IBNLCO_01447__gene,0.0008320221008071834,0.0008320221008071834
cnv_depth__IBNLCO_01668__ABC__CDS,-0.0008310850372008723,0.0008310850372008723
cnv_depth__IBNLCO_02489__IBNLCO_02489__gene,-0.0008303982587965233,0.0008303982587965233
cnv_depth__IBNLCO_05722__IBNLCO_05722__gene__promoter,0.0008299772285344576,0.0008299772285344576
cnv_depth__IBNLCO_04735__IBNLCO_04735__gene,0.0008274693732202155,0.0008274693732202155
cnv_depth__IBNLCO_04824__IBNLCO_04824__gene,-0.0008255210535530148,0.0008255210535530148
cnv_depth__IBNLCO_03044__Ribulose-phosphate__CDS__promoter,0.0008241543030008758,0.0008241543030008758
cnv_depth__IBNLCO_05747__IBNLCO_05747__gene,0.0008235137063109533,0.0008235137063109533
cnv_depth__IBNLCO_04472__mprA__gene__promoter,0.0008234424183458725,0.0008234424183458725
cnv_depth__IBNLCO_00956__IBNLCO_00956__gene,-0.0008232395574725394,0.0008232395574725394
cnv_depth__IBNLCO_02935__IBNLCO_02935__gene__promoter,0.0008232122209720548,0.0008232122209720548
cnv_depth__IBNLCO_01582__IBNLCO_01582__gene,-0.0008231640702694557,0.0008231640702694557
cnv_depth__IBNLCO_00346__SCO1/SenC__CDS__promoter,-0.0008213576874732891,0.0008213576874732891
cnv_depth__IBNLCO_00082__gnl|Bakta|IBNLCO_00082__CDS__promoter,-0.0008207903020203657,0.0008207903020203657
cnv_depth__IBNLCO_04720__IBNLCO_04720__gene,-0.0008190295448226197,0.0008190295448226197
cnv_depth__IBNLCO_05083__type__CDS__promoter,-0.0008183200814344749,0.0008183200814344749
cnv_depth__IBNLCO_04396__IBNLCO_04396__gene,-0.000818200884697577,0.000818200884697577
cnv_depth__IBNLCO_03459__DUF692__CDS,0.0008175284018427062,0.0008175284018427062
cnv_depth__IBNLCO_03281__IBNLCO_03281__gene,-0.0008165123717425816,0.0008165123717425816
cnv_depth__IBNLCO_03999__IBNLCO_03999__gene__promoter,-0.0008160348577258171,0.0008160348577258171
cnv_depth__IBNLCO_04515__Ca2+:H+__CDS,-0.0008146285817411665,0.0008146285817411665
cnv_depth__IBNLCO_03061__HTH__CDS__promoter,-0.0008144249334871524,0.0008144249334871524
cnv_depth__IBNLCO_02905__SHSP__CDS__promoter,0.0008127844695779266,0.0008127844695779266
cnv_depth__IBNLCO_02188__bulE__gene__promoter,0.0008118909208801512,0.0008118909208801512
cnv_depth__IBNLCO_05118__Carrier__CDS__promoter,0.0008116873379279674,0.0008116873379279674
cnv_depth__IBNLCO_00237__IBNLCO_00237__gene,0.0008116674211598689,0.0008116674211598689
cnv_depth__IBNLCO_03381__IBNLCO_03381__gene__promoter,-0.0008097245311989294,0.0008097245311989294
cnv_depth__IBNLCO_05233__IBNLCO_05233__gene,0.0008086471659058658,0.0008086471659058658
cnv_depth__IBNLCO_03290__Aspartyl-tRNA(Asn)__CDS,-0.0008084778387604269,0.0008084778387604269
cnv_depth__IBNLCO_02088__S-adenosylhomocysteine__CDS,0.0008084352213917731,0.0008084352213917731
cnv_depth__IBNLCO_00012__Type__CDS,0.0008045650286905499,0.0008045650286905499
cnv_depth__IBNLCO_01360__glgB__gene__promoter,0.0008040138116727479,0.0008040138116727479
cnv_depth__IBNLCO_02443__IBNLCO_02443__gene__promoter,-0.0008035198003974182,0.0008035198003974182
cnv_depth__IBNLCO_00010__gspC__gene,-0.0008014852505584076,0.0008014852505584076
cnv_depth__IBNLCO_03270__gnl|Bakta|IBNLCO_03270__CDS__promoter,-0.000800858873274634,0.000800858873274634
cnv_depth__IBNLCO_00896__IBNLCO_00896__gene,-0.0008003236774296328,0.0008003236774296328
cnv_depth__IBNLCO_05650__(3S)-malyl-CoA__CDS__promoter,-0.000799278881373374,0.000799278881373374
cnv_depth__IBNLCO_03124__IBNLCO_03124__gene__promoter,-0.000798048783645674,0.000798048783645674
cnv_depth__IBNLCO_02536__IBNLCO_02536__gene,-0.0007976102002507573,0.0007976102002507573
cnv_depth__IBNLCO_01508__IBNLCO_01508__gene,0.0007975540679899133,0.0007975540679899133
cnv_depth__IBNLCO_05799__IBNLCO_05799__gene,0.0007959596429480629,0.0007959596429480629
cnv_depth__IBNLCO_02751__Flagellar__CDS,-0.0007955741211329073,0.0007955741211329073
cnv_depth__IBNLCO_04556__DnaK-related__CDS,0.0007940215230453781,0.0007940215230453781
cnv_depth__IBNLCO_04012__IBNLCO_04012__gene,-0.0007929484460342931,0.0007929484460342931
cnv_depth__IBNLCO_01744__IBNLCO_01744__gene,0.0007927705706114122,0.0007927705706114122
cnv_depth__IBNLCO_05127__IBNLCO_05127__gene,0.0007924390749000768,0.0007924390749000768
cnv_depth__IBNLCO_01857__IBNLCO_01857__gene,-0.0007911474172140999,0.0007911474172140999
cnv_depth__IBNLCO_00437__IBNLCO_00437__gene__promoter,0.0007910559725508356,0.0007910559725508356
cnv_depth__IBNLCO_04069__phosphoenolpyruvate__CDS__promoter,0.0007885593597268014,0.0007885593597268014
cnv_depth__IBNLCO_03380__FAD__CDS,0.0007878565155365216,0.0007878565155365216
cnv_depth__IBNLCO_00283__IBNLCO_00283__gene,-0.0007866850177287943,0.0007866850177287943
cnv_depth__IBNLCO_05835__Peptidase__CDS,0.0007860960108960712,0.0007860960108960712
cnv_depth__IBNLCO_04214__HTH-type__CDS,0.0007850855541500233,0.0007850855541500233
cnv_depth__IBNLCO_05299__IBNLCO_05299__gene__promoter,0.0007845159253421292,0.0007845159253421292
cnv_depth__IBNLCO_04062__Bacteriophage__CDS,0.0007819614170607619,0.0007819614170607619
cnv_depth__IBNLCO_03047__Anthranilate__CDS,0.0007812582656072632,0.0007812582656072632
cnv_depth__IBNLCO_00962__Acetyl-CoA__CDS,0.0007811769742791561,0.0007811769742791561
cnv_depth__IBNLCO_04256__Monosaccharide__CDS,0.000780093211970333,0.000780093211970333
cnv_depth__IBNLCO_01747__Transmembrane__CDS,-0.0007795445297491464,0.0007795445297491464
cnv_depth__IBNLCO_04126__Taurine__CDS,0.0007786525607002753,0.0007786525607002753
cnv_depth__IBNLCO_01590__trnH__gene__promoter,0.0007768687870319585,0.0007768687870319585
cnv_depth__IBNLCO_04261__2-keto-3-deoxy-L-fuconate__CDS__promoter,-0.0007763545110435082,0.0007763545110435082
cnv_depth__IBNLCO_03161__Transposase__CDS,-0.0007756017828136329,0.0007756017828136329
cnv_depth__IBNLCO_00262__IBNLCO_00262__gene,-0.0007741557574480225,0.0007741557574480225
cnv_depth__IBNLCO_01274__IBNLCO_01274__gene__promoter,0.0007731308595694046,0.0007731308595694046
cnv_depth__IBNLCO_04791__D-lactate__CDS,0.0007700220237965839,0.0007700220237965839
cnv_depth__IBNLCO_02529__Xanthine__CDS,-0.0007699369987206625,0.0007699369987206625
cnv_depth__IBNLCO_00614__IBNLCO_00614__gene,0.0007694446193234602,0.0007694446193234602
cnv_depth__IBNLCO_04857__IBNLCO_04857__gene,0.0007683757894310718,0.0007683757894310718
cnv_depth__IBNLCO_05578__IBNLCO_05578__gene,0.0007678856226747116,0.0007678856226747116
cnv_depth__IBNLCO_00656__IBNLCO_00656__gene__promoter,0.0007677134526621355,0.0007677134526621355
cnv_depth__IBNLCO_03867__IBNLCO_03867__gene__promoter,0.0007669016323243275,0.0007669016323243275
cnv_depth__IBNLCO_01040__Major__CDS,0.0007666955307848524,0.0007666955307848524
cnv_depth__IBNLCO_00419__IBNLCO_00419__gene__promoter,0.0007658432001730217,0.0007658432001730217
cnv_depth__IBNLCO_05347__IBNLCO_05347__gene__promoter,0.0007650105940353728,0.0007650105940353728
cnv_depth__IBNLCO_04316__Universal__CDS,0.0007644415464007691,0.0007644415464007691
cnv_depth__IBNLCO_05276__IBNLCO_05276__gene__promoter,0.000764269573324473,0.000764269573324473
cnv_depth__IBNLCO_02145__IBNLCO_02145__gene,-0.000764037520451724,0.000764037520451724
cnv_depth__IBNLCO_04036__Branched-chain__CDS__promoter,0.0007635034254529473,0.0007635034254529473
cnv_depth__IBNLCO_02590__IBNLCO_02590__gene__promoter,0.0007626998899629265,0.0007626998899629265
cnv_depth__IBNLCO_03007__secA__gene,-0.0007625327468617349,0.0007625327468617349
cnv_depth__IBNLCO_03028__IBNLCO_03028__gene,0.000762489681888007,0.000762489681888007
cnv_depth__IBNLCO_02186__IBNLCO_02186__gene__promoter,0.0007617678446223823,0.0007617678446223823
cnv_depth__IBNLCO_00284__IBNLCO_00284__gene__promoter,-0.0007601618387039403,0.0007601618387039403
cnv_depth__IBNLCO_02871__proton-translocating__CDS__promoter,-0.0007598051273342118,0.0007598051273342118
cnv_depth__IBNLCO_00275__flgJ__gene,-0.0007593078485380335,0.0007593078485380335
cnv_depth__IBNLCO_04065__LysR-family__CDS__promoter,0.0007591818016094507,0.0007591818016094507
cnv_depth__IBNLCO_05852__Chromosome__CDS__promoter,0.0007589507187053335,0.0007589507187053335
cnv_depth__IBNLCO_01288__Putative__CDS,0.0007584580932091298,0.0007584580932091298
cnv_depth__IBNLCO_05289__CBS__CDS,-0.0007567477143525927,0.0007567477143525927
cnv_depth__IBNLCO_03624__IBNLCO_03624__gene,-0.0007561009858572643,0.0007561009858572643
cnv_depth__IBNLCO_03160__Glutamate__CDS__promoter,0.000755048905567874,0.000755048905567874
cnv_depth__IBNLCO_01015__Phosphatidylethanolamine-binding__CDS__promoter,0.0007546464435654245,0.0007546464435654245
cnv_depth__IBNLCO_04812__gnl|Bakta|IBNLCO_04812__CDS,0.0007545196890195159,0.0007545196890195159
cnv_depth__IBNLCO_04039__IBNLCO_04039__gene,0.0007527337611112657,0.0007527337611112657
cnv_depth__IBNLCO_02719__Arabinose__CDS,0.0007496014447360697,0.0007496014447360697
cnv_depth__IBNLCO_01673__phosphoribosylglycinamide__CDS__promoter,0.000745755787721249,0.000745755787721249
cnv_depth__IBNLCO_03509__IBNLCO_03509__gene,-0.0007432605689384006,0.0007432605689384006
cnv_depth__IBNLCO_01020__gnl|Bakta|IBNLCO_01020__CDS,-0.0007427065322291148,0.0007427065322291148
cnv_depth__IBNLCO_01986__Endolytic__CDS__promoter,-0.0007404570165823612,0.0007404570165823612
cnv_depth__IBNLCO_05512__IBNLCO_05512__gene__promoter,0.0007401254735519714,0.0007401254735519714
cnv_depth__IBNLCO_04931__IBNLCO_04931__gene,-0.0007399164816088426,0.0007399164816088426
cnv_depth__IBNLCO_00122__trnF__gene,0.0007384202863472698,0.0007384202863472698
cnv_depth__IBNLCO_05068__Transmembrane__CDS,-0.0007376920938994991,0.0007376920938994991
cnv_depth__IBNLCO_02561__dITP/XTP__CDS,-0.0007371688092863824,0.0007371688092863824
cnv_depth__IBNLCO_00583__IBNLCO_00583__gene,-0.0007357147580780025,0.0007357147580780025
cnv_depth__IBNLCO_05407__Carboxylesterase__CDS,-0.0007353165165375415,0.0007353165165375415
cnv_depth__IBNLCO_03442__50S__CDS,0.0007350860565786573,0.0007350860565786573
cnv_depth__IBNLCO_01178__IBNLCO_01178__gene__promoter,-0.0007343499084498737,0.0007343499084498737
cnv_depth__IBNLCO_03182__Cytochrome__CDS,0.0007341454427219529,0.0007341454427219529
cnv_depth__IBNLCO_04586__ribD__gene__promoter,-0.0007332861134690983,0.0007332861134690983
cnv_depth__IBNLCO_01719__AraC__CDS,0.0007305060933135743,0.0007305060933135743
cnv_depth__IBNLCO_05610__gnl|Bakta|IBNLCO_05610__CDS,0.0007299544351935678,0.0007299544351935678
cnv_depth__IBNLCO_01885__IBNLCO_01885__gene,-0.0007296501616998433,0.0007296501616998433
cnv_depth__IBNLCO_01657__gnl|Bakta|IBNLCO_01657__CDS,-0.0007288190618115665,0.0007288190618115665
cnv_depth__IBNLCO_03354__IBNLCO_03354__gene__promoter,0.0007272966733224919,0.0007272966733224919
cnv_depth__IBNLCO_03358__IBNLCO_03358__gene,0.0007266795056168439,0.0007266795056168439
cnv_depth__IBNLCO_04325__IBNLCO_04325__gene__promoter,-0.0007264195227114728,0.0007264195227114728
cnv_depth__IBNLCO_03063__hypothetical__CDS,-0.0007249189489414974,0.0007249189489414974
cnv_depth__IBNLCO_05131__IBNLCO_05131__gene,0.0007240891210678245,0.0007240891210678245
cnv_depth__IBNLCO_00283__IBNLCO_00283__gene__promoter,0.0007169766107086843,0.0007169766107086843
cnv_depth__IBNLCO_00114__Peptide__CDS__promoter,0.0007150920150774349,0.0007150920150774349
cnv_depth__IBNLCO_00412__IBNLCO_00412__gene__promoter,-0.0007131969568640849,0.0007131969568640849
cnv_depth__IBNLCO_01416__IBNLCO_01416__gene,-0.0007078008097814162,0.0007078008097814162
cnv_depth__IBNLCO_00256__IBNLCO_00256__gene__promoter,-0.0007069801024292533,0.0007069801024292533
cnv_depth__IBNLCO_03847__trnS__gene__promoter,0.0007068711749317879,0.0007068711749317879
cnv_depth__IBNLCO_02110__IBNLCO_02110__gene__promoter,-0.0007061367471030332,0.0007061367471030332
cnv_depth__IBNLCO_01267__Glutamine--fructose-6-phosphate__CDS,-0.0007018485190741864,0.0007018485190741864
cnv_depth__IBNLCO_04956__IBNLCO_04956__gene__promoter,-0.0007004732155590598,0.0007004732155590598
cnv_depth__IBNLCO_04053__Iron__CDS,0.0006995066016530403,0.0006995066016530403
cnv_depth__IBNLCO_05133__Regulator__CDS__promoter,-0.0006989660253483574,0.0006989660253483574
cnv_depth__IBNLCO_02170__Inner__CDS,-0.0006983208828196307,0.0006983208828196307
cnv_depth__IBNLCO_01954__IBNLCO_01954__gene,-0.0006976148102411556,0.0006976148102411556
cnv_depth__IBNLCO_00614__IBNLCO_00614__gene__promoter,-0.000696636905651045,0.000696636905651045
cnv_depth__IBNLCO_05293__Proline--tRNA__CDS__promoter,-0.0006965963300235564,0.0006965963300235564
cnv_depth__IBNLCO_00416__IBNLCO_00416__gene,0.0006964461791727411,0.0006964461791727411
cnv_depth__IBNLCO_04433__IBNLCO_04433__gene,0.0006962412051331611,0.0006962412051331611
cnv_depth__IBNLCO_03196__secY__gene,0.0006950948631395284,0.0006950948631395284
cnv_depth__IBNLCO_01099__plcR__gene,-0.0006949402869273454,0.0006949402869273454
cnv_depth__IBNLCO_02731__IBNLCO_02731__gene__promoter,0.0006942990103560008,0.0006942990103560008
cnv_depth__IBNLCO_03138__IBNLCO_03138__gene__promoter,-0.0006905068834705798,0.0006905068834705798
cnv_depth__IBNLCO_04196__Acyl-CoA__CDS__promoter,-0.0006904106318622069,0.0006904106318622069
cnv_depth__IBNLCO_00815__nepI__gene__promoter,0.0006901871960796292,0.0006901871960796292
cnv_depth__IBNLCO_02629__Thiosulfate__CDS,-0.0006883281957418647,0.0006883281957418647
cnv_depth__IBNLCO_03632__hypothetical__CDS,0.0006866389281372631,0.0006866389281372631
cnv_depth__IBNLCO_04095__IBNLCO_04095__gene__promoter,-0.0006850884467203147,0.0006850884467203147
cnv_depth__IBNLCO_04211__Secretory__CDS__promoter,0.000684605815038519,0.000684605815038519
cnv_depth__IBNLCO_05731__Divalent__CDS,0.0006838792578099341,0.0006838792578099341
cnv_depth__IBNLCO_03527__IBNLCO_03527__gene__promoter,-0.0006826500440257787,0.0006826500440257787
cnv_depth__IBNLCO_03396__ATP__CDS,0.0006797343858174665,0.0006797343858174665
cnv_depth__IBNLCO_04790__IBNLCO_04790__gene,-0.0006795416148915284,0.0006795416148915284
cnv_depth__IBNLCO_04820__hypothetical__CDS,-0.0006784367102996794,0.0006784367102996794
cnv_depth__IBNLCO_05013__SctT__CDS,-0.0006768709503210282,0.0006768709503210282
cnv_depth__IBNLCO_00985__Bifunctional__CDS__promoter,-0.0006750120400152277,0.0006750120400152277
cnv_depth__IBNLCO_03264__IBNLCO_03264__gene,0.0006737048718865612,0.0006737048718865612
cnv_depth__IBNLCO_04308__hypothetical__CDS,0.0006731995505954954,0.0006731995505954954
cnv_depth__IBNLCO_02687__DUF2957__CDS__promoter,-0.0006730709288809909,0.0006730709288809909
cnv_depth__IBNLCO_02351__SUF__CDS,-0.0006728939584580969,0.0006728939584580969
cnv_depth__IBNLCO_01415__IBNLCO_01415__gene,-0.0006716493294526333,0.0006716493294526333
cnv_depth__IBNLCO_03128__IBNLCO_03128__gene,-0.0006704747212230963,0.0006704747212230963
cnv_depth__IBNLCO_01648__ABC__CDS,-0.0006669299360408106,0.0006669299360408106
cnv_depth__IBNLCO_01367__HTH-type__CDS__promoter,0.0006664233385985896,0.0006664233385985896
cnv_depth__IBNLCO_02891__GSH-dependent__CDS,-0.0006660178723154543,0.0006660178723154543
cnv_depth__IBNLCO_01017__IBNLCO_01017__gene__promoter,-0.0006617638934487256,0.0006617638934487256
cnv_depth__IBNLCO_04843__IBNLCO_04843__gene__promoter,0.0006615140838071433,0.0006615140838071433
cnv_depth__IBNLCO_03997__IBNLCO_03997__gene__promoter,-0.0006609292074568263,0.0006609292074568263
cnv_depth__IBNLCO_04776__Glutathione__CDS__promoter,-0.0006600626854897209,0.0006600626854897209
cnv_depth__IBNLCO_02147__IBNLCO_02147__gene__promoter,0.0006599215575932652,0.0006599215575932652
cnv_depth__IBNLCO_01251__IBNLCO_01251__gene__promoter,-0.0006585416119901764,0.0006585416119901764
cnv_depth__IBNLCO_03015__UDP-N-acetylmuramate--L-alanine__CDS,0.0006577938249192088,0.0006577938249192088
cnv_depth__IBNLCO_03157__IBNLCO_03157__gene,0.0006576221674203317,0.0006576221674203317
cnv_depth__IBNLCO_03907__Flavin__CDS,-0.0006564622541370719,0.0006564622541370719
cnv_depth__IBNLCO_02082__DUF2399__CDS__promoter,0.0006556154965545092,0.0006556154965545092
cnv_depth__IBNLCO_05007__SctA__CDS__promoter,0.0006532821182311993,0.0006532821182311993
cnv_depth__IBNLCO_00113__DprA__CDS__promoter,0.0006496504365162973,0.0006496504365162973
cnv_depth__IBNLCO_02513__Phosphoglycolate__CDS,-0.0006482258266728688,0.0006482258266728688
cnv_depth__IBNLCO_00742__nanT__gene,-0.000648132013466791,0.000648132013466791
cnv_depth__IBNLCO_02777__D-glycero-d-manno-heptose__CDS,0.0006449700172297339,0.0006449700172297339
cnv_depth__IBNLCO_02265__IBNLCO_02265__gene__promoter,-0.0006430599898002072,0.0006430599898002072
cnv_depth__IBNLCO_03003__DNA__CDS,-0.0006428406194244782,0.0006428406194244782
cnv_depth__IBNLCO_03111__dotU__gene__promoter,0.0006413577452450356,0.0006413577452450356
cnv_depth__IBNLCO_04237__gerE__gene,0.0006411321656180705,0.0006411321656180705
cnv_depth__IBNLCO_00928__sulfate__CDS,0.0006398408291495339,0.0006398408291495339
cnv_depth__IBNLCO_00677__IBNLCO_00677__gene__promoter,-0.0006392937926448119,0.0006392937926448119
cnv_depth__IBNLCO_04137__HTH__CDS,-0.0006385970882012496,0.0006385970882012496
cnv_depth__IBNLCO_05233__Triacylglycerol__CDS__promoter,-0.0006368512418121499,0.0006368512418121499
cnv_depth__IBNLCO_03218__Elongation__CDS__promoter,0.0006368278009616689,0.0006368278009616689
cnv_depth__IBNLCO_04565__Bifunctional__CDS,-0.0006368005977025316,0.0006368005977025316
cnv_depth__IBNLCO_03236__rrf__gene__promoter,-0.0006365361192266897,0.0006365361192266897
cnv_depth__IBNLCO_02496__IBNLCO_02496__gene,0.0006355428354173487,0.0006355428354173487
cnv_depth__IBNLCO_03236__rrf__gene,0.0006347360232167257,0.0006347360232167257
cnv_depth__IBNLCO_02366__N-succinylarginine__CDS,-0.0006345857513354822,0.0006345857513354822
cnv_depth__IBNLCO_00086__Spermidine__CDS,0.0006341105534337687,0.0006341105534337687
cnv_depth__IBNLCO_00481__IBNLCO_00481__gene,0.000633905730201457,0.000633905730201457
cnv_depth__IBNLCO_00757__IBNLCO_00757__gene,0.0006326274740683141,0.0006326274740683141
cnv_depth__IBNLCO_03090__IBNLCO_03090__gene,-0.0006317574875797949,0.0006317574875797949
cnv_depth__IBNLCO_05307__Linear__CDS__promoter,0.0006299122744986633,0.0006299122744986633
cnv_depth__IBNLCO_04190__3-oxoacyl-[acyl-carrier-protein]__CDS__promoter,-0.0006289677217395955,0.0006289677217395955
cnv_depth__IBNLCO_00098__lysR__gene__promoter,-0.0006275115599883691,0.0006275115599883691
cnv_depth__IBNLCO_04689__IBNLCO_04689__gene,-0.0006274814472516534,0.0006274814472516534
cnv_depth__IBNLCO_01309__Carbamoyl__CDS,-0.0006270834253383936,0.0006270834253383936
cnv_depth__IBNLCO_01665__IBNLCO_01665__gene,-0.0006247150480154319,0.0006247150480154319
cnv_depth__IBNLCO_03275__BON__CDS,0.0006213451109679208,0.0006213451109679208
cnv_depth__IBNLCO_00725__IBNLCO_00725__gene,0.0006192677466553566,0.0006192677466553566
cnv_depth__IBNLCO_02063__Transcriptional__CDS,0.0006158562172976735,0.0006158562172976735
cnv_depth__IBNLCO_04535__ywtG__gene,-0.0006151779503833084,0.0006151779503833084
cnv_depth__IBNLCO_01016__DUF5594__CDS,-0.0006151323457470356,0.0006151323457470356
cnv_depth__IBNLCO_01674__IBNLCO_01674__gene,-0.0006148443620764365,0.0006148443620764365
cnv_depth__IBNLCO_03171__Type__CDS,0.000614196732722137,0.000614196732722137
cnv_depth__IBNLCO_00813__HTH__CDS,-0.0006141073252549445,0.0006141073252549445
cnv_depth__IBNLCO_01379__Cytochrome__CDS__promoter,-0.0006113815511127982,0.0006113815511127982
cnv_depth__IBNLCO_01903__Outer__CDS,0.0006110602334987047,0.0006110602334987047
cnv_depth__IBNLCO_03408__mnmG__gene,0.0006086430209123413,0.0006086430209123413
cnv_depth__IBNLCO_03130__Transmembrane__CDS,-0.0006079456537928945,0.0006079456537928945
cnv_depth__IBNLCO_03645__IBNLCO_03645__gene,-0.0006075285728036277,0.0006075285728036277
cnv_depth__IBNLCO_02839__phnG__gene,-0.0006066469754847263,0.0006066469754847263
cnv_depth__IBNLCO_03378__padR__gene,-0.0006052962786679806,0.0006052962786679806
cnv_depth__IBNLCO_04453__IBNLCO_04453__gene,-0.0006052181665064755,0.0006052181665064755
cnv_depth__IBNLCO_03388__hypothetical__CDS,0.0006050934984162687,0.0006050934984162687
cnv_depth__IBNLCO_03592__lysR__gene__promoter,0.0006040966219336619,0.0006040966219336619
cnv_depth__IBNLCO_02085__hypothetical__CDS__promoter,-0.0006040786570431285,0.0006040786570431285
cnv_depth__IBNLCO_04634__jamP__gene,0.0006019998640981656,0.0006019998640981656
cnv_depth__IBNLCO_04373__porin__CDS__promoter,-0.0006001114179365795,0.0006001114179365795
cnv_depth__IBNLCO_02157__IBNLCO_02157__gene__promoter,0.0005938755690283324,0.0005938755690283324
cnv_depth__IBNLCO_04935__IBNLCO_04935__gene,0.0005929529379509035,0.0005929529379509035
cnv_depth__IBNLCO_01949__arnA__gene,0.0005927511799527554,0.0005927511799527554
cnv_depth__IBNLCO_01403__lysR__gene,-0.0005921389562764468,0.0005921389562764468
cnv_depth__IBNLCO_02982__ampD__gene,0.0005918448792829096,0.0005918448792829096
cnv_depth__IBNLCO_00259__Lytic__CDS,0.000591091482123374,0.000591091482123374
cnv_depth__IBNLCO_02354__sufT__gene,-0.0005909814330163425,0.0005909814330163425
cnv_depth__IBNLCO_03575__IBNLCO_03575__gene__promoter,-0.0005886997713826556,0.0005886997713826556
cnv_depth__IBNLCO_01377__hypothetical__CDS__promoter,0.000588018382916298,0.000588018382916298
cnv_depth__IBNLCO_04635__IBNLCO_04635__gene,0.0005878075836922173,0.0005878075836922173
cnv_depth__IBNLCO_04781__HTH-type__CDS__promoter,-0.0005865840034147898,0.0005865840034147898
cnv_depth__IBNLCO_00345__Hydrolase-related__CDS__promoter,0.0005848467912448949,0.0005848467912448949
cnv_depth__IBNLCO_02628__Protein-L-isoaspartate__CDS,0.0005848057099094861,0.0005848057099094861
cnv_depth__IBNLCO_02917__IBNLCO_02917__gene__promoter,0.0005841159769838009,0.0005841159769838009
cnv_depth__IBNLCO_02040__IBNLCO_02040__gene,-0.0005837005947312432,0.0005837005947312432
cnv_depth__IBNLCO_05582__DUF4123__CDS__promoter,-0.0005830388560894285,0.0005830388560894285
cnv_depth__IBNLCO_05853__IBNLCO_05853__gene__promoter,-0.0005821694770704712,0.0005821694770704712
cnv_depth__IBNLCO_02787__wzt2__gene,0.0005817535556425588,0.0005817535556425588
cnv_depth__IBNLCO_00346__IBNLCO_00346__gene,0.0005814733989121778,0.0005814733989121778
cnv_depth__IBNLCO_01703__Carbamate__CDS,0.0005813318060497746,0.0005813318060497746
cnv_depth__IBNLCO_00033__IBNLCO_00033__gene__promoter,-0.0005799983952364194,0.0005799983952364194
cnv_depth__IBNLCO_02158__IBNLCO_02158__gene__promoter,-0.000578685740551143,0.000578685740551143
cnv_depth__IBNLCO_02679__Co-chaperonin__CDS,-0.0005781783436252067,0.0005781783436252067
cnv_depth__IBNLCO_05806__Thiol:disulfide__CDS,0.0005778172847314664,0.0005778172847314664
cnv_depth__IBNLCO_01492__IBNLCO_01492__gene,0.0005774747051440748,0.0005774747051440748
cnv_depth__IBNLCO_05741__UDP-glucuronate__CDS,-0.0005770034412604648,0.0005770034412604648
cnv_depth__IBNLCO_01900__GTPase__CDS__promoter,0.0005767535492838478,0.0005767535492838478
cnv_depth__IBNLCO_00526__IBNLCO_00526__gene__promoter,-0.0005759992207691538,0.0005759992207691538
cnv_depth__IBNLCO_01053__IBNLCO_01053__gene,-0.000575747381790391,0.000575747381790391
cnv_depth__IBNLCO_01968__Glyoxylate__CDS,0.000575594319334238,0.000575594319334238
cnv_depth__IBNLCO_01268__IBNLCO_01268__gene__promoter,-0.0005743238075758684,0.0005743238075758684
cnv_depth__IBNLCO_03907__IBNLCO_03907__gene__promoter,-0.0005743155852827998,0.0005743155852827998
cnv_depth__IBNLCO_03044__Ribulose-phosphate__CDS,-0.0005731054911803597,0.0005731054911803597
cnv_depth__IBNLCO_05659__IBNLCO_05659__gene,0.0005723123764991217,0.0005723123764991217
cnv_depth__IBNLCO_02821__3-deoxy-7-phosphoheptulonate__CDS__promoter,0.0005721166146438328,0.0005721166146438328
cnv_depth__IBNLCO_01234__RecBCD__CDS,0.0005715720584376372,0.0005715720584376372
cnv_depth__IBNLCO_02374__hisM__gene__promoter,-0.0005706413607610897,0.0005706413607610897
cnv_depth__IBNLCO_00454__Cytochrome__CDS,0.000570571121067094,0.000570571121067094
cnv_depth__IBNLCO_05606__IBNLCO_05606__gene__promoter,-0.0005704689851844618,0.0005704689851844618
cnv_depth__IBNLCO_05330__UDP-glucose:undecaprenyl-phosphate__CDS,-0.0005692831457222926,0.0005692831457222926
cnv_depth__IBNLCO_05678__Pilus__CDS,-0.0005685039935900787,0.0005685039935900787
cnv_depth__IBNLCO_04702__IBNLCO_04702__gene,0.000567193841317749,0.000567193841317749
cnv_depth__IBNLCO_03084__DUF1415__CDS,0.0005660705535647963,0.0005660705535647963
cnv_depth__IBNLCO_00601__IBNLCO_00601__gene,-0.000564927131725862,0.000564927131725862
cnv_depth__IBNLCO_05584__Chaperone__CDS,0.0005628083408733683,0.0005628083408733683
cnv_depth__IBNLCO_02992__GTPase__CDS,0.0005611985942704361,0.0005611985942704361
cnv_depth__IBNLCO_05820__IBNLCO_05820__gene__promoter,0.0005610959429686892,0.0005610959429686892
cnv_depth__IBNLCO_00413__DUF2917__CDS__promoter,0.0005609031162711856,0.0005609031162711856
cnv_depth__IBNLCO_05533__IBNLCO_05533__gene,-0.0005590872406142036,0.0005590872406142036
cnv_depth__IBNLCO_03839__IBNLCO_03839__gene__promoter,0.0005588176790480344,0.0005588176790480344
cnv_depth__IBNLCO_05663__HTH__CDS__promoter,0.0005570533685505561,0.0005570533685505561
cnv_depth__IBNLCO_04588__IBNLCO_04588__gene,-0.0005549813495408861,0.0005549813495408861
cnv_depth__IBNLCO_02075__Muramoyltetrapeptide__CDS,-0.0005548853086966443,0.0005548853086966443
cnv_depth__IBNLCO_01221__Tat__CDS,-0.0005546674317091488,0.0005546674317091488
cnv_depth__IBNLCO_05843__diguanylate__CDS,0.0005535649302833151,0.0005535649302833151
cnv_depth__IBNLCO_02791__IBNLCO_02791__gene,0.0005527376284322086,0.0005527376284322086
cnv_depth__IBNLCO_03977__IBNLCO_03977__gene,-0.0005515246287050658,0.0005515246287050658
cnv_depth__IBNLCO_03601__SMP-30/Gluconolactonase/LRE-like__CDS__promoter,-0.0005481786872814706,0.0005481786872814706
cnv_depth__IBNLCO_02087__Calcineurin-like__CDS,0.0005481016696252323,0.0005481016696252323
cnv_depth__IBNLCO_04016__IBNLCO_04016__gene,-0.0005480439569891338,0.0005480439569891338
cnv_depth__IBNLCO_03824__Pathogen-specific__CDS__promoter,-0.000547741420976487,0.000547741420976487
cnv_depth__IBNLCO_03385__IBNLCO_03385__gene,-0.0005471891946903466,0.0005471891946903466
cnv_depth__IBNLCO_05023__bsaO__gene,0.0005469620469001061,0.0005469620469001061
cnv_depth__IBNLCO_03704__IBNLCO_03704__gene,-0.0005465625460864245,0.0005465625460864245
cnv_depth__IBNLCO_01407__Pili__CDS__promoter,0.0005460362332618941,0.0005460362332618941
cnv_depth__IBNLCO_04743__hypothetical__CDS,-0.000545602702223147,0.000545602702223147
cnv_depth__IBNLCO_03841__Fumarate__CDS__promoter,0.0005454328411328761,0.0005454328411328761
cnv_depth__IBNLCO_03077__IBNLCO_03077__gene,0.0005451026649558276,0.0005451026649558276
cnv_depth__IBNLCO_01583__IBNLCO_01583__gene__promoter,-0.0005419832051273641,0.0005419832051273641
cnv_depth__IBNLCO_00459__SURF1-like__CDS__promoter,-0.0005417820273492235,0.0005417820273492235
cnv_depth__IBNLCO_01693__Glycosyl__CDS,-0.0005398277798535433,0.0005398277798535433
cnv_depth__IBNLCO_00068__IBNLCO_00068__gene,-0.0005348647602963511,0.0005348647602963511
cnv_depth__IBNLCO_01338__Na+__CDS,-0.0005348559789744113,0.0005348559789744113
cnv_depth__IBNLCO_03843__EamA__CDS,-0.0005279706972562962,0.0005279706972562962
cnv_depth__IBNLCO_05831__hpnN__gene__promoter,-0.0005276159162059633,0.0005276159162059633
cnv_depth__IBNLCO_05611__IBNLCO_05611__gene,0.0005225614369670735,0.0005225614369670735
cnv_depth__IBNLCO_00542__Arabinose__CDS,0.0005222506370948209,0.0005222506370948209
cnv_depth__IBNLCO_03428__tctD__gene__promoter,0.0005210356414646294,0.0005210356414646294
cnv_depth__IBNLCO_01588__IBNLCO_01588__gene,0.0005209520971176259,0.0005209520971176259
cnv_depth__IBNLCO_03438__2-amino-3-ketobutyrate__CDS,0.0005209318833180407,0.0005209318833180407
cnv_depth__IBNLCO_03052__IBNLCO_03052__gene,-0.0005208788088818399,0.0005208788088818399
cnv_depth__IBNLCO_00792__bpeB__gene,0.0005207494008714421,0.0005207494008714421
cnv_depth__IBNLCO_03091__IBNLCO_03091__gene__promoter,0.0005182169013240416,0.0005182169013240416
cnv_depth__IBNLCO_05667__IBNLCO_05667__gene,0.0005158170529705194,0.0005158170529705194
cnv_depth__IBNLCO_04957__D-mannonate__CDS,0.0005137100390152021,0.0005137100390152021
cnv_depth__IBNLCO_02669__Phospholipid/glycerol__CDS__promoter,0.0005134808005999026,0.0005134808005999026
cnv_depth__IBNLCO_03108__IBNLCO_03108__gene,0.0005129274165760655,0.0005129274165760655
cnv_depth__IBNLCO_04124__IBNLCO_04124__gene__promoter,-0.0005121534990151,0.0005121534990151
cnv_depth__IBNLCO_00175__IBNLCO_00175__gene,0.0005107455383442712,0.0005107455383442712
cnv_depth__IBNLCO_03526__IBNLCO_03526__gene,0.0005105563926209331,0.0005105563926209331
cnv_depth__IBNLCO_03041__peptidoglycan__CDS__promoter,-0.0005096068875871308,0.0005096068875871308
cnv_depth__IBNLCO_03251__4-hydroxyphenylpyruvate__CDS,0.0005082688167638421,0.0005082688167638421
cnv_depth__IBNLCO_05685__IBNLCO_05685__gene,0.0005072881714786412,0.0005072881714786412
cnv_depth__IBNLCO_03633__IBNLCO_03633__gene__promoter,0.0005070341651796426,0.0005070341651796426
cnv_depth__IBNLCO_05258__Exodeoxyribonuclease__CDS__promoter,0.0005064727689065964,0.0005064727689065964
cnv_depth__IBNLCO_03404__Citrate__CDS,0.0005047469793246368,0.0005047469793246368
cnv_depth__IBNLCO_03916__Multicopper__CDS,0.0005035180709994191,0.0005035180709994191
cnv_depth__IBNLCO_04327__IBNLCO_04327__gene__promoter,-0.0005024460739325456,0.0005024460739325456
cnv_depth__IBNLCO_00336__IBNLCO_00336__gene__promoter,-0.0005014472207024019,0.0005014472207024019
cnv_depth__IBNLCO_05798__IBNLCO_05798__gene,-0.0004999090760801042,0.0004999090760801042
cnv_depth__IBNLCO_04054__PepSY__CDS__promoter,-0.0004975733637124243,0.0004975733637124243
cnv_depth__IBNLCO_02350__sufC__gene,0.0004962909509280143,0.0004962909509280143
cnv_depth__IBNLCO_04310__hypothetical__CDS,-0.0004952631496639038,0.0004952631496639038
cnv_depth__IBNLCO_02789__capsule__CDS__promoter,0.0004948489236088022,0.0004948489236088022
cnv_depth__IBNLCO_00652__eamA__gene__promoter,-0.0004943611233889326,0.0004943611233889326
cnv_depth__IBNLCO_03409__ABC__CDS,0.0004923424488236677,0.0004923424488236677
cnv_depth__IBNLCO_04247__trnL__gene__promoter,0.0004917337328352929,0.0004917337328352929
cnv_depth__IBNLCO_03024__Ribosomal__CDS__promoter,-0.0004916435446414183,0.0004916435446414183
cnv_depth__IBNLCO_00099__Putrescine-binding__CDS,0.0004914187136687178,0.0004914187136687178
cnv_depth__IBNLCO_03616__Type__CDS__promoter,-0.0004894240985222116,0.0004894240985222116
cnv_depth__IBNLCO_00537__IBNLCO_00537__gene,0.0004878381998164986,0.0004878381998164986
cnv_depth__IBNLCO_04816__Cysteine__CDS__promoter,-0.0004877759831101682,0.0004877759831101682
cnv_depth__IBNLCO_02135__Protein__CDS,0.0004843771622009595,0.0004843771622009595
cnv_depth__IBNLCO_03727__IBNLCO_03727__gene,0.00048181923800926516,0.00048181923800926516
cnv_depth__IBNLCO_04227__Cytosine__CDS,0.00047818036270061843,0.00047818036270061843
cnv_depth__IBNLCO_01745__doxX__gene,-0.00047584693468382376,0.00047584693468382376
cnv_depth__IBNLCO_05630__lktB__gene,-0.00047577346169576346,0.00047577346169576346
cnv_depth__IBNLCO_02994__Large__CDS,-0.0004753760287002812,0.0004753760287002812
cnv_depth__IBNLCO_02547__Chorismate__CDS__promoter,-0.00047285732185045897,0.00047285732185045897
cnv_depth__IBNLCO_02832__Phosphonates__CDS,-0.00047173441619659473,0.00047173441619659473
cnv_depth__IBNLCO_02192__SAM-dependent__CDS,-0.0004705760373661598,0.0004705760373661598
cnv_depth__IBNLCO_02140__ABC__CDS,-0.0004697574008116585,0.0004697574008116585
cnv_depth__IBNLCO_02745__IBNLCO_02745__gene__promoter,-0.00046971441803733504,0.00046971441803733504
cnv_depth__IBNLCO_03976__IBNLCO_03976__gene,0.0004695159881867865,0.0004695159881867865
cnv_depth__IBNLCO_02234__Ferritin-like__CDS,-0.0004690855759190665,0.0004690855759190665
cnv_depth__IBNLCO_04314__Universal__CDS__promoter,-0.000467723577614608,0.000467723577614608
cnv_depth__IBNLCO_00280__IBNLCO_00280__gene,-0.0004644178983715859,0.0004644178983715859
cnv_depth__IBNLCO_01879__gnl|Bakta|IBNLCO_01879__CDS__promoter,-0.0004642646562592136,0.0004642646562592136
cnv_depth__IBNLCO_00071__RNA__CDS__promoter,-0.00046227663443195046,0.00046227663443195046
cnv_depth__IBNLCO_05836__Glutamate__CDS,0.00046011064735173744,0.00046011064735173744
cnv_depth__IBNLCO_04656__TauD/TfdA-like__CDS,-0.00045970427940909885,0.00045970427940909885
cnv_depth__IBNLCO_01995__IBNLCO_01995__gene,0.0004595406131068925,0.0004595406131068925
cnv_depth__IBNLCO_00819__IBNLCO_00819__gene__promoter,0.00045691856216317414,0.00045691856216317414
cnv_depth__IBNLCO_00269__flgD__gene__promoter,-0.00045637892465285164,0.00045637892465285164
cnv_depth__IBNLCO_02925__lptE__gene__promoter,0.0004560497764061917,0.0004560497764061917
cnv_depth__IBNLCO_00220__Alcohol__CDS__promoter,0.0004500806011290035,0.0004500806011290035
cnv_depth__IBNLCO_01284__hypothetical__CDS,0.0004453622205372927,0.0004453622205372927
cnv_depth__IBNLCO_05265__IBNLCO_05265__gene__promoter,-0.0004450227938378525,0.0004450227938378525
cnv_depth__IBNLCO_01912__IBNLCO_01912__gene,-0.0004447468143134175,0.0004447468143134175
cnv_depth__IBNLCO_01378__IBNLCO_01378__gene,-0.00044408843209346526,0.00044408843209346526
cnv_depth__IBNLCO_03099__OmpA-like__CDS__promoter,-0.00044270183587224587,0.00044270183587224587
cnv_depth__IBNLCO_05460__IBNLCO_05460__gene,0.0004421815800686922,0.0004421815800686922
cnv_depth__IBNLCO_02415__IBNLCO_02415__gene,-0.0004419641637596068,0.0004419641637596068
cnv_depth__IBNLCO_00205__IBNLCO_00205__gene,0.00044189142224887885,0.00044189142224887885
cnv_depth__IBNLCO_00290__IBNLCO_00290__gene,0.0004418569686011957,0.0004418569686011957
cnv_depth__IBNLCO_00381__Sulfoacetaldehyde__CDS__promoter,-0.00044111204134432934,0.00044111204134432934
cnv_depth__IBNLCO_00180__Cell__CDS__promoter,0.00044015154720151084,0.00044015154720151084
cnv_depth__IBNLCO_01987__Glycine__CDS,0.00043962634198397535,0.00043962634198397535
cnv_depth__IBNLCO_01570__IBNLCO_01570__gene,-0.0004385267295566949,0.0004385267295566949
cnv_depth__IBNLCO_00186__IBNLCO_00186__gene,0.00043568948206341876,0.00043568948206341876
cnv_depth__IBNLCO_01949__arnA__gene__promoter,-0.0004356766001328585,0.0004356766001328585
cnv_depth__IBNLCO_01742__IBNLCO_01742__gene,-0.00043492386440641275,0.00043492386440641275
cnv_depth__IBNLCO_03635__IBNLCO_03635__gene,-0.00043459666096898114,0.00043459666096898114
cnv_depth__IBNLCO_00980__IBNLCO_00980__gene,-0.0004340146014832181,0.0004340146014832181
cnv_depth__IBNLCO_03652__IBNLCO_03652__gene__promoter,0.0004337600136673827,0.0004337600136673827
cnv_depth__IBNLCO_00282__IBNLCO_00282__gene,-0.00043346011278010756,0.00043346011278010756
cnv_depth__IBNLCO_04613__copG__gene,0.00043284040557810185,0.00043284040557810185
cnv_depth__IBNLCO_00524__IBNLCO_00524__gene,-0.00043263565969801064,0.00043263565969801064
cnv_depth__IBNLCO_02787__wzt2__gene__promoter,-0.000432234474861346,0.000432234474861346
cnv_depth__IBNLCO_02813__IBNLCO_02813__gene,-0.00042834577423940274,0.00042834577423940274
cnv_depth__IBNLCO_00917__Epoxide__CDS,0.0004275188761567787,0.0004275188761567787
cnv_depth__IBNLCO_04451__D-alanyl-D-alanine__CDS,0.0004264167348940217,0.0004264167348940217
cnv_depth__IBNLCO_03588__dbpA__gene,0.000426328620315658,0.000426328620315658
cnv_depth__IBNLCO_04580__IBNLCO_04580__gene__promoter,-0.0004261587854820136,0.0004261587854820136
cnv_depth__IBNLCO_03125__IBNLCO_03125__gene,-0.00042434497149386403,0.00042434497149386403
cnv_depth__IBNLCO_01649__IBNLCO_01649__gene__promoter,0.000424154060460325,0.000424154060460325
cnv_depth__IBNLCO_00788__IBNLCO_00788__gene,-0.0004235602780367295,0.0004235602780367295
cnv_depth__IBNLCO_03006__Arginine__CDS,0.0004223563024995765,0.0004223563024995765
cnv_depth__IBNLCO_02392__Trehalose__CDS__promoter,-0.0004219446003080928,0.0004219446003080928
cnv_depth__IBNLCO_04225__Cytosine__CDS__promoter,0.0004208395940170363,0.0004208395940170363
cnv_depth__IBNLCO_00453__Cytochrome__CDS,0.00041981060740207667,0.00041981060740207667
cnv_depth__IBNLCO_00990__IBNLCO_00990__gene__promoter,-0.0004197687879456356,0.0004197687879456356
cnv_depth__IBNLCO_01849__mexB__gene,-0.00041819793040250475,0.00041819793040250475
cnv_depth__IBNLCO_02156__Malate__CDS__promoter,0.0004181379070897453,0.0004181379070897453
cnv_depth__IBNLCO_02151__DEAD/DEAH__CDS,0.00041546436485647315,0.00041546436485647315
cnv_depth__IBNLCO_00931__lptG__gene__promoter,0.00041343900531811225,0.00041343900531811225
cnv_depth__IBNLCO_01668__ABC__CDS__promoter,-0.00041302998126551186,0.00041302998126551186
cnv_depth__IBNLCO_03127__Sec-independent__CDS__promoter,-0.0004128566176349564,0.0004128566176349564
cnv_depth__IBNLCO_04575__ATP-dependent__CDS__promoter,-0.00041182175901237334,0.00041182175901237334
cnv_depth__IBNLCO_05828__putative__CDS__promoter,-0.00041152833026824004,0.00041152833026824004
cnv_depth__IBNLCO_04250__IBNLCO_04250__gene,0.0004101796004256341,0.0004101796004256341
cnv_depth__IBNLCO_03089__IBNLCO_03089__gene__promoter,0.00040962167341888976,0.00040962167341888976
cnv_depth__IBNLCO_01395__DUF4123__CDS__promoter,0.0004094242822515941,0.0004094242822515941
cnv_depth__IBNLCO_02894__erpA__gene,0.00040831292325443994,0.00040831292325443994
cnv_depth__IBNLCO_00177__mrdA__gene,0.0004077309625314485,0.0004077309625314485
cnv_depth__IBNLCO_05707__DUF421__CDS__promoter,-0.00040734187771009354,0.00040734187771009354
cnv_depth__IBNLCO_00517__hypothetical__CDS,0.00040576604749789765,0.00040576604749789765
cnv_depth__IBNLCO_04763__YCII-related__CDS,-0.0004037895381954997,0.0004037895381954997
cnv_depth__IBNLCO_03269__IBNLCO_03269__gene__promoter,0.0004011415567888318,0.0004011415567888318
cnv_depth__IBNLCO_05616__ureidoglycolate__CDS,0.0004008263572569996,0.0004008263572569996
cnv_depth__IBNLCO_01471__IBNLCO_01471__gene,0.00040047049972202065,0.00040047049972202065
cnv_depth__IBNLCO_04402__hypothetical__CDS,-0.0004000390576063424,0.0004000390576063424
cnv_depth__IBNLCO_01409__IBNLCO_01409__gene__promoter,0.0003983637252980948,0.0003983637252980948
cnv_depth__IBNLCO_04833__IBNLCO_04833__gene,-0.0003982024542896437,0.0003982024542896437
cnv_depth__IBNLCO_05088__Phosphate__CDS,-0.00039673509039107256,0.00039673509039107256
cnv_depth__IBNLCO_01316__Phosphoglucosamine__CDS,-0.00039606533713660316,0.00039606533713660316
cnv_depth__IBNLCO_02782__wcbI__gene__promoter,0.00039570026382121197,0.00039570026382121197
cnv_depth__IBNLCO_04653__hypothetical__CDS__promoter,-0.000395592336989885,0.000395592336989885
cnv_depth__IBNLCO_00591__novR__gene,0.00039436005757172767,0.00039436005757172767
cnv_depth__IBNLCO_03386__IBNLCO_03386__gene__promoter,0.000394220688123655,0.000394220688123655
cnv_depth__IBNLCO_03658__DUF1842__CDS__promoter,0.0003934643882556364,0.0003934643882556364
cnv_depth__IBNLCO_01867__Inosine-5'-monophosphate__CDS__promoter,0.0003908616577138853,0.0003908616577138853
cnv_depth__IBNLCO_03577__diguanylate__CDS__promoter,0.00038972767375756865,0.00038972767375756865
cnv_depth__IBNLCO_02955__araG__gene,0.0003892857221405959,0.0003892857221405959
cnv_depth__IBNLCO_04465__Bestrophin-like__CDS,-0.00038657545601253226,0.00038657545601253226
cnv_depth__IBNLCO_04117__Family__CDS,0.0003847339456262102,0.0003847339456262102
cnv_depth__IBNLCO_00625__IBNLCO_00625__gene,-0.00038432315550507957,0.00038432315550507957
cnv_depth__IBNLCO_02931__IBNLCO_02931__gene__promoter,0.00038344545052934056,0.00038344545052934056
cnv_depth__IBNLCO_02906__Co-chaperonin__CDS__promoter,-0.00038230226836551227,0.00038230226836551227
cnv_depth__IBNLCO_03248__IBNLCO_03248__gene,0.000381672888882194,0.000381672888882194
cnv_depth__IBNLCO_00955__Bifunctional__CDS,0.0003816037309957981,0.0003816037309957981
cnv_depth__IBNLCO_02789__wcbD__gene,-0.0003812802649388819,0.0003812802649388819
cnv_depth__IBNLCO_03451__Acetoacetate__CDS__promoter,0.00038018428633817506,0.00038018428633817506
cnv_depth__IBNLCO_01878__bktB__gene,-0.00037844145396811595,0.00037844145396811595
cnv_depth__IBNLCO_02248__recJ__gene,0.0003777270045952548,0.0003777270045952548
cnv_depth__IBNLCO_05658__IBNLCO_05658__gene,0.00037729852573658234,0.00037729852573658234
cnv_depth__IBNLCO_01704__IBNLCO_01704__gene__promoter,-0.0003768449162621365,0.0003768449162621365
cnv_depth__IBNLCO_05297__AraC__CDS__promoter,-0.0003764835120432112,0.0003764835120432112
cnv_depth__IBNLCO_01905__IBNLCO_01905__gene,-0.0003763478961802957,0.0003763478961802957
cnv_depth__IBNLCO_03366__ADP-heptose--LPS__CDS,-0.0003726087639205243,0.0003726087639205243
cnv_depth__IBNLCO_04736__IBNLCO_04736__gene,0.00036923187831194355,0.00036923187831194355
cnv_depth__IBNLCO_01485__2%2C3-dihydro-2%2C3-dihydroxybenzoate__CDS__promoter,0.0003677142093527531,0.0003677142093527531
cnv_depth__IBNLCO_02785__wcbF__gene__promoter,0.0003658986687804077,0.0003658986687804077
cnv_depth__IBNLCO_00795__IBNLCO_00795__gene,-0.00036338968996342893,0.00036338968996342893
cnv_depth__IBNLCO_04604__IBNLCO_04604__gene__promoter,0.0003599852541694798,0.0003599852541694798
cnv_depth__IBNLCO_00354__Sulfate-binding__CDS,-0.0003554890376896741,0.0003554890376896741
cnv_depth__IBNLCO_03259__IBNLCO_03259__gene,0.0003547720258777134,0.0003547720258777134
cnv_depth__IBNLCO_05063__IBNLCO_05063__gene__promoter,-0.0003539672338717546,0.0003539672338717546
cnv_depth__IBNLCO_01714__Long-chain-fatty-acid--CoA__CDS,0.00035059263017373166,0.00035059263017373166
cnv_depth__IBNLCO_05047__Fe2OG__CDS,-0.00034810308981847405,0.00034810308981847405
cnv_depth__IBNLCO_04977__response__CDS,0.00034701910106640964,0.00034701910106640964
cnv_depth__IBNLCO_04498__IBNLCO_04498__gene__promoter,-0.000346618931324266,0.000346618931324266
cnv_depth__IBNLCO_02285__Exodeoxyribonuclease__CDS__promoter,-0.00034495770221797627,0.00034495770221797627
cnv_depth__IBNLCO_05745__IBNLCO_05745__gene,-0.00034412499369985245,0.00034412499369985245
cnv_depth__IBNLCO_04789__eamA__gene,0.00034320423286713617,0.00034320423286713617
cnv_depth__IBNLCO_01640__IBNLCO_01640__gene__promoter,-0.0003422271754376197,0.0003422271754376197
cnv_depth__IBNLCO_02162__trnE__gene__promoter,0.00034039691955177096,0.00034039691955177096
cnv_depth__IBNLCO_01955__hypothetical__CDS,-0.00033910564577858027,0.00033910564577858027
cnv_depth__IBNLCO_01932__IBNLCO_01932__gene,0.00033880301480594487,0.00033880301480594487
cnv_depth__IBNLCO_00924__Sulfite__CDS__promoter,0.00033838499340007233,0.00033838499340007233
cnv_depth__IBNLCO_00573__IBNLCO_00573__gene,-0.0003382568056259699,0.0003382568056259699
cnv_depth__IBNLCO_00947__ABC__CDS__promoter,-0.00033779604925033505,0.00033779604925033505
cnv_depth__IBNLCO_01700__IBNLCO_01700__gene,0.0003349287164786874,0.0003349287164786874
cnv_depth__IBNLCO_01340__Acetyl-coenzyme__CDS,-0.0003345486662096534,0.0003345486662096534
cnv_depth__IBNLCO_00261__IBNLCO_00261__gene,-0.000333693504411083,0.000333693504411083
cnv_depth__IBNLCO_04013__Iron-sulfur__CDS,-0.0003332364561713746,0.0003332364561713746
cnv_depth__IBNLCO_00387__5-methyltetrahydrofolate--homocysteine__CDS,-0.00033298183146505337,0.00033298183146505337
cnv_depth__IBNLCO_00004__Nucleoid__CDS__promoter,-0.0003329757667590484,0.0003329757667590484
cnv_depth__IBNLCO_03947__hypothetical__CDS,0.00033296333868247034,0.00033296333868247034
cnv_depth__IBNLCO_01016__DUF5594__CDS__promoter,-0.0003322237894872739,0.0003322237894872739
cnv_depth__IBNLCO_01246__hypothetical__CDS__promoter,0.0003317379412175831,0.0003317379412175831
cnv_depth__IBNLCO_01530__IBNLCO_01530__gene__promoter,-0.0003312631265229201,0.0003312631265229201
cnv_depth__IBNLCO_00200__RNA__CDS,0.0003296207529881973,0.0003296207529881973
cnv_depth__IBNLCO_04654__Nonribosomal__CDS,0.0003287210691952647,0.0003287210691952647
cnv_depth__IBNLCO_00007__Type__CDS,0.0003270492473707077,0.0003270492473707077
cnv_depth__IBNLCO_03054__IBNLCO_03054__gene__promoter,-0.0003253090862391382,0.0003253090862391382
cnv_depth__IBNLCO_05609__IBNLCO_05609__gene__promoter,-0.000324132115295527,0.000324132115295527
cnv_depth__IBNLCO_00766__IBNLCO_00766__gene,0.00032399527469871147,0.00032399527469871147
cnv_depth__IBNLCO_00028__fliN__gene,0.00032257095882331393,0.00032257095882331393
cnv_depth__IBNLCO_03371__Ethanolamine__CDS,-0.00032192189876547434,0.00032192189876547434
cnv_depth__IBNLCO_00642__fdhD__gene__promoter,-0.000320864225955403,0.000320864225955403
cnv_depth__IBNLCO_02503__Integration__CDS,-0.0003198280347874465,0.0003198280347874465
cnv_depth__IBNLCO_04742__IBNLCO_04742__gene__promoter,0.00031968914106944606,0.00031968914106944606
cnv_depth__IBNLCO_02157__Gamma-glutamylcyclotransferase__CDS,-0.0003175105404244025,0.0003175105404244025
cnv_depth__IBNLCO_03500__IBNLCO_03500__gene,0.0003172567049349031,0.0003172567049349031
cnv_depth__IBNLCO_00101__IBNLCO_00101__gene,-0.00031615442800260533,0.00031615442800260533
cnv_depth__IBNLCO_03523__IBNLCO_03523__gene__promoter,-0.000316047338453825,0.000316047338453825
cnv_depth__IBNLCO_01746__DUF1109__CDS__promoter,0.000315538989696586,0.000315538989696586
cnv_depth__IBNLCO_03028__IBNLCO_03028__gene__promoter,0.0003127491617514848,0.0003127491617514848
cnv_depth__IBNLCO_00873__Elongation__CDS,0.00031268677679046226,0.00031268677679046226
cnv_depth__IBNLCO_05843__diguanylate__CDS__promoter,0.0003104242043795918,0.0003104242043795918
cnv_depth__IBNLCO_01639__IBNLCO_01639__gene__promoter,-0.0003103921805829534,0.0003103921805829534
cnv_depth__IBNLCO_00016__gspL__gene,-0.00031004714676342187,0.00031004714676342187
cnv_depth__IBNLCO_02080__hypothetical__CDS__promoter,-0.0003096469824540344,0.0003096469824540344
cnv_depth__IBNLCO_04937__ydjE__gene__promoter,-0.00030733827157908283,0.00030733827157908283
cnv_depth__IBNLCO_03867__IBNLCO_03867__gene,-0.0003070803031083094,0.0003070803031083094
cnv_depth__IBNLCO_01873__fetB__gene,0.0003059823321698848,0.0003059823321698848
cnv_depth__IBNLCO_01412__IBNLCO_01412__gene,-0.00030479877820999244,0.00030479877820999244
cnv_depth__IBNLCO_00919__IBNLCO_00919__gene,0.0003032844046232501,0.0003032844046232501
cnv_depth__IBNLCO_03962__IBNLCO_03962__gene,-0.00030262701454546696,0.00030262701454546696
cnv_depth__IBNLCO_05264__DNA__CDS__promoter,-0.0003024539513066322,0.0003024539513066322
cnv_depth__IBNLCO_01661__hypothetical__CDS__promoter,0.00030244397413824094,0.00030244397413824094
cnv_depth__IBNLCO_04908__Quaternary__CDS,0.0003019162095124717,0.0003019162095124717
cnv_depth__IBNLCO_00603__IBNLCO_00603__gene,-0.000301322592226783,0.000301322592226783
cnv_depth__IBNLCO_04171__IBNLCO_04171__gene__promoter,0.00029883128576717414,0.00029883128576717414
cnv_depth__IBNLCO_00201__cobW__gene,-0.0002987799619326346,0.0002987799619326346
cnv_depth__IBNLCO_05852__Chromosome__CDS,0.00029782505150479727,0.00029782505150479727
cnv_depth__IBNLCO_00730__IBNLCO_00730__gene__promoter,-0.0002958916445455414,0.0002958916445455414
cnv_depth__IBNLCO_01298__UPF0060__CDS,0.0002947983927916906,0.0002947983927916906
cnv_depth__IBNLCO_00192__slmA__gene__promoter,0.00029469910027668875,0.00029469910027668875
cnv_depth__IBNLCO_04155__IBNLCO_04155__gene__promoter,-0.00029344745042156453,0.00029344745042156453
cnv_depth__IBNLCO_02507__Bifunctional__CDS__promoter,-0.0002926604705383715,0.0002926604705383715
cnv_depth__IBNLCO_03119__hypothetical__CDS__promoter,0.0002912306716177399,0.0002912306716177399
cnv_depth__IBNLCO_00048__Branched-chain__CDS__promoter,0.00029068281435756696,0.00029068281435756696
cnv_depth__IBNLCO_01963__IBNLCO_01963__gene,-0.0002892431770354033,0.0002892431770354033
cnv_depth__IBNLCO_00882__gnl|Bakta|IBNLCO_00882__CDS__promoter,-0.00028860101759729795,0.00028860101759729795
cnv_depth__IBNLCO_02148__[Ribosomal__CDS,0.00028808676057326713,0.00028808676057326713
cnv_depth__IBNLCO_00620__IBNLCO_00620__gene__promoter,0.0002879101499491798,0.0002879101499491798
cnv_depth__IBNLCO_03598__IBNLCO_03598__gene,0.00028656876553006367,0.00028656876553006367
cnv_depth__IBNLCO_04429__IBNLCO_04429__gene__promoter,-0.0002858737896048811,0.0002858737896048811
cnv_depth__IBNLCO_03603__L-tyrosine__CDS,0.00028558818244529767,0.00028558818244529767
cnv_depth__IBNLCO_00087__IBNLCO_00087__gene__promoter,0.0002840169242413563,0.0002840169242413563
cnv_depth__IBNLCO_01941__Threonine__CDS__promoter,-0.0002837898945966591,0.0002837898945966591
cnv_depth__IBNLCO_05390__IBNLCO_05390__gene,0.0002815946429816595,0.0002815946429816595
cnv_depth__IBNLCO_03089__gnl|Bakta|IBNLCO_03089__CDS,0.0002813262180406767,0.0002813262180406767
cnv_depth__IBNLCO_00958__Light-independent__CDS__promoter,0.00027982158815246404,0.00027982158815246404
cnv_depth__IBNLCO_03218__Elongation__CDS,0.00027955061399393164,0.00027955061399393164
cnv_depth__IBNLCO_00880__clpA__gene,-0.00027908951740432245,0.00027908951740432245
cnv_depth__IBNLCO_03198__IBNLCO_03198__gene,0.00027861313335788234,0.00027861313335788234
cnv_depth__IBNLCO_01589__DUF559__CDS,0.00027821899217351267,0.00027821899217351267
cnv_depth__IBNLCO_00036__IBNLCO_00036__gene,0.0002767081628867975,0.0002767081628867975
cnv_depth__IBNLCO_00334__ybaK__gene__promoter,-0.0002756554650419464,0.0002756554650419464
cnv_depth__IBNLCO_03733__IBNLCO_03733__gene,0.0002749968557250736,0.0002749968557250736
cnv_depth__IBNLCO_03027__IBNLCO_03027__gene,0.0002742500116217707,0.0002742500116217707
cnv_depth__IBNLCO_01994__hypothetical__CDS,0.00027318713478078347,0.00027318713478078347
cnv_depth__IBNLCO_04838__IBNLCO_04838__gene__promoter,0.0002716165889030752,0.0002716165889030752
cnv_depth__IBNLCO_01096__hypothetical__CDS__promoter,0.00027155162544108876,0.00027155162544108876
cnv_depth__IBNLCO_05827__Cyclohexanone__CDS,-0.00027084701989187033,0.00027084701989187033
cnv_depth__IBNLCO_03800__3-dehydroquinate__CDS__promoter,-0.00027032736447171903,0.00027032736447171903
cnv_depth__IBNLCO_00497__N-acetylglucosamine-6-phosphate__CDS,-0.00027007840582053607,0.00027007840582053607
cnv_depth__IBNLCO_02903__hypothetical__CDS__promoter,-0.0002689553440966282,0.0002689553440966282
cnv_depth__IBNLCO_02216__tRNA__CDS__promoter,0.0002679063408223576,0.0002679063408223576
cnv_depth__IBNLCO_02122__Uridylate__CDS__promoter,-0.0002670853312215215,0.0002670853312215215
cnv_depth__IBNLCO_03840__gnl|Bakta|IBNLCO_03840__CDS,0.0002661933063657577,0.0002661933063657577
cnv_depth__IBNLCO_03893__Cyclic__CDS__promoter,-0.00026594766481312165,0.00026594766481312165
cnv_depth__IBNLCO_01878__Beta-ketothiolase__CDS__promoter,0.0002658786551099678,0.0002658786551099678
cnv_depth__IBNLCO_04758__Membrane-bound__CDS__promoter,-0.00026552692777814747,0.00026552692777814747
cnv_depth__IBNLCO_01302__Hydroxyacylglutathione__CDS,0.00026513489892509586,0.00026513489892509586
cnv_depth__IBNLCO_05296__LysE__CDS__promoter,0.00026497421204817623,0.00026497421204817623
cnv_depth__IBNLCO_00526__4-diphosphocytidyl-2-C-methyl-D-erythritol__CDS,0.00026489776197715764,0.00026489776197715764
cnv_depth__IBNLCO_03338__gnl|Bakta|IBNLCO_03338__CDS__promoter,-0.0002628906718311012,0.0002628906718311012
cnv_depth__IBNLCO_05714__IBNLCO_05714__gene__promoter,-0.000261322348406976,0.000261322348406976
cnv_depth__IBNLCO_03522__IBNLCO_03522__gene,0.00026124385640281073,0.00026124385640281073
cnv_depth__IBNLCO_00053__Molybdenum__CDS,0.00026063758186670416,0.00026063758186670416
cnv_depth__IBNLCO_03573__SnoaL-like__CDS__promoter,-0.00025952364649850014,0.00025952364649850014
cnv_depth__IBNLCO_01671__L-ornithine__CDS__promoter,-0.000259198448884418,0.000259198448884418
cnv_depth__IBNLCO_00552__IBNLCO_00552__gene__promoter,-0.00025907301932153506,0.00025907301932153506
cnv_depth__IBNLCO_01404__Spore__CDS,-0.00025440598410179466,0.00025440598410179466
cnv_depth__IBNLCO_05394__IBNLCO_05394__gene,-0.00025395275234311207,0.00025395275234311207
cnv_depth__IBNLCO_01696__IBNLCO_01696__gene,-0.00025299052273172523,0.00025299052273172523
cnv_depth__IBNLCO_02051__Transcription-repair-coupling__CDS__promoter,0.00025287371421844565,0.00025287371421844565
cnv_depth__IBNLCO_05294__IBNLCO_05294__gene,0.0002528030380557417,0.0002528030380557417
cnv_depth__IBNLCO_02370__IBNLCO_02370__gene__promoter,-0.0002518132342882149,0.0002518132342882149
cnv_depth__IBNLCO_05638__lysR__gene,0.0002518011756388863,0.0002518011756388863
cnv_depth__IBNLCO_04505__SDR__CDS,-0.0002493529755965987,0.0002493529755965987
cnv_depth__IBNLCO_04121__IBNLCO_04121__gene__promoter,-0.0002487046033981645,0.0002487046033981645
cnv_depth__IBNLCO_01863__hypothetical__CDS__promoter,0.00024840360632258054,0.00024840360632258054
cnv_depth__IBNLCO_03390__IBNLCO_03390__gene,-0.0002473869081827908,0.0002473869081827908
cnv_depth__IBNLCO_02666__IBNLCO_02666__gene,-0.00024601247497963704,0.00024601247497963704
cnv_depth__IBNLCO_04530__Ribose__CDS,0.0002437033925612745,0.0002437033925612745
cnv_depth__IBNLCO_02652__IBNLCO_02652__gene,0.0002428961312155807,0.0002428961312155807
cnv_depth__IBNLCO_01377__IBNLCO_01377__gene,0.00024263745511013372,0.00024263745511013372
cnv_depth__IBNLCO_00277__flgK__gene,-0.000242423028692756,0.000242423028692756
cnv_depth__IBNLCO_04282__IBNLCO_04282__gene,-0.00024231045952601945,0.00024231045952601945
cnv_depth__IBNLCO_05576__CBM6__CDS,-0.0002414649304755848,0.0002414649304755848
cnv_depth__IBNLCO_02775__hypothetical__CDS,-0.00023909600473487328,0.00023909600473487328
cnv_depth__IBNLCO_00194__IBNLCO_00194__gene__promoter,0.0002385854612110641,0.0002385854612110641
cnv_depth__IBNLCO_00874__DUF192__CDS__promoter,0.0002374809212389661,0.0002374809212389661
cnv_depth__IBNLCO_01654__rbsA__gene__promoter,0.0002349270810365703,0.0002349270810365703
cnv_depth__IBNLCO_05217__IBNLCO_05217__gene__promoter,-0.0002329872258426441,0.0002329872258426441
cnv_depth__IBNLCO_02904__SHSP__CDS,-0.00022923949664414598,0.00022923949664414598
cnv_depth__IBNLCO_03137__Imidazoleglycerol-phosphate__CDS__promoter,0.00022829575220257981,0.00022829575220257981
cnv_depth__IBNLCO_00072__Catalase-related__CDS__promoter,0.00022790375283155375,0.00022790375283155375
cnv_depth__IBNLCO_03680__hypothetical__CDS,-0.00022721852485587293,0.00022721852485587293
cnv_depth__IBNLCO_00931__LPS__CDS,0.0002263474622333698,0.0002263474622333698
cnv_depth__IBNLCO_02942__Polyamine__CDS__promoter,0.0002256733126462829,0.0002256733126462829
cnv_depth__IBNLCO_01929__4-Amino-4-deoxy-L-arabinose__CDS,-0.00022518575577732249,0.00022518575577732249
cnv_depth__IBNLCO_04262__IBNLCO_04262__gene__promoter,-0.00022517193989601145,0.00022517193989601145
cnv_depth__IBNLCO_04461__IBNLCO_04461__gene,-0.00022346058565892002,0.00022346058565892002
cnv_depth__IBNLCO_01738__gnl|Bakta|IBNLCO_01738__CDS,-0.0002224077120642888,0.0002224077120642888
cnv_depth__IBNLCO_00313__IBNLCO_00313__gene,-0.00022149135713374194,0.00022149135713374194
cnv_depth__IBNLCO_02780__GDP__CDS,0.00022108466495027095,0.00022108466495027095
cnv_depth__IBNLCO_03230__secE__gene,0.00022089664560745603,0.00022089664560745603
cnv_depth__IBNLCO_04079__3-hydroxyisobutyrate__CDS,0.00022016710460600678,0.00022016710460600678
cnv_depth__IBNLCO_00257__IBNLCO_00257__gene__promoter,0.00021999360691427196,0.00021999360691427196
cnv_depth__IBNLCO_00434__IBNLCO_00434__gene__promoter,0.00021994058042360806,0.00021994058042360806
cnv_depth__IBNLCO_05614__LysR__CDS,0.00021860199038806663,0.00021860199038806663
cnv_depth__IBNLCO_03013__Cell__CDS,0.00021858618210644426,0.00021858618210644426
cnv_depth__IBNLCO_01097__Chemotaxis__CDS__promoter,-0.00021849264346299476,0.00021849264346299476
cnv_depth__IBNLCO_01979__mscS__gene__promoter,0.0002181843653942329,0.0002181843653942329
cnv_depth__IBNLCO_03892__IBNLCO_03892__gene__promoter,0.00021676041767880298,0.00021676041767880298
cnv_depth__IBNLCO_04043__Isochorismate__CDS,0.00021661047146912102,0.00021661047146912102
cnv_depth__IBNLCO_03685__Glycine__CDS__promoter,-0.00021509109619798943,0.00021509109619798943
cnv_depth__IBNLCO_04632__IBNLCO_04632__gene,-0.00021424607354721297,0.00021424607354721297
cnv_depth__IBNLCO_03429__IBNLCO_03429__gene,0.0002140680169582146,0.0002140680169582146
cnv_depth__IBNLCO_00194__Acetylglutamate__CDS,-0.00021383452748475912,0.00021383452748475912
cnv_depth__IBNLCO_03699__ABC__CDS__promoter,0.0002118031303466418,0.0002118031303466418
cnv_depth__IBNLCO_02298__CAIB/BAIF__CDS__promoter,-0.00021178849706023382,0.00021178849706023382
cnv_depth__IBNLCO_00615__IBNLCO_00615__gene,-0.00021106746804268228,0.00021106746804268228
cnv_depth__IBNLCO_05632__IBNLCO_05632__gene__promoter,-0.0002105172506726635,0.0002105172506726635
cnv_depth__IBNLCO_00039__histidine__CDS__promoter,0.00021038757308697117,0.00021038757308697117
cnv_depth__IBNLCO_01422__Nudix__CDS,0.00021033247594037268,0.00021033247594037268
cnv_depth__IBNLCO_05377__IBNLCO_05377__gene,0.00020884257888554878,0.00020884257888554878
cnv_depth__IBNLCO_00643__IBNLCO_00643__gene__promoter,-0.0002071517697319621,0.0002071517697319621
cnv_depth__IBNLCO_03261__IBNLCO_03261__gene,0.00020632359817031166,0.00020632359817031166
cnv_depth__IBNLCO_04058__IBNLCO_04058__gene,-0.00020396729867600414,0.00020396729867600414
cnv_depth__IBNLCO_02947__Putative__CDS,-0.00020351867271606517,0.00020351867271606517
cnv_depth__IBNLCO_04049__Gfo/Idh/MocA-like__CDS__promoter,0.0002028729499553045,0.0002028729499553045
cnv_depth__IBNLCO_03612__tssK__gene,0.00020187530445663982,0.00020187530445663982
cnv_depth__IBNLCO_04030__DUF4148__CDS,0.00020082355662658666,0.00020082355662658666
cnv_depth__IBNLCO_04753__Antibiotic__CDS,-0.00019991305130676019,0.00019991305130676019
cnv_depth__IBNLCO_02726__IBNLCO_02726__gene__promoter,0.00019904829660887218,0.00019904829660887218
cnv_depth__IBNLCO_04906__HTH-type__CDS,-0.0001979270473387145,0.0001979270473387145
cnv_depth__IBNLCO_04772__IBNLCO_04772__gene,-0.00019724489832077233,0.00019724489832077233
cnv_depth__IBNLCO_05505__IBNLCO_05505__gene__promoter,0.00019675526182634683,0.00019675526182634683
cnv_depth__IBNLCO_02075__Muramoyltetrapeptide__CDS__promoter,-0.0001961666685197837,0.0001961666685197837
cnv_depth__IBNLCO_02175__4Fe-4S__CDS__promoter,-0.0001954450448991484,0.0001954450448991484
cnv_depth__IBNLCO_01444__luxP__gene,-0.00019326092480340842,0.00019326092480340842
cnv_depth__IBNLCO_01445__SIS__CDS__promoter,0.00019136691301868818,0.00019136691301868818
cnv_depth__IBNLCO_05783__IBNLCO_05783__gene,-0.0001910445617590731,0.0001910445617590731
cnv_depth__IBNLCO_04196__Acyl-CoA__CDS,-0.0001899434179267592,0.0001899434179267592
cnv_depth__IBNLCO_01674__Cobyrinate__CDS__promoter,-0.00018951657255173476,0.00018951657255173476
cnv_depth__IBNLCO_01984__DNA__CDS,-0.00018906967321508518,0.00018906967321508518
cnv_depth__IBNLCO_03760__IBNLCO_03760__gene__promoter,-0.00018654479963154606,0.00018654479963154606
cnv_depth__IBNLCO_03046__Anthranilate__CDS__promoter,-0.00018486609981241428,0.00018486609981241428
cnv_depth__IBNLCO_00176__mrdB__gene,-0.000184082046165312,0.000184082046165312
cnv_depth__IBNLCO_01992__IBNLCO_01992__gene__promoter,-0.0001838904349043272,0.0001838904349043272
cnv_depth__IBNLCO_04692__IBNLCO_04692__gene,0.00018258073212149868,0.00018258073212149868
cnv_depth__IBNLCO_01296__GST__CDS,0.00018205958251345746,0.00018205958251345746
cnv_depth__IBNLCO_03363__IBNLCO_03363__gene,-0.00018194750929100638,0.00018194750929100638
cnv_depth__IBNLCO_05551__Thioesterase__CDS__promoter,0.00017775308052319922,0.00017775308052319922
cnv_depth__IBNLCO_02595__Glutamate__CDS,0.00017634459966794694,0.00017634459966794694
cnv_depth__IBNLCO_02859__IBNLCO_02859__gene,-0.00017387137415547657,0.00017387137415547657
cnv_depth__IBNLCO_02325__IBNLCO_02325__gene,-0.0001727422761845939,0.0001727422761845939
cnv_depth__IBNLCO_05498__OXA-42__CDS,0.00017213086322981133,0.00017213086322981133
cnv_depth__IBNLCO_01973__IBNLCO_01973__gene,0.00017098009080082584,0.00017098009080082584
cnv_depth__IBNLCO_05677__IBNLCO_05677__gene,0.0001692488322038877,0.0001692488322038877
cnv_depth__IBNLCO_01428__Major__CDS__promoter,0.0001644311596478998,0.0001644311596478998
cnv_depth__IBNLCO_02788__wzm__gene,0.00016377622712393291,0.00016377622712393291
cnv_depth__IBNLCO_01709__Putative__CDS__promoter,0.0001635939336352124,0.0001635939336352124
cnv_depth__IBNLCO_03648__IBNLCO_03648__gene__promoter,0.00016039675745637926,0.00016039675745637926
cnv_depth__IBNLCO_04682__RCK__CDS__promoter,-0.00015969869644773935,0.00015969869644773935
cnv_depth__IBNLCO_00556__IBNLCO_00556__gene,0.00015808153229202672,0.00015808153229202672
cnv_depth__IBNLCO_05454__IBNLCO_05454__gene,-0.00015803662755994432,0.00015803662755994432
cnv_depth__IBNLCO_05525__terC__gene,-0.00015718307598361814,0.00015718307598361814
cnv_depth__IBNLCO_03895__Transcriptional__CDS,-0.00015603098164883658,0.00015603098164883658
cnv_depth__unknown__unknown__regulatory,0.00015501728579872472,0.00015501728579872472
cnv_depth__IBNLCO_03525__IBNLCO_03525__gene,-0.00015492081074065274,0.00015492081074065274
cnv_depth__IBNLCO_04719__IBNLCO_04719__gene__promoter,-0.00015306911807751853,0.00015306911807751853
cnv_depth__IBNLCO_03694__IBNLCO_03694__gene,0.00015247266062319361,0.00015247266062319361
cnv_depth__IBNLCO_00295__IBNLCO_00295__gene,-0.0001502886456423288,0.0001502886456423288
cnv_depth__IBNLCO_05640__MmgE/Prp__CDS__promoter,-0.00014929307429422696,0.00014929307429422696
cnv_depth__IBNLCO_00728__IBNLCO_00728__gene__promoter,0.0001485018440130774,0.0001485018440130774
cnv_depth__IBNLCO_00876__IBNLCO_00876__gene,-0.00014724141136277048,0.00014724141136277048
cnv_depth__IBNLCO_00075__IBNLCO_00075__gene,-0.00014641420356880625,0.00014641420356880625
cnv_depth__IBNLCO_05547__Cyclopropane-fatty-acyl-phospholipid__CDS__promoter,-0.0001444255408771192,0.0001444255408771192
cnv_depth__IBNLCO_03928__IBNLCO_03928__gene__promoter,-0.00014433554077139716,0.00014433554077139716
cnv_depth__IBNLCO_01706__IBNLCO_01706__gene__promoter,0.00014392287517115578,0.00014392287517115578
cnv_depth__IBNLCO_03395__hypothetical__CDS__promoter,0.00014231691863390034,0.00014231691863390034
cnv_depth__IBNLCO_01047__2-aminoadipate__CDS__promoter,0.00014054085579948803,0.00014054085579948803
cnv_depth__IBNLCO_04508__prnC__gene__promoter,0.0001402120093551095,0.0001402120093551095
cnv_depth__IBNLCO_01577__IBNLCO_01577__gene,-0.00014013993062276248,0.00014013993062276248
cnv_depth__IBNLCO_04810__IBNLCO_04810__gene__promoter,0.00013896432252829798,0.00013896432252829798
cnv_depth__IBNLCO_03175__Penicillin-binding__CDS,0.0001384585168417188,0.0001384585168417188
cnv_depth__IBNLCO_02270__IBNLCO_02270__gene__promoter,-0.00013712693077463738,0.00013712693077463738
cnv_depth__IBNLCO_00066__IBNLCO_00066__gene__promoter,0.000136224855291312,0.000136224855291312
cnv_depth__IBNLCO_04627__IBNLCO_04627__gene__promoter,-0.0001339402620683653,0.0001339402620683653
cnv_depth__IBNLCO_05649__iclR__gene__promoter,-0.00013377189245749842,0.00013377189245749842
cnv_depth__IBNLCO_02159__IBNLCO_02159__gene,-0.00013164981706138503,0.00013164981706138503
cnv_depth__IBNLCO_04730__IBNLCO_04730__gene,-0.0001313967282192896,0.0001313967282192896
cnv_depth__IBNLCO_03380__FAD__CDS__promoter,0.00013046255520514222,0.00013046255520514222
cnv_depth__IBNLCO_04557__Molecular__CDS,0.00013041575937200854,0.00013041575937200854
cnv_depth__IBNLCO_05148__IBNLCO_05148__gene,0.0001300686459002227,0.0001300686459002227
cnv_depth__IBNLCO_02113__fabZ__gene__promoter,-0.00012952669624844397,0.00012952669624844397
cnv_depth__IBNLCO_02291__IBNLCO_02291__gene,0.0001283819869810032,0.0001283819869810032
cnv_depth__IBNLCO_03399__IBNLCO_03399__gene,-0.00012821223129828884,0.00012821223129828884
cnv_depth__IBNLCO_01156__IBNLCO_01156__gene__promoter,0.000127466035370619,0.000127466035370619
cnv_depth__IBNLCO_02160__N-acetyltransferase__CDS__promoter,0.00012607139553721055,0.00012607139553721055
cnv_depth__IBNLCO_00296__Manganese__CDS__promoter,0.0001248953962003222,0.0001248953962003222
cnv_depth__IBNLCO_03715__IBNLCO_03715__gene,-0.00012441772702824136,0.00012441772702824136
cnv_depth__IBNLCO_01912__IBNLCO_01912__gene__promoter,-0.00012350366459636342,0.00012350366459636342
cnv_depth__IBNLCO_00599__zraR__gene,-0.0001234700917255339,0.0001234700917255339
cnv_depth__IBNLCO_04540__irlR__gene,-0.00012163038760541491,0.00012163038760541491
cnv_depth__IBNLCO_04573__Arginine-ornithine__CDS,0.00012025599054318466,0.00012025599054318466
cnv_depth__IBNLCO_01649__IBNLCO_01649__gene,0.00011942235023718101,0.00011942235023718101
cnv_depth__IBNLCO_00727__IBNLCO_00727__gene__promoter,0.00011905882775359219,0.00011905882775359219
cnv_depth__IBNLCO_05623__BON__CDS,-0.00011894563378187859,0.00011894563378187859
cnv_depth__IBNLCO_02918__Gluconate__CDS,0.00011782174497823243,0.00011782174497823243
cnv_depth__IBNLCO_03177__IBNLCO_03177__gene__promoter,-0.00011710080121975419,0.00011710080121975419
cnv_depth__IBNLCO_04418__IBNLCO_04418__gene__promoter,0.00011668772970400823,0.00011668772970400823
cnv_depth__IBNLCO_04733__IBNLCO_04733__gene,-0.00011574408756488409,0.00011574408756488409
cnv_depth__IBNLCO_01529__oxoglutarate__CDS,-0.00011485651813183659,0.00011485651813183659
cnv_depth__IBNLCO_02387__IBNLCO_02387__gene,0.00011421460703688242,0.00011421460703688242
cnv_depth__IBNLCO_03835__IBNLCO_03835__gene,0.00011015761465466423,0.00011015761465466423
cnv_depth__IBNLCO_03158__alsT__gene,-0.00010943652648111334,0.00010943652648111334
cnv_depth__IBNLCO_03652__IBNLCO_03652__gene,0.00010884676577995936,0.00010884676577995936
cnv_depth__IBNLCO_00185__IBNLCO_00185__gene,-0.00010805689879362202,0.00010805689879362202
cnv_depth__IBNLCO_04628__IBNLCO_04628__gene__promoter,0.00010776441209608219,0.00010776441209608219
cnv_depth__IBNLCO_02588__IBNLCO_02588__gene,-0.00010730408262983939,0.00010730408262983939
cnv_depth__IBNLCO_04192__Pyridoxamine__CDS__promoter,-0.00010707932919457445,0.00010707932919457445
cnv_depth__IBNLCO_01282__HTH-type__CDS,-0.00010702764582232254,0.00010702764582232254
cnv_depth__IBNLCO_04985__tssH-5__gene,0.00010641333537534791,0.00010641333537534791
cnv_depth__IBNLCO_03455__hypothetical__CDS,-0.00010635405895735911,0.00010635405895735911
cnv_depth__IBNLCO_04662__IBNLCO_04662__gene__promoter,-0.00010135717657649007,0.00010135717657649007
cnv_depth__IBNLCO_01974__IBNLCO_01974__gene__promoter,0.00010127689399241648,0.00010127689399241648
cnv_depth__IBNLCO_00362__IBNLCO_00362__gene,0.00010103549589046682,0.00010103549589046682
cnv_depth__IBNLCO_01125__ABC3__CDS,0.0001010185694947034,0.0001010185694947034
cnv_depth__IBNLCO_00174__IBNLCO_00174__gene__promoter,-0.0001007751512468068,0.0001007751512468068
cnv_depth__IBNLCO_02967__IBNLCO_02967__gene__promoter,0.00010019835307449688,0.00010019835307449688
cnv_depth__IBNLCO_05799__hypothetical__CDS__promoter,-9.911367329291344e-05,9.911367329291344e-05
cnv_depth__IBNLCO_04595__padR__gene,9.881658947780394e-05,9.881658947780394e-05
cnv_depth__IBNLCO_04579__Efflux__CDS,9.734144988681262e-05,9.734144988681262e-05
cnv_depth__IBNLCO_02409__IBNLCO_02409__gene,-9.72456648640957e-05,9.72456648640957e-05
cnv_depth__IBNLCO_04136__LuxR__CDS,9.703954282552771e-05,9.703954282552771e-05
cnv_depth__IBNLCO_04658__Exported__CDS,9.58528764221711e-05,9.58528764221711e-05
cnv_depth__IBNLCO_00220__Alcohol__CDS,9.383949729646678e-05,9.383949729646678e-05
cnv_depth__IBNLCO_00195__IBNLCO_00195__gene__promoter,9.281092707733069e-05,9.281092707733069e-05
cnv_depth__IBNLCO_00231__flhB__gene,9.157208986531199e-05,9.157208986531199e-05
cnv_depth__IBNLCO_01370__IBNLCO_01370__gene,-8.991723109679392e-05,8.991723109679392e-05
cnv_depth__IBNLCO_02109__IBNLCO_02109__gene,-8.991628930195018e-05,8.991628930195018e-05
cnv_depth__IBNLCO_00556__IBNLCO_00556__gene__promoter,-8.858299468310249e-05,8.858299468310249e-05
cnv_depth__IBNLCO_03646__Proline__CDS,-8.852348018517012e-05,8.852348018517012e-05
cnv_depth__IBNLCO_05514__IBNLCO_05514__gene,-8.831890877978368e-05,8.831890877978368e-05
cnv_depth__IBNLCO_05024__IBNLCO_05024__gene__promoter,-8.770597721456139e-05,8.770597721456139e-05
cnv_depth__IBNLCO_02158__Putative__CDS,8.532079609682909e-05,8.532079609682909e-05
cnv_depth__IBNLCO_00983__Phosphoenolpyruvate__CDS,8.426244602630927e-05,8.426244602630927e-05
cnv_depth__IBNLCO_05462__Beta-lactoglobulin__CDS__promoter,8.337900780067954e-05,8.337900780067954e-05
cnv_depth__IBNLCO_05474__gnl|Bakta|IBNLCO_05474__CDS,8.262377827457526e-05,8.262377827457526e-05
cnv_depth__IBNLCO_04170__hypothetical__CDS__promoter,-8.157631251080999e-05,8.157631251080999e-05
cnv_depth__IBNLCO_05275__HTH-type__CDS__promoter,8.142537861249243e-05,8.142537861249243e-05
cnv_depth__IBNLCO_03798__IBNLCO_03798__gene,-8.077315673289044e-05,8.077315673289044e-05
cnv_depth__IBNLCO_05045__IBNLCO_05045__gene,-7.981255902076115e-05,7.981255902076115e-05
cnv_depth__IBNLCO_00066__hypothetical__CDS,-7.917850909294363e-05,7.917850909294363e-05
cnv_depth__IBNLCO_02005__IBNLCO_02005__gene__promoter,-7.847788116307245e-05,7.847788116307245e-05
cnv_depth__IBNLCO_04614__hypothetical__CDS__promoter,-7.815502274600446e-05,7.815502274600446e-05
cnv_depth__IBNLCO_05824__IBNLCO_05824__gene__promoter,-7.647185999329211e-05,7.647185999329211e-05
cnv_depth__IBNLCO_03660__IBNLCO_03660__gene,-7.443173981591161e-05,7.443173981591161e-05
cnv_depth__IBNLCO_02734__IBNLCO_02734__gene__promoter,7.364112595807731e-05,7.364112595807731e-05
cnv_depth__IBNLCO_01780__hypothetical__CDS__promoter,-7.25334074668671e-05,7.25334074668671e-05
cnv_depth__IBNLCO_01263__IBNLCO_01263__gene__promoter,7.110873241287228e-05,7.110873241287228e-05
cnv_depth__IBNLCO_02790__wcbC__gene,7.03617138705109e-05,7.03617138705109e-05
cnv_depth__IBNLCO_01902__GTPase__CDS,7.03028407410692e-05,7.03028407410692e-05
cnv_depth__IBNLCO_00105__Tlde1__CDS,7.002907042522298e-05,7.002907042522298e-05
cnv_depth__IBNLCO_03637__Allantoin__CDS,6.728540978509545e-05,6.728540978509545e-05
cnv_depth__IBNLCO_03596__IBNLCO_03596__gene,-6.564986931664522e-05,6.564986931664522e-05
cnv_depth__IBNLCO_01995__acetyl-CoA__CDS__promoter,-6.478570370538953e-05,6.478570370538953e-05
cnv_depth__IBNLCO_05583__IBNLCO_05583__gene,-6.388794002471465e-05,6.388794002471465e-05
cnv_depth__IBNLCO_00950__Alpha-ribazole__CDS__promoter,6.38734636458007e-05,6.38734636458007e-05
cnv_depth__IBNLCO_04993__tssL__gene,-6.361229193983795e-05,6.361229193983795e-05
cnv_depth__IBNLCO_03773__IBNLCO_03773__gene__promoter,6.304981916546545e-05,6.304981916546545e-05
cnv_depth__IBNLCO_04424__yncA__gene__promoter,6.303782910024283e-05,6.303782910024283e-05
cnv_depth__IBNLCO_04168__IBNLCO_04168__gene,6.273177893854525e-05,6.273177893854525e-05
cnv_depth__IBNLCO_02281__IBNLCO_02281__gene__promoter,-6.271949675039386e-05,6.271949675039386e-05
cnv_depth__IBNLCO_01641__Efflux__CDS__promoter,6.121918027541462e-05,6.121918027541462e-05
cnv_depth__IBNLCO_00415__IBNLCO_00415__gene__promoter,6.045389231196297e-05,6.045389231196297e-05
cnv_depth__IBNLCO_05504__Glutamate/aspartate__CDS,5.962770159020215e-05,5.962770159020215e-05
cnv_depth__IBNLCO_01572__IBNLCO_01572__gene,5.9413319241959e-05,5.9413319241959e-05
cnv_depth__IBNLCO_00574__IBNLCO_00574__gene__promoter,5.8833266659617026e-05,5.8833266659617026e-05
cnv_depth__IBNLCO_03335__IBNLCO_03335__gene,-5.800095517197337e-05,5.800095517197337e-05
cnv_depth__IBNLCO_05534__IBNLCO_05534__gene,5.741903297194318e-05,5.741903297194318e-05
cnv_depth__IBNLCO_02041__IBNLCO_02041__gene__promoter,-5.7335468445765846e-05,5.7335468445765846e-05
cnv_depth__IBNLCO_04911__gnl|Bakta|IBNLCO_04911__CDS,5.691916419622476e-05,5.691916419622476e-05
cnv_depth__IBNLCO_01532__gnl|Bakta|IBNLCO_01532__CDS__promoter,-5.5007543454209535e-05,5.5007543454209535e-05
cnv_depth__IBNLCO_02025__HTH__CDS,-5.456935651672289e-05,5.456935651672289e-05
cnv_depth__IBNLCO_03172__pilP__gene,5.456586109076034e-05,5.456586109076034e-05
cnv_depth__IBNLCO_01679__cobN__gene,5.4374214713954093e-05,5.4374214713954093e-05
cnv_depth__IBNLCO_00487__IBNLCO_00487__gene,5.418217936092402e-05,5.418217936092402e-05
cnv_depth__IBNLCO_00809__Mannitol__CDS,-5.397425090128639e-05,5.397425090128639e-05
cnv_depth__IBNLCO_01408__PapC-like__CDS,-5.279525871854669e-05,5.279525871854669e-05
cnv_depth__IBNLCO_02193__Dioxygenase__CDS,5.2407097791625304e-05,5.2407097791625304e-05
cnv_depth__IBNLCO_03866__LysM__CDS,-5.038897476514565e-05,5.038897476514565e-05
cnv_depth__IBNLCO_00202__IBNLCO_00202__gene__promoter,-4.6727920048877045e-05,4.6727920048877045e-05
cnv_depth__IBNLCO_03863__Glycerophosphoryl__CDS,4.655063895508702e-05,4.655063895508702e-05
cnv_depth__IBNLCO_04503__IBNLCO_04503__gene__promoter,4.550136052940987e-05,4.550136052940987e-05
cnv_depth__IBNLCO_00549__IBNLCO_00549__gene,4.419587178110604e-05,4.419587178110604e-05
cnv_depth__IBNLCO_05542__Geranyl-CoA__CDS,-4.393705299155277e-05,4.393705299155277e-05
cnv_depth__IBNLCO_03304__chemotaxis-specific__CDS,4.2727673183525945e-05,4.2727673183525945e-05
cnv_depth__IBNLCO_05836__IBNLCO_05836__gene__promoter,-4.182768551134742e-05,4.182768551134742e-05
cnv_depth__IBNLCO_00357__Potassium__CDS,-3.9098665845208936e-05,3.9098665845208936e-05
cnv_depth__IBNLCO_04520__hypothetical__CDS__promoter,3.864414511844637e-05,3.864414511844637e-05
cnv_depth__IBNLCO_05019__bsaS__gene__promoter,3.7812375195989996e-05,3.7812375195989996e-05
cnv_depth__IBNLCO_03772__malR__gene,-3.649478761428361e-05,3.649478761428361e-05
cnv_depth__IBNLCO_03452__gnl|Bakta|IBNLCO_03452__CDS__promoter,-3.6421130453319685e-05,3.6421130453319685e-05
cnv_depth__IBNLCO_01441__gnl|Bakta|IBNLCO_01441__CDS__promoter,3.465561251282618e-05,3.465561251282618e-05
cnv_depth__IBNLCO_04998__bprC__gene__promoter,-2.6355956003935457e-05,2.6355956003935457e-05
cnv_depth__IBNLCO_04403__IBNLCO_04403__gene__promoter,-2.539340267034768e-05,2.539340267034768e-05
cnv_depth__IBNLCO_00433__ubiK__gene__promoter,2.1778167039166672e-05,2.1778167039166672e-05
cnv_depth__IBNLCO_04532__IBNLCO_04532__gene,-2.159118698740955e-05,2.159118698740955e-05
cnv_depth__IBNLCO_03246__paaK__gene,-2.156305223135737e-05,2.156305223135737e-05
cnv_depth__IBNLCO_00954__Cobalamin__CDS__promoter,2.038634477305195e-05,2.038634477305195e-05
cnv_depth__IBNLCO_04650__IBNLCO_04650__gene,-1.9453716173046514e-05,1.9453716173046514e-05
cnv_depth__IBNLCO_03061__HTH__CDS,-1.8942622445815765e-05,1.8942622445815765e-05
cnv_depth__IBNLCO_02577__trnS__gene__promoter,-1.8407376511067134e-05,1.8407376511067134e-05
cnv_depth__IBNLCO_00094__IBNLCO_00094__gene,1.6557102924059054e-05,1.6557102924059054e-05
cnv_depth__IBNLCO_02149__tsaB__gene__promoter,-1.641418509999116e-05,1.641418509999116e-05
cnv_depth__IBNLCO_05495__Heavy__CDS,1.6070152970482025e-05,1.6070152970482025e-05
cnv_depth__IBNLCO_05546__Carrier__CDS,1.4244948622242075e-05,1.4244948622242075e-05
cnv_depth__IBNLCO_00215__IBNLCO_00215__gene__promoter,-1.2640881951686501e-05,1.2640881951686501e-05
cnv_depth__IBNLCO_05018__bsaT__gene__promoter,-1.073886376704608e-05,1.073886376704608e-05
cnv_depth__IBNLCO_05436__oprM__gene,1.0209133015034542e-05,1.0209133015034542e-05
cnv_depth__IBNLCO_01306__Transcriptional__CDS,-8.070236147106695e-06,8.070236147106695e-06
cnv_depth__IBNLCO_01187__IBNLCO_01187__gene__promoter,7.655137833818412e-06,7.655137833818412e-06
cnv_depth__IBNLCO_03399__IBNLCO_03399__gene__promoter,-7.276869029253783e-06,7.276869029253783e-06
cnv_depth__IBNLCO_05588__IBNLCO_05588__gene__promoter,-1.6915498648314019e-06,1.6915498648314019e-06
cnv_depth__IBNLCO_00044__IBNLCO_00044__gene,-8.39545484141386e-07,8.39545484141386e-07
cnv_depth__IBNLCO_03039__paaD__gene,8.039862124804548e-07,8.039862124804548e-07
